t_ms	bot_id	team	code	changed_slots	x	z	yaw_deg	speed	moved	goal_dist	path_len	path_mode	squad_id	squad_rank	leader_id
0	bot-1	alpha	P00r-3410	initial	-18.74	20.17	126	0.00			0		squad-1	0	bot-1
0	bot-2	bravo	G36r-4412	initial	-5.95	12.55	262	0.00			0		squad-2	0	bot-2
0	bot-3	alpha	C00r-3412	initial	-16.64	23.42	147	0.01			0		squad-1	1	bot-1
0	bot-4	bravo	D00r--000	initial	-10.77	14.46	305	0.00		5.03	0		squad-2	1	bot-2
0	bot-5	alpha	P00r-4410	initial	-21.31	21.74	91	1.41			1	muzzleRecovery	squad-1	2	bot-1
0	bot-6	bravo	G36r-4412	initial	-17.94	14.54	295	0.08			0		squad-2	2	bot-2
1	bot-1	alpha	S00r-3410	state	-18.74	20.17	126	0.00	0.00		0		squad-1	0	bot-1
43	bot-1	alpha	P00r-3410	state	-18.73	20.14	122	0.52	0.03	6.81	4	seek	squad-1	0	bot-1
548	bot-2	bravo	C36r-4412	state	-6.05	13.32	305	0.00	0.78		0		squad-2	0	bot-2
548	bot-7	bravo	P00m-0420	initial	-5.95	15.05	0	0.00			0			-1	
548	bot-8	alpha	P00m-0420	initial	-21.95	22.55	0	0.00			0			-1	
560	bot-7	bravo	C36m-4420	state+tier+score+ammo	-5.95	15.05	0	0.00	0.00		0		squad-2	2	bot-2
560	bot-8	alpha	S00m-4420	state+ammo	-21.95	22.55	0	0.00	0.00		0		squad-1	3	bot-1
586	bot-7	bravo	S36m-4420	state	-5.90	14.92	3	5.26	0.14	2.55	1	cover	squad-2	2	bot-2
599	bot-8	alpha	P00m-4420	state	-21.89	22.59	10	0.75	0.07	13.58	4	seek	squad-1	3	bot-1
825	bot-5	alpha	S00r-4410	state	-21.20	21.43	152	1.47	0.33	1.20	1	squad	squad-1	2	bot-1
838	bot-2	bravo	G36r-4412	state	-6.00	12.96	277	4.96	0.37	0.41	1	cover	squad-2	0	bot-2
1009	bot-3	alpha	C00r-3412	tick	-16.64	23.42	147	0.00	0.01		0		squad-1	1	bot-1
1009	bot-6	bravo	G36r-4412	tick	-17.95	14.55	18	0.02	0.01		0		squad-2	1	bot-2
1043	bot-1	alpha	P00r-3410	tick	-18.82	19.38	179	0.93	0.77	40.95	9	patrolReentry	squad-1	0	bot-1
1592	bot-7	bravo	S36m-4420	tick	-7.26	13.18	291	2.17	2.21	15.17	6	seek	squad-2	2	bot-2
1609	bot-8	alpha	P00m-4420	tick	-21.80	22.47	54	0.93	0.16	8.75	5	squad	squad-1	3	bot-1
1826	bot-5	alpha	S00r-4410	tick	-20.31	19.76	120	1.84	1.90	13.62	5	seek	squad-1	2	bot-1
1842	bot-1	alpha	E00r-3410	state	-18.94	18.44	205	1.60	0.95	41.15	9	patrolReentry	squad-1	0	bot-1
1842	bot-2	bravo	G36r-4412	tick	-6.05	13.25	276	0.00	0.30		0		squad-2	0	bot-2
1859	bot-1	alpha	E00r-3411	latches	-19.05	18.55	196	4.61	0.15	3.47	1	flee	squad-1	0	bot-1
1876	bot-2	bravo	C36r-4412	state	-6.05	13.31	274	0.00	0.06		0		squad-2	0	bot-2
1926	bot-6	bravo	G36r-441I	latches	-18.41	14.53	345	0.48	0.47		0		squad-2	1	bot-2
1942	bot-1	alpha	E00r-341H	latches	-19.30	18.84	179	4.69	0.39	3.08	1	flee	squad-1	0	bot-1
2026	bot-3	alpha	C00r-3412	tick	-16.63	23.43	147	0.00	0.01		0		squad-1	1	bot-1
2076	bot-2	bravo	G36r-4412	state	-6.02	12.97	233	1.61	0.35	0.42	1	cover	squad-2	0	bot-2
2159	bot-6	bravo	G36r-4412	latches	-18.41	14.53	326	0.73	0.00		0		squad-2	1	bot-2
2176	bot-1	alpha	E00r-3411	latches	-19.66	19.91	179	4.91	1.12	2.13	1	flee	squad-1	0	bot-1
2426	bot-7	bravo	S46mm4420	tier+element	-8.60	12.79	274	1.53	1.39	14.08	6	seek	squad-2	2	bot-2
2493	bot-2	bravo	G35r-4412	score	-5.95	12.55	322	0.00	0.42		0		squad-2	0	bot-2
2493	bot-6	bravo	G35r-4412	score	-18.41	14.53	317	0.36	0.00		0		squad-2	1	bot-2
2493	bot-7	bravo	S45mm4420	score	-8.69	12.79	275	1.51	0.10	14.00	6	seek	squad-2	2	bot-2
2509	bot-5	alpha	E00r-4410	state	-19.91	18.67	143	2.22	1.16	12.77	5	seek	squad-1	2	bot-1
2527	bot-5	alpha	E00r-4411	latches	-19.98	18.81	152	4.69	0.16	2.44	1	flee	squad-1	2	bot-1
2543	bot-6	bravo	G35r-441I	latches	-18.41	14.53	322	0.44	0.00		0		squad-2	1	bot-2
2559	bot-5	alpha	E00r-441H	latches	-20.04	18.95	156	4.72	0.15	2.29	1	flee	squad-1	2	bot-1
2593	bot-2	bravo	G34r-4412	score	-5.95	12.55	316	0.00	0.00		0		squad-2	0	bot-2
2593	bot-6	bravo	G34r-441I	score	-18.34	14.55	310	0.00	0.08		0		squad-2	1	bot-2
2593	bot-7	bravo	S44mm4420	score	-8.83	12.78	279	1.35	0.14	13.87	6	seek	squad-2	2	bot-2
2609	bot-8	alpha	P00m-4420	tick	-21.79	21.42	242	1.05	1.05	5.12	1	squad	squad-1	3	bot-1
2692	bot-1	alpha	S00r-3410	state+latches	-21.18	20.89	179	0.00	1.81		0		squad-1	0	bot-1
2726	bot-2	bravo	G33r-4412	score	-5.95	12.55	306	0.00	0.00		0		squad-2	0	bot-2
2726	bot-6	bravo	G33r-441I	score	-17.95	14.55	293	0.00	0.39		0		squad-2	1	bot-2
2726	bot-7	bravo	S33m-4420	tier+score+element	-9.01	12.79	295	1.30	0.18	13.71	6	seek	squad-2	2	bot-2
2792	bot-6	bravo	G33r-4412	latches	-17.93	14.50	298	1.82	0.06		0		squad-2	1	bot-2
2809	bot-5	alpha	E00r-4411	latches	-20.45	20.09	156	5.01	1.21	1.08	1	flee	squad-1	2	bot-1
2826	bot-2	bravo	G32r-4412	score	-5.95	12.55	298	0.00	0.00		0		squad-2	0	bot-2
2826	bot-6	bravo	G32r-4412	score	-17.93	14.49	301	0.99	0.01		0		squad-2	1	bot-2
2826	bot-7	bravo	S32m-4420	score	-9.12	12.79	295	1.17	0.11	13.61	6	seek	squad-2	2	bot-2
2942	bot-5	alpha	S00r-4410	state+latches	-20.29	20.60	156	2.99	0.54		0		squad-1	2	bot-1
3026	bot-3	alpha	C00r-3412	tick	-16.63	23.44	147	0.00	0.01		0		squad-1	1	bot-1
3076	bot-7	bravo	A32m-4420	state	-9.38	12.79	295	1.17	0.26	13.37	6	seek	squad-2	2	bot-2
3142	bot-2	bravo	C32r-4412	state	-6.05	13.32	272	0.00	0.77		0		squad-2	0	bot-2
3176	bot-5	alpha	C00r-4410	state	-19.89	20.30	150	2.06	0.50	8.93	3	seek	squad-1	2	bot-1
3192	bot-5	alpha	C00r-4412	latches	-19.82	20.20	142	3.62	0.12	8.18	3	cover	squad-1	2	bot-1
3342	bot-2	bravo	G32r-4412	state	-6.02	12.97	231	1.61	0.34	0.43	1	cover	squad-2	0	bot-2
3543	bot-5	alpha	A00r-4410	state+latches	-19.38	19.29	123	2.82	1.01	7.32	3	cover	squad-1	2	bot-1
3626	bot-8	alpha	P00m-4420	tick	-22.01	21.18	232	0.02	0.32		0		squad-1	3	bot-1
3642	bot-7	bravo	A32m-442G	latches	-9.37	12.79	303	0.00	0.01		0		squad-2	2	bot-2
3659	bot-5	alpha	A00r-441G	latches	-19.38	19.30	123	1.02	0.01		0		squad-1	2	bot-1
3692	bot-1	alpha	S00r-3410	tick	-20.60	19.31	163	1.99	1.68	3.93	2	seek	squad-1	0	bot-1
3826	bot-6	bravo	G32r-4412	tick	-17.94	14.55	19	0.07	0.05		0		squad-2	1	bot-2
3892	bot-5	alpha	S00r-4410	state+latches	-19.37	19.31	123	0.00	0.02		0		squad-1	2	bot-1
3892	bot-7	bravo	S32m-4420	state+latches	-9.36	12.78	303	0.01	0.01		0		squad-2	2	bot-2
4043	bot-3	alpha	C00r-3412	tick	-16.62	23.45	147	0.00	0.01		0		squad-1	1	bot-1
4143	bot-7	bravo	A32m-4420	state	-9.50	12.81	283	0.83	0.14	11.29	3	seek	squad-2	2	bot-2
4159	bot-5	alpha	C00r-4410	state	-19.21	19.07	128	1.92	0.29	14.65	4	seek	squad-1	2	bot-1
4176	bot-5	alpha	C00r-4412	latches	-19.15	18.97	123	3.69	0.12	7.04	2	cover	squad-1	2	bot-1
4326	bot-7	bravo	F32m-4420	state	-9.49	12.81	301	0.00	0.01		0		squad-2	2	bot-2
4326	bot-8	alpha	P21m-4420	tier+score	-21.64	21.51	279	3.71	0.49	2.79	1	squad	squad-1	3	bot-1
4343	bot-1	alpha	S21r-3410	tier+score	-19.73	18.25	171	1.17	1.37	2.72	1	seek	squad-1	0	bot-1
4343	bot-2	bravo	G32r-4412	tick	-5.95	12.55	279	0.00	0.43		0		squad-2	0	bot-2
4343	bot-3	alpha	C21r-3412	tier+score	-16.62	23.46	147	0.00	0.01		0		squad-1	1	bot-1
4343	bot-5	alpha	C21r-4312	tier+score+health	-18.85	18.43	121	3.66	0.61	6.58	2	cover	squad-1	2	bot-1
4343	bot-7	bravo	A32m-4420	state	-9.49	12.81	301	0.00	0.00		0		squad-2	2	bot-2
4476	bot-7	bravo	F32m-4420	state	-9.49	12.81	299	0.00	0.00		0		squad-2	2	bot-2
4476	bot-8	alpha	M32m-4420	state+tier+score	-21.59	21.58	248	0.02	0.08		0		squad-1	3	bot-1
4492	bot-1	alpha	C32r-3410	state+tier+score	-19.71	18.09	143	1.28	0.17	2.55	1	seek	squad-1	0	bot-1
4492	bot-3	alpha	C32r-3412	tier+score	-16.62	23.46	147	0.00	0.00		0		squad-1	1	bot-1
4492	bot-5	alpha	E32r-4210	state+tier+score+health+latches	-18.70	17.96	129	3.79	0.50		0		squad-1	2	bot-1
4492	bot-7	bravo	A32m-4420	state	-9.49	12.81	299	0.00	0.00		0		squad-2	2	bot-2
4509	bot-1	alpha	C32r-3412	latches	-19.69	18.04	136	1.46	0.05	2.66	2	cover	squad-1	0	bot-1
4509	bot-5	alpha	E32r-4219	latches	-18.77	18.12	137	5.20	0.17	6.11	1	flee	squad-1	2	bot-1
4626	bot-6	bravo	G32r-441I	latches	-18.41	14.53	356	0.73	0.47		0		squad-2	1	bot-2
4626	bot-7	bravo	F32m-4420	state	-9.49	12.81	302	0.00	0.00		0		squad-2	2	bot-2
4626	bot-8	alpha	M33m-4420	score	-21.43	21.37	214	1.64	0.26	4.36	1	medic	squad-1	3	bot-1
4642	bot-1	alpha	C33r-3412	score	-19.65	17.86	117	1.45	0.19	2.77	2	cover	squad-1	0	bot-1
4642	bot-3	alpha	C33r-3412	score	-16.62	23.46	147	0.00	0.01		0		squad-1	1	bot-1
4642	bot-5	alpha	E33r-4119	score+health	-19.01	18.78	163	5.81	0.71	5.51	1	flee	squad-1	2	bot-1
4642	bot-7	bravo	A32m-4420	state	-9.49	12.81	302	0.00	0.00		0		squad-2	2	bot-2
4759	bot-6	bravo	G32r-4412	latches	-18.41	14.53	344	0.73	0.00		0		squad-2	1	bot-2
4776	bot-7	bravo	F32m-4420	state	-9.49	12.81	303	0.00	0.00		0		squad-2	2	bot-2
4776	bot-8	alpha	M44mm4420	tier+score+element	-21.07	20.97	179	5.74	0.53	2.31	1	medic	squad-1	3	bot-1
4792	bot-1	alpha	C44rb3412	tier+score+element	-19.29	18.12	122	4.72	0.45	2.35	1	cover	squad-1	0	bot-1
4792	bot-3	alpha	C44rm3412	tier+score+element	-16.62	23.46	147	0.00	0.00		0		squad-1	1	bot-1
4792	bot-5	alpha	E44rb4019	tier+score+element+health	-19.46	19.43	124	5.25	0.79	4.77	1	flee	squad-1	2	bot-1
4792	bot-7	bravo	A32m-4420	state	-9.49	12.81	303	0.00	0.00		0		squad-2	2	bot-2
4843	bot-2	bravo	C32r-4412	state	-6.05	13.32	245	0.00	0.77		0		squad-2	0	bot-2
4859	bot-1	alpha	E44rb3410	state+latches	-19.10	18.26	135	4.77	0.24	2.12	1	cover	squad-1	0	bot-1
4876	bot-1	alpha	E44rb3411	latches	-18.98	18.38	144	4.85	0.16	2.66	1	flee	squad-1	0	bot-1
4876	bot-8	alpha	T44mm4420	state	-20.71	20.66	157	5.74	0.48	1.84	1	medic	squad-1	3	bot-1
4892	bot-5	alpha	E44rb4119	health	-19.84	19.77	124	4.58	0.51	4.27	1	flee	squad-1	2	bot-1
4909	bot-5	alpha	E44rm411P	element+latches	-19.90	19.81	124	4.47	0.07	4.19	1	flee	squad-1	2	bot-1
4943	bot-6	bravo	G32r-441I	latches	-18.41	14.53	350	0.76	0.00		0		squad-2	1	bot-2
4959	bot-1	alpha	E44rm341H	element+latches	-18.74	18.72	161	5.09	0.42	2.24	1	flee	squad-1	0	bot-1
4976	bot-1	alpha	E44rb3411	element+latches	-18.69	18.79	157	5.14	0.09	2.16	1	flee	squad-1	0	bot-1
5043	bot-2	bravo	G32r-4412	state	-6.02	12.97	204	1.61	0.34	0.43	1	cover	squad-2	0	bot-2
5143	bot-5	alpha	E44rm4119	latches	-20.75	19.92	124	3.61	0.85	3.44	1	flee	squad-1	2	bot-1
5179	bot-6	bravo	G32r-4412	latches	-18.41	14.53	314	0.41	0.00		0		squad-2	1	bot-2
5251	bot-7	bravo	A32m-442G	latches	-9.49	12.81	310	0.00	0.00		0		squad-2	2	bot-2
5267	bot-1	alpha	E44rm341H	element+latches	-17.78	20.08	130	5.27	1.58	0.58	1	flee	squad-1	0	bot-1
5349	bot-1	alpha	C44rm341G	state+latches	-17.61	20.32	130	2.36	0.30		0		squad-1	0	bot-1
5366	bot-1	alpha	C44rb341I	element+latches	-17.59	20.29	139	1.37	0.04	8.72	3	cover	squad-1	0	bot-1
5450	bot-2	bravo	C32r-4410	state+latches	-5.95	12.55	288	0.00	0.43		0		squad-2	0	bot-2
5466	bot-2	bravo	S32r-4410	state	-5.95	12.55	288	0.00	0.00		0		squad-2	0	bot-2
5500	bot-7	bravo	S32m-4420	state+latches	-9.49	12.81	310	0.00	0.00		0		squad-2	2	bot-2
5500	bot-8	alpha	M44mm4420	state	-20.71	20.67	160	0.00	0.00	1.84	1	medic	squad-1	3	bot-1
5517	bot-1	alpha	C44rb3412	latches	-17.61	19.99	160	2.14	0.30	8.43	3	cover	squad-1	0	bot-1
5550	bot-9	bravo	P00r-0410	initial	-2.45	7.05	0	0.00			0			-1	
5550	bot-10	alpha	P00r-0410	initial	-19.45	19.05	0	0.00			0			-1	
5567	bot-3	alpha	C44rb3412	element	-16.62	23.46	147	0.00	0.00		0		squad-1	2	bot-1
5567	bot-7	bravo	A32m-4420	state	-9.52	12.81	296	0.55	0.03	10.80	3	seek	squad-2	3	bot-2
5567	bot-8	alpha	M44mb4420	element	-20.99	20.67	173	3.75	0.29	1.24	1	medic	squad-1	4	bot-1
5567	bot-9	bravo	C32r-4410	state+tier+score+ammo	-2.45	7.05	0	0.00	0.00		0		squad-2	2	bot-2
5567	bot-10	alpha	S44rm4410	state+tier+score+element+ammo	-19.45	19.05	0	0.00	0.00		0		squad-1	1	bot-1
5583	bot-9	bravo	A32r-4410	state	-2.52	6.98	356	5.06	0.11	8.03	1	cover	squad-2	2	bot-2
5634	bot-7	bravo	F32m-4420	state	-9.51	12.81	310	0.47	0.01		0		squad-2	3	bot-2
5634	bot-7	bravo	F32m-3420	ammo	-9.51	12.81	310	0.19	0.00		0		squad-2	3	bot-2
5650	bot-6	bravo	C32r-4410	state+latches	-17.93	14.51	314	0.39	0.49		0		squad-2	1	bot-2
5650	bot-7	bravo	A32m-3420	state	-9.51	12.81	310	0.19	0.00		0		squad-2	3	bot-2
5667	bot-6	bravo	C32r-4412	latches	-17.87	14.52	321	1.68	0.06	0.92	1	cover	squad-2	1	bot-2
5700	bot-3	alpha	C44rb3410	latches	-16.62	23.46	147	0.00	0.00		0		squad-1	2	bot-1
5717	bot-3	alpha	C44rb3412	latches	-16.62	23.46	147	0.00	0.00		0		squad-1	2	bot-1
5734	bot-10	alpha	A44rm4410	state	-19.41	18.84	43	1.62	0.21	12.96	3	seek	squad-1	1	bot-1
5784	bot-7	bravo	F32m-3420	state	-9.51	12.81	309	0.00	0.00		0		squad-2	3	bot-2
5801	bot-7	bravo	P32m-3420	state	-9.51	12.81	309	1.00	0.00		1	muzzleRecovery	squad-2	3	bot-2
5818	bot-1	alpha	P44rb3414	state+latches	-17.69	19.39	129	4.33	0.60	7.85	1	muzzleRecovery	squad-1	0	bot-1
5851	bot-5	alpha	E44rm4110	latches	-23.31	21.84	124	3.16	3.20		0		squad-1	3	bot-1
5902	bot-1	alpha	A44rb3410	state+latches	-17.82	19.73	107	0.00	0.36	8.12	0	muzzleRecovery	squad-1	0	bot-1
5918	bot-6	bravo	G32r-4412	state	-17.34	14.52	12	5.04	0.53	0.39	1	cover	squad-2	1	bot-2
5968	bot-7	bravo	A32m-3420	state	-9.65	12.72	275	0.00	0.16		0	muzzleRecovery	squad-2	3	bot-2
6018	bot-1	alpha	F44rb3410	state	-17.82	19.73	131	0.00	0.00		0		squad-1	0	bot-1
6035	bot-1	alpha	A44rb3410	state	-17.82	19.73	131	0.00	0.00		0		squad-1	0	bot-1
6136	bot-1	alpha	F44rb3410	state	-17.80	19.76	131	0.06	0.04		0		squad-1	0	bot-1
6136	bot-7	bravo	F32m-3420	state	-9.64	12.72	309	0.00	0.00		0		squad-2	3	bot-2
6136	bot-8	alpha	M45mb4420	score	-21.43	20.65	126	0.00	0.44		0		squad-1	4	bot-1
6136	bot-10	alpha	A45rm4410	score	-19.40	18.86	125	0.00	0.02		0		squad-1	1	bot-1
6153	bot-1	alpha	F44rb3310	health	-17.80	19.76	131	0.03	0.00		1	muzzleRecovery	squad-1	0	bot-1
6153	bot-1	alpha	P44rb3314	state+latches	-17.80	19.76	131	0.98	0.00		1	muzzleRecovery	squad-1	0	bot-1
6153	bot-3	alpha	C45rb3412	score	-16.54	23.48	142	4.23	0.07	2.17	1	grenade	squad-1	2	bot-1
6153	bot-5	alpha	E45rm4110	score	-23.39	21.83	128	3.97	0.08	1.32	1	grenade	squad-1	3	bot-1
6153	bot-7	bravo	A32m-3420	state	-9.64	12.72	311	0.00	0.00		0		squad-2	3	bot-2
6253	bot-2	bravo	A32r-4410	state	-7.19	12.52	272	3.69	1.25	5.46	1	grenade	squad-2	0	bot-2
6253	bot-8	alpha	M45mm442G	element+latches	-21.57	20.46	156	2.28	0.23	4.86	1	grenade	squad-1	4	bot-1
6253	bot-9	bravo	F32r-4410	state	-2.53	6.97	310	0.00	0.01		0		squad-2	2	bot-2
6253	bot-10	alpha	C46rm4410	state+score	-19.19	18.57	145	3.63	0.36	3.06	1	grenade	squad-1	1	bot-1
6270	bot-1	alpha	P44rb3214	health	-17.74	19.67	155	0.98	0.11		0		squad-1	0	bot-1
6270	bot-1	alpha	E46rb3210	state+score+latches	-17.74	19.67	155	0.98	0.00		0		squad-1	0	bot-1
6270	bot-3	alpha	C46rb3412	score	-16.08	23.61	112	4.05	0.48	1.69	1	grenade	squad-1	2	bot-1
6270	bot-5	alpha	E46rm4110	score	-23.78	21.56	158	4.19	0.48	0.84	1	grenade	squad-1	3	bot-1
6270	bot-8	alpha	M46mm442G	score	-21.59	20.43	160	2.38	0.04	4.82	1	grenade	squad-1	4	bot-1
6270	bot-9	bravo	A32r-4410	state	-2.53	6.97	310	0.00	0.00		0		squad-2	2	bot-2
6270	bot-10	alpha	C46rm4412	latches	-19.12	18.47	145	3.64	0.12	2.94	1	grenade	squad-1	1	bot-1
6360	bot-5	alpha	H46rm4110	state	-24.02	21.37	177	4.23	0.31	0.53	1	grenade	squad-1	3	bot-1
6376	bot-9	bravo	F32r-4410	state	-2.53	6.97	310	0.00	0.00		0		squad-2	2	bot-2
6393	bot-9	bravo	A32r-4410	state	-2.49	6.92	306	4.03	0.07	4.22	1	grenade	squad-2	2	bot-2
6474	bot-2	bravo	A32r-441G	latches	-6.59	11.90	211	4.09	0.87	4.59	1	grenade	squad-2	0	bot-2
6474	bot-7	bravo	A32m-342G	latches	-8.79	11.92	225	3.35	1.17	4.74	1	grenade	squad-2	3	bot-2
6503	bot-1	alpha	E46rm321G	element+latches	-18.55	20.24	218	4.04	0.99	4.11	1	grenade	squad-1	0	bot-1
6503	bot-2	bravo	C32r-441G	state	-6.59	11.90	211	4.09	0.00	4.59	1	grenade	squad-2	0	bot-2
6503	bot-7	bravo	A32m-3420	latches	-8.71	11.85	217	3.42	0.10	4.64	1	grenade	squad-2	3	bot-2
6503	bot-8	alpha	M46mm4420	latches	-21.99	19.89	216	3.35	0.67	4.15	1	grenade	squad-1	4	bot-1
6520	bot-2	bravo	C32r-441I	latches	-6.46	11.76	199	4.12	0.19	4.40	1	grenade	squad-2	0	bot-2
6520	bot-7	bravo	A32m-342G	latches	-8.67	11.81	213	3.47	0.06	4.59	1	grenade	squad-2	3	bot-2
6609	bot-9	bravo	A00r-4410	tier+score	-1.92	6.13	247	4.25	0.97	3.25	1	grenade	squad-2	2	bot-2
6676	bot-1	alpha	E46rm321P	latches	-19.17	20.65	252	4.80	0.74	4.50	2	flee	squad-1	0	bot-1
6704	bot-9	bravo	A00r-441G	latches	-1.67	5.81	222	4.34	0.41	2.84	1	grenade	squad-2	2	bot-2
6704	bot-10	alpha	A46rm4410	state+latches	-18.91	18.01	180	4.09	0.51	5.01	1	grenade	squad-1	1	bot-1
6724	bot-2	bravo	C32r-4412	latches	-5.87	11.15	147	4.12	0.84	4.97	1	grenade	squad-2	0	bot-2
6743	bot-1	alpha	E46rm3219	latches	-19.47	20.78	252	4.90	0.33	4.17	2	flee	squad-1	0	bot-1
6759	bot-7	bravo	S32m-3420	state+latches	-8.08	11.24	155	4.10	0.82	5.18	1	grenade	squad-2	3	bot-2
6826	bot-5	alpha	H46rm4210	health	-24.21	21.30	165	0.00	0.20	0.79	1	grenade	squad-1	3	bot-1
6909	bot-8	alpha	T46mm4420	state	-23.74	20.54	284	5.86	1.87	0.89	1	medic	squad-1	4	bot-1
6926	bot-6	bravo	G32r-4412	tick	-16.93	14.53	314	0.57	0.41		0		squad-2	1	bot-2
6942	bot-9	bravo	S00r-4410	state+latches	-1.61	4.92	186	4.05	0.89	3.38	1	grenade	squad-2	2	bot-2
7059	bot-10	alpha	C46rm4410	state	-18.90	18.01	123	0.00	0.01		0		squad-1	1	bot-1
7076	bot-10	alpha	C46rm4412	latches	-18.93	17.88	122	4.41	0.14	6.02	2	cover	squad-1	1	bot-1
7276	bot-3	alpha	C46rb3412	tick	-15.18	23.92	57	0.00	0.96		0		squad-1	2	bot-1
7293	bot-3	alpha	C46rm3412	element	-15.18	23.92	57	0.00	0.00		0		squad-1	2	bot-1
7309	bot-7	bravo	A32m-3420	state	-7.95	11.11	222	3.06	0.18	4.57	1	grenade	squad-2	3	bot-2
7326	bot-1	alpha	E45rm3219	score	-22.08	21.90	252	5.07	2.84	1.38	2	flee	squad-1	0	bot-1
7326	bot-3	alpha	C45rm3412	score	-15.18	23.92	57	0.00	0.00		0		squad-1	2	bot-1
7326	bot-5	alpha	H45rm4210	score	-24.21	21.30	145	0.00	0.00	0.79	1	grenade	squad-1	3	bot-1
7326	bot-8	alpha	T45mm4420	score	-23.76	20.57	172	0.00	0.04	0.86	1	medic	squad-1	4	bot-1
7326	bot-10	alpha	C45rm4412	score	-19.20	16.68	135	4.57	1.22	4.80	2	cover	squad-1	1	bot-1
7373	bot-5	alpha	H45rm4310	health	-24.21	21.30	142	0.00	0.00	0.79	1	grenade	squad-1	3	bot-1
7476	bot-1	alpha	E44rm3219	score	-22.84	22.02	252	5.44	0.77	0.61	1	flee	squad-1	0	bot-1
7476	bot-3	alpha	C44rm3412	score	-15.18	23.92	57	0.00	0.00		0		squad-1	2	bot-1
7476	bot-5	alpha	H44rm4310	score	-24.21	21.30	134	0.00	0.00	0.79	1	grenade	squad-1	3	bot-1
7476	bot-8	alpha	T44mm4420	score	-23.76	20.57	155	0.00	0.00	0.86	1	medic	squad-1	4	bot-1
7476	bot-10	alpha	E44rm4410	state+score+latches	-19.32	16.11	125	4.59	0.59	4.21	2	cover	squad-1	1	bot-1
7507	bot-10	alpha	E44rm4411	latches	-19.34	16.34	125	4.45	0.23	3.42	2	flee	squad-1	1	bot-1
7582	bot-1	alpha	E44rm3210	latches	-23.21	22.10	252	2.00	0.38		0		squad-1	0	bot-1
7582	bot-10	alpha	E44rm441H	latches	-19.35	16.68	129	4.55	0.34	3.20	2	flee	squad-1	1	bot-1
7599	bot-6	bravo	A32r-441G	state+latches	-16.95	14.55	354	0.00	0.03		0		squad-2	1	bot-2
7599	bot-10	alpha	E44rm4411	latches	-19.36	16.76	125	4.56	0.08	3.15	2	flee	squad-1	1	bot-1
7626	bot-1	alpha	E33r-3210	tier+score+element	-23.24	22.14	252	0.62	0.04		0		squad-1	0	bot-1
7626	bot-3	alpha	C33r-3412	tier+score+element	-15.18	23.92	57	0.00	0.00		0		squad-1	2	bot-1
7626	bot-5	alpha	H33r-4310	tier+score+element	-24.21	21.30	122	0.00	0.00	0.79	1	grenade	squad-1	3	bot-1
7626	bot-8	alpha	T33m-4420	tier+score+element	-23.76	20.57	166	0.00	0.00	0.86	1	medic	squad-1	4	bot-1
7626	bot-10	alpha	E33r-4411	tier+score+element	-19.36	16.88	118	4.57	0.13	3.08	2	flee	squad-1	1	bot-1
7676	bot-1	alpha	E33r-3310	health	-23.25	22.15	252	0.29	0.01		0		squad-1	0	bot-1
7726	bot-2	bravo	C32r-4412	tick	-7.48	11.78	293	3.54	1.72	3.23	1	grenade	squad-2	0	bot-2
7776	bot-1	alpha	E32r-3310	score	-23.25	22.16	252	0.02	0.01		0		squad-1	0	bot-1
7776	bot-3	alpha	C32r-3412	score	-15.18	23.92	57	0.00	0.00		0		squad-1	2	bot-1
7776	bot-5	alpha	H32r-4310	score	-24.21	21.30	114	0.00	0.00	0.79	1	grenade	squad-1	3	bot-1
7776	bot-8	alpha	T32m-4420	score	-23.76	20.57	176	0.00	0.00	0.86	1	medic	squad-1	4	bot-1
7776	bot-10	alpha	E32r-4411	score	-19.40	17.57	117	4.58	0.68	2.73	2	flee	squad-1	1	bot-1
7809	bot-7	bravo	A32m-342G	latches	-9.53	12.49	308	3.69	2.09	4.98	1	grenade	squad-2	3	bot-2
7809	bot-10	alpha	E32r-441H	latches	-19.41	17.72	117	4.60	0.15	2.68	2	flee	squad-1	1	bot-1
7826	bot-10	alpha	E32r-4411	latches	-19.41	17.79	117	4.59	0.08	2.65	2	flee	squad-1	1	bot-1
7844	bot-6	bravo	S32r-4410	state+latches	-16.95	14.55	354	0.00	0.00		0		squad-2	1	bot-2
7909	bot-5	alpha	S32r-4314	state+latches	-24.21	21.30	105	0.00	0.00	0.79	1	grenade	squad-1	3	bot-1
7942	bot-9	bravo	S00r-4410	tick	-3.79	2.01	227	3.95	3.63	4.33	1	grenade	squad-2	2	bot-2
7959	bot-2	bravo	C00r-4412	tier+score	-8.29	12.18	297	4.15	0.91	4.11	1	grenade	squad-2	0	bot-2
7959	bot-6	bravo	S00r-4410	tier+score	-17.04	14.52	330	0.77	0.10	5.81	3	seek	squad-2	1	bot-2
7959	bot-7	bravo	A00m-342G	tier+score	-9.82	12.71	308	2.00	0.37	4.61	1	grenade	squad-2	3	bot-2
7976	bot-2	bravo	C00r-441I	latches	-8.35	12.21	297	4.14	0.07	4.04	1	grenade	squad-2	0	bot-2
7976	bot-5	alpha	S32r-4310	latches	-24.22	21.29	103	0.77	0.01	20.07	4	seek	squad-1	3	bot-1
7976	bot-10	alpha	E32r-441H	latches	-19.65	18.28	118	4.35	0.54	2.32	1	flee	squad-1	1	bot-1
7993	bot-10	alpha	E32r-4411	latches	-19.72	18.29	123	4.40	0.07	2.24	1	flee	squad-1	1	bot-1
8059	bot-7	bravo	S00m-3420	state+latches	-9.97	12.81	303	2.23	0.18	4.43	1	grenade	squad-2	3	bot-2
8093	bot-1	alpha	H32r-3310	state	-23.25	22.16	252	0.00	0.00		0		squad-1	0	bot-1
8159	bot-1	alpha	S32r-3314	state+latches	-23.25	22.16	234	0.00	0.00		0		squad-1	0	bot-1
8211	bot-2	bravo	C00r-4412	latches	-9.09	12.67	302	2.06	0.87	3.17	1	grenade	squad-2	0	bot-2
8211	bot-10	alpha	E32r-441H	latches	-20.70	18.41	137	4.57	0.99	1.26	1	flee	squad-1	1	bot-1
8444	bot-10	alpha	S32r-4410	state+latches	-21.60	18.51	137	0.00	0.91		0		squad-1	1	bot-1
8527	bot-1	alpha	S32r-3414	health	-23.25	22.16	159	0.00	0.00		0		squad-1	0	bot-1
8778	bot-3	alpha	C32r-3412	tick	-15.18	23.92	57	0.00	0.00		0		squad-1	2	bot-1
8778	bot-8	alpha	T32m-4420	tick	-23.76	20.57	98	0.00	0.00	0.86	1	medic	squad-1	4	bot-1
8956	bot-9	bravo	S00r-4410	tick	-6.06	-0.23	226	1.63	3.19	5.38	1	grenade	squad-2	2	bot-2
8982	bot-5	alpha	S32r-4310	tick	-24.55	20.02	117	1.07	1.31	19.75	4	seek	squad-1	3	bot-1
8982	bot-6	bravo	S00r-4410	tick	-17.73	14.36	337	0.25	0.71	5.65	3	seek	squad-2	1	bot-2
9062	bot-7	bravo	S00m-3420	tick	-12.18	14.26	310	3.61	2.64	3.59	1	grenade	squad-2	3	bot-2
9150	bot-1	alpha	S00r-3414	tier+score	-23.26	22.18	125	0.06	0.02		0		squad-1	0	bot-1
9150	bot-3	alpha	C00r-3412	tier+score	-15.18	23.92	57	0.00	0.00		0		squad-1	2	bot-1
9150	bot-5	alpha	S00r-4310	tier+score	-24.53	19.85	117	0.99	0.17	19.66	4	seek	squad-1	3	bot-1
9150	bot-8	alpha	T00m-4420	tier+score	-23.76	20.57	69	0.00	0.00	0.86	1	medic	squad-1	4	bot-1
9150	bot-10	alpha	S00r-4410	tier+score	-21.75	17.33	133	0.00	1.19		0		squad-1	1	bot-1
9202	bot-8	alpha	S00m-4420	state	-23.76	20.57	70	0.00	0.00	0.86	1	medic	squad-1	4	bot-1
9222	bot-2	bravo	C00r-4412	tick	-10.85	13.28	312	2.27	1.86	4.86	1	grenade	squad-2	0	bot-2
9260	bot-3	alpha	S00r-3410	state+latches	-15.18	23.92	57	0.00	0.00		0		squad-1	2	bot-1
9260	bot-7	bravo	A00m-3420	state	-12.77	14.75	310	4.53	0.77	2.83	1	grenade	squad-2	3	bot-2
9279	bot-7	bravo	A00m-342G	latches	-12.90	14.86	310	4.53	0.17	2.66	1	grenade	squad-2	3	bot-2
9514	bot-7	bravo	S00m-3420	state+latches	-13.62	15.27	284	2.68	0.83	3.90	1	grenade	squad-2	3	bot-2
9698	bot-1	alpha	S00r-3410	latches	-23.39	22.09	159	0.00	0.16		0		squad-1	0	bot-1
9754	bot-2	bravo	C33r-4412	tier+score	-11.90	14.06	309	2.97	1.31	3.94	1	grenade	squad-2	0	bot-2
9754	bot-6	bravo	S33r-4410	tier+score	-17.01	13.73	170	1.23	0.95	4.42	2	grenade	squad-2	1	bot-2
9754	bot-7	bravo	S33m-3420	tier+score	-14.20	15.18	259	2.18	0.59	3.31	1	grenade	squad-2	3	bot-2
9754	bot-9	bravo	S00r-4310	health	-6.96	-1.09	226	1.65	1.24	5.56	1	grenade	squad-2	2	bot-2
9839	bot-7	bravo	C33m-3420	state	-14.30	15.25	263	4.69	0.12	1.31	1	grenade	squad-2	3	bot-2
9867	bot-6	bravo	S32r-4410	score	-17.26	13.79	185	3.27	0.26	3.77	1	grenade	squad-2	1	bot-2
9867	bot-7	bravo	C32m-3422	score+latches	-14.33	15.49	277	4.69	0.24	1.07	1	grenade	squad-2	3	bot-2
9924	bot-3	alpha	C00r-3410	state	-14.75	23.99	123	0.00	0.43		0		squad-1	2	bot-1
9954	bot-3	alpha	C00r-3412	latches	-14.75	23.99	137	0.00	0.00		0		squad-1	2	bot-1
9982	bot-3	alpha	C00r-341I	latches	-14.75	23.99	137	0.00	0.00		0		squad-1	2	bot-1
9982	bot-7	bravo	C32m-342I	latches	-14.39	16.02	306	4.68	0.54	0.53	1	grenade	squad-2	3	bot-2
10039	bot-10	alpha	A00r-4410	state	-22.32	17.72	88	4.69	0.70	25.16	6	seek	squad-1	1	bot-1
10151	bot-3	alpha	C00r-3412	latches	-14.75	23.99	142	0.00	0.00		0		squad-1	2	bot-1
10151	bot-5	alpha	S00r-4310	tick	-24.42	20.22	117	1.77	0.38	20.18	4	seek	squad-1	3	bot-1
10210	bot-7	bravo	C32m-3422	latches	-14.32	16.09	285	1.46	0.10	3.05	2	cover	squad-2	3	bot-2
10210	bot-8	alpha	S00m-4420	tick	-22.74	20.56	125	3.66	1.03	24.25	5	seek	squad-1	4	bot-1
10269	bot-3	alpha	C00r-341I	latches	-14.75	23.99	163	0.00	0.00		0		squad-1	2	bot-1
10284	bot-2	bravo	C33r-441I	latches	-11.84	14.25	356	5.75	0.20	13.14	2	cover	squad-2	0	bot-2
10492	bot-10	alpha	A00r-441G	latches	-22.32	17.72	146	0.00	0.00		0		squad-1	1	bot-1
10509	bot-3	alpha	C00r-3412	latches	-14.75	23.99	163	0.00	0.00		0		squad-1	2	bot-1
10525	bot-2	bravo	C33r-4412	latches	-11.60	12.99	50	0.00	1.28		0		squad-2	0	bot-2
10559	bot-11	bravo	P00r-0410	initial	-5.45	15.55	0	0.00			0			-1	
10559	bot-12	alpha	P00r-0410	initial	-24.45	18.55	0	0.00			0			-1	
10576	bot-11	bravo	A33r-4410	state+tier+score+ammo	-5.45	15.55	0	0.00	0.00		0		squad-2	1	bot-2
10576	bot-12	alpha	S00r-4410	state+ammo	-24.45	18.55	0	0.00	0.00		0		squad-1	2	bot-1
10609	bot-1	alpha	A00r-3410	state	-21.39	21.20	125	1.97	2.19	14.05	4	seek	squad-1	0	bot-1
10625	bot-1	alpha	A00r-341G	latches	-21.39	21.20	122	0.18	0.00		0		squad-1	0	bot-1
10625	bot-8	alpha	A00m-4420	state	-22.01	19.83	131	2.42	1.03	23.23	5	seek	squad-1	5	bot-1
10625	bot-11	bravo	A33r-441G	latches	-5.44	15.45	350	0.06	0.10		0		squad-2	1	bot-2
10625	bot-12	alpha	P00r-4410	state	-24.42	18.47	13	1.83	0.08	25.04	7	seek	squad-1	2	bot-1
10644	bot-11	bravo	A33r-4410	latches	-5.44	15.45	346	0.04	0.00		0		squad-2	1	bot-2
10659	bot-8	alpha	A00m-442G	latches	-22.01	19.83	124	0.00	0.00		0		squad-1	5	bot-1
10659	bot-11	bravo	A33r-441G	latches	-5.44	15.45	346	0.02	0.00		0		squad-2	1	bot-2
10726	bot-10	alpha	S00r-4410	state+latches	-22.32	17.72	146	0.00	0.00		0		squad-1	1	bot-1
10759	bot-9	bravo	S00r-4310	tick	-9.23	-1.95	312	4.74	2.43	22.24	6	seek	squad-2	3	bot-2
10876	bot-1	alpha	S00r-3410	state+latches	-21.39	21.21	122	0.00	0.00		0		squad-1	0	bot-1
10876	bot-6	bravo	S32r-4410	tick	-18.69	14.07	348	0.48	1.45	6.11	3	seek	squad-2	2	bot-2
10909	bot-8	alpha	S00m-4420	state+latches	-22.01	19.83	124	0.00	0.00		0		squad-1	5	bot-1
10909	bot-11	bravo	S33r-4410	state+latches	-5.44	15.45	346	0.00	0.00		0		squad-2	1	bot-2
11054	bot-9	bravo	A00r-4310	state	-8.18	-1.26	327	4.77	1.26	22.11	6	seek	squad-2	3	bot-2
11054	bot-10	alpha	A00r-4410	state	-22.16	17.24	162	2.40	0.51	25.66	8	seek	squad-1	1	bot-1
11082	bot-9	bravo	A00r-431G	latches	-8.18	-1.26	323	0.00	0.00		0		squad-2	3	bot-2
11082	bot-10	alpha	A00r-441G	latches	-22.16	17.24	156	0.00	0.00		0		squad-1	1	bot-1
11169	bot-5	alpha	S00r-4310	tick	-23.52	19.43	116	1.96	1.19	19.02	4	seek	squad-1	4	bot-1
11203	bot-11	bravo	A33r-4410	state	-5.54	15.54	294	0.79	0.14	16.26	7	seek	squad-2	1	bot-2
11227	bot-7	bravo	C32m-3422	tick	-15.16	15.16	334	0.84	1.25	1.89	1	cover	squad-2	4	bot-2
11227	bot-11	bravo	A33r-441G	latches	-5.54	15.54	286	0.00	0.00		0		squad-2	1	bot-2
11306	bot-1	alpha	A00r-3410	state	-21.04	20.70	149	1.92	0.62	15.17	7	seek	squad-1	0	bot-1
11306	bot-9	bravo	S00r-4310	state+latches	-8.18	-1.26	323	0.00	0.00		0		squad-2	3	bot-2
11306	bot-10	alpha	S00r-4410	state+latches	-22.16	17.24	156	0.00	0.00		0		squad-1	1	bot-1
11465	bot-11	bravo	S33r-4410	state+latches	-5.54	15.52	286	0.00	0.02		0		squad-2	1	bot-2
11517	bot-3	alpha	C00r-3412	tick	-14.75	23.99	185	0.00	0.00		0		squad-1	3	bot-1
11538	bot-2	bravo	C33r-4412	tick	-11.31	15.19	339	2.46	2.22	3.62	3	cover	squad-2	0	bot-2
11571	bot-1	alpha	C00r-3410	state	-21.03	20.71	120	0.00	0.01		0		squad-1	0	bot-1
11589	bot-1	alpha	C00r-3412	latches	-21.07	20.72	119	1.16	0.04	3.00	1	cover	squad-1	0	bot-1
11589	bot-6	bravo	E32r-4410	state	-19.04	14.06	290	0.48	0.36	6.06	3	seek	squad-2	2	bot-2
11607	bot-6	bravo	E32r-4411	latches	-18.99	14.09	298	1.70	0.06	1.14	1	flee	squad-2	2	bot-2
11638	bot-10	alpha	E00r-4410	state	-22.09	16.68	173	2.40	0.56	24.60	7	seek	squad-1	1	bot-1
11638	bot-12	alpha	P00r-4410	tick	-23.79	18.96	46	2.42	0.80	5.29	1	squad	squad-1	2	bot-1
11655	bot-10	alpha	E00r-4411	latches	-22.20	16.79	164	4.56	0.15	3.19	1	flee	squad-1	1	bot-1
11705	bot-10	alpha	E00r-441H	latches	-22.39	16.91	156	4.57	0.23	2.97	1	flee	squad-1	1	bot-1
11722	bot-3	alpha	C00r-341I	latches	-14.75	23.99	177	0.00	0.00		0		squad-1	3	bot-1
11722	bot-5	alpha	A00r-4310	state	-22.74	18.52	165	2.39	1.20	17.92	4	seek	squad-1	4	bot-1
11722	bot-6	bravo	E32r-441H	latches	-18.81	14.17	308	1.70	0.19	0.94	1	flee	squad-2	2	bot-2
11722	bot-8	alpha	A00m-4420	state	-21.78	18.20	99	2.18	1.65	16.54	7	seek	squad-1	5	bot-1
11722	bot-11	bravo	A33r-4410	state	-5.63	15.63	292	0.94	0.14	15.95	7	seek	squad-2	1	bot-2
11738	bot-5	alpha	A00r-431G	latches	-22.74	18.52	161	0.00	0.00		0		squad-1	4	bot-1
11756	bot-3	alpha	C00r-3412	latches	-14.75	23.99	182	0.00	0.00		0		squad-1	3	bot-1
11756	bot-11	bravo	A33r-441G	latches	-5.63	15.63	285	0.00	0.00		0		squad-2	1	bot-2
11772	bot-8	alpha	A00m-442G	latches	-21.78	18.20	99	0.00	0.00		0		squad-1	5	bot-1
11889	bot-7	bravo	P32m-3420	state+latches	-16.06	14.79	8	4.45	0.97	0.92	1	muzzleRecovery	squad-2	4	bot-2
11906	bot-2	bravo	C32r-4412	score	-11.14	16.57	293	4.09	1.38	2.31	3	cover	squad-2	0	bot-2
11923	bot-6	bravo	C32r-441G	state+latches	-18.26	14.40	308	0.00	0.60		0		squad-2	2	bot-2
11940	bot-6	bravo	C32r-441I	latches	-18.08	14.42	317	5.26	0.18	1.14	1	cover	squad-2	2	bot-2
11940	bot-10	alpha	E00r-4411	latches	-23.34	17.40	156	4.57	1.07	1.99	1	flee	squad-1	1	bot-1
11959	bot-6	bravo	C32r-4412	latches	-17.98	14.43	322	5.25	0.10	1.04	1	cover	squad-2	2	bot-2
11981	bot-5	alpha	S00r-4310	state+latches	-22.74	18.52	161	0.00	0.00		0		squad-1	4	bot-1
11981	bot-7	bravo	A32m-3420	state	-15.70	14.94	30	0.00	0.39	1.31	0	muzzleRecovery	squad-2	4	bot-2
12005	bot-11	bravo	S33r-4410	state+latches	-5.63	15.63	285	0.00	0.01		0		squad-2	1	bot-2
12028	bot-8	alpha	S00m-4420	state+latches	-21.78	18.20	99	0.00	0.00		0		squad-1	5	bot-1
12098	bot-6	bravo	G32r-4412	state	-17.31	14.45	352	5.25	0.67	0.37	1	cover	squad-2	2	bot-2
12098	bot-7	bravo	F32m-3420	state	-15.70	14.94	6	0.00	0.00		0		squad-2	4	bot-2
12098	bot-7	bravo	F32m-2420	ammo	-15.67	14.93	6	2.30	0.03		0		squad-2	4	bot-2
12098	bot-8	alpha	S21m-4420	tier+score	-21.79	18.08	99	1.31	0.12	16.53	7	seek	squad-1	5	bot-1
12098	bot-10	alpha	E21r-4411	tier+score	-23.91	17.83	156	4.58	0.72	1.33	1	flee	squad-1	1	bot-1
12098	bot-12	alpha	P21r-4410	tier+score	-23.44	19.96	359	2.49	1.05	3.94	1	squad	squad-1	2	bot-1
12123	bot-1	alpha	C21r-3412	tier+score	-22.53	21.16	109	4.59	1.52	1.48	1	cover	squad-1	0	bot-1
12123	bot-3	alpha	C00r-3312	health	-14.75	23.99	186	0.00	0.00		0		squad-1	3	bot-1
12123	bot-5	alpha	S21r-4310	tier+score	-22.67	18.32	135	1.29	0.21	20.18	6	seek	squad-1	4	bot-1
12123	bot-7	bravo	A32m-2420	state	-15.67	14.93	6	2.30	0.00		0		squad-2	4	bot-2
12241	bot-7	bravo	F32m-2420	state	-15.59	14.88	5	0.24	0.09		0		squad-2	4	bot-2
12241	bot-8	alpha	S32m-4420	tier+score	-21.81	17.89	98	1.32	0.19	16.52	7	seek	squad-1	5	bot-1
12241	bot-10	alpha	E32r-4411	tier+score	-24.26	18.38	156	4.71	0.65	0.70	1	flee	squad-1	1	bot-1
12241	bot-12	alpha	A32r-4410	state+tier+score	-23.44	19.96	29	0.00	0.00		0		squad-1	2	bot-1
12262	bot-1	alpha	C32r-3412	tier+score	-23.13	21.45	107	5.14	0.68	0.82	1	cover	squad-1	0	bot-1
12262	bot-3	alpha	E00r-3210	state+health+latches	-14.75	23.99	185	0.00	0.00		0		squad-1	3	bot-1
12262	bot-5	alpha	S32r-4310	tier+score	-22.69	18.07	102	2.40	0.25	20.14	6	seek	squad-1	4	bot-1
12262	bot-7	bravo	A32m-2420	state	-15.59	14.88	5	0.12	0.00		0		squad-2	4	bot-2
12282	bot-3	alpha	E00r-3219	latches	-14.92	23.99	185	4.13	0.17	3.53	1	flee	squad-1	3	bot-1
12282	bot-11	bravo	A33r-4410	state	-5.74	15.76	323	1.00	0.17	14.85	7	seek	squad-2	1	bot-2
12297	bot-11	bravo	A33r-441G	latches	-5.74	15.76	319	0.00	0.00		0		squad-2	1	bot-2
12312	bot-9	bravo	S00r-4310	tick	-7.25	1.36	337	2.89	2.78	21.50	6	seek	squad-2	3	bot-2
12361	bot-1	alpha	G32r-3412	state	-23.55	21.50	106	5.19	0.42	0.40	1	cover	squad-1	0	bot-1
12361	bot-8	alpha	A32m-4420	state	-21.82	17.64	97	2.40	0.25	16.51	7	seek	squad-1	5	bot-1
12361	bot-10	alpha	C32r-4410	state+latches	-24.38	18.79	156	1.11	0.43		0		squad-1	1	bot-1
12379	bot-2	bravo	C32r-441I	latches	-10.35	17.94	280	4.71	1.59	0.73	2	cover	squad-2	0	bot-2
12379	bot-8	alpha	A32m-442G	latches	-21.82	17.64	94	0.00	0.00		0		squad-1	5	bot-1
12379	bot-10	alpha	C32r-4412	latches	-24.30	18.80	147	2.61	0.08	7.07	1	cover	squad-1	1	bot-1
12393	bot-2	bravo	C32r-4412	latches	-10.28	17.95	279	5.10	0.07	0.68	2	cover	squad-2	0	bot-2
12393	bot-7	bravo	F32m-2420	state	-15.59	14.88	2	0.00	0.00		0		squad-2	4	bot-2
12393	bot-8	alpha	A33m-442G	score	-21.82	17.64	94	0.00	0.00		0		squad-1	5	bot-1
12393	bot-10	alpha	C33r-4412	score	-24.25	18.79	143	3.41	0.05	7.02	1	cover	squad-1	1	bot-1
12393	bot-12	alpha	A33r-4410	score	-23.44	19.96	65	0.00	0.00		0		squad-1	2	bot-1
12412	bot-1	alpha	G33r-341I	score+latches	-23.95	21.55	92	0.00	0.40		0		squad-1	0	bot-1
12412	bot-3	alpha	E00r-3119	health	-15.45	24.00	181	4.39	0.54	3.00	1	flee	squad-1	3	bot-1
12412	bot-5	alpha	S33r-4310	score	-22.74	17.71	101	2.40	0.36	20.13	6	seek	squad-1	4	bot-1
12412	bot-7	bravo	A32m-2420	state	-15.59	14.88	1	0.00	0.00		0		squad-2	4	bot-2
12494	bot-2	bravo	G32r-4412	state	-10.13	18.17	278	3.25	0.26	0.42	1	cover	squad-2	0	bot-2
12511	bot-5	alpha	C33r-4310	state	-22.76	17.52	100	2.40	0.20	20.11	6	seek	squad-1	4	bot-1
12526	bot-5	alpha	C33r-4312	latches	-22.70	17.65	92	4.54	0.15	5.32	2	cover	squad-1	4	bot-1
12526	bot-12	alpha	A33r-441G	latches	-23.44	19.96	89	0.00	0.00		0		squad-1	2	bot-1
12542	bot-7	bravo	F32m-2420	state	-15.59	14.88	357	0.00	0.00		0		squad-2	4	bot-2
12542	bot-8	alpha	A44mm442G	tier+score+element	-21.82	17.64	94	0.00	0.00		0		squad-1	5	bot-1
12542	bot-10	alpha	C44rm4412	tier+score+element	-23.67	18.76	105	4.40	0.58	6.47	1	cover	squad-1	1	bot-1
12542	bot-11	bravo	S33r-4410	state+latches	-5.74	15.74	319	0.00	0.01		0		squad-2	1	bot-2
12542	bot-12	alpha	A44rm441G	tier+score+element	-23.44	19.96	89	0.00	0.00		0		squad-1	2	bot-1
12559	bot-1	alpha	G44rb341I	tier+score+element	-24.06	21.67	64	0.78	0.16		0		squad-1	0	bot-1
12559	bot-3	alpha	E00r-3019	health	-16.19	24.01	177	5.14	0.73	2.26	1	flee	squad-1	3	bot-1
12559	bot-5	alpha	C44rb4312	tier+score+element	-22.61	17.77	86	4.49	0.15	5.19	2	cover	squad-1	4	bot-1
12559	bot-7	bravo	A32m-2420	state	-15.59	14.88	357	0.00	0.00		0		squad-2	4	bot-2
12626	bot-8	alpha	S44mm4420	state+latches	-21.82	17.64	94	0.00	0.00		0		squad-1	5	bot-1
12642	bot-6	bravo	G33r-4412	score	-16.95	14.55	272	0.00	0.37		0		squad-2	2	bot-2
12642	bot-7	bravo	A33m-232G	score+health+latches	-15.59	14.88	354	0.00	0.00		0		squad-2	4	bot-2
12642	bot-11	bravo	S44rm4410	tier+score+element	-5.78	15.80	323	0.63	0.07	17.34	7	seek	squad-2	1	bot-2
12659	bot-1	alpha	G44rb3412	latches	-24.00	21.61	56	0.22	0.08		0		squad-1	0	bot-1
12659	bot-2	bravo	G33r-4412	score	-9.95	18.55	315	0.00	0.42		0		squad-2	0	bot-2
12659	bot-3	alpha	E00r-301P	latches	-16.70	24.04	174	5.29	0.51	1.75	1	flee	squad-1	3	bot-1
12709	bot-11	bravo	A44rm4410	state	-5.80	15.81	324	0.60	0.03	17.31	7	seek	squad-2	1	bot-2
12742	bot-2	bravo	G00r-4412	tier+score	-9.95	18.54	318	0.20	0.01		0		squad-2	0	bot-2
12742	bot-6	bravo	G00r-4412	tier+score	-16.95	14.55	280	0.00	0.00		0		squad-2	2	bot-2
12742	bot-7	bravo	A00m-232G	tier+score	-15.59	14.88	354	0.00	0.00		0		squad-2	4	bot-2
12742	bot-11	bravo	A00r-4410	tier+score+element	-5.80	15.81	313	0.28	0.00		0		squad-2	1	bot-2
12776	bot-12	alpha	S44rm4410	state+latches	-23.44	19.96	89	0.00	0.00		0		squad-1	2	bot-1
12809	bot-11	bravo	C00r-4410	state	-5.80	15.81	303	0.02	0.00		0		squad-2	1	bot-2
12826	bot-11	bravo	C00r-4412	latches	-5.80	15.75	296	1.66	0.06	3.21	1	cover	squad-2	1	bot-2
12859	bot-10	alpha	A44rm4410	state+latches	-22.35	19.07	92	4.59	1.35	5.12	1	cover	squad-1	1	bot-1
12859	bot-11	bravo	C00r-441I	latches	-5.80	15.70	289	1.67	0.06	3.15	1	cover	squad-2	1	bot-2
12876	bot-2	bravo	C00r-4412	state	-9.95	18.55	299	0.00	0.01		0		squad-2	0	bot-2
12876	bot-5	alpha	A44rb4310	state+latches	-21.50	18.53	90	4.58	1.34	3.86	1	cover	squad-1	4	bot-1
12876	bot-7	bravo	S00m-2320	state+latches	-15.59	14.88	354	0.00	0.00		0		squad-2	4	bot-2
12893	bot-3	alpha	E00r-3019	latches	-17.75	24.06	174	4.13	1.05	0.70	1	flee	squad-1	3	bot-1
13009	bot-12	alpha	C44rm4410	state	-23.42	19.70	98	1.18	0.26	12.08	5	seek	squad-1	2	bot-1
13027	bot-3	alpha	E00r-3010	latches	-18.13	24.07	174	0.00	0.38		0		squad-1	3	bot-1
13027	bot-12	alpha	C44rb4412	element+latches	-23.30	19.75	89	4.06	0.13	5.35	1	cover	squad-1	2	bot-1
13098	bot-11	bravo	C00r-4412	latches	-5.83	15.03	236	5.26	0.67	2.48	1	cover	squad-2	1	bot-2
13213	bot-10	alpha	F44rm4410	state	-22.35	19.07	93	0.00	0.00		0		squad-1	1	bot-1
13213	bot-11	bravo	C32r-4412	tier+score	-5.86	14.43	207	5.26	0.60	1.88	1	cover	squad-2	1	bot-2
13239	bot-2	bravo	E32r-4210	state+tier+score+health+latches	-8.99	18.34	271	4.86	0.98		0		squad-2	0	bot-2
13239	bot-3	alpha	E44rm3010	tier+score+element	-18.10	24.13	174	0.28	0.06		0		squad-1	3	bot-1
13239	bot-6	bravo	G32r-4412	tier+score	-16.95	14.55	319	0.00	0.00		0		squad-2	2	bot-2
13239	bot-7	bravo	S32m-2320	tier+score	-15.83	14.85	268	1.00	0.25	7.03	4	seek	squad-2	4	bot-2
13239	bot-10	alpha	A44rm4410	state	-22.35	19.07	93	0.00	0.00		0		squad-1	1	bot-1
13259	bot-2	bravo	E32r-4219	latches	-8.83	18.37	271	2.95	0.15	1.12	1	flee	squad-2	0	bot-2
13335	bot-2	bravo	E32r-4210	latches	-8.64	18.48	270	3.07	0.23	0.89	1	flee	squad-2	0	bot-2
13335	bot-9	bravo	S00r-4310	tick	-8.23	3.69	314	2.40	2.53	19.15	6	seek	squad-2	3	bot-2
13335	bot-10	alpha	F44rm4410	state	-22.35	19.07	93	0.02	0.00		0		squad-1	1	bot-1
13335	bot-11	bravo	C33r-4412	score	-5.89	13.79	225	5.26	0.64	1.24	1	cover	squad-2	1	bot-2
13354	bot-2	bravo	E33r-4119	score+health+latches	-8.59	18.52	270	3.18	0.06	0.83	1	flee	squad-2	0	bot-2
13354	bot-5	alpha	F44rb4310	state	-21.50	18.53	90	0.00	0.00		0		squad-1	4	bot-1
13354	bot-6	bravo	G44rb4412	tier+score+element	-16.95	14.55	328	0.00	0.00		0		squad-2	2	bot-2
13354	bot-7	bravo	S44mm2320	tier+score+element	-15.94	14.83	264	0.75	0.11	7.02	4	seek	squad-2	4	bot-2
13354	bot-10	alpha	A44rm4410	state	-22.35	19.07	92	0.00	0.00		0		squad-1	1	bot-1
13354	bot-11	bravo	C34r-4412	score	-5.90	13.69	230	5.23	0.10	1.14	1	cover	squad-2	1	bot-2
13371	bot-2	bravo	E44rb4019	tier+score+element+health	-8.55	18.55	270	3.28	0.06	0.78	1	flee	squad-2	0	bot-2
13371	bot-5	alpha	A44rb4310	state	-21.50	18.53	90	0.00	0.00		0		squad-1	4	bot-1
13389	bot-10	alpha	A44rm441G	latches	-22.35	19.07	92	0.00	0.00		0		squad-1	1	bot-1
13407	bot-11	bravo	C44rm4412	tier+element	-5.91	13.37	243	9.38	0.32	0.82	1	cover	squad-2	1	bot-2
13478	bot-5	alpha	A44rm431G	element+latches	-21.50	18.53	89	0.00	0.00		0		squad-1	4	bot-1
13478	bot-8	alpha	A44mb4420	state+element	-21.93	15.87	176	2.40	1.77	11.68	6	seek	squad-1	5	bot-1
13478	bot-11	bravo	C44rm441I	latches	-5.94	12.99	249	6.49	0.38	0.44	1	cover	squad-2	1	bot-2
13494	bot-2	bravo	E44rm401P	element+latches	-8.18	18.86	269	4.47	0.48	0.30	1	flee	squad-2	0	bot-2
13494	bot-8	alpha	A44mm442G	element+latches	-21.93	15.87	171	0.00	0.00		0		squad-1	5	bot-1
13494	bot-11	bravo	G44rm441I	state	-5.94	12.99	249	6.49	0.00	0.44	1	cover	squad-2	1	bot-2
13511	bot-2	bravo	E44rb4019	element+latches	-8.18	18.86	265	0.00	0.00		0		squad-2	0	bot-2
13528	bot-2	bravo	E44rb4010	latches	-8.18	18.86	260	0.00	0.00		0		squad-2	0	bot-2
13528	bot-3	alpha	H44rm3010	state	-18.10	24.14	174	0.00	0.01		0		squad-1	3	bot-1
13528	bot-3	alpha	H44rm3110	health	-18.10	24.14	171	0.00	0.00		0		squad-1	3	bot-1
13611	bot-2	bravo	E44rm401G	element+latches	-8.18	18.85	258	0.00	0.01		0		squad-2	0	bot-2
13611	bot-11	bravo	C44rm441I	state	-5.95	12.55	246	0.01	0.44		0		squad-2	1	bot-2
13628	bot-6	bravo	G34r-4412	tier+element	-16.89	13.95	353	0.16	0.60		0		squad-2	2	bot-2
13628	bot-10	alpha	S44rm4410	state+latches	-22.35	19.07	92	0.00	0.00		0		squad-1	1	bot-1
13645	bot-6	bravo	G44rb4412	tier+element	-16.86	13.92	352	0.33	0.04		0		squad-2	2	bot-2
13662	bot-1	alpha	G44rb3412	tick	-23.95	21.55	122	0.00	0.08		0		squad-1	0	bot-1
13662	bot-6	bravo	C44rb4412	state	-16.86	13.92	352	0.33	0.00		0		squad-2	2	bot-2
13712	bot-5	alpha	S44rm4314	state+latches	-21.50	18.53	89	0.00	0.00		0		squad-1	4	bot-1
13712	bot-11	bravo	C44rm4412	latches	-5.90	12.38	222	1.47	0.17	6.63	1	cover	squad-2	1	bot-2
13729	bot-8	alpha	S44mm4424	state+latches	-21.93	15.87	171	0.00	0.00		0		squad-1	5	bot-1
13779	bot-6	bravo	G44rb4412	state	-16.94	14.10	327	1.58	0.20	0.45	1	cover	squad-2	2	bot-2
13846	bot-2	bravo	E44rm4010	latches	-8.18	18.85	258	0.00	0.00		0		squad-2	0	bot-2
13946	bot-9	bravo	S34r-4310	tier+score	-8.79	5.05	321	2.41	1.47	17.81	6	seek	squad-2	3	bot-2
13963	bot-5	alpha	S44rm4310	latches	-21.53	18.53	124	1.31	0.02	15.65	8	seek	squad-1	4	bot-1
13980	bot-8	alpha	S44mm4420	latches	-21.92	15.85	116	1.32	0.02	16.21	5	seek	squad-1	5	bot-1
13996	bot-11	bravo	S44rm4410	state+latches	-5.67	11.61	163	4.42	0.81	5.82	1	cover	squad-2	1	bot-2
14031	bot-2	bravo	H44rm4010	state	-8.18	18.85	258	0.00	0.00		0		squad-2	0	bot-2
14031	bot-12	alpha	C44rb4412	tick	-18.66	20.14	98	4.82	4.66	0.71	1	cover	squad-1	2	bot-1
14124	bot-12	alpha	G44rb4412	state	-18.30	20.11	100	4.83	0.36	0.36	1	cover	squad-1	2	bot-1
14184	bot-10	alpha	A44rm4410	state	-22.67	18.05	88	2.40	1.07	15.23	7	seek	squad-1	1	bot-1
14240	bot-11	bravo	A44rm4410	state	-6.23	11.74	226	2.38	0.58	16.22	5	seek	squad-2	1	bot-2
14255	bot-8	alpha	A44mb4420	state+element	-21.67	15.53	99	2.40	0.41	15.92	5	seek	squad-1	5	bot-1
14255	bot-11	bravo	A44rm441G	latches	-6.23	11.74	229	0.02	0.00		0		squad-2	1	bot-2
14269	bot-8	alpha	A44mm442G	element+latches	-21.67	15.53	102	0.00	0.00		0		squad-1	5	bot-1
14300	bot-5	alpha	A44rb4310	state+element	-21.67	18.09	88	2.38	0.47	15.75	7	seek	squad-1	4	bot-1
14318	bot-2	bravo	H44rb4010	element	-8.18	18.85	244	0.00	0.00		0		squad-2	0	bot-2
14348	bot-12	alpha	C44rb4410	state+latches	-17.95	20.05	104	0.00	0.36		0		squad-1	2	bot-1
14364	bot-7	bravo	S44mm2320	tick	-16.43	14.75	359	1.27	0.49	6.96	4	seek	squad-2	4	bot-2
14364	bot-12	alpha	G44rb4412	state+latches	-17.95	20.05	104	0.00	0.00		0		squad-1	2	bot-1
14398	bot-10	alpha	A44rm441G	latches	-22.67	18.05	87	0.00	0.00		0		squad-1	1	bot-1
14414	bot-11	bravo	C44rm441G	state	-6.23	11.74	229	0.00	0.00		0		squad-2	1	bot-2
14431	bot-11	bravo	C44rm441I	latches	-6.21	11.70	222	1.45	0.05	6.09	1	cover	squad-2	1	bot-2
14498	bot-11	bravo	C44rm4412	latches	-6.18	11.61	209	1.46	0.10	5.99	1	cover	squad-2	1	bot-2
14515	bot-8	alpha	S44mm4424	state+latches	-21.67	15.53	102	0.00	0.00		0		squad-1	5	bot-1
14533	bot-3	alpha	H44rm3110	tick	-18.10	24.14	179	0.00	0.00		0		squad-1	3	bot-1
14632	bot-3	alpha	H44rm3210	health	-18.10	24.14	187	0.00	0.00		0		squad-1	3	bot-1
14632	bot-10	alpha	S44rm4410	state+latches	-22.67	18.05	87	0.00	0.00		0		squad-1	1	bot-1
14663	bot-1	alpha	G44rb3412	tick	-22.45	21.55	122	0.00	1.50		0		squad-1	0	bot-1
14663	bot-2	bravo	H44rb4110	health	-8.18	18.85	271	0.00	0.00		0		squad-2	0	bot-2
14727	bot-12	alpha	S44rb4414	state+latches	-17.95	20.05	75	0.00	0.00		0		squad-1	2	bot-1
14745	bot-12	alpha	S44rm4414	element	-17.95	20.05	72	0.00	0.00		0		squad-1	2	bot-1
14763	bot-8	alpha	S44mm4420	latches	-21.65	15.51	106	1.32	0.03	15.71	3	seek	squad-1	5	bot-1
14783	bot-6	bravo	G44rb4412	tick	-16.95	14.23	311	0.00	0.13		0		squad-2	2	bot-2
14802	bot-12	alpha	A44rb4410	state+element+latches	-17.95	20.05	69	0.00	0.00		0		squad-1	2	bot-1
14880	bot-5	alpha	C44rb4310	state	-21.66	18.09	87	0.00	0.00		0		squad-1	4	bot-1
14880	bot-6	bravo	C44rb4412	state	-16.86	13.93	320	0.37	0.31		0		squad-2	2	bot-2
14899	bot-5	alpha	C44rb4312	latches	-21.68	18.03	87	1.52	0.06	4.24	3	cover	squad-1	4	bot-1
14899	bot-11	bravo	S44rm4410	state+latches	-5.68	10.37	158	4.33	1.33	4.66	1	cover	squad-2	1	bot-2
14919	bot-8	alpha	A44mb4420	state+element	-21.49	15.43	104	1.32	0.18	15.53	3	seek	squad-1	5	bot-1
14938	bot-10	alpha	A44rm4410	state	-22.73	17.58	111	2.40	0.48	15.78	7	seek	squad-1	1	bot-1
14960	bot-9	bravo	S34r-4310	tick	-9.59	7.02	309	1.08	2.12	15.92	6	seek	squad-2	3	bot-2
14960	bot-10	alpha	A44rm441G	latches	-22.73	17.58	107	0.00	0.00		0		squad-1	1	bot-1
14977	bot-8	alpha	A44mm442G	element+latches	-21.49	15.43	108	0.00	0.00		0		squad-1	5	bot-1
14998	bot-9	bravo	C34r-4310	state	-9.59	7.03	309	1.11	0.02	15.91	6	seek	squad-2	3	bot-2
15017	bot-9	bravo	C34r-4312	latches	-9.48	7.18	319	4.59	0.18	6.43	2	cover	squad-2	3	bot-2
15035	bot-5	alpha	C44rb3312	ammo	-21.71	17.83	86	1.48	0.20	4.37	1	muzzleRecovery	squad-1	4	bot-1
15050	bot-5	alpha	P44rb3314	state+latches	-21.71	17.83	86	1.32	0.00	4.37	1	muzzleRecovery	squad-1	4	bot-1
15050	bot-12	alpha	A44rm4410	element	-17.94	20.06	124	0.00	0.01		0		squad-1	2	bot-1
15066	bot-1	alpha	G44rm3412	element	-23.17	21.55	87	0.00	0.72		0		squad-1	0	bot-1
15083	bot-5	alpha	A44rm3310	state+element+latches	-21.73	17.79	92	0.00	0.04	4.40	0	muzzleRecovery	squad-1	4	bot-1
15100	bot-1	alpha	G33r-3412	tier+score+element	-23.44	21.55	84	0.00	0.27		0		squad-1	0	bot-1
15100	bot-3	alpha	H33r-3210	tier+score+element	-18.09	24.15	215	0.00	0.02		0		squad-1	3	bot-1
15100	bot-5	alpha	A33r-3310	tier+score+element	-21.73	17.79	86	0.00	0.00		0		squad-1	4	bot-1
15100	bot-8	alpha	A33m-442G	tier+score+element	-21.49	15.43	108	0.00	0.00		0		squad-1	5	bot-1
15100	bot-10	alpha	A33r-441G	tier+score+element	-22.73	17.58	107	0.00	0.00		0		squad-1	1	bot-1
15100	bot-12	alpha	A33r-4410	tier+score+element	-17.94	20.06	129	0.00	0.00		0		squad-1	2	bot-1
15150	bot-5	alpha	F33r-3310	state	-21.73	17.79	86	0.00	0.00		0		squad-1	4	bot-1
15150	bot-12	alpha	C33r-4410	state	-17.94	20.06	129	0.00	0.00		0		squad-1	2	bot-1
15167	bot-5	alpha	A33r-3310	state	-21.73	17.80	86	0.10	0.00		0		squad-1	4	bot-1
15167	bot-12	alpha	C33r-4412	latches	-17.95	20.04	129	0.52	0.01	8.38	2	cover	squad-1	2	bot-1
15184	bot-11	bravo	A44rm4410	state	-6.31	10.63	232	2.20	0.68	14.62	4	seek	squad-2	1	bot-2
15200	bot-10	alpha	S33r-4410	state+latches	-22.73	17.58	107	0.00	0.00		0		squad-1	1	bot-1
15217	bot-8	alpha	S33m-4424	state+latches	-21.49	15.43	108	0.00	0.00		0		squad-1	5	bot-1
15217	bot-10	alpha	C33r-4410	state	-22.73	17.55	110	1.32	0.02	15.78	7	seek	squad-1	1	bot-1
15217	bot-11	bravo	C44rm4410	state	-6.31	10.63	239	0.00	0.00		0		squad-2	1	bot-2
15234	bot-10	alpha	C33r-4412	latches	-22.70	17.60	103	1.47	0.05	5.35	2	cover	squad-1	1	bot-1
15234	bot-11	bravo	C44rm4412	latches	-6.29	10.67	246	1.47	0.05	2.30	1	cover	squad-2	1	bot-2
15251	bot-1	alpha	G32r-3412	score	-23.97	21.58	72	3.62	0.54		0		squad-1	0	bot-1
15251	bot-3	alpha	H32r-3210	score	-18.09	24.15	204	0.00	0.00		0		squad-1	3	bot-1
15251	bot-5	alpha	A32r-3310	score	-21.73	17.80	86	0.10	0.00		0		squad-1	4	bot-1
15251	bot-8	alpha	S32m-4424	score	-21.49	15.43	97	0.01	0.00		0		squad-1	5	bot-1
15251	bot-10	alpha	C32r-4412	score	-22.69	17.62	100	1.46	0.02	5.33	2	cover	squad-1	1	bot-1
15251	bot-12	alpha	C32r-4412	score	-17.96	19.99	136	0.66	0.05	8.32	2	cover	squad-1	2	bot-1
15267	bot-5	alpha	F32r-3310	state	-21.73	17.80	86	0.10	0.00		0		squad-1	4	bot-1
15284	bot-5	alpha	P32r-3314	state+latches	-21.73	17.80	86	1.32	0.00		1	muzzleRecovery	squad-1	4	bot-1
15368	bot-7	bravo	S44mm2320	tick	-17.16	14.64	289	0.95	0.74	6.96	3	seek	squad-2	4	bot-2
15402	bot-1	alpha	G00r-3412	tier+score	-24.01	21.63	60	0.53	0.07		0		squad-1	0	bot-1
15402	bot-3	alpha	H00r-3210	tier+score	-18.09	24.15	192	0.00	0.00		0		squad-1	3	bot-1
15402	bot-8	alpha	S00m-4424	tier+score	-21.49	15.43	100	0.00	0.00		0		squad-1	5	bot-1
15402	bot-10	alpha	C00r-4412	tier+score	-22.60	17.82	69	1.47	0.22	5.16	2	cover	squad-1	1	bot-1
15402	bot-12	alpha	C00r-4412	tier+score	-18.00	19.88	140	1.55	0.12	8.20	2	cover	squad-1	2	bot-1
15418	bot-2	bravo	H44rm411G	element+latches	-8.18	18.85	316	0.00	0.00		0		squad-2	0	bot-2
15418	bot-5	alpha	P32r-331K	latches	-21.79	17.61	117	1.34	0.20		1	muzzleRecovery	squad-1	4	bot-1
15468	bot-8	alpha	S00m-4420	latches	-21.47	15.42	107	1.32	0.02	16.27	3	seek	squad-1	5	bot-1
15501	bot-7	bravo	S34m-2320	tier+element	-17.28	14.66	283	0.95	0.12	6.92	3	seek	squad-2	4	bot-2
15501	bot-10	alpha	C00r-441I	latches	-22.42	18.18	61	4.56	0.40	4.84	2	cover	squad-1	1	bot-1
15535	bot-5	alpha	P32r-331G	latches	-21.79	17.45	141	1.32	0.15		1	muzzleRecovery	squad-1	4	bot-1
15552	bot-9	bravo	C44rm4312	tier+element	-7.96	8.91	317	4.41	2.31	4.15	2	cover	squad-2	3	bot-2
15568	bot-8	alpha	A00m-4420	state	-21.37	15.36	107	1.32	0.11	16.16	3	seek	squad-1	5	bot-1
15568	bot-13	bravo	P00r-0410	initial	-4.95	22.55	0	0.00			0			-1	
15568	bot-14	alpha	P00r-0410	initial	-21.45	19.55	0	0.00			0			-1	
15603	bot-5	alpha	P32r-3310	latches	-21.81	17.37	155	1.29	0.09		1	muzzleRecovery	squad-1	5	bot-1
15603	bot-6	bravo	C44rm4412	element	-16.87	14.03	321	0.00	0.10		0		squad-2	3	bot-2
15603	bot-9	bravo	C44rb4312	element	-7.82	9.09	316	4.44	0.23	3.93	2	cover	squad-2	4	bot-2
15603	bot-11	bravo	A44rm4410	state+latches	-5.78	11.38	304	4.25	0.87	1.43	1	cover	squad-2	1	bot-2
15603	bot-12	alpha	A00r-4410	state+latches	-18.10	19.58	136	1.94	0.31	7.89	2	cover	squad-1	2	bot-1
15603	bot-13	bravo	C34r-4410	state+tier+score+ammo	-4.95	22.55	0	0.00	0.00		0		squad-2	2	bot-2
15603	bot-14	alpha	S00r-4410	state+ammo	-21.45	19.55	0	0.00	0.00		0		squad-1	3	bot-1
15619	bot-5	alpha	A00r-331G	state+tier+score+latches	-21.81	17.37	155	0.00	0.00		0	muzzleRecovery	squad-1	5	bot-1
15619	bot-8	alpha	A00m-442G	latches	-21.38	15.37	104	0.00	0.00		0		squad-1	6	bot-1
15619	bot-13	bravo	C34r-4412	latches	-4.91	22.31	13	4.65	0.24	8.14	2	cover	squad-2	2	bot-2
15652	bot-2	bravo	H33r-4110	tier+score+element+latches	-8.18	18.85	298	0.00	0.00		0		squad-2	0	bot-2
15652	bot-6	bravo	C33r-4412	tier+score+element	-16.87	14.03	321	0.00	0.00		0		squad-2	3	bot-2
15652	bot-7	bravo	S33m-2320	score	-17.42	14.68	277	0.97	0.14	6.89	3	seek	squad-2	5	bot-2
15652	bot-9	bravo	C33r-4312	tier+score+element	-7.69	9.27	315	4.41	0.21	3.72	2	cover	squad-2	4	bot-2
15652	bot-10	alpha	A00r-4410	state+latches	-21.92	18.52	66	4.59	0.60	4.26	2	cover	squad-1	1	bot-1
15652	bot-11	bravo	A33r-441G	tier+score+element+latches	-5.78	11.38	304	0.00	0.00		0		squad-2	1	bot-2
15652	bot-13	bravo	C33r-4412	score	-4.87	22.18	22	3.49	0.14	8.00	2	cover	squad-2	2	bot-2
15652	bot-14	alpha	A00r-4410	state	-21.28	19.54	17	2.46	0.17	17.42	7	seek	squad-1	3	bot-1
15735	bot-3	alpha	H00r-3310	health	-18.09	24.15	166	0.00	0.00		0		squad-1	4	bot-1
15752	bot-2	bravo	H33r-4210	health	-8.18	18.85	290	0.00	0.00		0		squad-2	0	bot-2
15819	bot-6	bravo	G33r-4412	state	-16.82	14.19	330	5.01	0.17	0.39	1	cover	squad-2	3	bot-2
15869	bot-5	alpha	S00r-3310	state+latches	-21.81	17.37	155	0.00	0.00		0		squad-1	5	bot-1
15869	bot-8	alpha	S00m-4420	state+latches	-21.38	15.37	104	0.00	0.00		0		squad-1	6	bot-1
15886	bot-11	bravo	S33r-4410	state+latches	-5.78	11.38	304	0.06	0.00		0		squad-2	1	bot-2
15903	bot-10	alpha	A00r-441G	latches	-21.92	18.52	81	0.00	0.00		0		squad-1	1	bot-1
15920	bot-12	alpha	A00r-441G	latches	-18.09	19.61	83	0.00	0.03		0		squad-1	2	bot-1
15937	bot-8	alpha	A00m-4420	state	-21.30	15.33	104	1.32	0.09	15.81	3	seek	squad-1	6	bot-1
15937	bot-9	bravo	P33r-4314	state+latches	-6.93	10.22	310	4.20	1.22	2.53	1	muzzleRecovery	squad-2	4	bot-2
15937	bot-11	bravo	A33r-4410	state	-5.84	11.40	293	1.32	0.07	14.78	4	seek	squad-2	1	bot-2
15954	bot-1	alpha	S00r-3410	state+latches	-23.95	21.55	82	0.00	0.11		0		squad-1	0	bot-1
15954	bot-12	alpha	A00r-4410	latches	-18.09	19.61	87	0.00	0.00		0		squad-1	2	bot-1
16025	bot-9	bravo	C33r-4310	state+latches	-6.93	9.84	287	0.00	0.38	2.88	0	muzzleRecovery	squad-2	4	bot-2
16025	bot-11	bravo	C33r-4410	state	-5.84	11.40	284	0.00	0.00		0		squad-2	1	bot-2
16042	bot-9	bravo	C33r-4312	latches	-6.95	9.68	296	4.68	0.16	8.69	2	cover	squad-2	4	bot-2
16042	bot-11	bravo	C33r-4412	latches	-5.82	11.35	284	1.53	0.05	5.62	1	cover	squad-2	1	bot-2
16092	bot-14	alpha	A00r-441G	latches	-21.28	19.55	87	0.00	0.01		0		squad-1	3	bot-1
16142	bot-10	alpha	S00r-4410	state+latches	-21.92	18.52	81	0.00	0.00		0		squad-1	1	bot-1
16225	bot-2	bravo	H32r-4210	score	-8.18	18.85	254	0.00	0.00		0		squad-2	0	bot-2
16225	bot-6	bravo	G32r-4412	score	-16.95	14.55	261	0.00	0.39		0		squad-2	3	bot-2
16225	bot-7	bravo	S32m-2320	score	-18.01	14.54	0	0.87	0.61	7.01	4	seek	squad-2	5	bot-2
16225	bot-9	bravo	C32r-4312	score	-7.05	8.84	314	3.53	0.85	7.84	2	cover	squad-2	4	bot-2
16225	bot-11	bravo	C32r-4412	score	-5.73	11.09	285	1.49	0.27	5.35	1	cover	squad-2	1	bot-2
16225	bot-13	bravo	C32r-4412	score	-4.39	19.85	169	4.45	2.38	5.64	2	cover	squad-2	2	bot-2
16258	bot-9	bravo	P32r-4310	state+latches	-7.06	8.77	314	4.14	0.08	7.77	1	muzzleRecovery	squad-2	4	bot-2
16275	bot-13	bravo	S32r-4410	state+latches	-4.37	19.70	170	4.57	0.15	5.49	2	cover	squad-2	2	bot-2
16292	bot-9	bravo	U32r-4310	state	-7.17	8.85	306	0.00	0.14	7.84	0	muzzleRecovery	squad-2	4	bot-2
16309	bot-13	bravo	A32r-4410	state	-4.45	19.68	179	2.50	0.08	13.17	6	seek	squad-2	2	bot-2
16342	bot-2	bravo	H00r-4210	tier+score	-8.18	18.85	245	0.00	0.00		0		squad-2	0	bot-2
16342	bot-6	bravo	G00r-4412	tier+score	-16.95	14.55	271	0.00	0.00		0		squad-2	3	bot-2
16342	bot-7	bravo	S00m-2320	tier+score	-18.05	14.44	1	0.94	0.11	7.12	4	seek	squad-2	5	bot-2
16342	bot-9	bravo	U00r-4310	tier+score	-7.17	8.85	315	0.00	0.00	7.84	0		squad-2	4	bot-2
16342	bot-11	bravo	C00r-4412	tier+score	-5.57	10.64	305	4.48	0.48	4.87	1	cover	squad-2	1	bot-2
16342	bot-13	bravo	A21r-4410	tier+score	-4.46	19.68	189	0.04	0.02		0		squad-2	2	bot-2
16342	bot-14	alpha	S00r-4410	state+latches	-21.28	19.55	87	0.00	0.00		0		squad-1	3	bot-1
16359	bot-13	bravo	A00r-4410	tier+score	-4.46	19.68	192	0.01	0.00		0		squad-2	2	bot-2
16409	bot-11	bravo	A00r-4410	state+latches	-5.50	10.43	306	4.49	0.22	4.64	1	cover	squad-2	1	bot-2
16425	bot-3	alpha	S00r-3310	state	-18.09	24.17	114	0.01	0.01		0		squad-1	4	bot-1
16606	bot-10	alpha	C00r-4410	state	-21.96	17.66	86	2.40	0.86	17.56	6	seek	squad-1	1	bot-1
16622	bot-10	alpha	C00r-4412	latches	-21.96	17.81	85	4.56	0.15	4.59	2	cover	squad-1	1	bot-1
16689	bot-5	alpha	A00r-3310	state	-21.94	15.77	168	2.39	1.60	19.85	6	seek	squad-1	5	bot-1
16706	bot-10	alpha	C00r-441I	latches	-21.95	18.19	82	4.57	0.38	4.41	2	cover	squad-1	1	bot-1
16739	bot-5	alpha	A00r-331G	latches	-21.94	15.78	158	0.05	0.00		0		squad-1	5	bot-1
16839	bot-11	bravo	C00r-4410	state	-5.50	10.43	306	0.00	0.00		0		squad-2	1	bot-2
16857	bot-11	bravo	C00r-4412	latches	-5.49	10.47	306	1.45	0.05	2.15	1	cover	squad-2	1	bot-2
16873	bot-2	bravo	H00r-4310	health	-8.18	18.85	211	0.00	0.00		0		squad-2	0	bot-2
16940	bot-8	alpha	A00m-4420	tick	-21.30	15.33	75	0.00	0.00		0		squad-1	6	bot-1
16940	bot-10	alpha	C00r-4412	latches	-21.02	18.62	69	4.58	1.02	3.39	1	cover	squad-1	1	bot-1
16957	bot-1	alpha	S00r-3410	tick	-23.69	20.79	102	0.96	0.81	13.52	6	seek	squad-1	0	bot-1
16957	bot-12	alpha	A00r-4410	tick	-18.09	19.61	135	0.00	0.00		0		squad-1	2	bot-1
16973	bot-5	alpha	S00r-3310	state+latches	-21.94	15.78	158	0.00	0.00		0		squad-1	5	bot-1
16973	bot-6	bravo	C00r-4412	state	-16.86	13.92	324	0.36	0.63		0		squad-2	3	bot-2
17007	bot-13	bravo	F00r-4410	state	-4.47	19.68	256	0.00	0.00		0		squad-2	2	bot-2
17007	bot-14	alpha	A00r-4410	state	-20.03	19.05	106	2.45	1.35	15.25	7	seek	squad-1	3	bot-1
17024	bot-13	bravo	A00r-4410	state	-4.47	19.68	256	0.00	0.00		0		squad-2	2	bot-2
17058	bot-14	alpha	A00r-441G	latches	-20.03	19.05	116	0.00	0.00		0		squad-1	3	bot-1
17090	bot-14	alpha	A00r-4410	latches	-19.97	19.07	119	0.00	0.06		0		squad-1	3	bot-1
17107	bot-6	bravo	G00r-4412	state	-16.80	14.15	352	1.94	0.24	0.42	1	cover	squad-2	3	bot-2
17124	bot-13	bravo	F00r-4410	state	-4.47	19.68	256	0.00	0.00		0		squad-2	2	bot-2
17124	bot-14	alpha	A21r-4410	tier+score	-19.93	19.07	119	0.10	0.04		0		squad-1	3	bot-1
17140	bot-1	alpha	S21r-3410	tier+score	-23.62	20.61	101	0.82	0.19	13.42	6	seek	squad-1	0	bot-1
17140	bot-3	alpha	S21r-3310	tier+score	-17.02	23.46	162	2.18	1.28	5.15	2	seek	squad-1	4	bot-1
17140	bot-5	alpha	S21r-3310	tier+score	-21.71	15.73	120	1.32	0.24	19.91	4	seek	squad-1	5	bot-1
17140	bot-8	alpha	A21m-4320	tier+score+health	-21.30	15.33	75	0.00	0.00		0		squad-1	6	bot-1
17140	bot-10	alpha	C21r-4412	tier+score	-20.49	19.22	32	4.78	0.80	2.68	1	cover	squad-1	1	bot-1
17140	bot-12	alpha	A21r-4410	tier+score	-18.09	19.61	135	0.00	0.00		0		squad-1	2	bot-1
17140	bot-13	bravo	A00r-4410	state	-4.47	19.68	256	0.00	0.00		0		squad-2	2	bot-2
17157	bot-8	alpha	F21m-4320	state	-21.29	15.32	75	0.00	0.01		0		squad-1	6	bot-1
17174	bot-8	alpha	A21m-4320	state	-21.28	15.31	75	0.07	0.01		0		squad-1	6	bot-1
17209	bot-6	bravo	S00r-4410	state+latches	-16.93	14.52	330	0.00	0.39		0		squad-2	3	bot-2
17209	bot-11	bravo	A00r-4410	state+latches	-5.27	11.31	298	4.46	0.87	1.28	1	cover	squad-2	1	bot-2
17209	bot-14	alpha	A21r-441G	latches	-19.92	19.07	118	0.00	0.01		0		squad-1	3	bot-1
17242	bot-5	alpha	A21r-3310	state	-21.63	15.71	99	2.41	0.08	19.83	4	seek	squad-1	5	bot-1
17242	bot-13	bravo	F00r-4410	state	-4.47	19.68	255	0.00	0.00		0		squad-2	2	bot-2
17242	bot-14	alpha	A32r-441G	tier+score	-19.92	19.07	118	0.00	0.00		0		squad-1	3	bot-1
17259	bot-1	alpha	C32r-3410	state+tier+score	-23.59	20.52	127	1.05	0.10	13.37	6	seek	squad-1	0	bot-1
17259	bot-3	alpha	C32r-3310	state+tier+score	-16.85	23.31	163	2.21	0.22	4.96	2	seek	squad-1	4	bot-1
17259	bot-5	alpha	A32r-331G	tier+score+latches	-21.63	15.71	103	0.07	0.00		0		squad-1	5	bot-1
17259	bot-8	alpha	E32m-4220	state+tier+score+health	-21.23	15.26	75	0.00	0.07		0		squad-1	6	bot-1
17259	bot-10	alpha	C32r-4412	tier+score	-20.24	19.74	38	5.04	0.58	2.31	1	cover	squad-1	1	bot-1
17259	bot-12	alpha	A32r-4410	tier+score	-18.09	19.61	135	0.00	0.00		0		squad-1	2	bot-1
17259	bot-13	bravo	A00r-4410	state	-4.47	19.68	255	0.00	0.00		0		squad-2	2	bot-2
17276	bot-1	alpha	C32r-3412	latches	-23.64	20.68	119	5.14	0.17	0.92	1	cover	squad-1	0	bot-1
17276	bot-3	alpha	C32r-3312	latches	-16.85	23.31	163	0.00	0.00		0		squad-1	4	bot-1
17276	bot-8	alpha	E32m-4229	latches	-21.25	15.29	75	1.60	0.04	4.93	1	flee	squad-1	6	bot-1
17313	bot-9	bravo	U21r-4310	tier+score	-8.55	10.21	315	2.33	1.94	2.59	1	pursue	squad-2	4	bot-2
17313	bot-10	alpha	A32r-4410	state+latches	-20.11	19.86	47	5.10	0.18	2.17	1	cover	squad-1	1	bot-1
17313	bot-11	bravo	A21r-4410	tier+score	-5.27	11.31	284	0.00	0.00		0		squad-2	1	bot-2
17313	bot-13	bravo	A21r-4410	tier+score	-4.47	19.68	255	0.00	0.00		0		squad-2	2	bot-2
17333	bot-2	bravo	H21r-4210	tier+score+health	-8.18	18.85	247	0.00	0.00		0		squad-2	0	bot-2
17333	bot-5	alpha	A32r-3310	latches	-21.66	15.75	107	0.12	0.05		0		squad-1	5	bot-1
17333	bot-6	bravo	S21r-4410	tier+score	-17.01	14.51	310	0.67	0.09	7.79	3	seek	squad-2	3	bot-2
17333	bot-7	bravo	S21m-2320	tier+score	-17.98	14.15	259	0.64	0.29	7.40	4	seek	squad-2	5	bot-2
17353	bot-5	alpha	A32r-331G	latches	-21.67	15.76	107	0.00	0.02		0		squad-1	5	bot-1
17353	bot-13	bravo	F21r-4410	state	-4.47	19.68	256	0.00	0.00		0		squad-2	2	bot-2
17353	bot-14	alpha	A33r-441G	score	-19.92	19.07	118	0.00	0.00		0		squad-1	3	bot-1
17372	bot-1	alpha	C33r-3412	score	-23.81	21.15	94	5.26	0.50	0.42	1	cover	squad-1	0	bot-1
17372	bot-3	alpha	C33r-3312	score	-16.84	23.32	163	0.05	0.01		0		squad-1	4	bot-1
17372	bot-5	alpha	A33r-331G	score	-21.68	15.78	107	0.09	0.02		0		squad-1	5	bot-1
17372	bot-8	alpha	E33m-4129	score+health	-21.28	15.38	75	1.63	0.09	4.86	1	flee	squad-1	6	bot-1
17372	bot-10	alpha	A33r-4410	score	-20.08	19.93	63	0.23	0.08		0		squad-1	1	bot-1
17372	bot-12	alpha	A33r-4410	score	-18.09	19.61	135	0.00	0.00		0		squad-1	2	bot-1
17372	bot-13	bravo	A21r-4410	state	-4.47	19.68	256	0.00	0.00		0		squad-2	2	bot-2
17386	bot-1	alpha	G33r-3412	state	-23.81	21.15	94	5.26	0.00	0.42	1	cover	squad-1	0	bot-1
17419	bot-2	bravo	H21r-421G	latches	-8.18	18.85	254	0.00	0.00		0		squad-2	0	bot-2
17444	bot-14	alpha	S33r-4410	state+latches	-19.92	19.07	118	0.00	0.00		0		squad-1	3	bot-1
17475	bot-10	alpha	A33r-441G	latches	-20.08	19.93	81	0.00	0.00		0		squad-1	1	bot-1
17475	bot-11	bravo	A21r-441G	latches	-5.27	11.31	284	0.00	0.00		0		squad-2	1	bot-2
17475	bot-13	bravo	F21r-4410	state	-4.47	19.68	256	0.00	0.00		0		squad-2	2	bot-2
17492	bot-11	bravo	A21r-4410	latches	-5.27	11.31	285	0.00	0.00		0		squad-2	1	bot-2
17492	bot-13	bravo	A21r-4410	state	-4.47	19.68	256	0.00	0.00		0		squad-2	2	bot-2
17526	bot-2	bravo	H21r-4210	latches	-8.18	18.85	262	0.00	0.00		0		squad-2	0	bot-2
17592	bot-5	alpha	S33r-3310	state+latches	-21.95	15.99	107	0.00	0.34		0		squad-1	5	bot-1
17592	bot-13	bravo	F21r-4410	state	-4.47	19.68	257	0.00	0.00		0		squad-2	2	bot-2
17592	bot-14	alpha	S44rm4410	tier+score+element	-19.86	18.92	151	1.07	0.16	14.73	6	seek	squad-1	3	bot-1
17609	bot-1	alpha	G44rb3412	tier+score+element	-24.03	21.65	62	2.69	0.54		0		squad-1	0	bot-1
17609	bot-3	alpha	C44rb3312	tier+score+element	-16.84	23.32	163	0.00	0.00		0		squad-1	4	bot-1
17609	bot-5	alpha	S44rm3310	tier+score+element	-22.00	15.97	100	1.32	0.06	17.68	5	seek	squad-1	5	bot-1
17609	bot-8	alpha	E44mb4029	tier+score+element+health	-21.52	15.77	77	5.05	0.47	4.40	1	flee	squad-1	6	bot-1
17609	bot-10	alpha	A44rm441G	tier+score+element	-20.08	19.93	81	0.00	0.00		0		squad-1	1	bot-1
17609	bot-12	alpha	A44rb4410	tier+score+element	-18.09	19.61	135	0.00	0.00		0		squad-1	2	bot-1
17609	bot-13	bravo	A21r-4410	state	-4.47	19.68	257	0.00	0.00		0		squad-2	2	bot-2
17642	bot-1	alpha	S44rb3414	state+latches	-24.04	21.66	60	2.15	0.02		0		squad-1	0	bot-1
17642	bot-3	alpha	S44rb3314	state+latches	-16.84	23.32	163	0.00	0.00		0		squad-1	4	bot-1
17642	bot-12	alpha	F44rb4410	state	-18.09	19.61	135	0.00	0.00		0		squad-1	2	bot-1
17642	bot-13	bravo	A32r-4410	tier+score	-4.47	19.68	257	0.00	0.00		0		squad-2	2	bot-2
17659	bot-1	alpha	S44rm3414	element	-24.08	21.69	58	1.19	0.05		0		squad-1	0	bot-1
17659	bot-2	bravo	H32r-4210	tier+score	-8.18	18.85	272	0.00	0.00		0		squad-2	0	bot-2
17659	bot-3	alpha	S44rm3314	element	-16.84	23.32	170	0.00	0.00		0		squad-1	4	bot-1
17659	bot-6	bravo	C32r-4410	state+tier+score	-17.32	14.50	312	1.14	0.31	7.56	3	seek	squad-2	3	bot-2
17659	bot-7	bravo	M32m-2320	state+tier+score	-18.25	14.10	259	0.91	0.28	7.46	4	seek	squad-2	5	bot-2
17659	bot-9	bravo	E32r-4210	state+tier+score+health	-9.38	11.01	315	4.19	1.15		0		squad-2	4	bot-2
17659	bot-11	bravo	A32r-4410	tier+score	-5.27	11.32	286	0.00	0.00		0		squad-2	1	bot-2
17659	bot-12	alpha	A44rb4410	state	-18.09	19.61	135	0.00	0.00		0		squad-1	2	bot-1
17676	bot-6	bravo	G32r-4412	state+latches	-17.24	14.52	316	4.98	0.08	0.29	1	cover	squad-2	3	bot-2
17676	bot-9	bravo	E32r-4219	latches	-9.23	11.11	314	5.25	0.17	3.39	1	flee	squad-2	4	bot-2
17692	bot-13	bravo	A32r-441G	latches	-4.47	19.68	258	0.00	0.00		0		squad-2	2	bot-2
17709	bot-10	alpha	S44rm4410	state+latches	-20.08	19.93	81	0.00	0.00		0		squad-1	1	bot-1
17726	bot-2	bravo	H32r-421G	latches	-8.18	18.85	278	0.00	0.00		0		squad-2	0	bot-2
17742	bot-14	alpha	A44rm4410	state	-19.78	18.72	120	2.09	0.21	14.60	6	seek	squad-1	3	bot-1
17759	bot-12	alpha	C44rb4410	state	-18.09	19.61	132	0.00	0.00		0		squad-1	2	bot-1
17759	bot-13	bravo	A33r-441G	score	-4.47	19.68	258	0.00	0.00		0		squad-2	2	bot-2
17776	bot-2	bravo	H33r-421G	score	-8.18	18.85	281	0.00	0.00		0		squad-2	0	bot-2
17776	bot-6	bravo	G33r-4412	score	-16.95	14.55	292	0.00	0.29		0		squad-2	3	bot-2
17776	bot-7	bravo	M33m-2320	score	-17.48	13.80	277	6.04	0.83	8.56	2	medic	squad-2	5	bot-2
17776	bot-9	bravo	E33r-4019	score+health	-8.79	11.42	312	5.43	0.54	2.85	1	muzzleRecovery	squad-2	4	bot-2
17776	bot-11	bravo	A33r-441G	score+latches	-5.27	11.32	290	0.07	0.00		0		squad-2	1	bot-2
17776	bot-12	alpha	C44rb4412	latches	-18.09	19.59	131	0.45	0.01	7.90	2	cover	squad-1	2	bot-1
17776	bot-14	alpha	A44rm441G	latches	-19.78	18.72	117	0.17	0.00		0		squad-1	3	bot-1
17793	bot-9	bravo	E33r-4010	latches	-8.71	11.48	311	5.80	0.09	2.76	1	flee	squad-2	4	bot-2
17809	bot-9	bravo	E33r-4019	latches	-8.64	11.53	311	5.47	0.09	2.67	1	flee	squad-2	4	bot-2
17860	bot-7	bravo	M33m-232G	latches	-17.05	13.62	290	5.48	0.46	8.10	2	medic	squad-2	5	bot-2
17860	bot-8	alpha	E44mm402P	element+latches	-21.98	16.74	122	5.05	1.07	3.38	2	flee	squad-1	6	bot-1
17893	bot-5	alpha	A44rm3310	state	-22.17	15.59	82	2.41	0.41	17.69	5	seek	squad-1	5	bot-1
17893	bot-7	bravo	M33m-2320	latches	-16.87	13.62	290	5.45	0.18	7.93	2	medic	squad-2	5	bot-2
17893	bot-9	bravo	E33r-3019	ammo	-8.26	11.80	309	5.87	0.47	2.20	1	flee	squad-2	4	bot-2
17893	bot-10	alpha	S45rm4410	score	-20.04	19.79	123	0.80	0.15	18.52	5	seek	squad-1	1	bot-1
17893	bot-12	alpha	C45rb4312	score+health	-18.11	19.53	128	0.62	0.07	7.83	2	cover	squad-1	2	bot-1
17893	bot-14	alpha	A45rm441G	score	-19.78	18.72	117	0.00	0.00		0		squad-1	3	bot-1
17910	bot-1	alpha	S45rm3414	score	-24.12	21.73	63	0.01	0.06		0		squad-1	0	bot-1
17910	bot-3	alpha	S45rm3314	score	-16.84	23.32	190	0.00	0.00		0		squad-1	4	bot-1
17910	bot-5	alpha	A45rm3310	score	-22.17	15.59	90	0.00	0.00		0		squad-1	5	bot-1
17910	bot-8	alpha	E45mm402P	score	-22.16	16.92	122	5.05	0.25	3.13	2	flee	squad-1	6	bot-1
17927	bot-13	bravo	S33r-4410	state+latches	-4.47	19.68	258	0.00	0.00		0		squad-2	2	bot-2
17960	bot-2	bravo	H33r-4210	latches	-8.18	18.85	296	0.00	0.00		0		squad-2	0	bot-2
17960	bot-11	bravo	A33r-4410	latches	-5.27	11.32	294	0.00	0.00		0		squad-2	1	bot-2
17960	bot-13	bravo	A33r-4410	state	-4.52	19.67	256	1.37	0.05	15.79	5	seek	squad-2	2	bot-2
17977	bot-2	bravo	H33r-4310	health	-8.18	18.85	297	0.00	0.00		0		squad-2	0	bot-2
17977	bot-10	alpha	A45rm4410	state	-20.02	19.72	138	1.41	0.07	18.46	5	seek	squad-1	1	bot-1
18010	bot-10	alpha	A45rm441G	latches	-20.02	19.72	131	0.00	0.00		0		squad-1	1	bot-1
18010	bot-14	alpha	S45rm4410	state+latches	-19.78	18.72	117	0.00	0.00		0		squad-1	3	bot-1
18060	bot-1	alpha	C45rm3410	state+latches	-24.12	21.73	73	0.00	0.00		0		squad-1	0	bot-1
18060	bot-3	alpha	C45rm3310	state+latches	-16.84	23.32	201	0.00	0.00		0		squad-1	4	bot-1
18060	bot-12	alpha	C45rb431I	latches	-18.17	19.35	125	1.87	0.19	7.65	2	cover	squad-1	2	bot-1
18077	bot-1	alpha	G45rb3412	state+element+latches	-24.12	21.73	73	0.00	0.00		0		squad-1	0	bot-1
18077	bot-3	alpha	C45rb3312	element+latches	-16.84	23.32	201	0.00	0.00		0		squad-1	4	bot-1
18077	bot-9	bravo	E33r-301P	latches	-7.39	12.40	304	5.58	1.05	1.14	1	flee	squad-2	4	bot-2
18094	bot-5	alpha	C45rm3310	state	-22.17	15.59	108	0.00	0.00		0		squad-1	5	bot-1
18094	bot-8	alpha	E45mm4029	latches	-22.97	17.37	122	5.07	0.92	2.24	2	flee	squad-1	6	bot-1
18094	bot-11	bravo	C33r-4410	state	-5.27	11.32	284	0.07	0.00		0		squad-2	1	bot-2
18111	bot-5	alpha	C45rm3312	latches	-22.16	15.74	107	4.50	0.15	6.02	2	cover	squad-1	5	bot-1
18111	bot-8	alpha	E45mb4029	element	-23.04	17.41	118	5.11	0.09	2.16	2	flee	squad-1	6	bot-1
18111	bot-11	bravo	C33r-4412	latches	-5.26	11.37	291	1.46	0.05	1.22	1	cover	squad-2	1	bot-2
18128	bot-14	alpha	C45rm4410	state	-19.73	18.61	108	1.13	0.13	14.52	5	seek	squad-1	3	bot-1
18144	bot-12	alpha	C45rb4312	latches	-18.22	19.21	121	1.85	0.15	7.50	2	cover	squad-1	2	bot-1
18144	bot-13	bravo	A33r-441G	latches	-4.52	19.67	258	0.00	0.00		0		squad-2	2	bot-2
18144	bot-14	alpha	C45rm4412	latches	-19.68	18.62	101	1.60	0.05	2.95	1	cover	squad-1	3	bot-1
18161	bot-2	bravo	H33r-431G	latches	-8.18	18.85	307	0.00	0.00		0		squad-2	0	bot-2
18177	bot-2	bravo	H33r-4310	latches	-8.18	18.85	306	0.00	0.00		0		squad-2	0	bot-2
18177	bot-7	bravo	M33m-232G	latches	-15.24	13.84	292	6.34	1.64	8.17	3	medic	squad-2	5	bot-2
18195	bot-5	alpha	C45rm331I	latches	-22.13	16.12	103	4.54	0.38	5.74	2	cover	squad-1	5	bot-1
18244	bot-10	alpha	S45rm4410	state+latches	-20.02	19.73	131	0.00	0.01		0		squad-1	1	bot-1
18261	bot-12	alpha	A45rb4310	state+latches	-18.24	19.00	120	2.24	0.21	7.29	2	cover	squad-1	2	bot-1
18278	bot-9	bravo	E33r-301G	latches	-6.73	12.87	304	0.05	0.81		0		squad-2	4	bot-2
18295	bot-7	bravo	M33m-2320	latches	-14.49	13.97	322	7.29	0.76	7.45	3	medic	squad-2	5	bot-2
18311	bot-9	bravo	E33r-3010	latches	-6.73	12.87	304	0.00	0.00		0		squad-2	4	bot-2
18378	bot-13	bravo	S33r-4410	state+latches	-4.52	19.67	258	0.01	0.00		0		squad-2	2	bot-2
18395	bot-2	bravo	H33r-431G	latches	-8.18	18.85	289	0.00	0.00		0		squad-2	0	bot-2
18395	bot-8	alpha	E45mm402P	element+latches	-24.24	18.10	87	5.06	1.38	0.97	1	flee	squad-1	6	bot-1
18395	bot-11	bravo	C33r-441I	latches	-5.08	12.03	301	4.87	0.69	0.53	1	cover	squad-2	1	bot-2
18395	bot-14	alpha	C45rm441I	latches	-18.89	19.11	110	5.15	0.94	2.04	1	cover	squad-1	3	bot-1
18428	bot-1	alpha	S45rb3414	state+latches	-23.95	21.55	101	0.00	0.25		0		squad-1	0	bot-1
18428	bot-5	alpha	C45rm3312	latches	-22.05	17.19	43	4.57	1.07	5.00	2	cover	squad-1	5	bot-1
18445	bot-1	alpha	S45rm3414	element	-23.95	21.55	104	0.00	0.00		0		squad-1	0	bot-1
18445	bot-11	bravo	G33r-441I	state	-5.05	12.18	310	4.07	0.15	0.38	1	cover	squad-2	1	bot-2
18462	bot-11	bravo	A33r-441G	state+latches	-5.01	12.30	307	0.00	0.13		0		squad-2	1	bot-2
18479	bot-14	alpha	C45rm4412	latches	-18.70	19.50	97	5.20	0.43	1.63	1	cover	squad-1	3	bot-1
18512	bot-2	bravo	H33r-4310	latches	-8.18	18.85	280	0.00	0.00		0		squad-2	0	bot-2
18562	bot-3	alpha	A45rb3310	state+latches	-16.84	23.32	158	0.00	0.00		0		squad-1	4	bot-1
18562	bot-8	alpha	E45mm402G	latches	-24.41	18.79	87	0.27	0.71		0		squad-1	6	bot-1
18562	bot-12	alpha	C45rb4310	state	-18.23	19.02	134	0.01	0.02		0		squad-1	2	bot-1
18579	bot-12	alpha	C45rb4312	latches	-18.23	19.00	133	0.52	0.02	7.30	2	cover	squad-1	2	bot-1
18629	bot-8	alpha	E45mm4020	latches	-24.41	18.79	87	0.00	0.00		0		squad-1	6	bot-1
18629	bot-11	bravo	S33r-4410	state+latches	-5.02	12.30	307	0.00	0.00		0		squad-2	1	bot-2
18646	bot-2	bravo	H33r-431G	latches	-8.18	18.85	269	0.00	0.00		0		squad-2	0	bot-2
18646	bot-5	alpha	C45rm331I	latches	-21.98	18.18	47	4.57	0.99	4.44	2	cover	squad-1	5	bot-1
18662	bot-2	bravo	C33r-431G	state	-8.18	18.85	269	0.00	0.00		0		squad-2	0	bot-2
18662	bot-5	alpha	C45rm3312	latches	-21.97	18.25	52	4.57	0.08	4.41	2	cover	squad-1	5	bot-1
18680	bot-2	bravo	C33r-431I	latches	-8.14	18.81	262	1.66	0.06	6.63	3	cover	squad-2	0	bot-2
18680	bot-3	alpha	A45rm331G	element+latches	-16.84	23.33	155	0.02	0.01		0		squad-1	4	bot-1
18680	bot-14	alpha	A45rm4410	state+latches	-18.12	20.28	137	5.22	0.97	0.72	1	cover	squad-1	3	bot-1
18696	bot-2	bravo	C33r-4312	latches	-8.13	18.78	266	1.67	0.03	6.60	3	cover	squad-2	0	bot-2
18763	bot-8	alpha	E45mb4020	element	-24.41	18.79	90	0.00	0.00		0		squad-1	6	bot-1
18779	bot-6	bravo	G33r-4412	tick	-16.95	14.55	316	0.00	0.00		0		squad-2	3	bot-2
18779	bot-8	alpha	E45mm402G	element+latches	-24.41	18.79	90	0.00	0.00		0		squad-1	6	bot-1
18779	bot-9	bravo	H33r-3010	state	-6.73	12.87	304	0.00	0.00		0		squad-2	4	bot-2
18863	bot-1	alpha	C45rm3410	state+latches	-23.95	21.55	135	0.00	0.00		0		squad-1	0	bot-1
18863	bot-3	alpha	C45rm331G	state	-16.84	23.33	155	0.00	0.00		0		squad-1	4	bot-1
18863	bot-9	bravo	H33r-3110	health	-6.73	12.87	283	0.00	0.00		0		squad-2	4	bot-2
18880	bot-1	alpha	G45rb3412	state+element+latches	-23.95	21.55	135	0.00	0.00		0		squad-1	0	bot-1
18880	bot-3	alpha	C45rb331I	element+latches	-16.84	23.33	155	0.00	0.00		0		squad-1	4	bot-1
18880	bot-10	alpha	A45rm4410	state	-19.83	18.95	124	2.07	0.80	17.87	5	seek	squad-1	1	bot-1
18897	bot-11	bravo	C33r-4410	state	-5.39	12.35	306	2.40	0.38	14.87	5	seek	squad-2	1	bot-2
18897	bot-12	alpha	P45rb4314	state+latches	-18.30	18.73	126	4.20	0.28	7.01	1	muzzleRecovery	squad-1	2	bot-1
18913	bot-3	alpha	C45rb3312	latches	-16.84	23.33	155	0.00	0.00		0		squad-1	4	bot-1
18913	bot-11	bravo	C33r-4412	latches	-5.54	12.36	297	4.59	0.15	8.35	2	cover	squad-2	1	bot-2
18913	bot-12	alpha	A45rb4310	state+latches	-18.24	18.70	122	0.00	0.07	7.00	0	muzzleRecovery	squad-1	2	bot-1
18930	bot-14	alpha	C45rm4410	state	-18.09	20.35	134	0.00	0.07		0		squad-1	3	bot-1
18947	bot-14	alpha	C45rm4412	latches	-18.09	20.33	133	0.45	0.01	8.61	2	cover	squad-1	3	bot-1
18997	bot-12	alpha	F45rb4310	state	-18.24	18.70	125	0.00	0.00		0		squad-1	2	bot-1
18997	bot-13	bravo	S44rm4410	tier+score+element	-5.77	19.36	249	1.97	1.28	14.68	4	seek	squad-2	2	bot-2
19014	bot-2	bravo	C44rb4312	tier+score+element	-7.60	17.98	273	5.28	0.96	5.68	3	cover	squad-2	0	bot-2
19014	bot-6	bravo	G44rm4412	tier+score+element	-16.95	14.55	334	0.00	0.00		0		squad-2	3	bot-2
19014	bot-7	bravo	E44mb2220	state+tier+score+element+health	-10.47	13.32	309	4.65	4.07		0		squad-2	5	bot-2
19014	bot-8	alpha	E45mm4020	latches	-24.41	18.79	90	0.00	0.00		0		squad-1	6	bot-1
19014	bot-9	bravo	H44rm3110	tier+score+element	-6.73	12.87	269	0.00	0.00		0		squad-2	4	bot-2
19014	bot-11	bravo	C44rm4412	tier+score+element	-6.01	12.34	271	4.53	0.47	7.92	2	cover	squad-2	1	bot-2
19014	bot-12	alpha	A45rb4310	state	-18.24	18.70	125	0.00	0.00		0		squad-1	2	bot-1
19030	bot-7	bravo	E44mb2229	latches	-10.31	13.26	305	5.15	0.17	4.36	1	flee	squad-2	5	bot-2
19047	bot-6	bravo	G34r-4412	tier+element	-16.95	14.55	337	0.00	0.00		0		squad-2	3	bot-2
19064	bot-8	alpha	H45mm4020	state	-24.41	18.79	90	0.00	0.00		0		squad-1	6	bot-1
19164	bot-14	alpha	P45rm4410	state+latches	-18.13	20.20	130	1.44	0.13	8.48	1	muzzleRecovery	squad-1	3	bot-1
19215	bot-2	bravo	A44rb4310	state+latches	-7.12	17.29	277	4.58	0.85	4.88	3	cover	squad-2	0	bot-2
19215	bot-6	bravo	C34r-4412	state	-16.86	13.92	353	0.37	0.63		0		squad-2	3	bot-2
19231	bot-3	alpha	S45rb3314	state+latches	-16.84	23.33	155	0.00	0.00		0		squad-1	4	bot-1
19248	bot-3	alpha	S45rm3314	element	-16.84	23.33	148	0.00	0.00		0		squad-1	4	bot-1
19265	bot-14	alpha	P45rm441G	latches	-17.97	20.20	106	1.97	0.16	8.52	1	muzzleRecovery	squad-1	3	bot-1
19315	bot-13	bravo	C44rm4410	state	-6.32	19.22	249	1.83	0.57	14.11	4	seek	squad-2	2	bot-2
19331	bot-2	bravo	F44rb4310	state	-7.12	17.29	277	0.00	0.00		0		squad-2	0	bot-2
19331	bot-5	alpha	P45rm3310	state+latches	-19.52	20.12	103	4.49	3.08	1.57	1	muzzleRecovery	squad-1	5	bot-1
19331	bot-6	bravo	G34r-4412	state	-16.87	14.13	350	1.84	0.21	0.43	1	cover	squad-2	3	bot-2
19331	bot-13	bravo	C44rb4412	element+latches	-6.21	19.33	257	4.75	0.16	3.17	1	cover	squad-2	2	bot-2
19348	bot-2	bravo	A44rb4310	state	-7.12	17.29	277	0.00	0.00		0		squad-2	0	bot-2
19365	bot-6	bravo	G44rm4412	tier+element	-16.91	14.45	340	0.70	0.32		0		squad-2	3	bot-2
19365	bot-12	alpha	C45rb4310	state	-18.23	18.71	97	0.00	0.02		0		squad-1	2	bot-1
19382	bot-12	alpha	C45rb4312	latches	-18.20	18.76	97	1.67	0.06	1.94	1	cover	squad-1	2	bot-1
19398	bot-5	alpha	A45rm3310	state	-19.21	20.19	92	0.00	0.32	1.27	0	muzzleRecovery	squad-1	5	bot-1
19398	bot-7	bravo	E44mm222P	element+latches	-8.29	12.99	301	5.86	2.04	2.34	1	flee	squad-2	5	bot-2
19415	bot-14	alpha	A45rm441G	state	-17.77	20.18	93	0.00	0.19	8.56	0	muzzleRecovery	squad-1	3	bot-1
19448	bot-2	bravo	F44rb4310	state	-7.12	17.28	278	0.00	0.00		0		squad-2	0	bot-2
19465	bot-2	bravo	C44rb4310	state	-7.12	17.28	278	0.00	0.00		0		squad-2	0	bot-2
19465	bot-5	alpha	F45rm3310	state	-19.18	20.22	104	0.23	0.05		0		squad-1	5	bot-1
19482	bot-2	bravo	C44rb4312	latches	-7.10	17.24	278	1.51	0.05	4.83	2	cover	squad-2	0	bot-2
19482	bot-5	alpha	A45rm3310	state	-19.18	20.23	104	0.13	0.00		0		squad-1	5	bot-1
19482	bot-11	bravo	A44rm4410	state+latches	-7.53	11.88	303	2.68	1.58	6.72	2	cover	squad-2	1	bot-2
19482	bot-13	bravo	S44rb4414	state+latches	-5.77	19.76	292	1.74	0.62	2.55	1	cover	squad-2	2	bot-2
19499	bot-13	bravo	S44rm4414	element	-5.77	19.76	285	0.00	0.00		0		squad-2	2	bot-2
19499	bot-14	alpha	S45rm4410	state+latches	-17.76	20.19	93	0.04	0.02		0		squad-1	3	bot-1
19515	bot-14	alpha	A45rm4410	state	-17.76	20.18	97	0.72	0.01	8.52	4	seek	squad-1	3	bot-1
19549	bot-10	alpha	F45rm4410	state	-19.83	18.95	98	0.00	0.00		0		squad-1	1	bot-1
19549	bot-11	bravo	A45rm4410	score	-7.53	11.88	304	0.00	0.00		0		squad-2	1	bot-2
19549	bot-13	bravo	S45rm4414	score	-5.77	19.75	274	0.18	0.01		0		squad-2	2	bot-2
19566	bot-2	bravo	E45rb4210	state+score+health+latches	-7.06	17.15	286	1.49	0.10		0		squad-2	0	bot-2
19566	bot-6	bravo	G45rm4412	score	-16.95	14.55	298	0.00	0.11		0		squad-2	3	bot-2
19566	bot-7	bravo	E45mm222P	score	-7.56	12.92	301	2.52	0.73	1.62	1	flee	squad-2	5	bot-2
19566	bot-9	bravo	H45rm3110	score	-6.73	12.87	267	0.00	0.00		0		squad-2	4	bot-2
19566	bot-10	alpha	A45rm4410	state	-19.83	18.95	98	0.00	0.00		0		squad-1	1	bot-1
19582	bot-2	bravo	E45rb4219	latches	-7.02	17.17	286	1.46	0.05	4.71	1	flee	squad-2	0	bot-2
19582	bot-5	alpha	F45rm3310	state	-19.17	20.23	104	0.00	0.00		0		squad-1	5	bot-1
19582	bot-6	bravo	G46rm4412	score	-16.95	14.55	295	0.00	0.00		0		squad-2	3	bot-2
19582	bot-7	bravo	E46mm222P	score	-7.53	12.95	301	3.21	0.05	1.58	1	flee	squad-2	5	bot-2
19582	bot-9	bravo	H46rm3110	score	-6.73	12.87	268	0.00	0.00		0		squad-2	4	bot-2
19582	bot-11	bravo	A46rm4410	score	-7.52	11.88	304	0.20	0.01		0		squad-2	1	bot-2
19582	bot-13	bravo	S46rm4414	score	-5.77	19.75	272	0.03	0.00		0		squad-2	2	bot-2
19599	bot-2	bravo	E46rb4119	score+health	-7.00	17.18	286	1.46	0.02	4.69	1	flee	squad-2	0	bot-2
19599	bot-5	alpha	A45rm3310	state	-19.17	20.23	104	0.00	0.00		0		squad-1	5	bot-1
19599	bot-14	alpha	A45rm441G	latches	-17.75	20.19	106	0.06	0.01		0		squad-1	3	bot-1
19632	bot-7	bravo	E46mm2229	latches	-7.34	13.01	301	3.34	0.19	1.39	1	flee	squad-2	5	bot-2
19666	bot-3	alpha	C45rm3310	state+latches	-16.84	23.33	109	0.00	0.00		0		squad-1	4	bot-1
19666	bot-10	alpha	F45rm4410	state	-19.83	18.95	98	0.00	0.00		0		squad-1	1	bot-1
19666	bot-11	bravo	A47rm4410	score	-7.52	11.89	306	0.00	0.00		0		squad-2	1	bot-2
19666	bot-13	bravo	S47rm4414	score	-5.77	19.75	278	0.00	0.00		0		squad-2	2	bot-2
19683	bot-2	bravo	E47rb4019	score+health	-6.90	17.24	282	1.43	0.12	4.57	1	flee	squad-2	0	bot-2
19683	bot-3	alpha	C45rb3312	element+latches	-16.84	23.33	109	0.00	0.00		0		squad-1	4	bot-1
19683	bot-6	bravo	G47rm4412	score	-16.95	14.55	274	0.00	0.00		0		squad-2	3	bot-2
19683	bot-7	bravo	E47mm2229	score	-7.28	13.14	301	1.55	0.14	1.33	1	flee	squad-2	5	bot-2
19683	bot-9	bravo	H47rm3110	score	-6.73	12.87	276	0.00	0.00		0		squad-2	4	bot-2
19683	bot-10	alpha	A45rm4410	state	-19.83	18.95	98	0.00	0.00		0		squad-1	1	bot-1
19699	bot-1	alpha	C45rb3410	state+latches	-23.95	21.55	118	0.00	0.00		0		squad-1	0	bot-1
19699	bot-5	alpha	F45rm3310	state	-19.17	20.23	104	0.00	0.00		0		squad-1	5	bot-1
19699	bot-5	alpha	F45rm2310	ammo	-19.17	20.23	103	0.00	0.00		0		squad-1	5	bot-1
19699	bot-11	bravo	C47rm4410	state	-7.52	11.89	306	0.00	0.00		0		squad-2	1	bot-2
19716	bot-1	alpha	G45rb3412	state+latches	-23.95	21.55	118	0.00	0.00		0		squad-1	0	bot-1
19716	bot-5	alpha	A45rm2310	state	-19.17	20.23	103	0.00	0.00		0		squad-1	5	bot-1
19716	bot-11	bravo	C47rm4412	latches	-7.48	11.86	307	1.50	0.05	1.67	1	cover	squad-2	1	bot-2
19743	bot-12	alpha	C45rb3312	ammo	-17.58	19.75	102	5.11	1.17	0.81	1	muzzleRecovery	squad-1	2	bot-1
19758	bot-5	alpha	A45rm231G	latches	-19.17	20.23	103	0.00	0.00		0		squad-1	5	bot-1
19758	bot-12	alpha	P45rb3314	state+latches	-17.55	19.69	102	1.63	0.06	0.86	1	muzzleRecovery	squad-1	2	bot-1
19775	bot-5	alpha	A45rm2310	latches	-19.17	20.23	106	0.00	0.00		0		squad-1	5	bot-1
19792	bot-10	alpha	F45rm4410	state	-19.83	18.95	97	0.00	0.00		0		squad-1	1	bot-1
19792	bot-10	alpha	P45rm4410	state	-19.83	18.95	96	0.00	0.00		0		squad-1	1	bot-1
19792	bot-2	bravo	D00r--000	state+tier+score+element+ammo+packs+latches	-6.49	17.48	282	0.00	0.47	4.11	1	flee	squad-2	0	bot-2
19792	bot-11	bravo	C49rm441I	score+latches	-7.36	11.83	311	1.52	0.12	1.59	1	cover	squad-2	1	bot-2
19792	bot-13	bravo	S49rm4414	score	-5.77	19.75	288	0.00	0.00		0		squad-2	2	bot-2
19792	bot-14	alpha	S45rm4410	state+latches	-17.77	20.25	106	0.00	0.07		0		squad-1	3	bot-1
19808	bot-1	alpha	S45rb3414	state+latches	-23.96	21.55	110	0.08	0.01		0		squad-1	0	bot-1
19808	bot-6	bravo	G49rm4412	score	-16.95	14.55	267	0.00	0.00		0		squad-2	2	
19808	bot-7	bravo	E49mm2229	score	-7.13	13.24	301	1.87	0.18	1.20	1	flee	squad-2	4	
19808	bot-9	bravo	H49rm3110	score	-6.69	12.85	285	0.00	0.05		0		squad-2	3	
19808	bot-10	alpha	S45rm4410	state	-19.83	18.95	96	0.00	0.00		0		squad-1	1	bot-1
19808	bot-11	bravo	C49rb4412	element+latches	-7.34	11.82	308	1.65	0.03	1.57	1	cover	squad-2	0	
19825	bot-1	alpha	S45rm3414	element	-23.96	21.56	117	0.04	0.00		0		squad-1	0	bot-1
19825	bot-10	alpha	P45rm4410	state	-19.83	18.94	100	0.94	0.02	15.14	4	seek	squad-1	1	bot-1
19842	bot-6	bravo	G39r-4412	tier+element	-16.95	14.55	270	0.00	0.00		0		squad-2	2	
19842	bot-10	alpha	S45rm4410	state	-19.82	18.92	103	0.94	0.02	41.99	0		squad-1	1	bot-1
19858	bot-5	alpha	A45rm231G	latches	-19.17	20.23	120	0.00	0.00		0		squad-1	5	bot-1
19858	bot-11	bravo	C49rb441I	latches	-7.26	11.81	309	1.60	0.08	1.51	1	cover	squad-2	0	
19892	bot-10	alpha	C45rm4410	state	-19.81	18.87	114	1.04	0.05	15.09	4	seek	squad-1	1	bot-1
19908	bot-5	alpha	C45rm231G	state	-19.17	20.23	120	0.00	0.00		0		squad-1	5	bot-1
19908	bot-10	alpha	C45rm4412	latches	-19.80	18.84	120	1.25	0.04	6.82	3	cover	squad-1	1	bot-1
19925	bot-5	alpha	C45rm231I	latches	-19.12	20.24	113	1.63	0.05	1.70	1	cover	squad-1	5	bot-1
19942	bot-8	alpha	H45mm4120	health	-24.41	18.79	140	0.00	0.00		0		squad-1	6	bot-1
19975	bot-9	bravo	H49rm3210	health	-6.68	12.84	298	0.00	0.01		0		squad-2	3	
19975	bot-12	alpha	S45rm3314	state+element	-17.62	19.52	157	0.00	0.18		0	muzzleRecovery	squad-1	2	bot-1
19992	bot-13	bravo	S49rm4410	latches	-5.79	19.74	299	1.32	0.02	14.61	6	seek	squad-2	1	
20092	bot-5	alpha	C45rm2312	latches	-18.86	20.35	79	1.65	0.28	1.42	1	cover	squad-1	5	bot-1
20092	bot-11	bravo	C49rb4412	latches	-6.30	11.98	6	4.62	0.97	0.67	1	cover	squad-2	0	
20109	bot-3	alpha	C45rm3312	element	-16.83	23.34	109	0.00	0.01		0		squad-1	4	bot-1
20109	bot-5	alpha	C45rb2312	element	-18.85	20.38	75	1.67	0.03	1.41	1	cover	squad-1	5	bot-1
20109	bot-10	alpha	C45rb4412	element	-19.60	18.39	156	4.18	0.49	6.39	3	cover	squad-1	1	bot-1
20125	bot-1	alpha	S44rm3414	score	-23.96	21.56	101	0.00	0.00		0		squad-1	0	bot-1
20125	bot-3	alpha	C44rm3312	score	-16.83	23.34	109	0.00	0.00		0		squad-1	4	bot-1
20125	bot-5	alpha	C44rb2312	score	-18.83	20.40	72	1.67	0.03	1.39	1	cover	squad-1	5	bot-1
20125	bot-8	alpha	H44mm4120	score	-24.41	18.79	126	0.00	0.00		0		squad-1	6	bot-1
20125	bot-10	alpha	C44rb4412	score	-19.57	18.32	152	4.26	0.07	6.34	3	cover	squad-1	1	bot-1
20125	bot-12	alpha	S44rm3314	score	-17.61	19.54	123	0.09	0.02		0		squad-1	2	bot-1
20125	bot-14	alpha	S44rm4410	score	-17.87	20.07	184	0.90	0.21	10.49	4	seek	squad-1	3	bot-1
20175	bot-7	bravo	E49mm2220	latches	-5.93	13.38	301	0.00	1.21		0		squad-2	4	
20208	bot-11	bravo	G49rb4412	state	-5.88	12.14	341	4.62	0.45	0.41	1	cover	squad-2	0	
20242	bot-11	bravo	G49rb441I	latches	-5.95	12.54	330	0.01	0.40		0		squad-2	0	
20259	bot-1	alpha	S33r-3414	tier+score+element	-23.96	21.56	91	0.00	0.00		0		squad-1	0	bot-1
20259	bot-3	alpha	C33r-3312	tier+score+element	-16.83	23.34	109	0.00	0.00		0		squad-1	4	bot-1
20259	bot-5	alpha	C33r-2312	tier+score+element	-18.34	20.82	63	5.08	0.65	0.93	1	cover	squad-1	5	bot-1
20259	bot-8	alpha	H33m-4120	tier+score+element	-24.41	18.79	116	0.00	0.00		0		squad-1	6	bot-1
20259	bot-10	alpha	C33r-441I	tier+score+element+latches	-19.54	17.75	127	4.48	0.58	5.77	2	cover	squad-1	1	bot-1
20259	bot-12	alpha	S33r-3310	tier+score+element+latches	-17.58	19.50	102	0.63	0.04	10.14	7	seek	squad-1	2	bot-1
20259	bot-14	alpha	S33r-4410	tier+score+element	-17.94	19.99	214	0.94	0.11	10.51	4	seek	squad-1	3	bot-1
20292	bot-11	bravo	G49rb4412	latches	-5.95	12.55	320	0.00	0.01		0		squad-2	0	
20308	bot-1	alpha	S33r-3410	latches	-23.96	21.56	88	0.00	0.00		0		squad-1	0	bot-1
20308	bot-10	alpha	C33r-4412	latches	-19.53	17.52	131	4.52	0.22	5.55	2	cover	squad-1	1	bot-1
20325	bot-6	bravo	G38r-4412	score	-16.95	14.55	307	0.00	0.00		0		squad-2	2	
20325	bot-7	bravo	E48mm2220	score	-5.94	13.37	301	0.00	0.02		0		squad-2	4	
20325	bot-9	bravo	H48rm3210	score	-6.68	12.84	326	0.00	0.00		0		squad-2	3	
20325	bot-11	bravo	G48rb4412	score	-5.95	12.55	313	0.00	0.00		0		squad-2	0	
20325	bot-13	bravo	S48rm4410	score	-6.20	19.52	249	1.82	0.46	14.15	6	seek	squad-2	1	
20359	bot-1	alpha	S32r-3410	score	-23.96	21.53	102	0.41	0.02	17.06	4	seek	squad-1	0	bot-1
20359	bot-3	alpha	C32r-3312	score	-16.83	23.34	109	0.00	0.00		0		squad-1	4	bot-1
20359	bot-5	alpha	C32r-2312	score	-17.82	20.90	89	5.17	0.52	0.51	1	cover	squad-1	5	bot-1
20359	bot-8	alpha	H32m-4120	score	-24.41	18.79	108	0.00	0.00		0		squad-1	6	bot-1
20359	bot-10	alpha	C32r-4412	score	-19.52	17.30	118	4.55	0.23	5.33	2	cover	squad-1	1	bot-1
20359	bot-12	alpha	S32r-3310	score	-17.57	19.43	102	0.79	0.07	10.12	7	seek	squad-1	2	bot-1
20359	bot-14	alpha	S32r-4410	score	-18.01	19.92	200	0.72	0.09	10.53	4	seek	squad-1	3	bot-1
20392	bot-5	alpha	S32r-2314	state+latches	-17.74	20.92	85	5.19	0.09	0.47	1	cover	squad-1	5	bot-1
20409	bot-7	bravo	E48mb2220	element	-5.94	13.37	296	0.00	0.00		0		squad-2	4	
20409	bot-13	bravo	C48rm4410	state	-6.30	19.46	250	1.80	0.12	14.04	6	seek	squad-2	1	
20425	bot-13	bravo	C48rm4412	latches	-6.22	19.33	258	4.70	0.15	5.79	3	cover	squad-2	1	
20475	bot-11	bravo	A48rb4410	state+latches	-5.95	12.55	286	0.00	0.00		0		squad-2	0	
20509	bot-11	bravo	C48rb4410	state	-5.95	12.55	287	0.20	0.00		0		squad-2	0	
20525	bot-11	bravo	C48rb4412	latches	-5.91	12.53	286	1.44	0.05	6.08	2	cover	squad-2	0	
20592	bot-15	bravo	P00m-0420	initial	0.05	16.55	0	0.00			0			-1	
20592	bot-16	alpha	P00m-0420	initial	-21.95	15.05	0	0.00			0			-1	
20608	bot-1	alpha	S00r-3410	tier+score	-23.92	21.40	121	0.88	0.14	16.96	4	seek	squad-1	0	bot-1
20608	bot-3	alpha	C00r-3312	tier+score	-16.83	23.34	109	0.00	0.00		0		squad-1	4	bot-1
20608	bot-5	alpha	S00r-2314	tier+score	-17.70	20.96	133	0.00	0.06		0		squad-1	5	bot-1
20608	bot-8	alpha	H00m-4120	tier+score	-24.41	18.79	94	0.00	0.00		0		squad-1	7	bot-1
20608	bot-9	bravo	H48rb3210	element	-6.68	12.84	348	0.00	0.00		0		squad-2	3	
20608	bot-10	alpha	C10r-4412	tier+score	-19.48	16.15	97	4.58	1.14	4.22	2	cover	squad-1	1	bot-1
20608	bot-12	alpha	S10r-3310	tier+score	-17.57	19.20	100	0.96	0.23	10.12	7	seek	squad-1	2	bot-1
20608	bot-14	alpha	S00r-4410	tier+score	-18.17	19.75	136	0.94	0.23	10.59	4	seek	squad-1	3	bot-1
20608	bot-15	bravo	M48mm4420	state+tier+score+element+ammo	0.05	16.55	0	0.00	0.00		0		squad-2	4	
20608	bot-16	alpha	S21m-4420	state+tier+score+ammo	-21.95	15.05	0	0.00	0.00		0		squad-1	6	bot-1
20625	bot-16	alpha	A21m-4420	state	-21.91	15.04	4	2.36	0.04	5.48	2	seek	squad-1	6	bot-1
20658	bot-6	bravo	G37r-4412	score	-16.94	14.04	321	0.75	0.51		0		squad-2	2	
20658	bot-7	bravo	E47mb2220	score	-5.94	13.37	281	0.00	0.00		0		squad-2	5	
20658	bot-9	bravo	H47rb3210	score	-6.68	12.84	352	0.00	0.00		0		squad-2	3	
20658	bot-11	bravo	C47rb4412	score	-5.73	12.49	284	1.38	0.19	5.96	2	cover	squad-2	0	
20658	bot-13	bravo	C47rm4412	score	-5.71	18.47	259	3.74	0.99	4.90	3	cover	squad-2	1	
20658	bot-15	bravo	M47mm4420	score	-0.19	16.54	343	3.69	0.24	7.48	3	medic	squad-2	4	
20675	bot-7	bravo	H47mb2220	state	-5.94	13.37	281	0.00	0.00		0		squad-2	5	
20725	bot-6	bravo	C37r-4412	state	-16.86	13.92	310	0.34	0.14		0		squad-2	2	
20759	bot-5	alpha	S00r-2310	latches	-17.70	20.96	157	0.32	0.01	16.78	5	seek	squad-1	5	bot-1
20775	bot-6	bravo	C36r-4412	score	-16.88	14.03	307	1.62	0.11	0.52	1	cover	squad-2	2	
20775	bot-7	bravo	H46mb2220	score	-5.94	13.37	311	0.00	0.00		0		squad-2	5	
20775	bot-9	bravo	H46rb3210	score	-6.68	12.84	348	0.00	0.00		0		squad-2	3	
20775	bot-11	bravo	C46rb4412	score	-5.42	12.45	284	4.34	0.31	5.74	2	cover	squad-2	0	
20775	bot-13	bravo	C46rm4412	score	-5.49	18.09	265	3.86	0.45	4.52	3	cover	squad-2	1	
20775	bot-15	bravo	M46mm4420	score	-0.55	16.29	313	3.63	0.44	7.04	3	medic	squad-2	4	
20792	bot-12	alpha	A10r-3310	state	-17.65	19.07	100	0.94	0.15	10.20	7	seek	squad-1	2	bot-1
20808	bot-13	bravo	C46rm4422	packs	-5.44	18.01	273	1.30	0.09	4.45	3	cover	squad-2	1	
20842	bot-6	bravo	G36r-4412	state	-16.88	14.13	309	1.83	0.10	0.43	1	cover	squad-2	2	
20908	bot-16	alpha	A00m-4420	tier+score	-21.91	15.04	66	0.00	0.00		0		squad-1	6	bot-1
20925	bot-6	bravo	A36r-4410	state+latches	-16.92	14.51	326	0.10	0.38		0		squad-2	2	
20925	bot-11	bravo	P46rb4414	state+latches	-4.86	12.51	286	4.19	0.56	5.28	1	muzzleRecovery	squad-2	0	
20958	bot-10	alpha	C00r-4412	tier	-19.12	16.75	134	4.55	0.69	3.50	1	cover	squad-1	1	bot-1
20958	bot-12	alpha	A00r-3310	tier	-17.64	19.07	96	0.01	0.01		0		squad-1	2	bot-1
20975	bot-6	bravo	A36r-441G	latches	-16.92	14.51	316	0.02	0.00		0		squad-2	2	
20975	bot-10	alpha	C00r-441I	latches	-19.10	16.82	130	4.56	0.08	3.43	1	cover	squad-1	1	bot-1
20992	bot-11	bravo	A46rb4410	state+latches	-5.13	12.46	269	0.00	0.28	5.51	0	muzzleRecovery	squad-2	0	
21025	bot-9	bravo	H46rm321G	element+latches	-6.68	12.84	318	0.00	0.00		0		squad-2	3	
21025	bot-10	alpha	C00r-4412	latches	-19.02	17.04	117	4.58	0.23	3.20	1	cover	squad-1	1	bot-1
21025	bot-14	alpha	A00r-4410	state	-18.43	19.48	118	0.93	0.38	10.68	4	seek	squad-1	3	bot-1
21042	bot-3	alpha	S00r-3310	state+latches	-16.83	23.34	109	0.00	0.00		0		squad-1	4	bot-1
21042	bot-8	alpha	H00m-4110	packs	-24.41	18.79	60	0.00	0.00		0		squad-1	7	bot-1
21059	bot-8	alpha	H00m-4210	health	-24.41	18.79	59	0.00	0.00		0		squad-1	7	bot-1
21092	bot-8	alpha	H00m-421G	latches	-24.41	18.79	56	0.00	0.00		0		squad-1	7	bot-1
21092	bot-9	bravo	H46rm331G	health	-6.68	12.84	312	0.00	0.00		0		squad-2	3	
21092	bot-11	bravo	F46rb4410	state	-5.14	12.45	289	0.01	0.01		0		squad-2	0	
21108	bot-10	alpha	C10r-4412	tier	-18.89	17.40	96	4.60	0.38	2.82	1	cover	squad-1	1	bot-1
21108	bot-11	bravo	A46rb4410	state	-5.14	12.45	289	0.00	0.00		0		squad-2	0	
21125	bot-13	bravo	A46rm4420	state+latches	-5.24	17.68	276	1.28	0.39	4.13	3	cover	squad-2	1	
21142	bot-7	bravo	H46mm222G	element+latches	-5.94	13.37	295	0.00	0.00		0		squad-2	5	
21192	bot-6	bravo	C36r-441G	state	-16.92	14.51	316	0.00	0.00		0		squad-2	2	
21208	bot-6	bravo	C36r-4412	latches	-16.92	14.51	316	0.00	0.00		0		squad-2	2	
21208	bot-11	bravo	F46rb4410	state	-5.14	12.45	291	0.00	0.00		0		squad-2	0	
21225	bot-11	bravo	A46rb4410	state	-5.14	12.45	292	0.00	0.00		0		squad-2	0	
21225	bot-13	bravo	C46rm4420	state	-5.24	17.68	276	0.00	0.00		0		squad-2	1	
21242	bot-13	bravo	C46rm4422	latches	-5.24	17.63	277	1.32	0.04	5.09	1	cover	squad-2	1	
21259	bot-9	bravo	H46rm3310	latches	-6.68	12.84	300	0.00	0.00		0		squad-2	3	
21259	bot-11	bravo	A46rm441G	element+latches	-5.14	12.45	292	0.00	0.00		0		squad-2	0	
21309	bot-7	bravo	H46mm232G	health	-5.94	13.36	282	0.00	0.01		0		squad-2	5	
21325	bot-8	alpha	H00m-4210	latches	-24.41	18.79	39	0.00	0.00		0		squad-1	7	bot-1
21358	bot-15	bravo	S46mm4420	state	-2.07	14.98	212	2.57	2.01	5.08	2	medic	squad-2	4	
21392	bot-7	bravo	H46mm2320	latches	-5.94	13.36	276	0.00	0.00		0		squad-2	5	
21442	bot-1	alpha	A00r-3410	state	-23.65	20.68	120	0.96	0.77	16.36	4	seek	squad-1	0	bot-1
21492	bot-11	bravo	S46rm4414	state+latches	-5.14	12.45	292	0.00	0.00		0		squad-2	0	
21509	bot-13	bravo	C46rb3422	element+ammo	-5.21	17.17	278	4.51	0.47	4.62	1	cover	squad-2	1	
21525	bot-16	alpha	F00m-4420	state	-21.91	15.04	83	0.00	0.00		0		squad-1	6	bot-1
21542	bot-6	bravo	C37r-4412	score	-16.92	14.51	316	0.00	0.00		0		squad-2	2	
21542	bot-7	bravo	H47mm2320	score	-5.94	13.36	264	0.00	0.00		0		squad-2	5	
21542	bot-9	bravo	H47rm3310	score	-6.68	12.84	277	0.00	0.00		0		squad-2	3	
21542	bot-11	bravo	S47rm4414	score	-5.14	12.45	306	0.00	0.00		0		squad-2	0	
21542	bot-13	bravo	C47rb3322	score+health	-5.20	17.02	279	4.62	0.15	4.47	1	cover	squad-2	1	
21542	bot-15	bravo	S47mm4420	score	-2.12	14.77	263	1.11	0.21	19.91	6	seek	squad-2	4	
21542	bot-16	alpha	A00m-4420	state	-21.91	15.04	83	0.00	0.00		0		squad-1	6	bot-1
21592	bot-13	bravo	A47rb3320	state+latches	-5.19	16.86	280	4.68	0.16	4.32	1	cover	squad-2	1	
21625	bot-8	alpha	H00m-421G	latches	-24.41	18.79	65	0.00	0.00		0		squad-1	7	bot-1
21625	bot-13	bravo	F47rb3320	state	-5.19	16.85	280	0.28	0.00		0		squad-2	1	bot-11
21625	bot-14	alpha	A10r-4410	tier	-18.41	19.50	101	0.00	0.02		0		squad-1	3	bot-1
21642	bot-8	alpha	H10m-421G	tier	-24.41	18.79	66	0.00	0.00		0		squad-1	7	bot-1
21642	bot-12	alpha	A10r-3310	tier	-17.64	19.08	100	0.00	0.00		0		squad-1	2	bot-1
21642	bot-13	bravo	A47rb3320	state	-5.19	16.85	280	0.02	0.00		0		squad-2	1	bot-11
21675	bot-16	alpha	F00m-4420	state	-21.91	15.04	84	0.00	0.00		0		squad-1	6	bot-1
21692	bot-6	bravo	C38r-4412	score	-16.92	14.51	316	0.00	0.00		0		squad-2	2	bot-11
21692	bot-7	bravo	H48mm2320	score	-5.94	13.36	252	0.00	0.00		0		squad-2	5	bot-11
21692	bot-9	bravo	H48rm3310	score	-6.68	12.84	266	0.00	0.00		0		squad-2	3	bot-11
21692	bot-11	bravo	S48rm4414	score	-5.14	12.45	330	0.00	0.00		0		squad-2	0	bot-11
21692	bot-13	bravo	E48rb3220	state+score+health	-5.19	16.85	280	0.00	0.00		0		squad-2	1	bot-11
21692	bot-15	bravo	M48mm4420	state+score	-2.18	14.62	276	1.39	0.17	19.86	6	seek	squad-2	4	bot-11
21692	bot-16	alpha	A00m-4420	state	-21.91	15.04	84	0.00	0.00		0		squad-1	6	bot-1
21708	bot-13	bravo	E48rb3229	latches	-5.16	16.81	280	1.68	0.06	6.72	3	flee	squad-2	1	bot-11
21708	bot-15	bravo	M48mb4420	element	-2.27	14.58	271	2.96	0.09	3.68	2	medic	squad-2	4	bot-11
21742	bot-11	bravo	S48rm4410	latches	-5.16	12.44	324	1.34	0.02	14.72	5	seek	squad-2	0	bot-11
21742	bot-14	alpha	A21r-4410	tier+score	-18.41	19.50	102	0.00	0.00		0		squad-1	3	bot-1
21742	bot-16	alpha	M21m-4420	state+tier+score	-21.91	15.04	84	0.00	0.00		0		squad-1	6	bot-1
21758	bot-1	alpha	A21r-3410	tier+score	-23.66	20.69	102	0.00	0.02		0		squad-1	0	bot-1
21758	bot-3	alpha	S21r-3310	tier+score	-16.82	23.35	160	0.00	0.01		0		squad-1	4	bot-1
21758	bot-5	alpha	S21r-2310	tier+score	-17.66	20.26	129	2.55	0.70	16.31	5	seek	squad-1	5	bot-1
21758	bot-8	alpha	H21m-421G	tier+score	-24.41	18.79	75	0.00	0.00		0		squad-1	7	bot-1
21758	bot-10	alpha	C21r-4412	tier+score	-18.87	20.30	104	5.15	2.91	0.95	1	cover	squad-1	1	bot-1
21758	bot-12	alpha	E21r-3210	state+tier+score+health	-17.64	19.08	100	0.00	0.00		0		squad-1	2	bot-1
21775	bot-9	bravo	C48rm3310	state	-6.68	12.84	261	0.00	0.00		0		squad-2	3	bot-11
21775	bot-12	alpha	E21r-3219	latches	-17.66	19.07	101	0.55	0.02	5.92	1	flee	squad-1	2	bot-1
21792	bot-9	bravo	C48rb3312	element+latches	-6.63	12.82	254	1.45	0.05	6.11	3	cover	squad-2	3	bot-11
21825	bot-10	alpha	C21r-441I	latches	-18.56	20.47	105	5.37	0.35	0.74	1	cover	squad-1	1	bot-1
21858	bot-14	alpha	A32r-4410	tier+score	-18.41	19.50	102	0.00	0.00		0		squad-1	3	bot-1
21858	bot-16	alpha	M32m-4420	tier+score	-21.68	15.08	85	1.85	0.24	5.68	3	medic	squad-1	6	bot-1
21875	bot-1	alpha	A32r-3410	tier+score	-23.66	20.69	102	0.00	0.00		0		squad-1	0	bot-1
21875	bot-3	alpha	C32r-3310	state+tier+score	-16.82	23.35	134	0.00	0.00		0		squad-1	4	bot-1
21875	bot-5	alpha	C32r-2310	state+tier+score	-17.55	20.18	129	0.75	0.14	16.17	5	seek	squad-1	5	bot-1
21875	bot-8	alpha	H32m-4210	tier+score+latches	-24.41	18.79	84	0.00	0.00		0		squad-1	7	bot-1
21875	bot-10	alpha	C32r-441I	tier+score	-18.30	20.51	105	5.12	0.26	0.58	1	cover	squad-1	1	bot-1
21875	bot-12	alpha	E32r-3119	tier+score+health	-17.72	19.05	101	0.65	0.06	5.89	1	flee	squad-1	2	bot-1
21892	bot-3	alpha	C32r-3312	latches	-16.82	23.35	134	0.00	0.00		0		squad-1	4	bot-1
21892	bot-5	alpha	C32r-2312	latches	-17.55	20.13	137	1.65	0.05	8.58	3	cover	squad-1	5	bot-1
21942	bot-13	bravo	E49rb3129	score+health	-4.85	16.39	286	5.35	0.53	6.76	3	flee	squad-2	1	bot-11
21942	bot-15	bravo	M49mb4420	score	-2.78	14.53	272	2.05	0.51	3.33	2	medic	squad-2	4	bot-11
21958	bot-6	bravo	C39r-4412	score	-16.92	14.51	316	0.00	0.00		0		squad-2	2	bot-11
21958	bot-7	bravo	H49mm2320	score	-5.94	13.36	247	0.00	0.00		0		squad-2	5	bot-11
21958	bot-9	bravo	C49rb3312	score	-6.41	12.73	219	1.45	0.24	5.97	3	cover	squad-2	3	bot-11
21958	bot-11	bravo	S49rm4410	score	-5.39	12.27	304	1.35	0.29	14.63	5	seek	squad-2	0	bot-11
21975	bot-7	bravo	H49mb2320	element	-5.94	13.36	248	0.00	0.00		0		squad-2	5	bot-11
21975	bot-10	alpha	C32r-4412	latches	-18.14	20.48	114	0.57	0.17		0		squad-1	1	bot-1
21992	bot-7	bravo	A49mb2320	state	-5.94	13.36	248	0.00	0.00		0		squad-2	5	bot-11
21992	bot-16	alpha	P32m-4420	state	-21.40	15.14	86	4.10	0.28	5.44	1	muzzleRecovery	squad-1	6	bot-1
22008	bot-6	bravo	C38r-4412	score	-16.92	14.51	316	0.00	0.00		0		squad-2	2	bot-11
22008	bot-7	bravo	A48mb2320	score	-5.94	13.36	255	0.00	0.00		0		squad-2	5	bot-11
22008	bot-9	bravo	C48rb3312	score	-6.30	12.68	217	4.43	0.12	5.91	3	cover	squad-2	3	bot-11
22008	bot-11	bravo	A48rm4410	state+score	-5.45	12.21	305	2.41	0.08	14.61	5	seek	squad-2	0	bot-11
22008	bot-13	bravo	E48rb3129	score	-4.63	16.10	286	5.43	0.36	6.81	3	flee	squad-2	1	bot-11
22008	bot-15	bravo	M48mb4420	score	-2.91	14.52	272	1.95	0.13	3.24	2	medic	squad-2	4	bot-11
22025	bot-14	alpha	C32r-4410	state	-18.41	19.50	104	0.00	0.00		0		squad-1	3	bot-1
22042	bot-14	alpha	C32r-4412	latches	-18.45	19.54	104	1.52	0.05	1.42	1	cover	squad-1	3	bot-1
22042	bot-16	alpha	M32m-4420	state	-21.61	15.11	99	0.00	0.21	5.61	0	muzzleRecovery	squad-1	6	bot-1
22092	bot-10	alpha	A32r-4410	state+latches	-18.13	20.49	109	0.01	0.01		0		squad-1	1	bot-1
22092	bot-11	bravo	C48rm4410	state	-5.45	12.21	287	0.00	0.00		0		squad-2	0	bot-11
22108	bot-1	alpha	A32r-341G	latches	-23.66	20.69	104	0.00	0.00		0		squad-1	0	bot-1
22108	bot-11	bravo	C48rm4412	latches	-5.43	12.17	281	1.36	0.05	5.33	1	cover	squad-2	0	bot-11
22142	bot-10	alpha	F32r-4410	state	-18.13	20.49	109	0.00	0.00		0		squad-1	1	bot-1
22159	bot-8	alpha	H32m-4310	health	-24.41	18.79	107	0.00	0.00		0		squad-1	7	bot-1
22159	bot-10	alpha	P32r-4410	state	-18.13	20.49	109	1.46	0.00		1	muzzleRecovery	squad-1	1	bot-1
22192	bot-12	alpha	E32r-3110	latches	-18.12	18.87	104	2.39	0.44	5.68	1	flee	squad-1	2	bot-1
22208	bot-12	alpha	E32r-3119	latches	-18.17	18.87	104	2.62	0.04	5.65	1	flee	squad-1	2	bot-1
22242	bot-3	alpha	S32r-3310	state+latches	-16.82	23.35	134	0.00	0.00		0		squad-1	4	bot-1
22242	bot-5	alpha	A32r-2310	state+latches	-17.38	19.42	108	4.58	0.72	7.99	3	cover	squad-1	5	bot-1
22275	bot-10	alpha	P32r-441G	latches	-17.94	20.55	85	1.59	0.21		1	muzzleRecovery	squad-1	1	bot-1
22292	bot-13	bravo	E49rb3029	score+health	-3.81	14.82	289	2.82	1.52	7.33	2	flee	squad-2	1	bot-11
22292	bot-15	bravo	M49mb4420	score	-3.31	14.65	289	2.37	0.42	1.05	1	medic	squad-2	4	bot-11
22308	bot-6	bravo	C39r-4412	score	-16.92	14.51	289	0.00	0.00		0		squad-2	2	bot-11
22308	bot-7	bravo	A49mb2320	score	-5.94	13.36	279	0.00	0.00		0		squad-2	5	bot-11
22308	bot-9	bravo	C49rb3312	score	-5.19	12.86	281	3.42	1.12	4.92	3	cover	squad-2	3	bot-11
22308	bot-11	bravo	C49rm4412	score	-5.35	11.90	284	1.41	0.28	5.05	1	cover	squad-2	0	bot-11
22358	bot-1	alpha	S32r-3410	state+latches	-23.66	20.69	104	0.00	0.00		0		squad-1	0	bot-1
22442	bot-14	alpha	A32r-4410	state+latches	-18.34	20.56	111	1.99	1.03	0.89	1	cover	squad-1	3	bot-1
22442	bot-15	bravo	T49mb4420	state	-3.12	14.81	288	2.37	0.24	1.11	2	medic	squad-2	4	bot-11
22459	bot-11	bravo	A49rm4410	state+latches	-5.25	11.32	288	4.50	0.58	4.47	1	cover	squad-2	0	bot-11
22476	bot-5	alpha	F32r-2310	state	-17.37	19.43	109	0.00	0.01		0		squad-1	5	bot-1
22476	bot-14	alpha	A32r-441G	latches	-18.26	20.63	112	1.45	0.11		0		squad-1	3	bot-1
22492	bot-5	alpha	A32r-2310	state	-17.37	19.43	109	0.00	0.00		0		squad-1	5	bot-1
22509	bot-6	bravo	E39r-4410	state+latches	-16.92	14.51	306	0.00	0.00		0		squad-2	2	bot-11
22509	bot-10	alpha	P32r-4410	latches	-17.61	20.48	123	1.38	0.34		1	muzzleRecovery	squad-1	1	bot-1
22526	bot-6	bravo	E39r-4411	latches	-16.75	14.54	308	4.96	0.17	2.75	2	flee	squad-2	2	bot-11
22526	bot-15	bravo	T49mm442G	element+latches	-3.03	14.79	292	1.36	0.10	1.20	2	medic	squad-2	4	bot-11
22543	bot-5	alpha	A32r-231G	latches	-17.37	19.43	110	0.00	0.00		0		squad-1	5	bot-1
22543	bot-7	bravo	A49mm232G	element+latches	-5.94	13.36	282	0.00	0.00		0		squad-2	5	bot-11
22543	bot-12	alpha	E32r-3110	latches	-19.31	19.47	108	4.39	1.29	5.38	2	flee	squad-1	2	bot-1
22543	bot-15	bravo	M49mb4420	state+element+latches	-3.03	14.79	292	1.36	0.00	1.20	2	medic	squad-2	4	bot-11
22559	bot-6	bravo	E38r-4411	score	-16.59	14.58	309	4.96	0.17	2.60	2	flee	squad-2	2	bot-11
22559	bot-7	bravo	A48mm232G	score	-5.94	13.36	282	0.00	0.00		0		squad-2	5	bot-11
22559	bot-9	bravo	C48rb3312	score	-4.37	13.03	283	3.07	0.84	4.20	3	cover	squad-2	3	bot-11
22559	bot-11	bravo	A48rm4410	score	-5.25	11.32	290	0.06	0.00		0		squad-2	0	bot-11
22559	bot-12	alpha	E32r-3119	latches	-19.38	19.51	108	4.64	0.08	5.30	2	flee	squad-1	2	bot-1
22559	bot-13	bravo	E48rb3029	score	-3.30	14.21	281	5.77	0.80	7.62	2	flee	squad-2	1	bot-11
22559	bot-15	bravo	M48mb4420	score	-3.00	14.80	284	0.70	0.03	1.23	2	medic	squad-2	4	bot-11
22593	bot-6	bravo	E37r-4411	score	-16.43	14.61	310	4.96	0.17	2.45	2	flee	squad-2	2	bot-11
22593	bot-7	bravo	A47mm232G	score	-5.94	13.36	282	0.00	0.00		0		squad-2	5	bot-11
22593	bot-9	bravo	C47rb3312	score	-4.27	13.07	283	3.08	0.10	4.11	3	cover	squad-2	3	bot-11
22593	bot-11	bravo	A47rm4410	score	-5.25	11.32	291	0.06	0.00		0		squad-2	0	bot-11
22593	bot-13	bravo	E47rb3029	score	-3.14	14.11	278	5.78	0.19	7.64	2	flee	squad-2	1	bot-11
22593	bot-15	bravo	T47mb4420	state+score	-2.99	14.81	279	0.46	0.01	1.23	2	medic	squad-2	4	bot-11
22626	bot-15	bravo	M47mb4420	state	-2.99	14.80	276	0.34	0.01	1.24	2	medic	squad-2	4	bot-11
22643	bot-10	alpha	C32r-4410	state	-17.51	20.39	140	0.00	0.12		0	muzzleRecovery	squad-1	1	bot-1
22643	bot-15	bravo	T47mb4420	state	-2.99	14.80	277	0.08	0.00	1.23	2	medic	squad-2	4	bot-11
22660	bot-10	alpha	C32r-4412	latches	-17.54	20.43	133	1.50	0.05	6.50	2	cover	squad-1	1	bot-1
22660	bot-15	bravo	M47mb4420	state	-2.98	14.80	277	0.18	0.00	1.24	2	medic	squad-2	4	bot-11
22660	bot-16	alpha	M32m-3420	ammo	-18.78	16.94	129	5.92	3.36	2.92	1	medic	squad-1	6	bot-1
22677	bot-1	alpha	A32r-3410	state	-23.60	20.51	158	1.03	0.19	18.48	7	seek	squad-1	0	bot-1
22677	bot-3	alpha	C32r-3310	state	-16.20	22.66	146	2.22	0.93	3.15	2	seek	squad-1	4	bot-1
22677	bot-5	alpha	C32r-231G	state	-17.37	19.43	110	0.00	0.00		0		squad-1	5	bot-1
22677	bot-6	bravo	E36r-4411	score	-16.02	14.70	310	5.00	0.42	2.07	2	flee	squad-2	2	bot-11
22677	bot-7	bravo	A46mm232G	score	-5.94	13.36	282	0.00	0.00		0		squad-2	5	bot-11
22677	bot-9	bravo	C46rb3312	score	-4.04	13.15	284	2.97	0.25	3.88	3	cover	squad-2	3	bot-11
22677	bot-11	bravo	A46rm4410	score	-5.25	11.32	293	0.00	0.00		0		squad-2	0	bot-11
22677	bot-13	bravo	E46rb3029	score	-2.68	14.01	280	5.53	0.47	7.55	2	flee	squad-2	1	bot-11
22677	bot-15	bravo	M46mb4420	score	-2.76	14.75	278	6.80	0.23	0.87	2	medic	squad-2	4	bot-11
22693	bot-3	alpha	C32r-3312	latches	-16.20	22.66	155	0.30	0.00		0		squad-1	4	bot-1
22693	bot-5	alpha	C32r-231I	latches	-17.38	19.42	117	0.50	0.02	5.87	4	cover	squad-1	5	bot-1
22710	bot-6	bravo	E36r-441H	latches	-15.86	14.74	310	5.05	0.17	1.92	2	flee	squad-2	2	bot-11
22710	bot-14	alpha	S32r-4410	state+latches	-18.25	20.65	112	0.00	0.02		0		squad-1	3	bot-1
22710	bot-16	alpha	M32m-342G	latches	-18.90	17.21	124	5.93	0.30	2.62	1	medic	squad-1	6	bot-1
22727	bot-1	alpha	A32r-341G	latches	-23.60	20.51	148	0.38	0.00		0		squad-1	0	bot-1
22727	bot-6	bravo	E36r-4411	latches	-15.78	14.76	314	5.07	0.09	1.85	2	flee	squad-2	2	bot-11
22727	bot-16	alpha	M32m-3420	latches	-18.94	17.30	120	5.74	0.10	2.52	1	medic	squad-1	6	bot-1
22777	bot-5	alpha	C32r-2312	latches	-17.39	19.37	134	0.59	0.05	5.85	4	cover	squad-1	5	bot-1
22777	bot-7	bravo	S46mm2324	state+latches	-5.94	13.36	282	0.00	0.00		0		squad-2	5	bot-11
22777	bot-15	bravo	T46mb4420	state	-2.23	14.83	279	6.74	0.54	0.36	2	medic	squad-2	4	bot-11
22794	bot-9	bravo	P46rb3314	state+latches	-3.76	13.25	286	4.38	0.29	3.63	1	muzzleRecovery	squad-2	3	bot-11
22794	bot-13	bravo	E46rm302P	element+latches	-2.26	14.33	281	5.66	0.53	7.10	1	flee	squad-2	1	bot-11
22827	bot-14	alpha	C32r-4410	state	-18.30	20.60	136	0.63	0.07	14.18	7	seek	squad-1	3	bot-1
22844	bot-8	alpha	S32m-4310	state	-24.41	18.79	142	0.00	0.00		0		squad-1	7	bot-1
22844	bot-14	alpha	C32r-4412	latches	-18.31	20.59	143	0.64	0.02	7.71	3	cover	squad-1	3	bot-1
22894	bot-9	bravo	A46rb3310	state+latches	-4.18	13.13	260	0.00	0.44	4.00	0	muzzleRecovery	squad-2	3	bot-11
22894	bot-11	bravo	C46rm4410	state	-5.24	11.32	296	0.00	0.00		0		squad-2	0	bot-11
22911	bot-11	bravo	C46rm4412	latches	-5.26	11.27	296	1.48	0.05	9.38	2	cover	squad-2	0	bot-11
22911	bot-15	bravo	T46mm442G	element+latches	-2.26	15.08	285	0.00	0.25	0.31	2	medic	squad-2	4	bot-11
22961	bot-1	alpha	S32r-3410	state+latches	-23.61	20.51	148	0.00	0.01		0		squad-1	0	bot-1
22961	bot-12	alpha	E32r-311P	latches	-21.04	20.36	120	4.61	1.87	3.48	2	flee	squad-1	2	bot-1
22994	bot-13	bravo	E46rm312P	health	-1.74	14.76	281	2.77	0.67	6.54	1	flee	squad-2	1	bot-11
23028	bot-7	bravo	S46mm2320	latches	-5.96	13.36	314	1.39	0.02	14.49	4	seek	squad-2	5	bot-11
23028	bot-9	bravo	A46rm331G	element+latches	-4.19	13.10	287	0.23	0.03		0		squad-2	3	bot-11
23028	bot-13	bravo	E46rm3129	latches	-1.67	14.81	281	2.47	0.08	6.48	1	flee	squad-2	1	bot-11
23028	bot-15	bravo	M46mm442G	state	-2.10	15.17	296	1.79	0.18	0.19	2	medic	squad-2	4	bot-11
23044	bot-15	bravo	T46mm442G	state	-2.08	15.19	295	1.72	0.03		0		squad-2	4	bot-11
23061	bot-10	alpha	C32r-441I	latches	-18.20	21.46	144	3.84	1.22	5.75	2	cover	squad-1	1	bot-1
23095	bot-6	bravo	C36r-4410	state+latches	-14.54	15.76	318	3.39	1.59		0		squad-2	2	bot-11
23111	bot-5	alpha	A32r-2310	state+latches	-17.58	19.03	137	1.66	0.39	5.74	4	cover	squad-1	5	bot-1
23111	bot-6	bravo	C36r-4412	latches	-14.49	15.82	326	2.02	0.07	2.76	2	cover	squad-2	2	bot-11
23111	bot-10	alpha	A32r-441G	state+latches	-18.31	21.52	135	3.78	0.13	5.64	2	cover	squad-1	1	bot-1
23145	bot-15	bravo	T46mm4420	latches	-2.02	15.26	285	0.18	0.10		0		squad-2	4	bot-11
23195	bot-12	alpha	E32r-3119	latches	-21.99	20.84	120	4.54	1.07	2.47	2	flee	squad-1	2	bot-1
23195	bot-14	alpha	A32r-4410	state+latches	-18.49	20.08	194	1.84	0.53	7.48	3	cover	squad-1	3	bot-1
23262	bot-5	alpha	F32r-2310	state	-17.57	19.04	136	0.52	0.01		0		squad-1	5	bot-1
23262	bot-9	bravo	S46rm3314	state+latches	-4.19	13.09	287	0.00	0.00		0		squad-2	3	bot-11
23279	bot-5	alpha	P32r-2310	state	-17.57	19.04	136	2.31	0.00		1	muzzleRecovery	squad-1	5	bot-1
23279	bot-16	alpha	M32m-342G	latches	-20.71	20.07	127	5.61	3.29	1.75	1	medic	squad-1	6	bot-1
23295	bot-10	alpha	S32r-4410	state+latches	-18.30	21.54	135	0.01	0.02		0		squad-1	1	bot-1
23312	bot-3	alpha	P32r-3310	state+latches	-16.19	22.67	165	4.47	0.01		1	muzzleRecovery	squad-1	4	bot-1
23346	bot-3	alpha	A32r-3310	state	-16.11	22.79	157	0.00	0.15		0	muzzleRecovery	squad-1	4	bot-1
23362	bot-11	bravo	A46rm4410	state+latches	-5.55	9.93	307	4.40	1.37	8.01	2	cover	squad-2	0	bot-11
23396	bot-5	alpha	A32r-2310	state	-17.73	19.28	105	0.00	0.29		0	muzzleRecovery	squad-1	5	bot-1
23412	bot-3	alpha	F32r-3310	state	-16.11	22.79	166	0.00	0.00		0		squad-1	4	bot-1
23412	bot-3	alpha	F32r-2310	ammo	-16.11	22.79	166	0.00	0.00		0		squad-1	4	bot-1
23429	bot-3	alpha	A32r-2310	state	-16.11	22.79	166	0.00	0.00		0		squad-1	4	bot-1
23446	bot-10	alpha	C32r-4410	state	-18.31	21.44	115	0.92	0.09	8.58	3	seek	squad-1	1	bot-1
23463	bot-10	alpha	C32r-4412	latches	-18.31	21.44	124	0.00	0.00		0		squad-1	1	bot-1
23479	bot-15	bravo	M46mm4420	state	-2.02	15.26	261	0.00	0.00		0		squad-2	4	bot-11
23513	bot-9	bravo	S46rm3310	latches	-4.21	13.09	262	1.37	0.02	17.94	5	seek	squad-2	3	bot-11
23513	bot-16	alpha	M32m-3420	latches	-21.83	20.71	179	5.44	1.29	0.46	1	medic	squad-1	6	bot-1
23529	bot-3	alpha	F32r-2310	state	-16.10	22.81	166	0.01	0.02		0		squad-1	4	bot-1
23529	bot-5	alpha	F32r-2310	state	-17.72	19.30	138	0.02	0.02		0		squad-1	5	bot-1
23529	bot-6	bravo	E38r-4210	state+score+health+latches	-14.36	15.59	329	0.87	0.27		0		squad-2	2	bot-11
23529	bot-7	bravo	S48mm2320	score	-6.97	13.15	272	2.44	1.03	13.49	4	seek	squad-2	5	bot-11
23529	bot-9	bravo	S48rm3310	score	-4.23	13.09	265	1.37	0.02	17.92	5	seek	squad-2	3	bot-11
23529	bot-11	bravo	A48rm4410	score	-5.55	9.93	308	0.00	0.00		0		squad-2	0	bot-11
23529	bot-13	bravo	E48rm3129	score	-0.64	17.11	281	5.23	2.52	4.00	1	flee	squad-2	1	bot-11
23529	bot-15	bravo	M48mm4420	score	-1.73	15.59	278	6.38	0.43	1.64	1	medic	squad-2	4	bot-11
23546	bot-3	alpha	A32r-2310	state	-16.10	22.81	166	0.00	0.00		0		squad-1	4	bot-1
23546	bot-5	alpha	A32r-2310	state	-17.72	19.30	138	0.01	0.00		0		squad-1	5	bot-1
23546	bot-6	bravo	E38r-4219	latches	-14.38	15.56	320	1.31	0.04	1.16	1	flee	squad-2	2	bot-11
23647	bot-3	alpha	F32r-2310	state	-16.10	22.81	167	0.00	0.00		0		squad-1	4	bot-1
23647	bot-5	alpha	F32r-2310	state	-17.72	19.30	139	0.00	0.00		0		squad-1	5	bot-1
23647	bot-6	bravo	E39r-4019	score+health	-14.47	15.40	320	1.89	0.18	0.98	1	flee	squad-2	2	bot-11
23647	bot-7	bravo	S49mm2320	score	-7.24	13.10	272	2.41	0.28	13.21	4	seek	squad-2	5	bot-11
23647	bot-9	bravo	S49rm3310	score	-4.40	13.09	289	1.37	0.16	17.77	5	seek	squad-2	3	bot-11
23647	bot-11	bravo	A49rm4410	score	-5.55	9.93	308	0.00	0.00		0		squad-2	0	bot-11
23647	bot-13	bravo	E49rm3129	score	-0.53	17.71	281	5.21	0.61	3.39	1	flee	squad-2	1	bot-11
23647	bot-15	bravo	M49mm4420	score	-1.29	16.15	280	5.93	0.72	0.93	1	medic	squad-2	4	bot-11
23663	bot-3	alpha	A32r-2310	state	-16.10	22.81	167	0.00	0.00		0		squad-1	4	bot-1
23663	bot-5	alpha	A32r-2310	state	-17.72	19.30	140	0.00	0.00		0		squad-1	5	bot-1
23663	bot-15	bravo	T49mm4420	state	-1.29	16.15	280	5.93	0.00	0.93	1	medic	squad-2	4	bot-11
23680	bot-12	alpha	E32r-3110	latches	-24.22	21.20	120	2.00	2.25		0		squad-1	2	bot-1
23680	bot-15	bravo	M49mm4420	state	-1.29	16.15	285	0.23	0.00	0.93	1	medic	squad-2	4	bot-11
23697	bot-11	bravo	C49rm4410	state	-5.55	9.93	308	0.00	0.00		0		squad-2	0	bot-11
23697	bot-12	alpha	E33r-3110	score	-24.23	21.20	120	0.92	0.02		0		squad-1	2	bot-1
23697	bot-14	alpha	A33r-4410	score	-18.47	20.11	128	0.00	0.03		0		squad-1	3	bot-1
23697	bot-16	alpha	M33m-3420	score	-22.78	21.11	135	6.18	1.03	0.96	1	medic	squad-1	6	bot-1
23714	bot-1	alpha	S33r-3410	score	-23.30	19.50	102	2.21	1.06	19.75	7	seek	squad-1	0	bot-1
23714	bot-3	alpha	A33r-2310	score	-16.10	22.81	168	0.00	0.00		0		squad-1	4	bot-1
23714	bot-5	alpha	E33r-2210	state+score+health	-17.72	19.30	141	0.00	0.00		0		squad-1	5	bot-1
23714	bot-7	bravo	M49mm2320	state	-7.36	13.09	272	2.19	0.11	13.10	4	seek	squad-2	5	bot-11
23714	bot-8	alpha	M33m-4310	state+score	-23.20	17.31	91	2.34	1.91	18.26	7	seek	squad-1	7	bot-1
23714	bot-10	alpha	C33r-4412	score	-18.30	21.46	164	0.00	0.01		0		squad-1	1	bot-1
23714	bot-11	bravo	C49rm4412	latches	-5.54	9.98	307	1.53	0.05	2.63	1	cover	squad-2	0	bot-11
23730	bot-5	alpha	E33r-2219	latches	-17.83	19.37	141	4.02	0.14	5.61	1	flee	squad-1	5	bot-1
23730	bot-9	bravo	C49rm3310	state	-4.49	13.08	291	1.37	0.09	17.69	5	seek	squad-2	3	bot-11
23747	bot-9	bravo	C49rb3312	element+latches	-4.59	13.08	284	4.73	0.10	8.49	2	cover	squad-2	3	bot-11
23764	bot-3	alpha	F33r-2310	state	-16.10	22.81	168	0.00	0.00		0		squad-1	4	bot-1
23764	bot-3	alpha	P33r-2310	state	-16.10	22.81	169	0.00	0.00		0		squad-1	4	bot-1
23764	bot-6	bravo	D00r--000	state+tier+score+ammo+packs+latches	-14.56	15.23	321	0.00	0.20	0.78	1	flee	squad-2	2	bot-11
23764	bot-5	alpha	E33r-2210	latches	-17.96	19.41	141	3.85	0.13	5.48	1	flee	squad-1	5	bot-1
23764	bot-7	bravo	S49mm2320	state	-7.62	13.06	270	5.57	0.26	7.26	2	medic	squad-2	5	bot-11
23780	bot-3	alpha	S33r-2310	state	-16.10	22.81	169	0.00	0.00		0		squad-1	4	bot-1
23780	bot-5	alpha	E33r-2219	latches	-18.01	19.43	137	3.66	0.06	5.42	1	flee	squad-1	5	bot-1
23780	bot-9	bravo	C49rm3312	element	-4.75	13.08	275	4.73	0.16	8.33	2	cover	squad-2	2	bot-11
23780	bot-16	alpha	T33m-3420	state	-23.16	21.32	134	6.66	0.43	0.56	1	medic	squad-1	6	bot-1
23797	bot-14	alpha	F33r-4410	state	-18.47	20.11	128	0.00	0.00		0		squad-1	3	bot-1
23814	bot-14	alpha	A33r-4410	state	-18.47	20.11	128	0.00	0.00		0	muzzleRecovery	squad-1	3	bot-1
23864	bot-15	bravo	T49mm4420	state	-0.68	16.82	282	0.00	0.90		0		squad-2	3	bot-11
23914	bot-14	alpha	F33r-4410	state	-18.47	20.11	127	0.00	0.00		0		squad-1	3	bot-1
23931	bot-14	alpha	A33r-4410	state	-18.47	20.11	127	0.00	0.00		0		squad-1	3	bot-1
23964	bot-15	bravo	M49mm4420	state	-0.68	16.82	308	0.00	0.00		0		squad-2	3	bot-11
23981	bot-14	alpha	C33r-4410	state	-18.47	20.11	126	0.00	0.00		0		squad-1	3	bot-1
23998	bot-14	alpha	C33r-4412	latches	-18.47	20.09	126	0.54	0.02	8.28	2	cover	squad-1	3	bot-1
24015	bot-9	bravo	C49rb3312	element	-5.87	13.06	270	4.74	1.12	7.24	2	cover	squad-2	2	bot-11
24015	bot-11	bravo	C49rb4412	element	-5.38	10.70	306	4.29	0.74	1.90	1	cover	squad-2	0	bot-11
24098	bot-14	alpha	C33r-441I	latches	-18.47	20.02	128	0.84	0.08	8.21	2	cover	squad-1	3	bot-1
24115	bot-10	alpha	P33r-4410	state+latches	-18.30	21.46	143	0.00	0.00		0		squad-1	1	bot-1
24182	bot-12	alpha	H33r-3110	state	-24.26	21.23	120	0.00	0.04		0		squad-1	2	bot-1
24182	bot-16	alpha	M33m-3420	state	-23.19	21.38	134	0.00	0.07	0.53	1	medic	squad-1	6	bot-1
24198	bot-13	bravo	E39r-3129	tier+element	-0.03	20.58	281	5.39	2.91	0.48	1	flee	squad-2	1	bot-11
24265	bot-13	bravo	E39r-3120	latches	-0.01	20.76	281	0.04	0.18		0		squad-2	1	bot-11
24299	bot-11	bravo	C49rb441I	latches	-5.09	11.94	303	4.66	1.27	0.63	1	cover	squad-2	0	bot-11
24316	bot-5	alpha	E33r-221P	latches	-19.76	19.92	119	5.25	1.82	3.76	1	flee	squad-1	5	bot-1
24316	bot-11	bravo	C49rb4412	latches	-5.07	12.02	299	4.74	0.08	0.55	1	cover	squad-2	0	bot-11
24332	bot-14	alpha	C33r-4412	latches	-18.39	19.61	178	2.42	0.41	7.83	2	cover	squad-1	3	bot-1
24349	bot-12	alpha	H33r-3210	health	-24.29	21.24	109	0.71	0.03		0		squad-1	2	bot-1
24349	bot-13	bravo	E49rm3120	tier+element	-0.01	20.76	281	0.00	0.00		0		squad-2	1	bot-11
24366	bot-11	bravo	G49rb4412	state	-5.04	12.17	295	4.08	0.15	0.39	1	cover	squad-2	0	bot-11
24382	bot-8	alpha	M33m-431G	latches	-20.06	19.29	103	6.35	3.71	0.76	1	medic	squad-1	7	bot-1
24382	bot-11	bravo	G49rb441I	latches	-4.98	12.41	288	0.00	0.25		0		squad-2	0	bot-11
24399	bot-8	alpha	M33m-4310	latches	-20.04	19.40	108	6.42	0.11	0.66	1	medic	squad-1	7	bot-1
24416	bot-7	bravo	A49mb2320	state+element	-8.60	12.79	268	1.58	1.02	11.42	3	seek	squad-2	4	bot-11
24466	bot-7	bravo	A49mm232G	element+latches	-8.60	12.79	278	0.00	0.00		0		squad-2	4	bot-11
24466	bot-8	alpha	M33m-431G	latches	-19.93	19.74	120	3.48	0.36		0		squad-1	7	bot-1
24466	bot-15	bravo	T49mm4420	state	-0.43	19.36	9	6.09	2.56	1.46	1	medic	squad-2	3	bot-11
24550	bot-5	alpha	E33r-2219	latches	-20.44	20.96	119	5.18	1.24	2.56	1	flee	squad-1	5	bot-1
24583	bot-16	alpha	T33m-3420	state	-23.70	21.18	164	0.00	0.54		0		squad-1	6	bot-1
24617	bot-11	bravo	G49rb4412	latches	-4.95	12.55	269	0.00	0.14		0		squad-2	0	bot-11
24667	bot-11	bravo	C49rb4412	state	-4.95	12.55	272	0.00	0.00		0		squad-2	0	bot-11
24700	bot-7	bravo	S49mm2324	state+latches	-8.69	12.69	278	0.00	0.14		0		squad-2	4	bot-11
24700	bot-8	alpha	M33m-4310	latches	-20.16	20.35	95	6.31	0.66	0.75	1	medic	squad-1	7	bot-1
24717	bot-1	alpha	S33r-3410	tick	-22.45	17.31	156	2.40	2.35	18.58	7	seek	squad-1	0	bot-1
24717	bot-7	bravo	A49mb2320	state+element+latches	-8.70	12.68	282	0.00	0.01		0		squad-2	4	bot-11
24750	bot-1	alpha	S32r-3410	score	-22.40	17.20	156	2.40	0.12	18.52	7	seek	squad-1	0	bot-1
24750	bot-3	alpha	S32r-2310	score	-16.09	22.82	184	0.00	0.01		0		squad-1	4	bot-1
24750	bot-5	alpha	E32r-2219	score	-21.19	21.66	119	5.06	1.02	1.54	1	flee	squad-1	5	bot-1
24750	bot-8	alpha	T32m-4310	state+score	-20.22	20.56	86	6.38	0.21	0.54	1	medic	squad-1	7	bot-1
24750	bot-10	alpha	P32r-4410	score	-18.78	21.04	231	1.20	0.64	2.94	1	squad	squad-1	1	bot-1
24750	bot-12	alpha	H32r-3210	score	-24.31	21.25	77	0.00	0.02		0		squad-1	2	bot-1
24750	bot-14	alpha	C32r-4412	score	-18.61	18.88	189	1.90	0.76	7.08	2	cover	squad-1	3	bot-1
24750	bot-16	alpha	T32m-3420	score	-23.70	21.18	133	0.00	0.00		0		squad-1	6	bot-1
24767	bot-8	alpha	M32m-4310	state	-20.22	20.56	90	0.00	0.00	0.54	1	medic	squad-1	7	bot-1
24767	bot-13	bravo	H49rm3120	state	-0.01	20.76	281	0.00	0.00		0		squad-2	1	bot-11
24784	bot-13	bravo	H49rm3220	health	-0.01	20.76	274	0.00	0.00		0		squad-2	1	bot-11
24800	bot-8	alpha	T32m-4310	state	-20.31	20.75	82	6.27	0.21	0.33	1	medic	squad-1	7	bot-1
24834	bot-10	alpha	S32r-4410	state	-18.82	20.97	225	1.24	0.07	2.86	1	squad	squad-1	1	bot-1
24867	bot-1	alpha	S00r-3410	tier+score	-22.29	16.94	156	2.40	0.28	18.39	7	seek	squad-1	0	bot-1
24867	bot-3	alpha	S00r-2310	tier+score	-16.09	22.82	191	0.00	0.00		0		squad-1	4	bot-1
24867	bot-5	alpha	E00r-2219	tier+score	-21.65	22.01	119	5.07	0.58	0.96	1	flee	squad-1	5	bot-1
24867	bot-8	alpha	T00m-4310	tier+score	-20.26	20.82	103	0.61	0.09	0.30	1	medic	squad-1	7	bot-1
24867	bot-10	alpha	S00r-4410	tier+score	-18.80	20.90	212	1.55	0.08	14.63	4	seek	squad-1	1	bot-1
24867	bot-12	alpha	H00r-3210	tier+score	-24.31	21.25	73	0.00	0.00		0		squad-1	2	bot-1
24867	bot-14	alpha	C00r-4412	tier+score	-18.67	18.66	159	2.12	0.23	6.85	2	cover	squad-1	3	bot-1
24867	bot-16	alpha	T00m-3420	tier+score	-23.70	21.18	141	0.00	0.00		0		squad-1	6	bot-1
24884	bot-8	alpha	M00m-4310	state	-20.26	20.82	103	0.61	0.00	0.30	1	medic	squad-1	7	bot-1
24918	bot-8	alpha	T00m-4310	state	-20.25	20.82	103	0.17	0.01		0		squad-1	7	bot-1
24985	bot-12	alpha	H00r-3310	health	-24.31	21.25	74	0.00	0.00		0		squad-1	2	bot-1
25001	bot-13	bravo	H39r-3220	tier+element	-0.01	20.76	290	0.00	0.00		0		squad-2	1	bot-11
25018	bot-5	alpha	E00r-2210	latches	-22.16	22.38	119	0.82	0.63		0		squad-1	5	bot-1
25018	bot-9	bravo	C49rb3312	tick	-8.71	13.05	298	2.55	2.84	4.50	2	cover	squad-2	2	bot-11
25286	bot-12	alpha	S00r-3314	state+latches	-24.31	21.25	75	0.00	0.00		0		squad-1	2	bot-1
25286	bot-13	bravo	H39r-3320	health	-0.01	20.76	312	0.00	0.00		0		squad-2	1	bot-11
25302	bot-7	bravo	A48mb2320	score	-8.75	12.44	295	0.00	0.25		0		squad-2	4	bot-11
25302	bot-9	bravo	C48rb3312	score	-9.09	12.99	294	0.83	0.39	4.82	2	cover	squad-2	2	bot-11
25302	bot-11	bravo	C48rb4412	score	-7.24	12.75	291	4.73	2.29	6.16	3	cover	squad-2	0	bot-11
25302	bot-13	bravo	H38r-3320	score	-0.01	20.76	314	0.00	0.00		0		squad-2	1	bot-11
25302	bot-15	bravo	T48mm4420	score	-0.42	19.37	251	0.00	0.01	1.46	1	medic	squad-2	3	bot-11
25369	bot-5	alpha	E00r-2310	health	-22.16	22.41	119	0.00	0.03		0		squad-1	5	bot-1
25436	bot-10	alpha	A00r-4410	state	-18.79	20.24	133	1.05	0.65	14.17	4	seek	squad-1	1	bot-1
25453	bot-1	alpha	A00r-3410	state	-21.73	15.69	91	2.41	1.37	17.78	7	seek	squad-1	0	bot-1
25486	bot-1	alpha	A00r-341G	latches	-21.73	15.69	97	0.00	0.00		0		squad-1	0	bot-1
25503	bot-7	bravo	F48mb2320	state	-8.75	12.44	291	0.00	0.00		0		squad-2	4	bot-11
25503	bot-8	alpha	T32m-4310	tier+score	-20.25	20.83	169	0.00	0.00		0		squad-1	7	bot-1
25503	bot-10	alpha	A32r-4410	tier+score	-18.79	20.24	128	0.00	0.00		0		squad-1	1	bot-1
25503	bot-12	alpha	S32r-3314	tier+score	-24.31	21.25	95	0.00	0.00		0		squad-1	2	bot-1
25503	bot-14	alpha	C32r-4312	tier+score+health	-19.37	16.40	109	4.58	2.37	4.48	2	cover	squad-1	3	bot-1
25503	bot-16	alpha	T32m-3420	tier+score	-23.70	21.18	160	0.00	0.00		0		squad-1	6	bot-1
25520	bot-1	alpha	A32r-341G	tier+score	-21.73	15.69	97	0.00	0.00		0		squad-1	0	bot-1
25520	bot-3	alpha	S32r-2310	tier+score	-16.08	22.83	149	0.09	0.01		0		squad-1	4	bot-1
25520	bot-5	alpha	H32r-2310	state+tier+score	-22.16	22.41	119	0.00	0.00		0		squad-1	5	bot-1
25520	bot-7	bravo	A48mb2320	state	-8.75	12.44	291	0.00	0.00		0		squad-2	4	bot-11
25520	bot-8	alpha	M32m-4310	state	-20.25	20.83	169	0.00	0.00		0		squad-1	7	bot-1
25536	bot-14	alpha	C32r-3312	ammo	-19.42	16.26	109	4.58	0.15	4.33	1	muzzleRecovery	squad-1	3	bot-1
25553	bot-9	bravo	P48rb3314	state+latches	-9.42	12.98	288	4.13	0.32	4.53	1	muzzleRecovery	squad-2	2	bot-11
25553	bot-14	alpha	P32r-3310	state+latches	-19.42	16.26	109	4.02	0.00	4.33	1	muzzleRecovery	squad-1	3	bot-1
25553	bot-15	bravo	T38m-4420	tier+element	-0.42	19.37	234	0.00	0.00	1.46	1	medic	squad-2	3	bot-11
25587	bot-8	alpha	S32m-4310	state	-20.46	21.05	186	4.65	0.31	2.18	1	medic	squad-1	7	bot-1
25587	bot-13	bravo	S38r-3324	state+latches	-0.01	20.76	304	0.00	0.00		0		squad-2	1	bot-11
25604	bot-9	bravo	A48rb3310	state+latches	-9.57	12.85	276	0.00	0.21	4.46	0	muzzleRecovery	squad-2	2	bot-11
25604	bot-17	bravo	P00r-0410	initial	18.05	18.55	0	0.00			0			-1	
25620	bot-1	alpha	A32r-3410	latches	-21.73	15.69	94	0.00	0.00		0		squad-1	0	bot-1
25620	bot-17	bravo	P00r-4410	ammo	18.05	18.55	0	0.00	0.00		0		squad-3	0	bot-17
25653	bot-7	bravo	F48mb2320	state	-8.75	12.44	291	0.00	0.00		0		squad-2	4	bot-11
25653	bot-7	bravo	F48mb1320	ammo	-8.75	12.44	292	0.00	0.00		0		squad-2	4	bot-11
25653	bot-8	alpha	M33m-4310	state+score	-20.41	20.97	169	1.45	0.09	14.63	5	seek	squad-1	7	bot-1
25653	bot-10	alpha	A33r-4410	score	-18.78	20.26	129	0.01	0.02		0		squad-1	1	bot-1
25653	bot-12	alpha	S33r-3414	score+health	-24.31	21.25	107	0.00	0.00		0		squad-1	2	bot-1
25653	bot-14	alpha	E33r-3210	state+score+health	-19.43	16.66	83	4.08	0.41		0		squad-1	3	bot-1
25653	bot-16	alpha	T33m-3420	score	-23.71	21.19	148	0.16	0.01		0		squad-1	6	bot-1
25670	bot-1	alpha	A33r-3410	score	-21.73	15.69	86	0.00	0.00		0		squad-1	0	bot-1
25670	bot-3	alpha	S33r-2310	score	-16.08	22.83	138	0.00	0.00		0		squad-1	4	bot-1
25670	bot-5	alpha	H33r-2310	score	-22.16	22.41	153	0.00	0.00		0		squad-1	5	bot-1
25670	bot-7	bravo	A48mb1320	state	-8.75	12.44	292	0.00	0.00		0		squad-2	4	bot-11
25670	bot-14	alpha	E33r-3219	latches	-19.44	16.83	91	5.06	0.17	6.55	2	flee	squad-1	3	bot-1
25687	bot-10	alpha	C33r-4410	state	-18.78	20.26	129	0.00	0.00		0		squad-1	1	bot-1
25704	bot-10	alpha	C33r-4412	latches	-18.78	20.24	129	0.51	0.02	8.36	2	cover	squad-1	1	bot-1
25771	bot-15	bravo	T39m-4420	score	-0.42	19.37	214	0.00	0.00	1.46	1	medic	squad-2	3	bot-11
25787	bot-7	bravo	M49mb1320	state+score	-8.78	12.37	301	0.00	0.07		0		squad-2	4	bot-11
25787	bot-9	bravo	E49rb3210	state+score+health	-9.54	12.81	309	0.02	0.06		0		squad-2	2	bot-11
25787	bot-11	bravo	C49rb4412	score	-8.61	12.88	292	2.52	1.38	4.85	3	cover	squad-2	0	bot-11
25787	bot-13	bravo	S39r-3324	score	-0.01	20.76	287	0.00	0.00		0		squad-2	1	bot-11
25804	bot-9	bravo	E49rb3219	latches	-9.53	12.83	309	0.67	0.02	3.65	2	flee	squad-2	2	bot-11
25821	bot-11	bravo	C49rb441I	latches	-8.66	12.88	292	2.54	0.05	4.81	3	cover	squad-2	0	bot-11
25821	bot-14	alpha	E33r-321P	latches	-19.44	17.59	113	5.08	0.76	6.09	2	flee	squad-1	3	bot-1
25837	bot-14	alpha	E33r-3219	latches	-19.44	17.68	109	5.07	0.08	6.04	2	flee	squad-1	3	bot-1
25938	bot-13	bravo	S39r-3424	health	-0.01	20.76	275	0.00	0.00		0		squad-2	1	bot-11
25955	bot-11	bravo	C49rb4412	latches	-8.84	12.87	297	2.28	0.18	4.65	3	cover	squad-2	0	bot-11
26005	bot-5	alpha	S33r-2314	state+latches	-22.16	22.41	180	0.00	0.00		0		squad-1	5	bot-1
26005	bot-11	bravo	C49rb441I	latches	-8.91	12.87	293	0.52	0.07	4.59	3	cover	squad-2	0	bot-11
26022	bot-11	bravo	C49rb4412	latches	-8.95	12.87	297	2.41	0.04	4.56	3	cover	squad-2	0	bot-11
26055	bot-10	alpha	A33r-4410	state+latches	-18.69	19.78	127	1.98	0.47	7.93	2	cover	squad-1	1	bot-1
26072	bot-5	alpha	S33r-2310	latches	-22.16	22.41	171	0.31	0.01	23.26	5	seek	squad-1	5	bot-1
26088	bot-11	bravo	C49rb441I	latches	-9.01	12.88	296	2.32	0.06	4.50	3	cover	squad-2	0	bot-11
26105	bot-8	alpha	M33m-431G	latches	-20.13	19.39	164	3.93	1.60	2.01	2	medic	squad-1	7	bot-1
26155	bot-8	alpha	T33m-431G	state	-20.21	19.31	173	3.50	0.11	0.80	1	medic	squad-1	7	bot-1
26155	bot-14	alpha	E33r-3319	health	-20.40	18.44	89	4.99	1.22	4.82	1	flee	squad-1	3	bot-1
26172	bot-14	alpha	E33r-331P	latches	-20.48	18.44	89	4.82	0.08	4.75	1	flee	squad-1	3	bot-1
26189	bot-11	bravo	C49rb4412	latches	-8.93	12.89	297	2.54	0.08	4.56	3	cover	squad-2	0	bot-11
26205	bot-8	alpha	T33m-4310	latches	-20.21	19.31	155	0.00	0.00	0.80	1	medic	squad-1	7	bot-1
26256	bot-9	bravo	E49rb2219	ammo	-9.29	12.92	307	5.50	0.25	3.40	2	flee	squad-2	2	bot-11
26289	bot-11	bravo	C49rb441I	latches	-8.70	12.90	295	1.12	0.24	4.76	3	cover	squad-2	0	bot-11
26323	bot-8	alpha	T33m-431G	latches	-20.20	19.33	125	1.66	0.02	0.82	1	medic	squad-1	7	bot-1
26323	bot-11	bravo	C49rb4412	latches	-8.58	12.93	296	1.36	0.12	4.86	3	cover	squad-2	0	bot-11
26339	bot-8	alpha	T33m-4310	latches	-20.19	19.34	121	0.50	0.01	0.83	1	medic	squad-1	7	bot-1
26339	bot-16	alpha	S33m-3420	state	-23.71	21.19	96	0.00	0.01		0		squad-1	6	bot-1
26406	bot-14	alpha	E33r-3319	latches	-21.61	18.74	89	5.06	1.17	3.66	1	flee	squad-1	3	bot-1
26456	bot-8	alpha	T33m-431G	latches	-20.19	19.34	122	0.00	0.00	0.83	1	medic	squad-1	7	bot-1
26456	bot-11	bravo	C49rb441I	latches	-8.19	13.02	294	1.99	0.40	5.17	3	cover	squad-2	0	bot-11
26473	bot-8	alpha	M33m-4310	state+latches	-20.19	19.34	122	0.00	0.00	0.83	1	medic	squad-1	7	bot-1
26473	bot-9	bravo	E49rm221P	element+latches	-8.67	12.99	301	5.36	0.63	2.78	2	flee	squad-2	2	bot-11
26473	bot-15	bravo	T49mm4420	tier+element	-0.42	19.37	263	0.00	0.00	1.46	1	medic	squad-2	3	bot-11
26490	bot-8	alpha	T33m-4310	state	-20.25	19.34	119	3.53	0.06	1.72	1	medic	squad-1	7	bot-1
26490	bot-9	bravo	E49rb2219	element+latches	-8.61	13.00	299	5.39	0.06	2.72	2	flee	squad-2	2	bot-11
26490	bot-10	alpha	C33r-4410	state	-18.67	19.80	128	0.00	0.03		0		squad-1	1	bot-1
26507	bot-10	alpha	C33r-4412	latches	-18.67	19.79	127	0.50	0.01	7.94	2	cover	squad-1	1	bot-1
26523	bot-9	bravo	E49rm2219	element	-8.49	13.01	299	5.43	0.12	2.60	2	flee	squad-2	2	bot-11
26523	bot-11	bravo	C49rm441I	element	-7.95	13.04	290	2.01	0.24	5.39	3	cover	squad-2	0	bot-11
26540	bot-7	bravo	M47mb1320	score	-9.29	12.90	307	6.24	0.73	0.37	1	medic	squad-2	4	bot-11
26540	bot-9	bravo	E47rm2219	score	-8.43	13.02	298	5.43	0.06	2.54	2	flee	squad-2	2	bot-11
26540	bot-11	bravo	C47rm441I	score	-7.89	13.04	290	2.03	0.06	5.44	3	cover	squad-2	0	bot-11
26540	bot-13	bravo	S37r-3424	score	-0.01	20.76	228	0.00	0.00		0		squad-2	1	bot-11
26540	bot-15	bravo	T47mm4420	score	-0.42	19.37	269	0.00	0.00	1.46	1	medic	squad-2	3	bot-11
26573	bot-7	bravo	T47mb1320	state	-9.19	12.94	306	6.20	0.10	0.26	1	medic	squad-2	4	bot-11
26607	bot-8	alpha	T33m-431G	latches	-20.25	19.35	122	1.07	0.01	1.73	1	medic	squad-1	7	bot-1
26607	bot-9	bravo	E47rm221P	latches	-8.18	13.00	298	5.43	0.25	2.30	2	flee	squad-2	2	bot-11
26624	bot-15	bravo	S47mm4420	state	-0.42	19.37	274	0.00	0.00	1.46	1	medic	squad-2	3	bot-11
26624	bot-17	bravo	P00r-4410	tick	19.85	20.10	24	2.13	2.37		1	patrol	squad-3	0	bot-17
26657	bot-7	bravo	T45mb1320	score	-9.18	12.91	306	0.67	0.04	0.27	1	muzzleRecovery	squad-2	4	bot-11
26657	bot-9	bravo	E45rm221P	score	-8.12	12.89	298	5.52	0.12	2.27	2	flee	squad-2	2	bot-11
26657	bot-11	bravo	C45rm441I	score	-7.70	12.98	290	4.36	0.19	5.64	3	cover	squad-2	0	bot-11
26657	bot-12	alpha	S33r-3414	tick	-24.32	21.26	163	0.00	0.01		0		squad-1	2	bot-1
26657	bot-13	bravo	S35r-3424	score	-0.01	20.76	219	0.00	0.00		0		squad-2	1	bot-11
26657	bot-15	bravo	S45mm4420	score	-0.46	19.27	261	2.05	0.10	20.34	6	seek	squad-2	3	bot-11
26674	bot-1	alpha	A33r-3410	tick	-21.73	15.69	84	0.00	0.00		0		squad-1	0	bot-1
26674	bot-3	alpha	S33r-2310	tick	-16.07	22.84	120	0.00	0.01		0		squad-1	4	bot-1
26674	bot-7	bravo	P45mb1324	state+latches	-9.18	12.91	306	2.66	0.00	0.27	1	muzzleRecovery	squad-2	4	bot-11
26690	bot-11	bravo	C45rm4412	latches	-7.68	12.98	290	4.39	0.02	5.66	3	cover	squad-2	0	bot-11
26707	bot-1	alpha	A32r-3410	score	-21.73	15.69	84	0.00	0.00		0		squad-1	0	bot-1
26707	bot-3	alpha	S32r-2310	score	-16.07	22.84	123	0.00	0.00		0		squad-1	4	bot-1
26707	bot-5	alpha	S32r-2310	score	-21.80	21.88	122	1.63	0.64	22.68	5	seek	squad-1	5	bot-1
26707	bot-7	bravo	T45mb1320	state+latches	-9.17	12.82	297	0.00	0.09	0.32	0	muzzleRecovery	squad-2	4	bot-11
26707	bot-8	alpha	T32m-431G	score	-20.24	19.36	148	0.00	0.01	1.74	1	medic	squad-1	7	bot-1
26707	bot-10	alpha	C32r-4412	score	-18.70	19.67	126	0.58	0.12	7.82	2	cover	squad-1	1	bot-1
26707	bot-12	alpha	S32r-3414	score	-24.32	21.26	159	0.00	0.00		0		squad-1	2	bot-1
26707	bot-14	alpha	E32r-3311	score+latches	-22.78	19.69	89	4.57	1.51	2.15	1	flee	squad-1	3	bot-1
26707	bot-16	alpha	S32m-3420	score	-23.49	20.95	121	0.84	0.33	21.08	5	seek	squad-1	6	bot-1
26742	bot-8	alpha	A32m-431G	state	-20.24	19.36	153	0.00	0.00	1.74	1	medic	squad-1	7	bot-1
26758	bot-7	bravo	M45mb1320	state	-9.16	12.80	306	1.38	0.02	0.33	0		squad-2	4	bot-11
26825	bot-12	alpha	S32r-3410	latches	-24.32	21.25	148	0.53	0.01	19.15	4	seek	squad-1	2	bot-1
26842	bot-1	alpha	F32r-3410	state	-21.73	15.69	84	0.00	0.00		0		squad-1	0	bot-1
26842	bot-8	alpha	S32m-4310	state+latches	-20.24	19.36	153	0.00	0.00		0		squad-1	7	bot-1
26842	bot-9	bravo	E45rm2219	latches	-7.51	12.46	298	5.21	0.75	1.90	2	flee	squad-2	2	bot-11
26858	bot-1	alpha	A32r-3410	state	-21.73	15.69	84	0.00	0.00		0		squad-1	0	bot-1
26858	bot-10	alpha	A32r-4410	state+latches	-18.74	19.43	125	1.90	0.24	7.58	2	cover	squad-1	1	bot-1
26908	bot-1	alpha	A32r-341G	latches	-21.73	15.69	84	0.00	0.00		0		squad-1	0	bot-1
26975	bot-7	bravo	P45mb1324	state+latches	-8.36	12.21	305	2.27	0.99	0.53	1	muzzleRecovery	squad-2	4	bot-11
26975	bot-10	alpha	F32r-4410	state	-18.74	19.43	125	0.00	0.00		0		squad-1	1	bot-1
26975	bot-10	alpha	F32r-3410	ammo	-18.74	19.44	125	0.88	0.00		0		squad-1	1	bot-1
26975	bot-11	bravo	C46rm4412	score	-8.19	13.03	295	1.06	0.51	5.17	3	cover	squad-2	0	bot-11
26975	bot-13	bravo	S36r-3424	score	-0.01	20.76	227	0.00	0.00		0		squad-2	1	bot-11
26975	bot-15	bravo	S46mm4420	score	-0.70	18.65	261	2.00	0.66	19.99	6	seek	squad-2	3	bot-11
26992	bot-7	bravo	E46mb1220	state+score+health+latches	-8.35	12.18	301	2.27	0.04		0		squad-2	4	bot-11
26992	bot-9	bravo	E46rm2219	score	-6.80	12.66	298	4.69	0.73	1.23	2	flee	squad-2	2	bot-11
26992	bot-10	alpha	A32r-3410	state	-18.74	19.44	125	0.88	0.00		0		squad-1	1	bot-1
27008	bot-7	bravo	E46mb1229	latches	-8.18	12.15	305	5.20	0.17	1.95	1	flee	squad-2	4	bot-11
27092	bot-10	alpha	F32r-3410	state	-18.73	19.45	124	0.04	0.02		0		squad-1	1	bot-1
27109	bot-7	bravo	E46mb4229	ammo	-7.64	12.17	304	5.57	0.54	1.48	1	flee	squad-2	4	bot-11
27109	bot-10	alpha	A32r-3410	state	-18.73	19.45	124	0.02	0.00		0		squad-1	1	bot-1
27109	bot-13	bravo	S36r-3420	latches	-0.01	20.74	240	1.06	0.02	17.82	7	seek	squad-2	1	bot-11
27109	bot-14	alpha	S32r-3314	state+latches	-24.37	20.31	89	3.21	1.70		0		squad-1	3	bot-1
27125	bot-13	bravo	S46rm3420	tier+element	-0.02	20.73	243	1.11	0.02	17.81	7	seek	squad-2	1	bot-11
27142	bot-1	alpha	S32r-3410	state+latches	-21.73	15.69	84	0.00	0.00		0		squad-1	0	bot-1
27294	bot-10	alpha	C32r-341G	state+latches	-18.73	19.45	123	0.00	0.00		0		squad-1	1	bot-1
27294	bot-14	alpha	S32r-3310	latches	-24.49	20.34	90	0.88	0.13	42.60	9	seek	squad-1	3	bot-1
27308	bot-7	bravo	E46mm422P	element+latches	-7.04	12.36	303	5.37	0.62	0.91	1	flee	squad-2	4	bot-11
27308	bot-10	alpha	C32r-341I	latches	-18.64	19.52	109	1.68	0.11	1.58	1	cover	squad-1	1	bot-1
27359	bot-9	bravo	E46rm2210	latches	-6.13	13.31	298	0.00	0.94		0		squad-2	2	bot-11
27425	bot-10	alpha	C32r-3412	latches	-18.49	19.65	85	1.67	0.20	1.38	1	cover	squad-1	1	bot-1
27441	bot-1	alpha	C32r-3410	state	-21.43	15.52	121	2.40	0.35	40.93	8	seek	squad-1	0	bot-1
27441	bot-7	bravo	E46mb4229	element+latches	-6.67	12.84	298	0.00	0.60		0		squad-2	4	bot-11
27458	bot-1	alpha	C32r-3412	latches	-21.28	15.52	112	4.55	0.15	5.62	2	cover	squad-1	0	bot-1
27458	bot-7	bravo	E46mb4220	latches	-6.67	12.84	294	0.05	0.00		0		squad-2	4	bot-11
27525	bot-11	bravo	A46rm4410	state+latches	-9.07	12.80	283	1.43	0.90	4.49	3	cover	squad-2	0	bot-11
27558	bot-11	bravo	A46rm441G	latches	-9.07	12.80	286	0.00	0.00		0		squad-2	0	bot-11
27575	bot-10	alpha	C32r-341I	latches	-18.10	20.00	77	5.14	0.53	0.85	1	cover	squad-1	1	bot-1
27575	bot-11	bravo	A46rm4410	latches	-9.07	12.80	283	0.00	0.00		0		squad-2	0	bot-11
27625	bot-17	bravo	P00r-4410	tick	21.30	21.39	56	2.10	1.94		1	patrol	squad-3	0	bot-17
27675	bot-10	alpha	G32r-341I	state	-17.77	20.27	55	5.15	0.43	0.42	1	cover	squad-1	1	bot-1
27675	bot-15	bravo	M46mm4420	state	-1.15	17.50	264	2.41	1.24	19.40	6	seek	squad-2	3	bot-11
27708	bot-3	alpha	S32r-2310	tick	-15.40	21.94	126	2.49	1.13	2.39	2	seek	squad-1	4	bot-1
27708	bot-5	alpha	S32r-2310	tick	-20.88	20.40	149	1.94	1.75	21.13	5	seek	squad-1	5	bot-1
27708	bot-16	alpha	S32m-3420	tick	-22.78	19.97	158	2.28	1.21	19.97	5	seek	squad-1	6	bot-1
27775	bot-11	bravo	C46rm4410	state	-9.05	12.79	284	0.00	0.02		0		squad-2	0	bot-11
27791	bot-11	bravo	C46rm4412	latches	-9.00	12.80	284	1.61	0.05	8.22	3	cover	squad-2	0	bot-11
27808	bot-7	bravo	E44mb4220	score	-6.68	12.84	282	0.03	0.00		0		squad-2	4	bot-11
27808	bot-9	bravo	E44rm2210	score	-6.14	13.25	280	0.00	0.06		0		squad-2	2	bot-11
27808	bot-10	alpha	G32r-3412	latches	-17.38	20.61	86	1.44	0.52		0		squad-1	1	bot-1
27808	bot-11	bravo	C44rm4412	score	-8.97	12.80	285	1.61	0.03	8.19	3	cover	squad-2	0	bot-11
27808	bot-13	bravo	S44rm3420	score	-0.38	19.77	261	1.95	1.02	17.29	7	seek	squad-2	1	bot-11
27808	bot-15	bravo	M44mm4420	score	-1.47	16.67	225	5.93	0.89	5.79	3	medic	squad-2	3	bot-11
27842	bot-12	alpha	S32r-3410	tick	-23.87	20.76	124	0.96	0.67	18.50	4	seek	squad-1	2	bot-1
27858	bot-8	alpha	S32m-4310	tick	-19.63	17.74	113	2.37	1.73	12.13	4	seek	squad-1	7	bot-1
27875	bot-9	bravo	H44rm2210	state	-6.14	13.25	281	0.00	0.00		0		squad-2	2	bot-11
27875	bot-10	alpha	S32r-3410	state+latches	-17.41	20.59	96	0.51	0.03		0		squad-1	1	bot-1
27958	bot-8	alpha	A32m-4310	state	-19.62	17.54	112	2.38	0.20	12.04	4	seek	squad-1	7	bot-1
27975	bot-7	bravo	H44mb4220	state	-6.68	12.84	285	0.00	0.00		0		squad-2	4	bot-11
27975	bot-8	alpha	A32m-431G	latches	-19.62	17.54	110	0.00	0.00		0		squad-1	7	bot-1
28042	bot-9	bravo	H44rm221G	latches	-6.14	13.25	260	0.00	0.00		0		squad-2	2	bot-11
28109	bot-10	alpha	C32r-3410	state	-17.40	20.50	131	0.48	0.09	13.05	5	seek	squad-1	1	bot-1
28125	bot-10	alpha	C32r-3412	latches	-17.40	20.45	131	1.58	0.05	8.93	3	cover	squad-1	1	bot-1
28208	bot-8	alpha	S32m-4310	state+latches	-19.62	17.54	110	0.00	0.00		0		squad-1	7	bot-1
28291	bot-9	bravo	H44rm2210	latches	-6.14	13.25	241	0.00	0.00		0		squad-2	2	bot-11
28308	bot-14	alpha	S32r-3310	tick	-24.38	19.45	114	1.07	0.90	42.54	9	seek	squad-1	3	bot-1
28341	bot-9	bravo	H44rm2310	health	-6.14	13.25	237	0.00	0.00		0		squad-2	2	bot-11
28391	bot-7	bravo	H44mm422G	element+latches	-6.68	12.84	267	0.00	0.00		0		squad-2	4	bot-11
28391	bot-11	bravo	C44rm441I	latches	-7.37	12.95	298	1.48	1.61	6.68	3	cover	squad-2	0	bot-11
28408	bot-1	alpha	C32r-341I	latches	-18.18	17.86	109	4.90	3.88	2.20	1	cover	squad-1	0	bot-1
28508	bot-1	alpha	C00r-341I	tier+score	-18.17	18.03	109	2.34	0.16	5.58	4	cover	squad-1	0	bot-1
28508	bot-3	alpha	S00r-2310	tier+score	-14.01	20.68	103	2.43	1.88	0.58	1	seek	squad-1	4	bot-1
28508	bot-5	alpha	S00r-2310	tier+score	-20.06	19.07	117	1.92	1.56	19.78	5	seek	squad-1	5	bot-1
28508	bot-8	alpha	S00m-4310	tier+score	-19.60	17.04	177	2.40	0.51	13.74	4	seek	squad-1	7	bot-1
28508	bot-10	alpha	C10r-3412	tier+score	-17.52	19.77	128	1.88	0.69	8.26	3	cover	squad-1	1	bot-1
28508	bot-12	alpha	S00r-3410	tier+score	-23.42	20.31	139	1.29	0.63	17.88	4	seek	squad-1	2	bot-1
28508	bot-14	alpha	S00r-3310	tier+score	-24.32	19.21	118	1.39	0.25	42.50	9	seek	squad-1	3	bot-1
28508	bot-16	alpha	S00m-3420	tier+score	-22.41	18.10	127	2.40	1.91	18.77	5	seek	squad-1	6	bot-1
28525	bot-8	alpha	A00m-4310	state	-19.60	17.04	177	2.40	0.00	13.74	4	seek	squad-1	7	bot-1
28541	bot-8	alpha	A00m-431G	latches	-19.60	17.04	174	0.00	0.00		0		squad-1	7	bot-1
28575	bot-7	bravo	H44mb4220	element+latches	-6.52	12.76	253	0.00	0.18		0		squad-2	4	bot-11
28591	bot-1	alpha	C00r-3412	latches	-18.25	17.81	121	2.98	0.23	5.54	4	cover	squad-1	0	bot-1
28608	bot-15	bravo	S44mm4420	state	-2.20	14.54	206	1.72	2.25	4.15	3	medic	squad-2	3	bot-11
28625	bot-7	bravo	H44mb4320	health	-6.49	12.74	249	0.00	0.03		0		squad-2	4	bot-11
28625	bot-10	alpha	C00r-3412	tier	-17.56	19.55	132	1.99	0.23	8.04	3	cover	squad-1	1	bot-1
28625	bot-11	bravo	C44rm4412	latches	-6.97	13.14	336	0.60	0.44	6.24	3	cover	squad-2	0	bot-11
28625	bot-17	bravo	P00r-4410	tick	20.26	21.18	265	2.42	1.06		9	patrol	squad-3	0	bot-17
28775	bot-7	bravo	H33m-4320	tier+score+element	-6.49	12.75	251	0.00	0.00		0		squad-2	4	bot-11
28775	bot-9	bravo	H33r-2310	tier+score+element	-6.15	13.24	264	0.00	0.01		0		squad-2	2	bot-11
28775	bot-11	bravo	C33r-4412	tier+score+element	-7.07	13.32	345	1.34	0.20	8.80	3	cover	squad-2	0	bot-11
28775	bot-13	bravo	S33r-3420	tier+score+element	-1.04	17.98	200	2.08	1.91	16.43	7	seek	squad-2	1	bot-11
28775	bot-15	bravo	A33m-4420	state+tier+score+element	-2.37	14.39	232	1.15	0.23	18.61	5	seek	squad-2	3	bot-11
28791	bot-8	alpha	S00m-4310	state+latches	-19.60	17.04	174	0.00	0.00		0		squad-1	7	bot-1
28975	bot-15	bravo	A33m-442G	latches	-2.36	14.39	273	0.00	0.01		0		squad-2	3	bot-11
29025	bot-9	bravo	C33r-2310	state	-6.15	13.24	289	0.00	0.00		0		squad-2	2	bot-11
29041	bot-5	alpha	C00r-2310	state	-19.59	18.09	115	2.27	1.09	18.93	4	seek	squad-1	5	bot-1
29041	bot-8	alpha	A00m-4310	state	-19.60	16.69	180	2.40	0.34	13.65	4	seek	squad-1	7	bot-1
29041	bot-9	bravo	C33r-2312	latches	-6.11	13.24	282	1.04	0.03	5.45	3	cover	squad-2	2	bot-11
29058	bot-5	alpha	C00r-231I	latches	-19.51	18.22	108	4.65	0.16	2.41	1	cover	squad-1	5	bot-1
29108	bot-8	alpha	A00m-431G	latches	-19.60	16.69	166	0.00	0.00		0		squad-1	7	bot-1
29175	bot-11	bravo	C33r-3412	ammo	-6.62	13.68	278	0.99	0.58	8.31	3	cover	squad-2	0	bot-11
29208	bot-15	bravo	S33m-4420	state+latches	-2.36	14.39	273	0.00	0.00		0		squad-2	3	bot-11
29258	bot-15	bravo	A33m-4420	state	-2.37	14.36	263	0.58	0.03	17.59	4	seek	squad-2	3	bot-11
29291	bot-5	alpha	C00r-2312	latches	-18.94	19.21	48	5.17	1.14	1.30	1	cover	squad-1	5	bot-1
29291	bot-17	bravo	A00r-4410	state	18.81	20.55	245	2.43	1.58		9	patrol	squad-3	0	bot-17
29308	bot-7	bravo	A33m-4320	state	-6.49	12.75	291	0.00	0.00		0		squad-2	4	bot-11
29308	bot-11	bravo	P33r-3410	state+latches	-6.55	13.79	275	4.43	0.13	8.19	1	muzzleRecovery	squad-2	0	bot-11
29308	bot-17	bravo	A00r-441G	latches	18.81	20.55	248	0.01	0.00		0		squad-3	0	bot-17
29342	bot-8	alpha	S00m-4310	state+latches	-19.60	16.69	166	0.00	0.00		0		squad-1	7	bot-1
29342	bot-11	bravo	A33r-3410	state	-6.68	13.71	267	0.00	0.15	8.30	0	muzzleRecovery	squad-2	0	bot-11
29391	bot-8	alpha	A00m-4310	state	-19.60	16.63	156	1.32	0.07	13.77	4	seek	squad-1	7	bot-1
29391	bot-16	alpha	A00m-3420	state	-22.04	16.05	110	2.41	2.08	17.64	5	seek	squad-1	6	bot-1
29408	bot-11	bravo	F33r-3410	state	-6.67	13.71	275	0.68	0.01		0		squad-2	0	bot-11
29408	bot-16	alpha	A00m-342G	latches	-22.04	16.05	107	0.00	0.00		0		squad-1	6	bot-1
29425	bot-1	alpha	C10r-3412	tier	-19.25	14.62	95	4.79	3.34	2.30	2	cover	squad-1	0	bot-1
29425	bot-11	bravo	U33r-3410	state	-6.67	13.70	275	0.75	0.01		0		squad-2	0	bot-11
29458	bot-7	bravo	C33m-4320	state	-6.48	12.75	278	0.00	0.00		0		squad-2	4	bot-11
29458	bot-17	bravo	A00r-4410	latches	18.81	20.55	252	0.00	0.00		0		squad-3	0	bot-17
29475	bot-5	alpha	G00r-2312	state	-18.27	19.80	52	5.15	0.89	0.41	1	cover	squad-1	5	bot-1
29475	bot-7	bravo	C33m-4322	latches	-6.44	12.73	277	1.48	0.05	6.42	2	cover	squad-2	4	bot-11
29475	bot-8	alpha	M21m-4310	state+tier+score	-19.60	16.63	138	0.00	0.00		0		squad-1	7	bot-1
29475	bot-10	alpha	C21r-3412	tier+score	-17.95	17.93	205	2.25	1.67	6.39	2	cover	squad-1	1	bot-1
29475	bot-12	alpha	S21r-3410	tier+score	-22.59	18.43	119	2.40	2.06	16.18	4	seek	squad-1	2	bot-1
29475	bot-14	alpha	S21r-3310	tier+score	-23.60	17.31	110	2.38	2.03	41.97	9	seek	squad-1	3	bot-1
29475	bot-16	alpha	A21m-342G	tier+score	-22.04	16.05	107	0.00	0.00		0		squad-1	6	bot-1
29491	bot-1	alpha	C10r-3312	health	-19.33	14.40	94	4.74	0.24	2.39	2	cover	squad-1	0	bot-1
29491	bot-1	alpha	C21r-3312	tier+score	-19.36	14.32	93	4.73	0.08	2.42	2	cover	squad-1	0	bot-1
29491	bot-3	alpha	S21r-2310	tier+score	-14.42	21.42	290	2.46	0.85	0.63	1	seek	squad-1	4	bot-1
29491	bot-5	alpha	G21r-2312	tier+score	-18.06	19.96	59	0.00	0.27		0		squad-1	5	bot-1
29625	bot-15	bravo	F33m-4420	state	-2.36	14.36	270	0.00	0.01		0		squad-2	3	bot-11
29625	bot-16	alpha	A32m-342G	tier+score	-22.04	16.05	107	0.00	0.00		0		squad-1	6	bot-1
29625	bot-17	bravo	A00r-441G	latches	18.81	20.55	261	0.00	0.00		0		squad-3	0	bot-17
29641	bot-1	alpha	C21r-3212	health	-18.66	14.39	95	5.26	0.70		0		squad-1	0	bot-1
29641	bot-1	alpha	E32r-3210	state+tier+score+latches	-18.66	14.39	95	5.26	0.00		0		squad-1	0	bot-1
29641	bot-3	alpha	S32r-2310	tier+score	-14.43	21.71	328	0.01	0.28		0		squad-1	4	bot-1
29641	bot-5	alpha	G32r-2312	tier+score	-17.95	20.05	90	0.02	0.14		0		squad-1	5	bot-1
29641	bot-8	alpha	M32m-4310	tier+score	-19.58	16.35	105	1.92	0.27	1.97	1	medic	squad-1	7	bot-1
29641	bot-10	alpha	C32r-3412	tier+score	-18.14	17.52	205	3.21	0.45	5.94	2	cover	squad-1	1	bot-1
29641	bot-12	alpha	S32r-3410	tier+score	-22.42	18.07	118	2.39	0.40	15.87	4	seek	squad-1	2	bot-1
29641	bot-14	alpha	S32r-3310	tier+score	-23.42	16.96	82	2.37	0.40	41.85	9	seek	squad-1	3	bot-1
29641	bot-15	bravo	A33m-4420	state	-2.36	14.36	270	0.00	0.00		0		squad-2	3	bot-11
29641	bot-16	alpha	S32m-3420	state+latches	-22.04	16.05	107	0.00	0.00		0		squad-1	6	bot-1
29641	bot-17	bravo	A00r-4410	latches	18.81	20.55	261	0.00	0.00		0		squad-3	0	bot-17
29658	bot-1	alpha	E32r-3219	latches	-18.64	14.30	94	2.02	0.09	6.42	3	flee	squad-1	0	bot-1
29675	bot-17	bravo	A00r-441G	latches	18.81	20.55	261	0.00	0.00		0		squad-3	0	bot-17
29708	bot-15	bravo	A33m-442G	latches	-2.36	14.36	270	0.00	0.00		0		squad-2	3	bot-11
29775	bot-13	bravo	S33r-3420	tick	-1.73	15.92	274	1.67	2.17	15.76	7	seek	squad-2	1	bot-11
29825	bot-7	bravo	C33m-3322	ammo	-5.60	12.81	276	3.44	0.85	5.66	2	cover	squad-2	4	bot-11
29875	bot-15	bravo	F33m-4420	state+latches	-2.36	14.36	270	0.00	0.00		0		squad-2	3	bot-11
29875	bot-16	alpha	S33m-3420	score	-21.83	15.78	137	2.40	0.35	16.60	5	seek	squad-1	6	bot-1
29891	bot-1	alpha	E32r-3119	health	-18.87	14.08	96	1.42	0.32	6.40	3	flee	squad-1	0	bot-1
29891	bot-1	alpha	E33r-3119	score	-18.89	14.06	96	1.56	0.03	6.40	3	flee	squad-1	0	bot-1
29891	bot-3	alpha	S33r-2310	score	-14.43	21.71	33	0.21	0.00		0		squad-1	4	bot-1
29891	bot-5	alpha	G33r-2312	score	-17.95	20.05	141	0.00	0.00		0		squad-1	5	bot-1
29891	bot-8	alpha	M33m-4310	score	-19.56	15.05	101	6.16	1.30	1.21	2	medic	squad-1	7	bot-1
29891	bot-10	alpha	C33r-3412	score	-18.56	16.60	205	4.60	1.01	4.93	2	cover	squad-1	1	bot-1
29891	bot-12	alpha	S33r-3410	score	-22.15	17.53	117	2.40	0.60	15.38	4	seek	squad-1	2	bot-1
29891	bot-14	alpha	S33r-3310	score	-23.14	16.43	82	2.40	0.60	41.64	9	seek	squad-1	3	bot-1
29891	bot-15	bravo	A33m-4420	state	-2.36	14.36	269	0.00	0.00		0		squad-2	3	bot-11
29891	bot-17	bravo	A00r-4410	latches	18.81	20.55	260	0.00	0.00		0		squad-3	0	bot-17
29908	bot-7	bravo	C44mb3322	tier+score+element	-5.34	12.91	275	3.20	0.28	5.39	2	cover	squad-2	4	bot-11
29908	bot-9	bravo	C44rb2312	tier+score+element	-3.60	13.47	272	3.48	2.52	3.36	3	cover	squad-2	2	bot-11
29908	bot-11	bravo	U44rb3314	tier+score+element+health+latches	-7.72	12.81	276	0.00	1.37		0		squad-2	0	bot-11
29908	bot-13	bravo	S44rm3420	tier+score+element	-1.78	15.73	275	1.30	0.19	15.73	7	seek	squad-2	1	bot-11
29908	bot-15	bravo	A44mb4420	tier+score+element	-2.36	14.36	269	0.00	0.00		0		squad-2	3	bot-11
29908	bot-16	alpha	A33m-3420	state	-21.80	15.75	137	2.40	0.04	16.57	5	seek	squad-1	6	bot-1
29991	bot-7	bravo	C33m-3322	tier+score+element	-5.08	13.01	274	3.19	0.27	5.13	2	cover	squad-2	4	bot-11
29991	bot-9	bravo	C33r-2312	tier+score+element	-3.26	13.46	272	4.22	0.34	3.16	3	cover	squad-2	2	bot-11
29991	bot-11	bravo	U33r-3314	tier+score+element	-7.72	12.81	276	0.00	0.00		0		squad-2	0	bot-11
29991	bot-13	bravo	S33r-3420	tier+score+element	-1.82	15.62	275	1.51	0.12	15.70	7	seek	squad-2	1	bot-11
29991	bot-15	bravo	A33m-4420	tier+score+element	-2.36	14.36	269	0.00	0.00		0		squad-2	3	bot-11
30008	bot-16	alpha	A33m-342G	latches	-21.80	15.75	117	0.00	0.00		0		squad-1	6	bot-1
30025	bot-1	alpha	E33r-2119	ammo	-19.12	13.94	96	2.28	0.26	6.33	3	flee	squad-1	0	bot-1
30025	bot-15	bravo	F33m-4420	state	-2.36	14.36	269	0.00	0.00		0		squad-2	3	bot-11
30025	bot-16	alpha	A44mm342G	tier+score+element	-21.80	15.75	117	0.00	0.00		0		squad-1	6	bot-1
30041	bot-1	alpha	E33r-2019	health	-19.12	13.94	96	2.28	0.00	6.33	3	flee	squad-1	0	bot-1
30041	bot-1	alpha	E44rb2019	tier+score+element	-19.15	13.92	96	2.14	0.04	6.32	3	flee	squad-1	0	bot-1
30041	bot-3	alpha	S44rm2310	tier+score+element	-14.43	21.71	71	0.00	0.00		0		squad-1	4	bot-1
30041	bot-5	alpha	G44rm2312	tier+score+element	-17.95	20.05	168	0.00	0.00		0		squad-1	5	bot-1
30041	bot-8	alpha	M44mb4310	tier+score+element	-19.55	14.42	98	0.00	0.63		0		squad-1	7	bot-1
30041	bot-10	alpha	C44rm3412	tier+score+element	-18.85	15.96	205	4.70	0.70	4.23	2	cover	squad-1	1	bot-1
30041	bot-12	alpha	S44rm3410	tier+score+element	-22.02	17.20	121	2.42	0.36	15.11	4	seek	squad-1	2	bot-1
30041	bot-14	alpha	S44rm3310	tier+score+element	-23.02	16.09	81	2.42	0.36	41.57	9	seek	squad-1	3	bot-1
30041	bot-15	bravo	A33m-4420	state	-2.36	14.36	269	0.00	0.00		0		squad-2	3	bot-11
30058	bot-7	bravo	A33m-3320	state+latches	-4.94	13.06	274	3.05	0.15	4.99	2	cover	squad-2	4	bot-11
30058	bot-14	alpha	A44rm3310	state	-23.02	16.09	81	2.42	0.00	41.57	9	seek	squad-1	3	bot-1
30075	bot-14	alpha	A44rm331G	latches	-23.02	16.09	85	0.00	0.00		0		squad-1	3	bot-1
30158	bot-1	alpha	E44rb2010	latches	-19.30	13.98	95	3.39	0.16	6.89	2	flee	squad-1	0	bot-1
30175	bot-1	alpha	E44rb2019	latches	-19.31	14.01	96	2.23	0.04	6.86	2	flee	squad-1	0	bot-1
30175	bot-7	bravo	F33m-3320	state	-4.94	13.06	274	0.00	0.00		0		squad-2	4	bot-11
30175	bot-7	bravo	P33m-3324	state+latches	-4.94	13.06	274	0.00	0.00		0		squad-2	4	bot-11
30175	bot-1	alpha	D00r--000	state+tier+score+element+ammo+packs+latches	-19.31	14.01	96	0.00	0.00	6.86	2	flee	squad-1	0	bot-1
30175	bot-8	alpha	M46mb4310	score	-19.89	13.96	96	4.96	0.57	1.48	1	medic	squad-1	7	bot-1
30175	bot-10	alpha	C46rm3412	score	-19.11	15.38	205	4.75	0.63	3.60	2	cover	squad-1	1	bot-1
30175	bot-11	bravo	C33r-3310	state+latches	-7.71	12.81	276	0.00	0.01		0		squad-2	0	bot-11
30175	bot-12	alpha	S46rm3410	score	-21.91	16.90	155	2.40	0.31	14.88	4	seek	squad-1	2	bot-1
30175	bot-14	alpha	A46rm331G	score	-23.02	16.09	85	0.00	0.00		0		squad-1	3	bot-1
30175	bot-16	alpha	A46mm342G	score	-21.80	15.75	117	0.00	0.00		0		squad-1	6	bot-1
30191	bot-3	alpha	S46rm2310	score	-14.43	21.71	110	0.00	0.00		0		squad-1	3	
30191	bot-5	alpha	G46rm2312	score	-17.95	20.05	156	0.00	0.00		0		squad-1	4	
30191	bot-7	bravo	S33m-3324	state	-4.94	13.06	274	0.00	0.00		0		squad-2	4	bot-11
30191	bot-8	alpha	A46mb4310	state	-19.89	13.96	96	4.96	0.00	1.48	1	medic	squad-1	6	
30191	bot-10	alpha	C46rb3412	element	-19.12	15.31	205	4.64	0.08	3.52	2	cover	squad-1	0	
30191	bot-11	bravo	C33r-3312	latches	-7.71	12.81	282	0.00	0.00		0		squad-2	0	bot-11
30208	bot-7	bravo	A33m-3320	state+latches	-4.94	13.05	277	1.06	0.01		0		squad-2	4	bot-11
30241	bot-16	alpha	S46mm3420	state+latches	-21.80	15.75	117	0.00	0.00		0		squad-1	5	
30258	bot-15	bravo	A33m-442G	latches	-2.33	14.39	269	0.00	0.04		0		squad-2	3	bot-11
30291	bot-9	bravo	A33r-2310	state+latches	-2.51	13.85	274	4.60	0.85	2.44	2	cover	squad-2	2	bot-11
30308	bot-5	alpha	C46rm2310	state+latches	-17.95	20.05	148	0.00	0.00		0		squad-1	4	
30308	bot-14	alpha	S46rm3310	state+latches	-23.02	16.09	85	0.00	0.00		0		squad-1	2	
30325	bot-5	alpha	G46rm2312	state+latches	-17.95	20.05	148	0.00	0.00		0		squad-1	4	
30375	bot-10	alpha	C46rb3422	packs	-19.38	14.52	192	2.11	0.82	2.70	2	cover	squad-1	0	
30459	bot-12	alpha	A46rm3410	state	-21.89	16.27	173	2.40	0.63	14.61	4	seek	squad-1	1	
30459	bot-16	alpha	A46mb3420	state+element	-21.58	15.56	129	1.32	0.29	18.24	4	seek	squad-1	5	
30475	bot-8	alpha	F46mb4310	state	-19.89	13.95	95	0.00	0.01		0		squad-1	6	
30475	bot-9	bravo	A44rb2310	tier+score+element	-2.52	13.88	272	0.00	0.03		0		squad-2	2	bot-11
30475	bot-11	bravo	E44rb3210	state+tier+score+element+health+latches	-7.23	12.81	277	3.53	0.48		0		squad-2	0	bot-11
30475	bot-13	bravo	S44rm3420	tier+score+element	-1.93	15.11	264	1.46	0.52	15.64	7	seek	squad-2	1	bot-11
30475	bot-15	bravo	M44mm442G	state+tier+score+element	-2.30	14.43	269	0.00	0.05		0		squad-2	3	bot-11
30492	bot-7	bravo	A44mb3320	tier+score+element	-4.95	13.04	275	0.00	0.01		0		squad-2	4	bot-11
30492	bot-8	alpha	A46mb4310	state	-19.89	13.95	95	0.00	0.00		0		squad-1	6	
30492	bot-11	bravo	E44rb3219	latches	-7.16	12.66	277	5.08	0.17	5.11	1	flee	squad-2	0	bot-11
30492	bot-15	bravo	M44mm4420	latches	-2.33	14.42	262	1.33	0.03	5.15	2	medic	squad-2	3	bot-11
30492	bot-16	alpha	A46mm342G	element+latches	-21.58	15.56	122	0.00	0.00		0		squad-1	5	
30525	bot-12	alpha	A46rm341G	latches	-21.89	16.27	159	0.00	0.00		0		squad-1	1	
30525	bot-17	bravo	A00r-441G	latches	18.81	20.55	260	0.00	0.00		0		squad-3	0	bot-17
30608	bot-18	bravo	P00r-0410	initial	19.05	15.55	0	0.00			0			-1	
30608	bot-19	alpha	P00r-0410	initial	17.55	17.05	0	0.00			0			-1	
30625	bot-8	alpha	F46mb4310	state	-19.90	13.95	97	0.00	0.01		0		squad-1	6	
30625	bot-9	bravo	A45rb2310	score	-2.56	13.84	271	0.00	0.04		0		squad-2	2	bot-11
30625	bot-11	bravo	E45rb3119	score+health	-6.91	12.14	279	4.12	0.57	4.54	1	flee	squad-2	0	bot-11
30625	bot-13	bravo	S45rm3420	score	-1.91	15.03	225	0.22	0.08	15.67	7	seek	squad-2	1	bot-11
30625	bot-15	bravo	M45mm4420	score	-2.40	14.41	251	0.51	0.07	5.08	2	medic	squad-2	3	bot-11
30625	bot-18	bravo	E00r-4410	state+ammo	19.05	15.55	0	0.00	0.00		0		squad-3	1	bot-17
30625	bot-19	alpha	P00r-4410	ammo	17.55	17.05	0	0.00	0.00		0		squad-4	0	bot-19
30641	bot-7	bravo	A45mb3320	score	-4.95	13.04	274	0.00	0.00		0		squad-2	4	bot-11
30641	bot-8	alpha	A46mb4310	state	-19.90	13.95	98	0.00	0.00		0		squad-1	6	
30641	bot-17	bravo	E00r-4410	state+latches	18.81	20.55	260	0.00	0.00		0		squad-3	0	bot-17
30641	bot-18	bravo	E00r-4411	latches	19.16	15.44	351	4.65	0.15	3.38	1	flee	squad-3	1	bot-17
30658	bot-15	bravo	M45mb4420	element	-2.40	14.41	255	0.48	0.01	5.08	2	medic	squad-2	3	bot-11
30658	bot-17	bravo	E00r-4411	latches	18.84	20.58	253	1.33	0.04	3.66	1	flee	squad-3	0	bot-17
30675	bot-5	alpha	S46rm2310	state+latches	-17.95	20.05	120	0.00	0.00		0		squad-1	4	
30675	bot-14	alpha	A46rb3310	state+element	-22.83	15.49	126	2.40	0.63	18.91	6	seek	squad-1	2	
30675	bot-19	alpha	E00r-4410	state	17.44	17.08	347	2.24	0.11		12	patrol	squad-4	0	bot-19
30691	bot-14	alpha	A46rm331G	element+latches	-22.83	15.49	122	0.00	0.00		0		squad-1	2	
30691	bot-19	alpha	E00r-4411	latches	17.34	16.96	356	4.65	0.16	3.33	1	flee	squad-4	0	bot-19
30741	bot-16	alpha	S46mm3424	state+latches	-21.58	15.56	122	0.00	0.00		0		squad-1	5	
30758	bot-16	alpha	A46mb3420	state+element+latches	-21.58	15.56	119	0.00	0.00		0		squad-1	5	
30775	bot-8	alpha	F46mb4310	state	-19.90	13.94	100	0.00	0.00		0		squad-1	6	
30775	bot-8	alpha	F46mb3310	ammo	-19.90	13.94	100	0.00	0.00		0		squad-1	6	
30775	bot-9	bravo	A46rb2310	score	-2.59	13.79	270	0.00	0.06		0		squad-2	2	bot-11
30775	bot-11	bravo	E46rb3019	score+health	-6.59	11.50	280	5.14	0.72	3.82	1	flee	squad-2	0	bot-11
30775	bot-12	alpha	S46rm3410	state+latches	-21.89	16.27	159	0.00	0.00		0		squad-1	1	
30775	bot-13	bravo	S46rm3420	score	-1.98	14.96	208	1.29	0.11	15.61	7	seek	squad-2	1	bot-11
30775	bot-15	bravo	M46mb4420	score	-2.50	14.36	268	1.87	0.11	4.97	2	medic	squad-2	3	bot-11
30791	bot-7	bravo	A46mb3320	score	-4.95	13.04	273	0.00	0.00		0		squad-2	4	bot-11
30791	bot-8	alpha	A46mb3310	state	-19.90	13.94	100	0.00	0.00		0		squad-1	6	
30808	bot-5	alpha	A46rm2310	state	-17.97	19.98	123	0.61	0.07	16.62	5	seek	squad-1	4	
30808	bot-9	bravo	F46rb2310	state	-2.60	13.78	270	0.00	0.02		0		squad-2	2	bot-11
30808	bot-10	alpha	C47rb3322	score+health	-19.24	13.82	110	1.66	0.72	2.15	1	cover	squad-1	0	
30808	bot-12	alpha	S47rm3410	score	-21.86	16.21	151	1.32	0.07	16.63	6	seek	squad-1	1	
30808	bot-14	alpha	A47rm331G	score	-22.83	15.49	122	0.00	0.00		0		squad-1	2	
30808	bot-16	alpha	A47mb3420	score	-21.58	15.56	105	0.00	0.00		0		squad-1	5	
30825	bot-3	alpha	S47rm2310	score	-14.43	21.71	188	0.00	0.00		0		squad-1	3	
30825	bot-5	alpha	A47rm2310	score	-17.97	19.98	127	0.00	0.00		0		squad-1	4	
30825	bot-8	alpha	A47mb3310	score	-19.90	13.94	101	0.00	0.00		0		squad-1	6	
30825	bot-9	bravo	A46rb2310	state	-2.61	13.77	270	0.00	0.01		0		squad-2	2	bot-11
30858	bot-11	bravo	E46rm301P	element+latches	-6.41	11.11	281	5.20	0.43	3.39	1	flee	squad-2	0	bot-11
30875	bot-11	bravo	E46rb3019	element+latches	-6.37	11.03	282	5.20	0.09	3.30	1	flee	squad-2	0	bot-11
30908	bot-8	alpha	A47mm331G	element+latches	-19.90	13.94	102	0.12	0.01		0		squad-1	6	
30925	bot-7	bravo	F46mb3320	state	-4.95	13.03	273	0.11	0.01		0		squad-2	4	bot-11
30925	bot-7	bravo	F46mb2320	ammo	-4.95	13.03	273	0.05	0.00		0		squad-2	4	bot-11
30925	bot-8	alpha	M48mb3310	state+score+element+latches	-19.90	13.94	102	0.12	0.00		0		squad-1	6	
30925	bot-9	bravo	F46rb2310	state	-2.62	13.74	270	0.00	0.03		0		squad-2	2	bot-11
30925	bot-10	alpha	E49rb3020	state+score+health+latches	-19.22	13.66	93	1.53	0.16		0		squad-1	0	
30925	bot-12	alpha	S49rm3410	score	-21.79	16.09	131	1.32	0.14	16.54	6	seek	squad-1	1	
30925	bot-14	alpha	S49rm3314	state+score+latches	-22.83	15.49	122	0.00	0.00		0		squad-1	2	
30925	bot-16	alpha	A49mb3420	score	-21.58	15.55	94	0.01	0.01		0		squad-1	5	
30941	bot-3	alpha	S49rm2310	score	-14.43	21.71	179	0.00	0.00		0		squad-1	3	
30941	bot-5	alpha	A49rm2310	score	-17.96	19.99	128	0.01	0.01		0		squad-1	4	
30941	bot-7	bravo	A46mb2320	state	-4.95	13.03	273	0.05	0.00		0		squad-2	4	bot-11
30941	bot-8	alpha	M49mb3310	score	-19.90	13.94	95	0.02	0.00		0		squad-1	6	
30941	bot-9	bravo	A46rb2310	state	-2.62	13.74	270	0.00	0.00		0		squad-2	2	bot-11
30941	bot-10	alpha	E49rb3029	latches	-19.21	13.61	92	1.71	0.06	1.63	1	flee	squad-1	0	
30975	bot-13	bravo	A46rm3420	state	-2.04	14.77	193	1.27	0.20	15.58	7	seek	squad-2	1	bot-11
30991	bot-13	bravo	A46rm342G	latches	-2.04	14.77	197	0.00	0.00		0		squad-2	1	bot-11
31025	bot-12	alpha	A49rm3410	state	-21.76	16.04	112	2.40	0.06	16.50	6	seek	squad-1	1	
31041	bot-9	bravo	F46rb2310	state	-2.62	13.74	269	0.00	0.00		0		squad-2	2	bot-11
31041	bot-9	bravo	P46rb2314	state+latches	-2.62	13.74	269	0.00	0.00		0		squad-2	2	bot-11
31041	bot-10	alpha	D00r--000	state+tier+score+element+ammo+packs+latches	-19.23	13.48	92	0.00	0.13	1.53	1	flee	squad-1	0	
31041	bot-12	alpha	A49rb3410	element	-21.76	16.04	106	0.00	0.00		0		squad-1	1	
31041	bot-13	bravo	S46rm3420	state+latches	-2.04	14.77	197	0.00	0.00		0		squad-2	1	bot-11
31058	bot-5	alpha	A49rb2310	element	-17.96	19.99	129	0.00	0.00		0		squad-1	3	
31058	bot-7	bravo	C46mm2320	state+element	-4.95	13.03	272	0.00	0.00		0		squad-2	4	bot-11
31058	bot-8	alpha	A49mb3320	state+packs	-19.90	13.94	93	0.00	0.00		0		squad-1	5	
31058	bot-9	bravo	C46rm2310	state+element+latches	-2.62	13.74	269	0.00	0.00		0		squad-2	2	bot-11
31058	bot-12	alpha	A49rm341G	element+latches	-21.76	16.04	106	0.00	0.00		0		squad-1	0	
31075	bot-7	bravo	A46mb2320	state+element	-4.94	13.03	275	0.84	0.01	4.61	3	cover	squad-2	4	bot-11
31075	bot-9	bravo	A46rb2310	state+element	-2.60	13.76	273	1.51	0.03	2.82	2	cover	squad-2	2	bot-11
31108	bot-5	alpha	C49rb2310	state	-17.96	19.99	129	0.00	0.00		0		squad-1	3	
31125	bot-5	alpha	C49rb2312	latches	-17.96	19.98	130	0.51	0.01	8.31	2	cover	squad-1	3	
31175	bot-1	alpha	D00r--000	tick	-19.31	14.01	96	0.00	0.00	6.86	0		squad-1	-1	
31175	bot-14	alpha	S49rm3310	latches	-22.83	15.47	74	1.32	0.02	19.41	6	seek	squad-1	1	
31291	bot-12	alpha	S49rm3414	state+latches	-21.76	16.04	106	0.00	0.00		0		squad-1	0	
31291	bot-19	alpha	E00r-4311	health	15.49	15.01	60	4.41	2.69	0.63	1	flee	squad-4	0	bot-19
31341	bot-18	bravo	A00r-4410	state+latches	21.33	13.26	286	0.02	3.08		0		squad-3	1	bot-17
31408	bot-5	alpha	A49rb2310	state+latches	-18.03	19.76	131	1.84	0.23	8.08	2	cover	squad-1	3	
31408	bot-13	bravo	A46rm3420	state	-2.29	14.58	262	1.25	0.32	15.29	5	seek	squad-2	1	bot-11
31408	bot-18	bravo	F00r-4410	state	21.33	13.26	284	0.00	0.00		0		squad-3	1	bot-17
31408	bot-19	alpha	E00r-4210	health+latches	15.25	14.84	90	4.95	0.30	6.11	2	flee	squad-4	0	bot-19
31425	bot-18	bravo	A00r-4410	state	21.33	13.26	284	0.00	0.00		0		squad-3	1	bot-17
31425	bot-19	alpha	E00r-4219	latches	15.24	14.92	94	5.07	0.09	6.06	2	flee	squad-4	0	bot-19
31458	bot-14	alpha	A49rm3310	state	-22.68	15.09	86	2.43	0.41	19.29	6	seek	squad-1	1	
31475	bot-13	bravo	A46rm342G	latches	-2.29	14.58	268	0.00	0.00		0		squad-2	1	bot-11
31491	bot-5	alpha	F49rb2310	state	-18.03	19.76	131	0.00	0.00		0		squad-1	3	
31508	bot-5	alpha	A49rb2310	state	-18.03	19.76	131	0.00	0.00		0		squad-1	3	
31508	bot-11	bravo	E46rb3010	latches	-5.08	8.32	311	0.14	3.00		0		squad-2	0	bot-11
31525	bot-16	alpha	M49mb3420	state	-21.55	15.48	95	0.00	0.08		0		squad-1	4	
31525	bot-18	bravo	F00r-4410	state	21.33	13.26	288	0.00	0.00		0		squad-3	1	bot-17
31525	bot-19	alpha	E00r-4119	health	15.22	15.39	109	4.54	0.47	5.81	2	flee	squad-4	0	bot-19
31541	bot-5	alpha	E49rb2210	state+health	-18.03	19.76	131	0.00	0.00		0		squad-1	3	
31541	bot-12	alpha	S49rm3410	latches	-21.75	16.02	99	1.32	0.02	15.99	6	seek	squad-1	0	
31541	bot-18	bravo	A00r-4410	state	21.33	13.26	289	0.00	0.00		0		squad-3	1	bot-17
31558	bot-5	alpha	E49rb2219	latches	-18.07	19.80	131	1.99	0.05	4.76	1	flee	squad-1	3	
31591	bot-14	alpha	A49rm331G	latches	-22.68	15.09	94	0.03	0.00		0		squad-1	1	
31591	bot-17	bravo	A00r-4410	state+latches	21.29	22.82	220	0.03	3.32		0		squad-3	0	bot-17
31608	bot-5	alpha	P49rb2214	state+latches	-18.10	19.85	132	1.60	0.06		0		squad-1	3	
31608	bot-11	bravo	D00r--000	state+tier+score+element+ammo+packs	-5.08	8.32	312	0.00	0.00		0		squad-2	0	bot-11
31608	bot-7	bravo	A48mb2320	score	-4.94	13.02	273	0.00	0.01		0		squad-2	4	bot-11
31608	bot-9	bravo	A48rb2310	score	-2.61	13.77	271	0.00	0.01		0		squad-2	2	bot-11
31608	bot-13	bravo	A48rm342G	score	-2.26	14.59	268	0.32	0.03		0		squad-2	1	bot-11
31608	bot-15	bravo	M48mb4420	score	-3.73	13.55	271	5.12	1.48	5.25	1	medic	squad-2	3	bot-11
31626	bot-5	alpha	E49rm2210	state+element+latches	-18.12	19.87	132	1.62	0.03		0		squad-1	3	
31626	bot-5	alpha	E49rmR210	ammo	-18.12	19.87	132	0.13	0.00		0		squad-1	3	
31626	bot-9	bravo	A48rm2310	element	-2.61	13.77	271	0.00	0.00		0		squad-2	1	
31626	bot-15	bravo	A48mb4420	state	-3.73	13.55	271	5.12	0.00	5.25	1	medic	squad-2	2	
31641	bot-8	alpha	F49mb3320	state	-19.89	13.93	93	0.01	0.01		0		squad-1	5	
31641	bot-9	bravo	A49rm2310	score	-2.61	13.77	271	0.00	0.00		0		squad-2	1	
31641	bot-13	bravo	A49rm342G	score	-2.25	14.59	268	0.16	0.01		0		squad-2	0	
31641	bot-15	bravo	A49mb4420	score	-3.73	13.55	271	0.00	0.00		0		squad-2	2	
31641	bot-17	bravo	F00r-4410	state	21.29	22.82	221	0.00	0.00		0		squad-3	0	bot-17
31641	bot-18	bravo	F00r-4410	state	21.33	13.26	292	0.00	0.00		0		squad-3	1	bot-17
31641	bot-18	bravo	P00r-4410	state	21.33	13.26	293	0.00	0.00		0		squad-3	1	bot-17
31641	bot-19	alpha	D00r--000	state+ammo+health+packs+latches	15.19	15.84	112	0.00	0.45	5.60	2	flee	squad-4	0	bot-19
31658	bot-7	bravo	E49mb2220	state+score+health	-4.94	13.02	273	0.00	0.00		0		squad-2	3	
31658	bot-8	alpha	A49mb3320	state	-19.89	13.93	93	0.00	0.00		0		squad-1	5	
31658	bot-17	bravo	S00r-4410	state	21.29	22.82	221	0.00	0.00		0		squad-3	0	bot-17
31658	bot-18	bravo	S00r-4410	state	21.33	13.26	293	0.00	0.00		0		squad-3	1	bot-17
31675	bot-7	bravo	E49mb2229	latches	-4.91	13.03	273	1.02	0.03	7.05	2	flee	squad-2	3	
31691	bot-18	bravo	P00r-4410	state	21.25	13.25	284	2.46	0.08	5.75	1	seek	squad-3	1	bot-17
31708	bot-13	bravo	S49rm3420	state+latches	-2.25	14.59	268	0.05	0.00		0		squad-2	0	
31708	bot-17	bravo	P00r-4410	state	21.23	22.78	227	1.31	0.07	11.26	2	seek	squad-3	0	bot-17
31725	bot-8	alpha	E49mb3120	state+health	-19.89	13.93	93	0.00	0.00		0		squad-1	5	
31742	bot-8	alpha	E49mb3129	latches	-19.91	13.94	93	0.61	0.02	6.47	2	flee	squad-1	5	
31775	bot-7	bravo	E47mb2229	score	-4.81	13.07	273	1.08	0.11	6.96	2	flee	squad-2	3	
31775	bot-9	bravo	A47rm2310	score	-2.61	13.77	271	0.00	0.00		0		squad-2	1	
31775	bot-13	bravo	S47rm3420	score	-2.29	14.58	262	0.65	0.04	15.30	5	seek	squad-2	0	
31775	bot-15	bravo	A47mb4420	score	-3.73	13.50	272	0.24	0.05		0		squad-2	2	
31791	bot-9	bravo	A48rm2310	score	-2.61	13.77	271	0.00	0.00		0		squad-2	1	
31791	bot-12	alpha	A49rb3410	state+element	-21.54	15.79	98	2.40	0.31	15.75	6	seek	squad-1	0	
31791	bot-13	bravo	S48rm3420	score	-2.30	14.58	262	0.76	0.01	15.29	5	seek	squad-2	0	
31791	bot-15	bravo	A48mb4420	score	-3.73	13.50	272	0.10	0.00		0		squad-2	2	
31808	bot-7	bravo	E48mb2129	score+health	-4.77	13.08	273	1.08	0.04	6.92	2	flee	squad-2	3	
31825	bot-14	alpha	S49rm3310	state+latches	-22.68	15.08	94	0.00	0.00		0		squad-1	1	
31841	bot-12	alpha	A49rm341G	element+latches	-21.54	15.79	96	0.00	0.00		0		squad-1	0	
31891	bot-9	bravo	F48rm2310	state	-2.61	13.77	271	0.00	0.00		0		squad-2	1	
31891	bot-15	bravo	F48mb4420	state	-3.74	13.50	272	0.00	0.00		0		squad-2	2	
31891	bot-15	bravo	P48mb4424	state+latches	-3.74	13.50	272	0.00	0.00		0		squad-2	2	
31891	bot-8	alpha	D00m--000	state+tier+score+element+ammo+health+packs+latches	-20.00	14.01	93	0.00	0.11	6.36	2	flee	squad-1	5	
31908	bot-7	bravo	E48mb2120	latches	-4.61	13.13	278	3.12	0.17	7.13	2	flee	squad-2	3	
31908	bot-9	bravo	A48rm2310	state	-2.61	13.77	271	0.00	0.00		0		squad-2	1	
31908	bot-15	bravo	A48mb4420	state+latches	-3.74	13.50	272	0.00	0.00		0		squad-2	2	
31925	bot-7	bravo	E48mb2129	latches	-4.56	13.15	278	3.14	0.05	7.08	2	flee	squad-2	3	
31941	bot-3	alpha	S49rm2310	tick	-14.43	21.71	101	0.00	0.00		0		squad-1	2	
32008	bot-13	bravo	A48rb3420	state+element	-2.37	14.52	263	0.68	0.10	15.21	5	seek	squad-2	0	
32058	bot-13	bravo	A48rm342G	element+latches	-2.37	14.52	273	0.35	0.01		0		squad-2	0	
32075	bot-12	alpha	S49rm3414	state+latches	-21.54	15.79	96	0.00	0.00		0		squad-1	0	bot-12
32075	bot-14	alpha	A49rm3310	state	-22.39	14.88	85	2.48	0.36	18.02	6	seek	squad-1	1	bot-12
32158	bot-5	alpha	H49rmR210	state	-18.12	19.87	132	0.00	0.00		0		squad-1	3	bot-12
32175	bot-1	alpha	D00r--000	tick	-19.31	14.01	96	0.00	0.00	6.86	0		squad-1	-1	bot-12
32225	bot-14	alpha	A49rm331G	latches	-22.39	14.88	93	0.00	0.00		0		squad-1	1	bot-12
32258	bot-14	alpha	A49rm3310	latches	-22.39	14.88	94	0.11	0.00		0		squad-1	1	bot-12
32291	bot-13	bravo	S48rm3424	state+latches	-2.34	14.52	273	0.00	0.02		0		squad-2	0	
32325	bot-12	alpha	S49rm3410	latches	-21.52	15.79	100	1.32	0.02	16.30	4	seek	squad-1	0	bot-12
32394	bot-12	alpha	A49rb3410	state+element	-21.45	15.77	100	1.32	0.07	16.23	4	seek	squad-1	0	bot-12
32458	bot-16	alpha	P49mb3424	state+latches	-18.82	17.50	103	3.77	3.40	2.39	1	muzzleRecovery	squad-1	4	bot-12
32491	bot-16	alpha	M49mb3420	state+latches	-18.86	17.38	112	0.00	0.13	2.52	0	muzzleRecovery	squad-1	4	bot-12
32541	bot-12	alpha	A49rm3410	element	-21.45	15.77	95	0.00	0.00		0		squad-1	0	bot-12
32541	bot-14	alpha	A49rb3310	element	-22.39	14.87	92	0.00	0.00		0		squad-1	1	bot-12
32558	bot-13	bravo	S48rm3420	latches	-2.35	14.51	297	0.27	0.01	14.61	4	seek	squad-2	0	
32641	bot-9	bravo	A48rmR31G	ammo+latches	-2.62	13.77	285	0.00	0.01		0		squad-2	1	
32691	bot-18	bravo	P00r-4410	tick	20.70	15.29	5	2.39	2.11	6.25	2	squad	squad-3	1	bot-17
32708	bot-15	bravo	A48mm442G	element+latches	-3.57	13.49	288	0.00	0.17		0		squad-2	2	
32725	bot-17	bravo	P00r-4410	tick	19.28	21.66	242	2.44	2.26	41.33	9	patrolReentry	squad-3	0	bot-17
32758	bot-16	alpha	P49mb3424	state+latches	-18.44	18.58	105	4.20	1.27	1.33	1	muzzleRecovery	squad-1	4	bot-12
32791	bot-16	alpha	M49mb3420	state+latches	-18.30	18.54	114	0.00	0.15	1.34	0	muzzleRecovery	squad-1	4	bot-12
32808	bot-5	alpha	H49rmR310	health	-18.12	19.87	170	0.00	0.00		0		squad-1	3	bot-12
32841	bot-7	bravo	E48mb1129	ammo	-3.69	14.66	286	2.01	1.74	5.43	2	flee	squad-2	3	
32841	bot-16	alpha	M49mb3320	health	-18.20	18.86	106	5.06	0.34	1.01	1	medic	squad-1	4	bot-12
32891	bot-9	bravo	S48rmR310	state+latches	-2.62	13.77	285	0.00	0.00		0		squad-2	1	
32908	bot-5	alpha	H49rbR310	element	-18.12	19.87	162	0.00	0.00		0		squad-1	3	bot-12
32925	bot-7	bravo	E47mb1129	score	-3.58	14.79	289	2.29	0.17	5.26	2	flee	squad-2	3	
32925	bot-9	bravo	S47rmR310	score	-2.65	13.72	287	1.20	0.06	18.10	5	seek	squad-2	1	
32925	bot-13	bravo	S47rm3420	score	-2.40	14.45	268	1.05	0.09	14.55	4	seek	squad-2	0	
32925	bot-15	bravo	A47mm442G	score	-3.57	13.49	288	0.00	0.00		0		squad-2	2	
32941	bot-13	bravo	A47rb3420	state+element	-2.40	14.45	268	1.05	0.00	14.55	4	seek	squad-2	0	
32958	bot-3	alpha	S49rm2310	tick	-14.43	21.71	150	0.00	0.00		0		squad-1	2	bot-12
32958	bot-13	bravo	A47rm342G	element+latches	-2.40	14.45	272	0.52	0.01		0		squad-2	0	
32958	bot-15	bravo	S47mm4424	state+latches	-3.57	13.49	288	0.00	0.00		0		squad-2	2	
33041	bot-16	alpha	M49mb2320	ammo	-17.87	19.36	108	1.19	0.60		1	muzzleRecovery	squad-1	4	bot-12
33058	bot-16	alpha	P49mb2324	state+latches	-17.87	19.36	108	4.30	0.00		1	muzzleRecovery	squad-1	4	bot-12
33075	bot-14	alpha	F49rb3310	state	-22.39	14.87	91	0.00	0.00		0		squad-1	1	bot-12
33075	bot-15	bravo	S48mm4424	score	-3.57	13.49	315	0.00	0.00		0		squad-2	2	
33091	bot-7	bravo	E48mb1029	score+health	-2.89	14.38	288	5.82	0.79	5.03	2	flee	squad-2	3	
33091	bot-9	bravo	S48rmR310	score	-2.74	13.54	288	1.33	0.21	18.07	5	seek	squad-2	1	
33091	bot-13	bravo	A48rm342G	score	-2.36	14.45	272	0.01	0.04		0		squad-2	0	
33091	bot-14	alpha	A49rb3310	state	-22.39	14.87	91	0.00	0.00		0		squad-1	1	bot-12
33108	bot-16	alpha	U49mb2324	state	-17.65	19.33	97	0.00	0.22		0	muzzleRecovery	squad-1	4	bot-12
33141	bot-9	bravo	A48rbR310	state+element	-2.77	13.48	288	2.44	0.06	18.06	5	seek	squad-2	1	
33141	bot-12	alpha	F49rm3410	state	-21.45	15.77	94	0.00	0.00		0		squad-1	0	bot-12
33141	bot-12	alpha	P49rm2410	state+ammo	-21.45	15.77	94	0.00	0.00		0		squad-1	0	bot-12
33141	bot-7	bravo	D00m--000	state+tier+score+element+ammo+packs+latches	-2.81	14.40	289	0.00	0.09	4.96	2	flee	squad-2	3	
33141	bot-13	bravo	A49rm342G	score	-2.29	14.46	272	0.00	0.07		0		squad-2	0	
33141	bot-14	alpha	C49rm3310	state+element	-22.39	14.87	92	0.00	0.00		0		squad-1	1	bot-12
33141	bot-15	bravo	S49mm4424	score	-3.57	13.49	323	0.00	0.00		0		squad-2	2	
33141	bot-16	alpha	C49mm2320	state+element+latches	-17.64	19.35	103	1.59	0.02		0		squad-1	4	bot-12
33158	bot-5	alpha	H49rmR310	element	-18.12	19.91	143	0.01	0.04		0		squad-1	3	bot-12
33158	bot-9	bravo	A49rmR31G	score+element+latches	-2.77	13.48	284	0.00	0.00		0		squad-2	1	
33158	bot-12	alpha	S49rm2410	state	-21.45	15.77	94	0.00	0.00		0		squad-1	0	bot-12
33158	bot-14	alpha	S49rb3314	state+element+latches	-22.40	14.89	88	1.27	0.02	6.84	1	cover	squad-1	1	bot-12
33158	bot-16	alpha	S49mb2324	state+element+latches	-17.63	19.36	107	0.67	0.01	6.00	4	cover	squad-1	4	bot-12
33175	bot-3	alpha	P49rm2310	state	-14.43	21.71	160	0.00	0.00		0		squad-1	2	bot-12
33175	bot-9	bravo	A49rmR310	latches	-2.77	13.48	281	0.00	0.00		0		squad-2	1	
33175	bot-12	alpha	A49rm2410	state	-21.43	15.77	97	1.32	0.02	15.08	5	seek	squad-1	0	bot-12
33175	bot-14	alpha	S49rm3314	element	-22.40	14.89	81	0.05	0.00		0		squad-1	1	bot-12
33175	bot-16	alpha	S49mm2324	element	-17.63	19.36	100	0.15	0.01		0		squad-1	4	bot-12
33191	bot-1	alpha	D00r--000	tick	-19.31	14.01	96	0.00	0.00	6.86	0		squad-1	-1	bot-12
33191	bot-3	alpha	S49rm2310	state	-14.43	21.71	160	0.00	0.00		0		squad-1	2	bot-12
33208	bot-3	alpha	C49rm2310	state	-14.43	21.71	156	0.00	0.00		0		squad-1	2	bot-12
33208	bot-13	bravo	S49rm3424	state+latches	-2.28	14.46	274	0.10	0.01		0		squad-2	0	
33208	bot-15	bravo	S49mm4420	latches	-3.59	13.48	316	1.37	0.03	16.49	4	seek	squad-2	2	
33225	bot-3	alpha	C49rm2312	latches	-14.43	21.71	156	0.00	0.00		0		squad-1	2	bot-12
33391	bot-12	alpha	A49rm241G	latches	-21.43	15.77	97	0.00	0.00		0		squad-1	0	bot-12
33408	bot-9	bravo	A49rmR31G	latches	-2.77	13.48	277	0.00	0.00		0		squad-2	1	
33441	bot-13	bravo	S49rm3420	latches	-2.28	14.46	274	0.00	0.00		0		squad-2	0	bot-13
33491	bot-5	alpha	C49rmR310	state	-18.12	19.91	118	0.00	0.00		0		squad-1	3	bot-12
33508	bot-5	alpha	C49rbR312	element+latches	-18.13	19.90	125	0.47	0.01	6.74	3	cover	squad-1	3	bot-12
33541	bot-5	alpha	C49rb4312	ammo	-18.15	19.89	132	0.59	0.02	6.75	3	cover	squad-1	3	bot-12
33625	bot-12	alpha	S49rm2410	state+latches	-21.43	15.77	97	0.00	0.00		0		squad-1	0	bot-12
33641	bot-9	bravo	A48rbR310	score+element+latches	-2.86	13.37	269	4.28	0.14	5.60	1	grenade	squad-2	1	bot-13
33641	bot-12	alpha	A49rm2410	state	-21.41	15.76	100	1.32	0.02	15.70	4	seek	squad-1	0	bot-12
33641	bot-13	bravo	S48rm3420	score	-2.19	14.57	282	4.42	0.15	5.46	1	grenade	squad-2	0	bot-13
33641	bot-15	bravo	S48mm4420	score	-4.47	13.31	269	4.53	0.89	5.47	1	grenade	squad-2	2	bot-13
33658	bot-14	alpha	A49rb3310	state+element+latches	-22.40	14.89	53	0.00	0.00		0		squad-1	1	bot-12
33675	bot-16	alpha	S49mm2320	latches	-17.66	19.38	114	1.72	0.03	16.29	6	seek	squad-1	4	bot-12
33708	bot-18	bravo	P00r-4410	tick	21.01	17.40	351	2.04	2.13	2.67	1	squad	squad-3	1	bot-17
33725	bot-17	bravo	P00r-4410	tick	17.28	20.48	212	1.96	2.32	39.36	9	patrolReentry	squad-3	0	bot-17
33775	bot-14	alpha	A49rm331G	element+latches	-22.40	14.89	77	0.00	0.00		0		squad-1	1	bot-12
33792	bot-9	bravo	A47rbR310	score	-3.35	12.91	231	4.53	0.67	4.93	1	grenade	squad-2	3	bot-13
33792	bot-13	bravo	S47rm3420	score	-1.80	15.10	320	4.31	0.66	4.81	1	grenade	squad-2	0	bot-13
33792	bot-15	bravo	S47mm4420	score	-4.96	12.85	230	4.45	0.67	4.80	1	grenade	squad-2	4	bot-13
33808	bot-12	alpha	A49rm241G	latches	-21.41	15.76	99	0.00	0.00		0		squad-1	0	bot-12
33825	bot-9	bravo	A47rmR31G	element+latches	-3.46	12.81	227	5.78	0.15	4.77	1	grenade	squad-2	3	bot-13
34009	bot-14	alpha	S49rm3314	state+latches	-22.40	14.89	77	0.00	0.00		0		squad-1	1	bot-12
34058	bot-9	bravo	S47rmR314	state+latches	-4.18	12.14	223	4.28	0.98	5.56	1	grenade	squad-2	3	bot-13
34058	bot-12	alpha	S49rm2410	state+latches	-21.41	15.76	99	0.00	0.00		0		squad-1	0	bot-12
34075	bot-9	bravo	C47rbR310	state+element+latches	-4.23	12.09	223	3.87	0.07	5.49	1	grenade	squad-2	3	bot-13
34075	bot-16	alpha	A49mb2320	state+element	-17.85	19.07	108	2.68	0.36	17.64	7	seek	squad-1	4	bot-12
34091	bot-9	bravo	C47rbR312	latches	-4.32	11.99	223	4.22	0.14	5.35	1	grenade	squad-2	3	bot-13
34091	bot-15	bravo	A47mb4420	state+element	-5.83	11.99	223	3.95	1.22	5.35	1	grenade	squad-2	4	bot-13
34191	bot-1	alpha	D00r--000	tick	-19.31	14.01	96	0.00	0.00	6.86	0		squad-1	-1	bot-12
34208	bot-12	alpha	A49rm2410	state	-21.22	15.70	109	1.32	0.20	15.10	4	seek	squad-1	0	bot-12
34225	bot-15	bravo	A47mm442G	element+latches	-6.24	11.58	222	3.90	0.58	4.77	1	grenade	squad-2	4	bot-13
34241	bot-3	alpha	C49rm2312	tick	-16.05	22.80	303	0.04	1.96		0		squad-1	2	bot-12
34241	bot-15	bravo	A47mb4420	element+latches	-6.29	11.53	222	3.88	0.06	4.71	1	grenade	squad-2	4	bot-13
34258	bot-14	alpha	S49rm3310	latches	-22.38	14.87	101	1.34	0.02	18.47	6	seek	squad-1	1	bot-12
34341	bot-12	alpha	F49rm2410	state	-21.22	15.70	105	0.00	0.00		0		squad-1	0	bot-12
34341	bot-13	bravo	S48rm3420	score	-0.40	16.88	43	4.19	2.26	4.33	1	grenade	squad-2	0	bot-13
34341	bot-15	bravo	M48mb4420	state+score	-6.50	11.31	227	3.34	0.31	4.40	1	grenade	squad-2	4	bot-13
34358	bot-9	bravo	E48rbR210	state+score+health+latches	-5.00	11.26	223	3.98	0.99		0		squad-2	3	bot-13
34358	bot-12	alpha	A49rm2410	state	-21.22	15.70	105	0.00	0.00		0		squad-1	0	bot-12
34425	bot-14	alpha	A49rb3310	state+element	-22.21	14.76	86	1.36	0.21	18.30	6	seek	squad-1	1	bot-12
34458	bot-12	alpha	F49rm2410	state	-21.22	15.70	107	0.00	0.00		0		squad-1	0	bot-12
34458	bot-13	bravo	S49rm3420	score	-0.06	17.23	47	4.18	0.49	4.98	1	grenade	squad-2	0	bot-13
34458	bot-15	bravo	M49mb4420	score	-6.85	11.05	238	3.01	0.44	5.73	1	grenade	squad-2	4	bot-13
34475	bot-9	bravo	E49rbR110	score+health	-5.37	10.86	223	4.15	0.55	5.23	1	grenade	squad-2	3	bot-13
34475	bot-12	alpha	A49rm2410	state	-21.22	15.70	107	0.00	0.00		0		squad-1	0	bot-12
34491	bot-9	bravo	E49rmR11G	element+latches	-5.42	10.81	223	4.16	0.07	5.16	1	grenade	squad-2	3	bot-13
34491	bot-18	bravo	A00r-4410	state	20.30	18.25	256	2.46	1.11	21.44	4	squad	squad-2	2	bot-13
34508	bot-9	bravo	E49rbR110	element+latches	-5.47	10.76	223	4.32	0.07	5.08	1	grenade	squad-2	3	bot-13
34541	bot-5	alpha	C49rb4312	tick	-19.18	18.61	122	2.84	1.65	6.68	2	cover	squad-1	3	bot-12
34541	bot-14	alpha	A49rm331G	element+latches	-22.21	14.76	104	0.00	0.00		0		squad-1	1	bot-12
34558	bot-9	bravo	E49rb4110	ammo	-5.61	10.61	223	4.14	0.21	4.88	1	grenade	squad-2	3	bot-13
34558	bot-14	alpha	A49rb3310	element+latches	-22.21	14.76	100	0.00	0.00		0		squad-1	1	bot-12
34575	bot-12	alpha	F49rm2410	state	-21.22	15.70	108	0.00	0.00		0		squad-1	0	bot-12
34575	bot-17	bravo	A00r-4410	state	15.75	19.69	218	2.41	1.71	3.65	1	packseek	squad-2	1	bot-13
34591	bot-9	bravo	E49rb4010	health	-5.69	10.49	219	4.09	0.14	4.74	1	grenade	squad-2	3	bot-13
34591	bot-12	alpha	A49rm2410	state	-21.22	15.70	108	0.00	0.00		0		squad-1	0	bot-12
34591	bot-15	bravo	M39m-4420	tier+element	-7.16	10.85	239	2.54	0.37	5.37	1	grenade	squad-2	4	bot-13
34608	bot-13	bravo	S39r-3420	tier+element	0.45	17.59	56	4.19	0.62	4.36	1	grenade	squad-2	0	bot-13
34625	bot-17	bravo	A00r-441G	latches	15.75	19.69	228	0.00	0.00		0		squad-2	1	bot-13
34641	bot-17	bravo	A00r-4410	latches	15.75	19.69	232	0.00	0.00		0		squad-2	1	bot-13
34658	bot-16	alpha	F49mb2320	state	-17.84	19.07	128	0.00	0.01		0		squad-1	4	bot-12
34675	bot-15	bravo	M39m-4320	health	-7.33	10.74	240	2.43	0.21	5.17	1	grenade	squad-2	4	bot-13
34675	bot-16	alpha	A49mb2320	state	-17.84	19.07	128	0.00	0.00		0		squad-1	4	bot-12
34692	bot-9	bravo	E49rm401G	element+latches	-5.95	10.19	224	4.04	0.40	4.34	1	grenade	squad-2	3	bot-13
34708	bot-9	bravo	E39r-4010	tier+element+latches	-6.00	10.14	224	4.06	0.07	4.28	1	grenade	squad-2	3	bot-13
34741	bot-3	alpha	C48rm2312	score	-16.05	22.80	303	0.00	0.00		0		squad-1	2	bot-12
34741	bot-5	alpha	C48rb4312	score	-19.27	17.88	122	4.24	0.73	5.95	2	cover	squad-1	3	bot-12
34741	bot-12	alpha	A48rm2410	score	-21.22	15.70	110	0.00	0.00		0		squad-1	0	bot-12
34741	bot-14	alpha	A48rb3310	score	-22.21	14.76	83	0.00	0.00		0		squad-1	1	bot-12
34741	bot-16	alpha	A48mb2320	score	-17.84	19.07	129	0.00	0.00		0		squad-1	4	bot-12
34808	bot-16	alpha	F48mb2320	state	-17.84	19.07	130	0.00	0.00		0		squad-1	4	bot-12
34825	bot-15	bravo	E39m-4220	state+health	-7.61	10.58	240	2.18	0.33		0		squad-2	4	bot-13
34825	bot-16	alpha	A48mb2320	state	-17.84	19.07	130	0.00	0.00		0		squad-1	4	bot-12
34908	bot-3	alpha	C47rm2312	score	-16.05	22.81	303	0.00	0.01		0		squad-1	2	bot-12
34908	bot-5	alpha	A47rb4310	state+score+latches	-19.32	17.22	121	4.54	0.67	5.29	2	cover	squad-1	3	bot-12
34908	bot-12	alpha	C47rm2410	state+score	-21.22	15.70	111	0.00	0.00		0		squad-1	0	bot-12
34908	bot-14	alpha	A47rb3310	score	-22.21	14.76	83	0.00	0.00		0		squad-1	1	bot-12
34908	bot-16	alpha	A47mb2320	score	-17.84	19.08	131	0.25	0.00		0		squad-1	4	bot-12
34925	bot-12	alpha	C47rm2412	latches	-21.19	15.66	112	1.48	0.05	3.68	1	cover	squad-1	0	bot-12
34958	bot-5	alpha	F47rb4310	state	-19.32	17.22	121	0.00	0.00		0		squad-1	3	bot-12
34958	bot-16	alpha	F47mb2320	state	-17.84	19.08	131	0.07	0.00		0		squad-1	4	bot-12
34975	bot-5	alpha	P47rb4314	state+latches	-19.32	17.22	121	1.31	0.00		1	muzzleRecovery	squad-1	3	bot-12
34975	bot-15	bravo	E39m-4120	health	-7.95	10.27	233	3.36	0.46	4.78	1	grenade	squad-2	4	bot-13
34975	bot-16	alpha	A47mb2320	state	-17.84	19.08	131	0.03	0.00		0		squad-1	4	bot-12
35058	bot-3	alpha	C47rb2312	element	-16.05	22.81	303	0.00	0.00		0		squad-1	2	bot-12
35058	bot-12	alpha	C47rb2412	element	-21.09	15.49	113	1.48	0.20	3.50	1	cover	squad-1	0	bot-12
35058	bot-14	alpha	A47rm3310	element	-22.21	14.76	83	0.00	0.00		0		squad-1	1	bot-12
35108	bot-9	bravo	E39r-401G	latches	-7.11	8.96	224	4.10	1.62	4.06	1	grenade	squad-2	3	bot-13
35108	bot-12	alpha	C47rb241I	latches	-21.05	15.43	116	1.49	0.07	3.43	1	cover	squad-1	0	bot-12
35108	bot-16	alpha	F47mb2320	state	-17.84	19.08	133	0.00	0.00		0		squad-1	4	bot-12
35124	bot-9	bravo	E39r-4010	latches	-7.16	8.91	224	4.10	0.07	4.00	1	grenade	squad-2	3	bot-13
35124	bot-15	bravo	E39m-4020	health	-8.28	9.90	220	3.82	0.49	4.28	1	grenade	squad-2	4	bot-13
35124	bot-16	alpha	A47mb2320	state	-17.84	19.08	134	0.00	0.00		0		squad-1	4	bot-12
35142	bot-15	bravo	E39m-402G	latches	-8.32	9.85	218	3.86	0.07	4.22	1	grenade	squad-2	4	bot-13
35174	bot-9	bravo	E39r-401G	latches	-7.27	8.74	216	4.10	0.20	5.92	1	grenade	squad-2	3	bot-13
35191	bot-1	alpha	D00r--000	tick	-19.31	14.01	96	0.00	0.00	6.86	0		squad-1	-1	bot-12
35224	bot-5	alpha	A47rm4310	state+element+latches	-19.38	16.89	173	0.00	0.33		0	muzzleRecovery	squad-1	3	bot-12
35224	bot-12	alpha	A47rb2410	state+latches	-20.84	15.08	141	4.65	0.41	3.05	1	cover	squad-1	0	bot-12
35258	bot-16	alpha	F47mb2320	state	-17.84	19.08	136	0.00	0.00		0		squad-1	4	bot-12
35258	bot-16	alpha	P47mb1324	state+ammo+latches	-17.84	19.08	136	0.00	0.00		0		squad-1	4	bot-12
35258	bot-15	bravo	D00m--000	state+tier+score+ammo+packs+latches	-8.59	9.47	211	0.00	0.47	4.57	1	grenade	squad-2	4	bot-13
35275	bot-16	alpha	C47mm1320	state+element+latches	-17.84	19.08	136	0.00	0.00		0		squad-1	4	bot-12
35275	bot-16	alpha	C47mmR320	ammo	-17.84	19.07	140	0.31	0.01	5.95	4	cover	squad-1	4	bot-12
35292	bot-16	alpha	A47mbR320	state+element	-17.84	19.07	140	0.31	0.00	5.95	4	cover	squad-1	4	bot-12
35425	bot-9	bravo	E39r-4010	latches	-7.95	7.98	226	4.10	1.02	4.90	1	grenade	squad-2	3	bot-13
35491	bot-5	alpha	A47rm431G	latches	-19.38	16.89	128	0.00	0.00		0		squad-1	3	bot-12
35508	bot-5	alpha	A47rm4310	latches	-19.38	16.89	125	0.00	0.00		0		squad-1	3	bot-12
35508	bot-18	bravo	A00r-4410	tick	20.30	18.25	268	0.00	0.00		0		squad-2	2	bot-13
35624	bot-13	bravo	S39r-3420	tick	4.25	19.32	66	3.67	4.17	3.06	1	grenade	squad-2	0	bot-13
35624	bot-20	bravo	P00r-0410	initial	-6.95	5.55	0	0.00			0			-1	
35624	bot-21	alpha	P00r-0410	initial	0.55	12.55	0	0.00			0			-1	
35641	bot-20	bravo	C39r-4410	state+tier+score+ammo	-6.95	5.55	0	0.00	0.00		0		squad-5	0	bot-20
35641	bot-21	alpha	P00r-4410	ammo	0.55	12.55	0	0.00	0.00		0		squad-4	0	
35658	bot-17	bravo	A00r-4410	tick	15.75	19.69	263	0.00	0.00		0		squad-2	1	bot-13
35658	bot-20	bravo	C39r-4412	latches	-7.05	5.45	351	4.18	0.14	5.51	1	grenade	squad-5	0	bot-20
35675	bot-20	bravo	A39r-4410	state+latches	-7.05	5.45	351	4.18	0.00	5.51	1	grenade	squad-5	0	bot-20
35724	bot-14	alpha	F47rm3310	state	-22.21	14.76	83	0.00	0.00		0		squad-1	1	bot-12
35752	bot-14	alpha	A47rm3310	state	-22.21	14.76	83	0.00	0.00		0		squad-1	1	bot-12
35841	bot-14	alpha	F47rm3310	state	-22.21	14.76	83	0.00	0.00		0		squad-1	1	bot-12
35861	bot-3	alpha	C46rb2312	score	-16.04	22.82	303	0.09	0.01		0		squad-1	2	bot-12
35861	bot-5	alpha	A46rm4310	score	-19.38	16.89	88	0.00	0.00		0		squad-1	3	bot-12
35861	bot-12	alpha	A46rb2410	score	-20.84	15.08	83	0.00	0.00		0		squad-1	0	bot-12
35861	bot-14	alpha	A46rm3310	state+score	-22.21	14.76	83	0.00	0.00		0		squad-1	1	bot-12
35861	bot-16	alpha	A46mbR320	score	-17.83	19.08	144	0.00	0.01		0		squad-1	4	bot-12
35958	bot-14	alpha	F46rm3310	state	-22.21	14.76	83	0.00	0.00		0		squad-1	1	bot-12
35975	bot-14	alpha	A46rm3310	state	-22.21	14.76	83	0.00	0.00		0		squad-1	1	bot-12
36058	bot-16	alpha	A46mmR32G	element+latches	-17.83	19.08	147	0.00	0.00		0		squad-1	4	bot-12
36058	bot-20	bravo	A39r-441G	latches	-8.23	4.28	248	4.08	1.66	4.93	1	grenade	squad-2	4	bot-13
36074	bot-14	alpha	F46rm3310	state	-22.21	14.76	83	0.00	0.00		0		squad-1	1	bot-12
36091	bot-14	alpha	U46rm3310	state	-22.21	14.76	83	0.00	0.00		0		squad-1	1	bot-12
36208	bot-1	alpha	D00r--000	tick	-19.31	14.01	96	0.00	0.00	6.86	0		squad-1	-1	bot-12
36308	bot-16	alpha	S46mmR324	state+latches	-17.83	19.09	147	0.00	0.01		0		squad-1	4	bot-12
36308	bot-20	bravo	S39r-4410	state+latches	-8.95	3.66	229	4.08	0.95	3.98	1	grenade	squad-2	4	bot-13
36308	bot-21	alpha	C00r-4410	state	1.02	9.86	172	4.51	2.73	2.81	1	grenade	squad-4	0	
36325	bot-21	alpha	C00r-4412	latches	1.02	9.70	179	4.60	0.15	2.66	1	grenade	squad-4	0	
36391	bot-14	alpha	A46rm3310	state	-21.67	14.52	82	4.18	0.59	26.98	6	pursue	squad-1	1	bot-12
36425	bot-9	bravo	E39r-4010	tick	-10.75	5.14	222	4.08	3.99	5.52	1	grenade	squad-2	3	bot-13
36475	bot-18	bravo	F00r-4410	state	20.30	18.25	268	0.00	0.00		0		squad-2	2	bot-13
36491	bot-3	alpha	C47rb2312	score	-16.03	22.82	303	0.00	0.01		0		squad-1	2	bot-12
36491	bot-5	alpha	E47rm4210	state+score+health	-19.38	16.89	84	0.00	0.00		0		squad-1	3	bot-12
36491	bot-12	alpha	A47rb2410	score	-20.84	15.08	80	0.00	0.00		0		squad-1	0	bot-12
36491	bot-14	alpha	A47rm3310	score	-21.67	14.51	79	0.00	0.00		0		squad-1	1	bot-12
36491	bot-16	alpha	M47mmR320	state+score+latches	-17.83	19.09	135	0.00	0.00		0		squad-1	4	bot-12
36491	bot-18	bravo	A00r-4410	state	20.30	18.25	268	0.00	0.00		0		squad-2	2	bot-13
36508	bot-5	alpha	E47rm4219	latches	-19.39	16.95	84	1.65	0.05	5.11	2	flee	squad-1	3	bot-12
36591	bot-18	bravo	F00r-4410	state	20.30	18.25	268	0.00	0.00		0		squad-2	2	bot-13
36608	bot-3	alpha	C48rb2312	score	-16.03	22.82	303	0.00	0.00		0		squad-1	2	bot-12
36608	bot-5	alpha	E48rm4119	score+health	-19.39	17.11	84	1.64	0.16	5.01	2	flee	squad-1	3	bot-12
36608	bot-12	alpha	A48rb2410	score	-20.84	15.08	80	0.00	0.00		0		squad-1	0	bot-12
36608	bot-14	alpha	A48rm3310	score	-21.67	14.51	79	0.00	0.00		0		squad-1	1	bot-12
36608	bot-16	alpha	M48mmR320	score	-17.88	19.02	163	0.76	0.09	2.58	1	medic	squad-1	4	bot-12
36608	bot-18	bravo	A00r-4410	state	20.30	18.25	268	0.00	0.00		0		squad-2	2	bot-13
36625	bot-13	bravo	S39r-3420	tick	5.37	19.72	44	0.28	1.19	5.31	1	grenade	squad-2	0	bot-13
36675	bot-17	bravo	A00r-4410	tick	15.75	19.69	263	0.00	0.00		0		squad-2	1	bot-13
36708	bot-18	bravo	F00r-4410	state	20.30	18.25	269	0.00	0.00		0		squad-2	2	bot-13
36724	bot-3	alpha	C49rb2312	score	-16.03	22.82	303	0.00	0.00		0		squad-1	2	bot-12
36724	bot-5	alpha	E49rm4019	score+health	-19.40	17.36	84	5.06	0.25	4.86	2	flee	squad-1	3	bot-12
36724	bot-12	alpha	A49rb2410	score	-20.84	15.08	80	0.00	0.00		0		squad-1	0	bot-12
36724	bot-14	alpha	A49rm3310	score	-21.67	14.51	79	0.00	0.00		0		squad-1	1	bot-12
36724	bot-16	alpha	M49mmR320	score	-17.94	18.94	188	1.26	0.10	2.48	1	medic	squad-1	4	bot-12
36724	bot-18	bravo	A00r-4410	state	20.30	18.25	269	0.00	0.00		0		squad-2	2	bot-13
36741	bot-16	alpha	M49mm4320	ammo	-17.96	18.92	192	1.69	0.03	2.45	1	medic	squad-1	4	bot-12
36791	bot-21	alpha	A00r-4410	state+latches	0.83	7.59	186	4.27	2.12	2.56	1	grenade	squad-4	0	
36941	bot-20	bravo	C39r-4410	state	-11.13	2.30	240	4.08	2.57	4.43	1	grenade	squad-2	4	bot-13
36958	bot-20	bravo	C39r-4412	latches	-11.25	2.23	240	4.02	0.13	4.30	1	grenade	squad-2	4	bot-13
37175	bot-14	alpha	F49rm3310	state	-21.67	14.51	78	0.00	0.00		0		squad-1	1	bot-12
37175	bot-14	alpha	F49rm2310	ammo	-21.67	14.51	78	0.00	0.00		0		squad-1	1	bot-12
37175	bot-17	bravo	A21r-4410	tier+score	15.75	19.69	263	0.00	0.00		0		squad-2	1	bot-13
37175	bot-18	bravo	A21r-4410	tier+score	20.30	18.25	270	0.00	0.00		0		squad-2	2	bot-13
37191	bot-13	bravo	S39r-3320	health	5.91	20.18	43	1.69	0.71	5.31	1	grenade	squad-2	0	bot-13
37191	bot-14	alpha	A49rm2310	state	-21.67	14.51	78	0.00	0.00		0		squad-1	1	bot-12
37208	bot-1	alpha	D00r--000	tick	-19.31	14.01	96	0.00	0.00	6.86	0		squad-1	-1	bot-12
37210	bot-9	bravo	D00r--000	state+tier+score+ammo+packs	-12.66	3.04	228	0.00	2.84	4.44	1	grenade	squad-2	3	bot-13
37225	bot-3	alpha	S49rb2314	state+latches	-16.03	22.82	303	0.00	0.00		0		squad-1	2	bot-12
37225	bot-13	bravo	E39r-3220	state+health	5.93	20.20	43	1.79	0.03		0		squad-2	0	bot-13
37225	bot-17	bravo	A32r-4410	tier+score	15.75	19.69	263	0.00	0.00		0		squad-2	1	bot-13
37225	bot-18	bravo	A32r-4410	tier+score	20.30	18.25	270	0.00	0.00		0		squad-2	2	bot-13
37225	bot-20	bravo	S39r-4410	state+latches	-11.88	1.71	239	4.82	0.82	4.17	1	grenade	squad-2	3	bot-13
37225	bot-21	alpha	A00r-4310	health	0.37	5.72	201	1.85	1.93		0		squad-4	0	
37241	bot-3	alpha	S49rm2314	element	-16.03	22.82	310	0.00	0.00		0		squad-1	2	bot-12
37241	bot-5	alpha	E49rm401P	latches	-21.05	18.92	91	5.06	2.27	2.65	1	flee	squad-1	3	bot-12
37241	bot-13	bravo	E39r-3229	latches	5.76	20.08	43	6.48	0.21	6.16	3	flee	squad-2	0	bot-13
37258	bot-17	bravo	F32r-4410	state	15.75	19.69	263	0.00	0.00		0		squad-2	1	bot-13
37274	bot-17	bravo	A32r-4410	state	15.75	19.69	263	0.00	0.00		0		squad-2	1	bot-13
37291	bot-14	alpha	F49rm2310	state	-21.67	14.51	79	0.00	0.00		0		squad-1	1	bot-12
37291	bot-17	bravo	A33r-4410	score	15.75	19.69	263	0.00	0.00		0		squad-2	1	bot-13
37291	bot-18	bravo	A33r-4410	score	20.30	18.25	270	0.00	0.00		0		squad-2	2	bot-13
37308	bot-13	bravo	E39r-3129	health	5.40	19.81	43	6.69	0.45	6.07	3	flee	squad-2	0	bot-13
37308	bot-14	alpha	A49rm2310	state	-21.67	14.51	79	0.00	0.00		0		squad-1	1	bot-12
37325	bot-16	alpha	T49mm4320	state	-19.59	18.45	276	5.35	1.69	0.87	1	medic	squad-1	4	bot-12
37374	bot-17	bravo	F33r-4410	state	15.75	19.69	263	0.00	0.00		0		squad-2	1	bot-13
37391	bot-16	alpha	M49mm4320	state	-19.59	18.45	259	0.14	0.00	0.87	1	medic	squad-1	4	bot-12
37391	bot-17	bravo	A33r-4410	state	15.75	19.69	263	0.00	0.00		0		squad-2	1	bot-13
37425	bot-12	alpha	F49rb2410	state	-20.84	15.08	80	0.00	0.00		0		squad-1	0	bot-12
37425	bot-12	alpha	P49rb2414	state+latches	-20.84	15.08	80	0.00	0.00		0		squad-1	0	bot-12
37425	bot-13	bravo	D00r--000	state+tier+score+ammo+health+packs+latches	4.76	19.82	43	0.00	0.64	5.63	3	flee	squad-2	0	bot-13
37425	bot-17	bravo	A35r-4410	score	15.75	19.69	263	0.00	0.00		0		squad-2	1	bot-13
37425	bot-18	bravo	A35r-4410	score	20.30	18.25	270	0.00	0.00		0		squad-2	2	bot-13
37441	bot-3	alpha	C49rm2310	state+latches	-16.03	22.82	348	0.00	0.00		0		squad-1	2	bot-12
37441	bot-12	alpha	A49rb2410	state+latches	-20.84	15.08	80	0.00	0.00		0		squad-1	0	bot-12
37458	bot-3	alpha	S49rb2314	state+element+latches	-16.03	22.82	348	0.00	0.00		0		squad-1	2	bot-12
37458	bot-21	alpha	F00r-4310	state	0.38	5.69	257	0.00	0.02		0		squad-4	0	bot-21
37474	bot-3	alpha	S49rm2314	element	-16.03	22.82	355	0.00	0.00		0		squad-1	2	bot-12
37474	bot-20	bravo	S39r-4310	health	-11.65	2.96	307	4.67	1.27	17.28	6	seek	squad-2	2	
37474	bot-21	alpha	A00r-4310	state	0.38	5.69	257	0.00	0.00		0		squad-4	0	bot-21
37491	bot-5	alpha	E49rm4019	latches	-22.19	19.46	91	4.96	1.26	1.39	1	flee	squad-1	3	bot-12
37491	bot-17	bravo	F35r-4410	state	15.75	19.69	263	0.00	0.00		0		squad-2	0	
37508	bot-17	bravo	A35r-4410	state	15.75	19.69	263	0.00	0.00		0		squad-2	0	
37541	bot-16	alpha	T49mm4320	state	-20.42	18.66	284	5.92	0.86	1.53	1	medic	squad-1	4	bot-12
37558	bot-12	alpha	A49rm2410	element	-20.84	15.08	83	0.00	0.00		0		squad-1	0	bot-12
37558	bot-14	alpha	A49rb2310	element	-21.67	14.50	82	0.07	0.00		0		squad-1	1	bot-12
37575	bot-21	alpha	F00r-4310	state	0.38	5.69	259	0.00	0.00		0		squad-4	0	bot-21
37591	bot-20	bravo	E39r-4210	state+health	-11.57	3.42	333	4.69	0.47		0		squad-2	2	
37591	bot-21	alpha	A00r-4310	state	0.38	5.69	259	0.00	0.00		0		squad-4	0	bot-21
37608	bot-16	alpha	M49mm4320	state	-20.42	18.66	267	0.01	0.00	1.53	1	medic	squad-1	4	bot-12
37608	bot-17	bravo	F35r-4410	state	15.75	19.69	263	0.00	0.00		0		squad-2	0	
37608	bot-20	bravo	E39r-4219	latches	-11.70	3.28	333	5.76	0.19	6.70	3	flee	squad-2	2	
37625	bot-17	bravo	U35r-4410	state	15.75	19.69	263	0.00	0.00		0		squad-2	0	
37658	bot-20	bravo	E39r-4229	packs	-11.88	3.06	333	5.70	0.29	6.42	3	flee	squad-2	2	
37691	bot-21	alpha	F00r-4310	state	0.38	5.69	258	0.00	0.00		0		squad-4	0	bot-21
37708	bot-20	bravo	E39r-4129	health	-12.07	2.85	333	4.94	0.28	6.14	3	flee	squad-2	2	
37708	bot-21	alpha	A00r-4310	state	0.38	5.69	257	0.00	0.00		0		squad-4	0	bot-21
37725	bot-18	bravo	A35r-441G	latches	20.30	18.25	271	0.00	0.00		0		squad-2	1	
37741	bot-5	alpha	E49rm4010	latches	-23.18	19.93	91	0.01	1.10		0		squad-1	3	bot-12
37741	bot-16	alpha	T49mm4320	state	-21.17	18.89	289	5.93	0.78	2.27	1	medic	squad-1	4	bot-12
37808	bot-21	alpha	F00r-4310	state	0.38	5.69	256	0.00	0.00		0		squad-4	0	bot-21
37824	bot-20	bravo	E39r-4029	health	-12.27	2.61	333	1.55	0.31	5.83	3	flee	squad-2	2	
37824	bot-21	alpha	A00r-4310	state	0.38	5.69	256	0.00	0.00		0		squad-4	0	bot-21
37924	bot-21	alpha	F00r-4310	state	0.38	5.69	256	0.00	0.00		0		squad-4	0	bot-21
37924	bot-21	alpha	P00r-4310	state	0.38	5.69	256	0.00	0.00		0		squad-4	0	bot-21
37924	bot-20	bravo	D00r--000	state+tier+score+ammo+packs+latches	-12.37	2.49	333	0.00	0.15	5.67	3	flee	squad-2	2	
37941	bot-21	alpha	S00r-4310	state	0.38	5.69	256	0.00	0.00		0		squad-4	0	bot-21
37958	bot-3	alpha	P49rm2310	state+latches	-16.03	22.82	59	0.00	0.00		0		squad-1	2	bot-12
37958	bot-18	bravo	S35r-4410	state+latches	20.30	18.25	271	0.00	0.00		0		squad-2	1	
37979	bot-3	alpha	S49rm2310	state	-16.03	22.82	59	0.00	0.00		0		squad-1	2	bot-12
37979	bot-3	alpha	P49rm2310	state	-16.03	22.82	59	0.00	0.00		0		squad-1	2	bot-12
37996	bot-3	alpha	S49rm2310	state	-16.03	22.82	59	0.00	0.00		0		squad-1	2	bot-12
37996	bot-3	alpha	P49rm2310	state	-16.03	22.82	59	0.00	0.00		0		squad-1	2	bot-12
37996	bot-21	alpha	P00r-4310	state	0.33	5.70	267	0.99	0.05	15.45	5	seek	squad-4	0	bot-21
38011	bot-3	alpha	S49rm2310	state	-16.03	22.82	59	0.00	0.00		0		squad-1	2	bot-12
38011	bot-3	alpha	P49rm2310	state	-16.03	22.82	59	0.00	0.00		0		squad-1	2	bot-12
38011	bot-21	alpha	S00r-4310	state	0.31	5.71	271	0.99	0.02	27.20	0		squad-4	0	bot-21
38024	bot-3	alpha	S49rm2310	state	-16.03	22.82	59	0.00	0.00		0		squad-1	2	bot-12
38024	bot-3	alpha	P49rm2310	state	-16.03	22.82	59	0.00	0.00		0		squad-1	2	bot-12
38041	bot-3	alpha	S49rm2310	state	-16.03	22.82	59	0.00	0.00		0		squad-1	2	bot-12
38041	bot-3	alpha	P49rm2310	state	-16.03	22.82	59	0.00	0.00		0		squad-1	2	bot-12
38058	bot-3	alpha	S49rm2310	state	-16.03	22.82	59	0.00	0.00		0		squad-1	2	bot-12
38058	bot-3	alpha	P49rm2310	state	-16.03	22.82	59	0.00	0.00		0		squad-1	2	bot-12
38075	bot-3	alpha	S49rm2310	state	-16.03	22.82	59	0.00	0.00		0		squad-1	2	bot-12
38075	bot-3	alpha	P49rm2310	state	-16.03	22.82	59	0.00	0.00		0		squad-1	2	bot-12
38091	bot-3	alpha	S49rm2310	state	-16.03	22.82	59	0.00	0.00		0		squad-1	2	bot-12
38091	bot-3	alpha	P49rm2310	state	-16.03	22.82	59	0.00	0.00		0		squad-1	2	bot-12
38108	bot-3	alpha	S49rm2310	state	-16.03	22.82	59	0.00	0.00		0		squad-1	2	bot-12
38108	bot-3	alpha	P49rm2310	state	-16.03	22.82	59	0.00	0.00		0		squad-1	2	bot-12
38108	bot-17	bravo	U37r-4410	score	14.37	19.33	263	4.24	1.43	34.24	9	pursue	squad-2	0	
38124	bot-3	alpha	S49rm2310	state	-16.03	22.82	59	0.00	0.00		0		squad-1	2	bot-12
38124	bot-3	alpha	P49rm2310	state	-16.03	22.82	59	0.00	0.00		0		squad-1	2	bot-12
38141	bot-3	alpha	S49rm2310	state	-16.03	22.82	59	0.00	0.00		0		squad-1	2	bot-12
38141	bot-3	alpha	P49rm2310	state	-16.03	22.82	59	0.00	0.00		0		squad-1	2	bot-12
38158	bot-3	alpha	S49rm2310	state	-16.03	22.82	59	0.00	0.00		0		squad-1	2	bot-12
38158	bot-3	alpha	P49rm2310	state	-16.03	22.82	59	0.00	0.00		0		squad-1	2	bot-12
38174	bot-3	alpha	S49rm2310	state	-16.03	22.82	59	0.00	0.00		0		squad-1	2	bot-12
38174	bot-3	alpha	P49rm2310	state	-16.03	22.82	59	0.00	0.00		0		squad-1	2	bot-12
38191	bot-3	alpha	S47rm2310	state+score	-16.03	22.82	59	0.00	0.00		0		squad-1	2	bot-12
38191	bot-3	alpha	P47rm2310	state	-16.03	22.82	59	0.00	0.00		0		squad-1	2	bot-12
38191	bot-5	alpha	E47rm4010	score	-23.18	19.93	91	0.00	0.00		0		squad-1	3	bot-12
38191	bot-12	alpha	A47rm2410	score	-20.84	15.08	83	0.00	0.00		0		squad-1	0	bot-12
38191	bot-14	alpha	A47rb2310	score	-21.67	14.50	82	0.00	0.00		0		squad-1	1	bot-12
38191	bot-16	alpha	T47mm4320	score	-21.17	18.89	168	0.00	0.00		0		squad-1	4	bot-12
38191	bot-18	bravo	S00r-4410	tier+score	19.94	18.25	268	2.49	0.36	41.91	9	seek	squad-2	1	
38208	bot-3	alpha	S47rm2310	state	-16.03	22.82	59	0.00	0.00		0		squad-1	2	bot-12
38208	bot-3	alpha	P47rm2310	state	-16.03	22.82	59	0.00	0.00		0		squad-1	2	bot-12
38224	bot-1	alpha	D00r--000	tick	-19.31	14.01	96	0.00	0.00	6.86	0		squad-1	-1	bot-12
38224	bot-3	alpha	S47rm2310	state	-16.03	22.82	59	0.00	0.00		0		squad-1	2	bot-12
38224	bot-3	alpha	P47rm2310	state	-16.03	22.82	59	0.00	0.00		0		squad-1	2	bot-12
38241	bot-3	alpha	C47rm2310	state	-16.03	22.82	59	0.00	0.00		0		squad-1	2	bot-12
38241	bot-5	alpha	H47rm4010	state	-23.18	19.93	91	0.00	0.00		0		squad-1	3	bot-12
38241	bot-16	alpha	M47mm4320	state	-21.17	18.89	160	0.00	0.00		0		squad-1	4	bot-12
38258	bot-3	alpha	S47rm2310	state	-16.03	22.82	59	0.00	0.00		0		squad-1	2	bot-12
38258	bot-3	alpha	P47rm2310	state	-16.03	22.82	59	0.00	0.00		0		squad-1	2	bot-12
38274	bot-3	alpha	S47rm2310	state	-16.03	22.82	59	0.00	0.00		0		squad-1	2	bot-12
38274	bot-3	alpha	P47rm2310	state	-16.03	22.82	59	0.00	0.00		0		squad-1	2	bot-12
38274	bot-14	alpha	A47rm231G	element+latches	-21.67	14.50	82	0.00	0.00		0		squad-1	1	bot-12
38291	bot-3	alpha	S47rm2310	state	-16.03	22.82	59	0.00	0.00		0		squad-1	2	bot-12
38291	bot-3	alpha	P47rm2310	state	-16.03	22.82	59	0.00	0.00		0		squad-1	2	bot-12
38308	bot-3	alpha	S47rm2310	state	-16.03	22.82	59	0.00	0.00		0		squad-1	2	bot-12
38308	bot-3	alpha	P47rm2310	state	-16.03	22.82	59	0.00	0.00		0		squad-1	2	bot-12
38325	bot-3	alpha	S47rm2310	state	-16.03	22.82	59	0.00	0.00		0		squad-1	2	bot-12
38325	bot-3	alpha	P47rm2310	state	-16.03	22.82	59	0.00	0.00		0		squad-1	2	bot-12
38341	bot-3	alpha	S47rm2310	state	-16.03	22.82	59	0.00	0.00		0		squad-1	2	bot-12
38341	bot-3	alpha	P47rm2310	state	-16.03	22.82	59	0.00	0.00		0		squad-1	2	bot-12
38358	bot-3	alpha	S47rm2310	state	-16.03	22.82	59	0.00	0.00		0		squad-1	2	bot-12
38358	bot-3	alpha	P47rm2310	state	-16.03	22.82	59	0.00	0.00		0		squad-1	2	bot-12
38375	bot-3	alpha	S47rm2310	state	-16.03	22.82	59	0.00	0.00		0		squad-1	2	bot-12
38375	bot-3	alpha	P47rm2310	state	-16.03	22.82	59	0.00	0.00		0		squad-1	2	bot-12
38391	bot-3	alpha	S47rm2310	state	-16.03	22.82	59	0.00	0.00		0		squad-1	2	bot-12
38391	bot-3	alpha	P47rm2310	state	-16.03	22.82	59	0.00	0.00		0		squad-1	2	bot-12
38408	bot-3	alpha	S47rm2310	state	-16.03	22.82	59	0.00	0.00		0		squad-1	2	bot-12
38408	bot-3	alpha	P47rm2310	state	-16.03	22.82	59	0.00	0.00		0		squad-1	2	bot-12
38424	bot-3	alpha	S47rm2310	state	-16.03	22.82	59	0.00	0.00		0		squad-1	2	bot-12
38424	bot-3	alpha	P47rm2310	state	-16.03	22.82	59	0.00	0.00		0		squad-1	2	bot-12
38441	bot-3	alpha	S47rm2310	state	-16.03	22.82	59	0.00	0.00		0		squad-1	2	bot-12
38441	bot-3	alpha	P47rm2310	state	-16.03	22.82	59	0.00	0.00		0		squad-1	2	bot-12
38458	bot-3	alpha	S47rm2310	state	-16.03	22.82	59	0.00	0.00		0		squad-1	2	bot-12
38458	bot-3	alpha	P47rm2310	state	-16.03	22.82	59	0.00	0.00		0		squad-1	2	bot-12
38475	bot-3	alpha	S47rm2310	state	-16.03	22.82	59	0.00	0.00		0		squad-1	2	bot-12
38475	bot-3	alpha	P47rm2310	state	-16.03	22.82	59	0.00	0.00		0		squad-1	2	bot-12
38491	bot-3	alpha	S47rm2310	state	-16.03	22.82	59	0.00	0.00		0		squad-1	2	bot-12
38491	bot-3	alpha	P47rm2310	state	-16.03	22.82	59	0.00	0.00		0		squad-1	2	bot-12
38508	bot-3	alpha	S47rm2310	state	-16.03	22.82	59	0.00	0.00		0		squad-1	2	bot-12
38508	bot-3	alpha	P47rm2310	state	-16.03	22.82	59	0.00	0.00		0		squad-1	2	bot-12
38508	bot-14	alpha	S47rm2314	state+latches	-21.67	14.49	82	0.09	0.00		0		squad-1	1	bot-12
38525	bot-3	alpha	S47rm2310	state	-16.03	22.82	59	0.00	0.00		0		squad-1	2	bot-12
38525	bot-3	alpha	P47rm2310	state	-16.03	22.82	59	0.00	0.00		0		squad-1	2	bot-12
38541	bot-3	alpha	S47rm2310	state	-16.03	22.82	59	0.00	0.00		0		squad-1	2	bot-12
38541	bot-3	alpha	P47rm2310	state	-16.03	22.82	59	0.00	0.00		0		squad-1	2	bot-12
38558	bot-3	alpha	S47rm2310	state	-16.03	22.82	59	0.00	0.00		0		squad-1	2	bot-12
38558	bot-3	alpha	P47rm2310	state	-16.03	22.82	59	0.00	0.00		0		squad-1	2	bot-12
38558	bot-5	alpha	H47rm4110	health	-23.18	19.93	136	0.00	0.00		0		squad-1	3	bot-12
38575	bot-3	alpha	S47rm2310	state	-16.03	22.82	59	0.00	0.00		0		squad-1	2	bot-12
38575	bot-3	alpha	P47rm2310	state	-16.03	22.82	59	0.00	0.00		0		squad-1	2	bot-12
38575	bot-16	alpha	T47mm4320	state	-22.37	19.77	246	4.46	1.49	0.83	1	medic	squad-1	4	bot-12
38591	bot-3	alpha	S47rm2310	state	-16.03	22.82	59	0.00	0.00		0		squad-1	2	bot-12
38591	bot-3	alpha	P47rm2310	state	-16.03	22.82	59	0.00	0.00		0		squad-1	2	bot-12
38608	bot-3	alpha	S47rm2310	state	-16.03	22.82	59	0.00	0.00		0		squad-1	2	bot-12
38608	bot-3	alpha	P47rm2310	state	-16.03	22.82	59	0.00	0.00		0		squad-1	2	bot-12
38624	bot-3	alpha	S47rm2310	state	-16.03	22.82	59	0.00	0.00		0		squad-1	2	bot-12
38624	bot-3	alpha	P47rm2310	state	-16.03	22.82	59	0.00	0.00		0		squad-1	2	bot-12
38641	bot-3	alpha	S47rm2310	state	-16.03	22.82	59	0.00	0.00		0		squad-1	2	bot-12
38641	bot-3	alpha	P47rm2310	state	-16.03	22.82	59	0.00	0.00		0		squad-1	2	bot-12
38658	bot-3	alpha	S47rm2310	state	-16.03	22.82	59	0.00	0.00		0		squad-1	2	bot-12
38658	bot-3	alpha	P47rm2310	state	-16.03	22.82	59	0.00	0.00		0		squad-1	2	bot-12
38674	bot-3	alpha	S47rm2310	state	-16.03	22.82	59	0.00	0.00		0		squad-1	2	bot-12
38674	bot-3	alpha	P47rm2310	state	-16.03	22.82	59	0.00	0.00		0		squad-1	2	bot-12
38674	bot-14	alpha	A47rb2310	state+element+latches	-21.67	14.49	48	0.00	0.00		0		squad-1	1	bot-12
38691	bot-3	alpha	S47rm2310	state	-16.03	22.82	59	0.00	0.00		0		squad-1	2	bot-12
38691	bot-3	alpha	P47rm2310	state	-16.03	22.82	59	0.00	0.00		0		squad-1	2	bot-12
38708	bot-3	alpha	S47rm2310	state	-16.03	22.82	59	0.00	0.00		0		squad-1	2	bot-12
38708	bot-3	alpha	P47rm2310	state	-16.03	22.82	59	0.00	0.00		0		squad-1	2	bot-12
38724	bot-3	alpha	S47rm2310	state	-16.03	22.82	59	0.00	0.00		0		squad-1	2	bot-12
38724	bot-3	alpha	P47rm2310	state	-16.03	22.82	59	0.00	0.00		0		squad-1	2	bot-12
38741	bot-3	alpha	S47rm2310	state	-16.03	22.82	59	0.00	0.00		0		squad-1	2	bot-12
38741	bot-3	alpha	P47rm2310	state	-16.03	22.82	59	0.00	0.00		0		squad-1	2	bot-12
38758	bot-3	alpha	S47rm2310	state	-16.03	22.82	59	0.00	0.00		0		squad-1	2	bot-12
38758	bot-3	alpha	P47rm2310	state	-16.03	22.82	59	0.00	0.00		0		squad-1	2	bot-12
38774	bot-3	alpha	S47rm2310	state	-16.03	22.82	59	0.00	0.00		0		squad-1	2	bot-12
38774	bot-3	alpha	P47rm2310	state	-16.03	22.82	59	0.00	0.00		0		squad-1	2	bot-12
38774	bot-14	alpha	A47rm231G	element+latches	-21.67	14.49	69	0.00	0.00		0		squad-1	1	bot-12
38791	bot-3	alpha	S47rm2310	state	-16.03	22.82	59	0.00	0.00		0		squad-1	2	bot-12
38791	bot-3	alpha	P47rm2310	state	-16.03	22.82	59	0.00	0.00		0		squad-1	2	bot-12
38808	bot-3	alpha	S47rm2310	state	-16.03	22.82	59	0.00	0.00		0		squad-1	2	bot-12
38808	bot-3	alpha	P47rm2310	state	-16.03	22.82	59	0.00	0.00		0		squad-1	2	bot-12
38824	bot-3	alpha	S47rm2310	state	-16.03	22.82	59	0.00	0.00		0		squad-1	2	bot-12
38824	bot-3	alpha	P47rm2310	state	-16.03	22.82	59	0.00	0.00		0		squad-1	2	bot-12
38841	bot-3	alpha	S47rm2310	state	-16.03	22.82	59	0.00	0.00		0		squad-1	2	bot-12
38841	bot-3	alpha	P47rm2310	state	-16.03	22.82	59	0.00	0.00		0		squad-1	2	bot-12
38841	bot-14	alpha	A47rb2310	element+latches	-21.67	14.49	72	0.00	0.00		0		squad-1	1	bot-12
38858	bot-3	alpha	S47rm2310	state	-16.03	22.82	59	0.00	0.00		0		squad-1	2	bot-12
38858	bot-3	alpha	P47rm2310	state	-16.03	22.82	59	0.00	0.00		0		squad-1	2	bot-12
38874	bot-3	alpha	S47rm2310	state	-16.03	22.82	59	0.00	0.00		0		squad-1	2	bot-12
38874	bot-3	alpha	P47rm2310	state	-16.03	22.82	59	0.00	0.00		0		squad-1	2	bot-12
38891	bot-3	alpha	S47rm2310	state	-16.03	22.82	59	0.00	0.00		0		squad-1	2	bot-12
38891	bot-3	alpha	P47rm2310	state	-16.03	22.82	59	0.00	0.00		0		squad-1	2	bot-12
38908	bot-3	alpha	S47rm2310	state	-16.03	22.82	59	0.00	0.00		0		squad-1	2	bot-12
38908	bot-3	alpha	P47rm2310	state	-16.03	22.82	59	0.00	0.00		0		squad-1	2	bot-12
38908	bot-12	alpha	F47rm2410	state	-20.84	15.08	84	0.00	0.00		0		squad-1	0	bot-12
38908	bot-14	alpha	F47rb2310	state	-21.67	14.49	82	0.00	0.00		0		squad-1	1	bot-12
38924	bot-3	alpha	S47rm2310	state	-16.03	22.82	59	0.00	0.00		0		squad-1	2	bot-12
38924	bot-3	alpha	P47rm2310	state	-16.03	22.82	59	0.00	0.00		0		squad-1	2	bot-12
38924	bot-12	alpha	A47rm2410	state	-20.84	15.08	84	0.00	0.00		0		squad-1	0	bot-12
38924	bot-14	alpha	A47rb2310	state	-21.67	14.49	83	0.00	0.00		0		squad-1	1	bot-12
38941	bot-3	alpha	S47rm2310	state	-16.03	22.82	59	0.00	0.00		0		squad-1	2	bot-12
38941	bot-3	alpha	P47rm2310	state	-16.03	22.82	59	0.00	0.00		0		squad-1	2	bot-12
38958	bot-3	alpha	S47rm2310	state	-16.03	22.82	59	0.00	0.00		0		squad-1	2	bot-12
38958	bot-3	alpha	P47rm2310	state	-16.03	22.82	59	0.00	0.00		0		squad-1	2	bot-12
38974	bot-3	alpha	S47rm2310	state	-16.03	22.82	59	0.00	0.00		0		squad-1	2	bot-12
38974	bot-3	alpha	P47rm2310	state	-16.03	22.82	59	0.00	0.00		0		squad-1	2	bot-12
38991	bot-3	alpha	S47rm2310	state	-16.03	22.82	59	0.00	0.00		0		squad-1	2	bot-12
38991	bot-3	alpha	P47rm2310	state	-16.03	22.82	59	0.00	0.00		0		squad-1	2	bot-12
39008	bot-3	alpha	S47rm2310	state	-16.03	22.82	59	0.00	0.00		0		squad-1	2	bot-12
39008	bot-3	alpha	P47rm2310	state	-16.03	22.82	59	0.00	0.00		0		squad-1	2	bot-12
39008	bot-14	alpha	A47rm231G	element+latches	-21.67	14.49	83	0.00	0.00		0		squad-1	1	bot-12
39024	bot-3	alpha	S47rm2310	state	-16.03	22.82	59	0.00	0.00		0		squad-1	2	bot-12
39024	bot-3	alpha	P47rm2310	state	-16.03	22.82	59	0.00	0.00		0		squad-1	2	bot-12
39024	bot-12	alpha	F47rm2410	state	-20.84	15.08	84	0.00	0.00		0		squad-1	0	bot-12
39024	bot-21	alpha	S00r-4310	tick	-1.52	6.25	28	2.43	1.90	15.74	5	seek	squad-4	0	bot-21
39041	bot-3	alpha	C47rm2310	state	-16.03	22.82	59	0.00	0.00		0		squad-1	2	bot-12
39041	bot-12	alpha	A47rm2410	state	-20.84	15.08	84	0.00	0.00		0		squad-1	0	bot-12
39058	bot-3	alpha	S45rm2310	state+score	-16.03	22.82	59	0.00	0.00		0		squad-1	2	bot-12
39058	bot-3	alpha	P45rm2310	state	-16.03	22.82	59	0.00	0.00		0		squad-1	2	bot-12
39058	bot-5	alpha	H45rm4110	score	-23.18	19.93	118	0.00	0.00		0		squad-1	3	bot-12
39058	bot-12	alpha	A45rm2410	score	-20.84	15.08	84	0.00	0.00		0		squad-1	0	bot-12
39058	bot-14	alpha	A45rm231G	score	-21.67	14.49	83	0.00	0.00		0		squad-1	1	bot-12
39058	bot-16	alpha	T45mm4320	score	-22.37	19.77	117	0.00	0.01	0.83	1	medic	squad-1	4	bot-12
39075	bot-3	alpha	S45rm2310	state	-16.03	22.82	59	0.00	0.00		0		squad-1	2	bot-12
39075	bot-3	alpha	P45rm2310	state	-16.03	22.82	59	0.00	0.00		0		squad-1	2	bot-12
39075	bot-5	alpha	H45rm4210	health	-23.18	19.93	117	0.00	0.00		0		squad-1	3	bot-12
39091	bot-3	alpha	S45rm2310	state	-16.03	22.82	59	0.00	0.00		0		squad-1	2	bot-12
39091	bot-3	alpha	P45rm2310	state	-16.03	22.82	59	0.00	0.00		0		squad-1	2	bot-12
39108	bot-3	alpha	S45rm2310	state	-16.03	22.82	59	0.00	0.00		0		squad-1	2	bot-12
39108	bot-3	alpha	P45rm2310	state	-16.03	22.82	59	0.00	0.00		0		squad-1	2	bot-12
39125	bot-3	alpha	S45rm2310	state	-16.03	22.82	59	0.00	0.00		0		squad-1	2	bot-12
39125	bot-3	alpha	P45rm2310	state	-16.03	22.82	59	0.00	0.00		0		squad-1	2	bot-12
39125	bot-17	bravo	U37r-4410	tick	10.81	18.32	264	3.74	3.70	30.59	9	pursue	squad-2	0	
39142	bot-3	alpha	S45rm2310	state	-16.03	22.82	59	0.00	0.00		0		squad-1	2	bot-12
39142	bot-3	alpha	P45rm2310	state	-16.03	22.82	59	0.00	0.00		0		squad-1	2	bot-12
39142	bot-12	alpha	F45rm2410	state	-20.84	15.08	84	0.00	0.00		0		squad-1	0	bot-12
39158	bot-3	alpha	S45rm2310	state	-16.03	22.82	59	0.00	0.00		0		squad-1	2	bot-12
39158	bot-3	alpha	P45rm2310	state	-16.03	22.82	59	0.00	0.00		0		squad-1	2	bot-12
39158	bot-12	alpha	A45rm2410	state	-20.84	15.08	84	0.00	0.00		0		squad-1	0	bot-12
39175	bot-3	alpha	S45rm2310	state	-16.03	22.82	59	0.00	0.00		0		squad-1	2	bot-12
39175	bot-3	alpha	P45rm2310	state	-16.03	22.82	59	0.00	0.00		0		squad-1	2	bot-12
39191	bot-3	alpha	S45rm2310	state	-16.03	22.82	59	0.00	0.00		0		squad-1	2	bot-12
39191	bot-3	alpha	P45rm2310	state	-16.03	22.82	59	0.00	0.00		0		squad-1	2	bot-12
39191	bot-18	bravo	S00r-4410	tick	17.85	18.19	268	1.99	2.09	39.82	9	seek	squad-2	1	
39208	bot-3	alpha	S45rm2310	state	-16.03	22.82	59	0.00	0.00		0		squad-1	2	bot-12
39208	bot-3	alpha	P45rm2310	state	-16.03	22.82	59	0.00	0.00		0		squad-1	2	bot-12
39225	bot-1	alpha	D00r--000	tick	-19.31	14.01	96	0.00	0.00	6.86	0		squad-1	-1	bot-12
39225	bot-3	alpha	S45rm2310	state	-16.03	22.82	59	0.00	0.00		0		squad-1	2	bot-12
39225	bot-3	alpha	P45rm2310	state	-16.03	22.82	59	0.00	0.00		0		squad-1	2	bot-12
39241	bot-3	alpha	S45rm2310	state	-16.03	22.82	59	0.00	0.00		0		squad-1	2	bot-12
39241	bot-3	alpha	P45rm2310	state	-16.03	22.82	59	0.00	0.00		0		squad-1	2	bot-12
39241	bot-12	alpha	A45rmR41G	ammo+latches	-20.84	15.08	84	0.00	0.00		0		squad-1	0	bot-12
39241	bot-17	bravo	U37r-441G	latches	10.39	18.22	264	3.60	0.43	30.16	9	pursue	squad-2	0	
39258	bot-3	alpha	S45rm2310	state	-16.03	22.82	59	0.00	0.00		0		squad-1	2	bot-12
39258	bot-3	alpha	P45rm2310	state	-16.03	22.82	59	0.00	0.00		0		squad-1	2	bot-12
39258	bot-14	alpha	S45rm2314	state+latches	-21.67	14.49	83	0.00	0.00		0		squad-1	1	bot-12
39258	bot-18	bravo	S35r-4410	tier+score	17.72	18.19	268	2.01	0.13	39.68	9	seek	squad-2	1	bot-17
39274	bot-3	alpha	S45rm2310	state	-16.03	22.82	59	0.00	0.00		0		squad-1	2	bot-12
39274	bot-3	alpha	P45rm2310	state	-16.03	22.82	59	0.00	0.00		0		squad-1	2	bot-12
39291	bot-3	alpha	S45rm2310	state	-16.03	22.82	59	0.00	0.00		0		squad-1	2	bot-12
39291	bot-3	alpha	P45rm2310	state	-16.03	22.82	59	0.00	0.00		0		squad-1	2	bot-12
39308	bot-3	alpha	S45rm2310	state	-16.03	22.82	59	0.00	0.00		0		squad-1	2	bot-12
39308	bot-3	alpha	P45rm2310	state	-16.03	22.82	59	0.00	0.00		0		squad-1	2	bot-12
39325	bot-3	alpha	S45rm2310	state	-16.03	22.82	59	0.00	0.00		0		squad-1	2	bot-12
39325	bot-3	alpha	P45rm2310	state	-16.03	22.82	59	0.00	0.00		0		squad-1	2	bot-12
39341	bot-3	alpha	S45rm2310	state	-16.03	22.82	59	0.00	0.00		0		squad-1	2	bot-12
39341	bot-3	alpha	P45rm2310	state	-16.03	22.82	59	0.00	0.00		0		squad-1	2	bot-12
39358	bot-3	alpha	S45rm2310	state	-16.03	22.82	59	0.00	0.00		0		squad-1	2	bot-12
39358	bot-3	alpha	P45rm2310	state	-16.03	22.82	59	0.00	0.00		0		squad-1	2	bot-12
39374	bot-3	alpha	S45rm2310	state	-16.03	22.82	59	0.00	0.00		0		squad-1	2	bot-12
39374	bot-3	alpha	P45rm2310	state	-16.03	22.82	59	0.00	0.00		0		squad-1	2	bot-12
39374	bot-17	bravo	U39r-441G	score	9.98	18.09	264	2.97	0.43	29.74	9	pursue	squad-2	0	bot-17
39391	bot-3	alpha	S45rm2310	state	-16.03	22.82	59	0.00	0.00		0		squad-1	2	bot-12
39391	bot-3	alpha	P45rm2310	state	-16.03	22.82	59	0.00	0.00		0		squad-1	2	bot-12
39408	bot-3	alpha	S45rm2310	state	-16.03	22.82	59	0.00	0.00		0		squad-1	2	bot-12
39408	bot-3	alpha	P45rm2310	state	-16.03	22.82	59	0.00	0.00		0		squad-1	2	bot-12
39425	bot-3	alpha	S45rm2310	state	-16.03	22.82	59	0.00	0.00		0		squad-1	2	bot-12
39425	bot-3	alpha	P45rm2310	state	-16.03	22.82	59	0.00	0.00		0		squad-1	2	bot-12
39441	bot-3	alpha	S45rm2310	state	-16.03	22.82	59	0.00	0.00		0		squad-1	2	bot-12
39441	bot-3	alpha	P45rm2310	state	-16.03	22.82	59	0.00	0.00		0		squad-1	2	bot-12
39458	bot-3	alpha	S45rm2310	state	-16.03	22.82	59	0.00	0.00		0		squad-1	2	bot-12
39458	bot-3	alpha	P45rm2310	state	-16.03	22.82	59	0.00	0.00		0		squad-1	2	bot-12
39475	bot-3	alpha	S44rm2310	state+score	-16.03	22.82	59	0.00	0.00		0		squad-1	2	bot-12
39475	bot-3	alpha	P44rm2310	state	-16.03	22.82	59	0.00	0.00		0		squad-1	2	bot-12
39475	bot-5	alpha	H44rm4210	score	-23.18	19.93	86	0.00	0.00		0		squad-1	3	bot-12
39475	bot-12	alpha	A44rmR41G	score	-20.84	15.08	84	0.00	0.00		0		squad-1	0	bot-12
39475	bot-14	alpha	S44rm2314	score	-21.67	14.49	83	0.00	0.00		0		squad-1	1	bot-12
39475	bot-16	alpha	T44mm4320	score	-22.37	19.78	138	0.00	0.00	0.83	1	medic	squad-1	4	bot-12
39491	bot-3	alpha	S44rm2310	state	-16.03	22.82	59	0.00	0.00		0		squad-1	2	bot-12
39491	bot-3	alpha	P44rm2310	state	-16.03	22.82	59	0.00	0.00		0		squad-1	2	bot-12
39491	bot-12	alpha	S44rmR410	state+latches	-20.84	15.08	84	0.00	0.00		0		squad-1	0	bot-12
39491	bot-17	bravo	S39r-4410	state+latches	9.72	18.01	264	2.75	0.28	29.47	8	pursue	squad-2	0	bot-17
39508	bot-3	alpha	S44rm2310	state	-16.03	22.82	59	0.00	0.00		0		squad-1	2	bot-12
39508	bot-3	alpha	P44rm2310	state	-16.03	22.82	59	0.00	0.00		0		squad-1	2	bot-12
39508	bot-14	alpha	S44rm2310	latches	-21.65	14.47	80	1.36	0.02	32.97	7	seek	squad-1	1	bot-12
39524	bot-3	alpha	S44rm2310	state	-16.03	22.82	59	0.00	0.00		0		squad-1	2	bot-12
39524	bot-3	alpha	P44rm2310	state	-16.03	22.82	59	0.00	0.00		0		squad-1	2	bot-12
39541	bot-3	alpha	S44rm2310	state	-16.03	22.82	59	0.00	0.00		0		squad-1	2	bot-12
39541	bot-3	alpha	P44rm2310	state	-16.03	22.82	59	0.00	0.00		0		squad-1	2	bot-12
39558	bot-3	alpha	S44rm2310	state	-16.03	22.82	59	0.00	0.00		0		squad-1	2	bot-12
39558	bot-3	alpha	P44rm2310	state	-16.03	22.82	59	0.00	0.00		0		squad-1	2	bot-12
39575	bot-3	alpha	S44rm2310	state	-16.03	22.82	59	0.00	0.00		0		squad-1	2	bot-12
39575	bot-3	alpha	P44rm2310	state	-16.03	22.82	59	0.00	0.00		0		squad-1	2	bot-12
39575	bot-5	alpha	H44rm4310	health	-23.18	19.93	78	0.00	0.00		0		squad-1	3	bot-12
39591	bot-3	alpha	S44rm2310	state	-16.03	22.82	59	0.00	0.00		0		squad-1	2	bot-12
39591	bot-3	alpha	P44rm2310	state	-16.03	22.82	59	0.00	0.00		0		squad-1	2	bot-12
39608	bot-3	alpha	P33r-2310	tier+score+element	-16.03	22.82	59	0.00	0.00		0		squad-1	2	bot-12
39608	bot-5	alpha	H33r-4310	tier+score+element	-23.18	19.93	75	0.00	0.00		0		squad-1	3	bot-12
39608	bot-12	alpha	S33r-R410	tier+score+element	-20.67	15.05	84	1.33	0.18	27.88	6	seek	squad-1	0	bot-12
39608	bot-14	alpha	S33r-2310	tier+score+element	-21.53	14.40	77	1.46	0.14	32.87	7	seek	squad-1	1	bot-12
39608	bot-16	alpha	T33m-4320	tier+score+element	-22.37	19.78	145	0.00	0.00	0.83	1	medic	squad-1	4	bot-12
39624	bot-17	bravo	S37r-4410	score	9.47	17.92	271	1.67	0.26	31.48	7	seek	squad-2	0	bot-17
39725	bot-3	alpha	P32r-2310	score	-16.03	22.82	86	0.00	0.00		0		squad-1	2	bot-12
39725	bot-5	alpha	H32r-4310	score	-23.18	19.93	71	0.00	0.00		0		squad-1	3	bot-12
39725	bot-12	alpha	S32r-R410	score	-20.50	15.01	84	2.43	0.17	27.71	6	seek	squad-1	0	bot-12
39725	bot-14	alpha	S32r-2310	score	-21.39	14.32	77	1.36	0.16	32.75	7	seek	squad-1	1	bot-12
39725	bot-16	alpha	T32m-4320	score	-22.37	19.78	141	0.00	0.00	0.83	1	medic	squad-1	4	bot-12
39858	bot-3	alpha	C32r-2310	state	-16.03	22.82	110	0.00	0.00		0		squad-1	2	bot-12
39858	bot-14	alpha	S32r-2320	packs	-21.11	14.19	77	1.38	0.31	32.51	7	seek	squad-1	1	bot-12
39874	bot-3	alpha	P32r-2310	state	-16.03	22.82	110	0.00	0.00		0		squad-1	2	bot-12
39874	bot-5	alpha	S32r-4314	state+latches	-23.18	19.93	72	0.00	0.00		0		squad-1	3	bot-12
39908	bot-3	alpha	P00r-2310	tier+score	-16.03	22.82	117	0.00	0.00		0		squad-1	2	bot-12
39908	bot-5	alpha	S00r-4314	tier+score	-23.18	19.93	66	0.00	0.00		0		squad-1	3	bot-12
39908	bot-12	alpha	S00r-R410	tier+score	-20.06	14.90	83	2.49	0.45	27.29	6	seek	squad-1	0	bot-12
39908	bot-14	alpha	S00r-2320	tier+score	-21.05	14.16	77	1.35	0.07	32.45	7	seek	squad-1	1	bot-12
39908	bot-16	alpha	T00m-4320	tier+score	-22.37	19.78	135	0.00	0.00	0.83	1	medic	squad-1	4	bot-12
40024	bot-21	alpha	S00r-4310	tick	-2.69	7.83	2	2.44	1.97	15.03	4	seek	squad-4	0	bot-21
40108	bot-12	alpha	S00r-R420	packs	-19.59	14.70	83	1.72	0.51	26.85	6	seek	squad-1	0	bot-12
40191	bot-17	bravo	S36r-4410	score	8.32	17.91	271	2.25	1.15	30.32	7	seek	squad-2	0	bot-17
40191	bot-18	bravo	S34r-4410	score	15.62	18.13	269	2.41	2.10	37.58	9	seek	squad-2	1	bot-17
40224	bot-17	bravo	S35r-4410	score	8.24	17.91	271	2.29	0.08	30.25	7	seek	squad-2	0	bot-17
40224	bot-18	bravo	S33r-4410	score	15.54	18.13	269	2.39	0.08	37.51	9	seek	squad-2	1	bot-17
40241	bot-1	alpha	D00r--000	tick	-19.31	14.01	96	0.00	0.00	6.86	0		squad-1	-1	bot-12
40241	bot-5	alpha	S00r-4414	health	-23.18	19.93	50	0.00	0.00		0		squad-1	4	bot-12
40308	bot-17	bravo	S34r-4410	score	8.05	17.91	267	2.37	0.19	30.05	7	seek	squad-2	0	bot-17
40308	bot-18	bravo	S32r-4410	score	15.35	18.12	269	2.26	0.19	37.31	9	seek	squad-2	1	bot-17
40324	bot-16	alpha	T00m-4310	packs	-22.36	19.79	89	0.00	0.00	0.83	1	medic	squad-1	5	bot-12
40575	bot-18	bravo	S34r-4410	score	14.77	18.10	269	2.19	0.58	36.73	9	seek	squad-2	1	bot-17
40641	bot-17	bravo	S36r-4410	score	7.25	17.92	266	2.15	0.80	29.26	7	seek	squad-2	0	bot-17
40641	bot-22	bravo	P00m-0420	initial	5.05	22.05	0	0.00			0			-1	
40641	bot-23	alpha	P00r-0410	initial	-1.45	19.05	0	0.00			0			-1	
40658	bot-5	alpha	A00r-4410	state+latches	-23.18	19.93	81	0.00	0.00		0		squad-1	4	bot-12
40658	bot-17	bravo	C46rb4410	state+tier+element	7.25	17.92	266	2.15	0.00	29.26	7	seek	squad-2	0	bot-17
40658	bot-22	bravo	C34m-4420	state+tier+score+ammo	5.05	22.05	0	0.00	0.00		0		squad-6	0	bot-22
40658	bot-23	alpha	S00r-4410	state+ammo	-1.45	19.05	0	0.00	0.00		0		squad-7	0	bot-23
40674	bot-12	alpha	A00r-R420	state	-18.96	14.32	82	1.95	0.73	26.28	5	seek	squad-1	0	bot-12
40674	bot-17	bravo	C44rb4412	score+latches	7.40	17.93	275	4.59	0.15	9.69	3	cover	squad-2	0	bot-17
40674	bot-18	bravo	A34r-4410	state	14.58	18.10	269	2.23	0.18	36.55	9	seek	squad-2	1	bot-17
40674	bot-22	bravo	C34m-4422	latches	4.84	22.04	351	4.81	0.21	3.09	3	cover	squad-6	0	bot-22
40691	bot-23	alpha	C00r-4410	state	-1.28	19.08	351	1.89	0.17	23.18	5	seek	squad-7	0	bot-23
40708	bot-14	alpha	A00r-2320	state	-19.80	13.84	76	2.67	1.29	31.31	7	seek	squad-1	1	bot-12
40708	bot-23	alpha	C00r-4412	latches	-1.27	18.96	360	3.33	0.11	9.41	4	cover	squad-7	0	bot-23
40724	bot-18	bravo	A34r-441G	latches	14.59	18.10	273	0.00	0.00		0		squad-2	1	bot-17
40741	bot-22	bravo	A34m-4420	state+latches	4.61	21.97	339	4.78	0.24	2.98	3	cover	squad-6	0	bot-22
40808	bot-18	bravo	A34r-4410	latches	14.59	18.10	272	0.00	0.00		0		squad-2	1	bot-17
40924	bot-3	alpha	P00r-2310	tick	-16.03	22.82	117	0.00	0.00		0		squad-1	3	bot-12
40924	bot-16	alpha	A00m-4310	state	-22.36	19.79	85	0.00	0.01	0.83	1	medic	squad-1	5	bot-12
40974	bot-12	alpha	A00r-R42G	latches	-18.71	14.20	72	0.13	0.28		0		squad-1	0	bot-12
41041	bot-21	alpha	S00r-4310	tick	-2.95	10.31	43	2.32	2.49	13.26	3	seek	squad-1	2	bot-12
41091	bot-12	alpha	A00r-R420	latches	-18.68	14.19	71	0.55	0.03		0		squad-1	0	bot-12
41141	bot-12	alpha	A00r-4420	ammo	-18.65	14.17	71	0.77	0.04		0		squad-1	0	bot-12
41141	bot-17	bravo	A44rb4410	state+latches	9.48	17.92	269	4.76	2.07	8.64	3	cover	squad-2	0	bot-17
41158	bot-17	bravo	A32r-4410	tier+score+element	9.49	17.90	268	0.56	0.03		0		squad-2	0	bot-17
41158	bot-18	bravo	A32r-4410	score	14.59	18.10	268	0.00	0.00		0		squad-2	1	bot-17
41158	bot-22	bravo	A32m-4420	score	4.59	21.98	244	0.00	0.02		0		squad-2	2	bot-17
41191	bot-18	bravo	C32r-4410	state	14.59	18.10	268	0.00	0.00		0		squad-2	1	bot-17
41208	bot-18	bravo	C32r-4412	latches	14.54	18.10	267	1.38	0.05	9.02	3	cover	squad-2	1	bot-17
41241	bot-17	bravo	A32r-441G	latches	9.49	17.89	266	0.01	0.01		0		squad-2	0	bot-17
41241	bot-18	bravo	C32r-441I	latches	14.50	18.10	268	1.39	0.05	8.98	3	cover	squad-2	1	bot-17
41258	bot-1	alpha	D00r--000	tick	-19.31	14.01	96	0.00	0.00	6.86	0		squad-1	-1	bot-12
41341	bot-12	alpha	A00r-442G	latches	-18.47	14.10	71	1.19	0.19		0		squad-1	0	bot-12
41474	bot-17	bravo	C32r-4410	state+latches	9.49	17.89	266	0.00	0.00		0		squad-2	0	bot-17
41474	bot-18	bravo	C32r-4412	latches	13.97	18.08	268	4.36	0.52	8.48	3	cover	squad-2	1	bot-17
41474	bot-22	bravo	C32m-4420	state	4.58	21.98	226	0.00	0.01		0		squad-2	2	bot-17
41474	bot-23	alpha	C00r-4312	health	-1.44	16.09	46	3.84	2.88	6.54	4	cover	squad-1	6	bot-12
41491	bot-17	bravo	C32r-4412	latches	9.54	17.89	273	1.54	0.05	4.21	3	cover	squad-2	0	bot-17
41491	bot-21	alpha	S21r-4310	tier+score	-3.24	11.29	7	2.23	1.02	12.77	3	seek	squad-1	2	bot-12
41491	bot-22	bravo	C32m-4422	latches	4.61	21.96	226	1.05	0.03	8.74	5	cover	squad-2	2	bot-17
41491	bot-23	alpha	C21r-4312	tier+score	-1.44	16.03	46	3.64	0.06	6.48	4	cover	squad-1	6	bot-12
41574	bot-12	alpha	S00r-4420	state+latches	-18.30	14.09	71	0.61	0.17		0		squad-1	0	bot-12
41674	bot-5	alpha	A00r-4410	tick	-23.18	19.93	86	0.00	0.00		0		squad-1	4	bot-12
41708	bot-14	alpha	A00r-2320	tick	-19.78	13.81	72	0.00	0.04		0		squad-1	1	bot-12
41741	bot-23	alpha	P21r-4310	state+latches	-1.76	15.45	46	4.49	0.66	5.91	1	muzzleRecovery	squad-1	6	bot-12
41758	bot-21	alpha	C21r-4310	state	-3.23	11.85	9	2.26	0.56	12.39	3	seek	squad-1	2	bot-12
41774	bot-21	alpha	C21r-4312	latches	-3.23	11.76	18	2.61	0.08	2.84	2	cover	squad-1	2	bot-12
41791	bot-21	alpha	C21r-431I	latches	-3.22	11.72	22	2.68	0.04	2.80	2	cover	squad-1	2	bot-12
41791	bot-22	bravo	P32m-4420	state+latches	4.93	21.75	227	2.91	0.39	8.36	1	muzzleRecovery	squad-2	2	bot-17
41808	bot-12	alpha	A00r-4420	state	-17.92	14.09	90	2.06	0.38	20.85	5	seek	squad-1	0	bot-12
41808	bot-23	alpha	A21r-4310	state	-1.85	15.73	29	0.00	0.29	6.19	0	muzzleRecovery	squad-1	6	bot-12
41908	bot-22	bravo	A32m-4420	state	4.98	21.39	197	0.00	0.37	8.08	0	muzzleRecovery	squad-2	2	bot-17
41908	bot-23	alpha	F21r-4310	state	-1.83	15.74	50	1.71	0.02		0		squad-1	6	bot-12
41924	bot-3	alpha	P00r-2310	tick	-16.03	22.82	117	0.00	0.00		0		squad-1	3	bot-12
41924	bot-16	alpha	A00m-4310	tick	-22.36	19.80	87	0.00	0.01		0		squad-1	5	bot-12
41924	bot-17	bravo	C33r-4412	score	10.97	17.97	15	4.61	1.43	5.48	3	cover	squad-2	0	bot-17
41924	bot-18	bravo	C33r-4412	score	12.66	16.96	214	4.44	1.72	6.88	2	cover	squad-2	1	bot-17
41924	bot-22	bravo	A33m-4320	score+health	4.98	21.39	204	0.00	0.00		0		squad-2	2	bot-17
41924	bot-23	alpha	A21r-4310	state	-1.82	15.75	50	1.12	0.02		0		squad-1	6	bot-12
42025	bot-21	alpha	C21r-4312	latches	-3.12	11.15	82	2.41	0.57	2.31	2	cover	squad-1	2	bot-12
42041	bot-12	alpha	A00r-442G	latches	-17.90	14.10	72	0.00	0.02		0		squad-1	0	bot-12
42058	bot-23	alpha	F21r-4310	state	-1.79	15.77	50	0.04	0.03		0		squad-1	6	bot-12
42074	bot-17	bravo	C44rb4412	tier+score+element	11.65	18.01	53	4.48	0.68	6.12	3	cover	squad-2	0	bot-17
42074	bot-18	bravo	C44rm4412	tier+score+element	12.28	16.38	214	4.81	0.69	6.37	2	cover	squad-2	1	bot-17
42074	bot-22	bravo	E44mb4220	state+tier+score+element+health	4.97	21.39	230	1.17	0.02		0		squad-2	2	bot-17
42074	bot-23	alpha	E32r-4210	state+tier+score+health	-1.79	15.77	50	0.02	0.00		0		squad-1	6	bot-12
42091	bot-21	alpha	C32r-4312	tier+score	-3.09	11.01	99	1.90	0.14	2.20	2	cover	squad-1	2	bot-12
42091	bot-22	bravo	E44mb4229	latches	4.96	21.39	230	0.28	0.01	6.09	2	flee	squad-2	2	bot-17
42091	bot-23	alpha	E32r-4219	latches	-1.78	15.74	50	0.96	0.03	5.95	3	flee	squad-1	6	bot-12
42141	bot-5	alpha	F00r-4410	state	-23.18	19.93	87	0.00	0.00		0		squad-1	4	bot-12
42141	bot-17	bravo	C45rb4412	score	11.76	17.80	71	4.45	0.24	6.13	2	cover	squad-2	0	bot-17
42141	bot-18	bravo	C45rm4412	score	12.00	16.27	227	4.68	0.30	6.07	1	cover	squad-2	1	bot-17
42141	bot-22	bravo	E45mb4129	score+health	4.97	21.37	230	0.60	0.02	6.07	2	flee	squad-2	2	bot-17
42158	bot-5	alpha	A00r-4410	state	-23.18	19.93	87	0.00	0.00		0		squad-1	4	bot-12
42208	bot-23	alpha	E32r-3219	ammo	-1.79	15.62	50	1.05	0.12	5.87	3	flee	squad-1	6	bot-12
42224	bot-17	bravo	C46rb4412	score	11.84	17.47	92	4.05	0.33	6.10	2	cover	squad-2	0	bot-17
42224	bot-18	bravo	C46rm4412	score	11.66	16.07	242	4.80	0.40	5.70	1	cover	squad-2	1	bot-17
42224	bot-22	bravo	E46mb3029	score+ammo+health	5.02	21.33	230	0.76	0.06	6.01	2	flee	squad-2	2	bot-17
42224	bot-23	alpha	E33r-3119	score+health	-1.79	15.60	50	1.05	0.02	5.86	3	flee	squad-1	6	bot-12
42241	bot-21	alpha	C33r-4312	score	-2.98	10.71	138	2.18	0.32	1.92	2	cover	squad-1	2	bot-12
42258	bot-5	alpha	F00r-4410	state	-23.18	19.93	87	0.00	0.00		0		squad-1	4	bot-12
42258	bot-5	alpha	P00r-4410	state	-23.18	19.93	87	0.00	0.00		0		squad-1	4	bot-12
42258	bot-22	bravo	D00m--000	state+tier+score+element+ammo+packs+latches	5.03	21.32	230	0.00	0.01	5.99	2	flee	squad-2	2	bot-17
42258	bot-12	alpha	S00r-4420	state+latches	-17.90	14.10	72	0.00	0.00		0		squad-1	0	bot-12
42258	bot-14	alpha	S00r-2320	state	-19.77	13.81	73	0.00	0.01		0		squad-1	1	bot-12
42258	bot-16	alpha	S00m-4310	state	-22.36	19.81	87	0.00	0.00		0		squad-1	5	bot-12
42258	bot-17	bravo	C38r-4412	tier+score+element	11.88	17.35	101	3.97	0.13	6.10	2	cover	squad-2	0	bot-17
42258	bot-18	bravo	C38r-4412	tier+score+element	11.52	16.00	243	4.47	0.15	5.56	1	cover	squad-2	1	bot-17
42258	bot-23	alpha	E33r-3110	latches	-1.79	15.57	50	1.02	0.03	7.19	3	flee	squad-1	6	bot-12
42274	bot-1	alpha	D00r--000	tick	-19.31	14.01	96	0.00	0.00	6.86	0		squad-1	-1	bot-12
42274	bot-5	alpha	S00r-4410	state	-23.18	19.93	87	0.00	0.00		0		squad-1	4	bot-12
42274	bot-12	alpha	P00r-4420	state	-17.88	14.10	76	1.48	0.02	20.81	5	seek	squad-1	0	bot-12
42274	bot-16	alpha	P00m-4310	state	-22.35	19.79	85	1.31	0.02	26.99	7	seek	squad-1	5	bot-12
42274	bot-23	alpha	E33r-3119	latches	-1.80	15.55	50	1.02	0.02	7.18	3	flee	squad-1	6	bot-12
42308	bot-14	alpha	P00r-2320	state	-19.70	13.81	83	1.43	0.07	27.25	6	seek	squad-1	1	bot-12
42324	bot-5	alpha	P00r-4410	state	-23.20	19.87	90	1.29	0.06	30.26	7	seek	squad-1	4	bot-12
42508	bot-23	alpha	E33r-3129	packs	-1.95	15.02	50	0.94	0.55	6.71	3	flee	squad-1	6	bot-12
42941	bot-3	alpha	P00r-2310	tick	-16.01	22.76	126	1.93	0.06	3.85	2	squad	squad-1	3	bot-12
43041	bot-21	alpha	G33r-4312	state	-1.81	9.75	119	4.14	1.51	0.42	1	cover	squad-1	2	bot-12
43141	bot-18	bravo	C39r-4412	score	8.36	15.12	264	4.42	3.29	2.31	1	cover	squad-2	1	bot-17
43275	bot-1	alpha	D00r--000	tick	-19.31	14.01	96	0.00	0.00	6.86	0		squad-1	-1	bot-12
43275	bot-12	alpha	P00r-4420	tick	-15.46	14.12	94	2.53	2.42	38.34	7	patrolReentry	squad-1	0	bot-12
43275	bot-16	alpha	P00m-4310	tick	-20.53	20.28	88	0.00	1.88		0		squad-1	5	bot-12
43275	bot-17	bravo	C38r-4412	tick	8.97	16.08	260	4.09	3.17	2.97	1	cover	squad-2	0	bot-17
43275	bot-18	bravo	C38r-4412	score	7.79	15.05	260	4.48	0.57	1.74	1	cover	squad-2	1	bot-17
43308	bot-14	alpha	P00r-2320	tick	-19.08	15.17	354	1.41	1.49	3.76	6	squad	squad-1	1	bot-12
43324	bot-5	alpha	P00r-4410	tick	-22.62	17.76	188	2.39	2.19	10.88	2	squad	squad-1	4	bot-12
43324	bot-18	bravo	C38r-4410	latches	7.57	15.04	264	4.54	0.22	1.52	1	cover	squad-2	1	bot-17
43341	bot-18	bravo	C38r-4412	latches	7.49	15.04	268	4.37	0.07	1.44	1	cover	squad-2	1	bot-17
43524	bot-23	alpha	E33r-3129	tick	-3.01	13.86	50	4.78	1.57	5.15	2	flee	squad-1	6	bot-12
43674	bot-18	bravo	G38r-4412	state	6.46	14.95	268	1.74	1.03	0.43	1	cover	squad-2	1	bot-17
43908	bot-17	bravo	G38r-4412	state	6.38	15.83	262	4.27	2.60	0.43	1	cover	squad-2	0	bot-17
43941	bot-3	alpha	P00r-2310	tick	-15.34	20.91	162	2.07	1.98	2.28	1	squad	squad-1	3	bot-12
43974	bot-12	alpha	C33r-4420	state+tier+score	-13.65	14.12	76	2.93	1.81	36.57	7	patrolReentry	squad-1	0	bot-12
43974	bot-14	alpha	C33r-2320	state+tier+score	-18.53	14.37	186	3.10	0.97	4.70	3	squad	squad-1	1	bot-12
43991	bot-12	alpha	C33r-4422	latches	-13.62	14.29	67	5.08	0.17	0.78	1	cover	squad-1	0	bot-12
43991	bot-14	alpha	C33r-2322	latches	-18.35	14.39	177	5.26	0.18	4.54	3	squad	squad-1	1	bot-12
44041	bot-21	alpha	G33r-4312	tick	-1.45	9.55	63	0.00	0.42		0		squad-1	2	bot-12
44074	bot-12	alpha	G33r-4422	state	-13.54	14.61	50	5.05	0.34	0.45	1	cover	squad-1	0	bot-12
44124	bot-3	alpha	C33r-2310	state+tier+score	-15.34	20.62	157	0.04	0.29		0		squad-1	3	bot-12
44141	bot-3	alpha	C33r-2312	latches	-15.34	20.62	157	0.02	0.00		0		squad-1	3	bot-12
44224	bot-21	alpha	C33r-4312	state	-1.71	9.88	51	0.00	0.42		0		squad-1	2	bot-12
44241	bot-21	alpha	G33r-4312	state	-1.69	9.86	55	1.55	0.03	0.39	1	cover	squad-1	2	bot-12
44258	bot-18	bravo	C38r-4410	state+latches	6.07	15.01	324	0.37	0.40		0		squad-2	1	bot-17
44274	bot-17	bravo	C38r-4410	state+latches	6.05	15.58	254	0.00	0.41		0		squad-2	0	bot-17
44274	bot-18	bravo	G38r-4412	state+latches	6.09	14.99	324	0.51	0.03		0		squad-2	1	bot-17
44291	bot-1	alpha	D00r--000	tick	-19.31	14.01	96	0.00	0.00	6.86	0		squad-1	-1	bot-12
44291	bot-16	alpha	P00m-4310	tick	-20.69	20.02	161	1.25	0.30	4.13	3	squad	squad-1	5	bot-12
44291	bot-17	bravo	G38r-4412	state+latches	6.05	15.62	254	0.00	0.03		0		squad-2	0	bot-17
44341	bot-5	alpha	P00r-4410	tick	-21.60	15.56	148	2.40	2.43	12.91	4	squad	squad-1	4	bot-12
44491	bot-3	alpha	C32r-2312	score	-15.34	20.62	157	0.00	0.00		0		squad-1	3	bot-12
44491	bot-12	alpha	G32r-4422	score	-13.45	15.05	57	0.00	0.45		0		squad-1	0	bot-12
44491	bot-14	alpha	C32r-2322	score	-15.74	14.47	88	4.95	2.62	2.79	1	cover	squad-1	1	bot-12
44491	bot-21	alpha	G32r-4312	score	-1.45	9.55	42	0.02	0.39		0		squad-1	2	bot-12
44491	bot-23	alpha	E32r-3120	score+latches	-6.68	10.76	50	0.00	4.81		0		squad-1	6	bot-12
44607	bot-3	alpha	S32r-2310	state+latches	-15.34	20.62	157	0.00	0.00		0		squad-1	3	bot-12
44607	bot-3	alpha	P32r-2310	state	-15.34	20.62	157	0.00	0.00		0		squad-1	3	bot-12
44641	bot-18	bravo	S38r-4410	state+latches	6.07	15.01	294	0.39	0.03		0		squad-2	1	bot-17
44658	bot-17	bravo	S38r-4410	state+latches	6.05	15.58	232	0.00	0.03		0		squad-2	0	bot-17
44924	bot-17	bravo	S37r-4410	score	6.40	15.86	286	2.41	0.45	9.72	8	seek	squad-2	0	bot-17
44924	bot-18	bravo	S37r-4410	score	6.64	14.94	271	2.62	0.57	8.09	5	seek	squad-2	1	bot-17
44941	bot-3	alpha	C32r-2310	state	-15.33	20.62	128	0.00	0.01		0		squad-1	3	bot-12
44959	bot-3	alpha	C32r-2312	latches	-15.33	20.62	128	0.00	0.00		0		squad-1	3	bot-12
44994	bot-23	alpha	H32r-3120	state	-6.67	10.76	50	0.00	0.02		0		squad-1	6	bot-12
44994	bot-23	alpha	H32r-3220	health	-6.67	10.76	54	0.00	0.00		0		squad-1	6	bot-12
45027	bot-14	alpha	G32r-2322	state	-13.24	14.21	84	4.83	2.52	0.44	1	cover	squad-1	1	bot-12
45074	bot-17	bravo	S36r-4410	score	6.72	16.03	285	2.42	0.36	9.99	8	seek	squad-2	0	bot-17
45074	bot-18	bravo	C36r-4410	state+score	6.99	14.89	271	2.59	0.35	8.44	5	seek	squad-2	1	bot-17
45091	bot-3	alpha	C21r-2312	tier+score	-15.33	20.62	128	0.00	0.00		0		squad-1	3	bot-12
45091	bot-12	alpha	G21r-4422	tier+score	-13.45	15.05	21	0.00	0.00		0		squad-1	0	bot-12
45091	bot-14	alpha	G21r-2322	tier+score	-12.95	14.55	67	0.04	0.44		0		squad-1	1	bot-12
45091	bot-17	bravo	C36r-4410	state	6.72	16.03	285	2.42	0.00	9.99	8	seek	squad-2	0	bot-17
45091	bot-18	bravo	C36r-4412	latches	6.91	14.91	280	2.96	0.08	0.87	1	cover	squad-2	1	bot-17
45091	bot-21	alpha	G00r-4312	tier+score	-1.45	9.55	74	0.00	0.00		0		squad-1	2	bot-12
45091	bot-23	alpha	H00r-3220	tier+score	-6.66	10.76	74	0.02	0.00		0		squad-1	6	bot-12
45108	bot-17	bravo	C36r-4412	latches	6.58	16.00	276	4.34	0.14	0.69	1	cover	squad-2	0	bot-17
45158	bot-17	bravo	C35r-4412	score	6.37	15.94	263	4.23	0.22	0.50	1	cover	squad-2	0	bot-17
45158	bot-18	bravo	C35r-4412	score	6.72	14.95	279	2.99	0.20	0.67	1	cover	squad-2	1	bot-17
45191	bot-17	bravo	G35r-4412	state	6.30	15.91	259	4.39	0.07	0.44	1	cover	squad-2	0	bot-17
45224	bot-3	alpha	C00r-2312	tier+score	-15.33	20.62	128	0.00	0.00		0		squad-1	3	bot-12
45224	bot-12	alpha	G00r-4422	tier+score	-13.45	15.05	32	0.00	0.00		0		squad-1	0	bot-12
45224	bot-14	alpha	G00r-2322	tier+score	-12.95	14.55	40	0.00	0.00		0		squad-1	1	bot-12
45224	bot-17	bravo	G34r-4412	score	6.10	15.60	269	0.00	0.37		0		squad-2	0	bot-17
45224	bot-18	bravo	C34r-4412	score	6.53	14.98	279	2.69	0.19	0.49	1	cover	squad-2	1	bot-17
45258	bot-18	bravo	G34r-4412	state	6.49	14.98	279	2.67	0.04	0.44	1	cover	squad-2	1	bot-17
45291	bot-1	alpha	D00r--000	tick	-19.31	14.01	96	0.00	0.00	6.86	0		squad-1	-1	bot-12
45291	bot-16	alpha	P00m-4310	tick	-21.72	18.41	187	2.37	1.92	2.74	3	squad	squad-1	5	bot-12
45341	bot-5	alpha	P00r-4410	tick	-19.64	14.02	98	2.74	2.49	0.83	1	packseek	squad-1	4	bot-12
45408	bot-5	alpha	P00r-4420	packs	-19.49	13.93	96	2.27	0.17	10.73	2	squad	squad-1	4	bot-12
45441	bot-14	alpha	P00r-2320	state+latches	-12.95	14.55	23	0.00	0.00		0		squad-1	1	bot-12
45441	bot-17	bravo	G32r-4412	score	6.05	15.55	262	0.01	0.06		0		squad-2	0	bot-17
45441	bot-18	bravo	G32r-4412	score	6.05	15.05	320	0.00	0.44		0		squad-2	1	bot-17
45624	bot-21	alpha	C00r-4312	state	-1.71	9.88	36	0.00	0.42		0		squad-1	2	bot-12
45641	bot-21	alpha	G00r-4312	state	-1.69	9.86	39	1.55	0.03	0.39	1	cover	squad-1	2	bot-12
45641	bot-24	bravo	P00r-0410	initial	-19.45	-4.45	0	0.00			0			-1	
45641	bot-25	alpha	P00m-0420	initial	1.05	7.55	0	0.00			0			-1	
45658	bot-12	alpha	C00r-4422	state	-12.78	15.23	64	0.04	0.69		0		squad-1	0	bot-12
45658	bot-24	bravo	C32r-4410	state+tier+score+ammo	-19.45	-4.45	0	0.00	0.00		0		squad-8	0	bot-24
45658	bot-25	alpha	M00m-4420	state+ammo	1.05	7.55	0	0.00	0.00		0		squad-9	0	bot-25
45678	bot-24	bravo	P32r-4410	state	-19.40	-4.59	4	4.76	0.15	6.98	2	cover	squad-8	0	bot-24
46186	bot-23	alpha	H00r-3220	tick	-6.66	10.75	41	0.00	0.01		0		squad-1	6	bot-12
46186	bot-24	bravo	P00r-4410	tier+score	-19.40	-4.60	22	0.06	0.01		0		squad-8	0	bot-24
46197	bot-12	alpha	G00r-4422	state	-13.20	15.30	30	5.16	0.43	0.35	1	cover	squad-1	0	bot-12
46241	bot-3	alpha	C00r-2312	tick	-15.33	20.62	128	0.00	0.00		0		squad-1	3	bot-12
46274	bot-3	alpha	P00r-2310	state+latches	-15.33	20.62	128	0.00	0.00		0		squad-1	3	bot-12
46274	bot-12	alpha	P00r-4420	state+latches	-13.41	15.09	45	0.27	0.29		0		squad-1	0	bot-12
46307	bot-1	alpha	D00r--000	tick	-19.31	14.01	96	0.00	0.00	6.86	0		squad-1	-1	bot-12
46307	bot-16	alpha	P00m-4310	tick	-21.87	16.93	184	2.40	1.48	14.29	5	squad	squad-1	5	bot-12
46410	bot-5	alpha	P00r-4420	tick	-18.89	13.90	76	0.01	0.60		0		squad-1	4	bot-12
46457	bot-14	alpha	P00r-2320	tick	-12.95	13.87	36	2.27	0.68	1.22	1	squad	squad-1	1	bot-12
46457	bot-17	bravo	G32r-4412	tick	6.05	15.55	274	0.00	0.00		0		squad-2	0	bot-17
46457	bot-18	bravo	G32r-4412	tick	6.05	15.05	275	0.55	0.00		0		squad-2	1	bot-17
46491	bot-23	alpha	H00r-3320	health	-6.65	10.75	353	0.00	0.00		0		squad-1	6	bot-12
46658	bot-21	alpha	G00r-4312	tick	-1.45	9.55	61	0.00	0.39		0		squad-1	2	bot-12
46674	bot-25	alpha	M00m-4420	tick	-1.29	6.63	266	4.54	2.51	6.77	2	medic	squad-1	7	bot-12
46757	bot-18	bravo	C32r-4412	state	5.84	15.03	254	0.25	0.21		0		squad-2	1	bot-17
46774	bot-18	bravo	G32r-4412	state	5.84	15.02	254	0.10	0.01		0		squad-2	1	bot-17
46774	bot-25	alpha	S00m-4420	state	-1.67	6.60	266	4.67	0.39	6.49	2	medic	squad-1	7	bot-12
46974	bot-21	alpha	C00r-4312	state	-1.71	9.88	39	0.00	0.41		0		squad-1	2	bot-12
46991	bot-21	alpha	G00r-4312	state	-1.69	9.86	43	1.55	0.03	0.39	1	cover	squad-1	2	bot-12
47175	bot-23	alpha	S00r-3320	state	-6.65	10.75	45	0.00	0.00		0		squad-1	6	bot-12
47191	bot-24	bravo	P00r-4410	tick	-17.91	-3.47	63	2.13	1.87		8	patrol	squad-8	0	bot-24
47275	bot-3	alpha	P00r-2310	tick	-15.30	20.62	128	0.00	0.03		0		squad-1	3	bot-12
47275	bot-12	alpha	P00r-4420	tick	-12.48	14.37	160	2.50	1.19		8	patrolReentry	squad-1	0	bot-12
47324	bot-1	alpha	D00r--000	tick	-19.31	14.01	96	0.00	0.00	6.86	0		squad-1	-1	bot-12
47324	bot-16	alpha	P00m-4310	tick	-20.91	14.99	140	2.42	2.16	14.33	7	squad	squad-1	5	bot-12
47424	bot-5	alpha	P00r-4420	tick	-17.86	13.14	154	0.00	1.29		0		squad-1	4	bot-12
47458	bot-14	alpha	P00r-2320	tick	-11.64	14.42	41	0.96	1.42	2.09	1	squad	squad-1	1	bot-12
47458	bot-17	bravo	G32r-4412	tick	6.05	15.55	323	0.00	0.00		0		squad-2	0	bot-17
47757	bot-21	alpha	S00r-4310	state+latches	-1.45	9.55	81	0.00	0.39		0		squad-1	2	bot-12
47774	bot-17	bravo	C32r-4410	state+latches	6.05	15.60	299	0.00	0.05		0		squad-2	0	bot-17
47774	bot-18	bravo	C32r-4410	state+latches	6.07	15.01	290	0.29	0.23		0		squad-2	1	bot-17
47791	bot-17	bravo	S32r-4410	state	6.05	15.61	299	0.00	0.01		0		squad-2	0	bot-17
47791	bot-18	bravo	S32r-4410	state	6.08	15.01	290	0.42	0.01		0		squad-2	1	bot-17
47791	bot-25	alpha	S00m-4420	tick	-2.81	8.15	19	2.51	1.92	16.78	4	seek	squad-1	7	bot-12
48191	bot-23	alpha	S00r-3320	tick	-4.88	12.13	53	2.37	2.24	10.60	3	seek	squad-1	6	bot-12
48208	bot-24	bravo	P00r-4410	tick	-16.49	-2.28	64	1.50	1.86		8	patrol	squad-8	0	bot-24
48291	bot-3	alpha	P00r-2310	tick	-15.27	20.62	128	0.01	0.03		0		squad-1	3	bot-12
48291	bot-12	alpha	P00r-4420	tick	-10.48	13.09	78	2.48	2.36		7	patrolReentry	squad-1	0	bot-12
48324	bot-1	alpha	D00r--000	tick	-19.31	14.01	96	0.00	0.00	6.86	0		squad-1	-1	bot-12
48324	bot-16	alpha	P00m-4310	tick	-18.91	14.10	104	0.49	2.18		0		squad-1	5	bot-12
48357	bot-24	bravo	C00r-4410	state	-16.37	-2.16	60	1.19	0.17		8	patrol	squad-8	0	bot-24
48374	bot-24	bravo	C00r-4412	latches	-16.38	-2.30	51	4.17	0.14	7.71	2	cover	squad-8	0	bot-24
48391	bot-24	bravo	C00r-441I	latches	-16.39	-2.36	56	4.15	0.07	7.64	2	cover	squad-8	0	bot-24
48441	bot-5	alpha	P00r-4420	tick	-16.94	12.46	98	2.61	1.14	7.73	5	squad	squad-1	4	bot-12
48474	bot-14	alpha	P00r-2320	tick	-11.28	14.61	72	0.00	0.41		0		squad-1	1	bot-12
48574	bot-17	bravo	C32r-4410	state	7.58	16.15	275	2.44	1.63	11.07	7	seek	squad-2	0	bot-17
48574	bot-18	bravo	C32r-4410	state	7.81	14.85	274	2.28	1.74	9.29	5	seek	squad-2	1	bot-17
48591	bot-17	bravo	S32r-4410	state	7.52	16.15	271	4.10	0.07	1.58	1	cover	squad-2	0	bot-17
48591	bot-18	bravo	S32r-4410	state	7.74	14.85	276	4.44	0.07	1.70	1	cover	squad-2	1	bot-17
48641	bot-24	bravo	C00r-4412	latches	-16.42	-3.41	120	4.34	1.04	6.61	2	cover	squad-8	0	bot-24
48757	bot-21	alpha	S00r-4310	tick	-2.84	11.05	49	1.57	2.04	13.74	3	seek	squad-1	2	bot-12
48791	bot-25	alpha	S00m-4420	tick	-3.58	10.57	341	2.47	2.54	14.81	3	seek	squad-1	7	bot-12
49007	bot-24	bravo	S00r-4410	state+latches	-16.54	-4.98	179	4.64	1.58	5.09	2	cover	squad-8	0	bot-24
49207	bot-23	alpha	S00r-3320	tick	-3.66	13.08	53	1.11	1.55	9.05	3	seek	squad-1	6	bot-12
49291	bot-3	alpha	P00r-2310	tick	-15.24	20.63	128	0.16	0.03		0		squad-1	3	bot-12
49291	bot-12	alpha	P00r-4420	tick	-7.83	12.83	98	2.50	2.66		6	patrolReentry	squad-1	0	bot-12
49341	bot-1	alpha	D00r--000	tick	-19.31	14.01	96	0.00	0.00	6.86	0		squad-1	-1	bot-12
49341	bot-16	alpha	P00m-4310	tick	-17.01	14.36	60	2.62	1.92	3.14	1	packseek	squad-1	5	bot-12
49391	bot-17	bravo	C32r-4410	state	9.48	16.16	14	2.46	1.97	10.97	5	seek	squad-2	0	bot-17
49391	bot-18	bravo	C32r-4410	state	9.65	14.83	13	2.48	1.91	10.62	5	seek	squad-2	1	bot-17
49407	bot-17	bravo	S32r-4410	state	9.42	16.16	10	3.79	0.06	3.55	1	cover	squad-2	0	bot-17
49407	bot-18	bravo	S32r-4410	state	9.60	14.84	9	3.33	0.06	3.62	1	cover	squad-2	1	bot-17
49457	bot-5	alpha	P00r-4420	tick	-14.72	14.07	82	2.57	2.74	9.53	2	squad	squad-1	4	bot-12
49491	bot-14	alpha	P00r-2320	tick	-10.29	14.56	75	1.86	0.99	1.43	1	squad	squad-1	1	bot-12
49757	bot-21	alpha	S00r-4310	tick	-2.84	12.73	47	1.03	1.68	12.71	3	seek	squad-1	2	bot-12
49807	bot-25	alpha	S00m-4420	tick	-3.91	12.78	30	1.20	2.24	12.99	3	seek	squad-1	7	bot-12
50024	bot-24	bravo	S00r-4410	tick	-16.66	-2.79	47	2.24	2.20	19.49	5	seek	squad-8	0	bot-24
50191	bot-17	bravo	C32r-4410	state	11.38	16.09	354	2.50	1.96	14.90	7	seek	squad-2	0	bot-17
50191	bot-18	bravo	C32r-4410	state	11.44	15.22	344	2.41	1.89	13.44	6	seek	squad-2	1	bot-17
50191	bot-23	alpha	S00r-4320	ammo	-2.89	14.09	55	2.48	1.27	7.84	3	seek	squad-1	6	bot-12
50207	bot-17	bravo	S32r-4410	state	11.34	16.10	350	2.36	0.04	5.39	1	cover	squad-2	0	bot-17
50207	bot-18	bravo	S32r-4410	state	11.38	15.20	339	3.79	0.06	5.34	1	cover	squad-2	1	bot-17
50257	bot-16	alpha	P00m-4320	packs	-14.58	14.92	92	1.81	2.49	9.14	5	squad	squad-1	5	bot-12
50274	bot-17	bravo	S00r-4410	tier+score	11.53	16.15	328	2.39	0.19	13.05	5	seek	squad-2	0	bot-17
50274	bot-18	bravo	S00r-4410	tier+score	11.52	15.36	318	2.53	0.21	12.04	9	seek	squad-2	1	bot-17
50291	bot-3	alpha	P00r-2310	tick	-15.20	20.63	128	0.00	0.04		0		squad-1	3	bot-12
50291	bot-12	alpha	P00r-4420	tick	-5.86	13.08	89	1.87	1.99		5	patrolReentry	squad-1	0	bot-12
50341	bot-1	alpha	D00r--000	tick	-19.31	14.01	96	0.00	0.00	6.86	0		squad-1	-1	bot-12
50391	bot-24	bravo	A00r-4410	state	-16.43	-2.18	53	1.44	0.65	18.91	4	seek	squad-8	0	bot-24
50407	bot-24	bravo	A00r-441G	latches	-16.43	-2.18	50	0.00	0.00		0		squad-8	0	bot-24
50458	bot-5	alpha	P00r-4420	tick	-12.40	13.08	146	2.58	2.52	8.93	1	squad	squad-1	4	bot-12
50491	bot-14	alpha	P00r-2320	tick	-10.63	14.54	286	2.56	0.34	3.84	5	squad	squad-1	1	bot-12
50641	bot-24	bravo	S00r-4410	state+latches	-16.46	-2.19	50	0.04	0.03		0		squad-8	0	bot-24
50641	bot-26	bravo	P00r-0410	initial	-13.95	1.05	0	0.00			0			-1	
50658	bot-26	bravo	C00r-4410	state+ammo	-13.95	1.05	0	0.00	0.00		0		squad-8	1	bot-24
50675	bot-26	bravo	C00r-4412	latches	-13.93	0.90	9	4.57	0.15	9.85	5	cover	squad-8	1	bot-24
50742	bot-23	alpha	S00r-3320	ammo	-1.96	15.19	37	2.61	1.45	6.45	2	seek	squad-1	6	bot-12
50759	bot-21	alpha	S00r-4310	tick	-2.21	13.96	58	2.43	1.38	11.51	3	seek	squad-1	2	bot-12
50809	bot-25	alpha	S00m-4420	tick	-3.11	13.64	40	1.55	1.17	11.85	3	seek	squad-1	7	bot-12
51009	bot-26	bravo	A00r-4410	state+latches	-14.63	-0.21	37	4.26	1.31	8.76	5	cover	squad-8	1	bot-24
51260	bot-16	alpha	P00m-4320	tick	-12.92	14.85	111	1.52	1.67	2.48	1	packseek	squad-1	5	bot-12
51277	bot-17	bravo	S00r-4410	tick	11.52	17.89	287	2.46	1.73	12.98	3	seek	squad-2	0	bot-17
51277	bot-18	bravo	S00r-4410	tick	12.21	17.13	328	2.43	1.90	13.03	8	seek	squad-2	1	bot-17
51294	bot-3	alpha	P00r-2310	tick	-15.17	20.63	128	0.00	0.03		0		squad-1	3	bot-12
51294	bot-12	alpha	P00r-4420	tick	-4.10	13.34	56	1.73	1.78		5	patrolReentry	squad-1	0	bot-12
51294	bot-23	alpha	S00r-4320	ammo	-1.20	16.33	65	1.95	1.36	5.25	2	seek	squad-1	6	bot-12
51294	bot-24	bravo	A00r-4410	state	-16.12	-1.71	42	1.36	0.59	20.48	4	seek	squad-8	0	bot-24
51310	bot-24	bravo	A00r-441G	latches	-16.12	-1.71	41	0.00	0.00		0		squad-8	0	bot-24
51344	bot-1	alpha	D00r--000	tick	-19.31	14.01	96	0.00	0.00	6.86	0		squad-1	-1	bot-12
51461	bot-5	alpha	P00r-4420	tick	-10.18	11.84	121	2.67	2.55	7.19	1	squad	squad-1	4	bot-12
51494	bot-14	alpha	P00r-2320	tick	-10.81	16.40	18	2.36	1.87	5.99	3	squad	squad-1	1	bot-12
51545	bot-24	bravo	S00r-4410	state+latches	-16.17	-1.72	41	0.29	0.06		0		squad-8	0	bot-24
51762	bot-21	alpha	S00r-4310	tick	-1.04	16.08	61	1.87	2.43	9.46	2	seek	squad-1	2	bot-12
51812	bot-25	alpha	S00m-4420	tick	-1.81	15.66	27	2.58	2.40	9.46	2	seek	squad-1	7	bot-12
51846	bot-23	alpha	S00r-3320	ammo	-0.28	17.21	70	2.46	1.27	4.06	2	seek	squad-1	6	bot-12
51862	bot-26	bravo	F00r-4410	state	-14.64	-0.19	40	0.14	0.02		0		squad-8	1	bot-24
51879	bot-5	alpha	P21r-4420	tier+score	-9.42	11.49	105	2.26	0.84	7.18	1	squad	squad-1	4	bot-12
51879	bot-12	alpha	S00r-4320	state+health	-3.18	13.57	34	1.31	0.94		4	patrolReentry	squad-1	0	bot-12
51879	bot-14	alpha	P21r-2320	tier+score	-10.87	17.19	17	1.91	0.79	7.14	3	squad	squad-1	1	bot-12
51879	bot-16	alpha	P21m-4320	tier+score	-12.29	14.76	91	0.93	0.64	1.85	1	packseek	squad-1	5	bot-12
51879	bot-17	bravo	C00r-4410	state	10.25	17.99	268	1.60	1.27	11.71	3	seek	squad-2	0	bot-17
51879	bot-21	alpha	S21r-4310	tier+score	-0.84	16.19	65	2.00	0.23	9.23	2	seek	squad-1	2	bot-12
51879	bot-23	alpha	A21r-3320	state+tier+score	-0.25	17.23	71	2.58	0.04	4.02	2	seek	squad-1	6	bot-12
51879	bot-25	alpha	S21m-4420	tier+score	-1.77	15.82	28	2.48	0.17	9.29	2	seek	squad-1	7	bot-12
51879	bot-26	bravo	A00r-4410	state	-14.64	-0.19	40	0.00	0.00		0		squad-8	1	bot-24
51896	bot-3	alpha	S21r-2310	state+tier+score	-15.17	20.63	128	0.00	0.00		0		squad-1	3	bot-12
51896	bot-3	alpha	P21r-2310	state	-15.17	20.63	128	0.00	0.00		0		squad-1	3	bot-12
51896	bot-5	alpha	S21r-4420	state	-9.42	11.49	108	0.15	0.00		0		squad-1	4	bot-12
51896	bot-12	alpha	S21r-4320	tier+score	-3.24	13.50	26	2.63	0.09	20.98	4	seek	squad-1	0	bot-12
51896	bot-14	alpha	S21r-2320	state	-10.87	17.19	14	0.00	0.00		0		squad-1	1	bot-12
51896	bot-16	alpha	S21m-4320	state	-12.29	14.76	95	0.00	0.00		0		squad-1	5	bot-12
51896	bot-17	bravo	C00r-4412	latches	10.41	18.02	266	4.74	0.16	5.27	3	cover	squad-2	0	bot-17
51896	bot-24	bravo	C00r-4410	state	-15.95	-1.62	40	0.72	0.24	21.07	5	seek	squad-8	0	bot-24
51912	bot-24	bravo	C00r-4412	latches	-16.00	-1.77	40	4.54	0.16	7.47	4	cover	squad-8	0	bot-24
51979	bot-26	bravo	F00r-4410	state	-14.64	-0.19	40	0.00	0.00		0		squad-8	1	bot-24
51996	bot-3	alpha	P32r-2310	tier+score	-15.17	20.63	145	0.00	0.00		0		squad-1	3	bot-12
51996	bot-5	alpha	S32r-4420	tier+score	-9.26	11.56	84	1.56	0.17	22.87	5	seek	squad-1	4	bot-12
51996	bot-12	alpha	E32r-4220	state+tier+score+health	-3.36	13.32	4	2.67	0.22		0		squad-1	0	bot-12
51996	bot-14	alpha	S32r-2320	tier+score	-10.88	17.30	38	0.80	0.11	20.77	7	seek	squad-1	1	bot-12
51996	bot-16	alpha	M32m-4320	state+tier+score	-12.22	14.71	82	0.92	0.09	23.01	6	seek	squad-1	5	bot-12
51996	bot-21	alpha	C32r-4310	state+tier+score	-0.65	16.27	65	2.01	0.20	9.03	2	seek	squad-1	2	bot-12
51996	bot-23	alpha	A32r-3320	tier+score	-0.25	17.24	85	0.00	0.01		0		squad-1	6	bot-12
51996	bot-25	alpha	C32m-4420	state+tier+score	-1.73	16.07	28	2.52	0.25	9.05	2	seek	squad-1	7	bot-12
51996	bot-26	bravo	A00r-4410	state	-14.64	-0.19	40	0.14	0.00		0		squad-8	1	bot-24
52013	bot-12	alpha	E32r-4229	latches	-3.30	13.33	4	2.87	0.07	5.72	2	flee	squad-1	0	bot-12
52013	bot-21	alpha	C32r-4312	latches	-0.71	16.18	74	3.05	0.11	6.68	4	cover	squad-1	2	bot-12
52013	bot-25	alpha	C32m-4422	latches	-1.71	15.99	19	2.53	0.08	7.30	5	cover	squad-1	7	bot-12
52096	bot-26	bravo	F00r-4410	state	-14.64	-0.19	40	0.14	0.00		0		squad-8	1	bot-24
52113	bot-3	alpha	P33r-2310	score	-15.17	20.63	154	0.00	0.00		0		squad-1	3	bot-12
52113	bot-5	alpha	S33r-4420	score	-9.11	11.62	77	1.44	0.17	22.70	5	seek	squad-1	4	bot-12
52113	bot-12	alpha	E33r-4129	score+health	-3.09	13.49	4	3.20	0.26	5.50	2	flee	squad-1	0	bot-12
52113	bot-14	alpha	S33r-2320	score	-10.89	17.41	62	0.93	0.11	20.76	7	seek	squad-1	1	bot-12
52113	bot-16	alpha	S33m-4320	state+score	-12.08	14.60	106	1.59	0.17	8.84	3	medic	squad-1	5	bot-12
52113	bot-21	alpha	C33r-4312	score	-0.86	15.89	100	3.25	0.33	6.37	4	cover	squad-1	2	bot-12
52113	bot-23	alpha	A33r-3320	score	-0.25	17.24	84	0.00	0.00		0		squad-1	6	bot-12
52113	bot-25	alpha	C33m-4422	score	-1.82	15.75	354	2.13	0.27	7.11	5	cover	squad-1	7	bot-12
52113	bot-26	bravo	A00r-4410	state	-14.64	-0.19	40	0.00	0.00		0		squad-8	1	bot-24
52130	bot-24	bravo	A00r-4410	state+latches	-16.28	-2.63	39	4.65	0.91	6.73	4	cover	squad-8	0	bot-24
52163	bot-24	bravo	A00r-441G	latches	-16.32	-2.62	39	0.84	0.04		0		squad-8	0	bot-24
52213	bot-26	bravo	F00r-4410	state	-14.64	-0.19	40	0.00	0.00		0		squad-8	1	bot-24
52213	bot-26	bravo	P00r-4410	state	-14.64	-0.19	40	0.00	0.00		0		squad-8	1	bot-24
52213	bot-12	alpha	D00r--000	state+tier+score+ammo+health+packs+latches	-2.81	13.75	4	0.00	0.38	5.15	2	flee	squad-1	0	bot-12
52230	bot-3	alpha	S45rm2310	state+tier+score+element	-15.17	20.63	161	0.00	0.00		0		squad-1	2	
52230	bot-3	alpha	P45rm2310	state	-15.17	20.63	161	0.00	0.00		0		squad-1	2	
52230	bot-5	alpha	S45rm4420	tier+score+element	-8.83	11.74	78	2.61	0.30	22.40	5	seek	squad-1	3	
52230	bot-14	alpha	S45rm2320	tier+score+element	-10.91	17.62	80	1.79	0.21	20.74	7	seek	squad-1	0	
52230	bot-16	alpha	S45mm4320	tier+score+element	-11.86	14.42	81	2.42	0.28	23.20	6	seek	squad-1	4	
52230	bot-21	alpha	S45rb4314	state+tier+score+element+latches	-1.06	15.65	126	3.30	0.31	6.11	4	cover	squad-1	1	
52230	bot-23	alpha	A45rb3320	tier+score+element	-0.25	17.24	84	0.00	0.00		0		squad-1	5	
52230	bot-24	bravo	S00r-4410	state+latches	-16.36	-2.61	39	0.99	0.04		0		squad-8	0	bot-24
52230	bot-25	alpha	S45mb4424	state+tier+score+element+latches	-1.95	15.52	328	2.67	0.26	6.94	5	cover	squad-1	6	
52230	bot-26	bravo	S00r-4410	state	-14.64	-0.19	40	0.14	0.00		0		squad-8	1	bot-24
52256	bot-3	alpha	S45rm2310	state	-15.17	20.63	161	0.00	0.00		0		squad-1	2	
52256	bot-3	alpha	P45rm2310	state	-15.17	20.63	161	0.00	0.00		0		squad-1	2	
52256	bot-21	alpha	S45rm4314	element	-1.06	15.65	117	0.19	0.00		0		squad-1	1	
52256	bot-25	alpha	S45mm4424	element	-1.95	15.52	337	0.00	0.00		0		squad-1	6	
52272	bot-3	alpha	S45rm2310	state	-15.17	20.63	161	0.00	0.00		0		squad-1	2	
52272	bot-3	alpha	P45rm2310	state	-15.17	20.63	161	0.00	0.00		0		squad-1	2	
52272	bot-26	bravo	C00r-4410	state	-14.60	-0.15	45	1.33	0.06	16.51	2	seek	squad-8	1	bot-24
52286	bot-3	alpha	S45rm2310	state	-15.17	20.63	161	0.00	0.00		0		squad-1	2	
52286	bot-3	alpha	P45rm2310	state	-15.17	20.63	161	0.00	0.00		0		squad-1	2	
52286	bot-18	bravo	S00r-4410	tick	10.53	17.82	251	2.03	1.82	11.61	7	seek	squad-2	1	bot-17
52286	bot-26	bravo	C00r-4412	latches	-14.62	-0.18	39	1.39	0.04	8.79	5	cover	squad-8	1	bot-24
52302	bot-3	alpha	S45rm2310	state	-15.17	20.63	161	0.00	0.00		0		squad-1	2	
52302	bot-3	alpha	P45rm2310	state	-15.17	20.63	161	0.00	0.00		0		squad-1	2	
52318	bot-3	alpha	S45rm2310	state	-15.17	20.63	161	0.21	0.00		0		squad-1	2	
52318	bot-3	alpha	P45rm2310	state	-15.17	20.63	161	0.21	0.00		0		squad-1	2	
52331	bot-3	alpha	S45rm2310	state	-15.16	20.63	158	0.21	0.00		0		squad-1	2	
52331	bot-3	alpha	P45rm2310	state	-15.16	20.63	158	0.21	0.00		0		squad-1	2	
52347	bot-1	alpha	D00r--000	tick	-19.31	14.01	96	0.00	0.00	6.86	0		squad-1	-1	
52347	bot-3	alpha	S45rm2310	state	-15.16	20.63	155	0.21	0.00		0		squad-1	2	
52347	bot-3	alpha	P45rm2310	state	-15.16	20.63	155	0.21	0.00		0		squad-1	2	
52347	bot-23	alpha	A45rm332G	element+latches	-0.25	17.24	86	0.00	0.00		0		squad-1	5	
52364	bot-3	alpha	S45rm2310	state	-15.16	20.63	152	0.21	0.00		0		squad-1	2	
52364	bot-3	alpha	P45rm2310	state	-15.16	20.63	152	0.21	0.00		0		squad-1	2	
52364	bot-17	bravo	C00r-441I	latches	11.96	17.95	262	4.39	1.55	6.58	2	cover	squad-2	0	bot-17
52381	bot-3	alpha	S45rm2310	state	-15.15	20.63	149	0.21	0.00		0		squad-1	2	
52381	bot-3	alpha	P45rm2310	state	-15.15	20.63	149	0.21	0.00		0		squad-1	2	
52398	bot-3	alpha	S45rm2310	state	-15.15	20.63	145	0.21	0.00		0		squad-1	2	
52398	bot-3	alpha	P45rm2310	state	-15.15	20.63	145	0.21	0.00		0		squad-1	2	
52418	bot-3	alpha	S45rm2310	state	-15.15	20.63	142	0.21	0.00		0		squad-1	2	
52418	bot-3	alpha	P45rm2310	state	-15.15	20.63	142	0.21	0.00		0		squad-1	2	
52434	bot-3	alpha	S45rm2310	state	-15.14	20.63	137	0.50	0.01		0		squad-1	2	
52434	bot-3	alpha	P45rm2310	state	-15.14	20.63	137	0.50	0.00		0		squad-1	2	
52448	bot-3	alpha	S45rm2310	state	-15.13	20.64	134	0.50	0.01		0		squad-1	2	
52448	bot-3	alpha	P45rm2310	state	-15.13	20.64	134	0.50	0.00		0		squad-1	2	
52464	bot-3	alpha	S45rm2310	state	-15.12	20.64	131	0.69	0.01		0		squad-1	2	
52464	bot-3	alpha	P45rm2310	state	-15.12	20.64	131	0.69	0.00		0		squad-1	2	
52481	bot-3	alpha	S45rm2310	state	-15.11	20.64	127	0.69	0.01		0		squad-1	2	
52481	bot-3	alpha	P45rm2310	state	-15.11	20.64	127	0.69	0.00		0		squad-1	2	
52498	bot-3	alpha	S45rm2310	state	-15.09	20.64	123	0.90	0.01		0		squad-1	2	
52498	bot-3	alpha	P45rm2310	state	-15.09	20.64	123	0.90	0.00		0		squad-1	2	
52515	bot-3	alpha	S45rm2310	state	-15.08	20.64	118	0.90	0.02		0		squad-1	2	
52515	bot-3	alpha	P45rm2310	state	-15.08	20.64	118	0.90	0.00		0		squad-1	2	
52535	bot-3	alpha	S45rm2310	state	-15.06	20.64	114	0.90	0.02		0		squad-1	2	
52535	bot-3	alpha	P45rm2310	state	-15.06	20.64	114	0.90	0.00		0		squad-1	2	
52551	bot-3	alpha	S45rm2310	state	-15.04	20.64	109	1.21	0.02		0		squad-1	2	
52551	bot-3	alpha	P45rm2310	state	-15.04	20.64	109	1.21	0.00		0		squad-1	2	
52565	bot-3	alpha	S45rm2310	state	-15.02	20.64	105	1.21	0.02		0		squad-1	2	
52565	bot-3	alpha	P45rm2310	state	-15.02	20.64	105	1.21	0.00		0		squad-1	2	
52582	bot-3	alpha	S45rm2310	state	-15.00	20.65	101	1.42	0.02		0		squad-1	2	
52582	bot-3	alpha	P45rm2310	state	-15.00	20.65	101	1.42	0.00		0		squad-1	2	
52582	bot-23	alpha	S45rm3324	state+latches	-0.25	17.24	86	0.00	0.00		0		squad-1	5	
52598	bot-3	alpha	S45rm2310	state	-14.98	20.65	97	1.42	0.02		0		squad-1	2	
52598	bot-3	alpha	P45rm2310	state	-14.98	20.65	97	1.42	0.00		0		squad-1	2	
52598	bot-17	bravo	C00r-4412	latches	12.00	16.98	201	4.47	0.97	6.26	2	cover	squad-2	0	bot-17
52615	bot-3	alpha	S45rm2310	state	-14.95	20.65	93	1.42	0.02		0		squad-1	2	
52615	bot-3	alpha	P45rm2310	state	-14.95	20.65	93	1.42	0.00		0		squad-1	2	
52632	bot-3	alpha	S45rm2310	state	-14.93	20.65	88	1.42	0.02		0		squad-1	2	
52632	bot-3	alpha	P45rm2310	state	-14.93	20.65	88	1.42	0.00		0		squad-1	2	
52654	bot-3	alpha	S45rm2310	state	-14.91	20.65	86	1.42	0.02		0		squad-1	2	
52654	bot-3	alpha	P45rm2310	state	-14.91	20.65	86	1.42	0.00		0		squad-1	2	
52670	bot-3	alpha	S45rm2310	state	-14.87	20.66	86	1.42	0.03		0		squad-1	2	
52670	bot-3	alpha	P45rm2310	state	-14.87	20.66	86	1.42	0.00		0		squad-1	2	
52670	bot-26	bravo	C00r-441I	latches	-15.34	-1.23	25	5.26	1.27	7.84	4	cover	squad-8	1	bot-24
52685	bot-3	alpha	S45rm2310	state	-14.85	20.66	86	1.48	0.02		0		squad-1	2	
52685	bot-3	alpha	P45rm2310	state	-14.85	20.66	86	1.48	0.00		0		squad-1	2	
52699	bot-3	alpha	S45rm2310	state	-14.83	20.66	86	1.48	0.02		0		squad-1	2	
52699	bot-3	alpha	P45rm2310	state	-14.83	20.66	86	1.48	0.00		0		squad-1	2	
52716	bot-3	alpha	S45rm2310	state	-14.81	20.66	86	1.48	0.02		0		squad-1	2	
52716	bot-3	alpha	P45rm2310	state	-14.81	20.66	86	1.48	0.00		0		squad-1	2	
52733	bot-3	alpha	S45rm2310	state	-14.78	20.66	86	1.48	0.02		0		squad-1	2	
52733	bot-3	alpha	P45rm2310	state	-14.78	20.66	86	1.48	0.00		0		squad-1	2	
52733	bot-21	alpha	S45rm4310	latches	-1.25	15.93	75	1.34	0.34	9.94	2	seek	squad-1	1	
52733	bot-25	alpha	S45mm4420	latches	-1.95	15.54	23	1.34	0.02	9.19	2	seek	squad-1	6	
52751	bot-3	alpha	S45rm2310	state	-14.75	20.66	86	1.72	0.03		0		squad-1	2	
52751	bot-3	alpha	P45rm2310	state	-14.75	20.66	86	1.72	0.00		0		squad-1	2	
52766	bot-3	alpha	S45rm2310	state	-14.72	20.67	87	1.72	0.03		0		squad-1	2	
52766	bot-3	alpha	P45rm2310	state	-14.72	20.67	87	1.72	0.00		0		squad-1	2	
52782	bot-3	alpha	S45rm2310	state	-14.70	20.67	87	1.90	0.03		0		squad-1	2	
52782	bot-3	alpha	P45rm2310	state	-14.70	20.67	87	1.90	0.00		0		squad-1	2	
52799	bot-3	alpha	S45rm2310	state	-14.66	20.67	88	1.90	0.03		0		squad-1	2	
52799	bot-3	alpha	P45rm2310	state	-14.66	20.67	88	1.90	0.00		0		squad-1	2	
52799	bot-21	alpha	C45rm4310	state	-1.22	15.97	65	1.08	0.05	9.89	2	seek	squad-1	1	
52815	bot-3	alpha	S45rm2310	state	-14.63	20.67	88	1.90	0.03		0		squad-1	2	
52815	bot-3	alpha	P45rm2310	state	-14.63	20.67	88	1.90	0.00		0		squad-1	2	
52815	bot-21	alpha	C45rb4312	element+latches	-1.22	15.94	72	0.89	0.03	6.39	4	cover	squad-1	1	
52832	bot-3	alpha	S45rm2310	state	-14.60	20.67	88	1.90	0.03		0		squad-1	2	
52832	bot-3	alpha	P45rm2310	state	-14.60	20.67	88	1.90	0.00		0		squad-1	2	
52832	bot-23	alpha	S45rm3320	latches	-0.23	17.25	126	1.34	0.02	10.91	5	seek	squad-1	5	
52849	bot-3	alpha	S45rm2310	state	-14.57	20.67	88	1.95	0.03		0		squad-1	2	
52849	bot-3	alpha	P45rm2310	state	-14.57	20.67	88	1.95	0.00		0		squad-1	2	
52866	bot-3	alpha	S45rm2310	state	-14.54	20.67	88	1.95	0.03		0		squad-1	2	
52866	bot-3	alpha	P45rm2310	state	-14.54	20.67	88	1.95	0.00		0		squad-1	2	
52866	bot-18	bravo	C00r-4410	state	9.47	17.84	249	1.70	1.06	10.62	7	seek	squad-2	1	bot-17
52883	bot-3	alpha	S45rm2310	state	-14.50	20.67	88	2.14	0.04		0		squad-1	2	
52883	bot-3	alpha	P45rm2310	state	-14.50	20.67	88	2.14	0.00		0		squad-1	2	
52883	bot-18	bravo	C00r-4412	latches	9.35	17.83	258	3.65	0.12	7.14	6	cover	squad-2	1	bot-17
52883	bot-23	alpha	A45rb3320	state+element	-0.18	17.27	119	1.47	0.05	10.87	5	seek	squad-1	5	
52899	bot-3	alpha	S45rm2310	state	-14.46	20.67	89	2.14	0.04		0		squad-1	2	
52899	bot-3	alpha	P45rm2310	state	-14.46	20.67	89	2.14	0.00		0		squad-1	2	
52916	bot-3	alpha	S45rm2310	state	-14.42	20.67	89	2.43	0.04		0		squad-1	2	
52916	bot-3	alpha	P45rm2310	state	-14.42	20.67	89	2.43	0.00		0		squad-1	2	
52916	bot-26	bravo	C00r-4412	latches	-15.93	-1.81	322	3.98	0.83	7.41	4	cover	squad-8	1	bot-24
52933	bot-3	alpha	S45rm2310	state	-14.38	20.67	92	2.43	0.04		0		squad-1	2	
52933	bot-3	alpha	P45rm2310	state	-14.38	20.67	92	2.43	0.00		0		squad-1	2	
52949	bot-3	alpha	S45rm2310	state	-14.34	20.67	92	2.51	0.04		0		squad-1	2	
52949	bot-3	alpha	P45rm2310	state	-14.34	20.67	92	2.51	0.00		0		squad-1	2	
52967	bot-3	alpha	S45rm2310	state	-14.30	20.67	96	2.51	0.04		0		squad-1	2	
52967	bot-3	alpha	P45rm2310	state	-14.30	20.67	96	2.51	0.00		0		squad-1	2	
52991	bot-3	alpha	S45rm2310	state	-14.26	20.66	96	2.51	0.04		0		squad-1	2	
52991	bot-3	alpha	P45rm2310	state	-14.26	20.66	96	2.51	0.00		0		squad-1	2	
53008	bot-3	alpha	S45rm2310	state	-14.19	20.65	96	2.73	0.07		0		squad-1	2	
53008	bot-3	alpha	P45rm2310	state	-14.19	20.65	96	2.73	0.00		0		squad-1	2	
53027	bot-3	alpha	S45rm2310	state	-14.15	20.65	98	2.73	0.05		0		squad-1	2	
53027	bot-3	alpha	P45rm2310	state	-14.15	20.65	98	2.73	0.00		0		squad-1	2	
53046	bot-3	alpha	S45rm2310	state	-14.10	20.64	98	2.73	0.05		0		squad-1	2	
53046	bot-3	alpha	P45rm2310	state	-14.10	20.64	98	2.73	0.00		0		squad-1	2	
53062	bot-3	alpha	S45rm2310	state	-14.04	20.63	98	2.77	0.05		0		squad-1	2	
53062	bot-3	alpha	P45rm2310	state	-14.04	20.63	98	2.77	0.00		0		squad-1	2	
53078	bot-3	alpha	S45rm2310	state	-14.00	20.63	98	2.77	0.04		0		squad-1	2	
53078	bot-3	alpha	P45rm2310	state	-14.00	20.63	98	2.77	0.00		0		squad-1	2	
53078	bot-26	bravo	S00r-4410	state+latches	-16.24	-2.36	284	3.98	0.63	6.98	3	cover	squad-8	1	bot-24
53097	bot-3	alpha	S45rm2310	state	-13.95	20.62	98	2.84	0.05		0		squad-1	2	
53097	bot-3	alpha	P45rm2310	state	-13.95	20.62	98	2.84	0.00		0		squad-1	2	
53097	bot-23	alpha	C45rb3320	state	-0.18	17.28	86	0.15	0.01		0		squad-1	5	
53115	bot-3	alpha	S45rm2310	state	-13.90	20.61	99	2.84	0.06		0		squad-1	2	
53115	bot-3	alpha	P45rm2310	state	-13.90	20.61	99	2.84	0.00		0		squad-1	2	
53115	bot-23	alpha	A45rb3320	state	-0.19	17.26	86	1.18	0.02	3.52	2	cover	squad-1	5	
53134	bot-3	alpha	S45rm2310	state	-13.85	20.60	99	1.64	0.05		0		squad-1	2	
53134	bot-3	alpha	P45rm2310	state	-13.85	20.60	99	1.64	0.00		0		squad-1	2	
53134	bot-21	alpha	A45rb4310	state+latches	-1.31	15.68	142	1.81	0.28	6.13	4	cover	squad-1	1	
53134	bot-25	alpha	C45mm4420	state	-1.91	16.17	31	2.38	0.64	8.62	2	seek	squad-1	6	
53152	bot-3	alpha	S45rm2310	state	-13.83	20.62	94	1.64	0.03		0		squad-1	2	
53152	bot-3	alpha	P45rm2310	state	-13.83	20.62	94	1.64	0.00		0		squad-1	2	
53152	bot-25	alpha	C45mb4422	element+latches	-1.92	16.01	41	4.32	0.16	6.48	4	cover	squad-1	6	
53168	bot-3	alpha	S45rm2310	state	-13.80	20.63	90	1.24	0.02		0		squad-1	2	
53168	bot-3	alpha	P45rm2310	state	-13.80	20.63	90	1.24	0.00		0		squad-1	2	
53188	bot-3	alpha	S45rm2310	state	-13.79	20.64	86	1.24	0.02		0		squad-1	2	
53188	bot-3	alpha	P45rm2310	state	-13.79	20.64	86	1.24	0.00		0		squad-1	2	
53209	bot-3	alpha	S45rm2310	state	-13.77	20.66	80	0.99	0.02		0		squad-1	2	
53209	bot-3	alpha	P45rm2310	state	-13.77	20.66	80	0.99	0.00		0		squad-1	2	
53209	bot-21	alpha	A45rm431G	element+latches	-1.32	15.68	157	0.53	0.00		0		squad-1	1	
53228	bot-3	alpha	S45rm2310	state	-13.76	20.67	75	0.99	0.02		0		squad-1	2	
53228	bot-3	alpha	P45rm2310	state	-13.76	20.67	75	0.99	0.00		0		squad-1	2	
53247	bot-3	alpha	S45rm2310	state	-13.75	20.68	70	0.99	0.02		0		squad-1	2	
53247	bot-3	alpha	P45rm2310	state	-13.75	20.68	70	0.99	0.00		0		squad-1	2	
53247	bot-5	alpha	S45rm4420	tick	-6.42	12.77	68	2.03	2.62	19.84	5	seek	squad-1	3	
53247	bot-14	alpha	S45rm2320	tick	-8.57	17.93	84	2.32	2.35	18.39	6	seek	squad-1	0	
53247	bot-16	alpha	S45mm4320	tick	-9.65	13.06	90	2.54	2.60	21.29	5	seek	squad-1	4	
53247	bot-18	bravo	A00r-4410	state+latches	7.98	17.84	266	4.36	1.36	6.20	6	cover	squad-2	1	bot-17
53247	bot-24	bravo	S00r-4410	tick	-16.23	-1.58	39	1.24	1.04	19.49	4	seek	squad-8	0	bot-24
53269	bot-3	alpha	S45rm2310	state	-13.74	20.70	65	0.79	0.01		0		squad-1	2	
53269	bot-3	alpha	P45rm2310	state	-13.74	20.70	65	0.79	0.00		0		squad-1	2	
53288	bot-3	alpha	S45rm2310	state	-13.73	20.71	60	0.79	0.02		0		squad-1	2	
53288	bot-3	alpha	P45rm2310	state	-13.73	20.71	60	0.79	0.00		0		squad-1	2	
53304	bot-3	alpha	S45rm2310	state	-13.72	20.72	55	0.70	0.01		0		squad-1	2	
53304	bot-3	alpha	P45rm2310	state	-13.72	20.72	55	0.70	0.00		0		squad-1	2	
53320	bot-3	alpha	S45rm2310	state	-13.72	20.73	50	0.70	0.01		0		squad-1	2	
53320	bot-3	alpha	P45rm2310	state	-13.72	20.73	50	0.70	0.00		0		squad-1	2	
53335	bot-3	alpha	P00r-2310	tier+score+element	-13.72	20.75	42	0.68	0.02		0		squad-1	2	
53358	bot-1	alpha	D00r--000	tick	-19.31	14.01	96	0.00	0.00	6.86	0		squad-1	-1	
53393	bot-25	alpha	S45mb4424	state+latches	-1.99	15.35	98	1.07	0.66	5.83	4	cover	squad-1	6	
53409	bot-25	alpha	S45mm4424	element	-1.99	15.35	92	0.00	0.00		0		squad-1	6	
53448	bot-21	alpha	S45rm4314	state+latches	-1.42	15.84	157	0.97	0.19		0		squad-1	1	
53591	bot-23	alpha	F45rb3320	state	-0.18	17.26	86	0.15	0.01		0		squad-1	5	
53607	bot-17	bravo	C21r-4412	tier+score	8.56	15.58	258	4.36	3.71	2.57	1	cover	squad-2	0	bot-17
53607	bot-18	bravo	A21r-4310	tier+score+health	7.98	17.83	266	0.00	0.02		0		squad-2	1	bot-17
53607	bot-23	alpha	A45rb3320	state	-0.18	17.26	86	0.00	0.00		0		squad-1	5	
53641	bot-26	bravo	A00r-4410	state	-16.25	-2.12	69	0.25	0.24	15.02	4	seek	squad-8	1	bot-24
53657	bot-26	bravo	A00r-441G	latches	-16.26	-2.12	66	0.32	0.01		0		squad-8	1	bot-24
53674	bot-18	bravo	C21r-4310	state	7.98	17.83	266	0.00	0.00		0		squad-2	1	bot-17
53674	bot-24	bravo	C00r-4410	state	-15.93	-1.52	38	0.36	0.30	19.25	4	seek	squad-8	0	bot-24
53693	bot-18	bravo	C21r-4312	latches	7.93	17.83	266	1.43	0.05	5.58	5	cover	squad-2	1	bot-17
53693	bot-21	alpha	S45rm4310	latches	-1.49	15.90	211	0.56	0.09	23.44	5	seek	squad-1	1	
53693	bot-24	bravo	C00r-4412	latches	-15.93	-1.62	35	1.93	0.10	7.59	4	cover	squad-8	0	bot-24
53741	bot-23	alpha	F45rb3320	state	-0.18	17.27	86	0.00	0.01		0		squad-1	5	
53757	bot-17	bravo	C32r-4412	tier+score	7.93	15.44	258	4.30	0.65	1.92	1	cover	squad-2	0	bot-17
53757	bot-18	bravo	E32r-4210	state+tier+score+health+latches	7.86	17.82	266	1.42	0.07		0		squad-2	1	bot-17
53757	bot-23	alpha	A45rb3320	state	-0.18	17.27	86	0.14	0.00		0		squad-1	5	
53774	bot-18	bravo	E32r-4219	latches	7.92	17.83	266	1.66	0.05	6.06	3	flee	squad-2	1	bot-17
53791	bot-17	bravo	C32r-4410	latches	7.79	15.41	258	4.29	0.14	1.78	1	cover	squad-2	0	bot-17
53808	bot-17	bravo	C32r-4412	latches	7.72	15.40	258	4.30	0.07	1.70	1	cover	squad-2	0	bot-17
53891	bot-18	bravo	E32r-3219	ammo	8.11	17.84	266	1.65	0.19	5.90	3	flee	squad-2	1	bot-17
53891	bot-23	alpha	F45rb3320	state	-0.18	17.28	86	0.15	0.01		0		squad-1	5	
53891	bot-26	bravo	S00r-4410	state+latches	-16.50	-2.27	66	0.36	0.29		0		squad-8	1	bot-24
53912	bot-17	bravo	C33r-4412	score	7.26	15.30	258	4.59	0.47	1.24	1	cover	squad-2	0	bot-17
53912	bot-18	bravo	E33r-3119	score+health	8.22	17.84	266	5.09	0.11	5.80	3	flee	squad-2	1	bot-17
53912	bot-23	alpha	C45rb3320	state	-0.18	17.28	86	0.00	0.00		0		squad-1	5	
53912	bot-25	alpha	S45mm4420	latches	-1.98	15.39	23	1.29	0.04	8.90	1	seek	squad-1	6	
53930	bot-23	alpha	C45rb3322	latches	-0.20	17.24	86	1.27	0.04	7.42	2	cover	squad-1	5	
53983	bot-18	bravo	E33r-311P	latches	8.58	17.85	266	5.14	0.36	5.50	3	flee	squad-2	1	bot-17
53983	bot-23	alpha	C45rb332I	latches	-0.24	17.19	89	1.00	0.07	7.36	2	cover	squad-1	5	
54048	bot-5	alpha	C45rm4420	state	-5.15	13.23	80	1.49	1.36	18.50	5	seek	squad-1	3	bot-21
54065	bot-5	alpha	S45rm4420	state	-5.13	13.17	83	4.99	0.07	0.64	1	cover	squad-1	3	bot-21
54109	bot-14	alpha	C45rm2320	state	-6.84	17.33	77	2.28	1.84	16.80	5	seek	squad-1	1	bot-21
54109	bot-18	bravo	E33r-3119	latches	9.23	17.90	268	5.21	0.65	4.95	3	flee	squad-2	1	bot-17
54126	bot-14	alpha	A45rm2320	state	-6.82	17.27	81	4.60	0.06	5.08	1	cover	squad-1	1	bot-21
54126	bot-18	bravo	E33r-311P	latches	9.32	17.91	268	5.21	0.09	4.88	3	flee	squad-2	1	bot-17
54142	bot-14	alpha	A45rm232G	latches	-6.82	17.27	84	0.23	0.00		0		squad-1	1	bot-21
54142	bot-17	bravo	G33r-4412	state	6.46	15.14	257	2.89	0.82	0.42	1	cover	squad-2	0	bot-17
54224	bot-23	alpha	C45rb3322	latches	-0.57	16.74	144	4.09	0.56	6.82	2	cover	squad-1	5	bot-21
54257	bot-16	alpha	S45mm4320	tick	-7.15	12.85	74	1.80	2.51	18.93	5	seek	squad-1	4	bot-21
54307	bot-24	bravo	C00r-441I	latches	-16.41	-3.35	39	4.30	1.79	6.12	3	cover	squad-8	0	bot-24
54340	bot-3	alpha	P00r-2310	tick	-14.13	21.49	354	0.00	0.85		0		squad-1	2	bot-21
54374	bot-1	alpha	D00r--000	tick	-19.31	14.01	96	0.00	0.00	6.86	0		squad-1	-1	bot-21
54374	bot-18	bravo	E33r-3119	latches	10.64	17.99	268	5.19	1.32	3.90	3	flee	squad-2	1	bot-17
54391	bot-14	alpha	S45rm2320	state+latches	-6.82	17.27	84	0.00	0.00		0		squad-1	1	bot-21
54409	bot-24	bravo	A00r-4410	state+latches	-16.44	-3.71	61	4.39	0.36	5.80	3	cover	squad-8	0	bot-24
54491	bot-23	alpha	S45rb3324	state+latches	-0.74	16.05	163	3.99	0.71	6.28	2	cover	squad-1	5	bot-21
54508	bot-23	alpha	S45rm3324	element	-0.74	16.05	156	0.00	0.00		0		squad-1	5	bot-21
54527	bot-17	bravo	S33r-4410	state+latches	6.05	15.05	259	0.03	0.42		0		squad-2	0	bot-17
54527	bot-18	bravo	E00r-3119	tier+score	11.15	18.43	268	4.26	0.67	3.24	2	flee	squad-2	1	bot-17
54586	bot-25	alpha	C45mm4420	state	-1.92	16.20	33	1.28	0.81	8.18	1	seek	squad-1	6	bot-21
54606	bot-17	bravo	C33r-4410	state	6.17	15.07	275	1.50	0.12	8.18	4	seek	squad-2	0	bot-17
54606	bot-25	alpha	C45mb4422	element+latches	-1.93	16.03	43	4.44	0.16	6.50	4	cover	squad-1	6	bot-21
54606	bot-26	bravo	A00r-4410	state	-16.06	-1.58	40	1.19	0.82	16.49	4	seek	squad-8	1	bot-24
54629	bot-17	bravo	G33r-4412	state+latches	6.17	15.07	275	0.00	0.00		0		squad-2	0	bot-17
54629	bot-26	bravo	A00r-441G	latches	-16.06	-1.58	38	0.00	0.00		0		squad-8	1	bot-24
54711	bot-21	alpha	S45rm4310	tick	-1.39	15.97	219	0.07	0.11		0		squad-1	0	bot-21
54728	bot-14	alpha	A45rm2320	state	-6.39	16.96	77	2.31	0.53	15.36	4	seek	squad-1	1	bot-21
54728	bot-18	bravo	E00r-311P	latches	11.80	19.11	264	5.10	0.95	2.31	2	flee	squad-2	1	bot-17
54745	bot-14	alpha	A45rm232G	latches	-6.39	16.96	80	0.08	0.00		0		squad-1	1	bot-21
54761	bot-24	bravo	A00r-441G	latches	-16.65	-3.71	26	0.97	0.21		0		squad-8	0	bot-24
54778	bot-18	bravo	E00r-311G	latches	11.97	19.26	272	4.16	0.22	5.57	1	grenade	squad-2	1	bot-17
54857	bot-5	alpha	C45rm4420	state	-4.40	13.16	103	4.52	0.73	5.07	1	grenade	squad-1	3	bot-21
54857	bot-26	bravo	S00r-4410	state+latches	-16.07	-1.57	38	0.00	0.02		0		squad-8	1	bot-24
54874	bot-5	alpha	C44rb4422	score+element+latches	-4.50	13.06	111	4.51	0.15	4.92	1	grenade	squad-1	3	bot-21
54874	bot-14	alpha	A44rm232G	score	-6.62	17.42	48	4.05	0.51	4.07	1	grenade	squad-1	1	bot-21
54874	bot-16	alpha	S44mm4320	score	-6.54	12.64	107	4.12	0.64	4.95	1	grenade	squad-1	4	bot-21
54874	bot-21	alpha	S44rm4310	score	-1.18	16.44	252	3.68	0.52	5.20	1	grenade	squad-1	0	bot-21
54874	bot-23	alpha	S44rm3324	score	-0.34	16.34	89	3.90	0.50	5.02	1	grenade	squad-1	5	bot-21
54874	bot-25	alpha	C44mb4422	score	-1.78	15.94	46	4.22	0.18	5.26	1	grenade	squad-1	6	bot-21
54940	bot-18	bravo	E00r-311P	latches	12.56	19.68	305	5.91	0.73	6.63	1	flee	squad-2	1	bot-17
54957	bot-5	alpha	G44rb4422	state	-4.71	12.84	129	4.48	0.30	4.62	1	grenade	squad-1	3	bot-21
54957	bot-17	bravo	C33r-4412	state	7.00	15.11	326	4.22	0.83	3.05	1	grenade	squad-2	0	bot-17
54957	bot-23	alpha	C44rm3320	state+latches	-0.11	16.47	72	4.04	0.26	4.77	1	grenade	squad-1	5	bot-21
54974	bot-18	bravo	E00r-3119	latches	12.71	19.81	305	5.85	0.20	6.44	1	flee	squad-2	1	bot-17
54974	bot-23	alpha	C44rb3322	element+latches	0.01	16.53	64	4.16	0.14	4.65	1	grenade	squad-1	5	bot-21
54990	bot-5	alpha	G33r-4422	tier+score+element	-4.87	12.68	141	4.42	0.22	4.40	1	grenade	squad-1	3	bot-21
54990	bot-14	alpha	S33r-2320	state+tier+score+element+latches	-6.80	17.78	22	4.06	0.41	3.66	1	grenade	squad-1	1	bot-21
54990	bot-16	alpha	S33m-4320	tier+score+element	-6.88	12.32	137	3.74	0.46	4.48	1	grenade	squad-1	4	bot-21
54990	bot-21	alpha	S33r-4310	tier+score+element	-0.98	16.82	282	3.79	0.43	4.79	1	grenade	squad-1	0	bot-21
54990	bot-23	alpha	C33r-3322	tier+score+element	0.08	16.57	61	4.17	0.07	4.58	1	grenade	squad-1	5	bot-21
54990	bot-25	alpha	C33m-4422	tier+score+element	-1.42	16.27	59	3.58	0.49	4.77	1	grenade	squad-1	6	bot-21
55007	bot-24	bravo	S00r-4410	state+latches	-16.78	-3.71	26	0.11	0.13		0		squad-8	0	bot-24
55107	bot-5	alpha	G32r-4422	score	-5.21	12.32	172	4.13	0.50	3.89	1	grenade	squad-1	3	bot-21
55107	bot-14	alpha	S32r-2320	score	-7.04	18.25	348	3.82	0.52	3.14	1	grenade	squad-1	1	bot-21
55107	bot-16	alpha	S32m-4320	score	-7.11	12.09	167	2.26	0.32	4.16	1	grenade	squad-1	4	bot-21
55107	bot-21	alpha	S32r-4310	score	-0.77	17.24	313	4.19	0.47	4.35	1	grenade	squad-1	0	bot-21
55107	bot-23	alpha	C32r-3322	score	0.50	16.82	57	4.24	0.49	4.12	1	grenade	squad-1	5	bot-21
55107	bot-25	alpha	C32m-4422	score	-1.07	16.43	69	3.03	0.39	4.41	1	grenade	squad-1	6	bot-21
55207	bot-5	alpha	S32r-4424	state+latches	-5.45	12.09	193	3.94	0.33	5.68	1	grenade	squad-1	3	bot-21
55291	bot-5	alpha	A32r-4420	state+latches	-5.68	11.86	215	3.94	0.33	5.36	1	grenade	squad-1	3	bot-21
55291	bot-26	bravo	A00r-4410	state	-15.90	-1.50	44	0.29	0.19	17.33	4	seek	squad-8	1	bot-24
55307	bot-5	alpha	A32r-442G	latches	-5.77	11.76	223	3.95	0.13	5.23	1	grenade	squad-1	3	bot-21
55307	bot-26	bravo	A00r-441G	latches	-15.91	-1.50	40	0.29	0.01		0		squad-8	1	bot-24
55340	bot-3	alpha	P00r-2310	tick	-14.13	21.49	354	0.00	0.00		0		squad-1	2	bot-21
55390	bot-1	alpha	D00r--000	tick	-19.31	14.01	96	0.00	0.00	6.86	0		squad-1	-1	bot-21
55474	bot-17	bravo	C33r-4410	latches	9.21	15.06	90	4.04	2.21	2.84	1	grenade	squad-2	0	bot-17
55490	bot-17	bravo	C33r-4412	latches	9.27	15.06	90	4.02	0.07	2.78	1	grenade	squad-2	0	bot-17
55541	bot-5	alpha	S32r-4420	state+latches	-6.33	11.10	225	3.95	0.87	4.36	1	grenade	squad-1	3	bot-21
55541	bot-26	bravo	S00r-4410	state+latches	-15.96	-1.53	40	0.01	0.06		0		squad-8	1	bot-24
55657	bot-5	alpha	C32r-4420	state	-6.61	10.76	222	4.00	0.44	5.34	1	grenade	squad-1	3	bot-21
55657	bot-27	bravo	P00r-0410	initial	-12.95	-7.95	0	0.00			0			-1	
55657	bot-28	alpha	P00r-0410	initial	-22.45	0.05	0	0.00			0			-1	
55674	bot-5	alpha	C32r-4422	latches	-6.69	10.67	226	3.38	0.12	5.22	1	grenade	squad-1	3	bot-21
55674	bot-16	alpha	A32m-4320	state	-8.03	11.33	235	2.42	1.19	4.78	1	grenade	squad-1	4	bot-21
55674	bot-27	bravo	S00r-4410	state+ammo	-12.95	-7.95	0	0.00	0.00		0		squad-8	2	bot-24
55674	bot-28	alpha	P00r-4410	ammo	-22.45	0.05	0	0.00	0.00		0		squad-10	0	bot-28
55724	bot-27	bravo	C00r-4410	state	-12.91	-7.91	13	1.63	0.06	23.71	3	seek	squad-8	2	bot-24
55740	bot-27	bravo	C00r-4412	latches	-12.83	-7.84	4	3.18	0.10	8.74	1	cover	squad-8	2	bot-24
55824	bot-28	alpha	S00r-4410	state	-22.08	0.10	39	2.42	0.37		7	patrol	squad-10	0	bot-28
55841	bot-17	bravo	S33r-4410	state+latches	10.66	15.04	90	2.08	1.39	2.39	1	grenade	squad-2	0	bot-17
55841	bot-28	alpha	A00r-4410	state	-22.04	0.10	43	2.42	0.04	12.15	7	seek	squad-10	0	bot-28
55957	bot-3	alpha	P32r-2310	tier+score	-14.13	21.49	354	0.00	0.00		0		squad-1	2	bot-21
55957	bot-26	bravo	C00r-4410	state	-15.91	-1.51	64	0.31	0.06	15.22	4	seek	squad-8	1	bot-24
55974	bot-26	bravo	C00r-4412	latches	-15.93	-1.61	56	1.74	0.11	7.60	4	cover	squad-8	1	bot-24
55990	bot-18	bravo	E00r-3119	tick	16.51	23.11	305	4.02	5.03	1.40	1	flee	squad-2	1	bot-17
56007	bot-24	bravo	S00r-4410	tick	-16.35	-2.11	27	0.53	1.66	21.57	5	seek	squad-8	0	bot-24
56040	bot-5	alpha	A32r-4420	state+latches	-7.52	9.83	222	3.70	1.19	5.10	1	grenade	squad-1	3	bot-21
56090	bot-27	bravo	A00r-4410	state+latches	-11.71	-6.97	305	4.57	1.42	7.32	1	cover	squad-8	2	bot-24
56124	bot-14	alpha	S32r-2320	tick	-8.53	21.46	331	4.11	3.54	2.95	1	grenade	squad-1	1	bot-21
56124	bot-21	alpha	S32r-4310	tick	1.42	20.79	2	4.95	4.16	3.27	1	grenade	squad-1	0	bot-21
56124	bot-23	alpha	C32r-3322	tick	3.44	19.66	75	4.26	4.09	3.61	1	grenade	squad-1	5	bot-21
56124	bot-25	alpha	C32m-4422	tick	2.45	18.56	68	4.16	4.11	3.90	1	grenade	squad-1	6	bot-21
56207	bot-16	alpha	A32m-43A0	packs	-9.09	10.16	211	4.05	1.58	3.63	1	grenade	squad-1	4	bot-21
56240	bot-18	bravo	E00r-3110	latches	17.31	23.83	305	0.17	1.08		0		squad-2	1	bot-17
56290	bot-17	bravo	C33r-4410	state	11.94	15.96	34	3.74	1.58	3.74	1	grenade	squad-2	0	bot-17
56307	bot-17	bravo	C33r-4412	latches	12.00	16.06	34	3.38	0.12	3.62	1	grenade	squad-2	0	bot-17
56390	bot-1	alpha	D00r--000	tick	-19.31	14.01	96	0.00	0.00	6.86	0		squad-1	-1	bot-21
56524	bot-5	alpha	A32r-442G	latches	-8.51	8.05	210	4.11	2.03	4.57	1	grenade	squad-1	3	bot-21
56524	bot-26	bravo	C00r-441I	latches	-16.39	-3.38	39	4.30	1.82	6.09	3	cover	squad-8	1	bot-24
56524	bot-27	bravo	C00r-4410	state	-11.71	-6.96	304	0.00	0.00		0		squad-8	2	bot-24
56540	bot-26	bravo	C00r-4412	latches	-16.40	-3.45	35	4.34	0.07	6.02	3	cover	squad-8	1	bot-24
56540	bot-27	bravo	C00r-4412	latches	-11.67	-6.93	304	1.52	0.05	8.64	1	cover	squad-8	2	bot-24
56591	bot-17	bravo	C32r-4412	score	12.52	16.77	36	3.93	0.88	3.44	1	grenade	squad-2	0	bot-17
56591	bot-27	bravo	C00r-441I	latches	-11.63	-6.87	308	1.48	0.07	8.57	1	cover	squad-8	2	bot-24
56624	bot-25	alpha	C32m-44A2	packs	4.45	18.87	95	3.49	2.02	3.53	1	grenade	squad-1	6	bot-21
56657	bot-17	bravo	S32r-4410	state+latches	12.64	16.94	36	4.09	0.20	3.23	1	grenade	squad-2	0	bot-17
56707	bot-24	bravo	C00r-4410	state	-16.06	-1.58	27	1.18	0.60	20.97	5	seek	squad-8	0	bot-24
56724	bot-5	alpha	C32r-4420	state+latches	-8.79	7.33	204	4.17	0.77	3.85	1	grenade	squad-1	3	bot-21
56724	bot-24	bravo	C00r-4412	latches	-16.09	-1.74	32	4.71	0.16	7.68	4	cover	squad-8	0	bot-24
56724	bot-27	bravo	A00r-4410	state+latches	-11.51	-6.74	332	1.48	0.17	8.40	1	cover	squad-8	2	bot-24
56741	bot-5	alpha	C32r-4422	latches	-8.85	7.20	205	4.15	0.14	3.72	1	grenade	squad-1	3	bot-21
56741	bot-14	alpha	S00r-2320	tier+score	-9.73	23.65	331	4.13	2.50	0.45	1	grenade	squad-1	1	bot-21
56741	bot-17	bravo	S00r-4410	tier+score	12.79	17.26	36	4.11	0.35	5.00	1	grenade	squad-2	0	bot-17
56741	bot-18	bravo	H00r-3110	state	17.31	23.83	305	0.00	0.00		0		squad-2	1	bot-17
56741	bot-18	bravo	H00r-3210	health	17.31	23.83	302	0.00	0.00		0		squad-2	1	bot-17
56757	bot-3	alpha	P00r-2310	tier+score	-14.13	21.49	354	0.00	0.00		0		squad-1	2	bot-21
56841	bot-26	bravo	C00r-441I	latches	-16.52	-4.79	31	4.67	1.35	4.89	3	cover	squad-8	1	bot-24
56841	bot-28	alpha	A00r-4410	tick	-22.03	0.12	112	0.00	0.02		0		squad-10	0	bot-28
56857	bot-28	alpha	F00r-4410	state	-22.03	0.12	112	0.00	0.00		0		squad-10	0	bot-28
56874	bot-24	bravo	C00r-4312	health	-16.28	-2.38	39	4.41	0.67	7.16	4	cover	squad-8	0	bot-24
56874	bot-26	bravo	C21r-441I	tier+score	-16.54	-4.94	40	4.59	0.15	4.77	3	cover	squad-8	1	bot-24
56874	bot-27	bravo	A21r-4410	tier+score	-11.51	-6.74	3	0.00	0.00		0		squad-8	2	bot-24
56874	bot-28	alpha	A00r-4410	state	-22.03	0.12	113	0.00	0.00		0		squad-10	0	bot-28
56891	bot-24	bravo	C21r-4312	tier+score	-16.30	-2.45	38	4.48	0.08	7.09	4	cover	squad-8	0	bot-24
56957	bot-5	alpha	C32r-442I	latches	-9.25	6.44	208	3.90	0.87	5.01	1	grenade	squad-1	3	bot-21
56957	bot-24	bravo	C21r-431I	latches	-16.39	-2.74	34	4.42	0.30	6.87	4	cover	squad-8	0	bot-24
56974	bot-24	bravo	C21r-4312	latches	-16.41	-2.81	31	4.28	0.07	6.82	4	cover	squad-8	0	bot-24
56974	bot-28	alpha	F00r-4410	state	-22.03	0.12	117	0.00	0.00		0		squad-10	0	bot-28
56990	bot-24	bravo	E32r-4210	state+tier+score+health+latches	-16.41	-2.81	31	4.28	0.00		0		squad-8	0	bot-24
56990	bot-26	bravo	C32r-441I	tier+score	-16.57	-5.49	70	4.63	0.54	4.34	3	cover	squad-8	1	bot-24
56990	bot-27	bravo	A32r-4410	tier+score	-11.51	-6.74	3	0.00	0.00		0		squad-8	2	bot-24
56990	bot-28	alpha	A00r-4410	state	-22.03	0.12	117	0.00	0.00		0		squad-10	0	bot-28
57007	bot-24	bravo	E32r-4219	latches	-16.38	-2.67	31	4.30	0.14	5.77	4	flee	squad-8	0	bot-24
57074	bot-5	alpha	C32r-4422	latches	-9.47	6.04	210	3.83	0.46	4.58	1	grenade	squad-1	3	bot-21
57074	bot-26	bravo	C32r-4412	latches	-16.58	-5.87	91	4.60	0.39	4.04	3	cover	squad-8	1	bot-24
57090	bot-23	alpha	C32r-332I	latches	5.02	19.61	66	0.77	1.59	3.65	1	grenade	squad-1	5	bot-21
57090	bot-28	alpha	F00r-4410	state	-22.03	0.12	114	0.00	0.00		0		squad-10	0	bot-28
57107	bot-5	alpha	A32r-4420	state+latches	-9.51	5.98	210	3.98	0.07	4.52	1	grenade	squad-1	3	bot-21
57107	bot-23	alpha	C32r-3322	latches	5.03	19.62	62	0.73	0.01	3.64	1	grenade	squad-1	5	bot-21
57107	bot-24	bravo	E33r-4119	score+health	-16.32	-2.26	39	4.05	0.42	5.43	4	flee	squad-8	0	bot-24
57107	bot-26	bravo	C33r-4412	score	-16.56	-6.03	100	4.60	0.15	3.92	3	cover	squad-8	1	bot-24
57107	bot-27	bravo	A33r-4410	score	-11.51	-6.74	3	0.00	0.00		0		squad-8	2	bot-24
57107	bot-28	alpha	A00r-4410	state	-22.03	0.12	113	0.00	0.00		0		squad-10	0	bot-28
57124	bot-21	alpha	S32r-4310	tick	2.33	21.63	84	1.02	1.24	3.75	1	grenade	squad-1	0	bot-21
57124	bot-23	alpha	C32r-332I	latches	5.04	19.63	58	0.70	0.01	3.63	1	grenade	squad-1	5	bot-21
57207	bot-16	alpha	A32m-43A0	tick	-10.87	6.54	223	3.52	4.04	2.71	1	grenade	squad-1	4	bot-21
57207	bot-28	alpha	F00r-4410	state	-22.03	0.12	109	0.02	0.01		0		squad-10	0	bot-28
57224	bot-24	bravo	E44rb4019	tier+score+element+health	-16.17	-1.81	41	3.93	0.48	5.01	4	flee	squad-8	0	bot-24
57224	bot-26	bravo	C44rm4412	tier+score+element	-16.55	-6.56	130	4.67	0.54	3.53	3	cover	squad-8	1	bot-24
57224	bot-27	bravo	A44rb4410	tier+score+element	-11.51	-6.74	3	0.00	0.00		0		squad-8	2	bot-24
57224	bot-28	alpha	A00r-4410	state	-22.03	0.12	109	0.00	0.00		0		squad-10	0	bot-28
57257	bot-5	alpha	A32r-442G	latches	-9.84	5.41	207	3.92	0.66	5.64	1	grenade	squad-1	3	bot-21
57257	bot-16	alpha	A32m-43AG	latches	-10.96	6.36	217	4.33	0.19	4.10	1	grenade	squad-1	4	bot-21
57257	bot-24	bravo	E44rm401P	element+latches	-16.16	-1.70	41	2.50	0.10	4.93	4	flee	squad-8	0	bot-24
57290	bot-5	alpha	A32r-4420	latches	-9.90	5.29	208	3.98	0.13	5.52	1	grenade	squad-1	3	bot-21
57290	bot-16	alpha	A32m-43A0	latches	-11.01	6.23	208	4.36	0.15	3.95	1	grenade	squad-1	4	bot-21
57290	bot-24	bravo	E44rb4019	element+latches	-16.10	-1.68	42	2.33	0.06	4.87	3	flee	squad-8	0	bot-24
57324	bot-28	alpha	F00r-4410	state	-22.03	0.12	107	0.00	0.00		0		squad-10	0	bot-28
57324	bot-28	alpha	P00r-4410	state	-22.03	0.12	106	0.00	0.00		0		squad-10	0	bot-28
57324	bot-24	bravo	D00r--000	state+tier+score+element+ammo+packs+latches	-16.02	-1.65	42	0.00	0.09	4.79	3	flee	squad-8	0	bot-24
57340	bot-5	alpha	S32r-4420	state	-9.96	5.17	208	3.99	0.13		0		squad-1	3	bot-21
57340	bot-16	alpha	S32m-43A0	state	-11.06	6.09	201	4.35	0.15		0		squad-1	4	bot-21
57340	bot-26	bravo	S36r-4410	state+tier+score+element+latches	-16.50	-7.03	156	4.55	0.47	3.20	3	cover	squad-8	0	
57340	bot-27	bravo	A36r-4410	tier+score+element	-11.51	-6.74	3	0.02	0.00		0		squad-8	1	
57340	bot-28	alpha	S00r-4410	state	-22.03	0.12	106	0.00	0.00		0		squad-10	0	bot-28
57357	bot-25	alpha	C32m-44AI	latches	6.27	19.21	64	2.98	1.86	5.39	1	grenade	squad-1	6	bot-21
57374	bot-23	alpha	C32r-3322	latches	5.12	19.78	37	0.56	0.17	4.54	1	grenade	squad-1	5	bot-21
57374	bot-28	alpha	A00r-4410	state	-21.95	0.12	98	2.42	0.08	6.20	4	seek	squad-10	0	bot-28
57390	bot-28	alpha	C00r-4410	state	-21.95	0.12	101	0.00	0.00		0		squad-10	0	bot-28
57407	bot-1	alpha	D00r--000	tick	-19.31	14.01	96	0.00	0.00	6.86	0		squad-1	-1	bot-21
57407	bot-28	alpha	C00r-4412	latches	-21.90	0.12	108	1.49	0.05	7.46	2	cover	squad-10	0	bot-28
57474	bot-16	alpha	C32m-43A0	state	-11.30	5.59	218	4.23	0.55	3.72	1	grenade	squad-1	4	bot-21
57491	bot-16	alpha	C32m-43A2	latches	-11.33	5.46	219	4.16	0.14	3.58	1	grenade	squad-1	4	bot-21
57557	bot-5	alpha	S00r-4420	tier+score	-10.37	4.32	207	4.08	0.95	4.85	1	grenade	squad-1	3	bot-21
57557	bot-16	alpha	C00m-43A2	tier+score	-11.46	5.21	214	4.29	0.28	3.31	1	grenade	squad-1	4	bot-21
57607	bot-25	alpha	C32m-44A2	latches	6.90	19.67	43	3.23	0.79	4.62	1	grenade	squad-1	6	bot-21
57607	bot-26	bravo	C36r-4410	state	-16.56	-6.49	87	2.01	0.54	13.74	4	seek	squad-8	0	
57624	bot-26	bravo	C36r-4412	latches	-16.51	-6.60	96	3.91	0.13	3.47	2	cover	squad-8	0	
57757	bot-3	alpha	P00r-2310	tick	-14.13	21.49	354	0.00	0.00		0		squad-1	2	bot-21
57757	bot-14	alpha	S00r-2320	tick	-9.80	23.76	331	0.00	0.13	0.32	0	grenade	squad-1	1	bot-21
57757	bot-17	bravo	S00r-4410	tick	12.44	18.93	44	4.23	1.71	5.82	1	grenade	squad-2	0	bot-17
57757	bot-18	bravo	H00r-3210	tick	17.31	23.83	257	0.00	0.00		0		squad-2	1	bot-17
57840	bot-18	bravo	H00r-3310	health	17.31	23.83	250	0.00	0.00		0		squad-2	1	bot-17
58024	bot-26	bravo	S36r-4410	state+latches	-16.17	-7.49	143	1.42	0.95	2.66	2	cover	squad-8	0	
58141	bot-21	alpha	S32r-4310	tick	3.76	21.78	79	1.97	1.44	3.86	1	grenade	squad-1	0	bot-21
58157	bot-16	alpha	C00m-43B2	packs	-11.58	3.05	164	5.26	2.16	2.58	1	cover	squad-1	4	bot-21
58224	bot-21	alpha	S32r-4320	packs	3.95	21.82	79	2.46	0.19	3.68	1	grenade	squad-1	0	bot-21
58324	bot-3	alpha	S00r-2310	state	-14.13	21.49	354	0.00	0.00		0		squad-1	2	bot-21
58358	bot-3	alpha	P34r-2310	state+tier+score	-14.13	21.49	354	0.00	0.00		0		squad-1	2	bot-21
58358	bot-14	alpha	E36r-2220	state+tier+score+health	-9.80	23.76	331	0.00	0.01		0		squad-1	1	bot-21
58358	bot-21	alpha	E46rm4120	state+tier+score+element+health	4.26	21.88	78	3.06	0.32		0		squad-1	0	bot-21
58358	bot-23	alpha	E46rb3220	state+tier+score+element+health+latches	6.00	20.35	44	2.15	1.04		0		squad-1	5	bot-21
58358	bot-25	alpha	C45mb44A2	tier+score+element	7.94	20.66	42	6.04	1.43	14.37	5	cover	squad-1	6	bot-21
58358	bot-27	bravo	A36r-4410	tick	-11.52	-6.74	3	0.00	0.00		0		squad-8	1	
58381	bot-3	alpha	C34r-2310	state	-14.13	21.49	358	0.00	0.00		0		squad-1	2	bot-21
58381	bot-21	alpha	E46rm4129	latches	4.02	21.81	78	6.19	0.25	6.88	2	flee	squad-1	0	bot-21
58381	bot-23	alpha	E46rm3229	element+latches	6.22	20.21	44	6.58	0.26	4.40	2	flee	squad-1	5	bot-21
58381	bot-26	bravo	A36r-4410	state	-16.43	-6.70	53	1.88	0.83	13.18	4	seek	squad-8	0	
58391	bot-3	alpha	S34r-2310	state	-14.13	21.49	4	0.00	0.00		0		squad-1	2	bot-21
58391	bot-3	alpha	P34r-2310	state	-14.13	21.49	4	0.00	0.00		0		squad-1	2	bot-21
58391	bot-25	alpha	C46mb44A2	score	7.76	20.58	33	5.96	0.20	14.22	5	cover	squad-1	6	bot-21
58407	bot-3	alpha	S34r-2310	state	-14.13	21.49	7	0.00	0.00		0		squad-1	2	bot-21
58407	bot-3	alpha	P34r-2310	state	-14.13	21.49	7	0.00	0.00		0		squad-1	2	bot-21
58424	bot-1	alpha	D00r--000	tick	-19.31	14.01	96	0.00	0.00	6.86	0		squad-1	-1	bot-21
58424	bot-3	alpha	S34r-2310	state	-14.13	21.49	11	0.00	0.00		0		squad-1	2	bot-21
58424	bot-3	alpha	P34r-2310	state	-14.13	21.49	11	0.00	0.00		0		squad-1	2	bot-21
58424	bot-21	alpha	E47rm4129	score	3.75	21.74	78	6.44	0.27	6.64	2	flee	squad-1	0	bot-21
58424	bot-28	alpha	C00r-4412	tick	-18.49	0.36	163	3.25	3.42	4.04	2	cover	squad-10	0	bot-28
58440	bot-3	alpha	S34r-2310	state	-14.13	21.49	15	0.00	0.00		0		squad-1	2	bot-21
58440	bot-3	alpha	P34r-2310	state	-14.13	21.49	15	0.00	0.00		0		squad-1	2	bot-21
58457	bot-3	alpha	S34r-2310	state	-14.13	21.49	20	0.00	0.00		0		squad-1	2	bot-21
58457	bot-3	alpha	P34r-2310	state	-14.13	21.49	20	0.00	0.00		0		squad-1	2	bot-21
58474	bot-3	alpha	S34r-2310	state	-14.13	21.49	24	0.00	0.00		0		squad-1	2	bot-21
58474	bot-3	alpha	P34r-2310	state	-14.13	21.49	24	0.00	0.00		0		squad-1	2	bot-21
58490	bot-3	alpha	S34r-2310	state	-14.13	21.49	28	0.00	0.00		0		squad-1	2	bot-21
58490	bot-3	alpha	P34r-2310	state	-14.13	21.49	28	0.00	0.00		0		squad-1	2	bot-21
58507	bot-3	alpha	S34r-2310	state	-14.13	21.49	33	0.00	0.00		0		squad-1	2	bot-21
58507	bot-3	alpha	P34r-2310	state	-14.13	21.49	33	0.00	0.00		0		squad-1	2	bot-21
58528	bot-3	alpha	S34r-2310	state	-14.13	21.49	37	0.00	0.00		0		squad-1	2	bot-21
58528	bot-3	alpha	P34r-2310	state	-14.13	21.49	37	0.00	0.00		0		squad-1	2	bot-21
58528	bot-18	bravo	S00r-3310	state	17.31	23.83	201	0.00	0.00		0		squad-2	1	bot-17
58545	bot-3	alpha	S34r-2310	state	-14.13	21.49	42	0.00	0.00		0		squad-1	2	bot-21
58545	bot-3	alpha	P34r-2310	state	-14.13	21.49	42	0.00	0.00		0		squad-1	2	bot-21
58559	bot-3	alpha	S34r-2310	state	-14.13	21.49	47	0.00	0.00		0		squad-1	2	bot-21
58559	bot-3	alpha	P34r-2310	state	-14.13	21.49	47	0.00	0.00		0		squad-1	2	bot-21
58559	bot-5	alpha	S00r-4420	tick	-8.84	1.85	113	4.69	2.90	7.36	4	seek	squad-1	3	bot-21
58577	bot-3	alpha	S34r-2310	state	-14.13	21.49	50	0.00	0.00		0		squad-1	2	bot-21
58577	bot-3	alpha	P34r-2310	state	-14.13	21.49	50	0.00	0.00		0		squad-1	2	bot-21
58577	bot-17	bravo	A00r-4410	state	11.65	18.82	343	3.97	0.79	15.12	6	seek	squad-2	0	bot-17
58577	bot-23	alpha	E46rb3229	element	7.01	19.23	48	6.33	1.26	3.26	2	flee	squad-1	5	bot-21
58591	bot-3	alpha	S34r-2310	state	-14.13	21.49	55	0.00	0.00		0		squad-1	2	bot-21
58591	bot-3	alpha	P34r-2310	state	-14.13	21.49	55	0.00	0.00		0		squad-1	2	bot-21
58591	bot-17	bravo	E00r-4410	state	11.65	18.82	339	0.00	0.00		0		squad-2	0	bot-17
58607	bot-3	alpha	S34r-2310	state	-14.13	21.49	59	0.00	0.00		0		squad-1	2	bot-21
58607	bot-3	alpha	P34r-2310	state	-14.13	21.49	59	0.00	0.00		0		squad-1	2	bot-21
58607	bot-17	bravo	E00r-4411	latches	11.78	18.93	331	5.36	0.16	3.47	2	flee	squad-2	0	bot-17
58624	bot-3	alpha	S34r-2310	state	-14.13	21.49	63	0.00	0.00		0		squad-1	2	bot-21
58624	bot-3	alpha	P34r-2310	state	-14.13	21.49	63	0.00	0.00		0		squad-1	2	bot-21
58624	bot-23	alpha	E46rm322P	element+latches	7.24	19.04	56	6.15	0.29	2.98	2	flee	squad-1	5	bot-21
58642	bot-3	alpha	S34r-2310	state	-14.13	21.49	67	0.00	0.00		0		squad-1	2	bot-21
58642	bot-3	alpha	P34r-2310	state	-14.13	21.49	67	0.00	0.00		0		squad-1	2	bot-21
58657	bot-3	alpha	S34r-2310	state	-14.13	21.49	72	0.00	0.00		0		squad-1	2	bot-21
58657	bot-3	alpha	P34r-2310	state	-14.13	21.49	72	0.00	0.00		0		squad-1	2	bot-21
58657	bot-17	bravo	E00r-441H	latches	11.98	19.10	322	5.38	0.27	3.21	2	flee	squad-2	0	bot-17
58657	bot-26	bravo	C36r-4410	state	-16.45	-6.71	349	0.00	0.02		0		squad-8	0	
58677	bot-3	alpha	S34r-2310	state	-14.13	21.49	76	0.00	0.00		0		squad-1	2	bot-21
58677	bot-3	alpha	P34r-2310	state	-14.13	21.49	76	0.00	0.00		0		squad-1	2	bot-21
58677	bot-26	bravo	C36r-4412	latches	-16.45	-6.71	350	0.00	0.00		0		squad-8	0	
58691	bot-3	alpha	S34r-2310	state	-14.13	21.49	81	0.00	0.00		0		squad-1	2	bot-21
58691	bot-3	alpha	P34r-2310	state	-14.13	21.49	81	0.00	0.00		0		squad-1	2	bot-21
58691	bot-16	alpha	G00m-43B2	state	-10.28	1.34	131	1.34	2.15	0.43	1	cover	squad-1	4	bot-21
58707	bot-3	alpha	S34r-2310	state	-14.13	21.49	83	0.00	0.00		0		squad-1	2	bot-21
58707	bot-3	alpha	P34r-2310	state	-14.13	21.49	83	0.00	0.00		0		squad-1	2	bot-21
58707	bot-23	alpha	E45rm322P	score	7.68	18.85	56	5.43	0.48	2.50	2	flee	squad-1	5	bot-21
58724	bot-3	alpha	S34r-2310	state	-14.13	21.49	84	0.00	0.00		0		squad-1	2	bot-21
58724	bot-3	alpha	P34r-2310	state	-14.13	21.49	84	0.00	0.00		0		squad-1	2	bot-21
58740	bot-3	alpha	S34r-2310	state	-14.13	21.49	85	0.00	0.00		0		squad-1	2	bot-21
58740	bot-3	alpha	P34r-2310	state	-14.13	21.49	85	0.00	0.00		0		squad-1	2	bot-21
58740	bot-27	bravo	F36r-4410	state	-11.52	-6.75	3	0.00	0.00		0		squad-8	1	
58757	bot-3	alpha	S34r-2310	state	-14.13	21.49	87	0.00	0.00		0		squad-1	2	bot-21
58757	bot-3	alpha	P34r-2310	state	-14.13	21.49	87	0.00	0.00		0		squad-1	2	bot-21
58757	bot-27	bravo	A36r-4410	state	-11.52	-6.75	3	0.02	0.00		0		squad-8	1	
58774	bot-3	alpha	S34r-2310	state	-14.13	21.49	88	0.00	0.00		0		squad-1	2	bot-21
58774	bot-3	alpha	P34r-2310	state	-14.13	21.49	88	0.00	0.00		0		squad-1	2	bot-21
58790	bot-3	alpha	S34r-2310	state	-14.13	21.49	89	0.00	0.00		0		squad-1	2	bot-21
58790	bot-3	alpha	P34r-2310	state	-14.13	21.49	89	0.00	0.00		0		squad-1	2	bot-21
58807	bot-3	alpha	S34r-2310	state	-14.13	21.49	91	0.00	0.00		0		squad-1	2	bot-21
58807	bot-3	alpha	P34r-2310	state	-14.13	21.49	91	0.00	0.00		0		squad-1	2	bot-21
58807	bot-28	alpha	P00r-4410	state+latches	-17.32	0.43	173	4.13	1.17	2.87	1	muzzleRecovery	squad-10	0	bot-28
58827	bot-3	alpha	S34r-2310	state	-14.13	21.49	92	0.00	0.00		0		squad-1	2	bot-21
58827	bot-3	alpha	P34r-2310	state	-14.13	21.49	92	0.00	0.00		0		squad-1	2	bot-21
58827	bot-28	alpha	C00r-4410	state	-17.34	0.37	177	0.00	0.07	2.90	0	muzzleRecovery	squad-10	0	bot-28
58840	bot-3	alpha	S34r-2310	state	-14.13	21.49	93	0.00	0.00		0		squad-1	2	bot-21
58840	bot-3	alpha	P34r-2310	state	-14.13	21.49	93	0.00	0.00		0		squad-1	2	bot-21
58840	bot-28	alpha	C00r-4412	latches	-17.23	0.38	173	3.33	0.11	2.79	1	cover	squad-10	0	bot-28
58857	bot-3	alpha	S34r-2310	state	-14.13	21.49	95	0.00	0.00		0		squad-1	2	bot-21
58857	bot-3	alpha	P34r-2310	state	-14.13	21.49	95	0.00	0.00		0		squad-1	2	bot-21
58857	bot-27	bravo	F36r-4410	state	-11.52	-6.75	3	0.02	0.00		0		squad-8	1	
58874	bot-3	alpha	S34r-2310	state	-14.13	21.49	96	0.00	0.00		0		squad-1	2	bot-21
58874	bot-3	alpha	P34r-2310	state	-14.13	21.49	96	0.00	0.00		0		squad-1	2	bot-21
58874	bot-17	bravo	E00r-4411	latches	12.86	19.85	318	5.08	1.16	2.07	2	flee	squad-2	0	bot-17
58874	bot-23	alpha	E45rb3229	element+latches	8.40	18.45	60	5.57	0.83	1.69	2	flee	squad-1	5	bot-21
58874	bot-27	bravo	A36r-4410	state	-11.52	-6.75	3	0.00	0.00		0		squad-8	1	
58890	bot-3	alpha	S34r-2310	state	-14.13	21.49	97	0.00	0.00		0		squad-1	2	bot-21
58890	bot-3	alpha	P34r-2310	state	-14.13	21.49	97	0.00	0.00		0		squad-1	2	bot-21
58890	bot-14	alpha	H36r-2220	state	-9.81	23.75	331	0.00	0.00		0		squad-1	1	bot-21
58907	bot-3	alpha	S34r-2310	state	-14.13	21.49	98	0.00	0.00		0		squad-1	2	bot-21
58907	bot-3	alpha	P34r-2310	state	-14.13	21.49	98	0.00	0.00		0		squad-1	2	bot-21
58907	bot-14	alpha	H36r-2320	health	-9.81	23.75	340	0.00	0.00		0		squad-1	1	bot-21
58907	bot-28	alpha	C00r-3412	ammo	-17.01	0.39	175	3.53	0.22	2.57	1	cover	squad-10	0	bot-28
58924	bot-3	alpha	S34r-2310	state	-14.13	21.49	100	0.00	0.00		0		squad-1	2	bot-21
58924	bot-3	alpha	P34r-2310	state	-14.13	21.49	100	0.00	0.00		0		squad-1	2	bot-21
58940	bot-3	alpha	S34r-2310	state	-14.13	21.49	101	0.00	0.00		0		squad-1	2	bot-21
58940	bot-3	alpha	P34r-2310	state	-14.13	21.49	101	0.00	0.00		0		squad-1	2	bot-21
58940	bot-27	bravo	A36r-441G	latches	-11.52	-6.75	3	0.02	0.00		0		squad-8	1	
58957	bot-3	alpha	S34r-2310	state	-14.13	21.49	102	0.00	0.00		0		squad-1	2	bot-21
58957	bot-3	alpha	P34r-2310	state	-14.13	21.49	102	0.00	0.00		0		squad-1	2	bot-21
58974	bot-3	alpha	S34r-2310	state	-14.13	21.49	104	0.00	0.00		0		squad-1	2	bot-21
58974	bot-3	alpha	P34r-2310	state	-14.13	21.49	104	0.00	0.00		0		squad-1	2	bot-21
58974	bot-25	alpha	M46mb44B0	state+packs+latches	5.06	19.63	247	5.26	2.86	12.25	5	cover	squad-1	6	bot-21
58990	bot-3	alpha	S34r-2310	state	-14.13	21.49	105	0.00	0.00		0		squad-1	2	bot-21
58990	bot-3	alpha	P34r-2310	state	-14.13	21.49	105	0.00	0.00		0		squad-1	2	bot-21
58990	bot-25	alpha	M46mm44B0	element	4.99	19.63	254	2.20	0.07	3.48	1	medic	squad-1	6	bot-21
59011	bot-3	alpha	S34r-2310	state	-14.13	21.49	106	0.00	0.00		0		squad-1	2	bot-21
59011	bot-3	alpha	P34r-2310	state	-14.13	21.49	106	0.00	0.00		0		squad-1	2	bot-21
59011	bot-18	bravo	A00r-3310	state	16.65	23.26	250	2.38	0.88	24.05	6	seek	squad-2	1	bot-17
59024	bot-3	alpha	S34r-2310	state	-14.13	21.49	108	0.00	0.00		0		squad-1	2	bot-21
59024	bot-3	alpha	P34r-2310	state	-14.13	21.49	108	0.00	0.00		0		squad-1	2	bot-21
59040	bot-3	alpha	S34r-2310	state	-14.13	21.49	109	0.00	0.00		0		squad-1	2	bot-21
59040	bot-3	alpha	P34r-2310	state	-14.13	21.49	109	0.00	0.00		0		squad-1	2	bot-21
59040	bot-28	alpha	P00r-3410	state+latches	-16.57	0.42	179	3.77	0.45	2.12	1	muzzleRecovery	squad-10	0	bot-28
59057	bot-3	alpha	S34r-2310	state	-14.13	21.49	110	0.00	0.00		0		squad-1	2	bot-21
59057	bot-3	alpha	P34r-2310	state	-14.13	21.49	110	0.00	0.00		0		squad-1	2	bot-21
59074	bot-3	alpha	S34r-2310	state	-14.13	21.49	111	0.00	0.00		0		squad-1	2	bot-21
59074	bot-3	alpha	P34r-2310	state	-14.13	21.49	111	0.00	0.00		0		squad-1	2	bot-21
59097	bot-3	alpha	S34r-2310	state	-14.13	21.49	113	0.00	0.00		0		squad-1	2	bot-21
59097	bot-3	alpha	P34r-2310	state	-14.13	21.49	113	0.00	0.00		0		squad-1	2	bot-21
59109	bot-3	alpha	S34r-2310	state	-14.13	21.49	114	0.00	0.00		0		squad-1	2	bot-21
59109	bot-3	alpha	P34r-2310	state	-14.13	21.49	114	0.00	0.00		0		squad-1	2	bot-21
59124	bot-3	alpha	S34r-2310	state	-14.13	21.49	115	0.00	0.00		0		squad-1	2	bot-21
59124	bot-3	alpha	P34r-2310	state	-14.13	21.49	115	0.00	0.00		0		squad-1	2	bot-21
59124	bot-28	alpha	A00r-3410	state	-16.51	0.74	157	0.00	0.33	2.07	0	muzzleRecovery	squad-10	0	bot-28
59140	bot-3	alpha	S34r-2310	state	-14.13	21.49	117	0.00	0.00		0		squad-1	2	bot-21
59140	bot-3	alpha	P34r-2310	state	-14.13	21.49	117	0.00	0.00		0		squad-1	2	bot-21
59140	bot-26	bravo	P36r-4410	state+latches	-16.45	-6.71	360	4.64	0.00		1	muzzleRecovery	squad-8	0	
59159	bot-3	alpha	S34r-2310	state	-14.13	21.49	118	0.00	0.00		0		squad-1	2	bot-21
59159	bot-3	alpha	P34r-2310	state	-14.13	21.49	118	0.00	0.00		0		squad-1	2	bot-21
59159	bot-23	alpha	E45rb3220	latches	9.74	18.00	53	2.27	1.42		0		squad-1	5	bot-21
59174	bot-3	alpha	S34r-2310	state	-14.13	21.49	119	0.00	0.00		0		squad-1	2	bot-21
59174	bot-3	alpha	P34r-2310	state	-14.13	21.49	119	0.00	0.00		0		squad-1	2	bot-21
59174	bot-27	bravo	S36r-4410	state+latches	-11.52	-6.75	3	0.00	0.00		0		squad-8	1	bot-26
59190	bot-3	alpha	S34r-2310	state	-14.13	21.49	121	0.00	0.00		0		squad-1	2	bot-21
59190	bot-3	alpha	P34r-2310	state	-14.13	21.49	121	0.00	0.00		0		squad-1	2	bot-21
59190	bot-26	bravo	A36r-4410	state	-16.66	-6.81	346	0.00	0.23		0	muzzleRecovery	squad-8	0	bot-26
59207	bot-3	alpha	C34r-2310	state	-14.13	21.49	122	0.00	0.00		0		squad-1	2	bot-21
59224	bot-3	alpha	S34r-2310	state	-14.13	21.49	123	0.00	0.00		0		squad-1	2	bot-21
59224	bot-3	alpha	P34r-2310	state	-14.13	21.49	123	0.00	0.00		0		squad-1	2	bot-21
59240	bot-3	alpha	S34r-2310	state	-14.13	21.49	124	0.00	0.00		0		squad-1	2	bot-21
59240	bot-3	alpha	P34r-2310	state	-14.13	21.49	124	0.00	0.00		0		squad-1	2	bot-21
59240	bot-23	alpha	E45rb3229	latches	9.92	17.98	51	5.26	0.18	6.16	2	flee	squad-1	5	bot-21
59240	bot-28	alpha	F00r-3410	state	-16.51	0.74	180	0.00	0.00		0		squad-10	0	bot-28
59257	bot-3	alpha	S34r-2310	state	-14.13	21.49	126	0.00	0.00		0		squad-1	2	bot-21
59257	bot-3	alpha	P34r-2310	state	-14.13	21.49	126	0.00	0.00		0		squad-1	2	bot-21
59257	bot-26	bravo	F36r-4410	state	-16.66	-6.81	0	0.00	0.00		0		squad-8	0	bot-26
59257	bot-28	alpha	A10r-3410	state+tier	-16.51	0.74	181	0.00	0.00		0		squad-10	0	bot-28
59274	bot-3	alpha	S34r-2310	state	-14.13	21.49	127	0.00	0.00		0		squad-1	2	bot-21
59274	bot-3	alpha	P34r-2310	state	-14.13	21.49	127	0.00	0.00		0		squad-1	2	bot-21
59274	bot-17	bravo	E00r-4410	latches	13.85	21.32	230	3.64	1.78	0.79	1	flee	squad-2	0	bot-17
59274	bot-26	bravo	A36r-4410	state	-16.66	-6.81	1	0.00	0.00		0		squad-8	0	bot-26
59291	bot-3	alpha	S34r-2310	state	-14.13	21.49	128	0.00	0.00		0		squad-1	2	bot-21
59291	bot-3	alpha	P34r-2310	state	-14.13	21.49	128	0.00	0.00		0		squad-1	2	bot-21
59291	bot-17	bravo	E00r-4411	latches	13.83	21.38	229	3.68	0.06	0.73	1	flee	squad-2	0	bot-17
59309	bot-3	alpha	S34r-2310	state	-14.13	21.49	130	0.00	0.00		0		squad-1	2	bot-21
59309	bot-3	alpha	P34r-2310	state	-14.13	21.49	130	0.00	0.00		0		squad-1	2	bot-21
59324	bot-3	alpha	S34r-2310	state	-14.13	21.49	131	0.00	0.00		0		squad-1	2	bot-21
59324	bot-3	alpha	P34r-2310	state	-14.13	21.49	131	0.00	0.00		0		squad-1	2	bot-21
59340	bot-3	alpha	S34r-2310	state	-14.13	21.49	132	0.00	0.00		0		squad-1	2	bot-21
59340	bot-3	alpha	P34r-2310	state	-14.13	21.49	132	0.00	0.00		0		squad-1	2	bot-21
59358	bot-3	alpha	S34r-2310	state	-14.13	21.49	133	0.00	0.00		0		squad-1	2	bot-21
59358	bot-3	alpha	P34r-2310	state	-14.13	21.49	133	0.00	0.00		0		squad-1	2	bot-21
59358	bot-21	alpha	E37r-4129	tier+element	0.30	18.38	78	4.50	4.81	1.83	1	flee	squad-1	0	bot-21
59358	bot-23	alpha	E35r-3229	tier+element	10.51	18.13	43	5.13	0.61	5.62	2	flee	squad-1	5	bot-21
59358	bot-28	alpha	F10r-3410	state	-16.51	0.74	181	0.00	0.00		0		squad-10	0	bot-28
59378	bot-3	alpha	S34r-2310	state	-14.13	21.49	135	0.00	0.00		0		squad-1	2	bot-21
59378	bot-3	alpha	P34r-2310	state	-14.13	21.49	135	0.00	0.00		0		squad-1	2	bot-21
59378	bot-26	bravo	F37r-4310	state+score+health	-16.70	-6.83	1	0.07	0.05		0		squad-8	0	bot-26
59378	bot-26	bravo	F37r-3310	ammo	-16.70	-6.83	1	0.03	0.00		1	muzzleRecovery	squad-8	0	bot-26
59378	bot-27	bravo	S37r-4410	score	-11.35	-6.51	36	1.32	0.29	30.66	4	seek	squad-8	1	bot-26
59378	bot-28	alpha	A10r-3410	state	-16.51	0.74	181	0.00	0.00		0		squad-10	0	bot-28
59398	bot-3	alpha	S34r-2310	state	-14.13	21.49	136	0.00	0.00		0		squad-1	2	bot-21
59398	bot-3	alpha	P34r-2310	state	-14.13	21.49	136	0.00	0.00		0		squad-1	2	bot-21
59398	bot-21	alpha	E38r-4129	score	0.18	18.25	78	4.57	0.18	1.65	1	flee	squad-1	0	bot-21
59398	bot-23	alpha	E36r-3029	score+health	10.70	18.21	40	5.08	0.20	5.43	2	flee	squad-1	5	bot-21
59398	bot-25	alpha	M47mm44B0	score	4.01	19.48	322	2.09	0.99	3.67	1	medic	squad-1	6	bot-21
59398	bot-26	bravo	P37r-3310	state	-16.70	-6.83	1	1.35	0.00		1	muzzleRecovery	squad-8	0	bot-26
59415	bot-3	alpha	S34r-2310	state	-14.13	21.49	138	0.00	0.00		0		squad-1	2	bot-21
59415	bot-3	alpha	P34r-2310	state	-14.13	21.49	138	0.00	0.00		0		squad-1	2	bot-21
59428	bot-1	alpha	D00r--000	tick	-19.31	14.01	96	0.00	0.00	6.86	0		squad-1	-1	bot-21
59428	bot-3	alpha	S34r-2310	state	-14.13	21.49	139	0.00	0.00		0		squad-1	2	bot-21
59428	bot-3	alpha	P34r-2310	state	-14.13	21.49	139	0.00	0.00		0		squad-1	2	bot-21
59428	bot-17	bravo	E00r-4410	latches	13.70	21.82	219	4.66	0.46	1.93	1	flee	squad-2	0	bot-17
59447	bot-3	alpha	S34r-2310	state	-14.13	21.49	140	0.00	0.00		0		squad-1	2	bot-21
59447	bot-3	alpha	P34r-2310	state	-14.13	21.49	140	0.00	0.00		0		squad-1	2	bot-21
59447	bot-17	bravo	E00r-4411	latches	13.74	21.90	219	4.65	0.09	1.84	1	flee	squad-2	0	bot-17
59462	bot-3	alpha	S34r-2310	state	-14.13	21.49	142	0.00	0.00		0		squad-1	2	bot-21
59462	bot-3	alpha	P34r-2310	state	-14.13	21.49	142	0.00	0.00		0		squad-1	2	bot-21
59481	bot-3	alpha	S34r-2310	state	-14.13	21.49	143	0.00	0.00		0		squad-1	2	bot-21
59481	bot-3	alpha	P34r-2310	state	-14.13	21.49	143	0.00	0.00		0		squad-1	2	bot-21
59481	bot-26	bravo	C37r-3310	state	-16.77	-6.74	344	0.00	0.11		0	muzzleRecovery	squad-8	0	bot-26
59481	bot-28	alpha	F10r-3410	state	-16.51	0.74	182	0.00	0.00		0		squad-10	0	bot-28
59497	bot-3	alpha	S34r-2310	state	-14.13	21.49	142	0.00	0.00		0		squad-1	2	bot-21
59497	bot-3	alpha	P34r-2310	state	-14.13	21.49	142	0.00	0.00		0		squad-1	2	bot-21
59497	bot-26	bravo	E38r-3210	state+score+health	-16.77	-6.74	348	0.01	0.00		0		squad-8	0	bot-26
59497	bot-27	bravo	S38r-4410	score	-11.19	-6.28	36	2.40	0.29	30.41	4	seek	squad-8	1	bot-26
59497	bot-28	alpha	A10r-3410	state	-16.51	0.74	182	0.00	0.00		0		squad-10	0	bot-28
59515	bot-3	alpha	S34r-2310	state	-14.13	21.49	141	0.00	0.00		0		squad-1	2	bot-21
59515	bot-3	alpha	P34r-2310	state	-14.13	21.49	141	0.00	0.00		0		squad-1	2	bot-21
59515	bot-17	bravo	P00r-4410	state+latches	13.84	22.10	216	4.58	0.23		0		squad-2	0	bot-17
59515	bot-23	alpha	D00r--000	state+tier+score+ammo+packs+latches	11.16	18.38	36	0.00	0.48	5.00	2	flee	squad-1	5	bot-21
59515	bot-18	bravo	S00r-3310	state	16.65	23.26	229	0.00	0.00		0		squad-2	1	bot-17
59515	bot-21	alpha	E39r-4129	score	-0.18	17.87	78	3.88	0.53	1.12	1	flee	squad-1	0	bot-21
59515	bot-25	alpha	M39m-44B0	tier+score+element	3.79	19.43	346	1.92	0.23	3.45	1	medic	squad-1	6	bot-21
59515	bot-26	bravo	E38r-3219	latches	-16.81	-6.78	355	1.73	0.06	7.29	1	flee	squad-8	0	bot-26
59537	bot-3	alpha	S34r-2310	state	-14.13	21.49	139	0.00	0.00		0		squad-1	2	bot-21
59537	bot-3	alpha	P34r-2310	state	-14.13	21.49	139	0.00	0.00		0		squad-1	2	bot-21
59537	bot-17	bravo	S00r-4410	state	13.88	22.18	216	4.58	0.08		0		squad-2	0	bot-17
59537	bot-27	bravo	A38r-4410	state	-11.16	-6.24	36	2.39	0.04	30.37	4	seek	squad-8	1	bot-26
59555	bot-3	alpha	S34r-2310	state	-14.13	21.49	138	0.00	0.00		0		squad-1	2	bot-21
59555	bot-3	alpha	P34r-2310	state	-14.13	21.49	138	0.00	0.00		0		squad-1	2	bot-21
59555	bot-18	bravo	P00r-3310	state	16.63	23.21	223	1.25	0.05	9.72	3	seek	squad-2	1	bot-17
59570	bot-3	alpha	S34r-2310	state	-14.13	21.49	136	0.00	0.00		0		squad-1	2	bot-21
59570	bot-3	alpha	P34r-2310	state	-14.13	21.49	136	0.00	0.00		0		squad-1	2	bot-21
59570	bot-5	alpha	S00r-4420	tick	-7.28	1.17	235	0.21	1.71	8.11	3	seek	squad-1	3	bot-21
59570	bot-17	bravo	P00r-4410	state	13.83	22.10	226	2.36	0.10	5.95	4	seek	squad-2	0	bot-17
59589	bot-3	alpha	S34r-2310	state	-14.13	21.49	135	0.00	0.00		0		squad-1	2	bot-21
59589	bot-3	alpha	P34r-2310	state	-14.13	21.49	135	0.00	0.00		0		squad-1	2	bot-21
59589	bot-14	alpha	S36r-2320	state	-9.81	23.75	75	0.00	0.00		0		squad-1	1	bot-21
59615	bot-3	alpha	S34r-2310	state	-14.13	21.49	134	0.00	0.00		0		squad-1	2	bot-21
59615	bot-3	alpha	P34r-2310	state	-14.13	21.49	134	0.00	0.00		0		squad-1	2	bot-21
59615	bot-28	alpha	F10r-3410	state	-16.51	0.74	183	0.00	0.00		0		squad-10	0	bot-28
59629	bot-3	alpha	S34r-2310	state	-14.13	21.49	132	0.00	0.00		0		squad-1	2	bot-21
59629	bot-3	alpha	P34r-2310	state	-14.13	21.49	132	0.00	0.00		0		squad-1	2	bot-21
59629	bot-26	bravo	E39r-3119	score+health	-16.95	-6.90	3	1.65	0.19	7.11	1	flee	squad-8	0	bot-26
59629	bot-27	bravo	A39r-4410	score	-11.16	-6.24	24	0.00	0.00		0		squad-8	1	bot-26
59629	bot-28	alpha	A10r-3410	state	-16.51	0.74	183	0.00	0.00		0		squad-10	0	bot-28
59642	bot-3	alpha	S34r-2310	state	-14.13	21.49	131	0.00	0.00		0		squad-1	2	bot-21
59642	bot-3	alpha	P34r-2310	state	-14.13	21.49	131	0.00	0.00		0		squad-1	2	bot-21
59657	bot-3	alpha	S34r-2310	state	-14.13	21.49	130	0.00	0.00		0		squad-1	2	bot-21
59657	bot-3	alpha	P34r-2310	state	-14.13	21.49	130	0.00	0.00		0		squad-1	2	bot-21
59679	bot-3	alpha	S34r-2310	state	-14.13	21.49	128	0.00	0.00		0		squad-1	2	bot-21
59679	bot-3	alpha	P34r-2310	state	-14.13	21.49	128	0.00	0.00		0		squad-1	2	bot-21
59696	bot-3	alpha	S34r-2310	state	-14.13	21.49	127	0.00	0.00		0		squad-1	2	bot-21
59696	bot-3	alpha	P34r-2310	state	-14.13	21.49	127	0.00	0.00		0		squad-1	2	bot-21
59696	bot-16	alpha	G00m-43B2	tick	-9.95	1.05	300	0.00	0.43		0		squad-1	4	bot-21
59710	bot-3	alpha	S34r-2310	state	-14.13	21.49	125	0.00	0.00		0		squad-1	2	bot-21
59710	bot-3	alpha	P34r-2310	state	-14.13	21.49	125	0.00	0.00		0		squad-1	2	bot-21
59710	bot-26	bravo	E39r-3110	latches	-17.06	-7.02	4	4.41	0.16	6.94	1	flee	squad-8	0	bot-26
59728	bot-3	alpha	S34r-2310	state	-14.13	21.49	124	0.00	0.00		0		squad-1	2	bot-21
59728	bot-3	alpha	P34r-2310	state	-14.13	21.49	124	0.00	0.00		0		squad-1	2	bot-21
59728	bot-14	alpha	S37r-2320	score	-9.69	23.65	97	1.00	0.15	20.80	7	seek	squad-1	1	bot-21
59728	bot-21	alpha	E39r-4120	latches	-0.73	17.28	78	0.00	0.80		0		squad-1	0	bot-21
59728	bot-26	bravo	E39r-3119	latches	-17.12	-7.07	4	4.44	0.08	6.86	1	flee	squad-8	0	bot-26
59728	bot-28	alpha	F10r-3410	state	-16.51	0.74	184	0.00	0.00		0		squad-10	0	bot-28
59744	bot-3	alpha	S34r-2310	state	-14.13	21.49	123	0.00	0.00		0		squad-1	2	bot-21
59744	bot-3	alpha	P34r-2310	state	-14.13	21.49	123	0.00	0.00		0		squad-1	2	bot-21
59744	bot-26	bravo	E39r-3019	health	-17.17	-7.12	4	4.17	0.07	6.79	1	flee	squad-8	0	bot-26
59744	bot-28	alpha	A10r-3410	state	-16.51	0.74	184	0.00	0.00		0		squad-10	0	bot-28
59762	bot-3	alpha	S34r-2310	state	-14.13	21.49	122	0.00	0.00		0		squad-1	2	bot-21
59762	bot-3	alpha	P34r-2310	state	-14.13	21.49	122	0.00	0.00		0		squad-1	2	bot-21
59762	bot-27	bravo	A39r-441G	latches	-11.16	-6.24	24	0.00	0.00		0		squad-8	1	bot-26
59782	bot-3	alpha	S34r-2310	state	-14.13	21.49	120	0.00	0.00		0		squad-1	2	bot-21
59782	bot-3	alpha	P34r-2310	state	-14.13	21.49	120	0.00	0.00		0		squad-1	2	bot-21
59793	bot-3	alpha	S34r-2310	state	-14.13	21.49	119	0.00	0.00		0		squad-1	2	bot-21
59793	bot-3	alpha	P34r-2310	state	-14.13	21.49	119	0.00	0.00		0		squad-1	2	bot-21
59811	bot-3	alpha	S34r-2310	state	-14.13	21.49	118	0.00	0.00		0		squad-1	2	bot-21
59811	bot-3	alpha	P34r-2310	state	-14.13	21.49	118	0.00	0.00		0		squad-1	2	bot-21
59811	bot-28	alpha	A10r-3310	health	-16.51	0.74	186	0.00	0.00		0		squad-10	0	bot-28
59828	bot-3	alpha	S34r-2310	state	-14.13	21.49	116	0.00	0.00		0		squad-1	2	bot-21
59828	bot-3	alpha	P34r-2310	state	-14.13	21.49	116	0.00	0.00		0		squad-1	2	bot-21
59828	bot-5	alpha	S33r-4420	tier+score	-7.27	1.18	235	1.12	0.01	8.12	4	seek	squad-1	3	bot-21
59828	bot-16	alpha	G33m-43B2	tier+score	-9.95	1.05	291	0.01	0.00		0		squad-1	4	bot-21
59844	bot-3	alpha	S34r-2310	state	-14.13	21.49	115	0.00	0.00		0		squad-1	2	bot-21
59844	bot-3	alpha	P34r-2310	state	-14.13	21.49	115	0.00	0.00		0		squad-1	2	bot-21
59844	bot-28	alpha	F10r-3310	state	-16.51	0.74	186	0.00	0.00		0		squad-10	0	bot-28
59844	bot-28	alpha	P10r-2310	state+ammo	-16.51	0.74	187	0.00	0.00		0		squad-10	0	bot-28
59844	bot-26	bravo	D00r--000	state+tier+score+ammo+packs+latches	-17.48	-7.43	6	0.00	0.44	6.36	1	flee	squad-8	0	bot-26
59858	bot-3	alpha	S34r-2310	state	-14.13	21.49	114	0.00	0.00		0		squad-1	2	bot-21
59858	bot-3	alpha	P34r-2310	state	-14.13	21.49	114	0.00	0.00		0		squad-1	2	bot-21
59858	bot-28	alpha	S10r-4310	state+ammo	-16.51	0.74	187	0.00	0.00		0		squad-10	0	bot-28
59875	bot-3	alpha	S34r-2310	state	-14.13	21.49	113	0.00	0.00		0		squad-1	2	bot-21
59875	bot-3	alpha	P34r-2310	state	-14.13	21.49	113	0.00	0.00		0		squad-1	2	bot-21
59893	bot-3	alpha	S34r-2310	state	-14.13	21.49	111	0.00	0.00		0		squad-1	2	bot-21
59893	bot-3	alpha	P34r-2310	state	-14.13	21.49	111	0.00	0.00		0		squad-1	2	bot-21
59911	bot-3	alpha	S34r-2310	state	-14.13	21.49	110	0.00	0.00		0		squad-1	2	bot-21
59911	bot-3	alpha	P34r-2310	state	-14.13	21.49	110	0.00	0.00		0		squad-1	2	bot-21
59935	bot-3	alpha	S34r-2310	state	-14.13	21.49	109	0.00	0.00		0		squad-1	2	bot-21
59935	bot-3	alpha	P34r-2310	state	-14.13	21.49	109	0.00	0.00		0		squad-1	2	bot-21
59949	bot-3	alpha	S34r-2310	state	-14.13	21.49	107	0.00	0.00		0		squad-1	2	bot-21
59949	bot-3	alpha	P34r-2310	state	-14.13	21.49	107	0.00	0.00		0		squad-1	2	bot-21
59959	bot-3	alpha	S34r-2310	state	-14.13	21.49	106	0.00	0.00		0		squad-1	2	bot-21
59959	bot-3	alpha	P34r-2310	state	-14.13	21.49	106	0.00	0.00		0		squad-1	2	bot-21
59974	bot-3	alpha	S34r-2310	state	-14.13	21.49	105	0.00	0.00		0		squad-1	2	bot-21
59974	bot-3	alpha	P34r-2310	state	-14.13	21.49	105	0.00	0.00		0		squad-1	2	bot-21
59990	bot-3	alpha	S34r-2310	state	-14.13	21.49	104	0.00	0.00		0		squad-1	2	bot-21
59990	bot-3	alpha	P34r-2310	state	-14.13	21.49	104	0.00	0.00		0		squad-1	2	bot-21
60009	bot-3	alpha	S34r-2310	state	-14.13	21.49	102	0.00	0.00		0		squad-1	2	bot-21
60009	bot-3	alpha	P34r-2310	state	-14.13	21.49	102	0.00	0.00		0		squad-1	2	bot-21
60009	bot-27	bravo	S39r-4410	state+latches	-11.16	-6.24	24	0.00	0.00		0		squad-8	0	
60033	bot-3	alpha	C34r-2310	state	-14.13	21.49	101	0.00	0.00		0		squad-1	2	bot-21
60051	bot-3	alpha	S34r-2310	state	-14.13	21.49	99	0.00	0.00		0		squad-1	2	bot-21
60051	bot-3	alpha	P34r-2310	state	-14.13	21.49	99	0.00	0.00		0		squad-1	2	bot-21
60063	bot-3	alpha	S34r-2310	state	-14.13	21.49	98	0.00	0.00		0		squad-1	2	bot-21
60063	bot-3	alpha	P34r-2310	state	-14.13	21.49	98	0.00	0.00		0		squad-1	2	bot-21
60075	bot-3	alpha	S34r-2310	state	-14.13	21.49	97	0.00	0.00		0		squad-1	2	bot-21
60075	bot-3	alpha	P34r-2310	state	-14.13	21.49	97	0.00	0.00		0		squad-1	2	bot-21
60090	bot-3	alpha	S34r-2310	state	-14.13	21.49	96	0.00	0.00		0		squad-1	2	bot-21
60090	bot-3	alpha	P34r-2310	state	-14.13	21.49	96	0.00	0.00		0		squad-1	2	bot-21
60112	bot-3	alpha	S34r-2310	state	-14.13	21.49	95	0.00	0.00		0		squad-1	2	bot-21
60112	bot-3	alpha	P34r-2310	state	-14.13	21.49	95	0.00	0.00		0		squad-1	2	bot-21
60126	bot-3	alpha	S34r-2310	state	-14.13	21.49	93	0.00	0.00		0		squad-1	2	bot-21
60126	bot-3	alpha	P34r-2310	state	-14.13	21.49	93	0.00	0.00		0		squad-1	2	bot-21
60140	bot-3	alpha	S34r-2310	state	-14.13	21.49	92	0.00	0.00		0		squad-1	2	bot-21
60140	bot-3	alpha	P34r-2310	state	-14.13	21.49	92	0.00	0.00		0		squad-1	2	bot-21
60157	bot-3	alpha	S34r-2310	state	-14.13	21.49	91	0.00	0.00		0		squad-1	2	bot-21
60157	bot-3	alpha	P34r-2310	state	-14.13	21.49	91	0.00	0.00		0		squad-1	2	bot-21
60174	bot-3	alpha	S34r-2310	state	-14.13	21.49	90	0.00	0.00		0		squad-1	2	bot-21
60174	bot-3	alpha	P34r-2310	state	-14.13	21.49	90	0.00	0.00		0		squad-1	2	bot-21
60190	bot-3	alpha	S34r-2310	state	-14.13	21.49	88	0.00	0.00		0		squad-1	2	bot-21
60190	bot-3	alpha	P34r-2310	state	-14.13	21.49	88	0.00	0.00		0		squad-1	2	bot-21
60207	bot-3	alpha	S34r-2310	state	-14.13	21.49	87	0.00	0.00		0		squad-1	2	bot-21
60207	bot-3	alpha	P34r-2310	state	-14.13	21.49	87	0.00	0.00		0		squad-1	2	bot-21
60224	bot-3	alpha	S32r-2310	state+score	-14.13	21.49	86	0.00	0.00		0		squad-1	2	bot-21
60224	bot-3	alpha	P32r-2310	state	-14.13	21.49	86	0.00	0.00		0		squad-1	2	bot-21
60224	bot-5	alpha	S21r-4420	tier+score	-7.27	1.16	169	0.19	0.01	8.12	3	seek	squad-1	3	bot-21
60224	bot-14	alpha	S35r-2320	score	-8.97	22.90	95	2.50	1.04	20.04	6	seek	squad-1	1	bot-21
60224	bot-16	alpha	G21m-43B2	tier+score	-9.95	1.05	260	0.00	0.00		0		squad-1	4	bot-21
60224	bot-21	alpha	E48rm4120	tier+score+element	-0.73	17.29	78	0.08	0.00		0		squad-1	0	bot-21
60224	bot-25	alpha	M38m-44B0	score	0.77	18.11	42	5.57	3.30	1.48	1	medic	squad-1	5	bot-21
60224	bot-27	bravo	S38r-4410	score	-10.98	-6.00	24	1.31	0.31	25.13	5	seek	squad-8	0	
60240	bot-3	alpha	S32r-2310	state	-14.13	21.49	84	0.00	0.00		0		squad-1	2	bot-21
60240	bot-3	alpha	P32r-2310	state	-14.13	21.49	84	0.00	0.00		0		squad-1	2	bot-21
60240	bot-14	alpha	S45rm2320	tier+element	-8.95	22.86	94	2.46	0.04	20.02	6	seek	squad-1	1	bot-21
60240	bot-21	alpha	H48rm4120	state	-0.73	17.29	78	0.08	0.00		0		squad-1	0	bot-21
60257	bot-3	alpha	S32r-2310	state	-14.13	21.49	83	0.00	0.00		0		squad-1	2	bot-21
60257	bot-3	alpha	P32r-2310	state	-14.13	21.49	83	0.00	0.00		0		squad-1	2	bot-21
60257	bot-27	bravo	A38r-4410	state	-10.96	-5.96	24	2.38	0.04	25.10	5	seek	squad-8	0	
60257	bot-28	alpha	S21r-4310	tier+score	-15.86	0.31	190	3.15	0.78	9.45	4	seek	squad-10	0	bot-28
60274	bot-3	alpha	S32r-2310	state	-14.13	21.49	82	0.00	0.00		0		squad-1	2	bot-21
60274	bot-3	alpha	P32r-2310	state	-14.13	21.49	82	0.00	0.00		0		squad-1	2	bot-21
60290	bot-3	alpha	S32r-2310	state	-14.13	21.49	80	0.00	0.00		0		squad-1	2	bot-21
60290	bot-3	alpha	P32r-2310	state	-14.13	21.49	80	0.00	0.00		0		squad-1	2	bot-21
60290	bot-27	bravo	A38r-441G	latches	-10.96	-5.96	24	0.00	0.00		0		squad-8	0	
60307	bot-3	alpha	S32r-2310	state	-14.13	21.49	79	0.00	0.00		0		squad-1	2	bot-21
60307	bot-3	alpha	P32r-2310	state	-14.13	21.49	79	0.00	0.00		0		squad-1	2	bot-21
60325	bot-3	alpha	S32r-2310	state	-14.13	21.49	78	0.00	0.00		0		squad-1	2	bot-21
60325	bot-3	alpha	P32r-2310	state	-14.13	21.49	78	0.00	0.00		0		squad-1	2	bot-21
60340	bot-3	alpha	S32r-2310	state	-14.13	21.49	76	0.00	0.00		0		squad-1	2	bot-21
60340	bot-3	alpha	P32r-2310	state	-14.13	21.49	76	0.00	0.00		0		squad-1	2	bot-21
60362	bot-3	alpha	S32r-2310	state	-14.13	21.49	75	0.00	0.00		0		squad-1	2	bot-21
60362	bot-3	alpha	P32r-2310	state	-14.13	21.49	75	0.00	0.00		0		squad-1	2	bot-21
60376	bot-3	alpha	S32r-2310	state	-14.13	21.49	74	0.00	0.00		0		squad-1	2	bot-21
60376	bot-3	alpha	P32r-2310	state	-14.13	21.49	74	0.00	0.00		0		squad-1	2	bot-21
60376	bot-27	bravo	A38r-4410	latches	-10.96	-5.96	21	0.01	0.00		0		squad-8	0	
60396	bot-3	alpha	S32r-2310	state	-14.13	21.49	73	0.00	0.00		0		squad-1	2	bot-21
60396	bot-3	alpha	P32r-2310	state	-14.13	21.49	73	0.00	0.00		0		squad-1	2	bot-21
60411	bot-3	alpha	S32r-2310	state	-14.13	21.49	71	0.00	0.00		0		squad-1	2	bot-21
60411	bot-3	alpha	P32r-2310	state	-14.13	21.49	71	0.00	0.00		0		squad-1	2	bot-21
60411	bot-25	alpha	M48mm44B0	tier+element	0.02	17.80	27	4.30	0.81	0.68	1	medic	squad-1	5	bot-21
60428	bot-3	alpha	S32r-2310	state	-14.13	21.49	70	0.00	0.00		0		squad-1	2	bot-21
60428	bot-3	alpha	P32r-2310	state	-14.13	21.49	70	0.00	0.00		0		squad-1	2	bot-21
60444	bot-1	alpha	D00r--000	tick	-19.31	14.01	96	0.00	0.00	6.86	0		squad-1	-1	bot-21
60444	bot-3	alpha	S32r-2310	state	-14.13	21.49	68	0.00	0.00		0		squad-1	2	bot-21
60444	bot-3	alpha	P32r-2310	state	-14.13	21.49	68	0.00	0.00		0		squad-1	2	bot-21
60459	bot-3	alpha	S32r-2310	state	-14.13	21.49	67	0.00	0.00		0		squad-1	2	bot-21
60459	bot-3	alpha	P32r-2310	state	-14.13	21.49	67	0.00	0.00		0		squad-1	2	bot-21
60476	bot-3	alpha	S32r-2310	state	-14.13	21.49	66	0.00	0.00		0		squad-1	2	bot-21
60476	bot-3	alpha	P32r-2310	state	-14.13	21.49	66	0.00	0.00		0		squad-1	2	bot-21
60493	bot-3	alpha	S32r-2310	state	-14.13	21.49	65	0.00	0.00		0		squad-1	2	bot-21
60493	bot-3	alpha	P32r-2310	state	-14.13	21.49	65	0.00	0.00		0		squad-1	2	bot-21
60509	bot-3	alpha	S32r-2310	state	-14.13	21.49	63	0.00	0.00		0		squad-1	2	bot-21
60509	bot-3	alpha	P32r-2310	state	-14.13	21.49	63	0.00	0.00		0		squad-1	2	bot-21
60528	bot-3	alpha	S32r-2310	state	-14.13	21.49	62	0.00	0.00		0		squad-1	2	bot-21
60528	bot-3	alpha	P32r-2310	state	-14.13	21.49	62	0.00	0.00		0		squad-1	2	bot-21
60543	bot-3	alpha	S32r-2310	state	-14.13	21.49	61	0.00	0.00		0		squad-1	2	bot-21
60543	bot-3	alpha	P32r-2310	state	-14.13	21.49	61	0.00	0.00		0		squad-1	2	bot-21
60562	bot-3	alpha	S32r-2310	state	-14.13	21.49	60	0.00	0.00		0		squad-1	2	bot-21
60562	bot-3	alpha	P32r-2310	state	-14.13	21.49	60	0.00	0.00		0		squad-1	2	bot-21
60562	bot-18	bravo	P00r-3310	tick	16.62	22.91	198	2.55	0.30	1.71	1	squad	squad-2	1	bot-17
60582	bot-3	alpha	S32r-2310	state	-14.13	21.49	58	0.00	0.00		0		squad-1	2	bot-21
60582	bot-3	alpha	P32r-2310	state	-14.13	21.49	58	0.00	0.00		0		squad-1	2	bot-21
60582	bot-17	bravo	P00r-4410	tick	13.06	20.32	239	1.70	1.94	2.33	2	packseek	squad-2	0	bot-17
60605	bot-3	alpha	S32r-2310	state	-14.13	21.49	56	0.00	0.00		0		squad-1	2	bot-21
60605	bot-3	alpha	P32r-2310	state	-14.13	21.49	56	0.00	0.00		0		squad-1	2	bot-21
60616	bot-3	alpha	S32r-2310	state	-14.13	21.49	55	0.00	0.00		0		squad-1	2	bot-21
60616	bot-3	alpha	P32r-2310	state	-14.13	21.49	55	0.00	0.00		0		squad-1	2	bot-21
60635	bot-3	alpha	S32r-2310	state	-14.13	21.49	54	0.00	0.00		0		squad-1	2	bot-21
60635	bot-3	alpha	P32r-2310	state	-14.13	21.49	54	0.00	0.00		0		squad-1	2	bot-21
60651	bot-3	alpha	S32r-2310	state	-14.13	21.49	52	0.00	0.00		0		squad-1	2	bot-21
60651	bot-3	alpha	P32r-2310	state	-14.13	21.49	52	0.00	0.00		0		squad-1	2	bot-21
60673	bot-3	alpha	S32r-2310	state	-14.13	21.49	51	0.00	0.00		0		squad-1	2	bot-21
60673	bot-3	alpha	P32r-2310	state	-14.13	21.49	51	0.00	0.00		0		squad-1	2	bot-21
60673	bot-29	bravo	P00m-0420	initial	0.55	14.55	0	0.00			0			-1	
60673	bot-30	alpha	P00r-0410	initial	-13.45	-1.45	0	0.00			0			-1	
60690	bot-3	alpha	S32r-2310	state	-14.13	21.49	49	0.00	0.00		0		squad-1	2	bot-21
60690	bot-3	alpha	P32r-2310	state	-14.13	21.49	49	0.00	0.00		0		squad-1	2	bot-21
60690	bot-21	alpha	E48rb4120	state+element	-0.84	17.23	77	0.00	0.12		0		squad-1	0	bot-21
60690	bot-27	bravo	E38r-4410	state	-10.96	-5.96	5	0.00	0.00		0		squad-8	0	
60690	bot-28	alpha	S21r-4320	packs	-15.54	-0.81	195	2.00	1.16	8.67	3	seek	squad-10	0	bot-28
60690	bot-29	bravo	S00m-4420	state+ammo	0.55	14.55	0	0.00	0.00		0		squad-8	1	
60690	bot-30	alpha	S21r-4410	state+tier+score+ammo	-13.45	-1.45	0	0.00	0.00		0		squad-10	1	bot-28
60713	bot-3	alpha	S32r-2310	state	-14.13	21.49	48	0.00	0.00		0		squad-1	2	bot-21
60713	bot-3	alpha	P32r-2310	state	-14.13	21.49	48	0.00	0.00		0		squad-1	2	bot-21
60713	bot-14	alpha	C45rm2320	state	-8.35	21.95	90	2.39	1.09	19.40	6	seek	squad-1	1	bot-21
60713	bot-21	alpha	E48rb4129	latches	-0.89	17.19	85	1.63	0.06	7.21	3	flee	squad-1	0	bot-21
60713	bot-27	bravo	E38r-4411	latches	-10.91	-6.01	357	1.47	0.06	3.47	1	flee	squad-8	0	
60736	bot-3	alpha	S32r-2310	state	-14.13	21.49	46	0.00	0.00		0		squad-1	2	bot-21
60736	bot-3	alpha	P32r-2310	state	-14.13	21.49	46	0.00	0.00		0		squad-1	2	bot-21
60736	bot-14	alpha	C45rm2322	latches	-8.35	21.78	102	3.81	0.17	9.18	7	cover	squad-1	1	bot-21
60736	bot-29	bravo	C00m-4420	state	0.46	14.59	10	1.36	0.10	9.72	7	seek	squad-8	1	
60736	bot-30	alpha	A21r-4410	state	-13.55	-1.41	350	0.81	0.10	4.66	4	seek	squad-10	1	bot-28
60755	bot-3	alpha	S32r-2310	state	-14.13	21.49	45	0.00	0.00		0		squad-1	2	bot-21
60755	bot-3	alpha	P32r-2310	state	-14.13	21.49	45	0.00	0.00		0		squad-1	2	bot-21
60755	bot-29	bravo	C00m-4422	latches	0.38	14.51	359	2.51	0.11	5.69	9	cover	squad-8	1	
60772	bot-3	alpha	S32r-2310	state	-14.13	21.49	43	0.00	0.00		0		squad-1	2	bot-21
60772	bot-3	alpha	P32r-2310	state	-14.13	21.49	43	0.00	0.00		0		squad-1	2	bot-21
60789	bot-3	alpha	S32r-2310	state	-14.13	21.49	42	0.00	0.00		0		squad-1	2	bot-21
60789	bot-3	alpha	P32r-2310	state	-14.13	21.49	42	0.00	0.00		0		squad-1	2	bot-21
60810	bot-3	alpha	S32r-2310	state	-14.13	21.49	40	0.00	0.00		0		squad-1	2	bot-21
60810	bot-3	alpha	P32r-2310	state	-14.13	21.49	40	0.00	0.00		0		squad-1	2	bot-21
60828	bot-3	alpha	S32r-2310	state	-14.13	21.49	39	0.00	0.00		0		squad-1	2	bot-21
60828	bot-3	alpha	P32r-2310	state	-14.13	21.49	39	0.00	0.00		0		squad-1	2	bot-21
60852	bot-3	alpha	S32r-2310	state	-14.13	21.49	37	0.00	0.00		0		squad-1	2	bot-21
60852	bot-3	alpha	P32r-2310	state	-14.13	21.49	37	0.00	0.00		0		squad-1	2	bot-21
60865	bot-3	alpha	C32r-2310	state	-14.13	21.49	36	0.00	0.00		0		squad-1	2	bot-21
60880	bot-3	alpha	S32r-2310	state	-14.13	21.49	34	0.00	0.00		0		squad-1	2	bot-21
60880	bot-3	alpha	P32r-2310	state	-14.13	21.49	34	0.00	0.00		0		squad-1	2	bot-21
60904	bot-3	alpha	S32r-2310	state	-14.13	21.49	35	0.00	0.00		0		squad-1	2	bot-21
60904	bot-3	alpha	P32r-2310	state	-14.13	21.49	35	0.00	0.00		0		squad-1	2	bot-21
60923	bot-3	alpha	S32r-2310	state	-14.13	21.49	37	0.00	0.00		0		squad-1	2	bot-21
60923	bot-3	alpha	P32r-2310	state	-14.13	21.49	37	0.00	0.00		0		squad-1	2	bot-21
60938	bot-3	alpha	S32r-2310	state	-14.13	21.49	39	0.00	0.00		0		squad-1	2	bot-21
60938	bot-3	alpha	P32r-2310	state	-14.13	21.49	39	0.00	0.00		0		squad-1	2	bot-21
60957	bot-3	alpha	S32r-2310	state	-14.13	21.49	40	0.00	0.00		0		squad-1	2	bot-21
60957	bot-3	alpha	P32r-2310	state	-14.13	21.49	40	0.00	0.00		0		squad-1	2	bot-21
60976	bot-3	alpha	S32r-2310	state	-14.13	21.49	41	0.00	0.00		0		squad-1	2	bot-21
60976	bot-3	alpha	P32r-2310	state	-14.13	21.49	41	0.00	0.00		0		squad-1	2	bot-21
60995	bot-3	alpha	S32r-2310	state	-14.13	21.49	43	0.00	0.00		0		squad-1	2	bot-21
60995	bot-3	alpha	P32r-2310	state	-14.13	21.49	43	0.00	0.00		0		squad-1	2	bot-21
61020	bot-3	alpha	S32r-2310	state	-14.13	21.49	44	0.00	0.00		0		squad-1	2	bot-21
61020	bot-3	alpha	P32r-2310	state	-14.13	21.49	44	0.00	0.00		0		squad-1	2	bot-21
61038	bot-3	alpha	S32r-2310	state	-14.13	21.49	46	0.00	0.00		0		squad-1	2	bot-21
61038	bot-3	alpha	P32r-2310	state	-14.13	21.49	46	0.00	0.00		0		squad-1	2	bot-21
61061	bot-3	alpha	S32r-2310	state	-14.13	21.49	48	0.00	0.00		0		squad-1	2	bot-21
61061	bot-3	alpha	P32r-2310	state	-14.13	21.49	48	0.00	0.00		0		squad-1	2	bot-21
61080	bot-3	alpha	S32r-2310	state	-14.13	21.49	50	0.00	0.00		0		squad-1	2	bot-21
61080	bot-3	alpha	P32r-2310	state	-14.13	21.49	50	0.00	0.00		0		squad-1	2	bot-21
61106	bot-3	alpha	S32r-2310	state	-14.13	21.49	51	0.00	0.00		0		squad-1	2	bot-21
61106	bot-3	alpha	P32r-2310	state	-14.13	21.49	51	0.00	0.00		0		squad-1	2	bot-21
61106	bot-16	alpha	S21m-43B0	state+latches	-11.95	1.14	184	0.55	2.00		0		squad-1	4	bot-21
61106	bot-29	bravo	A00m-4420	state+latches	-0.33	13.62	357	4.15	1.14	6.54	9	cover	squad-8	1	
61134	bot-3	alpha	S32r-2310	state	-14.13	21.49	53	0.00	0.00		0		squad-1	2	bot-21
61134	bot-3	alpha	P32r-2310	state	-14.13	21.49	53	0.00	0.00		0		squad-1	2	bot-21
61156	bot-3	alpha	S32r-2310	state	-14.13	21.49	55	0.00	0.00		0		squad-1	2	bot-21
61156	bot-3	alpha	P32r-2310	state	-14.13	21.49	55	0.00	0.00		0		squad-1	2	bot-21
61177	bot-3	alpha	S32r-2310	state	-14.13	21.49	57	0.00	0.00		0		squad-1	2	bot-21
61177	bot-3	alpha	P32r-2310	state	-14.13	21.49	57	0.00	0.00		0		squad-1	2	bot-21
61196	bot-3	alpha	S32r-2310	state	-14.13	21.49	58	0.00	0.00		0		squad-1	2	bot-21
61196	bot-3	alpha	P32r-2310	state	-14.13	21.49	58	0.00	0.00		0		squad-1	2	bot-21
61196	bot-28	alpha	S32r-4320	tier+score	-15.97	-1.54	227	1.61	0.86	7.81	2	seek	squad-10	0	bot-28
61196	bot-30	alpha	A32r-4310	tier+score+health	-13.55	-1.41	41	0.00	0.01		0		squad-10	1	bot-28
61225	bot-3	alpha	S32r-2310	state	-14.13	21.49	60	0.00	0.00		0		squad-1	2	bot-21
61225	bot-3	alpha	P32r-2310	state	-14.13	21.49	60	0.00	0.00		0		squad-1	2	bot-21
61225	bot-5	alpha	S32r-4420	tier+score	-7.28	1.17	235	0.42	0.01	8.11	3	seek	squad-1	3	bot-21
61225	bot-14	alpha	A45rm2320	state+latches	-8.41	19.83	128	4.57	1.94	9.07	7	cover	squad-1	1	bot-21
61225	bot-16	alpha	C32m-43B0	state+tier+score	-12.21	1.22	214	2.42	0.27	4.60	3	seek	squad-1	4	bot-21
61225	bot-29	bravo	A10m-4420	tier	-0.34	13.63	353	0.02	0.01		0		squad-8	1	
61243	bot-3	alpha	S32r-2310	state	-14.13	21.49	62	0.00	0.00		0		squad-1	2	bot-21
61243	bot-3	alpha	P32r-2310	state	-14.13	21.49	62	0.00	0.00		0		squad-1	2	bot-21
61243	bot-16	alpha	C32m-43B2	latches	-12.02	1.24	202	4.04	0.19	2.08	1	cover	squad-1	4	bot-21
61262	bot-3	alpha	S32r-2310	state	-14.13	21.49	64	0.00	0.00		0		squad-1	2	bot-21
61262	bot-3	alpha	P32r-2310	state	-14.13	21.49	64	0.00	0.00		0		squad-1	2	bot-21
61279	bot-3	alpha	S32r-2310	state	-14.13	21.49	65	0.00	0.00		0		squad-1	2	bot-21
61279	bot-3	alpha	P32r-2310	state	-14.13	21.49	65	0.00	0.00		0		squad-1	2	bot-21
61298	bot-3	alpha	S32r-2310	state	-14.13	21.49	66	0.00	0.00		0		squad-1	2	bot-21
61298	bot-3	alpha	P32r-2310	state	-14.13	21.49	66	0.00	0.00		0		squad-1	2	bot-21
61316	bot-3	alpha	S32r-2310	state	-14.13	21.49	68	0.00	0.00		0		squad-1	2	bot-21
61316	bot-3	alpha	P32r-2310	state	-14.13	21.49	68	0.00	0.00		0		squad-1	2	bot-21
61316	bot-28	alpha	S33r-4320	score	-16.11	-1.66	227	1.48	0.18	7.64	2	seek	squad-10	0	bot-28
61316	bot-30	alpha	E33r-4210	state+score+health	-13.55	-1.41	41	0.00	0.00		0		squad-10	1	bot-28
61332	bot-3	alpha	S32r-2310	state	-14.13	21.49	69	0.00	0.00		0		squad-1	2	bot-21
61332	bot-3	alpha	P32r-2310	state	-14.13	21.49	69	0.00	0.00		0		squad-1	2	bot-21
61332	bot-5	alpha	S33r-4420	score	-7.27	1.16	235	0.15	0.01	8.12	3	seek	squad-1	3	bot-21
61332	bot-16	alpha	C33m-43B2	score	-11.63	1.23	179	4.62	0.39	1.69	1	cover	squad-1	4	bot-21
61332	bot-30	alpha	E33r-4219	latches	-13.54	-1.39	41	0.68	0.02	1.44	2	flee	squad-10	1	bot-28
61357	bot-3	alpha	P00r-2310	tier+score	-14.13	21.49	71	0.00	0.00		0		squad-1	2	bot-21
61357	bot-14	alpha	A00r-2320	tier+score+element	-8.41	19.83	128	0.00	0.00		0		squad-1	1	bot-21
61357	bot-21	alpha	E33r-4129	tier+score+element	-1.97	15.49	140	2.81	2.01	5.26	3	flee	squad-1	0	bot-21
61357	bot-25	alpha	M33m-44B0	tier+score+element	-0.84	15.83	47	2.64	2.15	2.87	1	medic	squad-1	5	bot-21
61390	bot-17	bravo	P00r-4420	packs	12.03	19.01	237	1.11	1.67	0.66	9	patrolReentry	squad-2	0	bot-17
61440	bot-28	alpha	S44rm4320	tier+score+element	-16.30	-1.83	227	2.90	0.26	7.39	2	seek	squad-10	0	bot-28
61440	bot-30	alpha	E44rm4119	tier+score+element+health	-13.47	-1.35	41	0.74	0.08	1.36	2	flee	squad-10	1	bot-28
61466	bot-1	alpha	D00r--000	tick	-19.31	14.01	96	0.00	0.00	6.86	0		squad-1	-1	bot-21
61466	bot-5	alpha	S44rm4420	tier+score+element	-7.28	1.17	235	0.41	0.02	8.12	3	seek	squad-1	3	bot-21
61466	bot-16	alpha	C44mb43B2	tier+score+element	-10.99	1.19	144	4.85	0.64	1.05	1	cover	squad-1	4	bot-21
61482	bot-14	alpha	F00r-2320	state	-8.41	19.83	128	0.00	0.00		0		squad-1	1	bot-21
61482	bot-21	alpha	E33r-3129	ammo	-2.03	15.11	132	3.20	0.38	4.97	3	flee	squad-1	0	bot-21
61482	bot-29	bravo	F10m-4320	state+health	-0.34	13.63	340	0.00	0.00		0		squad-8	1	
61497	bot-5	alpha	S45rm4420	score	-7.28	1.17	235	0.20	0.01	8.11	3	seek	squad-1	3	bot-21
61497	bot-14	alpha	A21r-2320	state+tier+score	-8.41	19.83	128	0.00	0.00		0		squad-1	1	bot-21
61497	bot-16	alpha	C45mb43B2	score	-10.85	1.19	137	4.88	0.14	0.91	1	cover	squad-1	4	bot-21
61497	bot-21	alpha	E44rb3129	tier+score+element	-2.04	15.06	131	2.35	0.05	4.94	3	flee	squad-1	0	bot-21
61497	bot-25	alpha	M44mm43B0	tier+score+element+health	-1.10	15.53	83	2.38	0.40	2.47	1	medic	squad-1	5	bot-21
61497	bot-29	bravo	A10m-4320	state	-0.34	13.63	339	0.00	0.00		0		squad-8	1	
61514	bot-3	alpha	P21r-2310	tier+score	-14.13	21.49	71	0.00	0.00		0		squad-1	2	bot-21
61514	bot-25	alpha	M44mb43B0	element	-1.14	15.50	87	2.68	0.05	2.42	1	medic	squad-1	5	bot-21
61540	bot-29	bravo	C10m-4320	state	-0.34	13.63	336	0.00	0.00		0		squad-8	1	
61560	bot-27	bravo	C38r-4410	state+latches	-8.69	-8.21	326	0.04	3.13		0		squad-8	0	
61560	bot-28	alpha	S45rm4320	score	-16.55	-1.99	221	2.55	0.29	7.12	2	seek	squad-10	0	bot-28
61560	bot-29	bravo	C10m-4322	latches	-0.37	13.54	334	3.10	0.09	4.13	1	cover	squad-8	1	
61560	bot-30	alpha	E45rm4019	score+health	-13.35	-1.29	41	2.23	0.13	1.23	2	flee	squad-10	1	bot-28
61580	bot-5	alpha	S46rm4420	score	-7.28	1.16	235	0.12	0.01	8.10	3	seek	squad-1	3	bot-21
61580	bot-16	alpha	C46mb43B2	score	-10.46	1.15	115	4.61	0.39	0.52	1	cover	squad-1	4	bot-21
61580	bot-18	bravo	P00r-3310	tick	15.79	21.48	201	1.81	1.66	3.75	1	squad	squad-2	1	bot-17
61580	bot-27	bravo	C38r-4412	latches	-8.69	-8.21	326	0.00	0.00		0		squad-8	0	
61601	bot-14	alpha	F21r-2320	state	-8.41	19.83	128	0.00	0.00		0		squad-1	1	bot-21
61601	bot-16	alpha	A46mb43B0	state+latches	-10.46	1.15	115	4.61	0.00	0.52	1	cover	squad-1	4	bot-21
61601	bot-29	bravo	E10m-4120	state+health+latches	-0.39	13.48	334	3.14	0.07		0		squad-8	1	
61616	bot-14	alpha	A21r-2320	state	-8.41	19.83	128	0.00	0.00		0		squad-1	1	bot-21
61616	bot-29	bravo	E10m-4129	latches	-0.44	13.35	334	4.01	0.14	7.21	5	flee	squad-8	1	
61652	bot-3	alpha	P32r-2310	tier+score	-14.13	21.49	103	0.00	0.00		0		squad-1	2	bot-21
61652	bot-5	alpha	S47rm4420	score	-7.27	1.17	235	0.23	0.01	8.12	3	seek	squad-1	3	bot-21
61652	bot-14	alpha	A32r-2320	tier+score	-8.40	19.83	129	0.00	0.00		0		squad-1	1	bot-21
61652	bot-16	alpha	A47mb43B0	score	-10.45	1.17	100	0.19	0.02		0		squad-1	4	bot-21
61652	bot-21	alpha	E45rb3129	score	-2.25	14.68	129	2.84	0.43	4.54	2	flee	squad-1	0	bot-21
61652	bot-25	alpha	E45mb42B0	state+score+health	-1.36	15.27	117	2.78	0.32		0		squad-1	5	bot-21
61676	bot-3	alpha	C32r-2310	state	-14.13	21.49	103	0.00	0.00		0		squad-1	2	bot-21
61676	bot-25	alpha	E45mb42B9	latches	-1.63	15.22	129	5.51	0.27	6.82	4	flee	squad-1	5	bot-21
61692	bot-3	alpha	C32r-2312	latches	-14.13	21.49	103	0.00	0.00		0		squad-1	2	bot-21
61724	bot-14	alpha	F32r-2320	state	-8.40	19.83	131	0.00	0.00		0		squad-1	1	bot-21
61724	bot-29	bravo	E10m-4029	health	-0.60	12.92	327	4.45	0.45	7.63	5	flee	squad-8	1	bot-27
61740	bot-14	alpha	A32r-2320	state	-8.40	19.83	131	0.00	0.00		0		squad-1	1	bot-21
61790	bot-27	bravo	C38r-3412	ammo	-8.69	-8.21	331	0.00	0.00		1	muzzleRecovery	squad-8	0	bot-27
61807	bot-27	bravo	P38r-3410	state+latches	-8.69	-8.21	331	4.16	0.00		1	muzzleRecovery	squad-8	0	bot-27
61824	bot-27	bravo	A38r-3410	state	-8.74	-8.26	326	0.00	0.07		0	muzzleRecovery	squad-8	0	bot-27
61824	bot-30	alpha	E45rm4010	latches	-12.62	-0.79	42	5.51	0.89	0.38	1	flee	squad-10	1	bot-28
61842	bot-14	alpha	F32r-2320	state	-8.40	19.83	133	0.00	0.00		0		squad-1	1	bot-21
61842	bot-14	alpha	P32r-2320	state	-8.40	19.83	134	0.00	0.00		0		squad-1	1	bot-21
61842	bot-29	bravo	D00m--000	state+tier+ammo+packs+latches	-0.76	12.48	315	0.00	0.48	8.07	5	flee	squad-8	1	bot-27
61842	bot-16	alpha	S47mm43B4	state+element+latches	-10.45	1.18	65	0.00	0.01		0		squad-1	4	bot-21
61842	bot-21	alpha	E45rm3120	element+latches	-2.52	14.33	136	1.35	0.45	6.83	2	flee	squad-1	0	bot-21
61842	bot-25	alpha	E45mm42B0	element+latches	-1.81	15.01	157	0.06	0.28		0		squad-1	5	bot-21
61857	bot-14	alpha	S32r-2320	state	-8.40	19.83	134	0.00	0.00		0		squad-1	1	bot-21
61857	bot-14	alpha	S32r-R320	ammo	-8.39	19.82	137	1.33	0.02	8.13	3	seek	squad-1	1	bot-21
61857	bot-21	alpha	E45rb3129	element+latches	-2.54	14.32	140	1.57	0.02	6.81	2	flee	squad-1	0	bot-21
61857	bot-25	alpha	E45mb42B0	element	-1.82	15.02	161	0.23	0.00		0		squad-1	5	bot-21
61857	bot-30	alpha	E45rm4019	latches	-12.57	-0.70	42	0.00	0.10		0		squad-10	1	bot-28
61875	bot-14	alpha	A32r-R320	state	-8.39	19.82	137	1.33	0.00	8.13	3	seek	squad-1	1	bot-21
61875	bot-30	alpha	E45rm4010	latches	-12.57	-0.70	42	0.00	0.00		0		squad-10	1	bot-28
61907	bot-27	bravo	F38r-3410	state	-8.75	-8.26	333	0.00	0.00		0		squad-8	0	bot-27
61907	bot-27	bravo	P38r-3410	state	-8.75	-8.26	333	0.00	0.00		0		squad-8	0	bot-27
61907	bot-30	alpha	D00r--000	state+tier+score+element+ammo+packs	-12.57	-0.70	42	0.00	0.00		0		squad-10	1	bot-28
61907	bot-28	alpha	S37r-4320	tier+score+element	-17.08	-2.71	200	2.56	0.89	6.24	1	seek	squad-10	0	bot-28
61924	bot-5	alpha	S39r-4420	tier+score+element	-7.28	1.16	235	0.15	0.01	8.11	3	seek	squad-1	3	bot-21
61924	bot-16	alpha	S49mm43B4	score	-10.45	1.18	85	0.00	0.00		0		squad-1	4	bot-21
61924	bot-21	alpha	E47rb3129	score	-2.66	14.30	157	2.01	0.12	6.74	2	flee	squad-1	0	bot-21
61924	bot-27	bravo	A38r-3410	state	-8.75	-8.26	333	0.00	0.00		0		squad-8	0	bot-27
62074	bot-25	alpha	E45mm42BG	element+latches	-1.90	15.12	196	0.60	0.13		0		squad-1	5	bot-21
62307	bot-25	alpha	E45mm42B0	latches	-1.94	15.15	196	0.00	0.05		0		squad-1	5	bot-21
62324	bot-16	alpha	S49mm43B0	latches	-10.42	1.18	168	1.34	0.02	9.83	3	seek	squad-1	4	bot-21
62359	bot-25	alpha	H45mm42B0	state	-1.94	15.15	196	0.00	0.00		0		squad-1	5	bot-21
62359	bot-27	bravo	A37r-3410	score	-8.75	-8.26	13	0.00	0.00		0		squad-8	0	bot-27
62390	bot-17	bravo	P00r-4420	tick	10.71	18.27	226	2.40	1.51	0.88	9	patrolReentry	squad-2	0	bot-17
62407	bot-17	bravo	C36r-4420	state+tier+score	10.71	18.27	226	2.40	0.00	0.88	9	patrolReentry	squad-2	0	bot-17
62407	bot-18	bravo	P36r-3310	tier+score	15.22	20.01	211	2.42	1.58	2.97	2	squad	squad-2	1	bot-17
62407	bot-21	alpha	E46rb3129	score	-3.49	14.66	193	2.00	0.90	5.92	1	flee	squad-1	0	bot-21
62407	bot-25	alpha	H44mm42B0	score	-1.94	15.15	182	0.00	0.00		0		squad-1	5	bot-21
62429	bot-17	bravo	C00r-4422	tier+score+latches	10.90	18.26	216	4.65	0.18	9.46	5	cover	squad-2	0	bot-17
62429	bot-18	bravo	P00r-3310	tier+score	15.21	20.01	214	0.05	0.00		0		squad-2	1	bot-17
62470	bot-1	alpha	D00r--000	tick	-19.31	14.01	96	0.00	0.00	6.86	0		squad-1	-1	bot-21
62492	bot-27	bravo	A36r-3410	score	-8.75	-8.26	13	0.00	0.00		0		squad-8	0	bot-27
62624	bot-27	bravo	A35r-3410	score	-8.75	-8.26	12	0.00	0.00		0		squad-8	0	bot-27
62657	bot-21	alpha	E44rb3129	score	-3.92	15.12	192	2.98	0.63	5.28	1	flee	squad-1	0	bot-21
62690	bot-21	alpha	E44rb3120	latches	-3.88	15.11	192	5.27	0.04	5.61	3	flee	squad-1	0	bot-21
62707	bot-3	alpha	C32r-2312	tick	-14.13	21.49	103	0.00	0.00		0		squad-1	2	bot-21
62707	bot-21	alpha	E44rb3129	latches	-3.81	15.06	192	5.28	0.09	5.60	3	flee	squad-1	0	bot-21
62740	bot-27	bravo	A34r-3410	score	-8.75	-8.26	12	0.00	0.00		0		squad-8	0	bot-27
62790	bot-17	bravo	P00r-4420	state+latches	12.47	18.19	127	4.59	1.58	9.15	5	cover	squad-2	0	bot-17
62824	bot-5	alpha	S38r-4420	score	-7.28	1.18	190	0.22	0.02	8.12	3	seek	squad-1	3	bot-21
62824	bot-16	alpha	S48mm43B0	score	-9.45	1.15	174	2.39	0.97	9.65	3	seek	squad-1	4	bot-21
62824	bot-28	alpha	S36r-4320	score	-17.94	-4.00	173	1.33	1.55	4.68	1	seek	squad-10	0	bot-28
62840	bot-21	alpha	E46rb3129	score	-3.20	14.64	193	5.82	0.74	5.63	3	flee	squad-1	0	bot-21
62874	bot-16	alpha	S38m-43B0	tier+element	-9.33	1.14	175	2.37	0.12	9.63	3	seek	squad-1	4	bot-21
62893	bot-14	alpha	A32r-R320	tick	-8.38	19.82	181	0.00	0.01		0		squad-1	1	bot-21
62893	bot-21	alpha	E44rb3129	score	-2.92	14.54	194	5.82	0.30	5.58	2	flee	squad-1	0	bot-21
62907	bot-27	bravo	F35r-3310	state+score+health	-8.75	-8.26	14	0.00	0.00		0		squad-8	0	bot-27
62924	bot-3	alpha	C33r-2312	score	-14.13	21.49	103	0.00	0.00		0		squad-1	2	bot-21
62924	bot-5	alpha	S39r-4420	score	-7.29	1.17	216	0.22	0.01	8.11	3	seek	squad-1	3	bot-21
62924	bot-14	alpha	A33r-R320	score	-8.38	19.82	181	0.00	0.00		0		squad-1	1	bot-21
62924	bot-16	alpha	S39m-43B0	score	-9.22	1.14	175	2.36	0.12	9.62	3	seek	squad-1	4	bot-21
62924	bot-21	alpha	E45rb3029	score+health	-2.75	14.48	195	5.82	0.18	5.56	2	flee	squad-1	0	bot-21
62924	bot-25	alpha	H45mm42B0	score	-1.94	15.15	107	0.00	0.00		0		squad-1	5	bot-21
62924	bot-27	bravo	A35r-3310	state	-8.75	-8.26	15	0.00	0.00		0		squad-8	0	bot-27
63024	bot-21	alpha	E45rb2029	ammo	-2.21	14.35	196	5.07	0.55	5.49	2	flee	squad-1	0	bot-21
63024	bot-27	bravo	F35r-3310	state	-8.75	-8.26	16	0.00	0.00		0		squad-8	0	bot-27
63040	bot-27	bravo	A35r-3310	state	-8.75	-8.26	16	0.00	0.00		0		squad-8	0	bot-27
63148	bot-27	bravo	F35r-3310	state	-8.75	-8.26	16	0.00	0.00		0		squad-8	0	bot-27
63148	bot-27	bravo	P35r-3310	state	-8.75	-8.26	16	0.00	0.00		0		squad-8	0	bot-27
63148	bot-21	alpha	D00r--000	state+tier+score+element+ammo+packs+latches	-2.07	14.86	196	0.00	0.53	4.96	1	flee	squad-1	0	bot-21
63169	bot-3	alpha	C35r-2312	score	-14.13	21.49	103	0.00	0.00		0		squad-1	1	
63169	bot-14	alpha	A45rbR320	tier+score+element	-8.38	19.82	181	0.00	0.00		0		squad-1	0	
63169	bot-25	alpha	H37m-42C0	tier+score+element+packs	-1.89	15.31	97	0.95	0.16		0		squad-1	4	
63169	bot-27	bravo	A35r-3310	state	-8.75	-8.26	16	0.00	0.00		0		squad-8	0	bot-27
63286	bot-25	alpha	H37m-42B0	packs	-1.91	15.35	121	0.05	0.05		0		squad-1	4	
63437	bot-18	bravo	P00r-3310	tick	15.38	18.03	168	2.41	1.99	1.98	1	packseek	squad-2	1	bot-17
63437	bot-25	alpha	H37m-43B0	health	-1.91	15.35	152	0.00	0.00		0		squad-1	4	
63470	bot-1	alpha	D00r--000	tick	-19.31	14.01	96	0.00	0.00	6.86	0		squad-1	-1	
63537	bot-17	bravo	C36r-4420	state+tier+score	10.76	18.15	273	2.26	1.71		8	patrolReentry	squad-2	0	bot-17
63537	bot-18	bravo	P36r-3310	tier+score	15.40	17.79	171	2.39	0.24	1.74	1	packseek	squad-2	1	bot-17
63553	bot-17	bravo	C00r-4422	tier+score+latches	10.91	18.14	282	4.62	0.15	9.34	5	cover	squad-2	0	bot-17
63553	bot-18	bravo	P00r-3310	tier+score	15.41	17.75	172	2.38	0.04	1.70	1	packseek	squad-2	1	bot-17
63774	bot-14	alpha	F45rb4320	state+ammo	-8.38	19.82	181	0.00	0.00		0		squad-1	0	
63791	bot-14	alpha	A45rb4320	state	-8.38	19.82	181	0.00	0.00		0		squad-1	0	
63823	bot-17	bravo	A00r-4420	state+latches	12.07	18.11	347	4.59	1.16	9.12	5	cover	squad-2	0	bot-17
63840	bot-17	bravo	A00r-442G	latches	12.07	18.12	344	0.15	0.01		0		squad-2	0	bot-17
63840	bot-28	alpha	S36r-4320	tick	-18.67	-5.11	212	1.66	1.33	3.35	1	seek	squad-10	0	bot-28
63896	bot-14	alpha	F45rb4320	state	-8.38	19.82	181	0.00	0.00		0		squad-1	0	
63915	bot-14	alpha	A45rb4320	state	-8.38	19.82	181	0.00	0.00		0		squad-1	0	
63937	bot-5	alpha	S39r-4420	tick	-7.04	1.19	236	0.46	0.25	8.32	3	seek	squad-1	2	
63937	bot-16	alpha	S39m-43B0	tick	-7.65	1.19	138	0.10	1.57	9.67	3	seek	squad-1	3	
64005	bot-18	bravo	P00r-3320	packs	15.49	16.78	192	1.08	0.97	5.03	2	squad	squad-2	1	bot-17
64005	bot-27	bravo	F35r-3310	state	-8.75	-8.26	1	0.00	0.00		0		squad-8	0	bot-27
64022	bot-3	alpha	C36r-2312	score	-14.13	21.49	103	0.00	0.00		0		squad-1	1	
64022	bot-14	alpha	E46rb4220	state+score+health	-8.38	19.82	181	0.00	0.00		0		squad-1	0	
64022	bot-25	alpha	H38m-43B0	score	-1.91	15.35	206	0.00	0.00		0		squad-1	4	
64022	bot-27	bravo	A35r-3310	state	-8.75	-8.26	1	0.00	0.00		0		squad-8	0	bot-27
64039	bot-14	alpha	E46rb4229	latches	-8.38	19.76	181	1.64	0.05	5.59	6	flee	squad-1	0	
64089	bot-17	bravo	S00r-4420	state+latches	12.07	18.12	344	0.00	0.00		0		squad-2	0	bot-17
64105	bot-25	alpha	M38m-43B0	state	-1.91	15.35	211	0.00	0.00		0		squad-1	4	
64122	bot-27	bravo	F35r-3310	state	-8.75	-8.26	1	0.00	0.00		0		squad-8	0	bot-27
64139	bot-3	alpha	C37r-2312	score	-14.13	21.49	103	0.00	0.00		0		squad-1	1	
64139	bot-14	alpha	E47rb4129	score+health	-8.39	19.60	181	1.63	0.17	5.49	6	flee	squad-1	0	
64139	bot-25	alpha	M39m-43B0	score	-1.91	15.36	215	0.25	0.00		0		squad-1	4	
64139	bot-27	bravo	A35r-3310	state	-8.75	-8.26	1	0.00	0.00		0		squad-8	0	bot-27
64207	bot-28	alpha	S35r-4320	score	-18.93	-5.50	212	1.11	0.47	2.88	1	seek	squad-10	0	bot-28
64241	bot-27	bravo	F35r-3310	state	-8.75	-8.26	1	0.00	0.00		0		squad-8	0	bot-27
64241	bot-27	bravo	F35r-2310	ammo	-8.75	-8.26	1	0.00	0.00		0		squad-8	0	bot-27
64257	bot-3	alpha	C38r-2312	score	-14.13	21.49	103	0.00	0.00		0		squad-1	1	
64257	bot-14	alpha	E48rb4029	score+health	-8.40	19.35	181	5.11	0.25	5.34	6	flee	squad-1	0	
64257	bot-27	bravo	A35r-2310	state	-8.75	-8.26	1	0.00	0.00		0		squad-8	0	bot-27
64324	bot-17	bravo	A00r-4420	state	12.02	18.12	295	0.00	0.06		0		squad-2	0	bot-17
64324	bot-28	alpha	S34r-4320	score	-18.99	-5.60	212	0.95	0.11	2.77	1	seek	squad-10	0	bot-28
64357	bot-27	bravo	F35r-2310	state	-8.75	-8.26	1	0.00	0.00		0		squad-8	0	bot-27
64357	bot-27	bravo	P35r-2310	state	-8.75	-8.26	1	0.00	0.00		0		squad-8	0	bot-27
64357	bot-14	alpha	D00r--000	state+tier+score+element+ammo+packs+latches	-8.43	18.81	181	0.00	0.53	5.05	6	flee	squad-1	0	
64384	bot-3	alpha	C39r-2312	score	-14.13	21.49	103	0.00	0.00		0		squad-1	1	
64384	bot-17	bravo	P00r-4420	state	12.02	18.12	285	0.00	0.00		0		squad-2	0	bot-17
64384	bot-27	bravo	C35r-2310	state	-8.75	-8.26	1	0.00	0.00		0		squad-8	0	bot-27
64409	bot-27	bravo	S35r-2310	state	-8.73	-8.23	6	1.20	0.03	8.65	2	cover	squad-8	0	bot-27
64440	bot-5	alpha	S38r-4420	score	-6.74	0.84	161	0.96	0.45	8.39	3	seek	squad-1	2	
64440	bot-28	alpha	S33r-4320	score	-19.05	-5.69	212	0.93	0.10	2.66	1	seek	squad-10	0	bot-28
64474	bot-1	alpha	D00r--000	tick	-19.31	14.01	96	0.00	0.00	6.86	0		squad-1	-1	
64490	bot-5	alpha	S37r-4420	score	-6.73	0.80	161	0.88	0.04	8.38	3	seek	squad-1	2	
64557	bot-18	bravo	S00r-3320	state	15.24	17.40	302	1.32	0.67	3.61	3	squad	squad-2	1	bot-17
64575	bot-5	alpha	S36r-4420	score	-6.71	0.73	165	0.94	0.08	8.36	3	seek	squad-1	2	
64575	bot-16	alpha	S38m-43B0	score	-7.42	1.13	160	0.20	0.24	9.63	2	seek	squad-1	0	
64575	bot-17	bravo	S00r-4420	state	12.02	18.13	275	0.26	0.00		0		squad-2	0	bot-17
64575	bot-28	alpha	S32r-4320	score	-19.11	-5.79	212	0.92	0.12	2.54	1	seek	squad-10	0	bot-28
64646	bot-3	alpha	C38r-2312	score	-14.13	21.49	103	0.00	0.00		0		squad-1	1	
64646	bot-5	alpha	S35r-4420	score	-6.69	0.66	167	0.95	0.07	8.34	3	seek	squad-1	2	
64646	bot-16	alpha	S37m-43B0	score	-7.43	1.13	178	0.26	0.02	9.63	2	seek	squad-1	0	
64670	bot-27	bravo	A35r-2310	state	-8.59	-7.89	23	2.33	0.37	23.14	3	seek	squad-8	0	bot-27
65059	bot-25	alpha	M39m-43C0	packs	-2.30	14.44	220	2.68	0.99	5.69	1	grenade	squad-1	0	bot-25
65192	bot-25	alpha	M39m-43D0	packs	-2.46	14.17	228	2.66	0.31	5.39	1	grenade	squad-1	0	bot-25
65293	bot-28	alpha	C32r-4320	state	-19.44	-6.37	212	1.03	0.67	1.87	1	seek	squad-10	0	bot-28
65324	bot-28	alpha	C32r-4322	latches	-19.45	-6.42	203	1.10	0.05	9.85	2	cover	squad-10	0	bot-28
65335	bot-27	bravo	A33r-2310	score	-8.59	-7.89	15	0.00	0.00		0		squad-8	0	bot-27
65385	bot-25	alpha	M39m-43E0	packs	-2.88	13.76	228	3.95	0.59	4.80	1	grenade	squad-1	0	bot-25
65487	bot-1	alpha	D00r--000	tick	-19.31	14.01	96	0.00	0.00	6.86	0		squad-1	-1	bot-25
65528	bot-27	bravo	F33r-2310	state	-8.59	-7.89	15	0.00	0.00		0		squad-8	0	bot-27
65548	bot-3	alpha	C39r-2312	score	-14.13	21.49	103	0.00	0.00		0		squad-1	1	bot-25
65548	bot-5	alpha	S36r-4420	score	-6.63	0.12	239	0.26	0.55	8.14	3	seek	squad-1	2	bot-25
65548	bot-16	alpha	S38m-43B0	score	-7.28	1.20	181	1.39	0.16	9.72	3	seek	squad-1	3	bot-25
65548	bot-25	alpha	E39m-42E0	state+health	-3.00	13.19	196	4.25	0.57		0		squad-1	0	bot-25
65548	bot-27	bravo	A33r-2310	state	-8.59	-7.89	15	0.00	0.00		0		squad-8	0	bot-27
65570	bot-18	bravo	S00r-3320	tick	14.24	17.85	271	2.26	1.09	22.19	5	seek	squad-2	1	bot-17
65592	bot-17	bravo	S00r-4420	tick	11.17	18.48	259	4.70	0.92	14.91	6	seek	squad-2	0	bot-17
65644	bot-27	bravo	F33r-2310	state	-8.59	-7.89	15	0.00	0.00		0		squad-8	0	bot-27
65661	bot-5	alpha	S37r-4420	score	-6.62	0.10	210	0.05	0.02	8.15	3	seek	squad-1	2	bot-25
65661	bot-16	alpha	S39m-43B0	score	-7.28	1.16	182	0.21	0.04	9.68	2	seek	squad-1	3	bot-25
65661	bot-25	alpha	E39m-41E0	health	-3.04	12.64	179	4.15	0.55	3.60	1	grenade	squad-1	0	bot-25
65661	bot-27	bravo	A33r-2310	state	-8.59	-7.89	15	0.00	0.00		0		squad-8	0	bot-27
65677	bot-28	alpha	S32r-4320	state+latches	-19.67	-7.21	197	4.30	0.82	9.03	2	cover	squad-10	0	bot-28
65677	bot-31	bravo	P00r-0410	initial	-9.45	-4.45	0	0.00			0			-1	
65677	bot-32	alpha	P00r-0410	initial	-20.45	-5.95	0	0.00			0			-1	
65694	bot-31	bravo	C33r-4410	state+tier+score+ammo	-9.45	-4.45	0	0.00	0.00		0		squad-8	1	bot-27
65694	bot-32	alpha	C32r-4410	state+tier+score+ammo	-20.45	-5.95	0	0.00	0.00		0		squad-10	1	bot-28
65712	bot-5	alpha	A37r-4420	state	-6.61	0.10	201	0.23	0.00	8.15	3	seek	squad-1	2	bot-25
65712	bot-31	bravo	C33r-4412	latches	-9.56	-4.55	0	4.53	0.15	7.98	1	cover	squad-8	1	bot-27
65712	bot-32	alpha	C32r-4412	latches	-20.44	-6.09	9	4.15	0.14	2.90	1	cover	squad-10	1	bot-28
65735	bot-32	alpha	S32r-4410	state+latches	-20.44	-6.09	9	4.15	0.00	2.90	1	cover	squad-10	1	bot-28
65761	bot-27	bravo	F33r-2310	state	-8.59	-7.89	15	0.00	0.00		0		squad-8	0	bot-27
65778	bot-5	alpha	A38r-442G	score+latches	-6.60	0.14	213	0.67	0.04		0		squad-1	2	bot-25
65778	bot-25	alpha	E39m-40E0	health	-3.05	12.19	178	3.71	0.46	3.14	1	grenade	squad-1	0	bot-25
65778	bot-27	bravo	A33r-2310	state	-8.59	-7.89	15	0.00	0.00		0		squad-8	0	bot-27
65778	bot-31	bravo	A33r-4410	state+latches	-9.73	-4.71	13	4.51	0.22	7.76	1	cover	squad-8	1	bot-27
65845	bot-5	alpha	C38r-442G	state	-6.60	0.15	213	0.17	0.01		0		squad-1	2	bot-25
65861	bot-5	alpha	C38r-442I	latches	-6.63	0.32	204	5.26	0.18	1.51	2	cover	squad-1	2	bot-25
65878	bot-27	bravo	F33r-2310	state	-8.59	-7.89	16	0.00	0.00		0		squad-8	0	bot-27
65878	bot-27	bravo	P33r-2310	state	-8.59	-7.89	16	0.00	0.00		0		squad-8	0	bot-27
65878	bot-25	alpha	D00m--0A0	state+tier+score+ammo+packs	-3.12	11.83	177	0.00	0.37	2.78	1	grenade	squad-1	0	bot-25
65878	bot-31	bravo	S33r-4410	state	-9.73	-4.71	22	0.00	0.00		0		squad-8	1	bot-27
65896	bot-5	alpha	C39r-442I	score	-6.66	0.50	195	5.26	0.18	1.40	2	cover	squad-1	2	
65896	bot-27	bravo	C33r-2310	state	-8.59	-7.89	16	0.00	0.00		0		squad-8	0	bot-27
65896	bot-27	bravo	C33r-R310	ammo	-8.58	-7.87	14	1.45	0.03	8.26	2	cover	squad-8	0	bot-27
65920	bot-27	bravo	S32r-R310	state+score	-8.58	-7.87	14	1.45	0.00	8.26	2	cover	squad-8	0	bot-27
65920	bot-31	bravo	S32r-4410	score	-9.69	-4.64	20	1.32	0.08	15.13	2	seek	squad-8	1	bot-27
66012	bot-5	alpha	C39r-4422	latches	-6.93	0.81	201	5.01	0.41	1.05	1	cover	squad-1	2	
66096	bot-28	alpha	C32r-4320	state	-19.92	-7.65	214	1.22	0.50	0.96	1	seek	squad-10	0	bot-28
66112	bot-28	alpha	C32r-4322	latches	-19.93	-7.70	207	1.42	0.05	8.49	2	cover	squad-10	0	bot-28
66285	bot-17	bravo	C32r-4420	state+tier+score	9.92	17.95	271	1.59	1.37	13.58	5	seek	squad-2	0	bot-17
66285	bot-18	bravo	S32r-3320	tier+score	12.62	17.90	272	2.35	1.62	20.57	5	seek	squad-2	1	bot-17
66306	bot-17	bravo	C32r-4422	latches	9.80	17.90	272	3.16	0.13	4.25	1	cover	squad-2	0	bot-17
66346	bot-3	alpha	S39r-2310	state+latches	-14.13	21.49	103	0.00	0.00		0		squad-1	1	
66470	bot-28	alpha	S32r-4320	state+latches	-20.15	-8.52	196	3.70	0.85	7.65	2	cover	squad-10	0	bot-28
66500	bot-1	alpha	D00r--000	tick	-19.31	14.01	96	0.00	0.00	6.86	0		squad-1	-1	
66564	bot-31	bravo	S34r-4410	score	-8.97	-3.48	19	2.41	1.36	13.79	2	seek	squad-8	1	bot-27
66664	bot-16	alpha	S39m-43B0	tick	-7.53	1.20	185	1.25	0.26	9.69	3	seek	squad-1	0	
66748	bot-32	alpha	S32r-4410	tick	-18.78	-4.58	45	1.38	2.24	25.78	5	seek	squad-10	1	bot-28
66882	bot-31	bravo	C34r-4410	state	-8.59	-2.86	18	2.41	0.72	13.09	2	seek	squad-8	1	bot-27
66898	bot-28	alpha	C32r-4320	state	-20.60	-8.48	269	1.37	0.45	0.84	1	seek	squad-10	0	bot-28
66898	bot-31	bravo	C34r-4412	latches	-8.69	-2.98	10	4.50	0.15	7.96	1	cover	squad-8	1	bot-27
66915	bot-28	alpha	C32r-4322	latches	-20.60	-8.53	263	1.13	0.05	7.54	2	cover	squad-10	0	bot-28
66932	bot-27	bravo	S32r-R310	tick	-7.75	-5.78	16	2.36	2.25	23.20	5	seek	squad-8	0	bot-27
67015	bot-5	alpha	C39r-4422	tick	-7.12	1.16	218	0.79	0.41		0		squad-1	2	
67032	bot-31	bravo	S34r-4410	state+latches	-9.04	-3.37	340	4.49	0.53	7.43	1	cover	squad-8	1	bot-27
67250	bot-17	bravo	G32r-4422	state	6.00	18.03	273	4.62	3.80	0.45	1	cover	squad-2	0	bot-17
67266	bot-28	alpha	S32r-4320	state+latches	-20.75	-9.25	192	2.44	0.74	6.80	2	cover	squad-10	0	bot-28
67300	bot-18	bravo	S32r-3320	tick	10.29	17.95	270	1.41	2.33	18.24	5	seek	squad-2	1	bot-17
67350	bot-3	alpha	S39r-2310	tick	-14.13	21.49	103	0.00	0.00		0		squad-1	1	
67350	bot-17	bravo	C32r-4420	state+latches	5.77	18.04	250	0.00	0.22		0		squad-2	0	bot-17
67367	bot-17	bravo	S32r-4420	state	5.83	18.04	246	3.46	0.06	3.72	1	grenade	squad-2	0	bot-17
67501	bot-1	alpha	D00r--000	tick	-19.31	14.01	96	0.00	0.00	6.86	0		squad-1	-1	
67601	bot-27	bravo	S34r-R310	score	-7.16	-4.29	22	2.42	1.60	21.61	5	seek	squad-8	0	bot-27
67634	bot-31	bravo	E34r-4410	state	-8.30	-2.12	33	2.41	1.45	12.77	3	seek	squad-8	1	bot-27
67651	bot-31	bravo	E34r-4411	latches	-8.41	-2.22	24	4.55	0.15	3.38	1	flee	squad-8	1	bot-27
67668	bot-5	alpha	C39r-442I	latches	-7.18	1.10	213	3.21	0.08	0.77	1	cover	squad-1	2	
67668	bot-16	alpha	S39m-43B0	tick	-7.71	1.17	155	1.20	0.18	9.65	3	seek	squad-1	0	
67668	bot-31	bravo	E34r-441H	latches	-8.47	-2.27	24	4.55	0.08	3.30	1	flee	squad-8	1	bot-27
67701	bot-28	alpha	C32r-4320	state	-20.84	-8.65	282	1.31	0.61	0.71	1	seek	squad-10	0	bot-28
67718	bot-28	alpha	S32r-4320	state	-20.85	-8.67	278	1.40	0.02	7.36	2	cover	squad-10	0	bot-28
67752	bot-32	alpha	S32r-4410	tick	-17.30	-3.17	45	1.78	2.05	23.73	5	seek	squad-10	1	bot-28
67802	bot-27	bravo	S34r-4310	ammo	-6.98	-3.83	22	2.46	0.49	21.12	5	seek	squad-8	0	bot-27
67852	bot-27	bravo	S00r-4310	tier+score	-6.94	-3.72	22	2.42	0.12	21.00	5	seek	squad-8	0	bot-27
67852	bot-31	bravo	E00r-441H	tier+score	-9.10	-2.82	24	4.50	0.83	2.47	1	flee	squad-8	1	bot-27
67902	bot-5	alpha	C39r-4422	latches	-7.12	1.22	218	0.34	0.13		0		squad-1	1	bot-3
67902	bot-31	bravo	E00r-4411	latches	-9.27	-2.97	24	4.53	0.23	2.24	1	flee	squad-8	1	bot-27
68052	bot-16	alpha	S49mm43B0	tier+element	-7.72	1.17	135	1.54	0.01	9.65	3	seek	squad-1	2	bot-3
68153	bot-17	bravo	C32r-4420	state	5.86	18.03	209	3.47	0.03	4.19	1	grenade	squad-2	0	bot-17
68169	bot-17	bravo	S32r-4420	state	5.86	18.02	209	0.09	0.00		0		squad-2	0	bot-17
68186	bot-3	alpha	E39r-2010	state+health	-14.13	21.49	103	0.00	0.00		0		squad-1	0	bot-3
68203	bot-3	alpha	E39r-2019	latches	-14.28	21.60	103	5.48	0.18	4.41	1	flee	squad-1	0	bot-3
68253	bot-5	alpha	C49rm4422	tier+element	-7.86	2.02	282	4.61	1.09	6.75	2	cover	squad-1	1	bot-3
68303	bot-18	bravo	S32r-3320	tick	8.44	17.93	274	2.19	1.85	16.39	5	seek	squad-2	1	bot-17
68337	bot-27	bravo	A00r-4310	state	-6.52	-2.67	15	2.44	1.13	19.88	5	seek	squad-8	0	bot-27
68353	bot-31	bravo	S00r-4410	state+latches	-10.70	-4.23	24	0.00	1.90		0		squad-8	1	bot-27
68387	bot-16	alpha	C49mb43B0	state+element	-7.53	1.20	119	1.04	0.19	9.69	3	seek	squad-1	2	bot-3
68403	bot-16	alpha	C49mb43BI	latches	-7.68	1.14	127	4.59	0.15	2.27	1	cover	squad-1	2	bot-3
68403	bot-27	bravo	A00r-431G	latches	-6.52	-2.67	358	0.00	0.00		0		squad-8	0	bot-27
68504	bot-1	alpha	D00r--000	tick	-19.31	14.01	96	0.00	0.00	6.86	0		squad-1	-1	bot-3
68504	bot-28	alpha	C32r-4320	state	-20.78	-7.74	18	1.36	0.93	0.88	1	seek	squad-10	0	bot-28
68521	bot-28	alpha	S32r-4320	state	-20.78	-7.76	21	1.22	0.02	8.27	2	cover	squad-10	0	bot-28
68638	bot-16	alpha	C49mb43B2	latches	-8.75	1.03	188	4.22	1.08	1.20	1	cover	squad-1	2	bot-3
68638	bot-18	bravo	C32r-3320	state	7.71	17.99	270	2.42	0.74	15.66	5	seek	squad-2	1	bot-17
68638	bot-27	bravo	S00r-4310	state+latches	-6.52	-2.67	358	0.10	0.00		0		squad-8	0	bot-27
68654	bot-3	alpha	E38r-2019	score	-16.09	22.83	103	5.46	2.19	2.22	1	flee	squad-1	0	bot-3
68654	bot-18	bravo	C32r-3322	latches	7.57	18.04	279	4.47	0.15	7.40	2	cover	squad-2	1	bot-17
68738	bot-27	bravo	A00r-4310	state	-6.53	-2.43	356	2.42	0.24	6.49	1	seek	squad-8	0	bot-27
68755	bot-32	alpha	S32r-4410	tick	-16.27	-2.02	45	1.27	1.54	22.20	5	seek	squad-10	1	bot-28
68772	bot-3	alpha	E37r-2019	score	-16.64	23.21	116	4.99	0.66	1.56	1	flee	squad-1	0	bot-3
68772	bot-5	alpha	C48rm4422	score	-10.22	2.20	269	4.57	2.36	4.55	2	cover	squad-1	1	bot-3
68772	bot-16	alpha	C48mb43B2	score	-9.35	1.02	222	4.21	0.60	0.60	1	cover	squad-1	2	bot-3
68822	bot-16	alpha	G48mb43B2	state	-9.51	1.03	231	4.59	0.15	0.45	1	cover	squad-1	2	bot-3
68855	bot-3	alpha	E35r-2019	score	-16.99	23.44	137	5.04	0.42	1.14	1	flee	squad-1	0	bot-3
68939	bot-27	bravo	A00r-431G	latches	-6.53	-2.43	338	0.00	0.00		0		squad-8	0	bot-27
68956	bot-3	alpha	E35r-201P	latches	-17.41	23.72	158	5.05	0.51	0.63	1	flee	squad-1	0	bot-3
68956	bot-17	bravo	C32r-4420	state	2.80	18.05	270	2.16	3.06	8.72	4	seek	squad-2	0	bot-17
68972	bot-17	bravo	S32r-4420	state	2.88	18.05	265	4.67	0.08	2.67	1	cover	squad-2	0	bot-17
69039	bot-3	alpha	E33r-201P	score	-17.67	23.93	158	0.51	0.34		0		squad-1	0	bot-3
69056	bot-3	alpha	E33r-201G	latches	-17.67	23.94	158	0.60	0.01		0		squad-1	0	bot-3
69173	bot-27	bravo	S00r-4310	state+latches	-6.53	-2.43	338	0.00	0.00		0		squad-8	0	bot-27
69190	bot-3	alpha	E33r-2010	latches	-17.65	23.97	158	0.01	0.04		0		squad-1	0	bot-3
69307	bot-28	alpha	C32r-4320	state	-20.51	-8.56	171	1.20	0.84	0.40	1	seek	squad-10	0	bot-28
69324	bot-28	alpha	S32r-4320	state	-20.52	-8.58	174	1.21	0.02	7.51	2	cover	squad-10	0	bot-28
69357	bot-31	bravo	S00r-4410	tick	-9.16	-2.33	39	2.40	2.44	1.13	1	seek	squad-8	1	bot-27
69458	bot-5	alpha	C46rm4422	score	-13.12	1.39	248	3.69	3.02	1.57	2	cover	squad-1	1	bot-3
69507	bot-1	alpha	D00r--000	tick	-19.31	14.01	96	0.00	0.00	6.86	0		squad-1	-1	bot-3
69558	bot-3	alpha	H33r-2010	state	-17.65	23.97	158	0.00	0.00		0		squad-1	0	bot-3
69608	bot-27	bravo	A00r-4310	state	-6.62	-1.61	353	2.57	0.83	26.68	7	seek	squad-8	0	bot-27
69658	bot-5	alpha	C44rm4422	score	-13.79	1.05	235	3.91	0.75	0.83	1	cover	squad-1	1	bot-3
69658	bot-18	bravo	C32r-3322	tick	3.56	20.00	302	4.67	4.46	2.95	1	cover	squad-2	1	bot-17
69658	bot-27	bravo	A00r-431G	latches	-6.61	-1.60	343	0.00	0.01		0		squad-8	0	bot-27
69759	bot-17	bravo	C32r-4420	state	1.19	17.86	253	2.27	1.70	6.40	3	seek	squad-2	0	bot-17
69759	bot-32	alpha	S32r-4410	tick	-15.88	-1.48	81	0.29	0.67	21.54	5	seek	squad-10	1	bot-28
69775	bot-5	alpha	G44rm4422	state	-14.08	0.81	234	3.68	0.38	0.45	1	cover	squad-1	1	bot-3
69775	bot-17	bravo	S32r-4420	state	1.26	17.87	249	4.37	0.07	4.29	1	cover	squad-2	0	bot-17
69825	bot-16	alpha	G48mb43B2	tick	-9.95	1.05	191	0.01	0.45		0		squad-1	2	bot-3
69859	bot-17	bravo	S00r-4420	tier+score	1.10	17.71	237	2.23	0.23	6.65	2	seek	squad-2	0	bot-17
69859	bot-18	bravo	S00r-3320	state+tier+score+latches	2.98	20.37	301	3.73	0.69	2.26	1	cover	squad-2	1	bot-17
69895	bot-27	bravo	S00r-4310	state+latches	-6.61	-1.60	343	0.00	0.00		0		squad-8	0	bot-27
69911	bot-5	alpha	G00r-4422	tier+score+element	-14.45	0.55	203	0.00	0.45		0		squad-1	1	bot-3
69911	bot-16	alpha	G00m-43B2	tier+score+element	-9.95	1.05	186	0.00	0.00		0		squad-1	2	bot-3
69911	bot-28	alpha	S00r-4320	tier+score	-20.59	-8.85	190	1.19	0.28	0.38	1	seek	squad-10	0	bot-28
69911	bot-32	alpha	S00r-4410	tier+score	-15.83	-1.44	46	0.46	0.06	21.48	5	seek	squad-10	1	bot-28
69992	bot-3	alpha	H33r-2110	health	-17.65	23.97	106	0.00	0.00		0		squad-1	0	bot-3
70210	bot-27	bravo	A00r-4310	state	-6.67	-1.06	308	2.64	0.55	6.69	2	seek	squad-8	0	bot-27
70360	bot-31	bravo	S00r-4410	tick	-8.80	-1.42	350	1.34	0.98	0.50	1	seek	squad-2	3	bot-17
70477	bot-31	bravo	E00r-4410	state	-8.84	-1.29	342	1.46	0.14	0.36	1	seek	squad-2	3	bot-17
70494	bot-31	bravo	E00r-4411	latches	-8.81	-1.32	335	1.29	0.04	3.54	1	flee	squad-2	3	bot-17
70511	bot-1	alpha	D00r--000	tick	-19.31	14.01	96	0.00	0.00	6.86	0		squad-1	-1	bot-3
70528	bot-31	bravo	E00r-441H	latches	-8.78	-1.35	334	1.27	0.04	3.49	1	flee	squad-2	3	bot-17
70561	bot-16	alpha	A00m-43B0	state+latches	-9.95	1.05	136	0.00	0.00		0		squad-1	2	bot-3
70678	bot-33	bravo	P00r-0410	initial	10.55	21.05	0	0.00			0			-1	
70678	bot-34	alpha	P00m-0420	initial	-16.45	-4.95	0	0.00			0			-1	
70695	bot-33	bravo	P00r-4410	ammo	10.55	21.05	0	0.00	0.00		0		squad-11	0	bot-33
70695	bot-34	alpha	S00m-4420	state+ammo	-16.45	-4.95	0	0.00	0.00		0		squad-10	2	bot-28
70728	bot-5	alpha	C00r-4422	state	-14.83	0.42	128	0.00	0.40		0		squad-1	1	bot-3
70745	bot-5	alpha	G00r-4422	state	-14.81	0.43	126	1.63	0.02	0.38	1	cover	squad-1	1	bot-3
70762	bot-31	bravo	E00r-4411	latches	-8.42	-1.76	334	4.50	0.55	2.95	1	flee	squad-2	3	bot-17
70862	bot-17	bravo	S00r-4420	tick	0.11	16.73	223	0.98	1.39	5.29	2	seek	squad-2	0	bot-17
70862	bot-18	bravo	S00r-3320	tick	1.60	18.76	265	2.22	2.12	9.08	3	seek	squad-2	1	bot-17
70912	bot-28	alpha	S00r-4320	tick	-20.41	-8.91	154	1.29	0.18	0.97	1	seek	squad-10	0	bot-28
70912	bot-32	alpha	S00r-4410	tick	-15.80	-1.38	46	0.06	0.06	21.42	4	seek	squad-10	1	bot-28
70996	bot-3	alpha	H33r-2110	tick	-17.65	23.97	133	0.00	0.00		0		squad-1	0	bot-3
71046	bot-27	bravo	F00r-4310	state	-6.65	-1.04	302	0.00	0.03		0		squad-2	2	bot-17
71046	bot-32	alpha	S21r-4410	tier+score	-15.81	-1.38	44	0.13	0.00	21.42	4	seek	squad-10	1	bot-28
71046	bot-34	alpha	S21m-4420	tier+score	-16.65	-5.79	75	2.37	0.86	10.59	4	seek	squad-10	2	bot-28
71063	bot-5	alpha	G33r-4422	tier+score	-14.45	0.55	158	0.02	0.38		0		squad-1	1	bot-3
71063	bot-16	alpha	E47mb42B0	state+tier+score+element+health	-9.95	1.06	122	0.00	0.01		0		squad-1	2	bot-3
71063	bot-27	bravo	A00r-4310	state	-6.65	-1.04	302	0.00	0.00		0		squad-2	2	bot-17
71063	bot-28	alpha	S21r-4320	tier+score	-20.23	-8.91	123	1.21	0.19	0.78	1	seek	squad-10	0	bot-28
71079	bot-16	alpha	E47mb42B9	latches	-10.11	1.09	122	5.03	0.17	5.25	2	flee	squad-1	2	bot-3
71096	bot-3	alpha	H33r-2210	health	-17.65	23.97	125	0.00	0.00		0		squad-1	0	bot-3
71163	bot-16	alpha	E45mb42B9	score	-10.52	1.16	120	4.87	0.41	4.91	2	flee	squad-1	2	bot-3
71163	bot-27	bravo	F00r-4310	state	-6.65	-1.04	300	0.00	0.00		0		squad-2	2	bot-17
71163	bot-28	alpha	C32r-4320	state+tier+score	-20.13	-8.91	106	1.19	0.10	0.68	1	seek	squad-10	0	bot-28
71163	bot-32	alpha	S32r-4410	tier+score	-15.81	-1.38	44	0.51	0.00	21.42	4	seek	squad-10	1	bot-28
71163	bot-34	alpha	S32m-4420	tier+score	-16.63	-6.06	73	2.36	0.28	10.65	4	seek	squad-10	2	bot-28
71180	bot-3	alpha	H32r-2210	score	-17.65	23.97	123	0.00	0.00		0		squad-1	0	bot-3
71180	bot-5	alpha	G44rm4422	tier+score+element	-14.45	0.55	168	0.00	0.00		0		squad-1	1	bot-3
71180	bot-16	alpha	E46mb40B9	score+health	-10.60	1.17	120	4.84	0.08	4.84	2	flee	squad-1	2	bot-3
71180	bot-27	bravo	A00r-4310	state	-6.65	-1.04	300	0.00	0.00		0		squad-2	2	bot-17
71180	bot-28	alpha	C32r-4322	latches	-20.14	-8.93	113	0.85	0.03	7.25	2	cover	squad-10	0	bot-28
71280	bot-27	bravo	F00r-4310	state	-6.65	-1.04	298	0.00	0.00		0		squad-2	2	bot-17
71280	bot-27	bravo	P00r-4310	state	-6.65	-1.04	298	0.00	0.00		0		squad-2	2	bot-17
71280	bot-16	alpha	D00m--0A0	state+tier+score+element+ammo+packs+latches	-11.06	1.27	118	0.00	0.47	4.48	2	flee	squad-1	2	bot-3
71280	bot-28	alpha	C44rb4322	tier+score+element	-20.16	-9.02	134	0.70	0.09	7.16	2	cover	squad-10	0	bot-28
71280	bot-31	bravo	S00r-4410	state+latches	-6.90	-3.44	334	4.58	2.26		0		squad-2	3	bot-17
71280	bot-32	alpha	S44rm4410	tier+score+element	-15.81	-1.37	44	0.04	0.01	21.41	4	seek	squad-10	1	bot-28
71280	bot-34	alpha	S44mm4420	tier+score+element	-16.60	-6.34	72	2.42	0.28	10.71	4	seek	squad-10	2	bot-28
71297	bot-5	alpha	G46rm4422	score	-14.45	0.55	160	0.00	0.00		0		squad-1	1	bot-3
71297	bot-27	bravo	S00r-4310	state	-6.65	-1.04	298	0.00	0.00		0		squad-2	2	bot-17
71347	bot-27	bravo	P00r-4310	state	-6.67	-0.97	308	1.42	0.07	4.40	2	seek	squad-2	2	bot-17
71515	bot-1	alpha	D00r--000	tick	-19.31	14.01	96	0.00	0.00	6.86	0		squad-1	-1	bot-3
71531	bot-28	alpha	S44rb4324	state+latches	-20.30	-9.39	189	2.44	0.40	6.76	2	cover	squad-10	0	bot-28
71531	bot-34	alpha	S44mm44A0	packs	-16.54	-6.93	69	1.41	0.60	10.84	4	seek	squad-10	2	bot-28
71548	bot-28	alpha	S44rm4324	element	-20.30	-9.39	182	0.00	0.00		0		squad-10	0	bot-28
71699	bot-33	bravo	P00r-4410	tick	7.93	20.45	270	2.76	2.69	12.24	4	squad	squad-2	4	bot-17
71866	bot-17	bravo	S00r-4420	tick	-0.71	16.26	239	1.16	0.95	4.34	2	seek	squad-2	0	bot-17
71866	bot-18	bravo	S00r-3320	tick	0.21	17.10	272	2.03	2.16	7.72	3	seek	squad-2	1	bot-17
71966	bot-18	bravo	A00r-3320	state	0.11	16.98	251	1.91	0.16	7.64	3	seek	squad-2	1	bot-17
71966	bot-28	alpha	C44rm4320	state+latches	-20.31	-9.35	99	0.00	0.04		0		squad-10	0	bot-28
71966	bot-33	bravo	S00r-4410	state	7.30	20.16	221	2.62	0.69	11.59	4	squad	squad-2	4	bot-17
71983	bot-28	alpha	C44rb4322	element+latches	-20.32	-9.37	106	0.60	0.02	6.78	2	cover	squad-10	0	bot-28
71999	bot-5	alpha	C46rm4422	state	-14.79	0.44	90	0.00	0.36		0		squad-1	1	bot-3
71999	bot-18	bravo	A00r-332G	latches	0.11	16.98	244	0.00	0.00		0		squad-2	1	bot-17
72016	bot-5	alpha	G46rm4422	state	-14.77	0.45	90	1.64	0.03	0.33	1	cover	squad-1	1	bot-3
72167	bot-5	alpha	A46rm4420	state+latches	-14.43	0.54	68	2.19	0.35		0		squad-1	1	bot-3
72183	bot-3	alpha	H32r-2210	tick	-17.65	23.97	119	0.00	0.00		0		squad-1	0	bot-3
72200	bot-3	alpha	H32r-2200	packs	-17.65	23.97	121	0.00	0.00		0		squad-1	0	bot-3
72217	bot-3	alpha	P32r-2200	state	-17.65	23.97	121	0.00	0.00		0		squad-1	0	bot-3
72234	bot-18	bravo	S00r-3320	state+latches	0.10	17.00	244	0.00	0.02		0		squad-2	1	bot-17
72284	bot-31	bravo	S00r-4410	tick	-9.14	-2.56	292	2.38	2.41	3.02	1	seek	squad-2	3	bot-17
72284	bot-32	alpha	S44rm4410	tick	-15.80	-1.34	46	0.04	0.03	21.39	4	seek	squad-10	1	bot-28
72334	bot-5	alpha	F46rm4420	state	-14.38	0.51	85	0.04	0.06		0		squad-1	1	bot-3
72351	bot-5	alpha	A46rm4420	state	-14.38	0.51	85	0.03	0.00		0		squad-1	1	bot-3
72351	bot-27	bravo	P00r-4310	tick	-5.81	1.35	14	2.05	2.48	16.39	3	squad	squad-2	2	bot-17
72368	bot-3	alpha	P00r-2200	tier+score	-17.65	23.97	132	0.00	0.00		0		squad-1	0	bot-3
72451	bot-5	alpha	F46rm4420	state	-14.38	0.51	84	0.00	0.00		0		squad-1	1	bot-3
72469	bot-5	alpha	P46rm4420	state	-14.38	0.51	83	1.37	0.00		1	muzzleRecovery	squad-1	1	bot-3
72518	bot-1	alpha	D00r--000	tick	-19.31	14.01	96	0.00	0.00	6.86	0		squad-1	-1	bot-3
72535	bot-34	alpha	S44mm44A0	tick	-16.13	-7.52	128	0.62	0.72	10.71	3	seek	squad-10	2	bot-28
72552	bot-5	alpha	A46rm4420	state	-14.39	0.39	101	0.00	0.12		0	muzzleRecovery	squad-1	1	bot-3
72552	bot-28	alpha	C34r-4322	tier+element	-20.63	-10.15	195	1.63	0.84	5.95	2	cover	squad-10	0	bot-28
72635	bot-18	bravo	A00r-3320	state	-0.27	16.60	215	1.82	0.54	22.88	3	seek	squad-2	1	bot-17
72652	bot-5	alpha	F46rm4420	state	-14.36	0.38	80	0.02	0.03		0		squad-1	1	bot-3
72652	bot-18	bravo	A00r-332G	latches	-0.27	16.60	218	0.00	0.00		0		squad-2	1	bot-17
72652	bot-27	bravo	E00r-4210	state+health	-5.61	1.97	20	2.50	0.65		0		squad-2	2	bot-17
72652	bot-31	bravo	S21r-4410	tier+score	-9.65	-2.36	292	1.29	0.54	2.48	1	seek	squad-2	3	bot-17
72668	bot-5	alpha	A46rm4420	state	-14.36	0.38	80	0.01	0.00		0		squad-1	1	bot-3
72668	bot-27	bravo	E21r-4219	tier+score+latches	-5.59	1.86	20	4.03	0.11	2.40	1	flee	squad-2	2	bot-17
72769	bot-5	alpha	F46rm4420	state	-14.36	0.38	82	0.00	0.00		0		squad-1	1	bot-3
72769	bot-5	alpha	F46rm3420	ammo	-14.36	0.38	83	0.00	0.00		0		squad-1	1	bot-3
72769	bot-27	bravo	E32r-4119	tier+score+health	-5.48	1.44	20	4.52	0.43	1.96	1	flee	squad-2	2	bot-17
72769	bot-31	bravo	S32r-4410	tier+score	-9.79	-2.31	292	1.31	0.15	2.33	1	seek	squad-2	3	bot-17
72786	bot-5	alpha	A46rm3420	state	-14.36	0.38	83	0.00	0.00		0		squad-1	1	bot-3
72836	bot-5	alpha	A46rm342G	latches	-14.36	0.38	84	0.00	0.00		0		squad-1	1	bot-3
72869	bot-17	bravo	S00r-4420	tick	-1.59	15.67	198	0.82	1.06	3.29	2	seek	squad-2	0	bot-17
72886	bot-18	bravo	S00r-3320	state+latches	-0.28	16.61	218	0.00	0.01		0		squad-2	1	bot-17
72969	bot-33	bravo	S00r-4410	tick	4.84	19.13	230	3.63	2.67	27.22	5	seek	squad-2	4	bot-17
73070	bot-5	alpha	S46rm3420	state+latches	-14.36	0.38	84	0.00	0.00		0		squad-1	1	bot-3
73103	bot-28	alpha	S00r-4320	state+tier+score+latches	-21.04	-10.82	192	1.55	0.79	5.20	2	cover	squad-10	0	bot-28
73103	bot-28	alpha	P00r-4320	state	-21.04	-10.82	192	1.55	0.00	5.20	2	cover	squad-10	0	bot-28
73154	bot-27	bravo	E32r-4110	latches	-5.03	-0.14	20	0.00	1.64		0		squad-2	2	bot-17
73204	bot-32	alpha	A44rm4410	state	-15.80	-1.31	45	0.05	0.03	21.37	4	seek	squad-10	1	bot-28
73221	bot-5	alpha	A46rm3420	state	-14.16	0.43	92	1.42	0.21	10.21	3	seek	squad-1	1	bot-3
73221	bot-18	bravo	A00r-3320	state	-0.57	16.31	216	1.51	0.43	23.04	4	seek	squad-2	1	bot-17
73221	bot-32	alpha	A44rm441G	latches	-15.81	-1.32	41	0.32	0.01		0		squad-10	1	bot-28
73237	bot-5	alpha	A46rm342G	latches	-14.14	0.43	89	0.37	0.02		0		squad-1	1	bot-3
73237	bot-18	bravo	A00r-332G	latches	-0.57	16.31	219	0.00	0.00		0		squad-2	1	bot-17
73371	bot-3	alpha	P00r-2200	tick	-17.65	23.97	132	0.00	0.00		0		squad-1	0	bot-3
73455	bot-32	alpha	S44rm4410	state+latches	-15.82	-1.35	41	0.01	0.04		0		squad-10	1	bot-28
73471	bot-5	alpha	S46rm3420	state+latches	-14.13	0.42	89	0.00	0.01		0		squad-1	1	bot-3
73471	bot-18	bravo	S00r-3320	state+latches	-0.59	16.34	219	0.00	0.04		0		squad-2	1	bot-17
73522	bot-1	alpha	D00r--000	tick	-19.31	14.01	96	0.00	0.00	6.86	0		squad-1	-1	bot-3
73539	bot-34	alpha	S44mm44A0	tick	-15.85	-7.80	63	0.07	0.40	10.58	3	seek	squad-10	2	bot-28
73589	bot-27	bravo	E00r-4110	tier+score	-5.03	-0.14	20	0.19	0.01		0		squad-2	2	bot-17
73655	bot-27	bravo	H00r-4110	state	-5.03	-0.14	20	0.00	0.00		0		squad-2	2	bot-17
73757	bot-5	alpha	A46rb3420	state+element	-13.79	0.77	45	4.18	0.49	5.38	1	grenade	squad-1	1	bot-3
73757	bot-18	bravo	A00r-3320	state	-0.83	16.10	215	1.98	0.34	22.02	4	seek	squad-2	1	bot-17
73774	bot-31	bravo	S32r-4410	tick	-10.75	-2.05	275	4.01	1.00	5.45	1	grenade	squad-2	3	bot-17
73807	bot-18	bravo	A00r-332G	latches	-0.83	16.10	220	0.00	0.00		0		squad-2	1	bot-17
73856	bot-31	bravo	A32r-4410	state	-10.57	-2.24	258	4.04	0.27	5.18	1	grenade	squad-2	3	bot-17
73873	bot-17	bravo	S00r-4420	tick	-1.97	15.18	245	0.70	0.62	2.73	2	seek	squad-2	0	bot-17
73890	bot-5	alpha	A44rb3420	score	-13.34	1.21	45	4.16	0.63	4.75	1	grenade	squad-1	1	bot-3
73923	bot-5	alpha	A34r-3420	tier+element	-13.24	1.31	45	4.14	0.14	4.61	1	grenade	squad-1	1	bot-3
73973	bot-33	bravo	S00r-4410	tick	2.75	18.37	245	2.05	2.22	25.15	5	seek	squad-2	4	bot-17
74040	bot-18	bravo	S00r-3320	state+latches	-0.84	16.12	220	0.01	0.03		0		squad-2	1	bot-17
74057	bot-5	alpha	A33r-3420	score	-12.84	1.69	45	4.17	0.55	4.07	1	grenade	squad-1	1	bot-3
74057	bot-32	alpha	S33r-4410	tier+score+element	-16.95	-2.44	310	4.28	1.57	4.25	1	grenade	squad-10	1	bot-28
74057	bot-34	alpha	S33m-44A0	tier+score+element	-16.75	-8.54	153	3.00	1.16	4.68	1	grenade	squad-10	2	bot-28
74107	bot-28	alpha	P00r-4320	tick	-22.12	-11.65	206	0.62	1.36	4.04	3	patrolReentry	squad-10	0	bot-28
74157	bot-28	alpha	C33r-4320	state+tier+score	-22.13	-11.67	198	0.73	0.02	4.02	3	patrolReentry	squad-10	0	bot-28
74174	bot-5	alpha	A32r-3420	score	-12.48	2.01	45	4.16	0.48	5.71	1	grenade	squad-1	1	bot-3
74174	bot-28	alpha	C32r-4322	score+latches	-22.14	-11.70	189	0.89	0.03	3.99	3	patrolReentry	squad-10	0	bot-28
74174	bot-32	alpha	S32r-4410	score	-17.31	-2.79	280	4.21	0.50	5.17	1	grenade	squad-10	1	bot-28
74174	bot-34	alpha	S32m-44A0	score	-17.04	-8.72	183	2.78	0.34	5.41	1	grenade	squad-10	2	bot-28
74257	bot-31	bravo	A32r-441G	latches	-9.42	-3.48	150	4.02	1.69	4.57	1	grenade	squad-2	3	bot-17
74291	bot-31	bravo	C32r-441G	state	-9.38	-3.53	146	4.06	0.07	4.50	1	grenade	squad-2	3	bot-17
74308	bot-31	bravo	C32r-441I	latches	-9.29	-3.63	139	4.10	0.14	4.37	1	grenade	squad-2	3	bot-17
74324	bot-17	bravo	C00r-4420	state	-2.04	14.87	251	1.01	0.32	2.54	1	seek	squad-2	0	bot-17
74324	bot-18	bravo	A00r-3320	state	-1.06	15.87	208	1.77	0.34	20.59	4	seek	squad-2	1	bot-17
74341	bot-17	bravo	C00r-442I	latches	-2.03	14.92	251	1.61	0.05	1.27	1	cover	squad-2	0	bot-17
74358	bot-18	bravo	A00r-332G	latches	-1.07	15.88	215	0.46	0.02		0		squad-2	1	bot-17
74374	bot-3	alpha	P00r-2200	tick	-17.65	23.97	132	0.00	0.00		0		squad-1	0	bot-3
74374	bot-28	alpha	C00r-4322	tier+score	-22.22	-11.90	186	1.34	0.22	3.77	3	patrolReentry	squad-10	0	bot-28
74492	bot-31	bravo	C32r-4412	latches	-8.80	-4.20	139	4.01	0.75	3.61	1	grenade	squad-2	3	bot-17
74525	bot-1	alpha	D00r--000	tick	-19.31	14.01	96	0.00	0.00	6.86	0		squad-1	-1	bot-3
74575	bot-17	bravo	C00r-4422	latches	-1.90	15.41	301	4.94	0.50	0.78	1	cover	squad-2	0	bot-17
74592	bot-18	bravo	S00r-3320	state+latches	-1.11	15.93	215	0.02	0.07		0		squad-2	1	bot-17
74659	bot-27	bravo	H00r-4110	tick	-2.45	2.57	41	4.13	3.74	4.59	1	grenade	squad-2	2	bot-17
74692	bot-17	bravo	S00r-4420	state+latches	-1.79	15.76	318	1.29	0.37		0		squad-2	0	bot-17
74726	bot-28	alpha	P00r-4320	state+latches	-23.41	-12.45	245	4.80	1.31	1.15	1	cover	squad-10	0	bot-28
74943	bot-18	bravo	C00r-3320	state	-1.26	15.83	191	0.85	0.17	17.95	3	seek	squad-2	1	bot-17
74960	bot-18	bravo	G00r-3322	state+latches	-1.26	15.83	195	0.07	0.00		0		squad-2	1	bot-17
74976	bot-18	bravo	G00r-332I	latches	-1.43	16.03	202	0.00	0.27		0		squad-2	1	bot-17
74976	bot-33	bravo	S00r-4410	tick	0.70	17.50	226	2.13	2.23	23.05	4	seek	squad-2	4	bot-17
75060	bot-17	bravo	A00r-4420	state	-1.97	15.35	224	1.47	0.45	15.41	4	seek	squad-2	0	bot-17
75077	bot-17	bravo	A00r-442G	latches	-1.97	15.35	220	0.00	0.00		0		squad-2	0	bot-17
75177	bot-5	alpha	A32r-3420	tick	-9.58	4.91	45	4.08	4.10	4.44	1	grenade	squad-1	1	bot-3
75177	bot-32	alpha	S32r-4410	tick	-19.77	-5.35	226	1.91	3.56	5.15	1	grenade	squad-10	1	bot-28
75177	bot-34	alpha	S32m-44A0	tick	-18.91	-9.67	223	2.19	2.10	5.17	1	grenade	squad-10	2	bot-28
75211	bot-18	bravo	G00r-3322	latches	-1.45	16.05	250	0.04	0.03		0		squad-2	1	bot-17
75311	bot-17	bravo	S00r-4420	state+latches	-1.97	15.39	220	0.01	0.03		0		squad-2	0	bot-17
75328	bot-33	bravo	A00r-4410	state	0.22	17.00	223	2.00	0.69	22.36	4	seek	squad-2	4	bot-17
75361	bot-33	bravo	A00r-441G	latches	0.22	17.00	219	0.07	0.00		0		squad-2	4	bot-17
75378	bot-3	alpha	P00r-2200	tick	-17.65	23.97	132	0.00	0.00		0		squad-1	0	bot-3
75495	bot-31	bravo	C32r-4412	tick	-7.55	-7.67	161	0.00	3.68	0.30	0	grenade	squad-2	3	bot-17
75529	bot-1	alpha	D00r--000	tick	-19.31	14.01	96	0.00	0.00	6.86	0		squad-1	-1	bot-3
75529	bot-32	alpha	S00r-4410	tier+score	-20.61	-6.16	225	3.76	1.16	4.69	1	grenade	squad-10	1	bot-28
75529	bot-34	alpha	S00m-44A0	tier+score	-19.52	-9.97	221	1.87	0.68	5.25	1	grenade	squad-10	2	bot-28
75596	bot-33	bravo	S00r-4410	state+latches	0.22	17.00	219	0.00	0.00		0		squad-2	4	bot-17
75629	bot-17	bravo	A00r-4420	state	-2.03	15.08	220	1.04	0.31	34.73	7	seek	squad-2	0	bot-17
75646	bot-17	bravo	A00r-442G	latches	-2.03	15.08	218	0.00	0.00		0		squad-2	0	bot-17
75662	bot-27	bravo	H00r-4110	tick	-0.21	5.84	30	2.92	3.96	2.55	1	grenade	squad-2	2	bot-17
75662	bot-31	bravo	C00r-4412	tier+score	-7.54	-7.67	161	0.00	0.00	0.30	0	grenade	squad-2	3	bot-17
75679	bot-35	alpha	P00r-0410	initial	-17.95	-10.95	0	0.00			0			-1	
75679	bot-36	bravo	P00r-0410	initial	-21.95	-12.45	0	0.00			0			-1	
75696	bot-35	alpha	C00r-4410	state+ammo	-17.95	-10.95	0	0.00	0.00		0		squad-10	2	bot-28
75696	bot-36	bravo	S00r-4410	state+ammo	-21.95	-12.45	0	0.00	0.00		0		squad-12	0	bot-36
75713	bot-34	alpha	C00m-44A0	state	-19.79	-10.11	220	1.76	0.30	4.98	1	grenade	squad-10	3	bot-28
75713	bot-35	alpha	C00r-441I	latches	-18.05	-11.03	351	3.77	0.13	4.87	1	grenade	squad-10	2	bot-28
75730	bot-28	alpha	P00r-4320	tick	-23.72	-12.51	160	0.40	0.32		3	patrolReentry	squad-10	0	bot-28
75730	bot-34	alpha	C00m-44A2	latches	-19.85	-10.13	224	2.38	0.07	5.60	1	grenade	squad-10	3	bot-28
75746	bot-32	alpha	A00r-4410	state	-21.13	-6.67	221	3.54	0.73	5.03	1	grenade	squad-10	1	bot-28
75746	bot-36	bravo	E00r-4410	state	-21.97	-12.25	2	1.52	0.20	0.80	1	seek	squad-12	0	bot-36
75763	bot-36	bravo	E00r-4411	latches	-22.00	-12.25	8	1.19	0.02	3.65	1	flee	squad-12	0	bot-36
75796	bot-5	alpha	C32r-3420	state	-7.82	6.55	44	3.94	2.41	5.56	1	grenade	squad-1	1	bot-3
75813	bot-5	alpha	C32r-3422	latches	-7.73	6.65	44	3.94	0.13	5.43	1	grenade	squad-1	1	bot-3
75829	bot-35	alpha	C00r-4412	latches	-18.40	-11.28	321	3.84	0.43	4.44	1	grenade	squad-10	2	bot-28
75880	bot-17	bravo	S00r-4420	state+latches	-2.03	15.09	218	0.00	0.01		0		squad-2	0	bot-17
75913	bot-33	bravo	A00r-4410	state	-0.06	16.72	222	1.66	0.40	36.88	6	seek	squad-2	4	bot-17
75930	bot-33	bravo	A00r-441G	latches	-0.06	16.72	219	0.00	0.00		0		squad-2	4	bot-17
75997	bot-32	alpha	C00r-4410	state	-21.76	-7.39	221	4.13	0.96	4.07	1	grenade	squad-10	1	bot-28
76014	bot-32	alpha	C00r-4412	latches	-21.85	-7.50	221	4.12	0.14	3.93	1	grenade	squad-10	1	bot-28
76064	bot-35	alpha	E00r-4410	state+latches	-19.02	-11.74	265	3.90	0.77	3.67	1	grenade	squad-10	2	bot-28
76097	bot-27	bravo	E00r-4110	state	0.13	6.40	351	0.00	0.66	3.45	1	grenade	squad-2	2	bot-17
76114	bot-27	bravo	E00r-4119	latches	0.24	6.49	342	3.02	0.14	5.98	2	flee	squad-2	2	bot-17
76147	bot-17	bravo	A00r-4420	state	-2.10	14.92	220	1.00	0.18	34.95	7	seek	squad-2	0	bot-17
76164	bot-5	alpha	A32r-3420	state+latches	-6.81	7.60	44	3.94	1.32	5.53	1	grenade	squad-1	1	bot-3
76164	bot-33	bravo	S00r-4410	state+latches	-0.07	16.74	219	0.00	0.02		0		squad-2	4	bot-17
76198	bot-17	bravo	C00r-4420	state	-2.10	14.92	218	0.00	0.00		0		squad-2	0	bot-17
76214	bot-17	bravo	C00r-4422	latches	-2.08	14.97	212	1.61	0.05	7.29	1	cover	squad-2	0	bot-17
76214	bot-18	bravo	G00r-3322	tick	-1.45	16.05	201	0.00	0.00		0		squad-2	1	bot-17
76231	bot-17	bravo	C00r-442I	latches	-2.07	15.00	216	1.61	0.03	7.26	1	cover	squad-2	0	bot-17
76231	bot-34	alpha	E00m-44A0	state+latches	-20.96	-10.89	221	2.76	1.34	5.35	1	grenade	squad-10	3	bot-28
76331	bot-5	alpha	A32r-342G	latches	-6.32	8.11	44	3.89	0.72	4.81	1	grenade	squad-1	1	bot-3
76331	bot-27	bravo	E00r-411P	latches	0.52	7.36	290	4.91	0.92	5.27	2	flee	squad-2	2	bot-17
76381	bot-3	alpha	P00r-2200	tick	-17.65	23.97	132	0.00	0.00		0		squad-1	0	bot-3
76432	bot-32	alpha	E00r-4410	state+latches	-22.64	-8.73	209	3.44	1.46	3.69	1	grenade	squad-10	1	bot-28
76448	bot-33	bravo	A00r-4410	state	-0.24	16.53	220	1.08	0.27	37.38	8	seek	squad-2	4	bot-17
76465	bot-17	bravo	C00r-4422	latches	-1.92	15.53	267	4.89	0.55	6.71	1	cover	squad-2	0	bot-17
76498	bot-35	alpha	E00r-4411	latches	-20.17	-12.70	231	3.59	1.49	4.99	1	grenade	squad-10	2	bot-28
76515	bot-18	bravo	A00r-3320	state+latches	-0.49	16.26	181	0.23	0.98		0		squad-2	1	bot-17
76515	bot-33	bravo	A00r-441G	latches	-0.07	16.67	219	0.00	0.22		0		squad-2	4	bot-17
76515	bot-35	alpha	E00r-4410	latches	-20.10	-12.64	235	5.12	0.09	3.78	1	flee	squad-10	2	bot-28
76532	bot-1	alpha	D00r--000	tick	-19.31	14.01	96	0.00	0.00	6.86	0		squad-1	-1	bot-3
76532	bot-34	alpha	E10m-44A0	tier	-21.63	-11.40	215	2.52	0.85	4.93	1	grenade	squad-10	3	bot-28
76532	bot-35	alpha	E00r-4411	latches	-20.15	-12.68	231	3.56	0.06	5.01	1	grenade	squad-10	2	bot-28
76549	bot-35	alpha	E00r-4410	latches	-20.19	-12.72	229	3.52	0.06	4.96	1	grenade	squad-10	2	bot-28
76565	bot-5	alpha	S32r-3420	state+latches	-5.72	8.76	36	4.11	0.88	4.70	1	grenade	squad-1	1	bot-3
76565	bot-18	bravo	A00r-332G	latches	-0.51	16.28	192	0.56	0.02		0		squad-2	1	bot-17
76565	bot-27	bravo	E00r-4119	latches	0.81	8.34	290	3.49	1.02	4.57	2	flee	squad-2	2	bot-17
76582	bot-35	alpha	E00r-4411	latches	-20.17	-12.70	229	3.54	0.03	4.99	1	grenade	squad-10	2	bot-28
76599	bot-5	alpha	C32r-3420	state	-5.64	8.86	36	3.48	0.13	4.56	1	grenade	squad-1	1	bot-3
76599	bot-35	alpha	E00r-4410	latches	-20.11	-12.64	234	5.08	0.09	3.78	1	flee	squad-10	2	bot-28
76616	bot-5	alpha	C32r-3422	latches	-5.56	8.97	36	3.93	0.13	4.43	1	grenade	squad-1	1	bot-3
76616	bot-35	alpha	E00r-4411	latches	-20.15	-12.68	229	3.56	0.06	5.01	1	grenade	squad-10	2	bot-28
76632	bot-35	alpha	E00r-4410	latches	-20.20	-12.72	229	3.52	0.06	4.95	1	grenade	squad-10	2	bot-28
76649	bot-36	bravo	P00r-4410	state+latches	-22.81	-12.84	38	4.30	1.00	2.67	1	muzzleRecovery	squad-12	0	bot-36
76666	bot-31	bravo	C00r-4412	tick	-7.54	-7.67	161	0.00	0.01	0.30	0	grenade	squad-2	3	bot-17
76666	bot-35	alpha	E00r-4411	latches	-20.18	-12.69	229	3.54	0.03	4.98	1	grenade	squad-10	2	bot-28
76683	bot-35	alpha	E00r-4410	latches	-20.11	-12.63	234	5.09	0.09	3.78	1	flee	squad-10	2	bot-28
76699	bot-35	alpha	E00r-4411	latches	-20.15	-12.67	230	3.56	0.06	5.01	1	grenade	squad-10	2	bot-28
76716	bot-35	alpha	E00r-4410	latches	-20.20	-12.71	229	3.52	0.06	4.96	1	grenade	squad-10	2	bot-28
76733	bot-28	alpha	P00r-4320	tick	-24.14	-12.92	218	1.00	0.58		3	patrolReentry	squad-10	0	bot-28
76733	bot-36	bravo	E00r-4410	state	-23.16	-12.93	16	0.00	0.36	2.40	0	muzzleRecovery	squad-12	0	bot-36
76749	bot-33	bravo	S00r-4410	state+latches	-0.08	16.73	219	0.03	0.06		0		squad-2	4	bot-17
76749	bot-34	alpha	E10m-44A1	latches	-21.91	-11.69	214	2.38	0.39	4.54	1	grenade	squad-10	3	bot-28
76749	bot-35	alpha	E00r-4411	latches	-20.18	-12.69	229	3.54	0.03	4.99	1	grenade	squad-10	2	bot-28
76749	bot-36	bravo	E00r-4411	latches	-23.15	-12.99	25	1.83	0.06	2.78	1	flee	squad-12	0	bot-36
76766	bot-34	alpha	E10m-44A0	latches	-21.93	-11.72	214	2.33	0.04	4.50	1	grenade	squad-10	3	bot-28
76766	bot-35	alpha	E00r-4410	latches	-20.12	-12.63	234	5.09	0.09	3.78	1	flee	squad-10	2	bot-28
76783	bot-35	alpha	E00r-4411	latches	-20.16	-12.67	229	3.56	0.06	5.01	1	grenade	squad-10	2	bot-28
76800	bot-18	bravo	S00r-3320	state+latches	-0.56	16.34	192	0.25	0.08		0		squad-2	1	bot-17
76800	bot-35	alpha	E00r-4410	latches	-20.21	-12.71	229	3.52	0.06	4.95	1	grenade	squad-10	2	bot-28
76816	bot-34	alpha	E10m-44A1	latches	-21.91	-11.72	214	2.38	0.02	4.52	1	grenade	squad-10	3	bot-28
76833	bot-34	alpha	E10m-44A0	latches	-21.93	-11.75	214	2.31	0.04	4.48	1	grenade	squad-10	3	bot-28
76833	bot-35	alpha	E00r-4411	latches	-20.19	-12.68	229	3.54	0.03	4.98	1	grenade	squad-10	2	bot-28
76850	bot-35	alpha	E00r-4410	latches	-20.12	-12.63	233	5.08	0.08	3.78	1	flee	squad-10	2	bot-28
76866	bot-34	alpha	E10m-44A1	latches	-21.89	-11.71	214	2.40	0.05	4.53	1	grenade	squad-10	3	bot-28
76866	bot-35	alpha	E00r-4411	latches	-20.17	-12.67	229	3.56	0.06	5.01	1	grenade	squad-10	2	bot-28
76883	bot-34	alpha	E10m-44A0	latches	-21.92	-11.75	214	2.35	0.04	4.49	1	grenade	squad-10	3	bot-28
76883	bot-35	alpha	E00r-4410	latches	-20.21	-12.70	229	3.52	0.06	4.95	1	grenade	squad-10	2	bot-28
76917	bot-34	alpha	E10m-44A1	latches	-21.88	-11.71	215	2.41	0.05	4.54	1	grenade	squad-10	3	bot-28
76917	bot-35	alpha	E00r-4411	latches	-20.19	-12.68	229	3.63	0.03	5.32	1	grenade	squad-10	2	bot-28
76933	bot-34	alpha	E10m-44A0	latches	-21.90	-11.74	215	2.39	0.04	4.50	1	grenade	squad-10	3	bot-28
76933	bot-35	alpha	E00r-4410	latches	-20.13	-12.63	233	5.09	0.09	3.79	1	flee	squad-10	2	bot-28
76950	bot-35	alpha	E00r-4411	latches	-20.17	-12.67	229	3.65	0.06	5.34	1	grenade	squad-10	2	bot-28
76967	bot-5	alpha	A33r-3320	state+score+health+latches	-4.79	10.06	30	3.92	1.33	4.63	1	grenade	squad-1	1	bot-3
76967	bot-34	alpha	E10m-44A1	latches	-21.87	-11.71	215	2.53	0.05	4.54	1	grenade	squad-10	3	bot-28
76967	bot-35	alpha	E00r-4410	latches	-20.22	-12.71	225	3.61	0.06	5.28	1	grenade	squad-10	2	bot-28
76984	bot-34	alpha	E10m-44A0	latches	-21.90	-11.74	215	2.40	0.04	4.50	1	grenade	squad-10	3	bot-28
76984	bot-36	bravo	P00r-4410	state+latches	-23.20	-13.29	41	3.07	0.31	2.50	1	muzzleRecovery	squad-12	0	bot-36
77000	bot-32	alpha	E00r-4411	latches	-23.39	-10.63	195	3.33	2.04	3.97	1	grenade	squad-10	1	bot-28
77000	bot-35	alpha	E00r-4411	latches	-20.19	-12.69	225	3.63	0.03	5.31	1	grenade	squad-10	2	bot-28
77017	bot-32	alpha	E00r-4410	latches	-23.40	-10.68	196	3.26	0.05	3.91	1	grenade	squad-10	1	bot-28
77017	bot-33	bravo	A00r-4410	state	-0.19	16.54	220	1.48	0.22	37.80	8	seek	squad-2	4	bot-17
77017	bot-35	alpha	E00r-4410	latches	-20.13	-12.63	229	5.05	0.09	3.79	1	flee	squad-10	2	bot-28
77034	bot-33	bravo	F00r-4410	state	-0.19	16.54	219	0.00	0.00		0		squad-2	4	bot-17
77034	bot-34	alpha	E10m-44A1	latches	-21.88	-11.73	214	2.15	0.02	4.94	1	grenade	squad-10	3	bot-28
77034	bot-35	alpha	E00r-4411	latches	-20.17	-12.67	229	3.55	0.06	5.00	1	grenade	squad-10	2	bot-28
77051	bot-32	alpha	E00r-4411	latches	-23.36	-10.66	196	3.22	0.05	3.94	1	grenade	squad-10	1	bot-28
77051	bot-33	bravo	A00r-4410	state	-0.19	16.54	219	0.00	0.00		0		squad-2	4	bot-17
77051	bot-34	alpha	E10m-44A0	latches	-21.90	-11.76	211	2.13	0.04	4.90	1	grenade	squad-10	3	bot-28
77051	bot-35	alpha	E00r-4410	latches	-20.22	-12.71	229	3.51	0.06	4.94	1	grenade	squad-10	2	bot-28
77067	bot-18	bravo	A00r-3320	state	-0.85	16.17	217	2.21	0.33	38.76	7	seek	squad-2	1	bot-17
77067	bot-32	alpha	E00r-4410	latches	-23.37	-10.71	196	3.15	0.05	3.89	1	grenade	squad-10	1	bot-28
77084	bot-5	alpha	E34r-3220	state+score+health	-4.56	10.46	30	3.98	0.46		0		squad-1	1	bot-3
77084	bot-34	alpha	E10m-44A1	latches	-21.87	-11.73	215	2.55	0.05	4.53	1	grenade	squad-10	3	bot-28
77084	bot-35	alpha	E00r-4411	latches	-20.20	-12.69	229	3.62	0.03	5.31	1	grenade	squad-10	2	bot-28
77101	bot-32	alpha	E00r-4411	latches	-23.43	-10.68	195	3.29	0.06	3.90	1	grenade	squad-10	1	bot-28
77101	bot-33	bravo	A00r-441G	latches	-0.20	16.55	219	0.35	0.01		0		squad-2	4	bot-17
77101	bot-34	alpha	E10m-44A0	latches	-21.89	-11.76	215	2.40	0.04	4.49	1	grenade	squad-10	3	bot-28
77101	bot-35	alpha	E00r-4410	latches	-20.13	-12.63	233	5.07	0.09	3.79	1	flee	squad-10	2	bot-28
77118	bot-32	alpha	E00r-4410	latches	-23.46	-10.59	191	5.49	0.10	2.82	1	flee	squad-10	1	bot-28
77118	bot-35	alpha	E00r-4411	latches	-20.18	-12.68	229	3.64	0.06	5.33	1	grenade	squad-10	2	bot-28
77134	bot-18	bravo	A00r-332G	latches	-0.85	16.18	218	0.53	0.00		0		squad-2	1	bot-17
77134	bot-32	alpha	E00r-4411	latches	-23.47	-10.63	194	1.56	0.04	3.94	1	grenade	squad-10	1	bot-28
77134	bot-34	alpha	E10m-44A1	latches	-21.85	-11.71	215	2.58	0.06	4.55	1	grenade	squad-10	3	bot-28
77134	bot-35	alpha	E00r-4410	latches	-20.22	-12.72	225	3.60	0.06	5.28	1	grenade	squad-10	2	bot-28
77134	bot-36	bravo	E00r-4410	state	-22.72	-13.10	63	0.00	0.52	2.92	0	muzzleRecovery	squad-12	0	bot-36
77151	bot-32	alpha	E00r-4410	latches	-23.50	-10.55	190	5.43	0.09	2.76	1	flee	squad-10	1	bot-28
77151	bot-34	alpha	E10m-44A0	latches	-21.88	-11.74	215	2.41	0.04	4.51	1	grenade	squad-10	3	bot-28
77151	bot-36	bravo	E00r-4411	latches	-22.78	-13.17	54	2.88	0.09	2.83	1	flee	squad-12	0	bot-36
77168	bot-32	alpha	E00r-4411	latches	-23.52	-10.60	194	3.55	0.06	3.96	1	grenade	squad-10	1	bot-28
77168	bot-35	alpha	E00r-4411	latches	-20.20	-12.70	225	3.62	0.03	5.31	1	grenade	squad-10	2	bot-28
77185	bot-32	alpha	E00r-4410	latches	-23.55	-10.52	189	5.38	0.09	2.72	1	flee	squad-10	1	bot-28
77185	bot-35	alpha	E00r-4410	latches	-20.13	-12.64	229	5.04	0.09	3.80	1	flee	squad-10	2	bot-28
77201	bot-32	alpha	E00r-4411	latches	-23.56	-10.58	193	3.66	0.06	3.97	1	grenade	squad-10	1	bot-28
77201	bot-34	alpha	E10m-44A1	latches	-21.87	-11.73	212	2.15	0.02	4.94	1	grenade	squad-10	3	bot-28
77201	bot-35	alpha	E00r-4411	latches	-20.18	-12.68	229	3.55	0.06	5.00	1	grenade	squad-10	2	bot-28
77218	bot-32	alpha	E00r-4410	latches	-23.59	-10.49	189	5.35	0.09	2.68	1	flee	squad-10	1	bot-28
77218	bot-34	alpha	E10m-44A0	latches	-21.89	-11.76	211	2.14	0.04	4.91	1	grenade	squad-10	3	bot-28
77218	bot-35	alpha	E00r-4410	latches	-20.22	-12.71	229	3.51	0.06	4.94	1	grenade	squad-10	2	bot-28
77234	bot-32	alpha	E00r-4411	latches	-23.60	-10.55	192	2.56	0.06	3.99	1	grenade	squad-10	1	bot-28
77251	bot-32	alpha	E00r-4410	latches	-23.63	-10.47	188	5.31	0.09	2.65	1	flee	squad-10	1	bot-28
77251	bot-34	alpha	E10m-44A1	latches	-21.86	-11.73	215	2.58	0.05	4.54	1	grenade	squad-10	3	bot-28
77251	bot-35	alpha	E00r-4411	latches	-20.20	-12.69	229	3.62	0.03	5.31	1	grenade	squad-10	2	bot-28
77268	bot-32	alpha	E00r-4411	latches	-23.66	-10.38	184	5.26	0.09	2.56	1	flee	squad-10	1	bot-28
77268	bot-34	alpha	E10m-44A0	latches	-21.88	-11.76	215	2.40	0.04	4.50	1	grenade	squad-10	3	bot-28
77268	bot-35	alpha	E00r-4410	latches	-20.14	-12.63	233	5.01	0.09	3.46	1	flee	squad-10	2	bot-28
77285	bot-5	alpha	E10r-3220	tier+score	-4.11	11.17	33	3.77	0.84	4.01	1	grenade	squad-1	1	bot-3
77285	bot-35	alpha	E00r-4411	latches	-20.19	-12.67	229	3.63	0.06	5.33	1	grenade	squad-10	2	bot-28
77302	bot-5	alpha	E10r-322G	latches	-4.08	11.22	33	3.75	0.06	3.95	1	grenade	squad-1	1	bot-3
77302	bot-32	alpha	E00r-4410	latches	-23.70	-10.37	184	5.15	0.04	2.53	1	flee	squad-10	1	bot-28
77302	bot-34	alpha	E10m-44A1	latches	-21.85	-11.72	215	2.60	0.05	4.54	1	grenade	squad-10	3	bot-28
77302	bot-35	alpha	E00r-4410	latches	-20.23	-12.71	225	3.60	0.06	5.27	1	grenade	squad-10	2	bot-28
77318	bot-5	alpha	E10r-302G	health	-4.17	11.26	33	6.11	0.10	5.10	1	flee	squad-1	1	bot-3
77318	bot-28	alpha	P21r-4320	tier+score	-24.31	-13.48	211	0.41	0.59		3	patrolReentry	squad-10	0	bot-28
77318	bot-32	alpha	E33r-4411	tier+score+latches	-23.72	-10.30	179	3.69	0.08	2.46	1	flee	squad-10	1	bot-28
77318	bot-34	alpha	E33m-44A0	tier+score+latches	-21.79	-11.66	211	5.46	0.09	3.21	1	flee	squad-10	3	bot-28
77318	bot-35	alpha	E33r-4410	tier+score	-20.17	-12.65	229	5.38	0.09	3.12	1	flee	squad-10	2	bot-28
77335	bot-5	alpha	E10r-302P	latches	-4.27	11.29	33	6.07	0.10	5.00	1	flee	squad-1	1	bot-3
77335	bot-33	bravo	S00r-4410	state+latches	-0.21	16.56	219	0.00	0.01		0		squad-2	4	bot-17
77335	bot-34	alpha	E33m-44A1	latches	-21.72	-11.60	212	5.41	0.09	3.13	1	flee	squad-10	3	bot-28
77335	bot-35	alpha	E33r-4411	latches	-20.10	-12.59	233	5.39	0.09	3.04	1	flee	squad-10	2	bot-28
77368	bot-18	bravo	S00r-3320	state+latches	-0.85	16.19	218	0.00	0.02		0		squad-2	1	bot-17
77385	bot-3	alpha	P00r-2200	tick	-17.65	23.97	132	0.00	0.00		0		squad-1	0	bot-3
77419	bot-27	bravo	P00r-3110	state+ammo+latches	1.92	8.80	292	2.02	1.20		0		squad-2	2	bot-17
77419	bot-5	alpha	D00r--000	state+tier+ammo+packs+latches	-4.74	11.47	33	0.00	0.50	4.50	1	flee	squad-1	1	bot-3
77419	bot-36	bravo	E10r-4411	tier	-23.00	-13.72	38	2.42	0.59	2.26	1	flee	squad-12	0	bot-36
77436	bot-4	bravo	D00r--000	tick	-10.77	14.46	305	0.00	0.00	5.03	0		squad-2	-1	bot-17
77436	bot-27	bravo	E00r-3110	state	1.95	8.81	292	1.99	0.03		0		squad-2	2	bot-17
77452	bot-27	bravo	E00r-3119	latches	1.78	8.87	283	5.39	0.18	6.69	3	flee	squad-2	2	bot-17
77469	bot-17	bravo	C00r-4422	tick	-0.08	19.81	33	4.75	4.66	2.07	1	cover	squad-2	0	bot-17
77469	bot-36	bravo	E10r-4311	health	-23.05	-13.85	51	2.92	0.14	2.13	1	flee	squad-12	0	bot-36
77536	bot-1	alpha	D00r--000	tick	-19.31	14.01	96	0.00	0.00	6.86	0		squad-1	-1	bot-3
77536	bot-36	bravo	E10r-4210	health+latches	-23.10	-14.05	60	3.09	0.21	5.08	1	flee	squad-12	0	bot-36
77557	bot-36	bravo	E10r-4219	latches	-23.10	-14.12	59	3.33	0.07	5.01	1	flee	squad-12	0	bot-36
77573	bot-33	bravo	A00r-4410	state	-0.28	16.39	200	1.33	0.19	38.40	7	seek	squad-2	4	bot-17
77619	bot-36	bravo	E10r-4119	health	-23.13	-14.38	56	4.70	0.26	4.76	1	flee	squad-12	0	bot-36
77653	bot-36	bravo	E10r-4019	health	-23.17	-14.53	54	4.62	0.16	4.60	1	flee	squad-12	0	bot-36
77669	bot-18	bravo	A00r-3320	state	-1.23	15.89	216	2.42	0.49	38.71	7	seek	squad-2	1	bot-17
77669	bot-27	bravo	E00r-311P	latches	0.67	9.26	231	5.55	1.18	5.71	3	flee	squad-2	2	bot-17
77669	bot-28	alpha	E21r-2320	state+ammo	-24.40	-13.50	186	0.04	0.09		3	patrolReentry	squad-10	0	bot-28
77669	bot-31	bravo	C00r-4412	tick	-6.98	-5.86	245	5.22	1.88	3.57	1	cover	squad-2	3	bot-17
77669	bot-33	bravo	F00r-4410	state	-0.28	16.39	219	0.15	0.01		0		squad-2	4	bot-17
77686	bot-18	bravo	A00r-332G	latches	-1.24	15.90	218	0.54	0.02		0		squad-2	1	bot-17
77686	bot-28	alpha	E21r-2321	latches	-24.28	-13.38	177	4.82	0.16	3.37	1	flee	squad-10	0	bot-28
77686	bot-33	bravo	P00r-4410	state	-0.29	16.39	219	1.47	0.00		1	muzzleRecovery	squad-2	4	bot-17
77736	bot-33	bravo	P00r-441G	latches	-0.36	16.45	233	1.45	0.10		1	muzzleRecovery	squad-2	4	bot-17
77770	bot-27	bravo	E00r-3119	latches	0.14	9.45	234	5.47	0.56	5.28	3	flee	squad-2	2	bot-17
77770	bot-32	alpha	A33r-4410	state+latches	-24.36	-8.23	171	0.09	2.16		0		squad-10	1	bot-28
77770	bot-35	alpha	P33r-4410	state+latches	-18.54	-11.02	231	5.50	2.21		0		squad-10	2	bot-28
77770	bot-36	bravo	D00r--000	state+tier+ammo+packs+latches	-23.28	-14.91	51	0.00	0.40	4.20	1	flee	squad-12	0	bot-36
77787	bot-2	bravo	D00r--000	tick	-6.49	17.48	282	0.00	0.00	4.11	0		squad-2	-1	bot-17
77787	bot-28	alpha	P21r-2320	state+latches	-24.02	-13.09	156	4.69	0.39		0		squad-10	0	bot-28
77787	bot-32	alpha	S33r-4410	state	-24.36	-8.23	171	0.00	0.00		0		squad-10	1	bot-28
77787	bot-34	alpha	S33m-44A0	state+latches	-20.03	-9.88	213	5.51	2.41		0		squad-10	3	bot-28
77787	bot-35	alpha	S33r-4410	state	-18.47	-10.96	231	5.50	0.09		0		squad-10	2	bot-28
77803	bot-35	alpha	P33r-4410	state	-18.54	-10.98	235	4.18	0.07	3.26	1	seek	squad-10	2	bot-28
77837	bot-17	bravo	G00r-4422	state	0.82	21.21	33	4.69	1.67	0.41	1	cover	squad-2	0	bot-17
77870	bot-28	alpha	A21r-2320	state	-23.88	-12.93	134	2.64	0.21		10	patrol	squad-10	0	bot-28
77903	bot-27	bravo	E00r-311P	latches	-0.58	9.57	233	5.34	0.73	4.86	3	flee	squad-2	2	bot-17
77921	bot-18	bravo	S00r-3320	state+latches	-1.27	15.92	218	0.00	0.03		0		squad-2	1	bot-17
77954	bot-27	bravo	E00r-3119	latches	-0.82	9.61	232	4.78	0.25	4.73	3	flee	squad-2	2	bot-17
77954	bot-33	bravo	A00r-441G	state	-0.62	16.61	274	0.00	0.30		0	muzzleRecovery	squad-2	4	bot-17
77970	bot-32	alpha	C33r-4410	state	-24.15	-8.75	164	1.27	0.56	1.84	1	seek	squad-10	1	bot-28
77970	bot-33	bravo	S00r-4410	state+latches	-0.62	16.61	274	0.48	0.01		0		squad-2	4	bot-17
77987	bot-32	alpha	C33r-4412	latches	-24.14	-8.79	164	1.41	0.05	7.48	2	cover	squad-10	1	bot-28
78221	bot-28	alpha	C21r-4320	state+ammo	-24.00	-12.74	68	0.21	0.22		0		squad-10	0	bot-28
78238	bot-28	alpha	C21r-4322	latches	-24.01	-12.74	68	0.11	0.00		0		squad-10	0	bot-28
78288	bot-33	bravo	A00r-4410	state	-0.83	16.24	220	1.84	0.42	36.40	6	seek	squad-2	4	bot-17
78305	bot-33	bravo	F00r-4410	state	-0.83	16.24	219	0.00	0.00		0		squad-2	4	bot-17
78322	bot-33	bravo	A00r-441G	state+latches	-0.83	16.24	219	0.00	0.00		0		squad-2	4	bot-17
78339	bot-32	alpha	S33r-4410	state+latches	-23.92	-9.65	163	4.56	0.88	6.60	2	cover	squad-10	1	bot-28
78389	bot-3	alpha	P00r-2200	tick	-17.65	23.97	132	0.00	0.00		0		squad-1	0	bot-3
78473	bot-27	bravo	E00r-3129	packs	-2.83	10.92	225	1.73	2.39	3.15	2	flee	squad-2	2	bot-17
78473	bot-35	alpha	C33r-4410	state	-19.71	-11.85	205	2.13	1.45	3.69	2	squad	squad-10	2	bot-28
78490	bot-35	alpha	C33r-4412	latches	-19.79	-11.93	214	3.86	0.12	4.56	2	cover	squad-10	2	bot-28
78506	bot-31	bravo	P00r-4410	state+latches	-6.93	-5.70	244	4.09	0.17		1	muzzleRecovery	squad-2	3	bot-17
78540	bot-1	alpha	D00r--000	tick	-19.31	14.01	96	0.00	0.00	6.86	0		squad-1	-1	bot-3
78556	bot-33	bravo	S00r-4410	state+latches	-0.85	16.28	219	0.04	0.05		0		squad-2	4	bot-17
78606	bot-18	bravo	A00r-3320	state	-1.96	15.34	209	1.35	0.90	38.13	7	seek	squad-2	1	bot-17
78606	bot-31	bravo	C00r-4410	state	-6.94	-6.11	218	0.00	0.41		0	muzzleRecovery	squad-2	3	bot-17
78623	bot-18	bravo	A00r-332G	latches	-1.96	15.34	212	0.00	0.00		0		squad-2	1	bot-17
78623	bot-31	bravo	C00r-4412	latches	-6.94	-6.11	227	0.05	0.00		0		squad-2	3	bot-17
78790	bot-34	alpha	S33m-44A0	tick	-20.72	-10.40	216	0.80	0.86	6.45	1	seek	squad-10	3	bot-28
78823	bot-28	alpha	C00r-4322	tier+score	-24.13	-12.52	70	0.32	0.25		0		squad-10	0	bot-28
78840	bot-17	bravo	G00r-4422	tick	1.05	21.55	177	0.00	0.41		0		squad-2	0	bot-17
78840	bot-28	alpha	C00r-2322	ammo	-24.13	-12.52	70	0.47	0.01		0		squad-10	0	bot-28
78840	bot-31	bravo	P00r-4410	state+latches	-6.94	-6.11	244	4.08	0.00		1	muzzleRecovery	squad-2	3	bot-17
78840	bot-33	bravo	F00r-4410	state	-1.04	15.97	220	2.01	0.37	36.05	6	seek	squad-2	4	bot-17
78840	bot-35	alpha	P33r-4410	state+latches	-20.67	-12.95	221	4.45	1.34	3.27	2	cover	squad-10	2	bot-28
78857	bot-18	bravo	S00r-3320	state+latches	-1.96	15.35	212	0.00	0.01		0		squad-2	1	bot-17
78857	bot-28	alpha	A00r-2320	state+latches	-24.13	-12.52	70	0.47	0.00		0		squad-10	0	bot-28
78857	bot-33	bravo	P00r-441G	state+latches	-1.04	15.97	219	1.22	0.00		1	muzzleRecovery	squad-2	4	bot-17
78890	bot-31	bravo	U00r-4410	state	-7.14	-6.05	257	0.00	0.21		0	muzzleRecovery	squad-2	3	bot-17
78907	bot-32	alpha	A33r-4410	state	-23.66	-10.37	194	1.34	0.77	0.61	1	seek	squad-10	1	bot-28
78958	bot-28	alpha	A00r-232G	latches	-24.15	-12.48	69	0.29	0.04		0		squad-10	0	bot-28
78994	bot-31	bravo	D00r--000	state+ammo+health+packs	-7.14	-6.05	243	0.00	0.00		0		squad-2	3	bot-17
79008	bot-6	bravo	D00r--000	tick	-14.56	15.23	321	0.00	0.00	0.78	0		squad-2	-1	bot-17
79008	bot-28	alpha	S00r-2320	state+latches	-24.16	-12.48	69	0.39	0.01		0		squad-10	0	bot-28
79024	bot-28	alpha	A00r-2320	state	-24.16	-12.48	73	0.44	0.01	3.98	1	seek	squad-10	0	bot-28
79091	bot-33	bravo	S00r-4410	state+latches	-1.26	15.84	201	0.00	0.26		0	muzzleRecovery	squad-2	3	bot-17
79191	bot-18	bravo	A00r-3320	state	-2.04	15.04	216	1.39	0.33	37.14	8	seek	squad-2	1	bot-17
79209	bot-32	alpha	C33r-4410	state	-23.65	-10.37	260	0.00	0.00		0		squad-10	1	bot-28
79225	bot-18	bravo	A00r-332G	latches	-2.04	15.04	219	0.00	0.00		0		squad-2	1	bot-17
79225	bot-32	alpha	C33r-4412	latches	-23.62	-10.52	251	4.56	0.15	5.68	2	cover	squad-10	1	bot-28
79292	bot-32	alpha	C00r-4412	tier+score	-23.56	-10.78	234	3.78	0.26	5.41	2	cover	squad-10	1	bot-28
79292	bot-34	alpha	S00m-44A0	tier+score	-21.13	-10.52	197	1.02	0.43	6.20	1	seek	squad-10	3	bot-28
79292	bot-35	alpha	P00r-4410	tier+score	-21.24	-13.46	234	1.55	0.77	2.27	1	packseek	squad-10	2	bot-28
79375	bot-17	bravo	C00r-4422	state	1.83	21.45	221	0.00	0.78		0		squad-2	0	bot-17
79392	bot-3	alpha	P00r-2200	tick	-17.65	23.97	132	0.00	0.00		0		squad-1	0	bot-3
79392	bot-28	alpha	A00r-0320	ammo	-24.21	-12.40	40	0.16	0.08		0		squad-10	0	bot-28
79459	bot-18	bravo	S00r-3320	state+latches	-2.04	15.06	219	0.00	0.02		0		squad-2	1	bot-17
79476	bot-27	bravo	E00r-3129	tick	-3.07	13.19	220	3.13	2.29	1.06	2	flee	squad-2	2	bot-17
79543	bot-1	alpha	D00r--000	tick	-19.31	14.01	96	0.00	0.00	6.86	0		squad-1	-1	bot-3
79543	bot-33	bravo	A00r-4410	state	-1.62	15.55	187	1.18	0.46	34.60	6	seek	squad-2	3	bot-17
79560	bot-33	bravo	A00r-441G	latches	-1.62	15.55	191	0.00	0.00		0		squad-2	3	bot-17
79576	bot-17	bravo	G00r-4422	state	1.49	21.48	263	1.58	0.34	0.45	1	cover	squad-2	0	bot-17
79593	bot-28	alpha	A10r-0320	tier	-24.22	-12.38	40	0.14	0.03		0		squad-10	0	bot-28
79593	bot-32	alpha	C10r-4412	tier	-23.29	-11.41	156	1.80	0.69	4.73	2	cover	squad-10	1	bot-28
79710	bot-27	bravo	E00r-3120	latches	-2.62	13.79	219	0.00	0.75		0		squad-2	2	bot-17
79710	bot-28	alpha	A32r-0320	tier+score	-24.23	-12.37	40	0.18	0.01		0		squad-10	0	bot-28
79710	bot-32	alpha	C32r-4312	tier+score+health	-23.18	-11.58	147	1.48	0.20	4.54	2	cover	squad-10	1	bot-28
79710	bot-34	alpha	S32m-44A0	tier+score	-21.34	-10.76	192	0.83	0.32	5.91	1	seek	squad-10	3	bot-28
79710	bot-35	alpha	C32r-4410	state+tier+score	-21.82	-13.96	246	2.10	0.77	1.50	1	packseek	squad-10	2	bot-28
79727	bot-18	bravo	A00r-3320	state	-2.10	14.90	217	0.93	0.17	36.59	7	seek	squad-2	1	bot-17
79727	bot-35	alpha	C32r-4412	latches	-21.69	-13.87	255	4.69	0.16	7.37	2	cover	squad-10	2	bot-28
79777	bot-18	bravo	A00r-332G	latches	-2.10	14.90	218	0.00	0.00		0		squad-2	1	bot-17
79794	bot-33	bravo	S00r-4410	state+latches	-1.63	15.55	191	0.00	0.01		0		squad-2	3	bot-17
79827	bot-28	alpha	A33r-0320	score	-24.23	-12.36	40	0.02	0.01		0		squad-10	0	bot-28
79827	bot-32	alpha	E33r-4210	state+score+health+latches	-23.11	-11.68	148	0.89	0.12		0		squad-10	1	bot-28
79827	bot-34	alpha	S33m-44A0	score	-21.40	-10.82	187	0.55	0.08	5.84	1	seek	squad-10	3	bot-28
79827	bot-35	alpha	C33r-4412	score	-21.30	-13.60	281	4.98	0.48	6.90	2	cover	squad-10	2	bot-28
79844	bot-32	alpha	E33r-4219	latches	-23.02	-11.67	148	2.33	0.08	0.64	1	flee	squad-10	1	bot-28
79944	bot-28	alpha	A44rb2320	tier+score+element+ammo	-24.23	-12.35	40	0.07	0.01		0		squad-10	0	bot-28
79944	bot-32	alpha	E44rm4119	tier+score+element+health	-22.83	-11.70	148	1.54	0.20	0.45	1	flee	squad-10	1	bot-28
79944	bot-34	alpha	S44mm44A0	tier+score+element	-21.44	-10.90	195	0.75	0.09	5.75	1	seek	squad-10	3	bot-28
79944	bot-35	alpha	S44rb4414	state+tier+score+element+latches	-20.90	-13.32	307	4.91	0.49	6.41	2	cover	squad-10	2	bot-28
79961	bot-35	alpha	S44rm4414	element	-20.88	-13.32	314	0.53	0.02		0		squad-10	2	bot-28
80011	bot-18	bravo	S00r-3320	state+latches	-2.10	14.91	218	0.00	0.01		0		squad-2	1	bot-17
80061	bot-28	alpha	A45rb2320	score	-24.24	-12.35	40	0.01	0.00		0		squad-10	0	bot-28
80061	bot-32	alpha	E45rm4010	score+health+latches	-22.71	-11.74	148	0.00	0.12		0		squad-10	1	bot-28
80061	bot-34	alpha	S45mm44A0	score	-21.49	-10.92	185	0.40	0.05	5.72	1	seek	squad-10	3	bot-28
80061	bot-35	alpha	S45rm4414	score	-20.88	-13.32	334	0.00	0.00		0		squad-10	2	bot-28
80212	bot-18	bravo	A00r-3320	state	-2.11	14.81	213	0.54	0.10	35.52	7	seek	squad-2	1	bot-17
80212	bot-27	bravo	H00r-3120	state	-2.61	13.80	218	0.05	0.01		0		squad-2	2	bot-17
80228	bot-33	bravo	A00r-4410	state	-1.77	15.46	187	0.47	0.17	34.43	7	seek	squad-2	3	bot-17
80245	bot-33	bravo	A00r-441G	latches	-1.77	15.46	191	0.00	0.00		0		squad-2	3	bot-17
80279	bot-18	bravo	A00r-332G	latches	-2.11	14.81	218	0.00	0.00		0		squad-2	1	bot-17
80312	bot-28	alpha	A44rb2320	score	-24.24	-12.34	40	0.03	0.01		0		squad-10	0	bot-28
80312	bot-32	alpha	E44rm4010	score	-22.76	-11.58	148	0.94	0.17		0		squad-10	1	bot-28
80312	bot-34	alpha	S44mm44A0	score	-21.59	-10.86	175	0.47	0.12	5.76	1	seek	squad-10	3	bot-28
80312	bot-35	alpha	S44rm4414	score	-20.88	-13.32	342	0.00	0.00		0		squad-10	2	bot-28
80396	bot-3	alpha	P00r-2200	tick	-17.65	23.97	132	0.00	0.00		0		squad-1	0	bot-3
80446	bot-35	alpha	S44rm4410	latches	-20.87	-13.30	355	1.36	0.02	35.47	7	seek	squad-10	2	bot-28
80479	bot-33	bravo	S00r-4410	state+latches	-1.79	15.54	191	0.01	0.08		0		squad-2	3	bot-17
80496	bot-28	alpha	A44rb0320	ammo	-24.24	-12.34	40	0.00	0.00		0		squad-10	0	bot-28
80513	bot-18	bravo	S00r-3320	state+latches	-2.11	14.81	218	0.00	0.00		0		squad-2	1	bot-17
80546	bot-1	alpha	D00r--000	tick	-19.31	14.01	96	0.00	0.00	6.86	0		squad-1	-1	bot-3
80546	bot-18	bravo	A00r-3320	state	-2.11	14.80	211	0.59	0.02	35.21	7	seek	squad-2	1	bot-17
80563	bot-32	alpha	H44rm4010	state	-22.80	-11.45	148	0.05	0.13		0		squad-10	1	bot-28
80580	bot-17	bravo	G00r-4422	tick	1.05	21.55	177	0.00	0.45		0		squad-2	0	bot-17
80597	bot-18	bravo	A00r-332G	latches	-2.11	14.80	218	0.00	0.00		0		squad-2	1	bot-17
80630	bot-27	bravo	H00r-3220	health	-2.60	13.81	257	0.07	0.01		0		squad-2	2	bot-17
80680	bot-37	bravo	P00m-0420	initial	-20.45	1.55	0	0.00			0			-1	
80680	bot-38	alpha	P00r-0410	initial	-21.45	-7.95	0	0.00			0			-1	
80697	bot-37	bravo	S00m-4420	state+ammo	-20.45	1.55	0	0.00	0.00		0		squad-12	0	
80697	bot-38	alpha	C44rm4410	state+tier+score+element+ammo	-21.45	-7.95	0	0.00	0.00		0		squad-10	3	bot-28
80722	bot-35	alpha	A44rb4410	state+element	-20.69	-12.96	34	2.42	0.38	35.09	7	seek	squad-10	2	bot-28
80722	bot-38	alpha	C44rm4412	latches	-21.46	-8.12	349	4.16	0.17	7.85	2	cover	squad-10	3	bot-28
80747	bot-37	bravo	P00m-4420	state	-20.34	1.49	14	2.35	0.12	13.95	6	seek	squad-12	0	
80831	bot-18	bravo	S00r-3320	state+latches	-2.11	14.80	218	0.00	0.00		0		squad-2	1	bot-17
80864	bot-18	bravo	A00r-3320	state	-2.12	14.78	212	0.62	0.02	34.79	7	seek	squad-2	1	bot-17
80898	bot-18	bravo	A00r-332G	latches	-2.12	14.78	218	0.07	0.01		0		squad-2	1	bot-17
80898	bot-33	bravo	A00r-4410	state	-1.81	15.39	221	0.73	0.15	34.03	7	seek	squad-2	3	bot-17
80914	bot-33	bravo	A00r-441G	latches	-1.81	15.39	218	0.00	0.00		0		squad-2	3	bot-17
80998	bot-34	alpha	A44mb44A0	state+element	-21.75	-10.80	85	0.24	0.17	5.78	1	seek	squad-10	4	bot-28
81015	bot-27	bravo	H00r-322G	latches	-2.59	13.82	260	0.00	0.02		0		squad-2	2	bot-17
81053	bot-27	bravo	H00r-3220	latches	-2.59	13.82	256	0.00	0.00		0		squad-2	2	bot-17
81053	bot-28	alpha	A44rb2320	ammo	-24.24	-12.34	19	0.00	0.00		0		squad-10	0	bot-28
81083	bot-38	alpha	A44rm4410	state+latches	-21.55	-9.64	10	4.08	1.52	6.32	2	cover	squad-10	3	bot-28
81149	bot-18	bravo	S00r-3320	state+latches	-2.12	14.78	218	0.00	0.00		0		squad-2	1	bot-17
81149	bot-33	bravo	S00r-4410	state+latches	-1.87	15.46	218	0.00	0.09		0		squad-2	3	bot-17
81166	bot-18	bravo	A00r-3320	state	-2.12	14.78	216	0.53	0.01	34.79	7	seek	squad-2	1	bot-17
81199	bot-17	bravo	C00r-4422	state	1.81	21.46	228	0.00	0.76		0		squad-2	0	bot-17
81232	bot-38	alpha	F44rm4410	state	-21.55	-9.64	12	0.00	0.00		0		squad-10	3	bot-28
81248	bot-37	bravo	P10m-4420	tier	-19.20	1.10	108	2.21	1.21	23.32	8	patrolReentry	squad-12	0	
81248	bot-38	alpha	A44rm4410	state	-21.55	-9.64	12	0.00	0.00		0		squad-10	3	bot-28
81265	bot-18	bravo	A00r-332G	latches	-2.12	14.78	218	0.00	0.01		0		squad-2	1	bot-17
81349	bot-38	alpha	F44rm4410	state	-21.55	-9.64	13	0.00	0.00		0		squad-10	3	bot-28
81366	bot-37	bravo	S10m-4320	state+health	-19.00	1.03	111	1.74	0.21	23.28	8	patrolReentry	squad-12	0	
81366	bot-38	alpha	A44rm4410	state	-21.55	-9.64	13	0.00	0.00		0		squad-10	3	bot-28
81399	bot-3	alpha	P00r-2200	tick	-17.65	23.97	132	0.00	0.00		0		squad-1	0	bot-3
81399	bot-17	bravo	G00r-4422	state	1.47	21.49	269	1.69	0.34	0.42	1	cover	squad-2	0	bot-17
81399	bot-18	bravo	A00r-3320	latches	-2.12	14.78	218	0.00	0.01		0		squad-2	1	bot-17
81416	bot-37	bravo	A10m-4320	state	-18.91	1.00	124	1.89	0.10	10.75	5	seek	squad-12	0	
81433	bot-35	alpha	F44rb4410	state	-20.69	-12.96	7	0.00	0.00		0		squad-10	2	bot-28
81433	bot-37	bravo	E10m-4220	state+health	-18.91	1.00	127	0.00	0.00		0		squad-12	0	
81449	bot-32	alpha	H44rm4110	health	-22.80	-11.45	59	0.00	0.00		0		squad-10	1	bot-28
81449	bot-35	alpha	A44rb4410	state	-20.69	-12.96	7	0.00	0.00		0		squad-10	2	bot-28
81449	bot-37	bravo	E10m-4229	latches	-18.96	1.03	134	1.69	0.06	7.08	2	flee	squad-12	0	
81466	bot-38	alpha	F44rm4410	state	-21.55	-9.64	14	0.00	0.00		0		squad-10	3	bot-28
81483	bot-38	alpha	A44rm4410	state	-21.55	-9.64	14	0.00	0.00		0		squad-10	3	bot-28
81550	bot-1	alpha	D00r--000	tick	-19.31	14.01	96	0.00	0.00	6.86	0		squad-1	-1	bot-3
81550	bot-35	alpha	F44rb4410	state	-20.69	-12.96	7	0.00	0.00		0		squad-10	2	bot-28
81550	bot-37	bravo	E10m-4129	health	-19.10	1.12	155	1.65	0.17	6.91	2	flee	squad-12	0	
81567	bot-33	bravo	A00r-4410	state	-1.96	15.24	211	1.46	0.24	33.82	6	seek	squad-2	3	bot-17
81567	bot-35	alpha	A44rb4410	state	-20.69	-12.96	7	0.00	0.00		0		squad-10	2	bot-28
81583	bot-33	bravo	A00r-441G	latches	-1.96	15.24	214	0.00	0.00		0		squad-2	3	bot-17
81583	bot-38	alpha	F44rm4410	state	-21.55	-9.64	13	0.00	0.00		0		squad-10	3	bot-28
81601	bot-37	bravo	E10m-4029	health	-19.17	1.17	166	1.63	0.08	6.83	2	flee	squad-12	0	
81601	bot-38	alpha	A44rm4410	state	-21.55	-9.64	13	0.00	0.00		0		squad-10	3	bot-28
81617	bot-28	alpha	A44rb0320	ammo	-24.24	-12.34	21	0.00	0.00		0		squad-10	0	bot-28
81667	bot-35	alpha	F44rb4410	state	-20.69	-12.96	6	0.00	0.00		0		squad-10	2	bot-28
81667	bot-35	alpha	P44rb4414	state+latches	-20.69	-12.96	6	0.00	0.00		0		squad-10	2	bot-28
81667	bot-37	bravo	D00m--000	state+tier+ammo+packs+latches	-19.24	1.21	176	0.00	0.08	6.76	2	flee	squad-12	0	
81667	bot-38	alpha	S44rm4410	state	-21.55	-9.64	12	0.00	0.00		0		squad-10	3	bot-28
81684	bot-28	alpha	S44rm0324	state+element+latches	-24.24	-12.34	20	0.00	0.00		0		squad-10	0	bot-28
81684	bot-34	alpha	C44mm44A0	state+element	-21.79	-10.74	12	0.00	0.07		0		squad-10	4	bot-28
81684	bot-35	alpha	S44rm4414	state+element	-20.69	-12.96	6	0.00	0.00		0		squad-10	2	bot-28
81700	bot-28	alpha	A44rb0320	state+element+latches	-24.24	-12.34	24	0.00	0.00		0		squad-10	0	bot-28
81700	bot-34	alpha	S44mb44A4	state+element+latches	-21.79	-10.74	16	0.29	0.00	5.21	2	cover	squad-10	4	bot-28
81717	bot-34	alpha	S44mm44A4	element	-21.79	-10.74	22	0.12	0.00		0		squad-10	4	bot-28
81734	bot-18	bravo	F00r-3320	state	-2.15	14.68	218	0.03	0.10		0		squad-2	1	bot-17
81750	bot-18	bravo	A00r-3320	state	-2.15	14.68	218	0.01	0.00		0		squad-2	1	bot-17
81750	bot-27	bravo	H00r-3320	health	-2.59	13.82	202	0.00	0.00		0		squad-2	2	bot-17
81818	bot-33	bravo	S00r-4410	state+latches	-1.96	15.26	214	0.00	0.02		0		squad-2	3	bot-17
81852	bot-18	bravo	F00r-3320	state	-2.15	14.67	218	0.00	0.01		0		squad-2	1	bot-17
81868	bot-18	bravo	A00r-3320	state	-2.15	14.67	218	0.00	0.01		0		squad-2	1	bot-17
81968	bot-18	bravo	F00r-3320	state	-2.17	14.64	218	0.00	0.03		0		squad-2	1	bot-17
81985	bot-18	bravo	A00r-3320	state	-2.17	14.64	218	0.00	0.01		0		squad-2	1	bot-17
82085	bot-18	bravo	F00r-3320	state	-2.19	14.60	218	0.00	0.04		0		squad-2	1	bot-17
82102	bot-18	bravo	A00r-3320	state	-2.19	14.60	218	0.00	0.01		0		squad-2	1	bot-17
82169	bot-28	alpha	A44rb2320	ammo	-24.25	-12.33	40	0.01	0.01		0		squad-10	0	bot-28
82169	bot-35	alpha	S44rm4410	latches	-20.67	-12.95	354	1.34	0.02	35.07	6	seek	squad-10	2	bot-28
82202	bot-18	bravo	F00r-3320	state	-2.20	14.59	218	0.13	0.01		0		squad-2	1	bot-17
82202	bot-33	bravo	A00r-4410	state	-2.02	15.16	219	0.80	0.12	33.71	6	seek	squad-2	3	bot-17
82202	bot-34	alpha	S44mm44A0	latches	-21.78	-10.72	75	1.39	0.02	29.55	6	seek	squad-10	4	bot-28
82219	bot-18	bravo	U00r-3320	state	-2.20	14.59	218	0.08	0.00		0		squad-2	1	bot-17
82219	bot-33	bravo	A00r-441G	latches	-2.02	15.16	218	0.00	0.00		0		squad-2	3	bot-17
82403	bot-3	alpha	P00r-2200	tick	-17.65	23.97	132	0.00	0.00		0		squad-1	0	bot-3
82403	bot-17	bravo	G00r-4422	tick	1.05	21.55	177	0.00	0.42		0		squad-2	0	bot-17
82436	bot-27	bravo	A00r-3320	state	-2.59	13.82	179	0.00	0.00		0		squad-2	2	bot-17
82453	bot-28	alpha	A44rm2320	element	-24.25	-12.33	40	0.00	0.00		0		squad-10	0	bot-28
82453	bot-32	alpha	H44rb4110	element	-22.80	-11.44	49	0.00	0.01		0		squad-10	1	bot-28
82453	bot-33	bravo	S00r-4410	state+latches	-2.03	15.16	218	0.00	0.00		0		squad-2	3	bot-17
82570	bot-32	alpha	H44rb4210	health	-22.80	-11.44	40	0.00	0.00		0		squad-10	1	bot-28
82637	bot-17	bravo	C00r-4422	state	1.83	21.45	198	0.00	0.78		0		squad-2	0	bot-17
82670	bot-38	alpha	S44rm4410	tick	-20.29	-7.78	35	2.45	2.25	29.59	5	seek	squad-10	3	bot-28
82720	bot-28	alpha	A33r-0320	tier+score+element+ammo	-24.25	-12.33	40	0.00	0.00		0		squad-10	0	bot-28
82720	bot-32	alpha	H33r-4210	tier+score+element	-22.80	-11.44	28	0.00	0.00		0		squad-10	1	bot-28
82720	bot-34	alpha	S33m-44A0	tier+score+element	-21.23	-9.79	40	2.51	1.08	28.48	6	seek	squad-10	4	bot-28
82720	bot-35	alpha	S33r-4410	tier+score+element	-19.72	-12.39	33	2.47	1.10	34.07	6	seek	squad-10	2	bot-28
82720	bot-38	alpha	S33r-4410	tier+score+element	-20.22	-7.67	35	2.45	0.12	29.46	5	seek	squad-10	3	bot-28
82754	bot-33	bravo	A00r-4410	state	-2.10	14.95	221	1.07	0.23	33.50	6	seek	squad-2	3	bot-17
82787	bot-33	bravo	A00r-441G	latches	-2.10	14.95	218	0.00	0.00		0		squad-2	3	bot-17
82837	bot-27	bravo	F00r-3320	state	-2.76	13.53	219	0.00	0.33		0		squad-2	2	bot-17
82837	bot-27	bravo	F00r-2320	ammo	-2.76	13.53	219	0.00	0.00		1	muzzleRecovery	squad-2	2	bot-17
82837	bot-28	alpha	A32r-0320	score	-24.25	-12.33	40	0.00	0.00		0		squad-10	0	bot-28
82837	bot-32	alpha	H32r-4210	score	-22.80	-11.44	19	0.00	0.00		0		squad-10	1	bot-28
82837	bot-34	alpha	S32m-44A0	score	-21.08	-9.52	40	2.51	0.30	28.18	6	seek	squad-10	4	bot-28
82837	bot-35	alpha	S32r-4410	score	-19.47	-12.24	33	2.46	0.29	33.81	6	seek	squad-10	2	bot-28
82837	bot-38	alpha	S32r-4410	score	-20.06	-7.44	35	2.44	0.29	29.18	5	seek	squad-10	3	bot-28
82857	bot-17	bravo	G00r-4422	state	1.47	21.49	243	1.68	0.36	0.42	1	cover	squad-2	0	bot-17
82857	bot-27	bravo	P00r-2320	state	-2.76	13.51	219	1.37	0.02		1	muzzleRecovery	squad-2	2	bot-17
82923	bot-17	bravo	S00r-4420	state+latches	1.05	21.55	228	0.46	0.42		0		squad-2	0	bot-17
82956	bot-28	alpha	A00r-0320	tier+score	-24.25	-12.33	40	0.00	0.00		0		squad-10	0	bot-28
82956	bot-32	alpha	H00r-4210	tier+score	-22.80	-11.44	10	0.00	0.00		0		squad-10	1	bot-28
82956	bot-34	alpha	S00m-44A0	tier+score	-20.93	-9.27	40	2.49	0.30	27.89	6	seek	squad-10	4	bot-28
82956	bot-35	alpha	S00r-4410	tier+score	-19.22	-12.08	33	2.45	0.30	33.55	6	seek	squad-10	2	bot-28
82956	bot-38	alpha	S00r-4410	tier+score	-19.89	-7.20	34	2.45	0.29	28.89	5	seek	squad-10	3	bot-28
83006	bot-18	bravo	A00r-3320	state	-2.97	13.96	218	2.92	1.00	24.49	3	pursue	squad-2	1	bot-17
83006	bot-34	alpha	A00m-44A0	state	-20.89	-9.19	40	2.65	0.09	27.80	6	seek	squad-10	4	bot-28
83023	bot-18	bravo	A00r-332G	latches	-2.97	13.96	219	0.00	0.00		0		squad-2	1	bot-17
83023	bot-33	bravo	S00r-4410	state+latches	-2.09	14.95	218	0.00	0.01		0		squad-2	3	bot-17
83023	bot-34	alpha	A00m-44AG	latches	-20.89	-9.19	38	0.03	0.00		0		squad-10	4	bot-28
83073	bot-18	bravo	A00r-3320	latches	-2.97	13.96	218	0.00	0.00		0		squad-2	1	bot-17
83223	bot-27	bravo	A00r-2320	state	-3.24	13.29	276	0.00	0.53		0	muzzleRecovery	squad-2	2	bot-17
83256	bot-34	alpha	S00m-44A0	state+latches	-20.89	-9.19	38	0.00	0.00		0		squad-10	4	bot-28
83274	bot-28	alpha	A00r-2320	ammo	-24.25	-12.33	39	0.00	0.00		0		squad-10	0	bot-28
83274	bot-33	bravo	A00r-4410	state	-2.11	14.81	221	0.97	0.15	33.39	6	seek	squad-2	3	bot-17
83356	bot-33	bravo	A00r-441G	latches	-2.11	14.82	218	0.24	0.01		0		squad-2	3	bot-17
83408	bot-3	alpha	P00r-2200	tick	-17.65	23.97	132	0.00	0.00		0		squad-1	0	bot-3
83506	bot-27	bravo	F00r-2320	state	-3.24	13.28	218	0.00	0.01		0		squad-2	2	bot-17
83523	bot-27	bravo	A00r-2320	state	-3.24	13.28	218	0.00	0.00		0		squad-2	2	bot-17
83590	bot-33	bravo	S00r-4410	state+latches	-2.11	14.82	218	0.00	0.00		0		squad-2	3	bot-17
83624	bot-27	bravo	F00r-2320	state	-3.24	13.28	218	0.00	0.00		0		squad-2	2	bot-17
83640	bot-27	bravo	P00r-2320	state	-3.24	13.28	218	1.45	0.00		1	muzzleRecovery	squad-2	2	bot-17
83674	bot-32	alpha	H00r-4310	health	-22.81	-11.43	14	0.00	0.01		0		squad-10	1	bot-28
83674	bot-33	bravo	A00r-4410	state	-2.12	14.78	207	0.66	0.05	33.36	6	seek	squad-2	3	bot-17
83825	bot-28	alpha	A00r-0320	ammo	-24.25	-12.33	39	0.00	0.00		0		squad-10	0	bot-28
83925	bot-17	bravo	S00r-4420	tick	0.26	19.88	217	1.99	1.85	10.39	2	seek	squad-2	0	bot-17
83925	bot-27	bravo	U00r-2320	state	-3.61	13.06	251	0.00	0.43		0	muzzleRecovery	squad-2	2	bot-17
83958	bot-35	alpha	S00r-4410	tick	-17.23	-10.76	51	2.57	2.39	31.37	5	seek	squad-10	2	bot-28
83958	bot-38	alpha	S00r-4410	tick	-18.52	-5.18	35	1.62	2.44	26.45	5	seek	squad-10	3	bot-28
84025	bot-33	bravo	F00r-4410	state	-2.12	14.78	218	0.00	0.00		0		squad-2	3	bot-17
84042	bot-33	bravo	A00r-4410	state	-2.12	14.78	218	0.00	0.00		0		squad-2	3	bot-17
84076	bot-18	bravo	A00r-3320	tick	-2.95	13.94	218	0.00	0.03		0		squad-2	1	bot-17
84142	bot-33	bravo	F00r-4410	state	-2.12	14.78	218	0.00	0.00		0		squad-2	3	bot-17
84159	bot-33	bravo	A00r-4410	state	-2.12	14.78	218	0.00	0.00		0		squad-2	3	bot-17
84259	bot-33	bravo	F00r-4410	state	-2.12	14.78	218	0.00	0.00		0		squad-2	3	bot-17
84259	bot-34	alpha	S00m-44A0	tick	-19.66	-7.28	41	2.45	2.27	25.55	5	seek	squad-10	4	bot-28
84276	bot-33	bravo	A00r-4410	state	-2.12	14.78	218	0.00	0.00		0		squad-2	3	bot-17
84359	bot-32	alpha	A00r-4310	state	-22.81	-11.43	66	0.00	0.00		0		squad-10	1	bot-28
84376	bot-28	alpha	A00r-2320	ammo	-24.25	-12.33	39	0.00	0.00		0		squad-10	0	bot-28
84376	bot-33	bravo	F00r-4410	state	-2.12	14.78	218	0.00	0.00		0		squad-2	3	bot-17
84376	bot-33	bravo	F00r-3410	ammo	-2.12	14.78	218	0.00	0.00		0		squad-2	3	bot-17
84393	bot-33	bravo	A00r-3410	state	-2.12	14.78	218	0.00	0.00		0		squad-2	3	bot-17
84410	bot-3	alpha	P00r-2200	tick	-17.65	23.97	132	0.00	0.00		0		squad-1	0	bot-3
84493	bot-32	alpha	F00r-4310	state	-22.81	-11.43	38	0.00	0.00		0		squad-10	1	bot-28
84493	bot-33	bravo	F00r-3410	state	-2.12	14.78	218	0.00	0.00		0		squad-2	3	bot-17
84511	bot-32	alpha	A00r-4310	state	-22.81	-11.43	38	0.00	0.00		0		squad-10	1	bot-28
84511	bot-33	bravo	U00r-3410	state	-2.12	14.78	218	0.00	0.00		0		squad-2	3	bot-17
84611	bot-32	alpha	F00r-4310	state	-22.81	-11.43	38	0.00	0.00		0		squad-10	1	bot-28
84627	bot-32	alpha	P00r-4310	state	-22.81	-11.43	38	1.38	0.00		1	muzzleRecovery	squad-10	1	bot-28
84844	bot-32	alpha	A00r-4310	state	-23.11	-11.42	353	0.00	0.31		0	muzzleRecovery	squad-10	1	bot-28
84928	bot-17	bravo	S00r-4420	tick	-0.58	18.08	209	1.90	2.00	8.45	2	seek	squad-2	0	bot-17
84928	bot-27	bravo	U00r-2320	tick	-5.98	10.34	218	4.08	3.61	21.09	3	pursue	squad-2	2	bot-17
84928	bot-28	alpha	A00r-0320	ammo	-24.25	-12.33	39	0.00	0.00		0		squad-10	0	bot-28
84962	bot-35	alpha	S00r-4410	tick	-15.40	-9.08	30	2.52	2.49	28.98	5	seek	squad-10	2	bot-28
84962	bot-38	alpha	S00r-4410	tick	-17.36	-3.44	35	2.02	2.10	24.35	5	seek	squad-10	3	bot-28
85062	bot-32	alpha	F00r-4310	state	-23.13	-11.38	38	0.01	0.04		0		squad-10	1	bot-28
85155	bot-18	bravo	F00r-3320	state	-2.95	13.94	219	0.00	0.00		0		squad-2	1	bot-17
85155	bot-28	alpha	A21r-0320	tier+score	-24.25	-12.33	39	0.00	0.00		0		squad-10	0	bot-28
85155	bot-32	alpha	E21r-4210	state+tier+score+health	-23.13	-11.38	38	0.01	0.00		0		squad-10	1	bot-28
85155	bot-34	alpha	S21m-44A0	tier+score	-18.54	-5.49	42	1.65	2.11	23.47	5	seek	squad-10	4	bot-28
85155	bot-35	alpha	S21r-4410	tier+score	-15.47	-8.72	30	2.76	0.37	28.71	7	seek	squad-10	2	bot-28
85155	bot-38	alpha	S21r-4410	tier+score	-17.19	-3.19	35	2.04	0.30	24.05	5	seek	squad-10	3	bot-28
85260	bot-18	bravo	A00r-3320	state	-2.95	13.94	219	0.00	0.00		0		squad-2	1	bot-17
85260	bot-32	alpha	E21r-4219	latches	-23.05	-11.38	38	0.64	0.08	3.48	1	muzzleRecovery	squad-10	1	bot-28
85444	bot-3	alpha	P00r-2200	tick	-17.65	23.97	132	0.00	0.00		0		squad-1	0	bot-3
85444	bot-18	bravo	F00r-3320	state	-2.95	13.94	218	0.00	0.00		0		squad-2	1	bot-17
85444	bot-18	bravo	F00r-2320	ammo	-2.95	13.94	218	0.00	0.00		0		squad-2	1	bot-17
85444	bot-28	alpha	A32r-0320	tier+score	-24.25	-12.33	39	0.00	0.00		0		squad-10	0	bot-28
85444	bot-32	alpha	E32r-3110	tier+score+ammo+health+latches	-22.95	-11.37	38	2.00	0.10	3.39	1	flee	squad-10	1	bot-28
85444	bot-34	alpha	S32m-44A0	tier+score	-18.49	-5.40	42	2.25	0.11	23.37	5	seek	squad-10	4	bot-28
85444	bot-35	alpha	S32r-4410	tier+score	-15.61	-8.44	17	3.91	0.31	28.54	7	seek	squad-10	2	bot-28
85444	bot-38	alpha	S32r-4410	tier+score	-17.09	-3.01	36	1.88	0.20	23.85	5	seek	squad-10	3	bot-28
85638	bot-28	alpha	A33r-2320	score+ammo	-24.25	-12.33	39	0.00	0.00		0		squad-10	0	bot-28
85638	bot-32	alpha	E33r-3019	score+health+latches	-22.86	-11.39	38	1.84	0.09	3.30	1	muzzleRecovery	squad-10	1	bot-28
85638	bot-33	bravo	U00r-3410	tick	-2.33	13.72	219	1.47	1.08	23.84	4	pursue	squad-2	3	bot-17
85638	bot-34	alpha	S33m-44A0	score	-18.49	-5.40	39	0.00	0.00		0		squad-10	4	bot-28
85638	bot-35	alpha	S33r-4410	score	-15.71	-8.24	5	4.38	0.22	28.42	7	seek	squad-10	2	bot-28
85638	bot-38	alpha	S33r-4410	score	-17.03	-2.93	36	1.95	0.10	23.75	5	seek	squad-10	3	bot-28
85638	bot-39	bravo	P00r-0410	initial	-4.95	-0.45	0	0.00			0			-1	
85638	bot-40	alpha	P00r-0410	initial	-22.95	-17.95	0	0.00			0			-1	
85776	bot-18	bravo	F10r-2320	tier	-2.95	13.94	218	0.00	0.00		0		squad-2	1	bot-17
85776	bot-27	bravo	U10r-2320	tier	-7.01	9.18	218	4.09	1.55	17.29	3	pursue	squad-2	2	bot-17
85776	bot-32	alpha	E33r-3010	latches	-22.76	-11.42	38	1.93	0.10	3.20	1	flee	squad-10	1	bot-28
85776	bot-39	bravo	C34r-4410	state+tier+score+ammo	-4.95	-0.45	0	0.00	0.00		0		squad-12	0	
85776	bot-40	alpha	C33r-4410	state+tier+score+ammo	-22.95	-17.95	0	0.00	0.00		0		squad-10	4	bot-28
85928	bot-32	alpha	E33r-3019	latches	-22.67	-11.46	37	1.86	0.10	3.10	1	muzzleRecovery	squad-10	1	bot-28
85928	bot-33	bravo	A00r-3410	state	-2.34	13.67	219	0.92	0.06	23.78	4	pursue	squad-2	3	bot-17
85928	bot-39	bravo	C34r-4412	latches	-5.00	-0.53	334	1.38	0.09	2.14	2	cover	squad-12	0	
85928	bot-40	alpha	C33r-4412	latches	-22.83	-17.48	14	4.79	0.49	1.76	2	cover	squad-10	4	bot-28
86041	bot-17	bravo	S00r-4420	tick	-1.01	17.16	221	2.37	1.01	7.47	2	seek	squad-2	0	bot-17
86041	bot-18	bravo	P10r-2320	state	-2.95	13.94	218	1.33	0.00		1	muzzleRecovery	squad-2	1	bot-17
86041	bot-32	alpha	E33r-3010	latches	-22.71	-11.54	50	1.63	0.08	4.29	1	grenade	squad-10	1	bot-28
86041	bot-40	alpha	S33r-4410	state+latches	-22.83	-17.48	14	4.79	0.00	1.76	2	cover	squad-10	4	bot-28
86191	bot-18	bravo	A10r-2320	state	-2.99	13.89	225	0.00	0.07		0	muzzleRecovery	squad-2	1	bot-17
86191	bot-28	alpha	A33r-0320	ammo	-24.31	-12.42	62	1.05	0.11	4.03	1	grenade	squad-10	0	bot-28
86288	bot-18	bravo	F10r-2320	state	-2.99	13.89	218	0.00	0.00		0		squad-2	1	bot-17
86288	bot-39	bravo	S34r-4410	state+latches	-4.72	-0.21	0	4.16	0.42	4.98	1	grenade	squad-12	0	
86384	bot-18	bravo	A10r-2320	state	-2.97	13.87	218	0.72	0.03		0		squad-2	1	bot-17
86484	bot-3	alpha	P00r-2200	tick	-17.65	23.97	132	0.00	0.00		0		squad-1	0	bot-3
86484	bot-18	bravo	F10r-2320	state	-2.95	13.86	218	0.37	0.02		0		squad-2	1	bot-17
86484	bot-18	bravo	P10r-2320	state	-2.95	13.86	218	0.00	0.00		0		squad-2	1	bot-17
86484	bot-32	alpha	D00r--000	state+tier+score+ammo+packs	-22.85	-11.59	89	0.00	0.16	4.17	1	grenade	squad-10	1	bot-28
86484	bot-27	bravo	S10r-2320	state	-6.72	9.25	178	4.00	0.29		0		squad-2	2	bot-17
86484	bot-28	alpha	A45rb0320	tier+score+element	-24.32	-12.48	49	0.00	0.06		0		squad-10	0	bot-28
86484	bot-33	bravo	S00r-3410	state	-2.36	13.71	219	0.33	0.05		0		squad-2	3	bot-17
86484	bot-34	alpha	S45mm44A0	tier+score+element	-19.13	-6.02	334	3.19	0.89	5.48	1	grenade	squad-10	5	bot-28
86484	bot-35	alpha	S45rm4410	tier+score+element	-16.11	-7.81	17	4.30	0.59	5.29	1	grenade	squad-10	2	bot-28
86484	bot-38	alpha	S45rm4410	tier+score+element	-16.72	-2.50	59	4.36	0.53	5.43	1	grenade	squad-10	3	bot-28
86484	bot-40	alpha	S35r-4410	score	-22.49	-16.65	31	4.97	0.90	30.72	5	seek	squad-10	4	bot-28
86672	bot-10	alpha	D00r--000	tick	-19.23	13.48	92	0.00	0.00	1.53	0		squad-1	-1	bot-3
86672	bot-18	bravo	S10r-2320	state	-2.95	13.85	218	0.19	0.01		0		squad-2	1	bot-17
86672	bot-18	bravo	S10r-R320	ammo	-2.99	13.81	228	1.12	0.06	33.90	6	seek	squad-2	1	bot-17
86672	bot-27	bravo	A10r-2320	state	-6.59	9.39	166	3.91	0.20	5.16	1	grenade	squad-2	2	bot-17
86872	bot-18	bravo	A10r-R320	state	-2.99	13.81	228	1.12	0.00	33.90	6	seek	squad-2	1	bot-17
86872	bot-28	alpha	A45rb2320	ammo	-24.33	-12.45	39	0.49	0.03		0		squad-10	0	bot-28
87004	bot-27	bravo	A10r-232G	latches	-6.17	9.82	127	4.03	0.60	5.27	1	grenade	squad-2	2	bot-17
87004	bot-33	bravo	A00r-3410	state	-2.27	13.80	209	2.89	0.13	4.17	1	grenade	squad-2	3	bot-17
87004	bot-39	bravo	S00r-4410	tier+score	-3.88	0.42	52	1.82	1.05	5.02	1	grenade	squad-12	0	
87205	bot-17	bravo	S00r-4420	tick	-1.13	16.77	179	3.36	0.40	5.27	1	grenade	squad-2	0	bot-17
87205	bot-18	bravo	A00r-R320	tier	-2.93	14.15	264	2.74	0.35	5.57	1	grenade	squad-2	1	bot-17
87205	bot-27	bravo	S00r-2320	state+tier+latches	-6.17	9.82	127	4.03	0.00	5.27	1	grenade	squad-2	2	bot-17
87449	bot-18	bravo	A00r-R32G	latches	-2.32	14.44	312	4.67	0.67	4.58	3	grenade	squad-2	1	bot-17
87449	bot-28	alpha	A45rb0320	ammo	-24.36	-12.40	39	0.09	0.06		0		squad-10	0	bot-28
87548	bot-3	alpha	P00r-2200	tick	-17.65	23.97	132	0.00	0.00		0		squad-1	0	bot-3
87548	bot-33	bravo	A00r-341G	latches	-1.71	15.03	122	3.62	1.35	3.49	1	grenade	squad-2	3	bot-17
87548	bot-34	alpha	S45mm44A0	tick	-18.62	-5.21	9	4.63	0.96	23.68	5	seek	squad-10	4	bot-28
87548	bot-35	alpha	S45rm4410	tick	-16.52	-6.69	34	4.32	1.20	28.25	6	seek	squad-10	1	bot-28
87548	bot-38	alpha	S45rm4410	tick	-17.05	-2.70	76	3.96	0.39	23.98	5	seek	squad-10	2	bot-28
87548	bot-40	alpha	S35r-4410	tick	-21.95	-15.70	26	2.37	1.09	29.63	6	seek	squad-10	3	bot-28
87669	bot-18	bravo	S00r-R320	state+latches	-2.17	14.61	325	4.40	0.22	4.36	2	grenade	squad-2	1	bot-17
87805	bot-33	bravo	S00r-3410	state+latches	-1.58	15.20	110	4.20	0.22	3.28	1	grenade	squad-2	3	bot-17
88006	bot-27	bravo	A00r-2320	state	-6.45	9.58	152	4.09	0.37	4.97	1	grenade	squad-2	2	bot-17
88006	bot-28	alpha	A45rb2320	ammo	-24.37	-12.39	39	0.02	0.01		0		squad-10	0	bot-28
88006	bot-39	bravo	S00r-4410	tick	-4.47	-0.02	325	4.14	0.73	4.25	1	grenade	squad-2	4	bot-17
88159	bot-28	alpha	A44rb2320	score	-24.37	-12.39	39	0.01	0.00		0		squad-10	0	bot-28
88159	bot-34	alpha	S44mm44A0	score	-18.36	-4.81	42	1.73	0.47	23.22	5	seek	squad-10	4	bot-28
88159	bot-35	alpha	S44rm4410	score	-16.65	-6.09	35	2.28	0.61	27.84	6	seek	squad-10	1	bot-28
88159	bot-38	alpha	S44rm4410	score	-16.66	-2.17	34	1.38	0.66	23.32	5	seek	squad-10	2	bot-28
88159	bot-40	alpha	S34r-4410	score	-21.90	-15.37	358	1.06	0.34	29.32	7	seek	squad-10	3	bot-28
88267	bot-17	bravo	S00r-4420	tick	0.44	18.53	41	4.17	2.35	3.99	1	grenade	squad-2	0	bot-17
88466	bot-28	alpha	A33r-2320	tier+score+element	-24.37	-12.39	39	0.00	0.00		0		squad-10	0	bot-28
88466	bot-34	alpha	S33m-44A0	tier+score+element	-18.05	-4.35	42	2.42	0.55	22.67	5	seek	squad-10	4	bot-28
88466	bot-35	alpha	S33r-4410	tier+score+element	-16.66	-5.56	10	2.15	0.53	27.41	6	seek	squad-10	1	bot-28
88466	bot-38	alpha	S33r-4410	tier+score+element	-16.42	-1.90	34	1.68	0.36	22.97	5	seek	squad-10	2	bot-28
88466	bot-40	alpha	S33r-4410	score	-21.90	-15.12	32	0.93	0.25	29.10	7	seek	squad-10	3	bot-28
88573	bot-3	alpha	P00r-2200	tick	-17.65	23.97	132	0.00	0.00		0		squad-1	0	bot-3
88573	bot-18	bravo	S00r-4320	ammo	-1.31	17.30	30	4.00	2.83	4.74	1	grenade	squad-2	1	bot-17
88573	bot-28	alpha	A33r-0320	ammo	-24.37	-12.39	39	0.00	0.00		0		squad-10	0	bot-28
88756	bot-28	alpha	A32r-0320	score	-24.37	-12.39	39	0.00	0.00		0		squad-10	0	bot-28
88756	bot-34	alpha	S32m-44A0	score	-18.03	-4.15	42	2.04	0.21	22.50	5	seek	squad-10	4	bot-28
88756	bot-35	alpha	S32r-4410	score	-16.69	-5.34	4	2.15	0.22	27.26	6	seek	squad-10	1	bot-28
88756	bot-38	alpha	S32r-4410	score	-16.32	-1.77	34	1.52	0.17	22.80	5	seek	squad-10	2	bot-28
88756	bot-40	alpha	S32r-4410	score	-21.91	-15.00	32	1.20	0.12	29.01	7	seek	squad-10	3	bot-28
88914	bot-33	bravo	S00r-3410	tick	-0.06	16.62	49	4.29	2.08	5.34	1	grenade	squad-2	3	bot-17
89018	bot-27	bravo	A00r-2320	tick	-8.13	7.85	225	4.11	2.41	4.68	1	grenade	squad-2	2	bot-17
89018	bot-39	bravo	S00r-4410	tick	-5.22	-0.92	236	0.28	1.18	23.23	3	seek	squad-2	4	bot-17
89142	bot-28	alpha	A32r-2320	ammo	-24.37	-12.39	39	0.00	0.00		0		squad-10	0	bot-28
89305	bot-17	bravo	S00r-4420	tick	2.10	20.56	20	4.46	2.62	3.52	1	grenade	squad-2	0	bot-17
89468	bot-27	bravo	A32r-2320	tier+score	-9.08	6.87	225	2.68	1.36	4.74	1	grenade	squad-2	2	bot-17
89468	bot-38	alpha	A32r-4410	state	-15.94	-1.53	47	0.67	0.44	22.39	4	seek	squad-10	2	bot-28
89604	bot-3	alpha	P00r-2200	tick	-17.65	23.97	132	0.00	0.00		0		squad-1	0	bot-3
89604	bot-18	bravo	S00r-4320	tick	0.27	19.12	48	4.18	2.41	4.40	1	grenade	squad-2	1	bot-17
89604	bot-38	alpha	A32r-441G	latches	-15.96	-1.53	39	0.09	0.01		0		squad-10	2	bot-28
89760	bot-27	bravo	A00r-2320	tier+score	-9.34	6.59	225	3.82	0.39	5.76	1	grenade	squad-2	2	bot-17
89760	bot-28	alpha	A32r-0320	ammo	-24.37	-12.39	38	0.00	0.00		0		squad-10	0	bot-28
89760	bot-34	alpha	S32m-44A0	tick	-17.47	-3.03	26	1.58	1.25	21.30	5	seek	squad-10	4	bot-28
89760	bot-35	alpha	S32r-4410	tick	-16.75	-4.23	38	1.64	1.12	26.41	6	seek	squad-10	1	bot-28
89760	bot-38	alpha	S32r-4410	state+latches	-15.96	-1.53	39	0.09	0.00		0		squad-10	2	bot-28
89760	bot-40	alpha	S32r-4410	tick	-21.38	-13.99	31	0.56	1.14	27.88	6	seek	squad-10	3	bot-28
89951	bot-33	bravo	S00r-3410	tick	1.80	18.57	27	4.17	2.69	3.90	1	grenade	squad-2	3	bot-17
90063	bot-39	bravo	S00r-4410	tick	-5.31	-1.21	229	0.99	0.30	23.00	3	seek	squad-2	4	bot-17
90063	bot-40	alpha	A32r-4410	state	-21.23	-13.69	22	2.35	0.33	27.54	5	seek	squad-10	3	bot-28
90219	bot-38	alpha	A32r-4410	state	-15.90	-1.50	83	0.06	0.07	12.55	4	seek	squad-10	2	bot-28
90323	bot-17	bravo	S00r-4420	tick	2.62	21.21	71	0.63	0.83	4.15	1	grenade	squad-2	0	bot-17
90323	bot-28	alpha	A32r-2320	ammo	-24.37	-12.39	38	0.00	0.00		0		squad-10	0	bot-28
90323	bot-38	alpha	A32r-441G	latches	-15.96	-1.53	73	1.07	0.07		0		squad-10	2	bot-28
90499	bot-38	alpha	S32r-4410	state+latches	-15.96	-1.53	73	1.07	0.00		0		squad-10	2	bot-28
90617	bot-3	alpha	P00r-2200	tick	-17.65	23.97	132	0.00	0.00		0		squad-1	0	bot-3
90617	bot-18	bravo	S00r-4320	tick	0.99	21.14	11	4.64	2.14	2.96	1	grenade	squad-2	1	bot-17
90740	bot-41	bravo	P00r-0410	initial	-12.45	-4.95	0	0.00			0			-1	
90740	bot-42	alpha	P00m-0420	initial	-23.45	-18.45	0	0.00			0			-1	
90790	bot-27	bravo	A00r-2320	tick	-10.98	4.93	226	3.82	2.33	4.85	1	grenade	squad-2	2	bot-17
90790	bot-28	alpha	C32r-2320	state	-24.37	-12.39	38	0.00	0.00		0		squad-10	0	bot-28
90790	bot-34	alpha	S32m-44A0	tick	-16.94	-2.11	44	1.67	1.06	20.26	5	seek	squad-10	4	bot-28
90790	bot-35	alpha	S32r-4410	tick	-16.68	-3.23	24	1.72	0.99	25.59	6	seek	squad-10	1	bot-28
90790	bot-41	bravo	S00r-4410	state+ammo	-12.45	-4.95	0	0.00	0.00		0		squad-13	0	bot-41
90790	bot-42	alpha	A32m-4420	state+tier+score+ammo	-23.45	-18.45	0	0.00	0.00		0		squad-10	5	bot-28
90939	bot-28	alpha	C32r-0322	ammo+latches	-24.37	-12.39	58	0.00	0.00		0		squad-10	0	bot-28
90939	bot-41	bravo	P00r-4410	state	-12.50	-5.08	347	2.57	0.14	12.38	2	seek	squad-13	0	bot-41
91076	bot-33	bravo	S00r-3410	tick	4.02	19.43	81	3.95	2.38	4.08	1	grenade	squad-2	3	bot-17
91076	bot-38	alpha	A32r-4410	state	-15.91	-1.51	26	0.03	0.06	11.21	4	seek	squad-10	2	bot-28
91076	bot-39	bravo	S00r-4410	tick	-5.20	-1.27	237	0.24	0.12	23.05	3	seek	squad-2	4	bot-17
91076	bot-40	alpha	A32r-4410	tick	-21.19	-13.67	46	0.00	0.05		0		squad-10	3	bot-28
91196	bot-27	bravo	C00r-2320	state	-11.24	4.65	222	3.21	0.39	5.53	1	grenade	squad-2	2	bot-17
91196	bot-35	alpha	A32r-4410	state	-16.62	-3.06	22	1.88	0.18	25.42	6	seek	squad-10	1	bot-28
91312	bot-27	bravo	C00r-2322	latches	-11.50	4.35	222	3.93	0.39	5.13	1	grenade	squad-2	2	bot-17
91312	bot-35	alpha	A32r-441G	latches	-16.64	-3.06	32	0.21	0.02		0		squad-10	1	bot-28
91447	bot-17	bravo	S00r-4420	tick	3.02	21.19	26	0.36	0.40	4.44	3	grenade	squad-2	0	bot-17
91447	bot-35	alpha	S32r-4410	state+latches	-16.64	-3.06	32	0.21	0.00		0		squad-10	1	bot-28
91447	bot-40	alpha	F32r-4410	state	-21.19	-13.67	46	0.00	0.00		0		squad-10	3	bot-28
91447	bot-41	bravo	C00r-4310	state+health	-12.72	-5.50	296	2.35	0.48	19.00	6	patrolReentry	squad-13	0	bot-41
91593	bot-27	bravo	C21r-2322	tier+score	-11.75	4.06	223	3.66	0.38	5.46	1	grenade	squad-2	2	bot-17
91593	bot-28	alpha	C32r-2322	ammo	-24.37	-12.39	59	0.00	0.00		0		squad-10	0	bot-28
91593	bot-38	alpha	F32r-4410	state	-16.00	-1.53	37	0.23	0.09		0		squad-10	2	bot-28
91593	bot-39	bravo	S32r-4410	tier+score	-5.17	-1.33	237	0.38	0.07	23.04	3	seek	squad-2	4	bot-17
91593	bot-41	bravo	E33r-4210	state+tier+score+health	-12.53	-5.37	283	4.56	0.23		0		squad-13	0	bot-41
91697	bot-3	alpha	P00r-2200	tick	-17.65	23.97	132	0.00	0.00		0		squad-1	0	bot-3
91697	bot-18	bravo	S00r-4320	tick	1.25	22.93	14	3.19	1.80	1.16	1	grenade	squad-2	1	bot-17
91697	bot-27	bravo	E33r-2220	state+tier+score+health+latches	-11.75	4.06	223	3.66	0.00		0		squad-2	2	bot-17
91697	bot-38	alpha	A32r-4410	state	-16.00	-1.53	37	0.07	0.00		0		squad-10	2	bot-28
91697	bot-39	bravo	S33r-4410	score	-5.17	-1.36	237	0.54	0.03	23.02	3	seek	squad-2	4	bot-17
91697	bot-40	alpha	A32r-4410	state	-21.19	-13.67	46	0.00	0.00		0		squad-10	3	bot-28
91697	bot-41	bravo	E33r-4219	latches	-12.16	-5.03	257	5.02	0.50	6.57	2	flee	squad-13	0	bot-41
91824	bot-34	alpha	S32m-44A0	tick	-16.65	-1.63	28	0.39	0.56	19.72	4	seek	squad-10	4	bot-28
91824	bot-38	alpha	F32r-4410	state	-16.00	-1.53	37	0.02	0.00		0		squad-10	2	bot-28
91824	bot-40	alpha	F32r-4410	state	-21.19	-13.67	46	0.00	0.00		0		squad-10	3	bot-28
91824	bot-42	alpha	A32m-4420	tick	-23.49	-18.39	40	0.60	0.07		0		squad-10	5	bot-28
91924	bot-35	alpha	A32r-4410	state	-16.55	-2.86	35	0.95	0.21	11.50	4	seek	squad-10	1	bot-28
91924	bot-38	alpha	A32r-4410	state	-16.00	-1.53	37	0.01	0.00		0		squad-10	2	bot-28
91924	bot-40	alpha	A32r-4410	state	-21.19	-13.67	46	0.00	0.00		0		squad-10	3	bot-28
92052	bot-35	alpha	A32r-441G	latches	-16.55	-2.86	34	0.00	0.00		0		squad-10	1	bot-28
92052	bot-40	alpha	F32r-4410	state	-21.19	-13.67	46	0.00	0.00		0		squad-10	3	bot-28
92188	bot-27	bravo	E33r-2229	latches	-11.96	3.52	221	3.84	0.57	5.29	1	grenade	squad-2	2	bot-17
92188	bot-28	alpha	C32r-0322	ammo	-24.37	-12.39	58	0.00	0.00		0		squad-10	0	bot-28
92188	bot-33	bravo	S00r-3410	tick	4.90	19.58	68	1.21	0.89	3.93	1	grenade	squad-2	3	bot-17
92188	bot-35	alpha	S32r-4410	state+latches	-16.55	-2.86	34	0.00	0.00		0		squad-10	1	bot-28
92188	bot-38	alpha	F32r-4410	state	-15.98	-1.53	39	0.00	0.03		0		squad-10	2	bot-28
92188	bot-39	bravo	S44rm4410	tier+score+element	-5.16	-1.50	230	0.84	0.14	22.96	3	seek	squad-2	4	bot-17
92188	bot-41	bravo	E45rb4119	tier+score+element+health	-11.39	-4.36	226	5.06	1.02	5.55	2	flee	squad-13	0	bot-41
92322	bot-27	bravo	E45rb2120	tier+score+element+health+latches	-11.65	3.52	218	6.05	0.30	3.70	1	flee	squad-2	2	bot-17
92322	bot-38	alpha	A32r-4410	state	-15.96	-1.53	39	0.00	0.01		0		squad-10	2	bot-28
92322	bot-39	bravo	S45rm4410	score	-5.17	-1.53	230	0.69	0.03	22.93	3	seek	squad-2	4	bot-17
92322	bot-40	alpha	C32r-4410	state	-21.19	-13.67	46	0.00	0.00		0		squad-10	3	bot-28
92322	bot-41	bravo	E46rb4019	score+health	-11.20	-4.19	226	5.13	0.26	5.29	2	flee	squad-13	0	bot-41
92458	bot-17	bravo	S00r-4420	tick	3.09	21.17	12	0.35	0.07	4.39	1	grenade	squad-2	0	bot-17
92458	bot-27	bravo	E46rb2129	score+latches	-11.88	3.36	224	4.86	0.28	5.22	1	grenade	squad-2	2	bot-17
92458	bot-38	alpha	F32r-4410	state	-15.96	-1.53	40	0.00	0.01		0		squad-10	2	bot-28
92458	bot-38	alpha	F32r-3410	ammo	-15.96	-1.53	40	0.00	0.00		0		squad-10	2	bot-28
92458	bot-39	bravo	S47rm4410	score	-5.16	-1.57	230	0.78	0.04	22.92	3	seek	squad-2	4	bot-17
92458	bot-40	alpha	P32r-4410	state	-21.19	-13.67	47	0.00	0.00		0		squad-10	3	bot-28
92458	bot-41	bravo	D00r--000	state+tier+score+element+ammo+packs+latches	-11.20	-4.19	226	0.00	0.00	5.29	2	flee	squad-13	0	bot-41
92458	bot-42	alpha	C32m-4420	state	-23.49	-18.38	41	0.63	0.01		0		squad-10	5	bot-28
92627	bot-11	bravo	D00r--000	tick	-5.08	8.32	312	0.00	0.00		0		squad-2	-1	bot-17
92627	bot-27	bravo	E39r-2020	tier+score+element+health+latches	-11.58	3.37	220	5.95	0.30	3.63	1	flee	squad-2	2	bot-17
92627	bot-38	alpha	A32r-3410	state	-15.95	-1.53	40	0.00	0.01		0		squad-10	2	bot-28
92627	bot-39	bravo	S39r-4410	tier+score+element	-5.17	-1.60	237	0.67	0.03	22.90	3	seek	squad-2	4	bot-17
92627	bot-40	alpha	S32r-4410	state	-21.19	-13.67	47	0.00	0.00		0		squad-10	3	bot-28
92627	bot-42	alpha	S32m-4420	state	-23.46	-18.31	31	1.52	0.08	2.80	2	cover	squad-10	5	bot-28
92793	bot-3	alpha	P00r-2200	tick	-17.65	23.97	132	0.00	0.00		0		squad-1	0	bot-3
92793	bot-18	bravo	S00r-4320	tick	1.18	23.91	28	2.88	0.99	0.39	0	grenade	squad-2	1	bot-17
92793	bot-27	bravo	E39r-2029	latches	-11.28	3.39	222	5.84	0.30	3.34	1	flee	squad-2	2	bot-17
92793	bot-28	alpha	A32r-2320	state+ammo+latches	-24.37	-12.39	45	0.00	0.00		0		squad-10	0	bot-28
92959	bot-34	alpha	S32m-44A0	tick	-16.45	-1.64	44	1.01	0.20	19.58	4	seek	squad-10	4	bot-28
92959	bot-38	alpha	C32r-3410	state	-15.94	-1.53	44	0.19	0.01		0		squad-10	2	bot-28
93113	bot-27	bravo	E39r-2020	latches	-11.17	3.37	223	5.82	0.12	5.20	1	flee	squad-2	2	bot-17
93113	bot-38	alpha	C32r-3412	latches	-15.85	-1.46	44	1.28	0.11	5.24	1	muzzleRecovery	squad-10	2	bot-28
93232	bot-27	bravo	E39r-2029	latches	-11.30	3.22	225	3.80	0.20	5.18	1	grenade	squad-2	2	bot-17
93232	bot-33	bravo	S00r-3410	tick	5.18	19.67	54	0.45	0.29	4.83	1	grenade	squad-2	3	bot-17
93232	bot-35	alpha	S32r-4410	tick	-16.39	-2.62	65	0.72	0.29	10.10	4	seek	squad-10	1	bot-28
93361	bot-27	bravo	E39r-2020	latches	-11.44	3.07	225	4.08	0.20	4.97	1	grenade	squad-2	2	bot-17
93361	bot-28	alpha	A32r-0320	ammo	-24.37	-12.39	40	0.00	0.00		0		squad-10	0	bot-28
93479	bot-17	bravo	S00r-4420	tick	3.17	21.18	37	0.76	0.09	1.23	1	grenade	squad-2	0	bot-17
93604	bot-27	bravo	E39r-2029	latches	-11.32	3.05	222	4.08	0.12	5.40	1	grenade	squad-2	2	bot-17
93720	bot-27	bravo	E39r-2020	latches	-11.08	3.18	225	4.72	0.28	5.20	1	flee	squad-2	2	bot-17
93720	bot-38	alpha	C32r-2412	ammo	-15.80	-1.41	46	0.06	0.08	5.26	0		squad-10	2	bot-28
93720	bot-39	bravo	S39r-4410	tick	-5.14	-1.83	238	0.83	0.23	22.79	3	seek	squad-2	4	bot-17
93720	bot-40	alpha	S32r-4410	tick	-20.70	-12.66	30	2.67	1.12	18.67	5	seek	squad-10	3	bot-28
93720	bot-42	alpha	S32m-4420	tick	-22.96	-17.31	47	2.74	1.12	15.12	3	seek	squad-10	5	bot-28
93724	bot-27	bravo	D00r--000	state+tier+score+ammo+packs	-11.08	3.18	225	0.00	0.00	5.20	1	flee	squad-2	2	bot-17
93852	bot-3	alpha	P00r-2200	tick	-17.65	23.97	132	0.00	0.00		0		squad-1	0	bot-3
93852	bot-19	alpha	D00r--000	tick	15.19	15.84	112	0.00	0.00	5.60	0		squad-1	-1	bot-3
93852	bot-17	bravo	E33r-4220	state+tier+score+health	3.16	21.23	32	1.20	0.05		0		squad-2	0	bot-17
93852	bot-18	bravo	E33r-4120	state+tier+score+health	1.19	23.94	73	0.64	0.03		0		squad-2	1	bot-17
93852	bot-28	alpha	C32r-0320	state	-24.37	-12.39	40	0.00	0.00		0		squad-10	0	bot-28
93852	bot-33	bravo	S33r-3310	tier+score+health	4.94	19.56	32	5.40	0.26	42.01	7	seek	squad-2	2	bot-17
93988	bot-17	bravo	E33r-4229	latches	3.31	21.20	32	0.72	0.15	5.53	2	flee	squad-2	0	bot-17
93988	bot-18	bravo	E33r-4129	latches	1.21	23.93	73	0.39	0.02	0.36	1	flee	squad-2	1	bot-17
93988	bot-28	alpha	A32r-2320	state+ammo	-24.36	-12.39	51	0.21	0.01	4.30	2	cover	squad-10	0	bot-28
93988	bot-34	alpha	S32m-44A0	tick	-16.31	-1.62	23	0.64	0.14	19.47	4	seek	squad-10	4	bot-28
94126	bot-38	alpha	A32r-2410	state+latches	-15.79	-1.40	59	0.40	0.01	5.26	4	cover	squad-10	2	bot-28
94268	bot-35	alpha	C32r-4410	state	-16.32	-2.51	42	0.35	0.13	10.21	4	seek	squad-10	1	bot-28
94448	bot-18	bravo	E33r-4120	latches	1.19	23.93	73	0.64	0.02		0		squad-2	1	bot-17
94448	bot-35	alpha	C32r-4412	latches	-16.28	-2.50	68	0.67	0.04	5.48	5	cover	squad-10	1	bot-28
94448	bot-38	alpha	A32r-241G	latches	-15.82	-1.42	40	0.13	0.03		0		squad-10	2	bot-28
94558	bot-28	alpha	A00r-0320	tier+score+ammo	-24.39	-12.36	40	0.12	0.04		0		squad-10	0	bot-28
94558	bot-34	alpha	S00m-44A0	tier+score	-16.32	-1.62	43	0.50	0.01	19.48	4	seek	squad-10	4	bot-28
94558	bot-35	alpha	A00r-4410	state+tier+score+latches	-16.28	-2.50	68	0.67	0.00	5.48	5	cover	squad-10	1	bot-28
94558	bot-38	alpha	S00r-2410	state+tier+score+latches	-15.81	-1.41	40	0.13	0.01		0		squad-10	2	bot-28
94558	bot-40	alpha	S00r-4410	tier+score	-20.38	-11.93	28	2.61	0.80	17.87	5	seek	squad-10	3	bot-28
94558	bot-42	alpha	S00m-4420	tier+score	-22.58	-16.60	24	3.20	0.81	14.36	3	seek	squad-10	5	bot-28
94703	bot-35	alpha	A00r-441G	latches	-16.32	-2.50	58	0.61	0.03		0		squad-10	1	bot-28
94703	bot-39	bravo	S38r-4410	score	-5.15	-2.04	238	0.60	0.20	22.68	3	seek	squad-2	3	bot-17
94818	bot-35	alpha	S00r-4410	state+latches	-16.32	-2.50	58	0.61	0.00		0		squad-10	1	bot-28
94954	bot-3	alpha	P00r-2200	tick	-17.65	23.97	132	0.00	0.00		0		squad-1	0	bot-3
94954	bot-18	bravo	H33r-4120	state	1.15	24.01	73	0.07	0.08		0		squad-2	1	bot-17
94954	bot-33	bravo	S33r-3310	tick	3.69	19.03	289	1.91	1.36	40.75	7	seek	squad-2	2	bot-17
94954	bot-38	alpha	A00r-2410	state	-15.80	-1.41	72	0.21	0.01	31.38	6	seek	squad-10	2	bot-28
95073	bot-17	bravo	E33r-4229	tick	3.84	21.22	32	0.34	0.53	5.07	2	flee	squad-2	0	bot-17
95073	bot-38	alpha	A00r-241G	latches	-15.81	-1.42	62	0.09	0.02		0		squad-10	2	bot-28
95193	bot-18	bravo	H33r-4220	health	1.15	24.01	104	0.00	0.00		0		squad-2	1	bot-17
95193	bot-28	alpha	A00r-2320	ammo	-24.39	-12.35	40	0.02	0.01		0		squad-10	0	bot-28
95193	bot-39	bravo	S36r-4410	score	-5.15	-2.13	238	0.45	0.09	22.63	3	seek	squad-2	3	bot-17
95310	bot-34	alpha	P00m-44A0	state	-16.35	-1.64	43	0.55	0.03	19.52	4	seek	squad-10	4	bot-28
95310	bot-38	alpha	S00r-2410	state+latches	-15.82	-1.41	62	0.63	0.00		0		squad-10	2	bot-28
95449	bot-39	bravo	S35r-4410	score	-5.14	-2.15	239	0.49	0.02	22.63	3	seek	squad-2	3	bot-17
95577	bot-39	bravo	S34r-4410	score	-5.15	-2.15	239	0.17	0.01	22.62	3	seek	squad-2	3	bot-17
95577	bot-40	alpha	S00r-4410	tick	-19.93	-10.91	30	2.68	1.11	16.77	5	seek	squad-10	3	bot-28
95577	bot-42	alpha	S00m-4420	tick	-22.12	-15.74	49	1.54	0.98	13.44	3	seek	squad-10	5	bot-28
95740	bot-38	alpha	A00r-2410	state	-15.80	-1.41	36	0.22	0.02	30.98	6	seek	squad-10	2	bot-28
95740	bot-43	bravo	P00r-0410	initial	-14.95	16.55	0	0.00			0			-1	
95740	bot-44	alpha	P00r-0410	initial	7.05	20.05	0	0.00			0			-1	
95870	bot-28	alpha	A00r-0320	ammo	-24.39	-12.35	40	0.00	0.00		0		squad-10	0	bot-28
95870	bot-35	alpha	S00r-4410	tick	-16.35	-2.51	65	0.40	0.03	34.04	8	seek	squad-10	1	bot-28
95870	bot-43	bravo	S00r-4410	state+ammo	-14.95	16.55	0	0.00	0.00		0		squad-13	0	
95870	bot-44	alpha	P00r-4410	ammo	7.05	20.05	0	0.00	0.00		0		squad-14	0	bot-44
95992	bot-3	alpha	P00r-2200	tick	-17.65	23.97	132	0.00	0.00		0		squad-1	0	bot-3
95992	bot-33	bravo	S33r-3310	tick	2.97	18.70	237	1.83	0.80	40.01	7	seek	squad-2	2	bot-17
95992	bot-38	alpha	A00r-241G	latches	-15.82	-1.42	41	0.04	0.02		0		squad-10	2	bot-28
96140	bot-17	bravo	E33r-4229	tick	4.46	21.48	32	0.28	0.67	4.42	2	flee	squad-2	0	bot-17
96140	bot-38	alpha	S00r-2410	state+latches	-15.82	-1.42	41	0.04	0.00		0		squad-10	2	bot-28
96311	bot-18	bravo	H33r-4220	tick	1.15	24.01	191	0.00	0.00		0		squad-2	1	bot-17
96311	bot-34	alpha	P00m-44A0	tick	-16.36	-1.72	30	0.01	0.07		0		squad-10	4	bot-28
96426	bot-28	alpha	A00r-2320	ammo	-24.39	-12.35	40	0.00	0.00		0		squad-10	0	bot-28
96545	bot-38	alpha	A00r-2410	state	-15.81	-1.41	36	0.21	0.01	31.39	6	seek	squad-10	2	bot-28
96671	bot-38	alpha	A00r-241G	latches	-15.82	-1.42	42	0.53	0.02		0		squad-10	2	bot-28
96671	bot-39	bravo	S34r-4410	tick	-5.00	-2.27	234	1.41	0.19	22.69	3	seek	squad-2	3	bot-17
96671	bot-40	alpha	S00r-4410	tick	-19.43	-9.47	31	3.91	1.53	15.27	5	seek	squad-10	3	bot-28
96671	bot-42	alpha	S00m-4420	tick	-21.95	-15.10	3	1.13	0.66	12.90	4	seek	squad-10	5	bot-28
96814	bot-17	bravo	E00r-4229	tier+score	4.86	21.78	32	2.78	0.50	3.92	2	flee	squad-2	0	bot-17
96814	bot-18	bravo	H00r-4220	tier+score	1.15	24.01	169	0.00	0.00		0		squad-2	1	bot-17
96814	bot-33	bravo	S00r-3310	tier+score	2.41	18.43	232	2.13	0.62	39.44	7	seek	squad-2	2	bot-17
96814	bot-38	alpha	S00r-2410	state+latches	-15.82	-1.42	42	0.53	0.00		0		squad-10	2	bot-28
96931	bot-35	alpha	A00r-4410	state	-16.34	-2.54	40	0.23	0.03	34.06	8	seek	squad-10	1	bot-28
96931	bot-43	bravo	S00r-4410	tick	-14.02	16.06	244	1.81	1.05	17.62	7	seek	squad-13	0	
96931	bot-44	alpha	P00r-4410	tick	7.90	19.24	116	2.18	1.17		3	patrol	squad-14	0	bot-44
97092	bot-3	alpha	P00r-2200	tick	-17.65	23.97	132	0.00	0.00		0		squad-1	0	bot-3
97092	bot-28	alpha	A00r-0320	ammo	-24.39	-12.35	41	0.00	0.00		0		squad-10	0	bot-28
97092	bot-35	alpha	A00r-441G	latches	-16.39	-2.53	41	1.14	0.06		0		squad-10	1	bot-28
97224	bot-35	alpha	S00r-4410	state+latches	-16.39	-2.53	41	1.14	0.00		0		squad-10	1	bot-28
97224	bot-38	alpha	A00r-2410	state	-15.82	-1.41	71	0.10	0.02	33.24	7	seek	squad-10	2	bot-28
97337	bot-34	alpha	P00m-44A0	tick	-16.36	-1.72	30	0.00	0.00		0		squad-10	4	bot-28
97337	bot-38	alpha	A00r-241G	latches	-15.83	-1.43	61	0.53	0.02		0		squad-10	2	bot-28
97337	bot-42	alpha	A00m-4420	state	-21.94	-14.82	51	1.47	0.27	12.72	4	seek	squad-10	5	bot-28
97476	bot-38	alpha	S00r-2410	state+latches	-15.83	-1.43	61	0.53	0.00		0		squad-10	2	bot-28
97476	bot-42	alpha	A00m-442G	latches	-21.92	-14.83	41	0.52	0.02		0		squad-10	5	bot-28
97629	bot-42	alpha	S00m-4420	state+latches	-21.92	-14.83	41	0.52	0.00		0		squad-10	5	bot-28
97761	bot-28	alpha	A00r-2320	ammo	-24.39	-12.35	41	0.00	0.00		0		squad-10	0	bot-28
97761	bot-39	bravo	S34r-4410	tick	-4.62	-2.28	239	1.59	0.38	23.01	3	seek	squad-2	3	bot-17
97761	bot-40	alpha	S00r-4410	tick	-18.91	-8.45	32	2.55	1.14	14.13	5	seek	squad-10	3	bot-28
97897	bot-17	bravo	E00r-4229	tick	5.92	22.55	32	2.63	1.31	2.61	1	flee	squad-2	0	bot-17
97897	bot-18	bravo	H00r-4220	tick	1.14	24.04	250	0.00	0.04		0		squad-2	1	bot-17
97897	bot-33	bravo	S00r-3310	tick	1.58	18.05	222	2.39	0.92	38.59	7	seek	squad-2	2	bot-17
97897	bot-38	alpha	A00r-2410	state	-15.82	-1.41	47	0.10	0.02	33.24	7	seek	squad-10	2	bot-28
98010	bot-38	alpha	A00r-241G	latches	-15.83	-1.43	42	0.54	0.02		0		squad-10	2	bot-28
98010	bot-43	bravo	S00r-4410	tick	-13.60	15.64	188	1.25	0.60	17.25	6	seek	squad-13	0	bot-43
98010	bot-44	alpha	P00r-4410	tick	8.53	18.63	114	2.56	0.88	2.02	3	packseek	squad-14	0	bot-44
98129	bot-3	alpha	P00r-2200	tick	-17.65	23.97	132	0.00	0.00		0		squad-1	0	bot-3
98129	bot-18	bravo	H00r-4320	health	1.14	24.04	268	0.00	0.00		0		squad-2	1	bot-17
98259	bot-35	alpha	A00r-4410	state	-16.34	-2.55	83	0.10	0.06	35.09	8	seek	squad-10	1	bot-28
98259	bot-38	alpha	S00r-2410	state+latches	-15.83	-1.43	42	0.15	0.01		0		squad-10	2	bot-28
98383	bot-28	alpha	A00r-0320	ammo	-24.39	-12.35	41	0.00	0.00		0		squad-10	0	bot-28
98383	bot-34	alpha	P00m-44A0	tick	-16.38	-1.74	30	0.48	0.02		0		squad-10	4	bot-28
98383	bot-35	alpha	A00r-441G	latches	-16.36	-2.55	73	0.70	0.02		0		squad-10	1	bot-28
98571	bot-35	alpha	S00r-4410	state+latches	-16.36	-2.55	73	0.70	0.00		0		squad-10	1	bot-28
98767	bot-38	alpha	A00r-2410	state	-15.82	-1.41	41	0.10	0.03	33.89	7	seek	squad-10	2	bot-28
98767	bot-39	bravo	S34r-4410	tick	-4.29	-2.24	237	0.23	0.34	23.32	3	seek	squad-2	3	bot-17
98767	bot-40	alpha	S00r-4410	tick	-18.43	-7.64	34	2.78	0.95	13.19	5	seek	squad-10	3	bot-28
98767	bot-42	alpha	S00m-4420	tick	-21.45	-14.08	24	2.25	0.88	43.52	10	seek	squad-10	5	bot-28
98923	bot-17	bravo	E00r-4229	tick	6.47	23.00	32	2.02	0.71	1.90	1	flee	squad-2	0	bot-17
98923	bot-33	bravo	S00r-3310	tick	0.85	17.71	243	1.45	0.80	37.86	7	seek	squad-2	2	bot-17
98923	bot-38	alpha	A00r-241G	latches	-15.83	-1.43	42	0.54	0.02		0		squad-10	2	bot-28
99042	bot-28	alpha	A00r-2320	ammo	-24.39	-12.35	41	0.00	0.00		0		squad-10	0	bot-28
99042	bot-38	alpha	S00r-2410	state+latches	-15.83	-1.43	42	0.54	0.00		0		squad-10	2	bot-28
99042	bot-43	bravo	S00r-4410	tick	-13.36	15.37	189	1.07	0.36	17.01	6	seek	squad-13	0	bot-43
99042	bot-44	alpha	P00r-4410	tick	9.31	18.02	99	2.91	0.99	1.35	2	packseek	squad-14	0	bot-44
99190	bot-3	alpha	P00r-2200	tick	-17.65	23.97	132	0.00	0.00		0		squad-1	0	bot-3
99190	bot-18	bravo	H00r-4320	tick	1.14	24.04	196	0.00	0.00		0		squad-2	1	bot-17
99356	bot-35	alpha	A00r-4410	state	-16.34	-2.57	43	0.17	0.03	36.44	8	seek	squad-10	1	bot-28
99356	bot-38	alpha	A00r-2410	state	-15.81	-1.41	71	0.22	0.03	34.55	7	seek	squad-10	2	bot-28
99483	bot-34	alpha	P00m-44A0	tick	-16.43	-1.75	30	0.00	0.06		0		squad-10	4	bot-28
99483	bot-35	alpha	A00r-441G	latches	-16.40	-2.56	42	1.19	0.06		0		squad-10	1	bot-28
99625	bot-28	alpha	A00r-0320	ammo	-24.39	-12.35	41	0.00	0.00		0		squad-10	0	bot-28
99625	bot-35	alpha	S00r-4410	state+latches	-16.40	-2.56	42	1.19	0.00		0		squad-10	1	bot-28
99625	bot-38	alpha	A00r-241G	latches	-15.82	-1.42	50	0.15	0.02		0		squad-10	2	bot-28
99800	bot-38	alpha	S00r-2410	state+latches	-15.82	-1.42	50	0.15	0.00		0		squad-10	2	bot-28
99800	bot-39	bravo	S34r-4410	tick	-3.98	-2.30	240	0.30	0.31	23.55	3	seek	squad-2	3	bot-17
99800	bot-40	alpha	S00r-4410	tick	-17.87	-6.78	32	2.32	1.02	12.17	5	seek	squad-10	3	bot-28
99800	bot-42	alpha	S00m-4420	tick	-20.99	-13.09	39	2.58	1.09	42.46	9	seek	squad-10	5	bot-28
99970	bot-17	bravo	E00r-4229	tick	7.28	23.58	32	3.47	0.99	0.91	1	flee	squad-2	0	bot-17
99970	bot-18	bravo	S00r-4320	state	1.14	24.04	180	0.00	0.00		0		squad-2	1	bot-17
99970	bot-33	bravo	S00r-3310	tick	0.21	17.07	222	1.90	0.91	36.95	6	seek	squad-2	2	bot-17
99970	bot-44	alpha	P00r-4420	packs	10.30	17.96	87	1.79	1.00	0.64	2	patrol	squad-14	0	bot-44
100160	bot-43	bravo	S00r-4410	tick	-13.12	14.99	162	1.13	0.45	16.68	6	seek	squad-13	0	bot-43
100330	bot-3	alpha	P00r-2200	tick	-17.65	23.97	132	0.00	0.00		0		squad-1	0	bot-3
100330	bot-28	alpha	A00r-2320	ammo	-24.39	-12.35	42	0.00	0.00		0		squad-10	0	bot-28
100330	bot-34	alpha	S00m-44A0	state	-16.45	-1.76	30	0.00	0.02		0		squad-10	4	bot-28
100330	bot-38	alpha	A00r-2410	state	-15.82	-1.41	43	0.21	0.02	34.55	7	seek	squad-10	2	bot-28
100330	bot-43	bravo	S32r-4410	tier+score	-13.09	14.94	175	1.19	0.06	16.64	6	seek	squad-13	0	bot-43
100532	bot-38	alpha	F00r-2410	state	-15.82	-1.41	43	0.00	0.00		0		squad-10	2	bot-28
100532	bot-39	bravo	P32r-4410	state+score	-3.97	-2.32	238	0.64	0.02	23.55	3	seek	squad-2	3	bot-17
100663	bot-17	bravo	E00r-4129	health	7.86	23.93	32	0.00	0.68		0		squad-2	0	bot-17
100663	bot-18	bravo	S21r-4320	tier+score	0.96	23.66	213	2.21	0.42	45.52	8	seek	squad-2	1	bot-17
100663	bot-33	bravo	A33r-3310	state+tier+score	0.00	16.86	222	1.95	0.29	36.65	6	seek	squad-2	2	bot-17
100663	bot-35	alpha	S00r-4410	tick	-16.34	-2.54	67	0.41	0.06	37.46	8	seek	squad-10	1	bot-28
100663	bot-38	alpha	A00r-241G	state+latches	-15.82	-1.42	43	0.57	0.02		0		squad-10	2	bot-28
100663	bot-39	bravo	C32r-4410	state	-3.97	-2.29	251	0.64	0.03	32.68	0		squad-2	3	bot-17
100831	bot-3	alpha	C00r-2200	state	-17.65	23.97	132	0.00	0.00		0		squad-1	0	bot-3
100831	bot-17	bravo	E00r-4120	latches	7.86	23.93	32	0.00	0.00		0		squad-2	0	bot-17
100831	bot-28	alpha	A00r-232G	latches	-24.39	-12.35	40	0.00	0.00		0		squad-10	0	bot-28
100831	bot-33	bravo	A33r-331G	latches	0.00	16.86	220	0.00	0.00		0		squad-2	2	bot-17
100831	bot-35	alpha	A00r-4410	state	-16.34	-2.54	67	0.41	0.00	37.46	8	seek	squad-10	1	bot-28
100831	bot-38	alpha	S00r-2410	state+latches	-15.82	-1.42	43	0.14	0.01		0		squad-10	2	bot-28
100831	bot-39	bravo	P32r-4410	state	-3.95	-2.27	251	0.88	0.03		0		squad-2	3	bot-17
100831	bot-40	alpha	S00r-4410	tick	-17.48	-6.16	35	2.30	0.74	11.43	5	seek	squad-10	3	bot-28
100831	bot-42	alpha	S00m-4420	tick	-20.69	-12.42	27	2.52	0.74	41.75	9	seek	squad-10	5	bot-28
100831	bot-45	bravo	P00m-0420	initial	-15.45	12.55	0	0.00			0			-1	
100981	bot-3	alpha	C00r-2202	latches	-17.65	23.97	153	0.00	0.00		0		squad-1	0	bot-3
100981	bot-28	alpha	S00r-0320	state+ammo+latches	-24.39	-12.35	40	0.00	0.00		0		squad-10	0	bot-28
100981	bot-33	bravo	S33r-3310	state+latches	0.00	16.86	220	0.00	0.00		0		squad-2	2	bot-17
100981	bot-35	alpha	A00r-441G	latches	-16.40	-2.53	56	1.08	0.06		0		squad-10	1	bot-28
100981	bot-44	alpha	P00r-4420	tick	10.78	18.11	52	2.21	0.50	0.50	2	patrol	squad-14	0	bot-44
100981	bot-45	bravo	S32m-4420	state+tier+score+ammo	-15.45	12.55	0	0.00	0.00		0		squad-13	1	bot-43
101150	bot-35	alpha	S00r-4410	state+latches	-16.40	-2.53	56	1.08	0.00		0		squad-10	1	bot-28
101150	bot-45	bravo	P32m-4420	state	-15.45	12.63	347	0.87	0.08	27.37	11	seek	squad-13	1	bot-43
101288	bot-28	alpha	A00r-0320	state	-24.30	-12.24	36	1.52	0.14	35.14	6	seek	squad-10	0	bot-28
101288	bot-38	alpha	A00r-2410	state	-15.80	-1.41	45	0.18	0.02	36.28	6	seek	squad-10	2	bot-28
101443	bot-17	bravo	H00r-4120	state	7.86	23.93	32	0.00	0.00		0		squad-2	0	bot-17
101443	bot-34	alpha	S00m-44A0	tick	-16.29	-1.63	46	0.24	0.20	33.61	7	seek	squad-10	4	bot-28
101443	bot-38	alpha	F00r-2410	state	-15.79	-1.41	43	0.00	0.01		0		squad-10	2	bot-28
101443	bot-43	bravo	S32r-4410	tick	-12.87	14.53	178	1.54	0.46	16.28	6	seek	squad-13	0	bot-43
101579	bot-17	bravo	H00r-4020	health	7.86	23.93	12	0.00	0.00		0		squad-2	0	bot-17
101579	bot-18	bravo	S32r-4320	tier+score	0.71	23.00	197	2.42	0.70	44.84	8	seek	squad-2	1	bot-17
101579	bot-28	alpha	A00r-2320	ammo	-24.33	-12.18	42	0.30	0.07		0		squad-10	0	bot-28
101579	bot-33	bravo	S34r-3310	score	-0.31	16.65	222	1.71	0.38	36.29	6	seek	squad-2	2	bot-17
101579	bot-38	alpha	A00r-241G	state+latches	-15.81	-1.41	43	0.57	0.02		0		squad-10	2	bot-28
101579	bot-39	bravo	C32r-4410	state	-3.54	-2.18	298	2.12	0.41		0		squad-2	3	bot-17
101750	bot-33	bravo	S32r-3310	score	-0.38	16.59	222	1.82	0.09	36.20	6	seek	squad-2	2	bot-17
101750	bot-38	alpha	S00r-2410	state+latches	-15.81	-1.41	43	0.18	0.00		0		squad-10	2	bot-28
101750	bot-39	bravo	P00r-4410	state+tier+score	-3.51	-2.19	298	0.78	0.03		0		squad-2	3	bot-17
101750	bot-43	bravo	S00r-4410	tier+score	-12.79	14.39	152	1.69	0.17	16.16	6	seek	squad-13	0	bot-43
101750	bot-45	bravo	P00m-4420	tier+score	-15.47	12.68	5	0.22	0.05		0		squad-13	1	bot-43
101905	bot-33	bravo	A32r-3310	state	-0.38	16.59	222	1.82	0.00	36.20	6	seek	squad-2	2	bot-17
101905	bot-40	alpha	S00r-4410	tick	-17.13	-5.59	32	2.24	0.67	10.76	4	seek	squad-10	3	bot-28
101905	bot-42	alpha	S00m-4420	tick	-20.33	-11.55	39	2.75	0.94	40.85	9	seek	squad-10	5	bot-28
102037	bot-3	alpha	C00r-2202	tick	-17.65	23.97	153	0.00	0.00		0		squad-1	0	bot-3
102037	bot-28	alpha	A00r-232G	latches	-24.34	-12.16	40	0.11	0.02		0		squad-10	0	bot-28
102037	bot-33	bravo	A32r-331G	latches	-0.38	16.59	220	0.00	0.00		0		squad-2	2	bot-17
102037	bot-44	alpha	P00r-4420	tick	11.48	18.39	54	2.21	0.76	0.94	2	patrol	squad-14	0	bot-44
102178	bot-28	alpha	S00r-0320	state+ammo+latches	-24.34	-12.16	40	0.11	0.00		0		squad-10	0	bot-28
102178	bot-33	bravo	S32r-3310	state+latches	-0.38	16.59	220	0.00	0.00		0		squad-2	2	bot-17
102178	bot-35	alpha	S00r-4410	tick	-16.34	-2.49	92	0.38	0.07	38.50	8	seek	squad-10	1	bot-28
102178	bot-38	alpha	A00r-2410	state	-15.81	-1.41	72	0.12	0.00	36.29	7	seek	squad-10	2	bot-28
102455	bot-34	alpha	S00m-44A0	tick	-16.31	-1.63	34	0.54	0.01	33.62	7	seek	squad-10	4	bot-28
102455	bot-35	alpha	A00r-4410	state	-16.34	-2.49	92	0.38	0.00	38.50	8	seek	squad-10	1	bot-28
105697	bot-3	alpha	C00r-2202	tick	-17.65	23.97	153	0.00	0.00		1	muzzleRecovery	squad-1	0	bot-3
105697	bot-3	alpha	P00r-2200	state+latches	-17.65	23.97	153	4.32	0.00		1	muzzleRecovery	squad-1	0	bot-3
105697	bot-17	bravo	H00r-4020	tick	7.86	23.93	310	0.00	0.00		0		squad-2	0	bot-17
105697	bot-18	bravo	S00r-4320	tier+score	0.50	22.33	201	1.92	0.70	44.17	8	seek	squad-2	1	bot-17
105697	bot-28	alpha	A00r-2320	state+ammo	-24.21	-12.02	42	2.51	0.19	34.91	6	seek	squad-10	0	bot-28
105697	bot-33	bravo	S00r-3310	tier+score	-0.57	16.48	222	2.05	0.22	35.62	6	seek	squad-2	2	bot-17
105697	bot-34	alpha	S00m-44A0	tick	-16.33	-1.66	46	0.75	0.04	33.66	7	seek	squad-10	4	bot-28
105697	bot-35	alpha	S00r-4410	state	-16.34	-2.49	82	0.00	0.00		0		squad-10	1	bot-28
105697	bot-38	alpha	S00r-2410	state	-15.81	-1.41	52	0.44	0.00		0		squad-10	2	bot-28
105697	bot-39	bravo	P00r-4410	tick	-3.50	-2.19	298	0.00	0.01		0		squad-2	3	bot-17
105697	bot-40	alpha	P00r-4410	state	-17.07	-5.28	19	2.09	0.32	10.46	4	seek	squad-10	3	bot-28
105697	bot-42	alpha	S00m-4420	tick	-20.10	-11.05	39	2.68	0.55	40.32	9	seek	squad-10	5	bot-28
105697	bot-43	bravo	S00r-4410	tick	-12.54	13.95	148	2.52	0.50	15.78	6	seek	squad-13	0	bot-43
105697	bot-44	alpha	P00r-4420	tick	11.80	18.54	59	2.37	0.36	1.25	0		squad-14	0	bot-44
105697	bot-45	bravo	P00m-4420	tick	-15.83	12.70	293	1.57	0.36	5.88	4	squad	squad-13	1	bot-43
105697	bot-46	bravo	P00r-0410	initial	-15.95	14.05	0	0.00			0			-1	
105997	bot-46	bravo	P00r-4410	ammo	-15.95	14.05	0	0.00	0.00		0		squad-13	1	bot-43
106264	bot-3	alpha	C00r-2200	state	-17.23	24.02	127	0.00	0.43		0	muzzleRecovery	squad-1	0	bot-3
106264	bot-28	alpha	A00r-0320	ammo	-24.28	-11.87	42	0.85	0.16		0		squad-10	0	bot-28
106264	bot-33	bravo	A00r-3310	state	-0.63	16.39	222	2.09	0.10	35.51	6	seek	squad-2	2	bot-17
106264	bot-38	alpha	A00r-2410	state	-15.79	-1.41	45	0.28	0.03	36.27	7	seek	squad-10	2	bot-28
106264	bot-45	bravo	S00m-4420	state	-15.80	12.67	280	0.63	0.04	1.24	1	squad	squad-13	2	bot-43
106264	bot-46	bravo	S00r-4410	state	-15.81	14.18	13	2.64	0.20	5.39	1	squad	squad-13	1	bot-43
106460	bot-3	alpha	C00r-2202	latches	-17.13	24.08	153	2.72	0.12		0		squad-1	0	bot-3
106460	bot-33	bravo	A00r-331G	latches	-0.67	16.42	220	0.28	0.04		0		squad-2	2	bot-17
106460	bot-38	alpha	F00r-2410	state	-15.80	-1.41	43	0.45	0.01		0		squad-10	2	bot-28
106460	bot-38	alpha	P00r-2410	state	-15.80	-1.41	43	0.00	0.00		0		squad-10	2	bot-28
106460	bot-17	bravo	D00r--000	state+ammo+packs	7.86	23.93	279	0.00	0.00		0		squad-2	0	bot-17
106641	bot-8	alpha	D00m--000	tick	-20.00	14.01	93	0.00	0.00	6.36	0		squad-1	-1	bot-3
106641	bot-18	bravo	S32r-4320	tier+score	0.36	21.90	210	1.02	0.45	43.73	8	seek	squad-2	0	
106641	bot-28	alpha	S00r-0320	state	-24.29	-11.84	42	0.54	0.03		0		squad-10	0	bot-28
106641	bot-33	bravo	S32r-3310	state+tier+score+latches	-0.67	16.42	220	0.28	0.00		0		squad-2	1	
106641	bot-38	alpha	S00r-2410	state	-15.82	-1.41	43	0.75	0.02		0		squad-10	2	bot-28
106892	bot-3	alpha	C00r-R202	ammo	-17.12	24.10	155	0.03	0.01		0		squad-1	0	bot-3
106892	bot-28	alpha	S00r-2320	ammo	-24.15	-11.70	40	2.49	0.19	46.48	9	seek	squad-10	0	bot-28
106892	bot-34	alpha	S00m-44A0	tick	-16.32	-1.63	46	0.54	0.03	34.68	7	seek	squad-10	4	bot-28
106892	bot-35	alpha	P00r-4410	state	-16.35	-2.48	46	0.65	0.02	38.50	8	seek	squad-10	1	bot-28
106892	bot-39	bravo	P00r-4410	tick	-3.38	-2.23	285	2.57	0.13		5	patrolReentry	squad-2	2	
106892	bot-40	alpha	P00r-4410	tick	-17.07	-5.18	6	0.01	0.10		0		squad-10	3	bot-28
106892	bot-42	alpha	S00m-4420	tick	-19.97	-10.16	41	4.03	0.90	42.70	9	seek	squad-10	5	bot-28
106892	bot-43	bravo	S00r-4410	tick	-12.17	13.40	174	3.30	0.67	15.32	6	seek	squad-13	0	bot-43
106892	bot-44	alpha	P00r-4420	tick	11.27	18.41	355	2.40	0.55		9	patrol	squad-14	0	bot-44
107093	bot-34	alpha	P00m-44A0	state	-16.33	-1.64	46	0.54	0.02	34.70	7	seek	squad-10	4	bot-28
107093	bot-38	alpha	P00r-2410	state	-15.79	-1.41	45	0.25	0.03	36.28	7	seek	squad-10	2	bot-28
107093	bot-42	alpha	P00m-4420	state	-19.97	-10.16	41	4.03	0.00	42.70	9	seek	squad-10	5	bot-28
107269	bot-45	bravo	S00m-4420	tick	-16.22	12.90	203	2.76	0.48	26.97	10	seek	squad-13	2	bot-43
107269	bot-46	bravo	S00r-4410	tick	-15.02	14.20	296	2.63	0.78	25.46	7	seek	squad-13	1	bot-43
107529	bot-28	alpha	A00r-0320	state+ammo	-24.01	-11.48	40	2.65	0.27	46.22	9	seek	squad-10	0	bot-28
107529	bot-33	bravo	A32r-3310	state	-0.93	16.15	218	2.29	0.38	35.13	6	seek	squad-2	1	
107702	bot-18	bravo	S32r-4320	tick	0.22	21.40	214	2.20	0.52	43.24	8	seek	squad-2	0	
107702	bot-28	alpha	A00r-032G	latches	-24.03	-11.45	40	0.23	0.03		0		squad-10	0	bot-28
107702	bot-33	bravo	A32r-331G	latches	-0.93	16.15	220	0.00	0.00		0		squad-2	1	
107866	bot-28	alpha	S00r-0320	state+latches	-24.03	-11.45	40	0.23	0.00		0		squad-10	0	bot-28
107866	bot-33	bravo	S32r-3310	state+latches	-0.93	16.15	220	0.00	0.00		0		squad-2	1	
108107	bot-3	alpha	C00r-R202	tick	-17.12	24.10	155	0.00	0.00		0		squad-1	0	bot-3
108107	bot-28	alpha	S00r-2320	ammo	-23.91	-11.30	43	2.60	0.20	33.46	6	seek	squad-10	0	bot-28
108107	bot-34	alpha	P00m-44A0	tick	-16.50	-1.75	59	0.11	0.21		0		squad-10	4	bot-28
108107	bot-35	alpha	P00r-4410	tick	-16.83	-3.11	111	2.64	0.80	11.45	2	squad	squad-10	1	bot-28
108107	bot-38	alpha	P00r-2410	tick	-15.95	-1.63	114	0.79	0.27	13.22	1	squad	squad-10	2	bot-28
108107	bot-39	bravo	P00r-4410	tick	-2.70	-2.51	208	1.63	0.73		5	patrolReentry	squad-2	2	
108107	bot-40	alpha	P00r-4410	tick	-17.07	-5.18	6	0.00	0.00		0		squad-10	3	bot-28
108107	bot-42	alpha	P00m-4420	tick	-20.69	-9.80	323	1.85	0.80	2.41	2	packseek	squad-10	5	bot-28
108107	bot-43	bravo	P00r-4410	state	-11.93	12.80	182	2.46	0.64	14.81	5	seek	squad-13	0	bot-43
108107	bot-44	alpha	P00r-4420	tick	10.61	18.24	277	1.26	0.68		9	patrol	squad-14	0	bot-44
108279	bot-45	bravo	S00m-4420	tick	-16.08	13.48	216	4.11	0.59	27.56	9	seek	squad-13	2	bot-43
108279	bot-46	bravo	S00r-4410	tick	-14.39	14.13	0	2.52	0.64	25.64	7	seek	squad-13	1	bot-43
108351	bot-46	bravo	C00r-4410	state	-14.39	14.13	0	2.52	0.00	25.64	7	seek	squad-13	1	bot-43
108509	bot-46	bravo	C00r-4412	latches	-13.92	14.36	343	5.18	0.52	5.77	4	cover	squad-13	1	bot-43
108685	bot-28	alpha	S00r-0320	ammo	-23.59	-10.91	37	2.48	0.50	32.95	6	seek	squad-10	0	bot-28
108847	bot-3	alpha	C00r-4202	ammo	-17.12	24.10	160	0.00	0.00		0		squad-1	0	bot-3
108847	bot-18	bravo	S32r-4320	tick	-0.03	20.74	214	2.04	0.71	42.55	8	seek	squad-2	1	bot-33
109010	bot-33	bravo	S32r-3310	tick	-1.67	15.77	222	1.52	0.83	34.35	6	seek	squad-2	0	bot-33
109010	bot-44	alpha	A00r-4420	state	10.15	18.10	239	1.73	0.48		9	patrol	squad-14	0	bot-44
109232	bot-34	alpha	P00m-44A0	tick	-16.55	-1.79	59	0.00	0.06		0		squad-10	4	bot-28
109232	bot-35	alpha	P00r-4410	tick	-17.47	-3.77	201	2.51	0.92	9.58	2	squad	squad-10	1	bot-28
109232	bot-38	alpha	P00r-2410	tick	-15.96	-1.93	160	0.81	0.30	11.90	2	squad	squad-10	2	bot-28
109232	bot-39	bravo	P00r-4410	tick	-2.48	-2.57	182	0.00	0.23		0		squad-2	4	bot-33
109232	bot-40	alpha	P00r-4410	tick	-17.07	-5.18	6	0.00	0.00		0		squad-10	3	bot-28
109232	bot-42	alpha	P00m-4420	tick	-21.24	-10.20	233	2.01	0.68	1.74	2	packseek	squad-10	5	bot-28
109232	bot-43	bravo	P00r-4410	tick	-10.92	12.77	79	2.55	1.01	8.50	2	squad	squad-2	2	bot-33
109232	bot-44	alpha	A00r-442G	latches	10.18	18.04	250	1.08	0.07		0		squad-14	0	bot-44
109426	bot-3	alpha	C00r-420I	latches	-17.12	24.10	158	0.00	0.00		0		squad-1	0	bot-3
109426	bot-28	alpha	S00r-2320	ammo	-23.24	-10.53	37	2.49	0.52	32.44	6	seek	squad-10	0	bot-28
109426	bot-44	alpha	S00r-4420	state+latches	10.18	18.04	250	1.08	0.00		0		squad-14	0	bot-44
109426	bot-45	bravo	S00m-4420	tick	-15.23	14.14	193	2.76	1.08	28.40	9	seek	squad-2	5	bot-33
109426	bot-46	bravo	C00r-441I	latches	-13.68	13.82	350	3.98	0.59	6.02	4	cover	squad-2	3	bot-33
109639	bot-3	alpha	C00r-4202	latches	-17.12	24.10	158	0.00	0.00		0		squad-1	0	bot-3
109639	bot-46	bravo	C00r-4412	latches	-13.44	13.93	3	5.26	0.26	5.79	4	cover	squad-2	3	bot-33
109896	bot-18	bravo	S32r-4320	tick	-0.18	20.22	201	1.86	0.54	42.04	8	seek	squad-2	1	bot-33
109896	bot-44	alpha	C00r-4420	state	10.05	17.93	283	1.38	0.17	10.34	2	seek	squad-14	0	bot-44
110063	bot-28	alpha	S00r-0320	ammo	-22.93	-10.14	31	1.36	0.50	31.94	6	seek	squad-10	0	bot-28
110063	bot-33	bravo	S32r-3310	tick	-1.84	15.45	188	1.14	0.36	34.01	7	seek	squad-2	0	bot-33
110063	bot-44	alpha	C00r-4422	latches	9.73	17.89	282	3.32	0.32	9.68	5	cover	squad-14	0	bot-44
110233	bot-34	alpha	P00m-44A0	tick	-16.58	-1.81	59	0.00	0.03		0		squad-10	4	bot-28
110233	bot-35	alpha	P00r-4410	tick	-18.17	-4.06	238	2.42	0.76	7.85	1	squad	squad-10	1	bot-28
110233	bot-38	alpha	P00r-2410	tick	-15.98	-2.25	193	1.31	0.32	11.61	2	squad	squad-10	2	bot-28
110233	bot-39	bravo	P00r-4410	tick	-2.48	-2.55	182	0.00	0.02		0		squad-2	4	bot-33
110233	bot-40	alpha	P00r-4410	tick	-17.29	-5.29	341	2.49	0.25	9.30	1	squad	squad-10	3	bot-28
110233	bot-42	alpha	P00m-4420	tick	-21.60	-10.54	173	1.17	0.49	1.25	2	packseek	squad-10	5	bot-28
110233	bot-43	bravo	P00r-4410	tick	-10.10	12.84	100	2.63	0.82	6.74	2	squad	squad-2	2	bot-33
110449	bot-45	bravo	S00m-4420	tick	-14.36	14.02	129	2.40	0.88	28.50	8	seek	squad-2	5	bot-33
110523	bot-28	alpha	A00r-0320	state	-22.79	-9.81	24	2.42	0.36	31.59	6	seek	squad-10	0	bot-28
110523	bot-33	bravo	A32r-3310	state	-1.91	15.29	222	1.25	0.18	33.84	7	seek	squad-2	0	bot-33
110523	bot-39	bravo	S00r-4410	state	-2.48	-2.54	182	0.00	0.01		0		squad-2	4	bot-33
110694	bot-3	alpha	C00r-4202	tick	-17.11	24.12	158	0.00	0.03		0		squad-1	0	bot-3
110694	bot-28	alpha	A00r-232G	ammo+latches	-22.78	-9.81	34	0.05	0.01		0		squad-10	0	bot-28
110694	bot-33	bravo	A32r-331G	latches	-1.91	15.29	219	0.00	0.00		0		squad-2	0	bot-33
110694	bot-46	bravo	C00r-4412	tick	-12.24	14.91	51	2.16	1.55	4.30	4	cover	squad-2	3	bot-33
110867	bot-28	alpha	S00r-2320	state+latches	-22.78	-9.81	34	0.05	0.00		0		squad-10	0	bot-28
110867	bot-33	bravo	S32r-3310	state+latches	-1.91	15.29	219	0.00	0.00		0		squad-2	0	bot-33
110867	bot-40	alpha	S00r-4410	state	-17.72	-5.58	289	2.51	0.52	8.83	1	squad	squad-10	3	bot-28
110867	bot-44	alpha	C00r-3422	ammo	8.65	17.87	281	3.64	1.08	9.07	1	muzzleRecovery	squad-14	0	bot-44
110867	bot-47	bravo	P00r-0410	initial	5.05	10.05	0	0.00			0			-1	
111063	bot-18	bravo	S32r-4320	tick	-0.39	19.51	215	1.97	0.74	41.33	8	seek	squad-2	1	bot-33
111063	bot-44	alpha	P00r-3420	state+latches	8.65	17.87	281	4.12	0.00	9.07	1	muzzleRecovery	squad-14	0	bot-44
111063	bot-47	bravo	S00r-4410	state+ammo	5.05	10.05	0	0.00	0.00		0		squad-15	0	bot-47
111237	bot-34	alpha	P00m-44A0	tick	-16.63	-1.85	59	0.50	0.07		0		squad-10	4	bot-28
111237	bot-35	alpha	P00r-4410	tick	-18.72	-4.40	232	2.30	0.65	7.20	1	squad	squad-10	1	bot-28
111237	bot-38	alpha	P00r-2410	tick	-16.64	-2.91	218	2.89	0.93	9.66	3	squad	squad-10	2	bot-28
111237	bot-42	alpha	P00m-4420	tick	-21.89	-10.94	223	2.11	0.49	0.76	1	packseek	squad-10	5	bot-28
111237	bot-43	bravo	P00r-4410	tick	-9.14	12.80	96	2.72	0.96	5.92	2	squad	squad-2	2	bot-33
111346	bot-28	alpha	S00r-0320	ammo	-22.59	-9.47	36	2.46	0.39	29.80	5	seek	squad-10	0	bot-28
111512	bot-42	alpha	P00m-4430	packs	-22.00	-10.95	236	0.80	0.11		0		squad-10	5	bot-28
111512	bot-44	alpha	C00r-3420	state	9.27	17.96	319	0.00	0.62	9.48	0	muzzleRecovery	squad-14	0	bot-44
111512	bot-45	bravo	S00m-4420	tick	-13.32	14.02	197	2.38	1.04	28.79	8	seek	squad-2	6	bot-33
111512	bot-47	bravo	P00r-4410	state	4.88	9.99	321	1.48	0.18	26.87	6	seek	squad-2	4	bot-33
111716	bot-3	alpha	C00r-4202	tick	-17.11	24.12	160	0.00	0.00		0		squad-1	0	bot-3
111716	bot-39	bravo	S00r-4410	tick	-2.50	-2.51	278	0.00	0.03		0		squad-2	5	bot-33
111716	bot-44	alpha	C00r-3422	latches	9.74	17.97	293	4.79	0.48	8.58	3	cover	squad-14	0	bot-44
111716	bot-46	bravo	C00r-4412	tick	-11.81	15.26	51	1.83	0.55	3.78	4	cover	squad-2	3	bot-33
111883	bot-28	alpha	A00r-0320	state	-22.42	-9.28	36	2.45	0.25	29.55	5	seek	squad-10	0	bot-28
111883	bot-33	bravo	S32r-3310	tick	-2.05	15.03	211	1.04	0.30	22.22	5	seek	squad-2	0	bot-33
111883	bot-40	alpha	S00r-4410	tick	-17.45	-4.98	19	2.18	0.66	25.33	6	seek	squad-10	3	bot-28
112091	bot-18	bravo	P32r-4320	state	-0.53	19.03	215	2.02	0.50	40.86	8	seek	squad-2	1	bot-33
112091	bot-28	alpha	A00r-232G	ammo+latches	-22.39	-9.28	40	0.15	0.03		0		squad-10	0	bot-28
112091	bot-35	alpha	S00r-4410	state	-19.16	-4.69	245	3.02	0.52	6.69	1	squad	squad-10	1	bot-28
112290	bot-3	alpha	F00r-4200	state+latches	-17.11	24.12	159	0.00	0.00		0		squad-1	0	bot-3
112290	bot-18	bravo	C32r-4320	state	-0.56	18.93	202	2.02	0.10	21.72	0		squad-2	1	bot-33
112290	bot-28	alpha	S00r-2320	state+latches	-22.39	-9.28	40	0.15	0.00		0		squad-10	0	bot-28
112290	bot-34	alpha	S00m-44A0	state	-16.63	-1.85	59	0.00	0.00		0		squad-10	4	bot-28
112290	bot-38	alpha	S00r-2410	state	-16.97	-3.46	188	2.51	0.64	9.02	2	squad	squad-10	2	bot-28
112290	bot-42	alpha	S00m-4430	state	-22.12	-10.82	236	1.17	0.18		0		squad-10	5	bot-28
112290	bot-43	bravo	P00r-4410	tick	-8.28	12.69	87	2.65	0.87	3.52	1	packseek	squad-2	2	bot-33
112497	bot-18	bravo	P32r-4320	state	-0.35	18.94	189	4.11	0.21	5.90	1	cover	squad-2	1	bot-33
112497	bot-44	alpha	C00r-3420	latches	10.77	17.96	275	4.97	1.02	8.24	3	cover	squad-14	0	bot-44
112497	bot-45	bravo	S10m-4420	tier	-12.89	13.69	143	2.46	0.54	28.61	8	seek	squad-2	6	bot-33
112667	bot-28	alpha	S00r-0320	ammo	-22.23	-9.07	27	2.41	0.26	29.27	5	seek	squad-10	0	bot-28
112667	bot-44	alpha	C00r-2422	ammo+latches	11.00	17.97	275	4.65	0.23	8.18	1	muzzleRecovery	squad-14	0	bot-44
112667	bot-47	bravo	P00r-4410	tick	4.20	9.98	292	2.35	0.68	12.82	3	squad	squad-2	4	bot-33
112821	bot-39	bravo	S00r-4410	tick	-2.52	-2.50	282	0.00	0.02		0		squad-2	5	bot-33
112821	bot-44	alpha	P00r-2420	state+latches	11.00	17.97	275	3.93	0.00	8.18	1	muzzleRecovery	squad-14	0	bot-44
112821	bot-46	bravo	C00r-4412	tick	-11.53	15.89	15	2.99	0.69	3.10	3	cover	squad-2	3	bot-33
112943	bot-3	alpha	A00r-420G	state+latches	-17.11	24.12	158	0.00	0.00		0		squad-1	0	bot-3
112943	bot-28	alpha	A00r-0320	state	-22.18	-8.97	27	2.16	0.12	29.15	5	seek	squad-10	0	bot-28
112943	bot-33	bravo	S32r-3310	tick	-2.12	14.73	222	0.72	0.31	21.95	5	seek	squad-2	0	bot-33
112943	bot-40	alpha	S00r-4410	tick	-17.21	-4.35	28	2.22	0.67	24.68	6	seek	squad-10	3	bot-28
113087	bot-3	alpha	P00r-4200	state+latches	-17.11	24.12	158	0.00	0.00		0		squad-1	0	bot-3
113087	bot-28	alpha	A00r-032G	latches	-22.19	-8.96	37	0.20	0.00		0		squad-10	0	bot-28
113087	bot-45	bravo	M10m-4420	state	-12.65	13.40	105	2.72	0.38	28.41	8	seek	squad-2	6	bot-33
113233	bot-18	bravo	C32r-4320	state	-0.31	18.98	241	0.00	0.06		0		squad-2	1	bot-33
113233	bot-28	alpha	S00r-2320	state+ammo+latches	-22.19	-8.96	37	0.20	0.00		0		squad-10	0	bot-28
113233	bot-35	alpha	S00r-4410	tick	-18.80	-4.53	348	1.42	0.39	28.32	5	seek	squad-10	1	bot-28
113233	bot-43	bravo	S00r-4410	state	-7.68	12.53	100	2.43	0.62	2.90	1	packseek	squad-2	2	bot-33
113372	bot-18	bravo	P32r-4320	state	-0.24	18.98	230	1.47	0.07	5.79	1	cover	squad-2	1	bot-33
113372	bot-34	alpha	S00m-44A0	tick	-16.10	-1.60	42	1.40	0.58	20.39	4	seek	squad-10	4	bot-28
113372	bot-38	alpha	S00r-2410	tick	-16.76	-2.73	85	2.02	0.77	25.36	7	seek	squad-10	2	bot-28
113372	bot-42	alpha	S00m-4430	tick	-21.60	-10.00	336	2.18	0.97	30.24	7	seek	squad-10	5	bot-28
113372	bot-44	alpha	C00r-2420	state	10.28	18.03	276	0.00	0.72	8.44	0	muzzleRecovery	squad-14	0	bot-44
113496	bot-33	bravo	A32r-3310	state	-2.20	14.56	223	0.82	0.18	21.77	5	seek	squad-2	0	bot-33
113496	bot-44	alpha	C00r-2422	latches	10.76	18.03	275	4.72	0.48	8.30	3	cover	squad-14	0	bot-44
113666	bot-34	alpha	A00m-44A0	state	-16.05	-1.57	55	1.18	0.06	20.34	4	seek	squad-10	4	bot-28
113782	bot-34	alpha	A00m-44AG	latches	-16.06	-1.57	45	0.47	0.01		0		squad-10	4	bot-28
113782	bot-47	bravo	P00r-4410	tick	3.25	9.99	257	2.26	0.95	12.06	3	squad	squad-2	4	bot-33
113924	bot-28	alpha	S00r-0320	ammo	-21.97	-8.40	37	2.40	0.60	28.17	5	seek	squad-10	0	bot-28
113924	bot-33	bravo	A32r-331G	latches	-2.19	14.61	221	0.32	0.04		0		squad-2	0	bot-33
113924	bot-34	alpha	S00m-44A0	state+latches	-16.06	-1.57	45	0.47	0.00		0		squad-10	4	bot-28
113924	bot-39	bravo	S00r-4410	tick	-2.54	-2.48	235	0.00	0.03		0		squad-2	5	bot-33
113924	bot-44	alpha	U00r-2420	state+latches	11.19	17.99	275	2.67	0.43	8.16	3	cover	squad-14	0	bot-44
113924	bot-46	bravo	C00r-4412	tick	-11.18	17.20	15	3.48	1.36	1.83	3	cover	squad-2	3	bot-33
114054	bot-18	bravo	C32r-4320	state	-0.23	19.00	257	0.00	0.02		0		squad-2	1	bot-33
114054	bot-33	bravo	S32r-3310	state+latches	-2.19	14.61	221	0.32	0.00		0		squad-2	0	bot-33
114054	bot-40	alpha	S00r-4410	tick	-16.86	-3.66	39	1.62	0.78	23.92	6	seek	squad-10	3	bot-28
114054	bot-45	bravo	M00m-4420	tier	-10.71	13.15	53	4.57	1.95	8.69	4	medic	squad-2	6	bot-33
114298	bot-3	alpha	P00r-4200	tick	-17.11	24.12	158	0.00	0.00		0		squad-1	0	bot-3
114298	bot-18	bravo	P32r-4320	state	-0.15	19.00	247	1.49	0.07	5.70	1	cover	squad-2	1	bot-33
114298	bot-35	alpha	S00r-4410	tick	-18.21	-4.08	47	2.85	0.74	27.61	5	seek	squad-10	1	bot-28
114298	bot-43	bravo	S00r-4410	tick	-7.32	12.02	203	1.10	0.62	14.37	3	seek	squad-2	2	bot-33
114434	bot-28	alpha	A00r-0320	state	-21.90	-8.18	37	2.32	0.23	27.95	5	seek	squad-10	0	bot-28
114434	bot-38	alpha	S00r-2410	tick	-16.58	-2.11	33	1.35	0.64	24.75	7	seek	squad-10	2	bot-28
114434	bot-42	alpha	S00m-4430	tick	-21.07	-9.36	42	2.54	0.83	29.41	7	seek	squad-10	5	bot-28
114434	bot-46	bravo	S00r-4410	state+latches	-11.09	17.55	15	3.63	0.36	1.52	3	cover	squad-2	3	bot-33
114594	bot-18	bravo	P00r-4320	tier+score	-0.14	19.01	255	0.02	0.02		0		squad-2	1	bot-33
114594	bot-28	alpha	A00r-232G	ammo+latches	-21.94	-8.17	41	0.72	0.04		0		squad-10	0	bot-28
114594	bot-33	bravo	S00r-3310	tier+score	-2.26	14.45	217	1.48	0.17	30.13	5	seek	squad-2	0	bot-33
114705	bot-28	alpha	S00r-2320	state+latches	-21.94	-8.17	41	0.72	0.00		0		squad-10	0	bot-28
114705	bot-34	alpha	A00m-44A0	state	-15.94	-1.52	43	0.24	0.13	19.86	5	seek	squad-10	4	bot-28
114843	bot-34	alpha	A00m-44AG	latches	-15.95	-1.53	41	0.50	0.02		0		squad-10	4	bot-28
114843	bot-47	bravo	P00r-4410	tick	2.42	10.00	263	2.37	0.83	3.84	2	packseek	squad-2	4	bot-33
114975	bot-34	alpha	S00m-44A0	state+latches	-15.95	-1.53	41	0.50	0.00		0		squad-10	4	bot-28
114975	bot-39	bravo	S00r-4410	tick	-2.52	-2.85	245	2.60	0.37	9.75	3	seek	squad-2	5	bot-33
114975	bot-44	alpha	U00r-2420	tick	9.89	17.88	275	2.58	1.30	1.11	1	pursue	squad-14	0	bot-44
115125	bot-33	bravo	A00r-3310	state	-2.38	14.26	223	1.34	0.22	29.91	5	seek	squad-2	0	bot-33
115125	bot-40	alpha	S00r-4410	tick	-16.62	-3.20	37	1.49	0.52	23.41	6	seek	squad-10	3	bot-28
115125	bot-45	bravo	M00m-4420	tick	-9.07	13.05	91	4.94	1.64	7.10	4	medic	squad-2	6	bot-33
115270	bot-28	alpha	S00r-0320	ammo	-21.76	-7.72	37	2.35	0.49	27.51	5	seek	squad-10	0	bot-28
115270	bot-33	bravo	A00r-331G	latches	-2.37	14.26	221	0.33	0.00		0		squad-2	0	bot-33
115270	bot-43	bravo	A00r-4410	state	-7.08	11.56	157	2.07	0.52	14.09	3	seek	squad-2	2	bot-33
115405	bot-3	alpha	P00r-4200	tick	-17.11	24.12	158	0.00	0.00		0		squad-1	0	bot-3
115405	bot-33	bravo	S00r-3310	state+latches	-2.37	14.26	221	0.33	0.00		0		squad-2	0	bot-33
115405	bot-35	alpha	S00r-4410	tick	-17.75	-3.37	40	1.74	0.85	26.77	5	seek	squad-10	1	bot-28
115405	bot-42	alpha	A00m-4430	state	-20.66	-8.73	42	2.48	0.75	28.67	7	seek	squad-10	5	bot-28
115518	bot-33	bravo	A00r-3310	state	-2.35	14.24	224	0.78	0.03	29.55	4	seek	squad-2	0	bot-33
115518	bot-34	alpha	A00m-44A0	state	-15.86	-1.47	48	0.55	0.11	19.42	5	seek	squad-10	4	bot-28
115518	bot-38	alpha	S00r-2410	tick	-16.34	-1.67	41	0.43	0.50	24.26	6	seek	squad-10	2	bot-28
115518	bot-42	alpha	A00m-443G	latches	-20.65	-8.72	34	0.02	0.01		0		squad-10	5	bot-28
115518	bot-43	bravo	A00r-441G	latches	-7.08	11.56	178	0.01	0.00		0		squad-2	2	bot-33
115518	bot-46	bravo	S00r-4410	tick	-11.29	16.95	296	2.54	0.63	12.48	4	seek	squad-2	3	bot-33
115630	bot-18	bravo	P00r-4320	tick	-0.43	18.34	213	2.04	0.74	5.27	5	squad	squad-2	1	bot-33
115630	bot-33	bravo	A00r-331G	latches	-2.34	14.24	221	0.44	0.01		0		squad-2	0	bot-33
115630	bot-34	alpha	A00m-44AG	latches	-15.86	-1.46	41	0.45	0.01		0		squad-10	4	bot-28
115729	bot-42	alpha	S00m-4430	state+latches	-20.65	-8.72	34	0.00	0.00		0		squad-10	5	bot-28
115729	bot-43	bravo	S00r-4410	state+latches	-7.08	11.56	178	0.00	0.00		0		squad-2	2	bot-33
115729	bot-47	bravo	A00r-4410	state	1.70	10.02	288	2.42	0.72	3.32	2	packseek	squad-2	4	bot-33
115856	bot-28	alpha	S00r-2320	ammo	-21.39	-7.26	38	2.41	0.59	26.91	5	seek	squad-10	0	bot-28
115856	bot-33	bravo	S00r-3310	state+latches	-2.34	14.26	221	0.30	0.02		0		squad-2	0	bot-33
115856	bot-34	alpha	S00m-44A0	state+latches	-15.82	-1.42	41	0.15	0.05		0		squad-10	4	bot-28
115856	bot-38	alpha	A00r-2410	state	-16.37	-1.64	35	0.91	0.04	24.24	6	seek	squad-10	2	bot-28
115856	bot-43	bravo	A00r-4410	state	-7.08	11.52	188	0.52	0.04	14.75	2	seek	squad-2	2	bot-33
115856	bot-47	bravo	A00r-441G	latches	1.69	10.00	278	0.02	0.02		0		squad-2	4	bot-33
115967	bot-38	alpha	A00r-241G	latches	-16.37	-1.69	45	1.22	0.05		0		squad-10	2	bot-28
115967	bot-48	bravo	P00r-0410	initial	21.05	14.05	0	0.00			0			-1	
116076	bot-39	bravo	S00r-4410	tick	-2.44	-4.00	191	2.52	1.15	8.87	3	seek	squad-2	5	bot-33
116076	bot-40	alpha	A00r-4410	state	-16.38	-2.79	39	0.90	0.48	22.94	6	seek	squad-10	3	bot-28
116076	bot-43	bravo	A00r-441G	latches	-7.06	11.53	209	0.23	0.03		0		squad-2	2	bot-33
116076	bot-44	alpha	U00r-2420	tick	8.81	17.94	271	2.75	1.09	0.26	1	pursue	squad-14	0	bot-44
116076	bot-47	bravo	S00r-4410	state+latches	1.69	10.00	278	0.00	0.00		0		squad-2	4	bot-33
116076	bot-48	bravo	P00r-4410	ammo	21.05	14.05	0	0.00	0.00		0		squad-16	0	bot-48
116182	bot-34	alpha	A00m-44A0	state	-15.82	-1.41	73	0.21	0.02	19.35	5	seek	squad-10	4	bot-28
116182	bot-38	alpha	S00r-2410	state+latches	-16.37	-1.69	45	0.09	0.00		0		squad-10	2	bot-28
116182	bot-40	alpha	A00r-441G	latches	-16.38	-2.79	33	0.00	0.00		0		squad-10	3	bot-28
116182	bot-45	bravo	M00m-4420	tick	-7.09	13.05	63	3.46	1.98	4.81	2	medic	squad-2	6	bot-33
116319	bot-34	alpha	A00m-44AG	latches	-15.83	-1.43	63	0.55	0.02		0		squad-10	4	bot-28
116319	bot-43	bravo	S00r-4410	state+latches	-7.05	11.54	209	0.09	0.00		0		squad-2	2	bot-33
116429	bot-3	alpha	P00r-4200	tick	-17.11	24.12	158	0.00	0.00		0		squad-1	0	bot-3
116429	bot-28	alpha	S00r-0320	ammo	-20.92	-6.76	38	2.49	0.68	26.23	5	seek	squad-10	0	bot-28
116429	bot-35	alpha	S00r-4410	tick	-17.31	-2.65	28	1.55	0.85	25.93	5	seek	squad-10	1	bot-28
116429	bot-40	alpha	S00r-4410	state+latches	-16.42	-2.78	33	1.03	0.04		0		squad-10	3	bot-28
116540	bot-34	alpha	S00m-44A0	state+latches	-15.81	-1.41	63	0.12	0.02		0		squad-10	4	bot-28
116540	bot-46	bravo	S00r-4410	tick	-11.67	15.85	247	2.62	1.16	12.69	4	seek	squad-2	3	bot-33
116652	bot-18	bravo	P00r-4320	tick	-0.79	17.59	180	1.86	0.83	4.55	5	squad	squad-2	1	bot-33
116652	bot-47	bravo	A00r-4410	state	1.17	9.92	264	2.56	0.53	23.92	6	seek	squad-2	4	bot-33
116826	bot-38	alpha	A00r-2410	state	-16.33	-1.64	50	0.46	0.07	22.75	5	seek	squad-10	2	bot-28
116826	bot-42	alpha	S00m-4430	tick	-19.95	-7.78	37	2.45	1.18	21.66	5	seek	squad-10	5	bot-28
116826	bot-47	bravo	A00r-441G	latches	1.14	9.90	254	0.07	0.03		0		squad-2	4	bot-33
116944	bot-33	bravo	A00r-3310	state	-2.71	13.78	223	2.07	0.61	20.13	3	seek	squad-2	0	bot-33
116944	bot-34	alpha	A00m-44A0	state	-15.79	-1.41	61	0.21	0.02	18.24	4	seek	squad-10	4	bot-28
116944	bot-38	alpha	A00r-241G	latches	-16.34	-1.64	57	0.00	0.01		0		squad-10	2	bot-28
116944	bot-47	bravo	S00r-4410	state+latches	1.14	9.90	254	0.07	0.00		0		squad-2	4	bot-33
117124	bot-18	bravo	S00r-4320	state	-0.86	17.41	182	1.50	0.20	5.20	5	squad	squad-2	1	bot-33
117124	bot-28	alpha	S00r-R320	ammo	-20.54	-6.26	43	2.47	0.64	25.60	5	seek	squad-10	0	bot-28
117124	bot-33	bravo	A00r-331G	latches	-2.69	13.75	221	0.01	0.03		0		squad-2	0	bot-33
117124	bot-34	alpha	A00m-44AG	latches	-15.82	-1.42	51	0.16	0.03		0		squad-10	4	bot-28
117124	bot-38	alpha	S00r-2410	state+latches	-16.35	-1.65	57	0.00	0.01		0		squad-10	2	bot-28
117124	bot-39	bravo	S00r-4410	tick	-2.32	-5.02	213	0.63	1.03	8.18	3	seek	squad-2	5	bot-33
117124	bot-44	alpha	U00r-2420	tick	8.40	17.92	267	3.12	0.41	0.31	1	pursue	squad-14	0	bot-44
117124	bot-48	bravo	P00r-4410	tick	20.74	14.74	352	2.23	0.75		2	patrol	squad-16	0	bot-48
117235	bot-33	bravo	S00r-3310	state+latches	-2.69	13.75	221	0.01	0.00		0		squad-2	0	bot-33
117235	bot-34	alpha	S00m-44A0	state+latches	-15.81	-1.41	51	0.20	0.01		0		squad-10	4	bot-28
117235	bot-35	alpha	A00r-4410	state	-17.26	-2.20	7	1.76	0.45	25.56	5	seek	squad-10	1	bot-28
117235	bot-43	bravo	A00r-4410	state	-7.17	11.01	203	1.86	0.54	14.26	2	seek	squad-2	2	bot-33
117235	bot-45	bravo	M00m-4420	tick	-5.60	13.13	83	3.22	1.50	2.97	1	medic	squad-2	6	bot-33
117371	bot-33	bravo	S00r-3314	latches	-2.71	13.72	235	0.39	0.04		0		squad-2	0	bot-33
117371	bot-35	alpha	A00r-441G	latches	-17.25	-2.20	17	0.27	0.01		0		squad-10	1	bot-28
117371	bot-40	alpha	A00r-4410	state	-16.36	-2.52	47	0.35	0.27	16.93	5	seek	squad-10	3	bot-28
117371	bot-43	bravo	A00r-441G	latches	-7.17	11.01	213	0.40	0.00		0		squad-2	2	bot-33
117499	bot-3	alpha	P00r-4200	tick	-17.11	24.12	158	0.00	0.00		0		squad-1	0	bot-3
117499	bot-35	alpha	S00r-4410	state+latches	-17.25	-2.20	17	0.27	0.00		0		squad-10	1	bot-28
117499	bot-40	alpha	A00r-441G	latches	-16.36	-2.52	36	0.31	0.00		0		squad-10	3	bot-28
117499	bot-43	bravo	S00r-4410	state+latches	-7.17	11.01	213	0.40	0.00		0		squad-2	2	bot-33
117499	bot-44	alpha	U00r-R42G	ammo+latches	8.24	17.97	265	0.00	0.16		0		squad-14	0	bot-44
117612	bot-33	bravo	A00r-3310	state+latches	-2.71	13.72	234	0.00	0.00		0		squad-2	0	bot-33
117612	bot-34	alpha	A00m-44A0	state	-15.79	-1.41	44	0.21	0.02	18.60	4	seek	squad-10	4	bot-28
117612	bot-44	alpha	C00r-R42G	state	8.24	17.97	265	0.00	0.00		0		squad-14	0	bot-44
117612	bot-46	bravo	S00r-4410	tick	-12.39	15.26	273	2.76	0.93	12.42	3	seek	squad-2	3	bot-33
117612	bot-47	bravo	A00r-4410	state	0.58	9.78	232	2.76	0.57	22.97	5	seek	squad-2	4	bot-33
117716	bot-33	bravo	A00r-331G	latches	-2.70	13.72	223	0.00	0.01		0		squad-2	0	bot-33
117716	bot-34	alpha	A00m-44AG	latches	-15.83	-1.43	41	0.80	0.04		0		squad-10	4	bot-28
117716	bot-40	alpha	S00r-4410	state+latches	-16.40	-2.51	36	1.05	0.04		0		squad-10	3	bot-28
117716	bot-44	alpha	C00r-R422	latches	8.26	17.91	265	0.53	0.07		0		squad-14	0	bot-44
117825	bot-38	alpha	A00r-2410	state	-16.33	-1.63	45	0.43	0.03	22.37	5	seek	squad-10	2	bot-28
117825	bot-47	bravo	A00r-441G	latches	0.50	9.64	236	0.79	0.16		0		squad-2	4	bot-33
117960	bot-33	bravo	S00r-3314	state+latches	-2.70	13.72	223	0.34	0.00		0		squad-2	0	bot-33
117960	bot-34	alpha	S00m-44A0	state+latches	-15.81	-1.41	41	0.13	0.02		0		squad-10	4	bot-28
117960	bot-38	alpha	A00r-241G	latches	-16.35	-1.64	55	0.00	0.02		0		squad-10	2	bot-28
117960	bot-42	alpha	S00m-4430	tick	-19.31	-6.83	32	2.60	1.15	20.52	5	seek	squad-10	5	bot-28
118062	bot-47	bravo	S00r-4410	state+latches	0.49	9.63	236	0.46	0.02		0		squad-2	4	bot-33
118171	bot-18	bravo	S00r-4320	tick	-1.40	16.33	216	2.41	1.20	25.66	6	seek	squad-2	1	bot-33
118171	bot-28	alpha	S00r-R320	tick	-19.87	-5.30	38	2.55	1.16	24.44	5	seek	squad-10	0	bot-28
118171	bot-38	alpha	S00r-2410	state+latches	-16.36	-1.65	55	0.71	0.02		0		squad-10	2	bot-28
118171	bot-39	bravo	S00r-4410	tick	-2.28	-5.93	201	2.65	0.91	7.57	3	seek	squad-2	5	bot-33
118171	bot-48	bravo	P00r-4410	tick	20.68	15.77	25	2.19	1.04		2	patrol	squad-16	0	bot-48
118279	bot-45	bravo	M00m-4420	tick	-4.11	13.27	81	3.24	1.50	1.49	1	medic	squad-2	6	bot-33
118392	bot-33	bravo	A00r-3310	state+latches	-2.69	13.72	172	0.00	0.00		0		squad-2	0	bot-33
118392	bot-34	alpha	A00m-44A0	state	-15.79	-1.41	73	0.26	0.03	18.60	4	seek	squad-10	4	bot-28
118548	bot-3	alpha	P00r-4200	tick	-17.11	24.12	158	0.00	0.00		0		squad-1	0	bot-3
118548	bot-33	bravo	A00r-331G	latches	-2.69	13.72	192	0.34	0.00		0		squad-2	0	bot-33
118548	bot-34	alpha	A00m-44AG	latches	-15.82	-1.42	52	0.16	0.03		0		squad-10	4	bot-28
118548	bot-35	alpha	S00r-4410	tick	-17.30	-1.63	57	0.33	0.58	24.24	6	seek	squad-10	1	bot-28
118548	bot-43	bravo	S00r-4410	tick	-7.63	10.00	215	2.36	1.11	12.76	2	seek	squad-2	2	bot-33
118648	bot-46	bravo	S00r-4410	tick	-13.68	15.04	260	1.63	1.31	11.55	3	seek	squad-2	3	bot-33
118756	bot-33	bravo	S00r-3314	state+latches	-2.69	13.72	192	0.31	0.00		0		squad-2	0	bot-33
118756	bot-34	alpha	S00m-44A0	state+latches	-15.81	-1.41	52	0.48	0.02		0		squad-10	4	bot-28
118756	bot-40	alpha	S00r-4410	tick	-16.39	-2.38	35	0.30	0.13	16.42	5	seek	squad-10	3	bot-28
118756	bot-43	bravo	C00r-4410	state	-7.72	9.78	215	2.46	0.24	12.53	2	seek	squad-2	2	bot-33
118756	bot-44	alpha	C00r-R422	tick	10.87	17.96	124	4.79	2.61	5.63	3	cover	squad-14	0	bot-44
118756	bot-45	bravo	T00m-4420	state	-3.08	13.20	107	2.35	1.03	0.67	1	medic	squad-2	6	bot-33
118869	bot-40	alpha	C00r-4410	state	-16.39	-2.38	35	0.30	0.00	16.42	5	seek	squad-10	3	bot-28
118869	bot-43	bravo	C00r-4412	latches	-7.21	9.76	216	5.03	0.51	5.76	1	cover	squad-2	2	bot-33
118972	bot-28	alpha	S00r-4320	ammo	-19.25	-4.50	29	1.04	1.01	23.42	5	seek	squad-10	0	bot-28
118972	bot-40	alpha	C00r-4412	latches	-16.43	-2.79	37	4.02	0.41	6.84	3	cover	squad-10	3	bot-28
118972	bot-42	alpha	S00m-4430	tick	-18.40	-5.67	37	2.42	1.48	19.04	5	seek	squad-10	5	bot-28
118972	bot-44	alpha	C00r-4422	ammo	11.33	17.99	98	4.59	0.46	6.05	3	cover	squad-14	0	bot-44
119089	bot-38	alpha	A00r-2410	state	-16.30	-1.64	48	0.46	0.06	21.28	5	seek	squad-10	2	bot-28
119089	bot-43	bravo	C00r-441I	latches	-6.72	9.74	203	4.79	0.49	5.28	1	cover	squad-2	2	bot-33
119089	bot-44	alpha	A00r-4420	state+latches	11.33	17.99	98	4.59	0.00	6.05	3	cover	squad-14	0	bot-44
119089	bot-47	bravo	S00r-4410	tick	-1.18	9.30	254	2.55	1.71	21.30	6	seek	squad-2	4	bot-33
119243	bot-18	bravo	S00r-4320	tick	-1.85	15.49	215	1.46	0.96	24.71	6	seek	squad-2	1	bot-33
119243	bot-33	bravo	A00r-3310	state+latches	-2.69	13.72	223	0.33	0.00		0		squad-2	0	bot-33
119243	bot-34	alpha	A00m-44A0	state	-15.80	-1.41	44	0.23	0.01	18.60	3	seek	squad-10	4	bot-28
119243	bot-38	alpha	A00r-241G	latches	-16.33	-1.65	54	0.00	0.02		0		squad-10	2	bot-28
119243	bot-39	bravo	S00r-4410	tick	-2.14	-7.09	207	1.05	1.18	6.98	4	seek	squad-2	5	bot-33
119243	bot-40	alpha	C00r-441I	latches	-16.43	-3.19	50	4.28	0.40	6.49	3	cover	squad-10	3	bot-28
119243	bot-43	bravo	C00r-4412	latches	-6.49	9.74	191	6.01	0.24	5.04	1	cover	squad-2	2	bot-33
119243	bot-48	bravo	P00r-4410	tick	20.68	16.91	348	1.90	1.13		2	patrol	squad-16	0	bot-48
119357	bot-33	bravo	A00r-331G	latches	-2.69	13.72	221	0.33	0.00		0		squad-2	0	bot-33
119357	bot-34	alpha	A00m-44AG	latches	-15.82	-1.41	41	0.43	0.02		0		squad-10	4	bot-28
119357	bot-38	alpha	S00r-2410	state+latches	-16.33	-1.65	54	0.00	0.01		0		squad-10	2	bot-28
119357	bot-40	alpha	C00r-4412	latches	-16.46	-3.40	63	4.30	0.22	6.31	3	cover	squad-10	3	bot-28
119357	bot-43	bravo	S00r-4410	state+latches	-6.49	9.74	191	6.01	0.00	5.04	1	cover	squad-2	2	bot-33
119463	bot-40	alpha	S00r-4410	state+latches	-16.46	-3.40	63	4.30	0.00	6.31	3	cover	squad-10	3	bot-28
119578	bot-3	alpha	P00r-4200	tick	-17.11	24.12	158	0.00	0.00		0		squad-1	0	bot-3
119578	bot-33	bravo	S00r-3314	state+latches	-2.69	13.72	221	0.00	0.00		0		squad-2	0	bot-33
119578	bot-34	alpha	S00m-44A0	state+latches	-15.81	-1.41	41	0.11	0.01		0		squad-10	4	bot-28
119578	bot-35	alpha	S00r-4410	tick	-17.12	-1.63	57	1.27	0.18	24.09	6	seek	squad-10	1	bot-28
119578	bot-48	bravo	A00r-4410	state	20.68	17.09	340	1.91	0.18		2	patrol	squad-16	0	bot-48
119695	bot-46	bravo	S00r-4410	tick	-14.36	14.92	313	1.36	0.70	11.12	3	seek	squad-2	3	bot-33
119773	bot-45	bravo	T00m-4420	tick	-3.15	13.16	236	0.02	0.08	0.75	1	medic	squad-2	6	bot-33
119867	bot-33	bravo	A00r-3310	state+latches	-2.69	13.72	261	0.00	0.00		0		squad-2	0	bot-33
119867	bot-34	alpha	A00m-44A0	state	-15.80	-1.40	44	0.10	0.02	18.60	3	seek	squad-10	4	bot-28
119867	bot-45	bravo	T00m-442G	latches	-3.15	13.16	238	0.01	0.00	0.75	1	medic	squad-2	6	bot-33
119867	bot-47	bravo	A00r-4410	state	-1.99	9.44	228	2.47	0.82	20.78	6	seek	squad-2	4	bot-33
119973	bot-28	alpha	S00r-4320	tick	-18.81	-3.85	38	2.28	0.79	22.63	5	seek	squad-10	0	bot-28
119973	bot-33	bravo	A00r-331G	latches	-2.69	13.73	251	0.00	0.00		0		squad-2	0	bot-33
119973	bot-34	alpha	A00m-44AG	latches	-15.81	-1.41	41	0.45	0.01		0		squad-10	4	bot-28
119973	bot-38	alpha	A00r-2410	state	-16.19	-1.80	83	0.94	0.21	20.57	5	seek	squad-10	2	bot-28
119973	bot-42	alpha	S00m-4430	tick	-18.06	-5.13	30	1.56	0.64	18.41	5	seek	squad-10	5	bot-28
119973	bot-47	bravo	A00r-441G	latches	-2.02	9.44	232	0.01	0.02		0		squad-2	4	bot-33
120129	bot-33	bravo	S00r-3314	state+latches	-2.69	13.73	251	0.00	0.00		0		squad-2	0	bot-33
120129	bot-34	alpha	S00m-44A0	state+latches	-15.80	-1.41	41	0.51	0.01		0		squad-10	4	bot-28
120129	bot-38	alpha	A00r-241G	latches	-16.23	-1.81	73	0.78	0.04		0		squad-10	2	bot-28
120129	bot-44	alpha	A00r-4420	tick	11.33	17.99	96	0.00	0.00		0		squad-14	0	bot-44
120129	bot-45	bravo	T00m-4420	latches	-3.15	13.16	263	0.00	0.00	0.75	1	medic	squad-2	6	bot-33
120129	bot-47	bravo	S00r-4410	state+latches	-2.02	9.44	232	0.01	0.00		0		squad-2	4	bot-33
120253	bot-18	bravo	S00r-4320	tick	-2.11	14.88	217	1.29	0.66	24.07	6	seek	squad-2	1	bot-33
120253	bot-38	alpha	S00r-2410	state+latches	-16.24	-1.81	73	0.78	0.01		0		squad-10	2	bot-28
120253	bot-39	bravo	S00r-4410	tick	-2.39	-7.51	212	0.72	0.49	6.54	3	seek	squad-2	5	bot-33
120253	bot-44	alpha	F00r-4420	state	11.33	17.99	96	0.00	0.00		0		squad-14	0	bot-44
120388	bot-43	bravo	S00r-4410	tick	-7.27	8.72	218	2.41	1.29	12.35	2	seek	squad-2	2	bot-33
120388	bot-44	alpha	P00r-4420	state	11.33	17.99	96	1.32	0.00		1	muzzleRecovery	squad-14	0	bot-44
120556	bot-33	bravo	A00r-3310	state+latches	-2.69	13.72	227	0.33	0.00		0		squad-2	0	bot-33
120556	bot-34	alpha	A00m-44A0	state	-15.81	-1.41	70	0.21	0.00	18.61	4	seek	squad-10	4	bot-28
120556	bot-40	alpha	S00r-4410	tick	-16.34	-2.59	41	2.06	0.82	15.66	5	seek	squad-10	3	bot-28
120556	bot-45	bravo	T00m-442G	latches	-3.15	13.16	231	0.00	0.00	0.75	1	medic	squad-2	6	bot-33
120697	bot-3	alpha	P00r-4200	tick	-17.11	24.12	158	0.00	0.00		0		squad-1	0	bot-3
120697	bot-18	bravo	A00r-4320	state	-2.12	14.76	204	1.08	0.12	23.97	6	seek	squad-2	1	bot-33
120697	bot-33	bravo	A00r-331G	latches	-2.69	13.72	221	0.33	0.00		0		squad-2	0	bot-33
120697	bot-34	alpha	A00m-44AG	latches	-15.81	-1.41	60	0.37	0.01		0		squad-10	4	bot-28
120697	bot-35	alpha	S00r-4410	tick	-17.09	-1.63	57	1.00	0.02	24.07	6	seek	squad-10	1	bot-28
120697	bot-45	bravo	T00m-4420	latches	-3.15	13.16	220	0.00	0.00	0.75	1	medic	squad-2	6	bot-33
120697	bot-46	bravo	S00r-4410	tick	-14.92	14.83	289	1.20	0.56	10.79	3	seek	squad-2	3	bot-33
120697	bot-48	bravo	A00r-4410	tick	20.68	17.08	276	0.00	0.01		0		squad-16	0	bot-48
120862	bot-18	bravo	A00r-432G	latches	-2.12	14.77	214	0.40	0.01		0		squad-2	1	bot-33
120862	bot-33	bravo	S00r-3414	state+health+latches	-2.69	13.72	221	0.33	0.00		0		squad-2	0	bot-33
120862	bot-34	alpha	S00m-44A0	state+latches	-15.81	-1.41	60	0.44	0.01		0		squad-10	4	bot-28
120862	bot-48	bravo	F00r-4410	state	20.68	17.08	276	0.00	0.00		0		squad-16	0	bot-48
121042	bot-18	bravo	S00r-4320	state+latches	-2.12	14.77	214	0.40	0.00		0		squad-2	1	bot-33
121042	bot-28	alpha	S00r-4320	tick	-18.30	-3.22	35	2.16	0.80	21.83	5	seek	squad-10	0	bot-28
121042	bot-40	alpha	A00r-4410	state	-16.35	-2.38	39	2.02	0.21	15.51	5	seek	squad-10	3	bot-28
121042	bot-42	alpha	S00m-4430	tick	-17.66	-4.53	37	2.19	0.72	17.69	5	seek	squad-10	5	bot-28
121042	bot-44	alpha	P00r-4320	health	11.64	17.99	82	1.29	0.31		1	muzzleRecovery	squad-14	0	bot-44
121042	bot-45	bravo	T00m-442G	latches	-3.15	13.16	207	0.00	0.00	0.75	1	medic	squad-2	6	bot-33
121042	bot-47	bravo	A00r-4410	state	-2.63	9.12	238	3.17	0.69	20.09	5	seek	squad-2	4	bot-33
121172	bot-38	alpha	A00r-2410	state	-16.25	-1.71	43	1.64	0.11	19.50	4	seek	squad-10	2	bot-28
121172	bot-40	alpha	A00r-441G	latches	-16.38	-2.38	40	0.77	0.03		0		squad-10	3	bot-28
121172	bot-43	bravo	C00r-4410	state	-7.56	8.33	219	2.41	0.48	11.86	2	seek	squad-2	2	bot-33
121172	bot-44	alpha	E00r-4220	state+health	11.64	17.99	82	1.29	0.00		0		squad-14	0	bot-44
121172	bot-45	bravo	T00m-4420	latches	-3.15	13.16	195	0.00	0.00	0.75	1	medic	squad-2	6	bot-33
121361	bot-18	bravo	A00r-4320	state	-2.13	14.71	219	0.70	0.06	23.92	6	seek	squad-2	1	bot-33
121361	bot-33	bravo	A00r-3410	state+latches	-2.69	13.72	190	0.00	0.00		0		squad-2	0	bot-33
121361	bot-34	alpha	A00m-44A0	state	-15.78	-1.40	47	0.17	0.03	18.59	3	seek	squad-10	4	bot-28
121361	bot-38	alpha	A00r-241G	latches	-16.27	-1.72	51	0.00	0.02		0		squad-10	2	bot-28
121361	bot-39	bravo	S00r-4410	tick	-2.62	-7.70	205	1.43	0.30	6.25	3	seek	squad-2	5	bot-33
121361	bot-40	alpha	S00r-4410	state+latches	-16.38	-2.38	40	0.77	0.00		0		squad-10	3	bot-28
121361	bot-43	bravo	C00r-441I	latches	-7.12	8.41	207	4.33	0.45	7.70	3	cover	squad-2	2	bot-33
121361	bot-44	alpha	E00r-4129	health+latches	11.47	18.00	96	1.80	0.16	6.71	2	flee	squad-14	0	bot-44
121361	bot-47	bravo	A00r-441G	latches	-2.67	9.15	231	0.06	0.05		0		squad-2	4	bot-33
121491	bot-18	bravo	A00r-432G	latches	-2.13	14.73	220	0.02	0.02		0		squad-2	1	bot-33
121491	bot-33	bravo	A00r-341G	latches	-2.69	13.72	200	0.00	0.00		0		squad-2	0	bot-33
121491	bot-34	alpha	A00m-44AG	latches	-15.83	-1.43	41	0.80	0.05		0		squad-10	4	bot-28
121491	bot-38	alpha	S00r-2410	state+latches	-16.29	-1.73	51	0.00	0.02		0		squad-10	2	bot-28
121491	bot-43	bravo	C00r-4412	latches	-6.91	8.46	194	3.94	0.21	7.48	3	cover	squad-2	2	bot-33
121491	bot-44	alpha	E00r-3029	ammo+health	11.22	18.00	96	5.03	0.25	6.52	2	flee	squad-14	0	bot-44
121491	bot-47	bravo	S00r-4410	state+latches	-2.67	9.15	231	0.06	0.00		0		squad-2	4	bot-33
121491	bot-48	bravo	P00r-4410	state	20.68	17.08	276	0.00	0.00		0		squad-16	0	bot-48
121491	bot-44	alpha	D00r--000	state+ammo+packs+latches	11.22	18.00	96	0.00	0.00	6.52	2	flee	squad-14	0	bot-44
121618	bot-7	bravo	D00m--000	tick	-2.81	14.40	289	0.00	0.00	4.96	0		squad-2	-1	bot-33
121618	bot-18	bravo	S00r-4320	state+latches	-2.13	14.73	220	0.02	0.00		0		squad-2	1	bot-33
121618	bot-33	bravo	S00r-3414	state+latches	-2.69	13.72	200	0.00	0.00		0		squad-2	0	bot-33
121618	bot-34	alpha	S00m-44A0	state+latches	-15.82	-1.41	41	0.82	0.02		0		squad-10	4	bot-28
121768	bot-3	alpha	P00r-4200	tick	-17.11	24.12	158	0.00	0.00		0		squad-1	0	bot-3
121768	bot-35	alpha	S00r-4410	tick	-17.13	-1.63	352	1.97	0.04	24.10	6	seek	squad-10	1	bot-28
121768	bot-46	bravo	S00r-4410	tick	-15.31	14.76	312	1.09	0.40	10.57	3	seek	squad-2	3	bot-33
121994	bot-47	bravo	A00r-4410	state	-2.89	8.98	227	2.62	0.28	19.10	5	seek	squad-2	4	bot-33
122114	bot-28	alpha	S00r-4320	tick	-17.84	-2.72	38	1.98	0.68	21.15	5	seek	squad-10	0	bot-28
122114	bot-33	bravo	A00r-3410	state+latches	-2.69	13.72	222	0.33	0.00		0		squad-2	0	bot-33
122114	bot-34	alpha	A00m-44A0	state	-15.81	-1.41	50	0.23	0.01	11.58	3	seek	squad-10	4	bot-28
122114	bot-42	alpha	S00m-4430	tick	-17.20	-3.97	46	2.00	0.73	16.96	5	seek	squad-10	5	bot-28
122114	bot-43	bravo	C00r-441I	latches	-6.11	8.61	169	4.20	0.82	6.67	3	cover	squad-2	2	bot-33
122114	bot-47	bravo	A00r-441G	latches	-2.97	9.00	231	0.79	0.08		0		squad-2	4	bot-33
122290	bot-33	bravo	A00r-341G	latches	-2.69	13.72	221	0.33	0.00		0		squad-2	0	bot-33
122290	bot-34	alpha	A00m-44AG	latches	-15.82	-1.42	44	0.45	0.02		0		squad-10	4	bot-28
122290	bot-43	bravo	C00r-4412	latches	-5.90	8.65	156	4.24	0.21	6.46	3	cover	squad-2	2	bot-33
122290	bot-45	bravo	T00m-4420	tick	-3.15	13.16	234	0.00	0.00	0.75	1	medic	squad-2	6	bot-33
122290	bot-47	bravo	S00r-4410	state+latches	-2.97	9.00	231	0.79	0.00		0		squad-2	4	bot-33
122407	bot-33	bravo	S00r-3414	state+latches	-2.69	13.72	221	0.33	0.00		0		squad-2	0	bot-33
122407	bot-34	alpha	S00m-44A0	state+latches	-15.81	-1.41	44	0.46	0.02		0		squad-10	4	bot-28
122407	bot-39	bravo	S00r-4410	tick	-3.16	-7.73	211	2.03	0.55	5.77	3	seek	squad-2	5	bot-33
122407	bot-40	alpha	S00r-4410	tick	-16.51	-2.55	54	4.15	0.21	5.55	1	grenade	squad-10	3	bot-28
122510	bot-38	alpha	S00r-2410	tick	-16.68	-1.88	91	4.30	0.42	5.19	1	grenade	squad-10	2	bot-28
122510	bot-47	bravo	A00r-4410	state	-3.11	8.92	227	1.90	0.16	18.90	5	seek	squad-2	4	bot-33
122510	bot-48	bravo	P00r-4410	tick	20.88	17.64	1	2.18	0.59		1	patrol	squad-16	0	bot-48
122624	bot-18	bravo	A00r-4320	state	-2.21	14.50	214	0.43	0.24	21.73	4	seek	squad-2	1	bot-33
122624	bot-33	bravo	A00r-3410	state+latches	-2.69	13.72	242	0.33	0.00		0		squad-2	0	bot-33
122624	bot-34	alpha	A00m-44A0	state	-15.77	-1.39	52	0.63	0.05	5.48	1	grenade	squad-10	4	bot-28
122624	bot-38	alpha	A00r-2410	state	-16.68	-1.88	91	4.30	0.00	5.19	1	grenade	squad-10	2	bot-28
122760	bot-38	alpha	A00r-241G	latches	-17.03	-2.12	117	4.26	0.43	4.77	1	grenade	squad-10	2	bot-28
122760	bot-47	bravo	F00r-4410	state	-3.19	8.92	231	0.67	0.09		0		squad-2	4	bot-33
122935	bot-3	alpha	P00r-4200	tick	-17.11	24.12	158	0.00	0.00		0		squad-1	0	bot-3
122935	bot-33	bravo	F00r-3410	state	-2.69	13.72	221	0.33	0.00		0		squad-2	0	bot-33
122935	bot-35	alpha	S00r-4410	tick	-17.97	-1.85	327	4.35	0.87	5.71	1	grenade	squad-10	1	bot-28
122935	bot-38	alpha	S00r-2410	state+latches	-17.03	-2.12	117	4.26	0.00	4.77	1	grenade	squad-10	2	bot-28
122935	bot-45	bravo	A00m-4420	state	-3.15	13.16	228	0.00	0.00	0.75	1	medic	squad-2	6	bot-33
122935	bot-46	bravo	S00r-4410	tick	-15.76	14.68	280	1.17	0.45	10.33	3	seek	squad-2	3	bot-33
124567	bot-3	alpha	P00r-4200	tick	-17.11	24.12	158	0.00	0.00		0		squad-1	0	bot-3
124567	bot-18	bravo	F00r-4320	state	-2.20	14.53	220	0.29	0.03		0		squad-2	1	bot-33
124567	bot-28	alpha	S21r-4320	tier+score	-18.72	-3.56	320	4.01	1.22	5.39	1	grenade	squad-10	0	bot-28
124567	bot-33	bravo	P00r-3410	state	-2.69	13.72	221	1.34	0.00		1	muzzleRecovery	squad-2	0	bot-33
124567	bot-34	alpha	A21m-43A0	tier+score+health	-15.76	-1.38	44	0.35	0.01	5.47	1	grenade	squad-10	4	bot-28
124567	bot-35	alpha	S21r-4410	tier+score	-18.17	-1.93	314	4.32	0.21	5.52	1	grenade	squad-10	1	bot-28
124567	bot-38	alpha	S21r-2410	tier+score	-17.22	-2.52	143	2.93	0.44	5.42	1	grenade	squad-10	2	bot-28
124567	bot-39	bravo	S00r-4410	tick	-3.58	-7.94	147	1.79	0.47	5.30	3	seek	squad-2	5	bot-33
124567	bot-40	alpha	S21r-4410	tier+score	-16.87	-3.54	118	4.54	1.06	5.65	1	grenade	squad-10	3	bot-28
124567	bot-42	alpha	S21m-4430	tier+score	-17.88	-4.88	122	4.14	1.14	5.76	1	grenade	squad-10	5	bot-28
124567	bot-43	bravo	C00r-4412	tick	-4.98	9.32	88	3.81	1.14	5.54	2	cover	squad-2	2	bot-33
124567	bot-45	bravo	F00m-4420	state	-3.15	13.16	221	0.00	0.00		0		squad-2	6	bot-33
124567	bot-46	bravo	S00r-4410	tick	-15.82	14.67	293	1.20	0.06	10.30	3	seek	squad-2	3	bot-33
124567	bot-47	bravo	P00r-4410	state	-3.23	8.92	231	1.39	0.04		1	muzzleRecovery	squad-2	4	bot-33
124567	bot-48	bravo	P00r-4410	tick	21.00	18.09	18	2.30	0.47		1	patrol	squad-16	0	bot-48
124567	bot-49	alpha	P00r-0410	initial	19.05	11.55	0	0.00			0			-1	
126264	bot-3	alpha	P00r-4200	tick	-17.11	24.12	158	0.00	0.00		0		squad-1	0	bot-3
126264	bot-18	bravo	F00r-4320	tick	-2.19	14.59	220	0.25	0.06		0		squad-2	1	bot-33
126264	bot-28	alpha	S33r-4320	tier+score	-18.81	-3.65	307	1.31	0.12	5.62	1	grenade	squad-10	0	bot-28
126264	bot-33	bravo	A00r-3410	state	-2.65	13.76	211	0.00	0.06		0	muzzleRecovery	squad-2	0	bot-33
126264	bot-34	alpha	E33m-41A0	state+tier+score+health	-15.76	-1.38	44	0.35	0.00		0		squad-10	4	bot-28
126264	bot-35	alpha	S33r-4410	tier+score	-18.36	-2.02	301	4.20	0.21	5.33	1	grenade	squad-10	1	bot-28
126264	bot-38	alpha	S33r-2410	tier+score	-17.39	-2.65	156	4.19	0.21	5.56	1	grenade	squad-10	2	bot-28
126264	bot-39	bravo	S00r-4410	tick	-3.64	-7.92	134	2.68	0.06	5.27	3	seek	squad-2	5	bot-33
126264	bot-40	alpha	S33r-4410	tier+score	-16.95	-3.73	131	4.26	0.21	5.46	1	grenade	squad-10	3	bot-28
126264	bot-42	alpha	S33m-4430	tier+score	-18.02	-5.04	135	3.89	0.21	5.54	1	grenade	squad-10	5	bot-28
126264	bot-43	bravo	C00r-4412	tick	-4.79	9.33	88	3.87	0.19	5.34	2	cover	squad-2	2	bot-33
126264	bot-45	bravo	F00m-4420	tick	-3.15	13.16	221	0.00	0.00		0		squad-2	6	bot-33
126264	bot-46	bravo	S00r-4410	tick	-15.88	14.66	280	1.24	0.06	10.27	3	seek	squad-2	3	bot-33
126264	bot-47	bravo	P00r-4410	tick	-3.32	8.81	211	1.73	0.15		1	muzzleRecovery	squad-2	4	bot-33
126264	bot-48	bravo	P00r-4410	tick	21.03	18.21	15	2.30	0.12		0		squad-16	0	bot-48
126264	bot-49	alpha	C32r-4410	state+tier+score+ammo	19.05	11.55	0	0.00	0.00		0		squad-14	0	
126520	bot-18	bravo	P00r-4320	state	-2.19	14.59	220	0.00	0.00		0		squad-2	1	bot-33
126520	bot-34	alpha	D00m--0A0	state+tier+score+ammo+health	-15.76	-1.38	44	0.00	0.00	5.47	1	grenade	squad-10	4	bot-28
126520	bot-28	alpha	S46rm4320	tier+score+element	-18.94	-3.77	294	3.71	0.19	5.44	1	grenade	squad-10	0	bot-28
126520	bot-33	bravo	S00r-3410	state	-2.65	13.76	221	0.00	0.00		0		squad-2	0	bot-33
126520	bot-35	alpha	S46rm4410	tier+score+element	-18.55	-2.10	288	4.35	0.21	5.13	1	grenade	squad-10	1	bot-28
126520	bot-38	alpha	S46rm2410	tier+score+element	-17.53	-2.83	169	4.47	0.23	5.34	1	grenade	squad-10	2	bot-28
126520	bot-40	alpha	S46rm4410	tier+score+element	-17.04	-3.93	144	4.32	0.21	5.26	1	grenade	squad-10	3	bot-28
126520	bot-42	alpha	S46mm44A0	tier+score+element+packs	-18.17	-5.19	148	4.30	0.22	5.33	1	grenade	squad-10	5	bot-28
126520	bot-45	bravo	S00m-4420	state	-3.15	13.16	221	0.00	0.00		0		squad-2	6	bot-33
126520	bot-46	bravo	P00r-4410	state	-15.88	14.66	280	1.24	0.00	10.27	3	seek	squad-2	3	bot-33
126520	bot-47	bravo	S00r-4410	state	-3.32	8.81	211	0.00	0.00		0		squad-2	4	bot-33
126520	bot-49	alpha	C32r-4412	latches	19.10	11.64	15	0.37	0.11		0		squad-14	0	
126692	bot-15	bravo	D00m--000	tick	-8.59	9.47	211	0.00	0.00	4.57	0		squad-2	-1	bot-33
126692	bot-18	bravo	S00r-4320	state	-2.19	14.60	220	0.12	0.01		0		squad-2	1	bot-33
126692	bot-42	alpha	M46mm44A0	state	-18.17	-5.19	148	4.30	0.00	5.33	1	grenade	squad-10	4	bot-28
126692	bot-47	bravo	P00r-4410	state	-3.38	8.75	214	1.57	0.08	18.59	5	seek	squad-2	4	bot-33
126861	bot-18	bravo	P00r-4320	state	-2.20	14.58	222	0.34	0.02	23.78	6	seek	squad-2	1	bot-33
126861	bot-42	alpha	S46mm44A0	state	-18.33	-5.35	161	4.47	0.22	5.11	1	grenade	squad-10	4	bot-28
126980	bot-33	bravo	P00r-3410	state	-2.81	13.58	225	2.40	0.24	19.92	2	seek	squad-2	0	bot-33
126980	bot-45	bravo	P00m-4420	state	-3.24	12.90	213	2.63	0.28	18.85	3	seek	squad-2	6	bot-33
127231	bot-43	bravo	S00r-4410	state+latches	-3.91	9.67	62	3.99	0.94	4.51	2	cover	squad-2	2	bot-33
127343	bot-3	alpha	P00r-4200	tick	-17.11	24.12	158	0.00	0.00		0		squad-1	0	bot-3
127343	bot-39	bravo	S00r-4410	tick	-3.60	-8.07	130	0.20	0.15	5.21	3	seek	squad-2	5	bot-33
127343	bot-48	bravo	P00r-4410	tick	20.19	18.22	284	2.46	0.85		9	patrol	squad-16	0	bot-48
127343	bot-49	alpha	P32r-4410	state+latches	19.11	11.65	10	4.07	0.01		1	muzzleRecovery	squad-14	0	
127471	bot-49	alpha	C32r-4410	state	19.30	11.60	23	0.00	0.20		0	muzzleRecovery	squad-14	0	
127622	bot-28	alpha	S44rm4320	score	-19.86	-4.71	224	1.30	1.31	5.89	1	grenade	squad-10	0	bot-28
127622	bot-35	alpha	S44rm4410	score	-19.95	-2.98	225	4.18	1.65	5.63	1	grenade	squad-10	1	bot-28
127622	bot-38	alpha	S44rm2410	score	-18.71	-3.94	223	3.88	1.63	5.48	1	grenade	squad-10	2	bot-28
127622	bot-40	alpha	S44rm4410	score	-17.97	-5.30	225	4.24	1.65	5.40	1	grenade	squad-10	3	bot-28
127622	bot-42	alpha	S44mm44A0	score	-19.09	-6.18	228	2.35	1.13	5.39	1	grenade	squad-10	4	bot-28
127622	bot-46	bravo	P00r-4410	tick	-14.99	14.30	164	2.46	0.96	15.78	2	squad	squad-2	3	bot-33
127622	bot-49	alpha	C32r-4412	latches	19.32	11.64	5	0.30	0.04		0		squad-14	0	
127748	bot-47	bravo	P00r-4410	tick	-3.59	9.39	300	2.49	0.68	2.32	1	packseek	squad-2	4	bot-33
127864	bot-18	bravo	P00r-4320	tick	-2.32	14.17	182	1.25	0.43	3.06	4	squad	squad-2	1	bot-33
127922	bot-49	alpha	P32r-4410	state+latches	19.33	11.65	2	4.11	0.00		1	muzzleRecovery	squad-14	0	
128111	bot-33	bravo	P00r-3410	tick	-3.54	12.34	228	3.54	1.44	1.61	1	packseek	squad-2	0	bot-33
128111	bot-45	bravo	P00m-4420	tick	-4.30	13.15	339	1.57	1.09	6.48	2	squad	squad-2	6	bot-33
129221	bot-3	alpha	P00r-4200	tick	-17.11	24.12	158	0.00	0.00		0		squad-1	0	bot-3
129221	bot-18	bravo	P00r-4320	tick	-2.43	13.97	203	1.75	0.23	3.69	3	squad	squad-2	1	bot-33
129221	bot-28	alpha	S44rm4320	tick	-20.25	-5.05	221	2.47	0.52	5.38	1	grenade	squad-10	0	bot-28
129221	bot-33	bravo	P00r-3410	tick	-3.61	12.23	215	2.59	0.13	1.50	1	packseek	squad-2	0	bot-33
129221	bot-35	alpha	S44rm4410	tick	-20.94	-3.69	237	3.66	1.21	5.14	1	grenade	squad-10	1	bot-28
129221	bot-38	alpha	S44rm2410	tick	-19.52	-4.85	223	4.35	1.22	5.33	1	grenade	squad-10	2	bot-28
129221	bot-39	bravo	S00r-4410	tick	-3.61	-8.09	130	0.64	0.02	5.20	3	seek	squad-2	5	bot-33
129221	bot-40	alpha	S44rm4410	tick	-18.63	-6.12	217	3.83	1.05	5.41	1	grenade	squad-10	3	bot-28
129221	bot-42	alpha	S44mm44A0	tick	-19.77	-6.78	230	2.91	0.91	5.20	1	grenade	squad-10	4	bot-28
129221	bot-43	bravo	S00r-4410	tick	-5.07	9.22	293	2.54	1.24	12.41	2	seek	squad-2	2	bot-33
129221	bot-45	bravo	P00m-4420	tick	-4.34	13.21	334	1.50	0.08	6.04	1	squad	squad-2	6	bot-33
129221	bot-46	bravo	P00r-4410	tick	-14.34	14.01	106	2.36	0.71	14.75	4	squad	squad-2	3	bot-33
129221	bot-47	bravo	P00r-4410	tick	-3.68	10.01	330	2.51	0.62	1.72	1	packseek	squad-2	4	bot-33
129221	bot-48	bravo	P00r-4410	tick	19.18	18.21	282	2.40	1.00		9	patrol	squad-16	0	bot-48
129221	bot-49	alpha	C32r-4410	state	19.74	11.61	28	0.00	0.42		0	muzzleRecovery	squad-14	0	bot-49
129420	bot-28	alpha	S32r-4320	tier+score+element	-20.38	-5.14	234	3.07	0.15	5.23	1	grenade	squad-10	0	bot-28
129420	bot-35	alpha	S32r-4410	tier+score+element	-21.03	-3.75	224	2.21	0.11	5.04	1	grenade	squad-10	1	bot-28
129420	bot-38	alpha	S32r-2410	tier+score+element	-19.41	-5.00	210	4.42	0.18	5.31	1	grenade	squad-10	2	bot-28
129420	bot-40	alpha	S32r-4410	tier+score+element	-18.68	-6.26	204	1.62	0.15	5.28	1	grenade	squad-10	3	bot-28
129420	bot-42	alpha	S32m-44A0	tier+score+element	-19.89	-6.87	231	3.09	0.15	5.04	1	grenade	squad-10	4	bot-28
129420	bot-49	alpha	C32r-4412	latches	19.75	11.63	2	0.08	0.02		0		squad-14	0	bot-49
129555	bot-49	alpha	C00r-4412	tier+score	19.75	11.63	353	0.02	0.00		0		squad-14	0	bot-49
129788	bot-33	bravo	P00r-3420	packs	-3.99	11.97	213	1.63	0.45	1.05	5	patrolReentry	squad-2	0	bot-33
130081	bot-49	alpha	P00r-4410	state+latches	19.75	11.63	351	4.44	0.00		1	muzzleRecovery	squad-14	0	bot-49
130223	bot-3	alpha	P00r-4200	tick	-17.11	24.12	158	0.00	0.00		0		squad-1	0	bot-3
130223	bot-18	bravo	P00r-4320	tick	-2.76	13.38	198	2.40	0.67	4.09	2	squad	squad-2	1	bot-33
130223	bot-39	bravo	S00r-4410	tick	-3.62	-8.12	129	0.24	0.04	5.17	3	seek	squad-2	5	bot-33
130223	bot-43	bravo	S00r-4410	tick	-5.49	8.95	254	4.77	0.51	12.62	2	seek	squad-2	2	bot-33
130223	bot-45	bravo	P00m-4420	tick	-4.72	12.94	271	2.67	0.47	1.40	1	packseek	squad-2	6	bot-33
130223	bot-46	bravo	P00r-4410	tick	-13.53	13.67	120	2.69	0.88	12.32	3	squad	squad-2	3	bot-33
130223	bot-47	bravo	P00r-4410	tick	-4.09	10.83	357	2.48	0.92	5.80	1	squad	squad-2	4	bot-33
130223	bot-48	bravo	P00r-4410	tick	18.54	18.21	257	1.91	0.64		9	patrol	squad-16	0	bot-48
130223	bot-49	alpha	C00r-4410	state	19.65	11.83	338	0.00	0.22		0	muzzleRecovery	squad-14	0	bot-49
130405	bot-18	bravo	A00r-4320	state	-2.76	13.38	198	2.40	0.00	4.09	2	squad	squad-2	1	bot-33
130405	bot-49	alpha	C00r-4412	latches	19.63	11.88	350	1.40	0.06		0		squad-14	0	bot-49
130590	bot-28	alpha	S32r-4320	tick	-21.33	-6.18	219	3.37	1.42	4.89	1	grenade	squad-10	0	bot-28
130590	bot-35	alpha	S32r-4410	tick	-21.86	-4.81	215	3.91	1.35	4.46	1	grenade	squad-10	1	bot-28
130590	bot-38	alpha	S32r-2410	tick	-19.71	-5.43	223	2.01	0.53	5.49	1	grenade	squad-10	2	bot-28
130590	bot-40	alpha	S32r-4410	tick	-19.46	-7.37	224	3.17	1.37	4.99	1	grenade	squad-10	3	bot-28
130590	bot-42	alpha	S32m-44A0	tick	-20.99	-7.73	233	3.53	1.39	5.08	1	grenade	squad-10	4	bot-28
130590	bot-49	alpha	C00r-3412	ammo	19.63	11.89	349	0.14	0.01		1	muzzleRecovery	squad-14	0	bot-49
130711	bot-49	alpha	P00r-3410	state+latches	19.63	11.89	349	4.32	0.00		1	muzzleRecovery	squad-14	0	bot-49
130838	bot-33	bravo	P00r-3420	tick	-4.60	12.08	286	2.47	0.62	0.63	5	patrolReentry	squad-2	0	bot-33
130838	bot-49	alpha	A00r-3410	state	19.83	11.96	2	0.00	0.22		0	muzzleRecovery	squad-14	0	bot-49
131031	bot-49	alpha	C00r-3410	state	19.83	11.96	349	0.00	0.00		0		squad-14	0	bot-49
131180	bot-49	alpha	C00r-3412	latches	19.88	12.09	343	1.11	0.13		0		squad-14	0	bot-49
131180	bot-50	alpha	P00r-0410	initial	16.55	11.05	0	0.00			0			-1	
131306	bot-3	alpha	P00r-4200	tick	-17.11	24.12	158	0.00	0.00		0		squad-1	0	bot-3
131306	bot-39	bravo	S00r-4410	tick	-3.61	-8.12	129	0.83	0.01	5.18	3	seek	squad-2	5	bot-33
131306	bot-43	bravo	S00r-4410	tick	-5.58	9.16	267	3.73	0.23	11.67	2	seek	squad-2	2	bot-33
131306	bot-45	bravo	P00m-4420	tick	-5.39	12.29	234	2.42	0.93	0.87	1	packseek	squad-2	6	bot-33
131306	bot-46	bravo	P00r-4410	tick	-12.77	13.22	129	2.56	0.88	9.68	2	squad	squad-2	3	bot-33
131306	bot-47	bravo	P00r-4410	tick	-3.85	11.58	14	2.37	0.78	5.38	1	squad	squad-2	4	bot-33
131306	bot-48	bravo	A00r-4410	state	18.01	18.22	252	1.92	0.53		9	patrol	squad-16	0	bot-48
131306	bot-50	alpha	S00r-4410	state+ammo	16.55	11.05	0	0.00	0.00		0		squad-14	1	bot-49
131502	bot-18	bravo	A00r-4320	tick	-2.78	13.37	221	0.00	0.02		0		squad-2	1	bot-33
131559	bot-46	bravo	S00r-4410	state	-12.67	13.14	123	2.57	0.13	9.55	2	squad	squad-2	3	bot-33
131559	bot-49	alpha	P00r-3410	state+latches	19.89	12.15	343	4.10	0.06		1	muzzleRecovery	squad-14	0	bot-49
131559	bot-50	alpha	C00r-4410	state	16.63	11.31	17	2.57	0.27	4.95	1	seek	squad-14	1	bot-49
131694	bot-28	alpha	S32r-4320	tick	-22.17	-7.47	209	4.17	1.53	4.59	1	grenade	squad-10	0	bot-28
131694	bot-33	bravo	A00r-3420	state	-5.05	11.99	288	2.34	0.46	0.45	5	patrolReentry	squad-2	0	bot-33
131694	bot-35	alpha	S32r-4410	tick	-22.49	-6.00	206	3.23	1.35	4.40	1	grenade	squad-10	1	bot-28
131694	bot-38	alpha	S32r-2410	tick	-20.59	-6.28	227	3.53	1.22	5.33	1	grenade	squad-10	2	bot-28
131694	bot-40	alpha	S32r-4410	tick	-20.29	-8.38	222	3.48	1.30	5.47	1	grenade	squad-10	3	bot-28
131694	bot-42	alpha	S32m-44A0	tick	-21.82	-8.96	203	4.13	1.48	4.78	1	grenade	squad-10	4	bot-28
131694	bot-47	bravo	S00r-4410	state	-3.82	11.82	4	2.40	0.24	5.16	1	squad	squad-2	4	bot-33
131694	bot-50	alpha	C00r-4412	latches	16.64	11.33	11	0.06	0.03		0		squad-14	1	bot-49
131821	bot-49	alpha	A00r-3410	state	20.29	12.13	9	0.00	0.41		0	muzzleRecovery	squad-14	0	bot-49
131972	bot-33	bravo	A00r-342G	latches	-5.04	12.00	268	0.00	0.01		0		squad-2	0	bot-33
132105	bot-33	bravo	S00r-3420	state+latches	-5.04	12.00	268	0.00	0.00		0		squad-2	0	bot-33
132105	bot-45	bravo	S00m-4420	state	-5.64	11.82	197	2.28	0.53	0.74	1	packseek	squad-2	6	bot-33
132273	bot-49	alpha	F00r-3410	state	20.30	12.19	339	0.48	0.06		0		squad-14	0	bot-49
132422	bot-3	alpha	P00r-4200	tick	-17.11	24.12	158	0.00	0.00		0		squad-1	0	bot-3
132422	bot-18	bravo	F00r-4320	state	-2.78	13.37	220	0.00	0.00		0		squad-2	1	bot-33
132422	bot-39	bravo	S00r-4410	tick	-3.61	-8.12	129	0.26	0.00	5.18	3	seek	squad-2	5	bot-33
132422	bot-43	bravo	S00r-4410	tick	-5.76	9.17	267	4.69	0.19	13.30	2	seek	squad-2	2	bot-33
132422	bot-48	bravo	A10r-4410	tier	18.01	18.23	159	0.00	0.01		0		squad-16	0	bot-48
132583	bot-43	bravo	A00r-4410	state	-5.76	9.17	267	4.69	0.00	13.30	2	seek	squad-2	2	bot-33
132583	bot-46	bravo	S00r-4410	tick	-11.98	12.92	149	4.22	0.72	3.77	1	grenade	squad-2	3	bot-33
132583	bot-47	bravo	A00r-4410	state	-4.06	11.14	287	2.42	0.72	29.44	6	seek	squad-2	4	bot-33
132583	bot-48	bravo	A10r-4310	health	18.01	18.23	159	0.00	0.00		0		squad-16	0	bot-48
132701	bot-18	bravo	A00r-4320	state	-2.78	13.37	220	0.00	0.00		0		squad-2	1	bot-33
132701	bot-28	alpha	S32r-4320	tick	-22.61	-8.50	205	3.32	1.13	4.36	1	grenade	squad-10	0	bot-28
132701	bot-35	alpha	S32r-4410	tick	-22.90	-7.03	202	3.41	1.11	4.21	1	grenade	squad-10	1	bot-28
132701	bot-38	alpha	S32r-2410	tick	-21.43	-7.19	219	3.50	1.24	4.82	1	grenade	squad-10	2	bot-28
132701	bot-40	alpha	S32r-4410	tick	-21.11	-9.21	222	3.59	1.17	5.01	1	grenade	squad-10	3	bot-28
132701	bot-42	alpha	S32m-44A0	tick	-22.41	-10.04	207	3.50	1.23	4.41	1	grenade	squad-10	4	bot-28
132701	bot-48	bravo	E10r-4210	state+health	18.01	18.23	159	0.00	0.00		0		squad-16	0	bot-48
132701	bot-49	alpha	F00r-3310	health	20.30	12.23	339	0.13	0.05		0		squad-14	0	bot-49
132701	bot-50	alpha	C21r-4412	tier+score	16.64	11.33	10	0.00	0.00		0		squad-14	1	bot-49
132885	bot-33	bravo	A00r-3420	state	-5.24	11.62	212	1.95	0.43	26.39	4	seek	squad-2	0	bot-33
132885	bot-45	bravo	A00m-4420	state	-6.11	11.47	233	2.36	0.59	24.97	5	seek	squad-2	6	bot-33
132885	bot-48	bravo	E10r-4119	health+latches	17.73	18.55	159	4.49	0.43	6.14	1	flee	squad-16	0	bot-48
132885	bot-49	alpha	E32r-3210	state+tier+score+health	20.30	12.23	339	0.13	0.00		0		squad-14	0	bot-49
132885	bot-49	alpha	E32r-2210	ammo	20.48	12.20	338	2.65	0.19	6.26	1	flee	squad-14	0	bot-49
132885	bot-50	alpha	C32r-4412	tier+score	16.64	11.33	9	0.00	0.00		0		squad-14	1	bot-49
133013	bot-33	bravo	A00r-342G	latches	-5.23	11.62	218	0.56	0.01		0		squad-2	0	bot-33
133013	bot-48	bravo	E10r-4019	health	17.58	18.72	157	4.27	0.22	5.92	1	flee	squad-16	0	bot-48
133013	bot-49	alpha	E32r-2219	latches	20.68	12.16	336	3.33	0.20	6.12	1	flee	squad-14	0	bot-49
133142	bot-33	bravo	S00r-3420	state+latches	-5.23	11.62	218	0.56	0.00		0		squad-2	0	bot-33
133142	bot-50	alpha	P32r-4410	state+latches	16.64	11.33	7	4.28	0.00		1	muzzleRecovery	squad-14	1	bot-49
133268	bot-33	bravo	A00r-3420	state	-5.27	11.57	222	1.21	0.06	27.42	5	seek	squad-2	0	bot-33
133268	bot-48	bravo	E10r-3019	ammo	17.28	19.04	154	4.49	0.45	5.47	1	flee	squad-16	0	bot-48
133268	bot-49	alpha	E33r-2119	score+health	20.91	12.01	333	2.78	0.27	5.87	1	flee	squad-14	0	bot-49
133460	bot-3	alpha	P00r-4200	tick	-17.11	24.12	158	0.00	0.00		0		squad-1	0	bot-3
133460	bot-39	bravo	S00r-4410	tick	-3.62	-8.13	128	0.79	0.01	5.17	3	seek	squad-2	5	bot-33
133460	bot-49	alpha	P34r-2010	state+score+health+latches	20.91	12.01	332	3.52	0.00		0		squad-14	0	bot-49
133460	bot-48	bravo	D00r--000	state+tier+ammo+packs+latches	17.16	19.19	153	0.00	0.19	5.28	1	flee	squad-16	0	bot-48
133460	bot-50	alpha	C34r-4410	state+score	16.23	11.48	341	4.39	0.43		0		squad-14	1	bot-49
133591	bot-9	bravo	D00r--000	tick	-12.66	3.04	228	0.00	0.00	4.44	0		squad-2	-1	bot-33
133591	bot-43	bravo	A00r-4410	tick	-5.26	9.83	265	4.09	0.83	4.66	1	grenade	squad-2	2	bot-33
133591	bot-46	bravo	S00r-4410	tick	-11.76	13.35	110	2.99	0.48	4.18	1	grenade	squad-2	3	bot-33
133591	bot-47	bravo	A00r-4410	tick	-3.72	11.47	272	3.05	0.48	3.99	1	grenade	squad-2	4	bot-33
133591	bot-49	alpha	E34r-4010	state+ammo	21.01	11.87	332	3.52	0.18		0		squad-14	0	bot-49
133591	bot-50	alpha	C34r-4412	latches	16.21	11.52	341	0.52	0.05		0		squad-14	1	bot-49
133738	bot-18	bravo	A00r-4320	tick	-2.38	14.02	271	4.22	0.76	4.98	1	grenade	squad-2	1	bot-33
133738	bot-28	alpha	S32r-4320	tick	-23.25	-9.56	216	3.93	1.24	3.59	1	grenade	squad-10	0	bot-28
133738	bot-35	alpha	S32r-4410	tick	-23.58	-7.95	214	1.79	1.14	3.60	1	grenade	squad-10	1	bot-28
133738	bot-38	alpha	S32r-2410	tick	-22.18	-8.35	212	3.97	1.38	4.26	1	grenade	squad-10	2	bot-28
133738	bot-40	alpha	S32r-4410	tick	-21.78	-10.22	203	2.84	1.21	4.59	1	grenade	squad-10	3	bot-28
133738	bot-42	alpha	S32m-44A0	tick	-22.84	-10.86	204	2.04	0.93	3.93	1	grenade	squad-10	4	bot-28
133889	bot-45	bravo	A00m-4420	tick	-5.89	12.49	278	4.14	1.05	4.31	1	grenade	squad-2	6	bot-33
134030	bot-43	bravo	A00r-441G	latches	-4.86	10.48	316	3.77	0.77	4.30	1	grenade	squad-2	2	bot-33
134030	bot-45	bravo	A00m-442G	latches	-5.82	12.82	304	3.40	0.33	4.01	1	grenade	squad-2	6	bot-33
134030	bot-47	bravo	A00r-441G	latches	-3.41	11.74	310	0.00	0.41		0		squad-2	4	bot-33
134270	bot-33	bravo	A00r-3420	tick	-4.46	12.39	185	1.20	1.15		0		squad-2	0	bot-33
134270	bot-43	bravo	S00r-4410	state+latches	-4.86	10.48	316	0.00	0.00		0		squad-2	2	bot-33
134270	bot-45	bravo	S00m-4420	state+latches	-5.82	12.82	304	0.00	0.00		0		squad-2	6	bot-33
134270	bot-47	bravo	S00r-4410	state+latches	-3.41	11.74	310	0.00	0.00		0		squad-2	4	bot-33
134270	bot-49	alpha	H34r-4010	state	21.01	11.89	332	0.00	0.02		0		squad-14	0	bot-49
134411	bot-47	bravo	A00r-4410	state	-3.49	11.51	297	4.84	0.24	30.42	6	seek	squad-2	4	bot-33
134536	bot-3	alpha	P00r-4200	tick	-17.11	24.12	158	0.00	0.00		0		squad-1	0	bot-3
134536	bot-28	alpha	S00r-4320	tier+score	-24.00	-10.70	212	3.85	1.36	3.78	1	grenade	squad-10	0	bot-28
134536	bot-35	alpha	S00r-4410	tier+score	-24.08	-9.15	206	3.82	1.30	3.82	1	grenade	squad-10	1	bot-28
134536	bot-38	alpha	S00r-2410	tier+score	-22.62	-9.52	208	3.51	1.25	3.89	1	grenade	squad-10	2	bot-28
134536	bot-39	bravo	S00r-4410	tick	-3.63	-8.12	128	0.69	0.01	5.16	3	seek	squad-2	5	bot-33
134536	bot-40	alpha	S00r-4410	tier+score	-22.04	-10.86	179	0.76	0.69	4.75	1	grenade	squad-10	3	bot-28
134536	bot-42	alpha	S00m-44A0	tier+score	-23.07	-11.44	195	1.33	0.62	4.24	1	grenade	squad-10	4	bot-28
134536	bot-43	bravo	A00r-4410	state	-5.18	10.15	290	2.59	0.46	24.68	5	seek	squad-2	2	bot-33
134536	bot-45	bravo	A00m-4420	state	-6.11	12.43	278	4.09	0.48	27.80	6	seek	squad-2	6	bot-33
134657	bot-46	bravo	S00r-4410	tick	-11.74	12.95	97	4.88	0.40	21.12	4	seek	squad-2	3	bot-33
134657	bot-50	alpha	C34r-4412	tick	16.22	11.53	341	0.00	0.00		0		squad-14	1	bot-49
134715	bot-43	bravo	A00r-441G	latches	-5.18	10.16	267	0.82	0.01		0		squad-2	2	bot-33
134910	bot-18	bravo	A00r-4320	tick	-2.29	14.27	220	0.00	0.27		0		squad-2	1	bot-33
134910	bot-43	bravo	S00r-4410	state+latches	-5.18	10.16	267	0.82	0.00		0		squad-2	2	bot-33
134910	bot-47	bravo	A00r-441G	latches	-3.60	11.57	251	0.17	0.13		0		squad-2	4	bot-33
135079	bot-33	bravo	A00r-342G	latches	-4.46	12.39	219	0.00	0.00		0		squad-2	0	bot-33
135079	bot-47	bravo	S00r-4410	state+latches	-3.60	11.57	251	0.17	0.00		0		squad-2	4	bot-33
135226	bot-33	bravo	S00r-3420	state+latches	-4.46	12.39	219	0.00	0.00		0		squad-2	0	bot-33
135226	bot-43	bravo	A00r-4410	state	-5.27	10.07	247	0.80	0.12	23.51	5	seek	squad-2	2	bot-33
135226	bot-45	bravo	A00m-442G	latches	-6.07	12.45	224	0.00	0.04		0		squad-2	6	bot-33
135226	bot-47	bravo	A00r-4410	state	-3.63	11.51	241	1.35	0.07	31.42	6	seek	squad-2	4	bot-33
135448	bot-33	bravo	A00r-3420	state	-4.52	12.35	230	1.39	0.07	28.83	5	seek	squad-2	0	bot-33
135448	bot-45	bravo	S00m-4420	state+latches	-6.07	12.45	224	0.00	0.00		0		squad-2	6	bot-33
135448	bot-49	alpha	H34r-4010	tick	21.01	11.89	304	0.00	0.00		0		squad-14	0	bot-49
135567	bot-3	alpha	P00r-4200	tick	-17.11	24.12	158	0.00	0.00		0		squad-1	0	bot-3
135567	bot-28	alpha	S00r-4320	tick	-24.55	-11.77	197	2.85	1.21	3.68	1	grenade	squad-10	0	bot-28
135567	bot-35	alpha	S00r-4410	tick	-24.58	-10.46	209	4.10	1.40	3.50	1	grenade	squad-10	1	bot-28
135567	bot-38	alpha	S00r-2410	tick	-23.25	-10.55	223	2.36	1.21	4.08	1	grenade	squad-10	2	bot-28
135567	bot-39	bravo	S00r-4410	tick	-3.62	-8.11	129	1.03	0.02	5.18	3	seek	squad-2	5	bot-33
135567	bot-40	alpha	S00r-4410	tick	-22.18	-11.05	166	0.58	0.24	4.51	1	grenade	squad-10	3	bot-28
135567	bot-42	alpha	S00m-44A0	tick	-23.34	-11.76	189	1.30	0.42	3.85	1	grenade	squad-10	4	bot-28
135659	bot-46	bravo	S00r-4410	tick	-11.49	12.58	110	4.74	0.45	20.41	4	seek	squad-2	3	bot-33
135659	bot-50	alpha	C34r-4412	tick	16.22	11.53	341	0.00	0.00		0		squad-14	1	bot-49
135704	bot-45	bravo	A00m-4420	state	-6.12	12.31	208	0.46	0.15	28.12	6	seek	squad-2	6	bot-33
135704	bot-49	alpha	H33r-4010	score	21.01	11.89	288	0.00	0.00		0		squad-14	0	bot-49
135704	bot-50	alpha	C33r-4412	score	16.22	11.53	341	0.00	0.00		0		squad-14	1	bot-49
135826	bot-18	bravo	F00r-4320	state	-2.29	14.28	220	0.00	0.01		0		squad-2	1	bot-33
135826	bot-45	bravo	F00m-4420	state	-6.12	12.31	214	0.00	0.00		0		squad-2	6	bot-33
136013	bot-18	bravo	P00r-4320	state	-2.29	14.28	220	1.39	0.00		1	muzzleRecovery	squad-2	1	bot-33
136013	bot-49	alpha	H32r-4010	score	21.01	11.89	308	0.00	0.00		0		squad-14	0	bot-49
136013	bot-50	alpha	C32r-4412	score	16.22	11.53	341	0.00	0.00		0		squad-14	1	bot-49
136150	bot-45	bravo	P00m-4420	state	-6.10	12.33	214	1.34	0.02		1	muzzleRecovery	squad-2	6	bot-33
136269	bot-18	bravo	A00r-4320	state	-2.23	14.40	200	0.00	0.14		0	muzzleRecovery	squad-2	1	bot-33
136269	bot-28	alpha	A45rm4320	state+tier+score+element	-24.60	-12.18	178	1.51	0.41	3.78	1	grenade	squad-10	0	bot-28
136269	bot-35	alpha	A45rm4410	state+tier+score+element	-24.56	-11.43	178	3.38	0.97	3.53	1	grenade	squad-10	1	bot-28
136269	bot-38	alpha	A45rm2410	state+tier+score+element	-23.64	-10.95	231	1.74	0.56	4.08	1	grenade	squad-10	2	bot-28
136269	bot-39	bravo	P00r-4410	state	-3.62	-8.13	128	0.79	0.02	5.17	3	seek	squad-2	5	bot-33
136269	bot-40	alpha	S45rm4310	tier+score+element+health	-22.23	-11.30	184	0.17	0.25	4.28	1	grenade	squad-10	3	bot-28
136269	bot-42	alpha	A45mm44A0	state+tier+score+element	-23.41	-12.00	170	0.84	0.25	4.08	1	grenade	squad-10	4	bot-28
136269	bot-43	bravo	A00r-4410	tick	-5.27	10.13	221	0.00	0.06		0		squad-2	2	bot-33
136269	bot-47	bravo	A00r-4410	tick	-3.68	11.53	222	0.00	0.06		0		squad-2	4	bot-33
136269	bot-49	alpha	H00r-4010	tier+score	21.01	11.89	328	0.00	0.00		0		squad-14	0	bot-49
136269	bot-50	alpha	C00r-4412	tier+score	16.22	11.53	341	0.00	0.00		0		squad-14	1	bot-49
136269	bot-51	bravo	P00m-0420	initial	-21.45	20.05	0	0.00			0			-1	
136445	bot-39	bravo	S00r-4410	state	-3.62	-8.08	141	0.97	0.04	29.22	0		squad-2	5	bot-33
136445	bot-40	alpha	A45rm4310	state	-22.23	-11.30	184	0.17	0.00	4.28	1	grenade	squad-10	3	bot-28
136445	bot-43	bravo	A00r-441G	latches	-5.27	10.15	221	0.53	0.02		0		squad-2	2	bot-33
136445	bot-51	bravo	S00m-4420	state+ammo	-21.45	20.05	0	0.00	0.00		0		squad-16	0	
136592	bot-3	alpha	P00r-4200	tick	-17.11	24.12	158	0.00	0.00		0		squad-1	0	bot-3
136592	bot-18	bravo	F00r-4320	state	-2.23	14.41	220	0.02	0.01		0		squad-2	1	bot-33
136592	bot-28	alpha	A46rm4320	score	-24.60	-12.41	178	1.62	0.23	4.04	1	grenade	squad-10	0	bot-28
136592	bot-33	bravo	A00r-3420	tick	-4.53	12.34	217	0.00	0.02		0		squad-2	0	bot-33
136592	bot-35	alpha	S46rm4410	state+score	-24.57	-11.67	178	1.67	0.24	3.79	1	grenade	squad-10	1	bot-28
136592	bot-38	alpha	E46rm2210	state+score+health	-23.76	-11.14	220	1.41	0.23		0		squad-10	2	bot-28
136592	bot-40	alpha	S46rm4310	state+score	-22.24	-11.28	194	0.44	0.02	4.72	1	grenade	squad-10	3	bot-28
136592	bot-42	alpha	S46mm44A0	state+score	-23.50	-12.05	165	1.14	0.10	4.01	1	grenade	squad-10	4	bot-28
136592	bot-43	bravo	A00r-4410	latches	-5.27	10.15	221	0.00	0.00		0		squad-2	2	bot-33
136592	bot-49	alpha	H00r-4110	health	21.01	11.89	349	0.00	0.00		0		squad-14	0	bot-49
136760	bot-18	bravo	F00r-3320	ammo	-2.23	14.41	220	0.00	0.00		0		squad-2	1	bot-33
136760	bot-28	alpha	A47rm4320	score	-24.60	-12.49	178	1.63	0.08	3.96	1	grenade	squad-10	0	bot-28
136760	bot-33	bravo	A00r-342G	latches	-4.53	12.34	217	0.00	0.00		0		squad-2	0	bot-33
136760	bot-35	alpha	S47rm4410	score	-24.57	-11.87	178	2.11	0.21	3.58	1	grenade	squad-10	1	bot-28
136760	bot-38	alpha	E47rm2110	score+health	-23.92	-11.32	220	4.09	0.24	3.67	1	grenade	squad-10	2	bot-28
136760	bot-40	alpha	S47rm4310	score	-22.27	-11.26	194	0.54	0.04	4.72	1	grenade	squad-10	3	bot-28
136760	bot-42	alpha	S47mm44A0	score	-23.61	-12.07	151	1.25	0.12	3.97	1	grenade	squad-10	4	bot-28
136760	bot-46	bravo	S00r-4410	tick	-11.27	11.64	163	2.50	0.97	21.53	4	seek	squad-2	3	bot-33
136966	bot-3	alpha	C00r-4200	state	-17.11	24.12	158	0.00	0.00		0		squad-1	0	bot-3
136966	bot-28	alpha	A48rm4320	score	-24.61	-12.55	178	1.07	0.06	3.90	1	grenade	squad-10	0	bot-28
136966	bot-33	bravo	A00r-3420	latches	-4.53	12.34	217	0.00	0.00		0		squad-2	0	bot-33
136966	bot-35	alpha	S48rm4410	score	-24.57	-11.97	178	1.71	0.10	3.98	1	grenade	squad-10	1	bot-28
136966	bot-38	alpha	E48rm2010	score+health	-23.87	-11.25	233	1.70	0.09	3.75	1	grenade	squad-10	2	bot-28
136966	bot-39	bravo	P00r-4410	state	-3.70	-8.06	180	0.51	0.09		0		squad-2	5	bot-33
136966	bot-40	alpha	S48rm4310	score	-22.31	-11.25	207	0.69	0.04	4.72	1	grenade	squad-10	3	bot-28
136966	bot-42	alpha	S48mm44A0	score	-23.64	-12.05	147	1.32	0.03	3.98	1	grenade	squad-10	4	bot-28
136966	bot-51	bravo	P00m-4420	state	-21.12	19.91	321	2.29	0.35	31.39	10	seek	squad-16	0	
137121	bot-3	alpha	C00r-4202	latches	-16.84	23.83	184	4.03	0.40	4.37	3	cover	squad-1	0	bot-3
137121	bot-18	bravo	A00r-3320	state	-2.23	14.41	220	0.00	0.00		0		squad-2	1	bot-33
137121	bot-39	bravo	S00r-4410	state	-3.72	-8.06	193	0.51	0.03	29.33	0		squad-2	5	bot-33
137121	bot-45	bravo	A00m-4420	state	-5.79	12.47	152	0.00	0.35		0	muzzleRecovery	squad-2	6	bot-33
137121	bot-51	bravo	C00m-4420	state	-21.03	19.86	334	2.29	0.11	43.13	0		squad-16	0	
137271	bot-47	bravo	A00r-4410	tick	-3.68	11.53	222	0.00	0.00		0		squad-2	4	bot-33
137271	bot-50	alpha	C00r-4412	tick	16.22	11.53	341	0.00	0.00		0		squad-14	1	bot-49
137271	bot-51	bravo	C00m-4422	latches	-21.39	20.10	0	4.37	0.44	2.94	1	cover	squad-16	0	
137656	bot-43	bravo	A00r-4410	tick	-5.27	10.22	222	0.00	0.07		0		squad-2	2	bot-33
137656	bot-49	alpha	H00r-4110	tick	21.04	11.94	334	0.00	0.06		0		squad-14	0	bot-49
137795	bot-45	bravo	F00m-4420	state	-5.80	12.47	214	0.00	0.01		0		squad-2	6	bot-33
137795	bot-45	bravo	F00m-3420	ammo	-5.80	12.47	215	0.00	0.00		0		squad-2	6	bot-33
137795	bot-46	bravo	S00r-4410	tick	-11.16	10.74	201	1.97	0.90	20.84	4	seek	squad-2	3	bot-33
138012	bot-3	alpha	C00r-420I	latches	-15.88	22.84	233	4.36	1.38	2.99	3	cover	squad-1	0	bot-3
138012	bot-28	alpha	A49rm4320	score	-24.67	-13.10	177	1.12	0.56	3.85	1	grenade	squad-10	0	bot-28
138012	bot-33	bravo	A00r-3420	tick	-4.54	12.31	217	0.70	0.03		0		squad-2	0	bot-33
138012	bot-35	alpha	S49rm4410	score	-24.58	-12.53	178	1.63	0.56	3.92	1	grenade	squad-10	1	bot-28
138012	bot-38	alpha	E49rm2010	score	-24.45	-11.63	206	1.67	0.69	3.82	1	grenade	squad-10	2	bot-28
138012	bot-40	alpha	E49rm4210	state+score+health	-22.46	-11.28	190	0.72	0.16		0		squad-10	3	bot-28
138012	bot-42	alpha	S49mm44A0	score	-23.67	-11.94	160	0.84	0.11	4.08	1	grenade	squad-10	4	bot-28
138012	bot-51	bravo	C00m-442I	latches	-22.48	20.76	52	4.41	1.28	1.66	1	cover	squad-16	0	
138172	bot-3	alpha	C00r-4202	latches	-15.73	22.67	221	4.35	0.22	2.77	3	cover	squad-1	0	bot-3
138172	bot-18	bravo	A00r-3320	tick	-2.23	14.41	218	0.00	0.00		0		squad-2	1	bot-33
138172	bot-39	bravo	S00r-4410	tick	-4.09	-8.25	264	1.23	0.41	16.38	16	seek	squad-2	5	bot-33
138172	bot-40	alpha	E49rm4110	health	-22.50	-11.40	188	1.16	0.12	4.50	1	grenade	squad-10	3	bot-28
138172	bot-51	bravo	C00m-4422	latches	-22.69	20.87	39	4.62	0.23	1.43	1	cover	squad-16	0	
138344	bot-40	alpha	E49rm4010	health	-22.51	-11.46	187	0.78	0.07	4.43	1	grenade	squad-10	3	bot-28
138344	bot-45	bravo	P00m-3420	state	-5.80	12.47	215	0.00	0.00		0		squad-2	6	bot-33
138344	bot-40	alpha	D00r--000	state+tier+score+element+ammo+packs	-22.51	-11.46	187	0.00	0.00	4.43	1	grenade	squad-10	3	bot-28
138344	bot-47	bravo	F00r-4410	state	-3.68	11.53	222	0.00	0.00		0		squad-2	4	bot-33
138344	bot-50	alpha	C00r-4412	tick	16.22	11.53	341	0.00	0.00		0		squad-14	1	bot-49
138564	bot-13	bravo	D00r--000	tick	4.76	19.82	43	0.00	0.00	5.63	0		squad-2	-1	bot-33
138564	bot-18	bravo	S00r-3320	state	-2.23	14.41	218	0.00	0.00		0		squad-2	1	bot-33
138564	bot-33	bravo	S00r-3420	state	-4.54	12.30	217	0.02	0.01		0		squad-2	0	bot-33
138564	bot-35	alpha	A49rm4410	state	-24.61	-12.64	178	1.36	0.11	3.81	1	grenade	squad-10	1	bot-28
138564	bot-42	alpha	M49mm44A0	state	-23.67	-11.98	157	0.22	0.04	4.04	1	grenade	squad-10	3	bot-28
138564	bot-45	bravo	S00m-3420	state	-5.80	12.47	215	0.00	0.00		0		squad-2	6	bot-33
138745	bot-43	bravo	A00r-4410	tick	-5.30	10.25	220	0.00	0.04		0		squad-2	2	bot-33
138745	bot-47	bravo	P00r-4410	state	-3.68	11.53	222	1.35	0.00		1	muzzleRecovery	squad-2	4	bot-33
138745	bot-49	alpha	H00r-4110	tick	21.04	11.94	303	0.00	0.00		0		squad-14	0	bot-49
138973	bot-18	bravo	A00r-3320	state	-2.27	14.34	216	0.89	0.08	34.35	7	seek	squad-2	1	bot-33
138973	bot-46	bravo	S00r-4410	tick	-11.08	10.12	199	2.18	0.63	20.38	4	seek	squad-2	3	bot-33
138973	bot-50	alpha	S00r-4410	state+latches	16.22	11.53	341	0.00	0.00		0		squad-14	1	bot-49
139102	bot-28	alpha	A49rm4320	tick	-24.75	-13.24	175	0.44	0.16	3.73	1	grenade	squad-10	0	bot-28
139102	bot-33	bravo	A00r-3420	state	-4.71	12.11	220	2.07	0.25	30.74	5	seek	squad-2	0	bot-33
139102	bot-38	alpha	E49rm2010	tick	-24.49	-12.15	179	1.54	0.52	3.80	1	grenade	squad-10	2	bot-28
139102	bot-45	bravo	A00m-3420	state	-6.01	12.30	210	2.36	0.27	29.77	6	seek	squad-2	6	bot-33
139102	bot-51	bravo	G00m-4422	state	-23.57	21.35	347	5.26	1.00	0.43	1	cover	squad-16	0	bot-51
139242	bot-3	alpha	C00r-4202	tick	-14.96	21.75	156	4.84	1.20	1.57	3	cover	squad-1	0	bot-3
139242	bot-28	alpha	S48rm4320	state+score	-24.75	-13.25	175	0.44	0.02	3.71	1	grenade	squad-10	0	bot-28
139242	bot-35	alpha	S48rm4410	state+score	-24.57	-12.74	185	1.30	0.11	4.21	1	grenade	squad-10	1	bot-28
139242	bot-38	alpha	E48rm2010	score	-24.49	-12.23	179	1.57	0.08	3.72	1	grenade	squad-10	2	bot-28
139242	bot-39	bravo	S00r-4410	tick	-4.42	-8.74	251	1.20	0.59	15.91	14	seek	squad-2	5	bot-33
139242	bot-42	alpha	M48mm44A0	score	-23.56	-11.84	135	0.67	0.18	4.20	1	grenade	squad-10	3	bot-28
139371	bot-47	bravo	A00r-4410	state	-3.75	11.81	263	0.00	0.29		0	muzzleRecovery	squad-2	4	bot-33
139627	bot-28	alpha	S47rm4320	score	-24.75	-13.29	175	0.19	0.04	3.67	1	grenade	squad-10	0	bot-28
139627	bot-35	alpha	S47rm4410	score	-24.57	-12.92	177	1.37	0.18	4.03	1	grenade	squad-10	1	bot-28
139627	bot-38	alpha	E47rm2010	score	-24.49	-12.31	180	0.82	0.08	4.14	1	grenade	squad-10	2	bot-28
139627	bot-42	alpha	M47mm44A0	score	-23.50	-11.90	152	0.67	0.09	4.16	1	grenade	squad-10	3	bot-28
139756	bot-43	bravo	A00r-4410	tick	-5.33	10.27	219	0.47	0.04		0		squad-2	2	bot-33
139756	bot-49	alpha	H00r-4110	tick	21.04	11.94	15	0.00	0.00		0		squad-14	0	bot-49
139811	bot-28	alpha	S46rm4320	score	-24.75	-13.28	175	0.56	0.01	3.68	1	grenade	squad-10	0	bot-28
139811	bot-35	alpha	S46rm4410	score	-24.45	-12.97	162	1.33	0.13	3.98	1	grenade	squad-10	1	bot-28
139811	bot-38	alpha	E46rm2010	score	-24.51	-12.37	179	1.07	0.06	4.08	1	grenade	squad-10	2	bot-28
139811	bot-42	alpha	M46mm44A0	score	-23.46	-11.95	142	0.32	0.06	4.12	1	grenade	squad-10	3	bot-28
139943	bot-3	alpha	G00r-4202	state	-14.25	20.66	158	4.76	1.30	0.32	1	cover	squad-1	0	bot-3
139943	bot-49	alpha	H00r-4210	health	21.04	11.94	14	0.00	0.00		0		squad-14	0	bot-49
140135	bot-18	bravo	A00r-3320	tick	-2.25	14.34	219	0.00	0.02		0		squad-2	1	bot-33
140135	bot-28	alpha	S45rm4320	score	-24.75	-13.23	175	0.50	0.05	3.73	1	grenade	squad-10	0	bot-28
140135	bot-33	bravo	A00r-3420	tick	-4.70	12.12	218	0.00	0.01		0		squad-2	0	bot-33
140135	bot-35	alpha	S45rm4410	score	-24.35	-12.95	152	0.41	0.10	4.00	1	grenade	squad-10	1	bot-28
140135	bot-38	alpha	E45rm2010	score	-24.53	-12.47	179	1.63	0.10	3.98	1	grenade	squad-10	2	bot-28
140135	bot-42	alpha	M45mm44A0	score	-23.46	-11.93	143	0.35	0.02	4.14	1	grenade	squad-10	3	bot-28
140135	bot-43	bravo	F00r-4410	state	-5.34	10.28	219	0.43	0.01		0		squad-2	2	bot-33
140135	bot-45	bravo	A00m-3420	tick	-6.02	12.35	216	0.00	0.05		0		squad-2	6	bot-33
140135	bot-46	bravo	S00r-4410	tick	-10.96	9.12	204	2.40	1.01	19.65	4	seek	squad-2	3	bot-33
140135	bot-50	alpha	S00r-4410	tick	16.54	12.63	13	2.44	1.15	4.53	1	seek	squad-14	1	bot-49
140135	bot-51	bravo	G00m-4422	tick	-24.04	21.66	51	0.13	0.56		0		squad-16	0	bot-51
140271	bot-39	bravo	S00r-4410	tick	-4.52	-8.91	260	1.17	0.20	15.76	14	seek	squad-2	5	bot-33
140358	bot-43	bravo	P00r-4410	state	-5.34	10.28	219	1.34	0.00		1	muzzleRecovery	squad-2	2	bot-33
140508	bot-47	bravo	A00r-4410	tick	-3.77	11.81	220	0.00	0.02		0		squad-2	4	bot-33
140685	bot-18	bravo	F00r-3320	state	-2.24	14.37	219	0.00	0.03		0		squad-2	1	bot-33
140815	bot-42	alpha	M45mm43A0	health	-23.53	-11.90	150	0.67	0.07	4.16	1	grenade	squad-10	3	bot-28
140815	bot-43	bravo	A00r-4410	state	-5.65	10.42	271	0.00	0.34		0	muzzleRecovery	squad-2	2	bot-33
140815	bot-45	bravo	A00m-342G	latches	-6.02	12.36	216	0.59	0.01		0		squad-2	6	bot-33
140960	bot-3	alpha	G00r-4202	tick	-13.95	20.55	251	0.00	0.32		0		squad-1	0	bot-3
140960	bot-33	bravo	F00r-3420	state	-4.68	12.13	218	0.18	0.03		0		squad-2	0	bot-33
140960	bot-35	alpha	S46rm4410	score	-24.12	-13.04	142	1.26	0.25	3.93	1	grenade	squad-10	1	bot-28
140960	bot-38	alpha	E46rm2010	score	-24.75	-12.74	175	0.87	0.35	3.73	1	grenade	squad-10	2	bot-28
140960	bot-42	alpha	E46mm41A0	state+score+health	-23.53	-11.90	150	0.67	0.00		0		squad-10	3	bot-28
140960	bot-45	bravo	A00m-3420	latches	-6.02	12.36	215	0.00	0.00		0		squad-2	6	bot-33
140960	bot-49	alpha	H00r-4210	tick	21.04	11.94	295	0.00	0.00		0		squad-14	0	bot-49
141121	bot-42	alpha	E46mm40A0	health	-23.55	-11.88	155	0.54	0.03	4.16	1	grenade	squad-10	3	bot-28
141255	bot-18	bravo	P00r-3320	state	-2.24	14.37	219	0.84	0.00		1	muzzleRecovery	squad-2	1	bot-33
141255	bot-28	alpha	S45rm4320	tick	-24.75	-13.25	175	0.39	0.02	3.71	1	grenade	squad-10	0	bot-28
141255	bot-33	bravo	P00r-3420	state	-4.68	12.13	218	0.00	0.01		0		squad-2	0	bot-33
141255	bot-42	alpha	D00m--0A0	state+tier+score+element+ammo	-23.55	-11.88	155	0.00	0.00	4.16	1	grenade	squad-10	3	bot-28
141255	bot-35	alpha	S47rm4410	score	-24.02	-13.14	134	1.44	0.14	3.83	1	grenade	squad-10	1	bot-28
141255	bot-38	alpha	E47rm2010	score	-24.75	-12.78	176	1.07	0.05	3.68	1	grenade	squad-10	2	bot-28
141255	bot-46	bravo	S00r-4410	tick	-10.81	7.92	212	2.48	1.21	18.81	4	seek	squad-2	3	bot-33
141255	bot-50	alpha	S00r-4410	tick	16.87	13.75	12	1.57	1.17	3.36	1	seek	squad-14	1	bot-49
141255	bot-51	bravo	G00m-4422	tick	-23.97	21.57	126	0.01	0.12		0		squad-16	0	bot-51
141438	bot-20	bravo	D00r--000	tick	-12.37	2.49	333	0.00	0.00	5.67	0		squad-2	-1	bot-33
141438	bot-18	bravo	A00r-3320	state	-2.26	14.33	213	0.00	0.04		0		squad-2	1	bot-33
141438	bot-28	alpha	S47rm4320	score	-24.75	-13.24	175	0.55	0.01	3.72	1	grenade	squad-10	0	bot-28
141438	bot-33	bravo	S00r-3420	state	-4.68	12.13	218	0.00	0.00		0		squad-2	0	bot-33
141438	bot-39	bravo	S00r-4410	tick	-4.83	-9.12	252	1.33	0.38	15.39	12	seek	squad-2	5	bot-33
141438	bot-52	alpha	P00m-0420	initial	18.55	14.05	0	0.00			0			-1	
141571	bot-33	bravo	A00r-3420	state	-4.72	12.09	225	1.15	0.06	30.34	5	seek	squad-2	0	bot-33
141571	bot-47	bravo	A00r-4410	tick	-3.77	11.81	219	0.00	0.00		0		squad-2	4	bot-33
141571	bot-52	alpha	M00m-4420	state+ammo	18.55	14.05	0	0.00	0.00		0		squad-14	2	bot-49
141850	bot-43	bravo	A00r-4410	tick	-5.68	10.39	219	0.00	0.04		0		squad-2	2	bot-33
141967	bot-3	alpha	G00r-4202	tick	-13.95	20.55	262	0.00	0.00		0		squad-1	0	bot-3
141967	bot-45	bravo	A00m-3420	tick	-6.02	12.37	214	0.00	0.01		0		squad-2	6	bot-33
141967	bot-49	alpha	H00r-4210	tick	21.04	11.94	339	0.00	0.00		0		squad-14	0	bot-49
142294	bot-35	alpha	S47rm4410	tick	-23.68	-13.81	162	1.51	0.75	3.72	1	grenade	squad-10	1	bot-28
142294	bot-38	alpha	E47rm2010	tick	-24.68	-12.78	163	0.77	0.07	3.67	1	grenade	squad-10	2	bot-28
142294	bot-46	bravo	S00r-4410	tick	-10.63	6.47	197	2.70	1.45	17.86	4	seek	squad-2	3	bot-33
142294	bot-49	alpha	H00r-4310	health	21.04	11.94	5	0.00	0.00		0		squad-14	0	bot-49
142294	bot-50	alpha	S00r-4410	tick	17.12	14.62	10	1.81	0.90	2.47	1	seek	squad-14	1	bot-49
142294	bot-51	bravo	G00m-4422	tick	-22.36	21.68	42	0.00	1.61		0		squad-16	0	bot-51
142510	bot-18	bravo	A00r-3320	tick	-2.25	14.35	220	0.00	0.02		0		squad-2	1	bot-33
142510	bot-28	alpha	S47rm4320	tick	-24.75	-13.29	175	0.22	0.05	3.67	1	grenade	squad-10	0	bot-28
142510	bot-39	bravo	S00r-4410	tick	-4.83	-9.13	245	1.31	0.00	15.39	12	seek	squad-2	5	bot-33
142516	bot-38	alpha	D00r--000	state+tier+score+element+ammo+packs	-24.60	-12.74	150	0.00	0.09	4.21	1	grenade	squad-10	2	bot-28
142679	bot-22	bravo	D00m--000	tick	5.03	21.32	230	0.00	0.00	5.99	0		squad-2	-1	bot-33
142679	bot-28	alpha	E39r-4020	state+tier+score+element+health	-24.75	-13.30	175	0.22	0.01		0		squad-10	0	bot-28
142679	bot-33	bravo	S00r-3420	state	-4.71	12.10	219	0.00	0.01		0		squad-2	0	bot-33
142679	bot-35	alpha	E39r-4210	state+tier+score+element+health	-23.66	-13.89	163	1.63	0.08		0		squad-10	1	bot-28
142679	bot-43	bravo	S00r-4410	state	-5.72	10.36	219	0.56	0.05		0		squad-2	2	bot-33
142679	bot-45	bravo	F00m-3420	state	-6.02	12.37	214	0.00	0.01		0		squad-2	6	bot-33
142679	bot-47	bravo	S00r-4410	state	-3.77	11.81	220	0.00	0.00		0		squad-2	4	bot-33
142679	bot-52	alpha	M00m-4420	tick	20.69	12.40	119	4.94	2.70	0.58	1	medic	squad-14	2	bot-49
142906	bot-28	alpha	E39r-4029	latches	-24.75	-13.27	175	0.04	0.03	5.02	1	flee	squad-10	0	bot-28
142906	bot-33	bravo	A00r-3420	state	-4.76	12.05	218	1.33	0.07	31.82	6	seek	squad-2	0	bot-33
142906	bot-35	alpha	E39r-4119	health+latches	-23.58	-14.09	163	2.06	0.21	2.45	1	flee	squad-10	1	bot-28
142906	bot-45	bravo	A00m-3420	state	-6.02	12.37	214	0.59	0.00		0		squad-2	6	bot-33
143094	bot-3	alpha	G00r-4202	tick	-13.95	20.55	241	0.00	0.00		0		squad-1	0	bot-3
143174	bot-43	bravo	A00r-4410	state	-5.92	10.14	219	2.41	0.30	27.19	6	seek	squad-2	2	bot-33
143174	bot-47	bravo	A00r-4410	state	-3.87	11.52	192	2.44	0.31	35.12	6	seek	squad-2	4	bot-33
143174	bot-52	alpha	P00m-4420	state	20.68	12.41	119	0.01	0.02		0		squad-14	2	bot-49
143375	bot-3	alpha	P00r-4200	state+latches	-13.95	20.55	261	0.00	0.00		0		squad-1	0	bot-3
143375	bot-46	bravo	S00r-4410	tick	-10.53	5.69	212	2.53	0.79	17.37	4	seek	squad-2	3	bot-33
143375	bot-49	alpha	H00r-4310	tick	21.08	11.99	337	0.21	0.07		0		squad-14	0	bot-49
143375	bot-50	alpha	S00r-4410	tick	17.27	15.18	9	1.80	0.58	1.89	1	seek	squad-14	1	bot-49
143375	bot-51	bravo	S00m-4420	state+latches	-22.45	21.57	72	0.00	0.15		0		squad-16	0	bot-51
143551	bot-18	bravo	A00r-3320	tick	-2.24	14.37	219	0.00	0.03		0		squad-2	1	bot-33
143551	bot-39	bravo	S00r-4410	tick	-4.84	-9.16	252	0.42	0.04	15.37	12	seek	squad-2	5	bot-33
143628	bot-46	bravo	P00r-4410	state	-10.51	5.57	224	2.49	0.12	17.29	4	seek	squad-2	3	bot-33
143942	bot-28	alpha	E39r-4029	tick	-24.75	-13.25	175	0.24	0.02	5.03	1	flee	squad-10	0	bot-28
143942	bot-33	bravo	A00r-3420	tick	-4.75	12.05	218	0.00	0.01		0		squad-2	0	bot-33
143942	bot-35	alpha	E39r-4119	tick	-23.19	-15.43	163	4.27	1.40	1.05	1	flee	squad-10	1	bot-28
143942	bot-45	bravo	A00m-3420	tick	-6.02	12.38	216	0.59	0.01		0		squad-2	6	bot-33
144047	bot-49	alpha	S00r-4310	state	21.08	12.01	279	0.01	0.02		0		squad-14	0	bot-49
144186	bot-43	bravo	A00r-4410	tick	-5.92	10.14	219	0.00	0.00		0		squad-2	2	bot-33
144186	bot-47	bravo	A00r-4410	tick	-3.89	11.52	220	0.00	0.02		0		squad-2	4	bot-33
144186	bot-52	alpha	P00m-4420	tick	20.00	12.22	209	2.51	0.70	3.31	1	squad	squad-14	2	bot-49
144422	bot-3	alpha	P00r-4200	tick	-13.83	20.81	248	0.36	0.29		0		squad-1	0	bot-3
144422	bot-35	alpha	E39r-4110	latches	-22.87	-16.08	163	0.42	0.73		0		squad-10	1	bot-28
144422	bot-50	alpha	S00r-4410	tick	17.40	15.87	7	1.25	0.70	1.19	1	seek	squad-14	1	bot-49
144422	bot-51	bravo	S00m-4420	tick	-21.31	21.50	97	2.56	1.14	3.88	1	seek	squad-2	7	bot-33
144621	bot-18	bravo	A00r-3320	tick	-2.24	14.37	219	0.00	0.00		0		squad-2	1	bot-33
144621	bot-39	bravo	S00r-4410	tick	-4.85	-9.17	245	0.16	0.01	15.36	12	seek	squad-2	5	bot-33
144695	bot-3	alpha	C00r-4200	state	-13.81	20.85	287	0.32	0.05		0		squad-1	0	bot-3
144695	bot-46	bravo	P00r-4410	tick	-9.21	6.10	83	2.41	1.41	8.94	2	squad	squad-2	3	bot-33
144695	bot-51	bravo	A00m-4420	state	-21.05	21.47	97	2.58	0.26	3.62	1	seek	squad-2	7	bot-33
144855	bot-3	alpha	C00r-420I	latches	-13.82	20.85	275	0.00	0.01		0		squad-1	0	bot-3
144855	bot-51	bravo	A00m-442G	latches	-21.02	21.52	95	0.39	0.06		0		squad-2	7	bot-33
145059	bot-3	alpha	C00r-4202	latches	-13.82	20.85	275	0.16	0.01		0		squad-1	0	bot-3
145059	bot-28	alpha	E39r-4029	tick	-24.75	-13.25	175	0.24	0.00	5.03	1	flee	squad-10	0	bot-28
145059	bot-33	bravo	F00r-3420	state	-4.75	12.05	218	0.00	0.00		0		squad-2	0	bot-33
145059	bot-33	bravo	P00r-3420	state	-4.75	12.05	218	0.00	0.00		0		squad-2	0	bot-33
145059	bot-28	alpha	D00r--000	state+tier+score+ammo+packs+latches	-24.75	-13.25	175	0.00	0.00	5.03	1	flee	squad-10	0	bot-28
145059	bot-35	alpha	H39r-4110	state	-22.86	-16.08	163	0.00	0.01		0		squad-10	1	bot-28
145059	bot-43	bravo	S00r-4410	state	-5.93	10.15	219	0.00	0.02		0		squad-2	2	bot-33
145059	bot-45	bravo	S00m-3420	state	-6.02	12.39	216	0.00	0.01		0		squad-2	6	bot-33
145059	bot-47	bravo	S00r-4410	state	-3.89	11.52	220	0.00	0.00		0		squad-2	4	bot-33
145059	bot-49	alpha	S00r-4310	tick	21.13	12.76	325	1.20	0.76	8.88	1	seek	squad-14	0	bot-49
145059	bot-51	bravo	S00m-4420	state+latches	-21.02	21.52	95	0.39	0.00		0		squad-2	7	bot-33
145195	bot-12	alpha	D00r--000	tick	-2.81	13.75	4	0.00	0.00	5.15	0		squad-1	-1	bot-3
145195	bot-18	bravo	S00r-3320	state	-2.24	14.37	219	0.00	0.00		0		squad-2	1	bot-33
145195	bot-33	bravo	S00r-3420	state	-4.75	12.05	218	0.00	0.00		0		squad-2	0	bot-33
145195	bot-45	bravo	A00m-3420	state	-6.05	12.35	226	0.71	0.05	31.84	6	seek	squad-2	6	bot-33
145195	bot-52	alpha	P00m-4420	tick	20.61	12.81	106	1.88	0.85	2.55	1	squad	squad-14	2	bot-49
145432	bot-50	alpha	S00r-4410	tick	17.46	16.25	6	1.15	0.38	0.80	1	seek	squad-14	1	bot-49
145489	bot-43	bravo	P00r-4410	state	-6.09	9.98	219	2.39	0.24	26.87	6	seek	squad-2	2	bot-33
145489	bot-47	bravo	P00r-4410	state	-3.97	11.28	215	2.41	0.25	35.28	6	seek	squad-2	4	bot-33
145681	bot-18	bravo	P00r-3320	state	-2.35	14.24	221	0.79	0.17	37.02	7	seek	squad-2	1	bot-33
145681	bot-35	alpha	H38r-4110	score	-22.86	-16.08	112	0.00	0.00		0		squad-10	0	
145681	bot-39	bravo	S00r-4410	tick	-4.84	-9.14	252	1.09	0.03	15.39	12	seek	squad-2	5	bot-33
145873	bot-46	bravo	P00r-4410	tick	-8.47	6.48	62	2.29	0.83	8.12	2	squad	squad-2	3	bot-33
146148	bot-3	alpha	C00r-4202	tick	-13.83	20.84	275	0.00	0.01		0		squad-1	0	bot-3
146148	bot-49	alpha	S00r-4310	tick	21.39	13.40	15	1.96	0.69	8.52	1	seek	squad-14	0	bot-49
146148	bot-51	bravo	A00m-4420	state	-21.00	21.53	67	0.00	0.02		0		squad-2	7	bot-33
146321	bot-3	alpha	C00r-420I	latches	-13.83	20.83	276	0.00	0.00		0		squad-1	0	bot-3
146321	bot-33	bravo	S00r-3420	tick	-5.39	11.33	217	2.38	0.97	31.65	6	seek	squad-2	0	bot-33
146321	bot-45	bravo	A00m-3420	tick	-6.03	12.36	211	0.00	0.02		0		squad-2	6	bot-33
146321	bot-51	bravo	A00m-442G	latches	-21.00	21.53	77	0.00	0.00		0		squad-2	7	bot-33
146321	bot-52	alpha	P00m-4420	tick	20.85	13.48	25	1.98	0.70	2.53	1	squad	squad-14	2	bot-49
146522	bot-3	alpha	C00r-4202	latches	-13.83	20.83	276	0.16	0.00		0		squad-1	0	bot-3
146522	bot-35	alpha	H36r-4110	score	-22.86	-16.08	66	0.00	0.00		0		squad-10	0	
146522	bot-43	bravo	P00r-4410	tick	-6.47	10.66	322	1.86	0.78	2.59	1	squad	squad-2	2	bot-33
146522	bot-47	bravo	P00r-4410	tick	-4.79	11.49	297	2.48	0.85	5.13	3	squad	squad-2	4	bot-33
146522	bot-50	alpha	S00r-4410	tick	17.53	16.67	3	1.12	0.42	0.39	1	seek	squad-14	1	bot-49
146522	bot-51	bravo	S00m-4420	state+latches	-21.00	21.53	77	0.00	0.00		0		squad-2	7	bot-33
146522	bot-53	alpha	P00r-0410	initial	-11.45	23.05	0	0.00			0			-1	
146738	bot-18	bravo	P00r-3320	tick	-2.62	13.71	215	2.06	0.60	3.37	2	squad	squad-2	1	bot-33
146738	bot-39	bravo	S00r-4410	tick	-4.85	-9.17	244	0.18	0.03	15.37	12	seek	squad-2	5	bot-33
146738	bot-51	bravo	A00m-4420	state	-21.00	21.53	88	0.00	0.00		0		squad-2	7	bot-33
146738	bot-53	alpha	S00r-4410	state+ammo	-11.45	23.05	0	0.00	0.00		0		squad-1	1	bot-3
146886	bot-46	bravo	P00r-4410	tick	-7.76	6.77	57	2.14	0.77	6.47	1	squad	squad-2	3	bot-33
146948	bot-53	alpha	C00r-4410	state	-11.57	23.01	334	0.20	0.12		0		squad-1	1	bot-3
147118	bot-45	bravo	F00m-3420	state	-6.02	12.36	211	0.00	0.01		0		squad-2	6	bot-33
147118	bot-45	bravo	F00m-2420	ammo	-6.02	12.36	211	0.59	0.00		0		squad-2	6	bot-33
147118	bot-53	alpha	C00r-4412	latches	-11.61	22.99	308	0.43	0.05		0		squad-1	1	bot-3
147319	bot-49	alpha	S00r-4310	tick	21.39	14.05	318	2.28	0.65	8.03	2	seek	squad-14	0	bot-49
147424	bot-33	bravo	S00r-3420	tick	-5.70	10.54	192	2.40	0.85	30.84	6	seek	squad-2	0	bot-33
147424	bot-35	alpha	H36r-4210	health	-22.86	-16.08	44	0.00	0.00		0		squad-10	0	bot-35
147424	bot-45	bravo	A00m-2420	state	-6.02	12.36	211	0.00	0.00		0		squad-2	6	bot-33
147424	bot-52	alpha	P00m-4420	tick	20.93	13.42	64	2.45	0.10	3.06	3	squad	squad-14	2	bot-49
147596	bot-3	alpha	C00r-4202	tick	-13.83	20.81	276	0.16	0.02		0		squad-1	0	bot-3
147596	bot-43	bravo	P00r-4410	tick	-6.80	11.15	327	1.70	0.59	1.44	1	squad	squad-2	2	bot-33
147596	bot-45	bravo	F00m-2420	state	-6.02	12.37	211	0.59	0.00		0		squad-2	6	bot-33
147596	bot-47	bravo	P00r-4410	tick	-5.38	11.96	279	2.19	0.75	4.50	1	squad	squad-2	4	bot-33
147596	bot-50	alpha	S00r-4410	tick	17.56	16.99	359	1.12	0.33	0.56	1	seek	squad-14	1	bot-49
147754	bot-18	bravo	P00r-3320	tick	-2.89	12.93	206	2.49	0.82	3.50	1	squad	squad-2	1	bot-33
147754	bot-35	alpha	H37r-4110	score+health	-22.86	-16.08	23	0.00	0.00		0		squad-10	0	bot-35
147754	bot-39	bravo	S00r-4410	tick	-4.84	-9.16	252	0.27	0.01	15.38	12	seek	squad-2	5	bot-33
147754	bot-51	bravo	A00m-4420	tick	-21.00	21.53	81	0.00	0.00		0		squad-2	7	bot-33
148070	bot-35	alpha	H38r-4010	score+health	-22.83	-16.07	13	0.65	0.03		0		squad-10	0	bot-35
148070	bot-46	bravo	P00r-4410	tick	-7.00	6.86	98	2.27	0.76	5.13	1	squad	squad-2	3	bot-33
148070	bot-51	bravo	F00m-4420	state	-21.00	21.53	81	0.00	0.00		0		squad-2	7	bot-33
148070	bot-53	alpha	C00r-4312	health	-11.63	22.98	261	0.01	0.02		0		squad-1	1	bot-3
148337	bot-3	alpha	C21r-4202	tier+score	-13.83	20.80	276	0.17	0.01		0		squad-1	0	bot-3
148337	bot-45	bravo	F00m-1420	ammo	-6.02	12.37	211	0.59	0.00		0		squad-2	6	bot-33
148337	bot-49	alpha	S00r-4310	tick	20.85	14.20	306	2.36	0.56	7.57	2	seek	squad-14	0	bot-49
148337	bot-53	alpha	E32r-4210	state+tier+score+health+latches	-11.63	22.98	261	0.01	0.00		0		squad-1	1	bot-3
148525	bot-3	alpha	C32r-4202	tier+score	-13.83	20.80	276	0.00	0.00		0		squad-1	0	bot-3
148525	bot-33	bravo	S00r-3420	tick	-5.88	9.99	218	2.31	0.57	30.30	6	seek	squad-2	0	bot-33
148525	bot-52	alpha	P00m-4420	tick	20.42	13.73	359	2.21	0.60	2.82	1	squad	squad-14	2	bot-49
148525	bot-53	alpha	E33r-4119	score+health+latches	-11.57	22.76	263	0.00	0.23		1	muzzleRecovery	squad-1	1	bot-3
148721	bot-3	alpha	C33r-4202	score	-13.83	20.79	276	0.17	0.01		0		squad-1	0	bot-3
148721	bot-43	bravo	P00r-4410	tick	-6.75	11.14	327	0.02	0.04		0		squad-2	2	bot-33
148721	bot-46	bravo	S00r-4410	state	-6.77	6.87	116	2.31	0.23	4.90	1	squad	squad-2	3	bot-33
148721	bot-47	bravo	P00r-4410	tick	-5.88	11.68	263	2.38	0.57	4.18	1	squad	squad-2	4	bot-33
148721	bot-50	alpha	S00r-4410	tick	17.56	17.21	348	0.00	0.22		0		squad-14	1	bot-49
148721	bot-53	alpha	E34r-4010	score+health+latches	-11.57	22.76	263	0.00	0.00		1	muzzleRecovery	squad-1	1	bot-3
148941	bot-3	alpha	C34r-4202	score	-13.83	20.79	276	0.00	0.00		0		squad-1	0	bot-3
148941	bot-18	bravo	P00r-3320	tick	-3.07	12.33	172	2.51	0.62	3.90	1	squad	squad-2	1	bot-33
148941	bot-39	bravo	S00r-4410	tick	-4.85	-9.17	244	0.19	0.01	15.37	12	seek	squad-2	5	bot-33
148941	bot-51	bravo	P10m-3420	state+tier+ammo	-21.00	21.53	83	0.00	0.00		0		squad-2	7	bot-33
148941	bot-53	alpha	D00r--000	state+tier+score+ammo+packs	-11.57	22.76	263	0.00	0.00		1	muzzleRecovery	squad-1	1	bot-3
149097	bot-24	bravo	D00r--000	tick	-16.02	-1.65	42	0.00	0.00	4.79	0		squad-2	-1	bot-33
149097	bot-3	alpha	C36r-4202	score	-13.83	20.79	276	0.17	0.01		0		squad-1	0	bot-3
149097	bot-35	alpha	H38r-4010	tick	-22.82	-16.07	33	0.00	0.01		0		squad-10	0	bot-35
149097	bot-45	bravo	U00m-1420	state	-6.02	12.37	211	0.00	0.00		0		squad-2	6	bot-33
149097	bot-51	bravo	S10m-3420	state	-21.00	21.53	83	0.00	0.00		0		squad-2	7	bot-33
149323	bot-35	alpha	H36r-4010	score	-22.82	-16.07	43	0.00	0.00		0		squad-10	0	bot-35
149323	bot-39	bravo	P00r-4410	state	-4.84	-9.16	245	0.27	0.01	15.38	12	seek	squad-2	5	bot-33
149569	bot-33	bravo	S00r-3420	tick	-6.24	9.51	218	2.40	0.60	29.70	6	seek	squad-2	0	bot-33
149569	bot-49	alpha	S00r-4310	tick	20.61	14.79	319	2.31	0.63	6.96	2	seek	squad-14	0	bot-49
149569	bot-52	alpha	P00m-4420	tick	20.16	14.17	317	1.74	0.51	2.98	2	squad	squad-14	2	bot-49
149679	bot-47	bravo	A00r-4410	state	-6.31	11.62	271	2.31	0.44	3.67	1	squad	squad-2	4	bot-33
149679	bot-51	bravo	P10m-3420	state	-20.89	21.36	82	1.64	0.21	37.37	10	seek	squad-2	7	bot-33
149862	bot-43	bravo	P00r-4410	tick	-7.02	11.00	275	1.62	0.31	0.98	1	squad	squad-2	2	bot-33
149862	bot-46	bravo	S00r-4410	tick	-7.40	6.31	206	2.41	0.85	25.07	5	seek	squad-2	3	bot-33
149862	bot-50	alpha	S00r-4410	tick	17.32	17.37	315	0.00	0.28		0		squad-14	1	bot-49
150009	bot-18	bravo	P00r-3320	tick	-3.40	11.63	189	2.45	0.78	3.14	1	squad	squad-2	1	bot-33
150009	bot-47	bravo	A00r-441G	latches	-6.31	11.61	250	0.00	0.01		0		squad-2	4	bot-33
150201	bot-3	alpha	C36r-4202	tick	-13.83	20.78	276	0.00	0.01		0		squad-1	0	bot-3
150201	bot-45	bravo	U00m-1420	tick	-7.17	12.30	209	1.98	1.15	26.56	6	pursue	squad-2	6	bot-33
150201	bot-47	bravo	S00r-4410	state+latches	-6.31	11.61	250	0.00	0.00		0		squad-2	4	bot-33
150419	bot-35	alpha	H36r-4010	tick	-22.82	-16.07	33	0.00	0.00		0		squad-10	0	bot-35
150419	bot-39	bravo	P00r-4410	tick	-4.83	-9.11	232	0.00	0.05		0		squad-2	5	bot-33
150419	bot-43	bravo	A00r-4410	state	-7.13	10.93	273	0.96	0.12	0.89	1	squad	squad-2	2	bot-33
150419	bot-51	bravo	P00m-3420	tier	-20.84	21.30	81	0.10	0.08		0		squad-2	7	bot-33
150587	bot-33	bravo	S00r-3420	tick	-6.70	8.97	218	2.41	0.71	28.99	6	seek	squad-2	0	bot-33
150587	bot-35	alpha	H34r-4010	score	-22.82	-16.07	23	0.00	0.00		0		squad-10	0	bot-35
150587	bot-49	alpha	S00r-4310	tick	20.22	15.37	319	2.40	0.70	6.27	2	seek	squad-14	0	bot-49
150587	bot-52	alpha	P00m-4420	tick	20.15	14.71	25	1.99	0.54	2.81	2	squad	squad-14	2	bot-49
150836	bot-3	alpha	C36r-4200	latches	-13.83	20.76	276	0.00	0.01		0		squad-1	0	bot-3
150836	bot-18	bravo	S00r-3320	state	-3.52	11.26	211	2.65	0.38	3.76	1	squad	squad-2	1	bot-33
150836	bot-35	alpha	H32r-4010	score	-22.82	-16.07	12	0.00	0.00		0		squad-10	0	bot-35
151107	bot-3	alpha	C35r-4202	score+latches	-13.83	20.76	276	0.17	0.01		0		squad-1	0	bot-3
151107	bot-46	bravo	S00r-4410	tick	-7.95	5.82	228	2.44	0.73	24.35	5	seek	squad-2	3	bot-33
151107	bot-50	alpha	P00r-4410	state	17.66	17.45	6	1.57	0.35	0.40	1	seek	squad-14	1	bot-49
151418	bot-3	alpha	C34r-4202	score	-13.83	20.76	276	0.00	0.00		0		squad-1	0	bot-3
151418	bot-45	bravo	U00m-1420	tick	-7.59	12.04	208	1.04	0.50	26.13	6	pursue	squad-2	6	bot-33
151418	bot-47	bravo	S00r-4410	tick	-6.20	11.01	211	2.44	0.61	35.08	7	seek	squad-2	4	bot-33
151649	bot-3	alpha	C33r-4202	score	-13.83	20.75	276	0.17	0.01		0		squad-1	0	bot-3
151649	bot-33	bravo	S00r-3420	tick	-6.99	8.60	217	2.41	0.47	28.52	6	seek	squad-2	0	bot-33
151649	bot-39	bravo	P00r-4410	tick	-4.83	-9.11	232	0.00	0.00		0		squad-2	5	bot-33
151649	bot-43	bravo	A00r-4410	tick	-7.10	10.93	211	0.02	0.03		0		squad-2	2	bot-33
151649	bot-49	alpha	S00r-4310	tick	19.81	15.63	319	2.40	0.49	5.80	2	seek	squad-14	0	bot-49
151649	bot-51	bravo	P00m-3420	tick	-20.84	21.31	81	0.00	0.00		0		squad-2	7	bot-33
151649	bot-52	alpha	P00m-4420	tick	20.41	15.05	52	2.22	0.43	2.78	1	squad	squad-14	2	bot-49
151649	bot-54	alpha	P00r-0410	initial	20.55	19.05	0	0.00			0			-1	
151874	bot-3	alpha	C32r-4202	score	-13.83	20.75	276	0.00	0.00		0		squad-1	0	bot-3
151874	bot-18	bravo	S00r-3320	tick	-4.00	10.86	213	1.92	0.63	34.90	6	seek	squad-2	1	bot-33
151874	bot-35	alpha	H32r-4010	tick	-22.82	-16.07	32	0.00	0.00		0		squad-10	0	bot-35
151874	bot-54	alpha	P00r-4410	ammo	20.55	19.05	0	0.00	0.00		0		squad-14	2	bot-49
152145	bot-46	bravo	S00r-4410	tick	-8.31	5.50	219	2.42	0.49	23.87	5	seek	squad-2	3	bot-33
152145	bot-50	alpha	P00r-4410	tick	17.72	17.91	4	2.33	0.46	1.16	1	packseek	squad-14	1	bot-49
152288	bot-35	alpha	H32r-4110	health	-22.82	-16.07	53	0.00	0.00		0		squad-10	0	bot-35
152288	bot-43	bravo	F00r-4410	state	-7.10	10.93	210	0.00	0.00		0		squad-2	2	bot-33
152506	bot-45	bravo	U00m-1420	tick	-7.92	11.70	208	2.07	0.47	25.67	6	pursue	squad-2	6	bot-33
152506	bot-47	bravo	S00r-4410	tick	-6.19	10.37	199	2.44	0.64	34.54	7	seek	squad-2	4	bot-33
152681	bot-33	bravo	S00r-3420	tick	-7.36	8.14	218	2.41	0.59	27.93	6	seek	squad-2	0	bot-33
152681	bot-39	bravo	P00r-4410	tick	-4.83	-9.11	232	0.00	0.00		0		squad-2	5	bot-33
152681	bot-43	bravo	P00r-4410	state	-7.10	10.93	210	1.32	0.00		1	muzzleRecovery	squad-2	2	bot-33
152681	bot-49	alpha	S00r-4310	tick	19.29	15.72	291	1.15	0.52	5.41	1	seek	squad-14	0	bot-49
152681	bot-51	bravo	P00m-3420	tick	-20.84	21.31	81	0.00	0.00		0		squad-2	7	bot-33
152681	bot-52	alpha	P00m-4420	tick	20.46	14.46	116	2.47	0.60	3.65	1	squad	squad-14	3	bot-49
152990	bot-3	alpha	C32r-4202	tick	-13.83	20.73	276	0.17	0.02		0		squad-1	0	bot-3
152990	bot-18	bravo	S00r-3320	tick	-4.52	10.33	213	2.47	0.74	34.17	6	seek	squad-2	1	bot-33
152990	bot-54	alpha	P00r-4410	tick	19.86	18.62	270	2.44	0.81	1.42	1	squad	squad-14	2	bot-49
153059	bot-35	alpha	H00r-4110	tier+score	-22.82	-16.07	34	0.00	0.00		0		squad-10	0	bot-35
153059	bot-50	alpha	P00r-4420	packs	17.64	18.40	359	1.29	0.50	4.04	1	squad	squad-14	1	bot-49
153202	bot-46	bravo	S00r-4410	tick	-8.93	4.94	228	2.39	0.84	23.04	5	seek	squad-2	3	bot-33
153292	bot-43	bravo	A00r-4410	state	-6.97	11.26	262	0.00	0.36		0	muzzleRecovery	squad-2	2	bot-33
153524	bot-45	bravo	U00m-1420	tick	-8.41	11.07	208	2.46	0.80	24.17	5	pursue	squad-2	6	bot-33
153524	bot-47	bravo	S00r-4410	tick	-6.49	9.63	212	2.39	0.80	33.75	7	seek	squad-2	4	bot-33
153704	bot-33	bravo	S00r-3420	tick	-8.00	7.38	218	2.41	0.99	26.94	6	seek	squad-2	0	bot-33
153704	bot-39	bravo	P00r-4410	tick	-4.83	-9.11	232	0.00	0.00		0		squad-2	5	bot-33
153704	bot-49	alpha	S00r-4310	tick	19.04	16.05	323	0.49	0.42	4.99	1	seek	squad-14	0	bot-49
153704	bot-51	bravo	P00m-3420	tick	-20.84	21.31	81	0.00	0.00		0		squad-2	7	bot-33
153704	bot-52	alpha	P00m-4420	tick	19.47	14.13	219	2.48	1.04	4.22	1	squad	squad-14	3	bot-49
153796	bot-43	bravo	F00r-4410	state	-6.96	11.26	210	0.00	0.01		0		squad-2	2	bot-33
153957	bot-43	bravo	A00r-4410	state	-6.96	11.26	210	0.00	0.00		0		squad-2	2	bot-33
154061	bot-3	alpha	C32r-4202	tick	-13.83	20.70	276	0.00	0.03		0		squad-1	0	bot-3
154061	bot-18	bravo	S00r-3320	tick	-5.45	9.43	212	2.41	1.29	32.92	6	seek	squad-2	1	bot-33
154061	bot-35	alpha	H00r-4110	tick	-22.78	-16.06	355	0.00	0.04		0		squad-10	0	bot-35
154061	bot-43	bravo	F00r-4410	state	-6.96	11.26	210	0.00	0.00		0		squad-2	2	bot-33
154061	bot-50	alpha	P00r-4420	tick	17.58	17.53	246	2.47	0.87	3.17	1	squad	squad-14	1	bot-49
154061	bot-54	alpha	P00r-4410	tick	20.13	18.37	192	0.02	0.36		0		squad-14	2	bot-49
154194	bot-43	bravo	U00r-4410	state	-6.96	11.26	210	0.00	0.00		0		squad-2	2	bot-33
154317	bot-46	bravo	S00r-4410	tick	-9.89	4.08	219	2.40	1.29	21.77	5	seek	squad-2	3	bot-33
154481	bot-3	alpha	C32r-4200	latches	-13.83	20.69	276	0.00	0.02		0		squad-1	0	bot-3
154586	bot-3	alpha	P32r-4200	state	-13.83	20.69	276	0.00	0.00		0		squad-1	0	bot-3
154586	bot-45	bravo	U00m-1420	tick	-9.21	8.90	208	4.25	2.32	22.56	6	pursue	squad-2	6	bot-33
154586	bot-47	bravo	S00r-4410	tick	-7.44	8.44	212	2.51	1.51	32.25	7	seek	squad-2	4	bot-33
154735	bot-33	bravo	S00r-3420	tick	-8.85	6.30	218	2.35	1.38	25.56	6	seek	squad-2	0	bot-33
154735	bot-35	alpha	H00r-4210	health	-22.78	-16.06	46	0.00	0.00		0		squad-10	0	bot-35
154735	bot-39	bravo	P00r-4410	tick	-4.83	-9.11	232	0.00	0.00		0		squad-2	5	bot-33
154735	bot-49	alpha	S00r-4310	tick	18.76	16.53	339	1.00	0.55	4.45	1	seek	squad-14	0	bot-49
154735	bot-51	bravo	S00m-3420	state	-20.84	21.31	81	0.00	0.00		0		squad-2	7	bot-33
154735	bot-52	alpha	P00m-4420	tick	18.16	13.67	285	2.18	1.39	2.83	1	squad	squad-14	3	bot-49
155067	bot-18	bravo	S00r-3320	tick	-6.46	8.40	212	2.42	1.44	31.51	6	seek	squad-2	1	bot-33
155067	bot-50	alpha	P00r-4420	tick	17.19	16.30	172	0.00	1.29		0		squad-14	1	bot-49
155067	bot-54	alpha	P00r-4410	tick	20.13	18.37	192	0.00	0.00		0		squad-14	2	bot-49
155242	bot-3	alpha	A32r-4200	state	-13.81	20.67	262	0.18	0.03		0		squad-1	0	bot-3
155242	bot-43	bravo	U00r-4410	tick	-8.01	9.06	210	4.18	2.44	18.34	5	pursue	squad-2	2	bot-33
155373	bot-3	alpha	C32r-420G	state+latches	-13.83	20.66	271	0.16	0.01		0		squad-1	0	bot-3
155373	bot-46	bravo	S00r-4410	tick	-11.16	2.95	228	2.40	1.70	20.10	5	seek	squad-2	3	bot-33
155373	bot-51	bravo	A00m-3420	state	-20.48	20.67	159	1.66	0.73	36.70	10	seek	squad-2	7	bot-33
155487	bot-3	alpha	C32r-420I	latches	-13.83	20.66	271	0.55	0.01		0		squad-1	0	bot-3
155487	bot-51	bravo	A00m-342G	latches	-20.48	20.67	148	0.00	0.00		0		squad-2	7	bot-33
155604	bot-3	alpha	C32r-4202	latches	-13.83	20.66	271	0.00	0.00		0		squad-1	0	bot-3
155604	bot-45	bravo	U00m-1420	tick	-10.09	6.44	209	2.64	2.61	19.99	6	pursue	squad-2	6	bot-33
155604	bot-47	bravo	S00r-4410	tick	-8.36	7.27	212	2.40	1.49	30.76	7	seek	squad-2	4	bot-33
155638	bot-51	bravo	S00m-3420	state+latches	-20.45	20.72	148	0.30	0.06		0		squad-2	7	bot-33
155737	bot-33	bravo	S00r-3420	tick	-9.72	4.92	218	2.35	1.63	23.94	6	seek	squad-2	0	bot-33
155737	bot-35	alpha	H00r-4210	tick	-22.78	-16.06	41	0.00	0.00		0		squad-10	0	bot-35
155737	bot-39	bravo	P00r-4410	tick	-4.83	-9.11	232	0.00	0.00		0		squad-2	5	bot-33
155737	bot-49	alpha	S00r-4310	tick	18.41	17.19	321	1.13	0.75	3.71	1	seek	squad-14	0	bot-49
155737	bot-52	alpha	P00m-4420	tick	16.62	13.62	265	2.16	1.54	1.70	1	squad	squad-14	3	bot-49
155753	bot-39	bravo	S00r-4410	state	-4.83	-9.11	232	0.00	0.00		0		squad-2	5	bot-33
156053	bot-49	alpha	P00r-4310	state	18.18	17.47	320	1.18	0.36	3.35	1	seek	squad-14	0	bot-49
156076	bot-18	bravo	S00r-3320	tick	-7.65	6.98	211	2.41	1.85	29.68	6	seek	squad-2	1	bot-33
156076	bot-50	alpha	P00r-4420	tick	17.25	16.28	166	2.45	0.06	2.54	1	squad	squad-14	1	bot-49
156076	bot-54	alpha	P00r-4410	tick	20.13	18.33	187	1.71	0.04	4.69	2	squad	squad-14	2	bot-49
156137	bot-35	alpha	H00r-4310	health	-22.78	-16.06	10	0.00	0.00		0		squad-10	0	bot-35
156220	bot-51	bravo	A00m-3420	state	-20.16	20.01	92	1.62	0.76	40.23	9	seek	squad-2	7	bot-33
156237	bot-3	alpha	C32r-420I	latches	-13.84	20.65	264	0.06	0.02		0		squad-1	0	bot-3
156237	bot-51	bravo	A00m-342G	latches	-20.16	20.01	89	0.00	0.00		0		squad-2	7	bot-33
156253	bot-43	bravo	U00r-4410	tick	-10.11	6.82	209	4.19	3.07	15.35	5	pursue	squad-2	2	bot-33
156387	bot-46	bravo	S00r-4410	tick	-12.68	1.58	217	2.10	2.05	18.09	5	seek	squad-2	3	bot-33
156470	bot-3	alpha	C32r-4202	latches	-13.84	20.64	264	0.06	0.00		0		squad-1	0	bot-3
156470	bot-51	bravo	S00m-3420	state+latches	-20.15	20.02	89	0.00	0.01		0		squad-2	7	bot-33
156620	bot-45	bravo	U00m-1420	tick	-12.10	2.97	209	4.11	4.01	15.98	6	pursue	squad-2	6	bot-33
156620	bot-47	bravo	S00r-4410	tick	-9.52	5.19	212	2.36	2.38	28.39	7	seek	squad-2	4	bot-33
156737	bot-33	bravo	S00r-3420	tick	-10.90	2.84	219	2.40	2.39	21.57	5	seek	squad-2	0	bot-33
156737	bot-52	alpha	P00m-4420	tick	16.71	12.99	187	2.01	0.64	2.70	3	squad	squad-14	3	bot-49
156754	bot-39	bravo	S00r-4410	tick	-4.84	-9.15	252	0.43	0.04	15.37	12	seek	squad-2	5	bot-33
156820	bot-35	alpha	A00r-4310	state	-22.78	-16.06	351	0.00	0.00		0		squad-10	0	bot-35
156870	bot-55	alpha	P00r-0410	initial	21.05	20.55	0	0.00			0			-1	
156887	bot-55	alpha	P00r-4410	ammo	21.05	20.55	0	0.00	0.00		0		squad-14	3	bot-49
156954	bot-3	alpha	C00r-4202	tier+score	-13.84	20.63	264	0.00	0.01		0		squad-1	0	bot-3
157020	bot-51	bravo	A00m-3420	state	-20.15	20.02	39	0.00	0.00		0		squad-2	7	bot-33
157037	bot-3	alpha	C00r-420I	latches	-13.84	20.63	265	0.06	0.00		0		squad-1	0	bot-3
157037	bot-51	bravo	A00m-342G	latches	-20.15	20.02	42	0.00	0.00		0		squad-2	7	bot-33
157053	bot-49	alpha	P00r-4310	tick	19.61	19.14	34	2.32	2.20	3.80	1	patrolReentry	squad-14	0	bot-49
157087	bot-18	bravo	S00r-3320	tick	-9.21	5.13	210	2.37	2.43	27.29	6	seek	squad-2	1	bot-33
157087	bot-50	alpha	P00r-4420	tick	16.56	17.11	299	2.09	1.08	1.67	1	squad	squad-14	1	bot-49
157087	bot-54	alpha	P00r-4410	tick	19.27	16.73	211	0.00	1.81		0		squad-14	2	bot-49
157203	bot-33	bravo	P00r-3420	state	-11.67	2.09	219	2.34	1.07	20.51	5	seek	squad-2	0	bot-33
157203	bot-43	bravo	U00r-441G	latches	-11.64	3.29	210	4.04	3.84	11.53	4	pursue	squad-2	2	bot-33
157220	bot-43	bravo	U00r-4410	latches	-11.70	3.26	210	4.04	0.07	11.47	4	pursue	squad-2	2	bot-33
157287	bot-3	alpha	C00r-4202	latches	-13.84	20.62	265	0.00	0.01		0		squad-1	0	bot-3
157287	bot-51	bravo	S00m-3420	state+latches	-20.15	20.02	42	0.00	0.00		0		squad-2	7	bot-33
157387	bot-46	bravo	S00r-4410	tick	-13.94	0.26	211	3.81	1.83	5.50	1	grenade	squad-2	3	bot-33
157570	bot-35	alpha	A00r-431G	latches	-23.18	-17.00	109	3.39	1.02	3.21	1	grenade	squad-10	0	bot-35
157620	bot-45	bravo	U00m-1420	tick	-13.00	2.01	143	4.11	1.32	4.67	1	grenade	squad-2	6	bot-33
157620	bot-47	bravo	S00r-4410	tick	-10.51	4.17	266	4.08	1.42	4.90	1	grenade	squad-2	4	bot-33
157687	bot-45	bravo	U00m-R42G	ammo+latches	-12.82	2.22	126	4.13	0.28	4.40	1	grenade	squad-2	6	bot-33
157753	bot-43	bravo	U00r-441G	latches	-11.57	3.88	290	4.11	0.63	4.45	1	grenade	squad-2	2	bot-33
157753	bot-52	alpha	P00m-4420	tick	18.10	12.82	73	2.39	1.40	0.54	1	squad	squad-14	4	bot-49
157770	bot-39	bravo	S00r-4410	tick	-4.24	-8.55	334	0.12	0.85	0.31	0	grenade	squad-2	5	bot-33
157804	bot-35	alpha	S00r-4310	state+latches	-23.27	-17.22	126	0.00	0.24		0		squad-10	0	bot-35
157887	bot-51	bravo	A00m-3420	state	-20.15	20.02	89	0.00	0.00		0		squad-2	7	bot-33
157887	bot-55	alpha	P00r-4410	tick	18.84	20.72	299	2.46	2.22	6.87	1	squad	squad-14	3	bot-49
157903	bot-3	alpha	C00r-420I	latches	-13.84	20.62	265	0.02	0.00		0		squad-1	0	bot-3
157903	bot-35	alpha	A00r-4310	state	-23.05	-16.79	100	4.91	0.49	20.70	4	seek	squad-10	0	bot-35
157903	bot-51	bravo	A00m-342G	latches	-20.15	20.02	85	0.00	0.00		0		squad-2	7	bot-33
157920	bot-45	bravo	S00m-R420	state+latches	-12.26	2.92	70	4.14	0.90	5.26	1	grenade	squad-2	6	bot-33
157987	bot-43	bravo	S00r-4410	state+latches	-10.96	4.52	346	4.09	0.89	4.98	1	grenade	squad-2	2	bot-33
158054	bot-49	alpha	P00r-4310	tick	21.10	20.56	13	2.03	2.07	1.76	1	patrolReentry	squad-14	0	bot-49
158104	bot-18	bravo	S00r-3320	tick	-8.04	5.96	55	3.85	1.44	5.07	1	grenade	squad-2	1	bot-33
158104	bot-50	alpha	P00r-4420	tick	17.47	18.28	69	2.59	1.48	1.98	1	squad	squad-14	1	bot-49
158104	bot-54	alpha	P00r-4410	tick	18.89	16.77	259	0.00	0.39		0		squad-14	2	bot-49
158153	bot-3	alpha	C00r-4202	latches	-13.84	20.62	265	0.00	0.00		0		squad-1	0	bot-3
158153	bot-51	bravo	S00m-3420	state+latches	-20.15	20.02	85	0.00	0.00		0		squad-2	7	bot-33
158220	bot-33	bravo	P00r-3420	tick	-9.43	3.85	48	4.08	2.85	4.02	1	grenade	squad-2	0	bot-33
158387	bot-46	bravo	S00r-4410	tick	-10.87	2.88	47	4.08	4.04	4.66	1	grenade	squad-2	3	bot-33
158453	bot-35	alpha	A00r-431G	latches	-23.03	-16.78	30	0.00	0.03		0		squad-10	0	bot-35
158637	bot-47	bravo	S00r-4410	tick	-7.88	7.35	46	3.98	4.12	4.34	1	grenade	squad-2	4	bot-33
158687	bot-35	alpha	S00r-4310	state+latches	-23.03	-16.78	30	0.00	0.00		0		squad-10	0	bot-35
158753	bot-51	bravo	A00m-3420	state	-20.15	20.02	122	0.00	0.00		0		squad-2	7	bot-33
158753	bot-52	alpha	P00m-4420	tick	17.37	12.60	331	0.00	0.76		0		squad-14	4	bot-49
158770	bot-3	alpha	C00r-420I	latches	-13.84	20.62	265	0.02	0.00		0		squad-1	0	bot-3
158770	bot-51	bravo	A00m-342G	latches	-20.15	20.02	118	0.00	0.00		0		squad-2	7	bot-33
158787	bot-39	bravo	S00r-4410	tick	-4.30	-8.64	326	0.00	0.11	0.34	0	grenade	squad-2	5	bot-33
158903	bot-55	alpha	P00r-4410	tick	18.10	18.74	211	0.00	2.12		0		squad-14	3	bot-49
158937	bot-45	bravo	S00m-R420	tick	-9.39	6.04	44	4.10	4.23	4.21	1	grenade	squad-2	6	bot-33
159003	bot-43	bravo	S00r-4410	tick	-8.14	7.63	39	4.04	4.20	4.33	1	grenade	squad-2	2	bot-33
159020	bot-3	alpha	C00r-4202	latches	-13.84	20.62	265	0.00	0.00		0		squad-1	0	bot-3
159020	bot-51	bravo	S00m-3420	state+latches	-20.15	20.02	118	0.00	0.00		0		squad-2	7	bot-33
159070	bot-49	alpha	P00r-4310	tick	21.17	21.48	313	2.46	0.92		9	patrol	squad-14	0	bot-49
159120	bot-18	bravo	S00r-3320	tick	-4.83	8.38	53	4.09	4.01	3.61	1	grenade	squad-2	1	bot-33
159120	bot-50	alpha	P00r-4420	tick	19.77	18.82	50	2.41	2.36	5.16	1	squad	squad-14	1	bot-49
159120	bot-54	alpha	P00r-4410	tick	19.50	17.33	349	2.28	0.83	9.23	1	squad	squad-14	2	bot-49
159153	bot-45	bravo	S00m-4420	ammo	-8.75	6.65	48	4.04	0.89	5.10	1	grenade	squad-2	6	bot-33
159220	bot-33	bravo	P00r-3420	tick	-6.70	6.71	44	3.96	3.96	4.66	1	grenade	squad-2	0	bot-33
159403	bot-46	bravo	S00r-4410	tick	-7.94	5.78	47	3.83	4.12	4.08	1	grenade	squad-2	3	bot-33
159620	bot-51	bravo	A00m-3420	state	-20.15	20.02	54	0.00	0.00		0		squad-2	7	bot-33
159637	bot-3	alpha	C00r-420I	latches	-13.84	20.62	265	0.02	0.00		0		squad-1	0	bot-3
159637	bot-47	bravo	S00r-4410	tick	-4.97	9.96	44	3.86	3.91	4.38	1	grenade	squad-2	4	bot-33
159637	bot-51	bravo	A00m-342G	latches	-20.15	20.02	58	0.00	0.00		0		squad-2	7	bot-33
159703	bot-35	alpha	S00r-4310	tick	-22.01	-14.89	27	2.17	2.14	22.37	5	seek	squad-10	0	bot-35
159770	bot-52	alpha	P00m-4420	tick	17.37	12.59	331	0.00	0.01		0		squad-14	4	bot-49
159803	bot-39	bravo	S00r-4410	tick	-4.30	-8.64	326	0.00	0.00	0.34	0	grenade	squad-2	5	bot-33
159887	bot-3	alpha	C00r-4202	latches	-13.84	20.62	265	0.00	0.00		0		squad-1	0	bot-3
159887	bot-51	bravo	S00m-3420	state+latches	-20.15	20.02	58	0.00	0.00		0		squad-2	7	bot-33
159903	bot-55	alpha	P00r-4410	tick	18.40	18.88	176	2.47	0.33	9.17	1	squad	squad-14	3	bot-49
160003	bot-43	bravo	S00r-4410	tick	-5.49	10.57	40	3.87	3.96	4.62	1	grenade	squad-2	2	bot-33
160087	bot-49	alpha	P00r-4310	tick	18.86	20.59	259	2.43	2.48		9	patrol	squad-14	0	bot-49
160120	bot-18	bravo	S00r-3320	tick	-2.79	9.89	55	1.63	2.54	4.67	1	grenade	squad-2	1	bot-33
160120	bot-50	alpha	P00r-4420	tick	20.96	20.40	49	0.14	1.97		0		squad-14	1	bot-49
160120	bot-54	alpha	P00r-4410	tick	21.22	18.88	34	2.40	2.31	4.16	1	squad	squad-14	2	bot-49
160153	bot-45	bravo	S00m-4420	tick	-5.98	9.43	44	3.95	3.93	4.35	1	grenade	squad-2	6	bot-33
160237	bot-33	bravo	P00r-3420	tick	-3.93	8.95	55	2.19	3.56	3.64	1	grenade	squad-2	0	bot-33
160420	bot-46	bravo	S00r-4410	tick	-5.03	8.56	61	4.09	4.03	4.09	1	grenade	squad-2	3	bot-33
160487	bot-51	bravo	A00m-3420	state	-20.15	20.02	73	0.00	0.00		0		squad-2	7	bot-33
160503	bot-3	alpha	C00r-420I	latches	-13.84	20.62	265	0.02	0.00		0		squad-1	0	bot-3
160503	bot-51	bravo	A00m-342G	latches	-20.15	20.02	77	0.00	0.00		0		squad-2	7	bot-33
160637	bot-47	bravo	S00r-4410	tick	-3.11	12.35	43	1.55	3.03	4.05	1	grenade	squad-2	4	bot-33
160703	bot-35	alpha	S00r-4310	tick	-20.88	-12.73	30	2.69	2.44	19.93	5	seek	squad-10	0	bot-35
160753	bot-3	alpha	C00r-4202	latches	-13.84	20.62	265	0.00	0.00		0		squad-1	0	bot-3
160753	bot-51	bravo	S00m-3420	state+latches	-20.15	20.02	77	0.00	0.00		0		squad-2	7	bot-33
160787	bot-52	alpha	P00m-4420	tick	17.37	12.58	331	0.00	0.01		0		squad-14	4	bot-49
160803	bot-39	bravo	S00r-4410	tick	-4.30	-8.64	326	0.00	0.00	0.34	0	grenade	squad-2	5	bot-33
160870	bot-18	bravo	S44rm3320	tier+score+element	-2.08	10.42	54	4.71	0.89	35.22	6	seek	squad-2	1	bot-33
160870	bot-33	bravo	S44rm3420	state+tier+score+element	-2.78	9.84	58	1.58	1.45	5.00	1	grenade	squad-2	0	bot-33
160870	bot-43	bravo	S44rm4410	tier+score+element	-4.27	12.97	17	5.03	2.69	32.35	6	seek	squad-2	2	bot-33
160870	bot-45	bravo	S44mm4420	tier+score+element	-4.29	11.50	42	4.72	2.67	36.75	8	seek	squad-2	6	bot-33
160870	bot-46	bravo	P44rm4410	state+tier+score+element	-3.89	9.27	53	3.28	1.34	4.13	1	grenade	squad-2	3	bot-33
160870	bot-47	bravo	S44rm4410	tier+score+element	-2.99	12.47	51	4.96	0.17	38.18	7	seek	squad-2	4	bot-33
160887	bot-46	bravo	C44rm4410	state	-3.85	9.30	57	3.28	0.05	28.87	0		squad-2	3	bot-33
160903	bot-46	bravo	S44rm4410	state	-3.92	9.36	53	5.53	0.09	3.35	1	cover	squad-2	3	bot-33
160920	bot-55	alpha	P00r-4410	tick	20.32	19.39	93	2.51	1.98	3.99	1	squad	squad-14	3	bot-49
161087	bot-49	alpha	P00r-4310	tick	16.89	19.78	226	2.15	2.13		9	patrol	squad-14	0	bot-49
161137	bot-50	alpha	P00r-4420	tick	20.75	19.72	135	2.52	0.71	1.21	1	squad	squad-14	1	bot-49
161137	bot-54	alpha	P00r-4410	tick	21.88	20.46	321	2.07	1.71	4.49	1	squad	squad-14	2	bot-49
161353	bot-51	bravo	A00m-3420	state	-20.15	20.02	137	0.00	0.00		0		squad-2	7	bot-33
161370	bot-3	alpha	C00r-420I	latches	-13.84	20.62	265	0.02	0.00		0		squad-1	0	bot-3
161370	bot-51	bravo	A00m-342G	latches	-20.15	20.02	134	0.00	0.00		0		squad-2	7	bot-33
161387	bot-3	alpha	A00r-420G	state+latches	-13.84	20.62	265	0.02	0.00		0		squad-1	0	bot-3
161603	bot-3	alpha	P00r-4200	state+latches	-13.84	20.62	265	0.00	0.00		0		squad-1	0	bot-3
161603	bot-51	bravo	S00m-3420	state+latches	-20.15	20.02	134	0.00	0.00		0		squad-2	7	bot-33
161703	bot-35	alpha	S00r-4310	tick	-19.75	-10.18	33	3.31	2.79	17.16	5	seek	squad-10	0	bot-35
161787	bot-52	alpha	P00m-4420	tick	17.62	13.77	58	2.13	1.22	11.60	2	squad	squad-14	4	bot-49
161804	bot-39	bravo	S00r-4410	tick	-5.22	-9.54	215	0.62	1.28	14.28	11	seek	squad-2	5	bot-33
161870	bot-18	bravo	S44rm3320	tick	-3.05	6.71	223	3.33	3.84	31.69	5	seek	squad-2	1	bot-33
161870	bot-33	bravo	S44rm3420	tick	-5.29	7.20	218	2.41	3.65	25.00	6	seek	squad-2	0	bot-33
161870	bot-43	bravo	S44rm4410	tick	-6.75	10.37	212	2.30	3.59	28.84	6	seek	squad-2	2	bot-33
161870	bot-45	bravo	S44mm4420	tick	-6.78	8.78	213	2.38	3.68	33.17	8	seek	squad-2	6	bot-33
161870	bot-47	bravo	S44rm4410	tick	-5.48	9.60	212	2.40	3.79	34.43	7	seek	squad-2	4	bot-33
161870	bot-56	alpha	P00m-0420	initial	21.55	17.05	0	0.00			0			-1	
161887	bot-56	alpha	P00m-4420	ammo	21.55	17.05	0	0.00	0.00		0		squad-14	5	bot-49
161903	bot-46	bravo	S44rm4410	tick	-6.85	7.23	221	2.42	3.63	22.17	5	seek	squad-2	3	bot-33
161920	bot-55	alpha	P00r-4410	tick	21.54	18.74	90	2.47	1.38	3.38	1	squad	squad-14	3	bot-49
162103	bot-49	alpha	P00r-4310	tick	14.65	18.92	249	2.43	2.40	3.22	1	packseek	squad-14	0	bot-49
162137	bot-50	alpha	P00r-4420	tick	19.05	18.85	260	2.03	1.91	1.66	1	squad	squad-14	1	bot-49
162137	bot-54	alpha	P00r-4410	tick	21.17	20.94	306	0.00	0.86		0		squad-14	2	bot-49
162203	bot-47	bravo	P44rm4410	state	-5.90	8.99	205	2.38	0.74	33.68	7	seek	squad-2	4	bot-33
162220	bot-47	bravo	S44rm4410	state	-5.92	8.95	203	2.36	0.04	20.78	0		squad-2	4	bot-33
162220	bot-51	bravo	C00m-3420	state	-20.15	20.02	70	0.00	0.00		0		squad-2	7	bot-33
162237	bot-51	bravo	C00m-3422	latches	-20.12	19.95	79	2.21	0.08	6.26	3	cover	squad-2	7	bot-33
162287	bot-51	bravo	C00m-342I	latches	-20.08	19.81	88	2.83	0.14	6.12	3	cover	squad-2	7	bot-33
162487	bot-51	bravo	A00m-3420	state+latches	-19.96	19.29	135	2.87	0.54	5.61	3	cover	squad-2	7	bot-33
162587	bot-51	bravo	A00m-342G	latches	-19.96	19.29	114	0.70	0.01		0		squad-2	7	bot-33
162620	bot-3	alpha	P00r-4200	tick	-13.84	20.62	57	0.06	0.00		0		squad-1	0	bot-3
162703	bot-35	alpha	S00r-4310	tick	-18.59	-7.68	32	2.45	2.76	14.42	4	seek	squad-10	0	bot-35
162804	bot-39	bravo	S00r-4410	tick	-5.26	-9.54	254	0.56	0.05	14.23	11	seek	squad-2	5	bot-33
162804	bot-52	alpha	P00m-4420	tick	18.99	15.45	40	2.29	2.17	6.76	1	squad	squad-14	4	bot-49
162820	bot-51	bravo	S00m-3420	state+latches	-19.96	19.30	114	0.00	0.00		0		squad-2	7	bot-33
162837	bot-18	bravo	P44rm3320	state	-3.70	4.64	225	2.08	2.17	29.68	5	seek	squad-2	1	bot-33
162853	bot-18	bravo	C44rm3320	state	-3.71	4.61	225	2.08	0.03	32.36	0		squad-2	1	bot-33
162870	bot-18	bravo	S44rm3320	state	-3.64	4.64	225	4.61	0.08	5.27	1	cover	squad-2	1	bot-33
162887	bot-33	bravo	S44rm3420	tick	-7.12	5.54	222	2.46	2.47	22.55	6	seek	squad-2	0	bot-33
162887	bot-43	bravo	S44rm4410	tick	-8.01	8.40	216	2.28	2.33	26.51	6	seek	squad-2	2	bot-33
162887	bot-45	bravo	S44mm4420	tick	-8.44	6.98	212	2.41	2.45	30.80	8	seek	squad-2	6	bot-33
162903	bot-46	bravo	S44rm4410	tick	-8.63	5.59	220	2.41	2.42	19.76	5	seek	squad-2	3	bot-33
162903	bot-56	alpha	P00m-4420	tick	22.58	18.11	23	2.24	1.48	4.21	1	squad	squad-14	5	bot-49
162937	bot-55	alpha	P00r-4410	tick	21.11	19.72	308	2.27	1.07	0.88	1	squad	squad-14	3	bot-49
163070	bot-51	bravo	A00m-3420	state	-19.86	19.07	92	1.71	0.25	41.94	9	seek	squad-2	7	bot-33
163104	bot-49	alpha	P00r-4310	tick	12.40	18.46	284	2.12	2.30	1.90	1	packseek	squad-14	0	bot-49
163104	bot-51	bravo	A00m-342G	latches	-19.86	19.07	91	0.00	0.00		0		squad-2	7	bot-33
163137	bot-50	alpha	P00r-4420	tick	17.10	19.10	287	2.07	1.96	2.39	1	squad	squad-14	1	bot-49
163137	bot-54	alpha	P00r-4410	tick	18.92	19.98	257	2.40	2.44	1.82	1	squad	squad-14	2	bot-49
163220	bot-47	bravo	S44rm4410	tick	-7.22	6.93	214	2.45	2.41	26.37	5	seek	squad-2	4	bot-33
163253	bot-49	alpha	P00r-4320	packs	12.11	18.40	287	1.16	0.29	1.60	8	patrol	squad-14	0	bot-49
163353	bot-51	bravo	S00m-3420	state+latches	-19.86	19.07	91	0.00	0.00		0		squad-2	7	bot-33
163520	bot-51	bravo	A00m-3420	state	-19.79	18.92	91	1.06	0.17	42.85	9	seek	squad-2	7	bot-33
163553	bot-51	bravo	A00m-342G	latches	-19.79	18.92	90	0.01	0.00		0		squad-2	7	bot-33
163620	bot-3	alpha	P00r-4200	tick	-13.84	20.62	56	0.06	0.00		0		squad-1	0	bot-3
163703	bot-35	alpha	S00r-4310	tick	-17.72	-5.59	23	1.86	2.26	12.19	4	seek	squad-10	0	bot-35
163787	bot-51	bravo	S00m-3420	state+latches	-19.79	18.92	90	0.00	0.00		0		squad-2	7	bot-33
163803	bot-51	bravo	A00m-3420	state	-19.79	18.90	90	1.03	0.02	42.84	9	seek	squad-2	7	bot-33
163820	bot-39	bravo	S00r-4410	tick	-5.27	-9.55	210	0.19	0.01	14.23	11	seek	squad-2	5	bot-33
163820	bot-52	alpha	P00m-4420	tick	20.14	17.26	5	1.98	2.14	2.67	1	squad	squad-14	4	bot-49
163870	bot-18	bravo	S00r-3320	tier+score+element	-4.89	2.77	225	2.17	2.25	23.53	4	seek	squad-2	1	bot-33
163870	bot-33	bravo	S00r-3420	tier+score+element	-8.93	4.03	220	2.35	2.36	20.22	6	seek	squad-2	0	bot-33
163870	bot-43	bravo	S00r-4410	tier+score+element	-9.26	6.50	210	2.30	2.28	24.23	6	seek	squad-2	2	bot-33
163870	bot-45	bravo	S00m-4420	tier+score+element	-9.87	5.18	207	2.36	2.30	28.55	8	seek	squad-2	6	bot-33
163870	bot-46	bravo	S00r-4410	tier+score+element	-10.36	4.06	219	2.40	2.31	17.47	5	seek	squad-2	3	bot-33
163870	bot-47	bravo	S00r-4410	tier+score+element	-8.06	5.61	214	2.42	1.56	24.81	5	seek	squad-2	4	bot-33
163903	bot-56	alpha	P00m-4420	tick	23.12	18.91	33	0.00	0.97		0		squad-14	5	bot-49
163953	bot-55	alpha	P00r-4410	tick	19.71	19.81	234	0.00	1.40		0		squad-14	3	bot-49
164153	bot-50	alpha	P00r-4420	tick	14.77	18.88	262	2.43	2.34	1.03	1	squad	squad-14	1	bot-49
164153	bot-54	alpha	P00r-4410	tick	16.96	19.27	217	2.12	2.09	0.69	1	squad	squad-14	2	bot-49
164220	bot-51	bravo	A00m-342G	latches	-19.79	18.90	91	0.00	0.00		0		squad-2	7	bot-33
164253	bot-49	alpha	P00r-4320	tick	10.58	18.19	258	1.79	1.55	0.15	8	patrol	squad-14	0	bot-49
164453	bot-51	bravo	S00m-3420	state+latches	-19.79	18.90	91	0.00	0.00		0		squad-2	7	bot-33
164470	bot-51	bravo	A00m-3420	state	-19.78	18.89	95	1.03	0.02	40.34	9	seek	squad-2	7	bot-33
164620	bot-3	alpha	P00r-4200	tick	-13.85	20.61	166	0.13	0.02		0		squad-1	0	bot-3
164720	bot-35	alpha	S00r-4310	tick	-16.90	-3.61	36	1.87	2.14	10.10	4	seek	squad-10	0	bot-35
164836	bot-39	bravo	S00r-4410	tick	-5.27	-9.54	254	0.75	0.01	14.23	11	seek	squad-2	5	bot-33
164836	bot-52	alpha	P00m-4420	tick	20.07	17.88	308	2.43	0.63	0.83	1	squad	squad-14	4	bot-49
164887	bot-18	bravo	S00r-3320	tick	-6.21	0.81	226	1.23	2.36	21.22	4	seek	squad-2	1	bot-33
164887	bot-33	bravo	S00r-3420	tick	-10.68	2.80	218	2.40	2.13	18.17	5	seek	squad-2	0	bot-33
164887	bot-43	bravo	S00r-4410	tick	-10.55	4.74	210	2.40	2.18	22.07	5	seek	squad-2	2	bot-33
164887	bot-45	bravo	S00m-4420	tick	-11.64	3.72	244	2.27	2.30	26.48	7	seek	squad-2	6	bot-33
164887	bot-46	bravo	S00r-4410	tick	-12.15	2.40	221	2.34	2.43	15.07	4	seek	squad-2	3	bot-33
164887	bot-47	bravo	S00r-4410	tick	-9.49	3.68	223	2.40	2.40	22.41	5	seek	squad-2	4	bot-33
164920	bot-56	alpha	P00m-4420	tick	22.47	18.37	303	2.29	0.85	3.32	2	squad	squad-14	5	bot-49
164937	bot-52	alpha	A00m-4420	state	19.90	17.77	287	2.43	0.20	0.63	1	squad	squad-14	4	bot-49
164937	bot-54	alpha	S00r-4410	state	15.62	18.22	206	2.47	1.70	1.25	1	squad	squad-14	2	bot-49
164937	bot-55	alpha	S00r-4410	state	18.18	18.93	258	2.13	1.77	1.38	1	squad	squad-14	3	bot-49
164937	bot-56	alpha	S00m-4420	state	22.47	18.37	303	2.29	0.00	3.32	2	squad	squad-14	5	bot-49
164953	bot-49	alpha	S00r-4320	state	9.50	17.92	257	1.15	1.11	1.06	8	patrol	squad-14	0	bot-49
164953	bot-50	alpha	S00r-4420	state	13.06	18.42	211	1.95	1.77	1.26	1	squad	squad-14	1	bot-49
165020	bot-35	alpha	A00r-4310	state	-16.71	-3.13	37	1.83	0.52	9.60	4	seek	squad-10	0	bot-35
165036	bot-35	alpha	A00r-431G	latches	-16.71	-3.13	36	0.00	0.00		0		squad-10	0	bot-35
165120	bot-49	alpha	A00r-4320	state	9.18	17.91	271	1.98	0.32	30.21	8	seek	squad-14	0	bot-49
165136	bot-51	bravo	A00m-342G	latches	-19.78	18.89	92	0.00	0.00		0		squad-2	7	bot-33
165153	bot-49	alpha	A00r-432G	latches	9.18	17.91	272	0.00	0.00		0		squad-14	0	bot-49
165153	bot-51	bravo	A00m-3420	latches	-19.78	18.89	92	0.00	0.00		0		squad-2	7	bot-33
165270	bot-35	alpha	S00r-4310	state+latches	-16.74	-3.13	36	0.04	0.03		0		squad-10	0	bot-35
165387	bot-49	alpha	S00r-4320	state+latches	9.19	17.90	272	0.00	0.02		0		squad-14	0	bot-49
165553	bot-35	alpha	C00r-4310	state	-16.63	-2.82	26	1.92	0.33	7.90	4	seek	squad-10	0	bot-35
165553	bot-45	bravo	A00m-4420	state	-12.59	2.87	203	1.43	1.28	25.31	7	seek	squad-2	6	bot-33
165570	bot-35	alpha	C00r-4312	latches	-16.58	-2.70	35	3.76	0.12	5.39	5	cover	squad-10	0	bot-35
165620	bot-3	alpha	P00r-4200	tick	-13.89	20.56	227	0.07	0.06		0		squad-1	0	bot-3
165704	bot-43	bravo	A00r-4410	state	-11.95	3.61	246	2.28	1.80	20.40	5	seek	squad-2	2	bot-33
165786	bot-33	bravo	A00r-3420	state	-12.01	1.45	218	1.80	1.90	16.29	5	seek	squad-2	0	bot-33
165836	bot-39	bravo	S00r-4410	tick	-5.26	-9.54	210	0.61	0.00	14.24	11	seek	squad-2	5	bot-33
165836	bot-43	bravo	A00r-441G	latches	-11.95	3.61	218	0.00	0.00		0		squad-2	2	bot-33
165903	bot-18	bravo	S00r-3320	tick	-6.68	0.15	226	0.14	0.82	20.42	4	seek	squad-2	1	bot-33
165903	bot-46	bravo	S00r-4410	tick	-13.74	0.84	217	2.14	2.24	12.85	4	seek	squad-2	3	bot-33
165903	bot-47	bravo	S00r-4410	tick	-11.31	2.16	212	2.36	2.37	20.15	5	seek	squad-2	4	bot-33
165920	bot-33	bravo	E00r-3420	state	-12.01	1.47	233	0.53	0.02		0		squad-2	0	bot-33
165920	bot-43	bravo	A00r-4410	latches	-11.95	3.61	218	0.00	0.00		0		squad-2	2	bot-33
165937	bot-33	bravo	E00r-3421	latches	-11.87	1.52	233	4.79	0.15	3.16	1	flee	squad-2	0	bot-33
165937	bot-52	alpha	A00m-4420	tick	19.89	17.78	272	0.00	0.00		0		squad-14	4	bot-49
165937	bot-54	alpha	S00r-4410	tick	13.33	18.18	276	2.17	2.29	33.95	8	seek	squad-14	2	bot-49
165937	bot-55	alpha	S00r-4410	tick	16.03	18.69	265	2.41	2.16	37.61	8	seek	squad-14	3	bot-49
165937	bot-56	alpha	S00m-4420	tick	20.07	18.75	270	2.46	2.43	40.02	9	seek	squad-14	5	bot-49
165953	bot-47	bravo	C00r-4410	state	-11.36	2.10	212	2.37	0.08	20.07	5	seek	squad-2	4	bot-33
165970	bot-47	bravo	C00r-4412	latches	-11.21	2.08	220	4.53	0.15	1.63	1	cover	squad-2	4	bot-33
165970	bot-50	alpha	S00r-4420	tick	10.76	18.24	267	2.27	2.31	30.25	7	seek	squad-14	1	bot-49
166053	bot-47	bravo	C00r-441I	latches	-10.84	2.02	229	4.51	0.38	1.32	1	cover	squad-2	4	bot-33
166153	bot-51	bravo	A00m-3420	tick	-19.78	18.89	92	0.00	0.00		0		squad-2	7	bot-33
166270	bot-47	bravo	G00r-441I	state	-10.20	1.41	178	4.27	0.88	0.44	1	cover	squad-2	4	bot-33
166287	bot-47	bravo	G00r-4412	latches	-10.04	1.19	185	0.00	0.27		0		squad-2	4	bot-33
166370	bot-45	bravo	F00m-4420	state	-12.57	2.86	218	0.00	0.03		0		squad-2	6	bot-33
166387	bot-35	alpha	E00r-4210	state+health+latches	-15.78	-1.23	38	0.81	1.68		0		squad-10	0	bot-35
166387	bot-45	bravo	A00m-4420	state	-12.57	2.86	218	0.00	0.00		0		squad-2	6	bot-33
166387	bot-49	alpha	S00r-4320	tick	7.17	17.90	274	2.26	2.02	28.21	7	seek	squad-14	0	bot-49
166403	bot-35	alpha	E00r-4219	latches	-15.94	-1.35	38	5.82	0.19	6.17	1	flee	squad-10	0	bot-35
166486	bot-43	bravo	F00r-4410	state	-11.95	3.61	220	0.00	0.00		0		squad-2	2	bot-33
166486	bot-43	bravo	F00r-3410	ammo	-11.95	3.61	220	0.00	0.00		0		squad-2	2	bot-33
166503	bot-35	alpha	E00r-4119	health	-16.40	-1.68	48	5.48	0.57	5.60	1	flee	squad-10	0	bot-35
166503	bot-43	bravo	A00r-3410	state	-11.95	3.61	220	0.00	0.00		0		squad-2	2	bot-33
166520	bot-45	bravo	F00m-4420	state	-12.57	2.86	220	0.00	0.00		0		squad-2	6	bot-33
166536	bot-35	alpha	E00r-4019	health	-16.54	-1.78	53	5.33	0.18	5.43	1	flee	squad-10	0	bot-35
166536	bot-45	bravo	A00m-4420	state	-12.57	2.86	220	0.00	0.00		0		squad-2	6	bot-33
166603	bot-33	bravo	A00r-3420	state+latches	-9.71	3.37	233	0.00	2.85		0		squad-2	0	bot-33
166603	bot-43	bravo	F00r-3410	state	-11.95	3.61	221	0.00	0.00		0		squad-2	2	bot-33
166603	bot-43	bravo	P00r-3410	state	-11.95	3.61	221	0.00	0.00		0		squad-2	2	bot-33
166603	bot-35	alpha	D00r--000	state+ammo+packs+latches	-16.83	-1.99	41	0.00	0.35	5.07	1	flee	squad-10	0	bot-35
166603	bot-45	bravo	S00m-4420	state	-12.57	2.86	221	0.00	0.00		0		squad-2	6	bot-33
166620	bot-23	alpha	D00r--000	tick	11.16	18.38	36	0.00	0.00	5.00	0		squad-1	-1	bot-3
166620	bot-33	bravo	S00r-3420	state	-9.71	3.37	233	0.02	0.00		0		squad-2	0	bot-33
166620	bot-43	bravo	S00r-3410	state	-11.95	3.61	221	0.00	0.00		0		squad-2	2	bot-33
166636	bot-3	alpha	P00r-4200	tick	-13.89	20.56	231	0.00	0.00		0		squad-1	0	bot-3
166653	bot-33	bravo	P00r-3420	state	-9.75	3.35	238	1.33	0.04	9.07	3	seek	squad-2	0	bot-33
166653	bot-45	bravo	P00m-4420	state	-12.48	2.77	208	2.60	0.13	6.88	4	seek	squad-2	6	bot-33
166836	bot-52	alpha	F00m-4420	state	19.89	17.78	272	0.00	0.00		0		squad-14	4	bot-49
166853	bot-39	bravo	S00r-4410	tick	-5.26	-9.54	254	0.55	0.00	14.23	11	seek	squad-2	5	bot-33
166853	bot-51	bravo	A00m-3320	health	-19.78	18.89	92	0.00	0.00		0		squad-2	7	bot-33
166853	bot-52	alpha	A00m-4420	state	19.89	17.78	272	0.00	0.00		0		squad-14	4	bot-49
166853	bot-54	alpha	S00r-4420	packs	11.22	18.13	269	1.33	2.12	31.85	8	seek	squad-14	2	bot-49
166887	bot-57	alpha	P00r-0410	initial	-7.95	23.55	0	0.00			0			-1	
166903	bot-18	bravo	S00r-3320	tick	-6.76	0.25	226	0.12	0.13	20.43	4	seek	squad-2	1	bot-33
166903	bot-46	bravo	S00r-4410	tick	-15.14	-0.92	215	2.58	2.25	10.61	3	seek	squad-2	3	bot-33
166903	bot-50	alpha	A00r-4420	state	9.22	17.92	267	1.87	1.57	28.70	7	seek	squad-14	1	bot-49
166903	bot-57	alpha	P00r-4410	ammo	-7.95	23.55	0	0.00	0.00		0		squad-1	1	bot-3
166920	bot-51	bravo	A00m-332G	latches	-19.78	18.89	92	0.00	0.00		0		squad-2	7	bot-33
166937	bot-50	alpha	A00r-442G	latches	9.22	17.92	272	0.00	0.00		0		squad-14	1	bot-49
166937	bot-55	alpha	S00r-4410	tick	13.68	18.44	265	2.39	2.37	35.25	8	seek	squad-14	3	bot-49
166937	bot-56	alpha	S00m-4420	tick	18.00	18.78	262	2.03	2.06	37.96	9	seek	squad-14	5	bot-49
166953	bot-47	bravo	P00r-4410	state+latches	-9.95	1.05	289	0.00	0.17		0		squad-2	4	bot-33
166953	bot-51	bravo	A00m-3320	latches	-19.78	18.89	88	0.00	0.00		0		squad-2	7	bot-33
166986	bot-52	alpha	F00m-4420	state	19.89	17.78	272	0.00	0.00		0		squad-14	4	bot-49
167003	bot-51	bravo	E00m-3220	state+health	-19.78	18.89	82	0.00	0.00		0		squad-2	7	bot-33
167003	bot-52	alpha	A00m-4420	state	19.89	17.78	272	0.00	0.00		0		squad-14	4	bot-49
167020	bot-51	bravo	E00m-3229	latches	-19.83	18.91	75	1.54	0.05	4.91	1	flee	squad-2	7	bot-33
167120	bot-52	alpha	A00m-442G	latches	19.89	17.78	272	0.00	0.00		0		squad-14	4	bot-49
167186	bot-50	alpha	S00r-4420	state+latches	9.22	17.91	272	0.00	0.01		0		squad-1	2	bot-3
167220	bot-47	bravo	S00r-4410	state	-9.96	1.45	346	2.45	0.40	6.25	7	squad	squad-2	4	bot-33
167303	bot-46	bravo	S00r-4420	packs	-15.89	-1.64	215	1.47	1.04	9.58	2	seek	squad-2	3	bot-33
167370	bot-52	alpha	S00m-4420	state+latches	19.89	17.78	272	0.00	0.00		0		squad-1	6	bot-3
167403	bot-49	alpha	S00r-4320	tick	4.79	17.95	271	2.37	2.39	25.82	7	seek	squad-1	1	bot-3
167636	bot-3	alpha	P00r-4200	tick	-13.89	20.55	235	0.00	0.00		0		squad-1	0	bot-3
167636	bot-43	bravo	S00r-3410	tick	-10.20	5.38	65	2.41	2.49	34.97	6	seek	squad-2	2	bot-33
167670	bot-33	bravo	P00r-3420	tick	-11.75	2.34	269	2.39	2.24	26.48	7	patrolReentry	squad-2	0	bot-33
167670	bot-45	bravo	P00m-4420	tick	-11.58	4.82	29	1.90	2.24	4.99	6	squad	squad-2	6	bot-33
167770	bot-39	bravo	P00r-4410	state	-5.26	-9.54	180	0.55	0.00	14.23	11	seek	squad-2	5	bot-33
167854	bot-54	alpha	S00r-4420	tick	9.92	17.93	277	1.60	1.32	30.58	8	seek	squad-1	3	bot-3
167920	bot-18	bravo	S00r-3320	tick	-6.78	0.30	226	0.25	0.05	20.45	4	seek	squad-2	1	bot-33
167920	bot-57	alpha	P00r-4410	tick	-7.94	23.54	0	0.00	0.01		0		squad-1	5	bot-3
167937	bot-55	alpha	S00r-4410	tick	11.44	18.20	265	2.40	2.25	33.00	8	seek	squad-1	4	bot-3
167937	bot-56	alpha	S00m-4420	tick	15.87	18.32	271	2.54	2.19	35.82	9	seek	squad-1	7	bot-3
168020	bot-51	bravo	E00m-3229	tick	-23.93	20.37	79	5.80	4.35	0.56	1	flee	squad-2	7	bot-33
168103	bot-51	bravo	E00m-3220	latches	-24.20	20.46	79	0.00	0.29		0		squad-2	7	bot-33
168187	bot-50	alpha	S00r-4420	tick	7.20	17.91	267	2.31	2.02	26.69	6	seek	squad-1	2	bot-3
168220	bot-47	bravo	S00r-4410	tick	-12.01	1.26	224	2.41	2.06	8.60	5	seek	squad-2	4	bot-33
168303	bot-46	bravo	S00r-4420	tick	-17.12	-2.91	213	2.48	1.76	7.84	1	seek	squad-2	3	bot-33
168370	bot-52	alpha	S00m-4420	tick	17.92	17.85	271	1.97	1.98	40.87	9	seek	squad-1	6	bot-3
168403	bot-49	alpha	S00r-4320	tick	2.51	18.02	275	2.15	2.28	23.54	7	seek	squad-1	1	bot-3
168436	bot-57	alpha	S00r-4310	state+health	-7.94	23.54	0	0.00	0.00		0		squad-1	5	bot-3
168453	bot-3	alpha	P21r-4200	tier+score	-13.89	20.55	239	0.07	0.00		0		squad-1	0	bot-3
168453	bot-49	alpha	S21r-4320	tier+score	2.40	18.02	275	2.15	0.11	23.44	7	seek	squad-1	1	bot-3
168453	bot-50	alpha	S21r-4420	tier+score	6.62	17.92	267	2.20	0.58	26.11	6	seek	squad-1	2	bot-3
168586	bot-57	alpha	E00r-4210	state+health	-7.98	23.17	321	2.47	0.37		0		squad-1	5	bot-3
168603	bot-3	alpha	C32r-4200	state+tier+score	-13.89	20.55	270	0.00	0.00		0		squad-1	0	bot-3
168603	bot-49	alpha	S32r-4320	tier+score	2.08	18.03	275	2.26	0.33	23.11	7	seek	squad-1	1	bot-3
168603	bot-50	alpha	S32r-4420	tier+score	6.28	17.93	267	2.29	0.34	25.77	6	seek	squad-1	2	bot-3
168603	bot-57	alpha	E00r-4219	latches	-7.89	23.02	313	5.26	0.18	5.77	1	flee	squad-1	5	bot-3
168620	bot-3	alpha	C32r-4202	latches	-13.89	20.55	270	0.00	0.00		0		squad-1	0	bot-3
168620	bot-51	bravo	H00m-3220	state	-24.26	20.53	81	0.00	0.09		0		squad-2	7	bot-33
168620	bot-51	bravo	H00m-3320	health	-24.26	20.53	85	0.00	0.00		0		squad-2	7	bot-33
168653	bot-43	bravo	S00r-3410	tick	-8.53	7.17	56	2.27	2.44	32.72	6	seek	squad-2	2	bot-33
168653	bot-45	bravo	A00m-4420	state	-10.69	6.17	5	0.98	1.62	6.03	5	squad	squad-2	6	bot-33
168653	bot-49	alpha	C32r-4320	state	2.00	18.03	275	2.31	0.08	23.04	7	seek	squad-1	1	bot-3
168670	bot-45	bravo	A00m-442G	latches	-10.69	6.17	9	0.00	0.00		0		squad-2	6	bot-33
168670	bot-49	alpha	C32r-432I	latches	2.15	18.07	275	4.63	0.15	3.54	1	cover	squad-1	1	bot-3
168686	bot-33	bravo	P00r-3420	tick	-13.60	1.49	227	1.81	2.04	25.01	7	patrolReentry	squad-2	0	bot-33
168720	bot-54	alpha	S32r-4420	tier+score	8.28	17.96	277	2.23	1.64	28.95	8	seek	squad-1	3	bot-3
168786	bot-39	bravo	P00r-4410	tick	-5.26	-9.52	176	0.00	0.02		0		squad-2	5	bot-33
168886	bot-49	alpha	C00r-432I	tier+score	3.13	18.36	331	4.83	1.02	2.52	1	cover	squad-1	1	bot-3
168886	bot-50	alpha	S00r-4420	tier+score	5.59	17.94	267	2.48	0.70	25.08	6	seek	squad-1	2	bot-3
168886	bot-54	alpha	S00r-4420	tier+score	7.89	18.01	277	2.41	0.39	28.56	8	seek	squad-1	3	bot-3
168903	bot-45	bravo	S00m-4420	state+latches	-10.66	6.14	9	0.05	0.04		0		squad-2	6	bot-33
168903	bot-49	alpha	C00r-4322	latches	3.21	18.38	335	4.76	0.08	2.44	1	cover	squad-1	1	bot-3
168936	bot-18	bravo	S00r-3320	tick	-6.78	0.30	226	0.19	0.00	20.45	4	seek	squad-2	1	bot-33
168953	bot-55	alpha	S00r-4410	tick	9.50	17.91	267	1.82	1.97	31.04	7	seek	squad-1	4	bot-3
168953	bot-56	alpha	S00m-4420	tick	13.57	18.11	272	2.25	2.31	33.53	8	seek	squad-1	7	bot-3
169170	bot-51	bravo	H00m-332G	latches	-24.26	20.53	47	0.00	0.00		0		squad-2	7	bot-33
169170	bot-57	alpha	E00r-421P	latches	-6.40	20.52	270	5.25	2.91	2.86	1	flee	squad-1	5	bot-3
169236	bot-47	bravo	S00r-4410	tick	-13.38	0.69	212	1.42	1.49	7.26	4	seek	squad-2	4	bot-33
169253	bot-45	bravo	A00m-4420	state	-10.22	6.53	56	2.41	0.60	17.15	6	seek	squad-2	6	bot-33
169270	bot-45	bravo	A00m-442G	latches	-10.21	6.53	53	0.10	0.00		0		squad-2	6	bot-33
169303	bot-51	bravo	A00m-332G	state	-24.26	20.53	41	0.00	0.00		0		squad-2	7	bot-33
169320	bot-46	bravo	S00r-4420	tick	-18.48	-4.96	213	2.55	2.47	5.38	1	seek	squad-2	3	bot-33
169320	bot-57	alpha	E00r-4219	latches	-5.99	19.83	265	5.29	0.80	2.07	1	flee	squad-1	5	bot-3
169370	bot-52	alpha	S00m-4420	tick	15.68	17.92	271	2.40	2.24	38.64	9	seek	squad-1	6	bot-3
169403	bot-45	bravo	A00m-4420	latches	-10.21	6.53	49	0.00	0.00		0		squad-2	6	bot-33
169403	bot-51	bravo	S00m-3320	state+latches	-24.27	20.54	41	0.09	0.01		0		squad-2	7	bot-33
169470	bot-49	alpha	G00r-4322	state	5.14	19.15	91	3.04	2.09	0.42	1	cover	squad-1	1	bot-3
169486	bot-43	bravo	C00r-3410	state	-7.24	8.56	68	2.33	1.90	31.00	6	seek	squad-2	2	bot-33
169503	bot-43	bravo	C00r-3412	latches	-7.10	8.58	60	4.27	0.14	7.66	3	cover	squad-2	2	bot-33
169620	bot-3	alpha	C32r-4202	tick	-13.89	20.55	270	0.07	0.00		0		squad-1	0	bot-3
169703	bot-33	bravo	P00r-3420	tick	-14.98	-0.09	185	2.57	2.10	23.07	7	patrolReentry	squad-2	0	bot-33
169736	bot-57	alpha	E00r-4210	latches	-5.09	18.30	186	0.00	1.78		0		squad-1	5	bot-3
169770	bot-3	alpha	C32r-4200	latches	-13.89	20.55	270	0.07	0.00		0		squad-1	0	bot-3
169786	bot-3	alpha	C32r-4202	latches	-13.89	20.55	270	0.00	0.00		0		squad-1	0	bot-3
169803	bot-39	bravo	P00r-4410	tick	-5.26	-9.52	176	0.00	0.00		0		squad-2	5	bot-33
169886	bot-50	alpha	S00r-4420	tick	3.23	17.95	273	2.17	2.36	22.72	6	seek	squad-1	2	bot-3
169886	bot-54	alpha	S00r-4420	tick	5.55	17.95	278	2.49	2.34	26.25	7	seek	squad-1	3	bot-3
169936	bot-18	bravo	S00r-3320	tick	-6.79	0.30	226	0.19	0.00	20.45	4	seek	squad-2	1	bot-33
169970	bot-43	bravo	A00r-3410	state+latches	-5.22	8.88	1	4.08	1.90	5.77	3	cover	squad-2	2	bot-33
169970	bot-55	alpha	S00r-4410	tick	7.29	17.92	265	2.34	2.21	28.84	7	seek	squad-1	4	bot-3
169970	bot-56	alpha	S00m-4420	tick	11.19	18.10	272	2.40	2.38	31.16	8	seek	squad-1	7	bot-3
170087	bot-50	alpha	S32r-4420	tier+score	2.79	17.97	266	2.18	0.44	22.29	6	seek	squad-1	2	bot-3
170087	bot-54	alpha	S32r-4420	tier+score	5.06	17.92	278	2.43	0.49	25.77	7	seek	squad-1	3	bot-3
170087	bot-55	alpha	S32r-4410	tier+score	7.03	17.92	265	2.09	0.26	28.58	7	seek	squad-1	4	bot-3
170103	bot-49	alpha	G32r-4322	tier+score	5.55	19.05	317	0.00	0.42		0		squad-1	1	bot-3
170136	bot-3	alpha	P32r-4200	state+latches	-13.89	20.55	270	0.00	0.00		0		squad-1	0	bot-3
170236	bot-47	bravo	S00r-4410	tick	-14.37	0.12	215	1.17	1.14	6.21	4	seek	squad-2	4	bot-33
170236	bot-57	alpha	H00r-4210	state	-5.09	18.30	181	0.00	0.00		0		squad-1	5	bot-3
170236	bot-57	alpha	H00r-4310	health	-5.09	18.30	184	0.00	0.00		0		squad-1	5	bot-3
170286	bot-43	bravo	C00r-3410	state	-5.22	8.88	1	0.00	0.00		0		squad-2	2	bot-33
170303	bot-43	bravo	C00r-3412	latches	-5.18	8.85	1	1.53	0.05	6.28	3	cover	squad-2	2	bot-33
170337	bot-46	bravo	S00r-4420	tick	-19.61	-6.66	213	1.84	2.04	3.34	1	seek	squad-2	3	bot-33
170372	bot-52	alpha	S00m-4420	tick	13.45	18.00	271	2.26	2.24	36.40	9	seek	squad-1	6	bot-3
170404	bot-45	bravo	A00m-4420	tick	-10.21	6.53	23	0.00	0.00		0		squad-2	6	bot-33
170404	bot-51	bravo	S00m-3320	tick	-23.88	19.73	87	1.37	0.89	17.45	7	seek	squad-2	7	bot-33
170420	bot-43	bravo	C00r-341I	latches	-5.04	8.74	3	1.51	0.18	6.13	3	cover	squad-2	2	bot-33
170420	bot-57	alpha	H00r-431G	latches	-5.10	18.31	222	0.00	0.00		0		squad-1	5	bot-3
170454	bot-57	alpha	H00r-4310	latches	-5.10	18.31	229	0.00	0.00		0		squad-1	5	bot-3
170520	bot-45	bravo	F00m-4420	state	-10.21	6.53	23	0.00	0.00		0		squad-2	6	bot-33
170520	bot-49	alpha	G33r-4322	score	5.35	19.27	231	0.41	0.30		0		squad-1	1	bot-3
170520	bot-50	alpha	S33r-4420	score	1.84	18.02	266	2.40	0.95	21.34	6	seek	squad-1	2	bot-3
170520	bot-54	alpha	S33r-4420	score	4.03	17.91	273	2.56	1.03	24.75	7	seek	squad-1	3	bot-3
170520	bot-55	alpha	S33r-4410	score	6.06	17.93	272	2.42	0.97	27.61	7	seek	squad-1	4	bot-3
170520	bot-56	alpha	S21m-4420	tier+score	10.10	17.99	271	1.71	1.09	30.07	8	seek	squad-1	7	bot-3
170520	bot-57	alpha	H00r-4210	health	-5.10	18.31	241	0.01	0.00		0		squad-1	5	bot-3
170536	bot-3	alpha	P33r-4200	score	-13.89	20.55	217	0.06	0.00		0		squad-1	0	bot-3
170536	bot-45	bravo	A00m-4420	state	-10.21	6.53	23	0.00	0.00		0		squad-2	6	bot-33
170570	bot-49	alpha	C33r-4322	state	5.28	19.36	224	0.18	0.11		0		squad-1	1	bot-3
170586	bot-3	alpha	C33r-4200	state	-13.89	20.55	210	0.06	0.00		0		squad-1	0	bot-3
170586	bot-49	alpha	G33r-4322	state	5.29	19.34	220	1.50	0.02	0.39	1	cover	squad-1	1	bot-3
170603	bot-3	alpha	C33r-4202	latches	-13.89	20.55	210	0.07	0.00		0		squad-1	0	bot-3
170670	bot-43	bravo	C00r-3412	latches	-4.35	8.24	63	3.77	0.85	5.40	3	cover	squad-2	2	bot-33
170670	bot-45	bravo	F00m-4420	state	-10.21	6.53	23	0.00	0.00		0		squad-2	6	bot-33
170670	bot-49	alpha	G44rm4322	tier+score+element	5.53	19.03	241	0.89	0.39		0		squad-1	1	bot-3
170670	bot-50	alpha	S44rm4420	tier+score+element	1.48	18.04	266	2.55	0.37	20.98	6	seek	squad-1	2	bot-3
170670	bot-54	alpha	S44rm4420	tier+score+element	3.68	17.93	273	2.31	0.36	24.40	7	seek	squad-1	3	bot-3
170670	bot-55	alpha	S44rm4410	tier+score+element	5.69	17.94	272	2.47	0.37	27.24	7	seek	squad-1	4	bot-3
170670	bot-56	alpha	S32m-4420	tier+score	9.87	17.94	272	1.60	0.24	29.84	8	seek	squad-1	7	bot-3
170670	bot-57	alpha	H00r-4110	health	-5.10	18.31	229	0.00	0.00		0		squad-1	5	bot-3
170686	bot-3	alpha	C34r-4202	score	-13.89	20.55	210	0.00	0.00		0		squad-1	0	bot-3
170686	bot-45	bravo	A00m-4420	state	-10.21	6.53	23	0.00	0.00		0		squad-2	6	bot-33
170686	bot-51	bravo	A00m-3320	state	-23.68	19.34	108	1.98	0.44	17.27	7	seek	squad-2	7	bot-33
170719	bot-33	bravo	P00r-3420	tick	-16.64	-2.11	243	2.54	2.61	20.67	5	patrolReentry	squad-2	0	bot-33
170753	bot-51	bravo	A00m-332G	latches	-23.68	19.34	94	0.00	0.00		0		squad-2	7	bot-33
170803	bot-39	bravo	P00r-4410	tick	-5.26	-9.52	176	0.00	0.00		0		squad-2	5	bot-33
170820	bot-45	bravo	F00m-4420	state	-10.21	6.53	23	0.00	0.00		0		squad-2	6	bot-33
170820	bot-45	bravo	F00m-3420	ammo	-10.21	6.53	23	0.00	0.00		0		squad-2	6	bot-33
170820	bot-49	alpha	G45rm4322	score	5.55	19.05	261	0.04	0.02		0		squad-1	1	bot-3
170820	bot-50	alpha	S45rm4420	score	1.21	17.85	266	2.28	0.33	20.70	5	seek	squad-1	2	bot-3
170820	bot-54	alpha	S45rm4420	score	3.34	17.95	273	2.20	0.34	24.06	7	seek	squad-1	3	bot-3
170820	bot-55	alpha	S45rm4410	score	5.31	17.95	272	2.49	0.37	26.87	7	seek	squad-1	4	bot-3
170820	bot-56	alpha	S33m-4420	score	9.62	17.92	272	1.78	0.25	29.59	8	seek	squad-1	7	bot-3
170820	bot-57	alpha	H00r-4010	health	-5.10	18.31	217	0.00	0.00		0		squad-1	5	bot-3
170836	bot-3	alpha	C35r-4202	score	-13.89	20.55	210	0.06	0.00		0		squad-1	0	bot-3
170836	bot-45	bravo	A00m-3420	state	-10.21	6.53	23	0.00	0.00		0		squad-2	6	bot-33
170953	bot-18	bravo	S00r-3320	tick	-6.79	0.30	226	0.19	0.00	20.45	4	seek	squad-2	1	bot-33
170970	bot-45	bravo	F00m-3420	state	-10.21	6.53	23	0.00	0.00		0		squad-2	6	bot-33
170970	bot-45	bravo	P00m-3420	state	-10.21	6.53	23	0.00	0.00		0		squad-2	6	bot-33
170970	bot-57	alpha	D00r--000	state+ammo+packs	-5.10	18.31	207	0.00	0.00		0		squad-1	5	bot-3
170970	bot-49	alpha	G47rm4322	score	5.55	19.05	249	0.00	0.01		0		squad-1	1	bot-3
170970	bot-50	alpha	S47rm4420	score	0.98	17.61	267	2.17	0.33	20.45	5	seek	squad-1	2	bot-3
170970	bot-51	bravo	P00m-3320	state+latches	-23.68	19.34	94	0.00	0.00		0		squad-2	7	bot-33
170970	bot-54	alpha	S47rm4420	score	3.01	17.96	277	2.15	0.32	23.74	7	seek	squad-1	3	bot-3
170970	bot-55	alpha	S47rm4410	score	4.95	17.91	267	2.41	0.36	26.51	7	seek	squad-1	4	bot-3
170970	bot-56	alpha	S45mm4420	tier+score+element	9.35	17.91	272	1.87	0.27	29.32	8	seek	squad-1	7	bot-3
170986	bot-26	bravo	D00r--000	tick	-17.48	-7.43	6	0.00	0.00	6.36	0		squad-2	-1	bot-33
170986	bot-3	alpha	P37r-4200	state+score+latches	-13.89	20.55	210	0.06	0.00		0		squad-1	0	bot-3
171053	bot-56	alpha	S46mm4420	score	9.19	17.92	272	1.94	0.16	29.16	8	seek	squad-1	6	bot-3
171086	bot-56	alpha	S47mm4420	score	9.12	17.92	272	1.95	0.06	29.09	8	seek	squad-1	6	bot-3
171236	bot-47	bravo	S00r-4410	tick	-15.13	-0.89	213	1.48	1.27	4.94	3	seek	squad-2	4	bot-33
171236	bot-52	alpha	S45mm4420	tier+score+element	11.41	18.04	270	2.51	2.04	34.36	8	seek	squad-1	5	bot-3
171353	bot-46	bravo	S00r-4420	tick	-20.78	-8.44	213	1.16	2.13	1.21	1	seek	squad-2	3	bot-33
171370	bot-51	bravo	S00m-3320	state	-23.37	18.75	138	2.39	0.66	22.33	8	squad	squad-2	7	bot-33
171386	bot-3	alpha	C37r-4200	state	-13.89	20.55	182	0.06	0.00		0		squad-1	0	bot-3
171403	bot-3	alpha	C37r-4202	latches	-13.89	20.55	182	0.06	0.00		0		squad-1	0	bot-3
171403	bot-50	alpha	C47rb4420	state+element	0.37	17.03	224	1.92	0.84	19.83	5	seek	squad-1	2	bot-3
171420	bot-50	alpha	C47rb4422	latches	0.25	16.96	224	4.19	0.14	1.93	1	cover	squad-1	2	bot-3
171436	bot-3	alpha	C36r-4202	score	-13.89	20.55	182	0.06	0.00		0		squad-1	0	bot-3
171436	bot-49	alpha	G46rm4322	score	5.55	19.05	213	0.00	0.00		0		squad-1	1	bot-3
171436	bot-50	alpha	C46rb4422	score	0.19	16.93	224	4.16	0.07	1.86	1	cover	squad-1	2	bot-3
171436	bot-54	alpha	S46rm4420	score	2.00	18.01	279	2.30	1.01	22.73	7	seek	squad-1	3	bot-3
171436	bot-55	alpha	S46rm4410	score	3.84	17.93	265	2.41	1.11	25.41	7	seek	squad-1	4	bot-3
171436	bot-56	alpha	S46mm4420	score	8.41	17.92	272	2.18	0.71	28.39	8	seek	squad-1	6	bot-3
171570	bot-50	alpha	C46rb442I	latches	-0.29	16.68	228	3.83	0.54	1.32	1	cover	squad-1	2	bot-3
171586	bot-3	alpha	C35r-4202	score	-13.89	20.55	182	0.00	0.00		0		squad-1	0	bot-3
171586	bot-49	alpha	G45rm4322	score	5.55	19.05	201	0.00	0.00		0		squad-1	1	bot-3
171586	bot-50	alpha	C45rb442I	score	-0.35	16.66	232	3.96	0.07	1.25	1	cover	squad-1	2	bot-3
171586	bot-54	alpha	S45rm4420	score	1.64	18.03	279	2.57	0.36	22.37	7	seek	squad-1	3	bot-3
171586	bot-55	alpha	S45rm4410	score	3.50	17.96	264	2.28	0.35	25.07	7	seek	squad-1	4	bot-3
171586	bot-56	alpha	S45mm4420	score	8.07	17.94	272	2.37	0.34	28.05	8	seek	squad-1	6	bot-3
171653	bot-33	bravo	S00r-3420	state	-17.64	-4.15	212	2.43	2.28	18.43	4	patrolReentry	squad-2	0	bot-33
171653	bot-45	bravo	S00m-3420	state	-10.96	5.40	244	2.41	1.36	14.37	3	squad	squad-2	6	bot-33
171686	bot-43	bravo	C00r-3412	tick	-2.23	6.73	124	4.12	2.60	3.53	3	cover	squad-2	2	bot-33
171720	bot-49	alpha	S45rm4320	state+latches	5.55	19.05	192	0.00	0.00		0		squad-1	1	bot-3
171753	bot-3	alpha	P35r-4200	state+latches	-13.89	20.55	182	0.06	0.00		0		squad-1	0	bot-3
171786	bot-50	alpha	G45rb442I	state	-1.08	16.26	240	4.92	0.82	0.43	1	cover	squad-1	2	bot-3
171819	bot-39	bravo	P00r-4410	tick	-5.26	-9.52	176	0.00	0.00		0		squad-2	5	bot-33
171819	bot-50	alpha	G45rb4422	latches	-1.42	16.07	230	0.00	0.40		0		squad-1	2	bot-3
171903	bot-58	alpha	P00r-0410	initial	-19.45	6.55	0	0.00			0			-1	
171920	bot-58	alpha	P32r-4410	tier+score+ammo	-19.45	6.55	0	0.00	0.00		0		squad-17	0	bot-58
171936	bot-58	alpha	A32r-4410	state	-19.45	6.55	3	0.05	0.00		0		squad-17	0	bot-58
171953	bot-18	bravo	S00r-3320	tick	-6.78	0.30	226	0.18	0.00	20.45	4	seek	squad-2	1	bot-33
172020	bot-49	alpha	C45rm4320	state	5.03	18.91	239	2.57	0.54	21.01	7	seek	squad-1	1	bot-3
172036	bot-49	alpha	C45rm4322	latches	5.07	18.93	230	1.73	0.05	0.49	1	cover	squad-1	1	bot-3
172086	bot-49	alpha	G45rm4322	state	5.15	18.94	222	2.45	0.08	0.41	1	cover	squad-1	1	bot-3
172170	bot-50	alpha	S45rb4424	state+latches	-1.45	16.05	229	0.00	0.03		0		squad-1	2	bot-3
172187	bot-3	alpha	C35r-4200	state	-13.89	20.55	195	0.06	0.00		0		squad-1	0	bot-3
172187	bot-50	alpha	S45rm4424	element	-1.45	16.05	232	0.00	0.00		0		squad-1	2	bot-3
172187	bot-58	alpha	C32r-4410	state	-19.45	6.55	344	0.00	0.00		0		squad-1	5	bot-3
172203	bot-3	alpha	C35r-4202	latches	-13.89	20.55	195	0.06	0.00		0		squad-1	0	bot-3
172203	bot-50	alpha	C45rm4420	state+latches	-1.45	16.05	232	0.00	0.00		0		squad-1	2	bot-3
172203	bot-58	alpha	C32r-4412	latches	-19.44	6.59	344	1.36	0.04	8.34	1	cover	squad-1	5	bot-3
172220	bot-50	alpha	G45rb4422	state+element+latches	-1.45	16.05	232	0.00	0.00		0		squad-1	2	bot-3
172253	bot-47	bravo	S00r-4410	tick	-16.38	-1.83	207	1.39	1.56	3.49	2	seek	squad-2	4	bot-33
172253	bot-52	alpha	S45mm4420	tick	9.44	17.91	271	1.77	1.97	32.40	8	seek	squad-1	6	bot-3
172370	bot-46	bravo	S00r-4420	tick	-21.49	-9.42	221	1.33	1.21	0.70	1	seek	squad-2	3	bot-33
172370	bot-51	bravo	S00m-3320	tick	-22.24	16.61	84	2.40	2.42	17.40	6	seek	squad-2	7	bot-33
172387	bot-45	bravo	A00m-3420	state	-9.68	6.58	44	2.34	1.74	12.62	3	seek	squad-2	6	bot-33
172404	bot-45	bravo	A00m-342G	latches	-9.68	6.58	44	0.07	0.00		0		squad-2	6	bot-33
172486	bot-49	alpha	S45rm4320	state+latches	5.54	19.04	249	0.16	0.40		0		squad-1	1	bot-3
172505	bot-58	alpha	C37r-4412	score	-19.22	7.29	343	4.60	0.74	7.60	1	cover	squad-1	5	bot-3
172553	bot-52	alpha	A45mb4420	state+element	8.89	17.91	271	1.99	0.55	31.85	8	seek	squad-1	6	bot-3
172587	bot-50	alpha	S45rb4424	state+latches	-1.45	16.05	261	0.00	0.00		0		squad-1	2	bot-3
172587	bot-54	alpha	S45rm4420	tick	0.08	16.74	224	1.74	2.02	21.09	6	seek	squad-1	3	bot-3
172587	bot-55	alpha	S45rm4410	tick	1.30	17.97	257	2.28	2.20	22.87	5	seek	squad-1	4	bot-3
172587	bot-56	alpha	S45mm4420	tick	5.76	17.94	271	2.47	2.32	25.73	7	seek	squad-1	7	bot-3
172603	bot-50	alpha	S45rm4424	element	-1.45	16.05	264	0.00	0.00		0		squad-1	2	bot-3
172619	bot-51	bravo	A00m-3320	state	-21.99	16.11	82	2.40	0.56	17.21	6	seek	squad-2	7	bot-33
172619	bot-52	alpha	A45mm442G	element+latches	8.89	17.90	267	0.10	0.01		0		squad-1	6	bot-3
172636	bot-51	bravo	A00m-332G	latches	-21.99	16.11	85	0.00	0.00		0		squad-2	7	bot-33
172653	bot-45	bravo	A00m-3420	latches	-9.68	6.58	44	0.00	0.00		0		squad-2	6	bot-33
172670	bot-33	bravo	S00r-3420	tick	-16.52	-2.70	24	1.04	1.83	24.42	6	seek	squad-2	0	bot-33
172670	bot-43	bravo	G00r-3412	state	0.87	7.69	27	3.53	3.24	0.41	1	cover	squad-2	2	bot-33
172670	bot-54	alpha	C45rm4420	state	-0.00	16.66	224	1.80	0.12	21.03	6	seek	squad-1	3	bot-3
172686	bot-51	bravo	C00m-3320	state+latches	-21.99	16.11	85	0.00	0.00		0		squad-2	7	bot-33
172686	bot-54	alpha	C45rm4422	latches	-0.13	16.60	224	4.32	0.14	1.43	1	cover	squad-1	3	bot-3
172703	bot-51	bravo	C00m-3322	latches	-22.00	16.16	92	1.47	0.05	5.74	1	cover	squad-2	7	bot-33
172770	bot-39	bravo	S00r-4410	state	-5.26	-9.52	176	0.00	0.00		0		squad-2	5	bot-33
172770	bot-45	bravo	A00m-342G	latches	-9.68	6.58	43	0.00	0.00		0		squad-2	6	bot-33
172770	bot-54	alpha	C45rm442I	latches	-0.49	16.47	227	4.69	0.38	1.05	1	cover	squad-1	3	bot-3
172837	bot-49	alpha	C45rm4320	state	4.89	19.11	231	3.53	0.65	20.53	3	seek	squad-1	1	bot-3
172853	bot-49	alpha	C45rm4322	latches	4.94	19.10	222	1.73	0.05	0.61	1	cover	squad-1	1	bot-3
172853	bot-52	alpha	S45mm4424	state+latches	8.89	17.89	267	0.00	0.00		0		squad-1	6	bot-3
172853	bot-58	alpha	P37r-4410	state+latches	-18.77	8.74	337	4.12	1.51	6.09	1	muzzleRecovery	squad-1	5	bot-3
172870	bot-58	alpha	A37r-4410	state	-18.71	8.70	341	0.00	0.07	6.11	0	muzzleRecovery	squad-1	5	bot-3
172887	bot-43	bravo	A00r-3410	state+latches	1.05	8.04	342	0.17	0.40		0		squad-2	2	bot-33
172904	bot-46	bravo	P00r-4420	state	-21.59	-9.74	179	0.90	0.33	0.67	1	seek	squad-2	3	bot-33
172937	bot-43	bravo	A00r-341G	latches	1.04	8.04	331	0.01	0.00		0		squad-2	2	bot-33
172954	bot-18	bravo	S00r-3320	tick	-6.78	0.30	226	0.19	0.00	20.45	4	seek	squad-2	1	bot-33
172954	bot-49	alpha	G45rm4322	state	5.12	19.14	200	2.34	0.18	0.44	1	cover	squad-1	1	bot-3
172954	bot-58	alpha	F37r-4410	state	-18.71	8.70	336	0.00	0.00		0		squad-1	5	bot-3
172970	bot-51	bravo	C10m-3322	tier	-22.20	16.72	151	4.56	0.60	5.14	1	cover	squad-2	7	bot-33
172970	bot-58	alpha	A37r-4410	state	-18.71	8.70	336	0.00	0.00		0		squad-1	5	bot-3
172987	bot-58	alpha	C37r-4410	state	-18.71	8.70	336	0.00	0.00		0		squad-1	5	bot-3
173004	bot-45	bravo	S00m-3420	state+latches	-9.68	6.58	43	0.00	0.00		0		squad-2	6	bot-33
173004	bot-50	alpha	C45rm4420	state+latches	-1.46	16.05	259	0.00	0.01		0		squad-1	2	bot-3
173004	bot-54	alpha	C45rm4422	latches	-0.78	16.36	245	0.00	0.31		0		squad-1	3	bot-3
173004	bot-58	alpha	C37r-4412	latches	-18.70	8.75	336	1.43	0.05	5.85	1	cover	squad-1	5	bot-3
173021	bot-50	alpha	C45rb4422	element+latches	-1.49	16.02	252	1.30	0.04	5.88	5	cover	squad-1	2	bot-3
173087	bot-58	alpha	P37r-4410	state+latches	-18.69	8.84	336	1.33	0.10	5.75	1	muzzleRecovery	squad-1	5	bot-3
173104	bot-52	alpha	S45mm4420	latches	8.87	17.89	311	1.09	0.02	33.44	6	seek	squad-1	6	bot-3
173155	bot-51	bravo	A10m-3320	state+latches	-22.46	17.44	156	4.56	0.76	4.37	1	cover	squad-2	7	bot-33
173171	bot-49	alpha	G45rb4322	element	5.55	19.05	249	0.00	0.44		0		squad-1	1	bot-3
173171	bot-50	alpha	C45rm4422	element	-1.61	15.89	221	0.96	0.18	5.95	5	cover	squad-1	2	bot-3
173171	bot-54	alpha	C45rb4422	element	-1.01	16.28	253	0.00	0.24		0		squad-1	3	bot-3
173188	bot-43	bravo	S00r-3410	state+latches	1.04	8.04	331	0.00	0.00		0		squad-2	2	bot-33
173205	bot-3	alpha	C35r-4202	tick	-13.89	20.55	195	0.00	0.00		0		squad-1	0	bot-3
173255	bot-47	bravo	S00r-4410	tick	-17.44	-2.70	205	1.37	1.37	2.31	1	seek	squad-2	4	bot-33
173339	bot-49	alpha	S45rb4324	state+latches	5.54	19.03	250	0.24	0.02		0		squad-1	1	bot-3
173355	bot-49	alpha	S45rm4324	element	5.53	19.03	247	0.12	0.00		0		squad-1	1	bot-3
173372	bot-50	alpha	A45rm4420	state+latches	-1.85	15.56	203	2.78	0.41	6.09	5	cover	squad-1	2	bot-3
173405	bot-58	alpha	A37r-4410	state	-18.28	8.96	42	0.00	0.42	5.60	0	muzzleRecovery	squad-1	5	bot-3
173422	bot-55	alpha	C45rm4410	state	0.16	16.76	267	1.34	1.66	21.65	5	seek	squad-1	4	bot-3
173439	bot-55	alpha	C45rm4412	latches	0.27	16.88	258	4.79	0.16	5.71	2	cover	squad-1	4	bot-3
173455	bot-45	bravo	A00m-3420	state	-8.89	6.92	53	2.43	0.86	12.53	2	seek	squad-2	6	bot-33
173455	bot-55	alpha	C45rm441I	latches	0.33	16.94	262	4.79	0.08	5.63	2	cover	squad-1	4	bot-3
173472	bot-45	bravo	A00m-342G	latches	-8.89	6.92	49	0.00	0.00		0		squad-2	6	bot-33
173472	bot-50	alpha	A45rm442G	latches	-1.84	15.56	198	0.77	0.01		0		squad-1	2	bot-3
173522	bot-3	alpha	C34r-4202	score	-13.89	20.55	195	0.00	0.00		0		squad-1	0	bot-3
173522	bot-49	alpha	S44rm4324	score	5.53	19.03	234	0.00	0.00		0		squad-1	1	bot-3
173522	bot-50	alpha	A44rm442G	score	-1.83	15.56	198	0.01	0.00		0		squad-1	2	bot-3
173522	bot-52	alpha	S44mm4420	score	8.19	17.89	265	2.28	0.69	32.76	6	seek	squad-1	6	bot-3
173522	bot-54	alpha	C44rb4422	score	-1.02	16.31	253	0.00	0.03		0		squad-1	3	bot-3
173522	bot-55	alpha	C44rm441I	score	0.51	17.20	280	4.76	0.32	5.37	2	cover	squad-1	4	bot-3
173522	bot-56	alpha	S44mm4420	score	3.52	17.94	273	2.29	2.24	23.50	7	seek	squad-1	7	bot-3
173522	bot-58	alpha	A36r-4410	score	-18.28	8.96	14	0.00	0.00		0		squad-1	5	bot-3
173589	bot-54	alpha	G44rb4422	state	-1.10	16.28	248	4.77	0.08	0.42	1	cover	squad-1	3	bot-3
173623	bot-51	bravo	F10m-3320	state	-22.46	17.44	154	0.00	0.00		0		squad-2	7	bot-33
173623	bot-58	alpha	A37r-4310	score+health	-18.28	8.96	354	0.00	0.00		0		squad-1	5	bot-3
173639	bot-3	alpha	C35r-4202	score	-13.89	20.55	195	0.06	0.00		0		squad-1	0	bot-3
173639	bot-50	alpha	A45rm442G	score	-1.83	15.56	198	0.00	0.00		0		squad-1	2	bot-3
173639	bot-51	bravo	A10m-3320	state	-22.46	17.44	154	0.00	0.00		0		squad-2	7	bot-33
173673	bot-3	alpha	C34r-4202	score	-13.89	20.55	195	0.06	0.00		0		squad-1	0	bot-3
173673	bot-33	bravo	S00r-3420	tick	-16.11	-1.64	29	1.37	1.14	23.29	5	seek	squad-2	0	bot-33
173673	bot-49	alpha	S33r-4324	tier+score+element	5.53	19.03	223	0.00	0.00		0		squad-1	1	bot-3
173673	bot-50	alpha	A44rm442G	score	-1.83	15.56	198	0.00	0.00		0		squad-1	2	bot-3
173673	bot-52	alpha	S33m-4420	tier+score+element	7.83	17.89	265	2.19	0.35	32.41	6	seek	squad-1	6	bot-3
173673	bot-54	alpha	G33r-4422	tier+score+element	-1.46	16.05	242	1.49	0.43		0		squad-1	3	bot-3
173673	bot-55	alpha	C33r-441I	tier+score+element	0.90	17.82	318	4.68	0.73	4.81	2	cover	squad-1	4	bot-3
173673	bot-56	alpha	S33m-4420	tier+score+element	3.19	17.96	273	2.12	0.33	23.17	7	seek	squad-1	7	bot-3
173673	bot-58	alpha	A36r-4310	score	-18.28	8.96	343	0.00	0.00		0		squad-1	5	bot-3
173689	bot-54	alpha	C33r-4420	state+latches	-1.46	16.05	242	1.49	0.00		0		squad-1	3	bot-3
173689	bot-55	alpha	C33r-4412	latches	0.97	17.84	323	4.70	0.08	4.73	1	cover	squad-1	4	bot-3
173706	bot-45	bravo	S00m-3420	state+latches	-8.89	6.92	49	0.21	0.00		0		squad-2	6	bot-33
173706	bot-50	alpha	S44rm4420	state+latches	-1.83	15.56	198	0.00	0.00		0		squad-1	2	bot-3
173706	bot-54	alpha	G33r-4422	state+latches	-1.48	16.06	242	0.82	0.01		0		squad-1	3	bot-3
173740	bot-58	alpha	F36r-4310	state	-18.28	8.96	334	0.00	0.00		0		squad-1	5	bot-3
173756	bot-51	bravo	E10m-3220	state+health	-22.46	17.44	154	0.00	0.00		0		squad-2	7	bot-33
173756	bot-58	alpha	A36r-4310	state	-18.28	8.96	334	0.00	0.00		0		squad-1	5	bot-3
173773	bot-39	bravo	S00r-4410	tick	-5.26	-9.52	20	0.00	0.00		0		squad-2	5	bot-33
173773	bot-51	bravo	E10m-3229	latches	-22.48	17.49	154	1.64	0.05	4.32	1	flee	squad-2	7	bot-33
173773	bot-58	alpha	E37r-4210	state+score+health	-18.28	8.96	334	0.00	0.00		0		squad-1	5	bot-3
173790	bot-3	alpha	C35r-4202	score	-13.89	20.55	195	0.00	0.00		0		squad-1	0	bot-3
173790	bot-50	alpha	S45rm4420	score	-1.86	15.49	195	0.82	0.08	18.03	4	seek	squad-1	2	bot-3
173790	bot-58	alpha	E37r-4219	latches	-18.26	9.01	334	1.65	0.06	6.63	3	flee	squad-1	5	bot-3
173808	bot-50	alpha	C45rm4420	state	-1.86	15.49	195	0.82	0.00	18.03	4	seek	squad-1	2	bot-3
173827	bot-3	alpha	C34r-4202	score	-13.89	20.55	195	0.00	0.00		0		squad-1	0	bot-3
173827	bot-49	alpha	S32r-4324	score	5.53	19.03	211	0.00	0.00		0		squad-1	1	bot-3
173827	bot-50	alpha	C44rm4422	score+latches	-1.81	15.51	187	1.41	0.05	7.87	5	cover	squad-1	2	bot-3
173827	bot-52	alpha	S32m-4420	score	7.46	17.90	265	2.38	0.37	32.04	6	seek	squad-1	6	bot-3
173827	bot-54	alpha	G32r-4422	score	-1.45	16.05	230	0.01	0.03		0		squad-1	3	bot-3
173827	bot-55	alpha	C32r-4412	score	1.57	18.02	358	4.57	0.62	4.11	1	cover	squad-1	4	bot-3
173827	bot-56	alpha	S32m-4420	score	2.86	17.98	273	2.08	0.33	22.83	7	seek	squad-1	7	bot-3
173827	bot-58	alpha	E36r-4219	score	-18.24	9.06	333	1.59	0.06	6.58	3	flee	squad-1	5	bot-3
173840	bot-49	alpha	S32r-4320	latches	5.51	19.02	213	1.46	0.02	20.65	3	seek	squad-1	1	bot-3
173882	bot-51	bravo	E10m-3129	health	-22.54	17.65	153	1.64	0.18	4.14	1	flee	squad-2	7	bot-33
173908	bot-46	bravo	P00r-4420	tick	-20.78	-7.85	61	2.47	2.05	11.46	5	squad	squad-2	3	bot-33
173927	bot-51	bravo	E10m-2129	ammo	-22.57	17.72	153	1.64	0.07	4.07	1	flee	squad-2	7	bot-33
173927	bot-58	alpha	E37r-4119	score+health	-18.18	9.21	333	1.59	0.16	6.43	3	flee	squad-1	5	bot-3
173942	bot-3	alpha	C35r-4202	score	-13.89	20.55	195	0.02	0.00		0		squad-1	0	bot-3
173942	bot-50	alpha	C45rm4422	score	-1.66	15.53	162	2.55	0.15	7.73	5	cover	squad-1	2	bot-3
173959	bot-18	bravo	S00r-3320	tick	-6.79	0.30	226	0.21	0.00	20.45	4	seek	squad-2	1	bot-33
173990	bot-51	bravo	E10m-2029	health	-22.62	17.88	152	5.07	0.16	3.91	1	flee	squad-2	7	bot-33
174057	bot-33	bravo	A00r-3420	state	-15.91	-1.51	83	0.23	0.24	23.09	5	seek	squad-2	0	bot-33
174057	bot-45	bravo	A00m-3420	state	-8.34	7.13	58	2.29	0.58	14.02	3	seek	squad-2	6	bot-33
174074	bot-43	bravo	A00r-3410	state	-0.01	6.79	275	2.25	1.64	19.03	5	seek	squad-2	2	bot-33
174074	bot-50	alpha	C33r-4422	tier+score+element	-1.46	15.46	162	1.56	0.21	7.52	5	cover	squad-1	2	bot-3
174091	bot-58	alpha	E37r-3119	ammo	-17.96	9.76	331	5.02	0.59	5.87	3	flee	squad-1	5	bot-3
174108	bot-33	bravo	A00r-342G	latches	-15.93	-1.52	72	0.51	0.02		0		squad-2	0	bot-33
174141	bot-49	alpha	C32r-4320	state	5.02	18.90	232	3.30	0.51	20.19	3	seek	squad-1	1	bot-3
174158	bot-49	alpha	C32r-4322	latches	4.86	18.87	241	4.82	0.16	4.89	5	cover	squad-1	1	bot-3
174158	bot-58	alpha	E10r-3119	tier+score	-17.84	10.08	330	5.06	0.34	5.56	3	flee	squad-1	5	bot-3
174191	bot-55	alpha	S32r-4410	state+latches	2.80	19.00	72	4.73	1.58	2.75	1	cover	squad-1	4	bot-3
174208	bot-50	alpha	C32r-4422	score	-1.29	15.48	197	1.34	0.17	7.35	5	cover	squad-1	2	bot-3
174208	bot-58	alpha	P10r-3110	state+latches	-17.77	10.23	329	5.07	0.17		0		squad-1	5	bot-3
174208	bot-51	bravo	D00m--000	state+tier+ammo+packs+latches	-23.00	18.91	149	0.00	1.10	2.80	1	flee	squad-2	7	bot-33
174225	bot-29	bravo	D00m--000	tick	-0.76	12.48	315	0.00	0.00	8.07	0		squad-2	-1	bot-33
174225	bot-52	alpha	C32m-4420	state	6.61	17.91	265	2.20	0.85		0		squad-1	6	bot-3
174225	bot-58	alpha	E10r-3110	state	-17.74	10.31	329	5.07	0.09		0		squad-1	5	bot-3
174242	bot-52	alpha	S32m-4420	state	6.57	17.96	269	3.81	0.06	1.49	1	cover	squad-1	6	bot-3
174258	bot-47	bravo	S00r-4410	tick	-17.76	-4.01	191	1.29	1.35	0.95	1	seek	squad-2	4	bot-33
174342	bot-33	bravo	S00r-3420	state+latches	-15.96	-1.53	72	0.00	0.03		0		squad-2	0	bot-33
174342	bot-54	alpha	S32r-4420	state+latches	-1.45	16.05	191	0.00	0.00		0		squad-1	3	bot-3
174392	bot-50	alpha	A32r-4420	state+latches	-1.02	15.66	221	4.57	0.32	7.10	5	cover	squad-1	2	bot-3
174426	bot-54	alpha	S33r-4420	score	-1.59	16.03	212	2.11	0.14	10.98	2	seek	squad-1	3	bot-3
174492	bot-54	alpha	C33r-4420	state	-1.64	16.01	222	1.07	0.06	10.92	2	seek	squad-1	3	bot-3
174509	bot-54	alpha	C33r-4422	latches	-1.65	16.06	229	1.68	0.05	6.12	1	cover	squad-1	3	bot-3
174526	bot-45	bravo	A00m-342G	latches	-8.34	7.13	40	0.06	0.00		0		squad-2	6	bot-33
174526	bot-50	alpha	A32r-442G	latches	-1.10	15.73	220	0.94	0.11		0		squad-1	2	bot-3
174526	bot-55	alpha	C32r-4410	state	2.12	18.77	158	2.42	0.72	19.36	4	seek	squad-1	4	bot-3
174542	bot-55	alpha	C32r-4412	latches	2.25	18.85	149	4.62	0.15	3.31	1	cover	squad-1	4	bot-3
174609	bot-50	alpha	C32r-442G	state	-1.13	15.77	220	0.66	0.04		0		squad-1	2	bot-3
174609	bot-54	alpha	C32r-4422	score	-1.65	16.37	252	4.66	0.31	5.84	1	cover	squad-1	3	bot-3
174626	bot-50	alpha	G32r-442I	state+latches	-1.13	15.77	220	0.49	0.01		0		squad-1	2	bot-3
174677	bot-54	alpha	A32r-4420	state+latches	-1.62	16.60	265	4.64	0.24	5.62	1	cover	squad-1	3	bot-3
174677	bot-55	alpha	S32r-4410	state+latches	2.71	19.14	119	4.72	0.55	2.84	1	cover	squad-1	4	bot-3
174693	bot-54	alpha	A32r-442G	latches	-1.62	16.61	262	0.00	0.01		0		squad-1	3	bot-3
174743	bot-58	alpha	H10r-3110	state	-17.74	10.31	329	0.00	0.00		0		squad-1	5	bot-3
174743	bot-58	alpha	H10r-3210	health	-17.74	10.31	326	0.00	0.00		0		squad-1	5	bot-3
174760	bot-43	bravo	A00r-341G	latches	-0.00	6.78	281	0.00	0.01		0		squad-2	2	bot-33
174760	bot-45	bravo	S00m-3420	state+latches	-8.34	7.13	40	0.00	0.00		0		squad-2	6	bot-33
174760	bot-50	alpha	G32r-4422	latches	-1.45	16.05	208	0.00	0.42		0		squad-1	2	bot-3
174777	bot-39	bravo	S00r-4410	tick	-5.26	-9.52	333	0.00	0.00		0		squad-2	5	bot-33
174844	bot-56	alpha	S32m-4420	tick	0.82	17.38	231	1.99	2.13	20.84	6	seek	squad-1	7	bot-3
174877	bot-18	bravo	P00r-3320	state	-6.78	0.30	226	0.21	0.00	20.45	4	seek	squad-2	1	bot-33
174910	bot-46	bravo	P00r-4420	tick	-19.28	-5.86	29	2.55	2.49	9.66	10	squad	squad-2	3	bot-33
174927	bot-54	alpha	S32r-4420	state+latches	-1.61	16.64	262	0.08	0.03		0		squad-1	3	bot-3
174944	bot-3	alpha	C35r-4202	tick	-13.89	20.55	195	0.00	0.00		0		squad-1	0	bot-3
174994	bot-43	bravo	S00r-3410	state+latches	-0.00	6.77	281	0.00	0.00		0		squad-2	2	bot-33
174994	bot-50	alpha	S32r-4420	state+latches	-1.45	16.05	225	0.00	0.00		0		squad-1	2	bot-3
175044	bot-3	alpha	P35r-4200	state+latches	-13.89	20.55	195	0.00	0.00		0		squad-1	0	bot-3
175161	bot-49	alpha	C32r-4322	tick	1.98	17.89	319	4.59	3.04	3.75	1	cover	squad-1	1	bot-3
175178	bot-50	alpha	S33r-4420	score	-1.51	15.88	211	0.73	0.18	12.60	3	seek	squad-1	2	bot-3
175195	bot-3	alpha	C35r-4200	state	-13.89	20.55	179	0.06	0.00		0		squad-1	0	bot-3
175212	bot-3	alpha	C35r-4202	latches	-13.89	20.55	179	0.07	0.00		0		squad-1	0	bot-3
175245	bot-52	alpha	S32m-4420	tick	4.11	18.00	232	2.41	2.46	19.23	3	seek	squad-1	6	bot-3
175262	bot-33	bravo	A00r-3420	state	-15.79	-1.41	38	0.05	0.21	22.67	5	seek	squad-2	0	bot-33
175262	bot-47	bravo	S00r-4410	tick	-18.16	-5.23	231	1.41	1.28	0.36	1	seek	squad-2	4	bot-33
175279	bot-33	bravo	A00r-342G	latches	-15.80	-1.41	41	0.33	0.01		0		squad-2	0	bot-33
175329	bot-54	alpha	S33r-4420	score	-1.71	16.39	203	0.66	0.27	14.52	3	seek	squad-1	3	bot-3
175329	bot-55	alpha	C32r-4410	state	1.32	18.62	219	2.20	1.48	18.03	4	seek	squad-1	4	bot-3
175345	bot-55	alpha	C32r-4412	latches	1.23	18.51	220	4.18	0.14	5.28	4	cover	squad-1	4	bot-3
175362	bot-50	alpha	S45rm4420	tier+score+element	-1.60	15.67	211	1.46	0.22	12.38	3	seek	squad-1	2	bot-3
175379	bot-50	alpha	A45rb4420	state+element	-1.60	15.67	211	1.46	0.00	12.38	3	seek	squad-1	2	bot-3
175379	bot-56	alpha	A32m-4420	state	0.07	16.71	277	1.77	1.01	20.16	6	seek	squad-1	7	bot-3
175396	bot-50	alpha	A45rm442G	element+latches	-1.60	15.67	207	0.00	0.00		0		squad-1	2	bot-3
175396	bot-54	alpha	A33r-4420	state	-1.74	16.36	203	0.91	0.04	14.48	3	seek	squad-1	3	bot-3
175396	bot-56	alpha	A32m-442G	latches	0.07	16.71	273	0.00	0.00		0		squad-1	7	bot-3
175412	bot-50	alpha	C45rm442G	state	-1.60	15.67	207	0.00	0.00		0		squad-1	2	bot-3
175412	bot-54	alpha	A33r-442G	latches	-1.74	16.36	202	0.00	0.00		0		squad-1	3	bot-3
175429	bot-50	alpha	C33r-442I	tier+score+element+latches	-1.56	15.67	200	1.20	0.04	7.63	5	cover	squad-1	2	bot-3
175513	bot-33	bravo	S00r-3420	state+latches	-15.82	-1.42	41	0.00	0.03		0		squad-2	0	bot-33
175529	bot-54	alpha	A32r-442G	score	-1.67	16.36	202	0.89	0.07		0		squad-1	3	bot-3
175563	bot-3	alpha	P35r-4200	state+latches	-13.89	20.55	179	0.06	0.00		0		squad-1	0	bot-3
175580	bot-58	alpha	H00r-3210	tier	-17.74	10.31	0	0.00	0.00		0		squad-1	5	bot-3
175630	bot-50	alpha	C33r-4422	latches	-1.46	15.75	159	0.48	0.12	7.54	5	cover	squad-1	2	bot-3
175630	bot-56	alpha	S32m-4420	state+latches	0.06	16.74	273	0.03	0.03		0		squad-1	7	bot-3
175646	bot-54	alpha	S32r-4420	state+latches	-1.63	16.37	202	0.00	0.04		0		squad-1	3	bot-3
175663	bot-50	alpha	C32r-4422	score	-1.40	15.78	150	2.21	0.07	7.49	5	cover	squad-1	2	bot-3
175697	bot-55	alpha	S32r-4410	state+latches	0.24	17.56	240	4.41	1.38	5.18	4	cover	squad-1	4	bot-3
175747	bot-45	bravo	A00m-3420	state	-6.60	8.01	50	2.21	1.95	10.07	2	seek	squad-2	6	bot-33
175780	bot-39	bravo	S00r-4410	tick	-5.26	-9.52	51	0.00	0.00		0		squad-2	5	bot-33
175847	bot-58	alpha	H00r-3310	health	-17.74	10.31	21	0.00	0.00		0		squad-1	5	bot-3
175864	bot-33	bravo	A00r-3420	state	-15.79	-1.41	56	0.09	0.03	24.47	4	seek	squad-2	0	bot-33
175881	bot-18	bravo	P00r-3320	tick	-9.08	1.06	290	2.43	2.42	6.52	1	squad	squad-2	1	bot-33
175914	bot-33	bravo	A00r-342G	latches	-15.82	-1.42	45	0.65	0.02		0		squad-2	0	bot-33
175914	bot-46	bravo	P00r-4420	tick	-18.82	-4.11	2	1.77	1.81	8.25	9	squad	squad-2	3	bot-33
175931	bot-54	alpha	S33r-4420	score	-1.66	16.23	232	1.40	0.14	13.94	3	seek	squad-1	3	bot-3
175998	bot-3	alpha	C35r-4200	state	-13.89	20.55	116	0.07	0.00		0		squad-1	0	bot-3
175998	bot-43	bravo	S00r-3410	tick	-2.22	6.60	293	2.53	2.22	14.97	5	seek	squad-2	2	bot-33
176015	bot-3	alpha	C35r-4202	latches	-13.89	20.55	116	0.07	0.00		0		squad-1	0	bot-3
176031	bot-49	alpha	G32r-4322	state	5.10	19.04	89	2.75	3.33	0.45	1	cover	squad-1	1	bot-3
176065	bot-54	alpha	S45rm4420	tier+score+element	-1.79	16.07	217	1.60	0.21	13.74	4	seek	squad-1	3	bot-3
176132	bot-55	alpha	C32r-4410	state	-0.69	17.29	215	2.29	0.97	16.16	3	seek	squad-1	4	bot-3
176148	bot-33	bravo	S00r-3420	state+latches	-15.82	-1.42	45	0.00	0.01		0		squad-2	0	bot-33
176148	bot-54	alpha	C45rm4420	state	-1.84	15.97	206	1.57	0.11	13.63	4	seek	squad-1	3	bot-3
176148	bot-55	alpha	C32r-4412	latches	-0.83	17.28	224	4.43	0.15	1.37	1	cover	squad-1	4	bot-3
176165	bot-54	alpha	C45rm4422	latches	-1.88	15.88	204	2.95	0.10	3.04	6	cover	squad-1	3	bot-3
176249	bot-52	alpha	S32m-4420	tick	1.91	18.00	227	2.36	2.20	17.55	3	seek	squad-1	6	bot-3
176265	bot-47	bravo	S00r-4410	tick	-17.95	-4.99	49	1.07	0.32	0.68	1	seek	squad-2	4	bot-33
176365	bot-3	alpha	P35r-4200	state+latches	-13.89	20.55	116	0.07	0.00		0		squad-1	0	bot-3
176399	bot-45	bravo	C00m-3420	state	-6.60	8.01	38	0.00	0.00		0		squad-2	6	bot-33
176399	bot-50	alpha	S32r-4420	state+latches	-0.28	15.95	102	1.46	1.13	6.40	5	cover	squad-1	2	bot-3
176416	bot-45	bravo	C00m-3422	latches	-6.56	8.02	33	1.34	0.04	5.34	1	cover	squad-2	6	bot-33
176433	bot-33	bravo	A00r-3420	state	-15.80	-1.42	96	0.23	0.02	23.39	6	seek	squad-2	0	bot-33
176449	bot-33	bravo	A00r-342G	latches	-15.81	-1.42	92	0.25	0.00		0		squad-2	0	bot-33
176449	bot-55	alpha	G32r-4412	state	-1.64	16.45	209	3.47	1.15	0.44	1	cover	squad-1	4	bot-3
176483	bot-49	alpha	S32r-4320	state+latches	5.55	19.05	356	0.03	0.44		0		squad-1	1	bot-3
176516	bot-56	alpha	A32m-4420	state	-0.51	16.69	259	2.64	0.57	11.47	3	seek	squad-1	7	bot-3
176533	bot-50	alpha	A32r-4420	state	-0.59	15.85	136	2.54	0.33	18.14	4	seek	squad-1	2	bot-3
176533	bot-56	alpha	A32m-442G	latches	-0.51	16.69	255	0.01	0.00		0		squad-1	7	bot-3
176533	bot-58	alpha	S00r-3310	state	-17.74	10.31	330	0.00	0.00		0		squad-1	5	bot-3
176549	bot-50	alpha	C32r-4420	state	-0.60	15.86	140	0.79	0.01		0		squad-1	2	bot-3
176566	bot-50	alpha	C32r-4422	latches	-0.58	15.90	147	1.34	0.04	5.88	1	cover	squad-1	2	bot-3
176616	bot-50	alpha	C32r-442I	latches	-0.56	15.96	150	1.38	0.07	5.81	1	cover	squad-1	2	bot-3
176633	bot-3	alpha	P34r-4200	score	-13.89	20.55	156	0.00	0.00		0		squad-1	0	bot-3
176633	bot-54	alpha	C44rm4422	score	-2.12	14.61	192	2.69	1.29	3.20	5	cover	squad-1	3	bot-3
176650	bot-50	alpha	A32r-4420	state+latches	-0.55	15.99	147	1.63	0.03	5.79	1	cover	squad-1	2	bot-3
176683	bot-33	bravo	S00r-3420	state+latches	-15.82	-1.42	92	0.00	0.02		0		squad-2	0	bot-33
176717	bot-50	alpha	A32r-442G	latches	-0.57	16.02	160	0.24	0.04		0		squad-1	2	bot-3
176717	bot-54	alpha	A44rm4420	state+latches	-2.21	14.49	193	1.96	0.15	3.31	5	cover	squad-1	3	bot-3
176767	bot-56	alpha	S32m-4420	state+latches	-0.51	16.69	255	0.00	0.00		0		squad-1	7	bot-3
176784	bot-3	alpha	P33r-4200	score	-13.89	20.55	168	0.06	0.00		0		squad-1	0	bot-3
176784	bot-39	bravo	S00r-4410	tick	-5.26	-9.52	4	0.00	0.00		0		squad-2	5	bot-33
176784	bot-49	alpha	C32r-4320	state	5.03	18.91	290	2.57	0.54	19.90	3	seek	squad-1	1	bot-3
176784	bot-54	alpha	A33r-4420	tier+score+element	-2.21	14.49	194	0.00	0.00		0		squad-1	3	bot-3
176800	bot-3	alpha	C33r-4200	state	-13.89	20.55	168	0.06	0.00		0		squad-1	0	bot-3
176800	bot-49	alpha	S32r-4320	state	5.03	18.92	295	0.71	0.01	0.53	1	cover	squad-1	1	bot-3
176817	bot-3	alpha	C33r-4202	latches	-13.89	20.55	168	0.07	0.00		0		squad-1	0	bot-3
176834	bot-55	alpha	S32r-4410	state+latches	-1.45	16.05	246	0.00	0.44		0		squad-1	4	bot-3
176889	bot-18	bravo	P00r-3320	tick	-11.40	1.38	282	2.23	2.35	4.21	2	squad	squad-2	1	bot-33
176889	bot-50	alpha	A32r-4420	latches	-0.58	16.03	164	0.01	0.01		0		squad-1	2	bot-3
176919	bot-46	bravo	P00r-4420	tick	-17.21	-2.66	70	2.10	2.17	6.30	9	squad	squad-2	3	bot-33
176919	bot-55	alpha	S33r-4410	score	-1.55	15.98	225	1.08	0.13	15.00	3	seek	squad-1	4	bot-3
176919	bot-59	bravo	P00r-0410	initial	-14.45	16.55	0	0.00			0			-1	
176934	bot-3	alpha	C32r-4202	score	-13.89	20.55	168	0.00	0.00		0		squad-1	0	bot-3
176934	bot-54	alpha	A32r-4420	score	-2.20	14.52	206	0.02	0.03		0		squad-1	3	bot-3
176934	bot-55	alpha	C32r-4410	state+score	-1.55	15.98	225	1.08	0.00	15.00	3	seek	squad-1	4	bot-3
176934	bot-59	bravo	C33r-4410	state+tier+score+ammo	-14.45	16.55	0	0.00	0.00		0		squad-18	0	bot-59
176951	bot-54	alpha	C32r-4420	state	-2.20	14.52	206	0.02	0.00		0		squad-1	3	bot-3
176951	bot-55	alpha	G32r-4412	state+latches	-1.55	15.98	225	0.00	0.00		0		squad-1	4	bot-3
176951	bot-59	bravo	C33r-4412	latches	-14.31	16.50	8	4.06	0.15	1.99	1	cover	squad-18	0	bot-59
176968	bot-54	alpha	C32r-4422	latches	-2.22	14.46	205	2.36	0.06	3.32	5	cover	squad-1	3	bot-3
176986	bot-59	bravo	C32r-4412	score	-14.22	16.40	17	3.96	0.14	1.85	1	cover	squad-18	0	bot-59
177007	bot-33	bravo	A00r-3420	state	-15.79	-1.41	38	0.13	0.03	23.38	5	seek	squad-2	0	bot-33
177007	bot-43	bravo	S00r-3410	tick	-4.46	7.98	286	2.52	2.63	12.37	5	seek	squad-2	2	bot-33
177053	bot-33	bravo	A00r-342G	latches	-15.81	-1.42	41	0.61	0.02		0		squad-2	0	bot-33
177053	bot-45	bravo	A00m-3420	state+latches	-4.75	8.91	25	3.31	2.01	3.37	1	cover	squad-2	7	bot-33
177119	bot-58	alpha	A00r-3310	state	-17.31	11.39	10	2.41	1.16	9.87	5	seek	squad-1	5	bot-3
177136	bot-58	alpha	A00r-331G	latches	-17.31	11.39	14	0.00	0.00		0		squad-1	5	bot-3
177203	bot-45	bravo	C00m-3420	state	-4.76	8.90	25	0.00	0.00		0		squad-2	7	bot-33
177219	bot-45	bravo	C00m-3422	latches	-4.66	8.96	25	3.42	0.11	5.21	3	cover	squad-2	7	bot-33
177253	bot-52	alpha	S32m-4420	tick	0.29	16.85	226	1.85	1.99	15.59	2	seek	squad-1	6	bot-3
177270	bot-47	bravo	S00r-4410	tick	-17.77	-4.76	21	1.40	0.30	1.37	1	seek	squad-2	4	bot-33
177270	bot-52	alpha	A32m-4420	state	0.29	16.85	226	1.85	0.00	15.59	2	seek	squad-1	6	bot-3
177286	bot-33	bravo	S00r-3420	state+latches	-15.82	-1.42	41	0.00	0.01		0		squad-2	0	bot-33
177286	bot-52	alpha	A32m-442G	latches	0.29	16.85	223	0.00	0.00		0		squad-1	6	bot-3
177306	bot-55	alpha	S32r-4410	state+latches	-1.45	16.05	245	0.00	0.13		0		squad-1	4	bot-3
177327	bot-54	alpha	E32r-4420	state+latches	-2.59	13.52	202	4.11	1.01	3.95	5	cover	squad-1	3	bot-3
177345	bot-54	alpha	E32r-4421	latches	-2.50	13.68	201	4.63	0.18	2.84	2	flee	squad-1	3	bot-3
177377	bot-58	alpha	S00r-3310	state+latches	-17.31	11.39	14	0.08	0.00		0		squad-1	5	bot-3
177420	bot-56	alpha	C32m-4420	state	-1.62	16.71	209	0.29	1.10	17.98	3	seek	squad-1	7	bot-3
177436	bot-56	alpha	C32m-4422	latches	-1.63	16.71	202	0.63	0.02	2.74	6	cover	squad-1	7	bot-3
177470	bot-45	bravo	P00m-3420	state+latches	-3.90	9.17	19	4.09	0.79	4.46	1	muzzleRecovery	squad-2	7	bot-33
177470	bot-54	alpha	P32r-4420	state+latches	-2.25	14.13	198	4.61	0.51	2.32	1	muzzleRecovery	squad-1	3	bot-3
177486	bot-45	bravo	A10m-3420	state+tier	-3.91	9.23	14	0.00	0.07	4.47	0	muzzleRecovery	squad-2	7	bot-33
177503	bot-54	alpha	E32r-4420	state	-2.32	14.26	207	0.00	0.15	2.25	0	muzzleRecovery	squad-1	3	bot-3
177503	bot-59	bravo	G32r-4412	state	-13.23	15.37	139	1.93	1.43	0.42	1	cover	squad-2	5	bot-33
177520	bot-54	alpha	E32r-4421	latches	-2.21	14.39	198	4.89	0.16	3.13	2	flee	squad-1	3	bot-3
177536	bot-52	alpha	S32m-4420	state+latches	0.28	16.87	223	0.00	0.02		0		squad-1	6	bot-3
177586	bot-33	bravo	A00r-3420	state	-15.81	-1.41	36	0.19	0.02	20.99	4	seek	squad-2	0	bot-33
177586	bot-49	alpha	C32r-4320	state	3.24	18.54	232	1.92	1.83	17.95	3	seek	squad-1	1	bot-3
177603	bot-33	bravo	A00r-342G	latches	-15.81	-1.42	39	0.31	0.00		0		squad-2	0	bot-33
177603	bot-45	bravo	F10m-3420	state	-3.91	9.23	19	0.00	0.00		0		squad-2	7	bot-33
177603	bot-49	alpha	C33r-4322	score+latches	3.40	18.58	224	4.76	0.16	2.20	1	cover	squad-1	1	bot-3
177603	bot-50	alpha	F33r-4420	state+score	-0.58	16.03	220	0.00	0.00		0		squad-1	2	bot-3
177603	bot-52	alpha	S33m-4420	score	0.22	16.81	223	1.02	0.08	22.24	3	seek	squad-1	6	bot-3
177603	bot-54	alpha	E33r-4321	score+health	-2.01	14.74	199	4.67	0.40	2.74	2	flee	squad-1	3	bot-3
177603	bot-55	alpha	S33r-4410	score	-1.65	15.74	218	1.54	0.36	14.24	3	seek	squad-1	4	bot-3
177603	bot-56	alpha	C33m-4422	score	-1.84	16.39	196	3.74	0.38	2.64	6	cover	squad-1	7	bot-3
177603	bot-59	bravo	G33r-4412	score	-12.95	15.05	115	0.00	0.42		0		squad-2	5	bot-33
177623	bot-3	alpha	C33r-4202	score	-13.89	20.56	168	0.08	0.00		0		squad-1	0	bot-3
177623	bot-18	bravo	E00r-3220	state+health	-12.89	1.22	249	2.52	1.50		0		squad-2	1	bot-33
177623	bot-33	bravo	A21r-342G	tier+score	-15.82	-1.42	39	0.42	0.01		0		squad-2	0	bot-33
177623	bot-43	bravo	S21r-3410	tier+score	-5.71	8.45	307	2.13	1.33	11.03	5	seek	squad-2	2	bot-33
177623	bot-45	bravo	M21m-3420	state+tier+score	-3.93	9.23	19	1.57	0.02		0		squad-2	7	bot-33
177623	bot-46	bravo	P21r-4420	tier+score	-16.29	-1.94	57	1.26	1.17	5.38	9	squad	squad-2	3	bot-33
177623	bot-47	bravo	S21r-4410	tier+score	-18.20	-5.00	308	1.49	0.49	0.87	1	seek	squad-2	4	bot-33
177623	bot-50	alpha	A33r-4420	state	-0.58	16.03	220	0.00	0.00		0		squad-1	2	bot-3
177637	bot-18	bravo	E21r-3229	tier+score+latches	-13.03	1.16	249	4.05	0.15	6.74	3	flee	squad-2	1	bot-33
177654	bot-58	alpha	A00r-3310	state	-17.16	11.79	55	2.43	0.42	3.92	3	seek	squad-1	5	bot-3
177687	bot-55	alpha	A33r-4410	state	-1.68	15.63	218	1.49	0.12	14.13	3	seek	squad-1	4	bot-3
177687	bot-59	bravo	G34r-4412	score	-12.95	15.05	97	0.00	0.00		0		squad-2	5	bot-33
177705	bot-18	bravo	E32r-3229	tier+score	-13.26	0.98	249	4.57	0.30	6.44	3	flee	squad-2	1	bot-33
177705	bot-33	bravo	A32r-342G	tier+score	-15.82	-1.42	39	0.00	0.00		0		squad-2	0	bot-33
177705	bot-43	bravo	C32r-3410	state+tier+score	-5.82	8.54	307	2.31	0.14	10.89	5	seek	squad-2	2	bot-33
177705	bot-45	bravo	M32m-3320	tier+score+health	-4.32	8.89	22	6.34	0.52	11.65	2	medic	squad-2	7	bot-33
177705	bot-46	bravo	C32r-4420	state+tier+score	-16.29	-1.94	51	0.00	0.00		0		squad-2	3	bot-33
177721	bot-43	bravo	C32r-3412	latches	-5.71	8.43	298	4.59	0.15	2.24	1	cover	squad-2	2	bot-33
177721	bot-46	bravo	C32r-4422	latches	-16.29	-1.94	51	0.00	0.00		0		squad-2	3	bot-33
177721	bot-50	alpha	F33r-4420	state	-0.58	16.03	220	0.00	0.00		0		squad-1	2	bot-3
177721	bot-59	bravo	G35r-4412	score	-12.95	15.05	90	0.00	0.00		0		squad-2	5	bot-33
177737	bot-18	bravo	E33r-3129	score+health	-13.37	0.88	249	4.52	0.15	6.30	3	flee	squad-2	1	bot-33
177737	bot-33	bravo	A33r-342G	score	-15.82	-1.42	39	0.00	0.00		0		squad-2	0	bot-33
177737	bot-43	bravo	C33r-3412	score	-5.68	8.37	294	4.62	0.08	2.17	1	cover	squad-2	2	bot-33
177737	bot-45	bravo	M33m-3320	score	-4.44	8.72	23	6.45	0.21	11.44	2	medic	squad-2	7	bot-33
177737	bot-46	bravo	C33r-4422	score	-16.29	-1.94	51	0.00	0.00		0		squad-2	3	bot-33
177737	bot-47	bravo	S32r-4410	tier+score	-18.35	-5.09	285	1.44	0.17	0.70	1	seek	squad-2	4	bot-33
177737	bot-50	alpha	A33r-4420	state	-0.58	16.03	220	0.00	0.00		0		squad-1	2	bot-3
177737	bot-55	alpha	C33r-4410	state	-1.64	15.63	205	0.22	0.04		0		squad-1	4	bot-3
177758	bot-45	bravo	M33m-2320	ammo	-4.52	8.62	24	6.39	0.13	11.31	2	medic	squad-2	7	bot-33
177758	bot-55	alpha	C33r-4412	latches	-1.69	15.56	208	3.33	0.09	2.79	5	cover	squad-1	4	bot-3
177787	bot-39	bravo	S00r-4410	tick	-5.26	-9.52	349	0.00	0.00		0		squad-2	6	bot-33
177787	bot-56	alpha	A33m-4420	state+latches	-1.93	16.12	199	3.48	0.28	2.53	6	cover	squad-1	7	bot-3
177804	bot-52	alpha	A33m-4420	state	0.06	16.66	223	1.72	0.22	22.02	3	seek	squad-1	6	bot-3
177804	bot-59	bravo	G36r-4412	score	-12.96	15.06	77	0.23	0.01		0		squad-2	5	bot-33
177822	bot-18	bravo	E44rm3129	tier+score+element	-13.67	0.65	249	4.40	0.38	5.93	3	flee	squad-2	1	bot-33
177822	bot-33	bravo	A44rm342G	tier+score+element	-15.82	-1.42	39	0.00	0.00		0		squad-2	0	bot-33
177822	bot-43	bravo	C34r-3412	score	-5.49	8.03	282	4.53	0.38	1.83	1	cover	squad-2	2	bot-33
177822	bot-45	bravo	E34m-2220	state+score+health	-4.67	8.37	24	6.12	0.28		0		squad-2	7	bot-33
177822	bot-46	bravo	S44rm4420	state+tier+score+element+latches	-16.29	-1.94	51	0.00	0.00		0		squad-2	3	bot-33
177822	bot-52	alpha	A33m-442G	latches	0.06	16.66	221	0.00	0.00		0		squad-1	6	bot-3
177838	bot-33	bravo	S44rm3420	state+latches	-15.82	-1.42	39	0.00	0.00		0		squad-2	0	bot-33
177838	bot-45	bravo	E34m-2229	latches	-4.56	8.25	24	3.48	0.16	4.74	1	flee	squad-2	7	bot-33
177838	bot-50	alpha	F33r-4420	state	-0.58	16.03	220	0.00	0.00		0		squad-1	2	bot-3
177838	bot-50	alpha	P33r-4420	state	-0.58	16.03	220	0.00	0.00		0		squad-1	2	bot-3
177838	bot-18	bravo	D00r--000	state+tier+score+element+ammo+health+packs+latches	-13.74	0.61	249	0.00	0.08	5.85	3	flee	squad-2	1	bot-33
177838	bot-52	alpha	C33m-4420	state+latches	0.06	16.66	221	0.00	0.00		0		squad-1	6	bot-3
177838	bot-56	alpha	A33m-442G	latches	-1.91	16.18	199	0.54	0.06		0		squad-1	7	bot-3
177838	bot-59	bravo	G38r-4412	score	-12.96	15.05	74	0.08	0.00		0		squad-2	5	bot-33
177859	bot-30	alpha	D00r--000	tick	-12.57	-0.70	42	0.00	0.00		0		squad-10	-1	
177859	bot-33	bravo	S46rm3420	score	-15.82	-1.42	36	0.09	0.00	21.00	4	seek	squad-2	0	bot-33
177859	bot-43	bravo	S36r-3410	state+score+latches	-5.46	7.96	286	4.36	0.07	1.76	1	cover	squad-2	1	bot-33
177859	bot-45	bravo	E36m-2229	score	-4.50	8.20	24	3.73	0.08	4.69	1	flee	squad-2	6	bot-33
177859	bot-46	bravo	S46rm4420	score	-16.26	-1.94	40	0.63	0.04	25.69	7	seek	squad-2	2	bot-33
177859	bot-47	bravo	S44rm4410	tier+score+element	-18.50	-5.18	259	1.44	0.18	0.52	1	seek	squad-2	3	bot-33
177859	bot-50	alpha	S33r-4420	state	-0.58	16.03	220	0.00	0.00		0		squad-1	2	bot-3
177859	bot-52	alpha	S33m-4420	state	0.04	16.65	224	1.28	0.02	8.60	5	cover	squad-1	6	bot-3
177880	bot-3	alpha	P33r-4200	state+latches	-13.89	20.56	168	0.09	0.00		0		squad-1	0	bot-3
177901	bot-49	alpha	C44rm4322	tier+score+element	4.67	18.86	147	3.56	1.30	0.90	1	cover	squad-1	1	bot-3
177901	bot-50	alpha	S44rm4420	tier+score+element	-0.61	16.00	233	0.67	0.04	13.49	4	seek	squad-1	2	bot-3
177901	bot-52	alpha	M44mm4420	state+tier+score+element	-0.00	16.64	224	1.22	0.05	22.30	4	seek	squad-1	6	bot-3
177901	bot-54	alpha	E44rm4220	tier+score+element+health+latches	-1.41	15.21	203	5.21	0.77	6.93	2	flee	squad-1	3	bot-3
177901	bot-55	alpha	C44rb4412	tier+score+element	-1.97	15.39	198	1.43	0.33	3.04	6	cover	squad-1	4	bot-3
177901	bot-56	alpha	A44mm442G	tier+score+element	-1.89	16.17	199	0.21	0.02		0		squad-1	7	bot-3
177915	bot-3	alpha	P34r-4200	score	-13.89	20.56	179	0.00	0.00		0		squad-1	0	bot-3
177915	bot-54	alpha	E44rm4229	latches	-1.35	15.27	203	5.23	0.08	6.85	2	flee	squad-1	3	bot-3
177915	bot-59	bravo	G39r-4412	score	-12.95	15.05	68	0.01	0.01		0		squad-2	4	bot-33
177929	bot-33	bravo	S47rm3420	score	-15.81	-1.42	46	0.19	0.00	20.99	4	seek	squad-2	0	bot-33
177929	bot-43	bravo	S37r-3410	score	-5.65	8.05	309	2.25	0.21	11.90	4	seek	squad-2	1	bot-33
177929	bot-45	bravo	E37m-2029	score+health	-4.36	7.99	18	3.73	0.26	4.45	1	flee	squad-2	6	bot-33
177929	bot-46	bravo	S47rm4420	score	-16.21	-1.95	35	1.02	0.05	25.67	7	seek	squad-2	2	bot-33
177943	bot-43	bravo	A37r-3410	state	-5.65	8.05	309	2.25	0.00	11.90	4	seek	squad-2	1	bot-33
177971	bot-58	alpha	A00r-331G	latches	-17.16	11.79	52	0.00	0.00		0		squad-1	5	bot-3
178055	bot-49	alpha	G44rm4322	state	5.12	18.95	112	2.53	0.46	0.44	1	cover	squad-1	1	bot-3
178088	bot-56	alpha	S44mm4420	state+latches	-1.88	16.17	199	0.01	0.01		0		squad-1	7	bot-3
178122	bot-33	bravo	A47rb3420	state+element	-15.81	-1.40	65	0.31	0.02	20.98	4	seek	squad-2	0	bot-33
178139	bot-33	bravo	A47rm342G	element+latches	-15.81	-1.40	62	0.31	0.01		0		squad-2	0	bot-33
178172	bot-58	alpha	F00r-3310	state+latches	-17.16	11.79	52	0.00	0.00		0		squad-1	5	bot-3
178189	bot-58	alpha	A00r-3310	state	-17.16	11.79	52	0.00	0.00		0		squad-1	5	bot-3
178222	bot-56	alpha	C44mm4420	state	-1.88	16.01	199	1.21	0.16	7.89	3	seek	squad-1	7	bot-3
178239	bot-56	alpha	C44mb4422	element+latches	-1.88	15.97	192	1.31	0.04	2.39	6	cover	squad-1	7	bot-3
178272	bot-52	alpha	T44mm4420	state	-0.71	16.96	296	2.37	0.78	1.21	1	medic	squad-1	6	bot-3
178272	bot-54	alpha	E44rm4329	health	-0.84	15.93	211	5.39	0.84	6.02	2	flee	squad-1	3	bot-3
178289	bot-58	alpha	F00r-3310	state	-17.16	11.79	52	0.00	0.00		0		squad-1	5	bot-3
178306	bot-55	alpha	A44rb4410	state+latches	-2.22	14.45	208	2.52	0.97	3.32	5	cover	squad-1	4	bot-3
178306	bot-58	alpha	P00r-3310	state	-17.16	11.79	52	2.33	0.00		1	muzzleRecovery	squad-1	5	bot-3
178322	bot-58	alpha	A00r-3310	state	-17.19	11.77	57	0.00	0.04		0	muzzleRecovery	squad-1	5	bot-3
178373	bot-33	bravo	S47rm3424	state+latches	-15.81	-1.38	62	0.43	0.02		0		squad-2	0	bot-33
178389	bot-58	alpha	A00r-331G	latches	-17.19	11.77	52	0.00	0.00		0		squad-1	5	bot-3
178473	bot-43	bravo	F37r-3410	state	-5.65	8.05	28	0.00	0.00		0		squad-2	1	bot-33
178473	bot-49	alpha	G45rm4322	score	5.53	19.03	201	0.24	0.42		0		squad-1	1	bot-3
178473	bot-50	alpha	S45rm4420	score	-0.19	16.36	260	0.32	0.55	13.95	4	seek	squad-1	2	bot-3
178473	bot-52	alpha	T45mm4420	score	-0.71	16.96	262	0.00	0.00	1.21	1	medic	squad-1	6	bot-3
178473	bot-54	alpha	E45rm4329	score	-0.65	16.00	212	2.02	0.20	5.83	2	flee	squad-1	3	bot-3
178473	bot-55	alpha	A45rb4310	score+health	-2.21	14.46	208	0.03	0.01		0		squad-1	4	bot-3
178473	bot-56	alpha	C45mb4422	score	-1.98	15.45	197	2.88	0.52	2.22	6	cover	squad-1	7	bot-3
178490	bot-3	alpha	P35r-4200	score	-13.89	20.56	139	0.07	0.00		0		squad-1	0	bot-3
178490	bot-43	bravo	A47rm3410	state+tier+element	-5.65	8.05	28	0.00	0.00		0		squad-2	1	bot-33
178506	bot-43	bravo	C47rm3410	state	-5.65	8.05	28	0.00	0.00		0		squad-2	1	bot-33
178506	bot-49	alpha	G46rm4322	score	5.54	19.04	208	0.12	0.01		0		squad-1	1	bot-3
178506	bot-50	alpha	S46rm4420	score	-0.17	16.35	260	0.55	0.02	13.97	4	seek	squad-1	2	bot-3
178506	bot-52	alpha	M46mm4420	state+score	-0.71	16.96	263	0.00	0.00	1.21	1	medic	squad-1	6	bot-3
178506	bot-54	alpha	E46rm4329	score	-0.60	15.97	212	1.46	0.05	5.82	2	flee	squad-1	3	bot-3
178506	bot-55	alpha	E46rb4210	state+score+health	-2.21	14.46	208	0.01	0.00		0		squad-1	4	bot-3
178506	bot-56	alpha	C46mb4422	score	-1.99	15.37	205	1.03	0.09	2.19	6	cover	squad-1	7	bot-3
178506	bot-59	bravo	C39r-4412	state	-12.62	15.16	119	0.00	0.35		0		squad-2	4	bot-33
178523	bot-3	alpha	P36r-4200	score	-13.89	20.56	136	0.07	0.00		0		squad-1	0	bot-3
178523	bot-43	bravo	C47rm3412	latches	-5.51	8.11	28	4.70	0.16	6.13	3	cover	squad-2	1	bot-33
178523	bot-55	alpha	E46rb4219	latches	-2.10	14.56	208	4.50	0.16	6.82	1	flee	squad-1	4	bot-3
178523	bot-59	bravo	G39r-4412	state	-12.62	15.16	122	0.00	0.00		0		squad-2	4	bot-33
178540	bot-43	bravo	C37r-3412	tier+element	-5.43	8.14	28	4.72	0.08	6.05	3	cover	squad-2	1	bot-33
178556	bot-54	alpha	E46rm432P	latches	-0.51	16.07	212	5.28	0.13	5.69	2	flee	squad-1	3	bot-3
178590	bot-33	bravo	S48rm3424	score	-15.82	-1.37	47	0.13	0.02		0		squad-2	0	bot-33
178590	bot-43	bravo	C38r-3312	score+health	-5.21	8.23	27	4.79	0.24	5.82	3	cover	squad-2	1	bot-33
178590	bot-45	bravo	E38m-2029	score	-4.06	5.36	13	4.44	2.64	1.81	1	flee	squad-2	6	bot-33
178590	bot-46	bravo	S48rm4420	score	-15.84	-1.93	34	1.57	0.37	25.44	6	seek	squad-2	2	bot-33
178624	bot-33	bravo	S48rm3420	latches	-15.81	-1.36	42	0.39	0.00	22.65	6	seek	squad-2	0	bot-33
178624	bot-58	alpha	F00r-3310	state+latches	-17.19	11.77	52	0.00	0.00		0		squad-1	5	bot-3
178640	bot-58	alpha	A00r-3310	state	-17.19	11.77	52	0.00	0.00		0		squad-1	5	bot-3
178657	bot-49	alpha	G47rm4322	score	5.55	19.05	232	0.00	0.02		0		squad-1	1	bot-3
178657	bot-50	alpha	S47rm4420	score	-0.07	16.41	260	0.36	0.11	14.08	4	seek	squad-1	2	bot-3
178657	bot-52	alpha	M47mm4420	score	-1.56	16.53	246	5.71	0.95	1.70	1	medic	squad-1	6	bot-3
178657	bot-54	alpha	E47rm432P	score	-0.45	15.98	212	2.21	0.11	5.71	2	flee	squad-1	3	bot-3
178657	bot-55	alpha	E47rb4119	score+health	-1.78	14.85	206	1.27	0.43	6.39	1	flee	squad-1	4	bot-3
178657	bot-56	alpha	C47mb4422	score	-2.06	15.27	202	2.73	0.12	2.23	5	cover	squad-1	7	bot-3
178676	bot-3	alpha	P37r-4200	score	-13.89	20.55	125	0.00	0.00		0		squad-1	0	bot-3
178707	bot-33	bravo	S49rm3420	score	-15.81	-1.34	38	0.15	0.03	22.63	6	seek	squad-2	0	bot-33
178707	bot-43	bravo	E39r-3210	state+score+health+latches	-4.77	8.39	25	4.57	0.47		0		squad-2	1	bot-33
178707	bot-45	bravo	E39m-2029	score	-4.03	4.84	13	4.37	0.52	1.30	1	flee	squad-2	6	bot-33
178707	bot-46	bravo	S49rm4420	score	-15.72	-1.90	34	1.60	0.12	25.35	6	seek	squad-2	2	bot-33
178744	bot-43	bravo	E39r-3219	latches	-4.59	8.21	24	3.45	0.26	6.58	1	flee	squad-2	1	bot-33
178744	bot-58	alpha	F00r-3310	state	-17.19	11.77	52	0.00	0.00		0		squad-1	5	bot-3
178764	bot-58	alpha	P00r-3310	state	-17.19	11.77	52	1.25	0.00		1	muzzleRecovery	squad-1	5	bot-3
178782	bot-59	bravo	G39r-441I	latches	-12.96	15.06	179	0.11	0.36		0		squad-2	4	bot-33
178797	bot-39	bravo	S00r-4410	tick	-5.26	-9.52	65	0.00	0.00		0		squad-2	5	bot-33
178797	bot-54	alpha	E47rm4329	latches	-0.22	15.98	212	3.06	0.23	5.55	2	flee	squad-1	3	bot-3
178797	bot-58	alpha	P00r-331G	latches	-17.13	11.75	63	1.25	0.07		1	muzzleRecovery	squad-1	5	bot-3
178826	bot-43	bravo	E39r-3119	health	-4.35	8.00	18	3.71	0.32	6.26	1	flee	squad-2	1	bot-33
178826	bot-52	alpha	M47mb4420	element	-1.86	16.09	233	5.29	0.53	1.25	1	medic	squad-1	6	bot-3
178857	bot-55	alpha	E47rm411P	element+latches	-1.26	15.32	202	3.13	0.70	5.69	1	flee	squad-1	4	bot-3
178874	bot-33	bravo	A49rb3420	state+element	-15.81	-1.29	38	0.40	0.05	22.59	6	seek	squad-2	0	bot-33
178874	bot-47	bravo	S44rm4410	tick	-18.76	-5.34	194	0.80	0.30	1.01	1	seek	squad-2	3	bot-33
178874	bot-55	alpha	E47rb4119	element+latches	-1.23	15.35	207	2.45	0.04	5.65	1	flee	squad-1	4	bot-3
178891	bot-55	alpha	E47rm411P	element+latches	-1.21	15.38	207	2.45	0.04	5.61	1	flee	squad-1	4	bot-3
178909	bot-52	alpha	T47mb4420	state	-1.89	15.76	216	4.88	0.33	0.93	1	medic	squad-1	6	bot-3
178909	bot-54	alpha	E47rm432P	latches	0.18	16.29	222	5.08	0.51	5.05	2	flee	squad-1	3	bot-3
178925	bot-33	bravo	A49rm342G	element+latches	-15.81	-1.27	42	0.02	0.02		0		squad-2	0	bot-33
178925	bot-52	alpha	M47mb4420	state	-1.89	15.76	211	0.00	0.00	0.93	1	medic	squad-1	6	bot-3
178975	bot-3	alpha	P00r-4200	tier+score	-13.89	20.55	119	0.07	0.00		0		squad-1	0	bot-3
178975	bot-45	bravo	E39m-2020	latches	-3.97	3.84	10	0.00	1.01		0		squad-2	6	bot-33
178975	bot-49	alpha	G45rm4322	score	5.44	19.19	207	0.00	0.18		0		squad-1	1	bot-3
178975	bot-50	alpha	S45rm4420	score	-0.76	16.59	259	2.42	0.72	13.43	4	seek	squad-1	2	bot-3
178975	bot-52	alpha	M45mb4420	score	-1.92	15.46	195	4.34	0.30	0.63	1	medic	squad-1	6	bot-3
178975	bot-54	alpha	E45rm432P	score	0.47	16.48	222	5.39	0.35	4.71	2	flee	squad-1	3	bot-3
178975	bot-55	alpha	E45rm411P	score	-1.00	15.60	207	5.17	0.30	5.31	1	flee	squad-1	4	bot-3
178975	bot-56	alpha	C45mb4422	score	-2.14	14.74	195	2.51	0.54	2.19	5	cover	squad-1	7	bot-3
179025	bot-59	bravo	G39r-4412	latches	-12.95	15.05	229	0.00	0.01		0		squad-2	4	bot-33
179042	bot-58	alpha	P00r-3310	latches	-16.82	11.66	106	1.29	0.31		1	muzzleRecovery	squad-1	5	bot-3
179042	bot-59	bravo	C39r-4412	state	-12.95	15.05	229	0.00	0.00		0		squad-2	4	bot-33
179059	bot-49	alpha	C45rm4322	state	5.27	19.36	201	0.18	0.24		0		squad-1	1	bot-3
179059	bot-52	alpha	M45mm442G	element+latches	-1.76	15.54	190	6.19	0.18	0.81	1	medic	squad-1	6	bot-3
179075	bot-49	alpha	G45rm4322	state	5.29	19.34	197	1.50	0.03	0.39	1	cover	squad-1	1	bot-3
179092	bot-52	alpha	T45mm442G	state	-1.69	15.58	186	4.48	0.08	0.74	1	medic	squad-1	6	bot-3
179092	bot-58	alpha	S00r-3310	state	-16.78	11.65	106	0.00	0.04		0	muzzleRecovery	squad-1	5	bot-3
179125	bot-52	alpha	M45mm442G	state	-1.69	15.58	195	0.00	0.00	0.74	1	medic	squad-1	6	bot-3
179125	bot-55	alpha	E45rm4119	latches	-0.65	15.95	207	3.47	0.49	4.82	1	flee	squad-1	4	bot-3
179142	bot-54	alpha	E45rm4329	latches	1.03	17.20	222	5.35	0.91	3.81	2	flee	squad-1	3	bot-3
179175	bot-33	bravo	S49rm3424	state+latches	-15.81	-1.27	42	0.21	0.01		0		squad-2	0	bot-33
179209	bot-52	alpha	T45mm442G	state	-1.48	15.53	174	2.11	0.21	0.53	1	medic	squad-1	6	bot-3
179226	bot-47	bravo	P44rm4410	state	-18.50	-5.54	126	1.05	0.33	0.68	1	seek	squad-2	3	bot-33
179255	bot-47	bravo	S44rm4410	state	-18.48	-5.55	130	1.05	0.02	16.88	0		squad-2	3	bot-33
179255	bot-49	alpha	G46rm4322	score	5.54	19.04	238	0.15	0.39		0		squad-1	1	bot-3
179255	bot-50	alpha	S46rm4420	score	-1.45	16.52	246	2.51	0.69	12.74	4	seek	squad-1	2	bot-3
179255	bot-52	alpha	T46mm442G	score	-1.48	15.53	190	0.00	0.00	0.53	1	medic	squad-1	6	bot-3
179255	bot-54	alpha	E46rm4329	score	1.35	17.71	222	5.19	0.60	3.22	2	flee	squad-1	3	bot-3
179255	bot-55	alpha	E46rm4119	score	-0.15	16.24	207	5.09	0.58	4.27	1	flee	squad-1	4	bot-3
179255	bot-56	alpha	C46mb4322	score+health	-2.41	14.11	188	3.11	0.68	2.50	5	cover	squad-1	7	bot-3
179291	bot-52	alpha	M46mm442G	state	-1.48	15.53	190	0.00	0.00	0.53	1	medic	squad-1	6	bot-3
179306	bot-52	alpha	T46mm4420	state+latches	-1.40	15.50	180	1.34	0.09	0.45	1	medic	squad-1	6	bot-3
179306	bot-58	alpha	A00r-3310	state	-16.73	11.94	62	1.36	0.29	3.94	4	seek	squad-1	5	bot-3
179322	bot-56	alpha	P46mb4324	state+latches	-2.49	13.96	187	4.30	0.17	2.60	1	muzzleRecovery	squad-1	7	bot-3
179357	bot-55	alpha	E46rm4219	health	0.23	16.63	207	5.44	0.55	3.73	1	flee	squad-1	4	bot-3
179387	bot-56	alpha	C46mb4320	state+latches	-2.47	14.25	204	0.00	0.29	2.54	0	muzzleRecovery	squad-1	7	bot-3
179408	bot-45	bravo	E39m-1020	ammo	-3.98	3.85	8	0.00	0.01		0		squad-2	6	bot-33
179408	bot-49	alpha	G47rm4322	score	5.55	19.05	253	0.01	0.02		0		squad-1	1	bot-3
179408	bot-50	alpha	S47rm4420	score	-1.64	16.31	224	1.15	0.29	12.52	4	seek	squad-1	2	bot-3
179408	bot-52	alpha	M47mm4420	state+score	-1.41	15.50	205	0.50	0.01	0.46	1	medic	squad-1	6	bot-3
179408	bot-54	alpha	E47rm4329	score	1.79	18.41	222	5.15	0.84	2.40	2	flee	squad-1	3	bot-3
179408	bot-55	alpha	E47rm4219	score	0.40	16.85	207	5.38	0.27	3.45	1	flee	squad-1	4	bot-3
179408	bot-56	alpha	E47mb4220	state+score+health	-2.48	14.20	200	3.35	0.05		0		squad-1	7	bot-3
179424	bot-33	bravo	S49rm3420	latches	-15.82	-1.30	44	1.42	0.03	23.62	5	seek	squad-2	0	bot-33
179424	bot-56	alpha	E47mb4229	latches	-2.34	14.35	191	5.41	0.20	6.78	2	flee	squad-1	7	bot-3
179469	bot-49	alpha	G48rm4322	score	5.55	19.05	248	0.00	0.00		0		squad-1	1	bot-3
179469	bot-50	alpha	S48rm4420	score	-1.66	16.24	235	1.30	0.07	12.48	4	seek	squad-1	2	bot-3
179469	bot-52	alpha	M48mm4420	score	-1.27	15.62	184	3.38	0.18	2.24	1	medic	squad-1	6	bot-3
179469	bot-54	alpha	E48rm4329	score	1.97	18.68	222	5.16	0.31	2.10	2	flee	squad-1	3	bot-3
179469	bot-55	alpha	E48rm4219	score	0.60	17.13	207	6.11	0.35	3.11	1	flee	squad-1	4	bot-3
179469	bot-56	alpha	E48mb4129	score+health	-2.18	14.53	184	5.44	0.24	6.54	2	flee	squad-1	7	bot-3
179486	bot-45	bravo	H39m-1020	state	-3.98	3.85	9	0.00	0.00		0		squad-2	6	bot-33
179503	bot-58	alpha	F00r-3310	state	-16.73	11.94	51	0.00	0.00		0		squad-1	5	bot-3
179503	bot-59	bravo	C39r-4312	health	-12.95	15.05	231	0.00	0.00		0		squad-2	4	bot-33
179519	bot-58	alpha	A00r-3310	state	-16.73	11.94	51	0.00	0.00		0		squad-1	5	bot-3
179586	bot-45	bravo	H39m-1120	health	-3.98	3.85	339	0.00	0.00		0		squad-2	6	bot-33
179586	bot-59	bravo	P39r-4310	state+latches	-12.95	15.05	231	4.44	0.00		1	muzzleRecovery	squad-2	4	bot-33
179619	bot-45	bravo	H39m-R12G	ammo+latches	-3.98	3.85	342	0.00	0.00		0		squad-2	6	bot-33
179619	bot-56	alpha	E48mm412P	element+latches	-1.74	14.98	191	2.86	0.63	5.91	2	flee	squad-1	7	bot-3
179619	bot-58	alpha	F00r-3310	state	-16.73	11.94	50	0.00	0.00		0		squad-1	5	bot-3
179619	bot-58	alpha	F00r-2310	ammo	-16.73	11.94	49	0.00	0.00		0		squad-1	5	bot-3
179619	bot-59	bravo	E39r-4210	state+health	-13.10	15.05	239	4.35	0.15		0		squad-2	4	bot-33
179636	bot-58	alpha	A00r-2310	state	-16.73	11.94	49	0.00	0.00		0		squad-1	5	bot-3
179636	bot-59	bravo	E39r-4219	latches	-13.05	14.99	231	2.39	0.08	5.33	2	flee	squad-2	4	bot-33
179686	bot-56	alpha	E48mb4129	element+latches	-1.59	15.07	195	3.07	0.18	5.74	2	flee	squad-1	7	bot-3
179703	bot-33	bravo	A49rb3420	state+element	-15.80	-1.32	39	0.25	0.02	23.62	4	seek	squad-2	0	bot-33
179703	bot-58	alpha	A10r-2310	tier	-16.73	11.94	52	0.00	0.00		0		squad-1	5	bot-3
179719	bot-46	bravo	S49rm4420	tick	-14.96	-1.17	42	1.20	1.06	24.31	5	seek	squad-2	2	bot-33
179736	bot-56	alpha	E48mm412P	element+latches	-1.43	15.22	204	2.78	0.22	5.52	2	flee	squad-1	7	bot-3
179736	bot-58	alpha	F10r-2310	state	-16.73	11.94	52	0.00	0.00		0		squad-1	5	bot-3
179736	bot-59	bravo	E39r-4119	health	-12.93	14.79	233	2.67	0.23	5.11	2	flee	squad-2	4	bot-33
179753	bot-33	bravo	A49rm342G	element+latches	-15.81	-1.33	41	0.64	0.02		0		squad-2	0	bot-33
179753	bot-58	alpha	A10r-2310	state	-16.73	11.94	53	0.00	0.00		0		squad-1	5	bot-3
179803	bot-39	bravo	S00r-4410	tick	-5.26	-9.52	347	0.00	0.00		0		squad-2	5	bot-33
179836	bot-43	bravo	E39r-3119	tick	-1.49	5.05	294	5.01	4.11	2.15	1	flee	squad-2	1	bot-33
179854	bot-45	bravo	H39m-R120	latches	-3.98	3.85	0	0.00	0.00		0		squad-2	6	bot-33
179854	bot-54	alpha	E48rm4320	latches	3.31	19.90	222	0.08	1.82		0		squad-1	3	bot-3
179854	bot-58	alpha	F10r-2310	state	-16.73	11.94	56	0.00	0.00		0		squad-1	5	bot-3
179854	bot-59	bravo	E39r-4019	health	-12.72	14.52	237	3.07	0.35	4.76	2	flee	squad-2	4	bot-33
179872	bot-58	alpha	A10r-2310	state	-16.73	11.94	57	0.00	0.00		0		squad-1	5	bot-3
179953	bot-47	bravo	S45rm4410	score	-17.91	-4.56	41	2.34	1.15	24.52	6	seek	squad-2	3	bot-33
179969	bot-56	alpha	E48mm4129	latches	-0.79	15.76	204	4.48	0.84	4.68	2	flee	squad-1	7	bot-3
179969	bot-58	alpha	F10r-2310	state	-16.73	11.94	61	0.00	0.00		0		squad-1	5	bot-3
179969	bot-58	alpha	P10r-2310	state	-16.73	11.94	62	0.00	0.00		0		squad-1	5	bot-3
179969	bot-59	bravo	D00r--000	state+tier+score+ammo+packs+latches	-12.48	14.22	241	0.00	0.37	4.39	2	flee	squad-2	4	bot-33
179986	bot-3	alpha	P00r-4200	tick	-13.89	20.56	108	0.00	0.00		0		squad-1	0	bot-3
179986	bot-21	alpha	D00r--000	tick	-2.07	14.86	196	0.00	0.00	4.96	0		squad-1	-1	bot-3
179986	bot-33	bravo	S49rm3424	state+latches	-15.82	-1.35	41	0.00	0.02		0		squad-2	0	bot-33
179986	bot-58	alpha	S10r-2310	state	-16.73	11.94	62	0.00	0.00		0		squad-1	5	bot-3
180019	bot-58	alpha	A10r-2310	state	-16.72	12.02	60	2.49	0.08	16.47	9	seek	squad-1	5	bot-3
180052	bot-55	alpha	E48rm4210	latches	2.35	19.38	207	0.01	2.84		0		squad-1	4	bot-3
180086	bot-43	bravo	E39r-2119	ammo	-0.72	4.30	296	3.98	1.08	1.07	1	flee	squad-2	1	bot-33
180136	bot-43	bravo	E39r-211P	latches	-0.57	4.16	296	4.13	0.20	0.88	1	flee	squad-2	1	bot-33
180136	bot-58	alpha	A10r-231G	latches	-16.72	12.02	84	0.00	0.00		0		squad-1	5	bot-3
180186	bot-47	bravo	S46rm4410	score	-17.64	-4.11	32	2.13	0.52	24.00	6	seek	squad-2	3	bot-33
180203	bot-47	bravo	S48rm4410	score	-17.63	-4.08	32	2.17	0.04	23.97	6	seek	squad-2	3	bot-33
180219	bot-47	bravo	S49rm4410	score	-17.61	-4.05	33	2.16	0.04	23.93	6	seek	squad-2	3	bot-33
180237	bot-33	bravo	S49rm3420	latches	-15.81	-1.36	42	0.79	0.01	22.64	6	seek	squad-2	0	bot-33
180255	bot-52	alpha	T48mm4420	state	1.83	18.29	52	0.00	4.09		0		squad-1	6	bot-3
180286	bot-43	bravo	E39r-211G	latches	-0.18	3.78	296	0.00	0.55		0		squad-2	1	bot-33
180369	bot-54	alpha	H48rm4320	state	3.31	19.90	222	0.00	0.00		0		squad-1	3	bot-3
180386	bot-43	bravo	E39r-2110	latches	-0.18	3.78	296	0.00	0.00		0		squad-2	1	bot-33
180386	bot-58	alpha	S10r-2310	state+latches	-16.72	12.02	84	0.00	0.00		0		squad-1	5	bot-3
180402	bot-49	alpha	G48rb4322	element	5.55	19.05	179	0.00	0.00		0		squad-1	1	bot-3
180469	bot-50	alpha	S48rm4420	tick	-1.97	14.98	265	1.26	1.29	12.02	4	seek	squad-1	2	bot-3
180486	bot-50	alpha	A48rm4420	state	-1.97	14.98	265	1.26	0.00	12.02	4	seek	squad-1	2	bot-3
180503	bot-45	bravo	H39m-R12G	latches	-3.98	3.85	51	0.00	0.00		0		squad-2	5	bot-33
180503	bot-50	alpha	A48rm442G	latches	-1.97	14.98	262	0.00	0.00		0		squad-1	2	bot-3
180519	bot-50	alpha	A48rm4420	latches	-1.97	14.98	259	0.00	0.00		0		squad-1	2	bot-3
180536	bot-33	bravo	A49rm3420	state	-15.81	-1.41	38	0.10	0.05	22.68	5	seek	squad-2	0	bot-33
180536	bot-50	alpha	A48rm442G	latches	-1.97	14.98	259	0.00	0.00		0		squad-1	2	bot-3
180553	bot-33	bravo	A49rm342G	latches	-15.81	-1.41	40	0.28	0.01		0		squad-2	0	bot-33
180553	bot-55	alpha	H48rm4210	state	2.35	19.38	207	0.00	0.00		0		squad-1	4	bot-3
180569	bot-52	alpha	M48mm4420	state	1.83	18.29	331	0.00	0.00		0		squad-1	6	bot-3
180586	bot-49	alpha	C48rb4322	state	5.27	19.36	191	0.18	0.41		0		squad-1	1	bot-3
180603	bot-49	alpha	G48rb4322	state	5.29	19.34	187	1.50	0.03	0.39	1	cover	squad-1	1	bot-3
180619	bot-49	alpha	G47rb4322	score	5.47	19.14	194	0.00	0.27		0		squad-1	1	bot-3
180619	bot-50	alpha	A47rm442G	score	-1.98	15.00	259	0.61	0.02		0		squad-1	2	bot-3
180619	bot-52	alpha	M47mm4420	score	2.10	18.44	348	4.53	0.30	0.97	1	medic	squad-1	6	bot-3
180619	bot-54	alpha	H47rm4320	score	3.31	19.90	221	0.00	0.00		0		squad-1	3	bot-3
180619	bot-55	alpha	H47rm4210	score	2.35	19.38	208	0.00	0.00		0		squad-1	4	bot-3
180619	bot-56	alpha	E47mm4129	score	1.19	18.54	204	5.21	3.40	1.46	2	flee	squad-1	7	bot-3
180652	bot-58	alpha	A10r-2310	state	-16.65	12.43	64	2.63	0.42	18.55	5	seek	squad-1	5	bot-3
180686	bot-43	bravo	E39r-211G	latches	-0.18	3.78	298	0.00	0.00		1	muzzleRecovery	squad-2	1	bot-33
180686	bot-52	alpha	T47mm4420	state	2.30	18.53	1	4.55	0.23	0.85	1	medic	squad-1	6	bot-3
180686	bot-58	alpha	A10r-231G	latches	-16.65	12.45	71	0.13	0.02		0		squad-1	5	bot-3
180703	bot-45	bravo	H39m-R22G	health	-3.98	3.85	66	0.00	0.00		0		squad-2	5	bot-33
180703	bot-47	bravo	S48rm4410	score	-17.08	-3.20	33	1.95	1.00	22.94	6	seek	squad-2	3	bot-33
180719	bot-46	bravo	S49rm4420	tick	-13.54	0.32	33	2.47	2.06	22.29	5	seek	squad-2	2	bot-33
180736	bot-47	bravo	S49rm4410	score	-17.04	-3.14	33	1.97	0.07	22.88	6	seek	squad-2	3	bot-33
180753	bot-45	bravo	H39m-R220	latches	-3.98	3.85	64	0.00	0.00		0		squad-2	5	bot-33
180753	bot-54	alpha	S47rm4320	state	3.31	19.90	212	0.00	0.00		0		squad-1	3	bot-3
180786	bot-33	bravo	S49rm3420	state+latches	-15.82	-1.42	40	0.00	0.01		0		squad-2	0	bot-33
180786	bot-43	bravo	H39r-211G	state	-0.18	3.78	298	0.00	0.00		1	muzzleRecovery	squad-2	1	bot-33
180786	bot-50	alpha	S47rm4420	state+latches	-1.99	15.02	259	0.03	0.02		0		squad-1	2	bot-3
180819	bot-39	bravo	S00r-4410	tick	-5.26	-9.52	7	0.00	0.00		0		squad-2	4	bot-33
180819	bot-47	bravo	S48rm4410	score	-16.96	-3.01	41	1.92	0.16	22.72	6	seek	squad-2	3	bot-33
180836	bot-45	bravo	H49mmR220	tier+element	-3.98	3.85	58	0.00	0.00		0		squad-2	5	bot-33
180886	bot-47	bravo	S49rm4410	score	-16.90	-2.90	41	1.89	0.13	22.60	6	seek	squad-2	3	bot-33
180903	bot-49	alpha	G46rb4322	score	5.55	19.05	252	0.01	0.12		0		squad-1	1	bot-3
180903	bot-50	alpha	S46rm4420	score	-2.06	14.94	231	0.78	0.10	22.26	6	seek	squad-1	2	bot-3
180903	bot-52	alpha	T46mm4420	score	2.30	18.53	301	0.00	0.00	0.84	1	medic	squad-1	6	bot-3
180903	bot-54	alpha	S46rm4320	score	3.23	19.77	217	0.63	0.15	26.82	5	seek	squad-1	3	bot-3
180903	bot-55	alpha	H46rm4210	score	2.35	19.38	230	0.00	0.00		0		squad-1	4	bot-3
180903	bot-56	alpha	E46mm4129	score	1.58	19.10	204	2.02	0.69	0.97	2	flee	squad-1	7	bot-3
180921	bot-43	bravo	H39r-2110	latches	-0.18	3.78	327	0.00	0.00		1	muzzleRecovery	squad-2	1	bot-33
180921	bot-47	bravo	S48rm4410	score	-16.86	-2.84	41	1.92	0.07	22.53	6	seek	squad-2	3	bot-33
180921	bot-55	alpha	H46rm4310	health	2.35	19.38	231	0.00	0.00		0		squad-1	4	bot-3
180921	bot-58	alpha	S10r-2310	state+latches	-16.65	12.45	71	0.00	0.00		0		squad-1	5	bot-3
180986	bot-3	alpha	P00r-4200	tick	-13.89	20.56	100	0.00	0.00		0		squad-1	0	bot-3
181003	bot-47	bravo	S49rm4410	score	-16.78	-2.71	41	1.94	0.16	22.38	6	seek	squad-2	3	bot-33
181069	bot-45	bravo	H49mm4220	ammo	-3.98	3.85	37	0.00	0.00		0		squad-2	5	bot-33
181086	bot-33	bravo	A49rm3420	state	-15.80	-1.42	35	0.25	0.02	21.80	4	seek	squad-2	0	bot-33
181086	bot-45	bravo	H49mb4220	element	-3.98	3.85	35	0.00	0.00		0		squad-2	5	bot-33
181086	bot-50	alpha	C46rm4420	state	-2.11	14.82	219	1.01	0.14	22.13	6	seek	squad-1	2	bot-3
181103	bot-33	bravo	A49rm342G	latches	-15.81	-1.42	38	0.24	0.00		0		squad-2	0	bot-33
181103	bot-45	bravo	H49mm422G	element+latches	-3.98	3.85	34	0.00	0.00		0		squad-2	5	bot-33
181103	bot-50	alpha	C46rm442I	latches	-1.99	14.93	210	4.92	0.16	8.04	5	cover	squad-1	2	bot-3
181236	bot-55	alpha	S46rm4314	state+latches	2.35	19.38	254	0.00	0.00		0		squad-1	4	bot-3
181336	bot-33	bravo	S49rm3420	state+latches	-15.82	-1.42	38	0.00	0.02		0		squad-2	0	bot-33
181336	bot-45	bravo	H49mm4220	latches	-3.98	3.85	16	0.00	0.00		0		squad-2	5	bot-33
181336	bot-50	alpha	C46rm4422	latches	-1.26	15.74	150	4.52	1.09	7.34	5	cover	squad-1	2	bot-3
181386	bot-58	alpha	A10r-2310	state	-16.28	13.41	72	3.45	1.02	18.78	3	seek	squad-1	5	bot-3
181403	bot-43	bravo	H39r-211G	latches	-0.18	3.78	309	0.00	0.00		1	muzzleRecovery	squad-2	1	bot-33
181403	bot-58	alpha	A10r-231G	latches	-16.25	13.47	75	2.15	0.07		0		squad-1	5	bot-3
181486	bot-49	alpha	G45rb4322	score	5.55	19.05	210	0.00	0.00		0		squad-1	1	bot-3
181486	bot-50	alpha	C45rm4422	score	-0.84	16.18	111	4.28	0.61	6.98	5	cover	squad-1	2	bot-3
181486	bot-52	alpha	T45mm4420	score	2.31	18.53	226	0.00	0.00	0.84	1	medic	squad-1	6	bot-3
181486	bot-54	alpha	S45rm4320	score	3.34	18.67	229	1.97	1.10	26.17	5	seek	squad-1	3	bot-3
181486	bot-55	alpha	S45rm4314	score	2.35	19.38	242	0.00	0.00		0		squad-1	4	bot-3
181486	bot-56	alpha	E45mm4129	score	1.62	19.16	204	5.08	0.08	0.93	2	flee	squad-1	7	bot-3
181519	bot-49	alpha	G44rb4322	score	5.55	19.05	207	0.00	0.00		0		squad-1	1	bot-3
181519	bot-50	alpha	C44rm4422	score	-0.72	16.27	103	4.49	0.15	6.88	5	cover	squad-1	2	bot-3
181519	bot-52	alpha	T44mm4420	score	2.31	18.53	224	0.00	0.00	0.84	1	medic	squad-1	6	bot-3
181519	bot-54	alpha	S44rm4320	score	3.32	18.62	229	1.88	0.06	26.11	5	seek	squad-1	3	bot-3
181519	bot-55	alpha	S44rm4314	score	2.35	19.38	240	0.00	0.00		0		squad-1	4	bot-3
181519	bot-56	alpha	E44mm4129	score	1.58	19.11	204	1.92	0.06	0.97	2	flee	squad-1	7	bot-3
181586	bot-55	alpha	S44rm4414	health	2.35	19.38	234	0.00	0.00		0		squad-1	4	bot-3
181603	bot-43	bravo	H39r-221G	health	-0.18	3.78	325	0.00	0.00		1	muzzleRecovery	squad-2	1	bot-33
181636	bot-43	bravo	H39r-2210	latches	-0.18	3.78	327	0.00	0.00		1	muzzleRecovery	squad-2	1	bot-33
181636	bot-58	alpha	S10r-2310	state+latches	-16.21	13.65	75	0.74	0.18		0		squad-1	5	bot-3
181653	bot-33	bravo	A49rm3420	state	-15.80	-1.41	74	0.20	0.02	21.39	4	seek	squad-2	0	bot-33
181669	bot-33	bravo	A49rm342G	latches	-15.80	-1.42	71	0.29	0.00		0		squad-2	0	bot-33
181669	bot-49	alpha	G33r-4322	tier+score+element	5.55	19.05	196	0.00	0.00		0		squad-1	1	bot-3
181669	bot-50	alpha	C33r-4422	tier+score+element	-0.18	16.71	64	4.71	0.70	6.45	5	cover	squad-1	2	bot-3
181669	bot-52	alpha	T33m-4420	tier+score+element	2.31	18.53	209	0.00	0.00	0.84	1	medic	squad-1	6	bot-3
181669	bot-54	alpha	S33r-4320	tier+score+element	3.22	18.35	229	1.96	0.29	25.86	5	seek	squad-1	3	bot-3
181669	bot-55	alpha	S33r-4414	tier+score+element	2.35	19.38	226	0.00	0.00		0		squad-1	4	bot-3
181669	bot-56	alpha	E33m-4129	tier+score+element	1.57	19.16	204	1.77	0.04	0.98	2	flee	squad-1	7	bot-3
181736	bot-46	bravo	S49rm4420	tick	-11.88	2.24	41	2.41	2.53	19.79	5	seek	squad-2	2	bot-33
181819	bot-33	bravo	A48rm342G	score	-15.82	-1.42	71	0.00	0.02		0		squad-2	0	bot-33
181819	bot-39	bravo	S00r-4410	tick	-5.26	-9.52	48	0.00	0.00		0		squad-2	4	bot-33
181819	bot-43	bravo	H00r-2210	tier+score	-0.18	3.78	337	0.00	0.00		1	muzzleRecovery	squad-2	1	bot-33
181819	bot-45	bravo	H48mm4320	score+health	-3.98	3.85	338	0.00	0.00		0		squad-2	5	bot-33
181819	bot-46	bravo	S48rm4420	score	-11.75	2.39	41	2.38	0.20	19.59	5	seek	squad-2	2	bot-33
181819	bot-47	bravo	S48rm4410	score	-16.21	-1.89	42	0.26	0.99	21.39	5	seek	squad-2	3	bot-33
181837	bot-43	bravo	H38r-2210	tier+score	-0.18	3.78	341	0.00	0.00		1	muzzleRecovery	squad-2	1	bot-33
181903	bot-33	bravo	S48rm3420	state+latches	-15.82	-1.42	71	0.00	0.00		0		squad-2	0	bot-33
181919	bot-60	bravo	P00r-0410	initial	-10.95	17.05	0	0.00			0			-1	
181936	bot-58	alpha	A10r-2310	state	-15.70	13.96	85	2.94	0.60	18.65	4	seek	squad-1	5	bot-3
181936	bot-60	bravo	C39r-4410	state+tier+score+ammo	-10.95	17.05	0	0.00	0.00		0		squad-19	0	bot-60
181958	bot-58	alpha	C10r-2310	state	-15.70	13.98	89	1.32	0.02		0		squad-1	5	bot-3
181958	bot-60	bravo	C39r-4412	latches	-10.93	17.04	0	0.05	0.03		0		squad-19	0	bot-60
181970	bot-58	alpha	C10r-2312	latches	-15.64	14.02	82	1.97	0.07	9.80	3	cover	squad-1	5	bot-3
182002	bot-3	alpha	P00r-4200	tick	-13.89	20.56	95	0.02	0.00		0		squad-1	0	bot-3
182174	bot-49	alpha	C33r-4322	state	5.30	19.33	195	0.25	0.37		0		squad-1	1	bot-3
182174	bot-58	alpha	C00r-2312	tier	-15.33	14.02	56	1.53	0.31	9.49	3	cover	squad-1	5	bot-3
182189	bot-49	alpha	G33r-4322	state	5.32	19.31	192	1.50	0.03	0.35	1	cover	squad-1	1	bot-3
182221	bot-60	bravo	C38r-4412	score	-10.93	17.04	0	0.00	0.00		0		squad-2	4	bot-33
182237	bot-45	bravo	H48mb4320	element	-3.98	3.85	319	0.00	0.00		0		squad-2	6	bot-33
182269	bot-49	alpha	G32r-4322	score	5.53	19.03	212	0.88	0.35		0		squad-1	1	bot-3
182269	bot-50	alpha	C32r-4422	score	1.96	17.82	88	4.61	2.41	4.94	4	cover	squad-1	2	bot-3
182269	bot-52	alpha	T32m-4420	score	2.23	18.68	158	0.17	0.17	0.70	1	medic	squad-1	6	bot-3
182269	bot-54	alpha	S32r-4320	score	2.37	18.11	268	2.14	0.88	25.06	5	seek	squad-1	3	bot-3
182269	bot-55	alpha	S32r-4414	score	2.35	19.38	179	0.00	0.00		0		squad-1	4	bot-3
182269	bot-56	alpha	E32m-4129	score	1.41	19.24	204	2.11	0.18	1.16	2	flee	squad-1	7	bot-3
182286	bot-52	alpha	S32m-4420	state	2.23	18.70	158	0.17	0.01	0.69	1	medic	squad-1	6	bot-3
182336	bot-58	alpha	E00r-2310	state+latches	-14.63	13.97	51	4.93	0.70	8.79	3	cover	squad-1	5	bot-3
182356	bot-43	bravo	H38r-221G	latches	-0.18	3.78	28	0.00	0.00		1	muzzleRecovery	squad-2	1	bot-33
182356	bot-58	alpha	E00r-2311	latches	-14.71	14.05	51	3.07	0.11	2.24	1	flee	squad-1	5	bot-3
182419	bot-49	alpha	G00r-4322	tier+score	5.55	19.05	243	0.04	0.02		0		squad-1	1	bot-3
182419	bot-50	alpha	C00r-4422	tier+score	2.51	17.69	87	4.66	0.57	4.41	4	cover	squad-1	2	bot-3
182419	bot-52	alpha	S00m-4420	tier+score	1.86	18.63	197	2.40	0.37	14.55	3	seek	squad-1	6	bot-3
182419	bot-54	alpha	S00r-4320	tier+score	2.34	18.22	248	1.66	0.12	25.12	5	seek	squad-1	3	bot-3
182419	bot-55	alpha	S00r-4414	tier+score	2.35	19.38	172	0.00	0.00		0		squad-1	4	bot-3
182419	bot-56	alpha	E00m-4129	tier+score	1.47	19.42	204	4.88	0.19	1.14	2	flee	squad-1	7	bot-3
182437	bot-46	bravo	C48rm4420	state	-10.81	3.47	31	2.40	1.43	18.17	5	seek	squad-2	2	bot-33
182456	bot-46	bravo	C48rm4422	latches	-10.76	3.32	41	4.57	0.17	2.41	1	cover	squad-2	2	bot-33
182475	bot-49	alpha	S00r-4320	state+latches	5.55	19.05	250	0.02	0.00		0		squad-1	1	bot-3
182486	bot-45	bravo	M48mb4320	state	-3.98	3.85	287	0.00	0.00		0		squad-2	6	bot-33
182519	bot-33	bravo	S47rm3420	score	-15.81	-1.37	37	0.14	0.05	23.75	5	seek	squad-2	0	bot-33
182519	bot-43	bravo	H37r-221G	score	-0.18	3.78	40	0.00	0.00		1	muzzleRecovery	squad-2	1	bot-33
182519	bot-45	bravo	M47mb4320	score	-3.80	3.84	298	4.16	0.18	3.62	1	medic	squad-2	6	bot-33
182519	bot-46	bravo	C47rm4422	score	-10.66	3.04	57	4.57	0.29	2.12	1	cover	squad-2	2	bot-33
182519	bot-47	bravo	S47rm4410	score	-16.12	-1.88	112	0.21	0.09	21.32	5	seek	squad-2	3	bot-33
182519	bot-60	bravo	C37r-4412	score	-10.92	17.04	0	0.00	0.00		0		squad-2	4	bot-33
182586	bot-43	bravo	H37r-2210	latches	-0.18	3.78	46	0.00	0.00		1	muzzleRecovery	squad-2	1	bot-33
182619	bot-33	bravo	S46rm3420	score	-15.81	-1.33	37	0.35	0.04	23.72	5	seek	squad-2	0	bot-33
182619	bot-43	bravo	H36r-2210	score	-0.18	3.78	48	0.00	0.00		1	muzzleRecovery	squad-2	1	bot-33
182619	bot-45	bravo	M46mb4320	score	-3.36	3.81	311	4.40	0.43	3.19	1	medic	squad-2	6	bot-33
182619	bot-46	bravo	C46rm4422	score	-10.51	2.61	83	4.57	0.46	1.66	1	cover	squad-2	2	bot-33
182619	bot-47	bravo	S46rm4410	score	-16.11	-1.81	86	1.56	0.08	21.26	4	seek	squad-2	3	bot-33
182619	bot-60	bravo	C36r-4412	score	-10.92	17.04	0	0.00	0.00		0		squad-2	4	bot-33
182686	bot-45	bravo	M46mm432G	element+latches	-3.07	3.79	314	4.47	0.30	2.89	1	medic	squad-2	6	bot-33
182686	bot-46	bravo	S46rm4420	state+latches	-10.43	2.40	95	4.57	0.23	1.43	1	cover	squad-2	2	bot-33
182707	bot-43	bravo	H36r-2310	health	-0.18	3.78	50	0.00	0.00		1	muzzleRecovery	squad-2	1	bot-33
182752	bot-33	bravo	S45rm3420	score	-15.73	-1.26	37	0.81	0.10	23.62	5	seek	squad-2	0	bot-33
182752	bot-43	bravo	H35r-2310	score	-0.18	3.78	46	0.00	0.00		1	muzzleRecovery	squad-2	1	bot-33
182752	bot-45	bravo	M45mm432G	score	-2.78	3.77	331	4.34	0.29	2.60	1	medic	squad-2	6	bot-33
182752	bot-46	bravo	S45rm4420	score	-10.32	2.56	74	2.40	0.20	19.40	5	seek	squad-2	2	bot-33
182752	bot-47	bravo	S45rm4410	score	-16.09	-1.74	68	0.95	0.06	21.20	4	seek	squad-2	3	bot-33
182752	bot-60	bravo	C35r-4412	score	-10.92	17.03	0	0.00	0.00		0		squad-2	4	bot-33
182769	bot-55	alpha	S00r-4410	latches	2.49	19.26	177	1.05	0.18	30.28	7	seek	squad-1	4	bot-3
182786	bot-56	alpha	E00m-4120	latches	1.94	19.54	204	0.00	0.49		0		squad-1	7	bot-3
182803	bot-60	bravo	C36r-4312	score+health	-10.92	17.03	356	0.00	0.00		0		squad-2	4	bot-33
182819	bot-39	bravo	S00r-4410	tick	-5.26	-9.52	330	0.00	0.00		0		squad-2	5	bot-33
182819	bot-43	bravo	H36r-2310	score	-0.18	3.78	41	0.00	0.00		1	muzzleRecovery	squad-2	1	bot-33
182819	bot-45	bravo	M46mm432G	score	-2.49	3.75	348	4.24	0.29	2.31	1	medic	squad-2	6	bot-33
182819	bot-46	bravo	S46rm4420	score	-10.23	2.70	57	2.40	0.16	19.24	5	seek	squad-2	2	bot-33
182870	bot-33	bravo	S44rm3420	score	-15.66	-1.22	37	0.53	0.08	23.54	5	seek	squad-2	0	bot-33
182870	bot-43	bravo	H35r-2310	score	-0.18	3.78	37	0.00	0.00		1	muzzleRecovery	squad-2	1	bot-33
182870	bot-45	bravo	M45mm432G	score	-2.28	3.73	1	4.11	0.21	2.10	1	medic	squad-2	6	bot-33
182870	bot-46	bravo	S45rm4420	score	-10.16	2.80	44	2.40	0.12	19.12	5	seek	squad-2	2	bot-33
182870	bot-47	bravo	S44rm4410	score	-15.98	-1.72	49	0.68	0.11	21.11	4	seek	squad-2	3	bot-33
182870	bot-60	bravo	C35r-4312	score	-10.92	17.03	339	0.00	0.00		0		squad-2	4	bot-33
182919	bot-43	bravo	H45rm2310	tier+element	-0.18	3.78	31	0.00	0.00		1	muzzleRecovery	squad-2	1	bot-33
182919	bot-45	bravo	M45mm4320	latches	-2.08	3.72	14	3.99	0.20	1.91	1	medic	squad-2	6	bot-33
182919	bot-60	bravo	E36r-4210	state+score+health+latches	-10.92	17.03	330	0.00	0.00		0		squad-2	4	bot-33
182938	bot-43	bravo	H46rm2310	score	-0.18	3.78	28	0.00	0.00		1	muzzleRecovery	squad-2	1	bot-33
182938	bot-45	bravo	M00m-4320	tier+score+element	-2.01	3.71	19	3.97	0.07	1.83	1	medic	squad-2	6	bot-33
182938	bot-46	bravo	S46rm4420	score	-10.07	2.93	29	2.40	0.16	18.96	5	seek	squad-2	2	bot-33
182938	bot-60	bravo	E36r-4219	latches	-10.91	17.17	330	4.01	0.14	6.29	3	flee	squad-2	4	bot-33
182957	bot-43	bravo	H00r-2310	tier+score+element	-0.18	3.78	24	0.00	0.00		1	muzzleRecovery	squad-2	1	bot-33
182986	bot-45	bravo	S00m-4324	state+latches	-1.88	3.71	28	3.87	0.13	1.70	1	medic	squad-2	6	bot-33
183003	bot-3	alpha	P00r-4200	tick	-13.89	20.56	91	0.02	0.00		0		squad-1	0	bot-3
183003	bot-58	alpha	A00r-2310	state+latches	-16.63	14.08	61	0.00	1.92		0		squad-1	5	bot-3
183036	bot-58	alpha	F00r-2310	state	-16.63	14.08	60	0.00	0.00		0		squad-1	5	bot-3
183036	bot-60	bravo	E37r-4119	score+health	-10.93	17.54	330	3.83	0.37	6.01	3	flee	squad-2	4	bot-33
183052	bot-46	bravo	S47rm4420	score	-9.92	3.16	33	2.40	0.28	18.68	5	seek	squad-2	2	bot-33
183052	bot-50	alpha	S00r-4420	state+latches	5.34	17.85	87	4.21	2.83	2.89	4	cover	squad-1	2	bot-3
183052	bot-58	alpha	A00r-2310	state	-16.63	14.08	59	0.00	0.00		0		squad-1	5	bot-3
183153	bot-58	alpha	F00r-2310	state	-16.62	14.09	58	0.57	0.01		0		squad-1	5	bot-3
183153	bot-60	bravo	E38r-4019	score+health	-10.60	17.85	330	5.28	0.44	5.57	2	flee	squad-2	4	bot-33
183171	bot-45	bravo	S00m-4320	latches	-1.90	3.73	347	1.39	0.03	14.46	2	seek	squad-2	6	bot-33
183171	bot-46	bravo	S48rm4420	score	-9.76	3.40	34	2.40	0.28	18.40	5	seek	squad-2	2	bot-33
183171	bot-58	alpha	A00r-2310	state	-16.62	14.09	58	0.23	0.00		0		squad-1	5	bot-3
183252	bot-46	bravo	C48rm4420	state	-9.67	3.53	34	2.40	0.16	18.24	5	seek	squad-2	2	bot-33
183269	bot-46	bravo	C48rb4422	element+latches	-9.69	3.38	43	4.57	0.15	2.34	1	cover	squad-2	2	bot-33
183269	bot-58	alpha	F00r-2310	state	-16.62	14.10	59	0.01	0.00		0		squad-1	5	bot-3
183269	bot-58	alpha	P00r-1310	state+ammo	-16.62	14.10	59	0.00	0.00		0		squad-1	5	bot-3
183269	bot-60	bravo	D00r--000	state+tier+score+ammo+packs+latches	-10.11	17.99	330	0.00	0.52	5.14	2	flee	squad-2	4	bot-33
183288	bot-14	alpha	D00r--000	tick	-8.43	18.81	181	0.00	0.00	5.05	0		squad-1	-1	bot-3
183288	bot-46	bravo	C49rb4422	score	-9.70	3.29	47	4.57	0.08	2.25	1	cover	squad-2	2	bot-33
183288	bot-56	alpha	H00m-4120	state	1.94	19.54	204	0.00	0.00		0		squad-1	7	bot-3
183288	bot-58	alpha	S00r-1310	state	-16.62	14.10	59	0.00	0.00		0		squad-1	5	bot-3
183288	bot-58	alpha	S00r-R310	ammo	-16.57	14.10	64	2.58	0.05	18.15	4	seek	squad-1	5	bot-3
183320	bot-58	alpha	C00r-R310	state	-16.51	14.10	70	2.57	0.06	18.11	4	seek	squad-1	5	bot-3
183336	bot-58	alpha	C00r-R312	latches	-16.59	14.18	63	4.61	0.12	0.52	1	cover	squad-1	5	bot-3
183369	bot-58	alpha	G00r-R312	state	-16.65	14.24	58	4.42	0.08	0.43	1	cover	squad-1	5	bot-3
183386	bot-43	bravo	S00r-2314	state+latches	-0.18	3.78	306	0.00	0.00		1	muzzleRecovery	squad-2	1	bot-33
183419	bot-52	alpha	S00m-4420	tick	-0.25	17.68	212	2.15	2.32	12.56	3	seek	squad-1	6	bot-3
183419	bot-54	alpha	S00r-4320	tick	0.93	17.02	228	1.63	1.85	23.27	5	seek	squad-1	3	bot-3
183486	bot-43	bravo	S00r-2310	latches	-0.19	3.79	301	1.18	0.02	17.69	3	seek	squad-2	1	bot-33
183486	bot-46	bravo	S49rb4424	state+latches	-9.79	2.47	94	4.57	0.83	1.43	1	cover	squad-2	2	bot-33
183486	bot-49	alpha	S00r-4320	tick	3.30	18.91	233	1.88	2.25	17.92	3	seek	squad-1	1	bot-3
183503	bot-45	bravo	S49mm4320	tier+score+element	-2.31	4.15	310	2.49	0.59	13.87	2	seek	squad-2	5	bot-33
183503	bot-46	bravo	S49rm4424	element	-9.79	2.47	87	0.00	0.00		0		squad-2	2	bot-33
183503	bot-56	alpha	H00m-4220	health	1.94	19.54	180	0.00	0.00		0		squad-1	7	bot-3
183519	bot-43	bravo	S49rm2310	tier+score+element	-0.22	3.82	308	1.27	0.04	17.65	3	seek	squad-2	1	bot-33
183536	bot-58	alpha	S00r-R310	state+latches	-16.94	14.54	92	0.00	0.42		0		squad-1	5	bot-3
183736	bot-49	alpha	P00r-4320	state	2.89	18.79	245	1.93	0.43	17.52	3	seek	squad-1	1	bot-3
183786	bot-55	alpha	S00r-4410	tick	1.22	17.92	220	2.42	1.85	28.43	7	seek	squad-1	4	bot-3
183836	bot-39	bravo	S00r-4410	tick	-5.26	-9.52	24	0.00	0.00		0		squad-2	4	bot-33
183836	bot-54	alpha	A00r-4320	state	0.52	16.66	228	1.49	0.55	22.72	5	seek	squad-1	3	bot-3
183853	bot-54	alpha	A00r-432G	latches	0.52	16.66	225	0.20	0.00		0		squad-1	3	bot-3
183869	bot-43	bravo	A49rm2310	state	-0.67	4.25	314	2.63	0.62	17.03	3	seek	squad-2	1	bot-33
183886	bot-33	bravo	S44rm3420	tick	-15.27	-1.07	49	0.27	0.42	23.19	5	seek	squad-2	0	bot-33
183886	bot-47	bravo	S44rm4410	tick	-15.80	-1.39	42	0.07	0.37	20.75	4	seek	squad-2	3	bot-33
183886	bot-58	alpha	A00r-R310	state	-16.28	14.41	136	2.63	0.68	18.52	4	seek	squad-1	5	bot-3
183919	bot-43	bravo	A49rm231G	latches	-0.67	4.26	304	0.00	0.01		0		squad-2	1	bot-33
183919	bot-58	alpha	A00r-R31G	latches	-16.26	14.41	129	0.02	0.01		0		squad-1	5	bot-3
183992	bot-46	bravo	S49rm4420	latches	-9.78	2.49	16	1.32	0.03	18.76	4	seek	squad-2	2	bot-33
184012	bot-3	alpha	P00r-4200	tick	-13.89	20.56	86	0.09	0.00		0		squad-1	0	bot-3
184053	bot-50	alpha	S00r-4420	tick	2.96	17.98	217	2.19	2.38	17.82	4	seek	squad-1	2	bot-3
184103	bot-54	alpha	S00r-4320	state+latches	0.49	16.77	225	0.10	0.11		0		squad-1	3	bot-3
184136	bot-46	bravo	C49rm4420	state	-9.69	2.64	28	1.32	0.17	18.60	4	seek	squad-2	2	bot-33
184153	bot-43	bravo	S49rm2310	state+latches	-0.67	4.26	304	0.00	0.00		0		squad-2	1	bot-33
184153	bot-46	bravo	C49rb4422	element+latches	-9.70	2.59	35	1.48	0.05	1.56	1	cover	squad-2	2	bot-33
184153	bot-58	alpha	S00r-R310	state+latches	-16.26	14.41	129	0.00	0.00		0		squad-1	5	bot-3
184202	bot-46	bravo	S49rb4424	state+latches	-9.71	2.54	42	1.48	0.05	1.51	1	cover	squad-2	2	bot-33
184219	bot-46	bravo	S49rm4424	element	-9.71	2.54	48	0.00	0.00		0		squad-2	2	bot-33
184419	bot-43	bravo	A49rm2310	state	-0.97	4.54	312	2.50	0.41	18.05	3	seek	squad-2	1	bot-33
184419	bot-54	alpha	A00r-4320	state	0.27	16.71	208	0.98	0.23	21.87	5	seek	squad-1	3	bot-3
184419	bot-58	alpha	A00r-R310	state	-15.85	14.33	128	2.52	0.43	18.99	3	seek	squad-1	5	bot-3
184436	bot-33	bravo	A44rb3420	state+element	-14.92	-0.72	36	1.80	0.50	22.69	5	seek	squad-2	0	bot-33
184436	bot-52	alpha	S00m-4420	tick	-1.57	15.88	211	1.41	2.23	10.34	3	seek	squad-1	6	bot-3
184436	bot-54	alpha	A00r-432G	latches	0.27	16.72	211	0.25	0.00		0		squad-1	3	bot-3
184453	bot-33	bravo	A44rm342G	element+latches	-14.92	-0.72	40	0.00	0.00		0		squad-2	0	bot-33
184519	bot-43	bravo	A49rm231G	latches	-0.97	4.55	303	0.00	0.01		0		squad-2	1	bot-33
184519	bot-45	bravo	S49mm4320	tick	-4.04	5.97	316	2.47	2.51	11.38	2	seek	squad-2	5	bot-33
184519	bot-56	alpha	H00m-4220	tick	1.94	19.54	231	0.00	0.00		0		squad-1	7	bot-3
184519	bot-58	alpha	A00r-R31G	latches	-15.84	14.34	123	0.00	0.01		0		squad-1	5	bot-3
184619	bot-56	alpha	H00m-4320	health	1.94	19.54	239	0.00	0.00		0		squad-1	7	bot-3
184686	bot-54	alpha	S00r-4320	state+latches	0.26	16.77	211	0.00	0.05		0		squad-1	3	bot-3
184702	bot-33	bravo	S44rm3424	state+latches	-14.92	-0.71	40	0.00	0.01		0		squad-2	0	bot-33
184702	bot-46	bravo	S49rm4420	latches	-9.69	2.56	15	1.32	0.02	18.89	5	seek	squad-2	2	bot-33
184752	bot-43	bravo	S49rm2310	state+latches	-0.97	4.55	303	0.00	0.00		0		squad-2	1	bot-33
184752	bot-49	alpha	P00r-4320	tick	2.86	18.78	250	0.00	0.03		0		squad-1	1	bot-3
184752	bot-58	alpha	S00r-R310	state+latches	-15.84	14.34	123	0.00	0.00		0		squad-1	5	bot-3
184786	bot-39	bravo	P00r-4410	state	-5.26	-9.52	36	0.00	0.00		0		squad-2	4	bot-33
184786	bot-52	alpha	A00m-4420	state	-1.81	15.47	211	1.10	0.47	9.86	3	seek	squad-1	6	bot-3
184802	bot-52	alpha	A00m-442G	latches	-1.81	15.47	208	0.24	0.00		0		squad-1	6	bot-3
184802	bot-55	alpha	S00r-4410	tick	-0.91	17.05	222	2.41	2.30	26.42	6	seek	squad-1	4	bot-3
184836	bot-43	bravo	A49rm2310	state	-1.06	4.63	311	1.52	0.12	17.93	3	seek	squad-2	1	bot-33
184836	bot-58	alpha	A00r-R310	state	-15.73	14.31	106	1.40	0.12	18.88	3	seek	squad-1	5	bot-3
184886	bot-43	bravo	F49rm2310	state	-1.06	4.64	303	0.01	0.00		0		squad-2	1	bot-33
184886	bot-47	bravo	S44rm4410	tick	-15.56	-1.22	42	0.38	0.30	20.45	4	seek	squad-2	3	bot-33
184902	bot-43	bravo	A49rm2310	state	-1.06	4.64	303	0.00	0.00		0		squad-2	1	bot-33
184952	bot-33	bravo	S44rm3420	latches	-14.91	-0.70	42	1.01	0.02	22.98	3	seek	squad-2	0	bot-33
184952	bot-46	bravo	C49rm4420	state	-9.53	2.84	26	2.40	0.32	18.57	5	seek	squad-2	2	bot-33
184969	bot-46	bravo	C49rb4422	element+latches	-9.57	2.69	34	4.57	0.15	1.68	1	cover	squad-2	2	bot-33
184986	bot-33	bravo	A44rb3420	state+element	-14.90	-0.69	39	1.04	0.02	22.96	3	seek	squad-2	0	bot-33
184986	bot-54	alpha	A00r-4320	state	0.09	16.60	227	1.55	0.24	21.28	5	seek	squad-1	3	bot-3
185003	bot-43	bravo	F49rm2310	state	-1.06	4.64	303	0.00	0.00		0		squad-2	1	bot-33
185003	bot-47	bravo	A44rm4410	state	-15.54	-1.21	42	0.17	0.02	20.43	4	seek	squad-2	3	bot-33
185025	bot-3	alpha	P00r-4200	tick	-13.89	20.56	82	0.00	0.00		0		squad-1	0	bot-3
185025	bot-33	bravo	A44rm342G	element+latches	-14.90	-0.68	41	0.09	0.00		0		squad-2	0	bot-33
185025	bot-43	bravo	A49rm2310	state	-1.06	4.64	303	0.00	0.00		0		squad-2	1	bot-33
185025	bot-46	bravo	S49rb4424	state+latches	-9.60	2.54	43	4.57	0.15	1.53	1	cover	squad-2	2	bot-33
185025	bot-47	bravo	A44rm441G	latches	-15.54	-1.22	41	0.33	0.01		0		squad-2	3	bot-33
185025	bot-54	alpha	A00r-432G	latches	0.09	16.60	221	0.00	0.00		0		squad-1	3	bot-3
185037	bot-46	bravo	S49rm4424	element	-9.60	2.54	48	0.00	0.00		0		squad-2	2	bot-33
185037	bot-52	alpha	S00m-4420	state+latches	-1.82	15.51	208	0.01	0.04		0		squad-1	6	bot-3
185054	bot-50	alpha	S00r-4420	tick	0.93	17.54	201	2.14	2.08	16.72	3	seek	squad-1	2	bot-3
185119	bot-43	bravo	F49rm2310	state	-1.06	4.64	303	0.00	0.00		0		squad-2	1	bot-33
185136	bot-43	bravo	A49rm2310	state	-1.06	4.64	303	0.00	0.00		0		squad-2	1	bot-33
185202	bot-58	alpha	A00r-4310	ammo	-15.72	14.31	123	0.00	0.00		0		squad-1	5	bot-3
185236	bot-43	bravo	F49rm2310	state	-1.06	4.64	303	0.00	0.00		0		squad-2	1	bot-33
185253	bot-33	bravo	S44rm3424	state+latches	-14.90	-0.68	41	0.00	0.00		0		squad-2	0	bot-33
185253	bot-43	bravo	A49rm2310	state	-1.06	4.64	303	0.00	0.00		0		squad-2	1	bot-33
185253	bot-47	bravo	S44rm4410	state+latches	-15.56	-1.23	41	0.00	0.02		0		squad-2	3	bot-33
185253	bot-54	alpha	S00r-4320	state+latches	0.07	16.63	221	0.03	0.04		0		squad-1	3	bot-3
185289	bot-56	alpha	S00m-4320	state	1.94	19.54	259	0.00	0.00		0		squad-1	7	bot-3
185352	bot-43	bravo	F49rm2310	state	-1.06	4.64	303	0.00	0.00		0		squad-2	1	bot-33
185352	bot-52	alpha	C00m-4420	state	-1.93	15.31	211	1.53	0.23	10.78	3	seek	squad-1	6	bot-3
185369	bot-43	bravo	U49rm2310	state	-1.06	4.64	303	0.00	0.00		0		squad-2	1	bot-33
185369	bot-45	bravo	C49mb4320	state+element	-5.49	7.46	307	2.47	2.08	9.33	2	seek	squad-2	5	bot-33
185369	bot-52	alpha	C00m-4422	latches	-1.95	15.22	204	2.97	0.09	3.00	6	cover	squad-1	6	bot-3
185386	bot-45	bravo	C49mb4322	latches	-5.36	7.53	316	4.48	0.15	4.40	2	cover	squad-2	5	bot-33
185402	bot-33	bravo	A44rm3420	state+latches	-14.90	-0.68	53	0.00	0.00		0		squad-2	0	bot-33
185402	bot-58	alpha	A00r-431G	latches	-15.72	14.31	123	0.00	0.00		0		squad-1	5	bot-3
185419	bot-43	bravo	U49rmR31G	ammo+latches	-1.13	4.69	303	1.37	0.09	6.67	1	pursue	squad-2	1	bot-33
185436	bot-47	bravo	A44rb4410	state+element	-15.55	-1.22	41	0.18	0.01	20.83	4	seek	squad-2	3	bot-33
185486	bot-50	alpha	A00r-4420	state	0.30	16.97	232	2.08	0.85	16.00	3	seek	squad-1	2	bot-3
185502	bot-50	alpha	A00r-442G	latches	0.30	16.97	229	0.00	0.00		0		squad-1	2	bot-3
185536	bot-46	bravo	S49rm4420	latches	-9.59	2.56	14	1.32	0.02	18.18	4	seek	squad-2	2	bot-33
185536	bot-54	alpha	A00r-4320	state	-0.19	16.43	227	1.92	0.33	20.97	5	seek	squad-1	3	bot-3
185553	bot-58	alpha	C00r-4310	state+latches	-15.72	14.31	123	0.00	0.00		0		squad-1	5	bot-3
185570	bot-54	alpha	A00r-432G	latches	-0.19	16.44	221	0.13	0.01		0		squad-1	3	bot-3
185570	bot-58	alpha	C00r-4312	latches	-15.76	14.32	120	1.07	0.04	2.20	1	cover	squad-1	5	bot-3
185669	bot-43	bravo	S49rmR310	state+latches	-1.55	4.97	303	4.33	0.50	6.17	1	pursue	squad-2	1	bot-33
185719	bot-52	alpha	A00m-4420	state+latches	-2.21	14.46	198	2.24	0.81	3.32	5	cover	squad-1	6	bot-3
185738	bot-50	alpha	S00r-4420	state+latches	0.30	16.98	229	0.00	0.01		0		squad-1	2	bot-3
185738	bot-55	alpha	C00r-4410	state	-1.86	15.57	218	1.48	1.76	24.67	6	seek	squad-1	4	bot-3
185759	bot-46	bravo	C49rm4420	state	-9.46	2.79	28	1.32	0.27	17.91	4	seek	squad-2	2	bot-33
185759	bot-49	alpha	P00r-4320	tick	2.86	18.78	250	0.00	0.00		0		squad-1	1	bot-3
185759	bot-55	alpha	C00r-4412	latches	-1.87	15.45	207	1.91	0.11	2.12	6	cover	squad-1	4	bot-3
185774	bot-46	bravo	S49rm4420	state	-9.48	2.70	34	4.57	0.10	1.71	1	cover	squad-2	2	bot-33
185796	bot-39	bravo	P00r-4410	tick	-5.26	-9.52	40	0.00	0.00		0		squad-2	4	bot-33
185808	bot-54	alpha	S00r-4320	state+latches	-0.19	16.44	221	0.00	0.00		0		squad-1	3	bot-3
185845	bot-33	bravo	A00r-3420	tier+score+element	-14.90	-0.68	40	0.00	0.00		0		squad-2	0	bot-33
185845	bot-43	bravo	U47rmR310	state+score	-1.88	5.25	313	2.46	0.43	16.54	3	seek	squad-2	1	bot-33
185845	bot-45	bravo	C47mb4322	score	-3.90	8.44	16	2.35	1.72	2.69	2	cover	squad-2	5	bot-33
185845	bot-46	bravo	S47rm4420	score	-9.38	2.88	27	2.40	0.21	17.57	5	seek	squad-2	2	bot-33
185845	bot-47	bravo	A00r-4410	tier+score+element	-15.56	-1.23	40	0.00	0.01		0		squad-2	3	bot-33
185879	bot-43	bravo	U47rmR31G	latches	-2.06	5.36	304	4.28	0.21	5.95	1	pursue	squad-2	1	bot-33
185923	bot-43	bravo	U46rmR31G	score	-2.21	5.45	304	4.12	0.18	5.77	1	pursue	squad-2	1	bot-33
185923	bot-45	bravo	C46mb4322	score	-3.76	8.52	15	1.68	0.16	2.53	2	cover	squad-2	5	bot-33
185923	bot-46	bravo	S46rm4420	score	-9.28	3.04	27	2.40	0.19	17.38	5	seek	squad-2	2	bot-33
185953	bot-52	alpha	F00m-4420	state	-2.21	14.48	194	0.00	0.02		0		squad-1	6	bot-3
185969	bot-43	bravo	U47rmR31G	score	-2.37	5.56	304	4.16	0.19	5.58	1	pursue	squad-2	1	bot-33
185969	bot-45	bravo	E47mb4220	state+score+health+latches	-3.72	8.55	14	1.87	0.05		0		squad-2	5	bot-33
185969	bot-46	bravo	S47rm4420	score	-9.23	3.13	27	2.40	0.11	17.27	5	seek	squad-2	2	bot-33
185969	bot-52	alpha	A00m-4420	state	-2.21	14.47	194	0.00	0.00		0		squad-1	6	bot-3
185986	bot-45	bravo	E47mb4229	latches	-3.65	8.45	14	3.54	0.12	6.14	2	flee	squad-2	5	bot-33
186036	bot-3	alpha	P00r-4200	tick	-13.89	20.56	74	0.07	0.00		0		squad-1	0	bot-3
186036	bot-43	bravo	U46rmR31G	score	-2.60	5.70	304	4.13	0.28	5.30	1	pursue	squad-2	1	bot-33
186036	bot-45	bravo	E46mb4229	score	-3.58	8.32	13	2.81	0.15	5.99	2	flee	squad-2	5	bot-33
186036	bot-46	bravo	S46rm4420	score	-9.15	3.27	27	2.40	0.16	17.11	5	seek	squad-2	2	bot-33
186055	bot-43	bravo	C46rmR31G	state	-2.60	5.70	304	4.13	0.00	5.30	1	pursue	squad-2	1	bot-33
186069	bot-43	bravo	C46rbR31I	element+latches	-2.73	5.79	303	4.64	0.15	5.15	1	pursue	squad-2	1	bot-33
186069	bot-58	alpha	A00r-4310	state+latches	-16.80	14.43	115	2.34	1.05	1.16	1	cover	squad-1	5	bot-3
186092	bot-54	alpha	A00r-4320	state	-0.49	16.28	226	1.66	0.34	20.65	5	seek	squad-1	3	bot-3
186102	bot-43	bravo	C46rbR312	latches	-2.86	5.87	306	4.67	0.15	4.99	1	pursue	squad-2	1	bot-33
186102	bot-49	alpha	P21r-4320	tier+score	2.86	18.78	250	0.00	0.00		0		squad-1	1	bot-3
186102	bot-50	alpha	S21r-4420	tier+score	-0.11	16.70	215	1.77	0.49	24.73	4	seek	squad-1	2	bot-3
186102	bot-52	alpha	F21m-4320	state+tier+score+health	-2.26	14.32	191	0.00	0.16		0		squad-1	6	bot-3
186102	bot-54	alpha	A21r-432G	tier+score+latches	-0.51	16.29	222	0.35	0.02		0		squad-1	3	bot-3
186102	bot-55	alpha	C21r-4412	tier+score	-2.11	14.89	192	0.77	0.62	2.19	5	cover	squad-1	4	bot-3
186102	bot-56	alpha	S21m-4320	tier+score	0.68	18.29	220	2.10	1.78	25.81	5	seek	squad-1	7	bot-3
186123	bot-43	bravo	C47rbR312	score	-2.95	5.92	311	4.65	0.10	4.89	1	pursue	squad-2	1	bot-33
186123	bot-45	bravo	E47mb4129	score+health	-3.46	8.13	11	2.36	0.22	5.77	2	flee	squad-2	5	bot-33
186123	bot-46	bravo	S47rm4420	score	-9.04	3.45	27	2.40	0.21	16.90	5	seek	squad-2	2	bot-33
186123	bot-50	alpha	A21r-4420	state	-0.10	16.71	215	1.77	0.01	24.74	4	seek	squad-1	2	bot-3
186123	bot-52	alpha	A21m-4320	state	-2.27	14.31	191	0.00	0.01		0		squad-1	6	bot-3
186140	bot-50	alpha	A21r-442G	latches	-0.10	16.71	220	0.00	0.00		0		squad-1	2	bot-3
186159	bot-43	bravo	C46rbR312	score	-3.09	6.01	320	4.68	0.16	4.73	1	pursue	squad-2	1	bot-33
186159	bot-45	bravo	E46mb4129	score	-3.42	8.06	11	2.41	0.08	5.69	2	flee	squad-2	5	bot-33
186159	bot-46	bravo	S46rm4420	score	-9.00	3.53	27	2.40	0.08	16.81	5	seek	squad-2	2	bot-33
186159	bot-52	alpha	C21m-4320	state	-2.27	14.30	191	0.00	0.02		0		squad-1	6	bot-3
186178	bot-52	alpha	C21m-4322	latches	-2.31	14.23	190	1.30	0.07	3.45	5	cover	squad-1	6	bot-3
186199	bot-55	alpha	A21r-4410	state+latches	-2.14	14.83	190	1.27	0.06	2.20	5	cover	squad-1	4	bot-3
186257	bot-49	alpha	C32r-4320	state+tier+score	2.86	18.78	247	0.00	0.00		0		squad-1	1	bot-3
186257	bot-50	alpha	A32r-442G	tier+score	-0.10	16.74	220	0.02	0.03		0		squad-1	2	bot-3
186257	bot-52	alpha	E32m-4220	state+tier+score+health+latches	-2.38	14.07	189	3.13	0.17		0		squad-1	6	bot-3
186257	bot-52	alpha	E32m-3220	ammo	-2.30	14.10	188	5.09	0.07	6.94	2	flee	squad-1	6	bot-3
186257	bot-54	alpha	A32r-432G	tier+score	-0.56	16.34	222	0.05	0.07		0		squad-1	3	bot-3
186257	bot-55	alpha	A32r-4410	tier+score	-2.14	14.83	189	0.00	0.00		0		squad-1	4	bot-3
186257	bot-56	alpha	S32m-4320	tier+score	0.48	18.04	220	2.18	0.33	25.49	5	seek	squad-1	7	bot-3
186278	bot-49	alpha	C32r-4322	latches	2.86	18.78	247	0.00	0.00		0		squad-1	1	bot-3
186278	bot-52	alpha	E32m-3229	latches	-2.23	14.13	189	3.53	0.08	6.86	2	flee	squad-1	6	bot-3
186293	bot-43	bravo	G46rbR312	state	-3.60	6.11	351	5.13	0.53	0.35	1	cover	squad-2	1	bot-33
186352	bot-54	alpha	S32r-4320	state+latches	-0.56	16.34	222	0.00	0.00		0		squad-1	3	bot-3
186369	bot-47	bravo	F00r-4410	state	-15.56	-1.23	41	0.00	0.00		0		squad-2	3	bot-33
186369	bot-49	alpha	C33r-4322	score	2.86	18.78	247	0.00	0.00		0		squad-1	1	bot-3
186369	bot-50	alpha	A33r-442G	score	-0.10	16.74	220	0.00	0.00		0		squad-1	2	bot-3
186369	bot-52	alpha	E33m-3129	score+health	-1.96	14.35	189	5.24	0.35	6.51	2	flee	squad-1	6	bot-3
186369	bot-54	alpha	S33r-4320	score	-0.59	16.33	224	1.00	0.03	20.61	4	seek	squad-1	3	bot-3
186369	bot-55	alpha	A33r-4410	score	-2.11	14.88	192	0.00	0.05		0		squad-1	4	bot-3
186369	bot-56	alpha	S33m-4320	score	0.30	17.87	220	2.24	0.25	25.24	5	seek	squad-1	7	bot-3
186369	bot-58	alpha	C00r-4310	state	-16.78	14.42	117	0.00	0.02		0		squad-1	5	bot-3
186386	bot-47	bravo	A00r-4410	state	-15.56	-1.23	41	0.00	0.00		0		squad-2	3	bot-33
186386	bot-50	alpha	S33r-4420	state+latches	-0.10	16.74	220	0.00	0.00		0		squad-1	2	bot-3
186386	bot-58	alpha	C00r-4312	latches	-16.80	14.40	117	0.93	0.03	4.34	1	cover	squad-1	5	bot-3
186403	bot-49	alpha	C44rm4322	tier+score+element	2.86	18.78	247	0.00	0.00		0		squad-1	1	bot-3
186403	bot-50	alpha	S44rm4420	tier+score+element	-0.12	16.72	215	0.74	0.02	24.74	5	seek	squad-1	2	bot-3
186403	bot-52	alpha	E44mb3029	tier+score+element+health	-1.85	14.45	189	5.20	0.15	6.36	2	flee	squad-1	6	bot-3
186403	bot-54	alpha	S44rm4320	tier+score+element	-0.62	16.32	225	1.10	0.04	20.58	4	seek	squad-1	3	bot-3
186403	bot-55	alpha	A44rb4410	tier+score+element	-2.12	14.93	192	0.35	0.05		0		squad-1	4	bot-3
186403	bot-56	alpha	S44mm4320	tier+score+element	0.24	17.82	220	2.24	0.07	25.17	5	seek	squad-1	7	bot-3
186419	bot-33	bravo	F00r-3420	state	-14.90	-0.68	41	0.00	0.00		0		squad-2	0	bot-33
186419	bot-33	bravo	P00r-2420	state+ammo	-14.90	-0.68	41	0.00	0.00		0		squad-2	0	bot-33
186419	bot-52	alpha	D00m--000	state+tier+score+element+ammo+packs+latches	-1.85	14.44	189	0.00	0.01	6.38	2	flee	squad-1	6	bot-3
186419	bot-43	bravo	S47rbR314	state+score+latches	-3.95	6.05	349	0.00	0.35		0		squad-2	1	bot-33
186419	bot-45	bravo	E47mm4020	score+element+health+latches	-3.05	7.46	10	0.00	0.70		0		squad-2	5	bot-33
186419	bot-46	bravo	S47rm4420	score	-8.69	4.07	27	2.40	0.63	16.19	5	seek	squad-2	2	bot-33
186419	bot-47	bravo	S00r-4410	state	-15.57	-1.23	41	0.03	0.00		0		squad-2	3	bot-33
186419	bot-49	alpha	C46rm4322	score	2.84	18.77	244	1.13	0.02	7.07	6	cover	squad-1	1	bot-3
186419	bot-50	alpha	S46rm4420	score	-0.13	16.71	215	0.78	0.01	24.73	5	seek	squad-1	2	bot-3
186419	bot-54	alpha	S46rm4320	score	-0.64	16.31	225	1.15	0.02	20.56	4	seek	squad-1	3	bot-3
186419	bot-55	alpha	A46rm442G	score+element+packs+latches	-2.11	14.95	192	0.51	0.03		0		squad-1	4	bot-3
186419	bot-56	alpha	S46mm4320	score	0.21	17.80	220	2.17	0.04	25.13	5	seek	squad-1	7	bot-3
186442	bot-25	alpha	D00m--0A0	tick	-3.12	11.83	177	0.00	0.00	2.78	0		squad-1	-1	bot-3
186442	bot-33	bravo	A00r-2420	state	-14.90	-0.68	41	0.00	0.00		0		squad-2	0	bot-33
186442	bot-43	bravo	S47rmR314	element	-3.95	6.05	346	0.00	0.00		0		squad-2	1	bot-33
186442	bot-45	bravo	E47mb4020	element	-3.05	7.46	4	0.00	0.00		0		squad-2	5	bot-33
186442	bot-55	alpha	A46rb4420	element+latches	-2.10	14.96	196	0.69	0.02		0		squad-1	4	bot-3
186461	bot-33	bravo	A00r-242G	latches	-14.90	-0.68	39	0.00	0.00		0		squad-2	0	bot-33
186461	bot-55	alpha	A46rm442G	element+latches	-2.09	14.97	196	1.30	0.02		0		squad-1	4	bot-3
186472	bot-47	bravo	P00r-4410	state	-15.55	-1.22	32	0.19	0.02	17.60	3	seek	squad-2	3	bot-33
186486	bot-45	bravo	E47mm402G	element+latches	-3.05	7.46	356	0.00	0.00		0		squad-2	5	bot-33
186486	bot-58	alpha	C00r-431I	latches	-16.88	14.34	119	0.92	0.10	4.24	1	cover	squad-1	5	bot-3
186569	bot-46	bravo	C47rm4420	state	-8.53	4.35	27	2.40	0.32	15.87	5	seek	squad-2	2	bot-33
186586	bot-46	bravo	C47rm4422	latches	-8.59	4.21	35	4.57	0.15	3.44	1	cover	squad-2	2	bot-33
186669	bot-54	alpha	A46rm4320	state	-0.95	16.09	227	2.41	0.38	20.19	4	seek	squad-1	3	bot-3
186689	bot-50	alpha	A46rb4420	state+element	-0.22	16.49	216	1.41	0.24	24.50	5	seek	squad-1	2	bot-3
186702	bot-33	bravo	S00r-2420	state+latches	-14.90	-0.68	39	0.00	0.00		0		squad-2	0	bot-33
186702	bot-50	alpha	A46rm442G	element+latches	-0.22	16.49	220	0.00	0.00		0		squad-1	2	bot-3
186702	bot-54	alpha	A46rm432G	latches	-0.95	16.09	220	0.20	0.00		0		squad-1	3	bot-3
186702	bot-55	alpha	S46rm4424	state+latches	-2.08	14.98	196	0.00	0.01		0		squad-1	4	bot-3
186721	bot-49	alpha	S46rm4320	state+latches	1.96	18.30	242	4.10	1.00	6.97	6	cover	squad-1	1	bot-3
186736	bot-45	bravo	E47mm4020	latches	-3.07	7.45	356	0.00	0.02		0		squad-2	5	bot-33
186736	bot-58	alpha	C00r-4312	latches	-17.25	14.10	179	2.08	0.44	3.81	1	cover	squad-1	5	bot-3
186803	bot-39	bravo	P00r-4410	tick	-5.26	-9.52	40	0.00	0.00		0		squad-2	4	bot-33
186869	bot-43	bravo	C47rmR310	state+latches	-3.95	6.05	325	0.00	0.00		0		squad-2	1	bot-33
186886	bot-43	bravo	C47rbR312	element+latches	-3.93	6.10	332	1.51	0.05	4.25	2	cover	squad-2	1	bot-33
186920	bot-61	bravo	P00r-0410	initial	-1.95	9.55	0	0.00			0			-1	
186920	bot-62	alpha	P00r-0410	initial	11.55	12.05	0	0.00			0			-1	
186936	bot-61	bravo	S47rm4410	state+tier+score+element+ammo	-1.95	9.55	0	0.00	0.00		0		squad-20	0	bot-61
186936	bot-62	alpha	S00r-4410	state+ammo	11.55	12.05	0	0.00	0.00		0		squad-10	0	
186967	bot-45	bravo	H47mm4020	state	-3.07	7.45	356	0.00	0.00		0		squad-2	5	bot-33
186967	bot-50	alpha	S46rm4424	state+latches	-0.23	16.50	220	0.01	0.02		0		squad-1	2	bot-3
186967	bot-54	alpha	S46rm4320	state+latches	-0.95	16.09	220	0.00	0.01		0		squad-1	3	bot-3
186967	bot-55	alpha	S46rm4420	latches	-2.09	14.96	230	0.31	0.01	23.35	6	seek	squad-1	4	bot-3
186967	bot-62	alpha	P00r-4410	state	11.60	12.05	356	2.49	0.05	29.34	9	seek	squad-10	0	
186983	bot-61	bravo	P47rm4410	state	-1.93	9.58	12	1.31	0.03	3.87	1	seek	squad-2	6	bot-33
187001	bot-61	bravo	S47rm4410	state	-1.92	9.59	16	1.31	0.02	27.01	0		squad-2	6	bot-33
187012	bot-33	bravo	S45rm2420	tier+score+element	-14.59	-0.33	34	2.35	0.47	19.81	3	seek	squad-2	0	bot-33
187037	bot-3	alpha	P00r-4200	tick	-13.89	20.56	67	0.02	0.00		0		squad-1	0	bot-3
187070	bot-49	alpha	C46rm4320	state	1.33	17.79	210	2.28	0.81	10.64	3	seek	squad-1	1	bot-3
187087	bot-49	alpha	C46rm4322	latches	1.28	17.66	201	4.12	0.14	5.95	6	cover	squad-1	1	bot-3
187170	bot-46	bravo	S47rm4420	state+latches	-9.62	1.82	181	4.57	2.60	0.84	1	cover	squad-2	2	bot-33
187204	bot-50	alpha	S46rm4420	latches	-0.23	16.50	215	0.45	0.01	24.49	4	seek	squad-1	2	bot-3
187227	bot-33	bravo	A45rb2420	state+element	-14.28	0.01	34	2.45	0.47	19.35	3	seek	squad-2	0	bot-33
187227	bot-55	alpha	A46rb4420	state+element	-2.11	14.84	220	0.86	0.13	23.24	6	seek	squad-1	4	bot-3
187287	bot-33	bravo	A45rm242G	element+latches	-14.28	0.02	39	0.00	0.01		0		squad-2	0	bot-33
187287	bot-55	alpha	A46rm442G	element+latches	-2.11	14.84	219	0.52	0.00		0		squad-1	4	bot-3
187311	bot-33	bravo	A45rb2420	element+latches	-14.28	0.02	39	0.00	0.00		0		squad-2	0	bot-33
187311	bot-54	alpha	A46rm4320	state	-1.31	15.77	226	1.76	0.49	19.70	4	seek	squad-1	3	bot-3
187331	bot-33	bravo	A45rm242G	element+latches	-14.28	0.02	39	0.00	0.00		0		squad-2	0	bot-33
187331	bot-43	bravo	C47rb4312	ammo	-3.84	7.49	351	4.67	1.40	3.15	2	cover	squad-2	1	bot-33
187331	bot-54	alpha	A46rm432G	latches	-1.32	15.78	221	0.48	0.02		0		squad-1	3	bot-3
187396	bot-45	bravo	H47mm4120	health	-3.08	7.45	2	0.28	0.01		0		squad-2	5	bot-33
187410	bot-33	bravo	A45rb2420	element+latches	-14.28	0.02	41	0.00	0.00		0		squad-2	0	bot-33
187410	bot-47	bravo	A00r-4410	state	-15.50	-1.19	50	0.14	0.07	2.68	2	packseek	squad-2	3	bot-33
187410	bot-49	alpha	A46rm4320	state+latches	0.39	16.93	242	4.07	1.15	6.06	5	cover	squad-1	1	bot-3
187427	bot-33	bravo	A45rm242G	element+latches	-14.28	0.02	41	0.00	0.00		0		squad-2	0	bot-33
187427	bot-47	bravo	A00r-441G	latches	-15.50	-1.19	47	0.29	0.00		0		squad-2	3	bot-33
187427	bot-49	alpha	A46rm432G	latches	0.39	16.93	239	0.00	0.00		0		squad-1	1	bot-3
187427	bot-56	alpha	S46mm4320	tick	-1.63	16.80	218	1.06	2.10	23.19	6	seek	squad-1	6	bot-3
187438	bot-46	bravo	C47rm4420	state	-9.29	2.39	111	2.40	0.66	19.75	4	seek	squad-2	2	bot-33
187455	bot-46	bravo	C47rm4422	latches	-9.35	2.28	118	4.57	0.13	1.37	1	cover	squad-2	2	bot-33
187472	bot-33	bravo	A45rb2420	element+latches	-14.28	0.02	41	0.00	0.00		0		squad-2	0	bot-33
187472	bot-50	alpha	A46rb4420	state+element	-0.34	16.32	216	1.04	0.20	24.29	4	seek	squad-1	2	bot-3
187522	bot-33	bravo	A45rm242G	element+latches	-14.28	0.02	41	0.00	0.00		0		squad-2	0	bot-33
187522	bot-50	alpha	A46rm442G	element+latches	-0.34	16.33	221	0.43	0.01		0		squad-1	2	bot-3
187538	bot-45	bravo	H47mm4110	packs	-3.08	7.45	13	0.00	0.00		0		squad-2	5	bot-33
187538	bot-55	alpha	S46rm4424	state+latches	-2.11	14.85	219	0.00	0.01		0		squad-1	4	bot-3
187572	bot-54	alpha	S46rm4320	state+latches	-1.43	15.92	221	0.73	0.17		0		squad-1	3	bot-3
187588	bot-46	bravo	S47rm4420	state+latches	-9.58	1.80	148	4.57	0.54	0.83	1	cover	squad-2	2	bot-33
187622	bot-56	alpha	C46mb4320	state+element	-1.70	16.66	218	1.08	0.16	23.04	6	seek	squad-1	6	bot-3
187639	bot-56	alpha	C46mb4322	latches	-1.73	16.60	210	1.90	0.06	3.19	6	cover	squad-1	6	bot-3
187672	bot-47	bravo	S00r-4410	state+latches	-15.56	-1.23	47	0.00	0.07		0		squad-2	3	bot-33
187672	bot-49	alpha	S46rm4320	state+latches	0.39	16.96	239	0.00	0.03		0		squad-1	1	bot-3
187706	bot-55	alpha	C46rb4420	state+element+latches	-2.11	14.85	230	0.00	0.00		0		squad-1	4	bot-3
187723	bot-55	alpha	C46rb4422	latches	-2.11	14.83	223	0.64	0.02	2.18	5	cover	squad-1	4	bot-3
187739	bot-58	alpha	C00r-4312	tick	-18.70	13.23	236	1.50	1.69	2.11	1	cover	squad-1	5	bot-3
187756	bot-33	bravo	S45rm2424	state+latches	-14.28	0.03	41	0.00	0.01		0		squad-2	0	bot-33
187756	bot-50	alpha	S46rm4424	state+latches	-0.35	16.35	221	0.00	0.02		0		squad-1	2	bot-3
187806	bot-39	bravo	P00r-4410	tick	-5.26	-9.52	40	0.00	0.00		0		squad-2	4	bot-33
187839	bot-33	bravo	A45rb2420	state+element+latches	-14.28	0.03	58	0.00	0.00		0		squad-2	0	bot-33
187856	bot-58	alpha	S00r-4310	state+latches	-18.88	13.11	236	2.60	0.22	1.89	1	cover	squad-1	5	bot-3
187923	bot-54	alpha	A46rm4320	state	-1.53	15.55	227	0.82	0.38	19.05	4	seek	squad-1	3	bot-3
187940	bot-47	bravo	A00r-4410	state	-15.54	-1.22	45	0.32	0.02	20.76	5	seek	squad-2	3	bot-33
187940	bot-54	alpha	A46rm432G	latches	-1.51	15.55	223	0.00	0.02		0		squad-1	3	bot-3
187973	bot-33	bravo	A33r-2420	tier+score+element	-14.28	0.03	40	0.00	0.00		0		squad-2	0	bot-33
187973	bot-43	bravo	C45rb4312	score	-3.09	9.16	10	2.37	1.83	1.68	2	cover	squad-2	1	bot-33
187973	bot-45	bravo	E45mb4110	state+score+element	-3.08	7.45	46	0.00	0.00		0		squad-2	5	bot-33
187973	bot-46	bravo	S45rm4420	score	-9.13	2.65	45	2.40	0.96	19.00	4	seek	squad-2	2	bot-33
187973	bot-61	bravo	S45rm4410	score	-1.52	9.99	39	0.31	0.57	3.29	1	seek	squad-2	6	bot-33
187973	bot-62	alpha	P00r-4410	tick	13.03	10.33	132	2.42	2.24	14.79	3	patrolReentry	squad-10	0	
187991	bot-45	bravo	E45mb4119	latches	-3.10	7.27	37	5.30	0.18	4.73	1	flee	squad-2	5	bot-33
188007	bot-50	alpha	S46rm4420	latches	-0.41	16.33	216	0.90	0.06	22.05	4	seek	squad-1	2	bot-3
188040	bot-3	alpha	P00r-4200	tick	-13.89	20.56	62	0.08	0.00		0		squad-1	0	bot-3
188074	bot-55	alpha	E46rb4420	state+latches	-2.24	14.42	188	2.66	0.43	2.30	5	cover	squad-1	4	bot-3
188090	bot-55	alpha	E46rb4421	latches	-2.14	14.47	187	2.61	0.12	3.38	1	flee	squad-1	4	bot-3
188090	bot-58	alpha	C00r-4310	state	-18.28	13.24	175	2.67	0.62	17.15	4	seek	squad-1	5	bot-3
188107	bot-33	bravo	A00r-2420	tier+score	-14.28	0.03	40	0.22	0.00		0		squad-2	0	bot-33
188107	bot-58	alpha	C00r-4312	latches	-18.31	13.26	167	1.13	0.04	2.46	1	cover	squad-1	5	bot-3
188157	bot-61	bravo	S46rm4410	score	-1.45	9.98	45	0.53	0.06	3.26	1	seek	squad-2	6	bot-33
188174	bot-43	bravo	E46rb4210	state+score+health+latches	-2.72	9.39	8	2.01	0.43		0		squad-2	1	bot-33
188174	bot-45	bravo	E46mm411P	score+element+latches	-3.18	6.29	8	5.69	0.98	3.75	1	flee	squad-2	5	bot-33
188174	bot-46	bravo	S46rm4420	score	-8.90	3.07	27	2.40	0.48	18.52	4	seek	squad-2	2	bot-33
188174	bot-54	alpha	S46rm4320	state+latches	-1.48	15.71	223	0.90	0.17		0		squad-1	3	bot-3
188190	bot-43	bravo	E46rb4219	latches	-2.78	9.23	9	5.15	0.17	5.47	2	flee	squad-2	1	bot-33
188190	bot-61	bravo	C46rm4410	state	-1.44	9.99	44	0.60	0.01	3.25	1	seek	squad-2	6	bot-33
188207	bot-61	bravo	G46rb4412	state+element+latches	-1.45	9.90	49	5.26	0.09	0.35	1	cover	squad-2	6	bot-33
188244	bot-46	bravo	C46rm4420	state	-8.85	3.18	27	2.40	0.12	18.40	4	seek	squad-2	2	bot-33
188261	bot-46	bravo	C46rb4422	element+latches	-8.92	3.03	18	4.57	0.17	2.23	1	cover	squad-2	2	bot-33
188261	bot-58	alpha	C00r-431I	latches	-18.55	13.14	136	1.88	0.26	2.19	1	cover	squad-1	5	bot-3
188295	bot-50	alpha	A46rb4420	state+element	-0.69	16.17	216	1.46	0.32	21.76	4	seek	squad-1	2	bot-3
188295	bot-58	alpha	A00r-4310	state+latches	-18.57	13.13	140	2.04	0.03	2.17	1	cover	squad-1	5	bot-3
188326	bot-33	bravo	A44rb2420	tier+score+element	-14.28	0.03	39	0.00	0.00		0		squad-2	0	bot-33
188326	bot-50	alpha	A46rm442G	element+latches	-0.69	16.17	220	0.00	0.00		0		squad-1	2	bot-3
188408	bot-45	bravo	E46mm4119	latches	-3.27	5.15	8	4.32	1.15	2.60	1	flee	squad-2	5	bot-33
188425	bot-56	alpha	C46mb3322	ammo	-2.11	14.87	187	2.02	1.78	3.16	5	cover	squad-1	6	bot-3
188459	bot-61	bravo	G46rb441I	latches	-1.46	9.52	353	0.96	0.38		0		squad-2	6	bot-33
188476	bot-58	alpha	A00r-431G	latches	-18.57	13.14	102	0.00	0.01		0		squad-1	5	bot-3
188508	bot-45	bravo	E46mb4119	element	-3.30	4.72	7	4.29	0.43	2.18	1	flee	squad-2	5	bot-33
188508	bot-56	alpha	M46mb33A0	state+packs+latches	-2.14	14.72	187	2.54	0.15	3.21	5	cover	squad-1	6	bot-3
188525	bot-43	bravo	E46rm4219	element	-2.96	7.64	7	5.10	1.61	4.31	2	flee	squad-2	1	bot-33
188525	bot-45	bravo	E46mm411P	element+latches	-3.31	4.65	7	4.28	0.07	2.10	1	flee	squad-2	5	bot-33
188563	bot-50	alpha	S46rm4424	state+latches	-0.71	16.20	220	0.03	0.03		0		squad-1	2	bot-3
188576	bot-46	bravo	S46rb4424	state+latches	-9.56	1.81	300	4.57	1.38	0.85	1	cover	squad-2	2	bot-33
188593	bot-43	bravo	E46rm421P	latches	-2.95	7.33	6	2.83	0.31	4.08	1	flee	squad-2	1	bot-33
188593	bot-46	bravo	S46rm4424	element	-9.56	1.81	306	0.00	0.00		0		squad-2	2	bot-33
188593	bot-56	alpha	P46mb33A4	state+latches	-2.13	14.72	186	0.81	0.01		1	muzzleRecovery	squad-1	6	bot-3
188626	bot-56	alpha	M46mb33A0	state+latches	-2.13	14.70	193	0.00	0.02		0	muzzleRecovery	squad-1	6	bot-3
188676	bot-49	alpha	S46rm4320	tick	-1.37	16.73	241	2.41	1.78	21.07	4	seek	squad-1	1	bot-3
188709	bot-58	alpha	S00r-4310	state+latches	-18.57	13.14	102	0.00	0.00		0		squad-1	5	bot-3
188709	bot-61	bravo	G46rb4412	latches	-1.45	9.55	328	0.00	0.03		0		squad-2	6	bot-33
188759	bot-45	bravo	E46mm4119	latches	-3.37	3.66	7	4.30	0.99	1.11	1	flee	squad-2	5	bot-33
188793	bot-61	bravo	S46rb4414	state+latches	-1.45	9.55	333	0.00	0.00		0		squad-2	6	bot-33
188809	bot-39	bravo	P00r-4410	tick	-5.26	-9.52	40	0.00	0.00		0		squad-2	4	bot-33
188809	bot-54	alpha	A46rm4320	state	-2.01	15.27	194	1.65	0.69	18.51	5	seek	squad-1	3	bot-3
188809	bot-61	bravo	S46rm4414	element	-1.45	9.55	336	0.00	0.00		0		squad-2	6	bot-33
188826	bot-50	alpha	S46rm4420	latches	-0.55	16.47	216	0.09	0.32	22.08	4	seek	squad-1	2	bot-3
188826	bot-54	alpha	A46rm432G	latches	-2.01	15.27	197	0.00	0.00		0		squad-1	3	bot-3
188850	bot-43	bravo	E46rm4219	latches	-2.17	6.56	6	5.11	1.09	2.99	1	flee	squad-2	1	bot-33
188919	bot-55	alpha	E46rm4421	element	-0.61	16.00	221	4.88	2.16	1.24	1	flee	squad-1	4	bot-3
188936	bot-61	bravo	A46rb4410	state+element+latches	-1.45	9.55	344	0.00	0.00		0		squad-2	6	bot-33
188952	bot-47	bravo	A00r-4410	tick	-15.56	-1.23	40	0.00	0.02		0		squad-2	3	bot-33
188952	bot-58	alpha	A00r-4310	state	-18.19	13.23	112	2.67	0.39	18.03	5	seek	squad-1	5	bot-3
188969	bot-33	bravo	A33r-2420	tier+score+element	-14.28	0.03	40	0.00	0.00		0		squad-2	0	bot-33
188969	bot-43	bravo	E45rm4219	score	-1.71	6.14	6	5.19	0.62	2.38	1	flee	squad-2	1	bot-33
188969	bot-45	bravo	E45mm4110	score+latches	-3.43	2.88	7	0.00	0.78		0		squad-2	5	bot-33
188969	bot-46	bravo	S45rm4424	score	-9.56	1.81	17	0.00	0.00		0		squad-2	2	bot-33
188969	bot-61	bravo	A45rb4410	score	-1.45	9.55	334	0.00	0.00		0		squad-2	6	bot-33
188987	bot-62	alpha	P00r-4410	tick	15.17	10.73	19	2.48	2.18	13.25	2	patrolReentry	squad-10	0	bot-62
189002	bot-61	bravo	C45rb4410	state	-1.45	9.55	330	0.00	0.00		0		squad-2	6	bot-33
189019	bot-61	bravo	C45rb4412	latches	-1.49	9.57	324	1.26	0.04	9.32	7	cover	squad-2	6	bot-33
189052	bot-3	alpha	P00r-4200	tick	-13.89	20.56	57	0.07	0.00		0		squad-1	0	bot-3
189069	bot-54	alpha	S46rm4320	state+latches	-2.01	15.28	197	0.00	0.01		0		squad-1	3	bot-3
189087	bot-46	bravo	S45rm4420	latches	-9.55	1.83	13	1.32	0.02	20.15	5	seek	squad-2	2	bot-33
189105	bot-33	bravo	A32r-2420	score	-14.28	0.03	40	0.00	0.00		0		squad-2	0	bot-33
189105	bot-43	bravo	E44rm4219	score	-1.18	5.66	6	5.40	0.72	1.66	1	flee	squad-2	1	bot-33
189105	bot-45	bravo	E44mm4110	score	-3.43	2.88	7	0.00	0.00		0		squad-2	5	bot-33
189105	bot-46	bravo	S44rm4420	score	-9.53	1.85	17	1.32	0.02	20.12	5	seek	squad-2	2	bot-33
189105	bot-49	alpha	S45rm4320	score	-1.74	16.47	222	1.40	0.45	20.63	4	seek	squad-1	1	bot-3
189105	bot-50	alpha	S45rm4420	score	-0.81	16.57	215	2.42	0.29	22.01	4	seek	squad-1	2	bot-3
189105	bot-54	alpha	S45rm4320	score	-2.02	15.26	208	0.47	0.02	18.49	4	seek	squad-1	3	bot-3
189105	bot-55	alpha	E45rm4421	score	-0.23	16.07	221	4.57	0.39	1.02	1	flee	squad-1	4	bot-3
189105	bot-56	alpha	M45mb33A0	score	-2.14	14.69	220	0.00	0.02	0.38	0	medic	squad-1	6	bot-3
189105	bot-61	bravo	C44rb4412	score	-1.58	9.62	306	1.25	0.11	9.37	7	cover	squad-2	6	bot-33
189269	bot-49	alpha	S44rm4320	score	-1.79	16.30	222	1.16	0.18	20.48	4	seek	squad-1	1	bot-3
189269	bot-50	alpha	S44rm4420	score	-1.04	16.28	215	1.39	0.37	21.64	4	seek	squad-1	2	bot-3
189269	bot-54	alpha	S44rm4320	score	-2.02	15.22	227	0.36	0.04	18.46	4	seek	squad-1	3	bot-3
189269	bot-55	alpha	P45rm4424	state+latches	0.15	16.67	221	4.15	0.71	0.40	1	muzzleRecovery	squad-1	4	bot-3
189269	bot-56	alpha	M44mb33A0	score	-2.16	14.64	220	0.00	0.05	0.37	0	medic	squad-1	6	bot-3
189341	bot-55	alpha	A44rm4420	state+score+latches	-0.13	16.64	239	0.00	0.28	0.45	0	muzzleRecovery	squad-1	4	bot-3
189355	bot-45	bravo	E44mb4110	element	-3.43	2.88	6	0.00	0.00		0		squad-2	5	bot-33
189355	bot-50	alpha	A44rm4420	state	-1.07	16.15	215	2.03	0.14	21.52	4	seek	squad-1	2	bot-3
189372	bot-49	alpha	S33r-4320	tier+score+element	-1.85	16.18	222	2.16	0.14	20.34	4	seek	squad-1	1	bot-3
189372	bot-50	alpha	A33r-442G	tier+score+element+latches	-1.07	16.15	218	0.00	0.00		0		squad-1	2	bot-3
189372	bot-54	alpha	S33r-4320	tier+score+element	-2.03	15.16	227	0.91	0.05	18.42	4	seek	squad-1	3	bot-3
189372	bot-55	alpha	A33r-4420	tier+score+element	-0.13	16.64	228	0.00	0.00		0		squad-1	4	bot-3
189372	bot-56	alpha	M33m-33A0	tier+score+element	-2.19	14.61	206	0.00	0.05	0.38	0	medic	squad-1	6	bot-3
189386	bot-49	alpha	C33r-2320	state+ammo	-1.85	16.18	222	2.16	0.00	20.34	4	seek	squad-1	1	bot-3
189386	bot-55	alpha	A33r-442G	latches	-0.14	16.68	228	3.24	0.04		0		squad-1	4	bot-3
189386	bot-58	alpha	C00r-4310	state	-18.19	13.24	101	0.00	0.01		0		squad-1	5	bot-3
189405	bot-33	bravo	A21r-2420	tier+score	-14.28	0.03	40	0.00	0.00		0		squad-2	0	bot-33
189405	bot-43	bravo	E33r-4210	tier+score+element+latches	-0.19	4.77	6	0.00	1.33		0		squad-2	1	bot-33
189405	bot-45	bravo	E33m-4110	tier+score+element	-3.43	2.89	6	0.00	0.00		0		squad-2	5	bot-33
189405	bot-46	bravo	S33r-4420	tier+score+element	-9.29	2.29	25	2.40	0.51	19.62	5	seek	squad-2	2	bot-33
189405	bot-49	alpha	C32r-2322	score+latches	-1.88	16.09	213	1.30	0.09	3.11	6	cover	squad-1	1	bot-3
189405	bot-50	alpha	A32r-442G	score	-1.07	16.15	218	0.00	0.00		0		squad-1	2	bot-3
189405	bot-54	alpha	S32r-4320	score	-2.03	15.14	227	1.10	0.02	18.40	4	seek	squad-1	3	bot-3
189405	bot-55	alpha	A32r-442G	score	-0.16	16.72	228	2.46	0.04		0		squad-1	4	bot-3
189405	bot-56	alpha	M32m-33A0	score	-2.19	14.59	198	0.00	0.01	0.38	0	medic	squad-1	6	bot-3
189405	bot-58	alpha	C00r-4312	latches	-18.20	13.24	101	0.49	0.02	2.54	1	cover	squad-1	5	bot-3
189405	bot-61	bravo	C33r-4412	tier+score+element	-2.44	10.19	298	5.12	1.03	9.78	7	cover	squad-2	6	bot-33
189452	bot-46	bravo	C33r-4420	state	-9.25	2.36	25	2.40	0.07	19.54	5	seek	squad-2	2	bot-33
189452	bot-47	bravo	F00r-4410	state	-15.57	-1.24	40	0.00	0.01		0		squad-2	3	bot-33
189452	bot-49	alpha	C33r-2322	score	-1.89	15.90	201	4.04	0.19	3.06	6	cover	squad-1	1	bot-3
189452	bot-50	alpha	A33r-442G	score	-1.08	16.15	218	0.41	0.01		0		squad-1	2	bot-3
189452	bot-54	alpha	A33r-4320	state+score	-2.03	15.15	227	1.14	0.00	18.41	4	seek	squad-1	3	bot-3
189452	bot-55	alpha	A33r-442G	score	-0.17	16.75	228	0.25	0.04		0		squad-1	4	bot-3
189452	bot-56	alpha	E33m-32A0	state+score+health	-2.20	14.58	190	0.20	0.01		0		squad-1	6	bot-3
189476	bot-45	bravo	H33m-4110	state	-3.43	2.89	6	0.00	0.00		0		squad-2	5	bot-33
189476	bot-46	bravo	C33r-4422	latches	-9.34	2.19	15	4.57	0.19	1.30	1	cover	squad-2	2	bot-33
189476	bot-47	bravo	A00r-4410	state	-15.57	-1.24	40	0.00	0.00		0		squad-2	3	bot-33
189476	bot-54	alpha	E33r-4320	state	-2.02	15.15	223	0.00	0.00		0		squad-1	3	bot-3
189476	bot-56	alpha	E33m-32A9	latches	-2.20	14.57	186	0.16	0.01	4.17	1	flee	squad-1	6	bot-3
189489	bot-54	alpha	E33r-4321	latches	-1.98	15.19	216	1.60	0.06	3.46	1	flee	squad-1	3	bot-3
189502	bot-33	bravo	F21r-2420	state	-14.28	0.03	40	0.00	0.00		0		squad-2	0	bot-33
189502	bot-49	alpha	C44rm2322	tier+score+element	-1.89	15.72	189	3.44	0.18	3.01	6	cover	squad-1	1	bot-3
189502	bot-50	alpha	A44rm442G	tier+score+element	-1.08	16.16	218	0.11	0.01		0		squad-1	2	bot-3
189502	bot-54	alpha	E44rm4321	tier+score+element	-1.96	15.19	213	1.59	0.02	3.45	1	flee	squad-1	3	bot-3
189502	bot-55	alpha	A44rm442G	tier+score+element	-0.17	16.76	228	0.01	0.00		0		squad-1	4	bot-3
189502	bot-56	alpha	E44mb31A9	tier+score+element+health	-2.20	14.56	188	0.46	0.01	4.18	1	flee	squad-1	6	bot-3
189519	bot-33	bravo	A21r-2420	state	-14.28	0.03	40	0.00	0.00		0		squad-2	0	bot-33
189569	bot-47	bravo	F00r-4410	state	-15.57	-1.24	40	0.00	0.00		0		squad-2	3	bot-33
189569	bot-49	alpha	C45rm2322	score	-1.88	15.63	191	3.39	0.09	2.99	6	cover	squad-1	1	bot-3
189569	bot-50	alpha	A45rm442G	score	-1.09	16.16	218	0.02	0.00		0		squad-1	2	bot-3
189569	bot-54	alpha	E45rm4321	score	-1.93	15.12	199	1.30	0.08	3.47	1	flee	squad-1	3	bot-3
189569	bot-55	alpha	A45rm442G	score	-0.17	16.76	228	0.00	0.00		0		squad-1	4	bot-3
189569	bot-56	alpha	E45mb30A9	score+health	-2.20	14.53	189	0.43	0.03	4.21	1	flee	squad-1	6	bot-3
189589	bot-47	bravo	A00r-4410	state	-15.57	-1.24	40	0.00	0.00		0		squad-2	3	bot-33
189614	bot-33	bravo	F21r-2420	state	-14.28	0.03	40	0.00	0.00		0		squad-2	0	bot-33
189614	bot-33	bravo	P21r-2420	state	-14.28	0.03	40	0.00	0.00		0		squad-2	0	bot-33
189614	bot-56	alpha	D00m--0A0	state+tier+score+element+ammo+latches	-2.20	14.52	190	0.00	0.01	4.22	1	flee	squad-1	6	bot-3
189614	bot-46	bravo	S33r-4420	state+latches	-9.58	1.74	346	4.57	0.52	0.78	1	cover	squad-2	2	bot-33
189614	bot-47	bravo	P00r-4410	state	-15.57	-1.24	40	0.00	0.00		0		squad-2	3	bot-33
189614	bot-49	alpha	C47rm2322	score	-1.91	15.62	192	2.02	0.03	3.01	6	cover	squad-1	1	bot-3
189614	bot-50	alpha	S47rm4420	state+score+latches	-1.09	16.16	218	0.01	0.00		0		squad-1	2	bot-3
189614	bot-54	alpha	E47rm4321	score	-1.92	15.11	192	1.58	0.02	3.47	1	flee	squad-1	3	bot-3
189614	bot-55	alpha	A47rm442G	score	-0.17	16.76	228	0.00	0.00		0		squad-1	4	bot-3
189646	bot-16	alpha	D00m--0A0	tick	-11.06	1.27	118	0.00	0.00	4.48	0		squad-1	-1	bot-3
189646	bot-33	bravo	S21r-2420	state	-14.28	0.03	40	0.00	0.00		0		squad-2	0	bot-33
189646	bot-55	alpha	S47rm4420	state+latches	-0.17	16.76	228	0.00	0.00		0		squad-1	4	bot-3
189702	bot-50	alpha	C47rb4420	state+element	-1.14	16.06	215	1.13	0.12	21.40	4	seek	squad-1	2	bot-3
189719	bot-50	alpha	C47rb4422	latches	-1.15	16.02	208	1.13	0.04	6.20	4	cover	squad-1	2	bot-3
189719	bot-61	bravo	A33r-4410	state+latches	-2.93	11.42	15	4.68	1.32	9.68	6	cover	squad-2	6	bot-33
189753	bot-33	bravo	A21r-2420	state	-14.20	0.17	41	1.49	0.17	18.76	2	seek	squad-2	0	bot-33
189786	bot-39	bravo	S00r-4410	state	-5.26	-9.52	40	0.00	0.00		0		squad-2	4	bot-33
189786	bot-47	bravo	A00r-4410	state	-15.55	-1.22	17	0.31	0.02	5.09	8	squad	squad-2	3	bot-33
189805	bot-61	bravo	C33r-4410	state	-3.00	11.44	18	0.99	0.08		0		squad-2	6	bot-33
189819	bot-61	bravo	C33r-4412	latches	-3.04	11.44	19	1.00	0.03		0		squad-2	6	bot-33
189836	bot-33	bravo	A10r-2420	tier+score	-14.22	0.21	40	0.11	0.04		0		squad-2	0	bot-33
189836	bot-46	bravo	P33r-4420	state	-9.32	2.23	28	2.40	0.55	19.02	4	seek	squad-2	2	bot-33
189919	bot-43	bravo	H33r-4210	state	-0.19	4.77	6	0.00	0.01		0		squad-2	1	bot-33
189919	bot-55	alpha	A47rb4420	state+element	-0.42	16.52	219	2.05	0.34	24.52	7	seek	squad-1	4	bot-3
189952	bot-54	alpha	E47rm3321	ammo	-1.58	15.06	203	0.93	0.34	3.28	1	flee	squad-1	3	bot-3
189952	bot-61	bravo	C44rb4312	tier+score+element+health	-3.17	11.46	24	1.05	0.13		0		squad-2	6	bot-33
189971	bot-33	bravo	A32r-2420	tier+score	-14.21	0.21	40	0.00	0.00		0		squad-2	0	bot-33
189971	bot-43	bravo	H44rm4210	tier+score+element	-0.19	4.77	352	0.00	0.00		0		squad-2	1	bot-33
189971	bot-45	bravo	H44mm4110	tier+score+element	-3.43	2.89	341	0.11	0.01		0		squad-2	5	bot-33
189971	bot-46	bravo	S44rm4420	state+tier+score+element	-9.16	2.19	41	2.40	0.17	4.95	4	squad	squad-2	2	bot-33
190002	bot-45	bravo	H44mm4210	health	-3.43	2.89	343	0.00	0.00		0		squad-2	5	bot-33
190002	bot-62	alpha	P00r-4410	tick	16.61	12.63	50	2.50	2.38	10.88	2	patrolReentry	squad-10	0	bot-62
190052	bot-3	alpha	P00r-4200	tick	-13.89	20.56	53	0.02	0.00		0		squad-1	0	bot-3
190069	bot-49	alpha	P47rm2320	state+latches	-1.99	15.13	198	4.39	0.50	3.04	1	muzzleRecovery	squad-1	1	bot-3
190069	bot-58	alpha	C00r-431I	latches	-19.52	12.56	98	4.49	1.48	1.06	1	cover	squad-1	5	bot-3
190069	bot-61	bravo	E45rb4210	state+score+health+latches	-3.23	11.44	19	1.59	0.07		0		squad-2	6	bot-33
190087	bot-33	bravo	A33r-2420	score	-14.21	0.21	39	0.00	0.00		0		squad-2	0	bot-33
190087	bot-43	bravo	H45rm4210	score	-0.19	4.77	329	0.00	0.00		0		squad-2	1	bot-33
190087	bot-45	bravo	H45mm4210	score	-3.43	2.89	350	0.00	0.00		0		squad-2	5	bot-33
190087	bot-46	bravo	S45rm4420	score	-9.01	2.47	21	2.40	0.32	17.18	3	seek	squad-2	2	bot-33
190087	bot-61	bravo	E45rb4219	latches	-3.28	11.26	18	5.22	0.18	4.86	1	flee	squad-2	6	bot-33
190102	bot-49	alpha	E47rm2320	state	-1.98	15.28	207	0.00	0.15	3.03	0	muzzleRecovery	squad-1	1	bot-3
190119	bot-49	alpha	E47rm2321	latches	-1.87	15.39	199	4.97	0.15	2.89	1	flee	squad-1	1	bot-3
190152	bot-55	alpha	A47rm442G	element+latches	-0.42	16.54	215	0.00	0.02		0		squad-1	4	bot-3
190186	bot-61	bravo	E46rb4119	score+health	-3.40	10.76	19	5.23	0.52	4.34	1	flee	squad-2	6	bot-33
190203	bot-33	bravo	A44rb2420	tier+score+element	-14.21	0.21	41	0.00	0.00		0		squad-2	0	bot-33
190203	bot-43	bravo	H46rm4210	score	-0.19	4.77	311	0.00	0.00		0		squad-2	1	bot-33
190203	bot-45	bravo	H46mm4210	score	-3.43	2.89	359	0.00	0.00		0		squad-2	5	bot-33
190203	bot-46	bravo	S46rm4420	score	-8.88	2.72	21	2.40	0.28	16.91	3	seek	squad-2	2	bot-33
190219	bot-58	alpha	A00r-431G	state+latches	-20.07	12.27	133	3.57	0.62	0.44	1	cover	squad-1	5	bot-3
190271	bot-46	bravo	C46rm4420	state	-8.82	2.82	20	2.40	0.12	16.79	3	seek	squad-2	2	bot-33
190271	bot-50	alpha	P47rb4424	state+latches	-1.78	15.91	198	4.07	0.64	6.05	1	muzzleRecovery	squad-1	2	bot-3
190285	bot-33	bravo	A10r-2420	tier+score+element	-14.21	0.21	41	0.00	0.00		0		squad-2	0	bot-33
190285	bot-46	bravo	C46rb4422	element+latches	-8.75	2.96	28	4.57	0.15	16.64	3	seek	squad-2	2	bot-33
190285	bot-61	bravo	E47rb4019	score+health	-3.55	10.26	18	5.22	0.53	3.81	1	flee	squad-2	6	bot-33
190302	bot-43	bravo	H47rm4210	score	-0.19	4.77	303	0.00	0.00		0		squad-2	1	bot-33
190302	bot-45	bravo	H47mm4210	score	-3.43	2.89	7	0.00	0.00		0		squad-2	5	bot-33
190302	bot-46	bravo	C47rb4422	score	-8.71	3.02	28	4.57	0.08	16.56	3	seek	squad-2	2	bot-33
190302	bot-58	alpha	S00r-4310	state+latches	-20.07	12.27	133	0.00	0.00		0		squad-1	5	bot-3
190369	bot-50	alpha	A47rb4420	state+latches	-1.91	16.21	223	0.00	0.33	5.71	0	muzzleRecovery	squad-1	2	bot-3
190386	bot-49	alpha	E47rm4321	ammo	-1.62	15.30	204	3.09	0.27	2.80	1	flee	squad-1	1	bot-3
190386	bot-55	alpha	S47rm4424	state+latches	-0.42	16.54	215	0.00	0.00		0		squad-1	4	bot-3
190487	bot-50	alpha	F47rb4420	state	-1.91	16.21	195	0.00	0.00		0		squad-1	2	bot-3
190487	bot-50	alpha	F47rb3420	ammo	-1.91	16.21	195	0.00	0.00		0		squad-1	2	bot-3
190508	bot-50	alpha	C47rb3420	state	-1.91	16.21	195	0.00	0.00		0		squad-1	2	bot-3
190522	bot-50	alpha	C47rb3422	latches	-1.92	16.13	195	2.16	0.08	2.52	6	cover	squad-1	2	bot-3
190585	bot-43	bravo	H47rm4310	health	-0.19	4.77	309	0.00	0.00		0		squad-2	1	bot-33
190619	bot-50	alpha	P47rb3424	state+latches	-1.94	15.96	195	4.04	0.18	2.43	1	muzzleRecovery	squad-1	2	bot-3
190638	bot-55	alpha	S47rm4420	latches	-0.45	16.66	233	1.34	0.13	24.60	6	seek	squad-1	4	bot-3
190720	bot-46	bravo	G47rb4422	state	-7.31	2.31	119	4.05	1.57	0.44	1	cover	squad-2	2	bot-33
190757	bot-33	bravo	A00r-2420	tier	-14.21	0.21	41	0.00	0.00		0		squad-2	0	bot-33
190786	bot-39	bravo	S00r-4410	tick	-5.26	-9.52	359	0.00	0.00		0		squad-2	4	bot-33
190786	bot-47	bravo	A00r-4410	tick	-15.56	-1.23	41	0.03	0.02		0		squad-2	3	bot-33
190852	bot-50	alpha	A47rb3420	state+latches	-1.63	16.79	255	0.00	0.89	2.80	0	muzzleRecovery	squad-1	2	bot-3
190852	bot-54	alpha	E47rm332H	latches	0.67	17.11	222	4.90	3.05	0.45	1	flee	squad-1	3	bot-3
190886	bot-61	bravo	E47rm401P	element+latches	-4.28	7.55	16	3.62	2.80	1.01	1	flee	squad-2	6	bot-33
190903	bot-50	alpha	A47rm342G	element+latches	-1.63	16.79	245	0.00	0.00		0		squad-1	2	bot-3
190919	bot-54	alpha	A47rm332G	state+latches	0.66	17.29	222	0.00	0.17		0		squad-1	3	bot-3
191003	bot-62	alpha	P00r-4410	tick	17.82	14.46	39	1.91	2.19	8.69	2	patrolReentry	squad-10	0	bot-62
191052	bot-3	alpha	P00r-4200	tick	-13.89	20.56	48	0.08	0.00		0		squad-1	0	bot-3
191087	bot-54	alpha	S47rm3320	state+latches	0.66	17.29	222	0.00	0.00		0		squad-1	3	bot-3
191087	bot-61	bravo	E47rm401G	latches	-4.40	6.86	16	0.00	0.70		0		squad-2	6	bot-33
191108	bot-45	bravo	H47mm4310	health	-3.43	2.90	52	0.00	0.01		0		squad-2	5	bot-33
191126	bot-61	bravo	E47rm4010	latches	-4.40	6.86	16	0.01	0.00		0		squad-2	6	bot-33
191146	bot-50	alpha	S47rm3424	state+latches	-1.61	16.79	245	0.00	0.02		0		squad-1	2	bot-3
191166	bot-43	bravo	H46rm4310	score	-0.19	4.77	354	0.00	0.00		0		squad-2	1	bot-33
191166	bot-45	bravo	H46mm4310	score	-3.43	2.90	47	0.00	0.00		0		squad-2	5	bot-33
191166	bot-46	bravo	G46rb4422	score	-6.95	2.05	24	0.00	0.44		0		squad-2	2	bot-33
191166	bot-61	bravo	E46rm4010	score	-4.40	6.86	16	0.00	0.00		0		squad-2	6	bot-33
191219	bot-49	alpha	A47rm4320	state+latches	0.00	16.77	221	0.00	2.18		0		squad-1	1	bot-3
191269	bot-43	bravo	C46rm4310	state	-0.19	4.77	1	0.00	0.00		0		squad-2	1	bot-33
191269	bot-55	alpha	A47rb4420	state+element	-1.26	15.89	219	1.49	1.11	23.50	6	seek	squad-1	4	bot-3
191290	bot-43	bravo	C44rm4312	score+latches	-0.23	4.81	353	1.56	0.06	4.89	3	cover	squad-2	1	bot-33
191290	bot-45	bravo	H44mm4310	score	-3.43	2.90	38	0.00	0.00		0		squad-2	5	bot-33
191290	bot-46	bravo	G44rb4422	score	-6.95	2.05	359	0.00	0.00		0		squad-2	2	bot-33
191290	bot-47	bravo	A00r-441G	latches	-15.57	-1.24	41	0.00	0.00		0		squad-2	3	bot-33
191290	bot-55	alpha	A47rm442G	element+latches	-1.26	15.90	220	0.24	0.00		0		squad-1	4	bot-3
191290	bot-61	bravo	E44rm4010	score	-4.40	6.86	16	0.00	0.00		0		squad-2	6	bot-33
191302	bot-33	bravo	A00r-242G	latches	-14.21	0.23	41	0.00	0.01		0		squad-2	0	bot-33
191302	bot-49	alpha	A47rm432G	latches	-0.00	16.76	221	0.00	0.01		0		squad-1	1	bot-3
191319	bot-50	alpha	C47rm3420	state+latches	-1.61	16.79	208	0.00	0.00		0		squad-1	2	bot-3
191319	bot-58	alpha	S00r-4310	tick	-17.98	13.02	96	2.71	2.22	14.60	4	seek	squad-1	5	bot-3
191342	bot-50	alpha	C47rb3422	element+latches	-1.62	16.76	216	0.83	0.03	3.17	6	cover	squad-1	2	bot-3
191535	bot-47	bravo	S00r-4410	state+latches	-15.57	-1.24	41	0.00	0.00		0		squad-2	3	bot-33
191535	bot-55	alpha	S47rm4424	state+latches	-1.28	15.92	220	0.00	0.03		0		squad-1	4	bot-3
191557	bot-33	bravo	S00r-2420	state+latches	-14.21	0.23	41	0.00	0.00		0		squad-2	0	bot-33
191557	bot-49	alpha	S47rm4320	state+latches	-0.11	16.82	221	0.01	0.12		0		squad-1	1	bot-3
191602	bot-61	bravo	H44rm4010	state	-4.40	6.86	16	0.00	0.00		0		squad-2	6	bot-33
191669	bot-54	alpha	A47rm3320	state	0.43	16.72	197	1.76	0.62	20.91	5	seek	squad-1	3	bot-3
191685	bot-54	alpha	A47rm332G	latches	0.43	16.72	201	0.22	0.00		0		squad-1	3	bot-3
191719	bot-61	bravo	H44rb4010	element	-4.40	6.86	349	0.00	0.00		0		squad-2	6	bot-33
191785	bot-45	bravo	M44mm4310	state	-3.44	2.90	1	0.00	0.00		0		squad-2	5	bot-33
191785	bot-55	alpha	S47rm4420	latches	-1.29	15.90	232	0.57	0.01	23.49	6	seek	squad-1	4	bot-3
191816	bot-39	bravo	S00r-4410	tick	-5.26	-9.52	347	0.00	0.00		0		squad-2	4	bot-33
191885	bot-61	bravo	H44rm401G	element+latches	-4.40	6.86	333	0.00	0.00		0		squad-2	6	bot-33
191903	bot-50	alpha	C47rb342I	latches	-1.94	15.71	200	1.85	1.09	3.06	6	cover	squad-1	2	bot-3
191919	bot-54	alpha	S47rm3320	state+latches	0.41	16.77	201	0.00	0.05		0		squad-1	3	bot-3
191919	bot-61	bravo	H44rb4010	element+latches	-4.40	6.86	336	0.00	0.00		0		squad-2	6	bot-33
191919	bot-63	alpha	P00m-0420	initial	-21.95	-23.95	0	0.00			0			-1	
191919	bot-64	bravo	P00m-0420	initial	16.55	21.55	0	0.00			0			-1	
191941	bot-50	alpha	C47rb3422	latches	-1.96	15.63	199	2.31	0.09	3.06	6	cover	squad-1	2	bot-3
191941	bot-63	alpha	A00m-4420	state+ammo	-21.95	-23.95	0	0.00	0.00		0		squad-21	0	bot-63
191941	bot-64	bravo	P00m-4420	ammo	16.55	21.55	0	0.00	0.00		0		squad-22	0	bot-64
191963	bot-62	alpha	A00r-4410	state	18.94	16.22	9	2.06	2.09	6.61	2	patrolReentry	squad-10	0	bot-62
192002	bot-50	alpha	C47rm3422	element	-1.98	15.45	196	2.49	0.18	3.05	6	cover	squad-1	2	bot-3
192019	bot-58	alpha	C00r-4310	state	-16.20	13.80	100	2.87	1.95	12.94	4	seek	squad-1	5	bot-3
192037	bot-50	alpha	C47rm342I	latches	-1.98	15.38	200	0.59	0.08	3.05	6	cover	squad-1	2	bot-3
192037	bot-58	alpha	C00r-4312	latches	-16.25	13.86	109	2.04	0.08	4.57	1	cover	squad-1	5	bot-3
192037	bot-61	bravo	H44rm401G	element+latches	-4.40	6.86	345	0.00	0.00		0		squad-2	6	bot-33
192054	bot-3	alpha	P00r-4200	tick	-13.89	20.56	48	0.00	0.00		0		squad-1	0	bot-3
192054	bot-61	bravo	H44rb4010	element+latches	-4.40	6.86	346	0.00	0.00		0		squad-2	6	bot-33
192069	bot-50	alpha	C47rm3422	latches	-2.01	15.30	201	2.62	0.08	3.07	6	cover	squad-1	2	bot-3
192102	bot-33	bravo	A00r-2420	state	-13.48	1.02	45	2.46	1.09	20.74	3	seek	squad-2	0	bot-33
192135	bot-47	bravo	A00r-4410	state	-15.51	-1.19	43	0.14	0.08	20.77	4	seek	squad-2	3	bot-33
192152	bot-63	alpha	A00m-442G	latches	-21.95	-23.95	16	0.00	0.00		0		squad-21	0	bot-63
192169	bot-45	bravo	M44mb4310	element	-3.88	4.71	351	4.64	1.86	2.21	1	medic	squad-2	5	bot-33
192203	bot-61	bravo	E44rb4010	state	-4.40	6.86	356	0.00	0.00		0		squad-2	6	bot-33
192219	bot-61	bravo	E44rb4019	latches	-4.44	6.83	3	1.62	0.05	6.92	1	flee	squad-2	6	bot-33
192269	bot-54	alpha	A47rb3320	state+element	0.05	16.63	227	1.85	0.38	19.87	5	seek	squad-1	3	bot-3
192288	bot-54	alpha	A47rm332G	element+latches	0.05	16.63	223	0.00	0.00		0		squad-1	3	bot-3
192302	bot-43	bravo	C44rm4312	tick	-2.28	7.11	296	3.32	3.08	2.58	2	cover	squad-2	1	bot-33
192302	bot-46	bravo	G44rb4422	tick	-6.95	1.65	21	0.00	0.40		0		squad-2	2	bot-33
192352	bot-45	bravo	T44mb4310	state	-3.67	5.54	10	6.02	0.85	1.24	1	medic	squad-2	5	bot-33
192369	bot-43	bravo	A44rm4310	state+latches	-2.29	7.28	295	3.64	0.18	2.42	2	cover	squad-2	1	bot-33
192391	bot-63	alpha	S00m-4420	state+latches	-21.96	-23.95	16	0.00	0.00		0		squad-21	0	bot-63
192409	bot-49	alpha	C48rm4320	state+score	-1.41	15.89	225	0.99	1.60	20.43	4	seek	squad-1	1	bot-3
192409	bot-50	alpha	C48rm3322	score+health	-2.21	14.50	197	1.98	0.83	3.31	5	cover	squad-1	2	bot-3
192409	bot-54	alpha	A48rm332G	score	0.05	16.66	223	0.23	0.03		0		squad-1	3	bot-3
192409	bot-55	alpha	S48rm4420	score	-1.88	15.44	218	1.49	0.75	22.76	6	seek	squad-1	4	bot-3
192427	bot-49	alpha	G48rb4322	state+element+latches	-1.41	15.89	225	0.00	0.00		0		squad-1	1	bot-3
192443	bot-55	alpha	C48rm4420	state	-1.90	15.42	218	1.44	0.03	22.74	6	seek	squad-1	4	bot-3
192456	bot-49	alpha	G47rb4322	score	-1.45	16.05	235	0.00	0.16		0		squad-1	1	bot-3
192456	bot-50	alpha	C47rm3320	score+latches	-2.26	14.39	198	2.64	0.12	3.37	1	muzzleRecovery	squad-1	2	bot-3
192456	bot-54	alpha	A47rm332G	score	0.04	16.66	223	0.08	0.01		0		squad-1	3	bot-3
192456	bot-55	alpha	C47rm4422	score+latches	-1.92	15.38	211	1.97	0.05	7.35	5	cover	squad-1	4	bot-3
192469	bot-50	alpha	P47rm3324	state+latches	-2.26	14.39	198	2.46	0.00	3.37	1	muzzleRecovery	squad-1	2	bot-3
192485	bot-43	bravo	A44rb4310	element	-2.29	7.28	295	0.02	0.01		0		squad-2	1	bot-33
192485	bot-46	bravo	G44rm4422	element	-6.95	0.18	33	0.00	1.47		0		squad-2	2	bot-33
192502	bot-50	alpha	A47rm3320	state+latches	-2.29	14.32	206	0.00	0.07	3.42	0	muzzleRecovery	squad-1	2	bot-3
192519	bot-43	bravo	A44rm431G	element+latches	-2.29	7.28	298	0.00	0.00		0		squad-2	1	bot-33
192519	bot-49	alpha	G46rb4322	score	-1.46	16.05	248	0.68	0.01		0		squad-1	1	bot-3
192519	bot-50	alpha	A46rm3320	score	-2.29	14.32	199	0.00	0.00		0		squad-1	2	bot-3
192519	bot-54	alpha	S46rm3324	state+score+latches	0.04	16.66	223	0.03	0.00		0		squad-1	3	bot-3
192519	bot-55	alpha	C46rm4422	score	-1.95	15.20	199	3.01	0.18	7.33	5	cover	squad-1	4	bot-3
192559	bot-49	alpha	G47rb4322	score	-1.46	16.05	254	0.21	0.00		0		squad-1	1	bot-3
192559	bot-50	alpha	E47rm3220	state+score+health	-2.28	14.32	199	0.42	0.01		0		squad-1	2	bot-3
192559	bot-54	alpha	S47rm3324	score	0.04	16.66	235	0.01	0.00		0		squad-1	3	bot-3
192559	bot-55	alpha	C47rm4422	score	-1.96	15.09	200	2.16	0.11	7.30	5	cover	squad-1	4	bot-3
192585	bot-49	alpha	G46rb4322	score	-1.46	16.05	252	0.11	0.00		0		squad-1	1	bot-3
192585	bot-50	alpha	E46rm3229	score+latches	-2.24	14.35	200	1.07	0.05	7.07	2	flee	squad-1	2	bot-3
192585	bot-54	alpha	S46rm3324	score	0.04	16.66	241	0.01	0.00		0		squad-1	3	bot-3
192585	bot-55	alpha	C46rm4422	score	-1.97	15.03	200	2.24	0.06	7.29	5	cover	squad-1	4	bot-3
192585	bot-61	bravo	E44rb4119	health	-5.34	6.03	20	5.12	1.20	5.72	1	flee	squad-2	6	bot-33
192624	bot-43	bravo	C44rm431G	state	-2.29	7.28	298	0.00	0.00		0		squad-2	1	bot-33
192648	bot-43	bravo	C44rb431I	element+latches	-2.31	7.22	290	1.57	0.06	3.39	3	cover	squad-2	1	bot-33
192648	bot-45	bravo	T44mb3310	ammo	-3.66	5.56	9	0.00	0.02	1.22	1	medic	squad-2	5	bot-33
192648	bot-58	alpha	C00r-431I	latches	-17.14	13.98	120	0.59	0.90	3.83	1	cover	squad-1	5	bot-3
192706	bot-45	bravo	M44mb3310	state	-3.66	5.56	9	0.00	0.00	1.22	1	medic	squad-2	5	bot-33
192706	bot-49	alpha	G47rb4322	score	-1.45	16.05	243	0.00	0.01		0		squad-1	1	bot-3
192706	bot-50	alpha	E47rm3129	score+health	-2.24	14.33	190	0.67	0.02	7.08	1	flee	squad-1	2	bot-3
192706	bot-54	alpha	S47rm3324	score	0.04	16.66	234	0.00	0.00		0		squad-1	3	bot-3
192706	bot-55	alpha	C47rm4422	score	-2.13	14.87	190	1.33	0.23	7.41	4	cover	squad-1	4	bot-3
192741	bot-62	alpha	F00r-4410	state	18.94	16.22	355	0.00	0.00		0		squad-10	0	bot-62
192741	bot-64	bravo	S00m-4320	state+health	18.49	21.73	59	2.42	1.95		1	patrol	squad-22	0	bot-64
192764	bot-43	bravo	C44rb4312	latches	-2.39	6.85	263	4.97	0.38	3.67	3	cover	squad-2	1	bot-33
192764	bot-62	alpha	A00r-4410	state	18.94	16.22	355	0.00	0.00		0		squad-10	0	bot-62
192778	bot-54	alpha	S47rm3320	latches	0.03	16.66	231	1.01	0.01	18.56	7	seek	squad-1	3	bot-3
192812	bot-45	bravo	P44mb3314	state+latches	-4.33	5.56	13	4.19	0.66	1.39	1	muzzleRecovery	squad-2	5	bot-33
192833	bot-39	bravo	S00r-4410	tick	-5.26	-9.52	58	0.00	0.00		0		squad-2	4	bot-33
192855	bot-49	alpha	G48rb4322	score	-1.45	16.05	231	0.00	0.00		0		squad-1	1	bot-3
192855	bot-50	alpha	E48rm3029	score+health	-2.16	14.30	194	1.89	0.09	7.06	1	flee	squad-1	2	bot-3
192855	bot-54	alpha	S48rm3320	score	-0.04	16.62	231	1.05	0.08	18.48	7	seek	squad-1	3	bot-3
192855	bot-55	alpha	C48rm4422	score	-2.19	14.85	194	1.13	0.05	7.46	4	cover	squad-1	4	bot-3
192877	bot-45	bravo	T44mb3310	state+latches	-4.39	5.80	358	0.00	0.25	1.33	0	muzzleRecovery	squad-2	5	bot-33
192877	bot-55	alpha	A48rm4420	state+latches	-2.19	14.87	194	1.13	0.02	7.46	4	cover	squad-1	4	bot-3
192877	bot-58	alpha	C00r-4312	latches	-17.44	13.92	180	1.21	0.31	3.55	1	cover	squad-1	5	bot-3
192960	bot-43	bravo	C33r-4312	tier+score+element	-1.80	6.74	212	3.47	0.60	3.29	2	cover	squad-2	1	bot-33
192960	bot-45	bravo	M33m-3310	state+tier+score+element	-4.39	5.80	15	0.00	0.00	1.33	0		squad-2	5	bot-33
192960	bot-46	bravo	G33r-4422	tier+score+element	-6.95	0.05	70	0.00	0.13		0		squad-2	2	bot-33
192960	bot-61	bravo	E33r-4119	tier+score+element	-6.74	4.69	26	5.24	1.94	3.78	1	flee	squad-2	6	bot-33
192960	bot-64	bravo	A00m-4320	state	18.55	21.21	114	2.45	0.52	5.18	1	seek	squad-22	0	bot-64
192975	bot-61	bravo	E33r-3119	ammo	-6.80	4.63	26	5.33	0.08	3.70	1	flee	squad-2	6	bot-33
192975	bot-63	alpha	A00m-4420	state	-22.20	-22.86	17	2.31	1.12	22.92	6	seek	squad-21	0	bot-63
192993	bot-63	alpha	A00m-442G	latches	-22.20	-22.86	17	0.09	0.00		0		squad-21	0	bot-63
193070	bot-3	alpha	P00r-4200	tick	-13.89	20.56	48	0.02	0.00		0		squad-1	0	bot-3
193070	bot-43	bravo	C32r-4312	score	-1.37	6.71	184	4.16	0.43	3.03	2	cover	squad-2	1	bot-33
193070	bot-45	bravo	M32m-3310	score	-4.39	5.80	14	0.00	0.00	1.33	0		squad-2	5	bot-33
193070	bot-46	bravo	G32r-4422	score	-6.95	0.05	70	0.00	0.00		0		squad-2	2	bot-33
193070	bot-49	alpha	S48rb4324	state+latches	-1.45	16.05	216	0.00	0.00		0		squad-1	1	bot-3
193070	bot-61	bravo	E32r-3119	score	-7.15	4.28	25	5.22	0.50	3.20	1	flee	squad-2	6	bot-33
193091	bot-49	alpha	S48rm4324	element	-1.45	16.05	213	0.00	0.00		0		squad-1	1	bot-3
193091	bot-62	alpha	F00r-4410	state	18.94	16.22	356	0.00	0.00		0		squad-10	0	bot-62
193091	bot-62	alpha	F00r-3410	ammo	18.94	16.22	356	0.00	0.00		0		squad-10	0	bot-62
193091	bot-64	bravo	E00m-4120	state+health	18.55	21.21	147	0.00	0.00		0		squad-22	0	bot-64
193106	bot-33	bravo	A00r-2420	tick	-13.47	1.02	41	0.00	0.01		0		squad-2	0	bot-33
193106	bot-54	alpha	A48rb3320	state+element	-0.25	16.39	231	1.76	0.31	18.17	7	seek	squad-1	3	bot-3
193106	bot-62	alpha	A00r-3410	state	18.94	16.22	356	0.00	0.00		0		squad-10	0	bot-62
193106	bot-64	bravo	E00m-4129	latches	18.41	21.28	156	4.64	0.16	5.59	1	flee	squad-22	0	bot-64
193120	bot-45	bravo	M32m-331G	latches	-4.39	5.80	10	0.01	0.00	1.32	0		squad-2	5	bot-33
193120	bot-55	alpha	A48rm442G	latches	-2.05	15.09	194	0.97	0.26		0		squad-1	4	bot-3
193139	bot-47	bravo	A00r-4410	tick	-15.56	-1.23	41	0.00	0.07		0		squad-2	3	bot-33
193139	bot-54	alpha	A48rm332G	element+latches	-0.25	16.39	225	0.24	0.00		0		squad-1	3	bot-3
193162	bot-58	alpha	S00r-4310	state+latches	-17.80	13.79	237	1.78	0.38	3.17	1	cover	squad-1	5	bot-3
193186	bot-43	bravo	C00r-4312	tier+score	-0.86	6.66	154	4.61	0.52	2.77	2	cover	squad-2	1	bot-33
193186	bot-45	bravo	M10m-331G	tier+score	-4.73	5.60	16	6.02	0.39	3.01	1	medic	squad-2	5	bot-33
193186	bot-46	bravo	G00r-4422	tier+score	-6.95	0.05	61	0.00	0.00		0		squad-2	2	bot-33
193186	bot-61	bravo	E10r-3119	tier+score	-7.58	3.87	29	5.09	0.60	2.61	1	flee	squad-2	6	bot-33
193246	bot-55	alpha	C48rm442G	state	-2.03	15.12	194	0.00	0.03		0		squad-1	4	bot-3
193246	bot-63	alpha	S00m-4420	state+latches	-22.20	-22.86	17	0.00	0.00		0		squad-21	0	bot-63
193280	bot-55	alpha	C48rm442I	latches	-2.03	15.08	205	0.50	0.03	3.08	5	cover	squad-1	4	bot-3
193355	bot-58	alpha	A00r-4310	state	-17.27	13.82	185	2.62	0.53	17.65	3	seek	squad-1	5	bot-3
193374	bot-45	bravo	M10m-3310	latches	-5.72	5.04	20	6.05	1.14	1.87	1	medic	squad-2	5	bot-33
193374	bot-54	alpha	S48rm3324	state+latches	-0.26	16.40	225	0.00	0.01		0		squad-1	3	bot-3
193374	bot-55	alpha	C48rm4422	latches	-2.06	15.02	212	0.86	0.07	3.11	5	cover	squad-1	4	bot-3
193420	bot-58	alpha	A00r-431G	latches	-17.26	13.84	171	2.36	0.03		0		squad-1	5	bot-3
193439	bot-62	alpha	F00r-3410	state	18.94	16.22	343	0.00	0.00		0		squad-10	0	bot-62
193439	bot-64	bravo	E00m-4029	health	16.96	22.11	162	5.36	1.66	3.93	1	flee	squad-22	0	bot-64
193457	bot-62	alpha	A00r-3410	state	18.94	16.22	342	0.00	0.00		0		squad-10	0	bot-62
193559	bot-58	alpha	A00r-4310	latches	-17.18	14.01	167	0.33	0.18		0		squad-1	5	bot-3
193573	bot-49	alpha	S48rm4320	latches	-1.49	16.05	179	1.26	0.04	20.13	4	seek	squad-1	1	bot-3
193636	bot-54	alpha	S48rm3320	latches	-0.21	16.54	231	0.58	0.15	18.30	6	seek	squad-1	3	bot-3
193636	bot-55	alpha	C48rm3422	ammo	-2.20	14.58	205	1.62	0.46	3.28	5	cover	squad-1	4	bot-3
193652	bot-49	alpha	C48rm4320	state	-1.56	16.02	192	1.67	0.08	20.06	4	seek	squad-1	1	bot-3
193669	bot-49	alpha	G48rb4322	state+element+latches	-1.56	16.02	192	0.12	0.00		0		squad-1	1	bot-3
193669	bot-61	bravo	E10r-3110	latches	-9.21	2.28	30	0.00	2.28		0		squad-2	6	bot-33
193719	bot-63	alpha	A00m-4420	state	-22.37	-21.98	347	2.42	0.89	21.67	5	seek	squad-21	0	bot-63
193736	bot-63	alpha	A00m-442G	latches	-22.37	-21.98	351	0.04	0.00		0		squad-21	0	bot-63
193785	bot-62	alpha	F00r-3410	state	18.94	16.22	333	0.00	0.00		0		squad-10	0	bot-62
193785	bot-62	alpha	P00r-2410	state+ammo	18.94	16.22	333	0.00	0.00		0		squad-10	0	bot-62
193785	bot-64	bravo	D00m--000	state+ammo+packs+latches	15.56	22.90	153	0.00	1.61	2.32	1	flee	squad-22	0	bot-64
193803	bot-5	alpha	D00r--000	tick	-4.74	11.47	33	0.00	0.00	4.50	0		squad-1	-1	bot-3
193803	bot-62	alpha	P00r-4410	ammo	18.91	16.23	329	1.90	0.03		9	patrol	squad-10	0	bot-62
193820	bot-45	bravo	P10m-3310	state	-7.83	3.52	27	4.08	2.60	1.47	1	muzzleRecovery	squad-2	5	bot-33
193835	bot-39	bravo	S00r-4410	tick	-5.26	-9.52	340	0.00	0.00		0		squad-2	4	bot-33
193852	bot-45	bravo	M10m-3310	state	-7.86	3.39	35	0.00	0.13	1.36	0	muzzleRecovery	squad-2	5	bot-33
193869	bot-50	alpha	E48rm3029	tick	0.34	16.35	222	5.15	3.24	3.89	1	flee	squad-1	2	bot-3
193885	bot-55	alpha	P48rm3420	state+latches	-2.44	14.05	207	4.33	0.58	3.63	1	muzzleRecovery	squad-1	4	bot-3
193902	bot-45	bravo	T10m-3310	state	-7.86	3.39	27	0.00	0.00	1.36	0		squad-2	5	bot-33
193936	bot-55	alpha	U48rm3420	state	-2.45	14.27	220	0.00	0.22	3.58	0	muzzleRecovery	squad-1	4	bot-3
193952	bot-50	alpha	E48rm302P	latches	0.70	16.61	222	5.48	0.45	3.47	1	flee	squad-1	2	bot-3
193970	bot-63	alpha	S00m-4420	state+latches	-22.37	-21.98	351	0.00	0.00		0		squad-21	0	bot-63
194019	bot-49	alpha	S48rb4324	state+latches	-1.45	16.05	239	0.00	0.11		0		squad-1	1	bot-3
194035	bot-43	bravo	G00r-4312	state	0.48	8.63	9	2.70	2.38	0.43	1	cover	squad-2	1	bot-33
194035	bot-49	alpha	S48rm4324	element	-1.45	16.05	236	0.00	0.00		0		squad-1	1	bot-3
194085	bot-3	alpha	P00r-4200	tick	-13.89	20.56	48	0.02	0.00		0		squad-1	0	bot-3
194085	bot-45	bravo	T00m-3310	tier	-7.86	3.38	27	0.00	0.00	1.36	0		squad-2	5	bot-33
194085	bot-61	bravo	E00r-3110	tier	-9.21	2.28	30	0.00	0.00		0		squad-2	6	bot-33
194102	bot-45	bravo	T00m-2310	ammo	-7.86	3.38	27	0.11	0.00	1.36	1	muzzleRecovery	squad-2	5	bot-33
194102	bot-54	alpha	A48rb3320	state+element	-0.73	16.33	231	1.67	0.56	17.76	6	seek	squad-1	3	bot-3
194119	bot-33	bravo	A00r-2420	tick	-13.47	1.02	40	0.00	0.00		0		squad-2	0	bot-33
194119	bot-43	bravo	A00r-4310	state+latches	0.52	8.98	352	0.00	0.35		0		squad-2	1	bot-33
194119	bot-45	bravo	P00m-2310	state	-7.86	3.38	27	2.40	0.00	1.36	1	muzzleRecovery	squad-2	5	bot-33
194119	bot-54	alpha	A48rm332G	element+latches	-0.73	16.33	227	0.00	0.00		0		squad-1	3	bot-3
194152	bot-47	bravo	A00r-4410	tick	-15.58	-1.24	41	0.00	0.01		0		squad-2	3	bot-33
194169	bot-61	bravo	H00r-3110	state	-9.21	2.28	30	0.00	0.00		0		squad-2	6	bot-33
194186	bot-50	alpha	E48rm3029	latches	1.38	17.69	222	5.18	1.27	2.20	1	flee	squad-1	2	bot-3
194202	bot-46	bravo	G00r-4422	tick	-6.95	2.05	345	0.00	2.00		0		squad-2	2	bot-33
194235	bot-45	bravo	M00m-2310	state	-8.13	3.46	357	0.00	0.28	1.21	0	muzzleRecovery	squad-2	5	bot-33
194319	bot-45	bravo	T00m-2310	state	-8.39	3.19	18	4.49	0.37	1.23	1	medic	squad-2	5	bot-33
194369	bot-54	alpha	S48rm3324	state+latches	-0.73	16.34	227	0.00	0.01		0		squad-1	3	bot-3
194385	bot-63	alpha	A00m-4420	state	-22.50	-21.24	349	2.40	0.76	21.01	5	seek	squad-21	0	bot-63
194402	bot-63	alpha	A00m-442G	latches	-22.50	-21.24	352	0.19	0.00		0		squad-21	0	bot-63
194435	bot-49	alpha	S46rm4324	score	-1.45	16.05	205	0.00	0.00		0		squad-1	1	bot-3
194435	bot-50	alpha	E46rm3029	score	2.06	18.78	222	5.17	1.29	0.91	1	flee	squad-1	2	bot-3
194435	bot-54	alpha	S46rm3324	score	-0.73	16.34	242	0.00	0.00		0		squad-1	3	bot-3
194435	bot-55	alpha	U46rm3420	score	-2.86	13.20	209	4.12	1.14	0.64	1	pursue	squad-1	4	bot-3
194453	bot-33	bravo	C00r-2420	state	-13.47	1.02	41	0.00	0.00		0		squad-2	0	bot-33
194453	bot-62	alpha	S00r-4410	state	17.74	16.70	306	2.17	1.25		9	patrol	squad-10	0	bot-62
194469	bot-33	bravo	C00r-2422	latches	-13.50	1.00	41	1.12	0.04	9.96	5	cover	squad-2	0	bot-33
194504	bot-55	alpha	U46rb3424	element+latches	-2.89	12.99	209	0.00	0.21		0		squad-1	4	bot-3
194519	bot-49	alpha	S46rm4320	latches	-1.46	16.04	203	1.20	0.02	20.49	4	seek	squad-1	1	bot-3
194519	bot-61	bravo	H00r-3210	health	-9.21	2.28	338	0.00	0.00		0		squad-2	6	bot-33
194535	bot-45	bravo	P00m-2310	state	-8.39	3.19	29	2.40	0.00	1.23	1	muzzleRecovery	squad-2	5	bot-33
194563	bot-58	alpha	A00r-4310	tick	-17.17	14.02	106	0.00	0.01		0		squad-1	5	bot-3
194596	bot-49	alpha	C46rm4320	state	-1.52	15.99	216	1.23	0.08	20.41	4	seek	squad-1	1	bot-3
194596	bot-50	alpha	E46rm3020	latches	2.41	19.34	222	0.00	0.67		0		squad-1	2	bot-3
194613	bot-49	alpha	G46rm4322	state+latches	-1.53	15.99	216	0.35	0.01		0		squad-1	1	bot-3
194613	bot-54	alpha	S46rm3320	latches	-0.74	16.33	231	0.83	0.01	17.76	6	seek	squad-1	3	bot-3
194647	bot-55	alpha	P46rb3424	state	-2.92	12.98	208	1.35	0.03		1	muzzleRecovery	squad-1	4	bot-3
194647	bot-63	alpha	S00m-4420	state+latches	-22.50	-21.24	352	0.00	0.00		0		squad-21	0	bot-63
194680	bot-45	bravo	T00m-2310	state	-8.33	2.85	67	0.00	0.35	1.05	0	muzzleRecovery	squad-2	5	bot-33
194716	bot-55	alpha	U46rb3424	state	-2.93	12.89	194	0.00	0.09		0	muzzleRecovery	squad-1	4	bot-3
194730	bot-63	alpha	A00m-4420	state	-22.52	-21.13	10	1.24	0.11	20.91	5	seek	squad-21	0	bot-63
194847	bot-39	bravo	S00r-4410	tick	-5.26	-9.52	5	0.00	0.00		0		squad-2	4	bot-33
194864	bot-33	bravo	A00r-2420	state+latches	-14.13	0.29	42	3.90	0.95	9.24	5	cover	squad-2	0	bot-33
194881	bot-54	alpha	A46rm3320	state	-0.74	16.13	231	1.10	0.20	17.62	6	seek	squad-1	3	bot-3
194898	bot-61	bravo	H10r-3210	tier	-9.21	2.28	4	0.00	0.00		0		squad-2	6	bot-33
194916	bot-45	bravo	T10m-2310	tier	-8.33	2.85	28	0.00	0.00	1.05	0		squad-2	5	bot-33
194916	bot-54	alpha	A46rm332G	latches	-0.74	16.13	224	0.00	0.00		0		squad-1	3	bot-3
194916	bot-55	alpha	P46rb3424	state	-2.94	12.90	208	1.49	0.00		1	muzzleRecovery	squad-1	4	bot-3
194970	bot-49	alpha	S46rm4320	state+latches	-1.45	16.05	238	0.00	0.10		0		squad-1	1	bot-3
195005	bot-45	bravo	P10m-2310	state	-8.33	2.85	28	2.40	0.00	1.05	1	muzzleRecovery	squad-2	5	bot-33
195048	bot-55	alpha	U46rb3424	state	-3.12	12.95	236	0.00	0.19		0	muzzleRecovery	squad-1	4	bot-3
195081	bot-58	alpha	F00r-4310	state	-17.17	14.02	107	0.00	0.00		0		squad-1	5	bot-3
195081	bot-61	bravo	H21r-3210	tier+score	-9.21	2.28	18	0.00	0.00		0		squad-2	6	bot-33
195098	bot-3	alpha	P00r-4200	tick	-13.89	20.56	48	0.03	0.00		0		squad-1	0	bot-3
195098	bot-33	bravo	A21r-2420	tier+score	-14.14	0.32	41	0.00	0.04		0		squad-2	0	bot-33
195098	bot-43	bravo	E00r-4210	state+health	0.38	8.82	287	0.01	0.21		0		squad-2	1	bot-33
195098	bot-46	bravo	G21r-4422	tier+score	-6.95	2.05	21	0.00	0.00		0		squad-2	2	bot-33
195098	bot-50	alpha	H46rm3020	state	2.41	19.35	222	0.00	0.00		0		squad-1	2	bot-3
195098	bot-50	alpha	H46rm3120	health	2.41	19.35	219	0.00	0.00		0		squad-1	2	bot-3
195098	bot-58	alpha	A00r-4310	state	-17.17	14.02	107	0.00	0.00		0		squad-1	5	bot-3
195115	bot-43	bravo	E00r-4219	latches	0.39	8.76	287	1.78	0.06	4.72	2	flee	squad-2	1	bot-33
195148	bot-54	alpha	S46rm3320	state+latches	-0.76	16.17	224	0.03	0.04		0		squad-1	3	bot-3
195165	bot-45	bravo	T21m-2310	state+tier+score	-8.63	3.08	346	0.00	0.39	0.99	0	muzzleRecovery	squad-2	5	bot-33
195165	bot-47	bravo	A00r-4410	tick	-15.59	-1.25	41	0.00	0.01		0		squad-2	3	bot-33
195182	bot-55	alpha	U46rb2424	ammo	-3.15	12.95	209	0.01	0.03		0		squad-1	4	bot-3
195182	bot-61	bravo	H21r-3310	health	-9.21	2.28	26	0.00	0.00		0		squad-2	6	bot-33
195198	bot-58	alpha	F00r-4310	state	-17.17	14.02	107	0.00	0.00		0		squad-1	5	bot-3
195198	bot-61	bravo	H32r-3310	tier+score	-9.21	2.28	27	0.00	0.00		0		squad-2	6	bot-33
195215	bot-33	bravo	F32r-2420	state+tier+score	-14.14	0.32	41	0.00	0.00		0		squad-2	0	bot-33
195215	bot-43	bravo	E00r-4119	health	0.38	8.57	287	2.42	0.19	4.53	2	flee	squad-2	1	bot-33
195215	bot-45	bravo	T32m-2310	tier+score	-8.63	3.08	3	0.10	0.00	0.99	0		squad-2	5	bot-33
195215	bot-46	bravo	G32r-4422	tier+score	-6.95	2.05	30	0.00	0.00		0		squad-2	2	bot-33
195215	bot-47	bravo	F00r-4410	state	-15.59	-1.25	41	0.00	0.00		0		squad-2	3	bot-33
195215	bot-47	bravo	F00r-3410	ammo	-15.59	-1.25	41	0.00	0.00		0		squad-2	3	bot-33
195215	bot-49	alpha	S47rm4320	score	-1.69	15.86	223	1.56	0.31	19.51	4	seek	squad-1	1	bot-3
195215	bot-50	alpha	H47rm3120	score	2.41	19.35	199	0.00	0.00		0		squad-1	2	bot-3
195215	bot-54	alpha	S47rm3320	score	-0.78	16.11	226	0.81	0.06	18.90	4	seek	squad-1	3	bot-3
195215	bot-55	alpha	U47rb2324	score+health	-3.15	12.95	209	0.00	0.00		0		squad-1	4	bot-3
195215	bot-58	alpha	A00r-4310	state	-17.17	14.02	107	0.00	0.00		0		squad-1	5	bot-3
195232	bot-33	bravo	A32r-2420	state	-14.14	0.32	41	0.00	0.00		0		squad-2	0	bot-33
195232	bot-47	bravo	A00r-3410	state	-15.59	-1.25	41	0.00	0.00		0		squad-2	3	bot-33
195316	bot-55	alpha	P47rb2324	state	-3.15	12.95	209	0.79	0.00		1	muzzleRecovery	squad-1	4	bot-3
195316	bot-58	alpha	F00r-4310	state	-17.17	14.03	108	0.04	0.01		0		squad-1	5	bot-3
195332	bot-33	bravo	F32r-2420	state	-14.14	0.33	41	0.19	0.00		0		squad-2	0	bot-33
195332	bot-45	bravo	T32m-1310	ammo	-8.63	3.09	29	0.00	0.00	0.99	0		squad-2	5	bot-33
195332	bot-47	bravo	F00r-3410	state	-15.59	-1.25	41	0.00	0.00		0		squad-2	3	bot-33
195332	bot-49	alpha	S48rm4320	score	-1.79	15.74	223	1.28	0.16	19.35	4	seek	squad-1	1	bot-3
195332	bot-50	alpha	H48rm3120	score	2.41	19.35	208	0.00	0.00		0		squad-1	2	bot-3
195332	bot-54	alpha	S48rm3320	score	-0.82	16.02	226	0.84	0.10	18.82	4	seek	squad-1	3	bot-3
195332	bot-55	alpha	E48rb2220	state+score+health+latches	-3.15	12.96	212	0.64	0.01		0		squad-1	4	bot-3
195332	bot-58	alpha	A10r-4310	state+tier	-17.17	14.03	108	0.02	0.00		0		squad-1	5	bot-3
195350	bot-33	bravo	P32r-2420	state	-14.14	0.33	41	1.37	0.00		1	muzzleRecovery	squad-2	0	bot-33
195350	bot-43	bravo	E00r-4110	latches	0.39	8.21	288	5.20	0.37	5.22	2	flee	squad-2	1	bot-33
195350	bot-47	bravo	A00r-3410	state	-15.59	-1.25	41	0.00	0.00		0		squad-2	3	bot-33
195350	bot-55	alpha	E48rb2229	latches	-3.14	12.98	209	0.74	0.02	6.27	1	flee	squad-1	4	bot-3
195366	bot-43	bravo	E00r-4119	latches	0.40	8.12	288	5.19	0.08	5.14	2	flee	squad-2	1	bot-33
195399	bot-49	alpha	C47rm4320	state+score	-1.84	15.68	223	1.40	0.07	19.28	4	seek	squad-1	1	bot-3
195399	bot-50	alpha	H47rm3120	score	2.41	19.35	213	0.00	0.00		0		squad-1	2	bot-3
195399	bot-54	alpha	S47rm3320	score	-0.85	15.95	226	1.38	0.08	18.75	4	seek	squad-1	3	bot-3
195399	bot-55	alpha	E47rb2229	score	-3.12	13.02	209	0.84	0.04	6.23	1	flee	squad-1	4	bot-3
195416	bot-49	alpha	C47rm4322	latches	-1.76	15.83	232	4.94	0.17	0.38	1	cover	squad-1	1	bot-3
195416	bot-54	alpha	A47rm3320	state	-0.85	15.95	226	1.38	0.00	18.75	4	seek	squad-1	3	bot-3
195416	bot-61	bravo	H33r-3310	score	-9.21	2.28	43	0.00	0.00		0		squad-2	6	bot-33
195436	bot-43	bravo	E33r-4119	tier+score	0.42	7.76	289	5.14	0.36	4.79	2	flee	squad-2	1	bot-33
195436	bot-45	bravo	E33m-1210	state+score+health	-8.63	3.09	29	0.10	0.00		0		squad-2	5	bot-33
195436	bot-46	bravo	G33r-4422	score	-6.95	0.42	45	0.00	1.63		0		squad-2	2	bot-33
195436	bot-47	bravo	A21r-3410	tier+score	-15.59	-1.25	41	0.14	0.00		0		squad-2	3	bot-33
195436	bot-49	alpha	G47rm4322	state	-1.76	15.83	232	4.94	0.00	0.38	1	cover	squad-1	1	bot-3
195436	bot-58	alpha	F10r-4310	state	-17.17	14.03	109	0.00	0.00		0		squad-1	5	bot-3
195454	bot-45	bravo	E33m-1219	latches	-8.82	3.12	30	5.06	0.19	4.89	1	flee	squad-2	5	bot-33
195454	bot-47	bravo	F21r-3410	state	-15.59	-1.25	41	0.14	0.00		0		squad-2	3	bot-33
195454	bot-49	alpha	G48rm4322	score	-1.51	16.01	239	0.00	0.30		0		squad-1	1	bot-3
195454	bot-50	alpha	H48rm3120	score	2.41	19.35	218	0.00	0.00		0		squad-1	2	bot-3
195454	bot-54	alpha	A48rm3320	score	-0.85	15.95	221	0.28	0.00		0		squad-1	3	bot-3
195454	bot-55	alpha	E48rb2129	score+health	-3.09	13.06	210	0.88	0.05	6.18	1	flee	squad-1	4	bot-3
195454	bot-58	alpha	P10r-4310	state	-17.17	14.03	110	1.47	0.00		1	muzzleRecovery	squad-1	5	bot-3
195454	bot-62	alpha	S00r-4410	tick	15.64	17.58	240	2.14	2.28	33.46	6	seek	squad-10	0	bot-62
195470	bot-47	bravo	A21r-3410	state	-15.59	-1.25	41	0.01	0.00		0		squad-2	3	bot-33
195470	bot-54	alpha	A48rm332G	latches	-0.85	15.95	221	0.18	0.00		0		squad-1	3	bot-3
195502	bot-45	bravo	E33m-1210	latches	-9.06	3.18	31	5.06	0.24	4.68	1	flee	squad-2	5	bot-33
195519	bot-45	bravo	E33m-1219	latches	-9.14	3.20	31	5.03	0.08	4.62	1	flee	squad-2	5	bot-33
195537	bot-61	bravo	H44rb3310	tier+score+element	-9.21	2.28	53	0.00	0.00		0		squad-2	6	bot-33
195555	bot-43	bravo	E34r-4119	score	0.46	7.14	292	5.25	0.62	4.20	2	flee	squad-2	1	bot-33
195555	bot-45	bravo	E44mb1119	tier+score+element+health	-9.32	3.23	32	5.06	0.18	4.46	1	flee	squad-2	5	bot-33
195555	bot-46	bravo	G44rb4422	tier+score+element	-6.95	0.05	54	0.00	0.37		0		squad-2	2	bot-33
195555	bot-47	bravo	A32r-3410	tier+score	-15.59	-1.25	41	0.00	0.00		0		squad-2	3	bot-33
195555	bot-49	alpha	G47rm4322	score	-1.46	16.06	248	1.72	0.07		0		squad-1	1	bot-3
195555	bot-50	alpha	H47rm3120	score	2.41	19.35	225	0.00	0.00		0		squad-1	2	bot-3
195555	bot-54	alpha	A47rm332G	score	-0.85	15.96	221	0.02	0.00		0		squad-1	3	bot-3
195555	bot-55	alpha	E47rb2129	score	-3.03	13.16	212	2.59	0.12	6.06	1	flee	squad-1	4	bot-3
195573	bot-47	bravo	F32r-3410	state	-15.59	-1.25	41	0.00	0.00		0		squad-2	3	bot-33
195573	bot-47	bravo	P32r-3410	state	-15.59	-1.25	41	0.00	0.00		0		squad-2	3	bot-33
195573	bot-55	alpha	D00r--000	state+tier+score+element+ammo+health+packs+latches	-3.03	13.16	212	0.00	0.00	6.06	1	flee	squad-1	4	bot-3
195573	bot-49	alpha	G49rm4322	score	-1.47	16.06	246	0.95	0.01		0		squad-1	1	bot-3
195573	bot-50	alpha	H49rm3120	score	2.41	19.35	227	0.00	0.00		0		squad-1	2	bot-3
195573	bot-54	alpha	A49rm332G	score	-0.85	15.96	221	0.01	0.00		0		squad-1	3	bot-3
195573	bot-61	bravo	S44rm4314	state+element+ammo+latches	-9.21	2.28	54	0.00	0.00		0		squad-2	6	bot-33
195592	bot-36	bravo	D00r--000	tick	-23.28	-14.91	51	0.00	0.00	4.20	0		squad-2	-1	bot-33
195592	bot-43	bravo	E34r-4110	latches	0.48	6.95	292	5.34	0.20	0.90	1	flee	squad-2	1	bot-33
195592	bot-45	bravo	E44mmR110	element+ammo+latches	-9.32	3.22	32	5.06	0.01	6.17	2	flee	squad-2	5	bot-33
195592	bot-47	bravo	S32r-3410	state	-15.59	-1.25	41	0.00	0.00		0		squad-2	3	bot-33
195612	bot-43	bravo	E34r-4119	latches	0.49	6.84	293	5.38	0.11	0.79	1	flee	squad-2	1	bot-33
195612	bot-45	bravo	E44mmR119	latches	-9.22	3.20	32	5.06	0.10	6.10	2	flee	squad-2	5	bot-33
195612	bot-58	alpha	A10r-4310	state	-17.06	14.24	77	0.00	0.24		0	muzzleRecovery	squad-1	4	bot-3
195667	bot-33	bravo	S44rm2420	state+tier+score+element	-14.02	0.72	13	0.00	0.41		0	muzzleRecovery	squad-2	0	bot-33
195714	bot-43	bravo	E44rm4119	tier+element	0.53	6.28	294	5.53	0.57	0.23	1	flee	squad-2	1	bot-33
195714	bot-49	alpha	G48rm4322	score	-1.45	16.05	235	0.01	0.02		0		squad-1	1	bot-3
195714	bot-50	alpha	H48rm3120	score	2.41	19.35	238	0.00	0.00		0		squad-1	2	bot-3
195714	bot-54	alpha	S48rm3320	state+score+latches	-0.85	15.96	221	0.00	0.00		0		squad-1	3	bot-3
195714	bot-58	alpha	A10r-431G	latches	-17.05	14.24	96	0.01	0.01		0		squad-1	4	bot-3
195765	bot-43	bravo	E44rm411P	latches	0.55	6.19	294	1.09	0.09		0		squad-2	1	bot-33
195765	bot-63	alpha	A00m-4420	tick	-22.51	-21.13	21	0.00	0.00		0		squad-21	0	bot-63
195781	bot-43	bravo	E44rm411G	latches	0.55	6.19	294	0.00	0.00		0		squad-2	1	bot-33
195811	bot-49	alpha	S48rm4320	state+latches	-1.45	16.05	229	0.00	0.00		0		squad-1	1	bot-3
195836	bot-49	alpha	S47rm4320	score	-1.49	16.03	221	1.25	0.05	20.82	4	seek	squad-1	1	bot-3
195836	bot-50	alpha	H47rm3120	score	2.41	19.35	249	0.00	0.00		0		squad-1	2	bot-3
195836	bot-54	alpha	S47rm3320	score	-0.87	15.92	207	0.24	0.04	18.71	4	seek	squad-1	3	bot-3
195852	bot-39	bravo	S00r-4410	tick	-5.26	-9.52	41	0.00	0.00		0		squad-2	4	bot-33
195921	bot-33	bravo	C44rm2420	state	-13.73	0.97	37	2.46	0.39	16.33	2	seek	squad-2	0	bot-33
195921	bot-61	bravo	S44rm4310	latches	-9.20	2.30	78	1.32	0.02	12.73	2	seek	squad-2	6	bot-33
195937	bot-33	bravo	C44rb2422	element+latches	-13.79	0.86	45	3.47	0.12	9.81	5	cover	squad-2	0	bot-33
195937	bot-58	alpha	S10r-4310	state+latches	-17.05	14.24	96	0.00	0.00		0		squad-1	4	bot-3
195953	bot-54	alpha	A47rm3320	state	-0.90	15.91	185	0.77	0.03	18.68	4	seek	squad-1	3	bot-3
195973	bot-33	bravo	A44rb2420	state+latches	-13.82	0.80	49	4.16	0.06	9.76	5	cover	squad-2	0	bot-33
195973	bot-43	bravo	E44rm4110	latches	0.56	6.18	294	0.00	0.01		0		squad-2	1	bot-33
196007	bot-33	bravo	A44rm242G	element+latches	-13.82	0.80	42	0.00	0.00		0		squad-2	0	bot-33
196007	bot-54	alpha	A47rm332G	latches	-0.91	15.92	195	0.64	0.02		0		squad-1	3	bot-3
196102	bot-3	alpha	P00r-4200	tick	-13.88	20.57	48	0.02	0.01		0		squad-1	0	bot-3
196119	bot-58	alpha	A10r-4310	state	-16.78	14.23	112	1.48	0.27	19.67	3	seek	squad-1	4	bot-3
196152	bot-58	alpha	F10r-4310	state	-16.77	14.24	115	0.17	0.01		0		squad-1	4	bot-3
196169	bot-58	alpha	A10r-4310	state	-16.77	14.24	115	0.10	0.00		0		squad-1	4	bot-3
196202	bot-49	alpha	C47rm4320	state	-1.80	15.74	209	1.22	0.42	20.40	4	seek	squad-1	1	bot-3
196202	bot-50	alpha	H47rm3220	health	2.41	19.35	265	0.00	0.00		0		squad-1	2	bot-3
196219	bot-49	alpha	G47rm4322	state+latches	-1.77	15.82	209	4.93	0.08	0.40	1	cover	squad-1	1	bot-3
196235	bot-49	alpha	G48rm4322	score	-1.56	15.97	216	0.00	0.27		0		squad-1	1	bot-3
196235	bot-54	alpha	A48rm332G	score	-0.92	15.93	195	0.00	0.01		0		squad-1	3	bot-3
196235	bot-58	alpha	E10r-4210	state+health	-16.77	14.24	115	0.01	0.00		0		squad-1	4	bot-3
196264	bot-3	alpha	P38r-4200	tier+score	-13.88	20.57	48	0.02	0.00		0		squad-1	0	bot-3
196264	bot-33	bravo	S44rm2424	state+latches	-13.79	0.80	42	0.00	0.02		0		squad-2	0	bot-33
196264	bot-54	alpha	S48rm3320	state+latches	-0.92	15.93	195	0.00	0.00		0		squad-1	3	bot-3
196264	bot-58	alpha	E10r-4219	latches	-16.81	14.24	115	0.75	0.03	1.16	1	muzzleRecovery	squad-1	4	bot-3
196281	bot-43	bravo	H44rm4110	state	0.56	6.18	295	0.00	0.00		1	muzzleRecovery	squad-2	1	bot-33
196281	bot-58	alpha	E10r-421G	latches	-16.82	14.23	115	0.94	0.02	1.14	1	flee	squad-1	4	bot-3
196296	bot-43	bravo	H44rm411G	latches	0.56	6.18	302	0.00	0.00		1	muzzleRecovery	squad-2	1	bot-33
196296	bot-58	alpha	E10r-421P	latches	-16.84	14.23	115	0.93	0.01	1.13	1	flee	squad-1	4	bot-3
196469	bot-62	alpha	S00r-4410	tick	13.46	17.95	242	2.25	2.22	31.77	5	seek	squad-10	0	bot-62
196503	bot-33	bravo	S44rm2420	latches	-13.78	0.82	42	1.35	0.02	20.78	4	seek	squad-2	0	bot-33
196503	bot-47	bravo	A32r-3410	state	-15.48	-1.17	44	0.13	0.14	15.73	3	seek	squad-2	3	bot-33
196523	bot-33	bravo	A44rb2420	state+element	-13.78	0.82	42	1.35	0.00	20.78	4	seek	squad-2	0	bot-33
196523	bot-43	bravo	H44rm4110	latches	0.56	6.18	302	0.00	0.00		1	muzzleRecovery	squad-2	1	bot-33
196523	bot-54	alpha	A48rm3320	state	-0.88	15.91	170	0.42	0.05	18.70	4	seek	squad-1	3	bot-3
196523	bot-58	alpha	E10r-4219	latches	-17.15	14.20	114	2.72	0.32	0.81	1	flee	squad-1	4	bot-3
196543	bot-58	alpha	E10r-3219	ammo	-17.21	14.19	114	2.52	0.05	0.76	1	flee	squad-1	4	bot-3
196557	bot-46	bravo	G44rb4422	tick	-6.95	0.05	17	0.00	0.00		0		squad-2	2	bot-33
196557	bot-63	alpha	A00m-442G	latches	-22.51	-21.13	19	0.00	0.00		0		squad-21	0	bot-63
196572	bot-33	bravo	A44rm242G	element+latches	-13.76	0.82	40	0.13	0.02		0		squad-2	0	bot-33
196572	bot-47	bravo	A32r-341G	latches	-15.50	-1.19	41	0.66	0.03		0		squad-2	3	bot-33
196572	bot-54	alpha	A48rm332G	latches	-0.88	15.93	181	0.31	0.02		0		squad-1	3	bot-3
196588	bot-49	alpha	S48rm4320	state+latches	-1.46	16.05	230	0.00	0.13		0		squad-1	1	bot-3
196620	bot-45	bravo	E44mmR119	tick	-6.41	1.08	32	2.37	3.52	3.06	2	flee	squad-2	5	bot-33
196654	bot-61	bravo	S45rm4310	score	-8.16	3.42	28	2.40	1.53	11.20	2	seek	squad-2	6	bot-33
196670	bot-33	bravo	A45rm242G	score	-13.76	0.82	40	0.00	0.00		0		squad-2	0	bot-33
196670	bot-43	bravo	H45rm4010	score+health	0.56	6.18	290	0.00	0.00		1	muzzleRecovery	squad-2	1	bot-33
196670	bot-45	bravo	E45mmR119	score	-6.29	1.01	32	2.73	0.13	2.98	2	flee	squad-2	5	bot-33
196670	bot-46	bravo	G45rb4422	score	-6.95	0.84	9	0.00	0.79		0		squad-2	2	bot-33
196670	bot-47	bravo	A33r-341G	score	-15.55	-1.22	41	0.15	0.06		0		squad-2	3	bot-33
196720	bot-46	bravo	C45rb4420	state+latches	-6.95	1.12	6	0.00	0.28		0		squad-2	2	bot-33
196737	bot-46	bravo	C45rb4422	latches	-6.95	1.10	13	0.59	0.02	1.84	1	cover	squad-2	2	bot-33
196754	bot-58	alpha	E10r-3210	latches	-17.64	14.11	114	0.00	0.44		0		squad-1	4	bot-3
196777	bot-58	alpha	P10r-3210	state	-17.64	14.11	114	0.00	0.00		0		squad-1	4	bot-3
196777	bot-43	bravo	D00r--000	state+tier+score+element+ammo+packs	0.56	6.18	282	0.00	0.00		1	muzzleRecovery	squad-2	1	bot-33
196777	bot-61	bravo	S47rm4310	score	-7.96	3.64	27	2.40	0.30	10.91	2	seek	squad-2	6	bot-33
196793	bot-31	bravo	D00r--000	tick	-7.14	-6.05	243	0.00	0.00		0		squad-2	-1	bot-33
196793	bot-33	bravo	A47rm242G	score	-13.76	0.82	40	0.00	0.00		0		squad-2	0	bot-33
196793	bot-45	bravo	E47mmR119	score	-6.05	0.73	32	3.33	0.37	2.68	2	flee	squad-2	4	bot-33
196793	bot-46	bravo	S47rm4424	state+score+element+latches	-6.95	1.08	21	0.59	0.02	1.82	1	cover	squad-2	1	bot-33
196793	bot-47	bravo	A45rm341G	tier+score+element	-15.56	-1.23	41	0.00	0.00		0		squad-2	2	bot-33
196793	bot-58	alpha	E10r-3210	state	-17.64	14.11	114	0.00	0.00		0		squad-1	4	bot-3
196806	bot-63	alpha	S00m-4420	state+latches	-22.51	-21.13	19	0.00	0.00		0		squad-21	0	bot-63
196821	bot-33	bravo	S47rm2424	state+latches	-13.76	0.82	40	0.00	0.00		0		squad-2	0	bot-33
196821	bot-47	bravo	S45rm3410	state+latches	-15.56	-1.23	41	0.00	0.00		0		squad-2	2	bot-33
196821	bot-54	alpha	S48rm3320	state+latches	-0.88	15.94	181	0.00	0.01		0		squad-1	3	bot-3
196841	bot-61	bravo	C47rm4310	state	-7.89	3.72	27	2.40	0.11	10.80	2	seek	squad-2	5	bot-33
196855	bot-39	bravo	S00r-4410	tick	-5.26	-9.52	323	0.00	0.00		0		squad-2	3	bot-33
196855	bot-61	bravo	S47rb4314	state+element+latches	-7.80	3.74	27	4.56	0.09	9.90	3	cover	squad-2	5	bot-33
196871	bot-61	bravo	S47rm4314	element	-7.80	3.74	21	0.00	0.00		0		squad-2	5	bot-33
196938	bot-65	bravo	P00r-0410	initial	-8.95	-8.45	0	0.00			0			-1	
196938	bot-66	alpha	P00r-0410	initial	-21.95	-14.45	0	0.00			0			-1	
196955	bot-65	bravo	C45rm4410	state+tier+score+element+ammo	-8.95	-8.45	0	0.00	0.00		0		squad-22	0	
196955	bot-66	alpha	C00r-4410	state+ammo	-21.95	-14.45	0	0.00	0.00		0		squad-21	1	bot-63
196974	bot-39	bravo	S45rm4410	tier+score+element	-5.26	-9.52	313	0.00	0.00		0		squad-2	3	bot-33
196974	bot-49	alpha	A48rm4320	state	-1.80	15.75	209	1.24	0.46	20.77	4	seek	squad-1	1	bot-3
196974	bot-65	bravo	A45rb4410	state+element	-9.02	-8.46	356	4.36	0.07	4.95	1	cover	squad-22	0	
196974	bot-66	alpha	C00r-4412	latches	-21.95	-14.45	9	0.02	0.00		0		squad-21	1	bot-63
197005	bot-49	alpha	A48rb4320	element	-1.80	15.75	199	0.00	0.00		0		squad-1	1	bot-3
197021	bot-49	alpha	A48rm432G	element+latches	-1.80	15.75	199	0.00	0.00		0		squad-1	1	bot-3
197021	bot-65	bravo	A45rm441G	element+latches	-9.02	-8.46	6	0.00	0.00		0		squad-22	0	
197044	bot-45	bravo	E47mm4119	ammo	-5.83	0.03	32	2.59	0.74	1.98	1	flee	squad-2	4	bot-33
197068	bot-33	bravo	S47rm2420	latches	-13.74	0.84	41	1.35	0.03	20.74	4	seek	squad-2	0	bot-33
197084	bot-33	bravo	A47rb2420	state+element	-13.74	0.84	41	1.35	0.00	20.74	4	seek	squad-2	0	bot-33
197084	bot-47	bravo	A45rb3410	state+element	-15.54	-1.21	43	0.32	0.02	19.36	4	seek	squad-2	2	bot-33
197084	bot-54	alpha	A48rb3320	state+element	-1.00	15.88	225	0.75	0.13	18.23	4	seek	squad-1	3	bot-3
197084	bot-58	alpha	E00r-3210	tier	-17.60	14.15	114	0.01	0.05		0		squad-1	4	bot-3
197084	bot-63	alpha	A00m-4420	state	-22.62	-20.80	339	1.95	0.35	21.11	6	seek	squad-21	0	bot-63
197097	bot-33	bravo	F47rb2420	state	-13.74	0.84	40	0.00	0.00		0		squad-2	0	bot-33
197097	bot-47	bravo	A45rm341G	element+latches	-15.54	-1.21	40	0.00	0.00		0		squad-2	2	bot-33
197113	bot-33	bravo	A47rm242G	state+element+latches	-13.74	0.84	40	0.00	0.00		0		squad-2	0	bot-33
197113	bot-33	bravo	A47rmR42G	ammo	-13.73	0.84	40	0.67	0.01		0		squad-2	0	bot-33
197113	bot-54	alpha	A48rm332G	element+latches	-1.00	15.89	220	0.38	0.01		0		squad-1	3	bot-3
197127	bot-63	alpha	A00m-442G	latches	-22.62	-20.80	348	0.33	0.00		0		squad-21	0	bot-63
197205	bot-50	alpha	H47rm3220	tick	2.41	19.35	187	0.00	0.00		0		squad-1	2	bot-3
197239	bot-39	bravo	C45rm4410	state	-5.26	-9.52	332	0.00	0.00		0		squad-2	3	bot-33
197256	bot-39	bravo	C45rb4412	element+latches	-5.26	-9.52	332	0.00	0.00		0		squad-2	3	bot-33
197256	bot-49	alpha	S48rm4324	state+latches	-1.78	15.76	199	0.01	0.02		0		squad-1	1	bot-3
197256	bot-58	alpha	H00r-3210	state	-17.60	14.15	114	0.00	0.00		0		squad-1	4	bot-3
197256	bot-65	bravo	S45rm4414	state+latches	-9.02	-8.46	6	0.00	0.00		0		squad-22	0	
197272	bot-3	alpha	P38r-4200	tick	-13.88	20.56	173	0.02	0.00		0		squad-1	0	bot-3
197289	bot-46	bravo	S47rm4420	latches	-6.95	1.10	2	1.51	0.03	18.77	5	seek	squad-2	1	bot-33
197308	bot-50	alpha	H47rm3320	health	2.41	19.35	179	0.00	0.00		0		squad-1	2	bot-3
197343	bot-47	bravo	S45rm3414	state+latches	-15.56	-1.23	40	0.00	0.02		0		squad-2	2	bot-33
197362	bot-33	bravo	S47rmR424	state+latches	-13.72	0.85	40	0.00	0.01		0		squad-2	0	bot-33
197362	bot-54	alpha	S48rm3324	state+latches	-1.04	15.93	220	0.01	0.05		0		squad-1	3	bot-3
197362	bot-61	bravo	S47rm4310	latches	-7.79	3.76	3	1.32	0.02	11.41	2	seek	squad-2	5	bot-33
197380	bot-63	alpha	S00m-4420	state+latches	-22.62	-20.80	348	0.00	0.00		0		squad-21	0	bot-63
197474	bot-62	alpha	S00r-4410	tick	11.09	17.99	235	2.35	2.37	29.82	5	seek	squad-10	0	bot-62
197507	bot-49	alpha	S48rm4320	latches	-1.78	15.75	222	0.41	0.01	24.60	5	seek	squad-1	1	bot-3
197507	bot-65	bravo	S45rm4410	latches	-9.02	-8.45	54	0.94	0.02	26.10	4	seek	squad-22	0	
197531	bot-46	bravo	C47rm4420	state	-6.91	1.42	17	1.44	0.32	18.46	5	seek	squad-2	1	bot-33
197547	bot-46	bravo	C47rm4422	latches	-6.87	1.35	28	1.89	0.08	2.02	1	cover	squad-2	1	bot-33
197590	bot-47	bravo	S45rm3410	latches	-15.56	-1.23	66	0.26	0.00	19.38	4	seek	squad-2	2	bot-33
197607	bot-33	bravo	S47rmR420	latches	-13.71	0.88	42	1.32	0.03	20.70	4	seek	squad-2	0	bot-33
197607	bot-54	alpha	S48rm3320	latches	-1.04	15.93	226	0.57	0.01	18.23	4	seek	squad-1	3	bot-3
197628	bot-3	alpha	P36r-4200	score	-13.88	20.56	144	0.10	0.00		0		squad-1	0	bot-3
197628	bot-49	alpha	S46rm4320	score	-1.82	15.68	199	0.80	0.08	24.52	5	seek	squad-1	1	bot-3
197628	bot-50	alpha	H45rm3320	score	2.41	19.35	179	0.00	0.00		0		squad-1	2	bot-3
197628	bot-54	alpha	S46rm3320	score	-1.05	15.92	225	0.51	0.01	18.22	4	seek	squad-1	3	bot-3
197641	bot-61	bravo	C47rm4310	state	-7.51	4.05	43	2.28	0.40	11.00	2	seek	squad-2	5	bot-33
197641	bot-63	alpha	A00m-4420	state	-22.72	-20.52	348	1.88	0.30	17.54	4	seek	squad-21	0	bot-63
197657	bot-61	bravo	C47rb4312	element+latches	-7.39	4.09	51	4.00	0.12	9.36	2	cover	squad-2	5	bot-33
197690	bot-63	alpha	A00m-442G	latches	-22.71	-20.52	358	0.11	0.00		0		squad-21	0	bot-63
197791	bot-45	bravo	E47mm4110	latches	-5.85	-1.64	32	0.00	1.67		0		squad-2	4	bot-33
197808	bot-65	bravo	A45rb4410	state+element	-8.86	-8.10	12	2.25	0.38	25.73	4	seek	squad-22	0	
197825	bot-65	bravo	A45rm441G	element+latches	-8.86	-8.10	16	0.02	0.00		0		squad-22	0	
197841	bot-45	bravo	E47mb4110	element	-5.85	-1.64	28	0.41	0.00		0		squad-2	4	bot-33
197841	bot-49	alpha	C46rb4320	state+element	-1.91	15.49	199	1.48	0.21	24.30	5	seek	squad-1	1	bot-3
197841	bot-63	alpha	A00m-4420	latches	-22.71	-20.51	1	0.00	0.00		0		squad-21	0	bot-63
197858	bot-49	alpha	C46rb4322	latches	-1.81	15.62	193	4.97	0.17	7.89	5	cover	squad-1	1	bot-3
197908	bot-58	alpha	H00r-3310	health	-17.60	14.15	131	0.00	0.00		0		squad-1	4	bot-3
197925	bot-33	bravo	A47rbR420	state+element	-13.37	1.23	36	2.44	0.49	20.21	4	seek	squad-2	0	bot-33
197925	bot-47	bravo	A45rb3410	state+element	-15.54	-1.21	43	0.14	0.02	19.36	4	seek	squad-2	2	bot-33
197925	bot-54	alpha	A46rb3320	state+element	-1.17	15.82	225	0.39	0.15	18.07	4	seek	squad-1	3	bot-3
197950	bot-33	bravo	A47rmR42G	element+latches	-13.35	1.23	40	0.42	0.02		0		squad-2	0	bot-33
197950	bot-47	bravo	A45rm341G	element+latches	-15.54	-1.22	40	0.41	0.01		0		squad-2	2	bot-33
197950	bot-54	alpha	A46rm332G	element+latches	-1.18	15.83	222	0.43	0.01		0		squad-1	3	bot-3
197967	bot-63	alpha	F00m-4420	state	-22.71	-20.51	20	0.00	0.00		0		squad-21	0	bot-63
197967	bot-65	bravo	A46rm441G	score	-8.86	-8.10	16	0.00	0.00		0		squad-22	0	
197989	bot-33	bravo	A48rmR42G	score	-13.34	1.23	40	0.09	0.01		0		squad-2	0	bot-33
197989	bot-39	bravo	C46rb4412	score	-5.26	-9.52	332	0.00	0.00		0		squad-2	3	bot-33
197989	bot-45	bravo	E48mb4110	score	-5.74	-1.57	13	1.21	0.13		0		squad-2	4	bot-33
197989	bot-46	bravo	C48rm4422	score	-6.50	0.63	142	1.83	0.81	1.21	1	cover	squad-2	1	bot-33
197989	bot-47	bravo	A46rm331G	score+health	-15.56	-1.23	40	0.14	0.02		0		squad-2	2	bot-33
197989	bot-61	bravo	C48rb4312	score	-6.25	4.45	73	3.29	1.20	8.21	2	cover	squad-2	5	bot-33
197989	bot-63	alpha	A00m-442G	state+latches	-22.71	-20.51	20	0.00	0.00		0		squad-21	0	bot-63
197989	bot-66	alpha	C00r-4412	tick	-21.94	-14.45	64	0.00	0.01		0		squad-21	1	bot-63
198004	bot-45	bravo	E48mm411G	element+latches	-5.72	-1.56	13	1.12	0.02		0		squad-2	4	bot-33
198004	bot-49	alpha	C46rb432I	latches	-1.68	16.31	189	4.75	0.70	7.83	5	cover	squad-1	1	bot-3
198004	bot-50	alpha	S45rm3320	state	2.41	19.35	207	0.00	0.00		0		squad-1	2	bot-3
198069	bot-46	bravo	C48rb4422	element	-6.44	0.50	153	1.87	0.15	1.06	1	cover	squad-2	1	bot-33
198069	bot-65	bravo	S46rm4414	state+latches	-8.86	-8.10	16	0.00	0.00		0		squad-22	0	
198085	bot-33	bravo	A47rmR42G	score	-13.34	1.23	40	0.00	0.00		0		squad-2	0	bot-33
198085	bot-45	bravo	E47mm411G	score	-5.65	-1.54	13	0.48	0.07		0		squad-2	4	bot-33
198085	bot-46	bravo	C47rb4422	score	-6.42	0.47	153	1.93	0.03	1.03	1	cover	squad-2	1	bot-33
198085	bot-61	bravo	C47rb4312	score	-5.93	4.55	73	3.52	0.33	7.89	2	cover	squad-2	5	bot-33
198185	bot-33	bravo	S47rmR424	state+latches	-13.34	1.23	40	0.00	0.00		0		squad-2	0	bot-33
198185	bot-47	bravo	S46rm3314	state+latches	-15.56	-1.23	40	0.00	0.00		0		squad-2	2	bot-33
198185	bot-54	alpha	S46rm3324	state+latches	-1.25	15.93	222	0.05	0.13		0		squad-1	3	bot-3
198202	bot-33	bravo	S46rmR424	score	-13.34	1.23	47	0.00	0.00		0		squad-2	0	bot-33
198202	bot-45	bravo	E46mm411G	score	-5.64	-1.54	13	0.02	0.01		0		squad-2	4	bot-33
198202	bot-46	bravo	C46rb4422	score	-6.31	0.24	153	2.32	0.25	0.78	1	cover	squad-2	1	bot-33
198202	bot-61	bravo	C46rb4312	score	-5.52	4.68	73	3.81	0.43	7.48	2	cover	squad-2	5	bot-33
198206	bot-65	bravo	D00r--000	state+tier+score+element+ammo+health+packs+latches	-8.86	-8.10	47	0.00	0.00		0		squad-22	0	
198228	bot-37	bravo	D00m--000	tick	-19.24	1.21	176	0.00	0.00	6.76	0		squad-2	-1	bot-33
198228	bot-3	alpha	P35r-4200	score	-13.89	20.56	98	0.00	0.00		0		squad-1	0	bot-3
198228	bot-33	bravo	S49rmR424	score	-13.34	1.23	52	0.00	0.00		0		squad-2	0	bot-33
198228	bot-39	bravo	C49rb4412	score	-5.26	-9.52	332	0.00	0.00		0		squad-2	3	bot-33
198228	bot-45	bravo	E49mm401G	score+health	-5.64	-1.54	13	0.01	0.00		0		squad-2	4	bot-33
198228	bot-46	bravo	C49rb4422	score	-6.28	0.19	153	2.37	0.06	0.72	1	cover	squad-2	1	bot-33
198228	bot-47	bravo	S49rm3314	score	-15.56	-1.23	52	0.00	0.00		0		squad-2	2	bot-33
198228	bot-49	alpha	C45rb432I	score	-1.12	17.10	131	3.46	0.96	7.46	5	cover	squad-1	1	bot-3
198228	bot-50	alpha	S44rm3320	score	2.20	19.12	217	2.12	0.31	25.85	4	seek	squad-1	2	bot-3
198228	bot-54	alpha	S45rm3324	score	-1.25	15.93	234	0.01	0.00		0		squad-1	3	bot-3
198228	bot-61	bravo	C49rb4312	score	-5.43	4.71	73	3.86	0.10	7.39	2	cover	squad-2	5	bot-33
198228	bot-63	alpha	S00m-4420	state+latches	-22.71	-20.51	20	0.00	0.00		0		squad-21	0	bot-63
198247	bot-45	bravo	E49mm4010	latches	-5.64	-1.54	13	0.01	0.00		0		squad-2	4	bot-33
198247	bot-49	alpha	C45rb4322	latches	-1.07	17.14	126	3.75	0.07	7.42	5	cover	squad-1	1	bot-3
198296	bot-45	bravo	H49mm4010	state	-5.64	-1.54	13	0.00	0.00		0		squad-2	4	bot-33
198342	bot-3	alpha	P34r-4200	score	-13.89	20.56	89	0.00	0.00		0		squad-1	0	bot-3
198342	bot-49	alpha	C44rb4322	score	-0.73	17.36	102	4.61	0.40	7.17	5	cover	squad-1	1	bot-3
198342	bot-50	alpha	S33r-3320	tier+score+element	2.03	18.94	217	2.12	0.25	25.60	4	seek	squad-1	2	bot-3
198342	bot-54	alpha	S44rm3324	score	-1.25	15.93	235	0.00	0.00		0		squad-1	3	bot-3
198361	bot-46	bravo	G49rb4422	state	-6.15	-0.07	153	2.59	0.29	0.43	1	cover	squad-2	1	bot-33
198419	bot-33	bravo	S48rmR424	score	-13.34	1.23	44	0.00	0.00		0		squad-2	0	bot-33
198419	bot-39	bravo	C48rb4412	score	-5.26	-9.52	332	0.00	0.00		0		squad-2	3	bot-33
198419	bot-45	bravo	H48mm4010	score	-5.64	-1.54	49	0.00	0.00		0		squad-2	4	bot-33
198419	bot-46	bravo	G48rb4422	score	-5.95	-0.45	137	0.00	0.43		0		squad-2	1	bot-33
198419	bot-47	bravo	S48rm3314	score	-15.56	-1.23	92	0.00	0.00		0		squad-2	2	bot-33
198419	bot-61	bravo	C48rb4312	score	-4.69	4.94	73	4.13	0.77	6.66	2	cover	squad-2	5	bot-33
198439	bot-33	bravo	S48rmR420	latches	-13.32	1.25	40	1.34	0.03	19.06	4	seek	squad-2	0	bot-33
198439	bot-47	bravo	S48rm3310	latches	-15.56	-1.23	96	0.14	0.01	19.38	4	seek	squad-2	2	bot-33
198439	bot-54	alpha	S44rm3320	latches	-1.27	15.91	225	1.23	0.02	17.37	4	seek	squad-1	3	bot-3
198460	bot-3	alpha	P33r-4200	score	-13.89	20.56	81	0.09	0.00		0		squad-1	0	bot-3
198460	bot-49	alpha	C33r-4322	tier+score+element	-0.21	17.52	73	4.64	0.55	6.73	5	cover	squad-1	1	bot-3
198460	bot-50	alpha	S32r-3320	score	1.85	18.75	217	2.24	0.26	25.34	4	seek	squad-1	2	bot-3
198460	bot-54	alpha	S33r-3320	tier+score+element	-1.29	15.90	222	1.13	0.02	17.35	4	seek	squad-1	3	bot-3
198487	bot-45	bravo	H48mm4110	health	-5.64	-1.54	67	0.00	0.00		0		squad-2	4	bot-33
198487	bot-62	alpha	S00r-4410	tick	9.19	17.92	241	1.94	1.91	28.23	5	seek	squad-10	0	bot-62
198487	bot-63	alpha	A00m-4420	state	-22.69	-20.12	20	2.46	0.40	17.15	3	seek	squad-21	0	bot-63
198506	bot-63	alpha	A00m-442G	latches	-22.68	-20.11	21	0.11	0.00		0		squad-21	0	bot-63
198539	bot-33	bravo	S47rmR420	score	-13.23	1.35	37	1.34	0.13	18.93	4	seek	squad-2	0	bot-33
198539	bot-39	bravo	C47rb4412	score	-5.26	-9.52	332	0.00	0.00		0		squad-2	3	bot-33
198539	bot-45	bravo	H47mm4110	score	-5.64	-1.54	80	0.00	0.00		0		squad-2	4	bot-33
198539	bot-46	bravo	G47rb4422	score	-5.95	-0.45	112	0.00	0.00		0		squad-2	1	bot-33
198539	bot-47	bravo	S47rm3310	score	-15.55	-1.22	117	0.05	0.00	19.38	4	seek	squad-2	2	bot-33
198539	bot-61	bravo	C47rb4312	score	-4.22	5.09	73	4.14	0.49	6.20	2	cover	squad-2	5	bot-33
198586	bot-58	alpha	S00r-3310	state	-17.58	14.15	154	0.00	0.01		0		squad-1	4	bot-3
198586	bot-66	alpha	A00r-4410	state+latches	-21.93	-14.45	26	0.00	0.01		0		squad-21	1	bot-63
198602	bot-47	bravo	A47rb3310	state+element	-15.55	-1.22	126	0.13	0.00	19.37	4	seek	squad-2	2	bot-33
198652	bot-66	alpha	A00r-0410	ammo	-21.93	-14.45	26	0.00	0.00		0		squad-21	1	bot-63
198736	bot-49	alpha	C32r-4322	score	1.00	17.75	88	4.06	1.23	5.73	4	cover	squad-1	1	bot-3
198752	bot-63	alpha	S00m-4420	state+latches	-22.68	-20.11	21	0.00	0.00		0		squad-21	0	bot-63
199002	bot-49	alpha	S32r-4320	state+latches	2.11	17.76	88	4.64	1.12	4.78	4	cover	squad-1	1	bot-3
199022	bot-33	bravo	S47rm4420	ammo	-12.48	2.09	36	2.39	1.05	17.89	4	seek	squad-2	0	bot-33
199022	bot-54	alpha	A33r-3320	state	-1.81	15.47	222	1.17	0.68	16.68	4	seek	squad-1	3	bot-3
199038	bot-54	alpha	A33r-332G	latches	-1.81	15.47	218	0.33	0.01		0		squad-1	3	bot-3
199038	bot-63	alpha	A00m-4420	state	-22.64	-19.67	2	2.49	0.45	16.72	3	seek	squad-21	0	bot-63
199069	bot-50	alpha	S33r-3320	score	0.74	18.12	216	2.20	1.28	24.18	4	seek	squad-1	2	bot-3
199069	bot-63	alpha	A00m-442G	latches	-22.63	-19.67	8	0.12	0.01		0		squad-21	0	bot-63
199086	bot-62	alpha	C32r-4410	state+tier+score	7.96	17.94	274	2.39	1.23	27.27	5	seek	squad-10	0	bot-62
199102	bot-62	alpha	C32r-4412	latches	7.83	18.00	283	4.32	0.14	2.51	1	cover	squad-10	0	bot-62
199185	bot-58	alpha	A00r-3310	state	-16.26	14.16	115	2.61	1.32	19.46	3	seek	squad-1	4	bot-3
199202	bot-66	alpha	A00r-4410	ammo	-21.92	-14.46	26	0.00	0.01		0		squad-21	1	bot-63
199219	bot-47	bravo	F47rb3310	state	-15.56	-1.23	206	0.00	0.02		0		squad-2	2	bot-33
199219	bot-63	alpha	A21m-442G	tier+score	-22.63	-19.67	8	0.00	0.00		0		squad-21	0	bot-63
199219	bot-66	alpha	A21r-4310	tier+score+health	-21.92	-14.46	26	0.00	0.00		0		squad-21	1	bot-63
199236	bot-3	alpha	P00r-4200	tier+score	-13.89	20.56	140	0.07	0.00		0		squad-1	0	bot-3
199236	bot-47	bravo	A47rb3310	state	-15.56	-1.23	206	0.00	0.00		0		squad-2	2	bot-33
199236	bot-50	alpha	S32r-3320	score	0.43	17.92	224	2.26	0.37	23.83	4	seek	squad-1	2	bot-3
199236	bot-54	alpha	A32r-332G	score	-1.81	15.51	218	0.20	0.04		0		squad-1	3	bot-3
199285	bot-54	alpha	S32r-3320	state+latches	-1.81	15.51	218	0.00	0.00		0		squad-1	3	bot-3
199285	bot-58	alpha	A00r-331G	latches	-16.25	14.18	120	0.02	0.02		0		squad-1	4	bot-3
199302	bot-47	bravo	A47rm3310	element	-15.56	-1.23	206	0.19	0.00		0		squad-2	2	bot-33
199322	bot-45	bravo	H47mm4100	packs	-5.63	-1.53	270	0.10	0.01		0		squad-2	4	bot-33
199322	bot-63	alpha	S21m-4420	state+latches	-22.63	-19.67	8	0.00	0.00		0		squad-21	0	bot-63
199342	bot-45	bravo	P47mm4100	state	-5.63	-1.53	270	0.10	0.00		0		squad-2	4	bot-33
199342	bot-47	bravo	F47rm3310	state	-15.56	-1.23	206	0.03	0.00		0		squad-2	2	bot-33
199342	bot-63	alpha	M32m-4420	state+tier+score	-22.63	-19.64	4	1.36	0.03	16.69	3	seek	squad-21	0	bot-63
199342	bot-66	alpha	E32r-4210	state+tier+score+health	-21.92	-14.46	26	0.00	0.00		0		squad-21	1	bot-63
199367	bot-47	bravo	A47rm3310	state	-15.56	-1.23	206	0.01	0.00		0		squad-2	2	bot-33
199367	bot-49	alpha	C32r-4320	state	1.48	17.32	180	2.04	0.77	19.67	4	seek	squad-1	1	bot-3
199367	bot-66	alpha	E32r-4219	latches	-21.95	-14.52	26	1.64	0.07	5.52	1	flee	squad-21	1	bot-63
199394	bot-49	alpha	C32r-4322	latches	1.36	17.18	193	3.67	0.18	5.15	6	cover	squad-1	1	bot-3
199442	bot-58	alpha	A00r-3310	latches	-16.25	14.18	118	0.00	0.00		0		squad-1	4	bot-3
199458	bot-47	bravo	F47rm3310	state	-15.56	-1.23	206	0.00	0.00		0		squad-2	2	bot-33
199458	bot-63	alpha	M33m-4420	score	-22.66	-19.70	336	0.69	0.07	5.30	3	medic	squad-21	0	bot-63
199458	bot-66	alpha	E33r-4119	score+health	-22.02	-14.66	26	1.69	0.15	5.37	1	flee	squad-21	1	bot-63
199472	bot-47	bravo	A47rm3310	state	-15.56	-1.23	206	0.00	0.00		0		squad-2	2	bot-33
199552	bot-39	bravo	C47rb4412	tick	-5.26	-9.52	332	0.00	0.00		0		squad-2	3	bot-33
199552	bot-46	bravo	G47rb4422	tick	-5.95	-0.45	344	0.00	0.00		0		squad-2	1	bot-33
199552	bot-61	bravo	C47rb4312	tick	-0.54	6.20	72	4.31	3.84	3.05	2	cover	squad-2	5	bot-33
199569	bot-47	bravo	F47rm3310	state	-15.56	-1.23	206	0.00	0.00		0		squad-2	2	bot-33
199569	bot-47	bravo	F47rm2310	ammo	-15.56	-1.23	206	0.00	0.00		0		squad-2	2	bot-33
199569	bot-63	alpha	M34m-4420	score	-22.68	-19.49	336	6.10	0.21	5.09	2	medic	squad-21	0	bot-63
199569	bot-66	alpha	E34r-4019	score+health	-22.13	-14.88	26	5.13	0.24	5.13	1	flee	squad-21	1	bot-63
199585	bot-47	bravo	A47rm2310	state	-15.56	-1.23	206	0.00	0.00		0		squad-2	2	bot-33
199635	bot-62	alpha	G32r-4412	state	5.95	18.86	296	4.55	2.06	0.45	1	cover	squad-10	0	bot-62
199659	bot-33	bravo	S46rm4420	score	-11.43	3.20	42	2.40	1.54	16.37	4	seek	squad-2	0	bot-33
199659	bot-39	bravo	C46rb4412	score	-5.26	-9.52	332	0.00	0.00		0		squad-2	3	bot-33
199659	bot-45	bravo	P46mm4100	score	-5.62	-1.53	276	0.00	0.00		0		squad-2	4	bot-33
199659	bot-46	bravo	G46rb4422	score	-6.67	-0.45	355	0.00	0.72		0		squad-2	1	bot-33
199659	bot-47	bravo	A46rm2310	score	-15.57	-1.24	206	0.03	0.00		0		squad-2	2	bot-33
199659	bot-54	alpha	A32r-3320	state	-1.92	15.22	198	1.44	0.31	14.40	4	seek	squad-1	3	bot-3
199659	bot-61	bravo	C46rb4312	score	-0.11	6.34	72	4.26	0.46	2.79	2	cover	squad-2	5	bot-33
199673	bot-49	alpha	S32r-4320	state+latches	1.78	17.89	197	4.52	0.82	5.13	4	cover	squad-1	1	bot-3
199673	bot-54	alpha	A32r-332G	latches	-1.92	15.22	193	0.00	0.00		0		squad-1	3	bot-3
199693	bot-47	bravo	F46rm2310	state	-15.57	-1.24	206	0.01	0.00		0		squad-2	2	bot-33
199693	bot-47	bravo	P46rm2314	state+latches	-15.57	-1.24	206	0.00	0.00		0		squad-2	2	bot-33
199693	bot-66	alpha	D00r--000	state+tier+score+ammo+packs+latches	-22.37	-15.36	26	0.00	0.54	4.59	1	flee	squad-21	1	bot-63
199693	bot-63	alpha	M36m-4420	score	-22.61	-18.76	8	4.75	0.73	4.36	2	medic	squad-21	0	bot-63
199709	bot-32	alpha	D00r--000	tick	-22.85	-11.59	89	0.00	0.00	4.17	0		squad-10	-1	bot-62
199709	bot-47	bravo	S46rm2314	state	-15.57	-1.24	206	0.00	0.00		0		squad-2	2	bot-33
199709	bot-63	alpha	A36m-4420	state	-22.61	-18.76	8	4.75	0.00	4.36	2	medic	squad-21	0	bot-63
199723	bot-47	bravo	A46rm2310	state+latches	-15.57	-1.24	209	0.00	0.00		0		squad-2	2	bot-33
199736	bot-61	bravo	C36r-4312	tier+element	0.21	6.44	71	4.38	0.33	2.64	2	cover	squad-2	5	bot-33
199785	bot-63	alpha	F36m-4420	state	-22.57	-18.75	22	0.27	0.04		0		squad-21	0	bot-63
199802	bot-33	bravo	S47rm4420	score	-11.19	3.46	43	2.40	0.34	16.03	4	seek	squad-2	0	bot-33
199802	bot-39	bravo	C47rb4412	score	-5.26	-9.52	332	0.00	0.00		0		squad-2	3	bot-33
199802	bot-45	bravo	P47mm4100	score	-5.62	-1.53	264	0.00	0.00		0		squad-2	4	bot-33
199802	bot-46	bravo	G47rb4422	score	-7.45	-0.45	9	0.00	0.78		0		squad-2	1	bot-33
199802	bot-47	bravo	E47rm2210	state+score+health	-15.57	-1.24	202	0.00	0.00		0		squad-2	2	bot-33
199802	bot-61	bravo	C37r-4312	score	0.30	6.58	59	2.76	0.17	2.48	1	cover	squad-2	5	bot-33
199802	bot-63	alpha	A36m-4420	state	-22.57	-18.75	22	0.20	0.00		0		squad-21	0	bot-63
199819	bot-47	bravo	E47rm2219	latches	-15.56	-1.23	202	0.20	0.02	6.99	2	flee	squad-2	2	bot-33
199845	bot-47	bravo	E47rm221P	latches	-15.55	-1.22	202	0.30	0.01	6.98	2	flee	squad-2	2	bot-33
199866	bot-63	alpha	A36m-442G	latches	-22.56	-18.75	22	0.05	0.01		0		squad-21	0	bot-63
199915	bot-54	alpha	S32r-3320	state+latches	-1.92	15.24	193	0.00	0.02		0		squad-1	3	bot-3
200015	bot-61	bravo	C35r-4312	score	0.37	7.27	4	3.84	0.70	1.79	1	cover	squad-2	5	bot-33
200066	bot-61	bravo	C33r-4312	score	0.39	7.47	351	4.05	0.20	1.58	1	cover	squad-2	5	bot-33
200066	bot-63	alpha	F36m-4420	state+latches	-22.56	-18.75	22	0.00	0.00		0		squad-21	0	bot-63
200082	bot-33	bravo	S48rm4420	score	-10.73	3.95	43	2.40	0.67	15.36	4	seek	squad-2	0	bot-33
200082	bot-39	bravo	C48rb4412	score	-5.26	-9.52	332	0.00	0.00		0		squad-2	3	bot-33
200082	bot-45	bravo	P48mm4100	score	-5.62	-1.53	243	0.00	0.00		0		squad-2	4	bot-33
200082	bot-46	bravo	G48rb4422	score	-7.45	-0.45	30	0.00	0.00		0		squad-2	1	bot-33
200082	bot-47	bravo	E48rm2119	score+health+latches	-15.50	-1.19	202	0.91	0.06	6.93	2	flee	squad-2	2	bot-33
200082	bot-63	alpha	A36m-4420	state	-22.56	-18.75	22	0.00	0.00		0		squad-21	0	bot-63
200183	bot-49	alpha	C32r-4320	state	0.89	17.23	203	2.03	1.11	18.68	4	seek	squad-1	1	bot-3
200199	bot-49	alpha	C32r-4322	latches	0.92	17.38	212	4.74	0.16	5.64	5	cover	squad-1	1	bot-3
200199	bot-54	alpha	A32r-3320	state	-2.05	15.04	205	1.40	0.23	14.19	2	seek	squad-1	3	bot-3
200221	bot-54	alpha	A32r-332G	latches	-2.05	15.04	201	0.00	0.00		0		squad-1	3	bot-3
200221	bot-63	alpha	F36m-4420	state	-22.56	-18.75	22	0.00	0.00		0		squad-21	0	bot-63
200238	bot-3	alpha	P00r-4200	tick	-13.89	20.56	133	0.10	0.00		0		squad-1	0	bot-3
200238	bot-33	bravo	S49rm4420	score	-10.48	4.22	43	2.40	0.38	14.99	4	seek	squad-2	0	bot-33
200238	bot-39	bravo	C49rb4412	score	-5.26	-9.52	332	0.00	0.00		0		squad-2	3	bot-33
200238	bot-45	bravo	P49mm4100	score	-5.62	-1.53	231	0.00	0.00		0		squad-2	4	bot-33
200238	bot-46	bravo	G49rb4422	score	-7.45	-0.45	42	0.00	0.00		0		squad-2	1	bot-33
200238	bot-47	bravo	E49rm2019	score+health	-15.33	-1.06	202	0.69	0.22	6.71	2	flee	squad-2	2	bot-33
200238	bot-50	alpha	S32r-3320	tick	-1.03	16.29	215	2.09	2.19	21.66	4	seek	squad-1	2	bot-3
200238	bot-63	alpha	A36m-4420	state	-22.56	-18.75	22	0.00	0.00		0		squad-21	0	bot-63
200369	bot-63	alpha	F36m-4420	state	-22.56	-18.75	22	0.00	0.00		0		squad-21	0	bot-63
200369	bot-63	alpha	P36m-3420	state+ammo	-22.56	-18.75	22	0.00	0.00		0		squad-21	0	bot-63
200369	bot-47	bravo	D00r--000	state+tier+score+element+ammo+packs+latches	-15.17	-0.89	202	0.00	0.23	6.48	2	flee	squad-2	2	bot-33
200385	bot-41	bravo	D00r--000	tick	-11.20	-4.19	226	0.00	0.00	5.29	0		squad-2	-1	bot-33
200385	bot-46	bravo	S49rb4424	state+latches	-7.45	-0.45	53	0.00	0.00		0		squad-2	1	bot-33
200385	bot-63	alpha	S36m-3420	state	-22.56	-18.75	22	0.00	0.00		0		squad-21	0	bot-63
200402	bot-46	bravo	S49rm4424	element	-7.45	-0.45	55	0.00	0.00		0		squad-2	1	bot-33
200402	bot-63	alpha	P36m-3420	state	-22.56	-18.73	22	1.36	0.02	18.68	4	seek	squad-21	0	bot-63
200452	bot-54	alpha	S32r-3320	state+latches	-2.04	15.05	201	0.00	0.02		0		squad-1	3	bot-3
200452	bot-58	alpha	A00r-3310	tick	-16.25	14.18	110	0.00	0.01		0		squad-1	4	bot-3
200469	bot-61	bravo	C35r-4312	score	0.50	7.85	290	4.68	0.40	4.80	2	cover	squad-2	4	bot-33
200487	bot-33	bravo	C49rm4420	state	-10.10	4.62	39	2.44	0.55	14.45	4	seek	squad-2	0	bot-33
200502	bot-33	bravo	S49rm4420	state	-10.03	4.67	43	4.57	0.08	9.87	2	cover	squad-2	0	bot-33
200519	bot-49	alpha	S32r-4320	state+latches	1.97	17.82	178	4.61	1.13	4.93	4	cover	squad-1	1	bot-3
200585	bot-61	bravo	C36r-4312	score	0.52	7.31	292	4.72	0.54	4.64	2	cover	squad-2	4	bot-33
200619	bot-61	bravo	C38r-4312	score	0.53	7.15	293	4.76	0.16	4.61	2	cover	squad-2	4	bot-33
200635	bot-62	alpha	G32r-4412	tick	5.44	19.19	188	0.00	0.61		0		squad-1	5	bot-3
200685	bot-61	bravo	C39r-4312	score	0.54	6.83	293	4.88	0.33	4.56	2	cover	squad-2	4	bot-33
200702	bot-54	alpha	A32r-3320	state	-2.10	14.91	212	0.90	0.16	14.05	3	seek	squad-1	3	bot-3
200724	bot-62	alpha	C32r-4412	state	5.27	19.36	182	0.18	0.23		0		squad-1	5	bot-3
200738	bot-62	alpha	G32r-4412	state	5.30	19.33	178	1.50	0.03	0.38	1	cover	squad-1	5	bot-3
200754	bot-58	alpha	F00r-3310	state	-16.25	14.18	114	0.00	0.00		0		squad-1	4	bot-3
200774	bot-54	alpha	A32r-332G	latches	-2.10	14.91	198	0.60	0.01		0		squad-1	3	bot-3
200774	bot-58	alpha	A00r-3310	state	-16.25	14.18	114	0.00	0.00		0		squad-1	4	bot-3
200819	bot-61	bravo	C49rb4312	tier+element	-0.03	6.72	295	4.44	0.59	3.97	1	cover	squad-2	4	bot-33
200869	bot-58	alpha	F00r-3310	state	-16.25	14.18	115	0.00	0.00		0		squad-1	4	bot-3
200869	bot-61	bravo	C49rbR312	ammo	-0.25	6.68	295	4.48	0.22	3.75	1	muzzleRecovery	squad-2	4	bot-33
200894	bot-46	bravo	S49rm4420	latches	-7.42	-0.43	54	1.52	0.04	19.89	6	seek	squad-2	1	bot-33
200894	bot-58	alpha	P00r-3310	state	-16.25	14.18	115	1.37	0.00		1	muzzleRecovery	squad-1	4	bot-3
200894	bot-61	bravo	P49rbR314	state+latches	-0.25	6.68	295	4.18	0.00	3.75	1	muzzleRecovery	squad-2	4	bot-33
200935	bot-50	alpha	C32r-3320	state	-1.77	15.47	215	0.55	1.11	20.56	5	seek	squad-1	2	bot-3
200935	bot-58	alpha	A00r-3310	state	-16.28	14.24	105	0.00	0.07		0	muzzleRecovery	squad-1	4	bot-3
200952	bot-50	alpha	C32r-3322	latches	-1.69	15.62	217	4.93	0.16	0.50	1	cover	squad-1	2	bot-3
200969	bot-50	alpha	C32r-332I	latches	-1.65	15.69	222	4.92	0.08	0.41	1	cover	squad-1	2	bot-3
200991	bot-50	alpha	G32r-332I	state	-1.65	15.69	222	4.92	0.00	0.41	1	cover	squad-1	2	bot-3
200991	bot-58	alpha	F00r-3310	state	-16.27	14.26	115	0.50	0.02		0		squad-1	4	bot-3
200991	bot-61	bravo	E49rbR210	state+health+latches	0.16	6.61	321	4.26	0.42		0		squad-2	4	bot-33
201013	bot-54	alpha	S32r-3320	state+latches	-2.10	14.92	198	0.00	0.01		0		squad-1	3	bot-3
201013	bot-58	alpha	A00r-3310	state	-16.27	14.26	115	0.29	0.01		0		squad-1	4	bot-3
201013	bot-61	bravo	E49rbR219	latches	0.08	6.38	309	5.44	0.24	4.59	1	flee	squad-2	4	bot-33
201054	bot-49	alpha	C32r-4320	state	0.94	17.53	208	1.79	1.06	19.44	3	seek	squad-1	1	bot-3
201080	bot-49	alpha	C32r-4322	latches	0.98	17.74	220	4.71	0.21	5.73	5	cover	squad-1	1	bot-3
201080	bot-62	alpha	C32r-4410	state+latches	5.55	19.05	242	0.01	0.38		0		squad-1	5	bot-3
201099	bot-62	alpha	S32r-4410	state	5.55	19.05	242	0.01	0.00		0		squad-1	5	bot-3
201132	bot-58	alpha	F00r-3310	state	-16.27	14.27	117	0.02	0.01		0		squad-1	4	bot-3
201132	bot-61	bravo	E49rbR119	health	-0.13	5.77	297	5.43	0.65	3.94	1	flee	squad-2	4	bot-33
201149	bot-58	alpha	A00r-3310	state	-16.27	14.27	117	0.01	0.00		0		squad-1	4	bot-3
201163	bot-46	bravo	C49rm4420	state	-7.06	-0.16	17	2.76	0.45	19.53	6	seek	squad-2	1	bot-33
201178	bot-46	bravo	C49rm4422	latches	-6.93	-0.19	24	4.65	0.14	1.01	1	cover	squad-2	1	bot-33
201178	bot-58	alpha	A00r-331G	latches	-16.27	14.27	118	0.00	0.00		0		squad-1	4	bot-3
201178	bot-61	bravo	E49rmR11P	element+latches	-0.22	5.53	298	5.31	0.25	3.69	1	flee	squad-2	4	bot-33
201209	bot-50	alpha	G32r-3322	latches	-1.45	16.05	213	0.03	0.41		0		squad-1	2	bot-3
201239	bot-3	alpha	P00r-4200	tick	-13.88	20.57	129	0.09	0.01		0		squad-1	0	bot-3
201239	bot-39	bravo	C49rb4412	tick	-5.26	-9.52	332	0.00	0.00		0		squad-2	2	bot-33
201239	bot-45	bravo	P49mm4100	tick	-5.62	-1.55	208	0.45	0.02	12.71	8	squad	squad-2	3	bot-33
201256	bot-33	bravo	A49rb4420	state+element	-8.93	6.11	29	2.42	1.82	11.35	2	seek	squad-2	0	bot-33
201256	bot-54	alpha	C32r-3320	state	-2.11	14.80	198	0.98	0.12	13.95	3	seek	squad-1	3	bot-3
201270	bot-54	alpha	C32r-3322	latches	-2.13	14.73	206	2.50	0.07	6.22	4	cover	squad-1	3	bot-3
201289	bot-33	bravo	C49rb4420	state	-8.93	6.11	35	0.00	0.00		0		squad-2	0	bot-33
201307	bot-33	bravo	C49rb4422	latches	-8.95	6.16	38	1.54	0.06	9.30	2	cover	squad-2	0	bot-33
201320	bot-46	bravo	G49rm4422	state	-6.33	-0.32	58	5.03	0.61	0.40	1	cover	squad-2	1	bot-33
201339	bot-49	alpha	S32r-4320	state+latches	2.06	17.78	158	4.63	1.08	4.84	4	cover	squad-1	1	bot-3
201418	bot-58	alpha	S00r-3310	state+latches	-16.27	14.27	118	0.00	0.00		0		squad-1	4	bot-3
201418	bot-61	bravo	E49rmR119	latches	-0.59	4.45	298	4.21	1.15	2.55	1	flee	squad-2	4	bot-33
201418	bot-63	alpha	P36m-3420	tick	-22.53	-18.70	68	0.00	0.04		0		squad-21	0	bot-63
201702	bot-61	bravo	E49rbR119	element	-0.99	3.35	302	4.48	1.16	1.38	1	flee	squad-2	4	bot-33
201721	bot-58	alpha	A00r-3310	state	-15.76	14.26	94	2.58	0.50	19.10	3	seek	squad-1	4	bot-3
201721	bot-61	bravo	E49rmR11P	element+latches	-1.02	3.27	302	4.54	0.08	1.30	1	flee	squad-2	4	bot-33
201735	bot-58	alpha	A00r-331G	latches	-15.76	14.28	98	0.30	0.01		0		squad-1	4	bot-3
201735	bot-61	bravo	E49rb3119	element+ammo+latches	-1.04	3.21	306	4.61	0.07	1.23	1	flee	squad-2	4	bot-33
201803	bot-49	alpha	A32r-4320	state	1.23	17.22	236	2.01	1.00	19.02	4	seek	squad-1	1	bot-3
201826	bot-49	alpha	A32r-432G	latches	1.23	17.22	232	0.20	0.00		0		squad-1	1	bot-3
201869	bot-49	alpha	C32r-432G	state	1.23	17.22	232	0.01	0.00		0		squad-1	1	bot-3
201869	bot-54	alpha	P32r-3320	state+latches	-2.84	12.97	230	4.23	1.90	6.97	1	muzzleRecovery	squad-1	3	bot-3
201886	bot-49	alpha	C32r-432I	latches	1.22	17.28	239	1.55	0.05	4.68	2	cover	squad-1	1	bot-3
201886	bot-62	alpha	C32r-4410	state	3.80	18.65	224	2.36	1.79	25.35	4	seek	squad-1	5	bot-3
201904	bot-54	alpha	A32r-3320	state	-2.87	12.83	221	0.00	0.14	7.03	0	muzzleRecovery	squad-1	3	bot-3
201904	bot-62	alpha	S32r-4410	state	3.75	18.71	229	4.66	0.08	3.92	1	cover	squad-1	5	bot-3
201952	bot-61	bravo	E49rb3110	latches	-1.36	2.30	352	0.00	0.96		0		squad-2	4	bot-33
201952	bot-67	bravo	P00r-0410	initial	-6.95	0.55	0	0.00			0			-1	
201952	bot-68	alpha	P00r-0410	initial	-15.45	-17.95	0	0.00			0			-1	
201969	bot-54	alpha	F32r-3320	state	-2.89	12.84	232	0.13	0.02		0		squad-1	3	bot-3
201969	bot-63	alpha	A36m-3420	state	-22.53	-18.70	25	0.23	0.00		0		squad-21	0	bot-63
201969	bot-67	bravo	A49rb4410	state+tier+score+element+ammo	-6.95	0.55	0	0.00	0.00		0		squad-22	0	
201969	bot-68	alpha	S36r-4410	state+tier+score+ammo	-15.45	-17.95	0	0.00	0.00		0		squad-21	1	bot-63
201969	bot-68	alpha	P36r-4410	state	-15.45	-17.95	0	0.00	0.00		0		squad-21	1	bot-63
201985	bot-54	alpha	A32r-3320	state	-2.89	12.84	232	0.08	0.00		0		squad-1	3	bot-3
201985	bot-58	alpha	S00r-3310	state+latches	-15.76	14.28	98	0.00	0.01		0		squad-1	4	bot-3
202034	bot-33	bravo	P49rb4424	state+latches	-9.62	7.64	52	4.61	1.63	7.66	1	muzzleRecovery	squad-2	0	bot-33
202057	bot-49	alpha	C32r-4322	latches	1.17	17.54	274	1.53	0.27	4.64	2	cover	squad-1	1	bot-3
202057	bot-54	alpha	C32r-3320	state	-2.90	12.84	231	0.01	0.00		0		squad-1	3	bot-3
202057	bot-63	alpha	A36m-342G	latches	-22.52	-18.70	26	0.03	0.01		0		squad-21	0	bot-63
202070	bot-54	alpha	C32r-3322	latches	-2.90	12.81	231	1.46	0.03	7.06	3	cover	squad-1	3	bot-3
202102	bot-33	bravo	C49rb4420	state+latches	-9.53	7.33	70	0.00	0.33	7.99	0	muzzleRecovery	squad-2	0	bot-33
202102	bot-54	alpha	P32r-3320	state+latches	-2.90	12.78	230	1.51	0.02	7.07	1	muzzleRecovery	squad-1	3	bot-3
202119	bot-33	bravo	C49rb4422	latches	-9.56	7.39	62	1.83	0.06	8.38	2	cover	squad-2	0	bot-33
202218	bot-50	alpha	G32r-3322	tick	-0.54	16.29	254	0.00	0.94		0		squad-1	2	bot-3
202236	bot-58	alpha	A00r-3310	state	-15.39	14.25	102	2.52	0.37	18.49	4	seek	squad-1	4	bot-3
202236	bot-63	alpha	A35m-342G	score	-22.52	-18.70	26	0.00	0.00		0		squad-21	0	bot-63
202236	bot-68	alpha	P35r-4410	score	-15.43	-17.95	26	0.00	0.02		0		squad-21	1	bot-63
202252	bot-3	alpha	P00r-4200	tick	-13.88	20.56	126	0.00	0.00		0		squad-1	0	bot-3
202252	bot-39	bravo	C49rb4412	tick	-5.26	-9.52	332	0.00	0.00		0		squad-2	2	bot-33
202252	bot-45	bravo	P49mm4100	tick	-5.56	-2.04	197	0.66	0.49	6.58	2	packseek	squad-2	3	bot-33
202252	bot-63	alpha	A35m-3420	latches	-22.52	-18.70	26	0.00	0.00		0		squad-21	0	bot-63
202289	bot-54	alpha	A32r-3320	state	-3.16	12.91	269	0.00	0.29	7.31	0	muzzleRecovery	squad-1	3	bot-3
202289	bot-62	alpha	S33r-4410	score	2.97	18.54	224	1.98	0.80	24.33	4	seek	squad-1	5	bot-3
202307	bot-49	alpha	C33r-4322	score	1.94	17.96	337	4.59	0.88	3.77	1	cover	squad-1	1	bot-3
202307	bot-50	alpha	G33r-3322	score	-0.14	16.28	241	0.00	0.40		0		squad-1	2	bot-3
202307	bot-54	alpha	E33r-3220	state+score+health	-3.18	12.90	265	1.50	0.02		0		squad-1	3	bot-3
202307	bot-58	alpha	A00r-331G	latches	-15.38	14.27	117	0.10	0.02		0		squad-1	4	bot-3
202331	bot-33	bravo	P49rb4424	state+latches	-9.61	7.66	51	4.32	0.28	8.11	1	muzzleRecovery	squad-2	0	bot-33
202331	bot-46	bravo	G49rm4422	tick	-5.95	-0.45	330	0.00	0.40		0		squad-2	1	bot-33
202331	bot-54	alpha	E33r-3229	latches	-3.18	12.91	256	0.64	0.02	6.98	2	flee	squad-1	3	bot-3
202347	bot-63	alpha	A34m-3420	score	-22.52	-18.70	26	0.00	0.00		0		squad-21	0	bot-63
202347	bot-68	alpha	P34r-4410	score	-15.42	-17.95	35	0.00	0.00		0		squad-21	1	bot-63
202370	bot-63	alpha	A34m-342G	latches	-22.52	-18.70	26	0.00	0.00		0		squad-21	0	bot-63
202394	bot-62	alpha	A33r-4410	state	2.81	18.55	245	2.00	0.16	24.23	4	seek	squad-1	5	bot-3
202408	bot-62	alpha	A33r-441G	latches	2.81	18.55	240	0.00	0.00		0		squad-1	5	bot-3
202422	bot-33	bravo	A49rb4420	state+latches	-9.24	7.88	59	0.00	0.43	8.08	0	muzzleRecovery	squad-2	0	bot-33
202448	bot-62	alpha	A44rm441G	tier+score+element	2.82	18.55	240	0.32	0.01		0		squad-1	5	bot-3
202471	bot-33	bravo	F49rb4420	state	-9.24	7.88	50	0.00	0.00		0		squad-2	0	bot-33
202471	bot-49	alpha	C44rm4322	tier+score+element	2.68	18.05	20	4.75	0.74	3.04	1	cover	squad-1	1	bot-3
202471	bot-50	alpha	G44rb3322	tier+score+element	-0.10	16.16	228	1.09	0.13		0		squad-1	2	bot-3
202471	bot-54	alpha	E44rm3129	tier+score+element+health	-3.12	13.01	230	0.83	0.11	6.87	2	flee	squad-1	3	bot-3
202471	bot-61	bravo	H49rb3110	state	-1.35	2.28	351	0.00	0.02		0		squad-2	4	bot-33
202471	bot-63	alpha	A33m-342G	score	-22.52	-18.70	26	0.00	0.00		0		squad-21	0	bot-63
202471	bot-68	alpha	P33r-4410	score	-15.42	-17.95	44	0.00	0.00		0		squad-21	1	bot-63
202490	bot-33	bravo	A49rb4420	state	-9.24	7.88	50	0.00	0.00		0		squad-2	0	bot-33
202490	bot-54	alpha	E44rm2129	ammo	-3.11	13.02	230	0.85	0.02	6.86	2	flee	squad-1	3	bot-3
202505	bot-33	bravo	A49rb4320	health	-9.23	7.87	50	1.60	0.01		0		squad-2	0	bot-33
202552	bot-58	alpha	S00r-3310	state+latches	-15.38	14.28	117	0.00	0.00		0		squad-1	4	bot-3
202585	bot-33	bravo	F49rb4320	state	-9.21	7.84	49	0.35	0.04		0		squad-2	0	bot-33
202585	bot-49	alpha	C45rm4322	score	3.18	17.92	49	4.64	0.51	2.63	1	cover	squad-1	1	bot-3
202585	bot-50	alpha	G45rb3322	score	-0.06	16.16	228	1.14	0.04		0		squad-1	2	bot-3
202585	bot-54	alpha	E45rm2029	score+health	-3.02	13.18	229	2.94	0.19	6.67	2	flee	squad-1	3	bot-3
202585	bot-62	alpha	A45rm441G	score	2.84	18.63	240	0.00	0.08		0		squad-1	5	bot-3
202585	bot-63	alpha	A32m-342G	score	-22.52	-18.70	26	0.00	0.00		0		squad-21	0	bot-63
202585	bot-68	alpha	P32r-4410	score	-15.42	-17.95	53	0.00	0.00		0		squad-21	1	bot-63
202602	bot-33	bravo	A49rb4320	state	-9.20	7.83	49	0.24	0.00		0		squad-2	0	bot-33
202602	bot-58	alpha	A00r-3310	state	-15.31	14.27	127	1.46	0.07	18.09	4	seek	squad-1	4	bot-3
202618	bot-33	bravo	E49rb4120	state+health	-9.20	7.83	49	0.16	0.00		0		squad-2	0	bot-33
202618	bot-63	alpha	S32m-3420	state+latches	-22.52	-18.70	26	0.00	0.00		0		squad-21	0	bot-63
202635	bot-33	bravo	E49rb4129	latches	-9.24	7.78	49	1.70	0.06	5.72	1	flee	squad-2	0	bot-33
202635	bot-58	alpha	F00r-3310	state	-15.31	14.28	131	0.26	0.01		0		squad-1	4	bot-3
202635	bot-58	alpha	F00r-2310	ammo	-15.31	14.28	131	0.17	0.00		0		squad-1	4	bot-3
202635	bot-61	bravo	H49rb3010	health	-1.35	2.28	312	0.00	0.00		0		squad-2	4	bot-33
202652	bot-58	alpha	A00r-2310	state	-15.31	14.28	131	0.17	0.00		0		squad-1	4	bot-3
202652	bot-62	alpha	S45rm4410	state+latches	2.84	18.63	240	0.00	0.00		0		squad-1	5	bot-3
202702	bot-33	bravo	P49rb4124	state+latches	-9.28	7.71	48	1.68	0.09		0		squad-2	0	bot-33
202702	bot-54	alpha	D00r--000	state+tier+score+element+ammo+packs+latches	-2.83	13.45	228	0.00	0.33	6.35	2	flee	squad-1	3	bot-3
202702	bot-49	alpha	C47rm4322	score	3.72	17.94	79	4.77	0.54	2.14	1	cover	squad-1	1	bot-3
202702	bot-50	alpha	G47rb3322	score	-0.05	16.14	228	1.17	0.02		0		squad-1	2	bot-3
202702	bot-61	bravo	H49rm0010	element+ammo	-1.35	2.28	298	0.00	0.00		0		squad-2	4	bot-33
202702	bot-62	alpha	C47rm4410	state+score	2.78	18.63	250	1.10	0.05	15.08	3	seek	squad-1	5	bot-3
202702	bot-67	bravo	S49rm4414	state+element+latches	-6.90	0.82	18	0.00	0.27		0		squad-22	0	
202719	bot-27	bravo	D00r--000	tick	-11.08	3.18	225	0.00	0.00	5.20	0		squad-2	-1	bot-33
202719	bot-33	bravo	E49rb4120	state+latches	-9.29	7.68	48	1.74	0.03		0		squad-2	0	bot-33
202719	bot-61	bravo	H49rb0010	element	-1.35	2.28	295	0.00	0.00		0		squad-2	4	bot-33
202719	bot-62	alpha	C47rb4412	element+latches	2.83	18.63	244	1.53	0.05	2.78	1	cover	squad-1	4	bot-3
202827	bot-33	bravo	E49rb4129	latches	-9.22	7.58	47	1.87	0.12	6.29	1	flee	squad-2	0	bot-33
202827	bot-58	alpha	F00r-2310	state	-15.31	14.29	131	0.03	0.01		0		squad-1	3	bot-3
202827	bot-58	alpha	P00r-2310	state	-15.31	14.29	131	0.00	0.00		0		squad-1	3	bot-3
202827	bot-61	bravo	D00r--000	state+tier+score+element+ammo+packs	-1.35	2.28	295	0.00	0.00		0		squad-2	4	bot-33
202935	bot-17	bravo	D00r--000	tick	7.86	23.93	279	0.00	0.00		0		squad-2	-1	bot-33
202935	bot-46	bravo	S49rm4420	state+latches	-7.45	-0.45	14	0.00	1.50		0		squad-2	1	bot-33
202935	bot-46	bravo	P49rm4420	state	-7.45	-0.45	14	0.00	0.00		0		squad-2	1	bot-33
202935	bot-58	alpha	S00r-2310	state	-15.31	14.29	131	0.02	0.00		0		squad-1	3	bot-3
203114	bot-46	bravo	S49rm4420	state	-7.45	-0.45	24	0.00	0.00	37.10	0		squad-2	1	bot-33
203278	bot-3	alpha	P00r-4200	tick	-13.86	20.60	100	0.62	0.05		0		squad-1	0	bot-3
203278	bot-33	bravo	E49rm4129	element	-8.70	6.85	44	6.09	0.90	5.39	1	flee	squad-2	0	bot-33
203278	bot-39	bravo	S49rb4414	state+latches	-5.26	-9.52	332	0.00	0.00		0		squad-2	2	bot-33
203278	bot-45	bravo	P49mm4100	tick	-5.60	-2.21	236	0.40	0.18	6.41	2	packseek	squad-2	3	bot-33
203278	bot-50	alpha	C47rb3320	state+latches	-0.18	16.15	224	0.71	0.14		0		squad-1	2	bot-3
203278	bot-50	alpha	C47rb2320	ammo	-0.13	16.40	222	5.22	0.26	5.28	1	cover	squad-1	2	bot-3
203278	bot-63	alpha	A32m-3420	state	-22.43	-18.22	26	2.53	0.49	25.95	6	seek	squad-21	0	bot-63
203278	bot-67	bravo	S49rm4410	latches	-6.92	0.89	336	1.52	0.08	17.16	3	seek	squad-22	0	
203484	bot-39	bravo	S49rm4414	element	-5.26	-9.52	352	0.00	0.00		0		squad-2	2	bot-33
203484	bot-50	alpha	C47rb2322	latches	-0.07	16.65	221	5.09	0.25	5.02	1	cover	squad-1	2	bot-3
203484	bot-58	alpha	P37r-2310	state+tier+score	-15.04	14.28	147	2.56	0.27	10.36	3	seek	squad-1	3	bot-3
203484	bot-63	alpha	A32m-342G	latches	-22.38	-18.22	37	0.37	0.04		0		squad-21	0	bot-63
203688	bot-49	alpha	C45rm4322	score	4.99	18.39	64	4.37	1.34	0.87	1	cover	squad-1	1	bot-3
203688	bot-50	alpha	C45rb2322	score	-0.01	16.89	219	4.95	0.25	4.78	1	cover	squad-1	2	bot-3
203688	bot-58	alpha	P35r-2310	score	-14.91	14.26	134	2.56	0.13	37.77	0		squad-1	3	bot-3
203688	bot-62	alpha	C45rb4412	score	4.05	18.43	169	3.73	1.24	1.55	1	cover	squad-1	4	bot-3
203688	bot-63	alpha	S32m-3420	state+latches	-22.38	-18.22	37	0.37	0.00		0		squad-21	0	bot-63
203688	bot-68	alpha	P32r-4410	tick	-15.42	-17.95	346	0.00	0.00		0		squad-21	1	bot-63
203820	bot-39	bravo	P49rm4410	state+latches	-5.26	-9.52	3	0.00	0.00		0		squad-2	2	bot-33
203961	bot-33	bravo	E49rm412P	latches	-8.16	6.12	39	4.55	0.90	4.48	1	flee	squad-2	0	bot-33
203961	bot-39	bravo	C49rm4410	state	-5.26	-9.52	13	0.00	0.00	30.04	0		squad-2	2	bot-33
203961	bot-50	alpha	C45rb232I	latches	0.06	17.70	222	6.24	0.81	3.98	1	cover	squad-1	2	bot-3
204129	bot-33	bravo	E49rm4129	latches	-8.02	5.94	39	3.56	0.23	4.25	1	flee	squad-2	0	bot-33
204129	bot-39	bravo	S49rb4414	state+element+latches	-5.26	-9.52	13	0.00	0.00		0		squad-2	2	bot-33
204129	bot-46	bravo	S49rm4420	tick	-7.10	0.16	335	2.76	0.70	18.18	5	seek	squad-2	1	bot-33
204129	bot-50	alpha	C45rb2322	latches	0.11	17.93	220	4.78	0.24	3.74	1	cover	squad-1	2	bot-3
204129	bot-63	alpha	A32m-3420	state	-22.38	-17.97	24	2.37	0.25	20.19	5	seek	squad-21	0	bot-63
204293	bot-3	alpha	P00r-4200	tick	-13.81	20.72	55	0.30	0.12		0		squad-1	0	bot-3
204293	bot-39	bravo	S49rm4414	element	-5.26	-9.52	352	0.00	0.00		0		squad-2	3	bot-33
204293	bot-45	bravo	P49mm4100	tick	-5.61	-2.24	262	0.43	0.03	6.38	2	packseek	squad-2	4	bot-33
204293	bot-49	alpha	G45rm4322	state	5.39	18.71	43	2.76	0.52	0.37	1	cover	squad-1	1	bot-3
204293	bot-63	alpha	A32m-342G	latches	-22.37	-17.97	34	0.04	0.00		0		squad-21	0	bot-63
204293	bot-67	bravo	S49rm4410	tick	-7.15	1.78	335	4.96	0.92	16.26	3	seek	squad-2	2	bot-33
204448	bot-63	alpha	S32m-3420	state+latches	-22.37	-17.97	34	0.04	0.00		0		squad-21	0	bot-63
204583	bot-39	bravo	S39r-4414	tier+element	-5.26	-9.52	332	0.00	0.00		0		squad-2	3	bot-33
204714	bot-39	bravo	S39r-4410	latches	-5.26	-9.53	321	0.20	0.01	14.86	11	seek	squad-2	3	bot-33
204714	bot-58	alpha	P35r-2310	tick	-14.88	14.34	177	0.03	0.08		0		squad-1	3	bot-3
204714	bot-62	alpha	G45rb4412	state	5.19	17.90	103	4.41	1.26	0.39	1	cover	squad-1	4	bot-3
204714	bot-68	alpha	P32r-4410	tick	-15.42	-17.95	357	0.00	0.00		0		squad-21	1	bot-63
204847	bot-39	bravo	C39r-4410	state	-5.26	-9.53	321	0.20	0.00	14.86	11	seek	squad-2	3	bot-33
204994	bot-39	bravo	S39r-4410	state	-5.26	-9.53	321	0.00	0.00		0		squad-2	3	bot-33
204994	bot-49	alpha	G45rb4322	element	5.55	19.05	341	0.00	0.37		0		squad-1	1	bot-3
204994	bot-50	alpha	C45rm2322	element	0.46	19.34	244	5.49	1.45	2.29	1	cover	squad-1	2	bot-3
205145	bot-33	bravo	E49rm4129	tick	-6.98	4.56	39	4.62	1.73	2.53	1	flee	squad-2	0	bot-33
205145	bot-46	bravo	S49rm4420	tick	-7.10	1.08	342	2.76	0.92	17.35	4	seek	squad-2	1	bot-33
205323	bot-3	alpha	P00r-4200	tick	-13.81	20.69	144	0.35	0.03		0		squad-1	0	bot-3
205323	bot-45	bravo	P49mm4100	tick	-5.60	-2.24	230	0.48	0.01	6.38	2	packseek	squad-2	4	bot-33
205323	bot-49	alpha	G44rb4322	score	5.52	19.02	301	0.07	0.04		0		squad-1	1	bot-3
205323	bot-50	alpha	C44rm2322	score	0.71	20.25	294	5.28	0.94	1.34	1	cover	squad-1	2	bot-3
205323	bot-58	alpha	P34r-2310	score	-14.88	14.34	154	0.01	0.00		0		squad-1	3	bot-3
205323	bot-62	alpha	G44rb4412	score	5.55	18.05	174	0.00	0.39		0		squad-1	4	bot-3
205323	bot-67	bravo	S49rm4410	tick	-7.58	2.83	339	2.41	1.13	15.13	3	seek	squad-2	2	bot-33
205458	bot-49	alpha	G33r-4322	tier+score+element	5.53	19.03	291	0.05	0.01		0		squad-1	1	bot-3
205458	bot-50	alpha	C33r-2322	tier+score+element	0.77	20.48	307	4.79	0.24	1.10	1	cover	squad-1	2	bot-3
205458	bot-58	alpha	P33r-2310	score	-14.88	14.34	144	0.00	0.00		0		squad-1	3	bot-3
205458	bot-62	alpha	G33r-4412	tier+score+element	5.55	18.05	184	0.00	0.00		0		squad-1	4	bot-3
205458	bot-63	alpha	S32m-3420	tick	-22.02	-17.17	51	1.22	0.87	19.40	5	seek	squad-21	0	bot-63
205600	bot-33	bravo	E48rm4129	score	-6.36	3.76	39	3.23	1.02	1.51	1	flee	squad-2	0	bot-33
205600	bot-39	bravo	S38r-4410	score	-5.26	-9.55	254	0.70	0.02	14.24	11	seek	squad-2	3	bot-33
205600	bot-45	bravo	P48mm4100	score	-5.61	-2.25	220	0.26	0.01	6.37	2	packseek	squad-2	4	bot-33
205600	bot-46	bravo	S48rm4420	score	-7.41	1.66	333	2.60	0.65	16.69	4	seek	squad-2	1	bot-33
205600	bot-49	alpha	G32r-4322	score	5.53	19.03	280	0.04	0.01		0		squad-1	1	bot-3
205600	bot-50	alpha	S32r-2320	state+score+latches	0.77	20.48	307	4.79	0.00	1.10	1	cover	squad-1	2	bot-3
205600	bot-58	alpha	P00r-2310	tier+score	-14.88	14.34	144	0.00	0.00		0		squad-1	3	bot-3
205600	bot-62	alpha	G32r-4412	score	5.55	18.05	195	0.00	0.00		0		squad-1	4	bot-3
205600	bot-67	bravo	S48rm4410	score	-7.66	3.04	335	2.40	0.23	14.90	3	seek	squad-2	2	bot-33
205784	bot-33	bravo	E46rm4129	score	-6.22	3.66	39	3.39	0.17	1.35	1	flee	squad-2	0	bot-33
205784	bot-39	bravo	C36r-4410	state+score	-5.26	-9.55	254	0.70	0.00	14.24	11	seek	squad-2	3	bot-33
205784	bot-45	bravo	P46mm4100	score	-5.61	-2.24	215	0.38	0.01	6.38	2	packseek	squad-2	4	bot-33
205784	bot-46	bravo	S46rm4420	score	-7.47	1.77	333	2.55	0.13	16.57	4	seek	squad-2	1	bot-33
205784	bot-67	bravo	S46rm4410	score	-7.70	3.16	335	2.30	0.12	14.78	3	seek	squad-2	2	bot-33
205784	bot-68	alpha	P32r-4410	tick	-15.42	-17.95	28	0.00	0.00		0		squad-21	1	bot-63
205910	bot-39	bravo	S36r-4410	state	-5.26	-9.55	254	0.00	0.00		0		squad-2	3	bot-33
206227	bot-33	bravo	E44rm4129	score	-5.95	3.24	39	3.28	0.50	0.85	1	flee	squad-2	0	bot-33
206227	bot-39	bravo	S00r-4410	tier+score	-5.26	-9.55	226	0.37	0.00	14.38	11	seek	squad-2	3	bot-33
206227	bot-45	bravo	P44mm4100	score	-5.62	-2.26	221	0.39	0.02	6.36	2	packseek	squad-2	4	bot-33
206227	bot-46	bravo	S44rm4420	score	-7.65	2.09	333	2.45	0.37	16.19	4	seek	squad-2	1	bot-33
206227	bot-58	alpha	A32r-2310	state+tier+score	-14.75	14.33	131	2.55	0.13	2.81	1	packseek	squad-1	3	bot-3
206227	bot-67	bravo	S44rm4410	score	-7.82	3.49	335	2.40	0.36	14.42	3	seek	squad-2	2	bot-33
206379	bot-3	alpha	P00r-4200	tick	-13.80	20.67	95	0.23	0.02		0		squad-1	0	bot-3
206379	bot-58	alpha	A32r-231G	latches	-14.74	14.36	141	0.57	0.03		0		squad-1	3	bot-3
206555	bot-58	alpha	S32r-2310	state+latches	-14.74	14.36	141	0.57	0.00		0		squad-1	3	bot-3
206555	bot-63	alpha	S32m-3420	tick	-22.01	-16.85	360	0.87	0.32	19.19	5	seek	squad-21	0	bot-63
206705	bot-49	alpha	G32r-4322	tick	5.55	19.05	259	0.00	0.02		0		squad-1	1	bot-3
206705	bot-50	alpha	S32r-2320	tick	0.44	19.84	208	2.00	0.73	17.88	4	seek	squad-1	2	bot-3
206705	bot-62	alpha	G32r-4412	tick	5.55	18.05	234	0.00	0.00		0		squad-1	4	bot-3
206825	bot-50	alpha	C32r-2320	state	0.44	19.84	208	2.00	0.00	17.88	4	seek	squad-1	2	bot-3
206825	bot-68	alpha	P32r-4410	tick	-15.42	-17.95	316	0.00	0.00		0		squad-21	1	bot-63
206825	bot-69	bravo	P00r-0410	initial	-3.95	20.55	0	0.00			0			-1	
206825	bot-70	alpha	P00r-0410	initial	-17.45	-18.45	0	0.00			0			-1	
207028	bot-33	bravo	E44rb4129	element	-5.61	2.75	26	0.00	0.59		0		squad-2	0	bot-33
207028	bot-50	alpha	C32r-2322	latches	0.60	20.28	234	4.74	0.47	1.34	1	cover	squad-1	2	bot-3
207028	bot-58	alpha	A32r-2310	state	-14.52	14.28	147	2.17	0.23	15.76	3	seek	squad-1	3	bot-3
207028	bot-63	alpha	A32m-3420	state	-22.03	-16.76	342	0.92	0.09	19.15	5	seek	squad-21	0	bot-63
207028	bot-68	alpha	S32r-4410	state	-15.42	-17.95	316	0.00	0.00		0		squad-21	1	bot-63
207028	bot-68	alpha	P32r-4410	state	-15.42	-17.95	316	0.00	0.00		0		squad-21	1	bot-63
207028	bot-69	bravo	S00r-4410	state+ammo	-3.95	20.55	0	0.00	0.00		0		squad-23	0	bot-69
207028	bot-70	alpha	S32r-4410	state+tier+score+ammo	-17.45	-18.45	0	0.00	0.00		0		squad-21	2	bot-63
207028	bot-70	alpha	P32r-4410	state	-17.45	-18.45	0	0.00	0.00		0		squad-21	2	bot-63
207188	bot-33	bravo	E44rb4120	latches	-5.61	2.75	13	0.00	0.00		0		squad-2	0	bot-33
207188	bot-62	alpha	G32r-2412	ammo	5.55	18.05	265	0.00	0.00		0		squad-1	4	bot-3
207352	bot-39	bravo	S00r-4410	tick	-5.26	-9.56	215	0.27	0.01	14.38	11	seek	squad-2	4	bot-33
207352	bot-45	bravo	P44mm4100	tick	-5.62	-2.26	257	0.43	0.00	6.36	2	packseek	squad-2	5	bot-33
207352	bot-46	bravo	S44rm4420	tick	-8.08	2.82	329	2.40	0.84	15.35	4	seek	squad-2	1	bot-33
207352	bot-67	bravo	S44rm4410	tick	-8.08	4.31	341	2.40	0.85	13.58	3	seek	squad-2	2	bot-33
207431	bot-3	alpha	P00r-4200	tick	-13.82	20.66	111	0.17	0.02		0		squad-1	0	bot-3
207431	bot-49	alpha	C32r-4322	state	5.55	19.05	300	0.00	0.00		0		squad-1	1	bot-3
207431	bot-50	alpha	A32r-232G	state+latches	0.77	20.75	260	4.83	0.50	0.84	1	cover	squad-1	2	bot-3
207431	bot-62	alpha	C32r-2412	state	5.55	18.05	275	0.00	0.00		0		squad-1	4	bot-3
207584	bot-58	alpha	F32r-2310	state	-14.50	14.33	143	0.19	0.05		0		squad-1	3	bot-3
207584	bot-67	bravo	S45rm4410	score	-8.15	4.53	334	2.40	0.24	13.34	3	seek	squad-2	2	bot-33
207731	bot-33	bravo	H45rb4020	state+score+health	-5.67	2.77	335	0.41	0.06		0		squad-2	0	bot-33
207731	bot-45	bravo	P45mm4100	score	-5.61	-2.26	269	0.29	0.00	6.35	2	packseek	squad-2	5	bot-33
207731	bot-46	bravo	S45rm4420	score	-8.24	3.14	333	2.40	0.36	15.00	4	seek	squad-2	1	bot-33
207731	bot-50	alpha	S32r-2320	state+latches	0.78	20.78	260	0.04	0.03		0		squad-1	2	bot-3
207731	bot-58	alpha	P32r-2310	state	-14.49	14.33	143	0.00	0.01		0		squad-1	3	bot-3
207731	bot-33	bravo	D00r--000	state+tier+score+element+ammo+packs	-5.68	2.78	345	0.00	0.01		0		squad-2	0	bot-33
207731	bot-63	alpha	A00m-3420	tier+score	-22.00	-16.78	25	0.07	0.03		0		squad-21	0	bot-63
207731	bot-67	bravo	S47rm4410	score	-8.19	4.65	334	2.40	0.12	13.22	3	seek	squad-2	2	bot-33
207731	bot-68	alpha	P00r-4410	tier+score	-15.42	-17.95	4	0.00	0.00		0		squad-21	1	bot-63
207731	bot-70	alpha	P00r-4410	tier+score	-17.32	-18.88	16	1.60	0.45		0		squad-21	2	bot-63
207898	bot-44	alpha	D00r--000	tick	11.22	18.00	96	0.00	0.00	6.52	0		squad-1	-1	bot-3
207898	bot-45	bravo	P47mm4100	score	-5.61	-2.30	256	0.66	0.03	4.86	2	packseek	squad-2	4	
207898	bot-46	bravo	S47rm4420	score	-8.28	3.25	333	2.40	0.12	14.88	4	seek	squad-2	1	
207898	bot-49	alpha	C32r-2322	ammo	4.92	19.18	277	4.95	0.65	6.65	2	cover	squad-1	1	bot-3
208032	bot-50	alpha	C32r-2320	state	0.70	20.61	234	2.02	0.19	5.08	3	seek	squad-1	2	bot-3
208032	bot-69	bravo	S00r-4410	tick	-4.82	20.17	257	2.51	0.95	11.41	4	seek	squad-2	3	
208036	bot-69	bravo	D00r--000	state+ammo+health+packs	-4.82	20.17	257	0.00	0.00	11.41	4	seek	squad-2	3	
208184	bot-34	alpha	D00m--0A0	tick	-15.76	-1.38	44	0.00	0.00	5.47	0		squad-1	-1	bot-3
208184	bot-46	bravo	S49rm4420	score	-8.37	3.48	333	2.40	0.24	14.64	4	seek	squad-2	1	
208184	bot-49	alpha	C33r-2322	score	4.39	19.20	271	5.78	0.53	6.19	2	cover	squad-1	1	bot-3
208184	bot-50	alpha	C33r-2322	score+latches	0.62	20.46	208	0.00	0.16		0		squad-1	2	bot-3
208184	bot-58	alpha	P33r-2310	score	-14.49	14.35	131	0.04	0.01		0		squad-1	3	bot-3
208184	bot-62	alpha	C33r-4412	score+ammo	4.51	17.94	272	4.51	1.05	6.25	2	cover	squad-1	4	bot-3
208184	bot-63	alpha	P00m-3420	state	-21.99	-16.78	25	0.03	0.00		0		squad-21	0	bot-63
208184	bot-67	bravo	S49rm4410	score	-8.30	5.00	334	2.40	0.37	12.86	3	seek	squad-2	2	
208387	bot-39	bravo	S00r-4410	tick	-5.26	-9.56	226	0.27	0.00	14.38	11	seek	squad-2	0	
208387	bot-45	bravo	P45mm4100	score	-5.60	-2.39	219	0.62	0.10	4.96	2	packseek	squad-2	3	
208387	bot-46	bravo	S47rm4420	score	-8.45	3.70	333	2.40	0.24	14.40	4	seek	squad-2	1	
208387	bot-67	bravo	S47rm4410	score	-8.38	5.24	334	2.38	0.26	12.60	3	seek	squad-2	2	
208539	bot-3	alpha	P00r-4200	tick	-13.82	20.66	111	0.18	0.01		0		squad-1	0	bot-3
208539	bot-49	alpha	S33r-0320	state+ammo+latches	3.90	19.19	269	4.73	0.48	5.78	2	cover	squad-1	1	bot-3
208539	bot-50	alpha	S33r-2320	state+latches	0.54	20.31	182	2.79	0.17	9.51	2	cover	squad-1	2	bot-3
208539	bot-58	alpha	C33r-2310	state	-14.49	14.35	146	0.02	0.00		0		squad-1	3	bot-3
208701	bot-58	alpha	C33r-2312	latches	-14.35	14.44	126	1.68	0.17	1.08	1	cover	squad-1	3	bot-3
208850	bot-68	alpha	P00r-4410	tick	-15.42	-17.95	4	0.00	0.00		0		squad-21	1	bot-63
208850	bot-70	alpha	P00r-4410	tick	-17.32	-19.13	353	0.60	0.25		0		squad-21	2	bot-63
208942	bot-67	bravo	A47rb4410	state+element	-8.49	5.59	339	2.40	0.36	12.25	3	seek	squad-2	2	
209071	bot-3	alpha	P33r-4200	tier+score	-13.80	20.67	63	0.19	0.02		0		squad-1	0	bot-3
209244	bot-45	bravo	A45mb4100	state+element	-5.65	-2.54	202	0.80	0.16	5.10	2	packseek	squad-2	3	
209244	bot-49	alpha	S33r-2320	ammo	3.31	19.18	286	1.91	0.59	8.60	4	seek	squad-1	1	bot-3
209244	bot-58	alpha	G33r-2312	state	-13.70	14.88	113	5.15	0.78	0.31	1	cover	squad-1	3	bot-3
209244	bot-62	alpha	C33r-4412	tick	2.81	17.92	274	4.17	1.70	4.65	2	cover	squad-1	4	bot-3
209244	bot-63	alpha	P00m-3420	tick	-22.18	-17.12	277	0.89	0.39	1.69	3	packseek	squad-21	0	bot-63
209244	bot-67	bravo	C47rm441G	state+element+latches	-8.47	5.59	331	0.00	0.02		0		squad-2	2	
209520	bot-39	bravo	S00r-4410	tick	-5.26	-9.55	202	0.14	0.01	14.38	11	seek	squad-2	0	
209520	bot-46	bravo	S47rm4420	tick	-8.83	4.44	333	2.40	0.83	13.57	4	seek	squad-2	1	
209520	bot-58	alpha	A33r-2310	state+latches	-13.45	15.05	119	0.00	0.31		0		squad-1	3	bot-3
209520	bot-67	bravo	C47rm4412	latches	-8.34	5.32	307	4.53	0.30	4.28	1	cover	squad-2	2	
209635	bot-45	bravo	A45mm410G	element+latches	-5.62	-2.53	228	0.87	0.03		0		squad-2	3	
209635	bot-50	alpha	S33r-2320	tick	1.11	20.20	106	1.19	0.58	6.45	4	seek	squad-1	2	bot-3
209891	bot-45	bravo	P45mm4104	state+latches	-5.60	-2.52	228	0.65	0.03		0		squad-2	3	bot-39
209891	bot-49	alpha	S33r-0320	ammo	3.02	19.08	261	1.82	0.31	8.35	4	seek	squad-1	1	bot-3
209891	bot-68	alpha	P00r-4410	tick	-15.42	-17.95	4	0.00	0.00		0		squad-21	1	bot-63
209891	bot-70	alpha	P00r-4410	tick	-17.34	-19.15	353	0.00	0.03		0		squad-21	2	bot-63
210098	bot-3	alpha	P33r-4200	tick	-13.83	20.65	125	0.00	0.03		0		squad-1	0	bot-3
210098	bot-45	bravo	P45mm4100	latches	-5.58	-2.51	228	0.17	0.02		0		squad-2	3	bot-39
210381	bot-62	alpha	C33r-4412	tick	1.74	18.03	289	3.93	1.07	4.10	1	grenade	squad-1	4	bot-3
210381	bot-63	alpha	P00m-3420	tick	-22.06	-17.35	247	0.41	0.25	1.90	3	packseek	squad-21	0	bot-63
210475	bot-49	alpha	C33r-2320	state+ammo	2.73	18.92	243	1.59	0.33	8.12	4	seek	squad-1	1	bot-3
210586	bot-39	bravo	S00r-4410	tick	-5.22	-9.56	183	0.51	0.05	3.90	1	grenade	squad-2	0	bot-39
210586	bot-45	bravo	P44mm4100	score	-5.57	-2.50	228	0.02	0.01		0		squad-2	3	bot-39
210586	bot-46	bravo	S46rm4420	score	-9.01	4.38	265	4.08	0.19	4.87	1	grenade	squad-2	1	bot-39
210586	bot-49	alpha	C33r-2322	latches	2.42	18.70	233	4.01	0.38	9.60	3	cover	squad-1	1	bot-3
210586	bot-58	alpha	A33r-2310	tick	-13.90	15.35	203	2.34	0.54	3.64	1	grenade	squad-1	3	bot-3
210586	bot-67	bravo	C46rm4412	score	-7.60	5.07	10	4.03	0.78	4.72	1	grenade	squad-2	2	bot-39
210689	bot-50	alpha	S33r-2320	tick	1.57	20.07	106	1.14	0.47	6.02	4	seek	squad-1	2	bot-3
210742	bot-3	alpha	P00r-4200	tier+score	-14.64	20.94	206	3.35	0.86	0.33	1	grenade	squad-1	0	bot-3
210742	bot-49	alpha	C00r-2322	tier+score	2.14	18.45	229	4.16	0.38	9.22	3	cover	squad-1	1	bot-3
210742	bot-50	alpha	S00r-2320	tier+score	1.62	20.06	106	1.14	0.06	5.97	4	seek	squad-1	2	bot-3
210742	bot-58	alpha	A00r-2310	tier+score	-14.11	15.31	229	2.08	0.22	3.42	1	grenade	squad-1	3	bot-3
210742	bot-62	alpha	C00r-4412	tier+score	0.97	17.70	252	5.10	0.84	2.93	2	cover	squad-1	4	bot-3
210885	bot-45	bravo	P32m-4100	tier+score+element	-5.57	-2.50	228	0.01	0.00		0		squad-2	3	bot-39
210885	bot-46	bravo	S44rm4420	score	-8.57	3.95	226	4.08	0.61	5.32	1	grenade	squad-2	1	bot-39
210885	bot-58	alpha	A00r-231G	latches	-14.17	15.54	242	4.69	0.23	1.05	1	grenade	squad-1	3	bot-3
210885	bot-67	bravo	C44rm4412	score	-7.20	4.96	42	3.35	0.41	5.55	1	grenade	squad-2	2	bot-39
211000	bot-58	alpha	S00r-2310	state+latches	-14.17	15.54	242	4.69	0.00	1.05	1	grenade	squad-1	3	bot-3
211000	bot-68	alpha	P00r-4410	tick	-16.31	-19.38	237	4.08	1.68	4.38	1	grenade	squad-21	1	bot-63
211000	bot-70	alpha	P00r-4410	tick	-17.46	-20.35	251	4.08	1.21	3.68	1	grenade	squad-21	2	bot-63
211146	bot-49	alpha	C00r-0322	ammo	1.70	18.01	223	4.32	0.62	8.60	3	cover	squad-1	1	bot-3
211307	bot-39	bravo	C32r-4410	state+tier+score	-4.80	-9.04	145	4.41	0.67	1.38	1	grenade	squad-2	0	bot-39
211415	bot-39	bravo	C32r-4412	latches	-4.82	-9.09	171	1.96	0.06	4.67	1	grenade	squad-2	0	bot-39
211415	bot-63	alpha	P00m-3420	tick	-21.95	-17.56	282	0.11	0.24	2.11	3	packseek	squad-21	0	bot-63
211523	bot-58	alpha	A00r-2310	state	-13.98	15.46	216	2.74	0.21	14.02	3	seek	squad-1	3	bot-3
211625	bot-67	bravo	C44rm441I	latches	-7.57	5.80	351	4.15	0.91	4.69	1	grenade	squad-2	2	bot-39
211769	bot-3	alpha	P00r-4200	tick	-15.11	21.50	309	1.48	0.73	0.48	1	grenade	squad-1	0	bot-3
211769	bot-39	bravo	S00r-4410	state+tier+score+latches	-4.89	-9.21	196	0.71	0.14	4.53	1	grenade	squad-2	0	bot-39
211769	bot-49	alpha	C00r-R322	ammo	0.90	17.33	231	4.06	1.05	7.55	3	cover	squad-1	1	bot-3
211769	bot-50	alpha	S00r-2320	tick	2.00	19.97	123	1.15	0.39	5.63	4	seek	squad-1	2	bot-3
211769	bot-58	alpha	A00r-231G	latches	-13.92	15.56	193	0.50	0.12		0		squad-1	3	bot-3
211769	bot-62	alpha	C00r-4412	tick	-0.60	16.97	234	4.12	1.73	1.25	1	cover	squad-1	4	bot-3
211909	bot-45	bravo	P32m-4100	tick	-5.57	-2.50	228	0.00	0.00		0		squad-2	3	bot-39
211909	bot-46	bravo	S44rm4420	tick	-8.94	4.69	278	4.08	0.82	4.35	1	grenade	squad-2	1	bot-39
211909	bot-58	alpha	S00r-2310	state+latches	-13.92	15.56	193	0.50	0.00		0		squad-1	3	bot-3
211909	bot-67	bravo	C44rm4412	latches	-7.84	6.10	325	4.09	0.41	4.64	1	grenade	squad-2	2	bot-39
211909	bot-71	bravo	P00m-0420	initial	-18.95	10.55	0	0.00			0			-1	
212035	bot-67	bravo	C44rb4412	element	-7.99	6.27	318	4.25	0.22	4.42	1	grenade	squad-2	2	bot-39
212035	bot-68	alpha	P00r-4410	tick	-14.74	-19.77	134	4.08	1.62	4.14	1	grenade	squad-21	1	bot-63
212035	bot-70	alpha	P00r-4410	tick	-15.83	-20.75	148	4.08	1.68	3.45	1	grenade	squad-21	2	bot-63
212035	bot-71	bravo	S00m-4420	state+ammo	-18.95	10.55	0	0.00	0.00		0		squad-24	0	bot-71
212218	bot-58	alpha	A00r-2310	state	-13.85	15.55	172	0.62	0.06	13.60	3	seek	squad-1	3	bot-3
212445	bot-63	alpha	P00m-3420	tick	-21.95	-17.56	282	0.09	0.00	2.11	3	packseek	squad-21	0	bot-63
212535	bot-49	alpha	C00r-2322	ammo	-0.05	16.45	222	3.73	1.29	6.27	3	cover	squad-1	1	bot-3
212535	bot-67	bravo	C34r-4412	tier+element	-8.67	7.24	324	4.08	1.19	3.62	1	grenade	squad-2	2	bot-39
212664	bot-58	alpha	A00r-231G	latches	-13.83	15.65	156	0.16	0.11		0		squad-1	3	bot-3
212785	bot-3	alpha	P00r-4200	tick	-14.30	22.39	42	3.09	1.20	1.48	1	grenade	squad-1	0	bot-3
212785	bot-39	bravo	S00r-4410	tick	-5.25	-9.56	178	0.20	0.50	3.90	1	grenade	squad-2	0	bot-39
212785	bot-50	alpha	S00r-2320	tick	2.56	19.90	128	1.28	0.56	5.20	4	seek	squad-1	2	bot-3
212785	bot-58	alpha	S00r-2310	state+latches	-13.83	15.65	156	0.16	0.00		0		squad-1	3	bot-3
212785	bot-62	alpha	C00r-4412	tick	-0.29	18.84	345	4.73	1.90	3.02	1	cover	squad-1	4	bot-3
212950	bot-45	bravo	P32m-4100	tick	-5.57	-2.50	228	0.00	0.00		0		squad-2	3	bot-39
212950	bot-46	bravo	S44rm4420	tick	-9.72	6.49	341	3.61	1.96	3.77	1	grenade	squad-2	1	bot-39
213063	bot-58	alpha	A00r-2310	state	-13.73	15.61	145	0.97	0.10	21.71	5	seek	squad-1	3	bot-3
213063	bot-67	bravo	C44rb441I	tier+element+latches	-8.86	7.88	339	2.13	0.67	4.10	1	grenade	squad-2	2	bot-39
213063	bot-68	alpha	P00r-4410	tick	-12.59	-20.11	104	3.87	2.18	2.52	1	grenade	squad-21	1	bot-63
213063	bot-70	alpha	P00r-4410	tick	-13.59	-21.04	97	4.08	2.26	3.17	1	grenade	squad-21	2	bot-63
213063	bot-71	bravo	A00m-4420	state	-18.07	11.54	46	1.51	1.32	5.75	2	seek	squad-24	0	bot-71
213244	bot-49	alpha	G00r-232I	state+latches	-1.08	16.12	224	4.82	1.09	0.37	1	cover	squad-1	1	bot-3
213244	bot-49	alpha	G00r-R32I	ammo	-1.45	16.05	234	0.00	0.37		0		squad-1	1	bot-3
213244	bot-71	bravo	A00m-442G	latches	-18.07	11.54	35	0.08	0.00		0		squad-24	0	bot-71
213372	bot-49	alpha	G00r-R322	latches	-1.60	16.12	244	4.13	0.16		0		squad-1	1	bot-3
213372	bot-67	bravo	S44rb4414	state+latches	-8.88	7.98	345	2.11	0.11	4.81	1	grenade	squad-2	2	bot-39
213372	bot-71	bravo	S00m-4420	state+latches	-18.07	11.54	35	0.08	0.00		0		squad-24	0	bot-71
213509	bot-63	alpha	P00m-3420	tick	-21.93	-17.56	282	0.04	0.02	2.11	3	packseek	squad-21	0	bot-63
213509	bot-67	bravo	S44rm4414	element	-8.90	8.14	344	1.62	0.16	4.66	1	grenade	squad-2	2	bot-39
213655	bot-58	alpha	A00r-231G	latches	-13.72	15.68	156	0.20	0.06		0		squad-1	3	bot-3
213655	bot-62	alpha	S00r-4410	state+latches	0.35	20.14	26	4.74	1.45	1.57	1	cover	squad-1	4	bot-3
213848	bot-3	alpha	P00r-4200	tick	-13.85	23.35	339	2.53	1.06	2.55	1	grenade	squad-1	0	bot-3
213848	bot-39	bravo	S00r-4410	tick	-5.23	-9.57	183	0.71	0.03	3.89	1	grenade	squad-2	0	bot-39
213848	bot-50	alpha	S00r-2320	tick	3.11	19.79	141	1.35	0.56	4.76	4	seek	squad-1	2	bot-3
213848	bot-58	alpha	S00r-2310	state+latches	-13.72	15.68	156	0.20	0.00		0		squad-1	3	bot-3
213848	bot-67	bravo	C44rm4410	state+latches	-8.94	8.21	331	1.46	0.07	4.59	1	grenade	squad-2	2	bot-39
213967	bot-45	bravo	P32m-4100	tick	-5.57	-2.50	228	0.00	0.00		0		squad-2	3	bot-39
213967	bot-46	bravo	S44rm4420	tick	-10.00	7.21	339	1.63	0.77	4.11	1	grenade	squad-2	1	bot-39
213967	bot-58	alpha	C00r-2310	state	-13.70	15.67	158	0.51	0.03	21.74	5	seek	squad-1	3	bot-3
213967	bot-67	bravo	C44rb4412	element+latches	-8.96	8.34	344	1.24	0.14	4.47	1	grenade	squad-2	2	bot-39
214132	bot-58	alpha	C00r-2312	latches	-13.69	15.70	181	0.68	0.03		0		squad-1	3	bot-3
214132	bot-67	bravo	C34r-4412	tier+element	-8.98	8.39	331	1.16	0.05	5.11	1	grenade	squad-2	2	bot-39
214132	bot-68	alpha	P00r-4410	tick	-11.26	-20.58	114	4.08	1.41	1.19	1	grenade	squad-21	1	bot-63
214132	bot-70	alpha	P00r-4410	tick	-12.23	-21.49	106	4.08	1.43	1.78	1	grenade	squad-21	2	bot-63
214322	bot-71	bravo	A00m-4420	state	-18.38	12.23	348	2.45	0.76	8.87	3	seek	squad-24	0	bot-71
214431	bot-49	alpha	G00r-R322	tick	-1.45	16.05	176	0.01	0.16		0		squad-1	1	bot-3
214513	bot-63	alpha	P00m-3420	tick	-21.94	-17.56	282	0.11	0.01	2.11	3	packseek	squad-21	0	bot-63
214610	bot-67	bravo	C44rb4412	tier+element	-9.10	8.77	341	1.62	0.40	4.74	1	grenade	squad-2	2	bot-39
214748	bot-62	alpha	S00r-4410	tick	-0.05	19.30	304	1.96	0.93	6.57	4	seek	squad-1	4	bot-3
214871	bot-3	alpha	P00r-4200	tick	-13.74	24.75	26	0.52	1.41	3.89	1	grenade	squad-1	0	bot-3
214871	bot-39	bravo	S00r-4410	tick	-5.24	-9.56	183	0.40	0.02	3.90	1	grenade	squad-2	0	bot-39
214871	bot-50	alpha	S00r-2320	tick	3.79	19.63	129	0.98	0.69	4.24	4	seek	squad-1	2	bot-3
214969	bot-45	bravo	P32m-4100	tick	-5.57	-2.50	228	0.00	0.00		0		squad-2	3	bot-39
214969	bot-46	bravo	S44rm4420	tick	-10.41	8.27	329	2.56	1.14	3.44	1	grenade	squad-2	1	bot-39
215136	bot-58	alpha	P00r-2310	state+latches	-13.67	15.78	233	3.76	0.08		1	muzzleRecovery	squad-1	3	bot-3
215136	bot-68	alpha	P00r-4410	tick	-10.37	-21.14	136	0.00	1.05	0.32	0	grenade	squad-21	1	bot-63
215136	bot-70	alpha	P00r-4410	tick	-10.82	-21.55	82	0.00	1.42	0.38	0	grenade	squad-21	2	bot-63
215136	bot-71	bravo	F00m-4420	state	-18.36	12.26	53	0.00	0.04		0		squad-24	0	bot-71
215239	bot-3	alpha	P21r-4200	tier+score	-13.57	24.75	102	0.37	0.17	3.95	1	grenade	squad-1	0	bot-3
215239	bot-49	alpha	G00r-4322	ammo	-1.45	16.05	221	0.00	0.00		0		squad-1	1	bot-3
215239	bot-58	alpha	E00r-2210	state+health	-13.49	15.72	220	3.76	0.19		0		squad-1	3	bot-3
215239	bot-71	bravo	A00m-4420	state	-18.36	12.26	55	0.00	0.00		0		squad-24	0	bot-71
215350	bot-58	alpha	E00r-2219	latches	-13.29	15.61	236	1.78	0.23	6.01	2	flee	squad-1	3	bot-3
215350	bot-71	bravo	F00m-4420	state	-18.36	12.26	56	0.00	0.00		0		squad-24	0	bot-71
215367	bot-3	alpha	P32r-4200	tier+score	-13.59	24.75	126	0.02	0.02		0		squad-1	0	bot-3
215367	bot-49	alpha	G32r-4322	tier+score	-1.45	16.05	231	0.00	0.00		0		squad-1	1	bot-3
215367	bot-58	alpha	E00r-2119	health	-13.26	15.59	237	2.14	0.04	5.97	2	flee	squad-1	3	bot-3
215367	bot-62	alpha	C32r-4410	state+tier+score	-0.33	18.55	203	2.03	0.81	6.82	4	seek	squad-1	4	bot-3
215367	bot-71	bravo	A10m-4420	state+tier	-18.36	12.26	57	0.00	0.00		0		squad-24	0	bot-71
215383	bot-62	alpha	C32r-4412	latches	-0.36	18.43	194	3.84	0.12	2.45	1	cover	squad-1	4	bot-3
215501	bot-71	bravo	F10m-4420	state	-18.36	12.26	59	0.00	0.00		0		squad-24	0	bot-71
215518	bot-3	alpha	P33r-4200	score	-13.59	24.75	157	0.00	0.00		0		squad-1	0	bot-3
215518	bot-49	alpha	G33r-4322	score	-1.45	16.05	243	0.00	0.00		0		squad-1	1	bot-3
215518	bot-58	alpha	E00r-2019	health	-13.05	15.35	239	1.85	0.31	5.66	2	flee	squad-1	3	bot-3
215518	bot-62	alpha	C33r-4412	score	-0.48	17.92	194	3.88	0.52	1.93	1	cover	squad-1	4	bot-3
215518	bot-63	alpha	P00m-3420	tick	-22.04	-17.53	281	0.62	0.10	2.08	3	packseek	squad-21	0	bot-63
215518	bot-71	bravo	A10m-4420	state	-18.36	12.26	59	0.00	0.00		0		squad-24	0	bot-71
215604	bot-58	alpha	E00r-1019	ammo	-12.94	15.22	241	2.00	0.17	5.50	2	flee	squad-1	3	bot-3
215604	bot-67	bravo	C45rb4412	score	-9.91	10.72	334	4.18	2.12	4.86	1	grenade	squad-2	2	bot-39
215604	bot-71	bravo	A10m-4320	health	-18.36	12.26	61	0.00	0.00		0		squad-24	0	bot-71
215619	bot-46	bravo	S45rm4420	score	-11.12	10.02	342	3.18	1.88	3.63	1	grenade	squad-2	1	bot-39
215651	bot-71	bravo	F10m-4320	state	-18.36	12.26	62	0.00	0.00		0		squad-24	0	bot-71
215651	bot-71	bravo	P10m-4320	state	-18.36	12.26	62	0.00	0.00		0		squad-24	0	bot-71
215651	bot-58	alpha	D00r--000	state+ammo+packs+latches	-12.88	15.15	242	0.00	0.10	5.41	2	flee	squad-1	3	bot-3
215671	bot-48	bravo	D00r--000	tick	17.16	19.19	153	0.00	0.00	5.28	0		squad-2	-1	bot-39
215671	bot-3	alpha	P35r-4200	score	-13.59	24.75	179	0.00	0.00		0		squad-1	0	bot-3
215671	bot-49	alpha	G45rm4322	tier+score+element	-1.45	16.05	254	0.00	0.00		0		squad-1	1	bot-3
215671	bot-62	alpha	S45rb4414	state+tier+score+element+latches	-0.61	17.42	194	4.00	0.52	1.41	1	cover	squad-1	3	bot-3
215671	bot-71	bravo	S10m-4320	state	-18.36	12.26	62	0.00	0.00		0		squad-24	0	bot-71
215685	bot-62	alpha	S45rm4414	element	-0.61	17.42	201	0.00	0.00		0		squad-1	3	bot-3
215718	bot-45	bravo	A32m-4100	state	-5.57	-2.50	228	0.00	0.00		0		squad-2	3	bot-39
215718	bot-71	bravo	P10m-4320	state	-18.29	12.26	73	1.33	0.07	3.85	1	seek	squad-24	0	bot-71
215735	bot-45	bravo	A00m-4100	tier+score	-5.57	-2.50	228	0.00	0.00		0		squad-2	3	bot-39
215735	bot-46	bravo	S33r-4420	tier+score+element	-11.30	10.31	329	2.96	0.35	3.31	1	grenade	squad-2	1	bot-39
215735	bot-67	bravo	C33r-4412	tier+score+element	-10.14	11.23	335	4.34	0.56	5.39	1	grenade	squad-2	2	bot-39
215735	bot-71	bravo	S10m-4320	state	-18.27	12.26	76	1.33	0.02	41.49	0		squad-24	0	bot-71
215785	bot-67	bravo	S33r-4414	state+latches	-10.21	11.37	334	4.43	0.15	5.25	1	grenade	squad-2	2	bot-39
215802	bot-45	bravo	A00m-410G	latches	-5.57	-2.50	228	0.00	0.00		0		squad-2	3	bot-39
215869	bot-46	bravo	C33r-4420	state	-11.46	10.68	334	3.52	0.40	3.90	1	grenade	squad-2	1	bot-39
215885	bot-39	bravo	S00r-4410	tick	-5.31	-9.71	175	0.42	0.16	3.76	1	grenade	squad-2	0	bot-39
215885	bot-46	bravo	C33r-4422	latches	-11.51	10.78	334	3.66	0.12	3.79	1	grenade	squad-2	1	bot-39
215885	bot-50	alpha	S00r-2320	tick	4.57	19.36	156	0.92	0.83	3.62	4	seek	squad-1	2	bot-3
215902	bot-45	bravo	A00m-4100	latches	-5.57	-2.50	228	0.00	0.00		0		squad-2	3	bot-39
215919	bot-63	alpha	A00m-3420	state	-22.11	-17.02	343	1.67	0.51	1.58	2	packseek	squad-21	0	bot-63
215919	bot-68	alpha	S00r-4410	state	-10.37	-21.13	136	0.00	0.00	0.33	0	grenade	squad-21	1	bot-63
215919	bot-70	alpha	S00r-4410	state	-10.82	-21.54	82	0.00	0.01	0.38	0	grenade	squad-21	2	bot-63
215969	bot-71	bravo	A10m-4320	state	-17.76	12.24	93	2.41	0.51	3.32	1	seek	squad-24	0	bot-71
215985	bot-3	alpha	C35r-4200	state	-13.59	24.75	202	0.00	0.00		0		squad-1	0	bot-3
216002	bot-3	alpha	C35r-420I	latches	-13.59	24.75	199	0.00	0.00		0		squad-1	0	bot-3
216002	bot-71	bravo	A10m-432G	latches	-17.76	12.24	86	0.00	0.00		0		squad-24	0	bot-71
216051	bot-46	bravo	C00r-4422	tier+score	-11.61	11.47	349	3.35	0.69	3.10	1	grenade	squad-2	1	bot-39
216051	bot-67	bravo	S00r-4414	tier+score	-10.68	12.33	333	3.87	1.07	4.26	1	grenade	squad-2	2	bot-39
216153	bot-63	alpha	A00m-342G	latches	-22.24	-16.61	332	1.56	0.43	4.71	1	grenade	squad-21	0	bot-63
216153	bot-71	bravo	A21m-432G	tier+score	-17.76	12.24	86	0.00	0.00		0		squad-24	0	bot-71
216185	bot-62	alpha	C45rm4410	state+latches	-0.61	17.42	297	0.00	0.00		0		squad-1	3	bot-3
216201	bot-62	alpha	C45rb4412	element+latches	-0.62	17.36	287	1.30	0.06	1.35	1	cover	squad-1	3	bot-3
216218	bot-67	bravo	S00r-4410	latches	-10.95	12.93	334	3.74	0.67	5.39	1	grenade	squad-2	2	bot-39
216251	bot-3	alpha	C35r-4202	latches	-13.59	24.75	199	0.00	0.00		0		squad-1	0	bot-3
216251	bot-71	bravo	S21m-4320	state+latches	-17.76	12.24	86	0.00	0.00		0		squad-24	0	bot-71
216353	bot-3	alpha	P35r-4200	state+latches	-13.59	24.75	199	0.00	0.00		0		squad-1	0	bot-3
216353	bot-63	alpha	E00m-302G	state+health	-22.40	-16.29	332	2.41	0.35		0		squad-21	0	bot-63
216353	bot-68	alpha	S33r-4410	tier+score	-10.37	-21.13	131	0.00	0.00		0		squad-21	1	bot-63
216353	bot-70	alpha	S33r-4410	tier+score	-10.82	-21.54	77	0.00	0.00		0		squad-21	2	bot-63
216385	bot-63	alpha	E00m-302P	latches	-22.44	-16.55	332	5.23	0.26	5.29	2	flee	squad-21	0	bot-63
216401	bot-63	alpha	E00m-3029	latches	-22.46	-16.63	332	5.13	0.09	5.21	2	flee	squad-21	0	bot-63
216468	bot-49	alpha	G00r-4322	tier+score+element	-0.73	16.25	238	0.00	0.74		0		squad-1	1	bot-3
216468	bot-62	alpha	S00r-4414	state+tier+score+element+latches	-0.71	16.90	233	4.22	0.47	0.88	1	cover	squad-1	3	bot-3
216491	bot-45	bravo	D00m--000	state+ammo+health	-5.57	-2.50	228	0.00	0.00		0		squad-2	3	bot-39
216504	bot-40	alpha	D00r--000	tick	-22.51	-11.46	187	0.00	0.00	4.43	0		squad-1	-1	bot-3
216504	bot-63	alpha	E00m-3020	latches	-22.56	-17.02	332	0.00	0.40		0		squad-21	0	bot-63
216585	bot-3	alpha	A35r-4200	state	-13.59	24.75	247	0.00	0.00		0		squad-1	0	bot-3
216601	bot-71	bravo	A21m-4320	state	-17.76	12.24	58	0.00	0.00		0		squad-24	0	bot-71
216618	bot-3	alpha	A35r-420G	latches	-13.59	24.75	240	0.00	0.00		0		squad-1	0	bot-3
216618	bot-71	bravo	A21m-432G	latches	-17.76	12.24	54	0.00	0.00		0		squad-24	0	bot-71
216636	bot-67	bravo	S00r-4420	packs	-11.32	13.79	358	1.83	0.93	3.76	1	seek	squad-2	2	bot-39
216652	bot-63	alpha	E00m-302G	latches	-22.54	-17.02	358	0.06	0.02		0		squad-21	0	bot-63
216718	bot-39	bravo	P00r-4410	state	-5.37	-10.21	174	0.97	0.51	13.37	11	seek	squad-2	0	bot-39
216802	bot-3	alpha	C35r-420G	state	-13.59	24.75	240	0.00	0.00		0		squad-1	0	bot-3
216818	bot-3	alpha	C35r-420I	latches	-13.59	24.75	240	0.00	0.00		0		squad-1	0	bot-3
216852	bot-3	alpha	C35r-4202	latches	-13.59	24.75	240	0.00	0.00		0		squad-1	0	bot-3
216852	bot-71	bravo	S21m-4320	state+latches	-17.76	12.24	54	0.00	0.00		0		squad-24	0	bot-71
216901	bot-50	alpha	S00r-2320	tick	5.43	19.03	121	0.98	0.93	3.05	4	seek	squad-1	2	bot-3
216901	bot-63	alpha	E00m-3020	latches	-22.54	-17.02	358	0.00	0.00		0		squad-21	0	bot-63
216968	bot-62	alpha	S00r-4410	latches	-0.73	16.89	315	1.25	0.02	8.08	4	seek	squad-1	3	bot-3
217018	bot-63	alpha	H00m-3020	state	-22.54	-17.02	358	0.00	0.00		0		squad-21	0	bot-63
217035	bot-72	bravo	P00r-0410	initial	-18.45	10.55	0	0.00			0			-1	
217035	bot-73	alpha	P00m-0420	initial	-24.45	-14.95	0	0.00			0			-1	
217051	bot-49	alpha	G00r-0322	ammo	-0.04	16.14	201	1.07	0.71		0		squad-1	1	bot-3
217051	bot-72	bravo	S21r-4410	state+tier+score+ammo	-18.45	10.55	0	0.00	0.00		0		squad-24	1	bot-71
217051	bot-73	alpha	A33m-4420	state+tier+score+ammo	-24.45	-14.95	0	0.00	0.00		0		squad-21	3	bot-63
217070	bot-46	bravo	C00r-4422	tick	-12.36	12.46	310	0.00	1.24		0		squad-2	1	bot-39
217070	bot-63	alpha	H33m-3020	tier+score	-22.54	-17.02	16	0.00	0.00		0		squad-21	0	bot-63
217101	bot-72	bravo	A21r-4410	state	-18.45	10.55	13	0.00	0.00		0		squad-24	1	bot-71
217118	bot-71	bravo	A21m-4320	state	-17.76	12.24	98	0.00	0.00		0		squad-24	0	bot-71
217168	bot-3	alpha	P35r-4200	state+latches	-13.59	24.75	240	0.00	0.00		0		squad-1	0	bot-3
217168	bot-72	bravo	A21r-441G	latches	-18.45	10.55	27	0.03	0.00		0		squad-24	1	bot-71
217218	bot-62	alpha	C45rm4410	state+tier+score+element	-0.99	16.69	322	2.46	0.33	8.06	4	seek	squad-1	3	bot-3
217234	bot-49	alpha	G45rm0322	tier+score+element	-0.04	16.14	248	1.26	0.00		0		squad-1	1	bot-3
217234	bot-62	alpha	C45rb4412	element+latches	-1.06	16.56	313	4.51	0.15	0.52	1	cover	squad-1	3	bot-3
217234	bot-63	alpha	H33m-3120	health	-22.54	-17.02	52	0.00	0.00		0		squad-21	0	bot-63
217268	bot-62	alpha	G45rb4412	state	-1.08	16.48	309	4.57	0.08	0.45	1	cover	squad-1	3	bot-3
217369	bot-68	alpha	S33r-4410	tick	-10.37	-21.13	9	0.00	0.00		0		squad-21	1	bot-63
217369	bot-70	alpha	S33r-4410	tick	-10.82	-21.54	6	0.00	0.00		0		squad-21	2	bot-63
217418	bot-72	bravo	S21r-4410	state+latches	-18.45	10.55	27	0.03	0.00		0		squad-24	1	bot-71
217535	bot-73	alpha	A33m-442G	latches	-24.45	-14.93	13	0.00	0.02		0		squad-21	3	bot-63
217601	bot-49	alpha	A45rm4320	state+ammo+latches	-0.04	16.14	258	1.12	0.00		0		squad-1	1	bot-3
217601	bot-71	bravo	A21m-432G	latches	-17.76	12.24	78	0.00	0.00		0		squad-24	0	bot-71
217618	bot-3	alpha	C35r-4200	state	-13.59	24.75	182	0.00	0.00		0		squad-1	0	bot-3
217618	bot-49	alpha	A45rm432G	latches	-0.05	16.17	258	1.06	0.04		0		squad-1	1	bot-3
217634	bot-3	alpha	C35r-4202	latches	-13.59	24.75	182	0.00	0.00		0		squad-1	0	bot-3
217651	bot-67	bravo	S00r-4420	tick	-11.38	14.90	359	0.68	1.12	2.65	1	seek	squad-2	2	bot-39
217651	bot-73	alpha	A33m-4420	latches	-24.45	-14.93	14	0.00	0.00		0		squad-21	3	bot-63
217668	bot-71	bravo	A00m-432G	tier+score	-17.76	12.24	78	0.00	0.00		0		squad-24	0	bot-71
217701	bot-50	alpha	A00r-2320	state	6.29	18.74	185	1.36	0.90	2.70	4	seek	squad-1	2	bot-3
217718	bot-39	bravo	P00r-4410	tick	-4.32	-10.26	89	0.10	1.04	28.89	8	patrolReentry	squad-2	0	bot-39
217735	bot-63	alpha	H33m-312G	latches	-22.53	-17.02	91	0.00	0.01		0		squad-21	0	bot-63
217751	bot-72	bravo	A21r-4410	state	-18.13	10.98	74	2.39	0.54	18.87	6	seek	squad-24	1	bot-71
217834	bot-71	bravo	S00m-4320	state+latches	-17.76	12.24	78	0.00	0.00		0		squad-24	0	bot-71
217851	bot-49	alpha	S45rm4320	state+latches	-0.14	16.36	258	0.60	0.21		0		squad-1	1	bot-3
217918	bot-73	alpha	A33m-442G	latches	-24.45	-14.92	14	0.00	0.00		0		squad-21	3	bot-63
217951	bot-71	bravo	A00m-4320	state	-17.65	12.36	58	1.39	0.16	15.79	5	seek	squad-24	0	bot-71
217984	bot-3	alpha	A35r-4200	state+latches	-13.59	24.75	190	0.00	0.00		0		squad-1	0	bot-3
217984	bot-63	alpha	H33m-3120	latches	-22.53	-17.02	97	0.00	0.00		0		squad-21	0	bot-63
218001	bot-71	bravo	A00m-432G	latches	-17.65	12.36	48	0.00	0.01		0		squad-24	0	bot-71
218018	bot-3	alpha	A35r-420G	latches	-13.59	24.75	197	0.00	0.00		0		squad-1	0	bot-3
218018	bot-50	alpha	A00r-232G	latches	6.29	18.73	250	0.00	0.01		0		squad-1	2	bot-3
218018	bot-72	bravo	A21r-441G	latches	-18.13	10.99	72	0.00	0.00		0		squad-24	1	bot-71
218085	bot-46	bravo	C00r-4422	tick	-12.36	12.46	310	0.00	0.00		0		squad-2	1	bot-39
218151	bot-3	alpha	A34r-420G	score	-13.59	24.75	197	0.00	0.00		0		squad-1	0	bot-3
218151	bot-49	alpha	C44rm0320	state+score+ammo	-0.36	16.30	260	0.86	0.22	18.88	5	seek	squad-1	1	bot-3
218151	bot-62	alpha	G44rb4412	score	-0.95	16.05	289	0.00	0.45		0		squad-1	3	bot-3
218151	bot-73	alpha	S33m-4420	state+latches	-24.45	-14.92	14	0.00	0.00		0		squad-21	3	bot-63
218168	bot-49	alpha	C44rm0322	latches	-0.50	16.37	269	5.02	0.16	1.00	1	cover	squad-1	1	bot-3
218234	bot-71	bravo	S00m-4320	state+latches	-17.65	12.36	48	0.00	0.00		0		squad-24	0	bot-71
218251	bot-3	alpha	P34r-4200	state+latches	-13.59	24.75	197	0.00	0.00		0		squad-1	0	bot-3
218251	bot-50	alpha	S00r-2320	state+latches	6.29	18.73	250	0.00	0.01		0		squad-1	2	bot-3
218251	bot-72	bravo	S21r-4410	state+latches	-18.13	10.99	72	0.00	0.00		0		squad-24	1	bot-71
218352	bot-3	alpha	P33r-4200	score	-13.59	24.75	173	0.00	0.00		0		squad-1	0	bot-3
218352	bot-49	alpha	C33r-0322	tier+score+element	-0.95	16.66	281	0.00	0.53		0		squad-1	1	bot-3
218352	bot-62	alpha	G33r-4412	tier+score+element	-0.95	16.05	273	0.02	0.00		0		squad-1	3	bot-3
218352	bot-63	alpha	H33m-3220	health	-22.52	-17.02	69	0.00	0.01		0		squad-21	0	bot-63
218372	bot-63	alpha	H33m-322G	latches	-22.52	-17.02	67	0.00	0.00		0		squad-21	0	bot-63
218372	bot-68	alpha	S33r-4410	tick	-10.37	-21.13	349	0.00	0.00		0		squad-21	1	bot-63
218372	bot-70	alpha	S33r-4410	tick	-10.82	-21.54	56	0.00	0.00		0		squad-21	2	bot-63
218418	bot-3	alpha	C33r-4200	state	-13.59	24.75	174	0.00	0.00		0		squad-1	0	bot-3
218418	bot-62	alpha	S00r-4414	state+tier+score+latches	-0.89	16.08	269	0.00	0.07		0		squad-1	3	bot-3
218435	bot-3	alpha	C33r-4202	latches	-13.59	24.75	174	0.00	0.00		0		squad-1	0	bot-3
218435	bot-49	alpha	C00r-0322	tier+score	-0.95	16.67	281	0.10	0.01		0		squad-1	1	bot-3
218501	bot-63	alpha	H33m-3220	latches	-22.52	-17.02	57	0.00	0.00		0		squad-21	0	bot-63
218501	bot-71	bravo	A00m-4320	state	-17.65	12.37	52	0.00	0.00		0		squad-24	0	bot-71
218518	bot-3	alpha	C32r-420I	score+latches	-13.59	24.75	177	0.00	0.00		0		squad-1	0	bot-3
218518	bot-71	bravo	A00m-432G	latches	-17.65	12.37	48	0.00	0.00		0		squad-24	0	bot-71
218518	bot-73	alpha	A33m-4420	state	-23.98	-14.40	10	2.76	0.70	26.83	9	seek	squad-21	3	bot-63
218551	bot-3	alpha	C32r-4202	latches	-13.59	24.75	180	0.00	0.00		0		squad-1	0	bot-3
218551	bot-50	alpha	A00r-2320	state	5.80	18.65	263	2.92	0.50	25.61	6	seek	squad-1	2	bot-3
218551	bot-72	bravo	A00r-4410	state+tier+score	-17.80	11.33	73	2.41	0.47	24.92	6	seek	squad-24	1	bot-71
218551	bot-73	alpha	A33m-442G	latches	-23.99	-14.38	14	0.07	0.02		0		squad-21	3	bot-63
218568	bot-50	alpha	A00r-232G	latches	5.79	18.64	259	0.34	0.02		0		squad-1	2	bot-3
218618	bot-46	bravo	S00r-4420	state+latches	-12.36	12.46	310	0.00	0.00		0		squad-2	1	bot-39
218618	bot-46	bravo	P00r-4420	state	-12.36	12.46	310	0.00	0.00		0		squad-2	1	bot-39
218651	bot-67	bravo	S00r-4420	tick	-11.41	15.80	359	1.11	0.89	1.75	1	seek	squad-2	2	bot-39
218685	bot-63	alpha	H33m-322G	latches	-22.52	-17.02	43	0.00	0.00		0		squad-21	0	bot-63
218701	bot-49	alpha	S00r-4320	state+ammo+latches	-0.95	16.67	281	0.00	0.00		0		squad-1	1	bot-3
218718	bot-49	alpha	S32r-4320	tier+score	-1.04	16.67	272	2.51	0.08	18.18	4	seek	squad-1	1	bot-3
218718	bot-62	alpha	C32r-4410	state+tier+score+latches	-0.89	16.08	280	0.00	0.00		0		squad-1	3	bot-3
218718	bot-71	bravo	A00m-4320	latches	-17.65	12.37	45	0.00	0.00		0		squad-24	0	bot-71
218735	bot-39	bravo	P00r-4410	tick	-4.33	-10.25	123	0.09	0.02	28.91	8	patrolReentry	squad-2	0	bot-39
218735	bot-62	alpha	G32r-4412	state+latches	-0.89	16.08	280	0.00	0.00		0		squad-1	3	bot-3
218785	bot-3	alpha	A32r-4200	state+latches	-13.59	24.75	198	0.00	0.00		0		squad-1	0	bot-3
218801	bot-50	alpha	S00r-2320	state+latches	5.78	18.63	259	0.00	0.00		0		squad-1	2	bot-3
218801	bot-71	bravo	A00m-432G	latches	-17.65	12.37	31	0.00	0.00		0		squad-24	0	bot-71
218801	bot-73	alpha	S33m-4420	state+latches	-23.99	-14.38	14	0.00	0.00		0		squad-21	3	bot-63
218935	bot-63	alpha	H33m-3220	latches	-22.52	-17.02	23	0.00	0.00		0		squad-21	0	bot-63
219034	bot-72	bravo	A00r-441G	latches	-17.80	11.33	17	0.06	0.01		0		squad-24	1	bot-71
219051	bot-3	alpha	A32r-420G	latches	-13.59	24.75	197	0.00	0.00		0		squad-1	0	bot-3
219051	bot-71	bravo	S00m-4320	state+latches	-17.65	12.37	31	0.00	0.00		0		squad-24	0	bot-71
219218	bot-3	alpha	C32r-420G	state	-13.59	24.75	197	0.00	0.00		0		squad-1	0	bot-3
219235	bot-3	alpha	C32r-420I	latches	-13.59	24.75	197	0.00	0.00		0		squad-1	0	bot-3
219251	bot-49	alpha	C32r-0320	state+ammo	-1.76	16.23	228	1.48	0.85	17.40	5	seek	squad-1	1	bot-3
219268	bot-49	alpha	G32r-0322	state+latches	-1.71	16.16	224	4.75	0.08	0.28	1	cover	squad-1	1	bot-3
219268	bot-72	bravo	S00r-4410	state+latches	-17.79	11.32	17	0.00	0.00		0		squad-24	1	bot-71
219285	bot-3	alpha	C32r-4202	latches	-13.59	24.75	197	0.00	0.00		0		squad-1	0	bot-3
219318	bot-71	bravo	A00m-4320	state	-17.65	12.37	70	0.00	0.00		0		squad-24	0	bot-71
219335	bot-3	alpha	C32r-420I	latches	-13.59	24.75	198	0.00	0.00		0		squad-1	0	bot-3
219335	bot-71	bravo	A00m-432G	latches	-17.65	12.37	67	0.00	0.00		0		squad-24	0	bot-71
219352	bot-63	alpha	H00m-3220	tier+score	-22.51	-17.02	354	0.00	0.01		0		squad-21	0	bot-63
219352	bot-68	alpha	S00r-4410	tier+score	-10.37	-21.13	66	0.00	0.00		0		squad-21	1	bot-63
219352	bot-70	alpha	S00r-4410	tier+score	-10.82	-21.54	340	0.00	0.00		0		squad-21	2	bot-63
219352	bot-73	alpha	S00m-4420	tier+score	-23.27	-13.47	14	2.51	1.16	26.38	9	seek	squad-21	3	bot-63
219402	bot-50	alpha	S32r-2320	tier+score	4.50	18.47	247	2.46	1.29	23.89	6	seek	squad-1	2	bot-3
219451	bot-63	alpha	H00m-3320	health	-22.51	-17.02	328	0.00	0.00		0		squad-21	0	bot-63
219451	bot-72	bravo	A00r-4410	state	-17.79	11.32	5	0.07	0.00		0		squad-24	1	bot-71
219485	bot-3	alpha	C32r-4202	latches	-13.59	24.75	197	0.00	0.00		0		squad-1	0	bot-3
219518	bot-71	bravo	A00m-4320	latches	-17.65	12.37	63	0.00	0.00		0		squad-24	0	bot-71
219585	bot-72	bravo	F00r-4410	state	-17.79	11.32	17	0.07	0.00		0		squad-24	1	bot-71
219601	bot-72	bravo	A00r-4410	state	-17.79	11.32	17	0.00	0.00		0		squad-24	1	bot-71
219618	bot-46	bravo	P00r-4420	tick	-12.36	12.46	313	0.00	0.00		0		squad-2	1	bot-39
219651	bot-67	bravo	S00r-4420	tick	-11.45	16.93	0	0.99	1.14	0.62	1	seek	squad-2	2	bot-39
219701	bot-72	bravo	F00r-4410	state	-17.79	11.32	17	0.00	0.00		0		squad-24	1	bot-71
219718	bot-72	bravo	P00r-4410	state	-17.79	11.32	17	1.32	0.00		1	muzzleRecovery	squad-24	1	bot-71
219751	bot-39	bravo	P00r-4410	tick	-4.34	-10.24	109	0.08	0.01		8	patrol	squad-2	0	bot-39
219751	bot-62	alpha	G32r-4412	tick	-0.95	16.05	3	0.00	0.07		0		squad-1	3	bot-3
219751	bot-71	bravo	F00m-4320	state	-17.65	12.37	19	0.00	0.00		0		squad-24	0	bot-71
219751	bot-71	bravo	F00m-3320	ammo	-17.65	12.37	18	0.00	0.00		0		squad-24	0	bot-71
219768	bot-3	alpha	C32r-4102	health	-13.59	24.75	198	0.00	0.00		0		squad-1	0	bot-3
219768	bot-3	alpha	E33r-4100	state+score+latches	-13.59	24.75	198	0.00	0.00		0		squad-1	0	bot-3
219768	bot-49	alpha	G33r-0322	score	-1.45	16.05	265	0.00	0.28		0		squad-1	1	bot-3
219768	bot-62	alpha	G33r-4412	score	-0.95	16.05	4	0.58	0.00		0		squad-1	3	bot-3
219768	bot-71	bravo	A00m-3320	state	-17.65	12.37	18	0.00	0.00		0		squad-24	0	bot-71
219768	bot-72	bravo	A00r-4410	state	-17.72	11.33	28	0.00	0.07		0	muzzleRecovery	squad-24	1	bot-71
219785	bot-3	alpha	E33r-4109	latches	-13.73	24.69	198	3.86	0.15	1.38	1	flee	squad-1	0	bot-3
219785	bot-71	bravo	A00m-332G	latches	-17.65	12.37	18	0.00	0.00		0		squad-24	0	bot-71
219801	bot-3	alpha	E33r-410P	latches	-13.79	24.65	198	4.38	0.07	1.30	1	flee	squad-1	0	bot-3
219818	bot-3	alpha	E33r-4109	latches	-13.86	24.62	196	4.35	0.07	1.23	1	flee	squad-1	0	bot-3
219818	bot-49	alpha	G33r-4322	ammo	-1.45	16.05	261	0.00	0.00		0		squad-1	1	bot-3
219818	bot-72	bravo	F00r-4410	state	-17.72	11.33	17	0.00	0.00		0		squad-24	1	bot-71
219834	bot-72	bravo	A00r-4410	state	-17.72	11.33	16	0.05	0.00		0		squad-24	1	bot-71
219851	bot-72	bravo	A00r-441G	latches	-17.72	11.33	16	0.05	0.00		0		squad-24	1	bot-71
219868	bot-3	alpha	E33r-410P	latches	-14.05	24.52	196	4.31	0.21	1.02	1	flee	squad-1	0	bot-3
219984	bot-50	alpha	S33r-2320	score	3.18	18.32	246	2.05	1.33	22.62	6	seek	squad-1	2	bot-3
220018	bot-71	bravo	S00m-3320	state+latches	-17.65	12.37	18	0.00	0.00		0		squad-24	0	bot-71
220068	bot-3	alpha	E33r-410G	latches	-14.70	24.18	196	0.00	0.73		0		squad-1	0	bot-3
220084	bot-72	bravo	S00r-4410	state+latches	-17.72	11.33	16	0.00	0.00		0		squad-24	1	bot-71
220102	bot-3	alpha	E33r-4100	latches	-14.70	24.18	196	0.00	0.00		0		squad-1	0	bot-3
220134	bot-63	alpha	S00m-3320	state	-22.50	-17.02	19	0.00	0.01		0		squad-21	0	bot-63
220368	bot-63	alpha	A00m-3320	state	-22.31	-16.47	8	2.47	0.59	25.24	10	seek	squad-21	0	bot-63
220368	bot-68	alpha	S00r-4410	tick	-10.31	-20.90	358	2.40	0.24	4.96	1	seek	squad-21	1	bot-63
220368	bot-70	alpha	S00r-4410	tick	-10.82	-21.54	21	0.00	0.00		0		squad-21	2	bot-63
220368	bot-73	alpha	S00m-4420	tick	-21.64	-11.31	6	2.71	2.71	24.01	9	seek	squad-21	3	bot-63
220384	bot-49	alpha	G33r-0322	ammo	-1.45	16.05	217	0.00	0.00		0		squad-1	1	bot-3
220584	bot-3	alpha	C33r-4100	state	-14.69	24.19	196	0.00	0.01		0		squad-1	0	bot-3
220601	bot-3	alpha	C33r-4102	latches	-14.69	24.19	187	0.00	0.00		0		squad-1	0	bot-3
220601	bot-72	bravo	A00r-4410	state	-17.71	11.33	9	0.06	0.01		0		squad-24	1	bot-71
220634	bot-46	bravo	P00r-4420	tick	-12.36	12.46	313	0.00	0.00		0		squad-2	1	bot-39
220651	bot-63	alpha	A00m-332G	latches	-22.30	-16.47	9	0.00	0.01		0		squad-21	0	bot-63
220668	bot-67	bravo	S00r-4420	tick	-11.36	17.78	36	0.81	0.85	0.50	1	seek	squad-2	2	bot-39
220684	bot-49	alpha	G00r-0322	tier+score	-0.74	16.25	211	0.00	0.73		0		squad-1	1	bot-3
220684	bot-50	alpha	S00r-2320	tier+score	1.67	18.13	263	2.42	1.52	21.17	6	seek	squad-1	2	bot-3
220684	bot-62	alpha	G00r-4412	tier+score	-0.03	16.14	291	1.05	0.92		0		squad-1	3	bot-3
220751	bot-39	bravo	P00r-4410	tick	-4.33	-10.24	77	0.08	0.01		8	patrol	squad-2	0	bot-39
220884	bot-63	alpha	S00m-3320	state+latches	-22.30	-16.47	9	0.00	0.00		0		squad-21	0	bot-63
220934	bot-49	alpha	G00r-R322	ammo	-0.28	16.34	230	0.64	0.48		0		squad-1	1	bot-3
221018	bot-71	bravo	S00m-3320	tick	-18.78	13.55	10	1.50	1.64	7.62	3	seek	squad-24	0	bot-71
221151	bot-63	alpha	S00m-3330	packs	-22.12	-16.08	7	1.62	0.43	24.83	10	seek	squad-21	0	bot-63
221384	bot-68	alpha	S00r-4410	tick	-10.32	-18.47	357	2.29	2.43	2.52	1	seek	squad-21	1	bot-63
221384	bot-70	alpha	S00r-4410	tick	-10.82	-21.54	39	0.00	0.00		0		squad-21	2	bot-63
221384	bot-73	alpha	S00m-4420	tick	-19.96	-9.28	7	2.55	2.64	21.85	9	seek	squad-21	3	bot-63
221501	bot-62	alpha	G00r-R412	ammo	0.04	16.06	255	1.18	0.11		0		squad-1	3	bot-3
221518	bot-62	alpha	C00r-R410	state+latches	0.07	16.05	255	1.18	0.03		0		squad-1	3	bot-3
221535	bot-62	alpha	C00r-R412	latches	0.21	16.17	255	5.13	0.19	4.80	2	cover	squad-1	3	bot-3
221551	bot-63	alpha	A00m-3330	state	-22.05	-15.71	4	0.88	0.38	24.45	11	seek	squad-21	0	bot-63
221618	bot-3	alpha	C33r-4102	tick	-14.69	24.19	198	0.00	0.00		0		squad-1	0	bot-3
221618	bot-72	bravo	A00r-4410	tick	-17.70	11.33	75	0.08	0.01		0		squad-24	1	bot-71
221634	bot-46	bravo	P00r-4420	tick	-12.36	12.46	313	0.00	0.00		0		squad-2	1	bot-39
221668	bot-67	bravo	S00r-4420	tick	-11.11	17.54	75	1.12	0.35	0.83	2	seek	squad-2	2	bot-39
221684	bot-50	alpha	S00r-2320	tick	-0.31	17.36	244	2.26	2.12	19.05	5	seek	squad-1	2	bot-3
221718	bot-49	alpha	A00r-4320	state+ammo+latches	-0.08	16.19	291	0.75	0.25		0		squad-1	1	bot-3
221718	bot-72	bravo	A00r-441G	latches	-17.69	11.33	75	0.08	0.00		0		squad-24	1	bot-71
221734	bot-49	alpha	A00r-432G	latches	-0.09	16.21	288	0.74	0.02		0		squad-1	1	bot-3
221734	bot-62	alpha	C00r-R41I	latches	1.07	16.76	258	5.09	1.05	3.76	2	cover	squad-1	3	bot-3
221768	bot-39	bravo	P00r-4410	tick	-4.34	-10.24	105	0.08	0.00		8	patrol	squad-2	0	bot-39
221951	bot-72	bravo	S00r-4410	state+latches	-17.69	11.33	75	0.00	0.00		0		squad-24	1	bot-71
221968	bot-49	alpha	S00r-4320	state+latches	-0.16	16.36	288	0.43	0.17		0		squad-1	1	bot-3
221968	bot-62	alpha	C00r-R412	latches	1.51	17.84	319	4.64	1.16	2.81	2	cover	squad-1	3	bot-3
222035	bot-71	bravo	S00m-3320	tick	-19.30	14.44	346	0.92	1.03	6.86	2	seek	squad-24	0	bot-71
222051	bot-74	bravo	P00r-0410	initial	-17.45	16.05	0	0.00			0			-1	
222068	bot-50	alpha	S33r-2320	tier+score	-1.07	16.93	244	2.48	0.87	18.18	6	seek	squad-1	2	bot-3
222068	bot-62	alpha	C33r-R412	tier+score	1.70	18.26	344	4.66	0.47	2.48	2	cover	squad-1	3	bot-3
222068	bot-74	bravo	S00r-4410	state+ammo	-17.45	16.05	0	0.00	0.00		0		squad-24	2	bot-71
222087	bot-49	alpha	S33r-4320	tier+score	-0.24	16.34	260	0.57	0.08	18.99	5	seek	squad-1	1	bot-3
222104	bot-74	bravo	C00r-4410	state	-17.39	15.96	9	0.70	0.11	18.53	7	seek	squad-24	2	bot-71
222118	bot-74	bravo	C00r-4412	latches	-17.43	15.96	17	1.56	0.05	1.49	4	cover	squad-24	2	bot-71
222268	bot-49	alpha	C33r-0320	state+ammo	-0.37	16.31	260	1.09	0.13	18.86	5	seek	squad-1	1	bot-3
222284	bot-49	alpha	C33r-0322	latches	-0.46	16.26	251	2.66	0.10	0.53	1	cover	squad-1	1	bot-3
222335	bot-49	alpha	G33r-0322	state	-0.56	16.20	243	3.63	0.11	0.42	1	cover	squad-1	1	bot-3
222335	bot-72	bravo	C00r-4410	state	-17.36	11.93	77	2.49	0.68	17.90	6	seek	squad-24	1	bot-71
222351	bot-72	bravo	C00r-4412	latches	-17.29	12.06	68	4.70	0.16	9.79	6	cover	squad-24	1	bot-71
222401	bot-68	alpha	S00r-4410	tick	-10.43	-16.27	23	0.00	2.20		0		squad-21	1	bot-63
222401	bot-70	alpha	S00r-4410	tick	-10.82	-21.54	322	0.00	0.00		0		squad-21	2	bot-63
222401	bot-73	alpha	S00m-4420	tick	-18.11	-7.49	358	2.45	2.57	20.06	9	seek	squad-21	3	bot-63
222468	bot-3	alpha	C33r-410I	latches	-14.69	24.19	207	0.00	0.00		0		squad-1	0	bot-3
222468	bot-74	bravo	C00r-441I	latches	-18.23	15.89	18	4.87	0.80	1.85	3	cover	squad-24	2	bot-71
222484	bot-3	alpha	C33r-4102	latches	-14.69	24.19	203	0.00	0.00		0		squad-1	0	bot-3
222534	bot-62	alpha	C32r-R412	score	3.54	18.99	83	5.08	1.98	0.52	1	cover	squad-1	3	bot-3
222551	bot-63	alpha	A00m-3330	tick	-22.04	-15.72	5	0.00	0.01		0		squad-21	0	bot-63
222568	bot-62	alpha	G32r-R412	state	3.62	19.00	83	4.71	0.08	0.44	1	cover	squad-1	3	bot-3
222651	bot-46	bravo	P00r-4420	tick	-12.36	12.46	313	0.00	0.00		0		squad-2	1	bot-39
222670	bot-67	bravo	S00r-4420	tick	-11.09	17.20	180	1.36	0.35	0.74	1	seek	squad-2	2	bot-39
222705	bot-74	bravo	C00r-4412	latches	-18.80	15.13	317	4.69	0.95	1.94	3	cover	squad-24	2	bot-71
222768	bot-3	alpha	C32r-4102	score	-14.69	24.19	187	0.00	0.00		0		squad-1	0	bot-3
222768	bot-39	bravo	P00r-4410	tick	-4.34	-10.24	127	0.08	0.00		8	patrol	squad-2	0	bot-39
222768	bot-49	alpha	G32r-0322	score	-0.95	16.05	268	0.00	0.42		0		squad-1	1	bot-3
222768	bot-50	alpha	S32r-2320	score	-1.87	16.02	212	1.42	1.21	17.07	6	seek	squad-1	2	bot-3
222818	bot-49	alpha	S32r-4320	state+ammo+latches	-0.95	16.05	265	0.00	0.00		0		squad-1	1	bot-3
222968	bot-74	bravo	A00r-4410	state+latches	-19.18	14.74	254	5.04	0.55	2.24	2	cover	squad-24	2	bot-71
223051	bot-71	bravo	S00m-3320	tick	-19.46	15.85	21	2.28	1.42	5.57	1	seek	squad-24	0	bot-71
223084	bot-62	alpha	G00r-R412	tier+score	4.05	19.05	333	0.00	0.44		0		squad-1	3	bot-3
223151	bot-3	alpha	P32r-4100	state+latches	-14.69	24.19	177	4.11	0.00		1	muzzleRecovery	squad-1	0	bot-3
223168	bot-63	alpha	A00m-333G	latches	-22.04	-15.72	5	0.00	0.00		0		squad-21	0	bot-63
223168	bot-74	bravo	A00r-441G	latches	-19.15	14.71	213	0.08	0.04		0		squad-24	2	bot-71
223218	bot-3	alpha	P32r-410G	latches	-14.57	23.87	159	4.12	0.34		1	muzzleRecovery	squad-1	0	bot-3
223218	bot-63	alpha	A00m-3330	latches	-22.04	-15.72	5	0.00	0.00		0		squad-21	0	bot-63
223218	bot-72	bravo	C00r-441I	latches	-13.76	14.68	0	6.02	4.40	5.43	4	cover	squad-24	1	bot-71
223234	bot-3	alpha	C32r-410G	state	-14.57	23.87	159	0.00	0.00		0	muzzleRecovery	squad-1	0	bot-3
223251	bot-3	alpha	C32r-410I	latches	-14.56	23.87	159	0.02	0.00		0		squad-1	0	bot-3
223368	bot-72	bravo	C00r-442I	packs	-13.12	14.95	38	1.49	0.69	4.79	4	cover	squad-24	1	bot-71
223401	bot-74	bravo	S00r-4410	state+latches	-19.15	14.71	213	0.00	0.00		0		squad-24	2	bot-71
223418	bot-68	alpha	S00r-4410	tick	-10.43	-16.27	37	0.00	0.00		0		squad-21	1	bot-63
223418	bot-70	alpha	S00r-4410	tick	-10.82	-21.54	41	0.00	0.00		0		squad-21	2	bot-63
223418	bot-73	alpha	S00m-4420	tick	-17.06	-5.65	3	2.25	2.11	18.30	8	seek	squad-21	3	bot-63
223451	bot-3	alpha	C32r-4102	latches	-14.56	23.87	164	0.00	0.00		0		squad-1	0	bot-3
223451	bot-71	bravo	C00m-3320	state	-19.18	16.71	22	2.39	0.90	4.68	1	seek	squad-24	0	bot-71
223468	bot-3	alpha	C32r-410I	latches	-14.56	23.87	164	0.00	0.00		0		squad-1	0	bot-3
223468	bot-71	bravo	C00m-332I	latches	-19.20	16.55	30	4.57	0.15	3.01	2	cover	squad-24	0	bot-71
223468	bot-72	bravo	C00r-4422	latches	-13.00	15.00	59	1.30	0.13	4.68	4	cover	squad-24	1	bot-71
223518	bot-62	alpha	G00r-4412	ammo	4.05	19.05	244	0.00	0.00		0		squad-1	3	bot-3
223534	bot-50	alpha	C32r-2320	state	-2.04	15.06	249	1.32	0.98	16.54	6	seek	squad-1	2	bot-3
223551	bot-50	alpha	C32r-2322	latches	-2.04	15.22	257	4.81	0.16	1.02	1	cover	squad-1	2	bot-3
223601	bot-3	alpha	A32r-410G	state+latches	-14.56	23.87	164	0.00	0.00		0		squad-1	0	bot-3
223634	bot-46	bravo	S00r-4420	state	-12.36	12.46	313	0.00	0.00		0		squad-2	1	bot-39
223668	bot-3	alpha	A00r-410G	tier+score	-14.56	23.87	164	0.00	0.00		0		squad-1	0	bot-3
223668	bot-49	alpha	S00r-4320	tier+score	-1.43	15.54	262	0.23	0.70	18.19	4	seek	squad-1	1	bot-3
223668	bot-50	alpha	C00r-2322	tier+score	-2.02	15.52	274	0.38	0.30		0		squad-1	2	bot-3
223668	bot-71	bravo	A00m-332G	state+latches	-19.35	15.73	78	4.66	0.84	2.68	2	cover	squad-24	0	bot-71
223684	bot-67	bravo	S00r-4420	tick	-11.37	15.93	291	1.37	1.30	1.70	4	seek	squad-2	2	bot-39
223701	bot-3	alpha	P00r-4100	state+latches	-14.56	23.87	164	0.00	0.00		0		squad-1	0	bot-3
223701	bot-71	bravo	S00m-3320	state+latches	-19.35	15.73	78	0.00	0.00		0		squad-24	0	bot-71
223734	bot-67	bravo	C00r-4420	state	-11.38	15.88	292	1.38	0.05	1.70	4	seek	squad-2	2	bot-39
223751	bot-67	bravo	C00r-442I	latches	-11.41	15.84	292	1.67	0.05	5.68	2	cover	squad-2	2	bot-39
223784	bot-39	bravo	P00r-4410	tick	-4.34	-10.24	95	0.17	0.00		8	patrol	squad-2	0	bot-39
223984	bot-67	bravo	C00r-4422	latches	-11.60	15.39	243	5.02	0.49	5.41	2	cover	squad-2	2	bot-39
224068	bot-50	alpha	S00r-2320	state+latches	-1.97	15.41	274	0.00	0.11		0		squad-1	2	bot-3
224218	bot-3	alpha	C00r-4100	state	-14.56	23.87	164	0.00	0.00		0		squad-1	0	bot-3
224218	bot-63	alpha	A00m-3330	tick	-22.04	-15.72	5	0.00	0.00		0		squad-21	0	bot-63
224234	bot-3	alpha	C00r-4102	latches	-14.56	23.71	172	4.59	0.15	3.22	2	cover	squad-1	0	bot-3
224234	bot-71	bravo	A00m-3320	state	-18.99	16.65	22	2.37	0.99	4.19	1	seek	squad-24	0	bot-71
224251	bot-3	alpha	C00r-410I	latches	-14.55	23.64	177	4.58	0.08	3.15	2	cover	squad-1	0	bot-3
224251	bot-71	bravo	A00m-332G	latches	-18.99	16.65	25	0.06	0.00		0		squad-24	0	bot-71
224401	bot-74	bravo	S00r-4410	tick	-16.52	14.27	151	2.58	2.67	32.26	9	seek	squad-24	2	bot-71
224418	bot-3	alpha	C00r-4102	latches	-14.53	22.87	182	4.59	0.76	2.39	2	cover	squad-1	0	bot-3
224418	bot-68	alpha	S00r-4410	tick	-10.43	-16.27	331	0.00	0.00		0		squad-21	1	bot-63
224418	bot-70	alpha	S00r-4410	tick	-10.82	-21.54	21	0.00	0.00		0		squad-21	2	bot-63
224418	bot-73	alpha	S00m-4420	tick	-16.77	-3.52	352	2.04	2.15	16.22	8	seek	squad-21	3	bot-63
224468	bot-72	bravo	C00r-4422	tick	-12.38	15.44	74	1.35	0.75	3.95	4	cover	squad-24	1	bot-71
224501	bot-71	bravo	S00m-3320	state+latches	-18.99	16.65	25	0.00	0.00		0		squad-24	0	bot-71
224518	bot-62	alpha	G00r-4412	tick	4.05	19.05	254	0.00	0.00		0		squad-1	3	bot-3
224634	bot-46	bravo	S00r-4420	tick	-13.32	13.77	325	1.07	1.63	10.71	3	seek	squad-2	1	bot-39
224668	bot-49	alpha	S00r-4320	tick	-1.90	15.29	225	1.62	0.52	17.70	4	seek	squad-1	1	bot-3
224768	bot-50	alpha	C00r-2320	state	-2.21	14.57	218	0.93	0.88	15.57	5	seek	squad-1	2	bot-3
224784	bot-3	alpha	A00r-4100	state+latches	-14.47	21.33	189	4.38	1.55	0.93	2	cover	squad-1	0	bot-3
224784	bot-39	bravo	P00r-4410	tick	-4.34	-10.24	86	0.13	0.00		8	patrol	squad-2	0	bot-39
224784	bot-50	alpha	C00r-2322	latches	-2.09	14.65	226	4.92	0.14	8.82	2	cover	squad-1	2	bot-3
224851	bot-62	alpha	C00r-4412	state	5.05	18.98	279	0.00	1.00		0		squad-1	3	bot-3
224918	bot-50	alpha	C00r-232I	latches	-1.78	14.92	261	4.76	0.42	8.41	2	cover	squad-1	2	bot-3
224984	bot-67	bravo	C00r-4422	tick	-15.18	15.04	283	2.02	3.59	1.84	1	cover	squad-2	2	bot-39
225001	bot-50	alpha	C00r-2322	latches	-1.74	14.92	248	1.28	0.04	8.38	2	cover	squad-1	2	bot-3
225018	bot-71	bravo	C00m-3320	state	-18.67	17.25	28	2.42	0.68	2.60	1	seek	squad-24	0	bot-71
225034	bot-3	alpha	C00r-4100	state	-14.47	21.33	187	0.00	0.00		0		squad-1	0	bot-3
225034	bot-71	bravo	C00m-332I	latches	-18.77	17.37	28	4.57	0.15	6.66	2	cover	squad-24	0	bot-71
225051	bot-3	alpha	C00r-4102	latches	-14.47	21.33	187	0.00	0.00		0		squad-1	0	bot-3
225134	bot-50	alpha	C00r-232I	latches	-1.46	15.13	270	4.73	0.35	8.03	2	cover	squad-1	2	bot-3
225134	bot-62	alpha	G00r-4412	state	4.43	19.02	274	4.75	0.61	0.38	1	cover	squad-1	3	bot-3
225235	bot-63	alpha	F00m-3330	state	-22.04	-15.72	5	0.00	0.00		0		squad-21	0	bot-63
225235	bot-67	bravo	C21r-4422	tier+score	-15.58	15.08	266	0.98	0.41	1.46	1	cover	squad-2	2	bot-39
225235	bot-71	bravo	E21m-322G	state+tier+score+health+latches	-19.32	18.00	341	4.59	0.84		0		squad-24	0	bot-71
225235	bot-72	bravo	C21r-4422	tier+score	-11.51	16.39	19	2.86	1.29	2.67	3	cover	squad-24	1	bot-71
225235	bot-74	bravo	S21r-4410	tier+score	-14.62	14.01	194	2.85	1.91	32.42	9	seek	squad-24	2	bot-71
225251	bot-46	bravo	S21r-4420	tier+score	-14.07	13.98	280	0.96	0.78	10.11	3	seek	squad-2	1	bot-39
225251	bot-63	alpha	A00m-3330	state	-22.04	-15.72	5	0.00	0.00		0		squad-21	0	bot-63
225251	bot-71	bravo	E21m-322P	latches	-19.31	18.17	341	5.17	0.17	3.90	1	flee	squad-24	0	bot-71
225271	bot-71	bravo	E21m-3229	latches	-19.30	18.27	341	5.19	0.10	3.79	1	flee	squad-24	0	bot-71
225384	bot-50	alpha	C00r-2322	latches	-0.73	15.92	334	4.84	1.08	7.02	2	cover	squad-1	2	bot-3
225384	bot-63	alpha	F00m-3330	state	-22.04	-15.72	5	0.00	0.00		0		squad-21	0	bot-63
225384	bot-67	bravo	C32r-4422	tier+score	-15.79	15.02	254	1.83	0.21	1.26	1	cover	squad-2	2	bot-39
225384	bot-71	bravo	E32m-3129	tier+score+health	-19.24	18.88	341	5.46	0.61	3.19	1	flee	squad-24	0	bot-71
225384	bot-72	bravo	C32r-4422	tier+score	-11.38	16.79	19	2.79	0.42	2.27	3	cover	squad-24	1	bot-71
225384	bot-74	bravo	S32r-4410	tier+score	-14.50	14.18	194	2.76	0.20	32.61	9	seek	squad-24	2	bot-71
225401	bot-46	bravo	S32r-4420	tier+score	-14.00	13.93	271	1.12	0.09	10.20	3	seek	squad-2	1	bot-39
225401	bot-63	alpha	A00m-3330	state	-22.04	-15.72	5	0.00	0.00		0		squad-21	0	bot-63
225418	bot-63	alpha	A00m-333G	latches	-22.04	-15.72	5	0.00	0.00		0		squad-21	0	bot-63
225437	bot-68	alpha	S00r-4410	tick	-10.43	-16.27	50	0.00	0.00		0		squad-21	1	bot-63
225437	bot-70	alpha	S00r-4410	tick	-10.82	-21.54	340	0.00	0.00		0		squad-21	2	bot-63
225437	bot-73	alpha	S00m-4420	tick	-16.25	-1.86	359	1.08	1.74	14.66	7	seek	squad-21	3	bot-63
225518	bot-72	bravo	C32r-442I	latches	-11.25	17.17	19	3.23	0.40	1.90	3	cover	squad-24	1	bot-71
225601	bot-71	bravo	E00m-3129	tier+score	-19.12	20.11	341	5.84	1.24	1.95	1	flee	squad-24	0	bot-71
225651	bot-63	alpha	S00m-3330	state+latches	-22.04	-15.72	5	0.00	0.00		0		squad-21	0	bot-63
225668	bot-49	alpha	S00r-4320	tick	-2.16	14.65	265	1.40	0.69	17.36	4	seek	squad-1	1	bot-3
225751	bot-72	bravo	C32r-4422	latches	-10.75	17.83	35	4.76	0.83	1.08	2	cover	squad-24	1	bot-71
225784	bot-3	alpha	A00r-4100	state+latches	-14.46	21.33	205	0.00	0.00		0		squad-1	0	bot-3
225801	bot-39	bravo	P00r-4410	tick	-4.34	-10.24	119	0.09	0.00		8	patrol	squad-2	0	bot-39
225818	bot-67	bravo	G32r-4422	state	-16.55	14.64	257	2.55	0.86	0.41	1	cover	squad-2	2	bot-39
225851	bot-3	alpha	C00r-4100	state	-14.46	21.33	222	0.00	0.00		0		squad-1	0	bot-3
225851	bot-49	alpha	C00r-0320	state+ammo	-2.31	14.51	265	1.46	0.21	17.20	4	seek	squad-1	1	bot-3
225868	bot-3	alpha	C00r-4102	latches	-14.46	21.33	230	0.00	0.00		0		squad-1	0	bot-3
225868	bot-49	alpha	C00r-0322	latches	-2.18	14.58	270	4.94	0.15	8.47	2	cover	squad-1	1	bot-3
225918	bot-71	bravo	E00m-3120	latches	-18.94	21.75	341	0.86	1.65		0		squad-24	0	bot-71
225936	bot-49	alpha	C00r-032I	latches	-1.95	14.82	274	4.86	0.33	8.16	2	cover	squad-1	1	bot-3
225951	bot-72	bravo	G32r-4422	state	-10.11	18.15	48	3.24	0.71	0.43	1	cover	squad-24	1	bot-71
226068	bot-50	alpha	S00r-2320	state+latches	1.49	17.99	75	4.46	3.04	4.19	1	cover	squad-1	2	bot-3
226151	bot-62	alpha	G00r-4412	tick	4.05	19.05	211	0.00	0.38		0		squad-1	3	bot-3
226184	bot-49	alpha	C00r-0322	latches	-1.24	15.79	338	4.71	1.19	7.16	2	cover	squad-1	1	bot-3
226234	bot-3	alpha	A00r-4100	state+latches	-14.46	21.33	276	0.00	0.00		0		squad-1	0	bot-3
226384	bot-74	bravo	S32r-4410	tick	-12.54	13.52	183	2.50	2.07	32.52	8	seek	squad-24	2	bot-71
226401	bot-46	bravo	S32r-4420	tick	-15.35	13.88	335	2.01	1.35	9.60	3	seek	squad-2	1	bot-39
226401	bot-49	alpha	C00r-4322	ammo	-0.64	16.51	34	4.44	0.94	6.37	2	cover	squad-1	1	bot-3
226418	bot-71	bravo	H00m-3120	state	-18.94	21.76	341	0.00	0.01		0		squad-24	0	bot-71
226451	bot-68	alpha	S00r-4410	tick	-10.43	-16.27	19	0.00	0.00		0		squad-21	1	bot-63
226451	bot-70	alpha	S00r-4410	tick	-10.82	-21.54	59	0.00	0.00		0		squad-21	2	bot-63
226451	bot-73	alpha	S00m-4420	tick	-15.83	-1.43	24	0.48	0.60	14.32	7	seek	squad-21	3	bot-63
226534	bot-49	alpha	S00r-4320	state+latches	-0.26	16.91	37	4.74	0.54	5.93	2	cover	squad-1	1	bot-3
226568	bot-62	alpha	C00r-4412	state	5.05	18.98	213	0.00	1.00		0		squad-1	3	bot-3
226584	bot-3	alpha	F00r-4100	state	-14.46	21.33	276	0.00	0.00		0		squad-1	0	bot-3
226584	bot-71	bravo	E10m-3120	state+tier	-18.94	21.76	24	0.00	0.00		0		squad-24	0	bot-71
226601	bot-3	alpha	A00r-4100	state	-14.46	21.33	276	0.00	0.00		0		squad-1	0	bot-3
226601	bot-71	bravo	E10m-3129	latches	-19.07	21.86	32	5.10	0.17	1.12	1	flee	squad-24	0	bot-71
226651	bot-3	alpha	C00r-4100	state	-14.46	21.33	277	0.00	0.00		0		squad-1	0	bot-3
226651	bot-63	alpha	S00m-3330	tick	-21.63	-14.26	4	2.41	1.52	33.38	9	seek	squad-21	0	bot-63
226668	bot-3	alpha	C00r-4102	latches	-14.46	21.33	278	0.00	0.00		0		squad-1	0	bot-3
226784	bot-71	bravo	E10m-3120	latches	-19.74	22.37	79	4.23	0.84	0.74	1	flee	squad-24	0	bot-71
226801	bot-39	bravo	P00r-4410	tick	-4.33	-10.24	114	0.07	0.01		8	patrol	squad-2	0	bot-39
226801	bot-71	bravo	E10m-3129	latches	-19.80	22.40	84	4.08	0.07	0.67	1	flee	squad-24	0	bot-71
226817	bot-3	alpha	C00r-3102	ammo	-14.46	21.33	281	0.00	0.00		1	muzzleRecovery	squad-1	0	bot-3
226836	bot-3	alpha	P00r-3100	state+latches	-14.46	21.33	281	4.12	0.00		1	muzzleRecovery	squad-1	0	bot-3
226836	bot-67	bravo	G32r-4422	tick	-16.95	14.55	325	0.00	0.41		0		squad-2	2	bot-39
226851	bot-62	alpha	G00r-4412	state	4.43	19.02	274	4.75	0.62	0.38	1	cover	squad-1	3	bot-3
226917	bot-71	bravo	E10m-3120	latches	-20.18	22.49	97	3.61	0.39	0.77	1	flee	squad-24	0	bot-71
226934	bot-3	alpha	A00r-3100	state	-14.45	21.74	307	0.00	0.42		0	muzzleRecovery	squad-1	0	bot-3
226934	bot-71	bravo	E10m-3129	latches	-20.24	22.50	97	3.44	0.06	0.71	1	flee	squad-24	0	bot-71
226968	bot-49	alpha	S00r-0320	ammo	-1.01	16.28	281	2.27	0.97	17.44	6	seek	squad-1	1	bot-3
226968	bot-72	bravo	G32r-4422	tick	-9.95	18.55	271	0.00	0.43		0		squad-24	1	bot-71
227055	bot-75	bravo	P00r-0410	initial	-19.45	21.55	0	0.00			0			-1	
227068	bot-3	alpha	F00r-3100	state	-14.45	21.74	279	0.00	0.00		0		squad-1	0	bot-3
227068	bot-50	alpha	S00r-2320	tick	0.07	16.60	253	1.75	1.99	15.69	7	seek	squad-1	2	bot-3
227068	bot-75	bravo	C32r-4410	state+tier+score+ammo	-19.45	21.55	0	0.00	0.00		0		squad-24	3	bot-71
227086	bot-3	alpha	A00r-3100	state	-14.45	21.74	277	0.00	0.00		0		squad-1	0	bot-3
227086	bot-71	bravo	E32m-3120	tier+score+latches	-20.65	22.54	97	0.00	0.42		0		squad-24	0	bot-71
227086	bot-75	bravo	C32r-4412	latches	-19.50	21.63	352	2.08	0.09	4.45	2	cover	squad-24	3	bot-71
227218	bot-62	alpha	S00r-4410	state+latches	4.05	19.05	263	0.00	0.38		0		squad-1	3	bot-3
227384	bot-74	bravo	S32r-4410	tick	-10.90	11.58	202	2.63	2.54	31.25	8	seek	squad-24	2	bot-71
227401	bot-46	bravo	S32r-4420	tick	-16.64	13.58	255	0.96	1.32	9.40	3	seek	squad-2	1	bot-39
227418	bot-3	alpha	A00r-3000	health	-14.44	21.75	277	0.00	0.01		0		squad-1	0	bot-3
227418	bot-3	alpha	E00r-3000	state	-14.44	21.75	277	0.00	0.00		0		squad-1	0	bot-3
227434	bot-3	alpha	E00r-3009	latches	-14.46	21.70	278	1.47	0.05	4.27	2	flee	squad-1	0	bot-3
227451	bot-68	alpha	S00r-4410	tick	-10.43	-16.27	349	0.00	0.00		0		squad-21	1	bot-63
227451	bot-70	alpha	S00r-4410	tick	-10.82	-21.54	3	0.00	0.00		0		squad-21	2	bot-63
227451	bot-73	alpha	S00m-4420	tick	-15.80	-1.38	356	0.04	0.05	14.28	6	seek	squad-21	3	bot-63
227534	bot-49	alpha	S00r-4320	ammo	-1.83	15.53	272	1.46	1.12	16.63	6	seek	squad-1	1	bot-3
227551	bot-71	bravo	P32m-3120	state	-20.64	22.56	99	0.00	0.03		0		squad-24	0	bot-71
227551	bot-3	alpha	D00r--000	state+ammo+latches	-14.53	21.55	279	0.00	0.17	4.11	2	flee	squad-1	0	bot-3
227568	bot-42	alpha	D00m--0A0	tick	-23.55	-11.88	155	0.00	0.00	4.16	0		squad-1	-1	bot-3
227568	bot-71	bravo	E32m-3120	state	-20.64	22.56	99	0.00	0.00		0		squad-24	0	bot-71
227601	bot-71	bravo	H32m-3120	state	-20.64	22.56	99	0.00	0.00		0		squad-24	0	bot-71
227651	bot-71	bravo	H32m-3220	health	-20.64	22.56	117	0.00	0.00		0		squad-24	0	bot-71
227667	bot-63	alpha	S00m-3330	tick	-20.33	-12.09	27	2.58	2.53	31.15	9	seek	squad-21	0	bot-63
227734	bot-62	alpha	S00r-2410	ammo	3.23	18.71	258	1.80	0.88	22.18	5	seek	squad-1	2	
227817	bot-39	bravo	P00r-4410	tick	-4.34	-10.23	82	0.07	0.01		8	patrol	squad-2	0	bot-39
227851	bot-67	bravo	G32r-4422	tick	-16.95	14.55	49	0.00	0.00		0		squad-2	2	bot-39
227968	bot-72	bravo	G32r-4422	tick	-9.95	18.55	349	0.00	0.00		0		squad-24	1	bot-71
228084	bot-50	alpha	S00r-2320	tick	-1.63	15.51	227	1.54	2.02	13.76	7	seek	squad-1	1	
228101	bot-49	alpha	S00r-0320	ammo	-2.13	14.80	274	0.92	0.78	16.37	6	seek	squad-1	0	
228101	bot-75	bravo	C32r-4412	tick	-22.34	21.89	299	3.51	2.85	1.65	1	cover	squad-24	3	bot-71
228184	bot-49	alpha	C00r-0320	state	-2.14	14.74	275	1.15	0.07	16.36	6	seek	squad-1	0	
228201	bot-49	alpha	C00r-0322	latches	-2.07	14.89	266	5.00	0.17	1.32	1	cover	squad-1	0	
228251	bot-46	bravo	S00r-4420	tier+score	-17.79	13.41	355	1.83	1.17	8.15	3	seek	squad-2	1	bot-39
228251	bot-67	bravo	G00r-4422	tier+score	-16.95	14.55	69	0.00	0.00		0		squad-2	2	bot-39
228251	bot-71	bravo	H21m-3220	tier+score	-20.64	22.56	150	0.00	0.00		0		squad-24	0	bot-71
228251	bot-72	bravo	G00r-4422	tier+score	-10.26	19.13	337	0.00	0.66		0		squad-24	1	bot-71
228251	bot-74	bravo	S00r-4410	tier+score	-10.79	9.79	194	1.94	1.80	29.63	7	seek	squad-24	2	bot-71
228251	bot-75	bravo	C21r-4412	tier+score	-22.97	21.76	260	4.71	0.65	1.00	1	cover	squad-24	3	bot-71
228284	bot-62	alpha	S00r-4410	ammo	2.22	18.27	258	2.15	1.11	21.09	5	seek	squad-1	2	
228284	bot-72	bravo	C00r-4422	state	-10.26	19.13	335	0.00	0.00		0		squad-24	1	bot-71
228334	bot-49	alpha	C00r-032I	latches	-1.91	15.21	243	5.00	0.36	0.96	1	cover	squad-1	0	
228368	bot-68	alpha	P00r-4410	state	-10.43	-16.26	59	0.00	0.01		0		squad-21	1	bot-63
228368	bot-70	alpha	P00r-4410	state	-10.82	-21.54	349	0.00	0.00		0		squad-21	2	bot-63
228384	bot-75	bravo	G21r-4412	state	-23.53	21.65	257	4.94	0.57	0.43	1	cover	squad-24	3	bot-71
228401	bot-71	bravo	H00m-3220	tier+score	-20.64	22.56	160	0.00	0.00		0		squad-24	0	bot-71
228401	bot-75	bravo	G00r-4412	tier+score	-23.79	21.59	250	0.00	0.27		0		squad-24	3	bot-71
228434	bot-72	bravo	G00r-4422	state	-10.16	18.94	6	1.50	0.22	0.44	1	cover	squad-24	1	bot-71
228451	bot-73	alpha	S00m-4420	tick	-15.80	-1.35	347	0.05	0.03	14.25	6	seek	squad-21	3	bot-63
228551	bot-3	alpha	D00r--000	tick	-14.53	21.55	279	0.00	0.00	4.11	0		squad-1	-1	
228551	bot-67	bravo	C00r-4422	state	-16.86	13.92	44	0.31	0.63		0		squad-2	2	bot-39
228569	bot-49	alpha	C00r-0322	latches	-1.96	15.43	265	0.66	0.23		0		squad-1	0	
228651	bot-49	alpha	C00r-4322	ammo	-1.98	15.39	265	0.06	0.04		0		squad-1	0	
228668	bot-63	alpha	S00m-3330	tick	-19.05	-9.52	359	3.52	2.87	28.57	9	seek	squad-21	0	bot-63
228668	bot-67	bravo	G00r-4422	state	-16.88	14.12	20	1.83	0.20	0.43	1	cover	squad-2	2	bot-39
228751	bot-71	bravo	H00m-3320	health	-20.64	22.56	70	0.00	0.00		0		squad-24	0	bot-71
228751	bot-74	bravo	A00r-4410	state	-10.88	8.77	204	2.18	1.02	28.66	7	seek	squad-24	2	bot-71
228767	bot-74	bravo	A00r-441G	latches	-10.88	8.77	204	0.00	0.00		0		squad-24	2	bot-71
228817	bot-39	bravo	P00r-4410	tick	-4.35	-10.23	100	0.10	0.01		8	patrol	squad-2	0	bot-39
228851	bot-62	alpha	S00r-2410	ammo	1.00	17.75	246	2.32	1.33	19.79	5	seek	squad-1	2	
229001	bot-74	bravo	S00r-4410	state+latches	-10.86	8.77	204	0.01	0.02		0		squad-24	2	bot-71
229085	bot-50	alpha	S00r-2320	tick	-1.46	15.67	255	0.57	0.23	13.96	7	seek	squad-1	1	
229251	bot-46	bravo	S00r-4420	tick	-19.03	13.86	328	0.96	1.32	7.76	3	seek	squad-2	1	bot-39
229268	bot-74	bravo	A00r-4410	state	-10.86	8.41	202	2.24	0.36	21.44	6	seek	squad-24	2	bot-71
229285	bot-63	alpha	A00m-3330	state	-18.20	-8.13	37	2.57	1.63	27.21	9	seek	squad-21	0	bot-63
229318	bot-74	bravo	A00r-441G	latches	-10.85	8.41	204	0.22	0.01		0		squad-24	2	bot-71
229335	bot-63	alpha	A00m-333G	latches	-18.20	-8.11	26	0.09	0.02		0		squad-21	0	bot-63
229368	bot-68	alpha	P00r-4410	tick	-10.41	-16.25	59	0.04	0.02		0		squad-21	1	bot-63
229368	bot-70	alpha	P00r-4410	tick	-10.82	-21.54	349	0.00	0.00		0		squad-21	2	bot-63
229402	bot-62	alpha	S00r-4410	ammo	0.16	16.96	261	1.98	1.15	18.84	4	seek	squad-1	2	bot-49
229402	bot-72	bravo	C00r-4422	state	-10.26	19.13	261	0.00	0.22		0		squad-24	1	bot-71
229402	bot-75	bravo	G00r-4412	tick	-23.95	21.55	44	0.00	0.16		0		squad-24	3	bot-71
229435	bot-71	bravo	S00m-3320	state	-20.64	22.56	91	0.00	0.00		0		squad-24	0	bot-71
229452	bot-73	alpha	S00m-4420	tick	-15.81	-1.32	356	0.18	0.02	14.22	6	seek	squad-21	3	bot-63
229552	bot-3	alpha	D00r--000	tick	-14.53	21.55	279	0.00	0.00	4.11	0		squad-1	-1	bot-49
229552	bot-72	bravo	G00r-4422	state	-10.16	18.94	230	1.50	0.22	0.44	1	cover	squad-24	1	bot-71
229552	bot-74	bravo	S00r-4410	state+latches	-10.84	8.41	204	0.00	0.01		0		squad-24	2	bot-71
229569	bot-63	alpha	S00m-3330	state+latches	-18.20	-8.10	26	0.00	0.00		0		squad-21	0	bot-63
229636	bot-63	alpha	A00m-3330	state	-18.17	-8.02	19	1.40	0.09	15.14	5	seek	squad-21	0	bot-63
229636	bot-74	bravo	A00r-4410	state	-10.84	8.31	187	1.22	0.10	20.06	5	seek	squad-24	2	bot-71
229652	bot-49	alpha	C00r-4322	tick	-1.97	15.39	278	0.04	0.01		0		squad-1	0	bot-49
229669	bot-67	bravo	G00r-4422	tick	-16.95	14.55	329	0.00	0.43		0		squad-2	2	bot-39
229669	bot-74	bravo	A00r-441G	latches	-10.84	8.31	194	0.10	0.00		0		squad-24	2	bot-71
229736	bot-63	alpha	A00m-333G	latches	-18.18	-8.01	24	0.01	0.01		0		squad-21	0	bot-63
229820	bot-39	bravo	P00r-4410	tick	-4.34	-10.24	132	0.09	0.01		8	patrol	squad-2	0	bot-39
229903	bot-74	bravo	S00r-4410	state+latches	-10.83	8.31	194	0.00	0.00		0		squad-24	2	bot-71
229920	bot-63	alpha	A00m-3330	latches	-18.18	-8.01	24	0.00	0.00		0		squad-21	0	bot-63
229920	bot-74	bravo	A00r-4410	state	-10.83	8.29	190	1.22	0.02	19.58	5	seek	squad-24	2	bot-71
229953	bot-62	alpha	S00r-2410	ammo	-0.51	16.28	263	1.21	0.96	18.07	4	seek	squad-1	2	bot-49
229970	bot-62	alpha	C00r-2410	state	-0.51	16.28	263	1.21	0.00	18.07	4	seek	squad-1	2	bot-49
229987	bot-62	alpha	C00r-2412	latches	-0.40	16.39	254	4.70	0.16	6.18	2	cover	squad-1	2	bot-49
229987	bot-74	bravo	F00r-4410	state	-10.83	8.29	204	0.10	0.01		0		squad-24	2	bot-71
230004	bot-74	bravo	A00r-4410	state	-10.83	8.29	204	0.07	0.00		0		squad-24	2	bot-71
230087	bot-50	alpha	S00r-2320	tick	-1.46	15.64	182	1.58	0.03	13.96	7	seek	squad-1	1	bot-49
230087	bot-62	alpha	C00r-241I	latches	-0.08	16.74	237	4.80	0.48	5.78	2	cover	squad-1	2	bot-49
230104	bot-74	bravo	F00r-4410	state	-10.82	8.29	204	0.01	0.00		0		squad-24	2	bot-71
230121	bot-73	alpha	S10m-4420	tier	-15.69	-1.23	45	0.74	0.15	14.16	6	seek	squad-21	3	bot-63
230121	bot-74	bravo	A00r-4410	state	-10.82	8.29	204	0.00	0.00		0		squad-24	2	bot-71
230204	bot-67	bravo	C00r-4422	state	-16.86	13.92	7	0.34	0.63		0		squad-2	2	bot-39
230221	bot-74	bravo	F00r-4410	state	-10.82	8.29	204	0.00	0.00		0		squad-24	2	bot-71
230238	bot-62	alpha	A00r-241G	state+latches	0.33	17.25	271	4.68	0.65	5.28	2	cover	squad-1	2	bot-49
230238	bot-74	bravo	U00r-4410	state	-10.82	8.29	204	0.00	0.00		0		squad-24	2	bot-71
230255	bot-46	bravo	S00r-4420	tick	-19.34	14.83	12	1.62	1.01	6.86	1	seek	squad-2	1	bot-39
230321	bot-62	alpha	S00r-2410	state+latches	0.33	17.25	271	0.00	0.00		0		squad-1	2	bot-49
230321	bot-67	bravo	G00r-4422	state	-16.87	14.13	351	1.84	0.21	0.43	1	cover	squad-2	2	bot-39
230321	bot-73	alpha	S10m-4430	packs	-15.58	-1.22	27	0.32	0.11	14.18	6	seek	squad-21	3	bot-63
230372	bot-68	alpha	P00r-4410	tick	-10.40	-16.23	59	0.08	0.02		0		squad-21	1	bot-63
230372	bot-70	alpha	P00r-4410	tick	-10.82	-21.54	349	0.00	0.00		0		squad-21	2	bot-63
230372	bot-74	bravo	C00r-4410	state	-10.82	8.11	205	1.34	0.17	6.92	2	pursue	squad-24	2	bot-71
230390	bot-73	alpha	A10m-4430	state	-15.57	-1.22	27	0.20	0.01	14.18	6	seek	squad-21	3	bot-63
230390	bot-74	bravo	C00r-4412	latches	-10.82	8.06	207	1.50	0.05	6.87	2	pursue	squad-24	2	bot-71
230405	bot-75	bravo	G00r-4412	tick	-22.45	21.55	108	0.00	1.50		0		squad-24	3	bot-71
230439	bot-71	bravo	S00m-3320	tick	-20.02	21.53	150	1.87	1.20	5.16	1	seek	squad-24	0	bot-71
230505	bot-62	alpha	S00r-R410	ammo	0.16	17.09	230	1.15	0.23	13.09	4	seek	squad-1	2	bot-49
230539	bot-50	alpha	C00r-2320	state	-1.44	15.68	255	0.50	0.04	13.99	7	seek	squad-1	1	bot-49
230556	bot-3	alpha	D00r--000	tick	-14.53	21.55	279	0.00	0.00	4.11	0		squad-1	-1	bot-49
230556	bot-50	alpha	C00r-2322	latches	-1.33	15.78	246	4.43	0.15	7.25	2	cover	squad-1	1	bot-49
230556	bot-72	bravo	G00r-4422	tick	-9.95	18.55	270	0.00	0.44		0		squad-24	1	bot-71
230573	bot-63	alpha	F00m-3330	state	-18.18	-8.00	25	0.00	0.00		0		squad-21	0	bot-63
230573	bot-67	bravo	G21r-4422	tier+score	-16.95	14.55	21	0.00	0.43		0		squad-2	2	bot-39
230573	bot-72	bravo	G21r-4422	tier+score	-9.95	18.55	272	0.00	0.00		0		squad-24	1	bot-71
230573	bot-74	bravo	C00r-4312	health	-10.84	7.40	208	4.98	0.66	6.27	2	pursue	squad-24	2	bot-71
230589	bot-46	bravo	S21r-4420	tier+score	-19.22	15.40	12	1.87	0.58	6.28	1	seek	squad-2	1	bot-39
230589	bot-63	alpha	A00m-3330	state	-18.18	-8.00	25	0.00	0.00		0		squad-21	0	bot-63
230589	bot-71	bravo	S21m-3320	tier+score	-19.88	21.29	150	1.86	0.28	4.88	1	seek	squad-24	0	bot-71
230623	bot-63	alpha	A00m-333G	latches	-18.18	-8.00	26	0.00	0.00		0		squad-21	0	bot-63
230656	bot-49	alpha	C00r-4322	tick	-1.96	15.45	295	0.00	0.06		0		squad-1	0	bot-49
230707	bot-62	alpha	A00r-R410	state	-0.08	16.86	223	1.96	0.34	12.77	4	seek	squad-1	2	bot-49
230723	bot-62	alpha	A00r-R41G	latches	-0.09	16.87	226	0.29	0.00		0		squad-1	2	bot-49
230823	bot-39	bravo	P00r-4410	tick	-4.34	-10.24	100	0.10	0.01		8	patrol	squad-2	0	bot-39
230857	bot-63	alpha	S00m-3330	state+latches	-18.18	-8.00	26	0.00	0.00		0		squad-21	0	bot-63
230941	bot-49	alpha	G00r-4322	state	-1.69	15.77	316	4.92	0.42	0.37	1	cover	squad-1	0	bot-49
230957	bot-62	alpha	S00r-R410	state+latches	-0.06	16.94	226	0.30	0.08		0		squad-1	2	bot-49
231007	bot-49	alpha	G00r-0322	ammo	-1.47	16.06	299	0.96	0.37		0		squad-1	0	bot-49
231024	bot-71	bravo	S00m-3320	tier+score	-19.46	20.61	150	1.84	0.80	4.09	1	seek	squad-24	0	bot-71
231141	bot-50	alpha	A00r-2320	state+latches	0.52	16.56	223	4.83	2.01	5.25	2	cover	squad-1	1	bot-49
231174	bot-50	alpha	A00r-232G	latches	0.52	16.56	222	0.00	0.00		0		squad-1	1	bot-49
231241	bot-72	bravo	C21r-4422	state	-10.26	19.13	317	0.00	0.66		0		squad-24	1	bot-71
231258	bot-67	bravo	C21r-4422	state	-16.86	13.92	326	0.36	0.63		0		squad-2	2	bot-39
231376	bot-67	bravo	G21r-4422	state	-16.87	14.13	350	1.84	0.21	0.43	1	cover	squad-2	2	bot-39
231376	bot-68	alpha	P00r-4410	tick	-10.39	-16.22	64	0.11	0.01		0		squad-21	1	bot-63
231376	bot-70	alpha	P00r-4410	tick	-10.82	-21.54	349	0.00	0.00		0		squad-21	2	bot-63
231376	bot-73	alpha	C10m-4430	state	-15.58	-1.23	47	0.00	0.01		0		squad-21	3	bot-63
231393	bot-39	bravo	S00r-4410	state	-4.33	-10.24	83	0.08	0.01		8	patrol	squad-2	0	bot-39
231393	bot-72	bravo	G21r-4422	state	-10.16	18.94	286	1.50	0.22	0.44	1	cover	squad-24	1	bot-71
231393	bot-73	alpha	C10m-4432	latches	-15.58	-1.21	48	0.55	0.02	5.37	3	cover	squad-21	3	bot-63
231409	bot-50	alpha	S00r-2320	state+latches	0.48	16.75	222	0.38	0.19		0		squad-1	1	bot-49
231409	bot-75	bravo	G00r-4412	tick	-24.02	21.64	106	0.66	1.57		0		squad-24	3	bot-71
231425	bot-71	bravo	S21m-3320	tier+score	-19.10	20.00	151	1.64	0.71	3.38	1	seek	squad-24	0	bot-71
231559	bot-3	alpha	D00r--000	tick	-14.53	21.55	279	0.00	0.00	4.11	0		squad-1	-1	bot-49
231559	bot-49	alpha	G00r-R322	ammo	-1.45	16.05	235	0.00	0.02		0		squad-1	0	bot-49
231576	bot-74	bravo	C00r-4312	tick	-10.14	2.65	235	4.57	4.81	1.61	1	cover	squad-24	2	bot-71
231593	bot-46	bravo	S21r-4420	tick	-18.76	17.63	12	2.45	2.27	4.00	1	seek	squad-2	1	bot-39
231609	bot-62	alpha	A00r-R410	state	-1.00	16.38	234	2.42	1.10	12.36	2	seek	squad-1	2	bot-49
231609	bot-73	alpha	P10m-4430	state+latches	-15.57	-1.12	55	1.92	0.09	5.34	1	muzzleRecovery	squad-21	3	bot-63
231626	bot-62	alpha	A00r-R41G	latches	-0.99	16.39	230	0.05	0.02		0		squad-1	2	bot-49
231693	bot-74	bravo	P00r-4310	state+latches	-10.09	2.19	238	4.08	0.46	1.15	1	muzzleRecovery	squad-24	2	bot-71
231710	bot-74	bravo	C00r-4310	state	-10.15	2.16	242	0.00	0.07	1.13	0	muzzleRecovery	squad-24	2	bot-71
231727	bot-73	alpha	P10m-443G	latches	-15.38	-1.10	70	1.24	0.20	5.51	1	muzzleRecovery	squad-21	3	bot-63
231727	bot-74	bravo	C00r-431I	latches	-10.12	2.01	234	4.58	0.15	0.98	1	cover	squad-24	2	bot-71
231827	bot-73	alpha	A00m-443G	state+tier	-15.27	-1.07	70	0.00	0.11	5.59	0	muzzleRecovery	squad-21	3	bot-63
231860	bot-62	alpha	S00r-R410	state+latches	-0.97	16.41	230	0.00	0.03		0		squad-1	2	bot-49
231860	bot-63	alpha	S00m-3330	tick	-17.49	-5.91	29	2.22	2.21	11.39	4	seek	squad-21	0	bot-63
231860	bot-74	bravo	G00r-431I	state	-10.03	1.49	220	4.45	0.53	0.45	1	cover	squad-24	2	bot-71
231961	bot-62	alpha	S00r-4410	ammo	-1.02	16.39	223	1.51	0.05	14.70	2	seek	squad-1	2	bot-49
231961	bot-73	alpha	S00m-4430	state+latches	-15.28	-1.07	70	0.20	0.01		0		squad-21	3	bot-63
231961	bot-74	bravo	G00r-4312	latches	-9.95	1.06	196	0.00	0.44		0		squad-24	2	bot-71
231980	bot-49	alpha	C00r-R320	state+latches	-1.47	16.03	204	0.00	0.03		0		squad-1	0	bot-49
231994	bot-49	alpha	G00r-R322	state+latches	-1.48	16.02	204	0.00	0.02		0		squad-1	0	bot-49
232061	bot-76	alpha	P00r-0410	initial	-19.95	-2.45	0	0.00			0			-1	
232061	bot-77	bravo	P00m-0420	initial	-15.45	19.55	0	0.00			0			-1	
232078	bot-67	bravo	G00r-4422	tier+score	-16.95	14.55	346	0.00	0.43		0		squad-2	2	bot-39
232078	bot-72	bravo	G00r-4422	tier+score	-9.95	18.55	249	0.00	0.44		0		squad-24	1	bot-71
232078	bot-76	alpha	S00r-4410	state+ammo	-19.95	-2.45	0	0.00	0.00		0		squad-21	3	bot-63
232078	bot-77	bravo	S21m-4420	state+tier+score+ammo	-15.45	19.55	0	0.00	0.00		0		squad-24	4	bot-71
232078	bot-77	bravo	P21m-4420	state	-15.45	19.55	0	0.00	0.00		0		squad-24	4	bot-71
232095	bot-46	bravo	S00r-4420	tier+score	-18.36	18.73	8	2.52	1.17	2.85	1	seek	squad-2	1	bot-39
232346	bot-49	alpha	S00r-R320	state+latches	-1.45	16.05	188	0.01	0.04		0		squad-1	0	bot-49
232379	bot-68	alpha	P00r-4410	tick	-10.38	-16.22	64	0.11	0.00		0		squad-21	1	bot-63
232379	bot-70	alpha	P00r-4410	tick	-10.82	-21.54	349	0.00	0.00		0		squad-21	2	bot-63
232396	bot-39	bravo	S00r-4410	tick	-4.35	-10.22	317	0.00	0.02		0		squad-2	0	bot-39
232412	bot-50	alpha	S00r-2320	tick	-0.25	16.28	215	0.88	0.87	16.81	4	seek	squad-1	1	bot-49
232412	bot-75	bravo	G00r-4412	tick	-23.95	21.55	46	0.00	0.11		0		squad-24	3	bot-71
232429	bot-71	bravo	S21m-3320	tick	-17.84	18.86	168	1.50	1.70	1.85	2	seek	squad-24	0	bot-71
232563	bot-3	alpha	D00r--000	tick	-14.53	21.55	279	0.00	0.00	4.11	0		squad-1	-1	bot-49
232680	bot-50	alpha	A00r-2320	state	-0.62	16.11	215	2.40	0.40	16.46	4	seek	squad-1	1	bot-49
232697	bot-50	alpha	A00r-232G	latches	-0.62	16.11	212	0.12	0.00		0		squad-1	1	bot-49
232780	bot-72	bravo	C00r-4422	state	-10.26	19.13	294	0.00	0.66		0		squad-24	1	bot-71
232797	bot-49	alpha	C00r-R320	state	-1.71	15.57	243	1.45	0.55	10.96	3	seek	squad-1	0	bot-49
232797	bot-67	bravo	C00r-4422	state	-16.86	13.92	358	0.34	0.63		0		squad-2	2	bot-39
232814	bot-49	alpha	C00r-R322	latches	-1.65	15.62	238	0.00	0.07		0		squad-1	0	bot-49
232830	bot-49	alpha	C00r-4322	ammo	-1.65	15.62	234	0.00	0.00		0		squad-1	0	bot-49
232864	bot-63	alpha	S00m-3330	tick	-16.84	-3.90	24	1.93	2.11	9.33	4	seek	squad-21	0	bot-63
232914	bot-67	bravo	G00r-4422	state	-16.87	14.13	351	1.83	0.20	0.43	1	cover	squad-2	2	bot-39
232931	bot-50	alpha	S00r-2320	state+latches	-0.62	16.12	212	0.00	0.01		0		squad-1	1	bot-49
232931	bot-71	bravo	S00m-3320	tier+score	-17.85	18.26	162	1.03	0.60	1.27	2	seek	squad-24	0	bot-71
232931	bot-72	bravo	G00r-4422	state	-10.16	18.94	263	1.50	0.22	0.44	1	cover	squad-24	1	bot-71
232948	bot-73	alpha	S00m-44B0	packs	-14.39	0.08	45	1.35	1.46	4.18	2	seek	squad-21	4	bot-63
232964	bot-62	alpha	S00r-4410	tick	-1.81	16.10	203	2.03	0.84	13.96	3	seek	squad-1	2	bot-49
232964	bot-74	bravo	G00r-4312	tick	-9.95	1.05	250	0.00	0.01		0		squad-24	2	bot-71
233065	bot-49	alpha	A00r-4320	state+latches	-1.69	15.51	211	0.38	0.11		0		squad-1	0	bot-49
233065	bot-75	bravo	S00r-4410	state+latches	-22.45	21.55	96	0.00	1.50		0		squad-24	3	bot-71
233081	bot-76	alpha	S00r-4410	tick	-17.93	-1.99	42	2.13	2.07	6.74	2	seek	squad-21	3	bot-63
233081	bot-77	bravo	P21m-4420	tick	-15.32	19.52	174	0.00	0.13		0		squad-24	4	bot-71
233098	bot-46	bravo	S00r-4420	tick	-18.24	20.90	24	1.47	2.18	0.71	1	seek	squad-2	1	bot-39
233098	bot-49	alpha	A00r-432G	latches	-1.71	15.52	211	0.67	0.02		0		squad-1	0	bot-49
233165	bot-73	alpha	C00m-44B0	state	-14.19	0.28	45	1.44	0.28	3.90	2	seek	squad-21	4	bot-63
233165	bot-74	bravo	C00r-4312	state	-11.06	1.22	260	0.00	1.12		0		squad-24	2	bot-71
233182	bot-73	alpha	C00m-44B2	latches	-14.23	0.28	52	1.26	0.04	6.27	2	cover	squad-21	4	bot-63
233215	bot-50	alpha	A00r-2320	state	-0.88	15.92	208	0.50	0.32	19.15	5	seek	squad-1	1	bot-49
233249	bot-50	alpha	A00r-232G	latches	-0.88	15.92	214	0.00	0.00		0		squad-1	1	bot-49
233249	bot-73	alpha	C00m-44BI	latches	-14.31	0.28	59	1.19	0.08	6.18	2	cover	squad-21	4	bot-63
233249	bot-74	bravo	C00r-431I	latches	-10.90	1.21	251	1.58	0.16	0.97	1	cover	squad-24	2	bot-71
233332	bot-49	alpha	S00r-4320	state+latches	-1.81	15.50	211	0.29	0.10		0		squad-1	0	bot-49
233382	bot-49	alpha	S00r-0320	ammo	-1.86	15.45	216	0.66	0.07	16.48	4	seek	squad-1	0	bot-49
233382	bot-68	alpha	S00r-4410	state	-10.38	-16.22	64	0.00	0.00		0		squad-21	1	bot-63
233382	bot-68	alpha	P00r-4410	state	-10.38	-16.22	64	0.00	0.00		0		squad-21	1	bot-63
233382	bot-70	alpha	S00r-4410	state	-10.82	-21.54	349	0.00	0.00		0		squad-21	2	bot-63
233382	bot-70	alpha	P00r-4410	state	-10.82	-21.54	349	0.00	0.00		0		squad-21	2	bot-63
233399	bot-39	bravo	S00r-4410	tick	-4.35	-10.22	269	0.00	0.00		0		squad-2	0	bot-39
233483	bot-50	alpha	S00r-2320	state+latches	-0.90	15.94	214	0.01	0.03		0		squad-1	1	bot-49
233483	bot-73	alpha	C00m-44B2	latches	-14.53	0.29	10	0.80	0.21	5.97	2	cover	squad-21	4	bot-63
233483	bot-74	bravo	G00r-4312	state+latches	-10.32	1.13	220	4.61	0.59	0.38	1	cover	squad-24	2	bot-71
233516	bot-74	bravo	S00r-4310	state+latches	-10.05	1.08	214	0.13	0.27		0		squad-24	2	bot-71
233549	bot-46	bravo	S21r-4420	tier+score	-18.19	21.48	350	1.41	0.58	0.63	1	seek	squad-2	1	bot-39
233566	bot-3	alpha	D00r--000	tick	-14.53	21.55	279	0.00	0.00	4.11	0		squad-1	-1	bot-49
233583	bot-46	bravo	S00r-4420	tier+score	-18.21	21.52	343	1.41	0.05	0.58	1	seek	squad-2	1	bot-39
233583	bot-67	bravo	S00r-4420	state+latches	-16.95	14.55	349	0.00	0.43		0		squad-2	2	bot-39
233583	bot-72	bravo	S00r-4420	state+latches	-9.95	18.55	253	0.00	0.44		0		squad-24	1	bot-71
233583	bot-77	bravo	P00m-4420	tier+score	-15.31	19.52	212	0.00	0.01		0		squad-24	4	bot-71
233651	bot-49	alpha	C00r-0320	state	-1.98	15.11	192	1.50	0.36	16.13	4	seek	squad-1	0	bot-49
233667	bot-49	alpha	C00r-0322	latches	-1.91	15.15	200	4.92	0.08	7.96	5	cover	squad-1	0	bot-49
233684	bot-74	bravo	E00r-4310	state	-10.27	1.13	242	1.29	0.22	4.32	2	seek	squad-24	2	bot-71
233701	bot-74	bravo	E00r-4311	latches	-10.23	1.11	249	1.25	0.04	0.96	1	flee	squad-24	2	bot-71
233817	bot-50	alpha	A00r-2320	state	-0.97	15.88	163	0.03	0.08	19.57	4	seek	squad-1	1	bot-49
233817	bot-62	alpha	A00r-4410	state	-1.88	15.67	222	1.75	0.44	13.58	3	seek	squad-1	2	bot-49
233834	bot-50	alpha	A00r-232G	latches	-0.97	15.89	166	0.36	0.01		0		squad-1	1	bot-49
233834	bot-62	alpha	A00r-441G	latches	-1.88	15.67	218	0.14	0.00		0		squad-1	2	bot-49
233868	bot-63	alpha	S00m-3330	tick	-16.36	-2.50	34	0.87	1.48	7.90	4	seek	squad-21	0	bot-63
233934	bot-49	alpha	C00r-4322	ammo	-1.65	15.04	209	0.99	0.28	7.70	5	cover	squad-1	0	bot-49
233934	bot-71	bravo	S00m-3320	tick	-17.77	18.29	45	2.63	0.09	1.78	2	seek	squad-24	0	bot-71
233934	bot-74	bravo	E00r-4310	latches	-9.64	0.85	265	4.98	0.64	3.11	1	flee	squad-24	2	bot-71
233951	bot-74	bravo	E00r-4311	latches	-9.59	0.91	265	4.93	0.08	3.02	1	flee	squad-24	2	bot-71
234068	bot-50	alpha	S00r-2320	state+latches	-1.00	15.93	166	0.01	0.05		0		squad-1	1	bot-49
234068	bot-62	alpha	S00r-4410	state+latches	-1.88	15.67	218	0.00	0.00		0		squad-1	2	bot-49
234068	bot-75	bravo	S00r-4410	tick	-21.63	20.62	76	2.21	1.24	12.04	10	seek	squad-24	3	bot-71
234085	bot-76	alpha	S00r-4410	tick	-16.35	-1.63	43	1.07	1.62	5.51	2	seek	squad-21	3	bot-63
234118	bot-76	alpha	S21r-4410	tier+score	-16.32	-1.64	34	1.07	0.04	5.49	2	seek	squad-21	3	bot-63
234135	bot-63	alpha	S21m-3330	tier+score	-16.36	-2.32	56	0.58	0.18	7.75	4	seek	squad-21	0	bot-63
234135	bot-73	alpha	C21m-43B2	tier+score+health	-15.52	0.35	276	1.79	1.00	4.98	2	cover	squad-21	4	bot-63
234235	bot-76	alpha	S32r-4410	tier+score	-16.22	-1.58	31	1.22	0.11	5.39	2	seek	squad-21	3	bot-63
234252	bot-63	alpha	S32m-3330	tier+score	-16.37	-2.25	58	0.81	0.07	7.69	4	seek	squad-21	0	bot-63
234252	bot-73	alpha	E32m-42B0	state+tier+score+health+latches	-15.71	0.37	276	2.00	0.19		0		squad-21	4	bot-63
234269	bot-73	alpha	E32m-42B9	latches	-15.65	0.19	276	5.70	0.19	7.04	3	flee	squad-21	4	bot-63
234386	bot-68	alpha	P00r-4410	tick	-10.38	-16.22	64	0.00	0.00		0		squad-21	1	bot-63
234386	bot-70	alpha	P00r-4410	tick	-10.82	-21.54	349	0.00	0.00		0		squad-21	2	bot-63
234403	bot-39	bravo	S00r-4410	tick	-4.35	-10.22	348	0.00	0.00		0		squad-2	0	bot-39
234403	bot-49	alpha	C00r-432I	latches	-0.81	15.89	204	1.26	1.20	6.92	5	cover	squad-1	0	bot-49
234436	bot-62	alpha	A00r-4410	state	-2.01	15.31	218	1.56	0.37	14.38	4	seek	squad-1	2	bot-49
234453	bot-62	alpha	A00r-441G	latches	-2.01	15.31	215	0.00	0.00		0		squad-1	2	bot-49
234470	bot-74	bravo	E00r-3311	ammo	-7.89	2.61	245	4.56	2.40	0.62	1	flee	squad-24	2	bot-71
234486	bot-49	alpha	C00r-032I	ammo	-0.63	15.97	183	3.00	0.20	6.74	5	cover	squad-1	0	bot-49
234486	bot-76	alpha	C32r-4410	state	-16.01	-1.53	29	0.76	0.22	5.25	2	seek	squad-21	3	bot-63
234503	bot-76	alpha	C32r-4412	latches	-15.96	-1.53	38	1.45	0.05	5.18	4	cover	squad-21	3	bot-63
234520	bot-74	bravo	E00r-331H	latches	-7.73	2.77	243	4.56	0.23	0.39	1	flee	squad-24	2	bot-71
234570	bot-3	alpha	D00r--000	tick	-14.53	21.55	279	0.00	0.00	4.11	0		squad-1	-1	bot-49
234570	bot-74	bravo	A00r-331G	state+latches	-7.67	2.83	243	0.00	0.08		0		squad-24	2	bot-71
234586	bot-46	bravo	S00r-4420	tick	-18.26	21.29	177	1.33	0.23	0.39	1	seek	squad-2	1	bot-39
234586	bot-67	bravo	S00r-4420	tick	-15.49	14.66	31	3.36	1.47	10.90	7	seek	squad-2	2	bot-39
234586	bot-72	bravo	S00r-4420	tick	-10.66	18.02	294	2.49	0.88	7.43	5	seek	squad-24	1	bot-71
234586	bot-77	bravo	P00m-4420	tick	-15.30	20.15	316	0.00	0.63		0		squad-24	4	bot-71
234637	bot-49	alpha	C00r-0322	latches	-0.12	16.30	144	4.76	0.61	6.29	5	cover	squad-1	0	bot-49
234687	bot-62	alpha	S00r-4410	state+latches	-2.00	15.33	215	0.00	0.01		0		squad-1	2	bot-49
234754	bot-74	bravo	S00r-3310	state+latches	-7.67	2.83	243	0.00	0.00		0		squad-24	2	bot-71
234938	bot-71	bravo	S00m-3320	tick	-17.53	19.61	83	0.83	1.34	0.57	1	seek	squad-24	0	bot-71
234988	bot-62	alpha	A00r-4410	state	-2.04	15.03	182	1.37	0.30	11.73	3	seek	squad-1	2	bot-49
235038	bot-49	alpha	S00r-4320	state+ammo+latches	0.95	17.78	53	4.59	1.82	5.79	4	cover	squad-1	0	bot-49
235038	bot-62	alpha	A00r-441G	latches	-2.04	15.03	193	0.00	0.00		0		squad-1	2	bot-49
235072	bot-50	alpha	S00r-2320	tick	-1.83	15.64	206	1.43	0.88	18.47	4	seek	squad-1	1	bot-49
235072	bot-75	bravo	S00r-4410	tick	-20.21	18.97	140	2.11	2.17	11.23	10	seek	squad-24	3	bot-71
235088	bot-50	alpha	C00r-2320	state	-1.83	15.64	206	1.43	0.00	18.47	4	seek	squad-1	1	bot-49
235105	bot-50	alpha	C00r-2322	latches	-1.76	15.54	206	1.17	0.12	2.85	6	cover	squad-1	1	bot-49
235255	bot-63	alpha	S32m-3330	tick	-16.11	-1.92	35	1.62	0.42	7.28	2	seek	squad-21	0	bot-63
235272	bot-62	alpha	S00r-4410	state+latches	-2.05	15.03	193	0.00	0.01		0		squad-1	2	bot-49
235272	bot-73	alpha	E32m-42B9	tick	-15.15	-1.04	276	0.25	1.32	6.73	1	flee	squad-21	4	bot-63
235389	bot-68	alpha	P00r-4410	tick	-10.38	-16.22	64	0.00	0.00		0		squad-21	1	bot-63
235389	bot-70	alpha	P00r-4410	tick	-10.82	-21.54	349	0.00	0.00		0		squad-21	2	bot-63
235406	bot-39	bravo	S00r-4410	tick	-4.35	-10.22	301	0.00	0.00		0		squad-2	0	bot-39
235507	bot-76	alpha	C32r-4412	tick	-15.76	-1.13	15	1.08	0.45	5.18	3	cover	squad-21	3	bot-63
235523	bot-62	alpha	A00r-4410	state	-2.11	14.90	219	0.66	0.14	11.59	2	seek	squad-1	2	bot-49
235573	bot-3	alpha	D00r--000	tick	-14.53	21.55	279	0.00	0.00	4.11	0		squad-1	-1	bot-49
235573	bot-62	alpha	F00r-4410	state	-2.11	14.88	209	0.26	0.02		0		squad-1	2	bot-49
235573	bot-74	bravo	E00r-3210	state+health	-9.28	2.24	246	2.40	1.71		0		squad-24	2	bot-71
235590	bot-46	bravo	S00r-4420	tick	-18.85	21.42	195	1.25	0.60	0.38	1	seek	squad-2	1	bot-39
235590	bot-49	alpha	S00r-0320	ammo	0.06	16.96	200	2.02	1.21	16.85	4	seek	squad-1	0	bot-49
235590	bot-62	alpha	A00r-4410	state	-2.11	14.88	210	0.39	0.00		0		squad-1	2	bot-49
235590	bot-67	bravo	S00r-4420	tick	-12.95	14.98	86	1.69	2.56	9.55	7	seek	squad-2	2	bot-39
235590	bot-72	bravo	S00r-4420	tick	-11.52	15.68	252	2.70	2.50	8.01	4	seek	squad-24	1	bot-71
235590	bot-74	bravo	E00r-3219	latches	-9.44	2.20	246	5.06	0.17	5.45	2	flee	squad-24	2	bot-71
235590	bot-77	bravo	P00m-4420	tick	-15.30	20.15	316	0.00	0.00		0		squad-24	4	bot-71
235824	bot-62	alpha	A00r-441G	latches	-2.11	14.88	213	0.29	0.00		0		squad-1	2	bot-49
235874	bot-49	alpha	C00r-0320	state	-0.34	16.63	214	1.82	0.51	16.35	4	seek	squad-1	0	bot-49
235891	bot-49	alpha	C00r-0322	latches	-0.29	16.79	215	4.82	0.16	4.95	1	cover	squad-1	0	bot-49
235941	bot-71	bravo	S00m-3320	tick	-17.64	19.10	125	0.41	0.53	4.49	6	seek	squad-24	0	bot-71
235991	bot-50	alpha	A00r-2320	state+latches	-1.35	15.25	216	4.49	0.51	7.40	5	cover	squad-1	1	bot-49
236009	bot-49	alpha	C00r-032I	latches	-0.14	17.32	220	4.70	0.56	4.39	1	cover	squad-1	0	bot-49
236062	bot-62	alpha	S00r-4410	state+latches	-2.10	14.91	213	0.01	0.04		0		squad-1	2	bot-49
236076	bot-63	alpha	C32m-3330	state	-16.53	-1.74	38	1.86	0.46	7.38	3	seek	squad-21	0	bot-63
236076	bot-75	bravo	S00r-4410	tick	-19.59	16.85	55	2.40	2.21	11.74	9	seek	squad-24	3	bot-71
236096	bot-63	alpha	C32m-3332	latches	-16.43	-1.69	47	3.54	0.12	6.26	4	cover	squad-21	0	bot-63
236142	bot-49	alpha	A00r-432G	state+ammo+latches	0.00	17.86	250	4.74	0.56	3.83	1	cover	squad-1	0	bot-49
236243	bot-49	alpha	S00r-4320	state+latches	-0.00	17.87	250	0.00	0.01		0		squad-1	0	bot-49
236276	bot-73	alpha	E32m-42B9	tick	-17.83	-3.47	276	5.23	3.61	3.27	1	flee	squad-21	4	bot-63
236309	bot-50	alpha	A00r-232G	latches	-1.54	15.45	218	0.87	0.28		0		squad-1	1	bot-49
236309	bot-62	alpha	A00r-4410	state	-2.11	14.81	222	0.86	0.11	13.16	3	seek	squad-1	2	bot-49
236326	bot-62	alpha	F00r-4410	state	-2.11	14.81	219	0.00	0.00		0		squad-1	2	bot-49
236326	bot-62	alpha	F00r-3410	ammo	-2.11	14.81	218	0.00	0.00		0		squad-1	2	bot-49
236343	bot-62	alpha	A00r-3410	state	-2.11	14.81	218	0.00	0.00		0		squad-1	2	bot-49
236393	bot-68	alpha	P00r-4410	tick	-10.38	-16.22	64	0.00	0.00		0		squad-21	1	bot-63
236393	bot-70	alpha	P00r-4410	tick	-10.82	-21.54	349	0.00	0.00		0		squad-21	2	bot-63
236393	bot-74	bravo	E00r-3229	packs	-13.14	1.15	226	2.11	3.85	1.71	1	flee	squad-24	2	bot-71
236393	bot-76	alpha	P32r-4410	state+latches	-15.41	-1.08	46	4.48	0.35	5.47	1	muzzleRecovery	squad-21	3	bot-63
236409	bot-39	bravo	S00r-4410	tick	-4.35	-10.22	286	0.00	0.00		0		squad-2	0	bot-39
236409	bot-76	alpha	E32r-4410	state	-15.42	-1.15	50	0.00	0.07	5.49	0	muzzleRecovery	squad-21	3	bot-63
236426	bot-62	alpha	A00r-341G	latches	-2.11	14.81	219	0.01	0.01		0		squad-1	2	bot-49
236426	bot-76	alpha	E32r-4411	latches	-15.57	-1.14	45	5.14	0.15	1.91	1	flee	squad-21	3	bot-63
236510	bot-74	bravo	E10r-3229	tier	-13.30	1.10	229	1.45	0.16	1.56	1	flee	squad-24	2	bot-71
236544	bot-50	alpha	S00r-2320	state+latches	-1.62	15.57	218	0.08	0.15		0		squad-1	1	bot-49
236577	bot-3	alpha	D00r--000	tick	-14.53	21.55	279	0.00	0.00	4.11	0		squad-1	-1	bot-49
236593	bot-46	bravo	S00r-4420	tick	-17.95	20.60	96	1.42	1.21	0.50	1	seek	squad-2	1	bot-39
236593	bot-67	bravo	S00r-4420	tick	-12.53	15.16	16	0.15	0.46	9.25	7	seek	squad-2	2	bot-39
236593	bot-72	bravo	S00r-4420	tick	-13.06	13.85	328	1.68	2.39	8.43	3	seek	squad-24	1	bot-71
236593	bot-77	bravo	P00m-4420	tick	-15.30	20.15	316	0.00	0.00		0		squad-24	4	bot-71
236627	bot-74	bravo	E10r-3129	health	-13.43	0.98	222	1.50	0.17	1.38	1	flee	squad-24	2	bot-71
236660	bot-62	alpha	S00r-3410	state+latches	-2.11	14.81	219	0.00	0.00		0		squad-1	2	bot-49
236705	bot-49	alpha	S00r-0320	ammo	-0.41	17.20	211	2.00	0.78	18.96	3	seek	squad-1	0	bot-49
236734	bot-76	alpha	E32r-441H	latches	-16.96	-1.44	55	4.85	1.42	0.49	1	flee	squad-21	3	bot-63
236784	bot-62	alpha	A00r-3410	state	-2.12	14.75	211	0.58	0.07	16.08	6	seek	squad-1	2	bot-49
236801	bot-76	alpha	E32r-441G	latches	-17.18	-1.56	55	5.16	0.25	2.95	1	flee	squad-21	3	bot-63
236817	bot-62	alpha	F00r-3410	state	-2.12	14.75	218	0.09	0.00		0		squad-1	2	bot-49
236817	bot-62	alpha	P00r-3410	state	-2.12	14.75	220	0.00	0.00		0		squad-1	2	bot-49
236817	bot-74	bravo	D00r--000	state+tier+ammo+health+packs+latches	-13.61	0.83	224	0.00	0.24	1.14	1	flee	squad-24	2	bot-71
236817	bot-73	alpha	E32m-42B0	latches	-20.33	-4.19	276	5.15	2.61	4.94	1	flee	squad-21	4	bot-63
236817	bot-76	alpha	C32r-4410	state+latches	-17.18	-1.56	55	5.16	0.00		0		squad-21	3	bot-63
236834	bot-38	alpha	D00r--000	tick	-24.60	-12.74	150	0.00	0.00	4.21	0		squad-1	-1	bot-49
236834	bot-62	alpha	S00r-4410	state+ammo	-2.12	14.75	220	0.01	0.00		0		squad-1	2	bot-49
236834	bot-73	alpha	E32m-42B9	latches	-20.41	-4.14	276	5.15	0.09	4.86	1	flee	squad-21	4	bot-63
236834	bot-76	alpha	C32r-4412	latches	-17.06	-1.58	64	3.77	0.13	4.29	4	cover	squad-21	3	bot-63
236867	bot-50	alpha	P00r-2320	state	-1.84	15.48	199	0.51	0.23	19.56	5	seek	squad-1	1	bot-49
236867	bot-62	alpha	P00r-4410	state	-2.13	14.72	212	0.71	0.03	16.97	4	seek	squad-1	2	bot-49
236884	bot-49	alpha	P00r-0320	state	-0.59	16.91	211	2.17	0.35	19.98	3	seek	squad-1	0	bot-49
236951	bot-71	bravo	S00m-3320	tick	-17.96	18.43	204	0.96	0.74	4.43	5	seek	squad-24	0	bot-71
237071	bot-78	bravo	P00r-0410	initial	-21.95	14.55	0	0.00			0			-1	
237084	bot-75	bravo	S00r-4410	tick	-19.42	14.36	156	2.73	2.49	13.19	8	seek	squad-24	2	bot-71
237084	bot-78	bravo	S00r-4410	state+ammo	-21.95	14.55	0	0.00	0.00		0		squad-24	4	bot-71
237106	bot-63	alpha	C32m-3332	tick	-15.45	-1.11	18	0.98	1.13	6.78	3	cover	squad-21	0	bot-63
237134	bot-63	alpha	C00m-3332	tier+score	-15.43	-1.09	17	1.29	0.03	6.79	3	cover	squad-21	0	bot-63
237134	bot-73	alpha	E00m-42B9	tier+score	-21.70	-3.23	276	5.79	1.58	3.28	1	flee	squad-21	4	bot-63
237134	bot-76	alpha	C00r-4412	tier+score	-16.06	-1.69	83	2.57	1.00	5.17	4	cover	squad-21	3	bot-63
237134	bot-78	bravo	P00r-4410	state	-21.84	14.53	12	2.41	0.11	14.06	6	seek	squad-24	4	bot-71
237184	bot-75	bravo	A00r-4410	state	-19.18	14.38	135	2.79	0.24	13.01	8	seek	squad-24	2	bot-71
237184	bot-77	bravo	S00m-4420	state	-15.30	20.15	316	0.00	0.00		0		squad-24	3	bot-71
237200	bot-62	alpha	A00r-4410	state	-2.20	14.51	225	0.82	0.23	0.99	1	packseek	squad-1	2	bot-49
237200	bot-78	bravo	C00r-4410	state	-21.81	14.61	18	1.80	0.08	5.63	1	squad	squad-24	4	bot-71
237217	bot-78	bravo	C00r-4412	latches	-21.83	14.73	27	3.57	0.12	5.51	1	squad	squad-24	4	bot-71
237234	bot-78	bravo	C00r-441I	latches	-21.83	14.79	22	3.70	0.06	5.45	1	squad	squad-24	4	bot-71
237250	bot-75	bravo	A00r-441G	latches	-19.14	14.34	121	0.21	0.05		0		squad-24	2	bot-71
237267	bot-49	alpha	P00r-R320	ammo	-1.14	16.16	194	2.42	0.92	21.73	6	patrolReentry	squad-1	0	bot-49
237267	bot-62	alpha	A00r-441G	latches	-2.20	14.52	239	0.59	0.01		0		squad-1	2	bot-49
237401	bot-68	alpha	P00r-4410	tick	-10.38	-16.22	64	0.00	0.00		0		squad-21	1	bot-63
237401	bot-70	alpha	P00r-4410	tick	-10.82	-21.54	349	0.00	0.00		0		squad-21	2	bot-63
237417	bot-39	bravo	S00r-4410	tick	-4.35	-10.22	2	0.00	0.00		0		squad-2	0	bot-39
237467	bot-78	bravo	C00r-4412	latches	-21.95	15.78	353	4.53	1.00	4.45	1	squad	squad-24	4	bot-71
237484	bot-75	bravo	S00r-4410	state+latches	-19.14	14.34	121	0.00	0.01		0		squad-24	2	bot-71
237501	bot-62	alpha	S00r-4410	state+latches	-2.20	14.54	239	0.59	0.02		0		squad-1	2	bot-49
237584	bot-3	alpha	D00r--000	tick	-14.53	21.55	279	0.00	0.00	4.11	0		squad-1	-1	bot-49
237600	bot-46	bravo	S00r-4420	tick	-18.56	21.50	320	1.35	1.08	1.38	1	seek	squad-2	1	bot-39
237600	bot-67	bravo	S00r-4420	tick	-12.46	15.05	90	0.21	0.14	9.35	7	seek	squad-2	2	bot-39
237600	bot-72	bravo	S00r-4420	tick	-13.92	14.25	276	0.73	0.95	7.66	3	seek	squad-24	1	bot-71
237750	bot-75	bravo	A00r-4410	state	-18.65	14.30	83	2.76	0.49	18.34	4	seek	squad-24	2	bot-71
237767	bot-62	alpha	C00r-4410	state	-2.28	14.36	277	1.60	0.19	17.30	5	seek	squad-1	2	bot-49
237784	bot-62	alpha	C00r-4412	latches	-2.23	14.34	270	1.17	0.06	1.88	2	cover	squad-1	2	bot-49
237884	bot-50	alpha	P00r-2320	tick	-1.82	15.36	259	2.60	0.12	2.70	2	squad	squad-1	1	bot-49
237884	bot-73	alpha	E00m-42B0	latches	-24.18	-1.60	276	0.05	2.97		0		squad-21	4	bot-63
237951	bot-71	bravo	S00m-3320	tick	-18.56	17.06	97	2.28	1.49	4.64	5	seek	squad-24	0	bot-71
237951	bot-75	bravo	A00r-441G	latches	-18.43	14.16	88	0.99	0.25		0		squad-24	2	bot-71
237967	bot-62	alpha	C00r-441I	latches	-1.97	14.81	272	5.07	0.54	1.35	1	cover	squad-1	2	bot-49
238150	bot-63	alpha	C00m-3332	tick	-16.06	0.30	295	2.56	1.53	5.67	2	cover	squad-21	0	bot-63
238150	bot-76	alpha	C00r-4412	tick	-15.48	-0.98	15	1.30	0.91	5.37	3	cover	squad-21	3	bot-63
238184	bot-77	bravo	S00m-4420	tick	-15.30	20.15	63	0.00	0.00		0		squad-24	3	bot-71
238201	bot-75	bravo	S00r-4410	state+latches	-18.28	14.11	88	0.13	0.16		0		squad-24	2	bot-71
238217	bot-62	alpha	C00r-4412	latches	-2.05	14.82	225	0.93	0.08	1.37	1	cover	squad-1	2	bot-49
238267	bot-49	alpha	P00r-R320	tick	-1.15	15.90	127	0.77	0.26	21.78	6	patrolReentry	squad-1	0	bot-49
238350	bot-75	bravo	C00r-4410	state	-18.06	14.11	82	2.37	0.23	17.77	4	seek	squad-24	2	bot-71
238368	bot-75	bravo	C00r-4412	latches	-17.99	14.13	88	2.01	0.07	4.63	1	cover	squad-24	2	bot-71
238384	bot-68	alpha	S00r-4410	state	-10.38	-16.22	64	0.00	0.00		0		squad-21	1	bot-63
238384	bot-68	alpha	P00r-4410	state	-10.38	-16.22	64	0.00	0.00		0		squad-21	1	bot-63
238384	bot-71	bravo	A00m-3320	state	-18.96	16.15	86	2.43	1.00	5.03	5	seek	squad-24	0	bot-71
238400	bot-73	alpha	H00m-42B0	state	-24.18	-1.60	276	0.00	0.00		0		squad-21	4	bot-63
238417	bot-70	alpha	P00r-4410	tick	-10.82	-21.54	349	0.00	0.00		0		squad-21	2	bot-63
238434	bot-39	bravo	S00r-4410	tick	-4.35	-10.22	283	0.00	0.00		0		squad-2	0	bot-39
238468	bot-78	bravo	C00r-4412	tick	-20.00	19.11	65	4.81	3.86	2.25	1	cover	squad-24	4	bot-71
238484	bot-71	bravo	A00m-332G	latches	-18.96	16.15	95	0.00	0.00		0		squad-24	0	bot-71
238484	bot-75	bravo	C00r-441I	latches	-17.56	14.21	84	5.07	0.43	4.20	1	cover	squad-24	2	bot-71
238584	bot-3	alpha	D00r--000	tick	-14.53	21.55	279	0.00	0.00	4.11	0		squad-1	-1	bot-49
238601	bot-46	bravo	S00r-4420	tick	-19.36	21.85	204	1.23	0.88	0.81	1	seek	squad-2	1	bot-39
238601	bot-67	bravo	S00r-4420	tick	-12.19	15.15	14	0.93	0.29	9.18	6	seek	squad-2	2	bot-39
238601	bot-72	bravo	S00r-4420	tick	-15.29	14.30	342	1.49	1.37	7.09	3	seek	squad-24	1	bot-71
238734	bot-71	bravo	S00m-3320	state+latches	-18.96	16.15	95	0.00	0.00		0		squad-24	0	bot-71
238734	bot-75	bravo	C00r-4412	latches	-16.35	14.55	58	5.11	1.26	2.94	1	cover	squad-24	2	bot-71
238836	bot-73	alpha	H00m-43B0	health	-24.18	-1.59	159	0.00	0.01		0		squad-21	4	bot-63
238852	bot-78	bravo	G00r-4412	state	-18.28	19.91	67	5.09	1.89	0.36	1	cover	squad-24	4	bot-71
238885	bot-50	alpha	P00r-2320	tick	-1.61	16.42	345	2.47	1.07	2.53	1	squad	squad-1	1	bot-49
239002	bot-62	alpha	S00r-3410	state+ammo+latches	-1.78	15.56	151	0.00	0.79		0		squad-1	2	bot-49
239069	bot-49	alpha	P00r-4320	ammo	-1.13	15.76	192	0.76	0.15	21.84	6	patrolReentry	squad-1	0	bot-49
239153	bot-63	alpha	C00m-3332	tick	-20.39	1.66	290	4.58	4.54	1.13	1	cover	squad-21	0	bot-63
239153	bot-76	alpha	C00r-4412	tick	-16.43	-0.11	279	3.16	1.29	4.18	2	cover	squad-21	3	bot-63
239186	bot-77	bravo	S00m-4420	tick	-15.30	20.15	141	0.00	0.00		0		squad-24	3	bot-71
239303	bot-75	bravo	G00r-4412	state	-13.80	15.17	108	4.63	2.62	0.37	1	cover	squad-24	2	bot-71
239320	bot-63	alpha	G00m-3332	state	-21.04	1.90	290	4.63	0.70	0.43	1	cover	squad-21	0	bot-63
239387	bot-68	alpha	P00r-4410	tick	-10.38	-16.22	64	0.00	0.00		0		squad-21	1	bot-63
239420	bot-70	alpha	P00r-4410	tick	-10.82	-21.54	349	0.00	0.00		0		squad-21	2	bot-63
239437	bot-39	bravo	S00r-4410	tick	-4.35	-10.22	304	0.00	0.00		0		squad-2	0	bot-39
239520	bot-73	alpha	S00m-43B0	state	-24.18	-1.59	75	0.00	0.00		0		squad-21	4	bot-63
239571	bot-46	bravo	P00r-4420	state	-19.44	20.65	181	1.27	1.21	0.60	1	seek	squad-2	1	bot-39
239587	bot-3	alpha	D00r--000	tick	-14.53	21.55	279	0.00	0.00	4.11	0		squad-1	-1	bot-49
239604	bot-67	bravo	S00r-4420	tick	-12.20	15.57	68	0.31	0.41	8.78	6	seek	squad-2	2	bot-39
239604	bot-72	bravo	S00r-4420	tick	-16.72	14.11	299	1.51	1.44	6.98	3	seek	squad-24	1	bot-71
239738	bot-71	bravo	A00m-3320	state	-18.83	14.33	145	3.28	1.82	15.55	3	seek	squad-24	0	bot-71
239772	bot-78	bravo	C00r-4412	state	-17.78	19.44	101	0.00	0.68		0		squad-24	4	bot-71
239805	bot-62	alpha	A00r-3410	state	-2.21	14.60	219	1.37	1.05	17.41	5	seek	squad-1	2	bot-49
239822	bot-62	alpha	A00r-341G	latches	-2.21	14.60	223	0.00	0.00		0		squad-1	2	bot-49
239822	bot-71	bravo	A00m-332G	latches	-18.72	14.27	128	0.35	0.13		0		squad-24	0	bot-71
239889	bot-50	alpha	P00r-2320	tick	-1.88	15.89	199	2.11	0.59	2.86	6	squad	squad-1	1	bot-49
239889	bot-78	bravo	G00r-4412	state	-17.82	19.63	77	1.86	0.19	0.44	1	cover	squad-24	4	bot-71
239972	bot-76	alpha	G00r-4412	state	-20.07	0.92	288	4.65	3.78	0.40	1	cover	squad-21	3	bot-63
240056	bot-62	alpha	S00r-3410	state+latches	-2.19	14.60	223	0.00	0.02		0		squad-1	2	bot-49
240056	bot-71	bravo	S00m-3320	state+latches	-18.67	14.25	128	0.60	0.05		0		squad-24	0	bot-71
240078	bot-49	alpha	P00r-4320	tick	-1.59	15.35	154	0.13	0.61	21.53	6	patrolReentry	squad-1	0	bot-49
240189	bot-77	bravo	S00m-4420	tick	-15.30	20.15	116	0.00	0.00		0		squad-24	3	bot-71
240306	bot-75	bravo	G00r-4412	tick	-13.45	15.05	46	0.00	0.37		0		squad-24	2	bot-71
240323	bot-63	alpha	G00m-3332	tick	-21.45	2.05	139	0.00	0.43		0		squad-21	0	bot-63
240374	bot-71	bravo	A00m-3320	state	-18.03	14.40	99	2.82	0.66	14.77	3	seek	squad-24	0	bot-71
240390	bot-62	alpha	A00r-3410	state	-2.22	14.48	279	1.33	0.12	15.93	6	seek	squad-1	2	bot-49
240390	bot-68	alpha	P00r-4410	tick	-10.38	-16.21	60	0.00	0.00		0		squad-21	1	bot-63
240390	bot-71	bravo	A00m-332G	latches	-17.99	14.39	95	1.47	0.05		0		squad-24	0	bot-71
240424	bot-70	alpha	P00r-4410	tick	-10.82	-21.54	349	0.00	0.00		0		squad-21	2	bot-63
240440	bot-39	bravo	S00r-4410	tick	-4.35	-10.22	345	0.00	0.00		0		squad-2	0	bot-39
240440	bot-62	alpha	A00r-341G	latches	-2.22	14.48	269	0.00	0.00		0		squad-1	2	bot-49
240524	bot-73	alpha	S00m-43B0	tick	-21.86	-1.89	68	1.82	2.34	12.90	3	seek	squad-21	4	bot-63
240574	bot-46	bravo	P00r-4420	tick	-19.44	20.63	177	0.00	0.02		0		squad-2	1	bot-39
240591	bot-3	alpha	D00r--000	tick	-14.53	21.55	279	0.00	0.00	4.11	0		squad-1	-1	bot-49
240608	bot-67	bravo	S00r-4420	tick	-12.31	15.63	16	0.05	0.13	8.74	6	seek	squad-2	2	bot-39
240608	bot-72	bravo	S00r-4420	tick	-17.74	13.78	359	0.96	1.08	7.27	3	seek	squad-24	1	bot-71
240624	bot-71	bravo	S00m-3320	state+latches	-17.90	14.40	95	0.02	0.09		0		squad-24	0	bot-71
240674	bot-62	alpha	S00r-3410	state+latches	-2.21	14.49	269	0.00	0.02		0		squad-1	2	bot-49
240892	bot-50	alpha	P00r-2320	tick	-1.68	15.93	128	1.38	0.21	2.79	5	squad	squad-1	1	bot-49
240892	bot-78	bravo	G00r-4412	tick	-17.95	20.05	95	0.01	0.44		0		squad-24	4	bot-71
240926	bot-62	alpha	A00r-3410	state	-2.35	14.34	279	1.57	0.21	16.33	6	seek	squad-1	2	bot-49
240976	bot-76	alpha	G00r-4412	tick	-20.45	1.05	126	0.00	0.40		0		squad-21	3	bot-63
241093	bot-49	alpha	P00r-4320	tick	-2.06	14.79	193	1.34	0.73	21.27	6	patrolReentry	squad-1	0	bot-49
241176	bot-62	alpha	F00r-3410	state	-2.37	14.26	268	0.03	0.08		0		squad-1	2	bot-49
241176	bot-62	alpha	F00r-2410	ammo	-2.36	14.26	268	0.02	0.00		0		squad-1	2	bot-49
241176	bot-67	bravo	C33r-4420	state+tier+score	-12.32	15.64	16	0.14	0.02	8.73	6	seek	squad-2	2	bot-39
241176	bot-71	bravo	S33m-3320	tier+score	-16.70	14.55	103	2.81	1.21	13.48	3	seek	squad-24	0	bot-71
241176	bot-72	bravo	C33r-4320	state+tier+score+health	-18.14	13.84	5	0.97	0.40	7.24	3	seek	squad-24	1	bot-71
241176	bot-75	bravo	G33r-4412	tier+score	-13.45	15.05	96	0.00	0.00		0		squad-24	2	bot-71
241176	bot-77	bravo	S21m-4420	tier+score	-13.79	20.49	95	0.00	1.55		0		squad-24	3	bot-71
241176	bot-78	bravo	G21r-4412	tier+score	-17.95	20.05	73	0.00	0.00		0		squad-24	4	bot-71
241193	bot-46	bravo	P21r-4420	tier+score	-19.44	20.63	177	0.00	0.00		0		squad-2	1	bot-39
241193	bot-62	alpha	A00r-2410	state	-2.37	14.25	268	0.02	0.01		0		squad-1	2	bot-49
241193	bot-67	bravo	C33r-4422	latches	-12.42	15.51	7	4.89	0.16	4.63	2	cover	squad-2	2	bot-39
241193	bot-72	bravo	C33r-4322	latches	-18.18	13.89	14	1.60	0.06	9.59	3	cover	squad-24	1	bot-71
241227	bot-62	alpha	A00r-2420	packs	-2.38	14.24	269	0.00	0.01		0		squad-1	2	bot-49
241327	bot-63	alpha	G00m-3332	tick	-21.45	2.05	61	0.00	0.00		0		squad-21	0	bot-63
241360	bot-49	alpha	C00r-4320	state	-2.09	14.69	196	1.28	0.10	21.27	6	patrolReentry	squad-1	0	bot-49
241377	bot-49	alpha	C00r-432I	latches	-1.99	14.82	196	4.89	0.16	1.34	1	cover	squad-1	0	bot-49
241377	bot-78	bravo	C21r-4412	state	-17.78	19.45	57	0.00	0.63		0		squad-24	4	bot-71
241394	bot-68	alpha	P00r-4410	tick	-10.38	-16.21	60	0.00	0.00		0		squad-21	1	bot-63
241427	bot-70	alpha	P00r-4410	tick	-10.82	-21.54	349	0.00	0.00		0		squad-21	2	bot-63
241444	bot-39	bravo	S00r-4410	tick	-4.35	-10.22	267	0.00	0.00		0		squad-2	0	bot-39
241494	bot-78	bravo	G21r-4412	state	-17.82	19.65	33	2.44	0.20	0.43	1	cover	squad-24	4	bot-71
241528	bot-62	alpha	F00r-2420	state	-2.41	14.19	269	0.00	0.06		0		squad-1	2	bot-49
241528	bot-67	bravo	C44rb4422	tier+score+element	-13.55	15.87	293	6.01	1.18	3.65	2	cover	squad-2	2	bot-39
241528	bot-71	bravo	M44mm3320	state+tier+score+element	-15.83	14.35	103	2.54	0.89	12.59	3	seek	squad-24	0	bot-71
241528	bot-72	bravo	E44rm4120	state+tier+score+element+health+latches	-18.53	14.05	89	0.92	0.39		0		squad-24	1	bot-71
241528	bot-73	alpha	S00m-43B0	tick	-19.90	-1.75	82	1.97	1.97	11.05	3	seek	squad-21	4	bot-63
241528	bot-75	bravo	G44rb4412	tier+score+element	-13.45	15.05	124	0.01	0.00		0		squad-24	2	bot-71
241528	bot-77	bravo	S32m-4420	tier+score	-14.03	20.52	53	2.42	0.24	3.06	2	seek	squad-24	3	bot-71
241528	bot-78	bravo	G32r-4412	tier+score	-17.94	20.02	43	0.00	0.40		0		squad-24	4	bot-71
241544	bot-46	bravo	C32r-4420	state+tier+score	-19.44	20.63	177	0.00	0.00		0		squad-2	1	bot-39
241544	bot-62	alpha	A00r-2420	state	-2.41	14.19	269	0.00	0.00		0		squad-1	2	bot-49
241544	bot-72	bravo	E44rm4129	latches	-18.56	13.96	89	2.88	0.10	5.69	2	flee	squad-24	1	bot-71
241561	bot-46	bravo	C32r-4422	latches	-19.44	20.63	177	0.00	0.00		0		squad-2	1	bot-39
241561	bot-67	bravo	S44rb4424	state+latches	-13.59	15.93	288	4.86	0.08	3.64	2	cover	squad-2	2	bot-39
241581	bot-67	bravo	S44rm4424	element	-13.57	15.98	296	1.24	0.05		0		squad-2	2	bot-39
241594	bot-3	alpha	D00r--000	tick	-14.53	21.55	279	0.00	0.00	4.11	0		squad-1	-1	bot-49
241611	bot-49	alpha	C00r-4322	latches	-1.42	15.27	149	0.38	0.72		0		squad-1	0	bot-49
241628	bot-71	bravo	M44mb3320	element	-16.25	14.32	91	4.15	0.42	2.30	1	medic	squad-24	0	bot-71
241783	bot-49	alpha	G00r-4322	state	-1.26	15.71	127	5.09	0.47	0.39	1	cover	squad-1	0	bot-49
241879	bot-50	alpha	S00r-2320	state	-2.03	15.02	173	1.46	0.97	1.54	3	squad	squad-1	1	bot-49
241879	bot-72	bravo	E44rm4120	latches	-18.89	13.23	87	2.54	0.80	6.28	2	flee	squad-24	1	bot-71
241895	bot-72	bravo	E44rm4129	latches	-18.92	13.18	87	3.06	0.05	6.23	2	flee	squad-24	1	bot-71
241984	bot-67	bravo	C44rm4420	state+latches	-13.57	16.00	339	0.00	0.02		0		squad-2	2	bot-39
241984	bot-76	alpha	G00r-4412	tick	-18.45	1.05	48	0.00	2.00		0		squad-21	3	bot-63
242000	bot-67	bravo	C44rb4422	element+latches	-13.61	16.01	332	1.32	0.04	3.64	2	cover	squad-2	2	bot-39
242117	bot-72	bravo	E44rm4120	latches	-19.33	12.42	84	4.68	0.87	1.42	1	flee	squad-24	1	bot-71
242117	bot-75	bravo	C44rb4412	state	-12.72	15.25	125	0.03	0.76		0		squad-24	2	bot-71
242146	bot-72	bravo	E44rm4129	latches	-19.44	12.34	84	4.62	0.14	1.28	1	flee	squad-24	1	bot-71
242180	bot-50	alpha	A00r-2320	state	-2.13	14.73	251	1.22	0.31	14.08	6	seek	squad-1	1	bot-49
242213	bot-50	alpha	A00r-232G	latches	-2.13	14.73	257	0.17	0.00		0		squad-1	1	bot-49
242234	bot-62	alpha	A10r-2420	tier	-2.41	14.19	269	0.00	0.00		0		squad-1	2	bot-49
242234	bot-63	alpha	S00m-3330	state+latches	-19.54	1.94	89	0.00	1.92		0		squad-21	0	bot-63
242297	bot-72	bravo	E44rm412P	latches	-20.04	11.87	83	5.25	0.76	0.52	1	flee	squad-24	1	bot-71
242314	bot-76	alpha	S00r-4410	state+latches	-18.45	1.05	46	0.00	0.00		0		squad-21	3	bot-63
242330	bot-75	bravo	G44rb4412	state	-13.03	15.10	169	1.52	0.34	0.43	1	cover	squad-24	2	bot-71
242364	bot-67	bravo	S44rb4424	state+latches	-14.16	15.84	253	1.43	0.58	3.07	2	cover	squad-2	2	bot-39
242364	bot-72	bravo	E44rm412G	latches	-20.18	11.76	83	0.00	0.18		0		squad-24	1	bot-71
242381	bot-67	bravo	S44rm4424	element	-14.16	15.84	260	0.00	0.00		0		squad-2	2	bot-39
242398	bot-68	alpha	P00r-4410	tick	-10.37	-16.21	60	0.00	0.01		0		squad-21	1	bot-63
242431	bot-70	alpha	P00r-4410	tick	-10.82	-21.54	349	0.00	0.00		0		squad-21	2	bot-63
242448	bot-39	bravo	S00r-4410	tick	-4.35	-10.22	320	0.00	0.00		0		squad-2	0	bot-39
242448	bot-50	alpha	S00r-2320	state+latches	-2.13	14.73	257	0.00	0.00		0		squad-1	1	bot-49
242469	bot-71	bravo	P44mb3324	state+latches	-18.31	13.56	88	4.37	2.20	1.05	1	muzzleRecovery	squad-24	0	bot-71
242500	bot-71	bravo	M44mb3320	state+latches	-18.36	13.74	77	0.00	0.18	1.14	0	muzzleRecovery	squad-24	0	bot-71
242534	bot-72	bravo	E44rm4120	latches	-20.18	11.76	83	0.00	0.00		0		squad-24	1	bot-71
242534	bot-73	alpha	S00m-43B0	tick	-17.98	-1.61	60	1.91	1.93	9.28	3	seek	squad-21	4	bot-63
242534	bot-77	bravo	S32m-4420	tick	-14.36	22.79	354	2.39	2.29	0.77	1	seek	squad-24	3	bot-71
242534	bot-78	bravo	G32r-4412	tick	-17.95	20.05	92	0.00	0.03		0		squad-24	4	bot-71
242567	bot-46	bravo	C32r-4422	tick	-22.14	21.91	295	4.66	2.99	1.84	2	cover	squad-2	1	bot-39
242600	bot-3	alpha	D00r--000	tick	-14.53	21.55	279	0.00	0.00	4.11	0		squad-1	-1	bot-49
242600	bot-71	bravo	M44mb2320	ammo	-18.50	13.53	88	2.19	0.25	2.44	1	medic	squad-24	0	bot-71
242751	bot-78	bravo	C32r-4412	state	-17.78	19.45	75	0.00	0.62		0		squad-24	4	bot-71
242769	bot-50	alpha	A00r-2320	state	-2.26	14.71	255	0.96	0.14	17.81	5	seek	squad-1	1	bot-49
242769	bot-71	bravo	P44mb2324	state+latches	-18.70	13.26	87	4.36	0.34	2.11	1	muzzleRecovery	squad-24	0	bot-71
242769	bot-72	bravo	E44rm412G	latches	-20.18	11.76	81	0.00	0.00		0		squad-24	1	bot-71
242790	bot-49	alpha	G00r-4322	tick	-1.45	16.05	275	0.00	0.39		0		squad-1	0	bot-49
242790	bot-50	alpha	A00r-232G	latches	-2.26	14.71	259	0.00	0.00		0		squad-1	1	bot-49
242790	bot-67	bravo	C44rm4420	state+latches	-14.12	15.97	340	0.35	0.13		0		squad-2	2	bot-39
242818	bot-67	bravo	C44rb4422	element+latches	-14.13	15.97	330	0.30	0.01	3.16	2	cover	squad-2	2	bot-39
242867	bot-71	bravo	M44mb2320	state+latches	-18.28	13.14	106	0.00	0.43	2.35	0	muzzleRecovery	squad-24	0	bot-71
242867	bot-72	bravo	H44rm412G	state	-20.18	11.76	81	0.00	0.00		0		squad-24	1	bot-71
242867	bot-78	bravo	G32r-4412	state	-17.82	19.64	51	1.88	0.20	0.43	1	cover	squad-24	4	bot-71
242901	bot-46	bravo	G32r-4422	state	-23.51	21.64	259	4.96	1.39	0.45	1	cover	squad-2	1	bot-39
243004	bot-72	bravo	H44rm4120	latches	-20.18	11.76	72	0.00	0.00		0		squad-24	1	bot-71
243025	bot-50	alpha	S00r-2320	state+latches	-2.22	14.69	259	0.08	0.04		0		squad-1	1	bot-49
243070	bot-62	alpha	F10r-2420	state	-2.45	14.14	266	0.14	0.07		0		squad-1	2	bot-49
243070	bot-62	alpha	F10r-1420	ammo	-2.45	14.14	266	0.04	0.00		0		squad-1	2	bot-49
243070	bot-67	bravo	C45rb4422	score	-14.25	15.91	275	1.10	0.13	3.02	2	cover	squad-2	2	bot-39
243070	bot-71	bravo	E45mb2120	state+score+health	-18.35	13.12	86	1.71	0.07		0		squad-24	0	bot-71
243070	bot-72	bravo	H45rm4120	score	-20.18	11.76	67	0.00	0.00		0		squad-24	1	bot-71
243070	bot-75	bravo	G45rb4412	score	-13.45	15.05	66	0.00	0.43		0		squad-24	2	bot-71
243070	bot-77	bravo	S33m-4420	score	-14.44	22.49	288	2.38	0.31	0.44	1	seek	squad-24	3	bot-71
243070	bot-78	bravo	G33r-4412	score	-17.95	20.05	96	0.01	0.43		0		squad-24	4	bot-71
243090	bot-46	bravo	G33r-4422	score	-23.95	21.55	216	0.00	0.45		0		squad-2	1	bot-39
243090	bot-62	alpha	A10r-1420	state	-2.45	14.14	266	0.04	0.00		0		squad-1	2	bot-49
243090	bot-71	bravo	E45mb2129	latches	-18.39	13.06	86	2.02	0.08	6.44	2	flee	squad-24	0	bot-71
243118	bot-50	alpha	S10r-2320	tier	-2.29	14.71	264	0.82	0.07	18.40	5	seek	squad-1	1	bot-49
243118	bot-71	bravo	E45mb2120	latches	-18.43	13.01	86	2.14	0.06	6.38	2	flee	squad-24	0	bot-71
243134	bot-71	bravo	E45mb2129	latches	-18.45	12.98	86	2.20	0.03	6.35	2	flee	squad-24	0	bot-71
243184	bot-67	bravo	S45rb4424	state+latches	-14.33	15.84	249	0.99	0.10	2.93	2	cover	squad-2	2	bot-39
243184	bot-72	bravo	H45rm4220	health	-20.18	11.76	58	0.00	0.00		0		squad-24	1	bot-71
243200	bot-67	bravo	S45rm4424	element	-14.33	15.84	256	0.00	0.00		0		squad-2	2	bot-39
243234	bot-63	alpha	S00m-3330	tick	-18.16	1.58	123	1.12	1.42	5.60	5	seek	squad-21	0	bot-63
243317	bot-76	alpha	S00r-4410	tick	-16.92	0.60	93	1.04	1.59	0.97	1	seek	squad-21	3	bot-63
243334	bot-50	alpha	A10r-2320	state	-2.36	14.73	279	0.12	0.07	18.34	5	seek	squad-1	1	bot-49
243384	bot-50	alpha	A10r-232G	latches	-2.34	14.72	269	0.46	0.02		0		squad-1	1	bot-49
243404	bot-39	bravo	P00r-4410	state	-4.35	-10.22	334	0.00	0.00		0		squad-2	0	bot-39
243404	bot-68	alpha	P00r-4410	tick	-10.37	-16.21	60	0.00	0.00		0		squad-21	1	bot-63
243404	bot-71	bravo	E45mb1129	ammo	-18.92	12.19	84	4.52	0.92	5.44	2	flee	squad-24	0	bot-71
243423	bot-49	alpha	G21r-4322	tier+score	-0.11	16.20	235	0.49	1.35		0		squad-1	0	bot-49
243423	bot-50	alpha	A21r-232G	tier+score	-2.32	14.72	269	0.61	0.02		0		squad-1	1	bot-49
243423	bot-62	alpha	F21r-1320	state+tier+score+health	-2.45	14.13	264	0.00	0.00		0		squad-1	2	bot-49
243423	bot-62	alpha	F21r-4320	ammo	-2.45	14.13	263	0.00	0.00		0		squad-1	2	bot-49
243423	bot-67	bravo	S46rm4424	score	-14.29	15.94	302	1.02	0.10		0		squad-2	2	bot-39
243423	bot-71	bravo	E46mb1029	score+health	-18.94	12.10	83	4.63	0.09	5.36	2	flee	squad-24	0	bot-71
243423	bot-72	bravo	H46rm4220	score	-20.18	11.76	39	0.00	0.00		0		squad-24	1	bot-71
243423	bot-75	bravo	G46rb4412	score	-13.45	15.05	39	0.00	0.00		0		squad-24	2	bot-71
243423	bot-77	bravo	S44mm4420	tier+score+element	-14.44	21.74	197	2.25	0.75	0.69	1	seek	squad-24	3	bot-71
243423	bot-78	bravo	G44rb4412	tier+score+element	-17.95	20.05	130	0.00	0.00		0		squad-24	4	bot-71
243444	bot-46	bravo	S44rm4420	state+tier+score+element+latches	-23.95	21.55	148	0.00	0.00		0		squad-2	1	bot-39
243444	bot-62	alpha	C21r-4320	state	-2.45	14.13	263	0.00	0.00		0		squad-1	2	bot-49
243444	bot-70	alpha	P00r-4410	tick	-10.82	-21.54	349	0.00	0.00		0		squad-21	2	bot-63
243461	bot-62	alpha	C21r-4322	latches	-2.40	14.14	263	1.49	0.06	2.40	1	cover	squad-1	2	bot-49
243534	bot-62	alpha	C21r-432I	latches	-2.30	14.13	259	1.25	0.10	2.35	1	cover	squad-1	2	bot-49
243534	bot-71	bravo	E46mmR02P	element+ammo+latches	-19.07	11.57	82	5.14	0.55	4.88	2	flee	squad-24	0	bot-71
243534	bot-73	alpha	S00m-43B0	tick	-16.11	-1.59	74	1.37	1.87	7.71	3	seek	squad-21	4	bot-63
243601	bot-3	alpha	D00r--000	tick	-14.53	21.55	279	0.00	0.00	4.11	0		squad-1	-1	bot-49
243601	bot-67	bravo	C46rm4420	state+latches	-14.28	15.98	335	0.07	0.04		0		squad-2	2	bot-39
243617	bot-67	bravo	C46rb4422	element+latches	-14.28	15.97	329	0.28	0.01	3.02	2	cover	squad-2	2	bot-39
243634	bot-50	alpha	S21r-2320	state+latches	-2.29	14.75	269	0.02	0.05		0		squad-1	1	bot-49
243654	bot-71	bravo	E46mbR029	element+latches	-19.23	10.98	77	5.04	0.61	4.35	2	flee	squad-24	0	bot-71
243752	bot-49	alpha	G21r-432I	latches	-0.04	16.14	252	0.98	0.09		0		squad-1	0	bot-49
243752	bot-71	bravo	E46mmR02P	element+latches	-19.42	10.53	74	5.03	0.49	3.91	2	flee	squad-24	0	bot-71
243776	bot-62	alpha	C21r-4322	latches	-2.08	14.31	202	4.88	0.28	2.08	1	cover	squad-1	2	bot-49
243880	bot-75	bravo	C46rb4412	state	-12.74	15.26	71	0.06	0.74		0		squad-24	2	bot-71
244000	bot-49	alpha	G21r-4322	latches	-0.04	16.14	271	1.11	0.00		0		squad-1	0	bot-49
244000	bot-71	bravo	E46mmR029	latches	-20.30	9.64	74	5.12	1.25	2.67	2	flee	squad-24	0	bot-71
244034	bot-67	bravo	C46rm4422	element	-14.35	15.72	231	1.13	0.26	2.85	2	cover	squad-2	2	bot-39
244034	bot-75	bravo	C46rm4412	element	-13.02	15.18	35	1.80	0.29	0.45	1	cover	squad-24	2	bot-71
244088	bot-75	bravo	G46rm4412	state	-13.07	15.16	29	1.51	0.05	0.40	1	cover	squad-24	2	bot-71
244168	bot-62	alpha	G21r-4322	state	-1.15	15.66	106	5.16	1.63	0.44	1	cover	squad-1	2	bot-49
244194	bot-46	bravo	S33r-4420	tier+score+element	-23.72	20.95	101	0.96	0.64	20.64	7	seek	squad-2	1	bot-39
244194	bot-67	bravo	C45rm4422	score	-14.44	15.62	209	0.65	0.13	2.73	2	cover	squad-2	2	bot-39
244194	bot-71	bravo	E45mmR029	score	-21.02	8.96	74	5.07	0.98	1.70	2	flee	squad-24	0	bot-71
244194	bot-72	bravo	H45rm4220	score	-20.18	11.76	76	0.00	0.00		0		squad-24	1	bot-71
244194	bot-75	bravo	G45rm4412	score	-13.45	15.05	55	0.01	0.40		0		squad-24	2	bot-71
244194	bot-77	bravo	S33m-4420	tier+score+element	-14.44	20.38	140	0.00	1.35		0		squad-24	3	bot-71
244194	bot-78	bravo	G33r-4412	tier+score+element	-17.95	20.05	70	0.00	0.00		0		squad-24	4	bot-71
244234	bot-63	alpha	S00m-3330	tick	-16.66	1.68	78	1.87	1.50	4.49	5	seek	squad-21	0	bot-63
244300	bot-72	bravo	H45rm4320	health	-20.18	11.76	84	0.00	0.00		0		squad-24	1	bot-71
244334	bot-76	alpha	S00r-4410	tick	-15.69	0.52	53	1.34	1.23	0.58	1	seek	squad-21	3	bot-63
244400	bot-71	bravo	E35m-R029	tier+element	-21.88	8.39	74	5.13	1.03	0.67	1	flee	squad-24	0	bot-71
244417	bot-39	bravo	P00r-4410	tick	-4.33	-10.24	117	0.07	0.02		8	patrol	squad-2	0	bot-39
244417	bot-68	alpha	P00r-4410	tick	-10.37	-16.20	60	0.00	0.01		0		squad-21	1	bot-63
244450	bot-70	alpha	P00r-4410	tick	-10.82	-21.54	349	0.00	0.00		0		squad-21	2	bot-63
244487	bot-78	bravo	C33r-4412	state	-17.77	19.42	59	0.00	0.65		0		squad-24	4	bot-71
244505	bot-71	bravo	E35m-R020	latches	-22.20	8.20	74	0.25	0.37		0		squad-24	0	bot-71
244538	bot-46	bravo	S32r-4420	score	-23.60	20.64	100	0.96	0.33	20.47	7	seek	squad-2	1	bot-39
244538	bot-67	bravo	C44rm4422	score	-14.79	15.33	235	1.43	0.46	2.30	1	cover	squad-2	2	bot-39
244538	bot-71	bravo	E34m-R020	score	-22.20	8.20	74	0.00	0.00		0		squad-24	0	bot-71
244538	bot-72	bravo	H44rm4320	score	-20.18	11.76	101	0.00	0.00		0		squad-24	1	bot-71
244538	bot-73	alpha	S00m-43B0	tick	-15.80	-1.41	53	0.14	0.35	7.36	2	seek	squad-21	4	bot-63
244538	bot-75	bravo	G44rm4412	score	-13.45	15.05	89	0.00	0.00		0		squad-24	2	bot-71
244538	bot-77	bravo	S32m-4420	score	-14.44	20.38	65	0.00	0.00		0		squad-24	3	bot-71
244538	bot-78	bravo	C32r-4412	score	-17.80	19.53	45	1.59	0.11	0.55	1	cover	squad-24	4	bot-71
244617	bot-3	alpha	D00r--000	tick	-14.53	21.55	279	0.00	0.00	4.11	0		squad-1	-1	bot-49
244617	bot-78	bravo	G32r-4412	state	-17.81	19.64	32	1.76	0.11	0.43	1	cover	squad-24	4	bot-71
244649	bot-50	alpha	S21r-2320	tick	-2.54	14.09	264	1.26	0.70	16.41	5	seek	squad-1	1	bot-49
244817	bot-71	bravo	E44mmR020	tier+element	-22.20	8.20	74	0.00	0.00		0		squad-24	0	bot-71
244834	bot-67	bravo	C32r-4422	tier+score+element	-15.15	15.27	248	1.19	0.37	1.94	1	cover	squad-2	2	bot-39
244834	bot-71	bravo	E32m-R020	tier+score+element	-22.20	8.20	74	0.00	0.00		0		squad-24	0	bot-71
244834	bot-72	bravo	H32r-4320	tier+score+element	-20.18	11.76	126	0.00	0.00		0		squad-24	1	bot-71
244834	bot-75	bravo	G32r-4412	tier+score+element	-13.45	15.05	66	0.00	0.00		0		squad-24	2	bot-71
244934	bot-49	alpha	G00r-4322	tier+score	-1.48	16.06	273	0.36	1.44		0		squad-1	0	bot-49
244934	bot-50	alpha	S00r-2320	tier+score	-2.99	13.81	256	2.34	0.53	15.92	5	seek	squad-1	1	bot-49
244934	bot-62	alpha	G00r-4322	tier+score	-0.95	16.05	304	0.32	0.44		0		squad-1	2	bot-49
244984	bot-71	bravo	E32m-4020	ammo	-22.20	8.20	74	0.00	0.00		0		squad-24	0	bot-71
244984	bot-72	bravo	S32r-4320	state	-20.18	11.76	136	0.00	0.00		0		squad-24	1	bot-71
245000	bot-75	bravo	C32r-4412	state	-12.78	15.23	55	0.04	0.69		0		squad-24	2	bot-71
245017	bot-71	bravo	H32m-4020	state	-22.20	8.20	74	0.00	0.00		0		squad-24	0	bot-71
245117	bot-50	alpha	C00r-2320	state	-3.35	13.67	257	2.41	0.39	15.53	4	seek	squad-1	1	bot-49
245134	bot-50	alpha	C00r-2322	latches	-3.25	13.72	265	3.21	0.11	9.40	6	cover	squad-1	1	bot-49
245150	bot-75	bravo	G32r-4412	state	-13.02	15.17	24	2.06	0.25	0.44	1	cover	squad-24	2	bot-71
245250	bot-63	alpha	S00m-3330	tick	-15.52	2.01	149	1.29	1.19	4.03	5	seek	squad-1	-1	bot-49
245317	bot-72	bravo	A32r-4320	state	-19.79	11.94	81	2.14	0.43	17.54	4	seek	squad-24	1	bot-71
245334	bot-76	alpha	S00r-4410	tick	-15.58	0.54	324	0.49	0.11	0.63	1	seek	squad-1	4	bot-49
245352	bot-72	bravo	A32r-432G	latches	-19.79	11.93	83	0.12	0.00		0		squad-24	1	bot-71
245367	bot-50	alpha	C00r-232I	latches	-2.38	14.28	277	4.86	1.04	8.46	6	cover	squad-1	1	bot-49
245417	bot-39	bravo	P00r-4410	tick	-4.33	-10.24	94	0.07	0.01		8	patrol	squad-2	0	bot-39
245417	bot-68	alpha	P00r-4410	tick	-10.37	-16.20	60	0.00	0.00		0		squad-1	2	bot-49
245467	bot-70	alpha	P00r-4410	tick	-10.82	-21.54	349	0.00	0.00		0		squad-1	3	bot-49
245551	bot-46	bravo	S32r-4420	tick	-22.95	18.95	129	2.40	1.82	19.59	7	seek	squad-2	1	bot-39
245551	bot-73	alpha	S00m-43B0	tick	-15.81	-1.38	49	0.07	0.03	7.34	2	seek	squad-1	7	bot-49
245551	bot-77	bravo	S32m-4420	tick	-14.44	20.38	144	0.00	0.00		0		squad-24	3	bot-71
245584	bot-72	bravo	S32r-4320	state+latches	-19.79	11.93	83	0.00	0.00		0		squad-24	1	bot-71
245617	bot-3	alpha	D00r--000	tick	-14.53	21.55	279	0.00	0.00	4.11	0		squad-1	-1	bot-49
245617	bot-50	alpha	C00r-2322	latches	-1.72	15.07	342	1.67	1.03	7.77	5	cover	squad-1	1	bot-49
245617	bot-78	bravo	G32r-4412	tick	-17.95	20.05	95	0.01	0.43		0		squad-24	4	bot-71
245684	bot-72	bravo	A32r-4320	state	-19.68	11.98	83	1.29	0.12	17.35	4	seek	squad-24	1	bot-71
245701	bot-67	bravo	C32r-4420	latches	-16.48	14.67	256	2.58	1.46	0.49	1	cover	squad-2	2	bot-39
245717	bot-67	bravo	C32r-4422	latches	-16.52	14.65	256	2.35	0.04	0.44	1	cover	squad-2	2	bot-39
245734	bot-67	bravo	G32r-4422	state	-16.52	14.65	256	2.35	0.00	0.44	1	cover	squad-2	2	bot-39
245767	bot-72	bravo	A32r-432G	latches	-19.68	11.98	80	0.00	0.00		0		squad-24	1	bot-71
245786	bot-71	bravo	H32m-4120	health	-22.20	8.20	107	0.00	0.00		0		squad-24	0	bot-71
245934	bot-49	alpha	C00r-4322	state	-1.37	16.28	201	0.00	0.25		0		squad-1	0	bot-49
245934	bot-62	alpha	G00r-4322	tick	-0.91	16.07	247	0.00	0.05		0		squad-1	5	bot-49
245955	bot-49	alpha	G00r-4322	state	-1.41	16.30	201	0.00	0.05		0		squad-1	0	bot-49
245955	bot-78	bravo	C32r-4412	state	-17.79	19.46	69	0.00	0.61		0		squad-24	4	bot-71
246001	bot-72	bravo	S32r-4320	state+latches	-19.68	11.98	80	0.00	0.00		0		squad-24	1	bot-71
246067	bot-67	bravo	S32r-4420	state+latches	-16.94	14.54	325	0.29	0.44		0		squad-2	2	bot-39
246067	bot-67	bravo	P32r-4420	state	-16.94	14.54	325	0.29	0.00		0		squad-2	2	bot-39
246067	bot-78	bravo	G32r-4412	state	-17.83	19.65	45	2.19	0.19	0.42	1	cover	squad-24	4	bot-71
246096	bot-46	bravo	S00r-4420	tier+score	-22.48	17.73	92	2.39	1.31	19.04	7	seek	squad-2	1	bot-39
246096	bot-67	bravo	P00r-4420	tier+score	-16.92	14.52	326	0.59	0.02		0		squad-2	2	bot-39
246096	bot-71	bravo	H00m-4120	tier+score	-22.20	8.20	124	0.00	0.00		0		squad-24	0	bot-71
246096	bot-72	bravo	S00r-4320	tier+score	-19.55	12.04	81	1.29	0.14	18.35	5	seek	squad-24	1	bot-71
246096	bot-75	bravo	G00r-4412	tier+score	-13.45	15.05	50	0.00	0.44		0		squad-24	2	bot-71
246096	bot-77	bravo	S00m-4420	tier+score	-14.44	20.38	156	0.00	0.00		0		squad-24	3	bot-71
246096	bot-78	bravo	G00r-4412	tier+score	-17.93	20.00	54	0.00	0.36		0		squad-24	4	bot-71
246263	bot-63	alpha	S00m-3330	tick	-14.04	1.88	97	1.51	1.48	3.38	4	seek	squad-1	6	bot-49
246344	bot-76	alpha	S00r-4410	tick	-16.03	0.26	244	1.11	0.53	0.47	1	seek	squad-1	4	bot-49
246429	bot-39	bravo	P00r-4410	tick	-4.35	-10.24	88	0.11	0.02		8	patrol	squad-2	0	bot-39
246429	bot-68	alpha	P00r-4410	tick	-10.36	-16.20	60	0.00	0.00		0		squad-1	2	bot-49
246429	bot-75	bravo	S00r-4410	state+latches	-13.45	15.05	49	0.00	0.00		0		squad-24	2	bot-71
246429	bot-78	bravo	S00r-4410	state+latches	-17.95	20.05	120	0.00	0.06		0		squad-24	4	bot-71
246478	bot-70	alpha	P00r-4410	tick	-10.82	-21.54	349	0.00	0.00		0		squad-1	3	bot-49
246562	bot-73	alpha	S00m-43B0	tick	-15.81	-1.35	53	0.04	0.03	7.32	2	seek	squad-1	7	bot-49
246629	bot-3	alpha	D00r--000	tick	-14.53	21.55	279	0.00	0.00	4.11	0		squad-1	-1	bot-49
246629	bot-50	alpha	C00r-2322	tick	-1.09	15.68	54	0.98	0.88	7.17	5	cover	squad-1	1	bot-49
246896	bot-71	bravo	H00m-4220	health	-22.20	8.20	59	0.00	0.00		0		squad-24	0	bot-71
246947	bot-49	alpha	C00r-4322	state	-0.89	16.18	280	0.00	0.54		0		squad-1	0	bot-49
246947	bot-62	alpha	G00r-4322	tick	-0.01	16.12	299	1.05	0.90		0		squad-1	5	bot-49
246947	bot-63	alpha	S00m-33B0	packs	-13.00	1.74	188	1.43	1.05	3.22	4	seek	squad-1	6	bot-49
247030	bot-49	alpha	G00r-4322	state	-1.02	16.14	262	1.56	0.14	0.44	1	cover	squad-1	0	bot-49
247097	bot-46	bravo	S00r-4420	tick	-21.62	15.48	159	2.41	2.40	18.23	7	seek	squad-2	1	bot-39
247097	bot-67	bravo	P00r-4420	tick	-16.91	14.50	326	0.00	0.02		0		squad-2	2	bot-39
247097	bot-72	bravo	S00r-4320	tick	-17.37	13.02	83	2.69	2.40	16.05	5	seek	squad-24	1	bot-71
247097	bot-77	bravo	S00m-4420	tick	-14.44	20.38	78	0.00	0.00		0		squad-24	3	bot-71
247348	bot-50	alpha	S00r-2320	state+latches	0.80	17.91	60	4.64	2.92	5.98	5	cover	squad-1	1	bot-49
247348	bot-76	alpha	S00r-4410	tick	-15.95	0.67	46	1.40	0.42	1.01	1	seek	squad-1	4	bot-49
247432	bot-39	bravo	P00r-4410	tick	-4.33	-10.24	119	0.07	0.02		8	patrol	squad-2	0	bot-39
247432	bot-68	alpha	P00r-4410	tick	-10.36	-16.20	60	0.00	0.00		0		squad-1	2	bot-49
247432	bot-75	bravo	S00r-4410	tick	-12.23	14.13	79	2.43	1.52	12.03	5	seek	squad-24	2	bot-71
247432	bot-78	bravo	S00r-4410	tick	-18.19	19.18	94	1.02	0.90	14.79	6	seek	squad-24	4	bot-71
247482	bot-70	alpha	P00r-4410	tick	-10.82	-21.54	349	0.00	0.00		0		squad-1	3	bot-49
247566	bot-73	alpha	S00m-43B0	tick	-15.81	-1.34	49	0.53	0.01	7.32	2	seek	squad-1	7	bot-49
247634	bot-3	alpha	D00r--000	tick	-14.53	21.55	279	0.00	0.00	4.11	0		squad-1	-1	bot-49
247900	bot-71	bravo	H00m-4220	tick	-22.20	8.20	51	0.00	0.00		0		squad-24	0	bot-71
247950	bot-62	alpha	G00r-4322	tick	-0.28	16.05	220	0.00	0.28		0		squad-1	5	bot-49
247950	bot-63	alpha	S00m-33B0	tick	-11.73	1.63	100	1.30	1.27	3.52	4	seek	squad-1	6	bot-49
248001	bot-71	bravo	H00m-4320	health	-22.20	8.20	59	0.00	0.00		0		squad-24	0	bot-71
248034	bot-49	alpha	G00r-4322	tick	-1.45	16.05	222	0.00	0.44		0		squad-1	0	bot-49
248101	bot-46	bravo	S00r-4420	tick	-19.46	14.30	80	2.76	2.46	16.24	6	seek	squad-2	1	bot-39
248101	bot-67	bravo	P00r-4420	tick	-16.91	14.50	326	0.00	0.00		0		squad-2	2	bot-39
248101	bot-72	bravo	S00r-4320	tick	-14.76	14.08	86	2.56	2.81	13.35	5	seek	squad-24	1	bot-71
248101	bot-77	bravo	S00m-4420	tick	-14.44	20.38	122	0.00	0.00		0		squad-24	3	bot-71
248352	bot-50	alpha	S00r-2320	tick	-1.01	17.01	253	2.49	2.02	15.59	7	seek	squad-1	1	bot-49
248352	bot-76	alpha	S00r-4410	tick	-14.97	0.41	89	0.52	1.02	1.14	1	seek	squad-1	4	bot-49
248435	bot-39	bravo	P00r-4410	tick	-4.34	-10.24	117	0.25	0.01		0		squad-2	0	bot-39
248435	bot-68	alpha	P00r-4410	tick	-10.36	-16.20	60	0.00	0.01		0		squad-1	2	bot-49
248435	bot-75	bravo	S00r-4410	tick	-9.93	13.07	89	2.51	2.54	10.10	4	seek	squad-24	2	bot-71
248435	bot-78	bravo	S00r-4410	tick	-18.50	18.12	193	1.51	1.10	15.05	6	seek	squad-24	4	bot-71
248485	bot-70	alpha	P00r-4410	tick	-10.82	-21.54	349	0.00	0.00		0		squad-1	3	bot-49
248569	bot-71	bravo	H00m-4310	packs	-22.20	8.20	103	0.00	0.00		0		squad-24	0	bot-71
248569	bot-73	alpha	S00m-43B0	tick	-15.81	-1.33	53	0.54	0.01	7.31	2	seek	squad-1	7	bot-49
248586	bot-49	alpha	C00r-4322	state	-1.41	16.14	217	0.00	0.10		0		squad-1	0	bot-49
248603	bot-49	alpha	G00r-4322	state	-1.48	16.15	217	0.00	0.06		0		squad-1	0	bot-49
248636	bot-3	alpha	D00r--000	tick	-14.53	21.55	279	0.00	0.00	4.11	0		squad-1	-1	bot-49
248687	bot-71	bravo	S00m-4310	state	-22.20	8.20	111	0.00	0.00		0		squad-24	0	bot-71
248954	bot-62	alpha	G00r-4322	tick	-0.95	16.05	263	0.00	0.67		0		squad-1	5	bot-49
248954	bot-63	alpha	S00m-33B0	tick	-10.40	1.48	226	1.32	1.34	4.23	4	seek	squad-1	6	bot-49
249020	bot-62	alpha	S00r-4320	state+latches	-0.92	16.07	266	0.37	0.04		0		squad-1	5	bot-49
807843	bot-3	alpha	D00r--000	tick	-14.53	21.55	279	0.00	0.00	4.11	0		squad-1	-1	bot-49
807843	bot-39	bravo	P00r-4410	tick	-4.37	-10.21	105	0.88	0.04		0		squad-2	0	bot-39
807843	bot-46	bravo	P00r-4420	state	-17.12	13.95	130	2.39	2.36	14.02	5	seek	squad-2	1	bot-39
807843	bot-49	alpha	S00r-4320	state+latches	-1.48	16.05	255	0.00	0.10		0		squad-1	0	bot-49
807843	bot-50	alpha	P00r-2320	state	-1.71	16.74	254	0.40	0.75	14.84	7	seek	squad-1	1	bot-49
807843	bot-62	alpha	P00r-4320	state	-0.89	16.07	265	1.23	0.03	19.12	5	seek	squad-1	5	bot-49
807843	bot-63	alpha	P00m-33B0	state	-10.27	1.46	227	1.32	0.13	4.31	4	seek	squad-1	6	bot-49
807843	bot-67	bravo	P00r-4420	tick	-16.85	14.52	326	0.01	0.06		0		squad-2	2	bot-39
807843	bot-68	alpha	P00r-4410	tick	-10.34	-16.18	60	0.57	0.02		0		squad-1	2	bot-49
807843	bot-70	alpha	P00r-4410	tick	-10.82	-21.54	349	0.00	0.00		0		squad-1	3	bot-49
807843	bot-71	bravo	P00m-4310	state	-21.57	8.77	75	2.45	0.85	20.32	5	seek	squad-24	0	bot-71
807843	bot-72	bravo	P00r-4320	state	-12.30	13.81	84	2.46	2.48	10.92	5	seek	squad-24	1	bot-71
807843	bot-73	alpha	P00m-43B0	state	-15.80	-1.31	45	0.09	0.02	7.30	2	seek	squad-1	7	bot-49
807843	bot-75	bravo	P00r-4410	state	-8.24	12.81	64	2.75	1.71	8.64	3	seek	squad-24	2	bot-71
807843	bot-76	alpha	P00r-4410	state	-14.95	0.88	360	0.68	0.47	0.67	1	seek	squad-1	4	bot-49
807843	bot-77	bravo	P00m-4420	state	-14.44	20.38	144	0.00	0.00		0		squad-24	3	bot-71
807843	bot-78	bravo	P00r-4410	state	-18.87	16.92	86	2.38	1.26	15.46	6	seek	squad-24	4	bot-71
808146	bot-75	bravo	C00r-4410	state	-7.82	12.41	140	1.53	0.58	18.60	5	squad	squad-24	2	bot-71
808163	bot-67	bravo	S00r-4420	state	-16.85	14.52	326	0.00	0.00		0		squad-2	2	bot-39
808163	bot-75	bravo	C00r-4412	latches	-7.78	12.33	149	2.78	0.09	18.61	5	squad	squad-24	2	bot-71
808196	bot-72	bravo	C00r-4320	state	-11.94	12.93	155	2.46	0.95	12.71	6	squad	squad-24	1	bot-71
808196	bot-76	alpha	A00r-4410	state	-14.54	1.23	52	2.49	0.53	18.89	3	squad	squad-1	4	bot-49
808214	bot-63	alpha	A00m-33B0	state	-9.96	1.98	295	2.40	0.60	17.28	3	squad	squad-1	6	bot-49
808214	bot-68	alpha	S00r-4410	state	-10.34	-16.18	60	0.00	0.00		0		squad-1	2	bot-49
808214	bot-68	alpha	P00r-4410	state	-10.34	-16.18	60	0.00	0.00		0		squad-1	2	bot-49
808214	bot-72	bravo	C00r-4322	latches	-11.99	13.04	164	3.84	0.12	2.23	1	cover	squad-24	1	bot-71
808283	bot-72	bravo	C00r-432I	latches	-12.09	13.26	173	2.28	0.24	1.99	1	cover	squad-24	1	bot-71
808413	bot-76	alpha	A00r-441G	latches	-14.53	1.22	30	0.00	0.01		0		squad-1	4	bot-49
808463	bot-63	alpha	A00m-33BG	latches	-9.96	1.98	347	0.00	0.00		0		squad-1	6	bot-49
808463	bot-75	bravo	C00r-441I	latches	-8.43	12.41	193	4.38	0.65	5.00	2	cover	squad-24	2	bot-71
808530	bot-72	bravo	C00r-4322	latches	-12.44	13.97	237	3.71	0.80	1.19	1	cover	squad-24	1	bot-71
808647	bot-76	alpha	S00r-4410	state+latches	-14.53	1.22	30	0.00	0.00		0		squad-1	4	bot-49
808696	bot-63	alpha	S00m-33B0	state+latches	-9.96	1.98	347	0.00	0.00		0		squad-1	6	bot-49
808696	bot-75	bravo	C00r-4412	latches	-9.16	12.73	254	2.55	0.80	4.21	2	cover	squad-24	2	bot-71
808713	bot-72	bravo	G00r-4322	state	-12.77	14.67	280	4.92	0.77	0.42	1	cover	squad-24	1	bot-71
808847	bot-3	alpha	D00r--000	tick	-14.53	21.55	279	0.00	0.00	4.11	0		squad-1	-1	bot-49
808847	bot-39	bravo	P00r-4410	tick	-4.34	-10.24	114	0.07	0.05		8	patrol	squad-2	0	bot-39
808847	bot-46	bravo	P00r-4420	tick	-17.03	13.87	117	0.00	0.12		0		squad-2	1	bot-39
808847	bot-49	alpha	S00r-4320	tick	-2.10	14.91	260	1.19	1.30	18.65	5	seek	squad-1	0	bot-49
808847	bot-50	alpha	P00r-2320	tick	-1.82	15.95	200	1.94	0.79	2.71	5	squad	squad-1	1	bot-49
808847	bot-62	alpha	P00r-4320	tick	-1.11	15.77	158	0.53	0.37	6.73	4	squad	squad-1	5	bot-49
808847	bot-70	alpha	P00r-4410	tick	-10.82	-21.54	349	0.00	0.00		0		squad-1	3	bot-49
808847	bot-71	bravo	P00m-4310	tick	-20.33	10.39	11	2.48	2.04	11.79	3	patrolReentry	squad-24	0	bot-71
808847	bot-73	alpha	P00m-43B0	tick	-15.80	-1.40	57	0.05	0.09	26.50	10	squad	squad-1	7	bot-49
808847	bot-77	bravo	P00m-4420	tick	-14.44	20.38	144	0.00	0.00		0		squad-24	3	bot-71
808847	bot-78	bravo	P00r-4410	tick	-19.11	15.60	199	2.49	1.34	5.79	3	squad	squad-24	4	bot-71
808930	bot-63	alpha	A00m-33B0	state	-9.94	2.29	4	1.32	0.31	7.28	1	seek	squad-1	6	bot-49
809113	bot-49	alpha	C00r-4320	state	-2.17	14.63	243	1.18	0.29	18.53	5	seek	squad-1	0	bot-49
809130	bot-49	alpha	C00r-432I	latches	-2.11	14.78	251	5.00	0.17	1.43	1	cover	squad-1	0	bot-49
809163	bot-67	bravo	S00r-4420	tick	-14.29	14.18	150	2.57	2.58	11.69	3	seek	squad-2	2	bot-39
809230	bot-68	alpha	P00r-4410	tick	-10.34	-16.18	60	0.00	0.00		0		squad-1	2	bot-49
809263	bot-49	alpha	C00r-4322	latches	-2.15	14.67	226	0.77	0.12	1.55	1	cover	squad-1	0	bot-49
809330	bot-63	alpha	F00m-33B0	state	-9.94	2.28	357	0.00	0.01		0		squad-1	6	bot-49
809330	bot-63	alpha	F00m-23B0	ammo	-9.95	2.28	357	0.10	0.00		0		squad-1	6	bot-49
809330	bot-67	bravo	S21r-4420	tier+score	-14.03	14.01	151	1.60	0.32	11.41	2	seek	squad-2	2	bot-39
809330	bot-71	bravo	P21m-4310	tier+score	-20.51	11.53	27	2.27	1.16	10.63	3	patrolReentry	squad-24	0	bot-71
809330	bot-72	bravo	G21r-4322	tier+score	-12.95	15.05	149	0.00	0.42		0		squad-24	1	bot-71
809330	bot-75	bravo	C21r-4312	tier+score+health	-10.57	13.19	290	3.10	1.49	2.74	2	cover	squad-24	2	bot-71
809330	bot-77	bravo	P21m-4420	tier+score	-14.44	20.38	144	0.00	0.00		0		squad-24	3	bot-71
809330	bot-78	bravo	P21r-4410	tier+score	-19.21	14.46	173	3.80	1.15	4.19	2	squad	squad-24	4	bot-71
809347	bot-46	bravo	P21r-4420	tier+score	-17.03	13.87	117	0.00	0.00		0		squad-2	1	bot-39
809347	bot-63	alpha	A00m-23B0	state	-9.95	2.28	357	0.10	0.00		0		squad-1	6	bot-49
809430	bot-67	bravo	C21r-4420	state	-13.90	13.89	151	2.41	0.17	11.25	2	seek	squad-2	2	bot-39
809446	bot-67	bravo	C21r-4422	latches	-13.86	14.05	142	5.26	0.17	1.08	1	cover	squad-2	2	bot-39
809480	bot-63	alpha	F00m-23B0	state	-9.95	2.28	355	0.11	0.00		0		squad-1	6	bot-49
809480	bot-67	bravo	C32r-442I	tier+score+latches	-13.82	14.22	134	5.18	0.17	0.91	1	cover	squad-2	2	bot-39
809480	bot-71	bravo	C32m-4310	state+tier+score	-20.52	11.53	58	0.01	0.00		0		squad-24	0	bot-71
809480	bot-72	bravo	G32r-4322	tier+score	-12.95	15.05	118	0.00	0.00		0		squad-24	1	bot-71
809480	bot-75	bravo	E32r-4210	state+tier+score+health+latches	-10.98	13.29	255	3.22	0.42		0		squad-24	2	bot-71
809480	bot-77	bravo	C32m-4420	state+tier+score	-14.44	20.38	162	0.00	0.00		0		squad-24	3	bot-71
809480	bot-78	bravo	P32r-4410	tier+score	-19.18	14.43	195	0.00	0.04		0		squad-24	4	bot-71
809496	bot-46	bravo	P32r-4420	tier+score	-17.03	13.87	151	0.00	0.00		0		squad-2	1	bot-39
809496	bot-63	alpha	A00m-23B0	state	-9.95	2.28	355	0.00	0.00		0		squad-1	6	bot-49
809496	bot-71	bravo	M32m-4310	state	-20.52	11.53	62	0.32	0.00	9.53	6	cover	squad-24	0	bot-71
809496	bot-75	bravo	E32r-4219	latches	-11.07	13.35	255	2.97	0.10	5.03	2	flee	squad-24	2	bot-71
809496	bot-77	bravo	C32m-4422	latches	-14.44	20.38	162	0.00	0.00		0		squad-24	3	bot-71
809596	bot-67	bravo	G32r-442I	state	-13.74	14.74	107	5.13	0.53	0.42	1	cover	squad-2	2	bot-39
809630	bot-63	alpha	F00m-23B0	state	-9.95	2.28	353	0.00	0.00		0		squad-1	6	bot-49
809630	bot-67	bravo	G33r-442I	score	-13.48	15.02	110	0.00	0.38		0		squad-2	2	bot-39
809630	bot-71	bravo	M33m-4310	score	-20.52	11.53	62	0.01	0.01		0		squad-24	0	bot-71
809630	bot-72	bravo	G33r-4322	score	-12.95	15.05	129	0.00	0.00		0		squad-24	1	bot-71
809630	bot-75	bravo	E33r-4119	score+health	-11.39	13.55	255	3.10	0.38	4.65	2	flee	squad-24	2	bot-71
809630	bot-77	bravo	C33m-4422	score	-14.44	20.38	162	0.00	0.00		0		squad-24	3	bot-71
809630	bot-78	bravo	P33r-4410	score	-19.18	14.43	183	0.00	0.00		0		squad-24	4	bot-71
809646	bot-46	bravo	P33r-4420	score	-17.03	13.87	141	0.00	0.00		0		squad-2	1	bot-39
809646	bot-63	alpha	A00m-23B0	state	-9.95	2.28	353	0.11	0.00		0		squad-1	6	bot-49
809663	bot-76	alpha	S00r-4410	tick	-12.92	2.82	13	2.54	2.27	8.95	2	seek	squad-1	4	bot-49
809713	bot-49	alpha	A00r-4320	state+latches	-2.27	14.31	266	1.07	0.38	1.93	1	cover	squad-1	0	bot-49
809730	bot-67	bravo	G33r-4422	latches	-13.42	15.08	102	2.33	0.09		0		squad-2	2	bot-39
809780	bot-63	alpha	F00m-23B0	state	-9.95	2.28	352	0.11	0.00		0		squad-1	6	bot-49
809780	bot-67	bravo	G44rb4422	tier+score+element	-13.45	15.05	98	0.28	0.04		0		squad-2	2	bot-39
809780	bot-71	bravo	M44mm4310	tier+score+element	-20.52	11.53	62	0.00	0.00		0		squad-24	0	bot-71
809780	bot-72	bravo	G44rm4322	tier+score+element	-12.95	15.05	141	0.00	0.00		0		squad-24	1	bot-71
809780	bot-75	bravo	E44rm4019	tier+score+element+health	-11.72	13.86	255	2.80	0.45	4.21	2	flee	squad-24	2	bot-71
809780	bot-77	bravo	S44mb4424	state+tier+score+element+latches	-14.44	20.38	162	0.00	0.00		0		squad-24	3	bot-71
809780	bot-78	bravo	S44rm4410	state+tier+score+element	-19.18	14.43	173	0.00	0.00		0		squad-24	4	bot-71
809796	bot-46	bravo	S44rm4420	state+tier+score+element	-17.03	13.87	130	0.00	0.00		0		squad-2	1	bot-39
809796	bot-63	alpha	A00m-23B0	state	-9.95	2.28	351	0.00	0.00		0		squad-1	6	bot-49
809796	bot-77	bravo	S44mm4424	element	-14.44	20.38	156	0.00	0.00		0		squad-24	3	bot-71
809796	bot-78	bravo	A44rb4410	state+element	-19.15	14.43	170	1.52	0.03	12.46	3	seek	squad-24	4	bot-71
809847	bot-3	alpha	D00r--000	tick	-14.53	21.55	279	0.00	0.00	4.11	0		squad-1	-1	bot-49
809847	bot-39	bravo	P00r-4410	tick	-4.34	-10.24	118	0.10	0.01		8	patrol	squad-2	0	bot-39
809847	bot-50	alpha	P00r-2320	tick	-2.16	14.87	189	0.02	1.13	2.31	2	squad	squad-1	1	bot-49
809847	bot-62	alpha	P00r-4320	tick	-1.54	15.56	166	0.08	0.47	7.44	4	squad	squad-1	5	bot-49
809847	bot-70	alpha	P00r-4410	tick	-10.82	-21.54	349	0.00	0.00		0		squad-1	3	bot-49
809847	bot-73	alpha	P00m-43B0	tick	-15.81	-1.39	25	0.06	0.00	21.02	4	squad	squad-1	7	bot-49
809930	bot-63	alpha	F00m-23B0	state	-9.95	2.28	350	0.00	0.00		0		squad-1	6	bot-49
809930	bot-63	alpha	P00m-23B0	state	-9.95	2.28	350	0.00	0.00		0		squad-1	6	bot-49
809930	bot-75	bravo	D00r--000	state+tier+score+element+ammo+packs+latches	-12.06	14.17	255	0.00	0.46	3.75	2	flee	squad-24	2	bot-71
809930	bot-67	bravo	S46rb4424	state+score+latches	-13.49	15.06	88	0.24	0.05		0		squad-2	2	bot-39
809930	bot-71	bravo	S46mm4310	state+score	-20.52	11.53	62	0.00	0.00		0		squad-24	0	bot-71
809930	bot-72	bravo	G46rm4322	score	-12.95	15.05	153	0.00	0.00		0		squad-24	1	bot-71
809930	bot-76	alpha	P00r-4410	state	-12.41	3.22	32	2.71	0.65		0		squad-1	4	bot-49
809930	bot-77	bravo	S46mm4424	score	-14.44	20.38	128	0.00	0.00		0		squad-24	3	bot-71
809930	bot-78	bravo	A46rb4410	score	-19.14	14.42	139	0.02	0.01		0		squad-24	4	bot-71
809953	bot-28	alpha	D00r--000	tick	-24.75	-13.25	175	0.00	0.00	5.03	0		squad-1	-1	bot-49
809953	bot-46	bravo	S46rm4420	score	-16.78	13.89	146	1.44	0.25	11.28	3	seek	squad-2	1	bot-39
809953	bot-63	alpha	P00m-R3B0	ammo	-9.92	2.30	355	1.32	0.03	16.73	3	squad	squad-1	6	bot-49
809953	bot-67	bravo	S46rm4424	element	-13.51	15.08	85	0.18	0.02		0		squad-2	2	bot-39
809982	bot-78	bravo	C46rb4410	state	-19.14	14.42	131	0.01	0.00		0		squad-24	3	bot-71
810000	bot-46	bravo	C46rm4420	state	-16.74	13.89	146	1.43	0.04	11.26	3	seek	squad-2	1	bot-39
810000	bot-78	bravo	A46rb4410	state	-19.16	14.41	128	1.15	0.02	8.60	3	cover	squad-24	3	bot-71
810013	bot-46	bravo	C46rm4422	latches	-16.69	13.91	139	1.66	0.05	3.44	1	cover	squad-2	1	bot-39
810230	bot-67	bravo	C46rm4420	state+latches	-13.55	15.09	65	0.00	0.04		0		squad-2	2	bot-39
810247	bot-67	bravo	C46rb4422	element+latches	-13.55	15.08	72	0.49	0.01	0.80	1	cover	squad-2	2	bot-39
810247	bot-68	alpha	P00r-4410	tick	-10.34	-16.18	60	0.00	0.00		0		squad-1	2	bot-49
810297	bot-77	bravo	P46mm4420	state+latches	-14.44	20.38	124	0.00	0.00		0		squad-24	2	bot-71
810313	bot-77	bravo	S46mm4420	state	-14.44	20.38	124	0.00	0.00		0		squad-24	2	bot-71
810313	bot-77	bravo	P46mm4420	state	-14.44	20.38	124	0.00	0.00		0		squad-24	2	bot-71
810330	bot-77	bravo	S46mm4420	state	-14.44	20.38	124	0.00	0.00		0		squad-24	2	bot-71
810330	bot-77	bravo	P46mm4420	state	-14.44	20.38	124	0.00	0.00		0		squad-24	2	bot-71
810347	bot-77	bravo	S46mm4420	state	-14.44	20.38	124	0.00	0.00		0		squad-24	2	bot-71
810347	bot-77	bravo	P46mm4420	state	-14.44	20.38	124	0.00	0.00		0		squad-24	2	bot-71
810363	bot-77	bravo	S46mm4420	state	-14.44	20.38	124	0.00	0.00		0		squad-24	2	bot-71
810363	bot-77	bravo	P46mm4420	state	-14.44	20.38	124	0.00	0.00		0		squad-24	2	bot-71
810380	bot-77	bravo	S46mm4420	state	-14.44	20.38	124	0.00	0.00		0		squad-24	2	bot-71
810380	bot-77	bravo	P46mm4420	state	-14.44	20.38	124	0.00	0.00		0		squad-24	2	bot-71
810396	bot-77	bravo	S46mm4420	state	-14.44	20.38	124	0.00	0.00		0		squad-24	2	bot-71
810396	bot-77	bravo	P46mm4420	state	-14.44	20.38	124	0.00	0.00		0		squad-24	2	bot-71
810413	bot-77	bravo	S46mm4420	state	-14.44	20.38	124	0.00	0.00		0		squad-24	2	bot-71
810413	bot-77	bravo	P46mm4420	state	-14.44	20.38	124	0.00	0.00		0		squad-24	2	bot-71
810430	bot-77	bravo	S46mm4420	state	-14.44	20.38	124	0.00	0.00		0		squad-24	2	bot-71
810430	bot-77	bravo	P46mm4420	state	-14.44	20.38	124	0.00	0.00		0		squad-24	2	bot-71
810446	bot-77	bravo	S46mm4420	state	-14.44	20.38	124	0.00	0.00		0		squad-24	2	bot-71
810446	bot-77	bravo	P46mm4420	state	-14.44	20.38	124	0.00	0.00		0		squad-24	2	bot-71
810463	bot-77	bravo	S46mm4420	state	-14.44	20.38	124	0.00	0.00		0		squad-24	2	bot-71
810463	bot-77	bravo	P46mm4420	state	-14.44	20.38	124	0.00	0.00		0		squad-24	2	bot-71
810480	bot-77	bravo	S46mm4420	state	-14.44	20.38	124	0.00	0.00		0		squad-24	2	bot-71
810480	bot-77	bravo	P46mm4420	state	-14.44	20.38	124	0.00	0.00		0		squad-24	2	bot-71
810496	bot-77	bravo	S46mm4420	state	-14.44	20.38	124	0.00	0.00		0		squad-24	2	bot-71
810496	bot-77	bravo	P46mm4420	state	-14.44	20.38	124	0.00	0.00		0		squad-24	2	bot-71
810513	bot-77	bravo	S46mm4420	state	-14.44	20.38	124	0.00	0.00		0		squad-24	2	bot-71
810513	bot-77	bravo	P46mm4420	state	-14.44	20.38	124	0.00	0.00		0		squad-24	2	bot-71
810530	bot-77	bravo	S46mm4420	state	-14.44	20.38	124	0.00	0.00		0		squad-24	2	bot-71
810530	bot-77	bravo	P46mm4420	state	-14.44	20.38	124	0.00	0.00		0		squad-24	2	bot-71
810546	bot-77	bravo	S46mm4420	state	-14.44	20.38	124	0.00	0.00		0		squad-24	2	bot-71
810546	bot-77	bravo	P46mm4420	state	-14.44	20.38	124	0.00	0.00		0		squad-24	2	bot-71
810563	bot-77	bravo	S46mm4420	state	-14.44	20.38	124	0.00	0.00		0		squad-24	2	bot-71
810563	bot-77	bravo	P46mm4420	state	-14.44	20.38	124	0.00	0.00		0		squad-24	2	bot-71
810582	bot-77	bravo	S46mm4420	state	-14.44	20.38	124	0.00	0.00		0		squad-24	2	bot-71
810582	bot-77	bravo	P46mm4420	state	-14.44	20.38	124	0.00	0.00		0		squad-24	2	bot-71
810600	bot-71	bravo	A46mb4310	state+element	-19.72	11.91	146	2.27	0.89	14.87	9	seek	squad-24	0	bot-71
810600	bot-77	bravo	S46mm4420	state	-14.44	20.38	124	0.00	0.00		0		squad-24	2	bot-71
810600	bot-77	bravo	P46mm4420	state	-14.44	20.38	124	0.00	0.00		0		squad-24	2	bot-71
810637	bot-71	bravo	A46mm431G	element+latches	-19.72	11.90	142	0.10	0.00		0		squad-24	0	bot-71
810637	bot-77	bravo	S46mm4420	state	-14.44	20.38	124	0.00	0.00		0		squad-24	2	bot-71
810637	bot-77	bravo	P46mm4420	state	-14.44	20.38	124	0.00	0.00		0		squad-24	2	bot-71
810651	bot-77	bravo	S46mm4420	state	-14.44	20.38	124	0.00	0.00		0		squad-24	2	bot-71
810651	bot-77	bravo	P46mm4420	state	-14.44	20.38	124	0.00	0.00		0		squad-24	2	bot-71
810669	bot-77	bravo	S46mm4420	state	-14.44	20.38	124	0.00	0.00		0		squad-24	2	bot-71
810669	bot-77	bravo	P46mm4420	state	-14.44	20.38	124	0.00	0.00		0		squad-24	2	bot-71
810683	bot-77	bravo	S46mm4420	state	-14.44	20.38	124	0.00	0.00		0		squad-24	2	bot-71
810683	bot-77	bravo	P46mm4420	state	-14.44	20.38	124	0.00	0.00		0		squad-24	2	bot-71
810698	bot-77	bravo	S46mm4420	state	-14.44	20.38	124	0.00	0.00		0		squad-24	2	bot-71
810698	bot-77	bravo	P46mm4420	state	-14.44	20.38	124	0.00	0.00		0		squad-24	2	bot-71
810698	bot-78	bravo	F46rb4410	state	-19.15	14.40	91	0.00	0.01		0		squad-24	3	bot-71
810698	bot-78	bravo	F46rbR410	ammo	-19.15	14.40	91	0.00	0.00		0		squad-24	3	bot-71
810717	bot-49	alpha	A00r-4320	tick	-2.29	14.25	271	0.00	0.06		0		squad-1	0	bot-49
810717	bot-77	bravo	S46mm4420	state	-14.44	20.38	124	0.00	0.00		0		squad-24	2	bot-71
810717	bot-77	bravo	P46mm4420	state	-14.44	20.38	124	0.00	0.00		0		squad-24	2	bot-71
810717	bot-78	bravo	A46rbR410	state	-19.15	14.40	91	0.00	0.00		0		squad-24	3	bot-71
810730	bot-77	bravo	S46mm4420	state	-14.44	20.38	124	0.00	0.00		0		squad-24	2	bot-71
810730	bot-77	bravo	P46mm4420	state	-14.44	20.38	124	0.00	0.00		0		squad-24	2	bot-71
810748	bot-77	bravo	S46mm4420	state	-14.44	20.38	124	0.00	0.00		0		squad-24	2	bot-71
810748	bot-77	bravo	P46mm4420	state	-14.44	20.38	124	0.00	0.00		0		squad-24	2	bot-71
810763	bot-77	bravo	S46mm4420	state	-14.44	20.38	124	0.00	0.00		0		squad-24	2	bot-71
810763	bot-77	bravo	P46mm4420	state	-14.44	20.38	124	0.00	0.00		0		squad-24	2	bot-71
810780	bot-77	bravo	S46mm4420	state	-14.44	20.38	124	0.00	0.00		0		squad-24	2	bot-71
810780	bot-77	bravo	P46mm4420	state	-14.44	20.38	124	0.00	0.00		0		squad-24	2	bot-71
810796	bot-77	bravo	S46mm4420	state	-14.44	20.38	124	0.00	0.00		0		squad-24	2	bot-71
810796	bot-77	bravo	P46mm4420	state	-14.44	20.38	124	0.00	0.00		0		squad-24	2	bot-71
810796	bot-78	bravo	C46rbR410	state	-19.15	14.40	91	0.00	0.00		0		squad-24	3	bot-71
810813	bot-77	bravo	S46mm4420	state	-14.44	20.38	124	0.00	0.00		0		squad-24	2	bot-71
810813	bot-77	bravo	P46mm4420	state	-14.44	20.38	124	0.00	0.00		0		squad-24	2	bot-71
810813	bot-78	bravo	C46rbR412	latches	-19.17	14.37	91	1.16	0.04	8.63	3	cover	squad-24	3	bot-71
810830	bot-77	bravo	S46mm4420	state	-14.44	20.38	124	0.00	0.00		0		squad-24	2	bot-71
810830	bot-77	bravo	P46mm4420	state	-14.44	20.38	124	0.00	0.00		0		squad-24	2	bot-71
810846	bot-77	bravo	S46mm4420	state	-14.44	20.38	124	0.00	0.00		0		squad-24	2	bot-71
810846	bot-77	bravo	P46mm4420	state	-14.44	20.38	124	0.00	0.00		0		squad-24	2	bot-71
810863	bot-3	alpha	D00r--000	tick	-14.53	21.55	279	0.00	0.00	4.11	0		squad-1	-1	bot-49
810863	bot-39	bravo	P00r-4410	tick	-4.33	-10.24	86	0.06	0.02		8	patrol	squad-2	0	bot-39
810863	bot-50	alpha	P00r-2320	tick	-2.18	14.81	267	0.34	0.06	2.32	2	squad	squad-1	1	bot-49
810863	bot-62	alpha	P00r-4320	tick	-1.51	15.41	132	0.17	0.15	7.50	4	squad	squad-1	5	bot-49
810863	bot-70	alpha	P00r-4410	tick	-10.82	-21.54	349	0.00	0.00		0		squad-1	3	bot-49
810863	bot-71	bravo	S46mm4314	state+latches	-19.72	11.90	142	0.00	0.00		0		squad-24	0	bot-71
810863	bot-73	alpha	P00m-43B0	tick	-15.80	-1.38	38	0.12	0.02	21.00	4	squad	squad-1	7	bot-49
810863	bot-77	bravo	S46mm4420	state	-14.44	20.38	124	0.00	0.00		0		squad-24	2	bot-71
810863	bot-77	bravo	P46mm4420	state	-14.44	20.38	124	0.00	0.00		0		squad-24	2	bot-71
810880	bot-77	bravo	S46mm4420	state	-14.44	20.38	124	0.00	0.00		0		squad-24	2	bot-71
810880	bot-77	bravo	P46mm4420	state	-14.44	20.38	124	0.00	0.00		0		squad-24	2	bot-71
810897	bot-77	bravo	S46mm4420	state	-14.44	20.38	124	0.00	0.00		0		squad-24	2	bot-71
810897	bot-77	bravo	P46mm4420	state	-14.44	20.38	124	0.00	0.00		0		squad-24	2	bot-71
810920	bot-77	bravo	S46mm4420	state	-14.44	20.38	124	0.00	0.00		0		squad-24	2	bot-71
810920	bot-77	bravo	P46mm4420	state	-14.44	20.38	124	0.00	0.00		0		squad-24	2	bot-71
810948	bot-72	bravo	A46rm4320	state+latches	-12.95	15.05	204	0.00	0.00		0		squad-24	1	bot-71
810948	bot-76	alpha	P00r-4410	tick	-10.42	4.78	30	2.40	2.53	14.54	2	squad	squad-1	4	bot-49
810948	bot-77	bravo	S46mm4420	state	-14.44	20.38	124	0.00	0.00		0		squad-24	2	bot-71
810948	bot-77	bravo	P46mm4420	state	-14.44	20.38	124	0.00	0.00		0		squad-24	2	bot-71
810967	bot-63	alpha	P00m-R3B0	tick	-8.28	3.79	62	2.40	2.21	14.55	3	squad	squad-1	6	bot-49
810967	bot-77	bravo	S46mm4420	state	-14.44	20.38	124	0.00	0.00		0		squad-24	2	bot-71
810967	bot-77	bravo	P46mm4420	state	-14.44	20.38	124	0.00	0.00		0		squad-24	2	bot-71
810980	bot-77	bravo	S46mm4420	state	-14.44	20.38	124	0.00	0.00		0		squad-24	2	bot-71
810980	bot-77	bravo	P46mm4420	state	-14.44	20.38	124	0.00	0.00		0		squad-24	2	bot-71
810998	bot-77	bravo	S46mm4420	state	-14.44	20.38	124	0.00	0.00		0		squad-24	2	bot-71
810998	bot-77	bravo	P46mm4420	state	-14.44	20.38	124	0.00	0.00		0		squad-24	2	bot-71
811013	bot-67	bravo	A46rb4420	state+latches	-13.55	15.04	137	0.00	0.03		0		squad-2	2	bot-39
811013	bot-77	bravo	S46mm4420	state	-14.44	20.38	124	0.00	0.00		0		squad-24	2	bot-71
811013	bot-77	bravo	P46mm4420	state	-14.44	20.38	124	0.00	0.00		0		squad-24	2	bot-71
811030	bot-46	bravo	C46rm4422	tick	-14.25	15.16	32	4.86	2.75	0.80	1	cover	squad-2	1	bot-39
811030	bot-77	bravo	S46mm4420	state	-14.44	20.38	124	0.00	0.00		0		squad-24	2	bot-71
811030	bot-77	bravo	P46mm4420	state	-14.44	20.38	124	0.00	0.00		0		squad-24	2	bot-71
811047	bot-49	alpha	C00r-4320	state	-2.29	14.21	270	0.00	0.04		0		squad-1	0	bot-49
811047	bot-77	bravo	S46mm4420	state	-14.44	20.38	124	0.00	0.00		0		squad-24	2	bot-71
811047	bot-77	bravo	P46mm4420	state	-14.44	20.38	124	0.00	0.00		0		squad-24	2	bot-71
811063	bot-49	alpha	C00r-4322	latches	-2.29	14.21	270	0.17	0.01	2.03	1	cover	squad-1	0	bot-49
811063	bot-77	bravo	S46mm4420	state	-14.44	20.38	124	0.00	0.00		0		squad-24	2	bot-71
811063	bot-77	bravo	P46mm4420	state	-14.44	20.38	124	0.00	0.00		0		squad-24	2	bot-71
811080	bot-77	bravo	S46mm4420	state	-14.44	20.38	124	0.00	0.00		0		squad-24	2	bot-71
811080	bot-77	bravo	P46mm4420	state	-14.44	20.38	124	0.00	0.00		0		squad-24	2	bot-71
811096	bot-77	bravo	S46mm4420	state	-14.44	20.38	124	0.00	0.00		0		squad-24	2	bot-71
811096	bot-77	bravo	P46mm4420	state	-14.44	20.38	124	0.00	0.00		0		squad-24	2	bot-71
811113	bot-71	bravo	S46mm4310	latches	-19.70	11.91	91	1.24	0.02	16.25	4	seek	squad-24	0	bot-71
811113	bot-77	bravo	S46mm4420	state	-14.44	20.38	124	0.00	0.00		0		squad-24	2	bot-71
811113	bot-77	bravo	P46mm4420	state	-14.44	20.38	124	0.00	0.00		0		squad-24	2	bot-71
811130	bot-50	alpha	A00r-2320	state	-2.27	14.79	276	0.97	0.09	2.25	2	squad	squad-1	1	bot-49
811130	bot-77	bravo	S46mm4420	state	-14.44	20.38	124	0.00	0.00		0		squad-24	2	bot-71
811130	bot-77	bravo	P46mm4420	state	-14.44	20.38	124	0.00	0.00		0		squad-24	2	bot-71
811146	bot-50	alpha	A00r-232G	latches	-2.27	14.79	272	0.00	0.00		0		squad-1	1	bot-49
811146	bot-77	bravo	S46mm4420	state	-14.44	20.38	124	0.00	0.00		0		squad-24	2	bot-71
811146	bot-77	bravo	P46mm4420	state	-14.44	20.38	124	0.00	0.00		0		squad-24	2	bot-71
811163	bot-77	bravo	C46mm4420	state	-14.44	20.38	124	0.00	0.00		0		squad-24	2	bot-71
811180	bot-77	bravo	S46mb4424	state+element+latches	-14.44	20.38	124	0.00	0.00		0		squad-24	2	bot-71
811201	bot-77	bravo	S46mm4424	element	-14.44	20.38	132	0.00	0.00		0		squad-24	2	bot-71
811247	bot-68	alpha	P00r-4410	tick	-10.34	-16.18	60	0.00	0.00		0		squad-1	2	bot-49
811247	bot-72	bravo	F46rm4320	state	-12.95	15.05	155	0.00	0.00		0		squad-24	1	bot-71
811247	bot-72	bravo	F46rm3320	ammo	-12.95	15.05	154	0.00	0.00		0		squad-24	1	bot-71
811266	bot-63	alpha	C00m-R3B0	state	-7.79	4.24	53	2.37	0.67	13.89	3	squad	squad-1	6	bot-49
811266	bot-72	bravo	A46rm3320	state	-12.95	15.05	154	0.00	0.00		0		squad-24	1	bot-71
811280	bot-63	alpha	C00m-R3B2	latches	-7.71	4.11	61	4.55	0.15	5.33	1	cover	squad-1	6	bot-49
811363	bot-72	bravo	F46rm3320	state	-12.95	15.05	154	0.00	0.00		0		squad-24	1	bot-71
811380	bot-50	alpha	S00r-2320	state+latches	-2.22	14.81	272	0.42	0.05		0		squad-1	1	bot-49
811380	bot-72	bravo	A46rm3320	state	-12.95	15.05	154	0.00	0.00		0		squad-24	1	bot-71
811396	bot-71	bravo	A46mb4310	state+element	-19.34	12.07	92	2.37	0.39	15.90	4	seek	squad-24	0	bot-71
811413	bot-63	alpha	C00m-43B2	ammo	-7.40	3.60	96	4.48	0.60	4.73	1	cover	squad-1	6	bot-49
811480	bot-72	bravo	F46rm3320	state	-12.95	15.05	154	0.00	0.00		0		squad-24	1	bot-71
811497	bot-71	bravo	A46mm431G	element+latches	-19.34	12.07	83	0.00	0.00		0		squad-24	0	bot-71
811497	bot-72	bravo	A46rm3320	state	-12.95	15.05	154	0.00	0.00		0		squad-24	1	bot-71
811513	bot-76	alpha	A00r-4410	state	-9.38	5.61	48	2.41	1.32	13.23	2	squad	squad-1	4	bot-49
811531	bot-67	bravo	F46rb4420	state	-13.55	15.04	152	0.00	0.00		0		squad-2	2	bot-39
811531	bot-72	bravo	A46rm332G	latches	-12.95	15.05	157	0.00	0.00		0		squad-24	1	bot-71
811531	bot-76	alpha	A00r-441G	latches	-9.38	5.61	44	0.00	0.00		0		squad-1	4	bot-49
811547	bot-67	bravo	A46rb4420	state	-13.55	15.04	152	0.00	0.00		0		squad-2	2	bot-39
811547	bot-72	bravo	A46rm3320	latches	-12.95	15.05	154	0.00	0.00		0		squad-24	1	bot-71
811646	bot-67	bravo	F46rb4420	state	-13.55	15.04	152	0.00	0.00		0		squad-2	2	bot-39
811663	bot-67	bravo	A46rb4420	state	-13.55	15.04	152	0.00	0.00		0		squad-2	2	bot-39
811680	bot-77	bravo	P46mm4420	state+latches	-14.44	20.38	209	0.00	0.00		0		squad-24	2	bot-71
811696	bot-77	bravo	S46mm4420	state	-14.44	20.38	209	0.00	0.00		0		squad-24	2	bot-71
811696	bot-77	bravo	P46mm4420	state	-14.44	20.38	209	0.00	0.00		0		squad-24	2	bot-71
811713	bot-77	bravo	S46mm4420	state	-14.44	20.38	209	0.00	0.00		0		squad-24	2	bot-71
811713	bot-77	bravo	P46mm4420	state	-14.44	20.38	209	0.00	0.00		0		squad-24	2	bot-71
811733	bot-71	bravo	S46mm4314	state+latches	-19.34	12.07	83	0.00	0.00		0		squad-24	0	bot-71
811733	bot-77	bravo	S46mm4420	state	-14.44	20.38	209	0.00	0.00		0		squad-24	2	bot-71
811733	bot-77	bravo	P46mm4420	state	-14.44	20.38	209	0.00	0.00		0		squad-24	2	bot-71
811753	bot-77	bravo	S46mm4420	state	-14.44	20.38	209	0.00	0.00		0		squad-24	2	bot-71
811753	bot-77	bravo	P46mm4420	state	-14.44	20.38	209	0.00	0.00		0		squad-24	2	bot-71
811766	bot-67	bravo	F46rb4420	state	-13.55	15.04	152	0.00	0.00		0		squad-2	2	bot-39
811766	bot-76	alpha	S00r-4410	state+latches	-9.39	5.61	44	0.00	0.00		0		squad-1	4	bot-49
811766	bot-77	bravo	S46mm4420	state	-14.44	20.38	209	0.00	0.00		0		squad-24	2	bot-71
811766	bot-77	bravo	P46mm4420	state	-14.44	20.38	209	0.00	0.00		0		squad-24	2	bot-71
811782	bot-67	bravo	A46rb4420	state	-13.55	15.04	152	0.00	0.00		0		squad-2	2	bot-39
811782	bot-77	bravo	S46mm4420	state	-14.44	20.38	209	0.00	0.00		0		squad-24	2	bot-71
811782	bot-77	bravo	P46mm4420	state	-14.44	20.38	209	0.00	0.00		0		squad-24	2	bot-71
811796	bot-77	bravo	S46mm4420	state	-14.44	20.38	209	0.00	0.00		0		squad-24	2	bot-71
811796	bot-77	bravo	P46mm4420	state	-14.44	20.38	209	0.00	0.00		0		squad-24	2	bot-71
811813	bot-77	bravo	S46mm4420	state	-14.44	20.38	209	0.00	0.00		0		squad-24	2	bot-71
811813	bot-77	bravo	P46mm4420	state	-14.44	20.38	209	0.00	0.00		0		squad-24	2	bot-71
811830	bot-77	bravo	S46mm4420	state	-14.44	20.38	209	0.00	0.00		0		squad-24	2	bot-71
811830	bot-77	bravo	P46mm4420	state	-14.44	20.38	209	0.00	0.00		0		squad-24	2	bot-71
811830	bot-78	bravo	C46rbR412	tick	-21.40	15.61	94	4.56	2.55	6.46	2	cover	squad-24	3	bot-71
811846	bot-77	bravo	S46mm4420	state	-14.44	20.38	209	0.00	0.00		0		squad-24	2	bot-71
811846	bot-77	bravo	P46mm4420	state	-14.44	20.38	209	0.00	0.00		0		squad-24	2	bot-71
811863	bot-71	bravo	A46mb4310	state+element+latches	-19.34	12.07	65	0.00	0.00		0		squad-24	0	bot-71
811863	bot-77	bravo	S46mm4420	state	-14.44	20.38	209	0.00	0.00		0		squad-24	2	bot-71
811863	bot-77	bravo	P46mm4420	state	-14.44	20.38	209	0.00	0.00		0		squad-24	2	bot-71
811880	bot-3	alpha	D00r--000	tick	-14.53	21.55	279	0.00	0.00	4.11	0		squad-1	-1	bot-49
811880	bot-39	bravo	P00r-4410	tick	-4.34	-10.24	96	0.08	0.01		8	patrol	squad-2	0	bot-39
811880	bot-50	alpha	A00r-2320	state	-2.21	14.80	261	1.20	0.02	17.46	4	seek	squad-1	1	bot-49
811880	bot-62	alpha	P00r-4320	tick	-1.71	15.34	90	0.57	0.21	7.38	4	squad	squad-1	5	bot-49
811880	bot-67	bravo	F46rb4420	state	-13.55	15.04	151	0.00	0.00		0		squad-2	2	bot-39
811880	bot-70	alpha	P00r-4410	tick	-10.82	-21.54	349	0.00	0.00		0		squad-1	3	bot-49
811880	bot-73	alpha	P00m-43B0	tick	-15.80	-1.37	70	0.11	0.01	19.98	4	squad	squad-1	7	bot-49
811880	bot-77	bravo	S46mm4420	state	-14.44	20.38	209	0.00	0.00		0		squad-24	2	bot-71
811880	bot-77	bravo	P46mm4420	state	-14.44	20.38	209	0.00	0.00		0		squad-24	2	bot-71
811897	bot-50	alpha	A00r-232G	latches	-2.21	14.80	261	0.00	0.01		0		squad-1	1	bot-49
811897	bot-67	bravo	A46rb4420	state	-13.55	15.04	151	0.00	0.00		0	muzzleRecovery	squad-2	2	bot-39
811897	bot-71	bravo	A46mm431G	element+latches	-19.34	12.07	72	0.00	0.00		0		squad-24	0	bot-71
811897	bot-77	bravo	S46mm4420	state	-14.44	20.38	209	0.00	0.00		0		squad-24	2	bot-71
811897	bot-77	bravo	P46mm4420	state	-14.44	20.38	209	0.00	0.00		0		squad-24	2	bot-71
811913	bot-77	bravo	S46mm4420	state	-14.44	20.38	209	0.00	0.00		0		squad-24	2	bot-71
811913	bot-77	bravo	P46mm4420	state	-14.44	20.38	209	0.00	0.00		0		squad-24	2	bot-71
812024	bot-67	bravo	F46rb4420	state	-13.55	15.04	151	0.00	0.00		0		squad-2	2	bot-39
812024	bot-77	bravo	S46mm4420	state	-14.44	20.38	209	0.00	0.00		0		squad-24	2	bot-71
812024	bot-77	bravo	P46mm4420	state	-14.44	20.38	209	0.00	0.00		0		squad-24	2	bot-71
812151	bot-46	bravo	C46rm4422	tick	-14.12	15.14	266	0.00	0.13		0		squad-2	1	bot-39
812151	bot-49	alpha	C00r-4322	tick	-2.30	14.24	275	0.37	0.03	7.97	2	cover	squad-1	0	bot-49
812151	bot-50	alpha	S00r-2320	state+latches	-2.20	14.81	261	0.00	0.01		0		squad-1	1	bot-49
812151	bot-67	bravo	U46rb4424	state+latches	-13.54	15.04	151	0.00	0.01		0		squad-2	2	bot-39
812151	bot-71	bravo	S46mm4314	state+latches	-19.34	12.07	72	0.00	0.00		0		squad-24	0	bot-71
812151	bot-73	alpha	P21m-43B0	tier+score	-15.80	-1.40	71	0.28	0.03	20.01	4	squad	squad-1	7	bot-49
812151	bot-76	alpha	S21r-4410	tier+score	-9.55	6.06	345	2.42	0.48	10.63	3	seek	squad-1	4	bot-49
812151	bot-77	bravo	C46mm4420	state	-14.44	20.38	209	0.00	0.00		0		squad-24	2	bot-71
812284	bot-63	alpha	E21m-42B0	state+tier+score+health+latches	-6.36	1.83	148	2.58	2.05		0		squad-1	6	bot-49
812284	bot-67	bravo	F46rm4420	state+element+latches	-13.54	15.04	151	0.00	0.00		0		squad-2	2	bot-39
812284	bot-68	alpha	P00r-4410	tick	-10.33	-16.17	60	0.00	0.02		0		squad-1	2	bot-49
812284	bot-72	bravo	A46rb3320	element	-12.97	15.07	155	0.73	0.03		0		squad-24	1	bot-71
812284	bot-77	bravo	S46mb4424	state+element+latches	-14.44	20.38	209	0.00	0.00		0		squad-24	2	bot-71
812417	bot-46	bravo	C45rb4422	score+element	-14.12	15.14	266	0.00	0.01		0		squad-2	1	bot-39
812417	bot-63	alpha	E21m-42B9	latches	-6.89	1.67	148	5.55	0.56	2.34	2	flee	squad-1	6	bot-49
812417	bot-67	bravo	F45rm3420	score+ammo	-13.51	15.08	154	0.52	0.05		0		squad-2	2	bot-39
812417	bot-71	bravo	S45mm4310	score+latches	-19.28	12.10	90	1.31	0.07	15.83	4	seek	squad-24	0	bot-71
812417	bot-72	bravo	F45rb3320	state+score	-12.95	15.09	155	0.73	0.02		0		squad-24	1	bot-71
812417	bot-73	alpha	C32m-43B0	state+tier+score	-15.81	-1.41	50	0.34	0.02		0		squad-1	7	bot-49
812417	bot-76	alpha	S32r-4410	tier+score	-9.61	6.28	323	2.32	0.23	10.42	3	seek	squad-1	4	bot-49
812417	bot-77	bravo	S45mm4424	score+element	-14.44	20.38	188	0.00	0.00		0		squad-24	2	bot-71
812417	bot-78	bravo	C45rbR412	score	-22.51	16.30	95	4.48	1.30	5.45	2	cover	squad-24	3	bot-71
812584	bot-46	bravo	C44rb4422	score	-14.12	15.14	266	0.00	0.00		0		squad-2	1	bot-39
812584	bot-63	alpha	E32m-41B9	tier+score+health	-7.15	1.59	148	5.39	0.27	2.08	2	flee	squad-1	6	bot-49
812584	bot-67	bravo	F44rm3420	score	-13.53	15.10	155	0.30	0.02		0		squad-2	2	bot-39
812584	bot-71	bravo	S44mm4310	score	-19.22	12.13	90	1.32	0.07	15.77	4	seek	squad-24	0	bot-71
812584	bot-72	bravo	P45rb3324	state+latches	-12.95	15.11	156	1.47	0.02		1	muzzleRecovery	squad-24	1	bot-71
812584	bot-73	alpha	C32m-43B2	latches	-15.82	-1.42	71	0.28	0.01	8.25	4	cover	squad-1	7	bot-49
812584	bot-77	bravo	S44mm4424	score	-14.44	20.38	178	0.00	0.00		0		squad-24	2	bot-71
812584	bot-78	bravo	C44rbR412	score	-22.70	16.41	96	4.53	0.23	5.29	2	cover	squad-24	3	bot-71
812713	bot-46	bravo	C33r-4422	tier+score+element	-14.13	15.14	266	0.00	0.00		0		squad-2	1	bot-39
812713	bot-49	alpha	C00r-432I	latches	-2.23	14.32	263	0.60	0.11	7.86	2	cover	squad-1	0	bot-49
812713	bot-67	bravo	F33r-3420	tier+score+element	-13.53	15.11	156	0.14	0.01		0		squad-2	2	bot-39
812713	bot-71	bravo	S33m-4310	tier+score+element	-19.10	12.19	90	2.52	0.13	15.65	4	seek	squad-24	0	bot-71
812713	bot-73	alpha	C33m-43B2	score	-15.80	-1.41	84	0.49	0.03	8.23	4	cover	squad-1	7	bot-49
812713	bot-76	alpha	S33r-4410	score	-9.67	6.46	335	1.41	0.19	10.24	3	seek	squad-1	4	bot-49
812713	bot-77	bravo	S33m-4424	tier+score+element	-14.44	20.38	168	0.00	0.00		0		squad-24	2	bot-71
812713	bot-78	bravo	C33r-441I	tier+score+element+ammo+latches	-22.76	16.62	83	4.16	0.22	5.07	1	cover	squad-24	3	bot-71
812713	bot-79	bravo	P00r-0410	initial	-19.45	18.55	0	0.00			0			-1	
812849	bot-46	bravo	C32r-4422	score	-14.13	15.14	266	0.00	0.00		0		squad-2	1	bot-39
812849	bot-49	alpha	C00r-4322	latches	-2.26	14.33	263	0.45	0.03	7.88	2	cover	squad-1	0	bot-49
812849	bot-62	alpha	S00r-4320	state	-1.60	15.63	157	0.47	0.31	6.95	3	squad	squad-1	5	bot-49
812849	bot-63	alpha	E33m-40B9	score+health	-7.65	1.44	148	5.19	0.52	1.58	2	flee	squad-1	6	bot-49
812849	bot-67	bravo	A32r-342G	state+score+latches	-13.53	15.11	156	0.14	0.00		0		squad-2	2	bot-39
812849	bot-71	bravo	A32m-4310	state+score	-19.10	12.19	90	2.52	0.00	15.65	4	seek	squad-24	0	bot-71
812849	bot-72	bravo	A32r-3320	state+tier+score+element+latches	-12.95	15.26	135	0.00	0.15		0	muzzleRecovery	squad-24	1	bot-71
812849	bot-73	alpha	S33m-43B0	state+latches	-15.80	-1.41	84	0.49	0.00	8.23	4	cover	squad-1	7	bot-49
812849	bot-77	bravo	P32m-4420	state+score+latches	-14.44	20.38	168	0.00	0.00		0		squad-24	3	bot-71
812849	bot-78	bravo	C32r-4412	score+latches	-22.67	16.83	70	4.55	0.23	5.72	2	cover	squad-24	4	bot-71
812849	bot-79	bravo	C32r-4410	state+tier+score+ammo	-19.45	18.55	0	0.00	0.00		0		squad-24	2	bot-71
813050	bot-3	alpha	D00r--000	tick	-14.53	21.55	279	0.00	0.00	4.11	0		squad-1	-1	bot-49
813050	bot-39	bravo	P00r-4410	tick	-4.35	-10.25	131	0.28	0.01		8	patrol	squad-2	0	bot-39
813050	bot-67	bravo	S32r-3420	state+latches	-13.54	15.11	156	0.07	0.01		0		squad-2	2	bot-39
813050	bot-70	alpha	P00r-4410	tick	-10.82	-21.49	2	0.74	0.05		0		squad-1	3	bot-49
813050	bot-77	bravo	C32m-4420	state	-14.44	20.38	158	0.00	0.00		0		squad-24	3	bot-71
813050	bot-79	bravo	C32r-4412	latches	-19.42	18.21	26	3.86	0.34	7.20	2	cover	squad-24	2	bot-71
813194	bot-50	alpha	S00r-2320	tick	-2.11	14.82	222	0.72	0.09	17.50	5	seek	squad-1	1	bot-49
813194	bot-72	bravo	A32r-332G	latches	-13.00	15.32	156	0.31	0.08		0		squad-24	1	bot-71
813194	bot-77	bravo	C32m-4422	latches	-14.44	20.38	158	0.00	0.00		0		squad-24	3	bot-71
813328	bot-68	alpha	P00r-4410	tick	-10.29	-16.11	47	0.13	0.06		0		squad-1	2	bot-49
813328	bot-72	bravo	S32r-3320	state+latches	-12.99	15.33	156	0.31	0.01		0		squad-24	1	bot-71
813599	bot-76	alpha	A33r-4410	state	-9.77	6.78	339	1.00	0.33	9.93	3	seek	squad-1	4	bot-49
813768	bot-50	alpha	A00r-2320	state	-2.13	14.77	251	1.14	0.06	17.47	5	seek	squad-1	1	bot-49
813768	bot-71	bravo	F32m-4310	state	-19.10	12.19	83	0.00	0.00		0		squad-24	0	bot-71
813768	bot-76	alpha	A34r-4410	score	-9.77	6.78	340	0.00	0.00		0		squad-1	4	bot-49
813979	bot-46	bravo	C32r-4422	tick	-13.96	15.35	279	5.26	0.26	0.59	1	cover	squad-2	1	bot-39
813979	bot-49	alpha	E00r-4220	state+health+latches	-2.29	14.19	263	0.47	0.15		0		squad-1	0	bot-49
813979	bot-50	alpha	A44rm232G	tier+score+element+latches	-2.12	14.77	261	0.08	0.01		0		squad-1	1	bot-49
813979	bot-62	alpha	C44rm4320	state+tier+score+element	-1.64	15.53	247	0.20	0.10	18.32	6	seek	squad-1	5	bot-49
813979	bot-63	alpha	E44mm40B9	tier+score+element	-8.85	0.96	148	2.37	1.29	0.42	1	flee	squad-1	6	bot-49
813979	bot-72	bravo	A32r-3320	state	-12.93	15.33	160	0.58	0.06	14.65	3	seek	squad-24	1	bot-71
813979	bot-73	alpha	S33m-43B0	tick	-15.79	-1.39	6	0.07	0.02	17.54	5	seek	squad-1	7	bot-49
813979	bot-76	alpha	A35r-441G	score+latches	-9.73	6.75	340	1.04	0.04		0		squad-1	4	bot-49
813979	bot-78	bravo	C32r-4412	tick	-22.06	18.29	23	4.57	1.59	4.47	2	cover	squad-24	4	bot-71
814106	bot-3	alpha	D00r--000	tick	-14.53	21.55	279	0.00	0.00	4.11	0		squad-1	-1	bot-49
814106	bot-39	bravo	P00r-4410	tick	-4.33	-10.26	96	0.26	0.02		8	patrol	squad-2	0	bot-39
814106	bot-49	alpha	E45rb4129	tier+score+element+health+latches	-2.20	14.25	263	2.34	0.11	6.76	2	flee	squad-1	0	bot-49
814106	bot-50	alpha	S45rm2320	state+score+latches	-2.12	14.77	261	0.08	0.00		0		squad-1	1	bot-49
814106	bot-62	alpha	G45rb4322	state+score+element+latches	-1.53	15.76	260	4.95	0.25	0.31	1	cover	squad-1	5	bot-49
814106	bot-63	alpha	E45mm40B9	score	-8.89	0.83	148	1.16	0.13	0.29	1	flee	squad-1	6	bot-49
814106	bot-67	bravo	S32r-3420	tick	-13.29	14.69	147	1.56	0.49	13.34	3	seek	squad-2	2	bot-39
814106	bot-70	alpha	P00r-4410	tick	-10.82	-21.49	2	0.00	0.00		0		squad-1	3	bot-49
814106	bot-71	bravo	A32m-4310	state	-19.10	12.19	83	0.00	0.00		0		squad-24	0	bot-71
814106	bot-72	bravo	A32r-332G	latches	-12.93	15.33	164	0.00	0.00		0		squad-24	1	bot-71
814106	bot-76	alpha	S35r-4410	state+latches	-9.73	6.75	340	1.04	0.00		0		squad-1	4	bot-49
814106	bot-79	bravo	C32r-4412	tick	-19.42	16.68	99	4.56	1.53	6.68	2	cover	squad-24	2	bot-71
814233	bot-71	bravo	F32m-4310	state	-19.10	12.19	83	0.00	0.00		0		squad-24	0	bot-71
814233	bot-72	bravo	S32r-3320	state+latches	-12.93	15.33	164	0.00	0.00		0		squad-24	1	bot-71
814233	bot-76	alpha	S36r-4410	score	-9.71	6.77	325	0.36	0.03	10.37	3	seek	squad-1	4	bot-49
814233	bot-77	bravo	C32m-4422	tick	-14.44	20.38	158	0.00	0.00		0		squad-24	3	bot-71
814350	bot-49	alpha	E46rb4029	score+health	-2.02	14.48	263	5.04	0.29	6.47	2	flee	squad-1	0	bot-49
814350	bot-50	alpha	S46rm2320	score	-2.11	14.85	261	0.40	0.07	17.51	5	seek	squad-1	1	bot-49
814350	bot-62	alpha	G46rb4322	score	-1.53	16.08	278	1.17	0.32		0		squad-1	5	bot-49
814350	bot-63	alpha	E46mm40B0	score+latches	-8.89	0.83	148	0.00	0.00		0		squad-1	6	bot-49
814350	bot-68	alpha	P00r-4410	tick	-10.29	-16.07	34	0.00	0.05		0		squad-1	2	bot-49
814350	bot-71	bravo	A32m-4310	state	-19.09	12.21	83	0.83	0.02		0		squad-24	0	bot-71
814480	bot-63	alpha	E00m-40B0	tier+score+element	-8.89	0.83	148	0.00	0.00		0		squad-1	6	bot-49
814480	bot-71	bravo	F32m-4310	state	-19.09	12.21	82	0.02	0.00		0		squad-24	0	bot-71
814480	bot-71	bravo	P32m-4310	state	-19.09	12.21	82	0.00	0.00		0		squad-24	0	bot-71
814480	bot-49	alpha	D00r--000	state+tier+score+element+ammo+packs+latches	-2.00	14.72	263	0.00	0.24	6.28	2	flee	squad-1	0	bot-49
814480	bot-76	alpha	A38r-4410	state+score	-9.70	6.80	323	0.66	0.04	10.34	3	seek	squad-1	4	bot-49
814622	bot-53	alpha	D00r--000	tick	-11.57	22.76	263	0.00	0.00		0		squad-1	-1	bot-49
814622	bot-50	alpha	S38r-2320	tier+score+element	-2.11	14.88	261	0.03	0.03	17.52	5	seek	squad-1	0	
814622	bot-62	alpha	G38r-4322	tier+score+element	-1.51	16.07	258	0.35	0.02		0		squad-1	4	
814622	bot-67	bravo	A32r-3420	state	-13.16	14.48	148	1.76	0.24	13.10	3	seek	squad-2	2	bot-39
814622	bot-71	bravo	S32m-4310	state	-19.09	12.21	82	0.00	0.00		0		squad-24	0	bot-71
814622	bot-76	alpha	A38r-441G	latches	-9.70	6.80	333	0.00	0.00		0		squad-1	3	
814741	bot-46	bravo	G32r-4422	state	-13.65	15.16	240	4.86	0.36	0.23	1	cover	squad-2	1	bot-39
814741	bot-67	bravo	A32r-342G	latches	-13.16	14.50	156	0.06	0.02		0		squad-2	2	bot-39
814741	bot-72	bravo	A32r-3320	state	-12.96	15.31	151	0.44	0.03	14.82	3	seek	squad-24	1	bot-71
814741	bot-76	alpha	S38r-4410	state+latches	-9.70	6.80	333	0.00	0.00		0		squad-1	3	
814893	bot-63	alpha	H00m-40B0	state	-8.89	0.83	148	0.00	0.00		0		squad-1	5	
814893	bot-67	bravo	S32r-3420	state+latches	-13.16	14.50	156	0.06	0.00		0		squad-2	2	bot-39
814893	bot-72	bravo	A32r-332G	latches	-12.95	15.33	162	0.37	0.01		0		squad-24	1	bot-71
815032	bot-63	alpha	H48mm40B0	tier+score+element	-8.89	0.92	174	1.11	0.09		0		squad-1	5	
815032	bot-71	bravo	A32m-4310	state	-18.85	12.34	66	2.44	0.27	11.45	4	seek	squad-24	0	bot-71
815032	bot-72	bravo	S32r-3320	state+latches	-12.94	15.34	162	0.37	0.01		0		squad-24	1	bot-71
815032	bot-73	alpha	S33m-43B0	tick	-15.78	-1.39	31	0.21	0.01	17.54	5	seek	squad-1	6	
815032	bot-78	bravo	C32r-4412	tick	-20.98	18.99	54	4.59	1.28	3.92	1	cover	squad-24	4	bot-71
815165	bot-3	alpha	D00r--000	tick	-14.53	21.55	279	0.00	0.00	4.11	0		squad-1	-1	
815165	bot-39	bravo	P00r-4410	tick	-4.33	-10.29	83	0.22	0.02		8	patrol	squad-2	0	bot-39
815165	bot-50	alpha	A37r-2320	state+score	-2.14	14.73	222	1.32	0.15	17.45	5	seek	squad-1	0	
815165	bot-62	alpha	G37r-4322	score	-1.46	16.05	217	0.03	0.05		0		squad-1	4	
815165	bot-63	alpha	H47mm40B0	score	-8.89	0.94	187	0.49	0.02		0		squad-1	5	
815165	bot-70	alpha	P00r-4410	tick	-10.82	-21.49	2	0.00	0.00		0		squad-1	2	
815165	bot-71	bravo	A32m-431G	latches	-18.82	12.38	77	0.06	0.05		0		squad-24	0	bot-71
815165	bot-73	alpha	S32m-43B0	score	-15.79	-1.40	18	0.15	0.01	17.55	5	seek	squad-1	6	
815165	bot-76	alpha	S37r-4410	score	-9.65	6.86	319	0.87	0.08	9.56	3	seek	squad-1	3	
815165	bot-79	bravo	C32r-4412	tick	-19.44	14.82	174	4.89	1.86	6.50	2	cover	squad-24	2	bot-71
815282	bot-50	alpha	A37r-232G	latches	-2.12	14.73	233	0.02	0.01		0		squad-1	0	
815282	bot-67	bravo	A32r-3420	state	-13.07	14.35	142	1.68	0.17	7.38	1	seek	squad-2	2	bot-39
815282	bot-76	alpha	A37r-4410	state	-9.65	6.86	319	0.87	0.00	9.56	3	seek	squad-1	3	
815282	bot-77	bravo	C32m-4422	tick	-14.44	20.38	158	0.00	0.00		0		squad-24	3	bot-71
815414	bot-68	alpha	P00r-4410	tick	-10.40	-15.75	330	0.95	0.33		0		squad-1	1	
815414	bot-71	bravo	S32m-4310	state+latches	-18.82	12.38	77	0.00	0.00		0		squad-24	0	bot-71
815566	bot-50	alpha	S36r-2320	state+score+latches	-2.12	14.74	233	0.00	0.00		0		squad-1	0	
815566	bot-62	alpha	G36r-4322	score	-1.45	16.05	221	0.01	0.01		0		squad-1	4	
815566	bot-63	alpha	H46mm40B0	score	-8.90	0.96	226	0.08	0.02		0		squad-1	5	
815566	bot-67	bravo	A32r-342G	latches	-13.07	14.36	155	0.09	0.01		0		squad-2	2	bot-39
815566	bot-72	bravo	A32r-3320	state	-12.91	15.31	143	0.54	0.05	14.79	3	seek	squad-24	1	bot-71
815566	bot-73	alpha	S00m-43B0	tier+score	-15.78	-1.39	6	0.20	0.01	17.54	5	seek	squad-1	6	
815566	bot-76	alpha	A36r-441G	score+latches	-9.62	6.84	335	1.01	0.03		0		squad-1	3	
815566	bot-77	bravo	C32m-4420	latches	-14.44	20.38	158	0.00	0.00		0		squad-24	3	bot-71
815693	bot-67	bravo	S32r-3420	state+latches	-13.07	14.36	155	0.09	0.00		0		squad-2	2	bot-39
815693	bot-76	alpha	S36r-4410	state+latches	-9.62	6.84	335	1.01	0.00		0		squad-1	3	
815693	bot-77	bravo	P32m-4420	state	-14.44	20.38	158	0.00	0.00		0		squad-24	3	bot-71
815850	bot-46	bravo	G32r-4422	tick	-13.45	15.05	147	0.00	0.23		0		squad-2	1	bot-39
815850	bot-50	alpha	S35r-2320	score	-2.17	14.63	262	1.33	0.12	16.91	5	seek	squad-1	0	
815850	bot-62	alpha	G35r-4322	score	-1.45	16.05	242	0.00	0.00		0		squad-1	4	
815850	bot-63	alpha	H45mm40B0	score	-8.90	0.97	251	0.02	0.00		0		squad-1	5	
815850	bot-72	bravo	A32r-332G	latches	-12.95	15.31	164	1.20	0.04		0		squad-24	1	bot-71
815850	bot-76	alpha	S35r-4410	score	-9.60	6.87	338	0.46	0.04	9.58	3	seek	squad-1	3	
815984	bot-71	bravo	A32m-4310	state	-18.44	12.56	92	2.94	0.42	15.00	4	seek	squad-24	0	bot-71
815984	bot-72	bravo	S32r-3320	state+latches	-12.94	15.32	164	1.20	0.01		0		squad-24	1	bot-71
816102	bot-50	alpha	A35r-2320	state	-2.20	14.58	254	0.79	0.06	16.87	5	seek	squad-1	0	
816102	bot-67	bravo	A32r-3420	state	-12.98	14.20	136	1.90	0.19	7.19	1	seek	squad-2	2	bot-39
816102	bot-78	bravo	C32r-4412	tick	-22.34	20.21	311	4.54	1.83	2.09	1	cover	squad-24	4	bot-71
816229	bot-3	alpha	D00r--000	tick	-14.53	21.55	279	0.00	0.00	4.11	0		squad-1	-1	
816229	bot-39	bravo	P00r-4410	tick	-4.33	-10.26	118	0.25	0.02		8	patrol	squad-2	0	bot-39
816229	bot-63	alpha	H00m-40B0	tier+score+element	-8.90	0.97	290	0.00	0.00		0		squad-1	5	
816229	bot-70	alpha	P00r-4410	tick	-10.82	-21.49	2	0.00	0.00		0		squad-1	2	
816229	bot-71	bravo	A32m-431G	latches	-18.44	12.57	83	0.00	0.01		0		squad-24	0	bot-71
816229	bot-76	alpha	A35r-4410	state	-9.60	6.97	337	1.00	0.09	9.51	3	seek	squad-1	3	
816229	bot-79	bravo	C32r-4412	tick	-17.88	14.49	103	5.26	1.60	4.96	1	cover	squad-24	2	bot-71
816347	bot-50	alpha	A35r-232G	latches	-2.19	14.59	263	0.62	0.02		0		squad-1	0	
816347	bot-67	bravo	F32r-3420	state	-12.97	14.20	155	0.19	0.00		0		squad-2	2	bot-39
816347	bot-78	bravo	C00r-4412	tier+score	-22.69	20.52	310	4.71	0.46	1.63	1	cover	squad-24	4	bot-71
816496	bot-50	alpha	S35r-2320	state+latches	-2.19	14.59	263	0.62	0.00		0		squad-1	1	bot-62
816496	bot-67	bravo	A32r-342G	state+latches	-12.97	14.20	155	0.00	0.00		0		squad-2	2	bot-39
816496	bot-68	alpha	P00r-4410	tick	-10.36	-15.50	353	0.35	0.26		0		squad-1	2	bot-62
816496	bot-71	bravo	S32m-4310	state+latches	-18.44	12.57	83	0.00	0.00		0		squad-24	0	bot-71
816496	bot-72	bravo	A32r-3320	state	-12.92	15.32	164	0.47	0.02	14.81	3	seek	squad-24	1	bot-71
816496	bot-76	alpha	A35r-441G	latches	-9.57	6.95	335	1.07	0.03		0		squad-1	4	bot-62
816496	bot-77	bravo	C32m-4420	state	-14.44	20.38	161	0.00	0.00		0		squad-24	3	bot-71
816616	bot-67	bravo	S32r-3420	state+latches	-12.97	14.21	155	0.36	0.02		0		squad-2	2	bot-39
816616	bot-72	bravo	A32r-332G	latches	-12.92	15.32	164	0.34	0.00		0		squad-24	1	bot-71
816616	bot-73	alpha	S00m-43B0	tick	-15.78	-1.39	44	0.20	0.00	17.54	5	seek	squad-1	6	bot-62
816616	bot-76	alpha	S35r-4410	state+latches	-9.57	6.95	335	1.07	0.00		0		squad-1	4	bot-62
816616	bot-77	bravo	P32m-4420	state	-14.44	20.38	161	0.00	0.00		0		squad-24	3	bot-71
816739	bot-71	bravo	A32m-4310	state	-18.30	12.64	92	1.75	0.15	14.86	4	seek	squad-24	0	bot-71