t_ms	type	attacker	attacker_team	victim	victim_team	weapon	cause	amount	victim_health	ax	az	vx	vz	dist
592	damage	bot-548	alpha	bot-786	bravo	m1911	bullet	33.00	67.00	-25.75	7.31	36.90	8.55	62.66
1085	damage	bot-787	bravo	bot-736	alpha	m24	bullet	95.00	4.60	47.40	11.08	-25.62	4.98	73.28
2193	damage	bot-761	bravo	bot-738	alpha	cz_805_bren	bullet	24.00	76.00	11.59	-0.64	-24.80	-7.01	36.94
2363	damage	bot-761	bravo	bot-738	alpha	cz_805_bren	bullet	24.00	52.00	11.59	-0.51	-24.10	-7.00	36.27
3774	damage	bot-812	bravo	bot-704	alpha	five_seven	bullet	20.00	51.36	-139.81	-27.83	-144.12	-18.49	10.29
3913	damage	bot-714	alpha	bot-812	bravo	five_seven	bullet	20.00	80.00	-143.80	-0.62	-139.81	-27.85	27.52
4032	damage	bot-704	alpha	bot-812	bravo	cz_805_bren	bullet	24.00	56.00	-144.28	-18.45	-139.82	-27.86	10.41
4032	damage	bot-812	bravo	bot-704	alpha	five_seven	bullet	20.00	31.36	-139.82	-27.86	-144.35	-18.43	10.46
4120	damage	bot-714	alpha	bot-812	bravo	five_seven	bullet	20.00	36.00	-143.81	-0.69	-139.82	-28.01	27.61
4231	damage	bot-812	bravo	bot-704	alpha	five_seven	bullet	20.00	11.36	-139.83	-28.18	-144.80	-18.26	11.10
4612	damage	bot-812	bravo	bot-706	alpha	five_seven	bullet	20.00	52.71	-139.87	-29.37	-143.51	-15.46	14.38
4950	damage	bot-712	alpha	bot-812	bravo	m1911	bullet	33.00	3.00	-144.40	-14.91	-139.93	-30.79	16.51
5133	damage	bot-704	alpha	bot-810	bravo	cz_805_bren	bullet	24.00	52.00	-146.52	-17.97	-146.25	-29.71	11.74
5299	damage	bot-704	alpha	bot-810	bravo	cz_805_bren	bullet	24.00	28.00	-146.52	-17.97	-146.53	-29.71	11.74
5385	damage	bot-548	alpha	bot-787	bravo	m1911	bullet	33.00	46.12	-24.18	7.09	45.72	11.04	70.01
5955	kill	bot-810	bravo	bot-704	alpha	cz_805_bren	bullet	24.00	0.00	-146.73	-32.51	-146.57	-17.95	14.56
6198	damage	bot-548	alpha	bot-787	bravo	m1911	bullet	33.00	13.12	-24.10	7.13	47.00	12.25	71.28
7984	damage	bot-651	alpha	bot-810	bravo	five_seven	bullet	20.00	28.51	-146.34	-18.54	-146.46	-32.90	14.36
8463	damage	bot-651	alpha	bot-815	bravo	five_seven	bullet	20.00	80.00	-146.34	-18.58	-144.29	-26.31	8.00
8664	damage	bot-651	alpha	bot-815	bravo	five_seven	bullet	20.00	60.00	-146.35	-18.64	-144.33	-26.38	7.99
8664	damage	bot-815	bravo	bot-651	alpha	cz_805_bren	bullet	24.00	59.65	-144.33	-26.38	-146.35	-18.64	8.00
9167	kill	bot-802	alpha	bot-815	bravo	m24	bullet	95.00	0.00	-144.36	9.19	-143.25	-27.62	36.83
11882	damage	bot-780	bravo	bot-749	alpha	five_seven	bullet	20.00	52.91	11.10	-1.41	-21.08	12.16	34.92
13999	damage	bot-816	bravo	bot-730	alpha	cz_805_bren	bullet	24.00	48.55	-146.77	-33.86	-147.07	-17.62	16.25
14118	damage	bot-548	alpha	bot-784	bravo	m1911	bullet	33.00	66.56	-20.36	5.87	49.26	11.95	69.89
14118	damage	bot-816	bravo	bot-730	alpha	cz_805_bren	bullet	24.00	24.55	-146.77	-33.86	-147.05	-17.35	16.52
14257	damage	bot-730	alpha	bot-810	bravo	five_seven	bullet	20.00	52.69	-147.02	-17.08	-147.31	-31.46	14.37
14257	damage	bot-816	bravo	bot-730	alpha	cz_805_bren	bullet	24.00	0.55	-146.77	-33.86	-146.91	-16.80	17.06
14508	damage	bot-548	alpha	bot-784	bravo	m1911	bullet	33.00	33.56	-20.38	5.88	48.66	11.71	69.28
14793	damage	bot-816	bravo	bot-659	alpha	cz_805_bren	bullet	24.00	72.49	-146.68	-33.93	-146.33	-18.49	15.44
14926	damage	bot-548	alpha	bot-784	bravo	m1911	bullet	33.00	0.56	-20.40	5.91	49.80	12.61	70.52
14926	damage	bot-816	bravo	bot-659	alpha	cz_805_bren	bullet	24.00	48.49	-146.69	-33.91	-146.33	-18.53	15.39
15064	damage	bot-816	bravo	bot-659	alpha	cz_805_bren	bullet	24.00	24.49	-146.69	-33.90	-146.30	-18.02	15.89
15178	kill	bot-787	bravo	bot-736	alpha	m24	bullet	95.00	0.00	50.39	13.22	-19.75	2.90	70.90
15242	damage	bot-780	bravo	bot-796	alpha	five_seven	bullet	20.00	52.63	11.46	-0.89	-14.66	12.41	29.32
15242	damage	bot-788	bravo	bot-796	alpha	five_seven	bullet	20.00	32.63	12.84	-2.05	-14.66	12.41	31.07
15242	damage	bot-816	bravo	bot-659	alpha	cz_805_bren	bullet	24.00	0.49	-146.70	-33.93	-146.27	-17.51	16.43
15473	damage	bot-780	bravo	bot-796	alpha	five_seven	bullet	20.00	12.63	11.49	-0.86	-14.90	12.63	29.64
15473	kill	bot-788	bravo	bot-796	alpha	five_seven	bullet	20.00	0.00	12.85	-2.05	-14.90	12.63	31.39
19039	damage	bot-788	bravo	bot-793	alpha	five_seven	bullet	20.00	52.04	12.14	-1.07	-26.29	-7.21	38.92
19382	damage	bot-548	alpha	bot-777	bravo	m1911	bullet	33.00	60.89	-20.22	5.56	34.43	8.07	54.71
19382	damage	bot-788	bravo	bot-793	alpha	five_seven	bullet	20.00	32.04	12.23	-1.04	-26.53	-7.44	39.28
19536	damage	bot-788	bravo	bot-793	alpha	five_seven	bullet	20.00	12.04	12.26	-1.03	-26.80	-7.70	39.62
19676	kill	bot-788	bravo	bot-793	alpha	five_seven	bullet	20.00	0.00	12.29	-1.03	-27.20	-8.10	40.11
20182	damage	bot-816	bravo	bot-706	alpha	cz_805_bren	bullet	24.00	48.99	-147.19	-33.37	-146.57	-17.71	15.68
21550	damage	bot-787	bravo	bot-548	alpha	m24	bullet	95.00	0.65	50.27	12.74	-17.18	5.56	67.83
21660	damage	bot-816	bravo	bot-712	alpha	cz_805_bren	bullet	24.00	76.00	-147.29	-33.41	-146.33	-18.49	14.95
21809	damage	bot-816	bravo	bot-712	alpha	cz_805_bren	bullet	24.00	52.00	-147.31	-33.39	-146.33	-18.51	14.91
21948	damage	bot-816	bravo	bot-712	alpha	cz_805_bren	bullet	24.00	28.00	-147.32	-33.42	-146.32	-18.28	15.17
22220	damage	bot-816	bravo	bot-712	alpha	cz_805_bren	bullet	24.00	4.00	-147.35	-33.41	-146.12	-17.36	16.10
23381	kill	bot-788	bravo	bot-548	alpha	five_seven	bullet	20.00	0.00	10.49	-0.86	-21.45	10.22	33.80
25555	damage	bot-810	bravo	bot-740	alpha	cz_805_bren	bullet	24.00	48.14	-143.13	-34.28	-147.76	-19.89	15.11
25555	damage	bot-816	bravo	bot-740	alpha	cz_805_bren	bullet	24.00	24.14	-147.42	-33.75	-147.76	-19.89	13.86
25686	damage	bot-810	bravo	bot-740	alpha	cz_805_bren	bullet	24.00	0.14	-143.12	-34.33	-147.75	-20.10	14.97
25686	kill	bot-816	bravo	bot-740	alpha	cz_805_bren	bullet	24.00	0.00	-147.42	-33.75	-147.75	-20.10	13.66
27878	kill	bot-810	bravo	bot-712	alpha	cz_805_bren	bullet	24.00	0.00	-143.51	-32.82	-146.74	-18.02	15.15
28549	damage	bot-816	bravo	bot-659	alpha	cz_805_bren	bullet	24.00	55.89	-147.55	-33.26	-147.61	-17.07	16.19
28700	damage	bot-816	bravo	bot-659	alpha	cz_805_bren	bullet	24.00	31.89	-147.56	-33.31	-147.62	-17.06	16.25
28843	damage	bot-816	bravo	bot-659	alpha	cz_805_bren	bullet	24.00	7.89	-147.58	-33.37	-147.62	-17.06	16.31
28994	kill	bot-816	bravo	bot-659	alpha	cz_805_bren	bullet	24.00	0.00	-147.58	-33.38	-147.67	-17.03	16.35
33336	kill	bot-753	alpha	bot-784	bravo	m24	bullet	95.00	0.00	-8.97	12.72	44.62	9.76	53.68
34303	kill	bot-777	bravo	bot-757	alpha	m24	bullet	95.00	0.00	24.83	5.88	-10.28	5.51	35.12
34401	damage	bot-822	bravo	bot-651	alpha	five_seven	bullet	20.00	61.80	-133.72	-32.63	-132.57	-1.84	30.81
37136	damage	bot-811	alpha	bot-822	bravo	five_seven	bullet	20.00	80.00	-147.66	14.86	-133.66	-32.91	49.78
37558	damage	bot-822	bravo	bot-811	alpha	five_seven	bullet	20.00	80.00	-133.65	-32.92	-147.66	14.80	49.73
37798	damage	bot-822	bravo	bot-811	alpha	five_seven	bullet	20.00	60.00	-133.65	-32.92	-147.67	14.81	49.74
38035	damage	bot-822	bravo	bot-811	alpha	five_seven	bullet	20.00	40.00	-133.62	-32.93	-147.52	14.77	49.68
38268	damage	bot-822	bravo	bot-811	alpha	five_seven	bullet	20.00	20.00	-133.62	-32.93	-147.13	14.87	49.67
40269	damage	bot-783	bravo	bot-753	alpha	cz_805_bren	bullet	24.00	48.14	17.56	2.58	-4.68	18.54	27.38
40538	damage	bot-783	bravo	bot-753	alpha	cz_805_bren	bullet	24.00	24.14	17.58	2.58	-5.15	18.70	27.87
40659	damage	bot-806	alpha	bot-822	bravo	cz_805_bren	bullet	24.00	56.00	-147.90	14.74	-133.57	-32.93	49.78
40779	damage	bot-783	bravo	bot-753	alpha	cz_805_bren	bullet	24.00	0.14	17.58	2.58	-5.50	18.95	28.30
41955	damage	bot-738	alpha	bot-783	bravo	five_seven	bullet	20.00	75.93	7.94	-8.00	17.62	3.82	15.27
43641	kill	bot-787	bravo	bot-749	alpha	m24	bullet	95.00	0.00	43.44	11.28	-12.68	2.84	56.75
44990	damage	bot-738	alpha	bot-777	bravo	five_seven	bullet	20.00	40.89	8.00	-8.67	24.53	11.16	25.81
46491	damage	bot-738	alpha	bot-786	bravo	five_seven	bullet	20.00	47.00	8.53	-8.41	17.71	3.63	15.13
47395	damage	bot-738	alpha	bot-782	bravo	five_seven	bullet	20.00	76.94	8.73	-8.34	16.14	3.61	14.07
48337	damage	bot-738	alpha	bot-786	bravo	five_seven	bullet	20.00	27.00	8.90	-8.37	16.65	2.61	13.44
48512	damage	bot-738	alpha	bot-786	bravo	five_seven	bullet	20.00	7.00	8.89	-8.42	17.22	3.18	14.28
48551	damage	bot-786	bravo	bot-738	alpha	cz_805_bren	bullet	24.00	49.21	17.35	3.32	8.89	-8.43	14.48
54746	damage	bot-827	alpha	bot-785	bravo	cz_805_bren	bullet	24.00	76.00	-31.40	-20.53	-4.20	-3.96	31.85
54995	damage	bot-827	alpha	bot-785	bravo	cz_805_bren	bullet	24.00	52.00	-31.35	-20.46	-4.43	-3.88	31.62
55213	damage	bot-785	bravo	bot-827	alpha	cz_805_bren	bullet	24.00	76.00	-4.14	-3.86	-31.33	-20.43	31.85
55358	damage	bot-753	alpha	bot-765	bravo	five_seven	bullet	20.00	52.28	-2.05	17.00	1.55	5.52	12.03
55512	damage	bot-753	alpha	bot-765	bravo	five_seven	bullet	20.00	32.28	-2.04	17.02	2.23	4.91	12.84
55672	damage	bot-753	alpha	bot-765	bravo	five_seven	bullet	20.00	13.36	-2.02	17.07	2.38	5.09	12.75
55772	damage	bot-761	bravo	bot-827	alpha	cz_805_bren	bullet	24.00	52.00	3.03	-3.30	-31.24	-20.04	38.14
55848	damage	bot-798	alpha	bot-810	bravo	cz_805_bren	bullet	24.00	48.03	-145.76	18.49	-146.26	-28.98	47.47
55911	damage	bot-761	bravo	bot-827	alpha	cz_805_bren	bullet	24.00	28.00	3.02	-3.28	-31.30	-20.18	38.26
55911	damage	bot-821	alpha	bot-785	bravo	cz_805_bren	bullet	24.00	33.44	-42.33	-19.08	-1.24	-3.08	44.10
56044	damage	bot-821	alpha	bot-785	bravo	cz_805_bren	bullet	24.00	12.40	-42.34	-19.07	-0.60	-2.92	44.75
56167	damage	bot-761	bravo	bot-827	alpha	cz_805_bren	bullet	24.00	4.00	3.01	-3.27	-31.54	-20.74	38.71
56327	kill	bot-761	bravo	bot-827	alpha	cz_805_bren	bullet	24.00	0.00	3.00	-3.27	-31.73	-21.09	39.04
56522	damage	bot-798	alpha	bot-826	bravo	cz_805_bren	bullet	24.00	76.00	-145.76	18.49	-147.34	-28.40	46.91
56654	damage	bot-798	alpha	bot-826	bravo	cz_805_bren	bullet	24.00	52.00	-145.76	18.49	-147.34	-28.40	46.91
56781	damage	bot-798	alpha	bot-826	bravo	cz_805_bren	bullet	24.00	28.00	-145.76	18.49	-147.13	-28.50	47.01
56907	damage	bot-798	alpha	bot-826	bravo	cz_805_bren	bullet	24.00	4.00	-145.76	18.49	-146.93	-28.55	47.05
57034	kill	bot-798	alpha	bot-826	bravo	cz_805_bren	bullet	24.00	0.00	-145.76	18.49	-146.28	-28.62	47.11
57367	damage	bot-821	alpha	bot-778	bravo	cz_805_bren	bullet	24.00	29.74	-41.24	-18.86	3.91	-4.69	47.32
57443	damage	bot-817	alpha	bot-778	bravo	cz_805_bren	bullet	24.00	5.74	-32.71	-17.65	3.82	-4.97	38.67
57481	kill	bot-821	alpha	bot-778	bravo	cz_805_bren	bullet	24.00	0.00	-41.25	-18.83	3.82	-4.97	47.15
57865	damage	bot-798	alpha	bot-818	bravo	cz_805_bren	bullet	24.00	76.00	-145.76	18.49	-146.40	-29.72	48.21
58004	damage	bot-798	alpha	bot-818	bravo	cz_805_bren	bullet	24.00	52.00	-145.76	18.49	-146.68	-30.07	48.57
58124	damage	bot-798	alpha	bot-818	bravo	cz_805_bren	bullet	24.00	28.00	-145.76	18.49	-146.69	-30.64	49.13
58635	damage	bot-783	bravo	bot-753	alpha	cz_805_bren	bullet	24.00	48.55	4.30	-1.65	-1.08	15.34	17.82
58918	damage	bot-821	alpha	bot-783	bravo	cz_805_bren	bullet	24.00	44.64	-40.57	-18.58	3.84	-0.84	47.83
59297	damage	bot-798	alpha	bot-822	bravo	cz_805_bren	bullet	24.00	48.17	-145.76	18.43	-146.19	-28.49	46.93
59675	damage	bot-798	alpha	bot-822	bravo	cz_805_bren	bullet	24.00	24.17	-145.76	18.43	-144.59	-29.53	47.98
59827	damage	bot-798	alpha	bot-822	bravo	cz_805_bren	bullet	24.00	0.17	-145.76	18.43	-144.34	-30.24	48.70
61309	damage	bot-651	alpha	bot-816	bravo	five_seven	bullet	20.00	68.26	-134.31	-25.42	-145.17	-29.79	11.71
61854	damage	bot-761	bravo	bot-817	alpha	cz_805_bren	bullet	24.00	76.00	-1.11	-2.32	-28.71	-16.31	30.94
61980	damage	bot-651	alpha	bot-816	bravo	five_seven	bullet	20.00	48.26	-134.33	-25.39	-147.06	-30.30	13.64
62233	damage	bot-817	alpha	bot-767	bravo	cz_805_bren	bullet	24.00	54.04	-28.73	-16.35	0.21	-1.60	32.48
62866	damage	bot-798	alpha	bot-810	bravo	cz_805_bren	bullet	24.00	49.30	-145.85	18.38	-146.58	-30.05	48.44
62994	damage	bot-783	bravo	bot-817	alpha	cz_805_bren	bullet	24.00	52.00	2.41	-0.10	-28.75	-16.41	35.17
63040	damage	bot-798	alpha	bot-810	bravo	cz_805_bren	bullet	24.00	25.30	-145.85	18.38	-146.60	-30.31	48.70
63196	damage	bot-798	alpha	bot-810	bravo	cz_805_bren	bullet	24.00	1.30	-145.85	18.38	-146.63	-30.79	49.18
63426	damage	bot-788	bravo	bot-820	alpha	five_seven	bullet	20.00	80.00	-2.65	-1.14	-26.20	-22.11	31.53
63543	damage	bot-783	bravo	bot-817	alpha	cz_805_bren	bullet	24.00	29.68	2.43	-0.10	-29.47	-18.24	36.70
63584	damage	bot-788	bravo	bot-820	alpha	five_seven	bullet	20.00	60.00	-2.59	-1.13	-26.20	-22.11	31.58
63608	damage	bot-785	bravo	bot-820	alpha	cz_805_bren	bullet	24.00	36.00	-4.90	-3.93	-26.25	-22.15	28.06
63663	damage	bot-783	bravo	bot-817	alpha	cz_805_bren	bullet	24.00	5.68	2.43	-0.10	-29.70	-18.84	37.20
63695	kill	bot-782	bravo	bot-817	alpha	cz_805_bren	bullet	24.00	0.00	1.29	-0.21	-29.75	-18.97	36.27
63723	damage	bot-785	bravo	bot-820	alpha	cz_805_bren	bullet	24.00	12.00	-4.90	-3.93	-26.39	-22.27	28.25
63858	damage	bot-820	alpha	bot-785	bravo	cz_805_bren	bullet	24.00	73.16	-26.56	-22.42	-4.90	-3.93	28.48
63883	kill	bot-785	bravo	bot-820	alpha	cz_805_bren	bullet	24.00	0.00	-4.90	-3.93	-26.67	-22.50	28.61
64146	damage	bot-831	bravo	bot-738	alpha	cz_805_bren	bullet	24.00	48.02	27.30	-18.16	6.25	-14.84	21.30
64252	damage	bot-753	alpha	bot-831	bravo	m24	bullet	95.00	5.00	-2.35	16.92	27.31	-18.15	45.93
64321	damage	bot-831	bravo	bot-738	alpha	cz_805_bren	bullet	24.00	24.02	27.41	-18.07	6.05	-14.63	21.64
64810	damage	bot-730	alpha	bot-822	bravo	five_seven	bullet	20.00	48.67	-144.19	-17.33	-144.14	-32.94	15.61
64877	damage	bot-798	alpha	bot-816	bravo	cz_805_bren	bullet	24.00	48.07	-145.83	16.90	-147.07	-32.56	49.47
65085	damage	bot-810	bravo	bot-706	alpha	cz_805_bren	bullet	24.00	49.09	-145.35	-38.48	-135.98	-24.95	16.46
65199	damage	bot-810	bravo	bot-706	alpha	cz_805_bren	bullet	24.00	25.09	-145.37	-38.46	-135.81	-24.70	16.75
65221	damage	bot-831	bravo	bot-738	alpha	cz_805_bren	bullet	24.00	0.02	31.25	-16.29	3.48	-12.14	28.08
65298	damage	bot-706	alpha	bot-822	bravo	five_seven	bullet	20.00	37.57	-135.63	-24.35	-144.12	-32.97	12.10
65357	damage	bot-738	alpha	bot-782	bravo	five_seven	bullet	20.00	51.86	3.26	-11.92	0.85	-1.21	10.98
65476	damage	bot-706	alpha	bot-822	bravo	five_seven	bullet	20.00	20.61	-134.93	-23.71	-144.10	-32.97	13.03
65529	damage	bot-730	alpha	bot-822	bravo	five_seven	bullet	20.00	1.60	-143.96	-17.54	-144.10	-32.97	15.43
65529	damage	bot-738	alpha	bot-782	bravo	five_seven	bullet	20.00	31.86	2.88	-11.54	0.68	-0.34	11.41
65697	kill	bot-730	alpha	bot-822	bravo	five_seven	bullet	20.00	0.00	-143.95	-17.52	-144.09	-32.98	15.46
65967	damage	bot-738	alpha	bot-761	bravo	five_seven	bullet	20.00	68.54	1.73	-10.29	-3.32	-3.42	8.52
66126	damage	bot-738	alpha	bot-761	bravo	five_seven	bullet	20.00	48.54	1.43	-10.01	-3.56	-3.53	8.18
66330	damage	bot-738	alpha	bot-761	bravo	five_seven	bullet	20.00	28.54	0.67	-9.33	-4.29	-3.24	7.86
66330	kill	bot-782	bravo	bot-738	alpha	cz_805_bren	bullet	24.00	0.00	-2.29	2.10	0.54	-9.22	11.66
66491	damage	bot-798	alpha	bot-829	bravo	cz_805_bren	bullet	24.00	76.00	-145.82	15.65	-142.41	-31.78	47.55
66646	damage	bot-798	alpha	bot-829	bravo	cz_805_bren	bullet	24.00	52.00	-145.82	15.65	-142.42	-31.80	47.57
66786	damage	bot-798	alpha	bot-829	bravo	cz_805_bren	bullet	24.00	28.00	-145.82	15.65	-142.48	-31.91	47.68
66924	damage	bot-798	alpha	bot-829	bravo	cz_805_bren	bullet	24.00	4.00	-145.82	15.65	-142.64	-32.23	47.99
67441	kill	bot-785	bravo	bot-825	alpha	cz_805_bren	bullet	24.00	0.00	-6.52	-5.49	-29.28	-20.08	27.04
67791	damage	bot-806	alpha	bot-816	bravo	cz_805_bren	bullet	24.00	30.19	-147.90	-17.71	-146.85	-41.10	23.42
67927	damage	bot-806	alpha	bot-816	bravo	cz_805_bren	bullet	24.00	6.19	-147.90	-17.71	-146.90	-41.65	23.96
68013	damage	bot-730	alpha	bot-818	bravo	five_seven	bullet	20.00	52.73	-142.25	-18.99	-143.59	-35.21	16.28
68058	kill	bot-806	alpha	bot-816	bravo	cz_805_bren	bullet	24.00	0.00	-147.90	-17.71	-146.53	-42.02	24.35
68176	damage	bot-730	alpha	bot-818	bravo	five_seven	bullet	20.00	32.73	-142.25	-18.98	-143.17	-34.83	15.88
68200	damage	bot-800	alpha	bot-818	bravo	five_seven	bullet	20.00	12.73	-140.11	-19.33	-143.10	-34.77	15.72
68245	kill	bot-814	alpha	bot-818	bravo	cz_805_bren	bullet	24.00	0.00	-143.36	-17.55	-142.99	-34.65	17.11
69218	damage	bot-730	alpha	bot-833	bravo	five_seven	bullet	20.00	80.00	-142.26	-19.12	-143.92	-32.22	13.21
69285	damage	bot-811	alpha	bot-833	bravo	five_seven	bullet	20.00	60.00	-144.33	-17.87	-143.74	-32.05	14.19
69453	damage	bot-811	alpha	bot-833	bravo	five_seven	bullet	20.00	40.00	-144.33	-17.84	-143.28	-31.62	13.82
69486	kill	bot-798	alpha	bot-829	bravo	cz_805_bren	bullet	24.00	0.00	-145.78	13.45	-139.02	-34.61	48.53
69741	damage	bot-806	alpha	bot-833	bravo	cz_805_bren	bullet	24.00	16.00	-146.57	-17.99	-142.49	-30.87	13.51
69863	kill	bot-811	alpha	bot-833	bravo	five_seven	bullet	20.00	0.00	-144.33	-17.81	-142.21	-30.56	12.93
70323	damage	bot-730	alpha	bot-810	bravo	five_seven	bullet	20.00	18.07	-142.34	-19.85	-139.01	-35.00	15.52
70367	kill	bot-811	alpha	bot-810	bravo	five_seven	bullet	20.00	0.00	-144.20	-18.12	-138.93	-34.92	17.61
71291	damage	bot-830	alpha	bot-782	bravo	five_seven	bullet	20.00	52.27	-26.43	-29.43	-3.84	-0.14	36.99
71830	damage	bot-830	alpha	bot-782	bravo	five_seven	bullet	20.00	32.27	-26.29	-29.20	-2.37	1.25	38.72
71998	damage	bot-830	alpha	bot-782	bravo	five_seven	bullet	20.00	12.27	-26.29	-29.20	-1.75	1.84	39.56
72150	kill	bot-830	alpha	bot-782	bravo	five_seven	bullet	20.00	0.00	-26.29	-29.20	-1.21	2.37	40.32
73781	damage	bot-830	alpha	bot-780	bravo	five_seven	bullet	20.00	50.43	-26.82	-26.49	-1.41	-0.80	36.13
74276	damage	bot-801	bravo	bot-835	alpha	five_seven	bullet	20.00	80.00	112.83	41.86	105.25	35.25	10.06
74276	damage	bot-835	alpha	bot-801	bravo	cz_805_bren	bullet	24.00	76.00	105.25	35.25	112.83	41.86	10.06
74406	damage	bot-835	alpha	bot-801	bravo	cz_805_bren	bullet	24.00	52.00	105.25	35.25	112.83	41.86	10.06
74427	damage	bot-801	bravo	bot-835	alpha	five_seven	bullet	20.00	60.00	112.83	41.86	105.25	35.25	10.06
74427	damage	bot-809	bravo	bot-835	alpha	cz_805_bren	bullet	24.00	36.00	124.10	46.04	105.25	35.25	21.72
74464	damage	bot-805	bravo	bot-835	alpha	cz_805_bren	bullet	24.00	12.00	122.46	45.72	105.20	35.20	20.22
74464	kill	bot-807	bravo	bot-835	alpha	five_seven	bullet	20.00	0.00	125.96	46.85	105.20	35.20	23.81
74584	damage	bot-830	alpha	bot-766	bravo	five_seven	bullet	20.00	62.68	-26.77	-26.10	-8.74	-9.17	24.73
75091	damage	bot-824	alpha	bot-765	bravo	five_seven	bullet	20.00	76.03	-33.48	-12.10	2.83	-5.65	36.88
75234	damage	bot-765	bravo	bot-823	alpha	cz_805_bren	bullet	24.00	48.41	2.91	-5.67	-35.77	-13.20	39.41
75355	damage	bot-765	bravo	bot-823	alpha	cz_805_bren	bullet	24.00	24.41	2.91	-5.67	-35.92	-13.05	39.53
78846	damage	bot-836	alpha	bot-801	bravo	cz_805_bren	bullet	24.00	48.32	108.66	35.34	108.60	38.65	3.31
78983	damage	bot-836	alpha	bot-801	bravo	cz_805_bren	bullet	24.00	24.32	109.07	34.92	109.06	39.09	4.17
79101	damage	bot-836	alpha	bot-801	bravo	cz_805_bren	bullet	24.00	0.32	109.47	34.53	109.44	39.45	4.92
79221	kill	bot-836	alpha	bot-801	bravo	cz_805_bren	bullet	24.00	0.00	109.84	34.17	109.80	39.80	5.64
79245	damage	bot-830	alpha	bot-783	bravo	five_seven	bullet	20.00	52.94	-34.03	-33.41	-5.47	-6.76	39.07
79426	damage	bot-809	bravo	bot-836	alpha	cz_805_bren	bullet	24.00	76.00	115.89	42.06	109.46	33.74	10.52
79452	damage	bot-807	bravo	bot-836	alpha	five_seven	bullet	20.00	56.00	116.57	43.18	109.38	33.68	11.92
79527	damage	bot-836	alpha	bot-803	bravo	cz_805_bren	bullet	24.00	76.00	109.62	33.43	114.82	34.96	5.42
79553	damage	bot-809	bravo	bot-836	alpha	cz_805_bren	bullet	24.00	32.00	115.89	42.06	109.70	33.35	10.69
79578	damage	bot-808	bravo	bot-836	alpha	cz_805_bren	bullet	24.00	8.00	114.00	39.24	109.78	33.27	7.31
79603	kill	bot-807	bravo	bot-836	alpha	five_seven	bullet	20.00	0.00	116.57	43.18	109.86	33.19	12.03
82676	damage	bot-788	bravo	bot-830	alpha	five_seven	bullet	20.00	63.73	-14.85	-14.76	-32.34	-31.42	24.15
84043	damage	bot-830	alpha	bot-783	bravo	five_seven	bullet	20.00	54.84	-31.91	-31.13	-4.65	-2.47	39.56
84184	damage	bot-830	alpha	bot-783	bravo	five_seven	bullet	20.00	34.84	-31.91	-31.13	-4.87	-2.25	39.57
84277	damage	bot-838	alpha	bot-807	bravo	five_seven	bullet	20.00	80.00	111.42	46.49	122.75	40.25	12.93
84299	damage	bot-828	alpha	bot-831	bravo	cz_805_bren	bullet	24.00	48.20	-5.34	-30.85	19.60	-14.69	29.73
84329	damage	bot-830	alpha	bot-783	bravo	five_seven	bullet	20.00	14.84	-31.91	-31.14	-5.08	-2.04	39.58
84413	damage	bot-828	alpha	bot-831	bravo	cz_805_bren	bullet	24.00	24.20	-5.34	-30.85	19.95	-14.34	30.20
84437	damage	bot-838	alpha	bot-807	bravo	five_seven	bullet	20.00	60.00	111.42	46.49	122.75	40.25	12.93
84486	kill	bot-830	alpha	bot-783	bravo	five_seven	bullet	20.00	0.00	-31.91	-31.14	-5.30	-1.82	39.59
84539	damage	bot-828	alpha	bot-831	bravo	cz_805_bren	bullet	24.00	0.20	-5.35	-30.85	20.32	-13.98	30.71
84565	damage	bot-807	bravo	bot-838	alpha	five_seven	bullet	20.00	80.00	122.89	40.16	111.42	46.49	13.10
84587	damage	bot-838	alpha	bot-807	bravo	five_seven	bullet	20.00	40.00	111.42	46.49	122.96	40.11	13.17
84651	kill	bot-828	alpha	bot-831	bravo	cz_805_bren	bullet	24.00	0.00	-5.35	-30.85	20.70	-13.59	31.25
84676	damage	bot-839	bravo	bot-828	alpha	cz_805_bren	bullet	24.00	76.00	24.85	-16.74	-5.35	-30.85	33.34
84787	damage	bot-839	bravo	bot-828	alpha	cz_805_bren	bullet	24.00	52.00	24.85	-16.74	-5.35	-30.85	33.34
84920	damage	bot-839	bravo	bot-828	alpha	cz_805_bren	bullet	24.00	28.00	24.85	-16.73	-5.58	-30.84	33.54
85044	damage	bot-839	bravo	bot-828	alpha	cz_805_bren	bullet	24.00	4.00	24.85	-16.73	-5.88	-30.83	33.81
85141	damage	bot-830	alpha	bot-780	bravo	five_seven	bullet	20.00	52.26	-31.91	-31.15	-4.94	-1.99	39.72
85167	kill	bot-839	bravo	bot-828	alpha	cz_805_bren	bullet	24.00	0.00	24.85	-16.73	-6.51	-30.82	34.38
85292	damage	bot-830	alpha	bot-780	bravo	five_seven	bullet	20.00	32.26	-31.91	-31.15	-5.15	-1.76	39.75
85455	damage	bot-830	alpha	bot-780	bravo	five_seven	bullet	20.00	12.26	-31.91	-31.15	-5.32	-1.57	39.77
85602	kill	bot-830	alpha	bot-780	bravo	five_seven	bullet	20.00	0.00	-31.91	-31.16	-5.50	-1.40	39.79
85733	damage	bot-838	alpha	bot-803	bravo	five_seven	bullet	20.00	56.00	112.10	46.20	115.66	32.65	14.01
85915	damage	bot-788	bravo	bot-823	alpha	five_seven	bullet	20.00	75.56	-16.37	-15.65	-43.88	-9.10	28.28
85944	damage	bot-834	bravo	bot-804	alpha	cz_805_bren	bullet	24.00	69.46	-125.58	26.27	-145.72	-18.14	48.75
86057	damage	bot-788	bravo	bot-823	alpha	five_seven	bullet	20.00	55.56	-16.37	-15.65	-44.32	-9.11	28.70
86057	damage	bot-834	bravo	bot-804	alpha	cz_805_bren	bullet	24.00	45.46	-125.58	26.27	-145.72	-18.13	48.75
86214	damage	bot-788	bravo	bot-823	alpha	five_seven	bullet	20.00	35.56	-16.37	-15.65	-44.95	-9.06	29.33
86377	kill	bot-787	bravo	bot-823	alpha	m24	bullet	95.00	0.00	-6.74	3.78	-45.55	-8.93	40.85
87371	damage	bot-830	alpha	bot-788	bravo	five_seven	bullet	20.00	73.20	-32.50	-31.89	-16.24	-15.56	23.04
87444	damage	bot-838	alpha	bot-805	bravo	five_seven	bullet	20.00	80.00	112.28	43.55	115.47	35.42	8.74
87584	damage	bot-838	alpha	bot-805	bravo	five_seven	bullet	20.00	60.00	112.28	43.55	115.13	35.34	8.69
87740	damage	bot-838	alpha	bot-805	bravo	five_seven	bullet	20.00	40.00	112.28	43.55	115.68	35.66	8.59
88281	damage	bot-808	bravo	bot-838	alpha	cz_805_bren	bullet	24.00	56.00	115.91	32.11	112.20	43.58	12.06
88346	damage	bot-838	alpha	bot-808	bravo	five_seven	bullet	20.00	80.00	112.29	43.67	115.91	32.11	12.11
88405	damage	bot-808	bravo	bot-838	alpha	cz_805_bren	bullet	24.00	32.00	115.91	32.11	112.36	43.72	12.15
88617	damage	bot-767	bravo	bot-830	alpha	five_seven	bullet	20.00	43.73	-9.85	2.71	-31.80	-31.26	40.45
89438	damage	bot-808	bravo	bot-841	alpha	cz_805_bren	bullet	24.00	76.00	116.21	32.42	110.91	36.93	6.96
89562	damage	bot-808	bravo	bot-841	alpha	cz_805_bren	bullet	24.00	52.00	116.21	32.42	111.47	36.72	6.40
89642	damage	bot-838	alpha	bot-809	bravo	five_seven	bullet	20.00	80.00	113.75	46.82	123.37	39.94	11.83
89809	damage	bot-841	alpha	bot-808	bravo	five_seven	bullet	20.00	60.00	112.16	37.70	116.72	32.38	7.01
89829	damage	bot-809	bravo	bot-838	alpha	cz_805_bren	bullet	24.00	8.00	123.37	39.94	112.85	47.19	12.78
89947	kill	bot-809	bravo	bot-838	alpha	cz_805_bren	bullet	24.00	0.00	123.37	39.94	112.34	47.40	13.32
90356	kill	bot-766	bravo	bot-830	alpha	m24	bullet	95.00	0.00	-6.03	-4.80	-36.62	-36.12	43.78
91480	damage	bot-841	alpha	bot-803	bravo	five_seven	bullet	20.00	52.27	113.99	43.24	114.82	34.15	9.13
91759	damage	bot-803	bravo	bot-841	alpha	cz_805_bren	bullet	24.00	28.00	115.24	33.42	113.17	44.12	10.90
93653	damage	bot-824	alpha	bot-767	bravo	five_seven	bullet	20.00	52.32	-52.46	-14.75	-5.48	-1.08	48.93
93795	damage	bot-824	alpha	bot-767	bravo	five_seven	bullet	20.00	32.32	-52.46	-14.75	-4.93	-0.58	49.60
94613	damage	bot-824	alpha	bot-766	bravo	five_seven	bullet	20.00	74.66	-52.12	-14.76	-8.00	-3.76	45.47
95067	damage	bot-824	alpha	bot-766	bravo	five_seven	bullet	20.00	54.66	-52.08	-14.77	-8.05	-3.81	45.38
97008	damage	bot-798	alpha	bot-843	bravo	cz_805_bren	bullet	24.00	76.00	-137.89	-7.60	-129.99	34.16	42.50
97119	damage	bot-798	alpha	bot-843	bravo	cz_805_bren	bullet	24.00	52.00	-137.89	-7.60	-129.99	34.16	42.50
97503	damage	bot-798	alpha	bot-843	bravo	cz_805_bren	bullet	24.00	28.00	-137.89	-7.60	-129.52	35.22	43.63
97614	damage	bot-798	alpha	bot-843	bravo	cz_805_bren	bullet	24.00	4.00	-137.89	-7.60	-129.30	35.72	44.17
97706	kill	bot-832	alpha	bot-843	bravo	cz_805_bren	bullet	24.00	0.00	-129.06	-0.12	-129.10	36.17	36.29
98224	kill	bot-787	bravo	bot-824	alpha	m24	bullet	95.00	0.00	-11.25	1.40	-47.22	-14.78	39.44
99683	damage	bot-841	alpha	bot-807	bravo	five_seven	bullet	20.00	34.01	104.33	47.28	108.16	37.53	10.48
99738	kill	bot-808	bravo	bot-841	alpha	cz_805_bren	bullet	24.00	0.00	109.59	40.36	104.07	47.35	8.91
109874	damage	bot-847	bravo	bot-842	alpha	cz_805_bren	bullet	24.00	76.00	131.30	42.15	123.94	41.10	7.44
109989	damage	bot-847	bravo	bot-842	alpha	cz_805_bren	bullet	24.00	52.00	131.30	42.15	123.94	41.09	7.44
110100	damage	bot-847	bravo	bot-842	alpha	cz_805_bren	bullet	24.00	28.00	131.30	42.15	123.72	40.75	7.71
114614	damage	bot-761	bravo	bot-850	alpha	cz_805_bren	bullet	24.00	76.00	-38.28	-18.49	-78.06	-12.02	40.31
114786	damage	bot-761	bravo	bot-850	alpha	cz_805_bren	bullet	24.00	52.00	-38.25	-18.43	-77.78	-12.15	40.03
114835	damage	bot-847	bravo	bot-842	alpha	cz_805_bren	bullet	24.00	49.10	124.83	41.34	119.90	37.07	6.52
114933	damage	bot-761	bravo	bot-850	alpha	cz_805_bren	bullet	24.00	28.00	-38.23	-18.39	-78.18	-11.74	40.49
120437	damage	bot-807	bravo	bot-842	alpha	five_seven	bullet	20.00	52.28	102.56	43.36	116.44	32.20	17.81
120796	damage	bot-807	bravo	bot-842	alpha	five_seven	bullet	20.00	32.28	102.45	43.37	117.60	32.16	18.84
120949	damage	bot-807	bravo	bot-842	alpha	five_seven	bullet	20.00	12.28	102.45	43.37	117.86	32.14	19.07
125450	damage	bot-765	bravo	bot-854	alpha	cz_805_bren	bullet	24.00	76.00	-40.90	-23.91	-79.89	-10.93	41.10
125450	damage	bot-837	bravo	bot-854	alpha	cz_805_bren	bullet	24.00	52.00	-44.57	-21.15	-79.89	-10.93	36.77
126116	damage	bot-765	bravo	bot-854	alpha	cz_805_bren	bullet	24.00	28.00	-40.92	-23.95	-79.92	-10.82	41.15
126116	damage	bot-837	bravo	bot-854	alpha	cz_805_bren	bullet	24.00	4.00	-44.57	-21.04	-79.92	-10.82	36.80
126930	kill	bot-837	bravo	bot-854	alpha	cz_805_bren	bullet	24.00	0.00	-44.59	-20.94	-80.12	-10.52	37.03
130732	damage	bot-809	bravo	bot-856	alpha	cz_805_bren	bullet	24.00	76.00	114.95	35.54	117.43	39.07	4.31
139324	damage	bot-765	bravo	bot-852	alpha	cz_805_bren	bullet	24.00	76.00	-44.95	-21.68	-76.74	-10.17	33.81
139659	damage	bot-765	bravo	bot-852	alpha	cz_805_bren	bullet	24.00	52.00	-44.95	-21.67	-76.71	-10.16	33.78
140935	damage	bot-856	alpha	bot-851	bravo	cz_805_bren	bullet	24.00	76.00	117.21	37.69	123.65	39.64	6.72
141073	damage	bot-856	alpha	bot-851	bravo	cz_805_bren	bullet	24.00	52.00	117.20	37.29	123.39	39.36	6.53
147142	damage	bot-856	alpha	bot-809	bravo	cz_805_bren	bullet	24.00	56.00	114.32	41.01	120.73	41.30	6.42
147266	damage	bot-856	alpha	bot-809	bravo	cz_805_bren	bullet	24.00	32.00	114.33	40.99	120.88	41.32	6.56
147294	damage	bot-851	bravo	bot-856	alpha	cz_805_bren	bullet	24.00	52.00	126.91	43.32	114.33	40.99	12.79
147384	damage	bot-803	bravo	bot-856	alpha	cz_805_bren	bullet	24.00	28.00	115.39	32.86	114.12	40.73	7.97
147420	damage	bot-851	bravo	bot-856	alpha	cz_805_bren	bullet	24.00	4.00	126.91	43.32	113.96	40.56	13.24
147439	damage	bot-856	alpha	bot-809	bravo	cz_805_bren	bullet	24.00	8.00	113.90	40.49	121.33	41.35	7.48
147500	kill	bot-803	bravo	bot-856	alpha	cz_805_bren	bullet	24.00	0.00	115.37	32.87	113.69	40.27	7.59
150269	damage	bot-847	bravo	bot-842	alpha	cz_805_bren	bullet	24.00	20.00	125.26	38.73	126.46	28.65	10.15
152254	damage	bot-853	bravo	bot-753	alpha	cz_805_bren	bullet	24.00	48.72	-1.82	36.36	48.11	36.18	49.92
155223	kill	bot-807	bravo	bot-842	alpha	five_seven	bullet	20.00	0.00	126.01	38.04	125.85	27.01	11.03
156019	damage	bot-860	bravo	bot-753	alpha	cz_805_bren	bullet	24.00	24.72	1.97	34.46	51.55	38.25	49.72
156281	damage	bot-860	bravo	bot-753	alpha	cz_805_bren	bullet	24.00	0.72	1.95	34.42	51.54	38.24	49.74
156651	kill	bot-860	bravo	bot-753	alpha	cz_805_bren	bullet	24.00	0.00	1.99	34.35	51.54	38.25	49.70
157087	kill	bot-787	bravo	bot-852	alpha	m24	bullet	95.00	0.00	-37.57	-0.01	-73.72	-1.62	36.19
157298	damage	bot-861	alpha	bot-837	bravo	five_seven	bullet	20.00	59.86	-76.27	-0.59	-79.25	-7.25	7.30
161720	damage	bot-850	alpha	bot-837	bravo	cz_805_bren	bullet	24.00	49.03	-78.10	4.00	-84.06	-11.63	16.73
161839	damage	bot-850	alpha	bot-837	bravo	cz_805_bren	bullet	24.00	25.03	-78.10	4.00	-84.47	-12.01	17.23
163309	damage	bot-861	alpha	bot-766	bravo	five_seven	bullet	20.00	75.50	-76.90	0.94	-75.40	-10.00	11.05
164435	damage	bot-840	bravo	bot-864	alpha	five_seven	bullet	20.00	80.00	-71.69	-6.80	-76.67	5.85	13.60
164461	damage	bot-845	bravo	bot-861	alpha	cz_805_bren	bullet	24.00	76.00	-75.00	-3.78	-74.67	1.12	4.91
164461	damage	bot-861	alpha	bot-845	bravo	five_seven	bullet	20.00	52.67	-74.67	1.12	-75.01	-3.66	4.79
164613	damage	bot-761	bravo	bot-864	alpha	cz_805_bren	bullet	24.00	56.00	-75.39	-11.41	-77.57	5.86	17.41
164613	damage	bot-845	bravo	bot-861	alpha	cz_805_bren	bullet	24.00	52.00	-75.33	-3.82	-74.66	1.11	4.98
164613	damage	bot-861	alpha	bot-845	bravo	five_seven	bullet	20.00	32.67	-74.66	1.11	-75.38	-3.88	5.04
165092	damage	bot-761	bravo	bot-864	alpha	cz_805_bren	bullet	24.00	32.00	-75.39	-11.43	-78.73	6.65	18.39
165236	damage	bot-761	bravo	bot-864	alpha	cz_805_bren	bullet	24.00	8.00	-75.39	-11.43	-78.96	6.75	18.53
165265	kill	bot-766	bravo	bot-864	alpha	m1911	bullet	33.00	0.00	-76.03	-9.44	-79.02	6.72	16.44
165589	damage	bot-845	bravo	bot-850	alpha	cz_805_bren	bullet	24.00	48.64	-77.31	-5.82	-79.01	2.46	8.45
165615	damage	bot-766	bravo	bot-850	alpha	m1911	bullet	33.00	15.64	-76.04	-9.35	-79.01	2.47	12.19
165966	damage	bot-861	alpha	bot-765	bravo	five_seven	bullet	20.00	56.03	-70.08	2.64	-69.72	-7.34	9.99
166079	damage	bot-845	bravo	bot-863	alpha	cz_805_bren	bullet	24.00	76.00	-78.47	-7.91	-73.63	1.39	10.48
166142	damage	bot-861	alpha	bot-765	bravo	five_seven	bullet	20.00	36.03	-70.14	2.57	-69.92	-7.66	10.22
166214	damage	bot-766	bravo	bot-863	alpha	m1911	bullet	33.00	43.00	-76.35	-8.14	-74.21	1.61	9.98
166328	damage	bot-861	alpha	bot-765	bravo	five_seven	bullet	20.00	16.03	-70.26	2.44	-69.85	-8.46	10.90
166578	damage	bot-863	alpha	bot-840	bravo	cz_805_bren	bullet	24.00	76.00	-73.26	2.70	-77.47	-5.81	9.50
166681	kill	bot-850	alpha	bot-765	bravo	cz_805_bren	bullet	24.00	0.00	-77.88	6.48	-70.37	-9.86	17.98
166743	kill	bot-761	bravo	bot-850	alpha	cz_805_bren	bullet	24.00	0.00	-75.76	-10.13	-77.87	6.50	16.77
166874	damage	bot-863	alpha	bot-840	bravo	cz_805_bren	bullet	24.00	52.00	-72.57	3.40	-77.85	-6.26	11.01
167137	damage	bot-863	alpha	bot-840	bravo	cz_805_bren	bullet	24.00	28.00	-72.17	3.78	-78.52	-7.17	12.66
170606	damage	bot-787	bravo	bot-863	alpha	five_seven	bullet	20.00	49.36	-61.54	2.91	-72.80	4.54	11.38
170750	damage	bot-787	bravo	bot-863	alpha	five_seven	bullet	20.00	29.36	-61.54	2.91	-73.07	4.67	11.66
170928	damage	bot-787	bravo	bot-863	alpha	five_seven	bullet	20.00	9.36	-61.54	2.91	-73.42	4.76	12.02
171127	kill	bot-787	bravo	bot-863	alpha	five_seven	bullet	20.00	0.00	-61.54	2.91	-73.79	4.87	12.41
171515	damage	bot-787	bravo	bot-861	alpha	five_seven	bullet	20.00	52.18	-61.54	2.91	-73.26	4.21	11.80
171768	damage	bot-787	bravo	bot-861	alpha	five_seven	bullet	20.00	32.18	-61.54	2.91	-73.60	4.09	12.12
171947	damage	bot-787	bravo	bot-861	alpha	five_seven	bullet	20.00	12.18	-61.54	2.91	-74.16	4.21	12.69
172197	kill	bot-787	bravo	bot-861	alpha	five_seven	bullet	20.00	0.00	-61.54	2.91	-74.68	4.43	13.23
175898	damage	bot-867	alpha	bot-851	bravo	five_seven	bullet	20.00	61.40	142.65	43.73	125.71	24.07	25.95
176097	damage	bot-867	alpha	bot-851	bravo	five_seven	bullet	20.00	41.40	142.69	43.75	125.20	23.56	26.71
176314	damage	bot-867	alpha	bot-851	bravo	five_seven	bullet	20.00	21.40	142.70	43.77	124.56	22.94	27.62
176474	damage	bot-867	alpha	bot-851	bravo	five_seven	bullet	20.00	1.40	142.74	43.79	124.12	22.49	28.29
176682	kill	bot-867	alpha	bot-851	bravo	five_seven	bullet	20.00	0.00	142.77	43.82	123.62	21.96	29.06
177326	damage	bot-867	alpha	bot-805	bravo	five_seven	bullet	20.00	52.06	142.93	43.90	121.66	18.84	32.87
177531	damage	bot-867	alpha	bot-805	bravo	five_seven	bullet	20.00	32.06	143.02	43.88	121.27	18.47	33.45
177683	damage	bot-867	alpha	bot-805	bravo	five_seven	bullet	20.00	12.06	143.03	43.84	120.92	18.10	33.94
178155	damage	bot-867	alpha	bot-847	bravo	five_seven	bullet	20.00	80.00	143.05	43.80	134.77	30.25	15.88
178303	damage	bot-867	alpha	bot-847	bravo	five_seven	bullet	20.00	60.00	143.05	43.81	135.18	30.67	15.31
178565	damage	bot-867	alpha	bot-847	bravo	five_seven	bullet	20.00	40.00	143.06	43.80	135.69	31.18	14.60
178783	damage	bot-867	alpha	bot-847	bravo	five_seven	bullet	20.00	20.00	143.06	43.78	136.28	31.77	13.79
180580	damage	bot-870	alpha	bot-809	bravo	cz_805_bren	bullet	24.00	60.08	135.54	40.93	118.75	10.92	34.39
180736	damage	bot-870	alpha	bot-809	bravo	cz_805_bren	bullet	24.00	36.08	135.52	40.93	118.75	10.96	34.35
180884	damage	bot-870	alpha	bot-809	bravo	cz_805_bren	bullet	24.00	12.08	135.50	40.93	118.60	10.91	34.46
180924	damage	bot-809	bravo	bot-870	alpha	cz_805_bren	bullet	24.00	76.00	118.60	10.91	135.50	40.94	34.46
180997	kill	bot-870	alpha	bot-809	bravo	cz_805_bren	bullet	24.00	0.00	135.49	40.94	118.48	10.87	34.55
181345	damage	bot-867	alpha	bot-803	bravo	five_seven	bullet	20.00	45.36	141.71	42.23	122.59	22.40	27.55
181793	damage	bot-867	alpha	bot-807	bravo	five_seven	bullet	20.00	52.15	141.72	42.24	112.32	11.46	42.56
181936	damage	bot-867	alpha	bot-807	bravo	five_seven	bullet	20.00	32.15	141.72	42.24	112.48	11.41	42.49
182077	damage	bot-867	alpha	bot-807	bravo	five_seven	bullet	20.00	12.15	141.72	42.24	112.78	11.38	42.30
182227	kill	bot-867	alpha	bot-807	bravo	five_seven	bullet	20.00	0.00	141.72	42.24	113.34	11.32	41.97
186836	damage	bot-872	alpha	bot-849	bravo	cz_805_bren	bullet	24.00	65.41	129.16	29.46	118.83	16.41	16.64
186969	damage	bot-872	alpha	bot-849	bravo	cz_805_bren	bullet	24.00	41.41	129.16	29.46	118.84	16.43	16.63
187105	damage	bot-872	alpha	bot-849	bravo	cz_805_bren	bullet	24.00	17.41	129.16	29.47	118.28	16.21	17.15
187276	kill	bot-870	alpha	bot-849	bravo	cz_805_bren	bullet	24.00	0.00	129.66	29.88	118.22	16.37	17.71
187945	damage	bot-872	alpha	bot-803	bravo	cz_805_bren	bullet	24.00	71.39	128.75	28.76	123.77	24.01	6.88
189939	damage	bot-870	alpha	bot-803	bravo	cz_805_bren	bullet	24.00	47.39	130.70	30.78	127.75	27.25	4.60
190056	damage	bot-870	alpha	bot-803	bravo	cz_805_bren	bullet	24.00	23.39	130.96	31.16	127.58	27.15	5.24
190076	damage	bot-803	bravo	bot-870	alpha	cz_805_bren	bullet	24.00	52.00	127.58	27.15	130.99	31.24	5.33
190173	kill	bot-870	alpha	bot-803	bravo	cz_805_bren	bullet	24.00	0.00	131.07	31.70	127.42	27.05	5.92
190358	damage	bot-871	bravo	bot-874	alpha	cz_805_bren	bullet	24.00	76.00	5.73	8.55	7.85	13.89	5.75
190473	damage	bot-871	bravo	bot-874	alpha	cz_805_bren	bullet	24.00	52.00	5.75	8.56	7.54	14.24	5.95
190839	damage	bot-874	alpha	bot-871	bravo	cz_805_bren	bullet	24.00	76.00	6.43	15.49	5.27	9.92	5.69
190957	damage	bot-874	alpha	bot-871	bravo	cz_805_bren	bullet	24.00	52.00	6.06	15.97	5.28	9.93	6.10
190983	damage	bot-871	bravo	bot-874	alpha	cz_805_bren	bullet	24.00	28.00	5.28	9.93	6.01	16.04	6.15
191071	damage	bot-874	alpha	bot-871	bravo	cz_805_bren	bullet	24.00	28.00	5.71	16.43	4.89	9.70	6.78
191680	damage	bot-786	bravo	bot-874	alpha	cz_805_bren	bullet	24.00	4.00	17.75	7.75	3.84	18.85	17.80
191805	kill	bot-871	bravo	bot-874	alpha	cz_805_bren	bullet	24.00	0.00	2.56	8.50	3.44	19.36	10.90
197140	damage	bot-766	bravo	bot-798	alpha	m24	bullet	95.00	5.00	-63.16	-1.60	-115.87	-43.30	67.21
197238	damage	bot-651	alpha	bot-767	bravo	five_seven	bullet	20.00	52.78	-105.47	-41.34	-76.16	-15.83	38.86
197373	kill	bot-787	bravo	bot-798	alpha	m24	bullet	95.00	0.00	-53.27	-4.85	-116.84	-43.98	74.65
197625	damage	bot-651	alpha	bot-767	bravo	five_seven	bullet	20.00	32.78	-105.42	-41.32	-74.66	-15.22	40.34
197780	damage	bot-651	alpha	bot-767	bravo	five_seven	bullet	20.00	12.78	-105.42	-41.32	-74.10	-14.99	40.92
197930	kill	bot-651	alpha	bot-767	bravo	five_seven	bullet	20.00	0.00	-105.42	-41.32	-73.53	-14.75	41.51
201800	damage	bot-766	bravo	bot-846	alpha	m24	bullet	95.00	5.00	-71.50	-2.02	-131.45	-42.66	72.43
202495	damage	bot-787	bravo	bot-844	alpha	m24	bullet	95.00	5.00	-61.89	-9.28	-105.98	-36.20	51.66
204413	kill	bot-766	bravo	bot-730	alpha	m24	bullet	95.00	0.00	-71.50	-2.02	-132.12	-43.80	73.62
206497	kill	bot-766	bravo	bot-813	alpha	m24	bullet	95.00	0.00	-71.50	-2.02	-130.89	-43.79	72.60
208581	damage	bot-868	bravo	bot-876	alpha	five_seven	bullet	20.00	80.00	92.40	41.05	124.99	22.50	37.50
208581	damage	bot-876	alpha	bot-868	bravo	five_seven	bullet	20.00	80.00	124.99	22.50	92.40	41.05	37.49
208967	damage	bot-787	bravo	bot-848	alpha	m24	bullet	95.00	5.00	-69.95	-15.10	-104.49	-36.42	40.59
209726	damage	bot-876	alpha	bot-868	bravo	five_seven	bullet	20.00	60.00	124.89	22.59	92.80	40.58	36.79
209875	damage	bot-876	alpha	bot-868	bravo	five_seven	bullet	20.00	40.00	124.87	22.60	92.70	40.70	36.92
210018	damage	bot-876	alpha	bot-868	bravo	five_seven	bullet	20.00	20.00	124.86	22.61	92.49	40.91	37.19
211252	damage	bot-766	bravo	bot-832	alpha	m24	bullet	95.00	5.00	-71.50	-2.02	-101.99	-36.51	46.03
212484	damage	bot-876	alpha	bot-860	bravo	five_seven	bullet	20.00	80.00	124.20	22.87	106.38	32.99	20.50
212632	damage	bot-876	alpha	bot-860	bravo	five_seven	bullet	20.00	60.00	124.19	22.88	106.37	33.00	20.49
213230	damage	bot-876	alpha	bot-860	bravo	five_seven	bullet	20.00	40.00	124.16	22.90	104.56	34.15	22.60
213384	damage	bot-867	alpha	bot-869	bravo	five_seven	bullet	20.00	80.00	120.07	25.37	105.70	32.19	15.91
213448	damage	bot-876	alpha	bot-860	bravo	five_seven	bullet	20.00	20.00	124.14	22.92	104.61	34.13	22.52
213526	damage	bot-867	alpha	bot-869	bravo	five_seven	bullet	20.00	60.00	120.08	25.37	105.57	31.66	15.82
213675	damage	bot-862	bravo	bot-872	alpha	cz_805_bren	bullet	24.00	76.00	109.37	34.14	115.05	27.33	8.87
213700	damage	bot-867	alpha	bot-869	bravo	five_seven	bullet	20.00	40.00	120.09	25.37	105.09	32.40	16.56
213845	damage	bot-867	alpha	bot-869	bravo	five_seven	bullet	20.00	20.00	120.09	25.37	104.72	32.97	17.14
213970	kill	bot-766	bravo	bot-802	alpha	m24	bullet	95.00	0.00	-71.50	-2.02	-132.08	-41.75	72.44
213998	kill	bot-867	alpha	bot-869	bravo	five_seven	bullet	20.00	0.00	120.09	25.37	105.38	33.34	16.73
214337	damage	bot-867	alpha	bot-857	bravo	five_seven	bullet	20.00	80.00	120.10	25.37	105.10	32.35	16.53
214940	damage	bot-883	alpha	bot-855	bravo	cz_805_bren	bullet	24.00	53.93	124.21	23.25	108.76	30.41	17.03
215097	damage	bot-883	alpha	bot-855	bravo	cz_805_bren	bullet	24.00	29.93	124.20	23.25	108.23	30.87	17.69
215199	damage	bot-867	alpha	bot-855	bravo	five_seven	bullet	20.00	9.93	120.21	25.11	107.90	31.29	13.78
215251	damage	bot-855	bravo	bot-867	alpha	cz_805_bren	bullet	24.00	42.99	107.81	31.40	120.21	25.11	13.90
215251	kill	bot-883	alpha	bot-855	bravo	cz_805_bren	bullet	24.00	0.00	124.19	23.25	107.73	31.51	18.42
215323	kill	bot-866	bravo	bot-867	alpha	m24	bullet	95.00	0.00	99.91	34.03	120.33	25.11	22.29
215730	damage	bot-883	alpha	bot-866	bravo	cz_805_bren	bullet	24.00	51.16	124.18	23.25	99.91	34.03	26.56
215952	damage	bot-883	alpha	bot-866	bravo	cz_805_bren	bullet	24.00	27.16	124.18	23.25	99.31	35.03	27.53
216079	damage	bot-883	alpha	bot-866	bravo	cz_805_bren	bullet	24.00	3.16	124.18	23.25	98.97	35.60	28.08
216277	damage	bot-766	bravo	bot-848	alpha	m24	bullet	95.00	1.07	-71.50	-2.02	-102.59	-37.31	47.03
216317	kill	bot-883	alpha	bot-866	bravo	cz_805_bren	bullet	24.00	0.00	124.18	23.25	98.30	36.48	29.07
217253	damage	bot-862	bravo	bot-883	alpha	cz_805_bren	bullet	24.00	76.00	105.60	33.42	126.10	20.94	24.00
217386	damage	bot-862	bravo	bot-883	alpha	cz_805_bren	bullet	24.00	52.00	105.60	33.42	126.42	20.61	24.45
217519	damage	bot-862	bravo	bot-883	alpha	cz_805_bren	bullet	24.00	28.00	105.60	33.42	126.74	20.29	24.88
217640	damage	bot-862	bravo	bot-883	alpha	cz_805_bren	bullet	24.00	4.00	105.60	33.42	127.01	20.01	25.26
217663	damage	bot-853	bravo	bot-876	alpha	cz_805_bren	bullet	24.00	56.00	131.78	44.58	129.28	24.74	20.00
217763	kill	bot-862	bravo	bot-883	alpha	cz_805_bren	bullet	24.00	0.00	105.60	33.41	127.29	19.73	25.64
217793	damage	bot-853	bravo	bot-876	alpha	cz_805_bren	bullet	24.00	32.00	131.78	44.58	129.65	25.11	19.59
217919	damage	bot-853	bravo	bot-876	alpha	cz_805_bren	bullet	24.00	8.00	131.78	44.58	130.04	25.50	19.16
218043	kill	bot-853	bravo	bot-876	alpha	cz_805_bren	bullet	24.00	0.00	131.77	44.58	130.41	25.87	18.76
218043	damage	bot-862	bravo	bot-870	alpha	cz_805_bren	bullet	24.00	41.63	105.60	33.41	129.45	19.65	27.53
218149	damage	bot-860	bravo	bot-878	alpha	cz_805_bren	bullet	24.00	76.00	96.42	44.08	119.75	31.57	26.47
218361	damage	bot-853	bravo	bot-870	alpha	cz_805_bren	bullet	24.00	17.63	131.77	44.58	130.39	18.69	25.92
218472	kill	bot-853	bravo	bot-870	alpha	cz_805_bren	bullet	24.00	0.00	131.77	44.58	130.72	18.35	26.25
218805	damage	bot-868	bravo	bot-878	alpha	five_seven	bullet	20.00	56.00	78.28	47.95	117.75	32.53	42.38
218951	damage	bot-868	bravo	bot-878	alpha	five_seven	bullet	20.00	36.00	78.28	47.95	117.13	32.72	41.73
219092	damage	bot-868	bravo	bot-878	alpha	five_seven	bullet	20.00	16.00	78.28	47.95	116.57	32.89	41.15
219235	kill	bot-868	bravo	bot-878	alpha	five_seven	bullet	20.00	0.00	78.28	47.95	115.99	33.07	40.54
219762	damage	bot-862	bravo	bot-884	alpha	cz_805_bren	bullet	24.00	76.00	106.08	32.63	108.26	37.74	5.56
219887	damage	bot-862	bravo	bot-884	alpha	cz_805_bren	bullet	24.00	52.00	105.81	32.20	108.26	37.74	6.06
219908	damage	bot-884	alpha	bot-857	bravo	five_seven	bullet	20.00	60.00	108.36	37.85	105.22	33.45	5.40
220025	damage	bot-862	bravo	bot-884	alpha	cz_805_bren	bullet	24.00	28.00	105.50	31.81	108.66	38.14	7.07
220025	damage	bot-868	bravo	bot-884	alpha	five_seven	bullet	20.00	8.00	78.28	47.95	108.66	38.14	31.92
220075	damage	bot-884	alpha	bot-857	bravo	five_seven	bullet	20.00	40.00	108.91	38.39	105.21	32.94	6.59
220141	kill	bot-862	bravo	bot-884	alpha	cz_805_bren	bullet	24.00	0.00	105.02	31.37	109.17	38.65	8.38
220813	damage	bot-766	bravo	bot-832	alpha	m24	bullet	95.00	0.18	-71.50	-2.02	-101.12	-35.23	44.49
222987	kill	bot-766	bravo	bot-804	alpha	m24	bullet	95.00	0.00	-71.50	-2.02	-114.42	-12.61	44.21
225103	damage	bot-886	alpha	bot-887	bravo	cz_805_bren	bullet	24.00	76.00	-3.55	-21.65	30.04	-21.84	33.59
225213	damage	bot-886	alpha	bot-887	bravo	cz_805_bren	bullet	24.00	52.00	-3.55	-21.65	29.68	-21.84	33.23
225336	damage	bot-886	alpha	bot-887	bravo	cz_805_bren	bullet	24.00	28.00	-3.55	-21.65	30.21	-22.16	33.77
225926	damage	bot-787	bravo	bot-651	alpha	m24	bullet	95.00	0.73	-71.81	-18.94	-80.22	-39.40	22.12
227020	damage	bot-766	bravo	bot-806	alpha	m24	bullet	95.00	4.69	-71.50	-2.02	-116.04	-15.28	46.47
228160	kill	bot-787	bravo	bot-714	alpha	m24	bullet	95.00	0.00	-71.81	-18.94	-93.04	-29.75	23.83
228245	damage	bot-786	bravo	bot-886	alpha	cz_805_bren	bullet	24.00	76.00	3.39	-6.34	-3.45	-25.52	20.36
228367	damage	bot-786	bravo	bot-886	alpha	cz_805_bren	bullet	24.00	52.00	3.39	-6.34	-3.56	-26.01	20.86
228497	damage	bot-786	bravo	bot-886	alpha	cz_805_bren	bullet	24.00	28.00	3.39	-6.34	-3.64	-26.53	21.38
228623	damage	bot-786	bravo	bot-886	alpha	cz_805_bren	bullet	24.00	4.00	3.39	-6.34	-3.73	-27.05	21.90
228741	kill	bot-786	bravo	bot-886	alpha	cz_805_bren	bullet	24.00	0.00	3.39	-6.34	-3.80	-27.52	22.37
229079	damage	bot-786	bravo	bot-881	alpha	cz_805_bren	bullet	24.00	76.00	3.41	-6.36	-4.61	-31.07	25.98
229223	damage	bot-786	bravo	bot-881	alpha	cz_805_bren	bullet	24.00	52.00	3.41	-6.36	-4.76	-31.21	26.16
229555	damage	bot-786	bravo	bot-881	alpha	cz_805_bren	bullet	24.00	28.00	3.41	-6.36	-4.90	-31.36	26.35
230009	damage	bot-786	bravo	bot-881	alpha	cz_805_bren	bullet	24.00	4.00	3.41	-6.36	-5.20	-31.64	26.71
235552	kill	bot-786	bravo	bot-881	alpha	cz_805_bren	bullet	24.00	0.00	1.63	-11.23	-13.07	-39.05	31.46
236884	kill	bot-888	alpha	bot-887	bravo	cz_805_bren	bullet	24.00	0.00	-5.82	-30.25	24.99	-26.73	31.00
237391	kill	bot-787	bravo	bot-706	alpha	m24	bullet	95.00	0.00	-72.99	-17.64	-93.77	-30.06	24.21
238430	damage	bot-858	alpha	bot-837	bravo	cz_805_bren	bullet	24.00	42.55	-104.07	-30.06	-81.07	-1.91	36.35
238972	damage	bot-858	alpha	bot-837	bravo	cz_805_bren	bullet	24.00	18.55	-104.07	-30.05	-80.86	-1.38	36.89
239321	damage	bot-837	bravo	bot-858	alpha	cz_805_bren	bullet	24.00	76.00	-80.86	-1.38	-104.07	-30.05	36.89
240200	damage	bot-766	bravo	bot-858	alpha	m1911	bullet	33.00	43.00	-71.28	-1.94	-104.04	-29.86	43.04
240671	damage	bot-766	bravo	bot-858	alpha	m1911	bullet	33.00	10.00	-71.28	-1.94	-104.40	-29.49	43.08
241054	kill	bot-766	bravo	bot-858	alpha	m1911	bullet	33.00	0.00	-71.28	-1.94	-104.77	-29.13	43.14
242320	damage	bot-787	bravo	bot-651	alpha	five_seven	bullet	20.00	52.24	-72.99	-17.64	-80.75	-34.02	18.12
242617	damage	bot-787	bravo	bot-651	alpha	five_seven	bullet	20.00	32.24	-72.99	-17.64	-81.23	-33.99	18.30
242840	damage	bot-787	bravo	bot-651	alpha	five_seven	bullet	20.00	12.24	-72.99	-17.64	-81.48	-33.99	18.42
245291	damage	bot-787	bravo	bot-844	alpha	five_seven	bullet	20.00	52.39	-72.87	-17.95	-81.72	-42.19	25.81
245561	damage	bot-787	bravo	bot-844	alpha	five_seven	bullet	20.00	32.39	-72.87	-17.95	-81.85	-42.69	26.31
246651	damage	bot-787	bravo	bot-846	alpha	five_seven	bullet	20.00	52.39	-72.87	-17.95	-104.95	-29.15	33.98
246799	damage	bot-787	bravo	bot-846	alpha	five_seven	bullet	20.00	32.39	-72.87	-17.95	-105.12	-29.32	34.20
247086	damage	bot-787	bravo	bot-846	alpha	five_seven	bullet	20.00	12.39	-72.87	-17.95	-105.45	-29.67	34.62
248948	kill	bot-787	bravo	bot-846	alpha	five_seven	bullet	20.00	0.00	-72.87	-17.95	-107.00	-31.26	36.63
252424	damage	bot-892	alpha	bot-882	bravo	five_seven	bullet	20.00	70.12	7.75	-37.67	13.43	-12.55	25.75
252580	damage	bot-787	bravo	bot-890	alpha	five_seven	bullet	20.00	80.00	-70.89	-18.12	-15.69	-40.23	59.46
253280	damage	bot-787	bravo	bot-890	alpha	five_seven	bullet	20.00	60.00	-70.89	-18.12	-15.72	-40.23	59.43
253761	damage	bot-766	bravo	bot-848	alpha	m1911	bullet	33.00	56.91	-75.94	-4.54	-96.25	-33.25	35.17
254108	damage	bot-766	bravo	bot-848	alpha	m1911	bullet	33.00	23.91	-75.94	-4.54	-96.19	-33.41	35.26
254885	damage	bot-888	alpha	bot-882	bravo	cz_805_bren	bullet	24.00	46.12	-14.18	-39.03	13.40	-13.19	37.79
255098	kill	bot-766	bravo	bot-848	alpha	m1911	bullet	33.00	0.00	-75.94	-4.54	-95.77	-34.61	36.02
255666	damage	bot-888	alpha	bot-882	bravo	cz_805_bren	bullet	24.00	22.12	-14.18	-39.03	13.29	-12.92	37.90
256290	kill	bot-888	alpha	bot-882	bravo	cz_805_bren	bullet	24.00	0.00	-14.22	-38.97	13.14	-12.67	37.95
256498	damage	bot-786	bravo	bot-892	alpha	cz_805_bren	bullet	24.00	74.40	14.65	-14.01	5.24	-40.04	27.68
256751	damage	bot-786	bravo	bot-892	alpha	cz_805_bren	bullet	24.00	50.40	14.65	-14.01	5.07	-40.17	27.86
257051	damage	bot-786	bravo	bot-892	alpha	cz_805_bren	bullet	24.00	26.40	14.65	-14.01	4.93	-40.31	28.04
257518	damage	bot-766	bravo	bot-844	alpha	m1911	bullet	33.00	32.00	-75.94	-4.54	-82.74	-44.91	40.94
257750	damage	bot-786	bravo	bot-892	alpha	cz_805_bren	bullet	24.00	2.40	14.65	-14.01	4.64	-40.61	28.42
257750	damage	bot-787	bravo	bot-890	alpha	five_seven	bullet	20.00	45.40	-70.19	-19.06	-16.24	-38.56	57.36
257959	kill	bot-766	bravo	bot-844	alpha	m1911	bullet	33.00	0.00	-75.94	-4.54	-82.99	-44.84	40.91
257959	kill	bot-786	bravo	bot-892	alpha	cz_805_bren	bullet	24.00	0.00	14.65	-14.01	4.47	-40.73	28.60
257959	damage	bot-787	bravo	bot-890	alpha	five_seven	bullet	20.00	26.30	-70.19	-19.06	-16.24	-38.56	57.36
258113	damage	bot-787	bravo	bot-890	alpha	five_seven	bullet	20.00	7.20	-70.19	-19.06	-16.24	-38.56	57.36
258539	kill	bot-787	bravo	bot-890	alpha	five_seven	bullet	20.00	0.00	-70.19	-19.06	-16.24	-38.56	57.36
259258	damage	bot-651	alpha	bot-899	bravo	five_seven	bullet	20.00	80.00	-86.34	-36.37	-45.52	15.18	65.75
259606	damage	bot-651	alpha	bot-899	bravo	five_seven	bullet	20.00	60.00	-86.33	-36.36	-45.70	15.00	65.49
259747	damage	bot-786	bravo	bot-888	alpha	cz_805_bren	bullet	24.00	74.50	14.54	-14.08	-16.01	-37.15	38.28
260970	damage	bot-787	bravo	bot-651	alpha	five_seven	bullet	20.00	31.60	-70.42	-19.44	-86.31	-36.36	23.21
261202	damage	bot-787	bravo	bot-651	alpha	five_seven	bullet	20.00	11.60	-70.42	-19.44	-86.32	-36.44	23.28
261434	kill	bot-787	bravo	bot-651	alpha	five_seven	bullet	20.00	0.00	-70.42	-19.44	-86.58	-36.41	23.44
263887	damage	bot-787	bravo	bot-806	alpha	five_seven	bullet	20.00	75.23	-70.42	-19.44	-102.50	-12.80	32.76
264176	damage	bot-787	bravo	bot-806	alpha	five_seven	bullet	20.00	55.23	-70.42	-19.44	-102.38	-12.80	32.65
264517	damage	bot-787	bravo	bot-806	alpha	five_seven	bullet	20.00	35.23	-70.42	-19.44	-102.55	-12.64	32.84
266481	damage	bot-860	bravo	bot-902	alpha	cz_805_bren	bullet	24.00	76.00	127.85	27.29	141.55	44.53	22.03
266992	damage	bot-853	bravo	bot-902	alpha	cz_805_bren	bullet	24.00	52.00	144.10	40.13	141.50	44.43	5.03
266992	damage	bot-860	bravo	bot-902	alpha	cz_805_bren	bullet	24.00	28.00	127.85	27.29	141.50	44.43	21.92
267402	damage	bot-787	bravo	bot-806	alpha	five_seven	bullet	20.00	15.23	-70.42	-19.44	-103.80	-11.38	34.34
267402	damage	bot-853	bravo	bot-902	alpha	cz_805_bren	bullet	24.00	4.00	144.26	39.95	141.42	44.67	5.51
267402	kill	bot-860	bravo	bot-902	alpha	cz_805_bren	bullet	24.00	0.00	127.85	27.29	141.42	44.67	22.05
269124	kill	bot-787	bravo	bot-806	alpha	five_seven	bullet	20.00	0.00	-70.42	-19.44	-104.39	-10.78	35.06
270070	damage	bot-787	bravo	bot-811	alpha	five_seven	bullet	20.00	52.02	-70.42	-19.44	-108.55	-11.85	38.88
272445	damage	bot-787	bravo	bot-900	alpha	five_seven	bullet	20.00	80.00	-70.42	-19.44	-83.45	-40.56	24.82
272841	damage	bot-766	bravo	bot-900	alpha	m1911	bullet	33.00	47.00	-72.12	-6.62	-83.30	-40.38	35.57
273339	damage	bot-766	bravo	bot-900	alpha	m1911	bullet	33.00	14.00	-72.12	-6.62	-83.46	-40.81	36.03
273725	kill	bot-766	bravo	bot-900	alpha	m1911	bullet	33.00	0.00	-72.12	-6.62	-83.83	-41.16	36.47
274664	damage	bot-766	bravo	bot-832	alpha	m1911	bullet	33.00	62.18	-72.12	-6.62	-94.30	-29.40	31.80
276728	damage	bot-766	bravo	bot-832	alpha	m1911	bullet	33.00	29.18	-72.12	-6.62	-93.55	-28.42	30.57
276728	damage	bot-904	alpha	bot-862	bravo	cz_805_bren	bullet	24.00	76.00	131.98	39.98	130.89	44.21	4.36
276943	damage	bot-904	alpha	bot-862	bravo	cz_805_bren	bullet	24.00	52.00	132.14	39.83	130.99	44.26	4.58
277147	kill	bot-766	bravo	bot-832	alpha	m1911	bullet	33.00	0.00	-72.12	-6.62	-93.67	-28.89	31.00
278053	damage	bot-904	alpha	bot-862	bravo	cz_805_bren	bullet	24.00	28.00	133.06	38.91	129.88	45.12	6.98
278259	damage	bot-904	alpha	bot-862	bravo	cz_805_bren	bullet	24.00	4.00	133.23	38.76	129.70	45.26	7.40
278814	damage	bot-786	bravo	bot-894	alpha	cz_805_bren	bullet	24.00	58.43	5.91	-20.23	-13.28	-38.22	26.30
279012	damage	bot-766	bravo	bot-865	alpha	m1911	bullet	33.00	67.00	-72.69	-6.31	-106.24	-18.09	35.56
279012	damage	bot-786	bravo	bot-894	alpha	cz_805_bren	bullet	24.00	34.43	5.91	-20.23	-13.50	-38.33	26.54
279314	damage	bot-786	bravo	bot-894	alpha	cz_805_bren	bullet	24.00	10.43	5.91	-20.23	-13.73	-38.45	26.79
279594	damage	bot-766	bravo	bot-865	alpha	m1911	bullet	33.00	34.00	-72.69	-6.31	-106.25	-18.55	35.72
279805	kill	bot-786	bravo	bot-894	alpha	cz_805_bren	bullet	24.00	0.00	5.91	-20.23	-14.20	-38.63	27.25
282460	damage	bot-853	bravo	bot-905	alpha	cz_805_bren	bullet	24.00	76.00	143.18	41.80	138.12	45.76	6.43
282656	damage	bot-853	bravo	bot-905	alpha	cz_805_bren	bullet	24.00	52.00	143.18	41.80	138.12	45.76	6.43
282889	damage	bot-853	bravo	bot-905	alpha	cz_805_bren	bullet	24.00	28.00	143.18	41.78	138.05	45.80	6.52
282889	kill	bot-905	alpha	bot-862	bravo	five_seven	bullet	20.00	0.00	138.05	45.80	126.36	47.11	11.76
284380	damage	bot-787	bravo	bot-865	alpha	five_seven	bullet	20.00	14.00	-72.31	-19.24	-109.52	-20.94	37.25
284380	damage	bot-905	alpha	bot-857	bravo	five_seven	bullet	20.00	52.31	136.63	46.38	127.35	45.89	9.29
284820	damage	bot-905	alpha	bot-857	bravo	five_seven	bullet	20.00	32.31	136.16	46.58	126.98	45.55	9.24
285381	kill	bot-787	bravo	bot-865	alpha	five_seven	bullet	20.00	0.00	-72.31	-19.24	-110.19	-21.44	37.95
285565	damage	bot-857	bravo	bot-904	alpha	five_seven	bullet	20.00	80.00	126.59	45.21	129.85	40.08	6.08
286724	damage	bot-766	bravo	bot-811	alpha	m1911	bullet	33.00	39.72	-74.96	-5.82	-110.56	-16.85	37.27
286724	damage	bot-905	alpha	bot-857	bravo	five_seven	bullet	20.00	12.31	135.79	47.94	125.63	44.38	10.76
287225	damage	bot-766	bravo	bot-811	alpha	m1911	bullet	33.00	6.72	-74.96	-5.82	-110.99	-17.15	37.77
287686	kill	bot-766	bravo	bot-811	alpha	m1911	bullet	33.00	0.00	-74.96	-5.82	-111.55	-17.26	38.34
288218	damage	bot-857	bravo	bot-906	alpha	five_seven	bullet	20.00	80.00	124.65	43.55	126.44	44.14	1.88
289024	damage	bot-868	bravo	bot-905	alpha	five_seven	bullet	20.00	15.20	129.57	34.41	135.79	47.94	14.89
289266	kill	bot-868	bravo	bot-905	alpha	five_seven	bullet	20.00	0.00	129.57	34.40	135.79	47.94	14.90
290820	damage	bot-857	bravo	bot-906	alpha	five_seven	bullet	20.00	60.00	123.40	41.40	127.54	44.63	5.25
290820	kill	bot-904	alpha	bot-857	bravo	cz_805_bren	bullet	24.00	0.00	128.54	41.27	123.37	41.27	5.17
294680	damage	bot-871	bravo	bot-906	alpha	cz_805_bren	bullet	24.00	36.00	85.01	35.19	124.58	46.41	41.13
294956	damage	bot-868	bravo	bot-908	alpha	five_seven	bullet	20.00	80.00	130.72	32.96	135.37	40.63	8.97
295110	damage	bot-868	bravo	bot-908	alpha	five_seven	bullet	20.00	60.00	130.72	32.96	135.35	40.56	8.90
295294	damage	bot-868	bravo	bot-908	alpha	five_seven	bullet	20.00	40.00	130.72	32.96	135.40	40.62	8.97
295454	damage	bot-868	bravo	bot-908	alpha	five_seven	bullet	20.00	20.00	130.72	32.96	135.45	40.67	9.04
295454	damage	bot-908	alpha	bot-868	bravo	cz_805_bren	bullet	24.00	48.34	135.45	40.67	130.72	32.96	9.04
295658	kill	bot-868	bravo	bot-908	alpha	five_seven	bullet	20.00	0.00	130.72	32.96	135.59	40.84	9.26
295847	damage	bot-904	alpha	bot-868	bravo	cz_805_bren	bullet	24.00	24.34	127.79	41.42	130.76	32.82	9.10
296154	damage	bot-904	alpha	bot-868	bravo	cz_805_bren	bullet	24.00	0.34	127.79	41.42	130.80	32.59	9.32
296410	kill	bot-904	alpha	bot-868	bravo	cz_805_bren	bullet	24.00	0.00	127.79	41.41	130.85	32.36	9.55
299014	damage	bot-860	bravo	bot-910	alpha	cz_805_bren	bullet	24.00	76.00	130.52	29.39	135.95	45.85	17.34
300965	damage	bot-889	bravo	bot-906	alpha	cz_805_bren	bullet	24.00	12.00	71.50	37.76	120.09	46.36	49.35
301231	kill	bot-889	bravo	bot-906	alpha	cz_805_bren	bullet	24.00	0.00	71.50	37.76	119.96	46.19	49.19
302546	damage	bot-853	bravo	bot-910	alpha	cz_805_bren	bullet	24.00	52.00	142.98	46.29	135.54	44.77	7.59
302766	damage	bot-871	bravo	bot-910	alpha	cz_805_bren	bullet	24.00	28.00	86.74	36.15	135.68	44.63	49.67
302977	damage	bot-871	bravo	bot-910	alpha	cz_805_bren	bullet	24.00	4.00	86.74	36.15	135.46	44.41	49.41
303195	kill	bot-871	bravo	bot-910	alpha	cz_805_bren	bullet	24.00	0.00	86.74	36.15	135.52	44.20	49.43
306901	damage	bot-909	bravo	bot-911	alpha	five_seven	bullet	20.00	80.00	144.09	39.83	134.30	35.12	10.87
307060	damage	bot-909	bravo	bot-911	alpha	five_seven	bullet	20.00	60.00	144.09	39.83	134.37	35.14	10.80
307220	damage	bot-909	bravo	bot-911	alpha	five_seven	bullet	20.00	40.00	144.09	39.83	134.33	35.12	10.84
307344	damage	bot-911	alpha	bot-860	bravo	five_seven	bullet	20.00	52.39	134.29	35.06	128.26	27.36	9.78
307512	damage	bot-909	bravo	bot-911	alpha	five_seven	bullet	20.00	20.00	144.09	39.83	134.16	34.90	11.09
307663	kill	bot-909	bravo	bot-911	alpha	five_seven	bullet	20.00	0.00	144.09	39.83	134.04	34.72	11.28
310650	damage	bot-853	bravo	bot-904	alpha	cz_805_bren	bullet	24.00	56.00	141.90	42.72	133.11	35.83	11.16
310762	damage	bot-853	bravo	bot-904	alpha	cz_805_bren	bullet	24.00	32.00	141.90	42.72	133.01	35.35	11.54
310882	damage	bot-853	bravo	bot-904	alpha	cz_805_bren	bullet	24.00	8.00	141.90	42.72	132.90	34.85	11.95
310993	kill	bot-853	bravo	bot-904	alpha	cz_805_bren	bullet	24.00	0.00	141.90	42.72	132.80	34.39	12.33
311353	damage	bot-766	bravo	bot-903	alpha	m1911	bullet	33.00	67.00	-75.45	-12.02	-5.00	-33.14	73.55
311694	damage	bot-766	bravo	bot-903	alpha	m1911	bullet	33.00	34.00	-75.45	-12.02	-5.56	-33.04	72.97
314092	damage	bot-766	bravo	bot-903	alpha	m1911	bullet	33.00	18.40	-73.59	-12.87	-1.92	-33.73	74.64
314452	kill	bot-766	bravo	bot-903	alpha	m1911	bullet	33.00	0.00	-73.59	-12.87	-1.92	-33.73	74.64
319691	damage	bot-766	bravo	bot-896	alpha	m1911	bullet	33.00	66.20	-63.81	-15.32	9.68	-15.77	73.49
319691	damage	bot-787	bravo	bot-896	alpha	five_seven	bullet	20.00	46.20	-49.04	-15.93	9.68	-15.77	58.72
319842	damage	bot-787	bravo	bot-896	alpha	five_seven	bullet	20.00	26.20	-49.04	-15.93	10.33	-15.70	59.37
319990	damage	bot-787	bravo	bot-896	alpha	five_seven	bullet	20.00	6.20	-49.04	-15.93	10.95	-15.64	60.00
320147	kill	bot-787	bravo	bot-896	alpha	five_seven	bullet	20.00	0.00	-49.04	-15.93	11.77	-15.54	60.81
321959	damage	bot-766	bravo	bot-888	alpha	m1911	bullet	33.00	41.50	-62.55	-15.31	9.68	-17.35	72.26
322755	damage	bot-853	bravo	bot-898	alpha	cz_805_bren	bullet	24.00	76.00	134.03	22.75	129.29	5.81	17.60
322890	damage	bot-853	bravo	bot-898	alpha	cz_805_bren	bullet	24.00	52.00	134.03	22.75	129.90	5.62	17.62
323030	damage	bot-853	bravo	bot-898	alpha	cz_805_bren	bullet	24.00	28.00	134.03	22.75	130.54	5.42	17.68
323668	damage	bot-853	bravo	bot-898	alpha	cz_805_bren	bullet	24.00	4.00	134.13	22.97	132.56	3.81	19.22
323797	kill	bot-853	bravo	bot-898	alpha	cz_805_bren	bullet	24.00	0.00	134.13	22.97	132.62	3.33	19.70
324915	damage	bot-787	bravo	bot-888	alpha	five_seven	bullet	20.00	35.79	-47.10	-16.01	14.48	-20.58	61.76
325076	damage	bot-787	bravo	bot-888	alpha	five_seven	bullet	20.00	18.96	-47.10	-16.01	14.48	-20.58	61.76
325115	damage	bot-912	bravo	bot-913	alpha	five_seven	bullet	20.00	80.00	69.43	-29.67	100.74	-14.04	34.99
325232	damage	bot-787	bravo	bot-888	alpha	five_seven	bullet	20.00	1.67	-47.10	-16.01	14.48	-20.58	61.76
325261	damage	bot-912	bravo	bot-913	alpha	five_seven	bullet	20.00	60.00	69.43	-29.67	100.33	-14.42	34.46
325431	damage	bot-912	bravo	bot-913	alpha	five_seven	bullet	20.00	40.00	69.43	-29.67	100.03	-14.70	34.07
325539	kill	bot-787	bravo	bot-888	alpha	five_seven	bullet	20.00	0.00	-47.10	-16.01	14.48	-20.58	61.76
325590	damage	bot-912	bravo	bot-913	alpha	five_seven	bullet	20.00	20.00	69.43	-29.67	99.64	-15.08	33.55
325759	kill	bot-912	bravo	bot-913	alpha	five_seven	bullet	20.00	0.00	69.43	-29.67	99.25	-15.51	33.01
328196	damage	bot-880	bravo	bot-917	alpha	cz_805_bren	bullet	24.00	76.00	51.16	14.25	53.44	44.54	30.38
328324	damage	bot-916	alpha	bot-860	bravo	five_seven	bullet	20.00	51.14	112.95	-18.88	118.54	9.18	28.62
329391	damage	bot-880	bravo	bot-917	alpha	cz_805_bren	bullet	24.00	52.00	51.47	14.25	53.46	44.10	29.92
329549	damage	bot-880	bravo	bot-917	alpha	cz_805_bren	bullet	24.00	28.00	51.47	14.25	53.45	44.35	30.16
329698	damage	bot-880	bravo	bot-917	alpha	cz_805_bren	bullet	24.00	4.00	51.47	14.25	53.43	44.76	30.58
329945	kill	bot-880	bravo	bot-917	alpha	cz_805_bren	bullet	24.00	0.00	51.48	14.23	53.36	46.06	31.89
329984	damage	bot-901	bravo	bot-916	alpha	cz_805_bren	bullet	24.00	74.63	88.08	-19.51	113.47	-15.95	25.64
330103	damage	bot-901	bravo	bot-916	alpha	cz_805_bren	bullet	24.00	50.63	88.08	-19.51	113.52	-15.64	25.73
330220	damage	bot-901	bravo	bot-916	alpha	cz_805_bren	bullet	24.00	26.63	88.08	-19.51	114.11	-15.82	26.29
330342	damage	bot-901	bravo	bot-916	alpha	cz_805_bren	bullet	24.00	2.63	88.08	-19.51	114.72	-16.00	26.87
330980	kill	bot-907	bravo	bot-916	alpha	cz_805_bren	bullet	24.00	0.00	126.37	18.94	117.77	-16.94	36.89
332448	damage	bot-897	bravo	bot-914	alpha	cz_805_bren	bullet	24.00	76.00	-25.87	-16.27	-3.51	-18.14	22.44
332563	damage	bot-897	bravo	bot-914	alpha	cz_805_bren	bullet	24.00	52.00	-25.87	-16.27	-3.51	-18.14	22.44
332678	damage	bot-897	bravo	bot-914	alpha	cz_805_bren	bullet	24.00	28.00	-25.87	-16.27	-3.51	-18.14	22.43
336862	damage	bot-891	bravo	bot-914	alpha	five_seven	bullet	20.00	40.12	-6.91	-16.17	2.50	-24.02	12.25
337024	damage	bot-891	bravo	bot-914	alpha	five_seven	bullet	20.00	22.97	-6.91	-16.17	2.50	-24.02	12.25
337151	damage	bot-919	alpha	bot-891	bravo	cz_805_bren	bullet	24.00	76.00	3.20	-19.45	-6.91	-16.17	10.63
337171	damage	bot-891	bravo	bot-914	alpha	five_seven	bullet	20.00	5.70	-6.91	-16.17	2.50	-24.02	12.25
337285	damage	bot-919	alpha	bot-891	bravo	cz_805_bren	bullet	24.00	52.00	3.16	-19.42	-6.91	-16.17	10.58
337333	kill	bot-891	bravo	bot-914	alpha	five_seven	bullet	20.00	0.00	-6.87	-16.16	2.50	-24.02	12.23
337536	damage	bot-766	bravo	bot-919	alpha	m1911	bullet	33.00	67.00	-48.15	-9.06	2.76	-19.09	51.89
338747	damage	bot-891	bravo	bot-919	alpha	five_seven	bullet	20.00	47.00	-8.81	-11.63	0.88	-19.30	12.36
338889	damage	bot-919	alpha	bot-895	bravo	cz_805_bren	bullet	24.00	76.00	1.08	-19.40	-8.48	-16.27	10.06
339019	damage	bot-897	bravo	bot-919	alpha	cz_805_bren	bullet	24.00	23.00	-17.85	-12.97	1.37	-19.54	20.32
339133	kill	bot-897	bravo	bot-919	alpha	cz_805_bren	bullet	24.00	0.00	-17.85	-12.97	1.88	-19.80	20.88
347213	damage	bot-920	alpha	bot-909	bravo	five_seven	bullet	20.00	80.00	132.62	2.42	129.65	11.12	9.20
347375	damage	bot-920	alpha	bot-909	bravo	five_seven	bullet	20.00	60.00	132.62	2.42	129.83	10.75	8.78
347524	damage	bot-920	alpha	bot-909	bravo	five_seven	bullet	20.00	40.00	132.62	2.42	129.34	11.00	9.19
347664	damage	bot-920	alpha	bot-909	bravo	five_seven	bullet	20.00	20.00	132.62	2.42	128.84	11.24	9.60
347810	kill	bot-920	alpha	bot-909	bravo	five_seven	bullet	20.00	0.00	132.62	2.42	128.34	11.48	10.03
349082	damage	bot-889	bravo	bot-920	alpha	cz_805_bren	bullet	24.00	76.00	123.58	14.13	132.89	3.38	14.22
349082	damage	bot-920	alpha	bot-889	bravo	five_seven	bullet	20.00	80.00	132.89	3.38	123.58	14.13	14.22
349203	damage	bot-889	bravo	bot-920	alpha	cz_805_bren	bullet	24.00	52.00	123.58	14.13	132.89	3.38	14.22
349224	damage	bot-920	alpha	bot-889	bravo	five_seven	bullet	20.00	60.00	132.90	3.35	123.58	14.13	14.25
349670	damage	bot-889	bravo	bot-920	alpha	cz_805_bren	bullet	24.00	28.00	122.36	14.49	133.51	2.00	16.74
352352	damage	bot-920	alpha	bot-907	bravo	five_seven	bullet	20.00	80.00	131.44	-1.10	132.68	3.87	5.13
352679	damage	bot-920	alpha	bot-907	bravo	five_seven	bullet	20.00	60.00	129.90	-1.21	132.68	2.52	4.65
352821	damage	bot-920	alpha	bot-907	bravo	five_seven	bullet	20.00	40.00	129.51	-1.56	132.92	3.19	5.85
352909	damage	bot-907	bravo	bot-920	alpha	cz_805_bren	bullet	24.00	14.94	133.17	3.36	129.44	-2.02	6.55
353011	damage	bot-920	alpha	bot-907	bravo	five_seven	bullet	20.00	20.00	129.39	-2.38	133.21	3.98	7.41
353073	kill	bot-853	bravo	bot-920	alpha	cz_805_bren	bullet	24.00	0.00	133.07	4.52	129.35	-2.63	8.06
362715	damage	bot-814	alpha	bot-766	bravo	cz_805_bren	bullet	24.00	48.22	-73.95	-37.38	-35.82	-12.02	45.79
362939	damage	bot-814	alpha	bot-766	bravo	cz_805_bren	bullet	24.00	24.22	-73.95	-37.38	-35.81	-10.84	46.47
363181	damage	bot-912	bravo	bot-925	alpha	five_seven	bullet	20.00	80.00	134.40	-33.48	111.10	-25.38	24.67
363248	damage	bot-786	bravo	bot-925	alpha	cz_805_bren	bullet	24.00	56.00	132.70	-35.32	111.10	-25.38	23.77
363324	damage	bot-901	bravo	bot-925	alpha	cz_805_bren	bullet	24.00	32.00	139.47	-32.71	111.07	-25.26	29.36
363324	damage	bot-912	bravo	bot-925	alpha	five_seven	bullet	20.00	12.00	134.40	-33.48	111.07	-25.26	24.74
363363	kill	bot-786	bravo	bot-925	alpha	cz_805_bren	bullet	24.00	0.00	132.70	-35.32	111.06	-25.20	23.89
363650	damage	bot-814	alpha	bot-766	bravo	cz_805_bren	bullet	24.00	0.22	-73.57	-37.31	-35.75	-7.53	48.13
363773	kill	bot-814	alpha	bot-766	bravo	cz_805_bren	bullet	24.00	0.00	-73.57	-37.31	-35.75	-7.53	48.13
404972	damage	bot-901	bravo	bot-928	alpha	cz_805_bren	bullet	24.00	76.00	62.55	-35.92	45.34	-43.85	18.95
405013	damage	bot-787	bravo	bot-928	alpha	five_seven	bullet	20.00	56.00	60.99	-37.79	45.34	-43.85	16.79
405092	damage	bot-901	bravo	bot-928	alpha	cz_805_bren	bullet	24.00	32.00	62.54	-35.92	45.34	-43.85	18.95
405202	damage	bot-787	bravo	bot-928	alpha	five_seven	bullet	20.00	12.00	60.99	-37.79	45.33	-43.86	16.80
405267	kill	bot-901	bravo	bot-928	alpha	cz_805_bren	bullet	24.00	0.00	62.54	-35.92	45.33	-43.85	18.95
406068	damage	bot-814	alpha	bot-912	bravo	cz_805_bren	bullet	24.00	76.00	21.12	-28.75	70.05	-25.06	49.08
406180	damage	bot-814	alpha	bot-912	bravo	cz_805_bren	bullet	24.00	52.00	21.12	-28.75	70.30	-24.78	49.35
406609	damage	bot-814	alpha	bot-837	bravo	cz_805_bren	bullet	24.00	46.07	21.12	-28.75	56.29	-27.96	35.19
406711	damage	bot-929	alpha	bot-901	bravo	cz_805_bren	bullet	24.00	76.00	42.88	-46.26	65.93	-32.15	27.02
406735	damage	bot-814	alpha	bot-837	bravo	cz_805_bren	bullet	24.00	22.07	21.12	-28.75	56.03	-27.68	34.93
406854	damage	bot-929	alpha	bot-901	bravo	cz_805_bren	bullet	24.00	52.00	42.88	-46.26	66.31	-31.72	27.57
406878	kill	bot-814	alpha	bot-837	bravo	cz_805_bren	bullet	24.00	0.00	21.12	-28.75	55.76	-27.43	34.67
407025	damage	bot-929	alpha	bot-901	bravo	cz_805_bren	bullet	24.00	28.00	42.88	-46.26	66.79	-31.18	28.27
407211	damage	bot-929	alpha	bot-901	bravo	cz_805_bren	bullet	24.00	4.00	42.88	-46.26	67.28	-30.69	28.94
407372	kill	bot-929	alpha	bot-901	bravo	cz_805_bren	bullet	24.00	0.00	42.88	-46.25	67.73	-30.23	29.56
407855	damage	bot-814	alpha	bot-786	bravo	cz_805_bren	bullet	24.00	43.79	21.45	-28.73	50.45	-28.15	29.00
408014	damage	bot-814	alpha	bot-786	bravo	cz_805_bren	bullet	24.00	19.79	21.45	-28.73	50.27	-28.23	28.83
408134	kill	bot-814	alpha	bot-786	bravo	cz_805_bren	bullet	24.00	0.00	21.45	-28.73	50.55	-28.31	29.10
408939	damage	bot-814	alpha	bot-923	bravo	cz_805_bren	bullet	24.00	76.00	21.45	-28.73	67.39	-20.93	46.59
409076	damage	bot-814	alpha	bot-923	bravo	cz_805_bren	bullet	24.00	52.00	21.45	-28.73	66.70	-20.92	45.92
409233	damage	bot-814	alpha	bot-923	bravo	cz_805_bren	bullet	24.00	28.00	21.45	-28.73	67.05	-20.30	46.37
409355	damage	bot-814	alpha	bot-923	bravo	cz_805_bren	bullet	24.00	4.00	21.45	-28.73	67.43	-19.70	46.85
409434	damage	bot-787	bravo	bot-929	alpha	five_seven	bullet	20.00	80.00	54.90	-44.96	43.23	-45.98	11.71
409601	damage	bot-787	bravo	bot-929	alpha	five_seven	bullet	20.00	60.00	54.90	-44.96	43.23	-45.98	11.71
409746	damage	bot-787	bravo	bot-929	alpha	five_seven	bullet	20.00	40.00	54.90	-44.96	42.61	-46.39	12.38
410251	damage	bot-787	bravo	bot-929	alpha	five_seven	bullet	20.00	20.00	54.84	-44.96	40.49	-47.77	14.62
410408	kill	bot-787	bravo	bot-929	alpha	five_seven	bullet	20.00	0.00	54.84	-44.96	39.99	-48.09	15.17
411690	damage	bot-814	alpha	bot-923	bravo	cz_805_bren	bullet	24.00	10.72	22.92	-28.45	68.09	-18.58	46.24
411826	kill	bot-814	alpha	bot-923	bravo	cz_805_bren	bullet	24.00	0.00	22.92	-28.45	68.09	-18.58	46.24
412311	damage	bot-936	alpha	bot-927	bravo	cz_805_bren	bullet	24.00	76.00	120.11	36.86	125.54	41.90	7.42
414114	damage	bot-800	alpha	bot-912	bravo	five_seven	bullet	20.00	52.11	18.61	-19.71	68.56	-18.86	49.96
414974	damage	bot-814	alpha	bot-912	bravo	cz_805_bren	bullet	24.00	28.11	28.01	-27.62	71.83	-20.95	44.32
415096	damage	bot-814	alpha	bot-912	bravo	cz_805_bren	bullet	24.00	4.11	28.01	-27.62	71.97	-21.03	44.45
415271	kill	bot-814	alpha	bot-912	bravo	cz_805_bren	bullet	24.00	0.00	28.01	-27.62	71.97	-21.02	44.45
416042	damage	bot-875	bravo	bot-936	alpha	five_seven	bullet	20.00	80.00	123.96	39.44	119.04	38.75	4.97
416042	damage	bot-936	alpha	bot-875	bravo	cz_805_bren	bullet	24.00	76.00	119.04	38.75	123.96	39.44	4.97
416230	damage	bot-875	bravo	bot-936	alpha	five_seven	bullet	20.00	60.00	123.96	39.44	118.53	38.48	5.51
416230	damage	bot-936	alpha	bot-875	bravo	cz_805_bren	bullet	24.00	52.00	118.53	38.48	123.96	39.44	5.51
416580	damage	bot-936	alpha	bot-875	bravo	cz_805_bren	bullet	24.00	28.00	117.41	37.40	124.04	41.01	7.55
416752	damage	bot-873	bravo	bot-936	alpha	cz_805_bren	bullet	24.00	36.00	115.02	35.25	117.00	36.73	2.47
416909	damage	bot-875	bravo	bot-938	alpha	five_seven	bullet	20.00	80.00	125.32	41.61	119.61	43.19	5.93
417114	damage	bot-927	bravo	bot-938	alpha	cz_805_bren	bullet	24.00	56.00	125.75	37.25	120.39	42.69	7.64
417155	damage	bot-875	bravo	bot-938	alpha	five_seven	bullet	20.00	36.00	126.28	42.36	120.25	42.75	6.04
417232	damage	bot-927	bravo	bot-938	alpha	cz_805_bren	bullet	24.00	12.00	125.75	37.25	119.95	42.93	8.12
417301	damage	bot-787	bravo	bot-915	alpha	five_seven	bullet	20.00	80.00	41.50	-43.27	21.30	-28.57	24.98
417301	damage	bot-938	alpha	bot-889	bravo	cz_805_bren	bullet	24.00	71.18	119.71	43.07	120.75	41.25	2.09
417374	kill	bot-927	bravo	bot-938	alpha	cz_805_bren	bullet	24.00	0.00	125.76	37.31	119.48	43.21	8.62
417445	damage	bot-787	bravo	bot-915	alpha	five_seven	bullet	20.00	60.00	41.50	-43.27	21.61	-28.77	24.62
417543	damage	bot-936	alpha	bot-871	bravo	cz_805_bren	bullet	24.00	48.98	113.86	34.22	114.91	37.41	3.36
417596	damage	bot-787	bravo	bot-915	alpha	five_seven	bullet	20.00	40.00	41.50	-43.27	21.13	-28.60	25.10
417688	damage	bot-936	alpha	bot-871	bravo	cz_805_bren	bullet	24.00	24.98	113.78	33.52	114.89	37.87	4.48
417720	damage	bot-871	bravo	bot-936	alpha	cz_805_bren	bullet	24.00	12.00	114.89	37.87	113.78	33.52	4.48
417720	kill	bot-873	bravo	bot-936	alpha	cz_805_bren	bullet	24.00	0.00	116.80	33.43	113.78	33.52	3.02
417760	damage	bot-787	bravo	bot-915	alpha	five_seven	bullet	20.00	20.00	41.50	-43.27	20.76	-28.33	25.56
417908	kill	bot-787	bravo	bot-915	alpha	five_seven	bullet	20.00	0.00	41.50	-43.27	20.29	-27.98	26.15
423865	damage	bot-814	alpha	bot-860	bravo	cz_805_bren	bullet	24.00	48.05	30.99	-11.18	38.65	35.54	47.35
423996	damage	bot-814	alpha	bot-860	bravo	cz_805_bren	bullet	24.00	24.05	30.99	-11.18	38.33	35.94	47.68
424119	damage	bot-814	alpha	bot-860	bravo	cz_805_bren	bullet	24.00	0.05	30.99	-11.18	38.03	36.34	48.04
424253	kill	bot-814	alpha	bot-860	bravo	cz_805_bren	bullet	24.00	0.00	30.99	-11.18	37.72	36.75	48.39
424687	damage	bot-875	bravo	bot-940	alpha	five_seven	bullet	20.00	80.00	126.95	45.14	123.65	39.56	6.48
424854	damage	bot-875	bravo	bot-940	alpha	five_seven	bullet	20.00	60.00	126.95	45.14	123.71	39.99	6.09
425719	damage	bot-787	bravo	bot-802	alpha	five_seven	bullet	20.00	39.08	41.47	-43.19	25.98	-35.81	17.16
425780	damage	bot-927	bravo	bot-940	alpha	cz_805_bren	bullet	24.00	36.00	122.16	33.18	125.69	36.81	5.07
425870	damage	bot-787	bravo	bot-802	alpha	five_seven	bullet	20.00	19.08	41.47	-43.19	25.35	-36.24	17.56
425892	damage	bot-927	bravo	bot-940	alpha	cz_805_bren	bullet	24.00	12.00	121.63	33.03	125.49	36.38	5.11
426016	kill	bot-787	bravo	bot-802	alpha	five_seven	bullet	20.00	0.00	41.47	-43.19	24.77	-36.62	17.95
426016	kill	bot-927	bravo	bot-940	alpha	cz_805_bren	bullet	24.00	0.00	121.29	33.16	125.08	36.08	4.78
427277	damage	bot-814	alpha	bot-787	bravo	cz_805_bren	bullet	24.00	59.77	35.51	-13.26	38.99	-43.05	29.99
427405	damage	bot-814	alpha	bot-787	bravo	cz_805_bren	bullet	24.00	35.77	35.51	-13.26	39.12	-43.14	30.10
427460	damage	bot-871	bravo	bot-942	alpha	cz_805_bren	bullet	24.00	76.00	116.68	38.21	114.83	33.96	4.63
427460	damage	bot-942	alpha	bot-871	bravo	cz_805_bren	bullet	24.00	48.80	114.83	33.96	116.68	38.32	4.74
427539	damage	bot-814	alpha	bot-787	bravo	cz_805_bren	bullet	24.00	11.77	35.51	-13.26	39.29	-43.27	30.25
427584	damage	bot-871	bravo	bot-942	alpha	cz_805_bren	bullet	24.00	52.00	116.71	38.87	114.81	33.78	5.44
427667	kill	bot-814	alpha	bot-787	bravo	cz_805_bren	bullet	24.00	0.00	35.51	-13.26	39.75	-43.62	30.66
427715	damage	bot-871	bravo	bot-942	alpha	cz_805_bren	bullet	24.00	28.00	116.85	39.02	114.68	33.65	5.79
427828	damage	bot-871	bravo	bot-942	alpha	cz_805_bren	bullet	24.00	4.00	117.24	38.92	114.52	33.49	6.07
427947	kill	bot-871	bravo	bot-942	alpha	cz_805_bren	bullet	24.00	0.00	117.53	38.85	114.40	33.37	6.31
429095	damage	bot-853	bravo	bot-859	alpha	cz_805_bren	bullet	24.00	76.00	29.47	36.26	32.54	-6.43	42.80
429095	damage	bot-859	alpha	bot-853	bravo	m24	bullet	95.00	5.00	32.54	-6.43	29.47	36.26	42.80
429219	damage	bot-853	bravo	bot-859	alpha	cz_805_bren	bullet	24.00	52.00	29.37	36.36	32.54	-6.43	42.91
429792	damage	bot-814	alpha	bot-907	bravo	cz_805_bren	bullet	24.00	48.09	35.90	-12.78	28.20	33.37	46.79
429939	damage	bot-814	alpha	bot-907	bravo	cz_805_bren	bullet	24.00	24.09	35.90	-12.78	27.91	33.62	47.08
430073	damage	bot-814	alpha	bot-907	bravo	cz_805_bren	bullet	24.00	0.09	35.90	-12.78	27.44	34.04	47.58
430238	kill	bot-814	alpha	bot-907	bravo	cz_805_bren	bullet	24.00	0.00	35.90	-12.78	26.95	34.47	48.10
432629	damage	bot-927	bravo	bot-944	alpha	cz_805_bren	bullet	24.00	76.00	123.76	36.25	119.75	30.39	7.10
432755	damage	bot-927	bravo	bot-944	alpha	cz_805_bren	bullet	24.00	52.00	123.76	36.25	119.75	30.61	6.92
432866	damage	bot-927	bravo	bot-944	alpha	cz_805_bren	bullet	24.00	28.00	123.76	36.25	119.75	31.14	6.50
433085	damage	bot-889	bravo	bot-944	alpha	cz_805_bren	bullet	24.00	4.00	114.45	32.71	119.58	31.92	5.19
433203	kill	bot-889	bravo	bot-944	alpha	cz_805_bren	bullet	24.00	0.00	113.96	32.44	119.00	31.95	5.07
437582	damage	bot-946	alpha	bot-877	bravo	cz_805_bren	bullet	24.00	76.00	128.98	40.45	129.21	34.36	6.10
437811	damage	bot-946	alpha	bot-877	bravo	cz_805_bren	bullet	24.00	52.00	128.30	41.05	129.23	34.23	6.88
438647	damage	bot-946	alpha	bot-877	bravo	cz_805_bren	bullet	24.00	28.00	127.74	41.21	131.62	31.08	10.85
438759	damage	bot-946	alpha	bot-877	bravo	cz_805_bren	bullet	24.00	4.00	127.74	41.21	131.95	30.64	11.38
438873	kill	bot-946	alpha	bot-877	bravo	cz_805_bren	bullet	24.00	0.00	127.74	41.21	132.42	30.35	11.83
441163	damage	bot-875	bravo	bot-946	alpha	five_seven	bullet	20.00	80.00	125.57	38.30	123.47	40.69	3.19
443451	damage	bot-800	alpha	bot-853	bravo	five_seven	bullet	20.00	52.00	33.44	1.36	10.71	40.18	44.99
443606	damage	bot-800	alpha	bot-853	bravo	five_seven	bullet	20.00	32.00	33.44	1.35	10.29	40.61	45.57
444656	damage	bot-814	alpha	bot-879	bravo	cz_805_bren	bullet	24.00	76.00	31.51	8.52	27.36	11.23	4.95
444768	damage	bot-814	alpha	bot-879	bravo	cz_805_bren	bullet	24.00	52.00	31.51	8.52	27.35	11.23	4.96
444895	damage	bot-814	alpha	bot-879	bravo	cz_805_bren	bullet	24.00	28.00	31.51	8.52	27.44	11.58	5.09
445014	damage	bot-814	alpha	bot-879	bravo	cz_805_bren	bullet	24.00	4.00	31.51	8.52	27.45	12.38	5.60
445107	kill	bot-859	alpha	bot-879	bravo	five_seven	bullet	20.00	0.00	21.82	3.33	27.46	12.84	11.06
447977	damage	bot-800	alpha	bot-853	bravo	five_seven	bullet	20.00	52.40	31.74	7.80	5.97	45.04	45.29
448274	damage	bot-800	alpha	bot-853	bravo	five_seven	bullet	20.00	32.40	31.74	7.80	5.42	45.46	45.95
448510	damage	bot-946	alpha	bot-875	bravo	cz_805_bren	bullet	24.00	48.04	124.01	39.24	118.05	38.23	6.05
448626	damage	bot-946	alpha	bot-875	bravo	cz_805_bren	bullet	24.00	24.04	123.96	39.25	117.56	37.89	6.54
448745	damage	bot-946	alpha	bot-875	bravo	cz_805_bren	bullet	24.00	0.04	123.86	39.29	117.08	37.51	7.01
451054	damage	bot-800	alpha	bot-853	bravo	five_seven	bullet	20.00	37.53	31.54	10.26	1.90	48.13	48.08
451209	damage	bot-800	alpha	bot-853	bravo	five_seven	bullet	20.00	20.53	31.54	10.26	1.90	48.13	48.08
451309	kill	bot-922	alpha	bot-853	bravo	cz_805_bren	bullet	24.00	0.00	37.22	12.79	1.90	48.13	49.96
455761	damage	bot-924	alpha	bot-941	bravo	m24	bullet	95.00	5.00	-60.07	-35.76	-67.71	36.65	72.82
461401	damage	bot-924	alpha	bot-939	bravo	m24	bullet	95.00	5.00	-60.21	-30.15	-68.05	39.47	70.06
461957	damage	bot-946	alpha	bot-873	bravo	cz_805_bren	bullet	24.00	76.00	118.51	42.11	92.72	32.79	27.42
462104	damage	bot-946	alpha	bot-873	bravo	cz_805_bren	bullet	24.00	52.00	118.54	42.09	92.39	32.45	27.87
462248	damage	bot-946	alpha	bot-873	bravo	cz_805_bren	bullet	24.00	28.00	118.55	42.09	92.07	32.16	28.28
462367	damage	bot-946	alpha	bot-873	bravo	cz_805_bren	bullet	24.00	4.00	118.55	42.08	91.88	31.98	28.53
462478	kill	bot-946	alpha	bot-873	bravo	cz_805_bren	bullet	24.00	0.00	118.61	42.10	91.61	31.77	28.90
463974	damage	bot-875	bravo	bot-946	alpha	five_seven	bullet	20.00	60.00	125.86	41.70	119.10	42.39	6.79
464123	damage	bot-875	bravo	bot-946	alpha	five_seven	bullet	20.00	40.00	125.86	41.70	118.97	42.34	6.91
465676	damage	bot-946	alpha	bot-880	bravo	cz_805_bren	bullet	24.00	74.93	113.51	39.43	104.91	25.67	16.23
465839	damage	bot-946	alpha	bot-880	bravo	cz_805_bren	bullet	24.00	50.93	112.84	38.85	104.75	25.25	15.82
466221	damage	bot-880	bravo	bot-946	alpha	cz_805_bren	bullet	24.00	16.00	104.46	24.58	111.38	37.56	14.71
467793	damage	bot-949	bravo	bot-935	alpha	m24	bullet	95.00	5.00	-116.46	34.13	-145.99	2.90	42.98
467964	damage	bot-880	bravo	bot-946	alpha	cz_805_bren	bullet	24.00	9.03	103.28	20.94	111.56	37.28	18.32
468284	kill	bot-880	bravo	bot-946	alpha	cz_805_bren	bullet	24.00	0.00	102.97	20.12	111.60	37.32	19.24
469429	damage	bot-814	alpha	bot-871	bravo	cz_805_bren	bullet	24.00	71.26	43.53	23.46	56.66	33.77	16.69
469568	damage	bot-814	alpha	bot-871	bravo	cz_805_bren	bullet	24.00	47.26	43.53	23.46	56.56	33.66	16.55
470545	damage	bot-814	alpha	bot-889	bravo	cz_805_bren	bullet	24.00	48.48	43.53	23.46	87.21	25.58	43.73
470796	damage	bot-814	alpha	bot-889	bravo	cz_805_bren	bullet	24.00	24.48	43.53	23.46	87.96	26.32	44.52
470909	damage	bot-814	alpha	bot-889	bravo	cz_805_bren	bullet	24.00	0.48	43.53	23.46	88.35	26.72	44.93
471031	kill	bot-814	alpha	bot-889	bravo	cz_805_bren	bullet	24.00	0.00	43.53	23.46	88.71	27.07	45.32
472607	damage	bot-960	alpha	bot-945	bravo	cz_805_bren	bullet	24.00	76.00	122.85	23.82	146.98	31.98	25.47
472746	damage	bot-960	alpha	bot-945	bravo	cz_805_bren	bullet	24.00	52.00	122.86	23.83	146.81	31.72	25.21
473128	damage	bot-960	alpha	bot-947	bravo	cz_805_bren	bullet	24.00	76.00	122.94	23.88	146.97	26.73	24.20
473460	damage	bot-960	alpha	bot-947	bravo	cz_805_bren	bullet	24.00	52.00	123.00	23.92	147.03	26.71	24.20
473557	damage	bot-947	bravo	bot-960	alpha	five_seven	bullet	20.00	80.00	147.04	26.83	123.02	23.94	24.19
473557	damage	bot-957	bravo	bot-930	alpha	cz_805_bren	bullet	24.00	76.00	-121.11	33.39	-144.36	-4.61	44.55
473586	damage	bot-960	alpha	bot-947	bravo	cz_805_bren	bullet	24.00	28.00	123.02	23.94	147.04	26.90	24.20
473719	damage	bot-814	alpha	bot-927	bravo	cz_805_bren	bullet	24.00	52.00	43.85	22.59	69.58	35.62	28.85
473719	damage	bot-880	bravo	bot-960	alpha	cz_805_bren	bullet	24.00	56.00	104.77	27.07	123.04	23.96	18.53
473719	damage	bot-960	alpha	bot-947	bravo	cz_805_bren	bullet	24.00	4.00	123.04	23.96	147.03	27.10	24.19
473746	damage	bot-897	bravo	bot-960	alpha	cz_805_bren	bullet	24.00	32.00	147.14	37.45	123.08	23.92	27.60
473857	damage	bot-897	bravo	bot-960	alpha	cz_805_bren	bullet	24.00	8.00	147.15	37.45	123.20	23.78	27.58
473857	kill	bot-943	bravo	bot-960	alpha	cz_805_bren	bullet	24.00	0.00	146.41	34.80	123.20	23.78	25.69
473895	damage	bot-814	alpha	bot-927	bravo	cz_805_bren	bullet	24.00	28.00	43.85	22.59	70.02	35.20	29.05
474161	damage	bot-814	alpha	bot-927	bravo	cz_805_bren	bullet	24.00	4.00	43.85	22.59	70.71	34.55	29.40
474328	kill	bot-814	alpha	bot-927	bravo	cz_805_bren	bullet	24.00	0.00	43.85	22.59	71.09	34.15	29.59
474429	damage	bot-934	alpha	bot-949	bravo	five_seven	bullet	20.00	80.00	-142.74	-0.09	-122.03	28.99	35.70
475441	damage	bot-814	alpha	bot-871	bravo	cz_805_bren	bullet	24.00	43.47	44.02	22.47	69.11	46.12	34.48
475595	damage	bot-814	alpha	bot-871	bravo	cz_805_bren	bullet	24.00	19.47	44.02	22.47	69.63	46.42	35.07
475739	kill	bot-814	alpha	bot-871	bravo	cz_805_bren	bullet	24.00	0.00	44.02	22.47	70.12	46.71	35.62
476201	damage	bot-957	bravo	bot-934	alpha	cz_805_bren	bullet	24.00	76.00	-121.84	32.99	-140.06	2.23	35.75
477568	damage	bot-957	bravo	bot-934	alpha	cz_805_bren	bullet	24.00	52.00	-121.88	33.50	-136.84	5.39	31.85
477723	damage	bot-957	bravo	bot-934	alpha	cz_805_bren	bullet	24.00	28.00	-121.88	33.52	-136.38	5.86	31.23
477793	damage	bot-941	bravo	bot-948	alpha	cz_805_bren	bullet	24.00	76.00	-64.72	12.00	-38.58	-16.75	38.86
477852	damage	bot-957	bravo	bot-934	alpha	cz_805_bren	bullet	24.00	4.00	-121.90	33.56	-135.99	6.23	30.74
477904	damage	bot-941	bravo	bot-948	alpha	cz_805_bren	bullet	24.00	52.00	-64.71	12.02	-38.64	-16.59	38.71
477999	kill	bot-957	bravo	bot-934	alpha	cz_805_bren	bullet	24.00	0.00	-121.91	33.58	-135.56	6.65	30.19
479720	damage	bot-941	bravo	bot-921	alpha	cz_805_bren	bullet	24.00	76.00	-64.73	11.58	-36.57	-12.78	37.24
479865	damage	bot-941	bravo	bot-921	alpha	cz_805_bren	bullet	24.00	52.00	-64.73	11.58	-36.61	-12.78	37.21
479997	damage	bot-941	bravo	bot-921	alpha	cz_805_bren	bullet	24.00	28.00	-64.73	11.58	-36.54	-12.89	37.33
480067	damage	bot-921	alpha	bot-941	bravo	cz_805_bren	bullet	24.00	71.98	-36.51	-12.92	-64.73	11.58	37.38
480128	damage	bot-941	bravo	bot-921	alpha	cz_805_bren	bullet	24.00	4.00	-64.73	11.58	-36.44	-13.02	37.50
480241	kill	bot-941	bravo	bot-921	alpha	cz_805_bren	bullet	24.00	0.00	-64.73	11.58	-36.17	-13.31	37.88
481380	damage	bot-950	alpha	bot-963	bravo	cz_805_bren	bullet	24.00	76.00	-45.00	-17.49	-78.80	-39.54	40.36
482979	damage	bot-963	bravo	bot-950	alpha	five_seven	bullet	20.00	80.00	-77.55	-38.75	-45.64	-17.37	38.41
483158	damage	bot-963	bravo	bot-950	alpha	five_seven	bullet	20.00	60.00	-77.55	-38.74	-45.97	-17.51	38.05
483351	damage	bot-933	alpha	bot-937	bravo	cz_805_bren	bullet	24.00	76.00	-129.58	12.00	-109.51	26.93	25.01
484555	damage	bot-941	bravo	bot-950	alpha	cz_805_bren	bullet	24.00	37.57	-62.18	9.21	-41.72	-19.86	35.55
484669	damage	bot-941	bravo	bot-950	alpha	cz_805_bren	bullet	24.00	13.57	-62.17	9.22	-41.38	-20.05	35.90
484818	kill	bot-941	bravo	bot-950	alpha	cz_805_bren	bullet	24.00	0.00	-62.17	9.22	-40.81	-20.28	36.43
485151	damage	bot-933	alpha	bot-937	bravo	cz_805_bren	bullet	24.00	52.00	-130.28	11.29	-110.00	27.32	25.86
485264	damage	bot-933	alpha	bot-937	bravo	cz_805_bren	bullet	24.00	28.00	-130.28	11.28	-109.62	27.65	26.36
485404	damage	bot-933	alpha	bot-937	bravo	cz_805_bren	bullet	24.00	4.00	-130.28	11.27	-109.19	28.02	26.93
485553	kill	bot-933	alpha	bot-937	bravo	cz_805_bren	bullet	24.00	0.00	-130.26	11.26	-108.67	28.49	27.61
487122	damage	bot-953	bravo	bot-933	alpha	cz_805_bren	bullet	24.00	61.78	-129.50	18.85	-131.75	13.13	6.15
487243	damage	bot-932	alpha	bot-949	bravo	cz_805_bren	bullet	24.00	56.00	-147.31	-2.92	-121.12	32.34	43.92
487635	damage	bot-930	alpha	bot-955	bravo	five_seven	bullet	20.00	80.00	-146.65	-18.93	-129.64	17.87	40.53
488546	damage	bot-967	bravo	bot-924	alpha	cz_805_bren	bullet	24.00	76.00	-77.64	-30.30	-38.26	-15.78	41.97
488692	damage	bot-967	bravo	bot-924	alpha	cz_805_bren	bullet	24.00	52.00	-77.63	-30.30	-38.27	-15.70	41.98
488983	damage	bot-953	bravo	bot-935	alpha	cz_805_bren	bullet	24.00	50.43	-127.31	17.29	-145.25	18.25	17.97
489113	damage	bot-953	bravo	bot-935	alpha	cz_805_bren	bullet	24.00	26.43	-127.31	17.29	-145.42	18.46	18.15
489982	damage	bot-957	bravo	bot-933	alpha	cz_805_bren	bullet	24.00	37.78	-131.35	22.81	-131.75	12.25	10.57
490132	damage	bot-957	bravo	bot-933	alpha	cz_805_bren	bullet	24.00	13.78	-131.34	22.80	-131.40	11.80	11.00
490132	damage	bot-967	bravo	bot-948	alpha	cz_805_bren	bullet	24.00	49.61	-76.99	-30.17	-40.86	-17.15	38.40
490261	damage	bot-933	alpha	bot-957	bravo	cz_805_bren	bullet	24.00	76.00	-131.09	11.43	-131.29	22.69	11.26
490261	damage	bot-967	bravo	bot-948	alpha	cz_805_bren	bullet	24.00	25.61	-76.98	-30.17	-40.41	-16.67	38.99
490581	damage	bot-963	bravo	bot-948	alpha	five_seven	bullet	20.00	5.61	-72.87	-35.37	-39.39	-15.69	38.84
490776	damage	bot-933	alpha	bot-955	bravo	cz_805_bren	bullet	24.00	56.00	-129.62	9.46	-125.03	17.27	9.06
490776	kill	bot-963	bravo	bot-948	alpha	five_seven	bullet	20.00	0.00	-72.88	-35.29	-38.71	-14.97	39.75
490992	damage	bot-933	alpha	bot-955	bravo	cz_805_bren	bullet	24.00	32.00	-129.21	8.93	-124.36	17.56	9.89
490992	kill	bot-955	bravo	bot-933	alpha	five_seven	bullet	20.00	0.00	-124.36	17.56	-129.08	8.74	10.00
492272	damage	bot-931	alpha	bot-955	bravo	cz_805_bren	bullet	24.00	8.00	-144.72	-7.13	-122.09	20.51	35.73
492338	damage	bot-814	alpha	bot-891	bravo	cz_805_bren	bullet	24.00	48.14	69.77	43.00	114.85	26.52	47.99
492399	kill	bot-931	alpha	bot-955	bravo	cz_805_bren	bullet	24.00	0.00	-144.77	-7.16	-122.02	20.62	35.90
492463	damage	bot-814	alpha	bot-891	bravo	cz_805_bren	bullet	24.00	24.14	69.77	43.00	114.96	26.55	48.09
492709	damage	bot-814	alpha	bot-891	bravo	cz_805_bren	bullet	24.00	0.14	69.77	43.00	115.92	26.66	48.95
492843	kill	bot-814	alpha	bot-891	bravo	cz_805_bren	bullet	24.00	0.00	69.77	43.00	116.42	26.73	49.40
494249	kill	bot-859	alpha	bot-899	bravo	m24	bullet	95.00	0.00	61.52	35.61	118.40	32.29	56.98
494709	damage	bot-941	bravo	bot-926	alpha	cz_805_bren	bullet	24.00	76.00	-56.83	7.18	-33.79	-15.48	32.32
495163	damage	bot-814	alpha	bot-897	bravo	cz_805_bren	bullet	24.00	76.00	70.83	42.31	116.05	26.15	48.02
495289	damage	bot-814	alpha	bot-897	bravo	cz_805_bren	bullet	24.00	52.00	70.83	42.31	115.84	26.14	47.82
495456	damage	bot-814	alpha	bot-897	bravo	cz_805_bren	bullet	24.00	28.00	70.83	42.31	116.37	26.29	48.27
495630	damage	bot-814	alpha	bot-897	bravo	cz_805_bren	bullet	24.00	4.00	70.83	42.31	117.10	26.42	48.91
495804	kill	bot-814	alpha	bot-897	bravo	cz_805_bren	bullet	24.00	0.00	70.83	42.31	117.51	26.55	49.27
496704	damage	bot-800	alpha	bot-943	bravo	five_seven	bullet	20.00	80.00	69.44	39.28	117.72	32.30	48.78
496896	damage	bot-800	alpha	bot-943	bravo	five_seven	bullet	20.00	60.00	69.44	39.28	117.09	32.44	48.14
497078	damage	bot-800	alpha	bot-943	bravo	five_seven	bullet	20.00	40.00	69.44	39.28	116.38	32.77	47.39
497154	damage	bot-930	alpha	bot-951	bravo	five_seven	bullet	20.00	80.00	-144.38	-5.83	-123.24	20.42	33.70
497208	damage	bot-931	alpha	bot-951	bravo	cz_805_bren	bullet	24.00	56.00	-142.50	-2.60	-123.22	20.48	30.07
497242	damage	bot-800	alpha	bot-943	bravo	five_seven	bullet	20.00	20.00	69.44	39.28	115.69	33.04	46.67
497282	damage	bot-967	bravo	bot-926	alpha	cz_805_bren	bullet	24.00	52.00	-69.12	-27.10	-35.03	-14.91	36.21
497317	damage	bot-930	alpha	bot-951	bravo	five_seven	bullet	20.00	36.00	-144.40	-5.82	-123.09	20.70	34.03
497347	damage	bot-931	alpha	bot-951	bravo	cz_805_bren	bullet	24.00	12.00	-142.57	-2.59	-123.05	20.77	30.44
497473	kill	bot-930	alpha	bot-951	bravo	five_seven	bullet	20.00	0.00	-144.42	-5.82	-122.92	20.97	34.35
499131	damage	bot-967	bravo	bot-924	alpha	cz_805_bren	bullet	24.00	48.93	-68.33	-26.64	-39.07	-15.29	31.38
499313	damage	bot-967	bravo	bot-924	alpha	cz_805_bren	bullet	24.00	24.93	-68.33	-26.64	-38.86	-15.08	31.65
499379	damage	bot-952	alpha	bot-941	bravo	cz_805_bren	bullet	24.00	47.98	-30.49	-15.94	-53.60	4.97	31.17
499433	damage	bot-967	bravo	bot-924	alpha	cz_805_bren	bullet	24.00	0.93	-68.33	-26.64	-38.76	-14.97	31.79
499515	damage	bot-952	alpha	bot-941	bravo	cz_805_bren	bullet	24.00	23.98	-30.50	-15.92	-53.95	5.34	31.65
499689	kill	bot-952	alpha	bot-941	bravo	cz_805_bren	bullet	24.00	0.00	-30.52	-15.97	-54.43	6.10	32.53
499952	damage	bot-895	bravo	bot-958	alpha	cz_805_bren	bullet	24.00	22.63	114.31	34.34	66.11	38.94	48.43
500009	kill	bot-967	bravo	bot-924	alpha	cz_805_bren	bullet	24.00	0.00	-68.86	-27.17	-38.06	-14.26	33.40
500067	damage	bot-930	alpha	bot-953	bravo	five_seven	bullet	20.00	80.00	-143.17	-3.35	-124.45	18.08	28.46
500231	damage	bot-930	alpha	bot-953	bravo	five_seven	bullet	20.00	60.00	-143.17	-3.35	-124.16	18.37	28.87
500304	damage	bot-800	alpha	bot-947	bravo	five_seven	bullet	20.00	52.87	70.23	38.99	114.61	33.98	44.66
500304	kill	bot-814	alpha	bot-943	bravo	cz_805_bren	bullet	24.00	0.00	73.27	41.38	113.49	32.62	41.17
500472	damage	bot-931	alpha	bot-953	bravo	cz_805_bren	bullet	24.00	36.00	-141.29	-2.62	-123.51	19.01	28.00
500587	damage	bot-931	alpha	bot-953	bravo	cz_805_bren	bullet	24.00	12.00	-141.29	-2.62	-123.23	19.29	28.39
500650	damage	bot-814	alpha	bot-959	bravo	cz_805_bren	bullet	24.00	76.00	73.27	41.38	101.85	19.35	36.09
500650	kill	bot-932	alpha	bot-953	bravo	cz_805_bren	bullet	24.00	0.00	-139.69	2.71	-123.10	19.41	23.54
500779	damage	bot-814	alpha	bot-959	bravo	cz_805_bren	bullet	24.00	52.00	73.27	41.38	101.85	19.35	36.09
500812	damage	bot-800	alpha	bot-947	bravo	five_seven	bullet	20.00	32.18	70.23	38.99	116.07	35.82	45.96
500877	damage	bot-939	bravo	bot-926	alpha	five_seven	bullet	20.00	35.60	-61.57	9.95	-27.28	-19.50	45.20
500920	damage	bot-814	alpha	bot-959	bravo	cz_805_bren	bullet	24.00	28.00	73.27	41.38	102.06	19.26	36.31
500990	damage	bot-800	alpha	bot-947	bravo	five_seven	bullet	20.00	12.18	70.23	38.99	116.67	36.41	46.52
501029	damage	bot-939	bravo	bot-926	alpha	five_seven	bullet	20.00	15.60	-61.57	9.95	-26.67	-19.59	45.73
501064	damage	bot-814	alpha	bot-959	bravo	cz_805_bren	bullet	24.00	4.00	73.27	41.38	102.43	19.11	36.69
501121	damage	bot-931	alpha	bot-957	bravo	cz_805_bren	bullet	24.00	52.00	-141.29	-2.62	-126.84	21.41	28.04
501150	damage	bot-932	alpha	bot-957	bravo	cz_805_bren	bullet	24.00	28.00	-139.70	2.71	-126.77	21.48	22.79
501172	kill	bot-939	bravo	bot-926	alpha	five_seven	bullet	20.00	0.00	-61.57	9.95	-26.09	-19.71	46.24
501210	kill	bot-814	alpha	bot-959	bravo	cz_805_bren	bullet	24.00	0.00	73.27	41.38	103.00	18.68	37.41
501262	damage	bot-931	alpha	bot-957	bravo	cz_805_bren	bullet	24.00	4.00	-141.29	-2.62	-126.59	21.64	28.37
501262	kill	bot-932	alpha	bot-957	bravo	cz_805_bren	bullet	24.00	0.00	-139.70	2.71	-126.59	21.64	23.03
501503	damage	bot-895	bravo	bot-859	alpha	cz_805_bren	bullet	24.00	48.42	112.46	34.94	62.62	35.39	49.84
501615	damage	bot-895	bravo	bot-859	alpha	cz_805_bren	bullet	24.00	24.42	112.46	34.94	62.56	35.22	49.90
501870	damage	bot-814	alpha	bot-961	bravo	cz_805_bren	bullet	24.00	76.00	73.27	41.38	103.09	19.24	37.14
501945	damage	bot-939	bravo	bot-952	alpha	five_seven	bullet	20.00	80.00	-61.54	9.32	-25.83	-18.67	45.37
501980	damage	bot-814	alpha	bot-961	bravo	cz_805_bren	bullet	24.00	52.00	73.27	41.38	102.91	19.35	36.93
502162	damage	bot-939	bravo	bot-952	alpha	five_seven	bullet	20.00	60.00	-61.54	9.32	-25.39	-19.12	46.00
502288	damage	bot-814	alpha	bot-961	bravo	cz_805_bren	bullet	24.00	28.00	73.27	41.38	104.35	19.62	37.95
502321	damage	bot-939	bravo	bot-952	alpha	five_seven	bullet	20.00	40.00	-61.54	9.32	-24.88	-19.63	46.72
502471	damage	bot-939	bravo	bot-952	alpha	five_seven	bullet	20.00	20.00	-61.54	9.32	-24.47	-20.07	47.31
502607	damage	bot-814	alpha	bot-875	bravo	cz_805_bren	bullet	24.00	48.25	73.27	41.38	103.47	18.54	37.87
502607	damage	bot-932	alpha	bot-949	bravo	cz_805_bren	bullet	24.00	48.90	-138.91	3.67	-125.43	30.50	30.02
502659	kill	bot-939	bravo	bot-952	alpha	five_seven	bullet	20.00	0.00	-61.54	9.32	-24.01	-20.55	47.97
502750	damage	bot-814	alpha	bot-875	bravo	cz_805_bren	bullet	24.00	24.25	73.27	41.38	104.09	18.33	38.49
502750	damage	bot-932	alpha	bot-949	bravo	cz_805_bren	bullet	24.00	24.90	-138.91	3.67	-125.68	30.87	30.24
502890	damage	bot-814	alpha	bot-875	bravo	cz_805_bren	bullet	24.00	0.25	73.27	41.38	104.77	18.08	39.18
502890	damage	bot-932	alpha	bot-949	bravo	cz_805_bren	bullet	24.00	0.90	-138.91	3.67	-125.95	31.22	30.44
502925	damage	bot-972	alpha	bot-945	bravo	five_seven	bullet	20.00	52.99	136.75	29.03	106.49	24.23	30.64
503016	kill	bot-814	alpha	bot-875	bravo	cz_805_bren	bullet	24.00	0.00	73.27	41.38	105.45	17.83	39.88
503092	damage	bot-972	alpha	bot-945	bravo	five_seven	bullet	20.00	32.99	136.75	29.03	106.22	24.23	30.91
503242	damage	bot-972	alpha	bot-945	bravo	five_seven	bullet	20.00	12.99	136.75	29.03	105.67	24.24	31.45
503392	kill	bot-972	alpha	bot-945	bravo	five_seven	bullet	20.00	0.00	136.75	29.03	104.98	24.35	32.12
503494	damage	bot-814	alpha	bot-895	bravo	cz_805_bren	bullet	24.00	52.00	73.27	41.38	111.22	34.99	38.49
503628	damage	bot-814	alpha	bot-895	bravo	cz_805_bren	bullet	24.00	28.00	73.27	41.38	111.60	34.83	38.89
503767	damage	bot-814	alpha	bot-895	bravo	cz_805_bren	bullet	24.00	4.00	73.27	41.38	112.14	34.59	39.46
503887	kill	bot-814	alpha	bot-895	bravo	cz_805_bren	bullet	24.00	0.00	73.27	41.38	112.66	34.37	40.01
503915	damage	bot-972	alpha	bot-961	bravo	five_seven	bullet	20.00	16.07	136.76	29.03	107.55	18.34	31.11
504066	kill	bot-972	alpha	bot-961	bravo	five_seven	bullet	20.00	0.00	136.76	29.03	107.55	18.34	31.11
504320	damage	bot-814	alpha	bot-893	bravo	cz_805_bren	bullet	24.00	76.00	73.27	41.38	109.63	33.67	37.17
504438	damage	bot-814	alpha	bot-893	bravo	cz_805_bren	bullet	24.00	52.00	73.27	41.38	109.45	33.68	36.99
504564	damage	bot-814	alpha	bot-893	bravo	cz_805_bren	bullet	24.00	28.00	73.27	41.38	109.78	33.35	37.38
504687	damage	bot-814	alpha	bot-893	bravo	cz_805_bren	bullet	24.00	4.00	73.27	41.38	110.12	33.01	37.79
504799	kill	bot-814	alpha	bot-893	bravo	cz_805_bren	bullet	24.00	0.00	73.27	41.38	110.45	32.67	38.18
506703	damage	bot-930	alpha	bot-949	bravo	five_seven	bullet	20.00	25.21	-136.94	4.39	-126.20	35.01	32.44
506849	damage	bot-930	alpha	bot-949	bravo	five_seven	bullet	20.00	8.05	-136.94	4.39	-126.20	35.01	32.44
507008	kill	bot-930	alpha	bot-949	bravo	five_seven	bullet	20.00	0.00	-136.94	4.39	-126.20	35.01	32.44
509226	damage	bot-814	alpha	bot-947	bravo	cz_805_bren	bullet	24.00	48.07	81.54	40.66	121.88	41.03	40.34
509341	damage	bot-814	alpha	bot-947	bravo	cz_805_bren	bullet	24.00	24.07	81.54	40.66	122.35	41.42	40.82
509476	damage	bot-814	alpha	bot-947	bravo	cz_805_bren	bullet	24.00	0.07	81.54	40.66	122.89	41.88	41.37
509597	kill	bot-814	alpha	bot-947	bravo	cz_805_bren	bullet	24.00	0.00	81.54	40.66	123.35	42.27	41.84
515732	damage	bot-932	alpha	bot-939	bravo	cz_805_bren	bullet	24.00	48.67	-123.07	11.32	-82.63	14.94	40.60
516174	damage	bot-932	alpha	bot-939	bravo	cz_805_bren	bullet	24.00	24.67	-123.05	11.32	-81.34	15.02	41.87
516397	damage	bot-932	alpha	bot-939	bravo	cz_805_bren	bullet	24.00	0.67	-123.05	11.32	-80.00	15.11	43.22
516512	kill	bot-932	alpha	bot-939	bravo	cz_805_bren	bullet	24.00	0.00	-123.05	11.32	-79.45	15.14	43.76
518493	damage	bot-968	alpha	bot-880	bravo	cz_805_bren	bullet	24.00	48.54	138.63	6.30	138.82	-39.77	46.08
518632	damage	bot-968	alpha	bot-880	bravo	cz_805_bren	bullet	24.00	24.54	138.63	6.30	138.49	-40.40	46.70
518875	damage	bot-968	alpha	bot-880	bravo	cz_805_bren	bullet	24.00	0.54	138.63	6.30	137.92	-41.50	47.81
519050	kill	bot-968	alpha	bot-880	bravo	cz_805_bren	bullet	24.00	0.00	138.63	6.30	137.55	-42.22	48.53
522291	damage	bot-977	bravo	bot-980	alpha	cz_805_bren	bullet	24.00	76.00	133.17	-33.68	138.90	-14.43	20.09
522800	damage	bot-972	alpha	bot-979	bravo	five_seven	bullet	20.00	80.00	137.21	2.61	135.26	-38.73	41.39
522943	damage	bot-972	alpha	bot-979	bravo	five_seven	bullet	20.00	60.00	137.21	2.61	135.66	-39.12	41.76
523231	damage	bot-972	alpha	bot-979	bravo	five_seven	bullet	20.00	40.00	137.21	2.61	136.06	-40.09	42.72
523378	damage	bot-972	alpha	bot-979	bravo	five_seven	bullet	20.00	20.00	137.21	2.61	136.09	-40.61	43.24
523523	kill	bot-972	alpha	bot-979	bravo	five_seven	bullet	20.00	0.00	137.21	2.61	136.12	-41.16	43.79
526721	kill	bot-974	alpha	bot-977	bravo	m24	bullet	95.00	0.00	123.48	3.99	124.00	-42.20	46.20
537826	damage	bot-984	bravo	bot-935	alpha	cz_805_bren	bullet	24.00	48.03	-97.25	4.25	-109.83	21.41	21.28
537937	damage	bot-984	bravo	bot-935	alpha	cz_805_bren	bullet	24.00	24.03	-97.25	4.25	-109.87	21.45	21.33
538058	damage	bot-984	bravo	bot-935	alpha	cz_805_bren	bullet	24.00	0.03	-97.25	4.25	-109.91	21.47	21.38
538173	kill	bot-984	bravo	bot-935	alpha	cz_805_bren	bullet	24.00	0.00	-97.25	4.25	-109.95	21.46	21.39
542333	damage	bot-931	alpha	bot-985	bravo	cz_805_bren	bullet	24.00	76.00	-146.08	27.01	-145.95	22.20	4.81
542397	damage	bot-985	bravo	bot-931	alpha	five_seven	bullet	20.00	77.83	-146.00	21.96	-146.01	27.46	5.49
542446	damage	bot-931	alpha	bot-985	bravo	cz_805_bren	bullet	24.00	52.00	-146.03	27.61	-145.91	21.82	5.80
542490	damage	bot-932	alpha	bot-985	bravo	cz_805_bren	bullet	24.00	28.00	-147.35	28.29	-145.84	21.83	6.63
542547	damage	bot-985	bravo	bot-931	alpha	five_seven	bullet	20.00	57.83	-145.60	21.78	-146.00	28.19	6.42
542581	damage	bot-931	alpha	bot-985	bravo	cz_805_bren	bullet	24.00	4.00	-146.00	28.19	-145.53	21.74	6.47
542613	kill	bot-932	alpha	bot-985	bravo	cz_805_bren	bullet	24.00	0.00	-147.37	28.74	-145.44	21.67	7.33
545531	damage	bot-963	bravo	bot-956	alpha	five_seven	bullet	20.00	80.00	14.63	-10.92	28.82	19.00	33.11
550213	damage	bot-956	alpha	bot-973	bravo	five_seven	bullet	20.00	80.00	24.83	12.63	21.75	2.86	10.25
550369	kill	bot-956	alpha	bot-973	bravo	five_seven	bullet	20.00	0.00	24.83	12.64	21.75	3.09	10.04
550993	damage	bot-956	alpha	bot-963	bravo	five_seven	bullet	20.00	56.00	24.71	12.33	21.03	0.98	11.93
551054	damage	bot-987	bravo	bot-954	alpha	m24	bullet	95.00	5.00	61.91	-42.80	110.66	0.21	65.02
552126	damage	bot-956	alpha	bot-971	bravo	five_seven	bullet	20.00	80.00	24.39	11.55	20.46	0.68	11.56
552297	damage	bot-956	alpha	bot-971	bravo	five_seven	bullet	20.00	60.00	24.39	11.55	20.49	1.35	10.92
552439	damage	bot-956	alpha	bot-971	bravo	five_seven	bullet	20.00	40.00	24.39	11.55	20.60	0.59	11.60
552630	damage	bot-956	alpha	bot-971	bravo	five_seven	bullet	20.00	20.00	24.39	11.55	20.63	0.50	11.68
552630	damage	bot-971	bravo	bot-956	alpha	five_seven	bullet	20.00	58.61	20.63	0.50	24.39	11.55	11.68
552772	kill	bot-956	alpha	bot-971	bravo	five_seven	bullet	20.00	0.00	24.56	11.62	20.57	1.26	11.11
553108	damage	bot-956	alpha	bot-975	bravo	five_seven	bullet	20.00	80.00	24.62	11.66	21.89	2.00	10.04
553108	damage	bot-975	bravo	bot-956	alpha	cz_805_bren	bullet	24.00	34.61	21.89	2.00	24.62	11.66	10.04
553228	damage	bot-975	bravo	bot-956	alpha	cz_805_bren	bullet	24.00	10.61	21.89	2.00	24.62	11.66	10.03
553250	damage	bot-956	alpha	bot-975	bravo	five_seven	bullet	20.00	60.00	24.62	11.66	21.88	2.05	9.99
553359	kill	bot-975	bravo	bot-956	alpha	cz_805_bren	bullet	24.00	0.00	21.69	2.10	24.62	11.66	9.99
558221	damage	bot-990	alpha	bot-989	bravo	cz_805_bren	bullet	24.00	76.00	-146.41	11.66	-144.95	31.78	20.18
558347	damage	bot-990	alpha	bot-989	bravo	cz_805_bren	bullet	24.00	52.00	-146.41	11.66	-145.00	31.18	19.57
558464	damage	bot-990	alpha	bot-989	bravo	cz_805_bren	bullet	24.00	28.00	-146.41	11.66	-145.00	31.58	19.98
558581	damage	bot-990	alpha	bot-989	bravo	cz_805_bren	bullet	24.00	4.00	-146.41	11.66	-145.02	31.99	20.38
558710	kill	bot-990	alpha	bot-989	bravo	cz_805_bren	bullet	24.00	0.00	-146.41	11.66	-145.02	32.33	20.72
562306	damage	bot-964	alpha	bot-987	bravo	five_seven	bullet	20.00	80.00	110.06	-1.27	69.49	-30.24	49.85
562460	damage	bot-964	alpha	bot-987	bravo	five_seven	bullet	20.00	60.00	110.06	-1.27	69.49	-30.24	49.85
563027	damage	bot-991	bravo	bot-931	alpha	five_seven	bullet	20.00	52.24	-142.35	22.01	-147.19	19.85	5.30
563248	damage	bot-991	bravo	bot-931	alpha	five_seven	bullet	20.00	32.24	-142.35	22.01	-147.03	19.71	5.22
563437	damage	bot-931	alpha	bot-991	bravo	cz_805_bren	bullet	24.00	76.00	-146.78	19.50	-143.00	22.55	4.85
563573	damage	bot-931	alpha	bot-991	bravo	cz_805_bren	bullet	24.00	52.00	-146.72	19.21	-143.00	22.55	5.00
563850	damage	bot-991	bravo	bot-931	alpha	five_seven	bullet	20.00	12.24	-142.67	23.76	-146.02	18.94	5.87
564391	damage	bot-991	bravo	bot-932	alpha	five_seven	bullet	20.00	53.36	-141.12	24.18	-147.14	18.48	8.29
564527	damage	bot-990	alpha	bot-991	bravo	cz_805_bren	bullet	24.00	28.00	-146.04	17.98	-140.60	24.19	8.26
564618	damage	bot-991	bravo	bot-932	alpha	five_seven	bullet	20.00	33.36	-140.39	24.20	-147.19	18.09	9.13
564677	damage	bot-932	alpha	bot-991	bravo	cz_805_bren	bullet	24.00	4.00	-147.19	18.09	-140.18	24.20	9.29
568333	damage	bot-962	alpha	bot-987	bravo	cz_805_bren	bullet	24.00	48.64	109.37	-1.73	69.81	-32.25	49.96
571364	damage	bot-964	alpha	bot-965	bravo	five_seven	bullet	20.00	80.00	95.65	-11.40	48.66	-8.73	47.07
571548	damage	bot-964	alpha	bot-965	bravo	five_seven	bullet	20.00	60.00	95.65	-11.40	48.69	-8.91	47.03
571725	damage	bot-964	alpha	bot-965	bravo	five_seven	bullet	20.00	40.00	95.65	-11.40	48.42	-8.79	47.30
571874	damage	bot-964	alpha	bot-965	bravo	five_seven	bullet	20.00	20.00	95.65	-11.40	47.97	-8.57	47.76
572057	kill	bot-964	alpha	bot-965	bravo	five_seven	bullet	20.00	0.00	95.65	-11.40	47.19	-8.26	48.56
573007	damage	bot-991	bravo	bot-932	alpha	five_seven	bullet	20.00	52.00	-137.08	25.46	-145.93	20.21	10.29
573347	damage	bot-991	bravo	bot-990	alpha	five_seven	bullet	20.00	80.00	-137.08	25.46	-145.38	20.95	9.45
573492	damage	bot-991	bravo	bot-990	alpha	five_seven	bullet	20.00	60.00	-137.08	25.46	-145.39	20.91	9.48
576567	kill	bot-970	bravo	bot-800	alpha	m24	bullet	95.00	0.00	43.31	0.10	85.01	33.84	53.64
577095	damage	bot-814	alpha	bot-975	bravo	cz_805_bren	bullet	24.00	48.04	68.12	37.30	43.23	-1.18	45.82
577213	damage	bot-814	alpha	bot-975	bravo	cz_805_bren	bullet	24.00	24.04	68.12	37.30	43.20	-1.39	46.02
577436	damage	bot-814	alpha	bot-975	bravo	cz_805_bren	bullet	24.00	0.04	68.12	37.30	43.17	-2.03	46.57
577869	kill	bot-814	alpha	bot-975	bravo	cz_805_bren	bullet	24.00	0.00	68.12	37.30	42.42	-3.52	48.23
578195	damage	bot-932	alpha	bot-991	bravo	cz_805_bren	bullet	24.00	48.80	-140.30	20.81	-136.11	21.45	4.24
578325	damage	bot-932	alpha	bot-991	bravo	cz_805_bren	bullet	24.00	24.80	-140.80	20.79	-135.48	21.38	5.36
578365	damage	bot-930	alpha	bot-991	bravo	five_seven	bullet	20.00	4.80	-145.24	20.00	-135.31	21.36	10.03
578470	kill	bot-932	alpha	bot-991	bravo	cz_805_bren	bullet	24.00	0.00	-141.35	20.76	-134.72	21.30	6.65
578940	damage	bot-814	alpha	bot-967	bravo	cz_805_bren	bullet	24.00	52.01	68.13	36.28	43.33	-1.54	45.22
579019	damage	bot-983	bravo	bot-962	alpha	cz_805_bren	bullet	24.00	76.00	44.67	-10.95	91.23	-11.26	46.57
579067	damage	bot-814	alpha	bot-967	bravo	cz_805_bren	bullet	24.00	28.01	68.13	36.28	43.32	-1.72	45.38
579156	damage	bot-983	bravo	bot-962	alpha	cz_805_bren	bullet	24.00	52.00	44.67	-10.96	90.74	-11.07	46.06
579211	damage	bot-814	alpha	bot-967	bravo	cz_805_bren	bullet	24.00	4.01	68.13	36.28	43.31	-1.95	45.58
579288	damage	bot-983	bravo	bot-962	alpha	cz_805_bren	bullet	24.00	29.10	44.69	-10.98	91.39	-11.09	46.70
579356	kill	bot-814	alpha	bot-967	bravo	cz_805_bren	bullet	24.00	0.00	68.13	36.28	43.27	-2.61	46.16
579567	damage	bot-983	bravo	bot-962	alpha	cz_805_bren	bullet	24.00	5.10	44.69	-10.98	92.56	-11.40	47.88
579697	kill	bot-983	bravo	bot-962	alpha	cz_805_bren	bullet	24.00	0.00	44.69	-10.98	93.12	-11.47	48.43
580708	damage	bot-987	bravo	bot-922	alpha	m24	bullet	95.00	5.00	68.41	-34.57	70.00	28.35	62.94
584679	damage	bot-981	bravo	bot-964	alpha	cz_805_bren	bullet	24.00	76.00	54.01	-11.15	87.85	-14.40	33.99
584816	damage	bot-981	bravo	bot-964	alpha	cz_805_bren	bullet	24.00	52.00	54.01	-11.15	87.51	-14.73	33.69
584945	damage	bot-981	bravo	bot-964	alpha	cz_805_bren	bullet	24.00	28.00	54.01	-11.15	88.05	-14.31	34.18
585798	damage	bot-814	alpha	bot-970	bravo	cz_805_bren	bullet	24.00	76.00	59.40	30.98	43.74	0.24	34.50
585915	damage	bot-814	alpha	bot-970	bravo	cz_805_bren	bullet	24.00	52.00	59.40	30.98	43.74	0.24	34.50
586070	damage	bot-814	alpha	bot-970	bravo	cz_805_bren	bullet	24.00	28.00	59.40	30.98	43.70	-0.00	34.73
586225	damage	bot-814	alpha	bot-970	bravo	cz_805_bren	bullet	24.00	4.00	59.40	30.98	43.60	-0.54	35.25
586365	kill	bot-814	alpha	bot-970	bravo	cz_805_bren	bullet	24.00	0.00	59.40	30.98	43.48	-1.33	36.02
587771	damage	bot-996	bravo	bot-932	alpha	five_seven	bullet	20.00	52.46	-133.84	22.17	-137.17	21.23	3.47
588458	damage	bot-983	bravo	bot-954	alpha	cz_805_bren	bullet	24.00	71.03	55.76	-11.59	91.54	-14.10	35.86
588597	damage	bot-983	bravo	bot-954	alpha	cz_805_bren	bullet	24.00	47.03	55.76	-11.59	91.54	-14.10	35.86
588997	damage	bot-814	alpha	bot-983	bravo	cz_805_bren	bullet	24.00	76.00	55.75	34.75	55.64	-11.65	46.40
589126	damage	bot-814	alpha	bot-983	bravo	cz_805_bren	bullet	24.00	52.00	55.75	34.75	55.58	-11.68	46.43
589246	damage	bot-814	alpha	bot-983	bravo	cz_805_bren	bullet	24.00	28.00	55.75	34.75	55.72	-11.81	46.56
589371	damage	bot-814	alpha	bot-983	bravo	cz_805_bren	bullet	24.00	4.00	55.75	34.75	55.94	-12.04	46.79
589495	kill	bot-814	alpha	bot-983	bravo	cz_805_bren	bullet	24.00	0.00	55.75	34.75	56.42	-12.51	47.26
589773	damage	bot-932	alpha	bot-998	bravo	cz_805_bren	bullet	24.00	76.00	-142.25	23.93	-145.25	19.08	5.70
589895	damage	bot-932	alpha	bot-998	bravo	cz_805_bren	bullet	24.00	52.00	-142.79	23.81	-145.34	19.06	5.39
590086	damage	bot-814	alpha	bot-981	bravo	cz_805_bren	bullet	24.00	76.00	55.75	34.75	62.91	-11.95	47.25
590205	damage	bot-814	alpha	bot-981	bravo	cz_805_bren	bullet	24.00	52.00	55.75	34.75	63.18	-11.95	47.29
590331	damage	bot-814	alpha	bot-981	bravo	cz_805_bren	bullet	24.00	28.00	55.75	34.75	62.93	-12.58	47.87
590443	damage	bot-930	alpha	bot-998	bravo	five_seven	bullet	20.00	32.00	-135.25	18.25	-143.92	17.27	8.73
590586	damage	bot-814	alpha	bot-981	bravo	cz_805_bren	bullet	24.00	4.00	55.75	34.75	62.44	-13.81	49.02
590586	damage	bot-998	bravo	bot-930	alpha	cz_805_bren	bullet	24.00	49.20	-143.43	16.80	-135.07	18.16	8.48
590714	damage	bot-998	bravo	bot-930	alpha	cz_805_bren	bullet	24.00	25.20	-142.94	16.32	-134.74	18.17	8.41
590740	damage	bot-996	bravo	bot-931	alpha	five_seven	bullet	20.00	75.43	-132.84	22.53	-135.64	20.93	3.23
590841	damage	bot-998	bravo	bot-930	alpha	cz_805_bren	bullet	24.00	1.20	-142.49	15.90	-134.15	18.18	8.65
590913	damage	bot-930	alpha	bot-998	bravo	five_seven	bullet	20.00	12.00	-133.99	18.19	-142.25	15.67	8.64
590913	damage	bot-996	bravo	bot-931	alpha	five_seven	bullet	20.00	55.43	-132.32	23.10	-135.38	20.90	3.77
591062	damage	bot-996	bravo	bot-931	alpha	five_seven	bullet	20.00	35.43	-131.86	23.55	-135.61	20.91	4.59
591119	kill	bot-998	bravo	bot-930	alpha	cz_805_bren	bullet	24.00	0.00	-141.55	15.00	-132.73	18.21	9.39
591179	damage	bot-931	alpha	bot-996	bravo	cz_805_bren	bullet	24.00	76.00	-135.69	20.92	-131.94	23.60	4.61
591220	damage	bot-996	bravo	bot-931	alpha	five_seven	bullet	20.00	15.43	-132.03	23.65	-135.84	20.93	4.68
591301	damage	bot-931	alpha	bot-996	bravo	cz_805_bren	bullet	24.00	52.00	-135.94	20.93	-132.21	23.74	4.67
591375	kill	bot-996	bravo	bot-931	alpha	five_seven	bullet	20.00	0.00	-132.36	23.81	-136.10	20.94	4.71
591946	kill	bot-987	bravo	bot-958	alpha	m24	bullet	95.00	0.00	68.38	-34.56	61.44	17.02	52.05
592713	kill	bot-814	alpha	bot-981	bravo	cz_805_bren	bullet	24.00	0.00	56.00	32.76	61.31	-16.59	49.64
593013	damage	bot-996	bravo	bot-932	alpha	five_seven	bullet	20.00	52.29	-133.56	21.94	-144.17	21.13	10.64
593156	damage	bot-996	bravo	bot-932	alpha	five_seven	bullet	20.00	32.29	-133.54	21.94	-144.91	21.21	11.39
593936	damage	bot-954	alpha	bot-984	bravo	m24	bullet	95.00	5.00	94.02	-13.35	21.21	-19.73	73.09
594084	damage	bot-964	alpha	bot-987	bravo	five_seven	bullet	20.00	52.48	92.51	-12.37	68.38	-34.56	32.78
594344	damage	bot-964	alpha	bot-987	bravo	five_seven	bullet	20.00	32.48	92.51	-12.37	68.18	-35.06	33.27
595937	damage	bot-990	alpha	bot-996	bravo	cz_805_bren	bullet	24.00	28.00	-137.34	26.72	-136.25	21.04	5.78
595996	damage	bot-814	alpha	bot-999	bravo	cz_805_bren	bullet	24.00	76.00	54.12	29.66	56.98	-19.74	49.48
596083	damage	bot-990	alpha	bot-996	bravo	cz_805_bren	bullet	24.00	4.00	-137.80	27.09	-136.05	21.02	6.31
596264	damage	bot-814	alpha	bot-999	bravo	cz_805_bren	bullet	24.00	52.00	54.12	29.66	56.95	-19.75	49.49
596327	kill	bot-990	alpha	bot-996	bravo	cz_805_bren	bullet	24.00	0.00	-138.74	27.84	-135.62	20.99	7.53
596521	damage	bot-814	alpha	bot-999	bravo	cz_805_bren	bullet	24.00	28.00	54.12	29.66	57.15	-19.80	49.55
598407	damage	bot-964	alpha	bot-999	bravo	five_seven	bullet	20.00	8.00	88.30	-14.85	61.60	-24.50	28.39
598576	kill	bot-964	alpha	bot-999	bravo	five_seven	bullet	20.00	0.00	88.30	-14.85	61.59	-24.48	28.39
601525	damage	bot-984	bravo	bot-982	alpha	cz_805_bren	bullet	24.00	76.00	18.66	-23.51	56.66	5.06	47.54
601641	damage	bot-984	bravo	bot-982	alpha	cz_805_bren	bullet	24.00	52.00	18.65	-23.51	56.39	4.84	47.20
601759	damage	bot-984	bravo	bot-982	alpha	cz_805_bren	bullet	24.00	28.00	18.65	-23.51	56.85	5.28	47.83
601872	damage	bot-984	bravo	bot-982	alpha	cz_805_bren	bullet	24.00	4.00	18.65	-23.52	57.30	5.69	48.45
602012	damage	bot-1001	bravo	bot-932	alpha	five_seven	bullet	20.00	52.72	-138.75	21.25	-145.27	20.96	6.53
602091	damage	bot-1002	alpha	bot-998	bravo	m1911	bullet	33.00	39.30	-134.29	29.51	-131.29	20.58	9.42
602121	damage	bot-932	alpha	bot-1001	bravo	cz_805_bren	bullet	24.00	76.00	-145.43	21.36	-138.63	21.25	6.81
602489	damage	bot-1002	alpha	bot-998	bravo	m1911	bullet	33.00	6.30	-134.29	29.51	-130.37	19.79	10.48
602814	damage	bot-990	alpha	bot-1001	bravo	cz_805_bren	bullet	24.00	52.00	-137.71	26.60	-136.88	21.71	4.96
602935	damage	bot-990	alpha	bot-1001	bravo	cz_805_bren	bullet	24.00	28.00	-137.98	26.99	-136.74	21.62	5.51
603144	damage	bot-990	alpha	bot-1001	bravo	cz_805_bren	bullet	24.00	4.00	-138.53	27.77	-136.32	21.39	6.76
603267	kill	bot-990	alpha	bot-1001	bravo	cz_805_bren	bullet	24.00	0.00	-138.87	28.25	-136.13	21.32	7.45
603267	damage	bot-1003	bravo	bot-1002	alpha	five_seven	bullet	20.00	80.00	-142.23	35.98	-134.06	28.71	10.94
603415	damage	bot-1003	bravo	bot-1002	alpha	five_seven	bullet	20.00	60.00	-142.23	35.98	-134.18	29.37	10.42
603572	damage	bot-1003	bravo	bot-1002	alpha	five_seven	bullet	20.00	40.00	-142.23	35.98	-134.04	28.67	10.98
603750	damage	bot-1003	bravo	bot-1002	alpha	five_seven	bullet	20.00	20.00	-142.23	35.98	-133.89	27.88	11.62
605279	kill	bot-998	bravo	bot-1002	alpha	cz_805_bren	bullet	24.00	0.00	-125.92	15.22	-130.51	21.62	7.88
605785	damage	bot-1003	bravo	bot-990	alpha	five_seven	bullet	20.00	59.40	-140.43	34.23	-136.87	31.48	4.49
607438	damage	bot-990	alpha	bot-1003	bravo	cz_805_bren	bullet	24.00	76.00	-141.12	27.22	-134.56	34.62	9.89
607555	damage	bot-990	alpha	bot-1003	bravo	cz_805_bren	bullet	24.00	52.00	-141.56	26.90	-134.02	34.68	10.82
607681	damage	bot-990	alpha	bot-1003	bravo	cz_805_bren	bullet	24.00	28.00	-141.56	26.90	-133.72	35.12	11.35
607745	damage	bot-998	bravo	bot-1006	alpha	cz_805_bren	bullet	24.00	76.00	-125.91	15.25	-143.16	18.26	17.51
607807	damage	bot-990	alpha	bot-1003	bravo	cz_805_bren	bullet	24.00	4.00	-141.56	26.90	-133.36	35.66	12.00
607863	damage	bot-998	bravo	bot-1006	alpha	cz_805_bren	bullet	24.00	52.00	-125.91	15.25	-143.64	18.26	17.98
607926	kill	bot-990	alpha	bot-1003	bravo	cz_805_bren	bullet	24.00	0.00	-141.56	26.90	-132.97	36.24	12.69
607980	damage	bot-998	bravo	bot-1006	alpha	cz_805_bren	bullet	24.00	28.00	-125.92	15.25	-144.22	18.25	18.55
608102	damage	bot-998	bravo	bot-1006	alpha	cz_805_bren	bullet	24.00	4.00	-125.92	15.25	-144.81	18.26	19.14
609901	damage	bot-814	alpha	bot-963	bravo	cz_805_bren	bullet	24.00	48.40	33.92	28.27	27.37	10.81	18.65
610015	damage	bot-814	alpha	bot-963	bravo	cz_805_bren	bullet	24.00	24.40	33.92	28.27	27.33	10.96	18.52
610139	damage	bot-814	alpha	bot-963	bravo	cz_805_bren	bullet	24.00	0.40	33.92	28.27	27.33	10.97	18.51
610249	kill	bot-814	alpha	bot-963	bravo	cz_805_bren	bullet	24.00	0.00	33.92	28.27	27.33	10.97	18.51
610873	damage	bot-814	alpha	bot-994	bravo	cz_805_bren	bullet	24.00	76.00	33.92	28.27	32.55	-6.00	34.30
611001	damage	bot-814	alpha	bot-994	bravo	cz_805_bren	bullet	24.00	52.00	33.92	28.27	32.72	-5.86	34.15
611099	damage	bot-972	alpha	bot-987	bravo	five_seven	bullet	20.00	52.82	61.98	4.72	65.20	-38.76	43.60
611139	damage	bot-814	alpha	bot-994	bravo	cz_805_bren	bullet	24.00	28.00	33.92	28.27	32.42	-6.53	34.83
611269	damage	bot-814	alpha	bot-994	bravo	cz_805_bren	bullet	24.00	4.00	33.92	28.27	32.53	-7.14	35.44
611565	kill	bot-814	alpha	bot-994	bravo	cz_805_bren	bullet	24.00	0.00	33.92	28.27	31.62	-7.82	36.16
611714	damage	bot-972	alpha	bot-987	bravo	five_seven	bullet	20.00	32.82	62.04	4.47	66.69	-40.33	45.04
612115	damage	bot-814	alpha	bot-993	bravo	cz_805_bren	bullet	24.00	76.00	33.92	28.27	32.26	-6.14	34.45
612681	damage	bot-814	alpha	bot-993	bravo	m1911	bullet	33.00	43.00	33.92	28.27	33.11	-5.04	33.32
613031	damage	bot-814	alpha	bot-993	bravo	m1911	bullet	33.00	10.00	33.92	28.27	32.29	-6.56	34.86
613685	damage	bot-1007	bravo	bot-922	alpha	cz_805_bren	bullet	24.00	48.57	31.60	-14.35	43.58	24.04	40.22
614130	damage	bot-922	alpha	bot-988	bravo	cz_805_bren	bullet	24.00	76.00	44.01	25.21	30.87	-12.08	39.54
614130	damage	bot-1007	bravo	bot-922	alpha	cz_805_bren	bullet	24.00	24.57	31.60	-14.35	44.06	25.40	41.66
614392	damage	bot-1007	bravo	bot-922	alpha	cz_805_bren	bullet	24.00	0.57	31.60	-14.35	44.46	26.39	42.72
614815	kill	bot-982	alpha	bot-993	bravo	cz_805_bren	bullet	24.00	0.00	59.71	2.78	31.46	-13.36	32.54
615809	damage	bot-814	alpha	bot-1007	bravo	m1911	bullet	33.00	67.00	33.09	27.39	31.72	-14.03	41.44
616157	damage	bot-814	alpha	bot-1007	bravo	m1911	bullet	33.00	34.00	33.09	27.39	32.14	-14.10	41.50
616639	kill	bot-859	alpha	bot-1007	bravo	m24	bullet	95.00	0.00	70.74	-15.20	33.64	-16.02	37.11
616804	damage	bot-814	alpha	bot-984	bravo	m1911	bullet	33.00	39.00	33.09	27.39	33.25	-8.16	35.56
617184	damage	bot-814	alpha	bot-984	bravo	m1911	bullet	33.00	6.00	33.09	27.39	32.37	-9.56	36.95
617481	kill	bot-982	alpha	bot-984	bravo	cz_805_bren	bullet	24.00	0.00	57.64	1.78	31.28	-10.68	29.16
619042	damage	bot-964	alpha	bot-987	bravo	five_seven	bullet	20.00	36.00	83.89	-19.29	74.70	-40.82	23.41
619486	damage	bot-964	alpha	bot-987	bravo	five_seven	bullet	20.00	16.00	83.89	-19.29	73.56	-41.16	24.19
620072	kill	bot-954	alpha	bot-988	bravo	m24	bullet	95.00	0.00	74.96	-16.73	30.91	-14.71	44.10
620548	damage	bot-814	alpha	bot-992	bravo	m1911	bullet	33.00	67.00	32.61	27.06	38.38	-4.84	32.41
620891	damage	bot-814	alpha	bot-992	bravo	m1911	bullet	33.00	34.00	32.61	27.06	39.23	-5.69	33.41
620974	kill	bot-972	alpha	bot-987	bravo	five_seven	bullet	20.00	0.00	59.89	-5.96	67.56	-43.81	38.61
621246	damage	bot-814	alpha	bot-992	bravo	m1911	bullet	33.00	1.00	32.61	27.06	40.21	-6.67	34.57
621382	kill	bot-982	alpha	bot-992	bravo	cz_805_bren	bullet	24.00	0.00	55.52	5.00	40.56	-7.01	19.19
623341	damage	bot-922	alpha	bot-1005	bravo	cz_805_bren	bullet	24.00	76.00	48.68	34.11	30.03	-12.05	49.79
623586	damage	bot-922	alpha	bot-1005	bravo	cz_805_bren	bullet	24.00	52.00	48.68	34.11	30.03	-12.05	49.79
625060	damage	bot-980	alpha	bot-1005	bravo	five_seven	bullet	20.00	32.00	68.19	-21.16	28.96	-16.50	39.50
625326	damage	bot-982	alpha	bot-1005	bravo	cz_805_bren	bullet	24.00	8.00	53.25	0.74	28.85	-16.93	30.12
625372	kill	bot-980	alpha	bot-1005	bravo	five_seven	bullet	20.00	0.00	68.19	-21.16	28.85	-16.92	39.57
636305	damage	bot-814	alpha	bot-1012	bravo	cz_805_bren	bullet	24.00	76.00	33.57	3.38	26.27	-30.88	35.02
636448	damage	bot-814	alpha	bot-1012	bravo	cz_805_bren	bullet	24.00	52.00	33.57	3.38	26.27	-30.89	35.03
636488	damage	bot-1000	alpha	bot-1012	bravo	cz_805_bren	bullet	24.00	28.00	45.59	-11.18	26.27	-30.89	27.60
636571	damage	bot-814	alpha	bot-1012	bravo	cz_805_bren	bullet	24.00	4.00	33.57	3.38	26.27	-30.89	35.03
636610	kill	bot-1000	alpha	bot-1012	bravo	cz_805_bren	bullet	24.00	0.00	45.59	-11.18	26.27	-30.89	27.60
654521	damage	bot-814	alpha	bot-1015	bravo	cz_805_bren	bullet	24.00	76.00	0.47	13.25	-30.73	-17.65	43.91
654632	damage	bot-814	alpha	bot-1015	bravo	cz_805_bren	bullet	24.00	52.00	0.47	13.25	-30.73	-17.65	43.91
655184	damage	bot-814	alpha	bot-1015	bravo	m1911	bullet	33.00	19.00	0.47	13.25	-30.51	-19.52	45.09
655798	damage	bot-922	alpha	bot-1016	bravo	cz_805_bren	bullet	24.00	76.00	19.26	-10.45	-19.26	-18.38	39.34
655925	damage	bot-922	alpha	bot-1016	bravo	cz_805_bren	bullet	24.00	52.00	19.26	-10.45	-19.26	-18.38	39.34
657705	damage	bot-814	alpha	bot-1015	bravo	m1911	bullet	33.00	39.29	-0.03	13.52	-30.28	-21.40	46.20
658304	damage	bot-1017	bravo	bot-982	alpha	cz_805_bren	bullet	24.00	62.33	-27.78	-16.17	12.78	-17.19	40.57
658431	damage	bot-1017	bravo	bot-982	alpha	cz_805_bren	bullet	24.00	38.33	-27.78	-16.17	12.77	-17.07	40.56
658563	damage	bot-1017	bravo	bot-982	alpha	cz_805_bren	bullet	24.00	14.33	-27.78	-16.17	12.92	-17.21	40.71
658766	damage	bot-814	alpha	bot-1017	bravo	m1911	bullet	33.00	67.00	-0.03	13.52	-27.79	-16.18	40.65
659914	damage	bot-814	alpha	bot-1017	bravo	m1911	bullet	33.00	34.00	-0.03	13.52	-26.68	-16.36	40.03
661908	damage	bot-814	alpha	bot-1014	bravo	m1911	bullet	33.00	67.00	-0.03	13.52	-29.96	-21.46	46.04
662249	damage	bot-814	alpha	bot-1014	bravo	m1911	bullet	33.00	34.00	-0.03	13.52	-29.96	-21.46	46.04
662616	damage	bot-814	alpha	bot-1014	bravo	m1911	bullet	33.00	1.00	-0.03	13.52	-30.28	-22.81	47.27
663495	damage	bot-814	alpha	bot-1019	bravo	m1911	bullet	33.00	67.00	-0.03	13.52	-31.88	-17.87	44.72
663839	damage	bot-814	alpha	bot-1019	bravo	m1911	bullet	33.00	34.00	-0.03	13.52	-33.49	-17.57	45.67
664205	damage	bot-814	alpha	bot-1019	bravo	m1911	bullet	33.00	1.00	-0.03	13.52	-35.27	-17.64	47.04
664548	kill	bot-814	alpha	bot-1019	bravo	m1911	bullet	33.00	0.00	-0.03	13.52	-36.94	-17.68	48.33
666351	damage	bot-814	alpha	bot-1016	bravo	m1911	bullet	33.00	39.17	-0.69	13.21	-10.17	-16.14	30.84
666696	damage	bot-814	alpha	bot-1016	bravo	m1911	bullet	33.00	6.17	-0.69	13.21	-11.27	-17.52	32.50
667057	kill	bot-814	alpha	bot-1016	bravo	m1911	bullet	33.00	0.00	-0.69	13.21	-12.20	-19.05	34.25
667603	damage	bot-1017	bravo	bot-859	alpha	cz_805_bren	bullet	24.00	48.15	-21.07	-18.30	22.42	-12.89	43.83
667727	damage	bot-1017	bravo	bot-859	alpha	cz_805_bren	bullet	24.00	24.15	-21.07	-18.30	22.77	-12.51	44.23
667839	damage	bot-1017	bravo	bot-859	alpha	cz_805_bren	bullet	24.00	0.15	-21.07	-18.30	23.10	-12.15	44.60
668108	kill	bot-1017	bravo	bot-859	alpha	cz_805_bren	bullet	24.00	0.00	-21.07	-18.30	23.89	-11.33	45.50
668345	damage	bot-997	alpha	bot-1015	bravo	cz_805_bren	bullet	24.00	48.05	8.73	-34.18	-32.92	-29.28	41.93
668759	kill	bot-954	alpha	bot-1015	bravo	m24	bullet	95.00	0.00	7.36	-33.40	-33.94	-28.72	41.56
668995	damage	bot-1017	bravo	bot-918	alpha	cz_805_bren	bullet	24.00	76.00	-19.89	-17.98	-3.47	-17.99	16.42
669052	damage	bot-997	alpha	bot-1014	bravo	cz_805_bren	bullet	24.00	48.19	8.47	-34.26	-32.55	-29.24	41.33
669107	damage	bot-1017	bravo	bot-918	alpha	cz_805_bren	bullet	24.00	52.00	-19.89	-17.98	-3.47	-17.99	16.42
669233	damage	bot-1014	bravo	bot-1000	alpha	five_seven	bullet	20.00	80.00	-32.74	-29.07	3.97	-30.31	36.73
669295	damage	bot-997	alpha	bot-1014	bravo	cz_805_bren	bullet	24.00	24.19	8.47	-34.25	-32.80	-29.01	41.60
669414	damage	bot-997	alpha	bot-1014	bravo	cz_805_bren	bullet	24.00	0.19	8.47	-34.25	-32.93	-28.91	41.74
669523	kill	bot-1000	alpha	bot-1014	bravo	cz_805_bren	bullet	24.00	0.00	3.97	-30.31	-33.06	-28.79	37.06
670176	damage	bot-814	alpha	bot-1017	bravo	m1911	bullet	33.00	39.17	-4.03	10.54	-18.53	-18.59	32.53
670535	damage	bot-814	alpha	bot-1017	bravo	m1911	bullet	33.00	6.17	-4.03	10.54	-19.73	-19.79	34.15
670901	kill	bot-814	alpha	bot-1017	bravo	m1911	bullet	33.00	0.00	-4.03	10.54	-21.00	-21.06	35.86
693285	damage	bot-1024	bravo	bot-918	alpha	five_seven	bullet	20.00	52.32	-66.68	12.48	-25.27	-15.45	49.95
693396	damage	bot-814	alpha	bot-1026	bravo	m1911	bullet	33.00	67.00	-38.44	13.67	-63.73	7.76	25.97
693740	damage	bot-814	alpha	bot-1026	bravo	m1911	bullet	33.00	34.00	-38.44	13.67	-63.72	7.77	25.96
694091	damage	bot-814	alpha	bot-1026	bravo	m1911	bullet	33.00	1.00	-38.44	13.67	-64.53	8.33	26.63
694238	kill	bot-1000	alpha	bot-1026	bravo	cz_805_bren	bullet	24.00	0.00	-25.50	-18.08	-65.15	8.67	47.83
695260	damage	bot-1022	alpha	bot-1025	bravo	five_seven	bullet	20.00	80.00	-22.94	1.67	-64.84	11.80	43.10
695408	damage	bot-1022	alpha	bot-1025	bravo	five_seven	bullet	20.00	60.00	-22.94	1.67	-64.84	11.80	43.10
698268	damage	bot-954	alpha	bot-1024	bravo	m24	bullet	95.00	5.00	-29.13	-16.35	-69.35	16.12	51.69
699884	damage	bot-964	alpha	bot-1020	bravo	five_seven	bullet	20.00	80.00	-29.29	-12.38	-71.33	-34.81	47.66
699884	damage	bot-1020	bravo	bot-1000	alpha	cz_805_bren	bullet	24.00	56.00	-71.33	-34.81	-30.80	-13.11	45.98
701083	kill	bot-814	alpha	bot-1024	bravo	m1911	bullet	33.00	0.00	-50.55	20.53	-74.05	21.12	23.51
701083	damage	bot-1020	bravo	bot-1018	alpha	cz_805_bren	bullet	24.00	76.00	-71.31	-34.59	-32.84	-13.13	44.05
701118	damage	bot-1021	bravo	bot-1018	alpha	cz_805_bren	bullet	24.00	52.00	-65.98	-32.05	-32.88	-13.14	38.11
701259	damage	bot-1021	bravo	bot-1018	alpha	cz_805_bren	bullet	24.00	28.00	-65.98	-32.05	-32.72	-13.29	38.19
701415	damage	bot-966	alpha	bot-1025	bravo	cz_805_bren	bullet	24.00	48.21	-34.07	-14.65	-71.97	17.85	49.93
701474	damage	bot-1022	alpha	bot-1021	bravo	five_seven	bullet	20.00	80.00	-31.35	2.63	-65.98	-32.05	49.00
701615	damage	bot-1022	alpha	bot-1021	bravo	five_seven	bullet	20.00	60.00	-31.35	2.63	-65.98	-32.05	49.00
701664	damage	bot-1018	alpha	bot-1020	bravo	cz_805_bren	bullet	24.00	56.00	-31.19	-14.21	-71.45	-34.64	45.15
701756	damage	bot-1022	alpha	bot-1021	bravo	five_seven	bullet	20.00	40.00	-31.35	2.63	-66.14	-32.20	49.22
701951	damage	bot-1022	alpha	bot-1021	bravo	five_seven	bullet	20.00	20.00	-31.35	2.63	-66.56	-32.59	49.79
703563	damage	bot-1008	alpha	bot-1020	bravo	cz_805_bren	bullet	24.00	32.00	-104.60	-44.26	-73.32	-39.07	31.71
703673	damage	bot-1008	alpha	bot-1020	bravo	cz_805_bren	bullet	24.00	8.00	-104.60	-44.26	-73.01	-38.73	32.08
704132	damage	bot-1022	alpha	bot-1027	bravo	five_seven	bullet	20.00	80.00	-32.67	1.40	-54.90	-31.97	40.10
704512	kill	bot-932	alpha	bot-1021	bravo	cz_805_bren	bullet	24.00	0.00	-94.38	-41.62	-64.06	-37.18	30.64
704812	damage	bot-1022	alpha	bot-1027	bravo	five_seven	bullet	20.00	60.00	-32.90	1.16	-54.73	-31.73	39.48
704976	damage	bot-1022	alpha	bot-1027	bravo	five_seven	bullet	20.00	40.00	-32.90	1.17	-54.76	-31.98	39.71
705023	damage	bot-814	alpha	bot-1025	bravo	m1911	bullet	33.00	39.63	-58.88	21.04	-74.81	17.33	16.36
705124	damage	bot-1022	alpha	bot-1027	bravo	five_seven	bullet	20.00	20.00	-32.90	1.17	-54.81	-32.39	40.07
705275	kill	bot-1022	alpha	bot-1027	bravo	five_seven	bullet	20.00	0.00	-32.90	1.17	-54.89	-33.26	40.85
705389	damage	bot-814	alpha	bot-1025	bravo	m1911	bullet	33.00	6.63	-58.88	21.04	-75.37	16.72	17.05
705740	kill	bot-814	alpha	bot-1025	bravo	m1911	bullet	33.00	0.00	-58.88	21.04	-76.66	15.37	18.67
705857	kill	bot-1022	alpha	bot-1020	bravo	five_seven	bullet	20.00	0.00	-32.90	1.17	-66.71	-32.38	47.63
706646	damage	bot-1028	bravo	bot-997	alpha	five_seven	bullet	20.00	80.00	-49.37	-22.52	-45.06	-18.21	6.10
706712	damage	bot-997	alpha	bot-1028	bravo	cz_805_bren	bullet	24.00	76.00	-45.06	-18.21	-49.37	-22.52	6.10
706818	damage	bot-1028	bravo	bot-997	alpha	five_seven	bullet	20.00	60.00	-49.37	-22.52	-45.06	-18.21	6.10
706853	damage	bot-997	alpha	bot-1028	bravo	cz_805_bren	bullet	24.00	52.00	-45.06	-18.21	-49.37	-22.52	6.10
706888	damage	bot-982	alpha	bot-1028	bravo	cz_805_bren	bullet	24.00	28.00	-44.37	-17.06	-49.48	-22.64	7.57
706970	damage	bot-997	alpha	bot-1028	bravo	cz_805_bren	bullet	24.00	4.00	-44.49	-17.87	-49.74	-22.92	7.28
706970	damage	bot-1028	bravo	bot-997	alpha	five_seven	bullet	20.00	40.00	-49.74	-22.92	-44.36	-17.84	7.40
706998	kill	bot-982	alpha	bot-1028	bravo	cz_805_bren	bullet	24.00	0.00	-44.37	-17.06	-49.81	-23.00	8.05
710000	damage	bot-1022	alpha	bot-1029	bravo	five_seven	bullet	20.00	80.00	-32.89	-0.36	-36.53	-26.66	26.55
712012	damage	bot-1022	alpha	bot-1029	bravo	five_seven	bullet	20.00	60.00	-33.51	-1.71	-36.07	-27.13	25.55
712168	damage	bot-1022	alpha	bot-1029	bravo	five_seven	bullet	20.00	40.00	-33.52	-1.71	-35.56	-27.83	26.19
712324	damage	bot-1022	alpha	bot-1029	bravo	five_seven	bullet	20.00	20.00	-33.52	-1.71	-35.05	-28.53	26.86
713321	damage	bot-964	alpha	bot-1030	bravo	five_seven	bullet	20.00	80.00	-52.75	-20.65	-50.73	-30.62	10.18
713321	damage	bot-982	alpha	bot-1030	bravo	cz_805_bren	bullet	24.00	56.00	-52.56	-13.53	-50.73	-30.62	17.19
713321	damage	bot-1030	bravo	bot-964	alpha	cz_805_bren	bullet	24.00	40.69	-50.73	-30.62	-52.75	-20.65	10.18
713494	damage	bot-964	alpha	bot-1030	bravo	five_seven	bullet	20.00	36.00	-52.70	-20.59	-50.63	-30.71	10.33
713494	damage	bot-982	alpha	bot-1030	bravo	cz_805_bren	bullet	24.00	12.00	-52.56	-13.53	-50.63	-30.71	17.29
713494	damage	bot-1030	bravo	bot-964	alpha	cz_805_bren	bullet	24.00	16.69	-50.63	-30.71	-52.65	-20.53	10.38
713650	kill	bot-954	alpha	bot-1030	bravo	m1911	bullet	33.00	0.00	-47.89	-17.08	-50.44	-30.90	14.05
717976	damage	bot-932	alpha	bot-1031	bravo	cz_805_bren	bullet	24.00	76.00	-67.69	-37.28	-52.25	-38.75	15.50
718003	damage	bot-918	alpha	bot-1031	bravo	cz_805_bren	bullet	24.00	52.00	-46.15	-27.71	-52.25	-38.75	12.61
718090	damage	bot-932	alpha	bot-1031	bravo	cz_805_bren	bullet	24.00	28.00	-67.69	-37.28	-52.17	-38.83	15.59
718120	damage	bot-918	alpha	bot-1031	bravo	cz_805_bren	bullet	24.00	4.00	-46.16	-27.71	-52.14	-38.86	12.66
718191	kill	bot-964	alpha	bot-1031	bravo	five_seven	bullet	20.00	0.00	-54.52	-23.28	-52.06	-38.94	15.85
735382	damage	bot-954	alpha	bot-1034	bravo	m24	bullet	95.00	5.00	-55.83	-27.96	17.84	-41.06	74.82
739749	damage	bot-990	alpha	bot-1035	bravo	cz_805_bren	bullet	24.00	76.00	-53.33	-35.64	-70.40	-12.10	29.08
739865	damage	bot-990	alpha	bot-1035	bravo	cz_805_bren	bullet	24.00	52.00	-53.33	-35.64	-70.40	-12.04	29.12
739982	damage	bot-990	alpha	bot-1035	bravo	cz_805_bren	bullet	24.00	28.00	-53.33	-35.64	-70.28	-11.87	29.19
740099	damage	bot-990	alpha	bot-1035	bravo	cz_805_bren	bullet	24.00	4.00	-53.33	-35.64	-70.08	-11.58	29.31
740215	kill	bot-990	alpha	bot-1035	bravo	cz_805_bren	bullet	24.00	0.00	-53.33	-35.64	-69.70	-11.13	29.47
742268	kill	bot-954	alpha	bot-1034	bravo	m24	bullet	95.00	0.00	-43.64	-29.25	19.40	-41.21	64.17
746851	damage	bot-918	alpha	bot-1036	bravo	cz_805_bren	bullet	24.00	76.00	-20.46	-29.59	29.43	-32.43	49.97
746973	damage	bot-918	alpha	bot-1036	bravo	cz_805_bren	bullet	24.00	52.00	-20.46	-29.59	29.43	-32.43	49.97
747567	damage	bot-966	alpha	bot-1033	bravo	cz_805_bren	bullet	24.00	76.00	-25.85	-29.03	21.43	-31.91	47.36
747801	damage	bot-966	alpha	bot-1033	bravo	cz_805_bren	bullet	24.00	52.00	-25.85	-29.03	21.43	-31.91	47.36
748252	damage	bot-954	alpha	bot-1009	bravo	m24	bullet	95.00	5.00	-46.09	-30.43	-50.98	39.99	70.60
750666	damage	bot-966	alpha	bot-1037	bravo	cz_805_bren	bullet	24.00	76.00	-22.88	-29.17	21.43	-31.89	44.40
750785	damage	bot-966	alpha	bot-1037	bravo	cz_805_bren	bullet	24.00	52.00	-22.88	-29.17	21.43	-31.89	44.40
750906	damage	bot-966	alpha	bot-1037	bravo	cz_805_bren	bullet	24.00	28.00	-22.88	-29.17	21.56	-31.75	44.52
751016	damage	bot-966	alpha	bot-1037	bravo	cz_805_bren	bullet	24.00	4.00	-22.88	-29.17	21.67	-31.63	44.63
751127	kill	bot-966	alpha	bot-1037	bravo	cz_805_bren	bullet	24.00	0.00	-22.88	-29.17	22.00	-31.28	44.94
752005	damage	bot-954	alpha	bot-1023	bravo	m24	bullet	95.00	5.00	-47.51	-26.79	-50.81	42.36	69.22
754749	damage	bot-954	alpha	bot-1032	bravo	m24	bullet	95.00	5.00	-47.58	-26.72	-50.92	42.21	69.01
757548	damage	bot-954	alpha	bot-1010	bravo	m24	bullet	95.00	5.00	-48.32	-24.24	-50.46	44.27	68.54
757958	damage	bot-1008	alpha	bot-1038	bravo	cz_805_bren	bullet	24.00	76.00	-21.51	-37.52	26.16	-42.57	47.94
758083	damage	bot-1008	alpha	bot-1038	bravo	cz_805_bren	bullet	24.00	52.00	-21.51	-37.52	26.45	-42.86	48.26
758311	damage	bot-1008	alpha	bot-1038	bravo	cz_805_bren	bullet	24.00	28.00	-21.51	-37.52	26.94	-43.35	48.80
758430	damage	bot-1008	alpha	bot-1038	bravo	cz_805_bren	bullet	24.00	4.00	-21.51	-37.52	27.14	-43.55	49.03
758609	kill	bot-1004	alpha	bot-1038	bravo	five_seven	bullet	20.00	0.00	-18.07	-39.15	27.50	-43.90	45.82
759823	damage	bot-1008	alpha	bot-1036	bravo	cz_805_bren	bullet	24.00	48.22	-21.07	-37.36	27.38	-43.78	48.87
759946	damage	bot-1008	alpha	bot-1036	bravo	cz_805_bren	bullet	24.00	24.22	-21.07	-37.36	27.60	-44.00	49.12
760070	damage	bot-1008	alpha	bot-1036	bravo	cz_805_bren	bullet	24.00	0.22	-21.07	-37.36	27.83	-44.22	49.38
760221	kill	bot-995	alpha	bot-1036	bravo	five_seven	bullet	20.00	0.00	-16.32	-30.05	28.10	-44.50	46.71
760967	kill	bot-954	alpha	bot-1009	bravo	m24	bullet	95.00	0.00	-48.89	-21.43	-49.34	28.86	50.29
762497	damage	bot-982	alpha	bot-1032	bravo	cz_805_bren	bullet	24.00	48.30	-43.37	-3.62	-54.17	45.14	49.94
763581	damage	bot-954	alpha	bot-1039	bravo	m1911	bullet	33.00	67.00	-49.05	-18.67	-88.58	34.27	66.06
763924	damage	bot-954	alpha	bot-1039	bravo	m1911	bullet	33.00	34.00	-49.05	-18.67	-89.40	34.28	66.56
764272	damage	bot-954	alpha	bot-1039	bravo	m1911	bullet	33.00	1.00	-49.05	-18.67	-91.03	34.94	68.09
765996	damage	bot-1010	bravo	bot-982	alpha	five_seven	bullet	20.00	52.12	-53.01	45.76	-44.12	0.66	45.97
766148	damage	bot-1010	bravo	bot-982	alpha	five_seven	bullet	20.00	32.12	-53.01	45.76	-44.68	0.12	46.40
766302	damage	bot-1010	bravo	bot-982	alpha	five_seven	bullet	20.00	12.12	-53.01	45.76	-45.21	-0.45	46.86
766444	kill	bot-1010	bravo	bot-982	alpha	five_seven	bullet	20.00	0.00	-53.01	45.76	-45.66	-0.93	47.27
769518	damage	bot-954	alpha	bot-1011	bravo	m1911	bullet	33.00	67.00	-50.50	-16.47	-87.03	31.78	60.52
769800	damage	bot-1033	bravo	bot-1004	alpha	cz_805_bren	bullet	24.00	76.00	25.56	-42.19	-9.03	-35.12	35.31
769926	damage	bot-954	alpha	bot-1011	bravo	m1911	bullet	33.00	34.00	-50.50	-16.48	-87.55	32.14	61.12
770048	damage	bot-1033	bravo	bot-1004	alpha	cz_805_bren	bullet	24.00	52.00	25.56	-42.19	-9.62	-34.48	36.01
770284	damage	bot-954	alpha	bot-1011	bravo	m1911	bullet	33.00	1.00	-50.49	-16.48	-86.89	33.97	62.21
771407	damage	bot-954	alpha	bot-1013	bravo	m1911	bullet	33.00	67.00	-50.49	-16.49	-90.69	27.53	59.61
771750	damage	bot-954	alpha	bot-1013	bravo	m1911	bullet	33.00	34.00	-50.48	-16.49	-91.78	26.63	59.71
772095	damage	bot-954	alpha	bot-1013	bravo	m1911	bullet	33.00	1.00	-50.48	-16.49	-93.14	27.76	61.46
772438	kill	bot-954	alpha	bot-1013	bravo	m1911	bullet	33.00	0.00	-50.48	-16.50	-94.46	28.89	63.20
772860	damage	bot-918	alpha	bot-1033	bravo	cz_805_bren	bullet	24.00	48.28	15.53	-33.11	24.28	-41.44	12.08
772935	damage	bot-1033	bravo	bot-918	alpha	cz_805_bren	bullet	24.00	48.16	24.69	-41.41	15.53	-33.11	12.36
773117	damage	bot-918	alpha	bot-1033	bravo	cz_805_bren	bullet	24.00	24.28	15.38	-33.11	25.45	-41.68	13.22
773240	damage	bot-990	alpha	bot-1045	bravo	cz_805_bren	bullet	24.00	76.00	-15.04	-30.08	19.76	-42.93	37.10
773308	damage	bot-1008	alpha	bot-1045	bravo	cz_805_bren	bullet	24.00	52.00	-14.66	-31.44	19.77	-42.97	36.31
773360	damage	bot-932	alpha	bot-1045	bravo	cz_805_bren	bullet	24.00	28.00	7.54	-33.16	19.99	-42.89	15.80
773360	damage	bot-990	alpha	bot-1045	bravo	cz_805_bren	bullet	24.00	4.00	-15.04	-30.08	19.99	-42.89	37.30
773441	kill	bot-1008	alpha	bot-1045	bravo	cz_805_bren	bullet	24.00	0.00	-14.66	-31.44	20.41	-42.75	36.84
773441	damage	bot-1033	bravo	bot-918	alpha	cz_805_bren	bullet	24.00	24.16	26.80	-41.56	14.08	-32.95	15.36
773574	damage	bot-1033	bravo	bot-918	alpha	cz_805_bren	bullet	24.00	0.16	26.80	-41.56	13.47	-32.61	16.06
773693	kill	bot-1033	bravo	bot-918	alpha	cz_805_bren	bullet	24.00	0.00	26.80	-41.56	12.94	-32.27	16.69
775871	damage	bot-1043	bravo	bot-995	alpha	cz_805_bren	bullet	24.00	75.91	21.75	-32.61	1.51	-19.61	24.06
775994	damage	bot-1043	bravo	bot-995	alpha	cz_805_bren	bullet	24.00	51.91	21.75	-32.61	0.95	-19.54	24.57
776110	damage	bot-1043	bravo	bot-995	alpha	cz_805_bren	bullet	24.00	27.91	21.75	-32.61	0.39	-19.37	25.13
776233	damage	bot-1043	bravo	bot-995	alpha	cz_805_bren	bullet	24.00	3.91	21.75	-32.61	-0.21	-19.20	25.73
776276	damage	bot-1032	bravo	bot-954	alpha	five_seven	bullet	20.00	75.65	-51.36	26.81	-48.40	-15.10	42.01
776340	damage	bot-954	alpha	bot-1032	bravo	m1911	bullet	33.00	39.04	-48.40	-15.10	-51.36	26.81	42.01
776359	kill	bot-1043	bravo	bot-995	alpha	cz_805_bren	bullet	24.00	0.00	21.75	-32.61	-0.81	-19.02	26.34
776841	damage	bot-1018	alpha	bot-1043	bravo	cz_805_bren	bullet	24.00	76.00	17.90	-24.43	21.75	-33.40	9.76
776957	damage	bot-1018	alpha	bot-1043	bravo	cz_805_bren	bullet	24.00	52.00	17.90	-24.43	21.76	-33.37	9.74
776957	damage	bot-1043	bravo	bot-1018	alpha	cz_805_bren	bullet	24.00	48.06	21.76	-33.37	17.90	-24.43	9.74
777054	damage	bot-1033	bravo	bot-1018	alpha	cz_805_bren	bullet	24.00	24.06	24.82	-40.99	17.94	-24.27	18.08
777079	damage	bot-1018	alpha	bot-1043	bravo	cz_805_bren	bullet	24.00	28.00	17.94	-24.27	21.86	-33.51	10.03
777079	damage	bot-1043	bravo	bot-1018	alpha	cz_805_bren	bullet	24.00	0.06	21.86	-33.51	17.95	-24.23	10.07
777178	kill	bot-1033	bravo	bot-1018	alpha	cz_805_bren	bullet	24.00	0.00	24.82	-40.99	17.98	-24.08	18.24
777412	damage	bot-954	alpha	bot-1010	bravo	m1911	bullet	33.00	39.02	-48.42	-14.87	-49.76	26.90	41.79
777768	damage	bot-954	alpha	bot-1010	bravo	m1911	bullet	33.00	6.02	-48.42	-14.87	-50.97	28.28	43.23
779928	damage	bot-1046	bravo	bot-954	alpha	cz_805_bren	bullet	24.00	51.65	-48.84	-39.31	-48.42	-14.87	24.44
780039	damage	bot-1046	bravo	bot-954	alpha	cz_805_bren	bullet	24.00	27.65	-48.84	-39.31	-48.26	-14.97	24.35
780152	damage	bot-1046	bravo	bot-954	alpha	cz_805_bren	bullet	24.00	3.65	-48.84	-39.31	-48.09	-15.06	24.26
780279	kill	bot-1046	bravo	bot-954	alpha	cz_805_bren	bullet	24.00	0.00	-48.84	-39.31	-47.52	-15.37	23.97
781277	damage	bot-1041	bravo	bot-932	alpha	five_seven	bullet	20.00	65.27	19.72	-31.01	13.83	-35.12	7.18
781345	damage	bot-990	alpha	bot-1041	bravo	cz_805_bren	bullet	24.00	76.00	-0.04	-34.85	19.72	-31.01	20.13
781424	damage	bot-1041	bravo	bot-932	alpha	five_seven	bullet	20.00	45.27	19.72	-31.01	13.46	-35.52	7.72
781461	damage	bot-990	alpha	bot-1041	bravo	cz_805_bren	bullet	24.00	52.00	-0.04	-34.85	19.72	-31.01	20.13
785553	damage	bot-1041	bravo	bot-1000	alpha	five_seven	bullet	20.00	65.47	25.31	-35.84	16.66	-46.68	13.87
785701	damage	bot-1041	bravo	bot-1000	alpha	five_seven	bullet	20.00	45.47	25.31	-35.84	16.72	-47.35	14.37
785805	damage	bot-1033	bravo	bot-932	alpha	cz_805_bren	bullet	24.00	47.27	26.49	-41.01	12.99	-42.99	13.64
785940	damage	bot-1033	bravo	bot-932	alpha	cz_805_bren	bullet	24.00	25.70	26.49	-41.01	12.99	-42.99	13.64
786055	damage	bot-1033	bravo	bot-932	alpha	cz_805_bren	bullet	24.00	3.77	26.49	-41.01	12.99	-42.99	13.64
787350	damage	bot-1041	bravo	bot-1008	alpha	five_seven	bullet	20.00	74.16	24.46	-36.69	13.98	-46.56	14.39
787504	damage	bot-1041	bravo	bot-1008	alpha	five_seven	bullet	20.00	54.16	24.46	-36.69	14.38	-46.63	14.16
787673	damage	bot-1041	bravo	bot-1008	alpha	five_seven	bullet	20.00	34.16	24.46	-36.69	13.85	-46.96	14.76
789246	damage	bot-1041	bravo	bot-1000	alpha	five_seven	bullet	20.00	52.29	23.04	-38.20	17.11	-45.94	9.75
789421	damage	bot-1041	bravo	bot-1000	alpha	five_seven	bullet	20.00	32.29	23.04	-38.19	16.60	-46.19	10.27
789611	damage	bot-1041	bravo	bot-1000	alpha	five_seven	bullet	20.00	12.29	23.04	-38.19	15.91	-46.52	10.97
790729	damage	bot-932	alpha	bot-1033	bravo	cz_805_bren	bullet	24.00	58.93	13.04	-43.17	23.54	-41.64	10.61
790839	damage	bot-932	alpha	bot-1033	bravo	cz_805_bren	bullet	24.00	34.93	13.04	-43.17	23.75	-41.16	10.90
790839	damage	bot-1033	bravo	bot-932	alpha	cz_805_bren	bullet	24.00	48.59	23.75	-41.16	13.04	-43.17	10.90
791088	damage	bot-1033	bravo	bot-932	alpha	cz_805_bren	bullet	24.00	24.59	24.28	-39.96	12.80	-43.42	11.99
792761	damage	bot-1033	bravo	bot-1008	alpha	cz_805_bren	bullet	24.00	48.03	23.75	-38.48	15.60	-47.67	12.28
792837	damage	bot-1008	alpha	bot-1033	bravo	cz_805_bren	bullet	24.00	10.93	15.73	-47.80	24.01	-38.20	12.68
792960	kill	bot-1008	alpha	bot-1033	bravo	cz_805_bren	bullet	24.00	0.00	16.00	-48.03	24.45	-37.71	13.34
801074	damage	bot-1043	bravo	bot-966	alpha	cz_805_bren	bullet	24.00	56.88	17.76	-33.74	12.56	-35.84	5.61
801093	damage	bot-966	alpha	bot-1043	bravo	cz_805_bren	bullet	24.00	48.32	12.56	-35.84	17.76	-33.74	5.61
801309	damage	bot-1043	bravo	bot-932	alpha	cz_805_bren	bullet	24.00	48.23	17.76	-34.42	11.57	-36.04	6.40
803792	damage	bot-1008	alpha	bot-1043	bravo	cz_805_bren	bullet	24.00	48.16	13.86	-34.24	18.33	-35.65	4.68
804411	damage	bot-1043	bravo	bot-932	alpha	cz_805_bren	bullet	24.00	48.54	18.73	-36.34	8.47	-39.91	10.86
804442	damage	bot-814	alpha	bot-1054	bravo	m1911	bullet	33.00	67.00	-114.23	-42.49	-79.36	-9.39	48.08
804536	damage	bot-1043	bravo	bot-932	alpha	cz_805_bren	bullet	24.00	24.54	18.73	-36.34	8.08	-40.38	11.39
805183	damage	bot-814	alpha	bot-1054	bravo	m1911	bullet	33.00	34.00	-114.23	-42.49	-80.90	-9.30	47.04
807731	damage	bot-1043	bravo	bot-966	alpha	cz_805_bren	bullet	24.00	48.18	18.65	-36.12	14.75	-37.75	4.23
808217	damage	bot-990	alpha	bot-1043	bravo	cz_805_bren	bullet	24.00	42.17	12.57	-32.35	18.77	-36.40	7.40
808364	damage	bot-990	alpha	bot-1043	bravo	cz_805_bren	bullet	24.00	18.17	12.05	-31.97	18.77	-36.39	8.05
809005	damage	bot-1043	bravo	bot-990	alpha	cz_805_bren	bullet	24.00	48.74	18.63	-36.03	12.97	-31.42	7.30
809234	damage	bot-1043	bravo	bot-990	alpha	cz_805_bren	bullet	24.00	24.74	18.73	-36.50	11.90	-31.22	8.64
809274	kill	bot-990	alpha	bot-1043	bravo	cz_805_bren	bullet	24.00	0.00	11.82	-31.14	18.73	-36.50	8.74
809435	damage	bot-1048	bravo	bot-1042	alpha	five_seven	bullet	20.00	80.00	-71.24	-13.81	-112.54	-40.16	48.99
810632	damage	bot-1040	alpha	bot-1046	bravo	cz_805_bren	bullet	24.00	76.00	-111.40	-40.77	-88.86	-3.65	43.43
810632	damage	bot-1046	bravo	bot-1040	alpha	cz_805_bren	bullet	24.00	76.00	-88.86	-3.65	-111.40	-40.77	43.43
810765	damage	bot-1046	bravo	bot-1040	alpha	cz_805_bren	bullet	24.00	52.00	-88.86	-3.65	-111.40	-40.77	43.43
811409	damage	bot-1052	bravo	bot-1042	alpha	cz_805_bren	bullet	24.00	56.00	-85.36	-8.33	-109.36	-38.73	38.73
811436	damage	bot-1050	bravo	bot-1042	alpha	cz_805_bren	bullet	24.00	32.00	-86.04	-6.99	-109.47	-38.80	39.51
811518	damage	bot-1048	bravo	bot-1042	alpha	five_seven	bullet	20.00	12.00	-71.88	-14.28	-109.79	-39.04	45.28
811546	kill	bot-1050	bravo	bot-1042	alpha	cz_805_bren	bullet	24.00	0.00	-86.04	-6.99	-109.91	-39.13	40.03
812818	damage	bot-1044	alpha	bot-1056	bravo	cz_805_bren	bullet	24.00	76.00	-112.07	-40.74	-85.12	-3.63	45.86
812942	damage	bot-1044	alpha	bot-1056	bravo	cz_805_bren	bullet	24.00	52.00	-112.07	-40.74	-84.82	-3.23	46.36
813067	damage	bot-1044	alpha	bot-1056	bravo	cz_805_bren	bullet	24.00	28.00	-112.07	-40.74	-84.59	-2.75	46.88
813181	damage	bot-1044	alpha	bot-1056	bravo	cz_805_bren	bullet	24.00	4.00	-112.07	-40.74	-84.33	-2.24	47.45
813306	kill	bot-1044	alpha	bot-1056	bravo	cz_805_bren	bullet	24.00	0.00	-112.07	-40.74	-83.86	-1.85	48.04
814805	damage	bot-1044	alpha	bot-1046	bravo	cz_805_bren	bullet	24.00	52.00	-111.54	-40.66	-85.21	-2.04	46.74
815303	damage	bot-1044	alpha	bot-1050	bravo	cz_805_bren	bullet	24.00	76.00	-111.54	-40.66	-84.69	-3.33	45.98
815414	damage	bot-1044	alpha	bot-1050	bravo	cz_805_bren	bullet	24.00	52.00	-111.54	-40.66	-84.69	-3.33	45.98
815537	damage	bot-1044	alpha	bot-1050	bravo	cz_805_bren	bullet	24.00	28.00	-111.54	-40.66	-84.27	-2.90	46.58
818358	damage	bot-1049	alpha	bot-1052	bravo	m24	bullet	95.00	5.00	-110.46	-39.24	-84.63	-6.49	41.70
821229	damage	bot-1047	alpha	bot-1046	bravo	five_seven	bullet	20.00	52.41	-111.21	-39.76	-90.16	-6.09	39.72
824893	damage	bot-1044	alpha	bot-1048	bravo	cz_805_bren	bullet	24.00	76.00	-105.27	-30.49	-92.79	-27.80	12.77
825460	damage	bot-1022	alpha	bot-1046	bravo	five_seven	bullet	20.00	52.19	-107.63	-38.05	-85.66	-2.10	42.14
825829	kill	bot-1049	alpha	bot-1032	bravo	m24	bullet	95.00	0.00	-110.37	-38.82	-113.03	23.76	62.64
826856	damage	bot-1039	bravo	bot-1040	alpha	cz_805_bren	bullet	24.00	71.09	-145.43	6.58	-109.04	-25.72	48.65
826978	damage	bot-1039	bravo	bot-1040	alpha	cz_805_bren	bullet	24.00	47.09	-145.42	6.59	-109.04	-25.72	48.66
827103	damage	bot-1039	bravo	bot-1040	alpha	cz_805_bren	bullet	24.00	23.09	-145.42	6.59	-109.07	-25.93	48.77
827398	kill	bot-1011	bravo	bot-1040	alpha	cz_805_bren	bullet	24.00	0.00	-132.70	15.57	-109.23	-27.09	48.70
828902	damage	bot-1048	bravo	bot-1044	alpha	five_seven	bullet	20.00	80.00	-93.82	-34.42	-99.92	-29.95	7.56
829052	damage	bot-1048	bravo	bot-1044	alpha	five_seven	bullet	20.00	60.00	-93.82	-34.42	-99.54	-30.00	7.23
829199	damage	bot-1048	bravo	bot-1044	alpha	five_seven	bullet	20.00	40.00	-93.82	-34.42	-100.03	-30.31	7.44
829740	damage	bot-1048	bravo	bot-1044	alpha	five_seven	bullet	20.00	20.00	-93.65	-35.50	-101.89	-31.46	9.17
829824	damage	bot-1011	bravo	bot-1022	alpha	cz_805_bren	bullet	24.00	76.00	-132.88	12.51	-109.03	-27.81	46.84
829844	damage	bot-1010	bravo	bot-1022	alpha	five_seven	bullet	20.00	56.00	-132.42	13.11	-109.04	-27.78	47.10
829886	kill	bot-1048	bravo	bot-1044	alpha	five_seven	bullet	20.00	0.00	-93.65	-35.50	-102.32	-31.73	9.45
829937	damage	bot-1011	bravo	bot-1022	alpha	cz_805_bren	bullet	24.00	32.00	-132.88	12.51	-109.08	-27.94	46.93
829999	damage	bot-1010	bravo	bot-1022	alpha	five_seven	bullet	20.00	12.00	-132.42	13.11	-109.10	-28.04	47.29
830116	damage	bot-1023	bravo	bot-1047	alpha	cz_805_bren	bullet	24.00	76.00	-122.64	14.94	-102.85	-30.02	49.12
830136	damage	bot-1047	alpha	bot-1023	bravo	five_seven	bullet	20.00	75.52	-102.85	-30.02	-122.63	14.94	49.12
830155	kill	bot-1010	bravo	bot-1022	alpha	five_seven	bullet	20.00	0.00	-132.42	13.11	-109.16	-28.29	47.48
830239	damage	bot-1023	bravo	bot-1047	alpha	cz_805_bren	bullet	24.00	52.00	-122.63	14.94	-102.85	-30.02	49.12
830286	damage	bot-1047	alpha	bot-1023	bravo	five_seven	bullet	20.00	55.52	-102.88	-30.05	-122.63	14.94	49.14
830430	damage	bot-1047	alpha	bot-1023	bravo	five_seven	bullet	20.00	35.52	-102.99	-30.18	-122.67	15.17	49.44
831772	damage	bot-990	alpha	bot-1059	bravo	cz_805_bren	bullet	24.00	76.00	22.92	-28.79	41.16	17.75	49.99
831834	damage	bot-1059	bravo	bot-990	alpha	cz_805_bren	bullet	24.00	48.10	41.16	17.75	22.92	-28.79	49.99
832472	damage	bot-1046	bravo	bot-1047	alpha	cz_805_bren	bullet	24.00	28.92	-87.71	-5.55	-107.09	-35.06	35.31
832494	damage	bot-1059	bravo	bot-932	alpha	cz_805_bren	bullet	24.00	41.43	41.15	17.72	26.25	-29.99	49.99
832597	damage	bot-1046	bravo	bot-1047	alpha	cz_805_bren	bullet	24.00	7.19	-87.71	-5.55	-107.09	-35.06	35.31
832713	kill	bot-1046	bravo	bot-1047	alpha	cz_805_bren	bullet	24.00	0.00	-87.71	-5.55	-107.09	-35.06	35.31
833562	damage	bot-1046	bravo	bot-1049	alpha	cz_805_bren	bullet	24.00	76.00	-87.79	-5.77	-110.37	-38.82	40.03
833562	damage	bot-1059	bravo	bot-1006	alpha	cz_805_bren	bullet	24.00	64.99	40.98	17.25	31.45	-31.69	49.86
833676	damage	bot-1046	bravo	bot-1049	alpha	cz_805_bren	bullet	24.00	52.00	-87.79	-5.77	-110.37	-38.82	40.03
833676	damage	bot-1059	bravo	bot-1006	alpha	cz_805_bren	bullet	24.00	40.99	40.98	17.25	31.45	-31.69	49.86
833806	damage	bot-1046	bravo	bot-1049	alpha	cz_805_bren	bullet	24.00	28.00	-87.79	-5.77	-110.35	-38.98	40.15
833918	damage	bot-1046	bravo	bot-1049	alpha	cz_805_bren	bullet	24.00	4.00	-87.79	-5.77	-110.32	-39.20	40.32
834033	kill	bot-1046	bravo	bot-1049	alpha	cz_805_bren	bullet	24.00	0.00	-87.79	-5.77	-110.58	-39.69	40.87
836917	damage	bot-1008	alpha	bot-1063	bravo	cz_805_bren	bullet	24.00	76.00	27.04	-40.65	39.25	7.80	49.97
836917	damage	bot-1063	bravo	bot-1008	alpha	cz_805_bren	bullet	24.00	48.53	39.25	7.80	27.04	-40.65	49.97
837613	damage	bot-969	alpha	bot-1052	bravo	cz_805_bren	bullet	24.00	71.31	-53.35	40.61	-81.20	-0.75	49.87
837731	damage	bot-969	alpha	bot-1052	bravo	cz_805_bren	bullet	24.00	47.31	-53.35	40.61	-81.21	-0.76	49.87
837848	damage	bot-969	alpha	bot-1052	bravo	cz_805_bren	bullet	24.00	23.31	-53.35	40.61	-81.16	-0.80	49.89
837970	kill	bot-969	alpha	bot-1052	bravo	cz_805_bren	bullet	24.00	0.00	-53.35	40.61	-81.10	-0.88	49.92
838380	damage	bot-1059	bravo	bot-1004	alpha	cz_805_bren	bullet	24.00	48.07	39.38	8.55	24.36	-38.00	48.91
838380	damage	bot-1063	bravo	bot-1004	alpha	cz_805_bren	bullet	24.00	24.07	39.26	6.35	24.36	-38.00	46.78
838424	damage	bot-1060	bravo	bot-1004	alpha	five_seven	bullet	20.00	4.07	41.88	7.74	24.20	-38.15	49.18
838501	kill	bot-1059	bravo	bot-1004	alpha	cz_805_bren	bullet	24.00	0.00	39.38	8.55	23.91	-38.42	49.45
839279	damage	bot-1060	bravo	bot-966	alpha	five_seven	bullet	20.00	52.28	41.87	7.68	17.05	-25.37	41.34
839432	damage	bot-1060	bravo	bot-966	alpha	five_seven	bullet	20.00	32.28	41.87	7.68	16.86	-25.55	41.59
839577	damage	bot-1060	bravo	bot-966	alpha	five_seven	bullet	20.00	12.28	41.87	7.68	16.49	-25.90	42.09
840094	damage	bot-1059	bravo	bot-990	alpha	cz_805_bren	bullet	24.00	48.46	38.60	6.49	19.14	-28.63	40.15
840115	damage	bot-1061	bravo	bot-990	alpha	cz_805_bren	bullet	24.00	24.46	40.04	6.80	19.09	-28.75	41.26
840163	damage	bot-1063	bravo	bot-990	alpha	cz_805_bren	bullet	24.00	0.46	38.65	4.52	18.98	-29.00	38.86
840235	kill	bot-1059	bravo	bot-990	alpha	cz_805_bren	bullet	24.00	0.00	38.60	6.49	18.81	-29.37	40.95
840291	damage	bot-968	alpha	bot-1046	bravo	cz_805_bren	bullet	24.00	48.40	-55.89	34.82	-90.93	-0.84	49.99
840415	damage	bot-968	alpha	bot-1046	bravo	cz_805_bren	bullet	24.00	24.40	-55.89	34.82	-90.96	-0.58	49.82
840525	damage	bot-968	alpha	bot-1046	bravo	cz_805_bren	bullet	24.00	0.40	-55.89	34.82	-90.98	-0.40	49.71
841152	kill	bot-968	alpha	bot-1046	bravo	cz_805_bren	bullet	24.00	0.00	-55.94	34.97	-92.25	1.63	49.30
841591	damage	bot-968	alpha	bot-1055	bravo	cz_805_bren	bullet	24.00	76.00	-55.93	34.97	-84.56	-5.89	49.90
841701	damage	bot-968	alpha	bot-1055	bravo	cz_805_bren	bullet	24.00	52.00	-55.93	34.97	-84.56	-5.89	49.90
842090	damage	bot-1060	bravo	bot-932	alpha	five_seven	bullet	20.00	66.98	40.31	5.32	26.06	-26.75	35.09
842109	damage	bot-932	alpha	bot-1060	bravo	cz_805_bren	bullet	24.00	76.00	26.06	-26.75	40.31	5.32	35.09
842251	damage	bot-932	alpha	bot-1060	bravo	cz_805_bren	bullet	24.00	52.00	26.06	-26.75	40.31	5.32	35.09
842272	damage	bot-1055	bravo	bot-968	alpha	five_seven	bullet	20.00	80.00	-84.28	-6.48	-55.99	34.70	49.97
842398	damage	bot-932	alpha	bot-1060	bravo	cz_805_bren	bullet	24.00	28.00	26.06	-26.75	40.16	5.45	35.16
842417	damage	bot-968	alpha	bot-1055	bravo	cz_805_bren	bullet	24.00	28.00	-55.98	34.70	-84.28	-6.48	49.97
842523	damage	bot-932	alpha	bot-1060	bravo	cz_805_bren	bullet	24.00	4.00	26.06	-26.75	39.93	5.71	35.30
842548	damage	bot-968	alpha	bot-1055	bravo	cz_805_bren	bullet	24.00	4.47	-55.98	34.70	-84.28	-6.48	49.97
842662	kill	bot-968	alpha	bot-1055	bravo	cz_805_bren	bullet	24.00	0.00	-55.98	34.70	-84.28	-6.48	49.97
842706	damage	bot-1061	bravo	bot-1008	alpha	cz_805_bren	bullet	24.00	48.28	38.34	3.03	26.19	-42.77	47.38
842837	damage	bot-1061	bravo	bot-1008	alpha	cz_805_bren	bullet	24.00	24.28	38.34	3.03	26.11	-42.84	47.47
843012	kill	bot-932	alpha	bot-1060	bravo	cz_805_bren	bullet	24.00	0.00	26.13	-26.75	38.47	7.33	36.25
843088	damage	bot-1061	bravo	bot-932	alpha	cz_805_bren	bullet	24.00	42.98	38.34	3.03	26.13	-26.75	32.18
843109	damage	bot-1063	bravo	bot-932	alpha	cz_805_bren	bullet	24.00	18.98	36.81	0.08	26.10	-26.77	28.91
843213	kill	bot-1061	bravo	bot-932	alpha	cz_805_bren	bullet	24.00	0.00	38.34	3.03	26.22	-26.90	32.29
844828	damage	bot-1063	bravo	bot-1008	alpha	cz_805_bren	bullet	24.00	0.28	35.91	-1.17	22.86	-48.02	48.63
844949	kill	bot-1063	bravo	bot-1008	alpha	cz_805_bren	bullet	24.00	0.00	35.91	-1.17	22.86	-48.02	48.63
845553	damage	bot-1068	alpha	bot-1050	bravo	five_seven	bullet	20.00	12.29	-46.92	-23.32	-96.02	-14.08	49.96
845699	kill	bot-1068	alpha	bot-1050	bravo	five_seven	bullet	20.00	0.00	-46.92	-23.32	-96.02	-14.08	49.96
846703	damage	bot-1063	bravo	bot-966	alpha	cz_805_bren	bullet	24.00	48.29	35.06	-2.77	12.94	-36.46	40.31
848911	damage	bot-1070	alpha	bot-1048	bravo	cz_805_bren	bullet	24.00	52.00	-87.53	-24.54	-105.21	-35.06	20.57
849037	damage	bot-1070	alpha	bot-1048	bravo	cz_805_bren	bullet	24.00	28.00	-87.53	-24.54	-105.63	-35.49	21.15
849157	damage	bot-1070	alpha	bot-1048	bravo	cz_805_bren	bullet	24.00	4.00	-87.53	-24.54	-106.03	-35.90	21.70
852137	damage	bot-1063	bravo	bot-1000	alpha	cz_805_bren	bullet	24.00	48.02	29.90	-8.05	37.32	-35.36	28.30
852158	damage	bot-1059	bravo	bot-1000	alpha	cz_805_bren	bullet	24.00	24.02	29.81	-8.92	37.35	-35.44	27.58
852249	damage	bot-1063	bravo	bot-1000	alpha	cz_805_bren	bullet	24.00	0.02	29.90	-8.05	37.47	-35.79	28.75
852271	kill	bot-1059	bravo	bot-1000	alpha	cz_805_bren	bullet	24.00	0.00	29.81	-8.92	37.51	-35.87	28.03
853108	damage	bot-978	alpha	bot-1054	bravo	cz_805_bren	bullet	24.00	71.43	-69.42	18.13	-80.94	-0.59	21.98
853237	damage	bot-978	alpha	bot-1054	bravo	cz_805_bren	bullet	24.00	47.43	-69.42	18.13	-80.86	-0.27	21.66
853349	damage	bot-978	alpha	bot-1054	bravo	cz_805_bren	bullet	24.00	23.43	-69.42	18.13	-80.69	-0.55	21.81
853476	kill	bot-978	alpha	bot-1054	bravo	cz_805_bren	bullet	24.00	0.00	-69.42	18.13	-80.66	-0.83	22.04
857620	damage	bot-1063	bravo	bot-966	alpha	cz_805_bren	bullet	24.00	48.18	25.94	-15.07	15.14	-27.10	16.17
858662	damage	bot-1068	alpha	bot-1023	bravo	five_seven	bullet	20.00	61.73	-71.28	-15.60	-111.67	-10.51	40.71
859403	damage	bot-1053	alpha	bot-1023	bravo	cz_805_bren	bullet	24.00	37.73	-66.65	-16.70	-111.05	-10.71	44.80
859519	damage	bot-1053	alpha	bot-1023	bravo	cz_805_bren	bullet	24.00	13.73	-66.65	-16.70	-111.54	-11.08	45.24
859519	kill	bot-1068	alpha	bot-1023	bravo	five_seven	bullet	20.00	0.00	-72.00	-15.37	-111.54	-11.08	39.78
861601	damage	bot-968	alpha	bot-1057	bravo	cz_805_bren	bullet	24.00	76.00	-75.09	5.39	-77.25	-0.71	6.48
861601	damage	bot-1039	bravo	bot-1070	alpha	cz_805_bren	bullet	24.00	76.00	-110.82	-9.34	-103.46	-31.50	23.35
861734	damage	bot-968	alpha	bot-1057	bravo	cz_805_bren	bullet	24.00	52.00	-75.11	5.39	-77.06	-0.99	6.67
861734	damage	bot-1039	bravo	bot-1070	alpha	cz_805_bren	bullet	24.00	52.00	-110.82	-9.34	-103.66	-31.61	23.39
861770	damage	bot-978	alpha	bot-1057	bravo	cz_805_bren	bullet	24.00	28.00	-76.31	7.14	-77.21	-1.10	8.29
861848	damage	bot-968	alpha	bot-1057	bravo	cz_805_bren	bullet	24.00	4.00	-75.11	5.39	-77.46	-1.30	7.09
861848	damage	bot-1039	bravo	bot-1070	alpha	cz_805_bren	bullet	24.00	28.00	-110.82	-9.34	-103.05	-31.69	23.66
861848	damage	bot-1057	bravo	bot-974	alpha	cz_805_bren	bullet	24.00	68.56	-77.46	-1.30	-72.52	1.92	5.90
861885	kill	bot-978	alpha	bot-1057	bravo	cz_805_bren	bullet	24.00	0.00	-76.03	7.30	-77.58	-1.36	8.81
861962	damage	bot-1039	bravo	bot-1070	alpha	cz_805_bren	bullet	24.00	4.00	-110.82	-9.34	-102.42	-31.76	23.94
863060	damage	bot-1053	alpha	bot-1039	bravo	cz_805_bren	bullet	24.00	48.10	-72.23	-14.57	-111.27	-8.49	39.52
863277	damage	bot-966	alpha	bot-1063	bravo	cz_805_bren	bullet	24.00	52.00	16.84	-34.01	18.29	-21.81	12.28
863544	damage	bot-966	alpha	bot-1063	bravo	cz_805_bren	bullet	24.00	28.00	16.87	-33.99	19.22	-20.85	13.34
863544	damage	bot-1063	bravo	bot-966	alpha	cz_805_bren	bullet	24.00	48.07	19.22	-20.85	16.87	-33.99	13.34
864764	damage	bot-966	alpha	bot-1059	bravo	cz_805_bren	bullet	24.00	52.00	18.09	-36.48	33.25	-33.21	15.51
864944	damage	bot-966	alpha	bot-1059	bravo	cz_805_bren	bullet	24.00	28.00	18.09	-36.48	32.81	-33.65	14.99
865069	damage	bot-966	alpha	bot-1059	bravo	cz_805_bren	bullet	24.00	4.00	18.09	-36.48	32.43	-34.05	14.54
870624	damage	bot-1068	alpha	bot-1010	bravo	five_seven	bullet	20.00	3.92	-90.69	-12.55	-114.35	-11.81	23.67
870624	kill	bot-1072	alpha	bot-1010	bravo	cz_805_bren	bullet	24.00	0.00	-92.38	-11.88	-114.35	-11.81	21.97
870896	damage	bot-1061	bravo	bot-1074	alpha	cz_805_bren	bullet	24.00	76.00	35.08	-16.80	59.90	-22.37	25.43
871260	damage	bot-1061	bravo	bot-1078	alpha	cz_805_bren	bullet	24.00	76.00	35.09	-16.81	54.47	-25.25	21.14
871373	damage	bot-1061	bravo	bot-1078	alpha	cz_805_bren	bullet	24.00	52.00	35.09	-16.81	54.20	-24.95	20.77
871495	damage	bot-1061	bravo	bot-1078	alpha	cz_805_bren	bullet	24.00	28.00	35.09	-16.81	53.78	-24.48	20.20
871606	damage	bot-1061	bravo	bot-1078	alpha	cz_805_bren	bullet	24.00	4.00	35.09	-16.81	53.47	-24.14	19.79
871716	kill	bot-1061	bravo	bot-1078	alpha	cz_805_bren	bullet	24.00	0.00	35.09	-16.81	53.14	-23.79	19.35
872216	damage	bot-1068	alpha	bot-1039	bravo	five_seven	bullet	20.00	75.00	-91.95	-12.57	-110.74	-9.01	19.13
873198	damage	bot-1011	bravo	bot-1072	alpha	cz_805_bren	bullet	24.00	76.00	-109.84	-13.59	-91.65	-12.58	18.22
873463	damage	bot-1039	bravo	bot-1080	alpha	cz_805_bren	bullet	24.00	76.00	-111.68	-8.17	-109.58	-21.32	13.32
873593	damage	bot-1039	bravo	bot-1080	alpha	cz_805_bren	bullet	24.00	52.00	-111.68	-8.17	-109.58	-21.32	13.32
873632	damage	bot-1080	alpha	bot-1039	bravo	cz_805_bren	bullet	24.00	51.00	-109.51	-21.31	-111.68	-8.17	13.32
873714	damage	bot-1039	bravo	bot-1080	alpha	cz_805_bren	bullet	24.00	28.00	-111.75	-8.10	-109.36	-21.28	13.40
873752	damage	bot-1080	alpha	bot-1039	bravo	cz_805_bren	bullet	24.00	27.00	-109.30	-21.28	-111.82	-8.04	13.47
873836	damage	bot-1039	bravo	bot-1080	alpha	cz_805_bren	bullet	24.00	4.00	-111.89	-7.97	-109.16	-21.26	13.56
874248	kill	bot-1039	bravo	bot-1080	alpha	cz_805_bren	bullet	24.00	0.00	-112.80	-7.10	-107.70	-21.09	14.88
878568	damage	bot-1082	alpha	bot-1039	bravo	cz_805_bren	bullet	24.00	38.93	-111.31	-27.04	-118.54	-0.96	27.06
878846	damage	bot-1082	alpha	bot-1039	bravo	cz_805_bren	bullet	24.00	14.93	-111.31	-27.06	-119.30	-0.19	28.03
878981	kill	bot-1082	alpha	bot-1039	bravo	cz_805_bren	bullet	24.00	0.00	-111.31	-27.06	-119.68	0.20	28.52
880736	damage	bot-1068	alpha	bot-1011	bravo	five_seven	bullet	20.00	52.23	-91.23	-16.48	-106.32	-13.44	15.40
883464	damage	bot-1084	alpha	bot-1011	bravo	five_seven	bullet	20.00	46.53	-115.57	-15.49	-111.21	-16.40	4.45
883615	damage	bot-1084	alpha	bot-1011	bravo	five_seven	bullet	20.00	29.25	-115.57	-15.49	-111.22	-16.39	4.45
883778	damage	bot-1084	alpha	bot-1011	bravo	five_seven	bullet	20.00	12.18	-115.57	-15.49	-111.22	-16.39	4.45
883924	kill	bot-1084	alpha	bot-1011	bravo	five_seven	bullet	20.00	0.00	-115.57	-15.50	-111.22	-16.39	4.45
885463	damage	bot-1074	alpha	bot-1083	bravo	m24	bullet	95.00	5.00	56.39	-19.42	28.40	-32.66	30.97
887996	damage	bot-1083	bravo	bot-1074	alpha	five_seven	bullet	20.00	56.00	31.86	-32.10	56.39	-19.42	27.61
888290	kill	bot-1076	alpha	bot-1083	bravo	five_seven	bullet	20.00	0.00	9.10	-26.77	31.46	-33.12	23.25
888562	damage	bot-1059	bravo	bot-1076	alpha	cz_805_bren	bullet	24.00	48.12	28.83	-46.26	9.10	-26.77	27.74
888691	damage	bot-1059	bravo	bot-1076	alpha	cz_805_bren	bullet	24.00	24.12	28.83	-46.26	8.93	-26.73	27.89
888812	damage	bot-1059	bravo	bot-1076	alpha	cz_805_bren	bullet	24.00	0.12	28.83	-46.26	8.65	-26.66	28.14
889066	kill	bot-1059	bravo	bot-1076	alpha	cz_805_bren	bullet	24.00	0.00	28.83	-46.26	7.42	-26.33	29.26
893238	damage	bot-1074	alpha	bot-1061	bravo	m1911	bullet	33.00	29.49	59.33	-20.43	49.37	-20.00	9.97
894928	damage	bot-1061	bravo	bot-1074	alpha	cz_805_bren	bullet	24.00	48.01	44.47	-25.02	57.91	-19.94	14.37
898663	damage	bot-1089	bravo	bot-1090	alpha	five_seven	bullet	20.00	80.00	-126.80	-25.60	-119.16	-19.04	10.07
898810	damage	bot-1089	bravo	bot-1090	alpha	five_seven	bullet	20.00	60.00	-126.80	-25.60	-119.16	-19.04	10.07
898877	damage	bot-974	alpha	bot-1089	bravo	m24	bullet	95.00	5.00	-105.44	1.10	-126.80	-25.60	34.19
898877	kill	bot-1070	alpha	bot-1089	bravo	cz_805_bren	bullet	24.00	0.00	-110.80	-15.08	-126.80	-25.60	19.15
900201	damage	bot-1061	bravo	bot-1074	alpha	cz_805_bren	bullet	24.00	48.10	48.99	-23.13	59.21	-21.96	10.29
900315	damage	bot-1061	bravo	bot-1074	alpha	cz_805_bren	bullet	24.00	24.10	48.99	-23.13	59.67	-21.60	10.79
900436	damage	bot-1061	bravo	bot-1074	alpha	cz_805_bren	bullet	24.00	0.10	49.07	-23.09	60.16	-21.21	11.25
904101	damage	bot-1085	bravo	bot-1074	alpha	cz_805_bren	bullet	24.00	13.70	39.22	-24.39	63.58	-18.37	25.09
904215	kill	bot-1085	bravo	bot-1074	alpha	cz_805_bren	bullet	24.00	0.00	39.21	-24.39	63.97	-17.98	25.57
915043	damage	bot-1088	alpha	bot-1081	bravo	cz_805_bren	bullet	24.00	76.00	-9.49	-16.30	19.98	-27.20	31.42
915167	damage	bot-1088	alpha	bot-1081	bravo	cz_805_bren	bullet	24.00	52.00	-9.50	-16.30	19.71	-27.08	31.13
915282	damage	bot-1088	alpha	bot-1081	bravo	cz_805_bren	bullet	24.00	28.00	-9.50	-16.30	20.02	-27.58	31.59
920587	damage	bot-1081	bravo	bot-1088	alpha	cz_805_bren	bullet	24.00	76.00	20.99	-31.09	-2.60	-18.44	26.77
920710	damage	bot-1081	bravo	bot-1088	alpha	cz_805_bren	bullet	24.00	52.00	20.98	-31.10	-2.48	-18.49	26.64
920832	damage	bot-1081	bravo	bot-1088	alpha	cz_805_bren	bullet	24.00	28.00	20.98	-31.11	-2.50	-18.35	26.72
920958	damage	bot-1081	bravo	bot-1088	alpha	cz_805_bren	bullet	24.00	4.00	20.97	-31.11	-2.64	-17.84	27.08
921213	kill	bot-1081	bravo	bot-1088	alpha	cz_805_bren	bullet	24.00	0.00	20.96	-31.12	-3.12	-16.80	28.02
923860	damage	bot-1091	bravo	bot-1097	alpha	five_seven	bullet	20.00	80.00	74.20	2.02	85.48	3.51	11.38
924027	damage	bot-1085	bravo	bot-1097	alpha	cz_805_bren	bullet	24.00	56.00	72.59	-15.47	85.01	3.60	22.76
924027	damage	bot-1087	bravo	bot-1097	alpha	cz_805_bren	bullet	24.00	32.00	71.31	-22.80	85.01	3.60	29.74
924027	damage	bot-1091	bravo	bot-1097	alpha	five_seven	bullet	20.00	12.00	74.19	2.02	85.01	3.60	10.93
924147	kill	bot-1085	bravo	bot-1097	alpha	cz_805_bren	bullet	24.00	0.00	72.59	-15.46	84.48	3.85	22.68
928633	damage	bot-1065	bravo	bot-1099	alpha	cz_805_bren	bullet	24.00	76.00	-12.56	36.93	-11.90	45.98	9.08
928763	damage	bot-1065	bravo	bot-1099	alpha	cz_805_bren	bullet	24.00	52.00	-12.56	36.94	-11.92	45.96	9.05
928881	damage	bot-1065	bravo	bot-1099	alpha	cz_805_bren	bullet	24.00	28.00	-12.56	36.94	-11.80	46.00	9.10
928992	damage	bot-1065	bravo	bot-1099	alpha	cz_805_bren	bullet	24.00	4.00	-12.56	36.93	-11.68	46.05	9.16
929194	damage	bot-1099	alpha	bot-1065	bravo	cz_805_bren	bullet	24.00	76.00	-10.92	46.40	-12.57	36.94	9.61
929235	kill	bot-1065	bravo	bot-1099	alpha	cz_805_bren	bullet	24.00	0.00	-12.57	36.94	-10.73	46.48	9.72
934334	damage	bot-1101	alpha	bot-1100	bravo	cz_805_bren	bullet	24.00	76.00	90.85	-47.18	87.35	1.43	48.74
934627	damage	bot-1101	alpha	bot-1100	bravo	cz_805_bren	bullet	24.00	52.00	90.85	-47.18	87.64	0.68	47.98
935150	damage	bot-1101	alpha	bot-1100	bravo	cz_805_bren	bullet	24.00	28.00	90.97	-47.20	88.88	0.36	47.60
935309	damage	bot-1101	alpha	bot-1100	bravo	cz_805_bren	bullet	24.00	4.00	91.00	-47.15	89.12	0.53	47.72
935589	kill	bot-1101	alpha	bot-1100	bravo	cz_805_bren	bullet	24.00	0.00	91.02	-47.13	89.53	0.78	47.93
937098	damage	bot-1101	alpha	bot-1096	bravo	cz_805_bren	bullet	24.00	76.00	91.10	-47.15	88.47	1.03	48.25
937243	damage	bot-1101	alpha	bot-1096	bravo	cz_805_bren	bullet	24.00	52.00	91.12	-47.16	88.65	0.97	48.19
937394	damage	bot-1101	alpha	bot-1096	bravo	cz_805_bren	bullet	24.00	28.00	91.13	-47.16	88.72	1.00	48.22
937512	damage	bot-1101	alpha	bot-1096	bravo	cz_805_bren	bullet	24.00	4.00	91.13	-47.16	88.76	1.00	48.21
937658	kill	bot-1101	alpha	bot-1096	bravo	cz_805_bren	bullet	24.00	0.00	91.13	-47.16	88.91	1.06	48.27
940924	damage	bot-1095	bravo	bot-1101	alpha	cz_805_bren	bullet	24.00	76.00	86.56	-1.78	91.78	-43.50	42.04
940988	damage	bot-1059	bravo	bot-1101	alpha	cz_805_bren	bullet	24.00	52.00	78.82	2.30	91.75	-43.21	47.31
941115	damage	bot-1059	bravo	bot-1101	alpha	cz_805_bren	bullet	24.00	28.00	78.82	2.30	91.47	-43.57	47.58
942180	damage	bot-1095	bravo	bot-1101	alpha	cz_805_bren	bullet	24.00	4.00	86.98	-1.74	89.75	-47.66	46.00
942180	damage	bot-1101	alpha	bot-1085	bravo	cz_805_bren	bullet	24.00	76.00	89.75	-47.66	88.88	-5.08	42.59
942319	kill	bot-1095	bravo	bot-1101	alpha	cz_805_bren	bullet	24.00	0.00	86.99	-1.71	89.84	-47.69	46.07
943881	damage	bot-1070	alpha	bot-1103	bravo	cz_805_bren	bullet	24.00	76.00	-74.01	-11.73	-67.23	-26.75	16.48
943881	damage	bot-1086	alpha	bot-1103	bravo	cz_805_bren	bullet	24.00	52.00	-79.74	-10.34	-67.23	-26.75	20.63
943881	damage	bot-1090	alpha	bot-1103	bravo	cz_805_bren	bullet	24.00	28.00	-83.77	-14.94	-67.23	-26.75	20.32
943995	damage	bot-1070	alpha	bot-1103	bravo	cz_805_bren	bullet	24.00	4.00	-74.02	-11.73	-67.18	-26.89	16.63
943995	kill	bot-1086	alpha	bot-1103	bravo	cz_805_bren	bullet	24.00	0.00	-79.72	-10.31	-67.18	-26.89	20.79
953652	damage	bot-1104	alpha	bot-1105	bravo	five_seven	bullet	20.00	79.33	137.81	-16.93	121.65	-46.67	33.85
953753	kill	bot-1105	bravo	bot-1104	alpha	m24	bullet	95.00	0.00	121.68	-46.69	137.81	-16.94	33.85
959304	damage	bot-1108	bravo	bot-1107	alpha	cz_805_bren	bullet	24.00	76.00	128.68	-42.83	143.68	-46.30	15.40
973068	kill	bot-974	alpha	bot-1065	bravo	m24	bullet	95.00	0.00	-74.36	-37.83	-65.20	30.42	68.86
981886	damage	bot-1086	alpha	bot-1073	bravo	cz_805_bren	bullet	24.00	76.00	-71.14	-15.57	-65.68	17.61	33.62
984149	damage	bot-1093	alpha	bot-1071	bravo	five_seven	bullet	20.00	80.00	-72.01	-12.43	-64.50	16.60	29.99
984396	damage	bot-1093	alpha	bot-1071	bravo	five_seven	bullet	20.00	60.00	-72.03	-12.44	-64.50	16.60	30.00
984772	damage	bot-1086	alpha	bot-1073	bravo	cz_805_bren	bullet	24.00	52.00	-70.78	-15.05	-65.67	16.74	32.20
984824	damage	bot-980	alpha	bot-1071	bravo	five_seven	bullet	20.00	40.00	-61.95	-14.91	-64.55	17.36	32.37
985020	damage	bot-980	alpha	bot-1071	bravo	five_seven	bullet	20.00	20.00	-61.95	-14.91	-64.60	18.27	33.28
985111	damage	bot-1086	alpha	bot-1073	bravo	cz_805_bren	bullet	24.00	28.00	-70.78	-15.06	-65.56	17.54	33.01
985257	damage	bot-1086	alpha	bot-1073	bravo	cz_805_bren	bullet	24.00	4.00	-70.78	-15.06	-65.38	18.25	33.74
985396	kill	bot-1084	alpha	bot-1071	bravo	five_seven	bullet	20.00	0.00	-66.82	-15.53	-64.72	20.33	35.92
985396	kill	bot-1086	alpha	bot-1073	bravo	cz_805_bren	bullet	24.00	0.00	-70.78	-15.06	-65.21	18.93	34.44
994415	damage	bot-1112	bravo	bot-1051	alpha	cz_805_bren	bullet	24.00	76.00	-110.23	-36.24	-90.10	-15.41	28.98
994675	damage	bot-1112	bravo	bot-1051	alpha	cz_805_bren	bullet	24.00	52.00	-110.23	-36.23	-90.08	-15.48	28.92
994976	damage	bot-1112	bravo	bot-1051	alpha	cz_805_bren	bullet	24.00	28.00	-110.21	-36.21	-90.62	-15.83	28.27
995110	damage	bot-1068	alpha	bot-1112	bravo	five_seven	bullet	20.00	78.62	-75.44	-15.11	-110.21	-36.20	40.67
995110	damage	bot-1112	bravo	bot-1051	alpha	cz_805_bren	bullet	24.00	4.00	-110.21	-36.20	-91.16	-16.16	27.65
995186	damage	bot-1058	alpha	bot-1112	bravo	five_seven	bullet	20.00	58.62	-72.26	-14.08	-110.21	-36.20	43.93
995260	damage	bot-1068	alpha	bot-1112	bravo	five_seven	bullet	20.00	38.62	-75.43	-15.13	-110.33	-36.22	40.78
995260	kill	bot-1112	bravo	bot-1051	alpha	cz_805_bren	bullet	24.00	0.00	-110.33	-36.22	-91.80	-16.52	27.04
995386	damage	bot-1058	alpha	bot-1112	bravo	five_seven	bullet	20.00	18.62	-72.29	-14.07	-110.53	-36.27	44.22
995560	kill	bot-1058	alpha	bot-1112	bravo	five_seven	bullet	20.00	0.00	-72.33	-14.06	-111.13	-36.36	44.76
997855	damage	bot-1058	alpha	bot-1111	bravo	five_seven	bullet	20.00	80.00	-74.35	-13.96	-113.47	-37.43	45.62
1000156	damage	bot-1114	bravo	bot-1058	alpha	cz_805_bren	bullet	24.00	76.00	-113.78	-35.87	-76.21	-14.62	43.16
1000751	damage	bot-1111	bravo	bot-1072	alpha	cz_805_bren	bullet	24.00	45.79	-112.22	-36.63	-70.56	-9.58	49.67
1000786	damage	bot-1114	bravo	bot-1058	alpha	cz_805_bren	bullet	24.00	52.00	-113.47	-35.72	-76.65	-14.70	42.40
1000946	damage	bot-1114	bravo	bot-1058	alpha	cz_805_bren	bullet	24.00	28.00	-113.47	-35.72	-76.13	-14.36	43.01
1001157	damage	bot-1114	bravo	bot-1058	alpha	cz_805_bren	bullet	24.00	4.00	-113.47	-35.71	-75.54	-13.98	43.71
1001275	kill	bot-1114	bravo	bot-1058	alpha	cz_805_bren	bullet	24.00	0.00	-113.47	-35.70	-75.12	-13.70	44.21
1003595	damage	bot-1066	alpha	bot-1111	bravo	cz_805_bren	bullet	24.00	56.00	-100.67	-21.22	-109.50	-35.55	16.83
1005158	damage	bot-1068	alpha	bot-1114	bravo	five_seven	bullet	20.00	80.00	-83.82	-19.38	-110.09	-33.22	29.69
1006227	damage	bot-1115	alpha	bot-1108	bravo	five_seven	bullet	20.00	80.00	124.44	29.28	134.50	20.61	13.28
1006408	damage	bot-1115	alpha	bot-1108	bravo	five_seven	bullet	20.00	60.00	124.47	29.24	134.78	20.28	13.66
1006529	damage	bot-1108	bravo	bot-1115	alpha	cz_805_bren	bullet	24.00	56.94	134.96	19.90	124.48	29.23	14.02
1006565	damage	bot-1115	alpha	bot-1108	bravo	five_seven	bullet	20.00	40.00	124.48	29.22	135.08	19.64	14.29
1007753	damage	bot-1072	alpha	bot-1114	bravo	cz_805_bren	bullet	24.00	56.00	-65.68	-7.32	-108.65	-32.27	49.69
1008300	damage	bot-1068	alpha	bot-1114	bravo	five_seven	bullet	20.00	36.00	-84.87	-20.78	-109.83	-33.25	27.90
1008509	damage	bot-1068	alpha	bot-1114	bravo	five_seven	bullet	20.00	16.00	-84.84	-20.77	-110.46	-33.87	28.78
1008661	kill	bot-1068	alpha	bot-1114	bravo	five_seven	bullet	20.00	0.00	-84.81	-20.76	-110.93	-34.35	29.44
1009217	damage	bot-1066	alpha	bot-1111	bravo	cz_805_bren	bullet	24.00	49.16	-102.14	-22.44	-108.86	-38.47	17.38
1010015	damage	bot-1092	bravo	bot-1116	alpha	cz_805_bren	bullet	24.00	76.00	110.28	39.52	116.15	36.24	6.72
1010055	damage	bot-1091	bravo	bot-1116	alpha	five_seven	bullet	20.00	56.00	104.75	41.93	116.21	36.25	12.79
1011056	damage	bot-1091	bravo	bot-1115	alpha	five_seven	bullet	20.00	52.28	105.12	41.79	114.85	34.11	12.40
1011361	damage	bot-1091	bravo	bot-1115	alpha	five_seven	bullet	20.00	32.28	105.07	41.86	115.30	33.21	13.40
1011393	damage	bot-1116	alpha	bot-1094	bravo	cz_805_bren	bullet	24.00	76.00	119.99	37.70	117.41	37.54	2.59
1011528	damage	bot-1091	bravo	bot-1115	alpha	five_seven	bullet	20.00	12.28	105.06	41.88	115.88	33.08	13.95
1011528	damage	bot-1115	alpha	bot-1092	bravo	five_seven	bullet	20.00	80.00	115.88	33.08	111.57	36.95	5.79
1011574	kill	bot-1092	bravo	bot-1115	alpha	cz_805_bren	bullet	24.00	0.00	111.57	36.95	116.06	33.01	5.97
1019301	damage	bot-1111	bravo	bot-1072	alpha	cz_805_bren	bullet	24.00	71.67	-107.32	-37.39	-68.87	-20.14	42.14
1019603	damage	bot-1091	bravo	bot-1117	alpha	five_seven	bullet	20.00	80.00	114.27	35.82	120.22	39.06	6.78
1019767	damage	bot-1091	bravo	bot-1117	alpha	five_seven	bullet	20.00	60.00	114.15	35.81	120.63	39.23	7.33
1020126	damage	bot-1111	bravo	bot-1072	alpha	cz_805_bren	bullet	24.00	47.67	-106.87	-37.12	-69.27	-20.24	41.22
1021378	damage	bot-968	alpha	bot-1118	bravo	cz_805_bren	bullet	24.00	76.00	-69.87	-7.25	-103.41	-41.92	48.24
1021521	damage	bot-1118	bravo	bot-1053	alpha	five_seven	bullet	20.00	80.00	-103.35	-41.89	-90.09	-34.89	14.99
1021657	damage	bot-968	alpha	bot-1118	bravo	cz_805_bren	bullet	24.00	52.00	-69.87	-7.25	-103.34	-41.89	48.16
1021782	damage	bot-1111	bravo	bot-1084	alpha	cz_805_bren	bullet	24.00	76.00	-106.83	-37.07	-69.38	-4.45	49.67
1021890	damage	bot-1084	alpha	bot-1111	bravo	five_seven	bullet	20.00	52.13	-69.40	-4.44	-106.83	-37.07	49.66
1024795	damage	bot-1109	alpha	bot-1111	bravo	cz_805_bren	bullet	24.00	40.43	-85.61	-17.02	-111.55	-41.96	35.99
1024948	damage	bot-1109	alpha	bot-1111	bravo	cz_805_bren	bullet	24.00	18.82	-85.61	-17.02	-111.55	-41.98	36.00
1025108	kill	bot-1109	alpha	bot-1111	bravo	cz_805_bren	bullet	24.00	0.00	-85.61	-17.02	-111.55	-41.98	36.00
1027388	damage	bot-1116	alpha	bot-1105	bravo	cz_805_bren	bullet	24.00	55.33	120.66	37.93	123.38	40.03	3.45
1027537	damage	bot-1116	alpha	bot-1105	bravo	cz_805_bren	bullet	24.00	31.33	120.09	38.44	122.92	40.64	3.58
1028058	damage	bot-1091	bravo	bot-1116	alpha	five_seven	bullet	20.00	52.04	116.50	36.41	117.99	38.08	2.24
1029315	damage	bot-1109	alpha	bot-1118	bravo	cz_805_bren	bullet	24.00	48.36	-87.90	-23.89	-104.44	-43.52	25.67
1029467	damage	bot-1109	alpha	bot-1118	bravo	cz_805_bren	bullet	24.00	24.36	-87.90	-23.89	-104.84	-43.92	26.23
1029772	damage	bot-1109	alpha	bot-1118	bravo	cz_805_bren	bullet	24.00	0.36	-87.90	-23.89	-105.82	-45.12	27.78
1029895	kill	bot-1109	alpha	bot-1118	bravo	cz_805_bren	bullet	24.00	0.00	-87.90	-23.89	-106.27	-45.61	28.44
1029959	damage	bot-1117	alpha	bot-1094	bravo	cz_805_bren	bullet	24.00	52.00	126.21	37.68	124.70	35.84	2.38
1030824	damage	bot-1105	bravo	bot-1116	alpha	five_seven	bullet	20.00	37.11	116.61	42.89	124.21	43.04	7.60
1030991	damage	bot-1105	bravo	bot-1116	alpha	five_seven	bullet	20.00	17.11	115.97	42.30	124.43	43.22	8.51
1031524	kill	bot-1105	bravo	bot-1116	alpha	five_seven	bullet	20.00	0.00	114.26	40.45	126.11	44.85	12.64
1032382	damage	bot-1117	alpha	bot-1091	bravo	cz_805_bren	bullet	24.00	76.00	125.09	38.26	119.55	38.43	5.55
1032535	damage	bot-1117	alpha	bot-1091	bravo	cz_805_bren	bullet	24.00	52.00	125.71	38.05	119.77	38.32	5.95
1032910	damage	bot-1109	alpha	bot-1119	bravo	cz_805_bren	bullet	24.00	76.00	-91.46	-27.77	-104.24	-43.49	20.26
1033027	damage	bot-1109	alpha	bot-1119	bravo	cz_805_bren	bullet	24.00	52.00	-91.46	-27.77	-104.18	-43.40	20.15
1034329	damage	bot-1087	bravo	bot-1120	alpha	cz_805_bren	bullet	24.00	76.00	140.47	25.40	126.64	27.56	14.00
1034443	damage	bot-1095	bravo	bot-1120	alpha	cz_805_bren	bullet	24.00	52.00	98.92	26.30	126.63	27.56	27.74
1034556	damage	bot-968	alpha	bot-1121	bravo	cz_805_bren	bullet	24.00	76.00	-87.63	-24.65	-111.88	-31.75	25.27
1034588	damage	bot-1095	bravo	bot-1120	alpha	cz_805_bren	bullet	24.00	28.00	98.96	26.34	126.81	27.53	27.88
1034683	damage	bot-968	alpha	bot-1121	bravo	cz_805_bren	bullet	24.00	52.00	-87.63	-24.65	-111.65	-31.52	24.98
1034683	damage	bot-1102	bravo	bot-1120	alpha	cz_805_bren	bullet	24.00	4.00	140.73	22.43	126.98	27.51	14.66
1034715	kill	bot-1095	bravo	bot-1120	alpha	cz_805_bren	bullet	24.00	0.00	99.04	26.39	127.01	27.51	27.99
1034833	damage	bot-968	alpha	bot-1121	bravo	cz_805_bren	bullet	24.00	28.00	-87.63	-24.65	-112.02	-31.69	25.38
1035000	damage	bot-968	alpha	bot-1121	bravo	cz_805_bren	bullet	24.00	4.00	-87.63	-24.65	-112.50	-32.10	25.96
1035151	kill	bot-968	alpha	bot-1121	bravo	cz_805_bren	bullet	24.00	0.00	-87.63	-24.65	-112.90	-32.44	26.44
1035712	damage	bot-1108	bravo	bot-1117	alpha	cz_805_bren	bullet	24.00	48.18	121.22	32.40	125.82	37.15	6.61
1035825	damage	bot-1108	bravo	bot-1117	alpha	cz_805_bren	bullet	24.00	24.18	121.22	32.40	125.81	37.71	7.02
1037234	damage	bot-1059	bravo	bot-1117	alpha	cz_805_bren	bullet	24.00	0.18	134.26	41.52	124.67	41.01	9.61
1037370	kill	bot-1059	bravo	bot-1117	alpha	cz_805_bren	bullet	24.00	0.00	134.25	41.52	125.27	41.11	9.00
1045680	damage	bot-968	alpha	bot-1119	bravo	cz_805_bren	bullet	24.00	49.09	-98.61	-36.94	-112.80	-46.36	17.03
1047043	damage	bot-968	alpha	bot-1119	bravo	cz_805_bren	bullet	24.00	25.09	-98.92	-36.85	-116.52	-48.10	20.89
1048315	damage	bot-968	alpha	bot-1119	bravo	cz_805_bren	bullet	24.00	23.09	-99.09	-36.53	-116.58	-48.08	20.95
1048445	damage	bot-968	alpha	bot-1119	bravo	cz_805_bren	bullet	24.00	1.42	-99.09	-36.53	-116.60	-48.09	20.97
1048598	kill	bot-968	alpha	bot-1119	bravo	cz_805_bren	bullet	24.00	0.00	-99.09	-36.53	-116.60	-48.09	20.97
1095296	damage	bot-1105	bravo	bot-976	alpha	m24	bullet	95.00	5.00	115.38	41.64	110.73	-22.77	64.59
1099494	damage	bot-968	alpha	bot-1067	bravo	cz_805_bren	bullet	24.00	76.00	-44.88	-18.83	1.18	-5.40	47.98
1099608	damage	bot-968	alpha	bot-1067	bravo	cz_805_bren	bullet	24.00	52.00	-44.88	-18.83	1.10	-5.52	47.87
1099893	damage	bot-968	alpha	bot-1067	bravo	cz_805_bren	bullet	24.00	28.00	-44.88	-18.83	2.11	-4.67	49.08
1103251	damage	bot-968	alpha	bot-1075	bravo	cz_805_bren	bullet	24.00	76.00	-40.95	-18.80	4.22	-3.50	47.69
1104211	damage	bot-968	alpha	bot-1075	bravo	cz_805_bren	bullet	24.00	52.00	-40.59	-18.77	2.28	-4.51	45.18
1104555	damage	bot-968	alpha	bot-1075	bravo	cz_805_bren	bullet	24.00	28.00	-40.59	-18.77	3.23	-3.56	46.38
1105135	damage	bot-972	alpha	bot-1125	bravo	five_seven	bullet	20.00	80.00	111.99	0.31	114.63	29.69	29.50
1105276	damage	bot-972	alpha	bot-1125	bravo	five_seven	bullet	20.00	60.00	111.98	0.33	114.79	30.20	30.00
1105420	damage	bot-972	alpha	bot-1125	bravo	five_seven	bullet	20.00	40.00	111.95	0.38	114.77	30.99	30.74
1105476	damage	bot-968	alpha	bot-1075	bravo	cz_805_bren	bullet	24.00	4.00	-40.17	-18.77	5.22	0.14	49.18
1106282	damage	bot-972	alpha	bot-1108	bravo	five_seven	bullet	20.00	52.05	111.90	0.35	113.70	32.62	32.31
1107447	kill	bot-1069	bravo	bot-968	alpha	m24	bullet	95.00	0.00	4.75	-4.25	-39.31	-18.77	46.39
1108045	damage	bot-972	alpha	bot-1108	bravo	five_seven	bullet	20.00	39.49	112.44	1.71	113.33	38.22	36.52
1109014	damage	bot-972	alpha	bot-1110	bravo	five_seven	bullet	20.00	80.00	112.55	1.78	113.09	37.70	35.93
1109175	damage	bot-972	alpha	bot-1110	bravo	five_seven	bullet	20.00	60.00	112.55	1.78	113.09	37.76	35.98
1109348	damage	bot-972	alpha	bot-1110	bravo	five_seven	bullet	20.00	40.00	112.55	1.79	112.80	38.39	36.60
1109510	damage	bot-972	alpha	bot-1110	bravo	five_seven	bullet	20.00	20.00	112.55	1.80	112.82	38.86	37.06
1109697	kill	bot-972	alpha	bot-1110	bravo	five_seven	bullet	20.00	0.00	112.55	1.80	113.04	39.44	37.65
1110193	damage	bot-972	alpha	bot-1094	bravo	five_seven	bullet	20.00	51.31	112.54	1.79	113.45	31.64	29.87
1110338	damage	bot-972	alpha	bot-1094	bravo	five_seven	bullet	20.00	31.31	112.54	1.79	114.04	31.90	30.14
1110544	damage	bot-972	alpha	bot-1094	bravo	five_seven	bullet	20.00	11.31	112.54	1.79	114.17	32.70	30.95
1111001	damage	bot-1108	bravo	bot-969	alpha	cz_805_bren	bullet	24.00	75.72	114.08	38.63	112.96	1.54	37.11
1111080	kill	bot-1105	bravo	bot-969	alpha	m24	bullet	95.00	0.00	111.57	30.27	113.10	1.38	28.93
1111111	damage	bot-1098	bravo	bot-972	alpha	cz_805_bren	bullet	24.00	76.00	109.25	25.64	112.64	0.24	25.63
1111236	damage	bot-1098	bravo	bot-972	alpha	cz_805_bren	bullet	24.00	52.00	109.25	25.64	112.87	0.01	25.88
1111386	damage	bot-1098	bravo	bot-972	alpha	cz_805_bren	bullet	24.00	28.00	109.25	25.64	113.14	-0.29	26.22
1111427	kill	bot-1123	bravo	bot-972	alpha	m24	bullet	95.00	0.00	111.39	27.98	113.22	-0.38	28.42
1114386	damage	bot-1102	bravo	bot-974	alpha	cz_805_bren	bullet	24.00	44.56	112.87	27.33	132.85	11.15	25.71
1118942	kill	bot-974	alpha	bot-1095	bravo	m24	bullet	95.00	0.00	138.56	12.17	104.68	17.70	34.33
1119885	damage	bot-1130	bravo	bot-1084	alpha	cz_805_bren	bullet	24.00	52.00	-109.67	-22.74	-134.98	-0.12	33.95
1120161	damage	bot-1130	bravo	bot-1084	alpha	cz_805_bren	bullet	24.00	28.00	-109.67	-22.74	-136.14	-0.80	34.38
1120306	damage	bot-1130	bravo	bot-1084	alpha	cz_805_bren	bullet	24.00	4.00	-109.67	-22.74	-136.80	-1.21	34.63
1120427	kill	bot-1130	bravo	bot-1084	alpha	cz_805_bren	bullet	24.00	0.00	-109.65	-22.74	-137.33	-1.51	34.88
1120888	damage	bot-1087	bravo	bot-974	alpha	cz_805_bren	bullet	24.00	48.01	113.09	12.66	139.87	16.59	27.06
1121023	damage	bot-1087	bravo	bot-974	alpha	cz_805_bren	bullet	24.00	24.01	113.07	12.66	140.27	17.00	27.55
1121150	damage	bot-1087	bravo	bot-974	alpha	cz_805_bren	bullet	24.00	0.01	113.07	12.66	140.69	17.40	28.03
1121263	kill	bot-1087	bravo	bot-974	alpha	cz_805_bren	bullet	24.00	0.00	113.04	12.68	141.08	17.81	28.51
1121293	damage	bot-1130	bravo	bot-1086	alpha	cz_805_bren	bullet	24.00	76.00	-109.61	-22.61	-137.98	2.90	38.16
1121375	damage	bot-1086	alpha	bot-1130	bravo	cz_805_bren	bullet	24.00	76.00	-138.00	2.89	-109.61	-22.61	38.16
1121432	damage	bot-1130	bravo	bot-1086	alpha	cz_805_bren	bullet	24.00	52.00	-109.60	-22.59	-138.01	2.88	38.15
1121588	damage	bot-1130	bravo	bot-1086	alpha	cz_805_bren	bullet	24.00	28.00	-109.60	-22.58	-138.24	2.78	38.26
1121643	damage	bot-1086	alpha	bot-1130	bravo	cz_805_bren	bullet	24.00	52.00	-138.30	2.75	-109.60	-22.58	38.28
1122090	damage	bot-1086	alpha	bot-1130	bravo	cz_805_bren	bullet	24.00	28.00	-140.08	1.87	-110.00	-23.93	39.62
1122989	damage	bot-1123	bravo	bot-980	alpha	five_seven	bullet	20.00	40.13	112.24	10.76	112.17	-1.05	11.82
1123143	damage	bot-1123	bravo	bot-980	alpha	five_seven	bullet	20.00	20.13	112.43	10.80	111.61	-1.66	12.48
1123164	damage	bot-980	alpha	bot-1123	bravo	five_seven	bullet	20.00	48.29	111.61	-1.66	112.46	10.80	12.49
1124893	damage	bot-976	alpha	bot-1092	bravo	cz_805_bren	bullet	24.00	29.02	110.75	1.08	115.88	39.59	38.84
1125036	damage	bot-976	alpha	bot-1092	bravo	cz_805_bren	bullet	24.00	5.02	110.75	1.08	115.77	39.55	38.79
1125211	kill	bot-976	alpha	bot-1092	bravo	cz_805_bren	bullet	24.00	0.00	110.75	1.08	115.69	39.52	38.76
1126552	damage	bot-1087	bravo	bot-980	alpha	cz_805_bren	bullet	24.00	26.05	111.75	9.75	108.38	-5.12	15.25
1126708	damage	bot-1087	bravo	bot-980	alpha	cz_805_bren	bullet	24.00	4.93	111.75	9.75	108.38	-5.13	15.26
1126747	damage	bot-976	alpha	bot-1102	bravo	cz_805_bren	bullet	24.00	65.71	110.75	-1.25	118.79	25.47	27.91
1126747	damage	bot-1086	alpha	bot-1128	bravo	cz_805_bren	bullet	24.00	69.17	-142.53	0.05	-109.25	-19.57	38.63
1126860	kill	bot-1087	bravo	bot-980	alpha	cz_805_bren	bullet	24.00	0.00	111.75	9.75	108.37	-5.13	15.26
1126897	damage	bot-1086	alpha	bot-1128	bravo	cz_805_bren	bullet	24.00	45.17	-142.52	0.05	-109.24	-19.57	38.63
1127053	damage	bot-1086	alpha	bot-1128	bravo	cz_805_bren	bullet	24.00	21.17	-142.51	0.05	-109.07	-19.73	38.86
1127208	kill	bot-1086	alpha	bot-1128	bravo	cz_805_bren	bullet	24.00	0.00	-142.51	0.05	-108.97	-19.81	38.98
1127521	damage	bot-976	alpha	bot-1102	bravo	cz_805_bren	bullet	24.00	41.71	110.75	-1.00	120.15	24.49	27.17
1127634	damage	bot-976	alpha	bot-1102	bravo	cz_805_bren	bullet	24.00	17.71	110.75	-1.00	119.74	24.75	27.28
1128349	damage	bot-1130	bravo	bot-1090	alpha	cz_805_bren	bullet	24.00	48.42	-110.91	-26.76	-141.39	12.43	49.65
1128404	damage	bot-1090	alpha	bot-1130	bravo	cz_805_bren	bullet	24.00	48.77	-141.39	12.43	-110.91	-26.76	49.65
1129326	damage	bot-976	alpha	bot-1106	bravo	cz_805_bren	bullet	24.00	33.91	111.80	-0.58	114.92	24.31	25.09
1129464	damage	bot-976	alpha	bot-1106	bravo	cz_805_bren	bullet	24.00	12.13	111.80	-0.58	114.93	24.31	25.09
1129594	kill	bot-976	alpha	bot-1106	bravo	cz_805_bren	bullet	24.00	0.00	111.80	-0.58	114.93	24.31	25.09
1130168	damage	bot-1098	bravo	bot-976	alpha	cz_805_bren	bullet	24.00	72.29	105.75	8.75	111.45	-0.47	10.84
1130301	damage	bot-1098	bravo	bot-976	alpha	cz_805_bren	bullet	24.00	48.29	105.75	8.75	111.45	-0.47	10.84
1130420	damage	bot-1098	bravo	bot-976	alpha	cz_805_bren	bullet	24.00	24.29	105.75	8.75	111.44	-0.61	10.96
1130539	damage	bot-1098	bravo	bot-976	alpha	cz_805_bren	bullet	24.00	0.29	105.75	8.75	111.43	-0.80	11.12
1130683	kill	bot-1098	bravo	bot-976	alpha	cz_805_bren	bullet	24.00	0.00	105.75	8.75	111.41	-1.43	11.65
1131972	damage	bot-1098	bravo	bot-978	alpha	cz_805_bren	bullet	24.00	48.96	106.59	7.40	109.71	-11.25	18.91
1135010	damage	bot-1087	bravo	bot-978	alpha	cz_805_bren	bullet	24.00	48.44	119.08	9.16	105.31	-12.07	25.30
1135185	damage	bot-1087	bravo	bot-978	alpha	cz_805_bren	bullet	24.00	27.70	119.08	9.16	105.27	-12.02	25.29
1135374	damage	bot-1087	bravo	bot-978	alpha	cz_805_bren	bullet	24.00	6.84	119.08	9.16	105.23	-12.01	25.30
1135523	kill	bot-1087	bravo	bot-978	alpha	cz_805_bren	bullet	24.00	0.00	119.08	9.16	105.20	-12.00	25.31
1137825	damage	bot-1062	alpha	bot-1130	bravo	cz_805_bren	bullet	24.00	48.49	-136.08	10.48	-108.82	-27.82	47.01
1138482	damage	bot-1062	alpha	bot-1130	bravo	cz_805_bren	bullet	24.00	24.49	-136.13	10.47	-108.06	-29.20	48.60
1138635	damage	bot-1062	alpha	bot-1130	bravo	cz_805_bren	bullet	24.00	0.49	-136.14	10.47	-107.86	-29.58	49.03
1138777	kill	bot-1062	alpha	bot-1130	bravo	cz_805_bren	bullet	24.00	0.00	-136.15	10.47	-107.67	-29.94	49.44
1140333	damage	bot-1068	alpha	bot-1137	bravo	five_seven	bullet	20.00	80.00	-147.62	19.69	-145.61	14.96	5.14
1140471	damage	bot-1109	alpha	bot-1137	bravo	cz_805_bren	bullet	24.00	56.00	-145.24	29.70	-145.62	14.96	14.75
1140847	damage	bot-1070	alpha	bot-1137	bravo	cz_805_bren	bullet	24.00	32.00	-145.38	26.03	-145.67	14.50	11.54
1140883	damage	bot-1109	alpha	bot-1137	bravo	cz_805_bren	bullet	24.00	8.00	-145.24	29.70	-145.69	14.27	15.44
1141064	kill	bot-1070	alpha	bot-1137	bravo	cz_805_bren	bullet	24.00	0.00	-145.38	26.14	-145.73	13.60	12.54
1166358	kill	bot-1069	bravo	bot-1053	alpha	m24	bullet	95.00	0.00	-74.80	-35.52	-124.84	2.58	62.90
1174750	kill	bot-1139	alpha	bot-1067	bravo	m24	bullet	95.00	0.00	-146.11	-0.32	-93.43	-15.63	54.86
1178078	kill	bot-1069	bravo	bot-1090	alpha	m24	bullet	95.00	0.00	-93.96	-32.67	-134.34	-14.95	44.10
1179683	damage	bot-1139	alpha	bot-1135	bravo	m24	bullet	95.00	5.00	-139.65	-2.92	-93.21	-16.10	48.28
1179996	damage	bot-1143	bravo	bot-1070	alpha	five_seven	bullet	20.00	75.40	-145.85	-41.08	-142.02	-36.17	6.22
1180029	damage	bot-1070	alpha	bot-1143	bravo	cz_805_bren	bullet	24.00	76.00	-142.02	-36.17	-145.93	-41.16	6.34
1180163	damage	bot-1136	alpha	bot-1133	bravo	five_seven	bullet	20.00	80.00	-136.52	-1.17	-99.93	-15.33	39.23
1180193	damage	bot-1143	bravo	bot-1070	alpha	five_seven	bullet	20.00	55.40	-146.37	-41.62	-141.62	-35.74	7.57
1180219	damage	bot-1070	alpha	bot-1143	bravo	cz_805_bren	bullet	24.00	52.00	-141.62	-35.74	-146.35	-41.76	7.66
1180274	damage	bot-1086	alpha	bot-1143	bravo	cz_805_bren	bullet	24.00	28.00	-142.44	-33.33	-146.37	-42.02	9.53
1180338	damage	bot-1126	alpha	bot-1143	bravo	cz_805_bren	bullet	24.00	4.00	-146.71	-30.45	-146.43	-42.25	11.80
1180539	kill	bot-1086	alpha	bot-1143	bravo	cz_805_bren	bullet	24.00	0.00	-142.44	-33.37	-146.52	-42.71	10.19
1181202	damage	bot-1127	alpha	bot-1133	bravo	cz_805_bren	bullet	24.00	56.00	-134.65	-4.02	-99.69	-15.05	36.66
1181255	damage	bot-1136	alpha	bot-1133	bravo	five_seven	bullet	20.00	36.00	-136.68	-1.45	-99.55	-15.19	39.59
1182939	damage	bot-1069	bravo	bot-1132	alpha	m24	bullet	95.00	5.00	-94.04	-32.76	-132.52	-4.18	47.93
1185186	damage	bot-1126	alpha	bot-1144	bravo	cz_805_bren	bullet	24.00	76.00	-146.75	-20.64	-138.12	-38.60	19.92
1185186	damage	bot-1144	bravo	bot-1070	alpha	m1911	bullet	33.00	40.17	-138.12	-38.60	-144.63	-38.54	6.52
1185308	damage	bot-1126	alpha	bot-1144	bravo	cz_805_bren	bullet	24.00	52.00	-146.73	-20.64	-138.00	-38.69	20.05
1185645	damage	bot-1126	alpha	bot-1144	bravo	cz_805_bren	bullet	24.00	28.00	-146.73	-20.64	-138.85	-39.39	20.34
1185645	damage	bot-1144	bravo	bot-1070	alpha	m1911	bullet	33.00	7.17	-138.85	-39.39	-145.29	-39.25	6.44
1185809	damage	bot-1126	alpha	bot-1144	bravo	cz_805_bren	bullet	24.00	4.00	-146.73	-20.64	-139.08	-39.49	20.34
1185929	kill	bot-1126	alpha	bot-1144	bravo	cz_805_bren	bullet	24.00	0.00	-146.73	-20.64	-139.26	-39.66	20.43
1190197	damage	bot-1126	alpha	bot-1145	bravo	cz_805_bren	bullet	24.00	76.00	-144.01	-26.62	-143.94	-43.30	16.68
1190375	damage	bot-1086	alpha	bot-1145	bravo	cz_805_bren	bullet	24.00	52.00	-144.62	-29.82	-143.87	-43.21	13.41
1190490	damage	bot-1086	alpha	bot-1145	bravo	cz_805_bren	bullet	24.00	28.00	-144.88	-29.48	-143.87	-43.21	13.78
1191491	damage	bot-1086	alpha	bot-1145	bravo	cz_805_bren	bullet	24.00	4.00	-146.64	-27.02	-146.55	-46.35	19.33
1191675	kill	bot-1086	alpha	bot-1145	bravo	cz_805_bren	bullet	24.00	0.00	-146.64	-27.04	-147.14	-47.12	20.08
1195390	damage	bot-1070	alpha	bot-1146	bravo	cz_805_bren	bullet	24.00	76.00	-147.18	-39.13	-142.35	-34.18	6.92
1195866	damage	bot-1146	bravo	bot-1070	alpha	cz_805_bren	bullet	24.00	48.46	-141.10	-33.31	-147.06	-37.74	7.43
1196000	damage	bot-1146	bravo	bot-1070	alpha	cz_805_bren	bullet	24.00	24.46	-140.91	-33.19	-147.06	-38.01	7.82
1196509	damage	bot-1070	alpha	bot-1146	bravo	cz_805_bren	bullet	24.00	52.00	-147.08	-40.27	-140.11	-32.51	10.43
1197373	damage	bot-1070	alpha	bot-1146	bravo	cz_805_bren	bullet	24.00	28.00	-147.18	-42.73	-142.93	-29.32	14.06
1197373	damage	bot-1146	bravo	bot-1070	alpha	cz_805_bren	bullet	24.00	0.46	-142.93	-29.32	-147.17	-42.73	14.06
1197495	kill	bot-1146	bravo	bot-1070	alpha	cz_805_bren	bullet	24.00	0.00	-143.25	-28.85	-147.13	-42.73	14.41
1200002	damage	bot-1149	bravo	bot-1086	alpha	five_seven	bullet	20.00	53.54	-145.89	-41.38	-147.09	-32.03	9.43
1200180	damage	bot-1149	bravo	bot-1086	alpha	five_seven	bullet	20.00	33.54	-145.94	-41.40	-146.87	-31.16	10.28
1200351	damage	bot-1149	bravo	bot-1086	alpha	five_seven	bullet	20.00	13.54	-145.97	-41.39	-146.70	-30.52	10.89
1200504	kill	bot-1149	bravo	bot-1086	alpha	five_seven	bullet	20.00	0.00	-146.02	-41.40	-146.51	-29.77	11.65
1204563	damage	bot-1072	alpha	bot-1091	bravo	cz_805_bren	bullet	24.00	48.84	-121.59	-2.01	-130.41	39.63	42.57
1204716	damage	bot-1072	alpha	bot-1091	bravo	cz_805_bren	bullet	24.00	24.84	-121.59	-2.01	-130.72	39.80	42.79
1204881	damage	bot-1072	alpha	bot-1091	bravo	cz_805_bren	bullet	24.00	0.84	-121.60	-2.00	-130.95	39.95	42.98
1205023	kill	bot-1072	alpha	bot-1091	bravo	cz_805_bren	bullet	24.00	0.00	-121.60	-2.00	-131.32	40.26	43.37
1206871	damage	bot-1068	alpha	bot-1081	bravo	five_seven	bullet	20.00	52.66	-121.12	2.36	-128.15	43.43	41.67
1207588	damage	bot-1136	alpha	bot-1081	bravo	five_seven	bullet	20.00	32.66	-121.09	5.16	-129.71	46.29	42.02
1207635	damage	bot-1072	alpha	bot-1059	bravo	cz_805_bren	bullet	24.00	48.19	-121.63	0.08	-133.25	45.25	46.64
1207761	damage	bot-1072	alpha	bot-1059	bravo	cz_805_bren	bullet	24.00	24.19	-121.64	0.09	-133.41	45.38	46.80
1207761	damage	bot-1136	alpha	bot-1081	bravo	five_seven	bullet	20.00	12.66	-121.08	5.17	-130.13	47.04	42.84
1208108	damage	bot-1082	alpha	bot-1059	bravo	cz_805_bren	bullet	24.00	0.19	-118.46	7.24	-134.33	46.19	42.06
1208241	kill	bot-1082	alpha	bot-1059	bravo	cz_805_bren	bullet	24.00	0.00	-118.46	7.28	-134.83	46.63	42.62
1209225	kill	bot-1072	alpha	bot-1081	bravo	cz_805_bren	bullet	24.00	0.00	-121.75	0.51	-133.07	48.12	48.93
1210024	damage	bot-1072	alpha	bot-1061	bravo	cz_805_bren	bullet	24.00	48.33	-121.80	0.60	-129.32	33.69	33.94
1210203	damage	bot-1072	alpha	bot-1061	bravo	cz_805_bren	bullet	24.00	24.33	-121.80	0.60	-129.08	34.32	34.49
1213144	damage	bot-1094	bravo	bot-1141	alpha	cz_805_bren	bullet	24.00	76.00	16.60	32.69	47.87	-5.44	49.31
1213276	damage	bot-1094	bravo	bot-1141	alpha	cz_805_bren	bullet	24.00	52.00	16.60	32.66	47.88	-5.45	49.31
1213392	damage	bot-1094	bravo	bot-1141	alpha	cz_805_bren	bullet	24.00	28.00	16.59	32.64	48.03	-5.47	49.41
1213652	damage	bot-1135	bravo	bot-1062	alpha	five_seven	bullet	20.00	80.00	-99.75	-15.75	-114.87	-7.82	17.07
1213848	damage	bot-1135	bravo	bot-1062	alpha	five_seven	bullet	20.00	60.00	-99.73	-15.76	-115.02	-7.64	17.31
1214634	damage	bot-1135	bravo	bot-1124	alpha	five_seven	bullet	20.00	80.00	-99.53	-15.83	-118.46	-5.08	21.77
1214790	damage	bot-1135	bravo	bot-1124	alpha	five_seven	bullet	20.00	60.00	-99.46	-15.85	-118.65	-4.80	22.14
1217074	damage	bot-1135	bravo	bot-1131	alpha	five_seven	bullet	20.00	80.00	-99.64	-15.75	-122.98	-0.91	27.65
1219077	damage	bot-1093	alpha	bot-1061	bravo	five_seven	bullet	20.00	20.55	-127.18	21.85	-112.30	48.07	30.15
1219463	damage	bot-1136	alpha	bot-1061	bravo	five_seven	bullet	20.00	4.21	-129.86	22.62	-112.30	48.07	30.93
1219615	kill	bot-1136	alpha	bot-1061	bravo	five_seven	bullet	20.00	0.00	-129.93	22.58	-112.30	48.07	31.00
1219977	damage	bot-1134	alpha	bot-1138	bravo	cz_805_bren	bullet	24.00	76.00	-110.58	-18.09	-87.24	-10.94	24.41
1220137	damage	bot-1134	alpha	bot-1138	bravo	cz_805_bren	bullet	24.00	52.00	-110.58	-18.09	-87.85	-10.68	23.90
1220266	damage	bot-1134	alpha	bot-1138	bravo	cz_805_bren	bullet	24.00	28.00	-110.58	-18.09	-88.37	-10.55	23.45
1220400	damage	bot-1134	alpha	bot-1138	bravo	cz_805_bren	bullet	24.00	4.00	-110.58	-18.09	-88.90	-10.42	22.99
1220537	kill	bot-1134	alpha	bot-1138	bravo	cz_805_bren	bullet	24.00	0.00	-110.58	-18.09	-89.45	-10.28	22.53
1220842	damage	bot-1108	bravo	bot-1147	alpha	cz_805_bren	bullet	24.00	76.00	11.08	34.56	46.99	-0.20	49.98
1220911	damage	bot-1147	alpha	bot-1108	bravo	five_seven	bullet	20.00	45.25	46.99	-0.20	11.07	34.56	49.98
1221019	damage	bot-1108	bravo	bot-1147	alpha	cz_805_bren	bullet	24.00	52.00	11.05	34.51	46.99	-0.20	49.96
1221797	damage	bot-1134	alpha	bot-1133	bravo	cz_805_bren	bullet	24.00	71.37	-109.59	-16.90	-74.94	-25.49	35.70
1221939	damage	bot-1134	alpha	bot-1133	bravo	cz_805_bren	bullet	24.00	47.37	-109.59	-16.90	-74.74	-25.42	35.87
1223075	damage	bot-1149	bravo	bot-1139	alpha	five_seven	bullet	20.00	78.17	-141.37	-27.93	-114.29	-11.84	31.50
1223448	damage	bot-1062	alpha	bot-1146	bravo	cz_805_bren	bullet	24.00	48.96	-112.50	-15.19	-140.03	-23.15	28.66
1223559	damage	bot-1062	alpha	bot-1146	bravo	cz_805_bren	bullet	24.00	24.96	-112.51	-15.20	-140.14	-23.26	28.78
1223559	damage	bot-1134	alpha	bot-1133	bravo	cz_805_bren	bullet	24.00	9.75	-109.53	-16.58	-74.45	-25.32	36.15
1223693	damage	bot-1062	alpha	bot-1146	bravo	cz_805_bren	bullet	24.00	0.96	-112.54	-15.22	-140.30	-23.41	28.94
1223820	kill	bot-1062	alpha	bot-1146	bravo	cz_805_bren	bullet	24.00	0.00	-112.57	-15.24	-140.71	-23.82	29.42
1223820	kill	bot-1134	alpha	bot-1133	bravo	cz_805_bren	bullet	24.00	0.00	-109.53	-16.58	-74.64	-25.39	35.98
1224012	damage	bot-1149	bravo	bot-1139	alpha	five_seven	bullet	20.00	58.17	-141.11	-26.79	-113.47	-11.89	31.40
1224173	damage	bot-1139	alpha	bot-1149	bravo	m24	bullet	95.00	5.00	-113.57	-11.76	-141.14	-26.83	31.42
1224173	damage	bot-1149	bravo	bot-1139	alpha	five_seven	bullet	20.00	38.17	-141.14	-26.83	-113.58	-11.73	31.42
1224201	kill	bot-1062	alpha	bot-1149	bravo	cz_805_bren	bullet	24.00	0.00	-112.62	-15.34	-141.17	-26.85	30.78
1224894	damage	bot-1135	bravo	bot-1131	alpha	five_seven	bullet	20.00	60.00	-99.72	-16.16	-115.82	-5.92	19.08
1225711	damage	bot-1147	alpha	bot-1154	bravo	five_seven	bullet	20.00	80.00	50.60	-4.42	17.85	33.25	49.92
1225866	damage	bot-1147	alpha	bot-1154	bravo	five_seven	bullet	20.00	60.00	50.60	-4.42	17.85	33.24	49.91
1226036	damage	bot-1147	alpha	bot-1154	bravo	five_seven	bullet	20.00	40.00	50.60	-4.42	17.62	33.11	49.96
1227282	damage	bot-1108	bravo	bot-1148	alpha	cz_805_bren	bullet	24.00	76.00	12.79	31.52	48.15	10.14	41.33
1227422	damage	bot-1108	bravo	bot-1148	alpha	cz_805_bren	bullet	24.00	52.00	12.77	31.48	47.67	10.43	40.75
1227575	damage	bot-1108	bravo	bot-1148	alpha	cz_805_bren	bullet	24.00	28.00	12.77	31.48	48.14	9.88	41.45
1227725	damage	bot-1108	bravo	bot-1148	alpha	cz_805_bren	bullet	24.00	4.00	12.77	31.47	48.72	9.24	42.26
1228198	damage	bot-1075	bravo	bot-1134	alpha	five_seven	bullet	20.00	79.88	-100.20	-17.25	-110.48	-18.53	10.35
1228357	kill	bot-1098	bravo	bot-1148	alpha	cz_805_bren	bullet	24.00	0.00	26.84	32.55	50.76	6.88	35.09
1228388	damage	bot-1075	bravo	bot-1134	alpha	five_seven	bullet	20.00	59.88	-100.20	-17.25	-110.82	-18.06	10.65
1228553	damage	bot-1075	bravo	bot-1134	alpha	five_seven	bullet	20.00	39.88	-100.20	-17.25	-110.97	-17.91	10.79
1228940	damage	bot-1098	bravo	bot-1141	alpha	cz_805_bren	bullet	24.00	71.80	26.84	32.55	41.51	0.91	34.88
1228982	damage	bot-1134	alpha	bot-1077	bravo	cz_805_bren	bullet	24.00	75.85	-112.87	-16.87	-100.11	-22.98	14.14
1229069	damage	bot-1098	bravo	bot-1141	alpha	cz_805_bren	bullet	24.00	47.80	26.84	32.55	41.22	1.05	34.63
1229109	damage	bot-1134	alpha	bot-1077	bravo	cz_805_bren	bullet	24.00	51.85	-113.05	-16.19	-99.96	-22.66	14.61
1229192	damage	bot-1098	bravo	bot-1141	alpha	cz_805_bren	bullet	24.00	23.80	26.84	32.55	41.47	0.76	35.00
1229211	damage	bot-1077	bravo	bot-1062	alpha	cz_805_bren	bullet	24.00	19.32	-99.67	-22.94	-105.61	-14.48	10.34
1229320	kill	bot-1098	bravo	bot-1141	alpha	cz_805_bren	bullet	24.00	0.00	26.84	32.55	41.93	0.27	35.64
1229369	damage	bot-1134	alpha	bot-1077	bravo	cz_805_bren	bullet	24.00	27.85	-113.66	-15.22	-98.99	-23.61	16.90
1229575	damage	bot-1062	alpha	bot-1135	bravo	cz_805_bren	bullet	24.00	2.99	-104.99	-15.02	-95.86	-19.75	10.28
1229609	kill	bot-1077	bravo	bot-1062	alpha	cz_805_bren	bullet	24.00	0.00	-98.26	-24.32	-104.89	-15.16	11.30
1229927	damage	bot-1134	alpha	bot-1077	bravo	cz_805_bren	bullet	24.00	3.85	-115.35	-13.74	-97.01	-25.66	21.87
1230051	damage	bot-1147	alpha	bot-1152	bravo	five_seven	bullet	20.00	80.00	48.44	1.61	6.59	16.25	44.33
1230219	damage	bot-1147	alpha	bot-1152	bravo	five_seven	bullet	20.00	60.00	48.44	1.60	6.59	16.25	44.34
1230287	damage	bot-1108	bravo	bot-1147	alpha	cz_805_bren	bullet	24.00	48.54	14.08	31.27	48.44	1.60	45.39
1230855	kill	bot-1134	alpha	bot-1077	bravo	m1911	bullet	33.00	0.00	-115.35	-13.74	-94.10	-28.82	26.05
1232967	damage	bot-1098	bravo	bot-1147	alpha	cz_805_bren	bullet	24.00	43.68	31.06	30.57	47.37	-2.51	36.88
1233129	damage	bot-1098	bravo	bot-1147	alpha	cz_805_bren	bullet	24.00	22.65	31.06	30.57	47.38	-2.50	36.88
1233397	damage	bot-1098	bravo	bot-1147	alpha	cz_805_bren	bullet	24.00	3.50	31.06	30.57	47.39	-2.50	36.88
1233516	kill	bot-1098	bravo	bot-1147	alpha	cz_805_bren	bullet	24.00	0.00	31.06	30.57	47.39	-2.50	36.88
1233700	damage	bot-1135	bravo	bot-1122	alpha	five_seven	bullet	20.00	51.34	-95.78	-20.20	-104.45	-14.46	10.40
1234398	damage	bot-1105	bravo	bot-1142	alpha	m24	bullet	95.00	5.00	29.87	22.61	59.68	2.03	36.22
1234760	kill	bot-1098	bravo	bot-1142	alpha	cz_805_bren	bullet	24.00	0.00	31.15	29.57	60.45	1.55	40.54
1235214	damage	bot-1134	alpha	bot-1075	bravo	m1911	bullet	33.00	39.01	-109.98	-14.18	-103.47	-15.05	6.56
1235383	damage	bot-1075	bravo	bot-1134	alpha	five_seven	bullet	20.00	75.29	-102.95	-15.58	-110.54	-14.41	7.69
1235500	damage	bot-1157	bravo	bot-1132	alpha	cz_805_bren	bullet	24.00	72.53	-143.12	-2.41	-110.62	-9.22	33.20
1235614	damage	bot-1157	bravo	bot-1132	alpha	cz_805_bren	bullet	24.00	48.53	-143.12	-2.41	-110.46	-9.45	33.41
1235815	damage	bot-1075	bravo	bot-1131	alpha	five_seven	bullet	20.00	75.50	-101.38	-17.13	-106.46	-13.82	6.07
1235889	damage	bot-1157	bravo	bot-1132	alpha	cz_805_bren	bullet	24.00	24.53	-143.13	-2.40	-109.71	-10.64	34.42
1236150	damage	bot-1075	bravo	bot-1131	alpha	five_seven	bullet	20.00	55.50	-100.11	-18.40	-106.11	-13.88	7.51
1236282	damage	bot-1134	alpha	bot-1075	bravo	m1911	bullet	33.00	6.01	-113.81	-16.61	-99.49	-19.01	14.52
1236418	damage	bot-1075	bravo	bot-1131	alpha	five_seven	bullet	20.00	35.50	-99.02	-19.48	-107.19	-12.85	10.52
1236567	damage	bot-1075	bravo	bot-1131	alpha	five_seven	bullet	20.00	15.50	-98.33	-19.95	-107.42	-12.30	11.88
1236623	kill	bot-1134	alpha	bot-1075	bravo	m1911	bullet	33.00	0.00	-113.81	-16.61	-98.33	-19.95	15.84
1236797	damage	bot-1157	bravo	bot-1122	alpha	cz_805_bren	bullet	24.00	48.45	-143.15	-2.39	-107.65	-11.52	36.66
1237518	kill	bot-1157	bravo	bot-1131	alpha	cz_805_bren	bullet	24.00	0.00	-143.16	-2.39	-110.63	-9.67	33.33
1239258	damage	bot-1157	bravo	bot-1132	alpha	cz_805_bren	bullet	24.00	48.22	-142.44	-1.81	-107.93	-13.15	36.32
1239377	damage	bot-1157	bravo	bot-1132	alpha	cz_805_bren	bullet	24.00	24.22	-142.44	-1.81	-107.81	-13.27	36.48
1239632	damage	bot-1157	bravo	bot-1132	alpha	cz_805_bren	bullet	24.00	0.22	-142.44	-1.81	-107.44	-13.61	36.93
1239744	kill	bot-1157	bravo	bot-1132	alpha	cz_805_bren	bullet	24.00	0.00	-142.44	-1.81	-107.33	-13.85	37.12
1240401	damage	bot-1157	bravo	bot-1129	alpha	cz_805_bren	bullet	24.00	76.00	-142.44	-1.81	-106.25	-14.28	38.27
1240430	damage	bot-1160	alpha	bot-1157	bravo	cz_805_bren	bullet	24.00	76.00	-146.38	-18.15	-142.44	-1.81	16.81
1240535	damage	bot-1157	bravo	bot-1129	alpha	cz_805_bren	bullet	24.00	52.00	-142.44	-1.81	-106.26	-14.24	38.25
1240557	damage	bot-1160	alpha	bot-1157	bravo	cz_805_bren	bullet	24.00	52.00	-146.38	-18.15	-142.44	-1.81	16.81
1240676	damage	bot-1160	alpha	bot-1157	bravo	cz_805_bren	bullet	24.00	28.00	-146.38	-18.15	-142.31	-1.68	16.97
1240804	damage	bot-1160	alpha	bot-1157	bravo	cz_805_bren	bullet	24.00	4.00	-146.38	-18.15	-142.10	-1.47	17.22
1240880	kill	bot-1068	alpha	bot-1157	bravo	five_seven	bullet	20.00	0.00	-121.93	32.07	-141.91	-1.28	38.87
1245006	damage	bot-1082	alpha	bot-1161	bravo	cz_805_bren	bullet	24.00	76.00	-127.50	23.42	-113.75	-3.73	30.44
1245113	damage	bot-1093	alpha	bot-1161	bravo	five_seven	bullet	20.00	56.00	-126.22	24.35	-113.75	-3.72	30.72
1245139	damage	bot-1082	alpha	bot-1161	bravo	cz_805_bren	bullet	24.00	32.00	-127.57	23.41	-113.75	-3.72	30.44
1245257	damage	bot-1082	alpha	bot-1161	bravo	cz_805_bren	bullet	24.00	8.00	-127.61	23.40	-113.50	-3.97	30.79
1245257	kill	bot-1136	alpha	bot-1161	bravo	five_seven	bullet	20.00	0.00	-126.27	22.47	-113.50	-3.97	29.36
1246556	damage	bot-1124	alpha	bot-1135	bravo	cz_805_bren	bullet	24.00	48.03	-103.80	-19.88	-98.40	-20.05	5.40
1246668	damage	bot-1124	alpha	bot-1135	bravo	cz_805_bren	bullet	24.00	24.03	-103.80	-19.88	-98.19	-19.87	5.61
1248485	damage	bot-1158	alpha	bot-1135	bravo	five_seven	bullet	20.00	4.03	-88.81	-7.10	-93.77	-15.76	9.98
1248605	damage	bot-1135	bravo	bot-1158	alpha	five_seven	bullet	20.00	80.00	-93.53	-15.53	-88.81	-7.10	9.67
1248635	kill	bot-1158	alpha	bot-1135	bravo	five_seven	bullet	20.00	0.00	-88.81	-7.10	-93.46	-15.46	9.57
1250077	damage	bot-1162	alpha	bot-1163	bravo	cz_805_bren	bullet	24.00	76.00	-134.99	-3.90	-111.32	-3.71	23.67
1250199	damage	bot-1162	alpha	bot-1163	bravo	cz_805_bren	bullet	24.00	52.00	-134.99	-3.90	-111.27	-3.77	23.72
1250318	damage	bot-1162	alpha	bot-1163	bravo	cz_805_bren	bullet	24.00	28.00	-134.99	-3.92	-110.98	-4.08	24.01
1250482	damage	bot-1162	alpha	bot-1163	bravo	cz_805_bren	bullet	24.00	4.00	-134.99	-3.92	-110.64	-4.41	24.36
1250682	kill	bot-1162	alpha	bot-1163	bravo	cz_805_bren	bullet	24.00	0.00	-134.99	-3.92	-110.12	-4.88	24.89
1254974	damage	bot-1068	alpha	bot-1165	bravo	five_seven	bullet	20.00	80.00	-129.40	22.85	-129.25	-0.25	23.10
1255029	damage	bot-1064	alpha	bot-1165	bravo	cz_805_bren	bullet	24.00	56.00	-128.23	22.43	-129.25	-0.25	22.70
1255029	damage	bot-1072	alpha	bot-1165	bravo	cz_805_bren	bullet	24.00	32.00	-134.48	-0.11	-129.25	-0.25	5.23
1255070	damage	bot-1093	alpha	bot-1165	bravo	five_seven	bullet	20.00	12.00	-128.29	24.01	-129.25	-0.25	24.28
1255166	kill	bot-1064	alpha	bot-1165	bravo	cz_805_bren	bullet	24.00	0.00	-128.28	22.41	-129.25	-0.26	22.68
1255444	damage	bot-1159	bravo	bot-1166	alpha	m24	bullet	95.00	5.00	17.91	-5.25	14.58	-45.59	40.48
1255472	damage	bot-1166	alpha	bot-1159	bravo	five_seven	bullet	20.00	80.00	14.58	-45.58	17.91	-5.25	40.47
1256523	damage	bot-1166	alpha	bot-1159	bravo	five_seven	bullet	20.00	60.00	16.30	-48.21	17.91	-5.25	43.00
1256700	damage	bot-1166	alpha	bot-1159	bravo	five_seven	bullet	20.00	40.00	16.29	-48.22	17.92	-4.95	43.30
1256868	damage	bot-1166	alpha	bot-1159	bravo	five_seven	bullet	20.00	20.00	16.27	-48.23	17.93	-4.29	43.98
1261389	damage	bot-1134	alpha	bot-1167	bravo	cz_805_bren	bullet	24.00	76.00	-93.52	-12.55	-57.43	-5.61	36.75
1261389	damage	bot-1166	alpha	bot-1159	bravo	five_seven	bullet	20.00	49.05	15.87	-48.39	17.83	-0.06	48.37
1261507	damage	bot-1134	alpha	bot-1167	bravo	cz_805_bren	bullet	24.00	52.00	-93.52	-12.55	-57.73	-5.76	36.42
1261546	damage	bot-1166	alpha	bot-1159	bravo	five_seven	bullet	20.00	32.44	15.85	-48.41	17.83	-0.05	48.40
1261660	damage	bot-1134	alpha	bot-1167	bravo	cz_805_bren	bullet	24.00	28.00	-93.52	-12.55	-57.30	-5.36	36.92
1261707	damage	bot-1166	alpha	bot-1159	bravo	five_seven	bullet	20.00	15.30	15.84	-48.41	17.84	-0.04	48.41
1261792	damage	bot-1134	alpha	bot-1167	bravo	cz_805_bren	bullet	24.00	4.00	-93.52	-12.55	-56.82	-4.94	37.48
1261872	kill	bot-1166	alpha	bot-1159	bravo	five_seven	bullet	20.00	0.00	15.83	-48.41	17.84	-0.04	48.42
1261919	kill	bot-1134	alpha	bot-1167	bravo	cz_805_bren	bullet	24.00	0.00	-93.52	-12.55	-56.37	-4.55	38.00
1267486	damage	bot-1079	bravo	bot-1166	alpha	cz_805_bren	bullet	24.00	48.26	21.37	-7.04	5.44	-39.29	35.97
1267604	damage	bot-1079	bravo	bot-1166	alpha	cz_805_bren	bullet	24.00	24.26	21.37	-7.04	4.96	-39.56	36.42
1267745	damage	bot-1079	bravo	bot-1166	alpha	cz_805_bren	bullet	24.00	0.26	21.37	-7.04	4.43	-40.03	37.08
1267932	kill	bot-1079	bravo	bot-1166	alpha	cz_805_bren	bullet	24.00	0.00	21.37	-7.04	3.82	-40.61	37.88
1311373	kill	bot-1175	bravo	bot-1129	alpha	m24	bullet	95.00	0.00	-68.86	31.42	-82.55	-40.81	73.51
1320370	damage	bot-1177	alpha	bot-1175	bravo	cz_805_bren	bullet	24.00	76.00	-73.43	46.26	-85.77	33.43	17.80
1320673	damage	bot-1177	alpha	bot-1175	bravo	cz_805_bren	bullet	24.00	52.00	-73.51	46.30	-86.34	33.21	18.33
1320818	damage	bot-1177	alpha	bot-1175	bravo	cz_805_bren	bullet	24.00	28.00	-73.58	46.33	-86.71	32.86	18.80
1320911	damage	bot-1134	alpha	bot-1176	bravo	cz_805_bren	bullet	24.00	76.00	-82.05	-39.95	-80.72	6.18	46.15
1320942	damage	bot-1177	alpha	bot-1175	bravo	cz_805_bren	bullet	24.00	4.00	-73.62	46.34	-87.05	32.50	19.28
1321035	damage	bot-1134	alpha	bot-1176	bravo	cz_805_bren	bullet	24.00	52.00	-82.05	-39.95	-80.72	5.86	45.82
1321156	damage	bot-1134	alpha	bot-1176	bravo	cz_805_bren	bullet	24.00	28.00	-82.05	-39.95	-80.50	6.29	46.26
1321278	damage	bot-1134	alpha	bot-1176	bravo	cz_805_bren	bullet	24.00	4.00	-82.05	-39.95	-80.31	6.74	46.72
1321411	kill	bot-1134	alpha	bot-1176	bravo	cz_805_bren	bullet	24.00	0.00	-82.05	-39.95	-80.15	7.08	47.07
1322577	damage	bot-1175	bravo	bot-1177	alpha	m24	bullet	95.00	5.00	-91.07	28.43	-75.33	45.31	23.08
1323414	kill	bot-1173	bravo	bot-1177	alpha	cz_805_bren	bullet	24.00	0.00	-85.72	19.09	-72.19	46.97	31.00
1330512	damage	bot-1175	bravo	bot-1178	alpha	m24	bullet	95.00	5.00	-84.98	32.79	-38.23	6.47	53.65
1331472	kill	bot-1085	bravo	bot-1178	alpha	cz_805_bren	bullet	24.00	0.00	-37.09	40.98	-35.38	3.58	37.44
1335868	damage	bot-1180	alpha	bot-1169	bravo	cz_805_bren	bullet	24.00	76.00	80.51	45.56	77.99	28.74	17.00
1335986	damage	bot-1180	alpha	bot-1169	bravo	cz_805_bren	bullet	24.00	52.00	80.53	45.56	78.03	29.03	16.71
1336234	damage	bot-1180	alpha	bot-1169	bravo	cz_805_bren	bullet	24.00	28.00	80.56	45.55	77.14	28.15	17.73
1336782	damage	bot-1174	bravo	bot-1082	alpha	five_seven	bullet	20.00	52.08	-67.99	34.79	-83.74	-12.64	49.98
1336928	damage	bot-1173	bravo	bot-1139	alpha	cz_805_bren	bullet	24.00	48.19	-80.77	37.13	-91.87	-10.83	49.22
1337271	damage	bot-1136	alpha	bot-1173	bravo	five_seven	bullet	20.00	80.00	-88.29	-12.01	-80.77	37.13	49.71
1337317	damage	bot-1173	bravo	bot-1139	alpha	cz_805_bren	bullet	24.00	24.19	-80.77	37.13	-92.16	-11.33	49.78
1337398	damage	bot-1162	alpha	bot-1173	bravo	cz_805_bren	bullet	24.00	56.00	-89.48	-12.06	-80.77	37.13	49.95
1337463	damage	bot-1136	alpha	bot-1173	bravo	five_seven	bullet	20.00	36.00	-88.30	-12.02	-80.73	37.16	49.76
1337834	damage	bot-1180	alpha	bot-1169	bravo	cz_805_bren	bullet	24.00	4.00	81.93	45.53	72.50	23.43	24.03
1337918	kill	bot-1164	alpha	bot-1173	bravo	m24	bullet	95.00	0.00	-91.82	-9.66	-79.75	38.14	49.30
1337987	kill	bot-1180	alpha	bot-1169	bravo	cz_805_bren	bullet	24.00	0.00	81.96	45.50	72.18	23.00	24.53
1338180	damage	bot-1174	bravo	bot-1171	alpha	five_seven	bullet	20.00	80.00	-68.35	34.52	-90.08	-10.22	49.74
1338358	damage	bot-1174	bravo	bot-1171	alpha	five_seven	bullet	20.00	60.00	-68.34	34.52	-90.08	-10.22	49.74
1338437	damage	bot-1180	alpha	bot-1154	bravo	cz_805_bren	bullet	24.00	48.01	82.00	45.43	69.65	21.79	26.68
1338536	damage	bot-1174	bravo	bot-1171	alpha	five_seven	bullet	20.00	40.00	-68.34	34.52	-90.30	-10.23	49.85
1338598	damage	bot-1180	alpha	bot-1154	bravo	cz_805_bren	bullet	24.00	24.01	82.03	45.43	69.27	21.40	27.21
1338721	damage	bot-1180	alpha	bot-1154	bravo	cz_805_bren	bullet	24.00	0.01	82.05	45.43	68.93	21.03	27.70
1338880	kill	bot-1180	alpha	bot-1154	bravo	cz_805_bren	bullet	24.00	0.00	82.08	45.45	68.55	20.58	28.31
1339058	damage	bot-1174	bravo	bot-1136	alpha	five_seven	bullet	20.00	65.80	-68.31	34.55	-88.96	-10.77	49.80
1339258	damage	bot-1136	alpha	bot-1174	bravo	five_seven	bullet	20.00	68.62	-88.97	-10.72	-68.31	34.55	49.76
1339258	damage	bot-1174	bravo	bot-1136	alpha	five_seven	bullet	20.00	45.80	-68.31	34.55	-88.97	-10.71	49.76
1339469	damage	bot-1180	alpha	bot-1155	bravo	cz_805_bren	bullet	24.00	76.00	82.15	45.44	63.14	19.80	31.92
1339523	damage	bot-1108	bravo	bot-1180	alpha	cz_805_bren	bullet	24.00	76.00	61.15	16.42	82.15	45.44	35.82
1339585	damage	bot-1180	alpha	bot-1155	bravo	cz_805_bren	bullet	24.00	52.00	82.15	45.44	62.86	19.46	32.36
1339636	damage	bot-1108	bravo	bot-1180	alpha	cz_805_bren	bullet	24.00	52.00	61.16	16.41	82.16	45.43	35.82
1339745	damage	bot-1180	alpha	bot-1155	bravo	cz_805_bren	bullet	24.00	28.00	82.34	45.49	62.45	19.01	33.12
1339809	damage	bot-1108	bravo	bot-1180	alpha	cz_805_bren	bullet	24.00	28.00	61.21	16.37	82.43	45.53	36.07
1340015	damage	bot-1098	bravo	bot-1180	alpha	cz_805_bren	bullet	24.00	4.00	59.01	9.54	83.23	45.93	43.72
1340297	damage	bot-1174	bravo	bot-1093	alpha	five_seven	bullet	20.00	65.63	-68.26	34.62	-89.39	-9.26	48.70
1340447	damage	bot-1174	bravo	bot-1093	alpha	five_seven	bullet	20.00	45.63	-68.26	34.62	-89.39	-9.26	48.70
1340598	damage	bot-1174	bravo	bot-1093	alpha	five_seven	bullet	20.00	25.63	-68.25	34.62	-89.52	-9.44	48.92
1340811	damage	bot-1174	bravo	bot-1093	alpha	five_seven	bullet	20.00	5.63	-68.24	34.63	-89.77	-10.06	49.60
1341101	kill	bot-1098	bravo	bot-1180	alpha	cz_805_bren	bullet	24.00	0.00	59.43	9.66	87.98	47.64	47.52
1341838	damage	bot-1181	bravo	bot-1124	alpha	five_seven	bullet	20.00	75.50	-123.00	-41.59	-145.10	-42.80	22.14
1341966	damage	bot-1174	bravo	bot-1164	alpha	five_seven	bullet	20.00	80.00	-68.14	34.75	-89.97	-9.10	48.99
1341986	damage	bot-1181	bravo	bot-1124	alpha	five_seven	bullet	20.00	55.50	-123.00	-41.59	-145.63	-43.07	22.68
1342253	damage	bot-1174	bravo	bot-1164	alpha	five_seven	bullet	20.00	60.00	-68.12	34.75	-89.97	-9.10	48.99
1342277	damage	bot-1181	bravo	bot-1124	alpha	five_seven	bullet	20.00	35.50	-123.00	-41.59	-145.08	-43.69	22.18
1342468	damage	bot-1181	bravo	bot-1124	alpha	five_seven	bullet	20.00	15.50	-123.00	-41.59	-144.69	-44.09	21.84
1343564	damage	bot-1134	alpha	bot-1085	bravo	cz_805_bren	bullet	24.00	48.06	-34.46	-30.58	-38.85	16.26	47.04
1343932	damage	bot-1162	alpha	bot-1174	bravo	cz_805_bren	bullet	24.00	44.62	-89.78	-9.55	-68.05	34.68	49.28
1344238	damage	bot-1162	alpha	bot-1174	bravo	cz_805_bren	bullet	24.00	20.62	-89.76	-9.51	-68.25	34.93	49.37
1344293	damage	bot-1181	bravo	bot-1064	alpha	five_seven	bullet	20.00	46.57	-124.25	-43.48	-130.46	-44.49	6.30
1344336	damage	bot-1064	alpha	bot-1181	bravo	cz_805_bren	bullet	24.00	76.00	-130.49	-44.49	-124.25	-43.48	6.33
1344728	damage	bot-1134	alpha	bot-1140	bravo	cz_805_bren	bullet	24.00	76.00	-34.46	-30.58	-37.62	17.64	48.32
1344840	damage	bot-1134	alpha	bot-1140	bravo	cz_805_bren	bullet	24.00	52.00	-34.46	-30.58	-37.49	17.78	48.45
1344954	damage	bot-1181	bravo	bot-1064	alpha	five_seven	bullet	20.00	26.57	-126.30	-43.48	-132.78	-41.81	6.69
1344987	damage	bot-1064	alpha	bot-1181	bravo	cz_805_bren	bullet	24.00	52.00	-132.78	-41.81	-126.30	-43.48	6.69
1345262	damage	bot-1181	bravo	bot-1072	alpha	five_seven	bullet	20.00	52.50	-125.19	-43.59	-134.45	-48.56	10.50
1345288	damage	bot-1134	alpha	bot-1140	bravo	cz_805_bren	bullet	24.00	28.00	-34.46	-30.58	-36.33	18.88	49.50
1345373	damage	bot-1072	alpha	bot-1181	bravo	cz_805_bren	bullet	24.00	28.00	-134.69	-48.55	-124.82	-43.65	11.02
1345439	damage	bot-1181	bravo	bot-1072	alpha	five_seven	bullet	20.00	32.50	-124.58	-43.69	-135.28	-48.54	11.75
1345641	damage	bot-1072	alpha	bot-1181	bravo	cz_805_bren	bullet	24.00	4.00	-136.24	-48.52	-124.58	-43.69	12.62
1345762	damage	bot-1181	bravo	bot-1072	alpha	five_seven	bullet	20.00	12.50	-124.59	-43.70	-137.05	-48.48	13.34
1345902	kill	bot-1181	bravo	bot-1072	alpha	five_seven	bullet	20.00	0.00	-124.77	-43.85	-137.72	-48.45	13.74
1346870	damage	bot-1139	alpha	bot-1172	bravo	m24	bullet	95.00	5.00	-89.11	-9.79	-83.53	46.73	56.79
1347718	damage	bot-1087	bravo	bot-1134	alpha	cz_805_bren	bullet	24.00	51.29	-36.73	21.90	-34.56	-27.94	49.89
1348771	damage	bot-1064	alpha	bot-1182	bravo	cz_805_bren	bullet	24.00	76.00	-135.62	-40.23	-127.75	-43.63	8.58
1349288	damage	bot-1158	alpha	bot-1182	bravo	five_seven	bullet	20.00	56.00	-138.02	-36.62	-128.72	-43.45	11.54
1349419	damage	bot-1064	alpha	bot-1182	bravo	cz_805_bren	bullet	24.00	32.00	-135.69	-40.19	-128.13	-43.54	8.27
1349531	damage	bot-1182	bravo	bot-1068	alpha	cz_805_bren	bullet	24.00	43.31	-127.69	-43.62	-137.03	-40.29	9.91
1349785	damage	bot-1064	alpha	bot-1182	bravo	cz_805_bren	bullet	24.00	8.00	-135.76	-40.18	-126.64	-43.81	9.82
1349785	damage	bot-1182	bravo	bot-1068	alpha	cz_805_bren	bullet	24.00	19.31	-126.64	-43.81	-137.11	-39.57	11.29
1349930	kill	bot-1068	alpha	bot-1182	bravo	five_seven	bullet	20.00	0.00	-137.04	-39.37	-126.05	-44.05	11.94
1350523	damage	bot-1153	bravo	bot-1168	alpha	cz_805_bren	bullet	24.00	76.00	-40.16	16.50	-80.29	-9.02	47.55
1350599	damage	bot-1082	alpha	bot-1153	bravo	cz_805_bren	bullet	24.00	76.00	-82.74	-6.63	-40.16	16.51	48.46
1350669	damage	bot-1153	bravo	bot-1168	alpha	cz_805_bren	bullet	24.00	52.00	-40.15	16.51	-80.29	-9.00	47.56
1350757	damage	bot-1082	alpha	bot-1153	bravo	cz_805_bren	bullet	24.00	52.00	-82.70	-6.62	-40.13	16.53	48.45
1350881	damage	bot-1082	alpha	bot-1153	bravo	cz_805_bren	bullet	24.00	28.00	-82.68	-6.61	-40.09	16.57	48.49
1350941	kill	bot-1164	alpha	bot-1153	bravo	m24	bullet	95.00	0.00	-88.84	-6.45	-39.97	16.72	54.09
1351002	damage	bot-1064	alpha	bot-1181	bravo	cz_805_bren	bullet	24.00	48.64	-136.69	-39.67	-126.07	-44.01	11.47
1351094	damage	bot-1087	bravo	bot-1134	alpha	cz_805_bren	bullet	24.00	48.61	-38.15	17.30	-39.10	-32.60	49.91
1351145	damage	bot-1064	alpha	bot-1181	bravo	cz_805_bren	bullet	24.00	24.64	-136.78	-39.63	-125.70	-44.23	12.00
1351296	damage	bot-1087	bravo	bot-1134	alpha	cz_805_bren	bullet	24.00	27.92	-38.15	17.30	-39.10	-32.60	49.91
1351450	damage	bot-1087	bravo	bot-1134	alpha	cz_805_bren	bullet	24.00	6.77	-38.15	17.30	-39.10	-32.60	49.91
1351577	kill	bot-1087	bravo	bot-1134	alpha	cz_805_bren	bullet	24.00	0.00	-38.15	17.30	-39.10	-32.60	49.91
1351696	damage	bot-1093	alpha	bot-1175	bravo	five_seven	bullet	20.00	52.14	-85.91	-12.20	-86.06	26.34	38.54
1351696	damage	bot-1139	alpha	bot-1179	bravo	m24	bullet	95.00	5.00	-88.63	-0.75	-38.21	13.21	52.31
1352081	damage	bot-1093	alpha	bot-1175	bravo	five_seven	bullet	20.00	32.14	-85.89	-12.15	-86.47	26.11	38.26
1352102	damage	bot-1174	bravo	bot-1082	alpha	five_seven	bullet	20.00	52.53	-72.52	34.04	-82.19	-5.93	41.13
1352249	damage	bot-1093	alpha	bot-1175	bravo	five_seven	bullet	20.00	12.14	-85.87	-12.17	-86.86	25.95	38.13
1352274	damage	bot-1174	bravo	bot-1082	alpha	five_seven	bullet	20.00	32.53	-72.53	34.05	-82.33	-6.07	41.30
1352433	kill	bot-1093	alpha	bot-1175	bravo	five_seven	bullet	20.00	0.00	-85.85	-12.19	-86.94	25.90	38.10
1353387	damage	bot-1064	alpha	bot-1181	bravo	cz_805_bren	bullet	24.00	0.64	-136.55	-39.68	-126.05	-44.42	11.53
1353569	kill	bot-1064	alpha	bot-1181	bravo	cz_805_bren	bullet	24.00	0.00	-136.59	-39.66	-125.48	-44.60	12.16
1354002	kill	bot-1174	bravo	bot-1093	alpha	five_seven	bullet	20.00	0.00	-72.55	33.81	-85.59	-13.48	49.05
1354826	damage	bot-1087	bravo	bot-1171	alpha	cz_805_bren	bullet	24.00	48.66	-39.88	14.47	-83.35	3.43	44.85
1354993	damage	bot-1087	bravo	bot-1171	alpha	cz_805_bren	bullet	24.00	24.66	-39.88	14.47	-84.08	3.38	45.57
1355129	damage	bot-1087	bravo	bot-1171	alpha	cz_805_bren	bullet	24.00	0.66	-39.88	14.47	-84.67	3.33	46.16
1355129	damage	bot-1171	alpha	bot-1186	bravo	cz_805_bren	bullet	24.00	76.00	-84.67	3.33	-83.52	16.76	13.49
1355245	kill	bot-1087	bravo	bot-1171	alpha	cz_805_bren	bullet	24.00	0.00	-39.88	14.47	-85.03	3.37	46.50
1355723	damage	bot-1174	bravo	bot-1082	alpha	five_seven	bullet	20.00	23.84	-72.52	33.67	-87.68	-11.17	47.33
1355912	damage	bot-1174	bravo	bot-1082	alpha	five_seven	bullet	20.00	7.23	-72.53	33.70	-87.68	-11.17	47.36
1355948	damage	bot-1186	bravo	bot-1139	alpha	cz_805_bren	bullet	24.00	49.03	-83.85	17.53	-88.53	0.36	17.79
1356071	damage	bot-1186	bravo	bot-1139	alpha	cz_805_bren	bullet	24.00	25.03	-83.82	17.52	-89.05	0.59	17.71
1356194	damage	bot-1186	bravo	bot-1139	alpha	cz_805_bren	bullet	24.00	1.03	-83.80	17.51	-89.57	0.82	17.66
1356335	kill	bot-1186	bravo	bot-1139	alpha	cz_805_bren	bullet	24.00	0.00	-83.77	17.49	-90.16	1.07	17.63
1357004	damage	bot-1174	bravo	bot-1082	alpha	five_seven	bullet	20.00	6.80	-72.53	33.65	-87.68	-11.16	47.30
1357169	kill	bot-1174	bravo	bot-1082	alpha	five_seven	bullet	20.00	0.00	-72.53	33.66	-87.68	-11.16	47.32
1357876	damage	bot-1186	bravo	bot-1164	alpha	cz_805_bren	bullet	24.00	48.92	-82.63	18.07	-89.24	-9.48	28.32
1357993	damage	bot-1186	bravo	bot-1164	alpha	cz_805_bren	bullet	24.00	24.92	-82.63	18.07	-89.58	-9.80	28.72
1358118	damage	bot-1186	bravo	bot-1164	alpha	cz_805_bren	bullet	24.00	0.92	-82.63	18.07	-89.95	-10.15	29.15
1358357	damage	bot-1085	bravo	bot-1168	alpha	cz_805_bren	bullet	24.00	48.35	-39.28	14.61	-77.22	-10.51	45.50
1358511	damage	bot-1186	bravo	bot-1168	alpha	cz_805_bren	bullet	24.00	24.35	-82.63	18.07	-76.80	-10.96	29.61
1358628	damage	bot-1186	bravo	bot-1168	alpha	cz_805_bren	bullet	24.00	0.35	-82.63	18.07	-76.49	-11.29	30.00
1358658	kill	bot-1174	bravo	bot-1168	alpha	five_seven	bullet	20.00	0.00	-72.52	33.58	-76.41	-11.38	45.12
1360356	damage	bot-1189	bravo	bot-1122	alpha	five_seven	bullet	20.00	52.13	-135.76	-44.12	-132.89	-43.22	3.01
1360538	damage	bot-1189	bravo	bot-1122	alpha	five_seven	bullet	20.00	32.13	-136.10	-44.44	-132.56	-42.76	3.92
1360706	damage	bot-1189	bravo	bot-1122	alpha	five_seven	bullet	20.00	12.13	-136.46	-44.81	-132.24	-42.57	4.78
1360847	kill	bot-1189	bravo	bot-1122	alpha	five_seven	bullet	20.00	0.00	-136.77	-45.15	-132.06	-42.43	5.44
1361000	damage	bot-1189	bravo	bot-1158	alpha	five_seven	bullet	20.00	60.00	-136.84	-45.23	-133.12	-41.48	5.28
1361141	damage	bot-1189	bravo	bot-1158	alpha	five_seven	bullet	20.00	40.00	-136.84	-45.23	-132.92	-41.47	5.43
1361283	damage	bot-1189	bravo	bot-1158	alpha	five_seven	bullet	20.00	20.00	-136.84	-45.22	-132.81	-41.44	5.53
1361363	damage	bot-1158	alpha	bot-1189	bravo	five_seven	bullet	20.00	80.00	-132.80	-41.45	-136.84	-45.22	5.53
1361439	kill	bot-1189	bravo	bot-1158	alpha	five_seven	bullet	20.00	0.00	-136.84	-45.22	-132.76	-41.45	5.56
1361583	damage	bot-1156	alpha	bot-1189	bravo	cz_805_bren	bullet	24.00	56.00	-129.35	-41.57	-136.84	-45.22	8.33
1361583	damage	bot-1189	bravo	bot-1156	alpha	five_seven	bullet	20.00	80.00	-136.84	-45.22	-129.35	-41.57	8.33
1361703	damage	bot-1156	alpha	bot-1189	bravo	cz_805_bren	bullet	24.00	32.00	-129.35	-41.57	-137.01	-45.32	8.53
1361730	damage	bot-1189	bravo	bot-1156	alpha	five_seven	bullet	20.00	60.00	-137.04	-45.34	-129.34	-41.53	8.59
1361823	damage	bot-1156	alpha	bot-1189	bravo	cz_805_bren	bullet	24.00	8.00	-129.34	-41.42	-137.19	-45.42	8.81
1362035	damage	bot-1189	bravo	bot-1156	alpha	five_seven	bullet	20.00	40.00	-138.17	-46.01	-129.70	-40.84	9.92
1362065	kill	bot-1156	alpha	bot-1189	bravo	cz_805_bren	bullet	24.00	0.00	-129.70	-40.84	-138.24	-46.06	10.01
1362280	damage	bot-1087	bravo	bot-814	alpha	cz_805_bren	bullet	24.00	71.17	-52.47	8.49	-83.66	15.50	31.97
1362393	damage	bot-1087	bravo	bot-814	alpha	cz_805_bren	bullet	24.00	47.17	-52.47	8.49	-83.96	15.38	32.23
1362393	damage	bot-1186	bravo	bot-1160	alpha	cz_805_bren	bullet	24.00	76.00	-85.99	14.91	-79.71	3.33	13.17
1362522	damage	bot-1087	bravo	bot-814	alpha	cz_805_bren	bullet	24.00	23.17	-52.47	8.49	-84.14	15.88	32.52
1362522	damage	bot-1186	bravo	bot-1160	alpha	cz_805_bren	bullet	24.00	52.00	-85.99	14.91	-79.62	2.76	13.71
1362638	kill	bot-1087	bravo	bot-814	alpha	cz_805_bren	bullet	24.00	0.00	-52.47	8.49	-84.31	16.34	32.79
1362935	damage	bot-1186	bravo	bot-1160	alpha	cz_805_bren	bullet	24.00	28.00	-86.07	15.14	-79.32	0.71	15.93
1363049	damage	bot-1186	bravo	bot-1160	alpha	cz_805_bren	bullet	24.00	4.00	-86.07	15.14	-78.91	0.39	16.39
1363168	kill	bot-1186	bravo	bot-1160	alpha	cz_805_bren	bullet	24.00	0.00	-86.07	15.14	-78.35	0.16	16.85
1365252	damage	bot-1191	bravo	bot-1150	alpha	cz_805_bren	bullet	24.00	72.62	-121.98	-44.58	-125.23	-43.92	3.32
1365410	damage	bot-1087	bravo	bot-1136	alpha	cz_805_bren	bullet	24.00	21.80	-51.60	6.43	-72.91	-37.98	49.26
1365410	damage	bot-1191	bravo	bot-1150	alpha	cz_805_bren	bullet	24.00	48.62	-121.47	-45.07	-125.02	-44.01	3.71
1365554	kill	bot-1087	bravo	bot-1136	alpha	cz_805_bren	bullet	24.00	0.00	-51.60	6.43	-72.80	-38.07	49.29
1365554	damage	bot-1191	bravo	bot-1150	alpha	cz_805_bren	bullet	24.00	24.62	-121.16	-45.36	-125.66	-44.06	4.68
1365683	damage	bot-1191	bravo	bot-1150	alpha	cz_805_bren	bullet	24.00	0.62	-120.71	-45.80	-126.29	-44.06	5.85
1365810	kill	bot-1191	bravo	bot-1150	alpha	cz_805_bren	bullet	24.00	0.00	-120.36	-46.04	-126.95	-44.00	6.90
1367533	damage	bot-1191	bravo	bot-1068	alpha	cz_805_bren	bullet	24.00	48.01	-120.86	-46.44	-129.83	-44.83	9.11
1367644	damage	bot-1191	bravo	bot-1068	alpha	cz_805_bren	bullet	24.00	24.01	-120.86	-46.44	-130.19	-44.37	9.56
1367679	damage	bot-1068	alpha	bot-1191	bravo	five_seven	bullet	20.00	80.00	-130.19	-44.37	-120.86	-46.44	9.56
1367776	damage	bot-1191	bravo	bot-1068	alpha	cz_805_bren	bullet	24.00	0.01	-120.86	-46.44	-130.61	-43.83	10.10
1367837	damage	bot-1068	alpha	bot-1191	bravo	five_seven	bullet	20.00	60.00	-130.74	-43.67	-120.86	-46.44	10.26
1367938	damage	bot-1087	bravo	bot-1164	alpha	cz_805_bren	bullet	24.00	48.52	-53.70	3.70	-94.97	-21.74	48.48
1368020	kill	bot-1191	bravo	bot-1068	alpha	cz_805_bren	bullet	24.00	0.00	-120.67	-46.27	-131.42	-42.79	11.30
1368053	damage	bot-1087	bravo	bot-1164	alpha	cz_805_bren	bullet	24.00	24.52	-53.70	3.70	-95.00	-22.25	48.77
1368169	damage	bot-1087	bravo	bot-1164	alpha	cz_805_bren	bullet	24.00	0.52	-53.70	3.70	-95.02	-22.63	49.00
1368252	damage	bot-1064	alpha	bot-1191	bravo	cz_805_bren	bullet	24.00	36.00	-129.43	-45.02	-120.18	-45.66	9.28
1368299	kill	bot-1087	bravo	bot-1164	alpha	cz_805_bren	bullet	24.00	0.00	-53.70	3.70	-95.06	-23.29	49.39
1368517	damage	bot-1064	alpha	bot-1191	bravo	cz_805_bren	bullet	24.00	12.00	-129.43	-45.02	-119.38	-44.65	10.07
1368545	damage	bot-1191	bravo	bot-1064	alpha	cz_805_bren	bullet	24.00	48.74	-119.27	-44.52	-129.43	-45.02	10.18
1368638	kill	bot-1064	alpha	bot-1191	bravo	cz_805_bren	bullet	24.00	0.00	-129.51	-44.95	-119.00	-44.18	10.54
1370648	damage	bot-1174	bravo	bot-1162	alpha	five_seven	bullet	20.00	80.00	-84.59	11.35	-95.03	13.07	10.58
1370751	damage	bot-1156	alpha	bot-1170	bravo	cz_805_bren	bullet	24.00	76.00	-134.48	-42.27	-144.97	-23.47	21.53
1370792	damage	bot-1174	bravo	bot-1162	alpha	five_seven	bullet	20.00	60.00	-84.59	11.35	-95.03	13.07	10.58
1370865	damage	bot-1079	bravo	bot-1183	alpha	cz_805_bren	bullet	24.00	76.00	70.10	15.39	81.26	-32.33	49.01
1370865	damage	bot-1156	alpha	bot-1170	bravo	cz_805_bren	bullet	24.00	52.00	-134.48	-42.27	-144.72	-23.81	21.11
1370953	damage	bot-1174	bravo	bot-1162	alpha	five_seven	bullet	20.00	40.00	-84.59	11.35	-95.53	13.71	11.19
1370978	damage	bot-1079	bravo	bot-1183	alpha	cz_805_bren	bullet	24.00	52.00	70.10	15.39	81.24	-32.15	48.83
1370978	damage	bot-1156	alpha	bot-1170	bravo	cz_805_bren	bullet	24.00	28.00	-134.48	-42.27	-144.51	-23.26	21.49
1371060	damage	bot-1162	alpha	bot-1174	bravo	cz_805_bren	bullet	24.00	48.03	-95.84	13.97	-84.59	11.35	11.55
1371122	damage	bot-1079	bravo	bot-1183	alpha	cz_805_bren	bullet	24.00	28.00	70.10	15.39	81.23	-32.38	49.05
1371122	damage	bot-1174	bravo	bot-1162	alpha	five_seven	bullet	20.00	20.00	-84.52	11.39	-96.17	14.26	12.00
1371259	damage	bot-1079	bravo	bot-1183	alpha	cz_805_bren	bullet	24.00	4.00	70.10	15.39	81.24	-32.82	49.48
1371279	kill	bot-1174	bravo	bot-1162	alpha	five_seven	bullet	20.00	0.00	-84.28	11.55	-96.84	14.61	12.93
1371853	damage	bot-1098	bravo	bot-1127	alpha	cz_805_bren	bullet	24.00	74.74	69.45	17.25	57.23	-30.61	49.40
1371987	damage	bot-1098	bravo	bot-1127	alpha	cz_805_bren	bullet	24.00	50.74	69.45	17.25	57.27	-30.29	49.07
1372945	damage	bot-1108	bravo	bot-1192	alpha	cz_805_bren	bullet	24.00	76.00	67.89	11.06	86.01	-30.89	45.69
1373245	damage	bot-1079	bravo	bot-1192	alpha	cz_805_bren	bullet	24.00	52.00	70.08	15.38	86.06	-30.97	49.02
1373360	damage	bot-1079	bravo	bot-1192	alpha	cz_805_bren	bullet	24.00	28.00	70.08	15.38	86.25	-31.13	49.23
1373487	damage	bot-1079	bravo	bot-1192	alpha	cz_805_bren	bullet	24.00	4.00	70.08	15.38	86.41	-31.27	49.42
1374039	kill	bot-1108	bravo	bot-1192	alpha	cz_805_bren	bullet	24.00	0.00	68.27	10.36	88.05	-32.81	47.48
1374622	damage	bot-1098	bravo	bot-1127	alpha	cz_805_bren	bullet	24.00	53.65	67.32	14.23	53.51	-33.45	49.64
1375499	damage	bot-1079	bravo	bot-1188	alpha	cz_805_bren	bullet	24.00	76.00	71.00	13.50	48.15	-25.13	44.88
1375632	damage	bot-1079	bravo	bot-1188	alpha	cz_805_bren	bullet	24.00	52.00	71.00	13.50	48.25	-25.05	44.76
1375753	damage	bot-1079	bravo	bot-1188	alpha	cz_805_bren	bullet	24.00	28.00	71.00	13.50	47.88	-25.28	45.15
1375903	damage	bot-1079	bravo	bot-1188	alpha	cz_805_bren	bullet	24.00	4.00	71.00	13.50	47.28	-25.67	45.79
1376044	kill	bot-1079	bravo	bot-1188	alpha	cz_805_bren	bullet	24.00	0.00	71.00	13.50	46.62	-26.10	46.50
1376924	damage	bot-1098	bravo	bot-1194	alpha	cz_805_bren	bullet	24.00	76.00	66.18	11.69	79.14	-34.95	48.40
1377059	damage	bot-1098	bravo	bot-1194	alpha	cz_805_bren	bullet	24.00	52.00	66.18	11.69	79.10	-34.76	48.22
1377182	damage	bot-1098	bravo	bot-1194	alpha	cz_805_bren	bullet	24.00	28.00	66.18	11.69	79.64	-35.28	48.85
1377301	damage	bot-1098	bravo	bot-1194	alpha	cz_805_bren	bullet	24.00	4.00	66.18	11.69	79.96	-35.74	49.39
1378084	damage	bot-1098	bravo	bot-1183	alpha	cz_805_bren	bullet	24.00	48.12	66.18	11.69	81.19	-35.06	49.10
1378197	damage	bot-1098	bravo	bot-1183	alpha	cz_805_bren	bullet	24.00	24.12	66.18	11.69	81.28	-35.21	49.26
1378331	damage	bot-1098	bravo	bot-1183	alpha	cz_805_bren	bullet	24.00	0.12	66.18	11.69	81.45	-35.48	49.58
1378364	damage	bot-1194	alpha	bot-1155	bravo	five_seven	bullet	20.00	53.08	83.03	-38.59	74.82	6.45	45.79
1378528	damage	bot-1079	bravo	bot-1190	alpha	cz_805_bren	bullet	24.00	76.00	71.42	12.66	50.78	-26.33	44.12
1378528	damage	bot-1194	alpha	bot-1155	bravo	five_seven	bullet	20.00	33.08	83.01	-38.56	75.01	6.59	45.86
1378631	damage	bot-1184	alpha	bot-1108	bravo	cz_805_bren	bullet	24.00	48.05	93.00	-29.18	71.14	5.46	40.96
1378658	damage	bot-1079	bravo	bot-1190	alpha	cz_805_bren	bullet	24.00	52.00	71.42	12.66	51.30	-26.55	44.07
1378686	damage	bot-1194	alpha	bot-1155	bravo	five_seven	bullet	20.00	13.08	83.01	-38.56	75.04	7.11	46.36
1378743	damage	bot-1184	alpha	bot-1108	bravo	cz_805_bren	bullet	24.00	24.05	93.00	-29.19	70.74	5.79	41.46
1378772	damage	bot-1079	bravo	bot-1190	alpha	cz_805_bren	bullet	24.00	28.00	71.42	12.66	51.13	-27.13	44.67
1378872	damage	bot-1184	alpha	bot-1108	bravo	cz_805_bren	bullet	24.00	0.05	93.00	-29.19	70.23	6.19	42.08
1379454	kill	bot-1105	bravo	bot-1194	alpha	m24	bullet	95.00	0.00	73.41	18.77	83.00	-38.55	58.12
1379480	kill	bot-1152	bravo	bot-1183	alpha	cz_805_bren	bullet	24.00	0.00	73.35	6.02	84.44	-39.16	46.52
1380382	damage	bot-1098	bravo	bot-1184	alpha	cz_805_bren	bullet	24.00	76.00	67.07	10.53	92.88	-27.93	46.31
1380412	damage	bot-1079	bravo	bot-1127	alpha	cz_805_bren	bullet	24.00	48.43	71.38	12.56	55.82	-30.58	45.87
1380498	damage	bot-1098	bravo	bot-1184	alpha	cz_805_bren	bullet	24.00	52.00	67.07	10.53	92.86	-27.75	46.16
1380619	damage	bot-1098	bravo	bot-1184	alpha	cz_805_bren	bullet	24.00	28.00	67.07	10.53	92.88	-27.95	46.33
1380806	damage	bot-1079	bravo	bot-1127	alpha	cz_805_bren	bullet	24.00	24.43	71.38	12.56	55.80	-31.78	47.00
1380878	damage	bot-1197	bravo	bot-1064	alpha	five_seven	bullet	20.00	52.13	-131.15	-47.24	-124.14	-43.08	8.15
1381021	damage	bot-1197	bravo	bot-1064	alpha	five_seven	bullet	20.00	32.13	-131.17	-47.25	-123.93	-42.76	8.52
1381187	damage	bot-1152	bravo	bot-1184	alpha	cz_805_bren	bullet	24.00	4.00	76.02	6.65	93.07	-30.49	40.86
1381187	damage	bot-1197	bravo	bot-1064	alpha	five_seven	bullet	20.00	12.13	-131.17	-47.25	-123.46	-42.06	9.29
1381312	kill	bot-1152	bravo	bot-1184	alpha	cz_805_bren	bullet	24.00	0.00	76.02	6.65	93.12	-31.15	41.49
1382393	damage	bot-1193	bravo	bot-1156	alpha	cz_805_bren	bullet	24.00	48.14	-129.63	-42.72	-143.09	-31.29	17.66
1383203	damage	bot-1079	bravo	bot-1187	alpha	cz_805_bren	bullet	24.00	76.00	71.07	12.30	54.90	-33.66	48.72
1383350	damage	bot-1079	bravo	bot-1187	alpha	cz_805_bren	bullet	24.00	52.00	71.07	12.30	54.90	-33.66	48.72
1384280	damage	bot-1152	bravo	bot-1187	alpha	cz_805_bren	bullet	24.00	28.00	77.30	5.83	53.89	-37.65	49.38
1385960	damage	bot-1193	bravo	bot-1156	alpha	cz_805_bren	bullet	24.00	48.39	-131.98	-40.87	-144.65	-26.33	19.29
1386738	damage	bot-1079	bravo	bot-1187	alpha	cz_805_bren	bullet	24.00	26.56	71.17	7.80	53.78	-38.45	49.41
1386999	damage	bot-1079	bravo	bot-1187	alpha	cz_805_bren	bullet	24.00	3.46	71.17	7.80	53.78	-38.45	49.41
1387168	kill	bot-1079	bravo	bot-1187	alpha	cz_805_bren	bullet	24.00	0.00	71.17	7.80	53.78	-38.45	49.41
1387168	damage	bot-1098	bravo	bot-1190	alpha	cz_805_bren	bullet	24.00	48.18	72.19	3.57	55.18	-28.05	35.91
1389394	damage	bot-1127	alpha	bot-1155	bravo	cz_805_bren	bullet	24.00	48.57	57.16	-29.97	77.48	7.95	43.02