t_ms	bot_id	team	code	changed_slots	x	z	yaw_deg	speed	moved	goal_dist	path_len	path_mode	squad_id	squad_rank	leader_id
0	bot-196	alpha	P00m-3320	initial	7.40	5.69	90	0.69			0		squad-26	0	bot-196
0	bot-234	bravo	P00r-4410	initial	-9.99	-15.50	348	0.00			0		squad-27	0	bot-234
0	bot-236	bravo	P00r-4410	initial	-12.12	-18.28	51	0.00			0		squad-27	1	bot-234
0	bot-237	alpha	D00r--000	initial	-13.68	-4.00	103	0.00		6.31	0		squad-26	-1	bot-196
0	bot-238	bravo	P00r-4420	initial	-14.54	-15.84	342	0.00			0		squad-27	2	bot-234
0	bot-240	bravo	K00m-03C0	initial	-0.45	0.23	15	0.00			0		squad-27	4	bot-234
0	bot-244	bravo	P00r-4410	initial	-13.42	-20.30	55	0.00			0		squad-27	3	bot-234
0	bot-247	bravo	P00m-4320	initial	-15.23	-15.50	257	0.04		6.81	2	squad	squad-27	5	bot-234
0	bot-250	alpha	D00r--000	initial	-13.00	0.11	237	0.00		4.71	0		squad-26	-1	bot-196
0	bot-252	alpha	P00r-4110	initial	5.46	11.76	318	0.02		3.86	5	squad	squad-26	1	bot-196
0	bot-264	alpha	D00r--000	initial	5.67	9.95	203	0.00		1.93	0		squad-26	-1	bot-196
0	bot-269	bravo	D00r--000	initial	-23.99	6.08	36	0.00		4.56	0		squad-27	-1	bot-234
0	bot-270	bravo	D00r--000	initial	-14.99	-0.83	201	0.00		4.89	0		squad-27	-1	bot-234
0	bot-273	alpha	D00r--000	initial	2.53	18.86	233	0.00		1.67	0		squad-26	-1	bot-196
0	bot-274	alpha	D00m--0A0	initial	-11.54	5.23	101	0.00			0		squad-26	-1	bot-196
0	bot-275	alpha	D00r--000	initial	-7.75	0.12	117	0.00			0		squad-26	-1	bot-196
0	bot-276	alpha	D00r--000	initial	-7.05	-2.08	72	0.00		6.20	0		squad-26	-1	bot-196
0	bot-277	bravo	D00r--000	initial	16.94	-6.74	341	0.00		4.04	0		squad-104	-1	
0	bot-278	alpha	D00r--000	initial	-8.58	1.30	120	0.00		3.80	0		squad-26	-1	bot-196
0	bot-279	alpha	D00m--000	initial	-16.91	13.96	71	0.00			0		squad-26	-1	bot-196
0	bot-280	alpha	D00r--000	initial	-23.08	9.06	156	0.00		1.69	0		squad-26	-1	bot-196
0	bot-281	bravo	D00m--000	initial	0.97	7.89	190	0.00			0		squad-104	-1	
0	bot-282	alpha	D00r--000	initial	-16.61	6.47	46	0.00		4.42	0		squad-26	-1	bot-196
0	bot-283	alpha	S00r-4320	initial	-2.38	11.81	61	0.56		0.49	1	seek	squad-26	2	bot-196
0	bot-284	bravo	D00r--000	initial	6.82	9.57	264	0.00		4.30	0		squad-104	-1	
0	bot-285	alpha	D00m--0A0	initial	-5.45	-0.59	63	0.00		1.69	0		squad-26	-1	bot-196
0	bot-286	bravo	D00r--000	initial	-18.78	-6.15	117	0.00		0.34	0		squad-104	-1	
0	bot-287	alpha	D00r--000	initial	-5.55	-13.91	7	0.00		3.17	0		squad-26	-1	bot-196
0	bot-288	bravo	D00r--000	initial	13.80	18.71	265	0.00		5.73	0		squad-104	-1	
0	bot-289	bravo	D00m--000	initial	17.24	12.53	129	0.00		4.04	0		squad-104	-1	
0	bot-290	alpha	S00r-4410	initial	-3.47	7.24	104	1.38		1.90	1	seek	squad-26	3	bot-196
0	bot-291	alpha	D00r--000	initial	-1.51	12.21	75	0.00		4.15	0		squad-26	-1	bot-196
0	bot-292	bravo	D00r--000	initial	19.91	18.09	159	0.00		5.73	0		squad-104	-1	
0	bot-293	alpha	C00m-4322	initial	0.05	2.14	323	0.00			0		squad-26	6	bot-196
0	bot-294	bravo	D00r--000	initial	14.50	22.83	150	0.00			0		squad-104	-1	
0	bot-295	bravo	G00r-4422	initial	-5.45	3.55	195	0.00			0		squad-109	0	bot-295
0	bot-296	alpha	S00r-4410	initial	0.06	3.65	292	0.15		3.78	2	seek	squad-26	4	bot-196
0	bot-297	bravo	G00m-33C2	initial	-4.95	4.05	159	0.00			0		squad-109	1	bot-295
0	bot-298	alpha	G32r-4412	initial	-3.60	-7.96	344	1.08			0		squad-26	5	bot-196
0	bot-299	alpha	P00r-4410	initial	-22.50	3.72	116	2.29			7	patrol	squad-112	0	bot-299
41	bot-298	alpha	C32r-4410	state+latches	-3.58	-7.96	351	0.28	0.02		0		squad-26	5	bot-196
58	bot-298	alpha	S32r-4410	state	-3.59	-7.96	351	0.36	0.01		0		squad-26	5	bot-196
577	bot-297	bravo	S00m-33C0	state+latches	-4.95	4.05	70	0.00	0.00		0		squad-27	7	bot-234
744	bot-290	alpha	P00r-4410	state	-4.27	6.59	231	1.41	1.03	0.87	1	seek	squad-26	3	bot-196
761	bot-283	alpha	P00r-4320	state	-2.01	11.93	78	0.53	0.39	0.57	1	seek	squad-26	2	bot-196
844	bot-298	alpha	C32r-4410	state	-3.65	-7.61	359	0.14	0.36	13.66	4	seek	squad-26	5	bot-196
861	bot-298	alpha	S32r-4410	state	-3.65	-7.61	3	0.01	0.00	0.69	1	cover	squad-26	5	bot-196
928	bot-293	alpha	S00m-4320	state+latches	0.05	2.14	323	0.00	0.00		0		squad-26	6	bot-196
1011	bot-196	alpha	P00m-3320	tick	7.38	5.69	295	0.23	0.02		0		squad-26	0	bot-196
1011	bot-234	bravo	P00r-4410	tick	-9.99	-15.50	348	0.00	0.00		0		squad-27	0	bot-234
1011	bot-236	bravo	P00r-4410	tick	-12.12	-18.28	51	0.00	0.00		0		squad-27	1	bot-234
1011	bot-238	bravo	P00r-4420	tick	-14.54	-15.84	342	0.00	0.00		0		squad-27	2	bot-234
1011	bot-240	bravo	K00m-03C0	tick	-0.45	0.23	14	0.00	0.00		0		squad-27	4	bot-234
1011	bot-244	bravo	P00r-4410	tick	-13.42	-20.30	55	0.00	0.00		0		squad-27	3	bot-234
1011	bot-247	bravo	P00m-4320	tick	-15.24	-15.50	244	0.12	0.00	6.81	2	squad	squad-27	5	bot-234
1011	bot-252	alpha	P00r-4110	tick	5.45	11.77	286	0.02	0.02	3.88	5	squad	squad-26	1	bot-196
1011	bot-295	bravo	G00r-4422	tick	-5.45	3.55	59	0.00	0.00		0		squad-27	6	bot-234
1011	bot-296	alpha	S00r-4410	tick	0.06	3.67	284	0.17	0.01	3.78	2	seek	squad-26	4	bot-196
1011	bot-299	alpha	P00r-4410	tick	-20.80	1.93	131	2.40	2.46		7	patrol	squad-112	0	bot-299
1179	bot-299	alpha	A00r-4410	state	-20.54	1.67	136	2.45	0.36		7	patrol	squad-112	0	bot-299
1262	bot-299	alpha	A00r-441G	latches	-20.54	1.66	118	0.00	0.01		0		squad-112	0	bot-299
1497	bot-299	alpha	S00r-4410	state+latches	-20.54	1.66	118	0.00	0.00		0		squad-112	0	bot-299
1580	bot-297	bravo	S00m-33C0	tick	-3.46	3.70	105	1.08	1.53	2.59	2	seek	squad-27	7	bot-234
1647	bot-298	alpha	C32r-4410	state	-3.64	-7.61	18	0.11	0.01	13.19	4	seek	squad-26	5	bot-196
1664	bot-298	alpha	S32r-4410	state	-3.64	-7.61	16	0.21	0.00	0.68	1	cover	squad-26	5	bot-196
1747	bot-290	alpha	P00r-4410	tick	-3.38	8.04	38	2.13	1.70	9.66	3	squad	squad-26	3	bot-196
1764	bot-283	alpha	P00r-4320	tick	-2.20	9.73	214	2.42	2.21	12.13	5	squad	squad-26	2	bot-196
1782	bot-299	alpha	A00r-4410	state	-20.12	1.64	82	2.40	0.43	16.35	3	seek	squad-112	0	bot-299
1798	bot-299	alpha	A00r-441G	latches	-20.12	1.64	83	0.21	0.00		0		squad-112	0	bot-299
1932	bot-293	alpha	S00m-4320	tick	0.01	2.32	322	0.10	0.18	1.56	1	seek	squad-26	6	bot-196
2015	bot-196	alpha	P00m-3320	tick	6.95	5.69	262	0.46	0.43		0		squad-26	0	bot-196
2015	bot-234	bravo	P00r-4410	tick	-9.99	-15.50	348	0.00	0.00		0		squad-27	0	bot-234
2015	bot-236	bravo	P00r-4410	tick	-12.12	-18.28	51	0.00	0.00		0		squad-27	1	bot-234
2015	bot-238	bravo	P00r-4420	tick	-14.54	-15.84	342	0.00	0.00		0		squad-27	2	bot-234
2015	bot-240	bravo	K00m-03C0	tick	-0.45	0.70	16	0.00	0.47		0		squad-27	4	bot-234
2015	bot-244	bravo	P00r-4410	tick	-13.42	-20.30	55	0.00	0.00		0		squad-27	3	bot-234
2015	bot-247	bravo	P00m-4320	tick	-15.23	-15.50	212	0.05	0.00	6.81	2	squad	squad-27	5	bot-234
2015	bot-252	alpha	P00r-4110	tick	5.43	11.78	300	0.02	0.02	3.89	5	squad	squad-26	1	bot-196
2015	bot-295	bravo	G00r-4422	tick	-5.45	3.55	119	0.00	0.00		0		squad-27	6	bot-234
2015	bot-296	alpha	S00r-4410	tick	0.06	3.67	291	0.03	0.01	3.77	2	seek	squad-26	4	bot-196
2032	bot-299	alpha	S00r-4410	state+latches	-20.12	1.64	83	0.00	0.00		0		squad-112	0	bot-299
2182	bot-297	bravo	C00m-33C0	state	-2.82	3.41	113	1.33	0.70	1.90	2	seek	squad-27	7	bot-234
2199	bot-297	bravo	C00m-33CI	latches	-2.87	3.42	114	1.48	0.05	2.17	1	cover	squad-27	7	bot-234
2249	bot-196	alpha	S00m-3320	state	6.82	5.69	256	0.53	0.13		0		squad-26	0	bot-196
2283	bot-299	alpha	A00r-4410	state	-19.77	1.62	83	2.34	0.34	16.43	3	seek	squad-112	0	bot-299
2400	bot-299	alpha	A00r-441G	latches	-19.77	1.62	84	0.00	0.00		0		squad-112	0	bot-299
2433	bot-297	bravo	C00m-33C2	latches	-3.25	3.64	164	4.39	0.44	1.75	1	cover	squad-27	7	bot-234
2450	bot-298	alpha	C32r-4410	state	-3.63	-7.61	357	0.03	0.01	13.68	4	seek	squad-26	5	bot-196
2466	bot-298	alpha	S32r-4410	state	-3.63	-7.61	1	0.16	0.00	0.68	1	cover	squad-26	5	bot-196
2483	bot-293	alpha	A00m-4320	state	0.01	2.35	302	0.07	0.04	1.53	1	seek	squad-26	6	bot-196
2550	bot-298	alpha	S00r-4410	tier+score	-3.63	-7.61	359	0.06	0.00	13.16	4	seek	squad-26	5	bot-196
2634	bot-293	alpha	A00m-432G	latches	0.03	2.34	299	0.02	0.02		0		squad-26	6	bot-196
2634	bot-297	bravo	C00m-33CI	latches	-3.62	4.36	123	4.83	0.81	1.37	1	cover	squad-27	7	bot-234
2634	bot-299	alpha	S00r-4410	state+latches	-19.77	1.62	84	0.00	0.00		0		squad-112	0	bot-299
2717	bot-299	alpha	A00r-4410	state	-19.67	1.62	87	1.27	0.11	16.83	3	seek	squad-112	0	bot-299
2751	bot-290	alpha	P00r-4410	tick	-2.38	9.24	93	2.36	1.56	11.54	3	squad	squad-26	3	bot-196
2768	bot-283	alpha	P00r-4320	tick	-2.34	7.66	190	0.00	2.08		0		squad-26	2	bot-196
2868	bot-293	alpha	S00m-4320	state+latches	0.03	2.34	299	0.00	0.00		0		squad-26	6	bot-196
2868	bot-297	bravo	G00m-33C2	state+latches	-4.68	4.31	180	4.85	1.06	0.38	1	cover	squad-27	7	bot-234
3018	bot-234	bravo	P00r-4410	tick	-9.99	-15.50	348	0.00	0.00		0		squad-27	0	bot-234
3018	bot-236	bravo	P00r-4410	tick	-12.12	-18.28	51	0.00	0.00		0		squad-27	1	bot-234
3018	bot-238	bravo	P00r-4420	tick	-14.54	-15.84	342	0.00	0.00		0		squad-27	2	bot-234
3018	bot-240	bravo	K00m-03C0	tick	-0.45	0.70	15	0.00	0.00		0		squad-27	4	bot-234
3018	bot-244	bravo	P00r-4410	tick	-13.42	-20.30	55	0.00	0.00		0		squad-27	3	bot-234
3018	bot-247	bravo	P00m-4320	tick	-15.24	-15.50	238	0.15	0.00	6.81	2	squad	squad-27	5	bot-234
3018	bot-252	alpha	P00r-4110	tick	5.42	11.79	332	0.02	0.02	8.48	10	squad	squad-26	1	bot-196
3018	bot-295	bravo	G00r-4422	tick	-3.45	3.55	128	0.00	2.00		0		squad-27	6	bot-234
3018	bot-296	alpha	S00r-4410	tick	0.06	3.67	284	0.01	0.00	3.77	2	seek	squad-26	4	bot-196
3253	bot-196	alpha	S00m-3320	tick	5.59	5.94	283	1.94	1.26	2.61	1	seek	squad-26	0	bot-196
3554	bot-298	alpha	S00r-4410	tick	-3.61	-7.61	18	0.07	0.01	13.16	4	seek	squad-26	5	bot-196
3571	bot-299	alpha	C00r-4410	state	-19.67	1.61	83	0.00	0.01		0		squad-112	0	bot-299
3587	bot-299	alpha	C00r-4412	latches	-19.70	1.63	83	1.26	0.04	9.01	4	cover	squad-112	0	bot-299
3604	bot-299	alpha	C00r-441I	latches	-19.72	1.64	80	1.27	0.02	9.00	4	cover	squad-112	0	bot-299
3755	bot-290	alpha	P00r-4410	tick	-2.80	7.17	160	2.41	2.10	8.68	2	squad	squad-26	3	bot-196
3771	bot-283	alpha	P00r-4320	tick	-2.26	9.23	336	2.22	1.57	7.86	2	squad	squad-26	2	bot-196
3838	bot-299	alpha	C00r-4412	latches	-20.04	1.87	29	3.42	0.39	8.83	4	cover	squad-112	0	bot-299
3872	bot-293	alpha	S00m-4320	tick	-0.05	2.15	294	0.21	0.21	0.98	1	seek	squad-26	6	bot-196
3872	bot-297	bravo	G00m-33C2	tick	-4.95	4.05	90	0.00	0.38		0		squad-27	7	bot-234
4022	bot-234	bravo	P00r-4410	tick	-9.99	-15.50	348	0.00	0.00		0		squad-27	0	bot-234
4022	bot-236	bravo	P00r-4410	tick	-12.12	-18.28	51	0.00	0.00		0		squad-27	1	bot-234
4022	bot-238	bravo	P00r-4420	tick	-14.54	-15.84	342	0.00	0.00		0		squad-27	2	bot-234
4022	bot-240	bravo	K00m-03C0	tick	-0.45	0.70	15	0.00	0.00		0		squad-27	4	bot-234
4022	bot-244	bravo	P00r-4410	tick	-13.42	-20.30	55	0.00	0.00		0		squad-27	3	bot-234
4022	bot-247	bravo	P00m-4320	tick	-15.23	-15.50	263	0.08	0.00	6.81	2	squad	squad-27	5	bot-234
4022	bot-252	alpha	P00r-4110	tick	5.40	11.80	305	0.02	0.02	8.11	10	squad	squad-26	1	bot-196
4022	bot-295	bravo	G00r-4422	tick	-5.45	3.55	57	0.00	2.00		0		squad-27	6	bot-234
4022	bot-296	alpha	S00r-4410	tick	0.06	3.67	291	0.15	0.00	3.77	2	seek	squad-26	4	bot-196
4039	bot-299	alpha	S00r-4410	state+latches	-20.62	2.29	341	4.33	0.71	8.54	4	cover	squad-112	0	bot-299
4123	bot-296	alpha	P00r-4410	state	0.06	3.67	291	0.07	0.00	3.77	2	seek	squad-26	4	bot-196
4264	bot-196	alpha	S00m-3320	tick	3.79	6.35	285	1.87	1.84	0.77	1	seek	squad-26	0	bot-196
4575	bot-298	alpha	S00r-4410	tick	-3.60	-7.61	358	0.12	0.01	13.16	4	seek	squad-26	5	bot-196
4607	bot-299	alpha	C00r-4410	state	-19.54	2.11	85	1.99	1.09	15.66	3	seek	squad-112	0	bot-299
4624	bot-299	alpha	C00r-441I	latches	-19.66	2.15	80	3.77	0.13	8.48	4	cover	squad-112	0	bot-299
4708	bot-295	bravo	S00r-4420	state+latches	-5.45	3.55	109	0.00	0.00		0		squad-27	6	bot-234
4758	bot-290	alpha	P00r-4410	tick	-1.94	4.87	184	2.48	2.46	3.97	2	squad	squad-26	3	bot-196
4775	bot-283	alpha	P00r-4320	tick	0.03	9.49	94	2.07	2.30	2.16	2	squad	squad-26	2	bot-196
4858	bot-299	alpha	C00r-4412	latches	-20.58	2.54	19	4.35	0.99	8.28	4	cover	squad-112	0	bot-299
4875	bot-293	alpha	S00m-4320	tick	-0.07	2.15	299	0.19	0.01	0.97	1	seek	squad-26	6	bot-196
4875	bot-297	bravo	G00m-33C2	tick	-4.95	4.05	158	0.00	0.00		0		squad-27	7	bot-234
5026	bot-234	bravo	P00r-4410	tick	-9.99	-15.50	348	0.00	0.00		0		squad-27	0	bot-234
5026	bot-236	bravo	P00r-4410	tick	-12.12	-18.28	51	0.00	0.00		0		squad-27	1	bot-234
5026	bot-238	bravo	P00r-4420	tick	-14.54	-15.84	342	0.00	0.00		0		squad-27	2	bot-234
5026	bot-240	bravo	K00m-03C0	tick	-0.45	0.70	14	0.00	0.00		0		squad-27	4	bot-234
5026	bot-244	bravo	P00r-4410	tick	-13.42	-20.30	55	0.00	0.00		0		squad-27	3	bot-234
5026	bot-247	bravo	P00m-4320	tick	-15.24	-15.50	231	0.10	0.00	6.81	2	squad	squad-27	5	bot-234
5026	bot-252	alpha	P00r-4110	tick	5.40	11.79	282	0.02	0.00	3.86	4	squad	squad-26	1	bot-196
5126	bot-296	alpha	P00r-4410	tick	0.36	3.60	220	0.10	0.31		0		squad-26	4	bot-196
5276	bot-196	alpha	S00m-3320	tick	4.28	6.37	59	1.60	0.49	0.33	1	seek	squad-26	0	bot-196
5276	bot-297	bravo	C00m-33C2	state	-4.08	3.99	132	0.00	0.88		0		squad-27	7	bot-234
5294	bot-299	alpha	S00r-4410	state+latches	-22.27	3.44	312	3.72	1.92	8.07	3	cover	squad-112	0	bot-299
5532	bot-297	bravo	G00m-33C2	state	-4.57	4.11	186	4.79	0.51	0.38	1	cover	squad-27	7	bot-234
5582	bot-298	alpha	S00r-4410	tick	-3.60	-7.61	18	0.02	0.00	13.16	4	seek	squad-26	5	bot-196
5715	bot-295	bravo	S00r-4420	tick	-3.87	2.63	142	0.92	1.83	3.92	4	seek	squad-27	6	bot-234
5751	bot-290	alpha	S00r-4410	state	-0.57	5.77	49	2.31	1.64	6.39	4	squad	squad-26	3	bot-196
5766	bot-283	alpha	S00r-4320	state	0.47	7.41	191	2.41	2.13	5.78	6	squad	squad-26	2	bot-196
5882	bot-293	alpha	S00m-4320	tick	-0.06	2.17	293	0.27	0.02	0.96	1	seek	squad-26	6	bot-196
6034	bot-234	bravo	P00r-4410	tick	-9.99	-15.50	348	0.00	0.00		0		squad-27	0	bot-234
6034	bot-236	bravo	P00r-4410	tick	-12.12	-18.28	51	0.00	0.00		0		squad-27	1	bot-234
6034	bot-238	bravo	P00r-4420	tick	-14.54	-15.84	342	0.00	0.00		0		squad-27	2	bot-234
6034	bot-240	bravo	K00m-03C0	tick	-0.09	1.46	40	0.00	0.84		0		squad-27	4	bot-234
6034	bot-244	bravo	P00r-4410	tick	-13.42	-20.30	55	0.00	0.00		0		squad-27	3	bot-234
6034	bot-247	bravo	P00m-4320	tick	-15.23	-15.50	220	0.17	0.00	6.81	2	squad	squad-27	5	bot-234
6034	bot-252	alpha	P00r-4110	tick	5.46	11.76	310	0.83	0.07		0		squad-26	1	bot-196
6132	bot-296	alpha	P00r-4410	tick	1.35	3.04	131	2.48	1.13	6.50	2	squad	squad-26	4	bot-196
6248	bot-299	alpha	A00r-4410	state	-20.51	2.20	85	2.43	2.16	15.12	4	seek	squad-112	0	bot-299
6265	bot-299	alpha	A00r-441G	latches	-20.51	2.19	88	0.14	0.01		0		squad-112	0	bot-299
6282	bot-196	alpha	S00m-3320	tick	5.87	6.30	61	2.08	1.60	0.72	1	seek	squad-26	0	bot-196
6505	bot-299	alpha	S00r-4410	state+latches	-20.51	2.19	88	0.00	0.00		0		squad-112	0	bot-299
6517	bot-297	bravo	C00m-33C2	state	-4.08	3.99	92	0.00	0.51		0		squad-27	7	bot-234
6582	bot-298	alpha	S00r-4410	tick	-3.60	-7.61	358	0.09	0.00	13.17	4	seek	squad-26	5	bot-196
6632	bot-295	bravo	E00r-4420	state	-2.94	2.59	92	1.17	0.94	3.38	4	seek	squad-27	6	bot-234
6649	bot-295	bravo	E00r-4421	latches	-2.97	2.55	87	1.52	0.05	3.52	1	flee	squad-27	6	bot-234
6700	bot-295	bravo	E00r-442H	latches	-3.03	2.50	86	1.51	0.08	3.45	1	flee	squad-27	6	bot-234
6765	bot-290	alpha	S00r-4410	tick	-1.62	4.84	202	1.36	1.41	3.55	2	seek	squad-26	3	bot-196
6765	bot-297	bravo	G00m-33C2	state	-4.53	4.02	40	4.78	0.45	0.42	1	cover	squad-27	7	bot-234
6782	bot-283	alpha	S00r-4320	tick	-0.85	6.31	247	1.33	1.72	0.66	1	seek	squad-26	2	bot-196
6782	bot-299	alpha	A00r-4410	state	-20.16	2.17	89	2.05	0.36	16.71	3	seek	squad-112	0	bot-299
6848	bot-299	alpha	A00r-441G	latches	-20.16	2.16	89	0.13	0.01		0		squad-112	0	bot-299
6865	bot-299	alpha	A00r-4410	latches	-20.16	2.16	90	0.08	0.00		0		squad-112	0	bot-299
6882	bot-293	alpha	S00m-4320	tick	0.01	2.21	297	0.06	0.08	1.02	1	seek	squad-26	6	bot-196
6899	bot-295	bravo	E00r-4421	latches	-3.36	2.17	85	4.70	0.47	2.98	1	flee	squad-27	6	bot-234
7049	bot-234	bravo	P00r-4410	tick	-9.99	-15.50	348	0.00	0.00		0		squad-27	0	bot-234
7049	bot-236	bravo	P00r-4410	tick	-12.12	-18.28	51	0.00	0.00		0		squad-27	1	bot-234
7049	bot-238	bravo	P00r-4420	tick	-14.54	-15.84	342	0.00	0.00		0		squad-27	2	bot-234
7049	bot-240	bravo	K00m-03C0	tick	0.73	1.76	65	4.14	0.88	0.39	1	knife	squad-27	4	bot-234
7049	bot-244	bravo	P00r-4410	tick	-13.42	-20.30	55	0.00	0.00		0		squad-27	3	bot-234
7049	bot-247	bravo	P00m-4320	tick	-15.24	-15.50	252	0.09	0.01	6.81	2	squad	squad-27	5	bot-234
7049	bot-252	alpha	P00r-4110	tick	5.49	11.73	323	0.02	0.04	3.62	5	squad	squad-26	1	bot-196
7098	bot-196	alpha	P00m-3320	state	7.23	5.94	69	0.00	1.40		0		squad-26	0	bot-196
7098	bot-299	alpha	C00r-4410	state	-20.16	2.15	92	0.00	0.00		0		squad-112	0	bot-299
7115	bot-299	alpha	C00r-4412	latches	-20.21	2.16	92	1.51	0.05	1.79	1	cover	squad-112	0	bot-299
7148	bot-296	alpha	P00r-4410	tick	2.68	2.50	122	2.40	1.43	5.79	1	squad	squad-26	4	bot-196
7466	bot-234	bravo	S00r-4410	state	-9.99	-15.50	348	0.00	0.00		0		squad-27	0	bot-234
7466	bot-234	bravo	P00r-4410	state	-9.99	-15.50	348	0.00	0.00		0		squad-27	0	bot-234
7500	bot-295	bravo	A00r-4420	state+latches	-5.22	0.29	77	0.00	2.64		0		squad-27	6	bot-234
7571	bot-299	alpha	G00r-4412	state	-21.60	2.46	97	4.72	1.42	0.36	1	cover	squad-112	0	bot-299
7584	bot-298	alpha	S00r-4410	tick	-3.60	-7.61	18	0.03	0.00	13.16	4	seek	squad-26	5	bot-196
7584	bot-299	alpha	G00r-441I	latches	-21.86	2.53	91	0.00	0.27		0		squad-112	0	bot-299
7615	bot-299	alpha	A00r-441G	state+latches	-21.95	2.55	88	1.57	0.09		0		squad-112	0	bot-299
7765	bot-290	alpha	S00r-4410	tick	-2.17	3.56	201	1.40	1.39	2.16	1	seek	squad-26	3	bot-196
7765	bot-297	bravo	G00m-33C2	tick	-4.95	4.05	90	0.00	0.42		0		squad-27	7	bot-234
7782	bot-283	alpha	S00r-4320	tick	-1.77	5.94	259	1.13	0.99	0.64	1	seek	squad-26	2	bot-196
7798	bot-295	bravo	F00r-4420	state	-5.22	0.30	79	0.00	0.00		0		squad-27	6	bot-234
7815	bot-295	bravo	A00r-4420	state	-5.22	0.30	79	0.00	0.00		0		squad-27	6	bot-234
7832	bot-299	alpha	S00r-4410	state+latches	-21.95	2.56	88	0.00	0.00		0		squad-112	0	bot-299
7888	bot-293	alpha	S00m-4320	tick	-0.02	2.14	294	0.22	0.08	1.01	1	seek	squad-26	6	bot-196
7948	bot-295	bravo	F00r-4420	state	-5.22	0.30	80	0.00	0.00		0		squad-27	6	bot-234
7965	bot-295	bravo	A00r-4420	state	-5.22	0.30	80	0.00	0.00		0		squad-27	6	bot-234
8015	bot-297	bravo	C00m-33C2	state	-4.08	3.99	112	0.00	0.87		0		squad-27	7	bot-234
8065	bot-236	bravo	P00r-4410	tick	-12.12	-18.28	51	0.00	0.00		0		squad-27	1	bot-234
8065	bot-238	bravo	P00r-4420	tick	-14.54	-15.84	342	0.00	0.00		0		squad-27	2	bot-234
8065	bot-240	bravo	K00m-03C0	tick	2.72	2.03	91	4.08	2.00	0.39	1	knife	squad-27	4	bot-234
8065	bot-244	bravo	P00r-4410	tick	-13.42	-20.30	55	0.00	0.00		0		squad-27	3	bot-234
8065	bot-247	bravo	P00m-4320	tick	-15.24	-15.50	249	0.09	0.00	6.81	2	squad	squad-27	5	bot-234
8065	bot-252	alpha	P00r-4110	tick	5.48	11.74	290	0.03	0.02	3.83	5	squad	squad-26	1	bot-196
8098	bot-295	bravo	F00r-4420	state	-5.22	0.30	81	0.00	0.00		0		squad-27	6	bot-234
8115	bot-196	alpha	P00m-3320	tick	6.42	5.72	309	0.77	0.84		0		squad-26	0	bot-196
8115	bot-295	bravo	P00r-4420	state	-5.22	0.30	81	1.33	0.00		1	muzzleRecovery	squad-27	6	bot-234
8132	bot-295	bravo	A00r-4420	state	-5.20	0.32	77	0.00	0.02		0	muzzleRecovery	squad-27	6	bot-234
8132	bot-297	bravo	S00m-33C0	state+latches	-4.28	4.00	136	2.53	0.20	0.67	1	cover	squad-27	7	bot-234
8148	bot-296	alpha	P00r-4410	tick	5.02	1.92	90	2.42	2.41	3.38	1	squad	squad-26	4	bot-196
8206	bot-299	alpha	A00r-4410	state	-21.44	2.44	99	1.91	0.52	16.16	3	seek	squad-112	0	bot-299
8216	bot-299	alpha	A00r-441G	latches	-21.44	2.44	97	0.00	0.00		0		squad-112	0	bot-299
8251	bot-295	bravo	F00r-4420	state	-5.20	0.32	81	0.00	0.00		0		squad-27	6	bot-234
8271	bot-295	bravo	A00r-4420	state	-5.20	0.32	82	0.00	0.00		0		squad-27	6	bot-234
8398	bot-295	bravo	F00r-4420	state	-5.20	0.32	82	0.15	0.00		0		squad-27	6	bot-234
8398	bot-295	bravo	F00r-3420	ammo	-5.20	0.32	82	0.02	0.00		0		squad-27	6	bot-234
8398	bot-297	bravo	A00m-33C0	state	-3.96	3.94	97	1.67	0.33	3.03	2	seek	squad-27	7	bot-234
8415	bot-295	bravo	U00r-3420	state	-5.20	0.32	82	0.02	0.00		0		squad-27	6	bot-234
8448	bot-297	bravo	A00m-33CG	latches	-3.96	3.94	103	0.00	0.00		0		squad-27	7	bot-234
8465	bot-299	alpha	S00r-4410	state+latches	-21.44	2.43	97	0.00	0.00		0		squad-112	0	bot-299
8490	bot-234	bravo	P00r-4410	tick	-9.99	-15.50	348	0.00	0.00		0		squad-27	0	bot-234
8598	bot-298	alpha	S00r-4410	tick	-3.59	-7.60	358	0.04	0.01	13.16	4	seek	squad-26	5	bot-196
8683	bot-297	bravo	S00m-33C0	state+latches	-3.97	3.93	103	0.00	0.01		0		squad-27	7	bot-234
8748	bot-299	alpha	A00r-4410	state	-21.12	2.36	97	1.81	0.32	15.78	3	seek	squad-112	0	bot-299
8765	bot-299	alpha	A00r-441G	latches	-21.12	2.36	96	0.00	0.00		0		squad-112	0	bot-299
8781	bot-290	alpha	S00r-4410	tick	-2.65	2.31	201	1.31	1.34	0.82	1	seek	squad-26	3	bot-196
8798	bot-283	alpha	S00r-4320	tick	-1.26	5.91	42	1.13	0.51	0.67	1	seek	squad-26	2	bot-196
8902	bot-293	alpha	S00m-4320	tick	-0.08	2.14	295	0.22	0.06	0.96	1	seek	squad-26	6	bot-196
8945	bot-293	alpha	A00m-4320	state	-0.08	2.14	295	0.23	0.00	0.96	1	seek	squad-26	6	bot-196
8945	bot-297	bravo	A00m-33C0	state	-3.73	3.88	99	1.62	0.25	8.38	2	seek	squad-27	7	bot-234
8983	bot-295	bravo	C00r-3420	state	-3.97	1.15	88	3.61	1.48	7.67	3	pursue	squad-27	6	bot-234
8999	bot-295	bravo	C00r-3422	latches	-3.85	1.21	79	4.03	0.13	7.55	3	pursue	squad-27	6	bot-234
8999	bot-297	bravo	A00m-33CG	latches	-3.73	3.87	103	0.41	0.01		0		squad-27	7	bot-234
8999	bot-299	alpha	S00r-4410	state+latches	-21.14	2.35	96	0.00	0.02		0		squad-112	0	bot-299
9065	bot-236	bravo	P00r-4410	tick	-12.12	-18.28	51	0.00	0.00		0		squad-27	1	bot-234
9065	bot-238	bravo	P00r-4420	tick	-14.54	-15.84	342	0.00	0.00		0		squad-27	2	bot-234
9065	bot-240	bravo	K00m-03C0	tick	4.75	2.05	106	0.00	2.03		0		squad-27	4	bot-234
9065	bot-244	bravo	P00r-4410	tick	-13.42	-20.30	55	0.00	0.00		0		squad-27	3	bot-234
9065	bot-247	bravo	P00m-4320	tick	-15.24	-15.50	217	0.09	0.00	6.81	2	squad	squad-27	5	bot-234
9065	bot-252	alpha	P00r-4110	tick	5.48	11.74	295	0.01	0.00	3.83	5	squad	squad-26	1	bot-196
9132	bot-196	alpha	P00m-3320	tick	6.65	5.69	88	1.13	0.24		0		squad-26	0	bot-196
9132	bot-296	alpha	S00r-4410	state	6.73	1.49	87	0.00	1.77		0		squad-26	4	bot-196
9248	bot-297	bravo	S00m-33C0	state+latches	-3.73	3.87	103	0.00	0.00		0		squad-27	7	bot-234
9265	bot-299	alpha	A00r-4410	state	-20.84	2.28	99	2.00	0.31	16.48	3	seek	squad-112	0	bot-299
9298	bot-299	alpha	A00r-441G	latches	-20.84	2.28	93	0.00	0.00		0		squad-112	0	bot-299
9365	bot-297	bravo	A00m-33C0	state	-3.63	3.85	102	0.96	0.11	9.27	2	seek	squad-27	7	bot-234
9465	bot-297	bravo	F00m-33C0	state	-3.63	3.84	103	0.01	0.01		0		squad-27	7	bot-234
9482	bot-196	alpha	P21m-3320	tier+score	7.04	5.69	75	1.05	0.38		0		squad-26	0	bot-196
9482	bot-252	alpha	P21r-4110	tier+score	5.47	11.75	308	0.04	0.00	3.83	5	squad	squad-26	1	bot-196
9482	bot-283	alpha	S21r-4320	tier+score	-1.31	6.15	351	1.35	0.25	1.58	1	seek	squad-26	2	bot-196
9482	bot-290	alpha	S21r-4410	tier+score	-2.98	2.03	207	1.35	0.43	1.09	1	seek	squad-26	3	bot-196
9482	bot-293	alpha	A21m-4320	tier+score	0.05	2.07	262	0.00	0.15		0		squad-26	6	bot-196
9482	bot-296	alpha	S21r-4310	tier+score+health	5.95	1.57	352	2.22	0.78	9.92	2	seek	squad-26	4	bot-196
9482	bot-297	bravo	A00m-33C0	state	-3.63	3.84	103	0.00	0.00		0		squad-27	7	bot-234
9498	bot-234	bravo	P00r-4410	tick	-9.99	-15.50	348	0.00	0.00		0		squad-27	0	bot-234
9498	bot-296	alpha	C21r-4310	state	5.95	1.57	352	2.22	0.00	9.92	2	seek	squad-26	4	bot-196
9515	bot-296	alpha	C21r-4312	latches	5.95	1.57	344	0.00	0.00		0		squad-26	4	bot-196
9548	bot-299	alpha	S00r-4410	state+latches	-20.84	2.27	93	0.00	0.01		0		squad-112	0	bot-299
9607	bot-297	bravo	F00m-33C0	state	-3.63	3.84	103	0.00	0.00		0		squad-27	7	bot-234
9607	bot-297	bravo	F00m-23C0	ammo	-3.63	3.84	103	0.00	0.00		0		squad-27	7	bot-234
9607	bot-298	alpha	S00r-4410	tick	-3.60	-7.61	18	0.34	0.01	13.17	4	seek	squad-26	5	bot-196
9622	bot-297	bravo	A00m-23C0	state	-3.63	3.84	103	0.00	0.00		0		squad-27	7	bot-234
9698	bot-295	bravo	P00r-3420	state+latches	-1.69	2.29	96	1.93	2.42	10.39	1	muzzleRecovery	squad-27	6	bot-234
9748	bot-297	bravo	F00m-23C0	state	-3.63	3.84	103	0.00	0.00		0		squad-27	7	bot-234
9765	bot-297	bravo	P00m-23C0	state	-3.63	3.84	103	1.03	0.00		1	muzzleRecovery	squad-27	7	bot-234
9829	bot-293	alpha	F21m-4320	state	0.05	2.07	275	0.00	0.00		0		squad-26	6	bot-196
9829	bot-295	bravo	P00r-3320	health	-1.99	2.20	134	2.55	0.32	10.25	1	muzzleRecovery	squad-27	6	bot-234
9829	bot-299	alpha	A00r-4410	state	-20.50	2.21	97	2.10	0.35	17.56	3	seek	squad-112	0	bot-299
9853	bot-240	bravo	K21m-03C0	tier+score	4.75	2.05	112	0.00	0.00		0		squad-27	4	bot-234
9853	bot-293	alpha	A21m-4320	state	0.05	2.07	274	0.00	0.00		0		squad-26	6	bot-196
9871	bot-296	alpha	A21r-4310	state+latches	5.96	1.57	274	0.00	0.00		0		squad-26	4	bot-196
9871	bot-299	alpha	A00r-441G	latches	-20.50	2.20	90	0.12	0.01		0		squad-112	0	bot-299
9913	bot-295	bravo	C00r-3320	state	-2.17	2.15	150	0.00	0.18	10.18	0	muzzleRecovery	squad-27	6	bot-234
9943	bot-295	bravo	C00r-3322	latches	-2.28	2.31	137	3.92	0.19	3.19	1	cover	squad-27	6	bot-234
9981	bot-293	alpha	F21m-4320	state	0.05	2.07	276	0.00	0.00		0		squad-26	6	bot-196
9981	bot-295	bravo	C10r-3322	tier	-2.37	2.45	127	4.55	0.17	3.03	1	cover	squad-27	6	bot-234
9999	bot-293	alpha	A21m-4320	state	0.05	2.07	277	0.00	0.00		0		squad-26	6	bot-196
10090	bot-236	bravo	P00r-4410	tick	-12.12	-18.28	51	0.00	0.00		0		squad-27	1	bot-234
10090	bot-238	bravo	P00r-4420	tick	-14.54	-15.84	342	0.00	0.00		0		squad-27	2	bot-234
10090	bot-244	bravo	P00r-4410	tick	-13.42	-20.30	55	0.00	0.00		0		squad-27	3	bot-234
10090	bot-247	bravo	P00m-4320	tick	-15.24	-15.50	234	0.05	0.00	6.81	2	squad	squad-27	5	bot-234
10110	bot-299	alpha	S00r-4410	state+latches	-20.50	2.20	90	0.00	0.00		0		squad-112	0	bot-299
10127	bot-293	alpha	F21m-4320	state	0.05	2.07	283	0.00	0.00		0		squad-26	6	bot-196
10127	bot-295	bravo	E10r-3220	state+health+latches	-2.83	2.79	103	4.63	0.57		0		squad-27	6	bot-234
10146	bot-240	bravo	K32m-03C0	tier+score	4.75	2.05	112	0.00	0.00		0		squad-27	4	bot-234
10146	bot-293	alpha	A21m-4320	state	0.05	2.07	284	0.00	0.00		0		squad-26	6	bot-196
10146	bot-295	bravo	E10r-3229	latches	-3.00	2.86	104	5.15	0.18	5.41	1	flee	squad-27	6	bot-234
10160	bot-297	bravo	M32m-23C0	state+tier+score	-3.25	3.72	86	0.00	0.40		0	muzzleRecovery	squad-27	7	bot-234
10177	bot-295	bravo	E32r-3229	tier+score	-3.16	2.90	104	5.19	0.16	5.26	1	flee	squad-27	6	bot-234
10215	bot-293	alpha	A21m-432G	latches	0.05	2.07	284	0.00	0.00		0		squad-26	6	bot-196
10303	bot-296	alpha	C21r-4310	state	5.96	1.57	284	0.00	0.00		0		squad-26	4	bot-196
10315	bot-296	alpha	C21r-431I	latches	5.96	1.57	282	0.00	0.00		0		squad-26	4	bot-196
10315	bot-297	bravo	M32m-23CG	latches	-3.44	3.99	102	1.91	0.32	1.16	1	medic	squad-27	7	bot-234
10348	bot-296	alpha	C21r-4312	latches	5.96	1.57	279	0.00	0.00		0		squad-26	4	bot-196
10384	bot-296	alpha	C21r-431I	latches	5.96	1.57	276	0.00	0.00		0		squad-26	4	bot-196
10398	bot-295	bravo	E32r-322P	latches	-4.28	3.23	99	5.35	1.17	4.26	1	flee	squad-27	6	bot-234
10448	bot-293	alpha	S21m-4320	state+latches	0.05	2.07	284	0.00	0.00		0		squad-26	6	bot-196
10486	bot-196	alpha	P21m-3320	tick	7.04	5.69	295	0.00	0.00		0		squad-26	0	bot-196
10486	bot-252	alpha	P21r-4110	tick	5.57	11.69	272	0.00	0.12		0		squad-26	1	bot-196
10486	bot-283	alpha	S21r-4320	tick	-2.17	5.29	212	1.29	1.21	0.76	1	seek	squad-26	2	bot-196
10486	bot-290	alpha	S21r-4410	tick	-3.30	1.51	104	1.32	0.61	0.56	1	seek	squad-26	3	bot-196
10499	bot-234	bravo	P00r-4410	tick	-9.99	-15.50	348	0.00	0.00		0		squad-27	0	bot-234
10531	bot-297	bravo	T32m-23CG	state	-4.21	4.53	53	6.46	0.94	1.33	1	medic	squad-27	7	bot-234
10549	bot-295	bravo	E32r-332P	health	-4.97	3.61	99	5.16	0.79	3.54	1	flee	squad-27	6	bot-234
10572	bot-297	bravo	T32m-23C0	latches	-4.25	4.52	68	2.26	0.04	1.29	1	medic	squad-27	7	bot-234
10624	bot-296	alpha	C21r-4312	latches	5.96	1.57	294	0.00	0.00		0		squad-26	4	bot-196
10624	bot-298	alpha	S00r-4410	tick	-3.60	-7.61	358	0.11	0.00	13.16	4	seek	squad-26	5	bot-196
10637	bot-295	bravo	E32r-3329	latches	-5.35	3.86	99	5.12	0.45	3.13	1	flee	squad-27	6	bot-234
10681	bot-296	alpha	S21r-4310	state+latches	5.96	1.57	297	0.00	0.00		0		squad-26	4	bot-196
10762	bot-299	alpha	C00r-4410	state	-19.42	2.06	90	2.00	1.09	17.47	3	seek	squad-112	0	bot-299
10780	bot-299	alpha	C00r-441I	latches	-19.54	2.10	81	3.62	0.13	8.52	4	cover	squad-112	0	bot-299
10982	bot-196	alpha	P00m-3320	tier+score	7.04	5.69	256	0.00	0.00		0		squad-26	0	bot-196
10982	bot-252	alpha	P00r-4110	tier+score	5.57	11.69	235	0.00	0.00		0		squad-26	1	bot-196
10982	bot-283	alpha	S00r-4320	tier+score	-1.89	5.31	186	1.17	0.27	0.92	1	seek	squad-26	2	bot-196
10982	bot-290	alpha	S00r-4410	tier+score	-2.98	1.65	101	1.28	0.34	0.54	1	seek	squad-26	3	bot-196
10982	bot-293	alpha	S00m-4320	tier+score	-0.18	1.35	223	1.30	0.76	0.40	1	seek	squad-26	6	bot-196
10982	bot-296	alpha	S00r-4310	tier+score	5.27	1.41	285	2.35	0.71	9.37	2	seek	squad-26	4	bot-196
11018	bot-299	alpha	C00r-4412	latches	-20.45	2.46	20	4.46	0.98	8.33	4	cover	squad-112	0	bot-299
11080	bot-295	bravo	E32r-3321	latches	-6.53	5.73	99	4.55	2.21	0.92	1	flee	squad-27	6	bot-234
11097	bot-236	bravo	P00r-4410	tick	-12.12	-18.28	51	0.00	0.00		0		squad-27	1	bot-234
11097	bot-238	bravo	P00r-4420	tick	-14.54	-15.84	342	0.00	0.00		0		squad-27	2	bot-234
11097	bot-244	bravo	P00r-4410	tick	-13.42	-20.30	55	0.00	0.00		0		squad-27	3	bot-234
11097	bot-247	bravo	P00m-4320	tick	-15.24	-15.50	266	0.27	0.00	6.81	2	squad	squad-27	5	bot-234
11097	bot-297	bravo	S32m-23C0	state	-4.29	4.51	65	0.00	0.04	1.25	1	medic	squad-27	7	bot-234
11148	bot-240	bravo	K32m-03C0	tick	4.66	2.25	164	0.00	0.22		0		squad-27	4	bot-234
11183	bot-299	alpha	S00r-4410	state+latches	-21.05	2.76	342	4.72	0.67	8.21	4	cover	squad-112	0	bot-299
11248	bot-295	bravo	S32r-3324	state+latches	-6.81	6.27	99	0.00	0.61		0		squad-27	6	bot-234
11248	bot-297	bravo	U32m-23C0	state	-4.07	4.35	101	1.86	0.27	9.29	2	seek	squad-27	7	bot-234
11265	bot-296	alpha	C00r-4310	state	4.69	1.19	288	2.34	0.62	8.84	1	seek	squad-26	4	bot-196
11281	bot-296	alpha	C00r-4312	latches	4.69	1.19	290	0.03	0.00		0		squad-26	4	bot-196
11515	bot-234	bravo	P00r-4410	tick	-9.99	-15.50	348	0.00	0.00		0		squad-27	0	bot-234
11588	bot-295	bravo	S32r-3320	latches	-6.79	6.26	132	1.30	0.02	13.44	3	seek	squad-27	6	bot-234
11632	bot-296	alpha	A00r-4310	state+latches	4.69	1.19	289	0.00	0.00		0		squad-26	4	bot-196
11632	bot-298	alpha	S00r-4410	tick	-3.60	-7.61	18	0.02	0.00	13.16	4	seek	squad-26	5	bot-196
11733	bot-299	alpha	A00r-4410	state	-20.11	2.30	102	2.06	1.05	15.82	3	seek	squad-112	0	bot-299
11749	bot-299	alpha	A00r-441G	latches	-20.12	2.28	96	0.48	0.01		0		squad-112	0	bot-299
11810	bot-297	bravo	C32m-23C0	state	-2.33	3.56	109	4.17	1.90	1.56	1	pursue	squad-27	7	bot-234
11834	bot-297	bravo	C32m-23C2	latches	-2.14	3.49	120	4.72	0.20	1.36	1	pursue	squad-27	7	bot-234
11990	bot-196	alpha	P00m-3320	tick	7.04	5.69	256	0.00	0.00		0		squad-26	0	bot-196
11990	bot-252	alpha	P00r-4110	tick	5.49	11.73	280	0.02	0.09	3.84	5	squad	squad-26	1	bot-196
11990	bot-283	alpha	S00r-4320	tick	-2.29	6.18	357	1.32	0.96	1.76	1	seek	squad-26	2	bot-196
11990	bot-290	alpha	S00r-4410	tick	-3.37	1.42	290	1.35	0.45	0.69	1	seek	squad-26	3	bot-196
11990	bot-293	alpha	S00m-4320	tick	-0.64	1.00	257	1.09	0.58	0.58	1	seek	squad-26	6	bot-196
11990	bot-299	alpha	S00r-4410	state+latches	-20.13	2.26	96	0.01	0.03		0		squad-112	0	bot-299
12032	bot-297	bravo	C32m-23CI	latches	-2.60	3.52	148	4.43	0.46	2.41	1	cover	squad-27	7	bot-234
12048	bot-297	bravo	C32m-23C2	latches	-2.67	3.53	144	4.52	0.07	2.33	1	cover	squad-27	7	bot-234
12065	bot-298	alpha	P00r-4410	state	-3.59	-7.61	18	0.15	0.00	13.16	4	seek	squad-26	5	bot-196
12095	bot-296	alpha	C00r-4310	state	4.69	1.19	288	0.00	0.00		0		squad-26	4	bot-196
12108	bot-196	alpha	S00m-3320	state	7.04	5.69	256	0.00	0.00		0		squad-26	0	bot-196
12108	bot-236	bravo	P00r-4410	tick	-12.12	-18.28	51	0.00	0.00		0		squad-27	1	bot-234
12108	bot-238	bravo	P00r-4420	tick	-14.54	-15.84	342	0.00	0.00		0		squad-27	2	bot-234
12108	bot-244	bravo	P00r-4410	tick	-13.42	-20.30	55	0.00	0.00		0		squad-27	3	bot-234
12108	bot-247	bravo	P00m-4320	tick	-15.24	-15.50	235	0.20	0.00	6.81	2	squad	squad-27	5	bot-234
12108	bot-296	alpha	C00r-4312	latches	4.69	1.19	288	0.00	0.00		0		squad-26	4	bot-196
12148	bot-240	bravo	K32m-03C0	tick	4.66	2.25	179	0.00	0.00		0		squad-27	4	bot-234
12186	bot-297	bravo	A32m-23C0	state+latches	-3.20	3.65	114	4.71	0.54	1.79	1	cover	squad-27	7	bot-234
12320	bot-299	alpha	A00r-4410	state	-19.74	2.06	85	2.05	0.43	17.36	3	seek	squad-112	0	bot-299
12341	bot-299	alpha	A00r-441G	latches	-19.74	2.06	85	0.22	0.00		0		squad-112	0	bot-299
12465	bot-296	alpha	A00r-4310	state+latches	4.69	1.19	287	0.00	0.00		0		squad-26	4	bot-196
12527	bot-234	bravo	P00r-4410	tick	-9.99	-15.50	348	0.00	0.00		0		squad-27	0	bot-234
12543	bot-296	alpha	F00r-4310	state	4.69	1.19	287	0.00	0.00		0		squad-26	4	bot-196
12554	bot-296	alpha	A00r-4310	state	4.69	1.19	287	0.00	0.00		0		squad-26	4	bot-196
12585	bot-299	alpha	S00r-4410	state+latches	-19.74	2.05	85	0.00	0.01		0		squad-112	0	bot-299
12602	bot-295	bravo	S32r-3320	tick	-5.15	4.97	119	2.13	2.09	11.36	3	seek	squad-27	6	bot-234
12619	bot-297	bravo	C32m-23C0	state	-3.21	3.65	107	0.04	0.01		0		squad-27	7	bot-234
12636	bot-297	bravo	C32m-23C2	latches	-3.26	3.64	107	1.54	0.05	2.19	1	cover	squad-27	7	bot-234
12669	bot-296	alpha	F00r-4310	state	4.69	1.19	287	0.00	0.00		0		squad-26	4	bot-196
12686	bot-296	alpha	A00r-4310	state	4.69	1.19	287	0.00	0.00		0		squad-26	4	bot-196
12719	bot-196	alpha	S21m-3320	tier+score	7.04	5.69	291	0.00	0.00		0		squad-26	0	bot-196
12719	bot-252	alpha	P21r-4110	tier+score	5.49	11.73	297	0.01	0.00	3.84	5	squad	squad-26	1	bot-196
12719	bot-283	alpha	S21r-4320	tier+score	-1.55	5.55	130	1.34	0.97	0.78	1	seek	squad-26	2	bot-196
12719	bot-290	alpha	S21r-4410	tier+score	-3.85	1.06	231	1.30	0.60	0.50	1	seek	squad-26	3	bot-196
12719	bot-293	alpha	M21m-4320	state+tier+score	-0.24	0.73	226	1.33	0.48	0.34	1	seek	squad-26	6	bot-196
12719	bot-296	alpha	E21r-4210	state+tier+score+health	4.69	1.19	287	0.00	0.00		0		squad-26	4	bot-196
12736	bot-296	alpha	E21r-4219	latches	4.64	1.18	287	1.58	0.05	4.92	2	flee	squad-26	4	bot-196
12753	bot-296	alpha	E21r-421P	latches	4.62	1.18	287	1.58	0.03	4.91	2	flee	squad-26	4	bot-196
12753	bot-297	bravo	C32m-23CI	latches	-3.45	3.63	110	1.56	0.19	2.00	1	cover	squad-27	7	bot-234
12838	bot-240	bravo	K00m-03C0	tier+score	4.66	2.25	188	0.00	0.00		0		squad-27	4	bot-234
12838	bot-295	bravo	S00r-3320	tier+score	-4.74	4.66	127	2.18	0.51	10.85	3	seek	squad-27	6	bot-234
12838	bot-297	bravo	C10m-23CI	tier+score	-3.58	3.63	128	1.56	0.14	1.87	1	cover	squad-27	7	bot-234
12853	bot-299	alpha	C00r-4410	state	-19.41	2.02	85	2.04	0.34	16.03	3	seek	squad-112	0	bot-299
12870	bot-299	alpha	C00r-4412	latches	-19.52	2.06	84	3.60	0.12	8.55	4	cover	squad-112	0	bot-299
12994	bot-296	alpha	E21r-4219	latches	3.99	1.19	287	4.91	0.63	4.46	2	flee	squad-26	4	bot-196
12994	bot-297	bravo	C10m-23C2	latches	-4.30	3.37	168	5.16	0.76	1.17	1	cover	squad-27	7	bot-234
12994	bot-299	alpha	C00r-441I	latches	-19.95	2.27	81	4.09	0.48	8.42	4	cover	squad-112	0	bot-299
13054	bot-297	bravo	S10m-23C0	state+latches	-4.49	3.32	179	4.75	0.20	0.98	1	cover	squad-27	7	bot-234
13075	bot-298	alpha	P00r-4410	tick	-3.61	-7.61	17	0.11	0.02	11.04	3	squad	squad-26	5	bot-196
13118	bot-236	bravo	P00r-4410	tick	-12.12	-18.28	51	0.00	0.00		0		squad-27	1	bot-234
13118	bot-238	bravo	P00r-4420	tick	-14.54	-15.84	342	0.00	0.00		0		squad-27	2	bot-234
13118	bot-244	bravo	P00r-4410	tick	-13.42	-20.30	55	0.00	0.00		0		squad-27	3	bot-234
13118	bot-247	bravo	P00m-4320	tick	-15.24	-15.50	216	0.12	0.00	6.81	2	squad	squad-27	5	bot-234
13134	bot-293	alpha	T21m-4320	state	1.35	0.84	130	5.95	1.58	3.36	1	medic	squad-26	6	bot-196
13134	bot-296	alpha	E21r-4319	health	3.34	1.40	287	4.96	0.68	3.90	2	flee	squad-26	4	bot-196
13238	bot-299	alpha	C00r-4412	latches	-20.94	2.71	18	4.66	1.08	8.23	4	cover	squad-112	0	bot-299
13271	bot-299	alpha	S00r-4410	state+latches	-21.01	2.73	14	4.63	0.08	8.22	4	cover	squad-112	0	bot-299
13539	bot-234	bravo	P00r-4410	tick	-9.99	-15.50	348	0.00	0.00		0		squad-27	0	bot-234
13565	bot-293	alpha	M21m-4320	state	1.35	0.84	19	0.00	0.00	3.36	1	medic	squad-26	6	bot-196
13565	bot-295	bravo	C00r-3320	state	-3.61	4.19	114	1.77	1.23	9.64	3	seek	squad-27	6	bot-234
13581	bot-295	bravo	C00r-3322	latches	-3.75	4.23	121	4.90	0.15	1.21	1	cover	squad-27	6	bot-234
13598	bot-295	bravo	C00r-332I	latches	-3.84	4.25	126	4.92	0.08	1.13	1	cover	squad-27	6	bot-234
13618	bot-293	alpha	M21m-432G	latches	1.30	1.23	1	5.93	0.40	2.33	1	medic	squad-26	6	bot-196
13618	bot-297	bravo	C10m-23C0	state	-3.52	2.89	102	1.92	1.06	7.12	2	seek	squad-27	7	bot-234
13639	bot-296	alpha	E21r-431P	latches	1.58	3.04	282	4.72	2.42	1.60	1	flee	squad-26	4	bot-196
13639	bot-297	bravo	C10m-23CI	latches	-3.72	2.89	102	4.80	0.19	1.85	1	cover	squad-27	7	bot-234
13731	bot-196	alpha	S21m-3320	tick	5.32	6.03	283	1.86	1.75	2.33	1	seek	squad-26	0	bot-196
13731	bot-252	alpha	P21r-4110	tick	5.57	11.69	236	0.00	0.09		0		squad-26	1	bot-196
13731	bot-283	alpha	S21r-4320	tick	-1.63	5.88	359	1.18	0.33	1.43	1	seek	squad-26	2	bot-196
13731	bot-290	alpha	S21r-4410	tick	-3.79	1.45	288	1.35	0.40	0.62	1	seek	squad-26	3	bot-196
13731	bot-299	alpha	C00r-4410	state	-20.22	2.33	102	2.10	0.89	15.82	3	seek	squad-112	0	bot-299
13748	bot-299	alpha	C00r-441I	latches	-20.38	2.35	102	4.73	0.16	1.58	1	cover	squad-112	0	bot-299
13765	bot-295	bravo	G00r-332I	state	-4.56	4.28	164	4.80	0.73	0.45	1	cover	squad-27	6	bot-234
13831	bot-293	alpha	T21m-432G	state	1.16	2.38	348	5.66	1.16	1.18	1	medic	squad-26	6	bot-196
13831	bot-295	bravo	G00r-3322	latches	-4.95	4.05	150	0.10	0.45		0		squad-27	6	bot-234
13851	bot-240	bravo	K00m-03C0	tick	3.27	2.49	267	4.07	1.42	0.67	1	knife	squad-27	4	bot-234
13851	bot-293	alpha	T21m-4320	latches	1.16	2.38	338	0.00	0.00	1.18	1	medic	squad-26	6	bot-196
13885	bot-296	alpha	E21r-4319	latches	1.26	4.10	282	4.01	1.10	0.50	1	flee	squad-26	4	bot-196
13885	bot-297	bravo	C10m-23C2	latches	-4.88	3.05	101	4.69	1.17	0.76	1	cover	squad-27	7	bot-234
13903	bot-299	alpha	A00r-441G	state+latches	-21.02	2.43	137	4.78	0.65	0.93	1	cover	squad-112	0	bot-299
13931	bot-296	alpha	E21r-4311	latches	1.18	4.26	282	3.56	0.18	0.32	1	flee	squad-26	4	bot-196
13965	bot-296	alpha	S21r-4314	state+latches	1.18	4.26	282	0.00	0.00		0		squad-26	4	bot-196
13981	bot-293	alpha	S21m-4320	state	1.16	2.38	314	0.00	0.00	1.18	1	medic	squad-26	6	bot-196
13981	bot-297	bravo	G10m-23C2	state	-5.23	3.17	101	4.65	0.37	0.44	1	cover	squad-27	7	bot-234
13999	bot-299	alpha	S00r-4410	state+latches	-21.05	2.40	137	0.01	0.04		0		squad-112	0	bot-299
14082	bot-298	alpha	P00r-4410	tick	-3.65	-7.61	38	0.05	0.04	9.76	2	squad	squad-26	5	bot-196
14131	bot-236	bravo	P00r-4410	tick	-12.12	-18.28	51	0.00	0.00		0		squad-27	1	bot-234
14131	bot-238	bravo	P00r-4420	tick	-14.54	-15.84	342	0.00	0.00		0		squad-27	2	bot-234
14131	bot-244	bravo	P00r-4410	tick	-13.42	-20.30	55	0.00	0.00		0		squad-27	3	bot-234
14131	bot-247	bravo	P00m-4320	tick	-15.23	-15.50	248	0.06	0.00	6.81	2	squad	squad-27	5	bot-234
14181	bot-297	bravo	G00m-23C2	tier	-5.45	3.55	73	0.00	0.44		0		squad-27	7	bot-234
14234	bot-196	alpha	S00m-3320	tier+score	4.41	6.22	284	1.83	0.93	1.40	1	seek	squad-26	0	bot-196
14234	bot-252	alpha	P00r-4110	tier+score	5.57	11.69	198	0.00	0.00		0		squad-26	1	bot-196
14234	bot-283	alpha	S00r-4320	tier+score	-1.98	6.38	325	1.25	0.61	0.82	1	seek	squad-26	2	bot-196
14234	bot-290	alpha	S00r-4410	tier+score	-3.90	2.09	354	1.35	0.66	0.46	1	seek	squad-26	3	bot-196
14234	bot-293	alpha	S00m-4320	tier+score	0.66	2.40	274	1.63	0.50	2.11	1	seek	squad-26	6	bot-196
14234	bot-296	alpha	S00r-4314	tier+score	1.21	4.26	270	0.00	0.03		0		squad-26	4	bot-196
14465	bot-296	alpha	S00r-4310	latches	1.20	4.25	283	0.59	0.01	4.80	1	seek	squad-26	4	bot-196
14548	bot-234	bravo	P00r-4410	tick	-9.99	-15.50	348	0.00	0.00		0		squad-27	0	bot-234
14815	bot-299	alpha	C00r-4410	state	-19.58	2.03	86	2.32	1.51	15.67	3	seek	squad-112	0	bot-299
14831	bot-299	alpha	C00r-441I	latches	-19.70	2.06	80	3.18	0.12	8.58	4	cover	squad-112	0	bot-299
14848	bot-295	bravo	G00r-3322	tick	-4.95	4.05	71	0.00	0.00		0		squad-27	6	bot-234
14865	bot-240	bravo	K00m-03C0	tick	1.78	2.81	324	0.00	1.52		0		squad-27	4	bot-234
15081	bot-299	alpha	C00r-4412	latches	-20.63	2.52	15	4.52	1.04	8.32	4	cover	squad-112	0	bot-299
15098	bot-298	alpha	P00r-4410	tick	-3.59	-7.61	15	0.07	0.05	21.01	7	squad	squad-26	5	bot-196
15132	bot-236	bravo	P00r-4410	tick	-12.12	-18.28	51	0.00	0.00		0		squad-27	1	bot-234
15132	bot-238	bravo	P00r-4420	tick	-14.54	-15.84	342	0.00	0.00		0		squad-27	2	bot-234
15132	bot-244	bravo	P00r-4410	tick	-13.42	-20.30	55	0.00	0.00		0		squad-27	3	bot-234
15132	bot-247	bravo	P00m-4320	tick	-15.23	-15.50	253	0.02	0.00	6.81	2	squad	squad-27	5	bot-234
15198	bot-297	bravo	G00m-23C2	tick	-5.45	3.55	93	0.00	0.00		0		squad-27	7	bot-234
15248	bot-196	alpha	S00m-3320	tick	3.70	6.36	337	1.42	0.73	0.40	1	seek	squad-26	0	bot-196
15248	bot-252	alpha	P00r-4110	tick	5.51	11.72	291	0.02	0.08	4.40	3	squad	squad-26	1	bot-196
15248	bot-283	alpha	S00r-4320	tick	-1.59	6.32	89	1.33	0.39	1.38	1	seek	squad-26	2	bot-196
15248	bot-290	alpha	S00r-4410	tick	-3.04	2.49	84	1.13	0.95	0.59	1	seek	squad-26	3	bot-196
15248	bot-293	alpha	S00m-4320	tick	-0.07	2.29	280	0.33	0.74	1.40	1	seek	squad-26	6	bot-196
15331	bot-295	bravo	C00r-3322	state	-4.08	3.99	92	0.00	0.87		0		squad-27	6	bot-234
15465	bot-296	alpha	S00r-4310	tick	0.27	3.94	265	0.47	0.99	3.82	2	seek	squad-26	4	bot-196
15498	bot-299	alpha	S00r-4410	state+latches	-22.25	3.42	308	3.70	1.85	8.08	3	cover	squad-112	0	bot-299
15548	bot-234	bravo	P00r-4410	tick	-9.99	-15.50	348	0.00	0.00		0		squad-27	0	bot-234
15581	bot-295	bravo	G00r-3322	state	-4.52	4.10	39	4.78	0.46	0.43	1	cover	squad-27	6	bot-234
15881	bot-240	bravo	K00m-03C0	tick	1.78	2.81	302	0.00	0.00		0		squad-27	4	bot-234
16115	bot-298	alpha	P00r-4410	tick	-3.60	-7.61	3	0.06	0.00	21.63	9	squad	squad-26	5	bot-196
16148	bot-236	bravo	P00r-4410	tick	-12.12	-18.28	51	0.00	0.00		0		squad-27	1	bot-234
16148	bot-238	bravo	P00r-4420	tick	-14.54	-15.84	342	0.00	0.00		0		squad-27	2	bot-234
16148	bot-244	bravo	P00r-4410	tick	-13.42	-20.30	55	0.00	0.00		0		squad-27	3	bot-234
16148	bot-247	bravo	P00m-4320	tick	-15.23	-15.50	221	0.15	0.00	6.81	2	squad	squad-27	5	bot-234
16198	bot-297	bravo	G00m-23C2	tick	-5.45	3.55	128	0.00	0.00		0		squad-27	7	bot-234
16248	bot-196	alpha	S00m-3320	tick	5.29	6.33	60	2.73	1.60	0.38	1	seek	squad-26	0	bot-196
16248	bot-252	alpha	P00r-4110	tick	5.49	11.73	295	0.02	0.02	3.53	3	squad	squad-26	1	bot-196
16248	bot-283	alpha	S00r-4320	tick	-0.64	5.95	90	1.16	1.02	0.63	1	seek	squad-26	2	bot-196
16248	bot-290	alpha	S00r-4410	tick	-2.33	2.17	130	1.24	0.78	2.67	1	seek	squad-26	3	bot-196
16248	bot-293	alpha	S00m-4320	tick	-0.13	2.12	288	0.04	0.18	1.39	1	seek	squad-26	6	bot-196
16466	bot-296	alpha	S00r-4310	tick	0.06	3.71	252	0.19	0.31	3.57	2	seek	squad-26	4	bot-196
16499	bot-299	alpha	S00r-4410	tick	-20.36	2.10	84	2.43	2.30	14.49	4	seek	squad-112	0	bot-299
16532	bot-295	bravo	C00r-3322	state	-3.98	4.06	87	0.00	0.54		0		squad-27	6	bot-234
16549	bot-234	bravo	P00r-4410	tick	-9.99	-15.50	348	0.00	0.00		0		squad-27	0	bot-234
16633	bot-299	alpha	A00r-4410	state	-20.12	1.95	84	2.52	0.29	14.26	4	seek	squad-112	0	bot-299
16649	bot-299	alpha	A00r-441G	latches	-20.12	1.94	85	0.03	0.00		0		squad-112	0	bot-299
16817	bot-295	bravo	G00r-3322	state	-4.58	4.17	25	4.80	0.61	0.39	1	cover	squad-27	6	bot-234
16884	bot-240	bravo	K00m-03C0	tick	1.36	2.95	300	0.00	0.44		0		squad-27	4	bot-234
16884	bot-299	alpha	S00r-4410	state+latches	-20.12	1.94	85	0.00	0.00		0		squad-112	0	bot-299
17068	bot-298	alpha	S00r-4410	state	-3.60	-7.61	33	0.03	0.00	24.03	10	squad	squad-26	5	bot-196
17151	bot-236	bravo	P00r-4410	tick	-12.12	-18.28	51	0.00	0.00		0		squad-27	1	bot-234
17151	bot-238	bravo	P00r-4420	tick	-14.54	-15.84	342	0.00	0.00		0		squad-27	2	bot-234
17151	bot-244	bravo	P00r-4410	tick	-13.42	-20.30	55	0.00	0.00		0		squad-27	3	bot-234
17151	bot-247	bravo	P00m-4320	tick	-15.23	-15.50	230	0.06	0.00	6.81	2	squad	squad-27	5	bot-234
17151	bot-299	alpha	A00r-4410	state	-19.76	1.94	84	2.20	0.36	16.39	3	seek	squad-112	0	bot-299
17185	bot-299	alpha	A00r-441G	latches	-19.76	1.93	84	0.07	0.00		0		squad-112	0	bot-299
17201	bot-297	bravo	G00m-23C2	tick	-3.45	3.55	52	0.00	2.00		0		squad-27	7	bot-234
17252	bot-196	alpha	S00m-3320	tick	6.94	5.94	81	1.96	1.69	0.62	1	seek	squad-26	0	bot-196
17252	bot-252	alpha	P00r-4110	tick	5.51	11.72	326	0.04	0.02	3.55	5	squad	squad-26	1	bot-196
17252	bot-283	alpha	S00r-4320	tick	-1.36	5.66	250	1.36	0.78	1.94	1	seek	squad-26	2	bot-196
17252	bot-290	alpha	S00r-4410	tick	-3.38	1.36	233	1.35	1.33	1.34	1	seek	squad-26	3	bot-196
17252	bot-293	alpha	S00m-4320	tick	-0.19	2.15	298	0.07	0.07	1.32	2	seek	squad-26	6	bot-196
17419	bot-299	alpha	S00r-4410	state+latches	-19.76	1.93	84	0.00	0.00		0		squad-112	0	bot-299
17436	bot-196	alpha	P00m-3320	state	7.22	5.94	69	0.00	0.28		0		squad-26	0	bot-196
17469	bot-296	alpha	S00r-4310	tick	0.06	3.67	260	0.07	0.04	3.56	2	seek	squad-26	4	bot-196
17553	bot-234	bravo	P00r-4410	tick	-9.99	-15.50	348	0.00	0.00		0		squad-27	0	bot-234
17603	bot-293	alpha	C00m-4320	state	-0.20	2.15	298	0.31	0.01	1.31	2	seek	squad-26	6	bot-196
17603	bot-297	bravo	G00m-23CI	latches	-3.45	3.55	79	0.00	0.00		0		squad-27	7	bot-234
17603	bot-299	alpha	C00r-4410	state	-19.55	1.92	89	1.20	0.22	16.18	3	seek	squad-112	0	bot-299
17620	bot-293	alpha	C00m-432I	latches	-0.19	2.15	294	0.33	0.01		0		squad-26	6	bot-196
17620	bot-299	alpha	C00r-441I	latches	-19.58	1.94	82	1.15	0.04	8.68	4	cover	squad-112	0	bot-299
17687	bot-299	alpha	C00r-4412	latches	-19.77	2.02	74	3.62	0.20	8.63	4	cover	squad-112	0	bot-299
17703	bot-299	alpha	C00r-441I	latches	-19.82	2.05	70	3.76	0.06	8.61	4	cover	squad-112	0	bot-299
17753	bot-290	alpha	P00r-4410	state	-3.90	0.97	233	1.35	0.65	0.69	1	seek	squad-26	3	bot-196
17770	bot-283	alpha	P00r-4320	state	-1.92	5.27	235	1.37	0.69	1.26	1	seek	squad-26	2	bot-196
17820	bot-295	bravo	G00r-3322	tick	-4.95	4.05	77	0.00	0.39		0		squad-27	6	bot-234
17837	bot-297	bravo	G00m-23C2	latches	-4.78	3.54	92	0.00	1.33		0		squad-27	7	bot-234
17854	bot-293	alpha	C00m-4322	latches	-0.03	2.08	294	0.92	0.18		0		squad-26	6	bot-196
17870	bot-299	alpha	A00r-441G	state+latches	-20.35	2.33	31	4.32	0.60	8.43	4	cover	squad-112	0	bot-299
17887	bot-240	bravo	K00m-03C0	tick	1.36	2.95	294	0.00	0.00		0		squad-27	4	bot-234
17937	bot-299	alpha	S00r-4410	state+latches	-20.36	2.32	31	0.17	0.01		0		squad-112	0	bot-299
18004	bot-295	bravo	C00r-3322	state	-4.08	3.99	67	0.00	0.87		0		squad-27	6	bot-234
18071	bot-298	alpha	S00r-4410	tick	-3.60	-7.61	1	0.04	0.00	9.16	5	seek	squad-26	5	bot-196
18155	bot-236	bravo	P00r-4410	tick	-12.12	-18.28	51	0.00	0.00		0		squad-27	1	bot-234
18155	bot-238	bravo	P00r-4420	tick	-14.54	-15.84	342	0.00	0.00		0		squad-27	2	bot-234
18155	bot-244	bravo	P00r-4410	tick	-13.42	-20.30	55	0.00	0.00		0		squad-27	3	bot-234
18155	bot-247	bravo	P00m-4320	tick	-15.23	-15.50	262	0.22	0.00	6.81	2	squad	squad-27	5	bot-234
18255	bot-252	alpha	P00r-4110	tick	5.49	11.73	310	0.02	0.02	3.83	5	squad	squad-26	1	bot-196
18255	bot-295	bravo	G00r-3322	state	-4.52	4.10	15	4.78	0.46	0.43	1	cover	squad-27	6	bot-234
18439	bot-196	alpha	P00m-3320	tick	6.74	5.69	284	0.61	0.55		0		squad-26	0	bot-196
18473	bot-296	alpha	S00r-4310	tick	0.06	3.64	265	0.08	0.03	3.56	2	seek	squad-26	4	bot-196
18473	bot-299	alpha	C00r-4410	state	-19.50	2.05	85	1.92	0.90	16.12	3	seek	squad-112	0	bot-299
18489	bot-299	alpha	C00r-441I	latches	-19.61	2.10	80	3.70	0.12	8.53	4	cover	squad-112	0	bot-299
18556	bot-234	bravo	P00r-4410	tick	-9.99	-15.50	348	0.00	0.00		0		squad-27	0	bot-234
18590	bot-295	bravo	G00r-4322	ammo	-4.95	4.05	87	0.00	0.43		0		squad-27	6	bot-234
18724	bot-299	alpha	C00r-4412	latches	-20.50	2.49	19	4.47	0.98	8.31	4	cover	squad-112	0	bot-299
18757	bot-290	alpha	P00r-4410	tick	-2.76	2.60	55	2.36	2.00	11.44	5	squad	squad-26	3	bot-196
18774	bot-283	alpha	P00r-4320	tick	-0.74	3.43	132	2.76	2.19	8.54	3	squad	squad-26	2	bot-196
18841	bot-297	bravo	G00m-23C2	tick	-5.45	3.55	150	0.00	0.67		0		squad-27	7	bot-234
18857	bot-293	alpha	C00m-4322	tick	0.06	2.02	294	0.00	0.11		0		squad-26	6	bot-196
18891	bot-240	bravo	K00m-03C0	tick	1.36	2.95	235	0.00	0.00		0		squad-27	4	bot-234
19075	bot-298	alpha	S00r-4410	tick	-3.60	-7.61	14	0.06	0.00	9.16	5	seek	squad-26	5	bot-196
19092	bot-295	bravo	S00r-4320	state+latches	-4.95	4.05	91	0.00	0.00		0		squad-27	6	bot-234
19142	bot-295	bravo	S00r-3320	ammo	-4.87	4.12	105	1.03	0.11	7.43	3	seek	squad-27	6	bot-234
19169	bot-236	bravo	P00r-4410	tick	-12.12	-18.28	51	0.00	0.00		0		squad-27	1	bot-234
19169	bot-238	bravo	P00r-4420	tick	-14.54	-15.84	342	0.00	0.00		0		squad-27	2	bot-234
19169	bot-244	bravo	P00r-4410	tick	-13.42	-20.30	55	0.00	0.00		0		squad-27	3	bot-234
19169	bot-247	bravo	P00m-4320	tick	-15.24	-15.50	239	0.05	0.00	6.81	2	squad	squad-27	5	bot-234
19188	bot-299	alpha	S00r-4410	state+latches	-22.29	3.46	314	3.73	2.03	8.07	3	cover	squad-112	0	bot-299
19258	bot-252	alpha	P00r-4110	tick	5.49	11.73	279	0.15	0.01	3.82	5	squad	squad-26	1	bot-196
19448	bot-196	alpha	P00m-3320	tick	6.74	5.69	101	0.71	0.00		0		squad-26	0	bot-196
19481	bot-296	alpha	S00r-4310	tick	0.06	3.67	260	0.17	0.03	3.57	2	seek	squad-26	4	bot-196
19565	bot-234	bravo	P00r-4410	tick	-9.99	-15.50	348	0.00	0.00		0		squad-27	0	bot-234
19698	bot-295	bravo	S00r-4320	ammo	-4.01	3.97	143	1.61	0.87	6.78	3	seek	squad-27	6	bot-234
19764	bot-290	alpha	P00r-4410	tick	-1.53	4.30	40	1.87	2.10	9.40	5	squad	squad-26	3	bot-196
19781	bot-283	alpha	P00r-4320	tick	1.57	2.29	131	2.41	2.58	6.33	3	squad	squad-26	2	bot-196
19848	bot-297	bravo	G00m-23C2	tick	-3.45	3.55	80	0.00	2.00		0		squad-27	7	bot-234
19865	bot-293	alpha	C00m-4322	tick	0.06	2.02	294	0.00	0.00		0		squad-26	6	bot-196
19898	bot-240	bravo	K00m-03C0	tick	1.36	3.03	232	0.00	0.08		0		squad-27	4	bot-234
19998	bot-297	bravo	S00m-23C0	state+latches	-3.45	3.55	70	0.00	0.00		0		squad-27	7	bot-234
20081	bot-298	alpha	S00r-4410	tick	-3.60	-7.61	1	0.02	0.00	9.16	5	seek	squad-26	5	bot-196
20181	bot-236	bravo	P00r-4410	tick	-12.12	-18.28	51	0.00	0.00		0		squad-27	1	bot-234
20181	bot-238	bravo	P00r-4420	tick	-14.54	-15.84	342	0.00	0.00		0		squad-27	2	bot-234
20181	bot-244	bravo	P00r-4410	tick	-13.42	-20.30	55	0.00	0.00		0		squad-27	3	bot-234
20181	bot-247	bravo	P00m-4320	tick	-15.24	-15.50	212	0.08	0.00	6.81	2	squad	squad-27	5	bot-234
20198	bot-295	bravo	E00r-4320	state	-3.36	4.17	149	1.56	0.68	6.57	3	seek	squad-27	6	bot-234
20198	bot-299	alpha	S00r-4410	tick	-20.39	2.12	121	2.43	2.33	14.51	4	seek	squad-112	0	bot-299
20214	bot-295	bravo	E00r-432H	latches	-3.44	4.29	144	4.41	0.15	3.38	1	flee	squad-27	6	bot-234
20264	bot-252	alpha	P00r-4110	tick	5.46	11.75	308	0.02	0.04	3.85	5	squad	squad-26	1	bot-196
20264	bot-295	bravo	E00r-332H	ammo	-3.58	4.47	144	4.61	0.23	3.15	1	flee	squad-27	6	bot-234
20281	bot-299	alpha	A00r-4410	state	-20.25	2.03	121	2.48	0.16	14.38	4	seek	squad-112	0	bot-299
20298	bot-299	alpha	A00r-441G	latches	-20.25	2.03	117	0.02	0.00		0		squad-112	0	bot-299
20448	bot-196	alpha	P00m-3320	tick	7.27	5.69	69	0.42	0.53		0		squad-26	0	bot-196
20448	bot-295	bravo	E00r-3321	latches	-4.22	5.06	144	4.73	0.87	2.29	1	flee	squad-27	6	bot-234
20481	bot-296	alpha	S00r-4310	tick	0.06	3.64	264	0.12	0.03	3.56	2	seek	squad-26	4	bot-196
20548	bot-299	alpha	S00r-4410	state+latches	-20.25	2.03	117	0.00	0.00		0		squad-112	0	bot-299
20581	bot-234	bravo	P00r-4410	tick	-9.99	-15.50	348	0.00	0.00		0		squad-27	0	bot-234
20715	bot-297	bravo	C00m-23C0	state	-2.63	3.23	99	1.34	0.88	1.20	1	seek	squad-27	7	bot-234
20731	bot-293	alpha	C00m-432I	latches	0.06	2.02	294	0.00	0.00		0		squad-26	6	bot-196
20731	bot-297	bravo	C00m-23CI	latches	-2.67	3.25	99	1.36	0.05	2.41	1	cover	squad-27	7	bot-234
20781	bot-290	alpha	P00r-4410	tick	-0.41	5.90	8	2.19	1.96	7.53	5	squad	squad-26	3	bot-196
20798	bot-283	alpha	P00r-4320	tick	3.98	2.50	77	2.40	2.42	3.92	2	squad	squad-26	2	bot-196
20848	bot-299	alpha	A00r-4410	state	-19.84	2.00	85	2.03	0.41	16.96	3	seek	squad-112	0	bot-299
20898	bot-295	bravo	S00r-3320	state+latches	-5.73	6.33	144	0.79	1.98		0		squad-27	6	bot-234
20898	bot-299	alpha	A00r-441G	latches	-19.84	2.00	86	0.00	0.00		0		squad-112	0	bot-299
20914	bot-240	bravo	K00m-03C0	tick	1.36	3.03	232	0.00	0.00		0		squad-27	4	bot-234
20965	bot-293	alpha	C00m-4322	latches	0.06	2.02	294	0.00	0.00		0		squad-26	6	bot-196
20965	bot-297	bravo	C00m-23C2	latches	-3.08	3.39	49	4.60	0.43	1.98	1	cover	squad-27	7	bot-234
21065	bot-293	alpha	S00m-4320	state+latches	0.06	2.02	294	0.00	0.00		0		squad-26	6	bot-196
21098	bot-298	alpha	S00r-4410	tick	-3.60	-7.61	14	0.02	0.00	9.16	5	seek	squad-26	5	bot-196
21148	bot-299	alpha	S00r-4410	state+latches	-19.85	1.98	86	0.00	0.02		0		squad-112	0	bot-299
21181	bot-236	bravo	P00r-4410	tick	-12.12	-18.28	51	0.00	0.00		0		squad-27	1	bot-234
21181	bot-238	bravo	P00r-4420	tick	-14.54	-15.84	342	0.00	0.00		0		squad-27	2	bot-234
21181	bot-244	bravo	P00r-4410	tick	-13.42	-20.30	55	0.00	0.00		0		squad-27	3	bot-234
21181	bot-247	bravo	P00m-4320	tick	-15.23	-15.50	244	0.04	0.00	6.81	2	squad	squad-27	5	bot-234
21264	bot-252	alpha	P00r-4110	tick	5.44	11.77	329	0.02	0.02	3.87	5	squad	squad-26	1	bot-196
21314	bot-297	bravo	G00m-23C2	state	-4.59	3.92	323	4.74	1.60	0.38	1	cover	squad-27	7	bot-234
21464	bot-196	alpha	P00m-3320	tick	7.40	5.69	84	0.02	0.13		0		squad-26	0	bot-196
21481	bot-296	alpha	S00r-4310	tick	0.06	3.61	261	0.11	0.03	3.55	2	seek	squad-26	4	bot-196
21548	bot-299	alpha	A00r-4410	state	-19.22	1.95	84	2.17	0.63	16.35	3	seek	squad-112	0	bot-299
21564	bot-299	alpha	A00r-441G	latches	-19.22	1.95	82	0.00	0.00		0		squad-112	0	bot-299
21582	bot-234	bravo	P00r-4410	tick	-9.99	-15.50	348	0.00	0.00		0		squad-27	0	bot-234
21781	bot-290	alpha	P00r-4410	tick	0.64	7.72	19	2.23	2.10	5.69	3	squad	squad-26	3	bot-196
21814	bot-283	alpha	P00r-4320	tick	6.42	2.87	61	2.45	2.46	1.48	2	squad	squad-26	2	bot-196
21814	bot-299	alpha	S00r-4410	state+latches	-19.22	1.93	82	0.00	0.02		0		squad-112	0	bot-299
21914	bot-240	bravo	K00m-03C0	tick	1.28	2.77	217	0.00	0.27		0		squad-27	4	bot-234
21914	bot-295	bravo	S00r-3320	tick	-4.18	5.12	154	1.82	1.96	6.21	4	seek	squad-27	6	bot-234
22081	bot-293	alpha	S00m-4320	tick	0.36	1.55	225	1.36	0.56	0.59	1	seek	squad-26	6	bot-196
22098	bot-299	alpha	A00r-4410	state	-18.86	1.94	85	2.02	0.37	13.57	2	seek	squad-112	0	bot-299
22114	bot-298	alpha	S00r-4410	tick	-3.60	-7.61	1	0.01	0.00	9.16	5	seek	squad-26	5	bot-196
22148	bot-299	alpha	A00r-441G	latches	-18.86	1.93	81	0.42	0.00		0		squad-112	0	bot-299
22198	bot-236	bravo	P00r-4410	tick	-12.12	-18.28	51	0.00	0.00		0		squad-27	1	bot-234
22198	bot-238	bravo	P00r-4420	tick	-14.54	-15.84	342	0.00	0.00		0		squad-27	2	bot-234
22198	bot-244	bravo	P00r-4410	tick	-13.42	-20.30	55	0.00	0.00		0		squad-27	3	bot-234
22198	bot-247	bravo	P00m-4320	tick	-15.24	-15.50	257	0.16	0.00	6.81	2	squad	squad-27	5	bot-234
22198	bot-299	alpha	A00r-4410	latches	-18.86	1.92	79	0.14	0.01		0		squad-112	0	bot-299
22281	bot-252	alpha	P00r-4110	tick	5.43	11.78	296	0.02	0.02	3.89	5	squad	squad-26	1	bot-196
22314	bot-297	bravo	G00m-23C2	tick	-4.95	4.05	93	0.00	0.38		0		squad-27	7	bot-234
22348	bot-299	alpha	C00r-4410	state	-18.86	1.92	80	0.01	0.00		0		squad-112	0	bot-299
22364	bot-299	alpha	C00r-4412	latches	-18.90	1.92	80	1.35	0.05	8.64	4	cover	squad-112	0	bot-299
22448	bot-196	alpha	S00m-3320	state	7.29	5.69	323	0.31	0.11		0		squad-26	0	bot-196
22498	bot-296	alpha	S00r-4310	tick	0.06	3.60	267	0.01	0.01	3.55	2	seek	squad-26	4	bot-196
22581	bot-299	alpha	C00r-441I	latches	-19.24	1.97	78	4.16	0.34	8.62	4	cover	squad-112	0	bot-299
22598	bot-234	bravo	P00r-4410	tick	-9.99	-15.50	348	0.00	0.00		0		squad-27	0	bot-234
22598	bot-299	alpha	C00r-4412	latches	-19.31	1.98	82	3.92	0.07	8.62	4	cover	squad-112	0	bot-299
22715	bot-299	alpha	C00r-441I	latches	-19.80	2.09	79	4.45	0.50	8.57	4	cover	squad-112	0	bot-299
22748	bot-299	alpha	A00r-441G	state+latches	-19.87	2.11	74	4.48	0.07	8.56	4	cover	squad-112	0	bot-299
22765	bot-290	alpha	S00r-4410	state	1.67	8.88	104	1.46	1.55	4.28	2	squad	squad-26	3	bot-196
22781	bot-283	alpha	S00r-4320	state	6.98	2.96	68	0.00	0.57		0		squad-26	2	bot-196
22898	bot-297	bravo	C00m-23C2	state	-4.08	3.99	141	0.00	0.87		0		squad-27	7	bot-234
22915	bot-240	bravo	K00m-03C0	tick	1.28	2.77	226	0.00	0.00		0		squad-27	4	bot-234
22915	bot-295	bravo	S00r-3320	tick	-2.95	3.88	157	1.30	1.75	4.58	4	seek	squad-27	6	bot-234
22965	bot-299	alpha	S00r-4410	state+latches	-19.90	2.04	74	0.16	0.07		0		squad-112	0	bot-299
23081	bot-293	alpha	S00m-4320	tick	-0.13	1.36	226	1.28	0.53	0.45	1	seek	squad-26	6	bot-196
23131	bot-298	alpha	S00r-4410	tick	-3.60	-7.61	14	0.02	0.00	9.16	5	seek	squad-26	5	bot-196
23148	bot-297	bravo	G00m-23C2	state	-4.54	4.02	193	4.78	0.46	0.41	1	cover	squad-27	7	bot-234
23198	bot-236	bravo	P00r-4410	tick	-12.12	-18.28	51	0.00	0.00		0		squad-27	1	bot-234
23198	bot-238	bravo	P00r-4420	tick	-14.54	-15.84	342	0.00	0.00		0		squad-27	2	bot-234
23198	bot-244	bravo	P00r-4410	tick	-13.42	-20.30	55	0.00	0.00		0		squad-27	3	bot-234
23198	bot-247	bravo	P00m-4320	tick	-15.24	-15.50	225	0.10	0.00	6.81	2	squad	squad-27	5	bot-234
23231	bot-299	alpha	A00r-4410	state	-19.57	2.00	83	2.11	0.33	16.75	3	seek	squad-112	0	bot-299
23281	bot-252	alpha	P00r-4110	tick	5.41	11.79	290	0.02	0.02	3.90	5	squad	squad-26	1	bot-196
23431	bot-299	alpha	F00r-4410	state	-19.58	1.97	85	0.04	0.03		0		squad-112	0	bot-299
23448	bot-196	alpha	S00m-3320	tick	6.90	5.74	282	2.20	0.39	3.94	1	seek	squad-26	0	bot-196
23448	bot-240	bravo	K21m-03C0	tier+score	1.28	2.77	229	0.00	0.00		0		squad-27	4	bot-234
23448	bot-295	bravo	E21r-3220	state+tier+score+health	-2.52	3.31	143	1.38	0.71		0		squad-27	6	bot-234
23448	bot-296	alpha	E00r-4310	state	0.06	3.59	261	0.05	0.01	3.55	2	seek	squad-26	4	bot-196
23448	bot-297	bravo	M21m-23C0	state+tier+score+latches	-4.95	4.05	132	0.00	0.41		0		squad-27	7	bot-234
23448	bot-299	alpha	A00r-4410	state	-19.58	1.97	85	0.03	0.00		0		squad-112	0	bot-299
23465	bot-295	bravo	E21r-3229	latches	-2.47	3.29	140	1.69	0.06	5.17	1	flee	squad-27	6	bot-234
23465	bot-296	alpha	E00r-4311	latches	0.10	3.55	264	1.66	0.06	3.50	1	flee	squad-26	4	bot-196
23548	bot-299	alpha	F00r-4410	state	-19.58	1.97	86	0.00	0.00		0		squad-112	0	bot-299
23564	bot-240	bravo	K32m-03C0	tier+score	1.28	2.77	231	0.00	0.00		0		squad-27	4	bot-234
23564	bot-295	bravo	E32r-3129	tier+score+health	-2.31	3.25	119	1.67	0.17	5.00	1	flee	squad-27	6	bot-234
23564	bot-297	bravo	M32m-23C0	tier+score	-4.73	4.00	159	1.70	0.23	2.34	1	medic	squad-27	7	bot-234
23564	bot-299	alpha	A00r-4410	state	-19.58	1.97	86	0.00	0.00		0		squad-112	0	bot-299
23614	bot-234	bravo	P00r-4410	tick	-9.99	-15.50	348	0.00	0.00		0		squad-27	0	bot-234
23631	bot-293	alpha	A00m-4320	state	-0.28	1.57	319	0.62	0.25	0.51	1	seek	squad-26	6	bot-196
23664	bot-299	alpha	F00r-4410	state	-19.58	1.97	86	0.00	0.00		0		squad-112	0	bot-299
23681	bot-240	bravo	K33m-03C0	score	1.28	2.77	232	0.00	0.00		0		squad-27	4	bot-234
23681	bot-295	bravo	E33r-3029	score+health	-2.06	3.19	94	5.20	0.26	4.75	1	flee	squad-27	6	bot-234
23681	bot-297	bravo	M33m-23C0	score	-4.50	3.95	184	4.64	0.24	2.10	1	medic	squad-27	7	bot-234
23681	bot-299	alpha	A00r-4410	state	-19.58	1.97	86	0.00	0.00		0		squad-112	0	bot-299
23782	bot-283	alpha	S00r-4320	tick	4.71	2.77	292	2.34	2.27	6.11	4	seek	squad-26	2	bot-196
23782	bot-290	alpha	S00r-4410	tick	0.62	6.82	212	2.43	2.31	6.79	2	seek	squad-26	3	bot-196
23782	bot-299	alpha	F00r-4410	state	-19.58	1.97	86	0.00	0.00		0		squad-112	0	bot-299
23782	bot-299	alpha	P00r-4410	state	-19.58	1.97	87	0.00	0.00		0		squad-112	0	bot-299
23782	bot-295	bravo	D00r--000	state+tier+score+ammo+packs+latches	-1.53	3.06	97	0.00	0.55	4.20	1	flee	squad-27	6	bot-234
23798	bot-250	alpha	D00r--000	tick	-13.00	0.11	237	0.00	0.00	4.71	0		squad-26	-1	bot-196
23798	bot-240	bravo	K35m-03C0	score	1.28	2.77	232	0.00	0.00		0		squad-27	4	bot-234
23798	bot-293	alpha	S00m-4320	state	-0.27	1.56	318	0.05	0.01		0		squad-26	6	bot-196
23798	bot-296	alpha	S00r-4310	state+latches	0.57	2.75	277	5.13	0.93		0		squad-26	4	bot-196
23798	bot-297	bravo	M35m-23C0	score	-4.03	3.84	214	3.24	0.48	2.62	1	medic	squad-27	6	bot-234
23831	bot-293	alpha	P00m-4320	state	-0.27	1.57	325	0.24	0.00	0.52	1	seek	squad-26	6	bot-196
23848	bot-296	alpha	P00r-4310	state	0.61	2.74	283	1.38	0.04	3.07	1	seek	squad-26	4	bot-196
23931	bot-299	alpha	C00r-4410	state	-19.42	1.87	114	1.39	0.19		6	patrol	squad-112	0	bot-299
23948	bot-299	alpha	C00r-4412	latches	-19.38	1.84	107	1.62	0.05		6	patrol	squad-112	0	bot-299
24114	bot-296	alpha	E00r-4310	state	0.53	2.75	291	0.83	0.08	2.50	1	packseek	squad-26	4	bot-196
24132	bot-296	alpha	E00r-4311	latches	0.53	2.84	282	2.86	0.09	2.27	1	flee	squad-26	4	bot-196
24132	bot-298	alpha	S00r-4410	tick	-3.60	-7.61	1	0.02	0.00	9.16	5	seek	squad-26	5	bot-196
24164	bot-293	alpha	A00m-4320	state	-0.28	1.68	356	0.30	0.11	1.53	2	packseek	squad-26	6	bot-196
24198	bot-236	bravo	P00r-4410	tick	-12.12	-18.28	51	0.00	0.00		0		squad-27	1	bot-234
24198	bot-238	bravo	P00r-4420	tick	-14.54	-15.84	342	0.00	0.00		0		squad-27	2	bot-234
24198	bot-244	bravo	P00r-4410	tick	-13.42	-20.30	55	0.00	0.00		0		squad-27	3	bot-234
24198	bot-247	bravo	P00m-4320	tick	-15.23	-15.50	225	0.05	0.00	6.81	2	squad	squad-27	5	bot-234
24231	bot-297	bravo	M35m-23D0	packs	-2.51	3.36	263	1.48	1.59	1.02	1	medic	squad-27	6	bot-234
24298	bot-252	alpha	P00r-4110	tick	5.38	11.79	313	0.46	0.03	8.10	9	squad	squad-26	1	bot-196
24314	bot-299	alpha	A00r-4410	state+latches	-19.18	1.63	84	3.88	0.28	8.95	4	cover	squad-112	0	bot-299
24464	bot-196	alpha	S00m-3320	tick	4.94	6.12	283	1.75	2.00	1.94	1	seek	squad-26	0	bot-196
24631	bot-234	bravo	P00r-4410	tick	-9.99	-15.50	348	0.00	0.00		0		squad-27	0	bot-234
24664	bot-296	alpha	E00r-4310	latches	1.00	4.70	241	4.85	1.91	3.67	2	flee	squad-26	4	bot-196
24681	bot-296	alpha	E00r-4311	latches	1.02	4.62	242	4.83	0.08	3.60	2	flee	squad-26	4	bot-196
24681	bot-297	bravo	M35m-13D0	ammo	-1.85	3.16	265	1.54	0.69	0.34	1	muzzleRecovery	squad-27	6	bot-234
24698	bot-297	bravo	P35m-13D0	state	-1.85	3.16	265	1.35	0.00	0.34	1	muzzleRecovery	squad-27	6	bot-234
24798	bot-240	bravo	K35m-03C0	tick	1.24	2.29	246	0.00	0.48		0		squad-27	4	bot-234
24798	bot-283	alpha	S00r-4320	tick	2.30	2.61	277	2.40	2.42	4.06	3	seek	squad-26	2	bot-196
24798	bot-290	alpha	S00r-4410	tick	-0.72	5.70	221	1.36	1.75	5.16	1	seek	squad-26	3	bot-196
24914	bot-297	bravo	M35m-13D0	state	-1.89	2.88	220	0.00	0.29	0.41	0	muzzleRecovery	squad-27	6	bot-234
24964	bot-299	alpha	F00r-4410	state	-19.18	1.62	86	0.00	0.02		0		squad-112	0	bot-299
24981	bot-240	bravo	K36m-03C0	score	1.24	2.29	246	0.00	0.00		0		squad-27	4	bot-234
24981	bot-297	bravo	E36m-12D0	state+score+health	-1.74	2.93	203	0.35	0.16		0		squad-27	6	bot-234
24981	bot-299	alpha	A00r-4410	state	-19.18	1.62	86	0.00	0.00		0		squad-112	0	bot-299
24998	bot-297	bravo	E36m-12D9	latches	-1.56	2.92	194	5.62	0.19	4.62	1	flee	squad-27	6	bot-234
25014	bot-297	bravo	E36m-12E9	packs	-1.53	2.92	191	1.84	0.03	4.59	1	flee	squad-27	6	bot-234
25081	bot-299	alpha	F00r-4410	state	-19.18	1.62	86	0.00	0.00		0		squad-112	0	bot-299
25098	bot-240	bravo	K37m-03C0	score	1.24	2.29	246	0.00	0.00		0		squad-27	4	bot-234
25098	bot-297	bravo	E37m-11E9	score+health	-1.37	2.90	174	1.88	0.16	4.43	1	flee	squad-27	6	bot-234
25098	bot-299	alpha	A00r-4410	state	-19.18	1.62	86	0.00	0.00		0		squad-112	0	bot-299
25147	bot-293	alpha	E00m-4320	state	-0.21	1.63	318	0.00	0.08		0		squad-26	6	bot-196
25147	bot-298	alpha	S00r-4410	tick	-3.60	-7.61	18	0.04	0.00	9.16	5	seek	squad-26	5	bot-196
25164	bot-293	alpha	E00m-4321	latches	-0.10	1.50	320	5.05	0.17	3.26	1	flee	squad-26	6	bot-196
25198	bot-299	alpha	F00r-4410	state	-19.18	1.62	86	0.00	0.00		0		squad-112	0	bot-299
25215	bot-236	bravo	P00r-4410	tick	-12.12	-18.28	51	0.00	0.00		0		squad-27	1	bot-234
25215	bot-238	bravo	P00r-4420	tick	-14.54	-15.84	342	0.00	0.00		0		squad-27	2	bot-234
25215	bot-240	bravo	K38m-03C0	score	1.24	2.29	234	0.00	0.00		0		squad-27	4	bot-234
25215	bot-244	bravo	P00r-4410	tick	-13.42	-20.30	55	0.00	0.00		0		squad-27	3	bot-234
25215	bot-247	bravo	P00m-4320	tick	-15.23	-15.50	258	0.22	0.00	6.81	2	squad	squad-27	5	bot-234
25215	bot-297	bravo	E38m-10E9	score+health	-1.11	2.87	150	1.88	0.26	4.17	1	flee	squad-27	6	bot-234
25215	bot-299	alpha	A00r-4410	state	-19.18	1.62	86	0.00	0.00		0		squad-112	0	bot-299
25231	bot-293	alpha	P00m-4320	state+latches	0.06	1.32	323	4.71	0.25		0		squad-26	6	bot-196
25231	bot-297	bravo	D00m--0A0	state+tier+score+ammo+packs+latches	-1.11	2.87	150	0.00	0.00	4.17	1	flee	squad-27	6	bot-234
25231	bot-296	alpha	P00r-4310	state+latches	0.90	2.98	269	4.66	1.65		0		squad-26	4	bot-196
25231	bot-299	alpha	P00r-4410	state	-19.18	1.62	86	0.00	0.00		0		squad-112	0	bot-299
25248	bot-270	bravo	D00r--000	tick	-14.99	-0.83	201	0.00	0.00	4.89	0		squad-27	-1	bot-234
25248	bot-240	bravo	K39m-03C0	score	1.24	2.29	228	0.00	0.00		0		squad-27	4	bot-234
25314	bot-252	alpha	P00r-4110	tick	5.22	11.69	307	0.13	0.20	7.98	8	squad	squad-26	1	bot-196
25465	bot-196	alpha	S00m-3320	tick	3.30	6.29	288	1.34	1.65	0.36	1	seek	squad-26	0	bot-196
25631	bot-234	bravo	P00r-4410	tick	-9.99	-15.50	348	0.00	0.00		0		squad-27	0	bot-234
25798	bot-283	alpha	S00r-4320	tick	1.10	3.86	300	0.84	1.73	2.37	3	seek	squad-26	2	bot-196
25798	bot-290	alpha	S00r-4410	tick	-1.32	4.44	206	1.40	1.39	3.76	1	seek	squad-26	3	bot-196
25815	bot-299	alpha	S00r-4410	state	-18.20	1.07	101	2.23	1.13		6	patrol	squad-112	0	bot-299
25882	bot-296	alpha	P00r-4320	packs	0.27	3.10	277	1.51	0.65	5.33	2	squad	squad-26	4	bot-196
26150	bot-298	alpha	S00r-4410	tick	-3.60	-7.61	1	0.04	0.00	9.16	5	seek	squad-26	5	bot-196
26216	bot-236	bravo	P00r-4410	tick	-12.12	-18.28	51	0.00	0.00		0		squad-27	1	bot-234
26216	bot-238	bravo	P00r-4420	tick	-14.54	-15.84	342	0.00	0.00		0		squad-27	2	bot-234
26216	bot-244	bravo	P00r-4410	tick	-13.42	-20.30	55	0.00	0.00		0		squad-27	3	bot-234
26216	bot-247	bravo	P00m-4320	tick	-15.24	-15.50	244	0.12	0.00	6.81	2	squad	squad-27	5	bot-234
26233	bot-293	alpha	P00m-4320	tick	-0.10	1.73	297	0.17	0.45	1.18	2	packseek	squad-26	6	bot-196
26250	bot-240	bravo	K39m-03C0	tick	1.30	2.25	303	0.00	0.07		0		squad-27	4	bot-234
26317	bot-252	alpha	P00r-4110	tick	5.06	11.74	278	0.10	0.16	3.88	5	squad	squad-26	1	bot-196
26401	bot-290	alpha	S00r-4420	packs	-1.69	3.68	206	1.38	0.84	2.92	1	seek	squad-26	3	bot-196
26467	bot-196	alpha	S00m-3320	tick	4.84	6.29	62	2.72	1.54	0.32	1	seek	squad-26	0	bot-196
26551	bot-240	bravo	K38m-03C0	score	1.47	1.88	341	0.00	0.41		0		squad-27	4	bot-234
26635	bot-234	bravo	P00r-4410	tick	-9.99	-15.50	348	0.00	0.00		0		squad-27	0	bot-234
26668	bot-240	bravo	K37m-03C0	score	1.47	1.88	356	0.00	0.00		0		squad-27	4	bot-234
26802	bot-283	alpha	S00r-4320	tick	0.46	3.96	253	0.64	0.65	1.78	4	seek	squad-26	2	bot-196
26819	bot-299	alpha	S00r-4410	tick	-16.00	1.63	84	2.66	2.28	14.12	3	seek	squad-112	0	bot-299
26852	bot-300	bravo	P00r-0410	initial	7.05	22.05	0	0.00			0			-1	
26869	bot-299	alpha	A00r-4410	state	-15.91	1.65	84	2.48	0.08	14.03	3	seek	squad-112	0	bot-299
26869	bot-300	bravo	P00r-4410	ammo	7.05	22.05	0	0.00	0.00		0		squad-113	0	bot-300
26886	bot-296	alpha	P00r-4320	tick	1.84	2.71	82	2.41	1.62	5.28	1	squad	squad-26	4	bot-196
26986	bot-299	alpha	A00r-441G	latches	-15.91	1.66	60	0.00	0.01		0		squad-112	0	bot-299
27161	bot-298	alpha	S00r-4410	tick	-3.60	-7.61	18	0.21	0.00	9.16	5	seek	squad-26	5	bot-196
27220	bot-236	bravo	P00r-4410	tick	-12.12	-18.28	51	0.00	0.00		0		squad-27	1	bot-234
27220	bot-238	bravo	P00r-4420	tick	-14.54	-15.84	342	0.00	0.00		0		squad-27	2	bot-234
27220	bot-244	bravo	P00r-4410	tick	-13.42	-20.30	55	0.00	0.00		0		squad-27	3	bot-234
27220	bot-247	bravo	P00m-4320	tick	-15.23	-15.50	212	0.07	0.00	6.81	2	squad	squad-27	5	bot-234
27220	bot-299	alpha	S00r-4410	state+latches	-15.91	1.66	60	0.00	0.00		0		squad-112	0	bot-299
27237	bot-293	alpha	P00m-4320	tick	-0.01	1.98	321	0.24	0.26	1.10	2	packseek	squad-26	6	bot-196
27320	bot-252	alpha	P00r-4110	tick	5.16	11.69	292	0.18	0.11		0		squad-26	1	bot-196
27404	bot-290	alpha	S00r-4420	tick	-2.25	2.52	206	1.23	1.29	1.63	1	seek	squad-26	3	bot-196
27471	bot-196	alpha	S00m-3320	tick	6.37	6.26	59	2.52	1.54	0.71	1	seek	squad-26	0	bot-196
27638	bot-234	bravo	P00r-4410	tick	-9.99	-15.50	348	0.00	0.00		0		squad-27	0	bot-234
27672	bot-240	bravo	K37m-03C0	tick	1.78	1.92	73	0.00	0.31		0		squad-27	4	bot-234
27805	bot-283	alpha	S00r-4320	tick	-0.05	3.73	326	0.53	0.56	1.60	4	seek	squad-26	2	bot-196
27872	bot-300	bravo	P00r-4410	tick	7.95	19.58	137	2.54	2.63		8	patrol	squad-113	0	bot-300
27889	bot-296	alpha	P00r-4320	tick	3.90	2.22	117	2.41	2.12	4.04	1	squad	squad-26	4	bot-196
27939	bot-196	alpha	P00m-3320	state	7.23	5.95	69	0.00	0.91		0		squad-26	0	bot-196
27973	bot-240	bravo	K36m-03C0	score	2.25	2.00	84	4.09	0.48	0.15	1	knife	squad-27	4	bot-234
28090	bot-240	bravo	K35m-03C0	score	2.25	2.00	87	0.00	0.00		0		squad-27	4	bot-234
28173	bot-298	alpha	S00r-4410	tick	-3.60	-7.61	1	0.13	0.00	9.16	5	seek	squad-26	5	bot-196
28207	bot-240	bravo	K34m-03C0	score	2.46	2.01	90	4.08	0.21	0.62	1	knife	squad-27	4	bot-234
28223	bot-236	bravo	P00r-4410	tick	-12.12	-18.28	51	0.00	0.00		0		squad-27	1	bot-234
28223	bot-238	bravo	P00r-4420	tick	-14.54	-15.84	342	0.00	0.00		0		squad-27	2	bot-234
28223	bot-244	bravo	P00r-4410	tick	-13.42	-20.30	55	0.00	0.00		0		squad-27	3	bot-234
28223	bot-247	bravo	P00m-4320	tick	-15.23	-15.50	239	0.19	0.00	6.81	2	squad	squad-27	5	bot-234
28223	bot-299	alpha	S00r-4410	tick	-14.00	3.04	48	2.82	2.36	28.36	4	seek	squad-112	0	bot-299
28240	bot-293	alpha	P00m-4320	tick	0.01	2.21	324	0.13	0.23	1.02	2	packseek	squad-26	6	bot-196
28240	bot-300	bravo	S00r-4410	state	8.25	18.70	131	2.62	0.92		8	patrol	squad-113	0	bot-300
28324	bot-252	alpha	P00r-4110	tick	5.06	11.74	329	0.38	0.12	3.78	5	squad	squad-26	1	bot-196
28407	bot-290	alpha	S00r-4420	tick	-2.80	1.36	199	0.00	1.29		0		squad-26	3	bot-196
28642	bot-234	bravo	P00r-4410	tick	-9.99	-15.50	348	0.00	0.00		0		squad-27	0	bot-234
28809	bot-283	alpha	S00r-4320	tick	-0.57	3.66	270	0.53	0.52	1.44	3	seek	squad-26	2	bot-196
28842	bot-293	alpha	S00m-4320	state	0.01	2.26	300	0.06	0.06	1.00	2	packseek	squad-26	6	bot-196
28859	bot-296	alpha	S00r-4320	state	6.13	1.59	121	2.45	2.32	1.72	1	squad	squad-26	4	bot-196
28943	bot-196	alpha	P00m-3320	tick	6.41	5.71	286	0.73	0.85		0		squad-26	0	bot-196
29077	bot-298	alpha	P00r-4410	state	-3.60	-7.61	18	0.06	0.00	9.16	5	seek	squad-26	5	bot-196
29210	bot-240	bravo	K34m-03C0	tick	4.23	2.05	107	0.00	1.78		0		squad-27	4	bot-234
29227	bot-236	bravo	P00r-4410	tick	-12.12	-18.28	51	0.00	0.00		0		squad-27	1	bot-234
29227	bot-238	bravo	P00r-4420	tick	-14.54	-15.84	342	0.00	0.00		0		squad-27	2	bot-234
29227	bot-244	bravo	P00r-4410	tick	-13.42	-20.30	55	0.00	0.00		0		squad-27	3	bot-234
29227	bot-247	bravo	P00m-4320	tick	-15.24	-15.50	263	0.08	0.00	6.81	2	squad	squad-27	5	bot-234
29227	bot-299	alpha	S00r-4410	tick	-11.99	4.65	48	2.59	2.58	25.79	4	seek	squad-26	6	bot-196
29244	bot-300	bravo	S00r-4410	tick	5.83	18.43	188	2.46	2.44	16.04	6	seek	squad-113	0	bot-300
29327	bot-252	alpha	P00r-4110	tick	5.02	11.75	298	0.13	0.04	3.97	5	squad	squad-26	1	bot-196
29411	bot-290	alpha	S00r-4420	tick	-2.95	1.09	141	1.13	0.31	1.44	4	seek	squad-26	3	bot-196
29645	bot-234	bravo	P00r-4410	tick	-9.99	-15.50	348	0.00	0.00		0		squad-27	0	bot-234
29812	bot-283	alpha	S00r-4320	tick	-1.10	3.64	6	0.53	0.53	1.42	3	seek	squad-26	2	bot-196
29846	bot-293	alpha	S00m-4320	tick	-0.13	2.66	11	0.76	0.43	20.34	5	seek	squad-26	7	bot-196
29863	bot-296	alpha	S00r-4320	tick	3.86	1.42	285	2.37	2.28	6.04	1	seek	squad-26	4	bot-196
29946	bot-196	alpha	P00m-3320	tick	6.67	5.69	111	1.04	0.26		0		squad-26	0	bot-196
30081	bot-298	alpha	P00r-4410	tick	-3.60	-7.61	350	0.05	0.00	21.66	9	squad	squad-26	5	bot-196
30214	bot-240	bravo	K34m-03C0	tick	3.72	2.26	213	0.00	0.56		0		squad-27	4	bot-234
30214	bot-293	alpha	S00m-4330	packs	-0.35	2.90	29	0.53	0.32	20.23	5	seek	squad-26	7	bot-196
30231	bot-236	bravo	P00r-4410	tick	-12.12	-18.28	51	0.00	0.00		0		squad-27	1	bot-234
30231	bot-238	bravo	P00r-4420	tick	-14.54	-15.84	342	0.00	0.00		0		squad-27	2	bot-234
30231	bot-244	bravo	P00r-4410	tick	-13.42	-20.30	55	0.00	0.00		0		squad-27	3	bot-234
30231	bot-247	bravo	P00m-4320	tick	-15.23	-15.50	231	0.22	0.00	6.81	2	squad	squad-27	5	bot-234
30231	bot-299	alpha	S00r-4410	tick	-10.25	6.29	45	2.31	2.38	23.41	4	seek	squad-26	6	bot-196
30248	bot-300	bravo	S00r-4410	tick	3.42	18.22	262	2.40	2.42	15.67	6	seek	squad-113	0	bot-300
30331	bot-252	alpha	P00r-4110	tick	4.98	11.78	281	0.16	0.05	4.01	5	squad	squad-26	1	bot-196
30414	bot-290	alpha	S00r-4420	tick	-2.06	1.95	140	1.34	1.24	1.91	4	seek	squad-26	3	bot-196
30649	bot-234	bravo	P00r-4410	tick	-9.99	-15.50	348	0.00	0.00		0		squad-27	0	bot-234
30816	bot-283	alpha	S00r-4320	tick	-1.33	4.11	345	0.53	0.52	1.02	2	seek	squad-26	2	bot-196
30866	bot-296	alpha	S00r-4320	tick	1.65	1.69	291	1.31	2.23	3.85	1	seek	squad-26	4	bot-196
30950	bot-196	alpha	P00m-3320	tick	7.51	5.69	79	0.65	0.84		0		squad-26	0	bot-196
31084	bot-293	alpha	S00m-43B0	packs	-0.37	3.16	328	0.32	0.26	20.02	5	seek	squad-26	7	bot-196
31084	bot-298	alpha	P00r-4410	tick	-3.60	-7.61	21	0.02	0.00	22.02	10	squad	squad-26	5	bot-196
31218	bot-240	bravo	K34m-03C0	tick	3.12	2.12	262	4.07	0.62	0.42	1	knife	squad-27	4	bot-234
31234	bot-236	bravo	P00r-4410	tick	-12.12	-18.28	51	0.00	0.00		0		squad-27	1	bot-234
31234	bot-238	bravo	P00r-4420	tick	-14.54	-15.84	342	0.00	0.00		0		squad-27	2	bot-234
31234	bot-244	bravo	P00r-4410	tick	-13.42	-20.30	55	0.00	0.00		0		squad-27	3	bot-234
31234	bot-247	bravo	P00m-4320	tick	-15.24	-15.50	220	0.10	0.00	6.81	2	squad	squad-27	5	bot-234
31234	bot-299	alpha	S00r-4410	tick	-8.63	7.85	48	2.24	2.26	21.15	4	seek	squad-26	6	bot-196
31251	bot-300	bravo	S00r-4410	tick	1.17	17.78	171	2.40	2.30	15.41	5	seek	squad-113	0	bot-300
31334	bot-252	alpha	P00r-4110	tick	4.94	11.82	312	0.18	0.05	4.05	5	squad	squad-26	1	bot-196
31418	bot-290	alpha	S00r-4420	tick	-0.75	2.34	163	1.52	1.37	2.59	3	seek	squad-26	3	bot-196
31652	bot-234	bravo	P00r-4410	tick	-9.99	-15.50	348	0.00	0.00		0		squad-27	0	bot-234
31703	bot-299	alpha	C00r-4410	state	-7.90	8.55	48	2.23	1.01	20.14	3	seek	squad-26	6	bot-196
31719	bot-299	alpha	C00r-4412	latches	-7.96	8.59	45	2.04	0.06	5.29	1	cover	squad-26	6	bot-196
31736	bot-300	bravo	C00r-4410	state	0.49	16.97	221	2.00	1.05	14.74	5	seek	squad-113	0	bot-300
31753	bot-300	bravo	C00r-4412	latches	0.56	17.11	225	4.75	0.16	5.86	5	cover	squad-113	0	bot-300
31786	bot-240	bravo	K32m-03C0	score	2.78	2.08	271	4.07	0.34	0.70	1	knife	squad-27	4	bot-234
31820	bot-283	alpha	S00r-4320	tick	-1.15	4.82	8	0.72	0.73	0.79	1	seek	squad-26	2	bot-196
31853	bot-301	bravo	P00r-0410	initial	0.05	16.55	0	0.00			0			-1	
31870	bot-296	alpha	S00r-4320	tick	0.57	2.17	289	0.90	1.18	2.67	1	seek	squad-26	4	bot-196
31870	bot-301	bravo	S00r-4410	state+ammo	0.05	16.55	0	0.00	0.00		0		squad-113	1	bot-300
31920	bot-301	bravo	P00r-4410	state	-0.05	16.63	13	1.22	0.13	16.37	4	seek	squad-113	1	bot-300
31953	bot-196	alpha	P00m-3320	tick	7.27	5.69	255	0.54	0.25		0		squad-26	0	bot-196
32087	bot-293	alpha	S00m-43B0	tick	-0.40	3.38	30	0.31	0.23	19.84	5	seek	squad-26	7	bot-196
32087	bot-298	alpha	P00r-4410	tick	-3.60	-7.61	40	0.01	0.00	22.02	10	squad	squad-26	5	bot-196
32238	bot-236	bravo	P00r-4410	tick	-12.12	-18.28	51	0.00	0.00		0		squad-27	1	bot-234
32238	bot-238	bravo	P00r-4420	tick	-14.54	-15.84	342	0.00	0.00		0		squad-27	2	bot-234
32238	bot-244	bravo	P00r-4410	tick	-13.42	-20.30	55	0.00	0.00		0		squad-27	3	bot-234
32238	bot-247	bravo	P00m-4320	tick	-15.23	-15.50	252	0.04	0.00	6.81	2	squad	squad-27	5	bot-234
32321	bot-300	bravo	C00r-441I	latches	2.77	17.84	229	4.57	2.32	4.30	4	cover	squad-113	0	bot-300
32338	bot-252	alpha	P00r-4110	tick	4.90	11.85	314	0.22	0.06	4.10	5	squad	squad-26	1	bot-196
32405	bot-299	alpha	A00r-4410	state+latches	-8.88	9.38	45	1.59	1.22	4.06	1	cover	squad-26	6	bot-196
32422	bot-290	alpha	S00r-4420	tick	-0.91	1.06	226	1.30	1.29	1.45	1	seek	squad-26	3	bot-196
32472	bot-299	alpha	A00r-441G	latches	-8.88	9.38	46	0.00	0.00		0		squad-26	6	bot-196
32555	bot-300	bravo	C00r-4412	latches	3.84	17.87	168	4.57	1.07	3.58	4	cover	squad-113	0	bot-300
32656	bot-234	bravo	P00r-4410	tick	-9.99	-15.50	348	0.00	0.00		0		squad-27	0	bot-234
32706	bot-299	alpha	S00r-4410	state+latches	-8.86	9.34	46	0.05	0.05		0		squad-26	6	bot-196
32789	bot-240	bravo	K32m-03C0	tick	1.83	2.06	277	0.00	0.95		0		squad-27	4	bot-234
32823	bot-283	alpha	S00r-4320	tick	-1.22	4.76	241	0.88	0.09	0.83	1	seek	squad-26	2	bot-196
32823	bot-299	alpha	C00r-4410	state	-8.75	9.43	50	1.26	0.14	14.09	2	seek	squad-26	6	bot-196
32840	bot-299	alpha	C00r-4412	latches	-8.75	9.37	46	1.69	0.06	2.33	1	cover	squad-26	6	bot-196
32873	bot-296	alpha	S00r-4320	tick	0.01	2.26	273	0.41	0.57	2.12	1	seek	squad-26	4	bot-196
32873	bot-299	alpha	C00r-3412	ammo	-8.76	9.31	46	1.69	0.06	2.27	1	cover	squad-26	6	bot-196
32923	bot-301	bravo	P00r-4410	tick	0.51	18.25	91	1.92	1.72	4.78	1	squad	squad-113	1	bot-300
32940	bot-196	alpha	S00m-3320	state	6.68	5.69	287	0.46	0.59		0		squad-26	0	bot-196
33091	bot-293	alpha	S00m-43B0	tick	-0.40	3.47	325	0.08	0.08	19.77	5	seek	squad-26	7	bot-196
33091	bot-298	alpha	P00r-4410	tick	-3.60	-7.61	8	0.04	0.00	22.02	10	squad	squad-26	5	bot-196
33124	bot-299	alpha	C00r-341I	latches	-8.85	8.20	48	5.08	1.12	1.15	1	cover	squad-26	6	bot-196
33191	bot-299	alpha	A00r-341G	state+latches	-8.85	7.89	62	5.66	0.31	0.84	1	cover	squad-26	6	bot-196
33241	bot-236	bravo	P00r-4410	tick	-12.12	-18.28	51	0.00	0.00		0		squad-27	1	bot-234
33241	bot-238	bravo	P00r-4420	tick	-14.54	-15.84	342	0.00	0.00		0		squad-27	2	bot-234
33241	bot-240	bravo	K00m-03C0	tier+score	1.83	2.06	273	0.00	0.00		0		squad-27	4	bot-234
33241	bot-244	bravo	P00r-4410	tick	-13.42	-20.30	55	0.00	0.00		0		squad-27	3	bot-234
33241	bot-247	bravo	P00m-4320	tick	-15.24	-15.50	250	0.12	0.00	6.81	2	squad	squad-27	5	bot-234
33341	bot-252	alpha	P00r-4110	tick	4.85	11.87	265	0.21	0.06	4.14	4	squad	squad-26	1	bot-196
33358	bot-299	alpha	S00r-3410	state+latches	-8.82	7.80	62	0.01	0.09		0		squad-26	6	bot-196
33425	bot-290	alpha	S00r-4420	tick	-1.54	0.39	260	1.33	0.93	2.23	4	seek	squad-26	3	bot-196
33559	bot-300	bravo	C00r-4412	tick	8.42	18.01	87	4.60	4.58	3.79	4	cover	squad-113	0	bot-300
33659	bot-234	bravo	P00r-4410	tick	-9.99	-15.50	348	0.00	0.00		0		squad-27	0	bot-234
33693	bot-299	alpha	C00r-3410	state	-8.44	8.14	42	2.27	0.51	16.58	2	seek	squad-26	6	bot-196
33710	bot-299	alpha	C00r-3412	latches	-8.29	8.18	44	4.73	0.16	8.81	2	cover	squad-26	6	bot-196
33827	bot-283	alpha	S00r-4320	tick	-0.91	5.42	26	1.25	0.72	1.05	1	seek	squad-26	2	bot-196
33877	bot-296	alpha	S00r-4320	tick	0.01	2.04	297	0.24	0.22	2.20	1	seek	squad-26	4	bot-196
33910	bot-299	alpha	C00r-341I	latches	-7.39	8.44	48	4.29	0.93	7.88	2	cover	squad-26	6	bot-196
33927	bot-301	bravo	P00r-4410	tick	2.50	18.93	67	2.08	2.10	6.55	1	squad	squad-113	1	bot-300
33944	bot-196	alpha	S00m-3320	tick	6.68	5.69	21	0.00	0.01		0		squad-26	0	bot-196
33960	bot-300	bravo	S00r-4410	state+latches	10.24	17.96	87	4.71	1.82	5.10	3	cover	squad-113	0	bot-300
34078	bot-298	alpha	S00r-4410	state	-3.60	-7.61	2	0.01	0.00	22.02	10	squad	squad-26	5	bot-196
34094	bot-293	alpha	S00m-43B0	tick	-0.39	3.46	30	0.19	0.01	19.77	5	seek	squad-26	7	bot-196
34145	bot-299	alpha	C00r-3412	latches	-6.49	8.71	73	3.77	0.94	6.95	2	cover	squad-26	6	bot-196
34245	bot-236	bravo	P00r-4410	tick	-12.12	-18.28	51	0.00	0.00		0		squad-27	1	bot-234
34245	bot-238	bravo	P00r-4420	tick	-14.54	-15.84	342	0.00	0.00		0		squad-27	2	bot-234
34245	bot-240	bravo	K00m-03C0	tick	1.83	2.06	269	0.00	0.00		0		squad-27	4	bot-234
34245	bot-244	bravo	P00r-4410	tick	-13.42	-20.30	55	0.00	0.00		0		squad-27	3	bot-234
34245	bot-247	bravo	P00m-4320	tick	-15.23	-15.50	218	0.08	0.00	6.81	2	squad	squad-27	5	bot-234
34345	bot-252	alpha	P00r-4110	tick	4.83	11.75	283	0.07	0.13	4.03	4	squad	squad-26	1	bot-196
34429	bot-290	alpha	S00r-4420	tick	-0.68	1.14	279	0.87	1.15	2.80	3	seek	squad-26	3	bot-196
34664	bot-234	bravo	P00r-4410	tick	-9.99	-15.50	348	0.00	0.00		0		squad-27	0	bot-234
34780	bot-290	alpha	P00r-4420	state	-0.64	1.39	337	0.72	0.26	2.82	3	seek	squad-26	3	bot-196
34797	bot-283	alpha	P00r-4320	state	-1.81	5.55	281	1.10	0.91	0.52	1	seek	squad-26	2	bot-196
34881	bot-296	alpha	S00r-4320	tick	0.01	2.12	316	0.20	0.08	2.17	1	seek	squad-26	4	bot-196
34931	bot-301	bravo	P00r-4410	tick	4.86	18.74	82	2.42	2.37	5.20	4	squad	squad-113	1	bot-300
34948	bot-196	alpha	S00m-3320	tick	6.69	5.69	303	0.00	0.00		0		squad-26	0	bot-196
34965	bot-300	bravo	S00r-4410	tick	8.19	17.90	248	2.16	2.04	22.73	10	seek	squad-113	0	bot-300
35081	bot-298	alpha	S00r-4410	tick	-3.60	-7.61	10	0.06	0.00	25.58	7	seek	squad-26	5	bot-196
35098	bot-293	alpha	S00m-43B0	tick	-0.40	3.50	326	0.06	0.04	19.74	5	seek	squad-26	7	bot-196
35148	bot-299	alpha	C00r-3412	tick	-3.23	9.72	73	3.61	3.41	3.54	2	cover	squad-26	6	bot-196
35248	bot-236	bravo	P00r-4410	tick	-12.12	-18.28	51	0.00	0.00		0		squad-27	1	bot-234
35248	bot-238	bravo	P00r-4420	tick	-14.54	-15.84	342	0.00	0.00		0		squad-27	2	bot-234
35248	bot-240	bravo	K00m-03C0	tick	1.83	2.06	275	0.00	0.00		0		squad-27	4	bot-234
35248	bot-244	bravo	P00r-4410	tick	-13.42	-20.30	55	0.00	0.00		0		squad-27	3	bot-234
35248	bot-247	bravo	P00m-4320	tick	-15.23	-15.50	233	0.22	0.00	6.81	2	squad	squad-27	5	bot-234
35349	bot-252	alpha	P00r-4110	tick	4.36	11.92	317	0.94	0.50	4.37	4	squad	squad-26	1	bot-196
35666	bot-234	bravo	P00r-4410	tick	-9.99	-15.50	348	0.00	0.00		0		squad-27	0	bot-234
35783	bot-290	alpha	P00r-4420	tick	-0.77	2.24	290	0.96	0.86	10.05	6	squad	squad-26	3	bot-196
35800	bot-283	alpha	P00r-4320	tick	-1.05	3.67	102	2.76	2.03	8.45	3	squad	squad-26	2	bot-196
35884	bot-296	alpha	S00r-4320	tick	0.01	2.33	290	0.30	0.21	2.09	1	seek	squad-26	4	bot-196
35934	bot-301	bravo	P00r-4410	tick	7.04	18.83	111	2.51	2.18	3.34	4	squad	squad-113	1	bot-300
35951	bot-196	alpha	S00m-3320	tick	6.69	5.69	332	0.00	0.00		0		squad-26	0	bot-196
35967	bot-300	bravo	S00r-4410	tick	5.93	17.86	257	2.42	2.27	20.63	10	seek	squad-113	0	bot-300
36034	bot-299	alpha	G00r-3412	state	-0.30	10.78	52	3.11	3.12	0.44	1	cover	squad-26	6	bot-196
36085	bot-298	alpha	S00r-4410	tick	-3.60	-7.61	14	0.08	0.00	25.59	7	seek	squad-26	5	bot-196
36101	bot-293	alpha	S00m-43B0	tick	-0.18	3.37	29	2.03	0.25	19.74	5	seek	squad-26	7	bot-196
36252	bot-236	bravo	P00r-4410	tick	-12.12	-18.28	51	0.00	0.00		0		squad-27	1	bot-234
36252	bot-238	bravo	P00r-4420	tick	-14.54	-15.84	342	0.00	0.00		0		squad-27	2	bot-234
36252	bot-240	bravo	K00m-03C0	tick	1.83	2.06	273	0.00	0.00		0		squad-27	4	bot-234
36252	bot-244	bravo	P00r-4410	tick	-13.42	-20.30	55	0.00	0.00		0		squad-27	3	bot-234
36252	bot-247	bravo	P00m-4320	tick	-15.24	-15.50	265	0.10	0.00	6.81	2	squad	squad-27	5	bot-234
36352	bot-252	alpha	P00r-4110	tick	4.70	10.18	141	2.64	1.77	2.69	2	squad	squad-26	1	bot-196
36670	bot-234	bravo	P00r-4410	tick	-9.99	-15.50	348	0.00	0.00		0		squad-27	0	bot-234
36787	bot-290	alpha	P00r-4420	tick	-1.08	2.99	0	0.38	0.81	3.60	1	squad	squad-26	3	bot-196
36804	bot-283	alpha	P00r-4320	tick	-0.30	3.87	55	0.00	0.77		0		squad-26	2	bot-196
36888	bot-296	alpha	S00r-4320	tick	-0.01	1.88	265	0.41	0.45	2.26	2	seek	squad-26	4	bot-196
36921	bot-301	bravo	S00r-4410	state	8.95	17.97	125	2.09	2.09	5.69	6	squad	squad-113	1	bot-300
36955	bot-196	alpha	S00m-3320	tick	6.59	6.08	355	0.11	0.40	0.47	1	seek	squad-26	0	bot-196
36971	bot-300	bravo	S00r-4410	tick	3.57	17.97	243	2.33	2.36	18.54	10	seek	squad-113	0	bot-300
37038	bot-299	alpha	G00r-3412	tick	0.05	11.05	49	0.00	0.44		0		squad-26	6	bot-196
37088	bot-298	alpha	S00r-4410	tick	-3.60	-7.61	10	0.05	0.00	25.58	7	seek	squad-26	5	bot-196
37105	bot-293	alpha	S00m-43B0	tick	-0.40	3.26	325	0.46	0.25	19.95	5	seek	squad-26	7	bot-196
37189	bot-299	alpha	C00r-3412	state	-0.02	11.65	62	0.00	0.61		0		squad-26	6	bot-196
37255	bot-236	bravo	P00r-4410	tick	-12.12	-18.28	51	0.00	0.00		0		squad-27	1	bot-234
37255	bot-238	bravo	P00r-4420	tick	-14.54	-15.84	342	0.00	0.00		0		squad-27	2	bot-234
37255	bot-240	bravo	K00m-03C0	tick	1.83	2.06	261	0.00	0.00		0		squad-27	4	bot-234
37255	bot-244	bravo	P00r-4410	tick	-13.42	-20.30	55	0.00	0.00		0		squad-27	3	bot-234
37255	bot-247	bravo	P00m-4320	tick	-15.23	-15.50	236	0.04	0.00	6.81	2	squad	squad-27	5	bot-234
37289	bot-299	alpha	G00r-3412	state	0.00	11.49	82	2.22	0.16	0.44	1	cover	squad-26	6	bot-196
37356	bot-252	alpha	P00r-4110	tick	4.91	10.14	123	0.00	0.21		0		squad-26	1	bot-196
37673	bot-234	bravo	P00r-4410	tick	-9.99	-15.50	348	0.00	0.00		0		squad-27	0	bot-234
37790	bot-290	alpha	P00r-4420	tick	-1.25	3.22	356	1.33	0.29	4.05	2	squad	squad-26	3	bot-196
37807	bot-283	alpha	P00r-4320	tick	-0.30	3.87	55	0.00	0.00		0		squad-26	2	bot-196
37891	bot-296	alpha	S00r-4320	tick	-0.01	1.73	304	0.07	0.15	2.34	2	seek	squad-26	4	bot-196
37924	bot-301	bravo	S00r-4410	tick	6.70	17.94	215	2.18	2.25	17.87	5	seek	squad-113	1	bot-300
37958	bot-196	alpha	S00m-3320	tick	6.52	6.11	4	0.05	0.08	0.44	1	seek	squad-26	0	bot-196
37974	bot-300	bravo	S00r-4410	tick	1.25	17.92	254	2.39	2.32	16.49	8	seek	squad-113	0	bot-300
38091	bot-298	alpha	S00r-4410	tick	-3.60	-7.61	14	0.03	0.00	25.58	7	seek	squad-26	5	bot-196
38108	bot-293	alpha	S00m-43B0	tick	-0.38	3.06	22	0.52	0.20	20.11	5	seek	squad-26	7	bot-196
38259	bot-236	bravo	P00r-4410	tick	-12.12	-18.28	51	0.00	0.00		0		squad-27	1	bot-234
38259	bot-238	bravo	P00r-4420	tick	-14.54	-15.84	342	0.00	0.00		0		squad-27	2	bot-234
38259	bot-240	bravo	K00m-03C0	tick	1.83	2.06	259	0.00	0.00		0		squad-27	4	bot-234
38259	bot-244	bravo	P00r-4410	tick	-13.42	-20.30	55	0.00	0.00		0		squad-27	3	bot-234
38259	bot-247	bravo	P00m-4320	tick	-15.24	-15.50	214	0.15	0.00	6.81	2	squad	squad-27	5	bot-234
38293	bot-299	alpha	G00r-3412	tick	0.05	11.05	49	0.00	0.44		0		squad-26	6	bot-196
38359	bot-252	alpha	P00r-4110	tick	4.91	10.14	123	0.00	0.01		0		squad-26	1	bot-196
38677	bot-234	bravo	P00r-4410	tick	-9.99	-15.50	348	0.00	0.00		0		squad-27	0	bot-234
38794	bot-290	alpha	P00r-4420	tick	0.20	3.64	43	2.73	1.52	2.75	1	squad	squad-26	3	bot-196
38811	bot-283	alpha	P00r-4320	tick	-0.08	4.18	55	0.00	0.39		0		squad-26	2	bot-196
38851	bot-299	alpha	C00r-3412	state	-0.02	11.65	53	0.00	0.60		0		squad-26	6	bot-196
38897	bot-296	alpha	S00r-4320	tick	-0.01	1.66	304	0.12	0.07	2.38	2	seek	squad-26	4	bot-196
38930	bot-301	bravo	S00r-4410	tick	4.36	17.96	190	2.34	2.35	17.50	5	seek	squad-113	1	bot-300
38947	bot-299	alpha	G00r-3412	state	0.00	11.49	74	1.61	0.17	0.44	1	cover	squad-26	6	bot-196
38964	bot-196	alpha	S00m-3320	tick	6.50	6.12	7	0.03	0.02	0.43	1	seek	squad-26	0	bot-196
38980	bot-300	bravo	S00r-4410	tick	-0.19	16.48	241	1.50	2.04	14.52	8	seek	squad-113	0	bot-300
39097	bot-298	alpha	S00r-4410	tick	-3.60	-7.61	10	0.09	0.00	25.59	7	seek	squad-26	5	bot-196
39114	bot-293	alpha	S00m-43B0	tick	-0.55	2.90	322	0.22	0.24	20.34	5	seek	squad-26	7	bot-196
39264	bot-236	bravo	P00r-4410	tick	-12.12	-18.28	51	0.00	0.00		0		squad-27	1	bot-234
39264	bot-238	bravo	P00r-4420	tick	-14.54	-15.84	342	0.00	0.00		0		squad-27	2	bot-234
39264	bot-240	bravo	K00m-03C0	tick	1.83	2.06	258	0.00	0.00		0		squad-27	4	bot-234
39264	bot-244	bravo	P00r-4410	tick	-13.42	-20.30	55	0.00	0.00		0		squad-27	3	bot-234
39264	bot-247	bravo	P00m-4320	tick	-15.23	-15.50	246	0.23	0.00	6.81	2	squad	squad-27	5	bot-234
39364	bot-252	alpha	P00r-4110	tick	4.91	10.14	123	0.00	0.00		0		squad-26	1	bot-196
39397	bot-299	alpha	S00r-3410	state+latches	0.05	11.05	5	0.00	0.44		0		squad-26	6	bot-196
39680	bot-234	bravo	P00r-4410	tick	-9.99	-15.50	348	0.00	0.00		0		squad-27	0	bot-234
39797	bot-290	alpha	P00r-4420	tick	0.68	4.14	257	2.08	0.68	2.81	7	squad	squad-26	3	bot-196
39814	bot-283	alpha	P00r-4320	tick	-0.08	4.18	55	0.00	0.00		0		squad-26	2	bot-196
39898	bot-296	alpha	S00r-4320	tick	-0.01	1.85	302	0.26	0.19	2.28	2	seek	squad-26	4	bot-196
39931	bot-301	bravo	S00r-4410	tick	1.99	18.02	216	2.39	2.36	17.48	5	seek	squad-113	1	bot-300
39965	bot-196	alpha	S00m-3320	tick	6.50	6.14	7	0.01	0.02	0.41	1	seek	squad-26	0	bot-196
39982	bot-300	bravo	S00r-4410	tick	-1.64	15.05	227	1.94	2.03	12.58	8	seek	squad-113	0	bot-300
40015	bot-300	bravo	E00r-4410	state	-1.67	15.03	231	1.93	0.03	12.54	8	seek	squad-113	0	bot-300
40032	bot-300	bravo	E00r-4411	latches	-1.52	15.09	222	4.60	0.15	1.17	1	flee	squad-113	0	bot-300
40048	bot-299	alpha	E00r-3410	state	-0.84	11.69	27	2.10	1.09	10.56	3	seek	squad-26	6	bot-196
40048	bot-300	bravo	E00r-441H	latches	-1.47	15.13	222	4.07	0.07	1.10	1	flee	squad-113	0	bot-300
40065	bot-283	alpha	S00r-4320	state	-0.08	4.18	55	0.00	0.00		0		squad-26	2	bot-196
40065	bot-290	alpha	S00r-4420	state	0.50	3.63	216	2.01	0.54	3.34	7	squad	squad-26	3	bot-196
40065	bot-299	alpha	E00r-341H	latches	-0.73	11.57	23	4.78	0.16	3.40	1	flee	squad-26	6	bot-196
40098	bot-298	alpha	S00r-4410	tick	-3.60	-7.61	14	0.07	0.00	25.58	7	seek	squad-26	5	bot-196
40115	bot-293	alpha	S00m-43B0	tick	-0.71	3.06	30	0.11	0.22	20.28	5	seek	squad-26	7	bot-196
40266	bot-236	bravo	P00r-4410	tick	-12.12	-18.28	51	0.00	0.00		0		squad-27	1	bot-234
40266	bot-238	bravo	P00r-4420	tick	-14.54	-15.84	342	0.00	0.00		0		squad-27	2	bot-234
40266	bot-240	bravo	K00m-03C0	tick	1.83	2.06	266	0.00	0.00		0		squad-27	4	bot-234
40266	bot-244	bravo	P00r-4410	tick	-13.42	-20.30	55	0.00	0.00		0		squad-27	3	bot-234
40266	bot-247	bravo	P00m-4320	tick	-15.24	-15.50	255	0.13	0.00	6.81	2	squad	squad-27	5	bot-234
40282	bot-300	bravo	E00r-4411	latches	-0.84	15.47	222	2.36	0.71	0.39	1	flee	squad-113	0	bot-300
40299	bot-299	alpha	E00r-3411	latches	0.02	10.72	23	4.77	1.14	2.26	1	flee	squad-26	6	bot-196
40350	bot-300	bravo	S00r-4410	state+latches	-0.78	15.51	222	0.00	0.07		0		squad-113	0	bot-300
40366	bot-252	alpha	P00r-4110	tick	4.91	10.14	123	0.00	0.00		0		squad-26	1	bot-196
40684	bot-234	bravo	P00r-4410	tick	-9.99	-15.50	348	0.00	0.00		0		squad-27	0	bot-234
40768	bot-299	alpha	S00r-3410	state+latches	1.34	9.27	23	0.00	1.96		0		squad-26	6	bot-196
40851	bot-293	alpha	P00m-43B0	state	-1.00	3.05	31	0.96	0.30	20.43	5	seek	squad-26	7	bot-196
40868	bot-296	alpha	P00r-4320	state	-0.01	1.96	326	0.29	0.11	2.23	2	seek	squad-26	4	bot-196
40935	bot-301	bravo	S00r-4410	tick	0.33	16.79	177	1.81	2.07	16.39	4	seek	squad-113	1	bot-300
40968	bot-196	alpha	S00m-3320	tick	6.50	6.15	7	0.01	0.01	0.40	1	seek	squad-26	0	bot-196
41069	bot-283	alpha	S00r-4320	tick	-0.87	3.74	313	0.96	0.91	13.35	4	seek	squad-26	2	bot-196
41069	bot-290	alpha	S00r-4420	tick	-0.08	3.53	352	0.96	0.59	9.61	4	seek	squad-26	3	bot-196
41102	bot-298	alpha	S00r-4410	tick	-3.60	-7.61	10	0.03	0.00	25.58	7	seek	squad-26	5	bot-196
41269	bot-236	bravo	P00r-4410	tick	-12.12	-18.28	51	0.00	0.00		0		squad-27	1	bot-234
41269	bot-238	bravo	P00r-4420	tick	-14.54	-15.84	342	0.00	0.00		0		squad-27	2	bot-234
41269	bot-240	bravo	K00m-03C0	tick	1.83	2.06	267	0.00	0.00		0		squad-27	4	bot-234
41269	bot-244	bravo	P00r-4410	tick	-13.42	-20.30	55	0.00	0.00		0		squad-27	3	bot-234
41269	bot-247	bravo	P00m-4320	tick	-15.23	-15.50	223	0.06	0.00	6.81	2	squad	squad-27	5	bot-234
41353	bot-300	bravo	S00r-4410	tick	-1.70	14.76	216	0.93	1.19	4.34	2	seek	squad-113	0	bot-300
41370	bot-252	alpha	P00r-4110	tick	4.91	10.14	123	0.00	0.00		0		squad-26	1	bot-196
41688	bot-234	bravo	P00r-4410	tick	-9.99	-15.50	348	0.00	0.00		0		squad-27	0	bot-234
41771	bot-299	alpha	S00r-3410	tick	-0.46	10.76	7	2.01	2.34	6.87	3	seek	squad-26	6	bot-196
41855	bot-293	alpha	P00m-43B0	tick	-2.14	3.44	324	1.77	1.20	4.03	1	squad	squad-26	7	bot-196
41872	bot-296	alpha	P00r-4320	tick	-0.01	1.96	330	0.00	0.00		0		squad-26	4	bot-196
41938	bot-301	bravo	S00r-4410	tick	-0.78	15.79	168	2.00	1.49	15.60	4	seek	squad-113	1	bot-300
41972	bot-196	alpha	S00m-3320	tick	6.50	6.17	7	0.01	0.01	0.39	1	seek	squad-26	0	bot-196
42072	bot-283	alpha	S00r-4320	tick	-1.34	4.41	2	1.03	0.82	12.72	3	seek	squad-26	2	bot-196
42072	bot-290	alpha	S00r-4420	tick	-0.98	3.27	276	0.96	0.94	9.80	4	seek	squad-26	3	bot-196
42106	bot-298	alpha	S00r-4410	tick	-3.60	-7.61	14	0.02	0.00	25.58	7	seek	squad-26	5	bot-196
42273	bot-236	bravo	P00r-4410	tick	-12.12	-18.28	51	0.00	0.00		0		squad-27	1	bot-234
42273	bot-238	bravo	P00r-4420	tick	-14.54	-15.84	342	0.00	0.00		0		squad-27	2	bot-234
42273	bot-240	bravo	K00m-03C0	tick	1.83	2.06	267	0.00	0.00		0		squad-27	4	bot-234
42273	bot-244	bravo	P00r-4410	tick	-13.42	-20.30	55	0.00	0.00		0		squad-27	3	bot-234
42273	bot-247	bravo	P00m-4320	tick	-15.23	-15.50	228	0.22	0.00	6.81	2	squad	squad-27	5	bot-234
42357	bot-300	bravo	S00r-4410	tick	-2.19	14.16	210	0.85	0.78	3.57	2	seek	squad-113	0	bot-300
42373	bot-252	alpha	P00r-4110	tick	4.91	10.14	123	0.00	0.00		0		squad-26	1	bot-196
42441	bot-300	bravo	E00r-4410	state	-2.23	14.11	209	0.89	0.06	3.51	2	seek	squad-113	0	bot-300
42457	bot-299	alpha	E00r-3410	state	-1.24	11.41	16	1.25	1.02	6.40	3	seek	squad-26	6	bot-196
42457	bot-300	bravo	E00r-441H	latches	-2.19	14.15	206	1.59	0.05	3.28	1	flee	squad-113	0	bot-300
42473	bot-299	alpha	E00r-341H	latches	-1.21	11.38	13	1.51	0.05	3.24	1	flee	squad-26	6	bot-196
42692	bot-234	bravo	P00r-4410	tick	-9.99	-15.50	348	0.00	0.00		0		squad-27	0	bot-234
42692	bot-300	bravo	E00r-4411	latches	-2.05	14.54	206	4.97	0.41	2.91	1	flee	squad-113	0	bot-300
42708	bot-299	alpha	E00r-3411	latches	-0.90	11.03	13	4.75	0.47	2.77	1	flee	squad-26	6	bot-196
42858	bot-293	alpha	P00m-43B0	tick	-2.91	5.10	5	2.13	1.84	2.27	1	squad	squad-26	7	bot-196
42875	bot-296	alpha	P00r-4320	tick	0.00	1.96	330	0.00	0.01		0		squad-26	4	bot-196
42942	bot-301	bravo	S00r-4410	tick	-1.60	14.52	168	1.31	1.51	14.58	4	seek	squad-113	1	bot-300
42975	bot-196	alpha	S00m-3320	tick	6.50	6.18	7	0.01	0.01	0.37	1	seek	squad-26	0	bot-196
43076	bot-283	alpha	S00r-4320	tick	-1.66	6.11	9	2.12	1.73	11.07	3	seek	squad-26	2	bot-196
43076	bot-290	alpha	S00r-4420	tick	-1.42	4.03	360	0.96	0.88	9.02	3	seek	squad-26	3	bot-196
43092	bot-293	alpha	A00m-43B0	state	-3.04	5.54	346	2.19	0.46	1.83	1	squad	squad-26	7	bot-196
43109	bot-298	alpha	S00r-4410	tick	-3.60	-7.61	10	0.02	0.00	25.58	7	seek	squad-26	5	bot-196
43159	bot-301	bravo	C00r-4410	state	-1.80	14.32	220	1.34	0.28	14.44	4	seek	squad-113	1	bot-300
43176	bot-301	bravo	C00r-4412	latches	-1.83	14.49	211	5.14	0.17	0.57	1	cover	squad-113	1	bot-300
43226	bot-301	bravo	G00r-4412	state	-1.87	14.66	203	5.02	0.17	0.40	1	cover	squad-113	1	bot-300
43259	bot-293	alpha	A00m-43BG	latches	-3.04	5.54	7	0.00	0.00		0		squad-26	7	bot-196
43259	bot-301	bravo	G00r-441I	latches	-1.95	15.05	195	0.00	0.40		0		squad-113	1	bot-300
43276	bot-236	bravo	P00r-4410	tick	-12.12	-18.28	51	0.00	0.00		0		squad-27	1	bot-234
43276	bot-238	bravo	P00r-4420	tick	-14.54	-15.84	342	0.00	0.00		0		squad-27	2	bot-234
43276	bot-240	bravo	K00m-03C0	tick	1.83	2.06	267	0.00	0.00		0		squad-27	4	bot-234
43276	bot-244	bravo	P00r-4410	tick	-13.42	-20.30	55	0.00	0.00		0		squad-27	3	bot-234
43276	bot-247	bravo	P00m-4320	tick	-15.24	-15.50	259	0.10	0.00	6.81	2	squad	squad-27	5	bot-234
43276	bot-299	alpha	S00r-3410	state+latches	0.84	9.25	13	0.00	2.48		0		squad-26	6	bot-196
43343	bot-300	bravo	S00r-4410	state+latches	-0.27	16.44	206	0.00	2.60		0		squad-113	0	bot-300
43377	bot-252	alpha	P00r-4110	tick	4.91	10.14	123	0.00	0.00		0		squad-26	1	bot-196
43494	bot-293	alpha	S00m-43B0	state+latches	-3.05	5.54	7	0.00	0.00		0		squad-26	7	bot-196
43494	bot-301	bravo	G00r-4412	latches	-1.95	15.05	214	0.01	0.00		0		squad-113	1	bot-300
43694	bot-234	bravo	P00r-4410	tick	-9.99	-15.50	348	0.00	0.00		0		squad-27	0	bot-234
43878	bot-296	alpha	P00r-4320	tick	0.01	1.95	330	0.00	0.01		0		squad-26	4	bot-196
43979	bot-196	alpha	S00m-3320	tick	6.50	6.19	7	0.01	0.01	0.36	1	seek	squad-26	0	bot-196
44047	bot-293	alpha	M00m-43B0	state	-2.93	6.40	9	1.96	0.86	7.51	2	seek	squad-26	7	bot-196
44080	bot-283	alpha	S00r-4320	tick	-2.20	8.21	10	2.40	2.17	9.12	2	seek	squad-26	2	bot-196
44080	bot-290	alpha	S00r-4420	tick	-1.82	5.46	352	1.94	1.48	7.60	3	seek	squad-26	3	bot-196
44114	bot-298	alpha	S00r-4410	tick	-3.60	-7.61	14	0.02	0.00	25.58	7	seek	squad-26	5	bot-196
44280	bot-236	bravo	P00r-4410	tick	-12.12	-18.28	51	0.00	0.00		0		squad-27	1	bot-234
44280	bot-238	bravo	P00r-4420	tick	-14.54	-15.84	342	0.00	0.00		0		squad-27	2	bot-234
44280	bot-240	bravo	K00m-03C0	tick	1.83	2.06	267	0.00	0.00		0		squad-27	4	bot-234
44280	bot-244	bravo	P00r-4410	tick	-13.42	-20.30	55	0.00	0.00		0		squad-27	3	bot-234
44280	bot-247	bravo	P00m-4320	tick	-15.23	-15.50	242	0.04	0.00	6.81	2	squad	squad-27	5	bot-234
44280	bot-299	alpha	S00r-3410	tick	-0.81	10.59	357	1.13	2.13	5.47	3	seek	squad-26	6	bot-196
44347	bot-300	bravo	S00r-4410	tick	-1.19	15.25	213	0.79	1.50	5.02	2	seek	squad-113	0	bot-300
44380	bot-252	alpha	P00r-4110	tick	4.91	10.14	123	0.00	0.00		0		squad-26	1	bot-196
44498	bot-301	bravo	S00r-4410	state+latches	-1.95	15.05	192	0.00	0.00		0		squad-113	1	bot-300
44698	bot-234	bravo	P00r-4410	tick	-9.99	-15.50	348	0.00	0.00		0		squad-27	0	bot-234
44882	bot-296	alpha	P00r-4320	tick	-0.01	2.00	305	0.47	0.06	12.39	6	squad	squad-26	4	bot-196
44949	bot-196	alpha	P00m-3320	state	6.24	6.27	325	0.83	0.27	0.34	1	seek	squad-26	0	bot-196
44966	bot-301	bravo	E00r-4410	state	-2.21	14.63	171	1.10	0.50	11.21	4	seek	squad-113	1	bot-300
44982	bot-301	bravo	E00r-4411	latches	-2.20	14.79	167	4.86	0.16	2.86	1	flee	squad-113	1	bot-300
44999	bot-299	alpha	E00r-3410	state	-1.36	11.13	10	1.11	0.77	5.00	3	seek	squad-26	6	bot-196
45016	bot-299	alpha	E00r-3411	latches	-1.32	11.11	3	1.33	0.04	2.78	2	flee	squad-26	6	bot-196
45032	bot-301	bravo	E00r-441H	latches	-2.18	15.03	167	4.80	0.24	2.66	1	flee	squad-113	1	bot-300
45049	bot-293	alpha	M00m-43B0	tick	0.55	7.57	32	4.20	3.68	5.06	3	medic	squad-26	7	bot-196
45049	bot-299	alpha	E00r-341H	latches	-1.28	11.10	360	1.38	0.05	2.74	2	flee	squad-26	6	bot-196
45083	bot-283	alpha	S00r-4320	tick	-2.54	10.58	22	2.46	2.39	6.97	2	seek	squad-26	2	bot-196
45083	bot-290	alpha	S00r-4420	tick	-2.42	7.46	10	2.31	2.09	5.67	2	seek	squad-26	3	bot-196
45116	bot-298	alpha	S00r-4410	tick	-3.60	-7.61	10	0.04	0.00	25.58	7	seek	squad-26	5	bot-196
45267	bot-301	bravo	E00r-4411	latches	-1.69	16.01	167	4.79	1.10	1.61	1	flee	squad-113	1	bot-300
45284	bot-236	bravo	P00r-4410	tick	-12.12	-18.28	51	0.00	0.00		0		squad-27	1	bot-234
45284	bot-238	bravo	P00r-4420	tick	-14.54	-15.84	342	0.00	0.00		0		squad-27	2	bot-234
45284	bot-240	bravo	K00m-03C0	tick	1.83	2.06	273	0.00	0.00		0		squad-27	4	bot-234
45284	bot-244	bravo	P00r-4410	tick	-13.42	-20.30	55	0.00	0.00		0		squad-27	3	bot-234
45284	bot-247	bravo	P00m-4320	tick	-15.24	-15.50	210	0.15	0.00	6.81	2	squad	squad-27	5	bot-234
45284	bot-299	alpha	E00r-3411	latches	-0.83	10.75	360	4.91	0.56	2.19	2	flee	squad-26	6	bot-196
45351	bot-300	bravo	S00r-4410	tick	-1.55	14.65	218	1.00	0.70	4.32	2	seek	squad-113	0	bot-300
45384	bot-252	alpha	P00r-4110	tick	4.37	9.93	249	1.94	0.58	5.14	8	squad	squad-26	1	bot-196
45568	bot-301	bravo	S00r-4410	state+latches	-0.70	16.86	167	0.71	1.30		0		squad-113	1	bot-300
45668	bot-252	alpha	P00r-4114	latches	3.76	9.69	261	0.66	0.65		0		squad-26	1	bot-196
45702	bot-234	bravo	P00r-4410	tick	-9.99	-15.50	348	0.00	0.00		0		squad-27	0	bot-234
45735	bot-299	alpha	S00r-3410	state+latches	0.41	9.32	360	0.08	1.89		0		squad-26	6	bot-196
45869	bot-296	alpha	S00r-4320	state	0.02	2.39	329	0.13	0.39	12.14	6	squad	squad-26	4	bot-196
45952	bot-196	alpha	P00m-3320	tick	6.15	5.71	72	1.05	0.57		0		squad-26	0	bot-196
46053	bot-293	alpha	M00m-43B0	tick	2.69	9.28	75	2.77	2.73	1.15	1	medic	squad-26	7	bot-196
46086	bot-283	alpha	S00r-4320	tick	-2.53	12.22	24	1.36	1.64	5.47	2	seek	squad-26	2	bot-196
46086	bot-290	alpha	S00r-4420	tick	-2.29	9.83	15	2.30	2.37	3.33	1	seek	squad-26	3	bot-196
46086	bot-298	alpha	P00r-4410	state	-3.60	-7.61	18	0.03	0.00	25.58	7	seek	squad-26	5	bot-196
46270	bot-293	alpha	T00m-43B0	state	3.10	9.38	77	0.00	0.43		0		squad-26	7	bot-196
46287	bot-236	bravo	P00r-4410	tick	-12.12	-18.28	51	0.00	0.00		0		squad-27	1	bot-234
46287	bot-238	bravo	P00r-4420	tick	-14.54	-15.84	342	0.00	0.00		0		squad-27	2	bot-234
46287	bot-240	bravo	K00m-03C0	tick	1.83	2.06	281	0.00	0.00		0		squad-27	4	bot-234
46287	bot-244	bravo	P00r-4410	tick	-13.42	-20.30	55	0.00	0.00		0		squad-27	3	bot-234
46287	bot-247	bravo	P00m-4320	tick	-15.23	-15.50	241	0.06	0.00	6.81	2	squad	squad-27	5	bot-234
46321	bot-252	alpha	P00r-4214	health	3.75	9.68	36	0.00	0.01		0		squad-26	1	bot-196
46354	bot-300	bravo	S00r-4410	tick	-2.14	14.08	211	0.90	0.82	3.53	2	seek	squad-113	0	bot-300
46571	bot-301	bravo	S00r-4410	tick	-1.33	15.10	175	1.57	1.87	6.04	3	seek	squad-113	1	bot-300
46655	bot-300	bravo	E00r-4410	state	-2.38	13.91	209	1.24	0.30	3.26	2	seek	squad-113	0	bot-300
46672	bot-299	alpha	E00r-3410	state	-0.96	10.74	2	1.87	1.97	6.33	3	seek	squad-26	6	bot-196
46672	bot-300	bravo	E00r-441H	latches	-2.36	13.95	206	1.54	0.05	3.20	1	flee	squad-113	0	bot-300
46688	bot-299	alpha	E00r-341H	latches	-0.83	10.66	357	4.68	0.16	3.22	2	flee	squad-26	6	bot-196
46705	bot-234	bravo	P00r-4410	tick	-9.99	-15.50	348	0.00	0.00		0		squad-27	0	bot-234
46872	bot-296	alpha	S00r-4320	tick	0.01	2.41	351	0.04	0.02	12.29	3	seek	squad-26	4	bot-196
46906	bot-300	bravo	E00r-4411	latches	-2.10	14.37	206	4.97	0.49	2.73	1	flee	squad-113	0	bot-300
46922	bot-299	alpha	E00r-3411	latches	0.00	9.94	357	4.63	1.10	2.16	2	flee	squad-26	6	bot-196
46956	bot-196	alpha	P00m-3320	tick	7.55	5.69	99	0.91	1.40		0		squad-26	0	bot-196
47090	bot-283	alpha	S00r-4320	tick	-2.30	13.44	33	1.33	1.24	4.30	1	seek	squad-26	2	bot-196
47090	bot-290	alpha	S00r-4420	tick	-2.05	11.51	21	0.95	1.71	1.65	1	seek	squad-26	3	bot-196
47090	bot-298	alpha	P00r-4410	tick	-3.59	-7.61	35	0.20	0.01	10.46	2	squad	squad-26	5	bot-196
47224	bot-252	alpha	S00r-4314	state+health	3.75	9.67	57	0.00	0.01		0		squad-26	1	bot-196
47274	bot-293	alpha	T00m-43B0	tick	3.09	9.37	326	0.00	0.02		0		squad-26	7	bot-196
47290	bot-236	bravo	P00r-4410	tick	-12.12	-18.28	51	0.00	0.00		0		squad-27	1	bot-234
47290	bot-238	bravo	P00r-4420	tick	-14.54	-15.84	342	0.00	0.00		0		squad-27	2	bot-234
47290	bot-240	bravo	K00m-03C0	tick	1.83	2.06	281	0.00	0.00		0		squad-27	4	bot-234
47290	bot-244	bravo	P00r-4410	tick	-13.42	-20.30	55	0.00	0.00		0		squad-27	3	bot-234
47290	bot-247	bravo	P00m-4320	tick	-15.23	-15.50	261	0.19	0.00	6.81	2	squad	squad-27	5	bot-234
47391	bot-299	alpha	S00r-3410	state+latches	0.98	8.35	357	0.06	1.87		0		squad-26	6	bot-196
47575	bot-301	bravo	S00r-4410	tick	-1.55	14.59	153	0.54	0.56	5.67	3	seek	squad-113	1	bot-300
47608	bot-300	bravo	S00r-4410	state+latches	-0.26	16.07	206	0.00	2.51		0		squad-113	0	bot-300
47709	bot-234	bravo	P00r-4410	tick	-9.99	-15.50	348	0.00	0.00		0		squad-27	0	bot-234
47876	bot-296	alpha	S00r-4320	tick	-0.06	2.53	311	0.32	0.14	12.17	3	seek	squad-26	4	bot-196
47960	bot-196	alpha	P00m-3320	tick	7.05	5.69	290	0.64	0.50		0		squad-26	0	bot-196
48093	bot-283	alpha	S00r-4320	tick	-2.06	14.50	36	0.54	1.09	3.31	1	seek	squad-26	2	bot-196
48093	bot-290	alpha	S00r-4420	tick	-1.70	12.40	21	1.01	0.95	0.70	1	seek	squad-26	3	bot-196
48093	bot-298	alpha	P00r-4410	tick	-3.59	-7.61	4	0.16	0.00	10.46	2	squad	squad-26	5	bot-196
48143	bot-252	alpha	S00r-4414	health	3.74	9.66	346	0.00	0.01		0		squad-26	1	bot-196
48277	bot-293	alpha	T00m-43B0	tick	3.09	9.37	278	0.00	0.00		0		squad-26	7	bot-196
48294	bot-236	bravo	P00r-4410	tick	-12.12	-18.28	51	0.00	0.00		0		squad-27	1	bot-234
48294	bot-238	bravo	P00r-4420	tick	-14.54	-15.84	342	0.00	0.00		0		squad-27	2	bot-234
48294	bot-240	bravo	K00m-03C0	tick	1.36	2.05	293	0.00	0.47		0		squad-27	4	bot-234
48294	bot-244	bravo	P00r-4410	tick	-13.42	-20.30	55	0.00	0.00		0		squad-27	3	bot-234
48294	bot-247	bravo	P00m-4320	tick	-15.24	-15.50	229	0.10	0.00	6.81	2	squad	squad-27	5	bot-234
48394	bot-299	alpha	S00r-3410	tick	-0.28	10.27	329	1.94	2.30	5.81	4	seek	squad-26	6	bot-196
48578	bot-301	bravo	S00r-4410	tick	-1.54	14.58	153	0.39	0.01	5.66	3	seek	squad-113	1	bot-300
48612	bot-300	bravo	S00r-4410	tick	-1.98	15.60	217	0.29	1.79	5.88	2	seek	squad-113	0	bot-300
48712	bot-234	bravo	P00r-4410	tick	-9.99	-15.50	348	0.00	0.00		0		squad-27	0	bot-234
48830	bot-293	alpha	S00m-43B0	state	3.09	9.37	320	0.00	0.00		0		squad-26	7	bot-196
48880	bot-296	alpha	S00r-4320	tick	-0.42	2.94	352	0.53	0.54	11.71	3	seek	squad-26	4	bot-196
48964	bot-196	alpha	P00m-3320	tick	6.63	5.69	356	0.47	0.41		0		squad-26	0	bot-196
49097	bot-283	alpha	S00r-4320	tick	-2.46	15.35	28	1.01	0.93	3.03	1	seek	squad-26	2	bot-196
49097	bot-290	alpha	S00r-4420	tick	-1.72	13.15	43	0.53	0.75	0.77	1	seek	squad-26	3	bot-196
49097	bot-298	alpha	P00r-4410	tick	-3.59	-7.61	36	0.20	0.01	10.47	2	squad	squad-26	5	bot-196
49147	bot-252	alpha	S00r-4414	tick	3.73	9.65	64	0.00	0.01		0		squad-26	1	bot-196
49298	bot-236	bravo	P00r-4410	tick	-12.12	-18.28	51	0.00	0.00		0		squad-27	1	bot-234
49298	bot-238	bravo	P00r-4420	tick	-14.54	-15.84	342	0.00	0.00		0		squad-27	2	bot-234
49298	bot-240	bravo	K00m-03C0	tick	1.04	2.35	294	3.63	0.43	0.37	1	knife	squad-27	4	bot-234
49298	bot-244	bravo	P00r-4410	tick	-13.42	-20.30	55	0.00	0.00		0		squad-27	3	bot-234
49298	bot-247	bravo	P00m-4320	tick	-15.23	-15.50	222	0.04	0.00	6.81	2	squad	squad-27	5	bot-234
49314	bot-252	alpha	S00r-4410	latches	3.71	9.66	72	1.35	0.02	15.09	6	seek	squad-26	1	bot-196
49398	bot-299	alpha	S00r-3410	tick	-1.30	11.03	4	1.25	1.27	5.03	3	seek	squad-26	6	bot-196
49548	bot-300	bravo	E00r-4410	state	-2.07	14.75	202	1.29	0.85	5.06	2	seek	squad-113	0	bot-300
49565	bot-300	bravo	E00r-4411	latches	-1.95	14.86	193	4.95	0.17	1.02	1	flee	squad-113	0	bot-300
49582	bot-301	bravo	S00r-4410	tick	-1.64	14.35	151	0.28	0.26	5.50	3	seek	squad-113	1	bot-300
49599	bot-300	bravo	E00r-441H	latches	-1.81	14.95	189	4.85	0.16	0.87	1	flee	squad-113	0	bot-300
49716	bot-234	bravo	P00r-4410	tick	-9.99	-15.50	348	0.00	0.00		0		squad-27	0	bot-234
49783	bot-300	bravo	E00r-441G	latches	-1.23	15.17	189	4.07	0.62	3.29	1	flee	squad-113	0	bot-300
49799	bot-300	bravo	E00r-441H	latches	-1.18	15.21	189	3.87	0.06	3.23	1	flee	squad-113	0	bot-300
49833	bot-293	alpha	S00m-43B0	tick	1.21	10.47	348	1.77	2.18	3.15	1	seek	squad-26	7	bot-196
49833	bot-300	bravo	E00r-4411	latches	-1.10	15.29	189	3.34	0.11	3.12	1	flee	squad-113	0	bot-300
49883	bot-296	alpha	S00r-4320	tick	-0.90	3.28	300	0.95	0.59	11.32	3	seek	squad-26	4	bot-196
49933	bot-301	bravo	E00r-4410	state	-1.83	14.34	195	0.58	0.19	5.59	3	seek	squad-113	1	bot-300
49950	bot-196	alpha	S00m-3320	state	7.01	5.69	67	0.00	0.38		0		squad-26	0	bot-196
49950	bot-301	bravo	E00r-4411	latches	-1.80	14.39	188	1.63	0.05	3.55	1	flee	squad-113	1	bot-300
50084	bot-299	alpha	E00r-3410	state	-1.75	11.66	346	1.26	0.77	4.47	2	seek	squad-26	6	bot-196
50100	bot-283	alpha	S00r-4320	tick	-1.60	16.43	65	1.46	1.38	1.76	1	seek	squad-26	2	bot-196
50100	bot-290	alpha	S00r-4420	tick	-1.45	12.94	101	1.49	0.34	0.63	1	seek	squad-26	3	bot-196
50100	bot-298	alpha	P00r-4410	tick	-3.59	-7.61	54	0.19	0.01	10.46	2	squad	squad-26	5	bot-196
50100	bot-299	alpha	E00r-341H	latches	-1.73	11.62	349	1.30	0.04	3.08	1	flee	squad-26	6	bot-196
50100	bot-301	bravo	E00r-441H	latches	-1.67	14.60	181	1.58	0.25	3.31	1	flee	squad-113	1	bot-300
50301	bot-236	bravo	P00r-4410	tick	-12.12	-18.28	51	0.00	0.00		0		squad-27	1	bot-234
50301	bot-238	bravo	P00r-4420	tick	-14.54	-15.84	342	0.00	0.00		0		squad-27	2	bot-234
50301	bot-240	bravo	K00m-03C0	tick	0.45	2.49	302	2.11	0.61	0.39	1	knife	squad-27	4	bot-234
50301	bot-244	bravo	P00r-4410	tick	-13.42	-20.30	55	0.00	0.00		0		squad-27	3	bot-234
50301	bot-247	bravo	P00m-4320	tick	-15.24	-15.50	254	0.15	0.00	6.81	2	squad	squad-27	5	bot-234
50318	bot-252	alpha	S00r-4410	tick	1.39	9.85	39	2.57	2.33	16.27	6	seek	squad-26	1	bot-196
50334	bot-299	alpha	E00r-3411	latches	-1.48	11.27	349	4.58	0.43	2.66	1	flee	squad-26	6	bot-196
50334	bot-301	bravo	E00r-4411	latches	-1.13	15.26	181	3.08	0.85	2.45	1	flee	squad-113	1	bot-300
50518	bot-300	bravo	S00r-4410	state+latches	0.86	17.35	189	0.48	2.84		0		squad-113	0	bot-300
50719	bot-234	bravo	P00r-4410	tick	-9.99	-15.50	348	0.00	0.00		0		squad-27	0	bot-234
50836	bot-293	alpha	S00m-43B0	tick	0.83	12.00	352	0.86	1.58	1.58	1	seek	squad-26	7	bot-196
50853	bot-301	bravo	S00r-4410	state+latches	0.33	16.28	181	1.22	1.78		0		squad-113	1	bot-300
50886	bot-296	alpha	S00r-4320	tick	-1.05	3.78	355	0.26	0.52	10.81	2	seek	squad-26	4	bot-196
50904	bot-299	alpha	S00r-3410	state+latches	0.24	9.50	349	0.00	2.47		0		squad-26	6	bot-196
50953	bot-196	alpha	S00m-3320	tick	7.01	5.69	314	0.00	0.00		0		squad-26	0	bot-196
51104	bot-283	alpha	S00r-4320	tick	-0.49	17.26	95	1.37	1.38	0.58	1	seek	squad-26	2	bot-196
51104	bot-290	alpha	S00r-4420	tick	-1.33	12.68	109	0.53	0.28	0.41	1	seek	squad-26	3	bot-196
51104	bot-298	alpha	P00r-4410	tick	-3.59	-7.61	22	0.14	0.00	10.46	2	squad	squad-26	5	bot-196
51307	bot-236	bravo	P00r-4410	tick	-12.12	-18.28	51	0.00	0.00		0		squad-27	1	bot-234
51307	bot-238	bravo	P00r-4420	tick	-14.54	-15.84	342	0.00	0.00		0		squad-27	2	bot-234
51307	bot-240	bravo	K00m-03C0	tick	0.22	2.77	306	0.00	0.36		0		squad-27	4	bot-234
51307	bot-244	bravo	P00r-4410	tick	-13.42	-20.30	55	0.00	0.00		0		squad-27	3	bot-234
51307	bot-247	bravo	P00m-4320	tick	-15.23	-15.50	247	0.04	0.00	6.81	2	squad	squad-27	5	bot-234
51321	bot-252	alpha	S00r-4410	tick	-0.28	11.22	320	1.76	2.15	16.38	5	seek	squad-26	1	bot-196
51522	bot-300	bravo	S00r-4410	tick	0.25	16.58	218	0.57	0.98	7.64	2	seek	squad-113	0	bot-300
51723	bot-234	bravo	P00r-4410	tick	-9.99	-15.50	348	0.00	0.00		0		squad-27	0	bot-234
51790	bot-301	bravo	E00r-4410	state	-0.75	15.91	168	2.29	1.14	6.00	4	seek	squad-113	1	bot-300
51806	bot-252	alpha	E00r-4410	state	-0.95	11.81	49	2.26	0.90	16.48	5	seek	squad-26	1	bot-196
51806	bot-301	bravo	E00r-4411	latches	-0.69	16.06	176	4.88	0.16	3.35	1	flee	squad-113	1	bot-300
51823	bot-252	alpha	E00r-4411	latches	-0.82	11.76	41	4.22	0.14	3.24	1	flee	squad-26	1	bot-196
51840	bot-293	alpha	S00m-43B0	tick	0.67	12.88	349	0.97	0.89	0.68	1	seek	squad-26	7	bot-196
51840	bot-301	bravo	E00r-441H	latches	-0.65	16.22	181	4.94	0.16	3.21	1	flee	squad-113	1	bot-300
51856	bot-252	alpha	E00r-441H	latches	-0.68	11.71	36	4.58	0.15	3.11	1	flee	squad-26	1	bot-196
51890	bot-296	alpha	S00r-4320	tick	-1.13	3.68	309	0.64	0.13	10.90	2	seek	squad-26	4	bot-196
51907	bot-299	alpha	S00r-3410	tick	-1.47	10.73	14	1.20	2.10	6.02	3	seek	squad-26	6	bot-196
51957	bot-196	alpha	S00m-3320	tick	6.73	5.74	282	2.12	0.29	3.76	1	seek	squad-26	0	bot-196
52074	bot-283	alpha	P00r-4320	state	0.06	17.63	168	1.33	0.67	0.77	1	seek	squad-26	2	bot-196
52074	bot-290	alpha	P00r-4420	state	-1.86	13.70	47	1.52	1.15	0.54	2	seek	squad-26	3	bot-196
52074	bot-301	bravo	E00r-4411	latches	-0.64	17.34	181	4.64	1.12	2.50	1	flee	squad-113	1	bot-300
52095	bot-252	alpha	E00r-4411	latches	0.20	11.04	36	4.80	1.11	2.01	1	flee	squad-26	1	bot-196
52107	bot-298	alpha	P00r-4410	tick	-3.61	-7.61	359	0.11	0.02	11.01	3	squad	squad-26	5	bot-196
52175	bot-293	alpha	C00m-43B0	state	0.61	13.19	350	1.02	0.32	0.36	1	seek	squad-26	7	bot-196
52191	bot-293	alpha	C00m-43B2	latches	0.60	13.14	345	1.56	0.05	2.16	1	cover	squad-26	7	bot-196
52208	bot-293	alpha	C00m-43BI	latches	0.60	13.12	342	1.56	0.03	2.14	1	cover	squad-26	7	bot-196
52308	bot-236	bravo	P00r-4410	tick	-12.12	-18.28	51	0.00	0.00		0		squad-27	1	bot-234
52308	bot-238	bravo	P00r-4420	tick	-14.54	-15.84	342	0.00	0.00		0		squad-27	2	bot-234
52308	bot-240	bravo	K00m-03C0	tick	0.22	2.77	307	0.00	0.00		0		squad-27	4	bot-234
52308	bot-244	bravo	P00r-4410	tick	-13.42	-20.30	55	0.00	0.00		0		squad-27	3	bot-234
52308	bot-247	bravo	P00m-4320	tick	-15.23	-15.50	216	0.15	0.00	6.81	2	squad	squad-27	5	bot-234
52442	bot-293	alpha	C00m-43B2	latches	0.45	12.59	291	4.91	0.55	1.59	1	cover	squad-26	7	bot-196
52492	bot-252	alpha	S00r-4410	state+latches	1.33	9.79	36	0.00	1.68		0		squad-26	1	bot-196
52526	bot-300	bravo	S00r-4410	tick	-0.29	16.29	215	1.32	0.61	7.09	2	seek	squad-113	0	bot-300
52693	bot-293	alpha	G00m-43B2	state	0.16	11.45	231	5.01	1.17	0.42	1	cover	squad-26	7	bot-196
52726	bot-234	bravo	P00r-4410	tick	-9.99	-15.50	348	0.00	0.00		0		squad-27	0	bot-234
52726	bot-301	bravo	S00r-4410	state+latches	1.23	18.62	181	0.00	2.27		0		squad-113	1	bot-300
52860	bot-300	bravo	E00r-4410	state	-0.59	15.91	214	1.41	0.48	6.61	2	seek	squad-113	0	bot-300
52877	bot-300	bravo	E00r-4411	latches	-0.47	15.99	205	4.05	0.14	3.26	1	flee	squad-113	0	bot-300
52893	bot-296	alpha	S00r-4320	tick	-1.11	3.70	356	0.46	0.03	10.88	2	seek	squad-26	4	bot-196
52893	bot-300	bravo	E00r-441H	latches	-0.41	16.02	205	4.15	0.07	3.20	1	flee	squad-113	0	bot-300
52910	bot-299	alpha	S00r-3410	tick	-1.82	11.79	8	0.76	1.11	5.12	2	seek	squad-26	6	bot-196
52960	bot-196	alpha	S00m-3320	tick	4.82	6.12	284	1.77	1.95	1.82	1	seek	squad-26	0	bot-196
53077	bot-283	alpha	P00r-4320	tick	-0.75	16.69	225	2.07	1.24	10.16	3	squad	squad-26	2	bot-196
53077	bot-290	alpha	P00r-4420	tick	-2.64	12.05	187	2.52	1.83	12.86	3	squad	squad-26	3	bot-196
53111	bot-298	alpha	P00r-4410	tick	-3.65	-7.61	34	0.11	0.03	9.72	2	squad	squad-26	5	bot-196
53128	bot-300	bravo	E00r-4411	latches	0.54	16.52	205	4.81	1.07	2.27	1	flee	squad-113	0	bot-300
53211	bot-299	alpha	C00r-3410	state	-1.73	11.99	21	0.84	0.22	4.90	2	seek	squad-26	6	bot-196
53228	bot-299	alpha	C00r-341I	latches	-1.71	11.95	25	1.10	0.04	2.42	1	cover	squad-26	6	bot-196
53312	bot-236	bravo	P00r-4410	tick	-12.12	-18.28	51	0.00	0.00		0		squad-27	1	bot-234
53312	bot-238	bravo	P00r-4420	tick	-14.54	-15.84	342	0.00	0.00		0		squad-27	2	bot-234
53312	bot-240	bravo	K00m-03C0	tick	0.22	2.77	304	0.00	0.00		0		squad-27	4	bot-234
53312	bot-244	bravo	P00r-4410	tick	-13.42	-20.30	55	0.00	0.00		0		squad-27	3	bot-234
53312	bot-247	bravo	P00m-4320	tick	-15.23	-15.50	235	0.06	0.00	6.81	2	squad	squad-27	5	bot-234
53463	bot-299	alpha	C00r-3412	latches	-1.55	11.57	75	4.63	0.42	2.02	1	cover	squad-26	6	bot-196
53496	bot-252	alpha	S00r-4410	tick	-1.00	10.53	334	2.40	2.44	5.59	2	seek	squad-26	1	bot-196
53597	bot-300	bravo	S00r-4410	state+latches	1.49	18.26	205	0.00	1.98		0		squad-113	0	bot-300
53697	bot-293	alpha	G00m-43B2	tick	-0.01	11.57	7	0.00	0.20		0		squad-26	7	bot-196
53730	bot-234	bravo	P00r-4410	tick	-9.99	-15.50	348	0.00	0.00		0		squad-27	0	bot-234
53730	bot-293	alpha	C00m-43B2	state	-0.02	11.65	6	0.00	0.09		0		squad-26	7	bot-196
53730	bot-301	bravo	S00r-4410	tick	-0.27	16.94	165	1.67	2.26	7.13	3	seek	squad-113	1	bot-300
53830	bot-293	alpha	G00m-43B2	state	0.03	11.49	26	2.21	0.17	0.44	1	cover	squad-26	7	bot-196
53863	bot-299	alpha	G00r-3412	state	-1.68	9.88	155	4.66	1.69	0.41	1	cover	squad-26	6	bot-196
53897	bot-296	alpha	S00r-4320	tick	-1.08	3.68	327	0.75	0.04	10.90	3	seek	squad-26	4	bot-196
53964	bot-196	alpha	S00m-3320	tick	3.35	6.31	323	1.90	1.48	0.74	1	seek	squad-26	0	bot-196
54081	bot-283	alpha	P00r-4320	tick	-1.40	14.93	169	1.61	1.88	7.57	4	squad	squad-26	2	bot-196
54081	bot-290	alpha	P00r-4420	tick	-2.82	10.15	123	1.66	1.91	2.83	1	squad	squad-26	3	bot-196
54114	bot-298	alpha	P00r-4410	tick	-3.59	-7.61	26	0.12	0.05	21.23	7	squad	squad-26	5	bot-196
54181	bot-301	bravo	C00r-4410	state	-0.66	16.34	161	1.65	0.71	6.67	3	seek	squad-113	1	bot-300
54198	bot-252	alpha	C00r-4410	state	-1.69	11.40	337	2.41	1.11	4.51	2	seek	squad-26	1	bot-196
54198	bot-301	bravo	C00r-441I	latches	-0.53	16.44	161	4.72	0.16	6.73	5	cover	squad-113	1	bot-300
54215	bot-252	alpha	C00r-441I	latches	-1.63	11.25	346	4.66	0.16	1.83	1	cover	squad-26	1	bot-196
54315	bot-236	bravo	P00r-4410	tick	-12.12	-18.28	51	0.00	0.00		0		squad-27	1	bot-234
54315	bot-238	bravo	P00r-4420	tick	-14.54	-15.84	342	0.00	0.00		0		squad-27	2	bot-234
54315	bot-240	bravo	K00m-03C0	tick	0.22	2.77	304	0.00	0.00		0		squad-27	4	bot-234
54315	bot-244	bravo	P00r-4410	tick	-13.42	-20.30	55	0.00	0.00		0		squad-27	3	bot-234
54315	bot-247	bravo	P00m-4320	tick	-15.23	-15.50	266	0.22	0.00	6.81	2	squad	squad-27	5	bot-234
54432	bot-301	bravo	C00r-4412	latches	-0.06	17.43	100	4.10	1.10	6.56	5	cover	squad-113	1	bot-300
54449	bot-252	alpha	C00r-4412	latches	-1.01	10.34	46	4.91	1.10	0.79	1	cover	squad-26	1	bot-196
54566	bot-252	alpha	G00r-4412	state	-0.78	9.92	72	4.75	0.48	0.40	1	cover	squad-26	1	bot-196
54599	bot-300	bravo	S00r-4410	tick	0.32	16.69	223	1.07	1.96	7.71	2	seek	squad-113	0	bot-300
54733	bot-234	bravo	P00r-4410	tick	-9.99	-15.50	348	0.00	0.00		0		squad-27	0	bot-234
54833	bot-293	alpha	G00m-43B2	tick	0.05	11.05	7	0.00	0.44		0		squad-26	7	bot-196
54867	bot-299	alpha	G00r-3412	tick	-1.45	9.55	6	0.00	0.41		0		squad-26	6	bot-196
54900	bot-296	alpha	S00r-4320	tick	-1.09	3.71	355	1.05	0.03	10.87	3	seek	squad-26	4	bot-196
54967	bot-196	alpha	S00m-3320	tick	4.94	6.29	69	2.22	1.59	0.66	1	seek	squad-26	0	bot-196
55084	bot-283	alpha	P00r-4320	tick	-2.23	13.63	206	1.57	1.54	12.57	6	squad	squad-26	2	bot-196
55084	bot-290	alpha	P00r-4420	tick	-1.41	10.90	82	1.55	1.59	4.13	2	squad	squad-26	3	bot-196
55118	bot-298	alpha	P00r-4410	tick	-3.60	-7.61	354	0.08	0.00	21.60	9	squad	squad-26	5	bot-196
55268	bot-293	alpha	C00m-43B2	state	-0.02	11.65	334	0.00	0.60		0		squad-26	7	bot-196
55318	bot-236	bravo	P00r-4410	tick	-12.12	-18.28	51	0.00	0.00		0		squad-27	1	bot-234
55318	bot-238	bravo	P00r-4420	tick	-14.54	-15.84	342	0.00	0.00		0		squad-27	2	bot-234
55318	bot-240	bravo	K00m-03C0	tick	0.22	2.77	305	0.00	0.00		0		squad-27	4	bot-234
55318	bot-244	bravo	P00r-4410	tick	-13.42	-20.30	55	0.00	0.00		0		squad-27	3	bot-234
55318	bot-247	bravo	P00m-4320	tick	-15.24	-15.50	234	0.10	0.00	6.81	2	squad	squad-27	5	bot-234
55385	bot-293	alpha	G00m-43B2	state	0.07	11.48	359	1.65	0.19	0.43	1	cover	squad-26	7	bot-196
55435	bot-301	bravo	C00r-4412	tick	4.23	18.04	90	4.59	4.33	3.50	4	cover	squad-113	1	bot-300
55569	bot-252	alpha	G00r-4412	tick	-0.95	9.55	25	0.11	0.40		0		squad-26	1	bot-196
55603	bot-300	bravo	S00r-4410	tick	-0.81	15.76	221	2.05	1.46	6.27	2	seek	squad-113	0	bot-300
55737	bot-234	bravo	P00r-4410	tick	-9.99	-15.50	348	0.00	0.00		0		squad-27	0	bot-234
55871	bot-299	alpha	G00r-3412	tick	-1.45	9.55	11	0.00	0.00		0		squad-26	6	bot-196
55904	bot-296	alpha	S00r-4320	tick	-1.06	3.75	344	0.17	0.05	10.84	2	seek	squad-26	4	bot-196
55971	bot-196	alpha	S00m-3320	tick	6.53	6.18	76	2.85	1.60	0.54	1	seek	squad-26	0	bot-196
56088	bot-283	alpha	P00r-4320	tick	-2.38	11.71	199	2.26	1.93	9.87	5	squad	squad-26	2	bot-196
56088	bot-290	alpha	P00r-4420	tick	0.51	10.15	108	2.20	2.06	7.37	3	squad	squad-26	3	bot-196
56121	bot-298	alpha	P00r-4410	tick	-3.60	-7.61	16	0.12	0.00	24.18	11	squad	squad-26	5	bot-196
56322	bot-236	bravo	P00r-4410	tick	-12.12	-18.28	51	0.00	0.00		0		squad-27	1	bot-234
56322	bot-238	bravo	P00r-4420	tick	-14.54	-15.84	342	0.00	0.00		0		squad-27	2	bot-234
56322	bot-240	bravo	K00m-03C0	tick	0.22	2.77	306	0.00	0.00		0		squad-27	4	bot-234
56322	bot-244	bravo	P00r-4410	tick	-13.42	-20.30	55	0.00	0.00		0		squad-27	3	bot-234
56322	bot-247	bravo	P00m-4320	tick	-15.23	-15.50	216	0.05	0.00	6.81	2	squad	squad-27	5	bot-234
56372	bot-196	alpha	P00m-3320	state	7.23	5.94	68	0.00	0.74		0		squad-26	0	bot-196
56389	bot-293	alpha	G00m-43B2	tick	0.05	11.05	7	0.00	0.43		0		squad-26	7	bot-196
56439	bot-301	bravo	C00r-4412	tick	8.81	18.03	89	4.72	4.58	4.06	4	cover	squad-113	1	bot-300
56523	bot-299	alpha	C00r-3412	state	-1.53	10.63	324	0.00	1.08		0		squad-26	6	bot-196
56573	bot-252	alpha	G00r-4412	tick	-0.95	9.55	11	0.00	0.00		0		squad-26	1	bot-196
56607	bot-300	bravo	S00r-4410	tick	-1.66	14.87	221	0.99	1.23	5.04	2	seek	squad-113	0	bot-300
56741	bot-234	bravo	P00r-4410	tick	-9.99	-15.50	348	0.00	0.00		0		squad-27	0	bot-234
56908	bot-296	alpha	S00r-4320	tick	-1.10	3.72	356	0.45	0.05	10.87	2	seek	squad-26	4	bot-196
56975	bot-293	alpha	C00m-43B2	state	-0.02	11.65	323	0.00	0.61		0		squad-26	7	bot-196
57075	bot-283	alpha	S00r-4320	state	-2.84	9.47	162	2.17	2.28	11.91	5	squad	squad-26	2	bot-196
57075	bot-290	alpha	S00r-4420	state	2.12	10.00	67	1.49	1.61	3.98	2	squad	squad-26	3	bot-196
57075	bot-293	alpha	G00m-43B2	state	0.00	11.49	302	2.21	0.16	0.44	1	cover	squad-26	7	bot-196
57125	bot-298	alpha	P00r-4410	tick	-3.60	-7.61	45	0.10	0.00	21.85	10	squad	squad-26	5	bot-196
57326	bot-236	bravo	P00r-4410	tick	-12.12	-18.28	51	0.00	0.00		0		squad-27	1	bot-234
57326	bot-238	bravo	P00r-4420	tick	-14.54	-15.84	342	0.00	0.00		0		squad-27	2	bot-234
57326	bot-240	bravo	K00m-03C0	tick	0.22	2.77	307	0.00	0.00		0		squad-27	4	bot-234
57326	bot-244	bravo	P00r-4410	tick	-13.42	-20.30	55	0.00	0.00		0		squad-27	3	bot-234
57326	bot-247	bravo	P00m-4320	tick	-15.23	-15.50	248	0.15	0.00	6.81	2	squad	squad-27	5	bot-234
57376	bot-196	alpha	P00m-3320	tick	6.44	5.72	280	0.63	0.82		0		squad-26	0	bot-196
57443	bot-301	bravo	C00r-4412	tick	11.98	16.42	169	4.67	3.56	6.09	2	cover	squad-113	1	bot-300
57527	bot-299	alpha	C00r-3412	tick	-1.42	10.11	267	0.00	0.53		0		squad-26	6	bot-196
57577	bot-252	alpha	G00r-4412	tick	-0.95	9.55	324	0.00	0.00		0		squad-26	1	bot-196
57610	bot-300	bravo	S00r-4410	tick	-2.14	14.25	217	0.75	0.78	4.26	2	seek	squad-113	0	bot-300
57694	bot-293	alpha	S00m-43B0	state+latches	0.05	11.05	38	0.00	0.44		0		squad-26	7	bot-196
57744	bot-234	bravo	P00r-4410	tick	-9.99	-15.50	348	0.00	0.00		0		squad-27	0	bot-234
57878	bot-296	alpha	P00r-4320	state	-1.13	3.68	327	0.56	0.04	10.90	2	seek	squad-26	4	bot-196
57878	bot-300	bravo	E00r-4410	state	-2.27	14.09	221	0.89	0.20	4.06	2	seek	squad-113	0	bot-300
57894	bot-300	bravo	E00r-4411	latches	-2.23	14.13	215	1.57	0.05	3.33	1	flee	squad-113	0	bot-300
57911	bot-300	bravo	E00r-441H	latches	-2.21	14.15	215	1.57	0.03	3.30	1	flee	squad-113	0	bot-300
57928	bot-252	alpha	C00r-4412	state	-0.94	10.43	350	0.00	0.88		0		squad-26	1	bot-196
58078	bot-283	alpha	S00r-4320	tick	-2.57	11.86	28	2.35	2.40	7.61	2	seek	squad-26	2	bot-196
58078	bot-290	alpha	S00r-4420	tick	1.19	11.22	338	1.86	1.54	3.05	1	seek	squad-26	3	bot-196
58112	bot-299	alpha	G00r-3412	state	-1.60	9.91	254	4.72	0.27	0.39	1	cover	squad-26	6	bot-196
58128	bot-298	alpha	P00r-4410	tick	-3.60	-7.61	13	0.06	0.00	21.85	10	squad	squad-26	5	bot-196
58145	bot-300	bravo	E00r-4411	latches	-1.84	14.56	215	4.93	0.55	2.75	1	flee	squad-113	0	bot-300
58196	bot-252	alpha	G00r-4412	state	-0.78	9.91	47	4.75	0.54	0.40	1	cover	squad-26	1	bot-196
58330	bot-236	bravo	P00r-4410	tick	-12.12	-18.28	51	0.00	0.00		0		squad-27	1	bot-234
58330	bot-238	bravo	P00r-4420	tick	-14.54	-15.84	342	0.00	0.00		0		squad-27	2	bot-234
58330	bot-240	bravo	K00m-03C0	tick	0.29	2.56	359	4.54	0.23	0.36	1	knife	squad-27	4	bot-234
58330	bot-244	bravo	P00r-4410	tick	-13.42	-20.30	55	0.00	0.00		0		squad-27	3	bot-234
58330	bot-247	bravo	P00m-4320	tick	-15.23	-15.50	253	0.06	0.00	6.81	2	squad	squad-27	5	bot-234
58380	bot-196	alpha	P00m-3320	tick	6.90	5.69	115	1.02	0.46		0		squad-26	0	bot-196
58413	bot-293	alpha	C00m-43B0	state	-0.84	11.79	19	2.19	1.16	5.59	4	seek	squad-26	7	bot-196
58430	bot-293	alpha	C00m-43B2	latches	-0.73	11.69	11	4.71	0.15	1.01	1	cover	squad-26	7	bot-196
58430	bot-300	bravo	E00r-441H	latches	-1.01	15.57	197	4.21	1.31	1.45	1	flee	squad-113	0	bot-300
58446	bot-293	alpha	C00m-43BI	latches	-0.66	11.64	15	4.74	0.08	0.93	1	cover	squad-26	7	bot-196
58446	bot-301	bravo	C00r-4412	tick	8.44	15.58	258	4.60	3.64	2.45	1	cover	squad-113	1	bot-300
58580	bot-293	alpha	G00m-43BI	state	-0.31	11.20	46	5.44	0.57	0.39	1	cover	squad-26	7	bot-196
58664	bot-300	bravo	E00r-4411	latches	-0.23	16.32	197	4.84	1.08	0.37	1	flee	squad-113	0	bot-300
58680	bot-293	alpha	G00m-43B2	latches	0.05	11.05	21	0.00	0.39		0		squad-26	7	bot-196
58714	bot-299	alpha	S00r-3410	state+latches	-1.50	9.55	14	0.00	0.37		0		squad-26	6	bot-196
58714	bot-300	bravo	S00r-4410	state+latches	-0.17	16.37	197	0.00	0.08		0		squad-113	0	bot-300
58747	bot-234	bravo	P00r-4410	tick	-9.99	-15.50	348	0.00	0.00		0		squad-27	0	bot-234
58881	bot-296	alpha	P00r-4320	tick	1.52	2.96	129	2.45	2.74	6.63	2	squad	squad-26	4	bot-196
58981	bot-301	bravo	G00r-4412	state	6.44	15.16	256	2.84	2.04	0.41	1	cover	squad-113	1	bot-300
59082	bot-283	alpha	S00r-4320	tick	-2.16	13.63	30	1.42	1.82	5.87	2	seek	squad-26	2	bot-196
59082	bot-290	alpha	S00r-4420	tick	0.64	12.77	335	1.02	1.64	1.41	1	seek	squad-26	3	bot-196
59132	bot-298	alpha	P00r-4410	tick	-3.60	-7.61	358	0.02	0.00	21.85	10	squad	squad-26	5	bot-196
59199	bot-252	alpha	G00r-4412	tick	-0.95	9.55	25	0.00	0.40		0		squad-26	1	bot-196
59333	bot-236	bravo	P00r-4410	tick	-12.12	-18.28	51	0.00	0.00		0		squad-27	1	bot-234
59333	bot-238	bravo	P00r-4420	tick	-14.54	-15.84	342	0.00	0.00		0		squad-27	2	bot-234
59333	bot-240	bravo	K00m-03C0	tick	0.32	2.30	81	0.00	0.26		0		squad-27	4	bot-234
59333	bot-244	bravo	P00r-4410	tick	-13.42	-20.30	55	0.00	0.00		0		squad-27	3	bot-234
59333	bot-247	bravo	P00m-4320	tick	-15.24	-15.50	221	0.10	0.00	6.81	2	squad	squad-27	5	bot-234
59383	bot-196	alpha	P00m-3320	tick	7.53	5.69	101	0.14	0.62		0		squad-26	0	bot-196
59550	bot-252	alpha	C00r-4412	state	-0.97	10.55	52	0.00	1.00		0		squad-26	1	bot-196
59634	bot-300	bravo	E00r-4410	state	-1.17	15.45	214	1.32	1.36	5.20	2	seek	squad-113	0	bot-300
59650	bot-299	alpha	E00r-3410	state	-2.29	11.27	28	2.33	1.89	9.34	2	seek	squad-26	6	bot-196
59650	bot-300	bravo	E00r-4411	latches	-1.15	15.49	207	1.55	0.05	3.37	1	flee	squad-113	0	bot-300
59667	bot-299	alpha	E00r-3411	latches	-2.30	11.12	19	4.64	0.15	2.57	1	flee	squad-26	6	bot-196
59684	bot-293	alpha	G00m-43B2	tick	0.05	11.05	351	0.00	0.00		0		squad-26	7	bot-196
59684	bot-300	bravo	E00r-441H	latches	-1.13	15.54	204	1.49	0.05	3.32	1	flee	squad-113	0	bot-300
59684	bot-301	bravo	S00r-4410	state+latches	6.05	15.05	294	0.09	0.40		0		squad-113	1	bot-300
59701	bot-252	alpha	S00r-4410	state+latches	-1.01	10.30	83	1.59	0.25	0.75	1	cover	squad-26	1	bot-196
59701	bot-299	alpha	E00r-341H	latches	-2.33	10.97	15	4.79	0.16	2.42	1	flee	squad-26	6	bot-196
59751	bot-234	bravo	P00r-4410	tick	-9.99	-15.50	348	0.00	0.00		0		squad-27	0	bot-234
59885	bot-296	alpha	P00r-4320	tick	3.82	2.33	103	2.41	2.39	5.22	1	squad	squad-26	4	bot-196
59918	bot-300	bravo	E00r-4411	latches	-0.80	15.99	204	4.83	0.56	2.77	1	flee	squad-113	0	bot-300
59935	bot-299	alpha	E00r-3411	latches	-2.66	9.93	15	4.17	1.09	1.39	1	flee	squad-26	6	bot-196
60085	bot-283	alpha	S00r-4320	tick	-1.54	14.90	35	1.38	1.41	4.48	1	seek	squad-26	2	bot-196
60085	bot-290	alpha	S00r-4420	tick	0.10	13.71	325	1.44	1.08	0.58	1	seek	squad-26	3	bot-196
60136	bot-298	alpha	P00r-4410	tick	-3.60	-7.61	29	0.06	0.00	21.85	10	squad	squad-26	5	bot-196
60219	bot-299	alpha	S00r-3410	state+latches	-2.50	8.86	15	0.00	1.08		0		squad-26	6	bot-196
60336	bot-236	bravo	P00r-4410	tick	-12.12	-18.28	51	0.00	0.00		0		squad-27	1	bot-234
60336	bot-238	bravo	P00r-4420	tick	-14.54	-15.84	342	0.00	0.00		0		squad-27	2	bot-234
60336	bot-240	bravo	K00m-03C0	tick	2.74	2.54	102	4.08	2.43	0.20	1	knife	squad-27	4	bot-234
60336	bot-244	bravo	P00r-4410	tick	-13.42	-20.30	55	0.00	0.00		0		squad-27	3	bot-234
60336	bot-247	bravo	P00m-4320	tick	-15.23	-15.50	229	0.05	0.00	6.81	2	squad	squad-27	5	bot-234
60386	bot-196	alpha	P00m-3320	tick	7.53	5.69	101	0.00	0.00		0		squad-26	0	bot-196
60470	bot-300	bravo	S00r-4410	state+latches	0.83	17.82	204	0.03	2.44		0		squad-113	0	bot-300
60503	bot-252	alpha	C00r-4410	state	-1.95	11.64	341	2.48	1.64	4.66	2	seek	squad-26	1	bot-196
60503	bot-300	bravo	C00r-4410	state	0.78	17.75	213	2.41	0.08	9.52	2	seek	squad-113	0	bot-300
60520	bot-252	alpha	C00r-441I	latches	-1.92	11.50	341	4.52	0.15	2.00	1	cover	squad-26	1	bot-196
60520	bot-300	bravo	C00r-441I	latches	0.91	17.81	204	4.35	0.15	5.83	5	cover	squad-113	0	bot-300
60687	bot-293	alpha	G00m-43B2	tick	0.05	11.05	311	0.00	0.00		0		squad-26	7	bot-196
60687	bot-301	bravo	S00r-4410	tick	8.34	15.46	231	2.31	2.32	9.38	7	seek	squad-113	1	bot-300
60754	bot-234	bravo	P00r-4410	tick	-9.99	-15.50	348	0.00	0.00		0		squad-27	0	bot-234
60754	bot-252	alpha	C00r-4412	latches	-1.46	10.52	281	4.71	1.08	0.97	1	cover	squad-26	1	bot-196
60754	bot-300	bravo	C00r-4412	latches	1.96	17.95	143	4.57	1.06	5.01	4	cover	squad-113	0	bot-300
60888	bot-296	alpha	P00r-4320	tick	6.19	1.75	130	2.45	2.44	2.78	1	squad	squad-26	4	bot-196
60905	bot-252	alpha	G00r-4412	state	-1.30	9.91	246	4.92	0.63	0.39	1	cover	squad-26	1	bot-196
61089	bot-283	alpha	S00r-4320	tick	-0.75	16.00	35	1.37	1.36	3.12	1	seek	squad-26	2	bot-196
61089	bot-290	alpha	S00r-4420	tick	-1.16	13.17	6	1.51	1.37	1.89	4	seek	squad-26	3	bot-196
61139	bot-298	alpha	P00r-4410	tick	-3.60	-7.61	32	0.07	0.00	21.85	10	squad	squad-26	5	bot-196
61222	bot-299	alpha	S00r-3410	tick	-2.49	11.24	26	2.21	2.38	7.01	2	seek	squad-26	6	bot-196
61340	bot-236	bravo	P00r-4410	tick	-12.12	-18.28	51	0.00	0.00		0		squad-27	1	bot-234
61340	bot-238	bravo	P00r-4420	tick	-14.54	-15.84	342	0.00	0.00		0		squad-27	2	bot-234
61340	bot-240	bravo	K00m-03C0	tick	4.92	2.09	104	4.11	2.23	0.87	1	knife	squad-27	4	bot-234
61340	bot-244	bravo	P00r-4410	tick	-13.42	-20.30	55	0.00	0.00		0		squad-27	3	bot-234
61340	bot-247	bravo	P00m-4320	tick	-15.24	-15.50	261	0.15	0.00	6.81	2	squad	squad-27	5	bot-234
61373	bot-196	alpha	S00m-3320	state	7.53	5.69	101	0.00	0.00		0		squad-26	0	bot-196
61691	bot-293	alpha	G00m-43B2	tick	0.05	11.05	29	0.00	0.00		0		squad-26	7	bot-196
61691	bot-301	bravo	S00r-4410	tick	10.70	15.85	86	2.47	2.39	11.52	7	seek	squad-113	1	bot-300
61758	bot-234	bravo	P00r-4410	tick	-9.99	-15.50	348	0.00	0.00		0		squad-27	0	bot-234
61758	bot-300	bravo	C00r-4412	tick	6.54	18.00	89	4.64	4.57	2.99	4	cover	squad-113	0	bot-300
61892	bot-296	alpha	P00r-4320	tick	7.80	1.35	109	0.00	1.66		0		squad-26	4	bot-196
61909	bot-252	alpha	G00r-4412	tick	-1.45	9.55	38	0.00	0.39		0		squad-26	1	bot-196
62092	bot-283	alpha	S00r-4320	tick	0.06	17.15	35	1.37	1.41	1.71	1	seek	squad-26	2	bot-196
62092	bot-290	alpha	S00r-4420	tick	-1.72	14.11	16	1.50	1.09	1.22	2	seek	squad-26	3	bot-196
62143	bot-298	alpha	P00r-4410	tick	-3.60	-7.61	360	0.11	0.00	21.85	10	squad	squad-26	5	bot-196
62226	bot-299	alpha	S00r-3410	tick	-2.25	12.74	27	1.34	1.52	5.57	2	seek	squad-26	6	bot-196
62343	bot-236	bravo	P00r-4410	tick	-12.12	-18.28	51	0.00	0.00		0		squad-27	1	bot-234
62343	bot-238	bravo	P00r-4420	tick	-14.54	-15.84	342	0.00	0.00		0		squad-27	2	bot-234
62343	bot-240	bravo	K00m-03C0	tick	6.23	1.68	102	0.00	1.37		0		squad-27	4	bot-234
62343	bot-244	bravo	P00r-4410	tick	-13.42	-20.30	55	0.00	0.00		0		squad-27	3	bot-234
62343	bot-247	bravo	P00m-4320	tick	-15.23	-15.50	240	0.08	0.00	6.81	2	squad	squad-27	5	bot-234
62377	bot-196	alpha	S00m-3320	tick	7.53	5.69	19	0.00	0.00		0		squad-26	0	bot-196
62460	bot-293	alpha	C00m-43B2	state	-0.02	11.65	352	0.00	0.61		0		squad-26	7	bot-196
62561	bot-293	alpha	G00m-43B2	state	0.00	11.49	332	2.21	0.16	0.44	1	cover	squad-26	7	bot-196
62695	bot-301	bravo	S00r-4410	tick	12.00	17.40	234	2.41	2.03	13.47	6	seek	squad-113	1	bot-300
62762	bot-234	bravo	P00r-4410	tick	-9.99	-15.50	348	0.00	0.00		0		squad-27	0	bot-234
62762	bot-300	bravo	C00r-4412	tick	11.20	18.17	77	4.67	4.66	6.02	3	cover	squad-113	0	bot-300
62879	bot-296	alpha	S00r-4320	state	7.80	1.35	109	0.00	0.00		0		squad-26	4	bot-196
62913	bot-252	alpha	G00r-4412	tick	-1.45	9.55	24	0.10	0.00		0		squad-26	1	bot-196
63096	bot-283	alpha	S00r-4320	tick	0.80	18.20	35	1.32	1.29	0.43	1	seek	squad-26	2	bot-196
63096	bot-290	alpha	S00r-4420	tick	-1.27	14.73	115	0.53	0.77	0.71	1	seek	squad-26	3	bot-196
63146	bot-298	alpha	P00r-4410	tick	-3.60	-7.61	11	0.10	0.00	21.85	10	squad	squad-26	5	bot-196
63230	bot-299	alpha	S00r-3410	tick	-1.99	14.12	36	1.46	1.41	4.26	1	seek	squad-26	6	bot-196
63347	bot-236	bravo	P00r-4410	tick	-12.12	-18.28	51	0.00	0.00		0		squad-27	1	bot-234
63347	bot-238	bravo	P00r-4420	tick	-14.54	-15.84	342	0.00	0.00		0		squad-27	2	bot-234
63347	bot-240	bravo	K00m-03C0	tick	6.23	1.68	118	0.00	0.00		0		squad-27	4	bot-234
63347	bot-244	bravo	P00r-4410	tick	-13.42	-20.30	55	0.00	0.00		0		squad-27	3	bot-234
63347	bot-247	bravo	P00m-4320	tick	-15.23	-15.50	211	0.22	0.00	6.81	2	squad	squad-27	5	bot-234
63364	bot-252	alpha	C00r-4412	state	-1.52	10.62	352	0.00	1.07		0		squad-26	1	bot-196
63380	bot-196	alpha	S00m-3320	tick	7.53	5.69	301	0.00	0.00		0		squad-26	0	bot-196
63564	bot-293	alpha	G00m-43B2	tick	0.05	11.05	359	0.00	0.44		0		squad-26	7	bot-196
63665	bot-252	alpha	G00r-4412	state	-1.48	9.94	287	4.72	0.69	0.39	1	cover	squad-26	1	bot-196
63698	bot-301	bravo	S00r-4410	tick	10.71	17.72	269	2.07	1.32	12.66	5	seek	squad-113	1	bot-300
63765	bot-234	bravo	P00r-4410	tick	-9.99	-15.50	348	0.00	0.00		0		squad-27	0	bot-234
63765	bot-300	bravo	C00r-4412	tick	11.52	16.21	258	3.00	1.99	5.59	1	cover	squad-113	0	bot-300
63882	bot-296	alpha	S00r-4320	tick	5.69	0.95	343	2.21	2.15	17.86	5	seek	squad-26	4	bot-196
63932	bot-293	alpha	S00m-43B0	state+latches	0.05	11.05	331	0.00	0.00		0		squad-26	7	bot-196
64099	bot-283	alpha	S00r-4320	tick	0.90	18.96	9	1.32	0.77	0.36	1	seek	squad-26	2	bot-196
64099	bot-290	alpha	S00r-4420	tick	-1.43	14.15	112	1.01	0.61	2.02	4	seek	squad-26	3	bot-196
64149	bot-298	alpha	P00r-4410	tick	-3.60	-7.61	43	0.10	0.00	21.85	10	squad	squad-26	5	bot-196
64233	bot-299	alpha	S00r-3410	tick	-1.66	15.52	44	1.37	1.44	3.00	1	seek	squad-26	6	bot-196
64350	bot-236	bravo	P00r-4410	tick	-12.12	-18.28	51	0.00	0.00		0		squad-27	1	bot-234
64350	bot-238	bravo	P00r-4420	tick	-14.54	-15.84	342	0.00	0.00		0		squad-27	2	bot-234
64350	bot-240	bravo	K00m-03C0	tick	5.72	2.28	219	0.00	0.79		0		squad-27	4	bot-234
64350	bot-244	bravo	P00r-4410	tick	-13.42	-20.30	55	0.00	0.00		0		squad-27	3	bot-234
64350	bot-247	bravo	P00m-4320	tick	-15.24	-15.50	243	0.10	0.00	6.81	2	squad	squad-27	5	bot-234
64384	bot-196	alpha	S00m-3320	tick	7.53	5.69	330	0.00	0.00		0		squad-26	0	bot-196
64668	bot-252	alpha	G00r-4412	tick	-1.45	9.55	38	0.00	0.39		0		squad-26	1	bot-196
64702	bot-301	bravo	S00r-4410	tick	8.51	17.79	222	1.99	2.20	11.11	5	seek	squad-113	1	bot-300
64768	bot-234	bravo	P00r-4410	tick	-9.99	-15.50	348	0.00	0.00		0		squad-27	0	bot-234
64768	bot-300	bravo	C00r-4412	tick	7.60	15.40	257	4.13	4.01	1.59	1	cover	squad-113	0	bot-300
64885	bot-296	alpha	S00r-4320	tick	3.46	1.39	291	2.35	2.27	16.91	5	seek	squad-26	4	bot-196
64936	bot-293	alpha	S00m-43B0	tick	0.31	11.98	16	0.75	0.97	2.67	1	seek	squad-26	7	bot-196
65103	bot-283	alpha	S00r-4320	tick	1.15	18.40	131	1.30	0.62	0.53	1	seek	squad-26	2	bot-196
65103	bot-290	alpha	S00r-4420	tick	-1.81	13.51	110	0.67	0.75	2.58	3	seek	squad-26	3	bot-196
65103	bot-300	bravo	G00r-4412	state	6.45	15.15	256	2.93	1.17	0.42	1	cover	squad-113	0	bot-300
65153	bot-298	alpha	P00r-4410	tick	-3.60	-7.61	25	0.12	0.00	11.26	2	squad	squad-26	5	bot-196
65237	bot-299	alpha	S00r-3410	tick	-0.68	16.47	49	1.37	1.37	1.63	1	seek	squad-26	6	bot-196
65320	bot-252	alpha	C00r-4412	state	-1.52	10.62	55	0.00	1.08		0		squad-26	1	bot-196
65354	bot-236	bravo	P00r-4410	tick	-12.12	-18.28	51	0.00	0.00		0		squad-27	1	bot-234
65354	bot-238	bravo	P00r-4420	tick	-14.54	-15.84	342	0.00	0.00		0		squad-27	2	bot-234
65354	bot-240	bravo	K00m-03C0	tick	4.36	2.07	259	0.00	1.38		0		squad-27	4	bot-234
65354	bot-244	bravo	P00r-4410	tick	-13.42	-20.30	55	0.00	0.00		0		squad-27	3	bot-234
65354	bot-247	bravo	P00m-4320	tick	-15.23	-15.50	259	0.04	0.00	6.81	2	squad	squad-27	5	bot-234
65387	bot-196	alpha	S00m-3320	tick	6.63	6.06	350	0.12	0.96	0.50	1	seek	squad-26	0	bot-196
65622	bot-252	alpha	G00r-4412	state	-1.48	9.94	120	4.73	0.69	0.39	1	cover	squad-26	1	bot-196
65705	bot-301	bravo	S00r-4410	tick	6.34	17.90	270	2.22	2.17	9.88	5	seek	squad-113	1	bot-300
65772	bot-234	bravo	P00r-4410	tick	-9.99	-15.50	348	0.00	0.00		0		squad-27	0	bot-234
65889	bot-296	alpha	S00r-4320	tick	1.18	2.07	358	2.31	2.38	15.99	5	seek	squad-26	4	bot-196
65939	bot-293	alpha	S00m-43B0	tick	0.54	12.77	16	0.87	0.82	1.85	1	seek	squad-26	7	bot-196
65939	bot-299	alpha	C00r-3410	state	0.04	17.12	50	1.38	0.96	0.67	1	seek	squad-26	6	bot-196
65956	bot-299	alpha	C00r-3412	latches	0.02	17.09	57	0.99	0.03	4.16	3	cover	squad-26	6	bot-196
65989	bot-299	alpha	C00r-341I	latches	-0.00	17.06	64	1.13	0.04	4.12	3	cover	squad-26	6	bot-196
66006	bot-252	alpha	S00r-4410	state+latches	-1.45	9.55	41	0.00	0.39		0		squad-26	1	bot-196
66006	bot-300	bravo	S00r-4410	state+latches	6.05	15.05	197	0.00	0.41		0		squad-113	0	bot-300
66106	bot-283	alpha	S00r-4320	tick	1.48	19.21	8	0.00	0.88		0		squad-26	2	bot-196
66106	bot-290	alpha	S00r-4420	tick	-1.43	13.28	58	0.53	0.44	2.35	2	seek	squad-26	3	bot-196
66157	bot-298	alpha	P00r-4410	tick	-3.60	-7.61	352	0.04	0.00	13.53	6	squad	squad-26	5	bot-196
66224	bot-299	alpha	C00r-3412	latches	-0.18	16.77	115	2.24	0.34	3.80	3	cover	squad-26	6	bot-196
66358	bot-236	bravo	P00r-4410	tick	-12.12	-18.28	51	0.00	0.00		0		squad-27	1	bot-234
66358	bot-238	bravo	P00r-4420	tick	-14.54	-15.84	342	0.00	0.00		0		squad-27	2	bot-234
66358	bot-240	bravo	K00m-03C0	tick	2.39	2.05	277	0.00	1.96		0		squad-27	4	bot-234
66358	bot-244	bravo	P00r-4410	tick	-13.42	-20.30	55	0.00	0.00		0		squad-27	3	bot-234
66358	bot-247	bravo	P00m-4320	tick	-15.23	-15.50	227	0.15	0.00	6.81	2	squad	squad-27	5	bot-234
66391	bot-196	alpha	S00m-3320	tick	6.54	6.11	1	0.11	0.11	0.44	1	seek	squad-26	0	bot-196
66708	bot-301	bravo	S00r-4410	tick	4.00	18.02	199	2.34	2.35	8.97	4	seek	squad-113	1	bot-300
66776	bot-234	bravo	P00r-4410	tick	-9.99	-15.50	348	0.00	0.00		0		squad-27	0	bot-234
66893	bot-296	alpha	S00r-4320	tick	-0.03	2.40	293	0.40	1.26	15.66	5	seek	squad-26	4	bot-196
66943	bot-293	alpha	S00m-43B0	tick	0.82	13.74	16	1.22	1.01	0.84	1	seek	squad-26	7	bot-196
67010	bot-252	alpha	S00r-4410	tick	-1.80	11.34	358	2.07	1.83	5.21	3	seek	squad-26	1	bot-196
67010	bot-300	bravo	S00r-4410	tick	8.35	15.46	252	2.31	2.33	14.01	6	seek	squad-113	0	bot-300
67110	bot-283	alpha	S00r-4320	tick	1.20	19.50	340	1.34	0.40	0.66	1	seek	squad-26	2	bot-196
67110	bot-290	alpha	S00r-4420	tick	-0.92	13.15	90	0.53	0.53	2.02	2	seek	squad-26	3	bot-196
67160	bot-298	alpha	P00r-4410	tick	-3.60	-7.61	24	0.07	0.00	14.50	5	squad	squad-26	5	bot-196
67227	bot-299	alpha	C00r-3412	tick	-1.84	14.23	209	2.27	3.04	1.48	3	cover	squad-26	6	bot-196
67244	bot-301	bravo	C00r-4410	state	2.78	18.03	271	2.40	1.22	8.66	4	seek	squad-113	1	bot-300
67261	bot-301	bravo	C00r-4412	latches	2.62	18.03	262	4.57	0.15	7.44	4	cover	squad-113	1	bot-300
67361	bot-236	bravo	P00r-4410	tick	-12.12	-18.28	51	0.00	0.00		0		squad-27	1	bot-234
67361	bot-238	bravo	P00r-4420	tick	-14.54	-15.84	342	0.00	0.00		0		squad-27	2	bot-234
67361	bot-240	bravo	K00m-03C0	tick	1.85	2.05	279	0.00	0.54		0		squad-27	4	bot-234
67361	bot-244	bravo	P00r-4410	tick	-13.42	-20.30	55	0.00	0.00		0		squad-27	3	bot-234
67361	bot-247	bravo	P00m-4320	tick	-15.23	-15.50	224	0.06	0.00	6.81	2	squad	squad-27	5	bot-234
67378	bot-293	alpha	A00m-43B0	state	0.94	14.23	14	0.55	0.50	0.69	1	seek	squad-26	7	bot-196
67394	bot-196	alpha	S00m-3320	tick	6.50	6.13	7	0.02	0.05	0.43	1	seek	squad-26	0	bot-196
67462	bot-252	alpha	C00r-4410	state	-2.01	12.35	351	2.59	1.02	4.21	3	seek	squad-26	1	bot-196
67478	bot-252	alpha	C00r-4412	latches	-2.18	12.32	359	5.26	0.17	9.77	2	cover	squad-26	1	bot-196
67630	bot-293	alpha	C00m-43B0	state	0.94	14.23	4	0.00	0.00		0		squad-26	7	bot-196
67646	bot-293	alpha	C00m-43B2	latches	0.94	14.14	3	2.91	0.09	4.25	3	cover	squad-26	7	bot-196
67729	bot-301	bravo	A00r-4410	state+latches	0.87	17.39	205	4.00	1.86	6.40	3	cover	squad-113	1	bot-300
67779	bot-234	bravo	P00r-4410	tick	-9.99	-15.50	348	0.00	0.00		0		squad-27	0	bot-234
67896	bot-293	alpha	C00m-43BI	latches	1.11	13.08	1	5.23	1.07	3.95	3	cover	squad-26	7	bot-196
67896	bot-296	alpha	S00r-4320	tick	-0.00	2.31	2	0.07	0.10	15.75	5	seek	squad-26	4	bot-196
68013	bot-300	bravo	S00r-4410	tick	10.71	15.84	86	2.47	2.39	16.38	6	seek	squad-113	0	bot-300
68047	bot-301	bravo	C00r-4410	state	0.87	17.39	211	0.00	0.00		0		squad-113	1	bot-300
68063	bot-301	bravo	C00r-4412	latches	0.91	17.54	211	4.60	0.15	5.71	5	cover	squad-113	1	bot-300
68113	bot-283	alpha	S00r-4320	tick	1.71	19.19	147	1.37	0.59	1.70	1	seek	squad-26	2	bot-196
68113	bot-290	alpha	S00r-4420	tick	-0.23	13.55	38	1.02	0.79	1.27	1	seek	squad-26	3	bot-196
68130	bot-293	alpha	C00m-43B2	latches	1.08	11.93	62	5.20	1.15	4.13	3	cover	squad-26	7	bot-196
68164	bot-298	alpha	P00r-4410	tick	-3.59	-7.61	37	0.13	0.01	14.49	5	squad	squad-26	5	bot-196
68231	bot-299	alpha	C00r-3412	tick	-1.48	13.11	128	1.94	1.18	6.32	3	cover	squad-26	6	bot-196
68365	bot-236	bravo	P00r-4410	tick	-12.12	-18.28	51	0.00	0.00		0		squad-27	1	bot-234
68365	bot-238	bravo	P00r-4420	tick	-14.54	-15.84	342	0.00	0.00		0		squad-27	2	bot-234
68365	bot-240	bravo	K00m-03C0	tick	1.85	2.05	278	0.00	0.00		0		squad-27	4	bot-234
68365	bot-244	bravo	P00r-4410	tick	-13.42	-20.30	55	0.00	0.00		0		squad-27	3	bot-234
68365	bot-247	bravo	P00m-4320	tick	-15.24	-15.50	256	0.08	0.00	6.81	2	squad	squad-27	5	bot-234
68398	bot-196	alpha	S00m-3320	tick	6.50	6.14	7	0.02	0.01	0.41	1	seek	squad-26	0	bot-196
68431	bot-301	bravo	C00r-441I	latches	2.43	17.81	212	4.57	1.55	4.55	4	cover	squad-113	1	bot-300
68448	bot-301	bravo	C00r-4412	latches	2.51	17.81	216	4.57	0.08	4.49	4	cover	squad-113	1	bot-300
68481	bot-252	alpha	C00r-4412	tick	-6.28	12.31	58	2.02	4.10	5.67	2	cover	squad-26	1	bot-196
68532	bot-252	alpha	C00r-441I	latches	-6.39	12.32	54	2.18	0.11	5.56	2	cover	squad-26	1	bot-196
68532	bot-301	bravo	C00r-441I	latches	2.89	17.82	229	4.57	0.38	4.20	4	cover	squad-113	1	bot-300
68766	bot-252	alpha	C00r-4412	latches	-6.84	11.44	106	4.66	0.98	4.87	1	cover	squad-26	1	bot-196
68766	bot-301	bravo	C00r-4412	latches	3.96	17.86	169	4.58	1.07	3.50	4	cover	squad-113	1	bot-300
68782	bot-234	bravo	P00r-4410	tick	-9.99	-15.50	348	0.00	0.00		0		squad-27	0	bot-234
68899	bot-296	alpha	S00r-4320	tick	0.01	2.29	303	0.04	0.02	15.76	5	seek	squad-26	4	bot-196
69017	bot-300	bravo	S00r-4410	tick	11.93	17.41	249	2.43	1.99	18.04	5	seek	squad-113	0	bot-300
69083	bot-283	alpha	P00r-4320	state	0.47	19.47	281	1.36	1.27	0.43	1	seek	squad-26	2	bot-196
69083	bot-290	alpha	P00r-4420	state	0.17	14.11	355	1.36	0.68	1.93	2	seek	squad-26	3	bot-196
69134	bot-293	alpha	C00m-43B2	tick	2.96	10.40	62	3.05	2.43	3.38	1	cover	squad-26	7	bot-196
69167	bot-298	alpha	P00r-4410	tick	-3.60	-7.61	5	0.06	0.01	14.50	5	squad	squad-26	5	bot-196
69234	bot-299	alpha	C00r-3412	tick	1.03	10.39	123	4.26	3.70	3.04	2	cover	squad-26	6	bot-196
69368	bot-236	bravo	P00r-4410	tick	-12.12	-18.28	51	0.00	0.00		0		squad-27	1	bot-234
69368	bot-238	bravo	P00r-4420	tick	-14.54	-15.84	342	0.00	0.00		0		squad-27	2	bot-234
69368	bot-240	bravo	K00m-03C0	tick	1.85	2.05	278	0.00	0.00		0		squad-27	4	bot-234
69368	bot-244	bravo	P00r-4410	tick	-13.42	-20.30	55	0.00	0.00		0		squad-27	3	bot-234
69368	bot-247	bravo	P00m-4320	tick	-15.23	-15.50	246	0.02	0.00	6.81	2	squad	squad-27	5	bot-234
69402	bot-196	alpha	S00m-3320	tick	6.50	6.15	7	0.01	0.01	0.40	1	seek	squad-26	0	bot-196
69719	bot-252	alpha	G00r-4412	state	-8.74	7.42	210	4.69	4.45	0.43	1	cover	squad-26	1	bot-196
69769	bot-301	bravo	C00r-4412	tick	8.54	18.01	86	4.55	4.58	3.86	4	cover	squad-113	1	bot-300
69786	bot-234	bravo	P00r-4410	tick	-9.99	-15.50	348	0.00	0.00		0		squad-27	0	bot-234
69903	bot-296	alpha	S00r-4320	tick	0.01	2.29	2	0.00	0.00	15.77	5	seek	squad-26	4	bot-196
69920	bot-293	alpha	G00m-43B2	state	0.37	10.84	303	4.46	2.63	0.38	1	cover	squad-26	7	bot-196
69987	bot-301	bravo	S00r-4410	state+latches	9.48	18.00	79	4.73	0.95	4.53	3	cover	squad-113	1	bot-300
70020	bot-300	bravo	S00r-4410	tick	10.30	17.83	268	2.30	1.69	16.69	4	seek	squad-113	0	bot-300
70087	bot-283	alpha	P00r-4320	tick	0.45	19.47	277	0.00	0.02		0		squad-26	2	bot-196
70087	bot-290	alpha	P00r-4420	tick	0.43	12.26	168	2.55	1.86	5.66	1	squad	squad-26	3	bot-196
70171	bot-298	alpha	P00r-4410	tick	-3.60	-7.61	5	0.11	0.00	14.50	5	squad	squad-26	5	bot-196
70238	bot-299	alpha	C00r-3412	tick	3.65	9.92	72	3.17	2.67	0.42	1	cover	squad-26	6	bot-196
70254	bot-299	alpha	G00r-3412	state	3.65	9.92	72	3.17	0.00	0.42	1	cover	squad-26	6	bot-196
70321	bot-299	alpha	C00r-3412	state	4.05	10.05	58	0.00	0.42		0		squad-26	6	bot-196
70372	bot-236	bravo	P00r-4410	tick	-12.12	-18.28	51	0.00	0.00		0		squad-27	1	bot-234
70372	bot-238	bravo	P00r-4420	tick	-14.54	-15.84	342	0.00	0.00		0		squad-27	2	bot-234
70372	bot-240	bravo	K00m-03C0	tick	1.85	2.05	278	0.00	0.00		0		squad-27	4	bot-234
70372	bot-244	bravo	P00r-4410	tick	-13.42	-20.30	55	0.00	0.00		0		squad-27	3	bot-234
70372	bot-247	bravo	P00m-4320	tick	-15.24	-15.50	214	0.12	0.00	6.81	2	squad	squad-27	5	bot-234
70405	bot-196	alpha	S00m-3320	tick	6.50	6.17	7	0.02	0.01	0.39	1	seek	squad-26	0	bot-196
70723	bot-252	alpha	G00r-4412	tick	-8.95	7.05	60	0.00	0.43		0		squad-26	1	bot-196
70790	bot-234	bravo	P00r-4410	tick	-9.99	-15.50	348	0.00	0.00		0		squad-27	0	bot-234
70907	bot-296	alpha	S00r-4320	tick	0.01	2.29	303	0.07	0.00	15.77	5	seek	squad-26	4	bot-196
70925	bot-293	alpha	G00m-43B2	tick	0.05	11.05	20	0.00	0.38		0		squad-26	7	bot-196
70990	bot-301	bravo	S00r-4410	tick	7.37	17.96	237	2.29	2.11	13.53	4	seek	squad-113	1	bot-300
71024	bot-300	bravo	S00r-4410	tick	8.15	17.83	243	2.20	2.15	14.76	4	seek	squad-113	0	bot-300
71091	bot-283	alpha	P00r-4320	tick	0.45	19.47	277	0.00	0.00		0		squad-26	2	bot-196
71091	bot-290	alpha	P00r-4420	tick	0.81	9.98	175	2.58	2.31	3.35	1	squad	squad-26	3	bot-196
71174	bot-298	alpha	P00r-4410	tick	-3.60	-7.61	37	0.12	0.00	14.50	5	squad	squad-26	5	bot-196
71225	bot-252	alpha	C00r-4412	state	-8.81	7.83	98	0.00	0.79		0		squad-26	1	bot-196
71325	bot-299	alpha	C00r-3412	tick	1.11	10.95	340	3.93	3.07	2.94	1	cover	squad-26	6	bot-196
71375	bot-236	bravo	P00r-4410	tick	-12.12	-18.28	51	0.00	0.00		0		squad-27	1	bot-234
71375	bot-238	bravo	P00r-4420	tick	-14.54	-15.84	342	0.00	0.00		0		squad-27	2	bot-234
71375	bot-240	bravo	K00m-03C0	tick	1.85	2.05	277	0.00	0.00		0		squad-27	4	bot-234
71375	bot-244	bravo	P00r-4410	tick	-13.42	-20.30	55	0.00	0.00		0		squad-27	3	bot-234
71375	bot-247	bravo	P00m-4320	tick	-15.23	-15.50	237	0.04	0.00	6.81	2	squad	squad-27	5	bot-234
71375	bot-293	alpha	C00m-43B2	state	-0.02	11.65	347	0.00	0.60		0		squad-26	7	bot-196
71408	bot-196	alpha	S00m-3320	tick	6.50	6.18	7	0.02	0.01	0.37	1	seek	squad-26	0	bot-196
71442	bot-252	alpha	G00r-4412	state	-8.86	7.47	143	1.55	0.36	0.43	1	cover	squad-26	1	bot-196
71475	bot-299	alpha	S00r-3410	state+latches	0.98	11.12	343	4.79	0.22	3.25	2	cover	squad-26	6	bot-196
71492	bot-293	alpha	G00m-43B2	state	-0.07	11.46	323	2.52	0.20	0.43	1	cover	squad-26	7	bot-196
71793	bot-234	bravo	P00r-4410	tick	-9.99	-15.50	348	0.00	0.00		0		squad-27	0	bot-234
71910	bot-296	alpha	S00r-4320	tick	0.01	2.29	2	0.14	0.00	15.77	5	seek	squad-26	4	bot-196
71994	bot-301	bravo	S00r-4410	tick	5.10	18.11	271	2.39	2.28	11.79	4	seek	squad-113	1	bot-300
72027	bot-300	bravo	S00r-4410	tick	5.92	17.84	267	2.28	2.24	12.81	4	seek	squad-113	0	bot-300
72094	bot-283	alpha	P00r-4320	tick	0.45	19.47	277	0.00	0.00		0		squad-26	2	bot-196
72094	bot-290	alpha	P00r-4420	tick	0.97	7.70	170	0.00	2.29		0		squad-26	3	bot-196
72178	bot-298	alpha	P00r-4410	tick	-3.60	-7.61	24	0.11	0.00	14.50	5	squad	squad-26	5	bot-196
72379	bot-236	bravo	P00r-4410	tick	-12.12	-18.28	51	0.00	0.00		0		squad-27	1	bot-234
72379	bot-238	bravo	P00r-4420	tick	-14.54	-15.84	342	0.00	0.00		0		squad-27	2	bot-234
72379	bot-240	bravo	K00m-03C0	tick	1.85	2.05	277	0.00	0.00		0		squad-27	4	bot-234
72379	bot-244	bravo	P00r-4410	tick	-13.42	-20.30	55	0.00	0.00		0		squad-27	3	bot-234
72379	bot-247	bravo	P00m-4320	tick	-15.23	-15.50	264	0.15	0.00	6.81	2	squad	squad-27	5	bot-234
72413	bot-196	alpha	S00m-3320	tick	6.50	6.19	7	0.01	0.01	0.36	1	seek	squad-26	0	bot-196
72446	bot-252	alpha	G00r-4412	tick	-8.95	7.05	70	0.00	0.43		0		squad-26	1	bot-196
72479	bot-299	alpha	S00r-3410	tick	-0.27	12.54	46	2.40	1.89	10.84	4	seek	squad-26	6	bot-196
72496	bot-293	alpha	G00m-43B2	tick	0.05	11.05	20	0.00	0.43		0		squad-26	7	bot-196
72780	bot-293	alpha	C00m-43B2	state	-0.02	11.67	0	0.00	0.63		0		squad-26	7	bot-196
72797	bot-234	bravo	P00r-4410	tick	-9.99	-15.50	348	0.00	0.00		0		squad-27	0	bot-234
72897	bot-293	alpha	G00m-43B2	state	0.00	11.48	24	1.85	0.19	0.43	1	cover	squad-26	7	bot-196
72914	bot-296	alpha	S00r-4320	tick	0.01	2.29	303	0.06	0.00	15.77	5	seek	squad-26	4	bot-196
72997	bot-301	bravo	S00r-4410	tick	2.78	18.28	221	2.36	2.32	10.25	4	seek	squad-113	1	bot-300
73031	bot-300	bravo	S00r-4410	tick	3.58	17.91	231	2.42	2.33	10.95	3	seek	squad-113	0	bot-300
73064	bot-299	alpha	A00r-3410	state	-1.68	13.05	326	2.85	1.49	11.58	3	seek	squad-26	6	bot-196
73064	bot-301	bravo	C00r-4410	state	2.66	18.28	221	2.40	0.12	10.17	4	seek	squad-113	1	bot-300
73081	bot-301	bravo	C00r-4412	latches	2.79	18.33	220	4.08	0.14	4.63	4	cover	squad-113	1	bot-300
73097	bot-283	alpha	P00r-4320	tick	0.45	19.47	277	0.00	0.00		0		squad-26	2	bot-196
73097	bot-290	alpha	P00r-4420	tick	0.97	7.70	170	0.00	0.00		0		squad-26	3	bot-196
73131	bot-252	alpha	C00r-4412	state	-8.81	7.83	84	0.00	0.79		0		squad-26	1	bot-196
73181	bot-298	alpha	P00r-4410	tick	-3.60	-7.61	352	0.01	0.00	14.49	5	squad	squad-26	5	bot-196
73265	bot-299	alpha	A00r-341G	latches	-1.81	13.14	17	0.85	0.16		0		squad-26	6	bot-196
73284	bot-301	bravo	C00r-441I	latches	3.43	18.77	218	4.11	0.78	4.55	4	cover	squad-113	1	bot-300
73349	bot-252	alpha	G00r-4412	state	-8.86	7.47	129	1.55	0.36	0.43	1	cover	squad-26	1	bot-196
73382	bot-196	alpha	P00m-3320	state	6.46	6.20	354	1.21	0.04	0.54	1	seek	squad-26	0	bot-196
73382	bot-236	bravo	P00r-4410	tick	-12.12	-18.28	51	0.00	0.00		0		squad-27	1	bot-234
73382	bot-238	bravo	P00r-4420	tick	-14.54	-15.84	342	0.00	0.00		0		squad-27	2	bot-234
73382	bot-240	bravo	K00m-03C0	tick	1.85	2.05	278	0.00	0.00		0		squad-27	4	bot-234
73382	bot-244	bravo	P00r-4410	tick	-13.42	-20.30	55	0.00	0.00		0		squad-27	3	bot-234
73382	bot-247	bravo	P00m-4320	tick	-15.24	-15.50	232	0.07	0.00	6.81	2	squad	squad-27	5	bot-234
73382	bot-293	alpha	S00m-43B0	state+latches	0.05	11.05	62	0.00	0.43		0		squad-26	7	bot-196
73483	bot-300	bravo	C00r-4410	state	2.57	17.90	276	2.37	1.02	10.17	3	seek	squad-113	0	bot-300
73499	bot-299	alpha	C00r-3410	state+latches	-1.96	13.25	17	0.39	0.18		0		squad-26	6	bot-196
73499	bot-300	bravo	C00r-4412	latches	2.42	17.92	267	4.52	0.15	6.43	7	cover	squad-113	0	bot-300
73516	bot-299	alpha	C00r-3412	latches	-1.97	13.25	24	0.22	0.01	2.98	2	cover	squad-26	6	bot-196
73516	bot-301	bravo	C00r-4412	latches	4.46	18.78	158	4.63	1.03	4.06	4	cover	squad-113	1	bot-300
73800	bot-234	bravo	P00r-4410	tick	-9.99	-15.50	348	0.00	0.00		0		squad-27	0	bot-234
73917	bot-296	alpha	S00r-4320	tick	0.01	2.29	2	0.05	0.00	15.77	5	seek	squad-26	4	bot-196
74018	bot-252	alpha	S00r-4410	state+latches	-8.95	7.05	42	0.00	0.43		0		squad-26	1	bot-196
74084	bot-283	alpha	S00r-4320	state	0.45	19.47	277	0.00	0.00		0		squad-26	2	bot-196
74084	bot-290	alpha	S00r-4420	state	-0.00	6.31	227	2.42	1.69	5.29	4	squad	squad-26	3	bot-196
74185	bot-298	alpha	P00r-4410	tick	-3.59	-7.61	35	0.18	0.01	9.90	1	squad	squad-26	5	bot-196
74201	bot-293	alpha	C00m-43B0	state	-1.16	11.91	54	2.31	1.49	7.05	7	seek	squad-26	7	bot-196
74219	bot-293	alpha	C00m-43BI	latches	-1.05	11.84	54	4.02	0.13	5.24	3	cover	squad-26	7	bot-196
74252	bot-299	alpha	P00r-3410	state+latches	-1.75	11.97	22	4.37	1.30	2.02	1	muzzleRecovery	squad-26	6	bot-196
74285	bot-252	alpha	C00r-4410	state	-8.69	7.31	40	2.22	0.36	12.76	2	seek	squad-26	1	bot-196
74285	bot-298	alpha	S00r-4410	state	-3.59	-7.61	38	0.20	0.00	9.90	1	squad	squad-26	5	bot-196
74302	bot-252	alpha	C00r-4412	latches	-8.72	7.16	43	4.70	0.16	9.76	2	cover	squad-26	1	bot-196
74319	bot-299	alpha	E00r-3410	state	-1.91	12.21	5	0.00	0.29	2.28	0	muzzleRecovery	squad-26	6	bot-196
74335	bot-299	alpha	E00r-3411	latches	-2.04	12.10	14	4.99	0.17	3.19	1	flee	squad-26	6	bot-196
74386	bot-196	alpha	P00m-3320	tick	6.41	6.05	346	0.00	0.16		0		squad-26	0	bot-196
74386	bot-236	bravo	P00r-4410	tick	-12.12	-18.28	51	0.00	0.00		0		squad-27	1	bot-234
74386	bot-238	bravo	P00r-4420	tick	-14.54	-15.84	342	0.00	0.00		0		squad-27	2	bot-234
74386	bot-240	bravo	K00m-03C0	tick	1.85	2.05	278	0.00	0.00		0		squad-27	4	bot-234
74386	bot-244	bravo	P00r-4410	tick	-13.42	-20.30	55	0.00	0.00		0		squad-27	3	bot-234
74386	bot-247	bravo	P00m-4320	tick	-15.23	-15.50	218	0.02	0.01	6.81	2	squad	squad-27	5	bot-234
74402	bot-300	bravo	C00r-4312	health	-0.20	16.29	205	2.38	3.08	9.19	5	cover	squad-113	0	bot-300
74402	bot-301	bravo	C21r-4412	tier+score	8.40	18.26	96	4.57	3.98	3.98	4	cover	squad-113	1	bot-300
74452	bot-293	alpha	C00m-43B2	latches	-0.15	11.24	114	4.79	1.09	4.57	3	cover	squad-26	7	bot-196
74519	bot-299	alpha	E00r-2411	ammo	-2.61	11.37	25	5.46	0.92	2.26	1	flee	squad-26	6	bot-196
74519	bot-300	bravo	E00r-4210	state+health+latches	-0.38	16.09	205	2.82	0.27		0		squad-113	0	bot-300
74519	bot-301	bravo	C32r-4412	tier+score	8.95	18.18	95	4.85	0.55	4.27	4	cover	squad-113	1	bot-300
74536	bot-300	bravo	E00r-4219	latches	-0.27	16.23	206	5.45	0.18	6.47	2	flee	squad-113	0	bot-300
74620	bot-300	bravo	E00r-4210	latches	0.01	16.59	207	5.52	0.46	6.73	2	flee	squad-113	0	bot-300
74636	bot-300	bravo	E10r-4219	tier+latches	0.07	16.67	208	5.49	0.09	6.63	2	flee	squad-113	0	bot-300
74737	bot-299	alpha	E00r-241H	latches	-3.25	10.54	29	4.67	1.05	1.21	1	flee	squad-26	6	bot-196
74770	bot-252	alpha	C00r-441I	latches	-9.06	5.03	43	4.57	2.16	7.60	2	cover	squad-26	1	bot-196
74770	bot-300	bravo	E10r-421P	latches	0.51	17.22	218	5.14	0.71	5.94	2	flee	squad-113	0	bot-300
74804	bot-234	bravo	P00r-4410	tick	-9.99	-15.50	348	0.00	0.00		0		squad-27	0	bot-234
74887	bot-296	alpha	P00r-4320	state	0.01	2.29	299	0.01	0.00	15.77	5	seek	squad-26	4	bot-196
74971	bot-299	alpha	S00r-2410	state+latches	-3.79	9.79	29	0.00	0.92		0		squad-26	6	bot-196
75005	bot-252	alpha	C00r-4412	latches	-9.23	3.97	103	4.57	1.07	6.54	2	cover	squad-26	1	bot-196
75005	bot-300	bravo	E10r-4219	latches	1.23	18.13	218	4.98	1.16	4.81	2	flee	squad-113	0	bot-300
75089	bot-283	alpha	S00r-4320	tick	1.54	19.78	75	0.91	1.13	1.05	1	seek	squad-26	2	bot-196
75089	bot-290	alpha	S00r-4420	tick	-2.13	6.77	332	2.21	2.18	10.28	3	seek	squad-26	3	bot-196
75121	bot-301	bravo	C00r-4412	tier+score	11.77	17.99	96	4.04	2.83	6.43	2	cover	squad-113	1	bot-300
75155	bot-252	alpha	S00r-4410	state+latches	-9.52	3.49	138	4.57	0.56	4.20	1	cover	squad-26	1	bot-196
75289	bot-298	alpha	S00r-4410	tick	-3.60	-7.61	9	0.02	0.01	24.43	7	seek	squad-26	5	bot-196
75389	bot-196	alpha	P00m-3320	tick	6.41	6.00	337	0.02	0.05		0		squad-26	0	bot-196
75389	bot-236	bravo	P00r-4410	tick	-12.12	-18.28	51	0.00	0.00		0		squad-27	1	bot-234
75389	bot-238	bravo	P00r-4420	tick	-14.54	-15.84	342	0.00	0.00		0		squad-27	2	bot-234
75389	bot-240	bravo	K00m-03C0	tick	1.85	2.05	282	0.00	0.00		0		squad-27	4	bot-234
75389	bot-244	bravo	P00r-4410	tick	-13.42	-20.30	55	0.00	0.00		0		squad-27	3	bot-234
75389	bot-247	bravo	P00m-4320	tick	-15.23	-15.50	250	0.15	0.00	6.81	2	squad	squad-27	5	bot-234
75456	bot-293	alpha	C00m-43B2	tick	2.88	10.46	60	3.18	3.12	2.84	1	cover	squad-26	7	bot-196
75590	bot-301	bravo	C32r-4412	tier+score	11.79	16.30	191	1.86	1.69	5.87	1	cover	squad-113	1	bot-300
75757	bot-299	alpha	C00r-2410	state	-3.05	11.53	34	2.26	1.88	9.09	2	seek	squad-26	6	bot-196
75774	bot-299	alpha	C00r-2412	latches	-3.02	11.52	40	1.26	0.04	8.20	3	cover	squad-26	6	bot-196
75791	bot-299	alpha	C00r-241I	latches	-2.99	11.51	44	1.50	0.03	8.18	3	cover	squad-26	6	bot-196
75807	bot-234	bravo	P00r-4410	tick	-9.99	-15.50	348	0.00	0.00		0		squad-27	0	bot-234
75891	bot-296	alpha	P00r-4320	tick	-0.21	2.76	323	0.92	0.52	11.92	6	squad	squad-26	4	bot-196
76008	bot-300	bravo	E10r-4219	tick	4.36	20.33	218	2.22	3.83	0.99	1	flee	squad-113	0	bot-300
76025	bot-299	alpha	C00r-2412	latches	-2.60	11.39	104	1.81	0.41	7.77	3	cover	squad-26	6	bot-196
76092	bot-283	alpha	S00r-4320	tick	2.43	19.88	118	1.29	0.90	0.71	1	seek	squad-26	2	bot-196
76092	bot-290	alpha	S00r-4420	tick	-2.24	9.14	19	2.41	2.37	8.11	3	seek	squad-26	3	bot-196
76142	bot-300	bravo	E00r-4219	tier	4.58	20.56	218	2.57	0.31	0.68	1	flee	squad-113	0	bot-300
76158	bot-252	alpha	S00r-4410	tick	-8.32	5.61	30	2.37	2.44	12.65	3	seek	squad-26	1	bot-196
76292	bot-298	alpha	S00r-4410	tick	-3.59	-7.60	14	0.10	0.01	24.42	7	seek	squad-26	5	bot-196
76292	bot-300	bravo	E00r-4210	latches	4.81	20.80	218	0.00	0.34		0		squad-113	0	bot-300
76342	bot-293	alpha	G00m-43B2	state	0.39	10.80	307	4.36	2.51	0.43	1	cover	squad-26	7	bot-196
76393	bot-196	alpha	P00m-3320	tick	6.41	6.00	337	0.00	0.00		0		squad-26	0	bot-196
76393	bot-236	bravo	P00r-4410	tick	-12.12	-18.28	51	0.00	0.00		0		squad-27	1	bot-234
76393	bot-238	bravo	P00r-4420	tick	-14.54	-15.84	342	0.00	0.00		0		squad-27	2	bot-234
76393	bot-240	bravo	K00m-03C0	tick	1.34	2.11	299	4.06	0.51	0.54	1	knife	squad-27	4	bot-234
76393	bot-244	bravo	P00r-4410	tick	-13.42	-20.30	55	0.00	0.00		0		squad-27	3	bot-234
76393	bot-247	bravo	P00m-4320	tick	-15.24	-15.50	251	0.16	0.00	6.81	2	squad	squad-27	5	bot-234
76593	bot-301	bravo	C32r-4412	tick	7.99	15.48	257	4.57	3.88	1.99	1	cover	squad-113	1	bot-300
76785	bot-300	bravo	E32r-4210	tier+score	4.80	20.79	218	0.00	0.01		0		squad-113	0	bot-300
76798	bot-300	bravo	H32r-4210	state	4.80	20.79	218	0.00	0.00		0		squad-113	0	bot-300
76827	bot-234	bravo	P00r-4410	tick	-9.99	-15.50	348	0.00	0.00		0		squad-27	0	bot-234
76896	bot-296	alpha	P00r-4320	tick	-0.39	3.18	265	0.24	0.45	11.82	7	squad	squad-26	4	bot-196
77015	bot-301	bravo	G32r-4412	state	6.48	15.16	257	2.81	1.54	0.45	1	cover	squad-113	1	bot-300
77033	bot-299	alpha	C00r-2412	tick	0.39	9.88	106	4.03	3.36	4.66	3	cover	squad-26	6	bot-196
77096	bot-283	alpha	S00r-4320	tick	2.71	19.83	105	1.00	0.29	0.40	1	seek	squad-26	2	bot-196
77096	bot-290	alpha	S00r-4420	tick	-2.43	11.52	35	2.42	2.38	6.12	3	seek	squad-26	3	bot-196
77162	bot-252	alpha	S00r-4410	tick	-7.19	7.61	30	2.20	2.30	10.36	3	seek	squad-26	1	bot-196
77249	bot-300	bravo	H32r-4310	health	4.80	20.79	203	0.00	0.00		0		squad-113	0	bot-300
77296	bot-298	alpha	S00r-4410	tick	-3.60	-7.61	9	0.02	0.01	24.43	7	seek	squad-26	5	bot-196
77346	bot-293	alpha	G00m-43B2	tick	0.05	11.05	14	0.00	0.43		0		squad-26	7	bot-196
77396	bot-196	alpha	P00m-3320	tick	6.41	5.71	274	0.00	0.29		0		squad-26	0	bot-196
77396	bot-236	bravo	P00r-4410	tick	-12.12	-18.28	51	0.00	0.00		0		squad-27	1	bot-234
77396	bot-238	bravo	P00r-4420	tick	-14.54	-15.84	342	0.00	0.00		0		squad-27	2	bot-234
77396	bot-240	bravo	K00m-03C0	tick	1.22	2.29	301	0.00	0.21		0		squad-27	4	bot-234
77396	bot-244	bravo	P00r-4410	tick	-13.42	-20.30	55	0.00	0.00		0		squad-27	3	bot-234
77396	bot-247	bravo	P00m-4320	tick	-15.23	-15.50	219	0.04	0.00	6.81	2	squad	squad-27	5	bot-234
77415	bot-300	bravo	H21r-4310	tier+score	4.80	20.79	190	0.00	0.00		0		squad-113	0	bot-300
77415	bot-301	bravo	G00r-4412	tier+score	6.05	15.05	294	0.15	0.44		0		squad-113	1	bot-300
77497	bot-293	alpha	C00m-43B2	state	-0.02	11.66	4	0.00	0.61		0		squad-26	7	bot-196
77533	bot-300	bravo	H00r-4310	tier+score	4.80	20.79	184	0.00	0.00		0		squad-113	0	bot-300
77600	bot-293	alpha	G00m-43B2	state	0.00	11.49	25	2.21	0.16	0.45	1	cover	squad-26	7	bot-196
77664	bot-252	alpha	A00r-4410	state	-6.69	8.50	30	2.05	1.02	9.34	3	seek	squad-26	1	bot-196
77664	bot-300	bravo	H00r-431G	latches	4.80	20.79	175	0.00	0.00		0		squad-113	0	bot-300
77680	bot-252	alpha	A00r-441G	latches	-6.69	8.50	33	0.00	0.00		0		squad-26	1	bot-196
77831	bot-234	bravo	P00r-4410	tick	-9.99	-15.50	348	0.00	0.00		0		squad-27	0	bot-234
77898	bot-296	alpha	P00r-4320	tick	-0.41	3.33	281	0.11	0.16	11.76	7	squad	squad-26	4	bot-196
77898	bot-300	bravo	H00r-4310	latches	4.80	20.79	180	0.00	0.00		0		squad-113	0	bot-300
77915	bot-252	alpha	S00r-4410	state+latches	-6.69	8.50	33	0.00	0.01		0		squad-26	1	bot-196
77915	bot-300	bravo	S00r-4310	state	4.80	20.79	180	0.00	0.00		0		squad-113	0	bot-300
78048	bot-299	alpha	C00r-2412	tick	3.39	10.01	88	3.50	3.00	1.66	2	cover	squad-26	6	bot-196
78099	bot-283	alpha	S00r-4320	tick	2.79	20.33	52	0.00	0.50		0		squad-26	2	bot-196
78099	bot-290	alpha	S00r-4420	tick	-2.00	13.82	44	2.53	2.34	4.09	2	seek	squad-26	3	bot-196
78245	bot-300	bravo	C00r-4310	state	4.32	20.43	228	3.42	0.60	18.52	3	seek	squad-113	0	bot-300
78245	bot-301	bravo	C00r-4412	state	5.90	15.00	265	0.00	0.17		0		squad-113	1	bot-300
78260	bot-252	alpha	C00r-4410	state	-6.39	8.89	37	2.10	0.50	13.99	2	seek	squad-26	1	bot-196
78260	bot-300	bravo	C00r-4312	latches	4.18	20.33	223	5.04	0.17	8.33	7	cover	squad-113	0	bot-300
78260	bot-301	bravo	G00r-4412	state	5.90	15.00	265	0.00	0.00		0		squad-113	1	bot-300
78274	bot-252	alpha	C00r-4412	latches	-6.51	8.96	43	4.72	0.14	6.25	1	cover	squad-26	1	bot-196
78300	bot-298	alpha	S00r-4410	tick	-3.60	-7.61	15	0.04	0.00	24.43	7	seek	squad-26	5	bot-196
78367	bot-299	alpha	G00r-2412	state	4.68	10.04	89	5.01	1.29	0.37	1	cover	squad-26	6	bot-196
78383	bot-196	alpha	S00m-3320	state	6.41	5.71	274	0.00	0.00		0		squad-26	0	bot-196
78400	bot-236	bravo	P00r-4410	tick	-12.12	-18.28	51	0.00	0.00		0		squad-27	1	bot-234
78400	bot-238	bravo	P00r-4420	tick	-14.54	-15.84	342	0.00	0.00		0		squad-27	2	bot-234
78400	bot-240	bravo	K00m-03C0	tick	1.22	2.29	303	0.00	0.00		0		squad-27	4	bot-234
78400	bot-244	bravo	P00r-4410	tick	-13.42	-20.30	55	0.00	0.00		0		squad-27	3	bot-234
78400	bot-247	bravo	P00m-4320	tick	-15.24	-15.50	231	0.05	0.00	6.81	2	squad	squad-27	5	bot-234
78600	bot-293	alpha	C00m-43B2	state	-0.02	11.65	17	0.00	0.16		0		squad-26	7	bot-196
78650	bot-299	alpha	C00r-2412	state	5.05	10.05	30	0.01	0.37		0		squad-26	6	bot-196
78684	bot-293	alpha	G00m-43B2	state	0.00	11.49	38	1.61	0.16	0.45	1	cover	squad-26	7	bot-196
78767	bot-301	bravo	S00r-4410	state+latches	6.05	15.05	224	0.00	0.17		0		squad-113	1	bot-300
78832	bot-234	bravo	P00r-4410	tick	-9.99	-15.50	348	0.00	0.00		0		squad-27	0	bot-234
78901	bot-296	alpha	P00r-4320	tick	-0.42	3.35	307	0.16	0.03	11.75	7	squad	squad-26	4	bot-196
79019	bot-252	alpha	P00r-4410	state+latches	-8.06	9.83	49	3.21	1.77	4.48	1	muzzleRecovery	squad-26	1	bot-196
79070	bot-252	alpha	C00r-4410	state	-8.17	9.75	37	0.00	0.14	4.42	0	muzzleRecovery	squad-26	1	bot-196
79084	bot-252	alpha	C00r-4412	latches	-8.22	9.77	47	1.31	0.05	4.37	1	cover	squad-26	1	bot-196
79113	bot-283	alpha	S00r-4320	tick	2.75	19.66	110	1.39	0.67	0.68	1	seek	squad-26	2	bot-196
79113	bot-290	alpha	S00r-4420	tick	-0.86	15.34	57	1.33	1.89	2.27	2	seek	squad-26	3	bot-196
79246	bot-252	alpha	P00r-4410	state+latches	-8.43	9.90	50	3.36	0.25	4.12	1	muzzleRecovery	squad-26	1	bot-196
79262	bot-300	bravo	C00r-4312	tick	0.67	17.35	231	4.28	4.61	6.88	6	cover	squad-113	0	bot-300
79314	bot-298	alpha	S00r-4410	tick	-3.60	-7.61	9	0.12	0.00	24.43	7	seek	squad-26	5	bot-196
79334	bot-252	alpha	A00r-4410	state	-8.67	9.73	28	0.00	0.29	4.02	0	muzzleRecovery	squad-26	1	bot-196
79396	bot-196	alpha	S00m-3320	tick	6.41	5.71	356	0.00	0.00		0		squad-26	0	bot-196
79415	bot-236	bravo	P00r-4410	tick	-12.12	-18.28	51	0.00	0.00		0		squad-27	1	bot-234
79415	bot-238	bravo	P00r-4420	tick	-14.54	-15.84	342	0.00	0.00		0		squad-27	2	bot-234
79415	bot-240	bravo	K00m-03C0	tick	0.84	2.44	307	0.00	0.41		0		squad-27	4	bot-234
79415	bot-244	bravo	P00r-4410	tick	-13.42	-20.30	55	0.00	0.00		0		squad-27	3	bot-234
79415	bot-247	bravo	P00m-4320	tick	-15.23	-15.50	264	0.14	0.00	6.81	2	squad	squad-27	5	bot-234
79463	bot-252	alpha	F00r-4410	state	-8.65	9.72	51	0.39	0.02		0		squad-26	1	bot-196
79463	bot-300	bravo	E00r-4210	state+health+latches	0.35	16.96	231	4.76	0.50		0		squad-113	0	bot-300
79463	bot-301	bravo	S21r-4410	tier+score	7.62	15.34	242	2.46	1.59	8.02	7	seek	squad-113	1	bot-300
79482	bot-252	alpha	A00r-4410	state	-8.65	9.71	51	0.22	0.00		0		squad-26	1	bot-196
79482	bot-300	bravo	E00r-4219	latches	0.34	17.18	231	5.28	0.22	4.88	1	flee	squad-113	0	bot-300
79569	bot-252	alpha	A10r-4410	tier	-8.64	9.71	49	0.01	0.01		0		squad-26	1	bot-196
79590	bot-252	alpha	F10r-4410	state	-8.64	9.71	49	0.01	0.00		0		squad-26	1	bot-196
79590	bot-300	bravo	E00r-4119	health	0.31	17.74	229	5.11	0.56	4.32	1	flee	squad-113	0	bot-300
79590	bot-301	bravo	C32r-4410	state+tier+score	7.87	15.39	242	2.34	0.26	8.27	7	seek	squad-113	1	bot-300
79613	bot-252	alpha	A10r-4410	state	-8.64	9.71	49	0.01	0.00		0		squad-26	1	bot-196
79613	bot-301	bravo	C32r-4412	latches	7.69	15.36	254	3.08	0.19	1.67	1	cover	squad-113	1	bot-300
79662	bot-299	alpha	C00r-2412	tick	1.88	10.04	270	5.14	3.18	0.83	1	cover	squad-26	6	bot-196
79679	bot-293	alpha	C00m-43B2	state	-0.02	11.63	17	0.00	0.14		0		squad-26	7	bot-196
79713	bot-252	alpha	F10r-4410	state	-8.64	9.71	46	0.00	0.00		0		squad-26	1	bot-196
79713	bot-252	alpha	F10r-3410	ammo	-8.64	9.71	46	0.00	0.00		0		squad-26	1	bot-196
79713	bot-293	alpha	S00m-43B0	state+latches	-0.01	11.58	23	1.61	0.05	0.53	1	cover	squad-26	7	bot-196
79729	bot-252	alpha	A10r-3410	state	-8.64	9.71	46	0.00	0.00		0		squad-26	1	bot-196
79746	bot-252	alpha	A10r-341G	latches	-8.64	9.71	46	0.00	0.00		0		squad-26	1	bot-196
79746	bot-300	bravo	E00r-411P	latches	0.24	18.50	226	4.69	0.76	3.56	1	flee	squad-113	0	bot-300
79762	bot-299	alpha	G00r-2412	state	1.46	10.05	271	4.94	0.41	0.41	1	cover	squad-26	6	bot-196
79845	bot-234	bravo	P00r-4410	tick	-9.99	-15.50	348	0.00	0.00		0		squad-27	0	bot-234
79895	bot-296	alpha	S00r-4320	state	-0.41	3.36	275	0.08	0.01	11.75	7	squad	squad-26	4	bot-196
79962	bot-301	bravo	G32r-4412	state	6.49	15.15	258	2.78	1.22	0.45	1	cover	squad-113	1	bot-300
79979	bot-252	alpha	S10r-3410	state+latches	-8.64	9.71	46	0.00	0.00		0		squad-26	1	bot-196
79979	bot-300	bravo	E00r-4119	latches	0.18	19.58	226	4.74	1.08	2.48	1	flee	squad-113	0	bot-300
80129	bot-283	alpha	S00r-4320	tick	3.05	19.23	139	1.07	0.53	0.59	1	seek	squad-26	2	bot-196
80129	bot-290	alpha	S00r-4420	tick	0.06	16.32	77	1.32	1.35	1.02	1	seek	squad-26	3	bot-196
80329	bot-298	alpha	S00r-4410	tick	-3.59	-7.61	9	0.02	0.00	24.43	7	seek	squad-26	5	bot-196
80346	bot-300	bravo	E00r-0119	ammo	0.09	21.18	226	4.10	1.60	0.87	1	flee	squad-113	0	bot-300
80412	bot-196	alpha	S00m-3320	tick	6.41	5.71	322	0.00	0.00		0		squad-26	0	bot-196
80429	bot-236	bravo	P00r-4410	tick	-12.12	-18.28	51	0.00	0.00		0		squad-27	1	bot-234
80429	bot-238	bravo	P00r-4420	tick	-14.54	-15.84	342	0.00	0.00		0		squad-27	2	bot-234
80429	bot-240	bravo	K00m-03C0	tick	0.84	2.44	307	0.00	0.00		0		squad-27	4	bot-234
80429	bot-244	bravo	P00r-4410	tick	-13.42	-20.30	55	0.00	0.00		0		squad-27	3	bot-234
80429	bot-247	bravo	P00m-4320	tick	-15.24	-15.50	237	0.05	0.01	6.81	2	squad	squad-27	5	bot-234
80518	bot-300	bravo	E00r-0110	latches	0.06	21.75	226	0.00	0.57		0		squad-113	0	bot-300
80733	bot-293	alpha	S00m-43B0	tick	0.71	10.39	29	0.40	1.39	4.78	2	seek	squad-26	7	bot-196
80779	bot-299	alpha	G00r-2412	tick	1.60	10.22	47	0.00	0.22		0		squad-26	6	bot-196
80829	bot-299	alpha	C00r-2412	state	1.79	10.24	48	0.00	0.19		0		squad-26	6	bot-196
80846	bot-234	bravo	P00r-4410	tick	-9.99	-15.50	348	0.00	0.00		0		squad-27	0	bot-234
80896	bot-296	alpha	S00r-4320	tick	-0.40	3.37	6	0.10	0.02	14.76	4	seek	squad-26	4	bot-196
80896	bot-300	bravo	E00r-4110	ammo	0.06	21.75	226	0.00	0.00		0		squad-113	0	bot-300
80966	bot-301	bravo	G32r-4412	tick	6.05	15.05	281	0.01	0.44		0		squad-113	1	bot-300
80986	bot-252	alpha	S10r-3410	tick	-7.62	11.50	50	2.49	2.06	8.45	2	seek	squad-26	1	bot-196
81030	bot-300	bravo	H00r-4110	state	0.05	21.75	226	0.00	0.01		0		squad-113	0	bot-300
81134	bot-283	alpha	S00r-4320	tick	2.30	19.13	241	1.37	0.76	0.75	1	seek	squad-26	2	bot-196
81134	bot-290	alpha	S00r-4420	tick	0.37	16.25	165	0.90	0.32	1.71	4	seek	squad-26	3	bot-196
81169	bot-252	alpha	S00r-3410	tier	-7.40	11.89	46	2.43	0.45	8.01	2	seek	squad-26	1	bot-196
81279	bot-299	alpha	S00r-2410	state+latches	1.76	10.19	38	0.00	0.06		0		squad-26	6	bot-196
81312	bot-301	bravo	C32r-4412	state	5.88	15.01	256	0.00	0.17		0		squad-113	1	bot-300
81329	bot-298	alpha	S00r-4410	tick	-3.60	-7.61	9	0.07	0.00	24.43	7	seek	squad-26	5	bot-196
81329	bot-301	bravo	G32r-4412	state	5.88	15.01	256	0.00	0.00		0		squad-113	1	bot-300
81412	bot-196	alpha	S00m-3320	tick	6.41	5.71	40	0.00	0.00		0		squad-26	0	bot-196
81429	bot-236	bravo	P00r-4410	tick	-12.12	-18.28	51	0.00	0.00		0		squad-27	1	bot-234
81429	bot-238	bravo	P00r-4420	tick	-14.54	-15.84	342	0.00	0.00		0		squad-27	2	bot-234
81429	bot-240	bravo	K00m-03C0	tick	0.84	2.44	307	0.00	0.00		0		squad-27	4	bot-234
81429	bot-244	bravo	P00r-4410	tick	-13.42	-20.30	55	0.00	0.00		0		squad-27	3	bot-234
81429	bot-247	bravo	P00m-4320	tick	-15.23	-15.50	213	0.07	0.01	6.81	2	squad	squad-27	5	bot-234
81734	bot-293	alpha	S00m-43B0	tick	2.16	9.59	57	1.34	1.66	5.04	2	seek	squad-26	7	bot-196
81853	bot-234	bravo	P00r-4410	tick	-9.99	-15.50	348	0.00	0.00		0		squad-27	0	bot-234
81896	bot-296	alpha	S00r-4320	tick	-0.40	3.37	280	0.10	0.00	14.75	4	seek	squad-26	4	bot-196
81896	bot-300	bravo	H00r-4210	health	0.04	21.75	168	0.00	0.01		0		squad-113	0	bot-300
82146	bot-283	alpha	S00r-4320	tick	2.47	19.42	45	0.99	0.34	1.25	1	seek	squad-26	2	bot-196
82146	bot-290	alpha	S00r-4420	tick	-0.57	15.63	205	1.35	1.12	1.55	4	seek	squad-26	3	bot-196
82179	bot-252	alpha	S00r-3410	tick	-6.47	13.54	27	1.45	1.89	6.13	2	seek	squad-26	1	bot-196
82286	bot-299	alpha	S00r-2410	tick	-0.24	11.49	29	2.02	2.39	12.05	4	seek	squad-26	6	bot-196
82340	bot-298	alpha	S00r-4410	tick	-3.60	-7.61	9	0.02	0.00	24.43	7	seek	squad-26	5	bot-196
82340	bot-301	bravo	G32r-4412	tick	5.97	15.04	230	0.09	0.09		0		squad-113	1	bot-300
82397	bot-301	bravo	C32r-4412	state	5.89	15.01	233	0.01	0.09		0		squad-113	1	bot-300
82414	bot-196	alpha	S00m-3320	tick	6.44	5.88	9	1.67	0.17	0.68	1	seek	squad-26	0	bot-196
82414	bot-301	bravo	G32r-4412	state	5.89	15.01	233	0.01	0.00		0		squad-113	1	bot-300
82439	bot-236	bravo	P00r-4410	tick	-12.12	-18.28	51	0.00	0.00		0		squad-27	1	bot-234
82439	bot-238	bravo	P00r-4420	tick	-14.54	-15.84	342	0.00	0.00		0		squad-27	2	bot-234
82439	bot-240	bravo	K00m-03C0	tick	0.84	2.44	307	0.00	0.00		0		squad-27	4	bot-234
82439	bot-244	bravo	P00r-4410	tick	-13.42	-20.30	55	0.00	0.00		0		squad-27	3	bot-234
82439	bot-247	bravo	P00m-4320	tick	-15.24	-15.50	245	0.00	0.01	6.81	2	squad	squad-27	5	bot-234
82452	bot-299	alpha	C00r-2410	state	-0.52	11.65	30	2.07	0.32	12.04	4	seek	squad-26	6	bot-196
82478	bot-299	alpha	C00r-241I	latches	-0.39	11.51	33	4.81	0.19	0.64	1	cover	squad-26	6	bot-196
82478	bot-301	bravo	G00r-4412	tier+score	6.05	15.05	240	0.00	0.16		0		squad-113	1	bot-300
82547	bot-299	alpha	G00r-241I	state	-0.21	11.33	47	4.81	0.25	0.38	1	cover	squad-26	6	bot-196
82599	bot-301	bravo	S00r-4410	state+latches	6.09	15.08	248	1.08	0.05		0		squad-113	1	bot-300
82715	bot-299	alpha	G00r-2412	latches	0.05	11.05	9	0.02	0.38		0		squad-26	6	bot-196
82748	bot-293	alpha	S00m-43B0	tick	2.78	10.83	4	1.82	1.39	3.73	1	seek	squad-26	7	bot-196
82865	bot-234	bravo	P00r-4410	tick	-9.99	-15.50	348	0.00	0.00		0		squad-27	0	bot-234
82899	bot-296	alpha	S00r-4320	tick	-0.41	3.37	6	0.10	0.01	14.75	4	seek	squad-26	4	bot-196
82899	bot-300	bravo	H00r-4210	tick	0.03	21.74	233	0.00	0.01		0		squad-113	0	bot-300
83016	bot-300	bravo	H00r-4310	health	0.03	21.74	242	0.00	0.00		0		squad-113	0	bot-300
83153	bot-283	alpha	S00r-4320	tick	3.09	19.84	38	1.35	0.75	1.57	1	seek	squad-26	2	bot-196
83153	bot-290	alpha	S00r-4420	tick	-1.33	14.79	137	0.91	1.13	1.89	3	seek	squad-26	3	bot-196
83183	bot-252	alpha	S00r-3410	tick	-5.63	15.18	38	1.99	1.84	4.31	2	seek	squad-26	1	bot-196
83350	bot-298	alpha	S00r-4410	tick	-3.60	-7.61	9	0.06	0.00	24.43	7	seek	squad-26	5	bot-196
83419	bot-196	alpha	S00m-3320	tick	6.49	6.13	8	0.05	0.26	0.42	1	seek	squad-26	0	bot-196
83451	bot-236	bravo	P00r-4410	tick	-12.12	-18.28	51	0.00	0.00		0		squad-27	1	bot-234
83451	bot-238	bravo	P00r-4420	tick	-14.54	-15.84	342	0.00	0.00		0		squad-27	2	bot-234
83451	bot-240	bravo	K00m-03C0	tick	0.84	2.44	307	0.00	0.00		0		squad-27	4	bot-234
83451	bot-244	bravo	P00r-4410	tick	-13.42	-20.30	55	0.00	0.00		0		squad-27	3	bot-234
83451	bot-247	bravo	P00m-4320	tick	-15.24	-15.50	256	0.14	0.00	6.81	2	squad	squad-27	5	bot-234
83601	bot-301	bravo	S00r-4410	tick	8.38	15.49	248	2.31	2.33	9.01	7	seek	squad-113	1	bot-300
83701	bot-300	bravo	S00r-4310	state	0.02	21.74	247	0.00	0.01		0		squad-113	0	bot-300
83719	bot-299	alpha	G00r-2412	tick	-0.02	11.65	46	0.00	0.61		0		squad-26	6	bot-196
83735	bot-299	alpha	C00r-2412	state	-0.02	11.65	46	0.00	0.00		0		squad-26	6	bot-196
83752	bot-293	alpha	S00m-43B0	tick	2.92	12.83	4	2.35	2.01	1.73	1	seek	squad-26	7	bot-196
83836	bot-299	alpha	G00r-2412	state	0.00	11.49	67	2.21	0.16	0.44	1	cover	squad-26	6	bot-196
83876	bot-234	bravo	P00r-4410	tick	-9.99	-15.50	348	0.00	0.00		0		squad-27	0	bot-234
83909	bot-296	alpha	S00r-4320	tick	-0.42	3.36	280	0.12	0.01	14.76	4	seek	squad-26	4	bot-196
84170	bot-283	alpha	S00r-4320	tick	1.94	19.65	275	0.85	1.16	1.84	1	seek	squad-26	2	bot-196
84170	bot-290	alpha	S00r-4420	tick	-1.81	13.78	151	0.96	1.12	2.48	3	seek	squad-26	3	bot-196
84187	bot-252	alpha	S00r-3410	tick	-4.86	16.70	26	1.75	1.70	2.66	2	seek	squad-26	1	bot-196
84220	bot-293	alpha	C00m-43B0	state	3.00	13.88	4	1.37	1.05	0.68	1	seek	squad-26	7	bot-196
84237	bot-293	alpha	C00m-43B2	latches	3.00	13.83	11	1.39	0.04	5.28	1	cover	squad-26	7	bot-196
84270	bot-293	alpha	C00m-43BI	latches	3.00	13.78	18	1.43	0.05	5.23	1	cover	squad-26	7	bot-196
84354	bot-298	alpha	S00r-4410	tick	-3.60	-7.61	9	0.05	0.00	24.43	7	seek	squad-26	5	bot-196
84421	bot-196	alpha	S00m-3320	tick	6.49	6.12	7	0.02	0.02	0.44	1	seek	squad-26	0	bot-196
84454	bot-236	bravo	P00r-4410	tick	-12.12	-18.28	51	0.00	0.00		0		squad-27	1	bot-234
84454	bot-238	bravo	P00r-4420	tick	-14.54	-15.84	342	0.00	0.00		0		squad-27	2	bot-234
84454	bot-240	bravo	K00m-03C0	tick	0.84	2.44	307	0.00	0.00		0		squad-27	4	bot-234
84454	bot-244	bravo	P00r-4410	tick	-13.42	-20.30	55	0.00	0.00		0		squad-27	3	bot-234
84454	bot-247	bravo	P00m-4320	tick	-15.23	-15.50	224	0.05	0.00	6.81	2	squad	squad-27	5	bot-234
84504	bot-293	alpha	C00m-43B2	latches	3.01	13.23	70	4.60	0.55	4.68	1	cover	squad-26	7	bot-196
84605	bot-301	bravo	S00r-4410	tick	10.75	15.86	86	2.49	2.39	11.35	7	seek	squad-113	1	bot-300
84705	bot-300	bravo	S00r-4310	tick	-0.70	19.52	218	2.43	2.33	12.63	3	seek	squad-113	0	bot-300
84789	bot-299	alpha	C00r-2412	state	-0.02	11.65	28	0.00	0.16		0		squad-26	6	bot-196
84889	bot-234	bravo	P00r-4410	tick	-9.99	-15.50	348	0.00	0.00		0		squad-27	0	bot-234
84889	bot-299	alpha	G00r-2412	state	0.00	11.49	48	2.21	0.16	0.44	1	cover	squad-26	6	bot-196
84906	bot-300	bravo	A00r-4310	state	-0.84	19.10	218	2.30	0.44	12.22	3	seek	squad-113	0	bot-300
84923	bot-252	alpha	C00r-3410	state	-3.95	17.77	52	2.09	1.41	1.26	1	seek	squad-26	1	bot-196
84923	bot-296	alpha	S00r-4320	tick	-0.39	3.36	6	0.09	0.03	14.76	4	seek	squad-26	4	bot-196
84939	bot-252	alpha	C00r-3412	latches	-3.90	17.63	61	4.47	0.15	8.44	1	cover	squad-26	1	bot-196
85173	bot-283	alpha	S00r-4320	tick	2.76	20.11	61	1.00	0.94	0.90	1	seek	squad-26	2	bot-196
85173	bot-290	alpha	S00r-4420	tick	-1.31	13.25	55	0.96	0.73	2.26	2	seek	squad-26	3	bot-196
85307	bot-293	alpha	S00m-43B0	state+latches	2.21	10.21	221	4.97	3.13	4.25	2	cover	squad-26	7	bot-196
85357	bot-298	alpha	S00r-4410	tick	-3.60	-7.61	9	0.01	0.00	24.43	7	seek	squad-26	5	bot-196
85407	bot-300	bravo	C00r-4310	state	-0.84	19.10	214	0.00	0.00		0		squad-113	0	bot-300
85424	bot-196	alpha	S00m-3320	tick	6.50	6.13	7	0.01	0.01	0.42	1	seek	squad-26	0	bot-196
85424	bot-300	bravo	C00r-4312	latches	-0.72	19.09	213	4.16	0.12	7.88	4	cover	squad-113	0	bot-300
85458	bot-236	bravo	P00r-4410	tick	-12.12	-18.28	51	0.00	0.00		0		squad-27	1	bot-234
85458	bot-238	bravo	P00r-4420	tick	-14.54	-15.84	342	0.00	0.00		0		squad-27	2	bot-234
85458	bot-240	bravo	K00m-03C0	tick	0.84	2.44	307	0.00	0.00		0		squad-27	4	bot-234
85458	bot-244	bravo	P00r-4410	tick	-13.42	-20.30	55	0.00	0.00		0		squad-27	3	bot-234
85458	bot-247	bravo	P00m-4320	tick	-15.23	-15.50	227	0.19	0.00	6.81	2	squad	squad-27	5	bot-234
85608	bot-301	bravo	S00r-4410	tick	11.95	17.46	246	2.43	2.00	13.07	6	seek	squad-113	1	bot-300
85742	bot-300	bravo	P00r-4310	state+latches	0.44	18.94	211	3.56	1.17	6.83	1	muzzleRecovery	squad-113	0	bot-300
85826	bot-300	bravo	A00r-4310	state	0.75	18.99	189	0.00	0.31	6.60	0	muzzleRecovery	squad-113	0	bot-300
85893	bot-234	bravo	P00r-4410	tick	-9.99	-15.50	348	0.00	0.00		0		squad-27	0	bot-234
85893	bot-299	alpha	C00r-2412	state	-0.02	11.64	32	0.00	0.15		0		squad-26	6	bot-196
85909	bot-252	alpha	P00r-3410	state+latches	-2.57	13.28	31	4.50	4.55	3.89	1	muzzleRecovery	squad-26	1	bot-196
85909	bot-300	bravo	F00r-4310	state	0.75	18.99	210	0.00	0.00		0		squad-113	0	bot-300
85926	bot-296	alpha	S00r-4320	tick	-0.42	3.37	280	0.10	0.02	14.76	4	seek	squad-26	4	bot-196
85926	bot-300	bravo	A00r-4310	state	0.75	18.99	211	0.00	0.00		0		squad-113	0	bot-300
85943	bot-252	alpha	C10r-3410	state+tier	-2.69	13.36	22	0.00	0.15	4.01	0	muzzleRecovery	squad-26	1	bot-196
85959	bot-252	alpha	C10r-3412	latches	-2.65	13.24	31	3.74	0.13	3.88	1	cover	squad-26	1	bot-196
85993	bot-299	alpha	G00r-2412	state	-0.03	11.48	52	1.62	0.16	0.44	1	cover	squad-26	6	bot-196
86026	bot-300	bravo	F00r-4310	state	0.75	18.99	210	0.00	0.00		0		squad-113	0	bot-300
86043	bot-196	alpha	S21m-3320	tier+score	6.50	6.14	7	0.02	0.01	0.42	1	seek	squad-26	0	bot-196
86043	bot-252	alpha	C10r-3312	health	-2.57	12.98	29	3.00	0.27	3.61	1	cover	squad-26	1	bot-196
86043	bot-283	alpha	S21r-4320	tier+score	2.83	20.30	359	1.37	0.20	1.31	1	seek	squad-26	2	bot-196
86043	bot-290	alpha	S21r-4420	tier+score	-0.36	13.58	43	2.07	1.00	1.33	1	seek	squad-26	3	bot-196
86043	bot-293	alpha	S21m-43B0	tier+score	0.35	10.45	273	2.52	1.88	13.51	6	seek	squad-26	7	bot-196
86043	bot-296	alpha	S21r-4320	tier+score	-0.42	3.37	310	0.10	0.00	14.76	4	seek	squad-26	4	bot-196
86043	bot-299	alpha	G21r-2412	tier+score	0.05	11.05	39	0.00	0.44		0		squad-26	6	bot-196
86043	bot-300	bravo	A00r-4310	state	0.75	18.99	209	0.00	0.00		0		squad-113	0	bot-300
86060	bot-252	alpha	C21r-3312	tier+score	-2.56	12.94	29	2.30	0.05	3.56	1	cover	squad-26	1	bot-196
86093	bot-283	alpha	P21r-4320	state	2.79	20.29	352	1.37	0.05	1.26	1	seek	squad-26	2	bot-196
86093	bot-290	alpha	P21r-4420	state	-0.31	13.63	43	2.07	0.07	1.26	1	seek	squad-26	3	bot-196
86143	bot-252	alpha	P21r-3310	state+latches	-2.53	12.78	28	4.69	0.16	3.41	1	muzzleRecovery	squad-26	1	bot-196
86143	bot-300	bravo	F00r-4310	state	0.75	18.98	208	0.15	0.00		0		squad-113	0	bot-300
86143	bot-300	bravo	F00r-3310	ammo	0.75	18.98	209	0.02	0.00		0		squad-113	0	bot-300
86160	bot-196	alpha	S32m-3320	tier+score	6.50	6.14	7	0.01	0.00	0.41	1	seek	squad-26	0	bot-196
86160	bot-252	alpha	E32r-3210	state+tier+score+health	-2.60	12.82	24	4.69	0.08		0		squad-26	1	bot-196
86160	bot-283	alpha	C32r-4320	state+tier+score	2.76	20.29	348	0.00	0.02		0		squad-26	2	bot-196
86160	bot-290	alpha	C32r-4420	state+tier+score	-0.27	13.61	56	0.96	0.04	7.15	1	squad	squad-26	3	bot-196
86160	bot-293	alpha	M32m-43B0	state+tier+score	0.10	10.39	273	2.56	0.26	13.76	6	seek	squad-26	7	bot-196
86160	bot-296	alpha	S32r-4320	tier+score	-0.42	3.37	340	0.10	0.00	14.76	4	seek	squad-26	4	bot-196
86160	bot-299	alpha	G32r-2412	tier+score	0.05	11.05	15	0.01	0.00		0		squad-26	6	bot-196
86160	bot-300	bravo	A00r-3310	state	0.75	18.98	209	0.02	0.00		0		squad-113	0	bot-300
86177	bot-252	alpha	E32r-3219	latches	-2.56	12.75	28	2.42	0.08	5.23	3	flee	squad-26	1	bot-196
86177	bot-283	alpha	C32r-4322	latches	2.76	20.29	348	0.00	0.00		0		squad-26	2	bot-196
86177	bot-290	alpha	C32r-4422	latches	-0.26	13.54	65	2.02	0.07	7.08	1	squad	squad-26	3	bot-196
86210	bot-300	bravo	C00r-3310	state	0.75	18.98	208	0.00	0.00		0		squad-113	0	bot-300
86227	bot-300	bravo	C00r-3312	latches	0.90	18.96	208	4.57	0.15	6.47	4	cover	squad-113	0	bot-300
86244	bot-300	bravo	C10r-3312	tier	0.97	18.95	208	4.34	0.07	6.40	4	cover	squad-113	0	bot-300
86294	bot-298	alpha	P00r-4410	state	-3.60	-7.61	18	0.07	0.00	24.43	7	seek	squad-26	5	bot-196
86361	bot-300	bravo	E10r-3210	state+health+latches	1.39	18.90	210	3.99	0.42		0		squad-113	0	bot-300
86361	bot-301	bravo	S21r-4410	tier+score	10.81	17.84	272	2.02	1.20	12.22	5	seek	squad-113	1	bot-300
86377	bot-300	bravo	E10r-3219	latches	1.54	18.87	211	4.50	0.15	4.09	1	flee	squad-113	0	bot-300
86461	bot-236	bravo	P00r-4410	tick	-12.12	-18.28	51	0.00	0.00		0		squad-27	1	bot-234
86461	bot-238	bravo	P00r-4420	tick	-14.54	-15.84	342	0.00	0.00		0		squad-27	2	bot-234
86461	bot-240	bravo	K00m-03C0	tick	0.84	2.44	307	0.00	0.00		0		squad-27	4	bot-234
86461	bot-244	bravo	P00r-4410	tick	-13.42	-20.30	55	0.00	0.00		0		squad-27	3	bot-234
86461	bot-247	bravo	P00m-4320	tick	-15.24	-15.50	259	0.10	0.00	6.81	2	squad	squad-27	5	bot-234
86529	bot-293	alpha	T32m-43B0	state	-1.64	11.22	330	5.26	1.93	1.83	1	medic	squad-26	7	bot-196
86596	bot-252	alpha	E32r-2219	ammo	-2.21	11.82	35	3.78	1.00	4.28	3	flee	squad-26	1	bot-196
86596	bot-300	bravo	E10r-3119	health	2.51	18.52	215	5.16	1.03	3.08	1	flee	squad-113	0	bot-300
86596	bot-301	bravo	C32r-4410	state+tier+score	10.34	17.85	272	2.25	0.47	11.82	5	seek	squad-113	1	bot-300
86612	bot-252	alpha	E32r-221P	latches	-2.19	11.75	35	4.12	0.07	4.22	3	flee	squad-26	1	bot-196
86612	bot-300	bravo	E10r-311P	latches	2.58	18.49	215	5.16	0.09	3.00	1	flee	squad-113	0	bot-300
86612	bot-301	bravo	C32r-4412	latches	10.50	17.86	280	4.66	0.16	9.17	4	cover	squad-113	1	bot-300
86846	bot-252	alpha	E32r-2219	latches	-2.21	10.58	35	4.90	1.18	3.43	3	flee	squad-26	1	bot-196
86846	bot-300	bravo	E10r-3119	latches	3.75	18.25	215	5.11	1.19	1.81	1	flee	squad-113	0	bot-300
86896	bot-234	bravo	P00r-4410	tick	-9.99	-15.50	348	0.00	0.00		0		squad-27	0	bot-234
87030	bot-290	alpha	G32r-4422	state	-0.73	9.91	183	4.80	3.67	0.42	1	cover	squad-26	3	bot-196
87114	bot-252	alpha	E32r-2319	health	-1.24	10.04	35	4.75	1.11	2.33	2	flee	squad-26	1	bot-196
87164	bot-196	alpha	S32m-3320	tick	6.50	6.15	7	0.01	0.01	0.40	1	seek	squad-26	0	bot-196
87164	bot-296	alpha	S32r-4320	tick	-0.40	3.37	357	0.10	0.02	14.76	4	seek	squad-26	4	bot-196
87164	bot-299	alpha	C32r-2412	state	-0.02	11.65	45	0.00	0.61		0		squad-26	6	bot-196
87180	bot-283	alpha	C32r-4322	tick	0.67	17.71	216	4.62	3.32	7.16	6	cover	squad-26	2	bot-196
87180	bot-300	bravo	E10r-3110	latches	5.28	18.08	215	0.01	1.54		0		squad-113	0	bot-300
87264	bot-299	alpha	G32r-2412	state	0.00	11.49	65	2.21	0.16	0.44	1	cover	squad-26	6	bot-196
87297	bot-298	alpha	P00r-4410	tick	-3.60	-7.61	1	0.07	0.00	14.96	5	squad	squad-26	5	bot-196
87465	bot-236	bravo	P00r-4410	tick	-12.12	-18.28	51	0.00	0.00		0		squad-27	1	bot-234
87465	bot-238	bravo	P00r-4420	tick	-14.54	-15.84	342	0.00	0.00		0		squad-27	2	bot-234
87465	bot-240	bravo	K00m-03C0	tick	0.84	2.44	307	0.00	0.00		0		squad-27	4	bot-234
87465	bot-244	bravo	P00r-4410	tick	-13.42	-20.30	55	0.00	0.00		0		squad-27	3	bot-234
87465	bot-247	bravo	P00m-4320	tick	-15.23	-15.50	242	0.04	0.00	6.81	2	squad	squad-27	5	bot-234
87498	bot-293	alpha	S32m-43B0	state	-1.64	11.21	42	0.00	0.01	1.83	1	medic	squad-26	7	bot-196
87598	bot-301	bravo	S32r-4410	state+latches	14.33	18.04	89	4.61	3.84	9.08	4	cover	squad-113	1	bot-300
87665	bot-252	alpha	E32r-2310	latches	0.53	8.86	35	0.02	2.12		0		squad-26	1	bot-196
87682	bot-300	bravo	H10r-3110	state	5.28	18.08	215	0.00	0.00		0		squad-113	0	bot-300
87900	bot-234	bravo	P00r-4410	tick	-9.99	-15.50	348	0.00	0.00		0		squad-27	0	bot-234
87900	bot-301	bravo	C32r-4410	state	13.59	18.04	167	2.55	0.74	15.02	5	seek	squad-113	1	bot-300
87916	bot-301	bravo	C32r-4412	latches	13.68	18.05	158	3.26	0.09	9.02	4	cover	squad-113	1	bot-300
87983	bot-300	bravo	H00r-3110	tier	5.28	18.08	227	0.00	0.00		0		squad-113	0	bot-300
88034	bot-290	alpha	G32r-4422	tick	-0.95	9.55	351	0.00	0.42		0		squad-26	3	bot-196
88083	bot-301	bravo	S32r-4410	state+latches	14.26	18.05	119	4.53	0.58	9.08	4	cover	squad-113	1	bot-300
88167	bot-196	alpha	S32m-3320	tick	6.50	6.17	7	0.01	0.01	0.39	1	seek	squad-26	0	bot-196
88167	bot-252	alpha	H32r-2310	state	0.53	8.86	35	0.00	0.00		0		squad-26	1	bot-196
88167	bot-296	alpha	S32r-4320	tick	-0.40	3.37	340	0.10	0.01	14.75	4	seek	squad-26	4	bot-196
88184	bot-283	alpha	C32r-4322	tick	-1.47	14.72	216	3.73	3.68	7.05	6	cover	squad-26	2	bot-196
88217	bot-299	alpha	C32r-2412	state	-0.02	11.65	28	0.00	0.16		0		squad-26	6	bot-196
88301	bot-298	alpha	P00r-4410	tick	-3.60	-7.61	9	0.03	0.00	14.96	5	squad	squad-26	5	bot-196
88318	bot-299	alpha	G32r-2412	state	0.03	11.49	49	2.21	0.17	0.44	1	cover	squad-26	6	bot-196
88368	bot-252	alpha	S32r-2310	state	0.53	8.86	354	0.00	0.00		0		squad-26	1	bot-196
88468	bot-236	bravo	P00r-4410	tick	-12.12	-18.28	51	0.00	0.00		0		squad-27	1	bot-234
88468	bot-238	bravo	P00r-4420	tick	-14.54	-15.84	342	0.00	0.00		0		squad-27	2	bot-234
88468	bot-240	bravo	K00m-03C0	tick	0.84	2.44	307	0.00	0.00		0		squad-27	4	bot-234
88468	bot-244	bravo	P00r-4410	tick	-13.42	-20.30	55	0.00	0.00		0		squad-27	3	bot-234
88468	bot-247	bravo	P00m-4320	tick	-15.23	-15.50	211	0.15	0.00	6.81	2	squad	squad-27	5	bot-234
88502	bot-293	alpha	S32m-43B0	tick	0.36	10.33	78	2.25	2.19	12.98	5	seek	squad-26	7	bot-196
88552	bot-300	bravo	H00r-3210	health	5.28	18.08	182	0.00	0.00		0		squad-113	0	bot-300
88702	bot-301	bravo	C32r-4410	state	12.75	18.06	244	1.99	1.51	13.60	5	seek	squad-113	1	bot-300
88719	bot-301	bravo	C32r-4412	latches	12.91	18.06	235	4.70	0.16	9.01	4	cover	squad-113	1	bot-300
88903	bot-234	bravo	P00r-4410	tick	-9.99	-15.50	348	0.00	0.00		0		squad-27	0	bot-234
89037	bot-196	alpha	S00m-3320	tier+score	6.50	6.18	7	0.01	0.01	0.38	1	seek	squad-26	0	bot-196
89037	bot-252	alpha	S00r-2310	tier+score	-0.19	9.95	6	1.90	1.30	8.10	4	seek	squad-26	1	bot-196
89037	bot-283	alpha	C00r-4322	tier+score	-1.62	13.06	173	1.83	1.66	6.75	5	cover	squad-26	2	bot-196
89037	bot-290	alpha	G00r-4422	tier+score	-0.95	9.55	1	0.00	0.00		0		squad-26	3	bot-196
89037	bot-293	alpha	S00m-43B0	tier+score	1.33	10.13	90	1.60	0.99	12.08	4	seek	squad-26	7	bot-196
89037	bot-296	alpha	S00r-4320	tier+score	-0.41	3.37	6	0.11	0.01	14.75	4	seek	squad-26	4	bot-196
89037	bot-299	alpha	G00r-2412	tier+score	0.05	11.05	11	0.24	0.44		0		squad-26	6	bot-196
89137	bot-301	bravo	S32r-4410	state+latches	14.32	18.06	132	4.59	1.41	9.09	4	cover	squad-113	1	bot-300
89154	bot-299	alpha	S00r-2410	state+latches	0.05	11.05	18	0.00	0.00		0		squad-26	6	bot-196
89304	bot-298	alpha	P00r-4410	tick	-3.60	-7.61	41	0.01	0.00	14.96	5	squad	squad-26	5	bot-196
89371	bot-301	bravo	S00r-4410	tier+score	13.70	18.06	197	2.63	0.61	14.01	5	seek	squad-113	1	bot-300
89388	bot-290	alpha	C00r-4422	state	-0.95	9.55	33	0.00	0.00		0		squad-26	3	bot-196
89438	bot-300	bravo	H00r-3200	packs	5.28	18.08	239	0.00	0.00		0		squad-113	0	bot-300
89455	bot-300	bravo	P00r-3200	state	5.28	18.08	239	0.00	0.00		0		squad-113	0	bot-300
89472	bot-236	bravo	P00r-4410	tick	-12.12	-18.28	51	0.00	0.00		0		squad-27	1	bot-234
89472	bot-238	bravo	P00r-4420	tick	-14.54	-15.84	342	0.00	0.00		0		squad-27	2	bot-234
89472	bot-240	bravo	K00m-03C0	tick	0.84	2.44	307	0.00	0.00		0		squad-27	4	bot-234
89472	bot-244	bravo	P00r-4410	tick	-13.42	-20.30	55	0.00	0.00		0		squad-27	3	bot-234
89472	bot-247	bravo	P00m-4320	tick	-15.23	-15.50	240	0.05	0.00	6.81	2	squad	squad-27	5	bot-234
89907	bot-234	bravo	P00r-4410	tick	-9.99	-15.50	348	0.00	0.00		0		squad-27	0	bot-234
89990	bot-290	alpha	G00r-4422	state	0.08	10.63	28	2.84	1.49	0.42	1	cover	squad-26	3	bot-196
90040	bot-196	alpha	S00m-3320	tick	6.50	6.19	7	0.01	0.01	0.36	1	seek	squad-26	0	bot-196
90040	bot-252	alpha	S00r-2310	tick	-1.88	11.23	324	2.44	2.12	6.97	3	seek	squad-26	1	bot-196
90040	bot-283	alpha	C00r-4322	tick	0.64	11.83	115	4.58	2.58	4.41	4	cover	squad-26	2	bot-196
90040	bot-293	alpha	S00m-43B0	tick	2.78	10.18	74	1.40	1.45	10.66	3	seek	squad-26	7	bot-196
90040	bot-296	alpha	S00r-4320	tick	-0.41	3.37	306	0.12	0.00	14.75	4	seek	squad-26	4	bot-196
90158	bot-299	alpha	S00r-2410	tick	-0.74	11.83	10	1.84	1.10	12.44	4	seek	squad-26	6	bot-196
90308	bot-298	alpha	P00r-4410	tick	-3.60	-7.61	20	0.04	0.00	14.96	5	squad	squad-26	5	bot-196
90375	bot-301	bravo	S00r-4410	tick	11.38	18.09	240	2.09	2.32	11.97	5	seek	squad-113	1	bot-300
90392	bot-196	alpha	P00m-3320	state	6.50	6.19	7	0.01	0.00	0.36	1	seek	squad-26	0	bot-196
90458	bot-300	bravo	P00r-3200	tick	7.10	18.04	98	2.46	1.82		8	patrol	squad-113	0	bot-300
90475	bot-236	bravo	P00r-4410	tick	-12.12	-18.28	51	0.00	0.00		0		squad-27	1	bot-234
90475	bot-238	bravo	P00r-4420	tick	-14.54	-15.84	342	0.00	0.00		0		squad-27	2	bot-234
90475	bot-240	bravo	K00m-03C0	tick	0.84	2.44	307	0.00	0.00		0		squad-27	4	bot-234
90475	bot-244	bravo	P00r-4410	tick	-13.42	-20.30	55	0.00	0.00		0		squad-27	3	bot-234
90475	bot-247	bravo	P00m-4320	tick	-15.23	-15.50	261	0.18	0.00	6.81	2	squad	squad-27	5	bot-234
90609	bot-283	alpha	P00r-4320	state+latches	1.80	10.20	142	3.09	2.00	3.74	3	cover	squad-26	2	bot-196
90609	bot-290	alpha	P00r-4420	state+latches	0.05	11.05	28	0.00	0.42		0		squad-26	3	bot-196
90776	bot-301	bravo	P00r-4410	state	10.55	18.11	238	2.12	0.83	11.27	5	seek	squad-113	1	bot-300
90910	bot-234	bravo	P00r-4410	tick	-9.99	-15.50	348	0.00	0.00		0		squad-27	0	bot-234
91044	bot-252	alpha	S00r-2310	tick	-2.74	13.65	27	2.42	2.57	4.96	2	seek	squad-26	1	bot-196
91044	bot-293	alpha	S00m-43B0	tick	3.86	11.77	34	2.46	1.91	9.28	3	seek	squad-26	7	bot-196
91044	bot-296	alpha	S00r-4320	tick	-0.40	3.37	6	0.11	0.01	14.75	4	seek	squad-26	4	bot-196
91162	bot-299	alpha	S00r-2410	tick	-1.59	13.83	34	2.68	2.18	10.69	2	seek	squad-26	6	bot-196
91312	bot-298	alpha	P00r-4410	tick	-3.60	-7.61	351	0.06	0.00	14.96	5	squad	squad-26	5	bot-196
91396	bot-196	alpha	P00m-3320	tick	6.99	5.69	103	0.69	0.70		0		squad-26	0	bot-196
91462	bot-300	bravo	P00r-3200	tick	9.23	17.85	104	2.48	2.13		8	patrol	squad-113	0	bot-300
91479	bot-236	bravo	P00r-4410	tick	-12.12	-18.28	51	0.00	0.00		0		squad-27	1	bot-234
91479	bot-238	bravo	P00r-4420	tick	-14.54	-15.84	342	0.00	0.00		0		squad-27	2	bot-234
91479	bot-240	bravo	K00m-03C0	tick	0.84	2.44	307	0.00	0.00		0		squad-27	4	bot-234
91479	bot-244	bravo	P00r-4410	tick	-13.42	-20.30	55	0.00	0.00		0		squad-27	3	bot-234
91479	bot-247	bravo	P00m-4320	tick	-15.23	-15.50	229	0.08	0.00	6.81	2	squad	squad-27	5	bot-234
91613	bot-283	alpha	P00r-4320	tick	1.80	10.20	142	0.00	0.00		0		squad-26	2	bot-196
91613	bot-290	alpha	P00r-4420	tick	0.60	8.83	176	2.43	2.29	2.60	1	squad	squad-26	3	bot-196
91780	bot-301	bravo	P00r-4410	tick	9.80	18.02	253	1.66	0.76	2.95	1	squad	squad-113	1	bot-300
91897	bot-296	alpha	P00r-4320	state	-0.41	3.37	280	0.11	0.01	14.75	4	seek	squad-26	4	bot-196
91914	bot-234	bravo	P00r-4410	tick	-9.99	-15.50	348	0.00	0.00		0		squad-27	0	bot-234
92047	bot-252	alpha	S00r-2310	tick	-1.91	15.90	9	2.25	2.39	2.60	1	seek	squad-26	1	bot-196
92047	bot-293	alpha	S00m-43B0	tick	6.72	12.03	81	2.92	2.87	6.42	1	seek	squad-26	7	bot-196
92164	bot-299	alpha	S00r-2410	tick	-0.59	16.25	15	2.53	2.62	8.09	1	seek	squad-26	6	bot-196
92315	bot-298	alpha	P00r-4410	tick	-3.60	-7.61	22	0.07	0.00	14.73	6	squad	squad-26	5	bot-196
92399	bot-196	alpha	P00m-3320	tick	7.47	5.69	75	0.00	0.48		0		squad-26	0	bot-196
92465	bot-300	bravo	P00r-3200	tick	10.68	17.77	68	2.48	1.46		8	patrol	squad-113	0	bot-300
92482	bot-236	bravo	P00r-4410	tick	-12.12	-18.28	51	0.00	0.00		0		squad-27	1	bot-234
92482	bot-238	bravo	P00r-4420	tick	-14.54	-15.84	342	0.00	0.00		0		squad-27	2	bot-234
92482	bot-240	bravo	K00m-03C0	tick	0.84	2.44	308	0.00	0.00		0		squad-27	4	bot-234
92482	bot-244	bravo	P00r-4410	tick	-13.42	-20.30	55	0.00	0.00		0		squad-27	3	bot-234
92482	bot-247	bravo	P00m-4320	tick	-15.23	-15.50	221	0.02	0.00	6.81	2	squad	squad-27	5	bot-234
92539	bot-301	bravo	C00r-4410	state	9.32	18.01	255	0.75	0.48		0		squad-113	1	bot-300
92616	bot-252	alpha	C00r-2310	state	-1.43	17.10	45	2.59	1.29	1.37	1	seek	squad-26	1	bot-196
92616	bot-283	alpha	S00r-4320	state	1.80	10.20	142	0.00	0.00		0		squad-26	2	bot-196
92616	bot-290	alpha	S00r-4420	state	0.96	7.42	157	0.00	1.45		0		squad-26	3	bot-196
92616	bot-301	bravo	C00r-4412	latches	9.33	17.96	265	1.09	0.06		0		squad-113	1	bot-300
92671	bot-252	alpha	C00r-231I	latches	-1.49	17.01	71	1.77	0.10	3.55	2	cover	squad-26	1	bot-196
92671	bot-301	bravo	C00r-441I	latches	9.33	17.94	265	0.31	0.02		0		squad-113	1	bot-300
92718	bot-299	alpha	C00r-2410	state	0.05	17.33	29	2.48	1.25	6.89	1	seek	squad-26	6	bot-196
92767	bot-299	alpha	C00r-241I	latches	-0.13	17.03	53	2.74	0.34	5.98	3	cover	squad-26	6	bot-196
92883	bot-252	alpha	C00r-2312	latches	-1.57	16.70	120	1.11	0.33	3.25	2	cover	squad-26	1	bot-196
92883	bot-301	bravo	C00r-4412	latches	10.01	17.94	228	4.66	0.68	4.90	3	cover	squad-113	1	bot-300
92923	bot-234	bravo	P00r-4410	tick	-9.99	-15.50	348	0.00	0.00		0		squad-27	0	bot-234
92923	bot-296	alpha	P00r-4320	tick	-0.35	3.35	284	0.00	0.06		0		squad-26	4	bot-196
92973	bot-299	alpha	C00r-2412	latches	-0.20	16.55	101	2.08	0.48	5.51	3	cover	squad-26	6	bot-196
92973	bot-301	bravo	S00r-4410	state+latches	10.33	17.96	210	4.71	0.32	5.18	3	cover	squad-113	1	bot-300
93064	bot-293	alpha	S00m-43B0	tick	8.68	12.36	81	1.35	1.99	4.43	1	seek	squad-26	7	bot-196
93209	bot-300	bravo	P00r-0200	ammo	12.15	17.98	67	2.26	1.48		8	patrol	squad-113	0	bot-300
93319	bot-298	alpha	P00r-4410	tick	-3.60	-7.61	39	0.12	0.00	14.73	6	squad	squad-26	5	bot-196
93411	bot-196	alpha	P00m-3320	tick	7.47	5.69	75	0.00	0.00		0		squad-26	0	bot-196
93488	bot-236	bravo	P00r-4410	tick	-12.12	-18.28	51	0.00	0.00		0		squad-27	1	bot-234
93488	bot-238	bravo	P00r-4420	tick	-14.54	-15.84	342	0.00	0.00		0		squad-27	2	bot-234
93488	bot-240	bravo	K00m-03C0	tick	0.84	2.44	308	0.00	0.00		0		squad-27	4	bot-234
93488	bot-244	bravo	P00r-4410	tick	-13.42	-20.30	55	0.00	0.00		0		squad-27	3	bot-234
93488	bot-247	bravo	P00m-4320	tick	-15.23	-15.50	253	0.33	0.00	6.81	2	squad	squad-27	5	bot-234
93621	bot-283	alpha	S00r-4320	tick	-0.32	11.07	355	2.14	2.29	14.42	5	seek	squad-26	2	bot-196
93621	bot-290	alpha	S00r-4420	tick	0.20	9.60	55	2.11	2.31	11.35	8	seek	squad-26	3	bot-196
93773	bot-300	bravo	P00r-R200	ammo	13.31	18.06	90	0.91	1.16		7	patrol	squad-113	0	bot-300
93827	bot-300	bravo	C00r-R200	state	13.31	18.06	90	0.91	0.00		7	patrol	squad-113	0	bot-300
93873	bot-300	bravo	P00r-R200	state	13.41	18.07	90	2.15	0.11	9.02	4	cover	squad-113	0	bot-300
93922	bot-252	alpha	C00r-2312	tick	-2.03	15.35	255	1.61	1.42	1.93	2	cover	squad-26	1	bot-196
93952	bot-234	bravo	P00r-4410	tick	-9.99	-15.50	348	0.00	0.00		0		squad-27	0	bot-234
93952	bot-296	alpha	P00r-4320	tick	-0.35	3.35	284	0.00	0.00		0		squad-26	4	bot-196
93974	bot-299	alpha	C00r-2412	tick	-1.32	14.58	182	1.37	2.27	3.79	3	cover	squad-26	6	bot-196
93974	bot-301	bravo	S00r-4410	tick	8.57	17.85	258	2.03	1.77	8.71	3	seek	squad-113	1	bot-300
94075	bot-293	alpha	S00m-43B0	tick	10.00	12.59	81	1.28	1.35	3.08	1	seek	squad-26	7	bot-196
94324	bot-298	alpha	P00r-4410	tick	-3.60	-7.60	7	0.08	0.01	14.72	6	squad	squad-26	5	bot-196
94419	bot-196	alpha	P00m-3320	tick	7.47	5.69	75	0.00	0.00		0		squad-26	0	bot-196
94519	bot-236	bravo	P00r-4410	tick	-12.12	-18.28	51	0.00	0.00		0		squad-27	1	bot-234
94519	bot-238	bravo	P00r-4420	tick	-14.54	-15.84	342	0.00	0.00		0		squad-27	2	bot-234
94519	bot-240	bravo	K00m-03C0	tick	0.84	2.44	308	0.00	0.00		0		squad-27	4	bot-234
94519	bot-244	bravo	P00r-4410	tick	-13.42	-20.30	55	0.00	0.00		0		squad-27	3	bot-234
94519	bot-247	bravo	P00m-4320	tick	-15.24	-15.50	247	0.23	0.01	6.81	2	squad	squad-27	5	bot-234
94637	bot-283	alpha	S00r-4320	tick	-1.73	12.67	51	2.55	2.13	14.59	4	seek	squad-26	2	bot-196
94637	bot-290	alpha	S00r-4420	tick	-1.39	11.05	318	2.26	2.15	12.03	7	seek	squad-26	3	bot-196
94637	bot-300	bravo	C00r-R200	state	14.01	18.07	117	2.04	0.60		7	patrol	squad-113	0	bot-300
94721	bot-300	bravo	P00r-R200	state	14.11	18.07	111	4.05	0.10		7	patrol	squad-113	0	bot-300
94950	bot-252	alpha	C00r-2312	tick	-2.04	15.27	242	0.79	0.08	1.86	2	cover	squad-26	1	bot-196
94971	bot-234	bravo	P00r-4410	tick	-9.99	-15.50	348	0.00	0.00		0		squad-27	0	bot-234
94971	bot-296	alpha	P00r-4320	tick	-0.35	3.35	284	0.00	0.00		0		squad-26	4	bot-196
94991	bot-299	alpha	C00r-2412	tick	-2.23	13.61	199	3.91	1.32	3.43	2	cover	squad-26	6	bot-196
94991	bot-301	bravo	S00r-4410	tick	6.41	17.89	254	2.22	2.16	6.62	3	seek	squad-113	1	bot-300
95086	bot-293	alpha	S00m-43B0	tick	11.31	12.78	81	1.42	1.32	1.76	1	seek	squad-26	7	bot-196
95347	bot-298	alpha	P00r-4410	tick	-3.59	-7.60	4	0.21	0.00	14.72	6	squad	squad-26	5	bot-196
95403	bot-196	alpha	S00m-3320	state	7.47	5.69	75	0.00	0.00		0		squad-26	0	bot-196
95480	bot-300	bravo	C00r-R200	state	15.46	17.21	148	2.33	1.60		6	patrol	squad-113	0	bot-300
95520	bot-236	bravo	P00r-4410	tick	-12.12	-18.28	51	0.00	0.00		0		squad-27	1	bot-234
95520	bot-238	bravo	P00r-4420	tick	-14.54	-15.84	342	0.00	0.00		0		squad-27	2	bot-234
95520	bot-240	bravo	K00m-03C0	tick	0.84	2.44	308	0.00	0.00		0		squad-27	4	bot-234
95520	bot-244	bravo	P00r-4410	tick	-13.42	-20.30	55	0.00	0.00		0		squad-27	3	bot-234
95520	bot-247	bravo	P00m-4320	tick	-15.23	-15.50	215	0.21	0.01	6.81	2	squad	squad-27	5	bot-234
95520	bot-300	bravo	P00r-R200	state	15.52	17.05	161	3.30	0.17	8.37	3	cover	squad-113	0	bot-300
95586	bot-300	bravo	P00r-4200	ammo	15.52	17.05	161	0.05	0.00		0		squad-113	0	bot-300
95649	bot-283	alpha	S00r-4320	tick	-1.31	14.68	34	2.51	2.05	13.23	3	seek	squad-26	2	bot-196
95649	bot-290	alpha	S00r-4420	tick	-1.52	12.74	73	2.48	1.69	11.56	7	seek	squad-26	3	bot-196
95975	bot-234	bravo	P00r-4410	tick	-9.99	-15.50	348	0.00	0.00		0		squad-27	0	bot-234
95975	bot-252	alpha	C00r-2312	tick	-2.14	15.28	246	0.02	0.10	1.80	2	cover	squad-26	1	bot-196
95975	bot-296	alpha	P00r-4320	tick	-0.35	3.35	284	0.00	0.00		0		squad-26	4	bot-196
96005	bot-299	alpha	C00r-2412	tick	-1.64	11.41	118	3.17	2.28	1.73	2	cover	squad-26	6	bot-196
96005	bot-301	bravo	S00r-4410	tick	4.14	17.95	245	2.33	2.27	4.51	3	seek	squad-113	1	bot-300
96133	bot-293	alpha	S00m-43B0	tick	12.54	12.98	83	0.78	1.24	0.52	1	seek	squad-26	7	bot-196
96380	bot-298	alpha	P00r-4410	tick	-3.60	-7.61	37	0.17	0.00	14.72	6	squad	squad-26	5	bot-196
96380	bot-299	alpha	G00r-2412	state	-0.37	11.08	94	4.20	1.31	0.43	1	cover	squad-26	6	bot-196
96419	bot-196	alpha	S00m-3320	tick	7.47	5.69	66	0.00	0.00		0		squad-26	0	bot-196
96440	bot-301	bravo	C00r-4410	state	3.18	17.99	239	2.32	0.96	3.68	3	seek	squad-113	1	bot-300
96480	bot-301	bravo	C00r-441I	latches	3.46	17.98	233	4.63	0.28	7.83	4	cover	squad-113	1	bot-300
96549	bot-236	bravo	P00r-4410	tick	-12.12	-18.28	51	0.00	0.00		0		squad-27	1	bot-234
96549	bot-238	bravo	P00r-4420	tick	-14.54	-15.84	342	0.00	0.00		0		squad-27	2	bot-234
96549	bot-240	bravo	K00m-03C0	tick	0.84	2.44	308	0.00	0.00		0		squad-27	4	bot-234
96549	bot-244	bravo	P00r-4410	tick	-13.42	-20.30	55	0.00	0.00		0		squad-27	3	bot-234
96549	bot-247	bravo	P00m-4320	tick	-15.24	-15.50	236	0.11	0.01	6.81	2	squad	squad-27	5	bot-234
96603	bot-300	bravo	P00r-4200	tick	16.45	15.98	114	2.05	1.42		6	patrol	squad-113	0	bot-300
96650	bot-283	alpha	S00r-4320	tick	0.12	16.40	68	2.68	2.24	11.22	3	seek	squad-26	2	bot-196
96650	bot-290	alpha	S00r-4420	tick	-0.92	14.93	43	2.47	2.27	10.53	5	seek	squad-26	3	bot-196
96720	bot-301	bravo	C00r-4412	latches	4.48	17.98	176	4.59	1.02	6.85	4	cover	squad-113	1	bot-300
97004	bot-234	bravo	P00r-4410	tick	-9.99	-15.50	348	0.00	0.00		0		squad-27	0	bot-234
97004	bot-252	alpha	C00r-2312	tick	-2.05	15.27	241	1.28	0.09	1.85	2	cover	squad-26	1	bot-196
97004	bot-296	alpha	P00r-4320	tick	-0.35	3.35	284	0.00	0.00		0		squad-26	4	bot-196
97041	bot-301	bravo	S00r-4410	state+latches	5.66	17.97	110	4.44	1.18	5.73	4	cover	squad-113	1	bot-300
97139	bot-293	alpha	S00m-43B0	tick	12.79	11.79	356	2.21	1.22	3.27	5	seek	squad-26	7	bot-196
97334	bot-293	alpha	P00m-43B0	state	12.85	11.40	355	2.41	0.40	3.67	5	seek	squad-26	7	bot-196
97404	bot-298	alpha	P00r-4410	tick	-3.60	-7.61	23	0.25	0.01	14.73	6	squad	squad-26	5	bot-196
97404	bot-299	alpha	G00r-2412	tick	0.05	11.05	93	0.00	0.43		0		squad-26	6	bot-196
97433	bot-196	alpha	S00m-3320	tick	7.47	5.69	347	0.00	0.00		0		squad-26	0	bot-196
97567	bot-236	bravo	P00r-4410	tick	-12.12	-18.28	51	0.00	0.00		0		squad-27	1	bot-234
97567	bot-238	bravo	P00r-4420	tick	-14.54	-15.84	342	0.00	0.00		0		squad-27	2	bot-234
97567	bot-240	bravo	K00m-03C0	tick	0.84	2.44	308	0.00	0.00		0		squad-27	4	bot-234
97567	bot-244	bravo	P00r-4410	tick	-13.42	-20.30	55	0.00	0.00		0		squad-27	3	bot-234
97567	bot-247	bravo	P00m-4320	tick	-15.25	-15.50	264	0.21	0.01	6.81	2	squad	squad-27	5	bot-234
97620	bot-300	bravo	P00r-4200	tick	17.97	14.29	146	2.36	2.27		6	patrol	squad-113	0	bot-300
97662	bot-283	alpha	S00r-4320	tick	1.49	18.34	76	2.38	2.38	9.32	2	seek	squad-26	2	bot-196
97662	bot-290	alpha	S00r-4420	tick	0.41	16.97	95	2.52	2.44	9.18	5	seek	squad-26	3	bot-196
98025	bot-234	bravo	P00r-4410	tick	-9.99	-15.50	348	0.00	0.00		0		squad-27	0	bot-234
98025	bot-252	alpha	C00r-2312	tick	-2.54	14.76	232	2.47	0.70	1.16	1	cover	squad-26	1	bot-196
98025	bot-296	alpha	P00r-4320	tick	-0.35	3.35	284	0.00	0.00		0		squad-26	4	bot-196
98060	bot-301	bravo	S00r-4410	tick	3.19	17.92	245	2.41	2.47	5.66	2	seek	squad-113	1	bot-300
98130	bot-252	alpha	S00r-2310	state+latches	-2.72	14.62	232	2.81	0.24	0.92	1	cover	squad-26	1	bot-196
98199	bot-301	bravo	A00r-4410	state	2.92	17.93	245	2.35	0.27	5.42	2	seek	squad-113	1	bot-300
98266	bot-299	alpha	S00r-2410	state+latches	0.05	11.05	71	0.00	0.00		0		squad-26	6	bot-196
98355	bot-293	alpha	P00m-43B0	tick	10.85	11.84	252	1.80	2.05	13.81	5	squad	squad-26	7	bot-196
98418	bot-298	alpha	P00r-4410	tick	-3.61	-7.61	351	0.32	0.01	14.73	6	squad	squad-26	5	bot-196
98458	bot-196	alpha	S00m-3320	tick	7.47	5.69	17	0.00	0.00		0		squad-26	0	bot-196
98458	bot-301	bravo	C00r-4410	state	2.92	17.93	240	0.00	0.00		0		squad-113	1	bot-300
98522	bot-301	bravo	C00r-4412	latches	2.52	17.95	240	4.53	0.41	7.33	4	cover	squad-113	1	bot-300
98589	bot-236	bravo	P00r-4410	tick	-12.12	-18.28	51	0.00	0.00		0		squad-27	1	bot-234
98589	bot-238	bravo	P00r-4420	tick	-14.54	-15.84	342	0.00	0.00		0		squad-27	2	bot-234
98589	bot-240	bravo	K00m-03C0	tick	0.84	2.44	308	0.00	0.00		0		squad-27	4	bot-234
98589	bot-244	bravo	P00r-4410	tick	-13.42	-20.30	55	0.00	0.00		0		squad-27	3	bot-234
98589	bot-247	bravo	P00m-4320	tick	-15.24	-15.50	232	0.37	0.01	6.81	2	squad	squad-27	5	bot-234
98612	bot-252	alpha	E00r-2310	state	-1.74	15.36	348	2.96	1.24	9.19	2	seek	squad-26	1	bot-196
98612	bot-296	alpha	S00r-4320	state	-0.35	3.35	284	0.00	0.00		0		squad-26	4	bot-196
98668	bot-252	alpha	E00r-2311	latches	-1.88	15.23	6	3.10	0.20	3.37	2	flee	squad-26	1	bot-196
98668	bot-283	alpha	S00r-4320	tick	3.18	19.28	80	2.07	1.93	7.48	2	seek	squad-26	2	bot-196
98668	bot-290	alpha	S00r-4420	tick	2.03	17.72	100	2.41	1.78	7.70	4	seek	squad-26	3	bot-196
98668	bot-300	bravo	P00r-4200	tick	19.59	12.49	156	2.36	2.42		6	patrol	squad-113	0	bot-300
99032	bot-234	bravo	P00r-4410	tick	-9.99	-15.50	348	0.00	0.00		0		squad-27	0	bot-234
99147	bot-299	alpha	C00r-2410	state	-1.23	11.97	59	2.50	1.58	15.97	6	seek	squad-26	6	bot-196
99214	bot-299	alpha	C00r-241I	latches	-1.26	11.62	67	4.90	0.35	2.08	1	cover	squad-26	6	bot-196
99256	bot-301	bravo	E00r-4410	state+latches	0.50	17.25	229	4.56	2.14	6.22	3	cover	squad-113	1	bot-300
99296	bot-301	bravo	E00r-4411	latches	0.74	17.54	229	4.31	0.37	3.07	2	flee	squad-113	1	bot-300
99345	bot-301	bravo	E00r-4311	health	0.87	17.71	229	4.50	0.22	2.85	2	flee	squad-113	1	bot-300
99399	bot-252	alpha	E10r-2311	tier	-3.45	13.92	49	4.48	2.04	1.32	2	flee	squad-26	1	bot-196
99399	bot-293	alpha	P00m-43B0	tick	8.75	11.92	285	1.89	2.10	15.96	7	squad	squad-26	7	bot-196
99399	bot-299	alpha	C00r-2412	latches	-1.38	10.66	113	5.44	0.97	1.11	1	cover	squad-26	6	bot-196
99440	bot-298	alpha	P00r-4410	tick	-3.63	-7.60	17	0.31	0.02	11.46	3	squad	squad-26	5	bot-196
99462	bot-196	alpha	S00m-3320	tick	6.86	5.74	359	2.20	0.62	3.89	1	seek	squad-26	0	bot-196
99462	bot-301	bravo	E00r-4210	health+latches	1.10	18.13	228	4.70	0.47	5.33	1	flee	squad-113	1	bot-300
99527	bot-252	alpha	E10r-2210	health+latches	-3.70	13.46	47	5.54	0.52	3.92	1	flee	squad-26	1	bot-196
99527	bot-283	alpha	S21r-4320	tier+score	4.82	19.62	79	1.53	1.68	5.80	2	seek	squad-26	2	bot-196
99527	bot-290	alpha	S21r-4420	tier+score	3.97	17.78	107	2.41	1.94	5.84	4	seek	squad-26	3	bot-196
99527	bot-296	alpha	S21r-4320	tier+score	-0.42	3.34	11	0.68	0.07	15.01	5	seek	squad-26	4	bot-196
99527	bot-299	alpha	C21r-2412	tier+score	-1.42	10.10	143	5.27	0.56	0.55	1	cover	squad-26	6	bot-196
99527	bot-301	bravo	E00r-4219	latches	1.00	18.36	226	4.99	0.25	5.08	1	flee	squad-113	1	bot-300
99576	bot-252	alpha	E21r-2219	tier+score+latches	-3.72	13.18	44	5.62	0.28	3.64	1	flee	squad-26	1	bot-196
99618	bot-236	bravo	P00r-4410	tick	-12.12	-18.28	51	0.00	0.00		0		squad-27	1	bot-234
99618	bot-238	bravo	P00r-4420	tick	-14.54	-15.84	342	0.00	0.00		0		squad-27	2	bot-234
99618	bot-240	bravo	K00m-03C0	tick	0.84	2.44	306	0.00	0.00		0		squad-27	4	bot-234
99618	bot-244	bravo	P00r-4410	tick	-13.42	-20.30	55	0.00	0.00		0		squad-27	3	bot-234
99618	bot-247	bravo	P00m-4320	tick	-15.24	-15.50	219	0.29	0.00	6.81	2	squad	squad-27	5	bot-234
99618	bot-299	alpha	G21r-2412	state	-1.43	9.87	155	4.76	0.24	0.32	1	cover	squad-26	6	bot-196
99708	bot-300	bravo	P00r-4200	tick	21.00	10.88	123	2.19	2.15		6	patrol	squad-113	0	bot-300
99813	bot-196	alpha	S32m-3320	tier+score	6.14	5.84	283	2.06	0.72	3.17	1	seek	squad-26	0	bot-196
99813	bot-252	alpha	E32r-2119	tier+score+health	-3.82	12.02	32	4.83	1.17	2.47	1	flee	squad-26	1	bot-196
99813	bot-283	alpha	C32r-4320	state+tier+score	5.15	19.68	81	1.43	0.33	5.47	2	seek	squad-26	2	bot-196
99813	bot-290	alpha	C32r-4420	state+tier+score	4.51	17.81	109	2.41	0.55	5.34	4	seek	squad-26	3	bot-196
99813	bot-293	alpha	C32m-43B0	state+tier+score	8.17	11.98	296	1.65	0.58	16.03	7	squad	squad-26	7	bot-196
99813	bot-296	alpha	C32r-4320	state+tier+score	-0.43	3.34	11	0.09	0.01	15.01	5	seek	squad-26	4	bot-196
99813	bot-299	alpha	G32r-2412	tier+score	-1.45	9.55	202	0.00	0.32		0		squad-26	6	bot-196
99813	bot-301	bravo	E00r-4119	health	0.48	19.56	211	4.48	1.31	3.77	1	flee	squad-113	1	bot-300
99869	bot-283	alpha	C32r-4322	latches	4.68	19.50	107	5.03	0.50	8.56	4	cover	squad-26	2	bot-196
99869	bot-290	alpha	C32r-4422	latches	4.07	17.84	135	4.49	0.45	7.89	4	cover	squad-26	3	bot-196
99869	bot-293	alpha	C32m-43B2	latches	7.87	12.00	271	2.96	0.29	15.98	7	squad	squad-26	7	bot-196
99869	bot-296	alpha	C32r-4322	latches	-0.46	3.32	346	0.58	0.04	9.27	2	cover	squad-26	4	bot-196
99978	bot-196	alpha	S33m-3320	score	5.87	5.88	283	1.61	0.28	2.90	1	seek	squad-26	0	bot-196
99978	bot-252	alpha	E33r-2019	score+health	-3.85	11.58	26	2.12	0.44	2.03	1	flee	squad-26	1	bot-196
99978	bot-283	alpha	C33r-4322	score	4.25	19.33	131	4.78	0.46	8.15	4	cover	squad-26	2	bot-196
99978	bot-290	alpha	C33r-4422	score	3.65	17.87	159	4.44	0.42	7.71	4	cover	squad-26	3	bot-196
99978	bot-293	alpha	C33m-43B2	score	7.61	12.01	271	2.59	0.27	15.93	7	squad	squad-26	7	bot-196
99978	bot-296	alpha	C33r-4322	score	-0.48	3.31	321	0.05	0.01	9.26	2	cover	squad-26	4	bot-196
99978	bot-299	alpha	G33r-2412	score	-1.45	9.55	232	0.00	0.00		0		squad-26	6	bot-196
99978	bot-301	bravo	E10r-4119	tier	0.21	20.22	206	5.08	0.71	3.06	1	flee	squad-113	1	bot-300
100057	bot-234	bravo	P00r-4410	tick	-9.99	-15.50	348	0.00	0.00		0		squad-27	0	bot-234
100057	bot-301	bravo	P10r-4110	state+latches	0.10	20.44	203	4.93	0.25		0		squad-113	1	bot-300
100057	bot-252	alpha	D00r--000	state+tier+score+ammo+packs+latches	-3.87	11.30	24	0.00	0.28	1.75	1	flee	squad-26	1	bot-196
100120	bot-237	alpha	D00r--000	tick	-13.68	-4.00	103	0.00	0.00	6.31	0		squad-26	-1	bot-196
100120	bot-196	alpha	S45mm3320	tier+score+element	5.63	5.93	283	1.97	0.25	2.65	1	seek	squad-26	0	bot-196
100120	bot-283	alpha	S45rm4320	state+tier+score+element+latches	3.92	19.23	150	4.60	0.35	7.87	4	cover	squad-26	1	bot-196
100120	bot-290	alpha	S45rb4424	state+tier+score+element+latches	3.32	17.89	179	4.41	0.33	7.58	4	cover	squad-26	2	bot-196
100120	bot-293	alpha	S45mb43B4	state+tier+score+element+latches	7.45	12.02	271	1.73	0.15	15.91	7	squad	squad-26	6	bot-196
100120	bot-296	alpha	C45rm4322	tier+score+element	-0.45	3.30	289	0.97	0.03	9.29	2	cover	squad-26	3	bot-196
100120	bot-299	alpha	G45rm2412	tier+score+element	-1.47	9.53	258	0.96	0.03		0		squad-26	5	bot-196
100120	bot-301	bravo	E10r-4110	state	0.05	20.56	203	4.92	0.12		0		squad-113	1	bot-300
100190	bot-290	alpha	S45rm4424	element	3.32	17.89	158	0.00	0.00		0		squad-26	2	bot-196
100190	bot-293	alpha	S45mm43B4	element	7.45	12.02	291	0.00	0.00		0		squad-26	6	bot-196
100441	bot-298	alpha	P00r-4410	tick	-3.65	-7.62	42	0.40	0.03	21.00	9	squad	squad-26	4	bot-196
100629	bot-236	bravo	P00r-4410	tick	-12.12	-18.28	51	0.00	0.00		0		squad-27	1	bot-234
100629	bot-238	bravo	P00r-4420	tick	-14.54	-15.84	342	0.00	0.00		0		squad-27	2	bot-234
100629	bot-240	bravo	K00m-03C0	tick	0.84	2.44	302	0.00	0.00		0		squad-27	4	bot-234
100629	bot-244	bravo	P00r-4410	tick	-13.42	-20.30	55	0.00	0.00		0		squad-27	3	bot-234
100629	bot-247	bravo	P00m-4320	tick	-15.24	-15.50	251	0.09	0.00	6.81	2	squad	squad-27	5	bot-234
100629	bot-283	alpha	C45rm4320	state	4.89	19.50	76	1.53	1.01	6.35	1	seek	squad-26	1	bot-196
100629	bot-290	alpha	C45rm4420	state+latches	3.32	17.89	110	0.00	0.00		0		squad-26	2	bot-196
100629	bot-293	alpha	S45mm43B0	latches	7.57	12.05	7	0.31	0.13	8.61	7	seek	squad-26	6	bot-196
100683	bot-283	alpha	C45rm4322	latches	4.56	19.37	94	4.95	0.35	9.47	4	cover	squad-26	1	bot-196
100683	bot-290	alpha	C45rb4422	element+latches	3.22	17.90	124	1.43	0.10	9.35	5	cover	squad-26	2	bot-196
100752	bot-300	bravo	P00r-4200	tick	22.20	9.13	141	2.32	2.12		5	patrol	squad-113	0	bot-300
100752	bot-301	bravo	H10r-4110	state	0.02	20.55	203	0.00	0.03		0		squad-113	1	bot-300
101060	bot-234	bravo	P00r-4410	tick	-9.99	-15.50	348	0.00	0.00		0		squad-27	0	bot-234
101083	bot-299	alpha	C45rm2412	state	-1.52	10.64	60	0.00	1.10		0		squad-26	5	bot-196
101129	bot-196	alpha	S45mm3320	tick	4.02	6.25	287	1.81	1.64	1.01	1	seek	squad-26	0	bot-196
101129	bot-296	alpha	C45rm4322	tick	-0.53	3.28	275	0.03	0.08	9.23	2	cover	squad-26	3	bot-196
101375	bot-301	bravo	H10r-4210	health	0.02	20.55	258	0.00	0.00		0		squad-113	1	bot-300
101436	bot-299	alpha	G45rm2412	state	-1.47	9.91	127	4.73	0.73	0.36	1	cover	squad-26	5	bot-196
101489	bot-298	alpha	P00r-4410	tick	-3.64	-7.60	8	0.25	0.02	20.64	9	squad	squad-26	4	bot-196
101489	bot-301	bravo	H00r-4210	tier	0.02	20.55	250	0.00	0.00		0		squad-113	1	bot-300
101629	bot-236	bravo	P00r-4410	tick	-12.12	-18.28	51	0.00	0.00		0		squad-27	1	bot-234
101629	bot-238	bravo	P00r-4420	tick	-14.54	-15.84	342	0.00	0.00		0		squad-27	2	bot-234
101629	bot-240	bravo	K00m-03C0	tick	0.84	2.44	302	0.00	0.00		0		squad-27	4	bot-234
101629	bot-244	bravo	P00r-4410	tick	-13.42	-20.30	55	0.00	0.00		0		squad-27	3	bot-234
101629	bot-247	bravo	P00m-4320	tick	-15.24	-15.50	249	0.44	0.01	6.81	2	squad	squad-27	5	bot-234
101629	bot-293	alpha	S45mm43B0	tick	6.78	12.04	329	0.88	0.79	8.19	7	seek	squad-26	6	bot-196
101691	bot-283	alpha	C45rm4322	tick	0.51	17.59	230	4.62	4.43	6.55	3	cover	squad-26	1	bot-196
101691	bot-290	alpha	C45rb4422	tick	0.28	16.49	212	2.42	3.26	8.41	4	cover	squad-26	2	bot-196
101762	bot-300	bravo	P00r-4200	tick	23.15	7.74	177	1.24	1.69		5	patrol	squad-113	0	bot-300
101908	bot-302	alpha	P00m-0420	initial	24.05	-17.95	0	0.00			0			-1	
101948	bot-302	alpha	P00m-4420	ammo	24.05	-17.95	0	0.00	0.00		0		squad-114	0	bot-302
102069	bot-234	bravo	P00r-4410	tick	-9.99	-15.50	348	0.00	0.00		0		squad-27	0	bot-234
102152	bot-196	alpha	S45mm3320	tick	4.56	6.32	80	2.42	0.55	2.00	1	seek	squad-26	0	bot-196
102152	bot-296	alpha	C45rm4322	tick	-0.44	3.25	276	0.24	0.09	9.32	2	cover	squad-26	3	bot-196
102447	bot-299	alpha	G45rm2412	tick	-1.52	10.57	51	0.00	0.67		0		squad-26	5	bot-196
102476	bot-196	alpha	S44mm3320	score	5.48	6.34	80	2.43	0.91	1.09	1	seek	squad-26	0	bot-196
102476	bot-283	alpha	C44rm4322	score	-1.74	15.71	217	3.75	2.93	4.99	3	cover	squad-26	1	bot-196
102476	bot-290	alpha	C44rb4422	score	-1.25	14.87	240	2.46	2.23	7.64	4	cover	squad-26	2	bot-196
102476	bot-293	alpha	S44mm43B0	score	6.02	12.03	271	0.98	0.76	7.83	7	seek	squad-26	6	bot-196
102476	bot-296	alpha	C44rm4322	score	-0.49	3.25	276	0.25	0.05	9.27	2	cover	squad-26	3	bot-196
102476	bot-299	alpha	G44rm2412	score	-1.56	10.73	54	0.00	0.16		0		squad-26	5	bot-196
102525	bot-298	alpha	P00r-4410	tick	-3.60	-7.61	359	0.13	0.03	13.25	3	squad	squad-26	4	bot-196
102525	bot-301	bravo	H00r-4210	tick	-0.00	20.54	169	0.00	0.02		0		squad-113	1	bot-300
102555	bot-301	bravo	H00r-4310	health	-0.00	20.54	167	0.00	0.00		0		squad-113	1	bot-300
102650	bot-236	bravo	P00r-4410	tick	-12.12	-18.28	51	0.00	0.00		0		squad-27	1	bot-234
102650	bot-238	bravo	P00r-4420	tick	-14.54	-15.84	342	0.00	0.00		0		squad-27	2	bot-234
102650	bot-240	bravo	K00m-03C0	tick	0.84	2.44	302	0.00	0.00		0		squad-27	4	bot-234
102650	bot-244	bravo	P00r-4410	tick	-13.42	-20.30	55	0.00	0.00		0		squad-27	3	bot-234
102650	bot-247	bravo	P00m-4320	tick	-15.24	-15.50	217	0.21	0.00	6.81	2	squad	squad-27	5	bot-234
102650	bot-283	alpha	C44rb4322	element	-2.05	15.20	206	3.49	0.59	4.65	3	cover	squad-26	1	bot-196
102650	bot-290	alpha	C44rm4422	element	-1.25	14.54	197	1.83	0.32	7.38	4	cover	squad-26	2	bot-196
102650	bot-296	alpha	C44rb4322	element	-0.47	3.25	276	0.24	0.02	9.29	2	cover	squad-26	3	bot-196
102650	bot-299	alpha	G44rb2412	element	-1.64	11.45	69	0.00	0.72		0		squad-26	5	bot-196
102787	bot-196	alpha	S33m-3320	tier+score+element	6.11	6.34	69	1.46	0.63	0.49	1	seek	squad-26	0	bot-196
102787	bot-283	alpha	C33r-4322	tier+score+element	-2.19	14.78	194	3.16	0.44	4.35	3	cover	squad-26	1	bot-196
102787	bot-290	alpha	C33r-4422	tier+score+element	-1.25	14.29	181	1.83	0.25	7.18	4	cover	squad-26	2	bot-196
102787	bot-293	alpha	S33m-43B0	tier+score+element	5.73	12.03	315	1.00	0.30	7.71	7	seek	squad-26	6	bot-196
102787	bot-296	alpha	C33r-4322	tier+score+element	-0.44	3.24	276	0.24	0.03	9.32	2	cover	squad-26	3	bot-196
102787	bot-299	alpha	G33r-2412	tier+score+element	-1.46	11.54	69	0.00	0.20		0		squad-26	5	bot-196
102787	bot-300	bravo	P00r-4200	tick	23.81	6.89	164	0.98	1.07		5	patrol	squad-113	0	bot-300
102957	bot-196	alpha	S32m-3320	score	6.28	6.35	55	1.02	0.18	0.33	1	seek	squad-26	0	bot-196
102957	bot-283	alpha	C32r-4322	score	-2.21	14.34	176	3.20	0.43	3.99	3	cover	squad-26	1	bot-196
102957	bot-290	alpha	C32r-4422	score	-1.60	13.98	204	4.70	0.47	7.15	4	cover	squad-26	2	bot-196
102957	bot-293	alpha	S32m-43B0	score	5.64	11.99	336	0.80	0.09	7.70	7	seek	squad-26	6	bot-196
102957	bot-296	alpha	C32r-4322	score	-0.47	3.24	276	0.38	0.03	9.30	2	cover	squad-26	3	bot-196
102957	bot-299	alpha	G32r-2412	score	-1.45	11.55	34	0.00	0.01		0		squad-26	5	bot-196
102957	bot-302	alpha	P00m-4420	tick	22.66	-16.34	310	1.51	2.13		12	patrol	squad-114	0	bot-302
103110	bot-234	bravo	P00r-4410	tick	-9.99	-15.50	348	0.00	0.00		0		squad-27	0	bot-234
103269	bot-301	bravo	C00r-4310	state	-0.00	20.54	171	0.00	0.00		0		squad-113	1	bot-300
103334	bot-301	bravo	C00r-4312	latches	0.05	20.56	187	0.98	0.06	7.43	2	cover	squad-113	1	bot-300
103561	bot-298	alpha	P00r-4410	tick	-3.64	-7.62	37	0.31	0.04	21.31	9	squad	squad-26	4	bot-196
103651	bot-236	bravo	P00r-4410	tick	-12.12	-18.28	51	0.00	0.00		0		squad-27	1	bot-234
103651	bot-238	bravo	P00r-4420	tick	-14.54	-15.84	342	0.00	0.00		0		squad-27	2	bot-234
103651	bot-240	bravo	K00m-03C0	tick	0.84	2.44	301	0.00	0.00		0		squad-27	4	bot-234
103651	bot-244	bravo	P00r-4410	tick	-13.42	-20.30	55	0.00	0.00		0		squad-27	3	bot-234
103651	bot-247	bravo	P00m-4320	tick	-15.25	-15.50	233	0.06	0.01	6.81	2	squad	squad-27	5	bot-234
103792	bot-300	bravo	P00r-4200	tick	24.09	6.10	155	0.65	0.83		4	patrol	squad-113	0	bot-300
103792	bot-301	bravo	C00r-431I	latches	1.08	20.82	187	3.30	1.06	6.37	2	cover	squad-113	1	bot-300
103873	bot-299	alpha	G32r-241I	latches	-1.45	10.64	348	0.00	0.91		0		squad-26	5	bot-196
103965	bot-196	alpha	S32m-3320	tick	4.66	6.34	280	1.65	1.62	1.13	1	seek	squad-26	0	bot-196
103965	bot-283	alpha	C32r-4322	tick	-2.08	11.72	134	2.44	2.63	2.23	2	cover	squad-26	1	bot-196
103965	bot-290	alpha	C32r-4422	tick	-1.16	12.06	178	4.77	1.97	5.48	3	cover	squad-26	2	bot-196
103965	bot-293	alpha	S32m-43B0	tick	5.39	11.69	302	0.23	0.39	7.89	7	seek	squad-26	6	bot-196
103965	bot-296	alpha	C32r-4322	tick	-0.44	3.23	276	0.11	0.03	9.33	2	cover	squad-26	3	bot-196
103965	bot-302	alpha	P00m-4420	tick	21.54	-14.96	342	2.33	1.77		12	patrol	squad-114	0	bot-302