t_ms	type	attacker	attacker_team	victim	victim_team	weapon	cause	amount	victim_health	ax	az	vx	vz	dist
592	damage	bot-548	alpha	bot-786	bravo	m1911	bullet	33.00	67.00	-25.75	7.31	36.90	8.55	62.66
1085	damage	bot-787	bravo	bot-736	alpha	m24	bullet	95.00	4.60	47.40	11.08	-25.62	4.98	73.28
2193	damage	bot-761	bravo	bot-738	alpha	cz_805_bren	bullet	24.00	76.00	11.59	-0.64	-24.80	-7.01	36.94
2363	damage	bot-761	bravo	bot-738	alpha	cz_805_bren	bullet	24.00	52.00	11.59	-0.51	-24.10	-7.00	36.27
3774	damage	bot-812	bravo	bot-704	alpha	five_seven	bullet	20.00	51.36	-139.81	-27.83	-144.12	-18.49	10.29
3913	damage	bot-714	alpha	bot-812	bravo	five_seven	bullet	20.00	80.00	-143.80	-0.62	-139.81	-27.85	27.52
4032	damage	bot-704	alpha	bot-812	bravo	cz_805_bren	bullet	24.00	56.00	-144.28	-18.45	-139.82	-27.86	10.41
4032	damage	bot-812	bravo	bot-704	alpha	five_seven	bullet	20.00	31.36	-139.82	-27.86	-144.35	-18.43	10.46
4120	damage	bot-714	alpha	bot-812	bravo	five_seven	bullet	20.00	36.00	-143.81	-0.69	-139.82	-28.01	27.61
4231	damage	bot-812	bravo	bot-704	alpha	five_seven	bullet	20.00	11.36	-139.83	-28.18	-144.80	-18.26	11.10
4612	damage	bot-812	bravo	bot-706	alpha	five_seven	bullet	20.00	52.71	-139.87	-29.37	-143.51	-15.46	14.38
4950	damage	bot-712	alpha	bot-812	bravo	m1911	bullet	33.00	3.00	-144.40	-14.91	-139.93	-30.79	16.51
5133	damage	bot-704	alpha	bot-810	bravo	cz_805_bren	bullet	24.00	52.00	-146.52	-17.97	-146.25	-29.71	11.74
5299	damage	bot-704	alpha	bot-810	bravo	cz_805_bren	bullet	24.00	28.00	-146.52	-17.97	-146.53	-29.71	11.74
5385	damage	bot-548	alpha	bot-787	bravo	m1911	bullet	33.00	46.12	-24.18	7.09	45.72	11.04	70.01
5955	kill	bot-810	bravo	bot-704	alpha	cz_805_bren	bullet	24.00	0.00	-146.73	-32.51	-146.57	-17.95	14.56
6198	damage	bot-548	alpha	bot-787	bravo	m1911	bullet	33.00	13.12	-24.10	7.13	47.00	12.25	71.28
7984	damage	bot-651	alpha	bot-810	bravo	five_seven	bullet	20.00	28.51	-146.34	-18.54	-146.46	-32.90	14.36
8463	damage	bot-651	alpha	bot-815	bravo	five_seven	bullet	20.00	80.00	-146.34	-18.58	-144.29	-26.31	8.00
8664	damage	bot-651	alpha	bot-815	bravo	five_seven	bullet	20.00	60.00	-146.35	-18.64	-144.33	-26.38	7.99
8664	damage	bot-815	bravo	bot-651	alpha	cz_805_bren	bullet	24.00	59.65	-144.33	-26.38	-146.35	-18.64	8.00
9167	kill	bot-802	alpha	bot-815	bravo	m24	bullet	95.00	0.00	-144.36	9.19	-143.25	-27.62	36.83
11882	damage	bot-780	bravo	bot-749	alpha	five_seven	bullet	20.00	52.91	11.10	-1.41	-21.08	12.16	34.92
13999	damage	bot-816	bravo	bot-730	alpha	cz_805_bren	bullet	24.00	48.55	-146.77	-33.86	-147.07	-17.62	16.25
14118	damage	bot-548	alpha	bot-784	bravo	m1911	bullet	33.00	66.56	-20.36	5.87	49.26	11.95	69.89
14118	damage	bot-816	bravo	bot-730	alpha	cz_805_bren	bullet	24.00	24.55	-146.77	-33.86	-147.05	-17.35	16.52
14257	damage	bot-730	alpha	bot-810	bravo	five_seven	bullet	20.00	52.69	-147.02	-17.08	-147.31	-31.46	14.37
14257	damage	bot-816	bravo	bot-730	alpha	cz_805_bren	bullet	24.00	0.55	-146.77	-33.86	-146.91	-16.80	17.06
14508	damage	bot-548	alpha	bot-784	bravo	m1911	bullet	33.00	33.56	-20.38	5.88	48.66	11.71	69.28
14793	damage	bot-816	bravo	bot-659	alpha	cz_805_bren	bullet	24.00	72.49	-146.68	-33.93	-146.33	-18.49	15.44
14926	damage	bot-548	alpha	bot-784	bravo	m1911	bullet	33.00	0.56	-20.40	5.91	49.80	12.61	70.52
14926	damage	bot-816	bravo	bot-659	alpha	cz_805_bren	bullet	24.00	48.49	-146.69	-33.91	-146.33	-18.53	15.39
15064	damage	bot-816	bravo	bot-659	alpha	cz_805_bren	bullet	24.00	24.49	-146.69	-33.90	-146.30	-18.02	15.89
15178	kill	bot-787	bravo	bot-736	alpha	m24	bullet	95.00	0.00	50.39	13.22	-19.75	2.90	70.90
15242	damage	bot-780	bravo	bot-796	alpha	five_seven	bullet	20.00	52.63	11.46	-0.89	-14.66	12.41	29.32
15242	damage	bot-788	bravo	bot-796	alpha	five_seven	bullet	20.00	32.63	12.84	-2.05	-14.66	12.41	31.07
15242	damage	bot-816	bravo	bot-659	alpha	cz_805_bren	bullet	24.00	0.49	-146.70	-33.93	-146.27	-17.51	16.43
15473	damage	bot-780	bravo	bot-796	alpha	five_seven	bullet	20.00	12.63	11.49	-0.86	-14.90	12.63	29.64
15473	kill	bot-788	bravo	bot-796	alpha	five_seven	bullet	20.00	0.00	12.85	-2.05	-14.90	12.63	31.39
19039	damage	bot-788	bravo	bot-793	alpha	five_seven	bullet	20.00	52.04	12.14	-1.07	-26.29	-7.21	38.92
19382	damage	bot-548	alpha	bot-777	bravo	m1911	bullet	33.00	60.89	-20.22	5.56	34.43	8.07	54.71
19382	damage	bot-788	bravo	bot-793	alpha	five_seven	bullet	20.00	32.04	12.23	-1.04	-26.53	-7.44	39.28
19536	damage	bot-788	bravo	bot-793	alpha	five_seven	bullet	20.00	12.04	12.26	-1.03	-26.80	-7.70	39.62
19676	kill	bot-788	bravo	bot-793	alpha	five_seven	bullet	20.00	0.00	12.29	-1.03	-27.20	-8.10	40.11
20182	damage	bot-816	bravo	bot-706	alpha	cz_805_bren	bullet	24.00	48.99	-147.19	-33.37	-146.57	-17.71	15.68
21550	damage	bot-787	bravo	bot-548	alpha	m24	bullet	95.00	0.65	50.27	12.74	-17.18	5.56	67.83
21660	damage	bot-816	bravo	bot-712	alpha	cz_805_bren	bullet	24.00	76.00	-147.29	-33.41	-146.33	-18.49	14.95
21809	damage	bot-816	bravo	bot-712	alpha	cz_805_bren	bullet	24.00	52.00	-147.31	-33.39	-146.33	-18.51	14.91
21948	damage	bot-816	bravo	bot-712	alpha	cz_805_bren	bullet	24.00	28.00	-147.32	-33.42	-146.32	-18.28	15.17
22220	damage	bot-816	bravo	bot-712	alpha	cz_805_bren	bullet	24.00	4.00	-147.35	-33.41	-146.12	-17.36	16.10
23381	kill	bot-788	bravo	bot-548	alpha	five_seven	bullet	20.00	0.00	10.49	-0.86	-21.45	10.22	33.80
25555	damage	bot-810	bravo	bot-740	alpha	cz_805_bren	bullet	24.00	48.14	-143.13	-34.28	-147.76	-19.89	15.11
25555	damage	bot-816	bravo	bot-740	alpha	cz_805_bren	bullet	24.00	24.14	-147.42	-33.75	-147.76	-19.89	13.86
25686	damage	bot-810	bravo	bot-740	alpha	cz_805_bren	bullet	24.00	0.14	-143.12	-34.33	-147.75	-20.10	14.97
25686	kill	bot-816	bravo	bot-740	alpha	cz_805_bren	bullet	24.00	0.00	-147.42	-33.75	-147.75	-20.10	13.66
27878	kill	bot-810	bravo	bot-712	alpha	cz_805_bren	bullet	24.00	0.00	-143.51	-32.82	-146.74	-18.02	15.15
28549	damage	bot-816	bravo	bot-659	alpha	cz_805_bren	bullet	24.00	55.89	-147.55	-33.26	-147.61	-17.07	16.19
28700	damage	bot-816	bravo	bot-659	alpha	cz_805_bren	bullet	24.00	31.89	-147.56	-33.31	-147.62	-17.06	16.25
28843	damage	bot-816	bravo	bot-659	alpha	cz_805_bren	bullet	24.00	7.89	-147.58	-33.37	-147.62	-17.06	16.31
28994	kill	bot-816	bravo	bot-659	alpha	cz_805_bren	bullet	24.00	0.00	-147.58	-33.38	-147.67	-17.03	16.35
33336	kill	bot-753	alpha	bot-784	bravo	m24	bullet	95.00	0.00	-8.97	12.72	44.62	9.76	53.68
34303	kill	bot-777	bravo	bot-757	alpha	m24	bullet	95.00	0.00	24.83	5.88	-10.28	5.51	35.12
34401	damage	bot-822	bravo	bot-651	alpha	five_seven	bullet	20.00	61.80	-133.72	-32.63	-132.57	-1.84	30.81
37136	damage	bot-811	alpha	bot-822	bravo	five_seven	bullet	20.00	80.00	-147.66	14.86	-133.66	-32.91	49.78
37558	damage	bot-822	bravo	bot-811	alpha	five_seven	bullet	20.00	80.00	-133.65	-32.92	-147.66	14.80	49.73
37798	damage	bot-822	bravo	bot-811	alpha	five_seven	bullet	20.00	60.00	-133.65	-32.92	-147.67	14.81	49.74
38035	damage	bot-822	bravo	bot-811	alpha	five_seven	bullet	20.00	40.00	-133.62	-32.93	-147.52	14.77	49.68
38268	damage	bot-822	bravo	bot-811	alpha	five_seven	bullet	20.00	20.00	-133.62	-32.93	-147.13	14.87	49.67
40269	damage	bot-783	bravo	bot-753	alpha	cz_805_bren	bullet	24.00	48.14	17.56	2.58	-4.68	18.54	27.38
40538	damage	bot-783	bravo	bot-753	alpha	cz_805_bren	bullet	24.00	24.14	17.58	2.58	-5.15	18.70	27.87
40659	damage	bot-806	alpha	bot-822	bravo	cz_805_bren	bullet	24.00	56.00	-147.90	14.74	-133.57	-32.93	49.78
40779	damage	bot-783	bravo	bot-753	alpha	cz_805_bren	bullet	24.00	0.14	17.58	2.58	-5.50	18.95	28.30
41955	damage	bot-738	alpha	bot-783	bravo	five_seven	bullet	20.00	75.93	7.94	-8.00	17.62	3.82	15.27
43641	kill	bot-787	bravo	bot-749	alpha	m24	bullet	95.00	0.00	43.44	11.28	-12.68	2.84	56.75
44990	damage	bot-738	alpha	bot-777	bravo	five_seven	bullet	20.00	40.89	8.00	-8.67	24.53	11.16	25.81
46491	damage	bot-738	alpha	bot-786	bravo	five_seven	bullet	20.00	47.00	8.53	-8.41	17.71	3.63	15.13
47395	damage	bot-738	alpha	bot-782	bravo	five_seven	bullet	20.00	76.94	8.73	-8.34	16.14	3.61	14.07
48337	damage	bot-738	alpha	bot-786	bravo	five_seven	bullet	20.00	27.00	8.90	-8.37	16.65	2.61	13.44
48512	damage	bot-738	alpha	bot-786	bravo	five_seven	bullet	20.00	7.00	8.89	-8.42	17.22	3.18	14.28
48551	damage	bot-786	bravo	bot-738	alpha	cz_805_bren	bullet	24.00	49.21	17.35	3.32	8.89	-8.43	14.48
54746	damage	bot-827	alpha	bot-785	bravo	cz_805_bren	bullet	24.00	76.00	-31.40	-20.53	-4.20	-3.96	31.85
54995	damage	bot-827	alpha	bot-785	bravo	cz_805_bren	bullet	24.00	52.00	-31.35	-20.46	-4.43	-3.88	31.62
55213	damage	bot-785	bravo	bot-827	alpha	cz_805_bren	bullet	24.00	76.00	-4.14	-3.86	-31.33	-20.43	31.85
55358	damage	bot-753	alpha	bot-765	bravo	five_seven	bullet	20.00	52.28	-2.05	17.00	1.55	5.52	12.03
55512	damage	bot-753	alpha	bot-765	bravo	five_seven	bullet	20.00	32.28	-2.04	17.02	2.23	4.91	12.84
55672	damage	bot-753	alpha	bot-765	bravo	five_seven	bullet	20.00	13.36	-2.02	17.07	2.38	5.09	12.75
55772	damage	bot-761	bravo	bot-827	alpha	cz_805_bren	bullet	24.00	52.00	3.03	-3.30	-31.24	-20.04	38.14
55848	damage	bot-798	alpha	bot-810	bravo	cz_805_bren	bullet	24.00	48.03	-145.76	18.49	-146.26	-28.98	47.47
55911	damage	bot-761	bravo	bot-827	alpha	cz_805_bren	bullet	24.00	28.00	3.02	-3.28	-31.30	-20.18	38.26
55911	damage	bot-821	alpha	bot-785	bravo	cz_805_bren	bullet	24.00	33.44	-42.33	-19.08	-1.24	-3.08	44.10
56044	damage	bot-821	alpha	bot-785	bravo	cz_805_bren	bullet	24.00	12.40	-42.34	-19.07	-0.60	-2.92	44.75
56167	damage	bot-761	bravo	bot-827	alpha	cz_805_bren	bullet	24.00	4.00	3.01	-3.27	-31.54	-20.74	38.71
56327	kill	bot-761	bravo	bot-827	alpha	cz_805_bren	bullet	24.00	0.00	3.00	-3.27	-31.73	-21.09	39.04
56522	damage	bot-798	alpha	bot-826	bravo	cz_805_bren	bullet	24.00	76.00	-145.76	18.49	-147.34	-28.40	46.91
56654	damage	bot-798	alpha	bot-826	bravo	cz_805_bren	bullet	24.00	52.00	-145.76	18.49	-147.34	-28.40	46.91
56781	damage	bot-798	alpha	bot-826	bravo	cz_805_bren	bullet	24.00	28.00	-145.76	18.49	-147.13	-28.50	47.01
56907	damage	bot-798	alpha	bot-826	bravo	cz_805_bren	bullet	24.00	4.00	-145.76	18.49	-146.93	-28.55	47.05
57034	kill	bot-798	alpha	bot-826	bravo	cz_805_bren	bullet	24.00	0.00	-145.76	18.49	-146.28	-28.62	47.11
57367	damage	bot-821	alpha	bot-778	bravo	cz_805_bren	bullet	24.00	29.74	-41.24	-18.86	3.91	-4.69	47.32
57443	damage	bot-817	alpha	bot-778	bravo	cz_805_bren	bullet	24.00	5.74	-32.71	-17.65	3.82	-4.97	38.67
57481	kill	bot-821	alpha	bot-778	bravo	cz_805_bren	bullet	24.00	0.00	-41.25	-18.83	3.82	-4.97	47.15
57865	damage	bot-798	alpha	bot-818	bravo	cz_805_bren	bullet	24.00	76.00	-145.76	18.49	-146.40	-29.72	48.21
58004	damage	bot-798	alpha	bot-818	bravo	cz_805_bren	bullet	24.00	52.00	-145.76	18.49	-146.68	-30.07	48.57
58124	damage	bot-798	alpha	bot-818	bravo	cz_805_bren	bullet	24.00	28.00	-145.76	18.49	-146.69	-30.64	49.13
58635	damage	bot-783	bravo	bot-753	alpha	cz_805_bren	bullet	24.00	48.55	4.30	-1.65	-1.08	15.34	17.82
58918	damage	bot-821	alpha	bot-783	bravo	cz_805_bren	bullet	24.00	44.64	-40.57	-18.58	3.84	-0.84	47.83
59297	damage	bot-798	alpha	bot-822	bravo	cz_805_bren	bullet	24.00	48.17	-145.76	18.43	-146.19	-28.49	46.93
59675	damage	bot-798	alpha	bot-822	bravo	cz_805_bren	bullet	24.00	24.17	-145.76	18.43	-144.59	-29.53	47.98
59827	damage	bot-798	alpha	bot-822	bravo	cz_805_bren	bullet	24.00	0.17	-145.76	18.43	-144.34	-30.24	48.70
61309	damage	bot-651	alpha	bot-816	bravo	five_seven	bullet	20.00	68.26	-134.31	-25.42	-145.17	-29.79	11.71
61854	damage	bot-761	bravo	bot-817	alpha	cz_805_bren	bullet	24.00	76.00	-1.11	-2.32	-28.71	-16.31	30.94
61980	damage	bot-651	alpha	bot-816	bravo	five_seven	bullet	20.00	48.26	-134.33	-25.39	-147.06	-30.30	13.64
62233	damage	bot-817	alpha	bot-767	bravo	cz_805_bren	bullet	24.00	54.04	-28.73	-16.35	0.21	-1.60	32.48
62866	damage	bot-798	alpha	bot-810	bravo	cz_805_bren	bullet	24.00	49.30	-145.85	18.38	-146.58	-30.05	48.44
62994	damage	bot-783	bravo	bot-817	alpha	cz_805_bren	bullet	24.00	52.00	2.41	-0.10	-28.75	-16.41	35.17
63040	damage	bot-798	alpha	bot-810	bravo	cz_805_bren	bullet	24.00	25.30	-145.85	18.38	-146.60	-30.31	48.70
63196	damage	bot-798	alpha	bot-810	bravo	cz_805_bren	bullet	24.00	1.30	-145.85	18.38	-146.63	-30.79	49.18
63426	damage	bot-788	bravo	bot-820	alpha	five_seven	bullet	20.00	80.00	-2.65	-1.14	-26.20	-22.11	31.53
63543	damage	bot-783	bravo	bot-817	alpha	cz_805_bren	bullet	24.00	29.68	2.43	-0.10	-29.47	-18.24	36.70
63584	damage	bot-788	bravo	bot-820	alpha	five_seven	bullet	20.00	60.00	-2.59	-1.13	-26.20	-22.11	31.58
63608	damage	bot-785	bravo	bot-820	alpha	cz_805_bren	bullet	24.00	36.00	-4.90	-3.93	-26.25	-22.15	28.06
63663	damage	bot-783	bravo	bot-817	alpha	cz_805_bren	bullet	24.00	5.68	2.43	-0.10	-29.70	-18.84	37.20
63695	kill	bot-782	bravo	bot-817	alpha	cz_805_bren	bullet	24.00	0.00	1.29	-0.21	-29.75	-18.97	36.27
63723	damage	bot-785	bravo	bot-820	alpha	cz_805_bren	bullet	24.00	12.00	-4.90	-3.93	-26.39	-22.27	28.25
63858	damage	bot-820	alpha	bot-785	bravo	cz_805_bren	bullet	24.00	73.16	-26.56	-22.42	-4.90	-3.93	28.48
63883	kill	bot-785	bravo	bot-820	alpha	cz_805_bren	bullet	24.00	0.00	-4.90	-3.93	-26.67	-22.50	28.61
64146	damage	bot-831	bravo	bot-738	alpha	cz_805_bren	bullet	24.00	48.02	27.30	-18.16	6.25	-14.84	21.30
64252	damage	bot-753	alpha	bot-831	bravo	m24	bullet	95.00	5.00	-2.35	16.92	27.31	-18.15	45.93
64321	damage	bot-831	bravo	bot-738	alpha	cz_805_bren	bullet	24.00	24.02	27.41	-18.07	6.05	-14.63	21.64
64810	damage	bot-730	alpha	bot-822	bravo	five_seven	bullet	20.00	48.67	-144.19	-17.33	-144.14	-32.94	15.61
64877	damage	bot-798	alpha	bot-816	bravo	cz_805_bren	bullet	24.00	48.07	-145.83	16.90	-147.07	-32.56	49.47
65085	damage	bot-810	bravo	bot-706	alpha	cz_805_bren	bullet	24.00	49.09	-145.35	-38.48	-135.98	-24.95	16.46
65199	damage	bot-810	bravo	bot-706	alpha	cz_805_bren	bullet	24.00	25.09	-145.37	-38.46	-135.81	-24.70	16.75
65221	damage	bot-831	bravo	bot-738	alpha	cz_805_bren	bullet	24.00	0.02	31.25	-16.29	3.48	-12.14	28.08
65298	damage	bot-706	alpha	bot-822	bravo	five_seven	bullet	20.00	37.57	-135.63	-24.35	-144.12	-32.97	12.10
65357	damage	bot-738	alpha	bot-782	bravo	five_seven	bullet	20.00	51.86	3.26	-11.92	0.85	-1.21	10.98
65476	damage	bot-706	alpha	bot-822	bravo	five_seven	bullet	20.00	20.61	-134.93	-23.71	-144.10	-32.97	13.03
65529	damage	bot-730	alpha	bot-822	bravo	five_seven	bullet	20.00	1.60	-143.96	-17.54	-144.10	-32.97	15.43
65529	damage	bot-738	alpha	bot-782	bravo	five_seven	bullet	20.00	31.86	2.88	-11.54	0.68	-0.34	11.41
65697	kill	bot-730	alpha	bot-822	bravo	five_seven	bullet	20.00	0.00	-143.95	-17.52	-144.09	-32.98	15.46
65967	damage	bot-738	alpha	bot-761	bravo	five_seven	bullet	20.00	68.54	1.73	-10.29	-3.32	-3.42	8.52
66126	damage	bot-738	alpha	bot-761	bravo	five_seven	bullet	20.00	48.54	1.43	-10.01	-3.56	-3.53	8.18
66330	damage	bot-738	alpha	bot-761	bravo	five_seven	bullet	20.00	28.54	0.67	-9.33	-4.29	-3.24	7.86
66330	kill	bot-782	bravo	bot-738	alpha	cz_805_bren	bullet	24.00	0.00	-2.29	2.10	0.54	-9.22	11.66
66491	damage	bot-798	alpha	bot-829	bravo	cz_805_bren	bullet	24.00	76.00	-145.82	15.65	-142.41	-31.78	47.55
66646	damage	bot-798	alpha	bot-829	bravo	cz_805_bren	bullet	24.00	52.00	-145.82	15.65	-142.42	-31.80	47.57
66786	damage	bot-798	alpha	bot-829	bravo	cz_805_bren	bullet	24.00	28.00	-145.82	15.65	-142.48	-31.91	47.68
66924	damage	bot-798	alpha	bot-829	bravo	cz_805_bren	bullet	24.00	4.00	-145.82	15.65	-142.64	-32.23	47.99
67441	kill	bot-785	bravo	bot-825	alpha	cz_805_bren	bullet	24.00	0.00	-6.52	-5.49	-29.28	-20.08	27.04
67791	damage	bot-806	alpha	bot-816	bravo	cz_805_bren	bullet	24.00	30.19	-147.90	-17.71	-146.85	-41.10	23.42
67927	damage	bot-806	alpha	bot-816	bravo	cz_805_bren	bullet	24.00	6.19	-147.90	-17.71	-146.90	-41.65	23.96
68013	damage	bot-730	alpha	bot-818	bravo	five_seven	bullet	20.00	52.73	-142.25	-18.99	-143.59	-35.21	16.28
68058	kill	bot-806	alpha	bot-816	bravo	cz_805_bren	bullet	24.00	0.00	-147.90	-17.71	-146.53	-42.02	24.35
68176	damage	bot-730	alpha	bot-818	bravo	five_seven	bullet	20.00	32.73	-142.25	-18.98	-143.17	-34.83	15.88
68200	damage	bot-800	alpha	bot-818	bravo	five_seven	bullet	20.00	12.73	-140.11	-19.33	-143.10	-34.77	15.72
68245	kill	bot-814	alpha	bot-818	bravo	cz_805_bren	bullet	24.00	0.00	-143.36	-17.55	-142.99	-34.65	17.11
69218	damage	bot-730	alpha	bot-833	bravo	five_seven	bullet	20.00	80.00	-142.26	-19.12	-143.92	-32.22	13.21
69285	damage	bot-811	alpha	bot-833	bravo	five_seven	bullet	20.00	60.00	-144.33	-17.87	-143.74	-32.05	14.19
69453	damage	bot-811	alpha	bot-833	bravo	five_seven	bullet	20.00	40.00	-144.33	-17.84	-143.28	-31.62	13.82
69486	kill	bot-798	alpha	bot-829	bravo	cz_805_bren	bullet	24.00	0.00	-145.78	13.45	-139.02	-34.61	48.53
69741	damage	bot-806	alpha	bot-833	bravo	cz_805_bren	bullet	24.00	16.00	-146.57	-17.99	-142.49	-30.87	13.51
69863	kill	bot-811	alpha	bot-833	bravo	five_seven	bullet	20.00	0.00	-144.33	-17.81	-142.21	-30.56	12.93
70323	damage	bot-730	alpha	bot-810	bravo	five_seven	bullet	20.00	18.07	-142.34	-19.85	-139.01	-35.00	15.52
70367	kill	bot-811	alpha	bot-810	bravo	five_seven	bullet	20.00	0.00	-144.20	-18.12	-138.93	-34.92	17.61
71291	damage	bot-830	alpha	bot-782	bravo	five_seven	bullet	20.00	52.27	-26.43	-29.43	-3.84	-0.14	36.99
71830	damage	bot-830	alpha	bot-782	bravo	five_seven	bullet	20.00	32.27	-26.29	-29.20	-2.37	1.25	38.72
71998	damage	bot-830	alpha	bot-782	bravo	five_seven	bullet	20.00	12.27	-26.29	-29.20	-1.75	1.84	39.56
72150	kill	bot-830	alpha	bot-782	bravo	five_seven	bullet	20.00	0.00	-26.29	-29.20	-1.21	2.37	40.32
73781	damage	bot-830	alpha	bot-780	bravo	five_seven	bullet	20.00	50.43	-26.82	-26.49	-1.41	-0.80	36.13
74276	damage	bot-801	bravo	bot-835	alpha	five_seven	bullet	20.00	80.00	112.83	41.86	105.25	35.25	10.06
74276	damage	bot-835	alpha	bot-801	bravo	cz_805_bren	bullet	24.00	76.00	105.25	35.25	112.83	41.86	10.06
74406	damage	bot-835	alpha	bot-801	bravo	cz_805_bren	bullet	24.00	52.00	105.25	35.25	112.83	41.86	10.06
74427	damage	bot-801	bravo	bot-835	alpha	five_seven	bullet	20.00	60.00	112.83	41.86	105.25	35.25	10.06
74427	damage	bot-809	bravo	bot-835	alpha	cz_805_bren	bullet	24.00	36.00	124.10	46.04	105.25	35.25	21.72
74464	damage	bot-805	bravo	bot-835	alpha	cz_805_bren	bullet	24.00	12.00	122.46	45.72	105.20	35.20	20.22
74464	kill	bot-807	bravo	bot-835	alpha	five_seven	bullet	20.00	0.00	125.96	46.85	105.20	35.20	23.81
74584	damage	bot-830	alpha	bot-766	bravo	five_seven	bullet	20.00	62.68	-26.77	-26.10	-8.74	-9.17	24.73
75091	damage	bot-824	alpha	bot-765	bravo	five_seven	bullet	20.00	76.03	-33.48	-12.10	2.83	-5.65	36.88
75234	damage	bot-765	bravo	bot-823	alpha	cz_805_bren	bullet	24.00	48.41	2.91	-5.67	-35.77	-13.20	39.41
75355	damage	bot-765	bravo	bot-823	alpha	cz_805_bren	bullet	24.00	24.41	2.91	-5.67	-35.92	-13.05	39.53
78846	damage	bot-836	alpha	bot-801	bravo	cz_805_bren	bullet	24.00	48.32	108.66	35.34	108.60	38.65	3.31
78983	damage	bot-836	alpha	bot-801	bravo	cz_805_bren	bullet	24.00	24.32	109.07	34.92	109.06	39.09	4.17
79101	damage	bot-836	alpha	bot-801	bravo	cz_805_bren	bullet	24.00	0.32	109.47	34.53	109.44	39.45	4.92
79221	kill	bot-836	alpha	bot-801	bravo	cz_805_bren	bullet	24.00	0.00	109.84	34.17	109.80	39.80	5.64
79245	damage	bot-830	alpha	bot-783	bravo	five_seven	bullet	20.00	52.94	-34.03	-33.41	-5.47	-6.76	39.07
79426	damage	bot-809	bravo	bot-836	alpha	cz_805_bren	bullet	24.00	76.00	115.89	42.06	109.46	33.74	10.52
79452	damage	bot-807	bravo	bot-836	alpha	five_seven	bullet	20.00	56.00	116.57	43.18	109.38	33.68	11.92
79527	damage	bot-836	alpha	bot-803	bravo	cz_805_bren	bullet	24.00	76.00	109.62	33.43	114.82	34.96	5.42
79553	damage	bot-809	bravo	bot-836	alpha	cz_805_bren	bullet	24.00	32.00	115.89	42.06	109.70	33.35	10.69
79578	damage	bot-808	bravo	bot-836	alpha	cz_805_bren	bullet	24.00	8.00	114.00	39.24	109.78	33.27	7.31
79603	kill	bot-807	bravo	bot-836	alpha	five_seven	bullet	20.00	0.00	116.57	43.18	109.86	33.19	12.03
82676	damage	bot-788	bravo	bot-830	alpha	five_seven	bullet	20.00	63.73	-14.85	-14.76	-32.34	-31.42	24.15
84043	damage	bot-830	alpha	bot-783	bravo	five_seven	bullet	20.00	54.84	-31.91	-31.13	-4.65	-2.47	39.56
84184	damage	bot-830	alpha	bot-783	bravo	five_seven	bullet	20.00	34.84	-31.91	-31.13	-4.87	-2.25	39.57
84277	damage	bot-838	alpha	bot-807	bravo	five_seven	bullet	20.00	80.00	111.42	46.49	122.75	40.25	12.93
84299	damage	bot-828	alpha	bot-831	bravo	cz_805_bren	bullet	24.00	48.20	-5.34	-30.85	19.60	-14.69	29.73
84329	damage	bot-830	alpha	bot-783	bravo	five_seven	bullet	20.00	14.84	-31.91	-31.14	-5.08	-2.04	39.58
84413	damage	bot-828	alpha	bot-831	bravo	cz_805_bren	bullet	24.00	24.20	-5.34	-30.85	19.95	-14.34	30.20
84437	damage	bot-838	alpha	bot-807	bravo	five_seven	bullet	20.00	60.00	111.42	46.49	122.75	40.25	12.93
84486	kill	bot-830	alpha	bot-783	bravo	five_seven	bullet	20.00	0.00	-31.91	-31.14	-5.30	-1.82	39.59
84539	damage	bot-828	alpha	bot-831	bravo	cz_805_bren	bullet	24.00	0.20	-5.35	-30.85	20.32	-13.98	30.71
84565	damage	bot-807	bravo	bot-838	alpha	five_seven	bullet	20.00	80.00	122.89	40.16	111.42	46.49	13.10
84587	damage	bot-838	alpha	bot-807	bravo	five_seven	bullet	20.00	40.00	111.42	46.49	122.96	40.11	13.17
84651	kill	bot-828	alpha	bot-831	bravo	cz_805_bren	bullet	24.00	0.00	-5.35	-30.85	20.70	-13.59	31.25
84676	damage	bot-839	bravo	bot-828	alpha	cz_805_bren	bullet	24.00	76.00	24.85	-16.74	-5.35	-30.85	33.34
84787	damage	bot-839	bravo	bot-828	alpha	cz_805_bren	bullet	24.00	52.00	24.85	-16.74	-5.35	-30.85	33.34
84920	damage	bot-839	bravo	bot-828	alpha	cz_805_bren	bullet	24.00	28.00	24.85	-16.73	-5.58	-30.84	33.54
85044	damage	bot-839	bravo	bot-828	alpha	cz_805_bren	bullet	24.00	4.00	24.85	-16.73	-5.88	-30.83	33.81
85141	damage	bot-830	alpha	bot-780	bravo	five_seven	bullet	20.00	52.26	-31.91	-31.15	-4.94	-1.99	39.72
85167	kill	bot-839	bravo	bot-828	alpha	cz_805_bren	bullet	24.00	0.00	24.85	-16.73	-6.51	-30.82	34.38
85292	damage	bot-830	alpha	bot-780	bravo	five_seven	bullet	20.00	32.26	-31.91	-31.15	-5.15	-1.76	39.75
85455	damage	bot-830	alpha	bot-780	bravo	five_seven	bullet	20.00	12.26	-31.91	-31.15	-5.32	-1.57	39.77
85602	kill	bot-830	alpha	bot-780	bravo	five_seven	bullet	20.00	0.00	-31.91	-31.16	-5.50	-1.40	39.79
85733	damage	bot-838	alpha	bot-803	bravo	five_seven	bullet	20.00	56.00	112.10	46.20	115.66	32.65	14.01
85915	damage	bot-788	bravo	bot-823	alpha	five_seven	bullet	20.00	75.56	-16.37	-15.65	-43.88	-9.10	28.28
85944	damage	bot-834	bravo	bot-804	alpha	cz_805_bren	bullet	24.00	69.46	-125.58	26.27	-145.72	-18.14	48.75
86057	damage	bot-788	bravo	bot-823	alpha	five_seven	bullet	20.00	55.56	-16.37	-15.65	-44.32	-9.11	28.70
86057	damage	bot-834	bravo	bot-804	alpha	cz_805_bren	bullet	24.00	45.46	-125.58	26.27	-145.72	-18.13	48.75
86214	damage	bot-788	bravo	bot-823	alpha	five_seven	bullet	20.00	35.56	-16.37	-15.65	-44.95	-9.06	29.33
86377	kill	bot-787	bravo	bot-823	alpha	m24	bullet	95.00	0.00	-6.74	3.78	-45.55	-8.93	40.85
87371	damage	bot-830	alpha	bot-788	bravo	five_seven	bullet	20.00	73.20	-32.50	-31.89	-16.24	-15.56	23.04
87444	damage	bot-838	alpha	bot-805	bravo	five_seven	bullet	20.00	80.00	112.28	43.55	115.47	35.42	8.74
87584	damage	bot-838	alpha	bot-805	bravo	five_seven	bullet	20.00	60.00	112.28	43.55	115.13	35.34	8.69
87740	damage	bot-838	alpha	bot-805	bravo	five_seven	bullet	20.00	40.00	112.28	43.55	115.68	35.66	8.59
88281	damage	bot-808	bravo	bot-838	alpha	cz_805_bren	bullet	24.00	56.00	115.91	32.11	112.20	43.58	12.06
88346	damage	bot-838	alpha	bot-808	bravo	five_seven	bullet	20.00	80.00	112.29	43.67	115.91	32.11	12.11
88405	damage	bot-808	bravo	bot-838	alpha	cz_805_bren	bullet	24.00	32.00	115.91	32.11	112.36	43.72	12.15
88617	damage	bot-767	bravo	bot-830	alpha	five_seven	bullet	20.00	43.73	-9.85	2.71	-31.80	-31.26	40.45
89438	damage	bot-808	bravo	bot-841	alpha	cz_805_bren	bullet	24.00	76.00	116.21	32.42	110.91	36.93	6.96
89562	damage	bot-808	bravo	bot-841	alpha	cz_805_bren	bullet	24.00	52.00	116.21	32.42	111.47	36.72	6.40
89642	damage	bot-838	alpha	bot-809	bravo	five_seven	bullet	20.00	80.00	113.75	46.82	123.37	39.94	11.83
89809	damage	bot-841	alpha	bot-808	bravo	five_seven	bullet	20.00	60.00	112.16	37.70	116.72	32.38	7.01
89829	damage	bot-809	bravo	bot-838	alpha	cz_805_bren	bullet	24.00	8.00	123.37	39.94	112.85	47.19	12.78
89947	kill	bot-809	bravo	bot-838	alpha	cz_805_bren	bullet	24.00	0.00	123.37	39.94	112.34	47.40	13.32
90356	kill	bot-766	bravo	bot-830	alpha	m24	bullet	95.00	0.00	-6.03	-4.80	-36.62	-36.12	43.78
91480	damage	bot-841	alpha	bot-803	bravo	five_seven	bullet	20.00	52.27	113.99	43.24	114.82	34.15	9.13
91759	damage	bot-803	bravo	bot-841	alpha	cz_805_bren	bullet	24.00	28.00	115.24	33.42	113.17	44.12	10.90
93653	damage	bot-824	alpha	bot-767	bravo	five_seven	bullet	20.00	52.32	-52.46	-14.75	-5.48	-1.08	48.93
93795	damage	bot-824	alpha	bot-767	bravo	five_seven	bullet	20.00	32.32	-52.46	-14.75	-4.93	-0.58	49.60
94613	damage	bot-824	alpha	bot-766	bravo	five_seven	bullet	20.00	74.66	-52.12	-14.76	-8.00	-3.76	45.47
95067	damage	bot-824	alpha	bot-766	bravo	five_seven	bullet	20.00	54.66	-52.08	-14.77	-8.05	-3.81	45.38
97008	damage	bot-798	alpha	bot-843	bravo	cz_805_bren	bullet	24.00	76.00	-137.89	-7.60	-129.99	34.16	42.50
97119	damage	bot-798	alpha	bot-843	bravo	cz_805_bren	bullet	24.00	52.00	-137.89	-7.60	-129.99	34.16	42.50
97503	damage	bot-798	alpha	bot-843	bravo	cz_805_bren	bullet	24.00	28.00	-137.89	-7.60	-129.52	35.22	43.63
97614	damage	bot-798	alpha	bot-843	bravo	cz_805_bren	bullet	24.00	4.00	-137.89	-7.60	-129.30	35.72	44.17
97706	kill	bot-832	alpha	bot-843	bravo	cz_805_bren	bullet	24.00	0.00	-129.06	-0.12	-129.10	36.17	36.29
98224	kill	bot-787	bravo	bot-824	alpha	m24	bullet	95.00	0.00	-11.25	1.40	-47.22	-14.78	39.44
99683	damage	bot-841	alpha	bot-807	bravo	five_seven	bullet	20.00	34.01	104.33	47.28	108.16	37.53	10.48
99738	kill	bot-808	bravo	bot-841	alpha	cz_805_bren	bullet	24.00	0.00	109.59	40.36	104.07	47.35	8.91
109874	damage	bot-847	bravo	bot-842	alpha	cz_805_bren	bullet	24.00	76.00	131.30	42.15	123.94	41.10	7.44
109989	damage	bot-847	bravo	bot-842	alpha	cz_805_bren	bullet	24.00	52.00	131.30	42.15	123.94	41.09	7.44
110100	damage	bot-847	bravo	bot-842	alpha	cz_805_bren	bullet	24.00	28.00	131.30	42.15	123.72	40.75	7.71
114614	damage	bot-761	bravo	bot-850	alpha	cz_805_bren	bullet	24.00	76.00	-38.28	-18.49	-78.06	-12.02	40.31
114786	damage	bot-761	bravo	bot-850	alpha	cz_805_bren	bullet	24.00	52.00	-38.25	-18.43	-77.78	-12.15	40.03
114835	damage	bot-847	bravo	bot-842	alpha	cz_805_bren	bullet	24.00	49.10	124.83	41.34	119.90	37.07	6.52
114933	damage	bot-761	bravo	bot-850	alpha	cz_805_bren	bullet	24.00	28.00	-38.23	-18.39	-78.18	-11.74	40.49
120437	damage	bot-807	bravo	bot-842	alpha	five_seven	bullet	20.00	52.28	102.56	43.36	116.44	32.20	17.81
120796	damage	bot-807	bravo	bot-842	alpha	five_seven	bullet	20.00	32.28	102.45	43.37	117.60	32.16	18.84
120949	damage	bot-807	bravo	bot-842	alpha	five_seven	bullet	20.00	12.28	102.45	43.37	117.86	32.14	19.07
125450	damage	bot-765	bravo	bot-854	alpha	cz_805_bren	bullet	24.00	76.00	-40.90	-23.91	-79.89	-10.93	41.10
125450	damage	bot-837	bravo	bot-854	alpha	cz_805_bren	bullet	24.00	52.00	-44.57	-21.15	-79.89	-10.93	36.77
126116	damage	bot-765	bravo	bot-854	alpha	cz_805_bren	bullet	24.00	28.00	-40.92	-23.95	-79.92	-10.82	41.15
126116	damage	bot-837	bravo	bot-854	alpha	cz_805_bren	bullet	24.00	4.00	-44.57	-21.04	-79.92	-10.82	36.80
126930	kill	bot-837	bravo	bot-854	alpha	cz_805_bren	bullet	24.00	0.00	-44.59	-20.94	-80.12	-10.52	37.03
130732	damage	bot-809	bravo	bot-856	alpha	cz_805_bren	bullet	24.00	76.00	114.95	35.54	117.43	39.07	4.31
139324	damage	bot-765	bravo	bot-852	alpha	cz_805_bren	bullet	24.00	76.00	-44.95	-21.68	-76.74	-10.17	33.81
139659	damage	bot-765	bravo	bot-852	alpha	cz_805_bren	bullet	24.00	52.00	-44.95	-21.67	-76.71	-10.16	33.78
140935	damage	bot-856	alpha	bot-851	bravo	cz_805_bren	bullet	24.00	76.00	117.21	37.69	123.65	39.64	6.72
141073	damage	bot-856	alpha	bot-851	bravo	cz_805_bren	bullet	24.00	52.00	117.20	37.29	123.39	39.36	6.53
147142	damage	bot-856	alpha	bot-809	bravo	cz_805_bren	bullet	24.00	56.00	114.32	41.01	120.73	41.30	6.42
147266	damage	bot-856	alpha	bot-809	bravo	cz_805_bren	bullet	24.00	32.00	114.33	40.99	120.88	41.32	6.56
147294	damage	bot-851	bravo	bot-856	alpha	cz_805_bren	bullet	24.00	52.00	126.91	43.32	114.33	40.99	12.79
147384	damage	bot-803	bravo	bot-856	alpha	cz_805_bren	bullet	24.00	28.00	115.39	32.86	114.12	40.73	7.97
147420	damage	bot-851	bravo	bot-856	alpha	cz_805_bren	bullet	24.00	4.00	126.91	43.32	113.96	40.56	13.24
147439	damage	bot-856	alpha	bot-809	bravo	cz_805_bren	bullet	24.00	8.00	113.90	40.49	121.33	41.35	7.48
147500	kill	bot-803	bravo	bot-856	alpha	cz_805_bren	bullet	24.00	0.00	115.37	32.87	113.69	40.27	7.59
150269	damage	bot-847	bravo	bot-842	alpha	cz_805_bren	bullet	24.00	20.00	125.26	38.73	126.46	28.65	10.15
152254	damage	bot-853	bravo	bot-753	alpha	cz_805_bren	bullet	24.00	48.72	-1.82	36.36	48.11	36.18	49.92
155223	kill	bot-807	bravo	bot-842	alpha	five_seven	bullet	20.00	0.00	126.01	38.04	125.85	27.01	11.03
156019	damage	bot-860	bravo	bot-753	alpha	cz_805_bren	bullet	24.00	24.72	1.97	34.46	51.55	38.25	49.72
156281	damage	bot-860	bravo	bot-753	alpha	cz_805_bren	bullet	24.00	0.72	1.95	34.42	51.54	38.24	49.74
156651	kill	bot-860	bravo	bot-753	alpha	cz_805_bren	bullet	24.00	0.00	1.99	34.35	51.54	38.25	49.70
157087	kill	bot-787	bravo	bot-852	alpha	m24	bullet	95.00	0.00	-37.57	-0.01	-73.72	-1.62	36.19
157298	damage	bot-861	alpha	bot-837	bravo	five_seven	bullet	20.00	59.86	-76.27	-0.59	-79.25	-7.25	7.30
161720	damage	bot-850	alpha	bot-837	bravo	cz_805_bren	bullet	24.00	49.03	-78.10	4.00	-84.06	-11.63	16.73
161839	damage	bot-850	alpha	bot-837	bravo	cz_805_bren	bullet	24.00	25.03	-78.10	4.00	-84.47	-12.01	17.23
163309	damage	bot-861	alpha	bot-766	bravo	five_seven	bullet	20.00	75.50	-76.90	0.94	-75.40	-10.00	11.05
164435	damage	bot-840	bravo	bot-864	alpha	five_seven	bullet	20.00	80.00	-71.69	-6.80	-76.67	5.85	13.60
164461	damage	bot-845	bravo	bot-861	alpha	cz_805_bren	bullet	24.00	76.00	-75.00	-3.78	-74.67	1.12	4.91
164461	damage	bot-861	alpha	bot-845	bravo	five_seven	bullet	20.00	52.67	-74.67	1.12	-75.01	-3.66	4.79
164613	damage	bot-761	bravo	bot-864	alpha	cz_805_bren	bullet	24.00	56.00	-75.39	-11.41	-77.57	5.86	17.41
164613	damage	bot-845	bravo	bot-861	alpha	cz_805_bren	bullet	24.00	52.00	-75.33	-3.82	-74.66	1.11	4.98
164613	damage	bot-861	alpha	bot-845	bravo	five_seven	bullet	20.00	32.67	-74.66	1.11	-75.38	-3.88	5.04
165092	damage	bot-761	bravo	bot-864	alpha	cz_805_bren	bullet	24.00	32.00	-75.39	-11.43	-78.73	6.65	18.39
165236	damage	bot-761	bravo	bot-864	alpha	cz_805_bren	bullet	24.00	8.00	-75.39	-11.43	-78.96	6.75	18.53
165265	kill	bot-766	bravo	bot-864	alpha	m1911	bullet	33.00	0.00	-76.03	-9.44	-79.02	6.72	16.44
165589	damage	bot-845	bravo	bot-850	alpha	cz_805_bren	bullet	24.00	48.64	-77.31	-5.82	-79.01	2.46	8.45
165615	damage	bot-766	bravo	bot-850	alpha	m1911	bullet	33.00	15.64	-76.04	-9.35	-79.01	2.47	12.19
165966	damage	bot-861	alpha	bot-765	bravo	five_seven	bullet	20.00	56.03	-70.08	2.64	-69.72	-7.34	9.99
166079	damage	bot-845	bravo	bot-863	alpha	cz_805_bren	bullet	24.00	76.00	-78.47	-7.91	-73.63	1.39	10.48
166142	damage	bot-861	alpha	bot-765	bravo	five_seven	bullet	20.00	36.03	-70.14	2.57	-69.92	-7.66	10.22
166214	damage	bot-766	bravo	bot-863	alpha	m1911	bullet	33.00	43.00	-76.35	-8.14	-74.21	1.61	9.98
166328	damage	bot-861	alpha	bot-765	bravo	five_seven	bullet	20.00	16.03	-70.26	2.44	-69.85	-8.46	10.90
166578	damage	bot-863	alpha	bot-840	bravo	cz_805_bren	bullet	24.00	76.00	-73.26	2.70	-77.47	-5.81	9.50
166681	kill	bot-850	alpha	bot-765	bravo	cz_805_bren	bullet	24.00	0.00	-77.88	6.48	-70.37	-9.86	17.98
166743	kill	bot-761	bravo	bot-850	alpha	cz_805_bren	bullet	24.00	0.00	-75.76	-10.13	-77.87	6.50	16.77
166874	damage	bot-863	alpha	bot-840	bravo	cz_805_bren	bullet	24.00	52.00	-72.57	3.40	-77.85	-6.26	11.01
167137	damage	bot-863	alpha	bot-840	bravo	cz_805_bren	bullet	24.00	28.00	-72.17	3.78	-78.52	-7.17	12.66
170606	damage	bot-787	bravo	bot-863	alpha	five_seven	bullet	20.00	49.36	-61.54	2.91	-72.80	4.54	11.38
170750	damage	bot-787	bravo	bot-863	alpha	five_seven	bullet	20.00	29.36	-61.54	2.91	-73.07	4.67	11.66
170928	damage	bot-787	bravo	bot-863	alpha	five_seven	bullet	20.00	9.36	-61.54	2.91	-73.42	4.76	12.02
171127	kill	bot-787	bravo	bot-863	alpha	five_seven	bullet	20.00	0.00	-61.54	2.91	-73.79	4.87	12.41
171515	damage	bot-787	bravo	bot-861	alpha	five_seven	bullet	20.00	52.18	-61.54	2.91	-73.26	4.21	11.80
171768	damage	bot-787	bravo	bot-861	alpha	five_seven	bullet	20.00	32.18	-61.54	2.91	-73.60	4.09	12.12
171947	damage	bot-787	bravo	bot-861	alpha	five_seven	bullet	20.00	12.18	-61.54	2.91	-74.16	4.21	12.69
172197	kill	bot-787	bravo	bot-861	alpha	five_seven	bullet	20.00	0.00	-61.54	2.91	-74.68	4.43	13.23
175898	damage	bot-867	alpha	bot-851	bravo	five_seven	bullet	20.00	61.40	142.65	43.73	125.71	24.07	25.95
176097	damage	bot-867	alpha	bot-851	bravo	five_seven	bullet	20.00	41.40	142.69	43.75	125.20	23.56	26.71
176314	damage	bot-867	alpha	bot-851	bravo	five_seven	bullet	20.00	21.40	142.70	43.77	124.56	22.94	27.62
176474	damage	bot-867	alpha	bot-851	bravo	five_seven	bullet	20.00	1.40	142.74	43.79	124.12	22.49	28.29
176682	kill	bot-867	alpha	bot-851	bravo	five_seven	bullet	20.00	0.00	142.77	43.82	123.62	21.96	29.06
177326	damage	bot-867	alpha	bot-805	bravo	five_seven	bullet	20.00	52.06	142.93	43.90	121.66	18.84	32.87
177531	damage	bot-867	alpha	bot-805	bravo	five_seven	bullet	20.00	32.06	143.02	43.88	121.27	18.47	33.45
177683	damage	bot-867	alpha	bot-805	bravo	five_seven	bullet	20.00	12.06	143.03	43.84	120.92	18.10	33.94
178155	damage	bot-867	alpha	bot-847	bravo	five_seven	bullet	20.00	80.00	143.05	43.80	134.77	30.25	15.88
178303	damage	bot-867	alpha	bot-847	bravo	five_seven	bullet	20.00	60.00	143.05	43.81	135.18	30.67	15.31
178565	damage	bot-867	alpha	bot-847	bravo	five_seven	bullet	20.00	40.00	143.06	43.80	135.69	31.18	14.60
178783	damage	bot-867	alpha	bot-847	bravo	five_seven	bullet	20.00	20.00	143.06	43.78	136.28	31.77	13.79
180580	damage	bot-870	alpha	bot-809	bravo	cz_805_bren	bullet	24.00	60.08	135.54	40.93	118.75	10.92	34.39
180736	damage	bot-870	alpha	bot-809	bravo	cz_805_bren	bullet	24.00	36.08	135.52	40.93	118.75	10.96	34.35
180884	damage	bot-870	alpha	bot-809	bravo	cz_805_bren	bullet	24.00	12.08	135.50	40.93	118.60	10.91	34.46
180924	damage	bot-809	bravo	bot-870	alpha	cz_805_bren	bullet	24.00	76.00	118.60	10.91	135.50	40.94	34.46
180997	kill	bot-870	alpha	bot-809	bravo	cz_805_bren	bullet	24.00	0.00	135.49	40.94	118.48	10.87	34.55
181345	damage	bot-867	alpha	bot-803	bravo	five_seven	bullet	20.00	45.36	141.71	42.23	122.59	22.40	27.55
181793	damage	bot-867	alpha	bot-807	bravo	five_seven	bullet	20.00	52.15	141.72	42.24	112.32	11.46	42.56
181936	damage	bot-867	alpha	bot-807	bravo	five_seven	bullet	20.00	32.15	141.72	42.24	112.48	11.41	42.49
182077	damage	bot-867	alpha	bot-807	bravo	five_seven	bullet	20.00	12.15	141.72	42.24	112.78	11.38	42.30
182227	kill	bot-867	alpha	bot-807	bravo	five_seven	bullet	20.00	0.00	141.72	42.24	113.34	11.32	41.97
186836	damage	bot-872	alpha	bot-849	bravo	cz_805_bren	bullet	24.00	65.41	129.16	29.46	118.83	16.41	16.64
186969	damage	bot-872	alpha	bot-849	bravo	cz_805_bren	bullet	24.00	41.41	129.16	29.46	118.84	16.43	16.63
187105	damage	bot-872	alpha	bot-849	bravo	cz_805_bren	bullet	24.00	17.41	129.16	29.47	118.28	16.21	17.15
187276	kill	bot-870	alpha	bot-849	bravo	cz_805_bren	bullet	24.00	0.00	129.66	29.88	118.22	16.37	17.71
187945	damage	bot-872	alpha	bot-803	bravo	cz_805_bren	bullet	24.00	71.39	128.75	28.76	123.77	24.01	6.88
189939	damage	bot-870	alpha	bot-803	bravo	cz_805_bren	bullet	24.00	47.39	130.70	30.78	127.75	27.25	4.60
190056	damage	bot-870	alpha	bot-803	bravo	cz_805_bren	bullet	24.00	23.39	130.96	31.16	127.58	27.15	5.24
190076	damage	bot-803	bravo	bot-870	alpha	cz_805_bren	bullet	24.00	52.00	127.58	27.15	130.99	31.24	5.33
190173	kill	bot-870	alpha	bot-803	bravo	cz_805_bren	bullet	24.00	0.00	131.07	31.70	127.42	27.05	5.92
190358	damage	bot-871	bravo	bot-874	alpha	cz_805_bren	bullet	24.00	76.00	5.73	8.55	7.85	13.89	5.75
190473	damage	bot-871	bravo	bot-874	alpha	cz_805_bren	bullet	24.00	52.00	5.75	8.56	7.54	14.24	5.95
190839	damage	bot-874	alpha	bot-871	bravo	cz_805_bren	bullet	24.00	76.00	6.43	15.49	5.27	9.92	5.69
190957	damage	bot-874	alpha	bot-871	bravo	cz_805_bren	bullet	24.00	52.00	6.06	15.97	5.28	9.93	6.10
190983	damage	bot-871	bravo	bot-874	alpha	cz_805_bren	bullet	24.00	28.00	5.28	9.93	6.01	16.04	6.15
191071	damage	bot-874	alpha	bot-871	bravo	cz_805_bren	bullet	24.00	28.00	5.71	16.43	4.89	9.70	6.78
191680	damage	bot-786	bravo	bot-874	alpha	cz_805_bren	bullet	24.00	4.00	17.75	7.75	3.84	18.85	17.80
191805	kill	bot-871	bravo	bot-874	alpha	cz_805_bren	bullet	24.00	0.00	2.56	8.50	3.44	19.36	10.90
197140	damage	bot-766	bravo	bot-798	alpha	m24	bullet	95.00	5.00	-63.16	-1.60	-115.87	-43.30	67.21
197238	damage	bot-651	alpha	bot-767	bravo	five_seven	bullet	20.00	52.78	-105.47	-41.34	-76.16	-15.83	38.86
197373	kill	bot-787	bravo	bot-798	alpha	m24	bullet	95.00	0.00	-53.27	-4.85	-116.84	-43.98	74.65
197625	damage	bot-651	alpha	bot-767	bravo	five_seven	bullet	20.00	32.78	-105.42	-41.32	-74.66	-15.22	40.34
197780	damage	bot-651	alpha	bot-767	bravo	five_seven	bullet	20.00	12.78	-105.42	-41.32	-74.10	-14.99	40.92
197930	kill	bot-651	alpha	bot-767	bravo	five_seven	bullet	20.00	0.00	-105.42	-41.32	-73.53	-14.75	41.51
201800	damage	bot-766	bravo	bot-846	alpha	m24	bullet	95.00	5.00	-71.50	-2.02	-131.45	-42.66	72.43
202495	damage	bot-787	bravo	bot-844	alpha	m24	bullet	95.00	5.00	-61.89	-9.28	-105.98	-36.20	51.66
204413	kill	bot-766	bravo	bot-730	alpha	m24	bullet	95.00	0.00	-71.50	-2.02	-132.12	-43.80	73.62
206497	kill	bot-766	bravo	bot-813	alpha	m24	bullet	95.00	0.00	-71.50	-2.02	-130.89	-43.79	72.60
208581	damage	bot-868	bravo	bot-876	alpha	five_seven	bullet	20.00	80.00	92.40	41.05	124.99	22.50	37.50
208581	damage	bot-876	alpha	bot-868	bravo	five_seven	bullet	20.00	80.00	124.99	22.50	92.40	41.05	37.49
208967	damage	bot-787	bravo	bot-848	alpha	m24	bullet	95.00	5.00	-69.95	-15.10	-104.49	-36.42	40.59
209726	damage	bot-876	alpha	bot-868	bravo	five_seven	bullet	20.00	60.00	124.89	22.59	92.80	40.58	36.79
209875	damage	bot-876	alpha	bot-868	bravo	five_seven	bullet	20.00	40.00	124.87	22.60	92.70	40.70	36.92
210018	damage	bot-876	alpha	bot-868	bravo	five_seven	bullet	20.00	20.00	124.86	22.61	92.49	40.91	37.19
211252	damage	bot-766	bravo	bot-832	alpha	m24	bullet	95.00	5.00	-71.50	-2.02	-101.99	-36.51	46.03
212484	damage	bot-876	alpha	bot-860	bravo	five_seven	bullet	20.00	80.00	124.20	22.87	106.38	32.99	20.50
212632	damage	bot-876	alpha	bot-860	bravo	five_seven	bullet	20.00	60.00	124.19	22.88	106.37	33.00	20.49
213230	damage	bot-876	alpha	bot-860	bravo	five_seven	bullet	20.00	40.00	124.16	22.90	104.56	34.15	22.60
213384	damage	bot-867	alpha	bot-869	bravo	five_seven	bullet	20.00	80.00	120.07	25.37	105.70	32.19	15.91
213448	damage	bot-876	alpha	bot-860	bravo	five_seven	bullet	20.00	20.00	124.14	22.92	104.61	34.13	22.52
213526	damage	bot-867	alpha	bot-869	bravo	five_seven	bullet	20.00	60.00	120.08	25.37	105.57	31.66	15.82
213675	damage	bot-862	bravo	bot-872	alpha	cz_805_bren	bullet	24.00	76.00	109.37	34.14	115.05	27.33	8.87
213700	damage	bot-867	alpha	bot-869	bravo	five_seven	bullet	20.00	40.00	120.09	25.37	105.09	32.40	16.56
213845	damage	bot-867	alpha	bot-869	bravo	five_seven	bullet	20.00	20.00	120.09	25.37	104.72	32.97	17.14
213970	kill	bot-766	bravo	bot-802	alpha	m24	bullet	95.00	0.00	-71.50	-2.02	-132.08	-41.75	72.44
213998	kill	bot-867	alpha	bot-869	bravo	five_seven	bullet	20.00	0.00	120.09	25.37	105.38	33.34	16.73
214337	damage	bot-867	alpha	bot-857	bravo	five_seven	bullet	20.00	80.00	120.10	25.37	105.10	32.35	16.53
214940	damage	bot-883	alpha	bot-855	bravo	cz_805_bren	bullet	24.00	53.93	124.21	23.25	108.76	30.41	17.03
215097	damage	bot-883	alpha	bot-855	bravo	cz_805_bren	bullet	24.00	29.93	124.20	23.25	108.23	30.87	17.69
215199	damage	bot-867	alpha	bot-855	bravo	five_seven	bullet	20.00	9.93	120.21	25.11	107.90	31.29	13.78
215251	damage	bot-855	bravo	bot-867	alpha	cz_805_bren	bullet	24.00	42.99	107.81	31.40	120.21	25.11	13.90
215251	kill	bot-883	alpha	bot-855	bravo	cz_805_bren	bullet	24.00	0.00	124.19	23.25	107.73	31.51	18.42
215323	kill	bot-866	bravo	bot-867	alpha	m24	bullet	95.00	0.00	99.91	34.03	120.33	25.11	22.29
215730	damage	bot-883	alpha	bot-866	bravo	cz_805_bren	bullet	24.00	51.16	124.18	23.25	99.91	34.03	26.56
215952	damage	bot-883	alpha	bot-866	bravo	cz_805_bren	bullet	24.00	27.16	124.18	23.25	99.31	35.03	27.53
216079	damage	bot-883	alpha	bot-866	bravo	cz_805_bren	bullet	24.00	3.16	124.18	23.25	98.97	35.60	28.08
216277	damage	bot-766	bravo	bot-848	alpha	m24	bullet	95.00	1.07	-71.50	-2.02	-102.59	-37.31	47.03
216317	kill	bot-883	alpha	bot-866	bravo	cz_805_bren	bullet	24.00	0.00	124.18	23.25	98.30	36.48	29.07
217253	damage	bot-862	bravo	bot-883	alpha	cz_805_bren	bullet	24.00	76.00	105.60	33.42	126.10	20.94	24.00
217386	damage	bot-862	bravo	bot-883	alpha	cz_805_bren	bullet	24.00	52.00	105.60	33.42	126.42	20.61	24.45
217519	damage	bot-862	bravo	bot-883	alpha	cz_805_bren	bullet	24.00	28.00	105.60	33.42	126.74	20.29	24.88
217640	damage	bot-862	bravo	bot-883	alpha	cz_805_bren	bullet	24.00	4.00	105.60	33.42	127.01	20.01	25.26
217663	damage	bot-853	bravo	bot-876	alpha	cz_805_bren	bullet	24.00	56.00	131.78	44.58	129.28	24.74	20.00
217763	kill	bot-862	bravo	bot-883	alpha	cz_805_bren	bullet	24.00	0.00	105.60	33.41	127.29	19.73	25.64
217793	damage	bot-853	bravo	bot-876	alpha	cz_805_bren	bullet	24.00	32.00	131.78	44.58	129.65	25.11	19.59
217919	damage	bot-853	bravo	bot-876	alpha	cz_805_bren	bullet	24.00	8.00	131.78	44.58	130.04	25.50	19.16
218043	kill	bot-853	bravo	bot-876	alpha	cz_805_bren	bullet	24.00	0.00	131.77	44.58	130.41	25.87	18.76
218043	damage	bot-862	bravo	bot-870	alpha	cz_805_bren	bullet	24.00	41.63	105.60	33.41	129.45	19.65	27.53
218149	damage	bot-860	bravo	bot-878	alpha	cz_805_bren	bullet	24.00	76.00	96.42	44.08	119.75	31.57	26.47
218361	damage	bot-853	bravo	bot-870	alpha	cz_805_bren	bullet	24.00	17.63	131.77	44.58	130.39	18.69	25.92
218472	kill	bot-853	bravo	bot-870	alpha	cz_805_bren	bullet	24.00	0.00	131.77	44.58	130.72	18.35	26.25
218805	damage	bot-868	bravo	bot-878	alpha	five_seven	bullet	20.00	56.00	78.28	47.95	117.75	32.53	42.38
218951	damage	bot-868	bravo	bot-878	alpha	five_seven	bullet	20.00	36.00	78.28	47.95	117.13	32.72	41.73
219092	damage	bot-868	bravo	bot-878	alpha	five_seven	bullet	20.00	16.00	78.28	47.95	116.57	32.89	41.15
219235	kill	bot-868	bravo	bot-878	alpha	five_seven	bullet	20.00	0.00	78.28	47.95	115.99	33.07	40.54
219762	damage	bot-862	bravo	bot-884	alpha	cz_805_bren	bullet	24.00	76.00	106.08	32.63	108.26	37.74	5.56
219887	damage	bot-862	bravo	bot-884	alpha	cz_805_bren	bullet	24.00	52.00	105.81	32.20	108.26	37.74	6.06
219908	damage	bot-884	alpha	bot-857	bravo	five_seven	bullet	20.00	60.00	108.36	37.85	105.22	33.45	5.40
220025	damage	bot-862	bravo	bot-884	alpha	cz_805_bren	bullet	24.00	28.00	105.50	31.81	108.66	38.14	7.07
220025	damage	bot-868	bravo	bot-884	alpha	five_seven	bullet	20.00	8.00	78.28	47.95	108.66	38.14	31.92
220075	damage	bot-884	alpha	bot-857	bravo	five_seven	bullet	20.00	40.00	108.91	38.39	105.21	32.94	6.59
220141	kill	bot-862	bravo	bot-884	alpha	cz_805_bren	bullet	24.00	0.00	105.02	31.37	109.17	38.65	8.38
220813	damage	bot-766	bravo	bot-832	alpha	m24	bullet	95.00	0.18	-71.50	-2.02	-101.12	-35.23	44.49
222987	kill	bot-766	bravo	bot-804	alpha	m24	bullet	95.00	0.00	-71.50	-2.02	-114.42	-12.61	44.21
225103	damage	bot-886	alpha	bot-887	bravo	cz_805_bren	bullet	24.00	76.00	-3.55	-21.65	30.04	-21.84	33.59
225213	damage	bot-886	alpha	bot-887	bravo	cz_805_bren	bullet	24.00	52.00	-3.55	-21.65	29.68	-21.84	33.23
225336	damage	bot-886	alpha	bot-887	bravo	cz_805_bren	bullet	24.00	28.00	-3.55	-21.65	30.21	-22.16	33.77
225926	damage	bot-787	bravo	bot-651	alpha	m24	bullet	95.00	0.73	-71.81	-18.94	-80.22	-39.40	22.12
227020	damage	bot-766	bravo	bot-806	alpha	m24	bullet	95.00	4.69	-71.50	-2.02	-116.04	-15.28	46.47
228160	kill	bot-787	bravo	bot-714	alpha	m24	bullet	95.00	0.00	-71.81	-18.94	-93.04	-29.75	23.83
228245	damage	bot-786	bravo	bot-886	alpha	cz_805_bren	bullet	24.00	76.00	3.39	-6.34	-3.45	-25.52	20.36
228367	damage	bot-786	bravo	bot-886	alpha	cz_805_bren	bullet	24.00	52.00	3.39	-6.34	-3.56	-26.01	20.86
228497	damage	bot-786	bravo	bot-886	alpha	cz_805_bren	bullet	24.00	28.00	3.39	-6.34	-3.64	-26.53	21.38
228623	damage	bot-786	bravo	bot-886	alpha	cz_805_bren	bullet	24.00	4.00	3.39	-6.34	-3.73	-27.05	21.90
228741	kill	bot-786	bravo	bot-886	alpha	cz_805_bren	bullet	24.00	0.00	3.39	-6.34	-3.80	-27.52	22.37
229079	damage	bot-786	bravo	bot-881	alpha	cz_805_bren	bullet	24.00	76.00	3.41	-6.36	-4.61	-31.07	25.98
229223	damage	bot-786	bravo	bot-881	alpha	cz_805_bren	bullet	24.00	52.00	3.41	-6.36	-4.76	-31.21	26.16
229555	damage	bot-786	bravo	bot-881	alpha	cz_805_bren	bullet	24.00	28.00	3.41	-6.36	-4.90	-31.36	26.35
230009	damage	bot-786	bravo	bot-881	alpha	cz_805_bren	bullet	24.00	4.00	3.41	-6.36	-5.20	-31.64	26.71
235552	kill	bot-786	bravo	bot-881	alpha	cz_805_bren	bullet	24.00	0.00	1.63	-11.23	-13.07	-39.05	31.46
236884	kill	bot-888	alpha	bot-887	bravo	cz_805_bren	bullet	24.00	0.00	-5.82	-30.25	24.99	-26.73	31.00
237391	kill	bot-787	bravo	bot-706	alpha	m24	bullet	95.00	0.00	-72.99	-17.64	-93.77	-30.06	24.21
238430	damage	bot-858	alpha	bot-837	bravo	cz_805_bren	bullet	24.00	42.55	-104.07	-30.06	-81.07	-1.91	36.35
238972	damage	bot-858	alpha	bot-837	bravo	cz_805_bren	bullet	24.00	18.55	-104.07	-30.05	-80.86	-1.38	36.89
239321	damage	bot-837	bravo	bot-858	alpha	cz_805_bren	bullet	24.00	76.00	-80.86	-1.38	-104.07	-30.05	36.89
240200	damage	bot-766	bravo	bot-858	alpha	m1911	bullet	33.00	43.00	-71.28	-1.94	-104.04	-29.86	43.04
240671	damage	bot-766	bravo	bot-858	alpha	m1911	bullet	33.00	10.00	-71.28	-1.94	-104.40	-29.49	43.08
241054	kill	bot-766	bravo	bot-858	alpha	m1911	bullet	33.00	0.00	-71.28	-1.94	-104.77	-29.13	43.14
242320	damage	bot-787	bravo	bot-651	alpha	five_seven	bullet	20.00	52.24	-72.99	-17.64	-80.75	-34.02	18.12
242617	damage	bot-787	bravo	bot-651	alpha	five_seven	bullet	20.00	32.24	-72.99	-17.64	-81.23	-33.99	18.30
242840	damage	bot-787	bravo	bot-651	alpha	five_seven	bullet	20.00	12.24	-72.99	-17.64	-81.48	-33.99	18.42
245291	damage	bot-787	bravo	bot-844	alpha	five_seven	bullet	20.00	52.39	-72.87	-17.95	-81.72	-42.19	25.81
245561	damage	bot-787	bravo	bot-844	alpha	five_seven	bullet	20.00	32.39	-72.87	-17.95	-81.85	-42.69	26.31
246651	damage	bot-787	bravo	bot-846	alpha	five_seven	bullet	20.00	52.39	-72.87	-17.95	-104.95	-29.15	33.98
246799	damage	bot-787	bravo	bot-846	alpha	five_seven	bullet	20.00	32.39	-72.87	-17.95	-105.12	-29.32	34.20
247086	damage	bot-787	bravo	bot-846	alpha	five_seven	bullet	20.00	12.39	-72.87	-17.95	-105.45	-29.67	34.62
248948	kill	bot-787	bravo	bot-846	alpha	five_seven	bullet	20.00	0.00	-72.87	-17.95	-107.00	-31.26	36.63
252424	damage	bot-892	alpha	bot-882	bravo	five_seven	bullet	20.00	70.12	7.75	-37.67	13.43	-12.55	25.75
252580	damage	bot-787	bravo	bot-890	alpha	five_seven	bullet	20.00	80.00	-70.89	-18.12	-15.69	-40.23	59.46
253280	damage	bot-787	bravo	bot-890	alpha	five_seven	bullet	20.00	60.00	-70.89	-18.12	-15.72	-40.23	59.43
253761	damage	bot-766	bravo	bot-848	alpha	m1911	bullet	33.00	56.91	-75.94	-4.54	-96.25	-33.25	35.17
254108	damage	bot-766	bravo	bot-848	alpha	m1911	bullet	33.00	23.91	-75.94	-4.54	-96.19	-33.41	35.26
254885	damage	bot-888	alpha	bot-882	bravo	cz_805_bren	bullet	24.00	46.12	-14.18	-39.03	13.40	-13.19	37.79
255098	kill	bot-766	bravo	bot-848	alpha	m1911	bullet	33.00	0.00	-75.94	-4.54	-95.77	-34.61	36.02
255666	damage	bot-888	alpha	bot-882	bravo	cz_805_bren	bullet	24.00	22.12	-14.18	-39.03	13.29	-12.92	37.90
256290	kill	bot-888	alpha	bot-882	bravo	cz_805_bren	bullet	24.00	0.00	-14.22	-38.97	13.14	-12.67	37.95
256498	damage	bot-786	bravo	bot-892	alpha	cz_805_bren	bullet	24.00	74.40	14.65	-14.01	5.24	-40.04	27.68
256751	damage	bot-786	bravo	bot-892	alpha	cz_805_bren	bullet	24.00	50.40	14.65	-14.01	5.07	-40.17	27.86
257051	damage	bot-786	bravo	bot-892	alpha	cz_805_bren	bullet	24.00	26.40	14.65	-14.01	4.93	-40.31	28.04
257518	damage	bot-766	bravo	bot-844	alpha	m1911	bullet	33.00	32.00	-75.94	-4.54	-82.74	-44.91	40.94
257750	damage	bot-786	bravo	bot-892	alpha	cz_805_bren	bullet	24.00	2.40	14.65	-14.01	4.64	-40.61	28.42
257750	damage	bot-787	bravo	bot-890	alpha	five_seven	bullet	20.00	45.40	-70.19	-19.06	-16.24	-38.56	57.36
257959	kill	bot-766	bravo	bot-844	alpha	m1911	bullet	33.00	0.00	-75.94	-4.54	-82.99	-44.84	40.91
257959	kill	bot-786	bravo	bot-892	alpha	cz_805_bren	bullet	24.00	0.00	14.65	-14.01	4.47	-40.73	28.60
257959	damage	bot-787	bravo	bot-890	alpha	five_seven	bullet	20.00	26.30	-70.19	-19.06	-16.24	-38.56	57.36
258113	damage	bot-787	bravo	bot-890	alpha	five_seven	bullet	20.00	7.20	-70.19	-19.06	-16.24	-38.56	57.36
258539	kill	bot-787	bravo	bot-890	alpha	five_seven	bullet	20.00	0.00	-70.19	-19.06	-16.24	-38.56	57.36
259258	damage	bot-651	alpha	bot-899	bravo	five_seven	bullet	20.00	80.00	-86.34	-36.37	-45.52	15.18	65.75
259606	damage	bot-651	alpha	bot-899	bravo	five_seven	bullet	20.00	60.00	-86.33	-36.36	-45.70	15.00	65.49
259747	damage	bot-786	bravo	bot-888	alpha	cz_805_bren	bullet	24.00	74.50	14.54	-14.08	-16.01	-37.15	38.28
260970	damage	bot-787	bravo	bot-651	alpha	five_seven	bullet	20.00	31.60	-70.42	-19.44	-86.31	-36.36	23.21
261202	damage	bot-787	bravo	bot-651	alpha	five_seven	bullet	20.00	11.60	-70.42	-19.44	-86.32	-36.44	23.28
261434	kill	bot-787	bravo	bot-651	alpha	five_seven	bullet	20.00	0.00	-70.42	-19.44	-86.58	-36.41	23.44
263887	damage	bot-787	bravo	bot-806	alpha	five_seven	bullet	20.00	75.23	-70.42	-19.44	-102.50	-12.80	32.76
264176	damage	bot-787	bravo	bot-806	alpha	five_seven	bullet	20.00	55.23	-70.42	-19.44	-102.38	-12.80	32.65
264517	damage	bot-787	bravo	bot-806	alpha	five_seven	bullet	20.00	35.23	-70.42	-19.44	-102.55	-12.64	32.84
266481	damage	bot-860	bravo	bot-902	alpha	cz_805_bren	bullet	24.00	76.00	127.85	27.29	141.55	44.53	22.03
266992	damage	bot-853	bravo	bot-902	alpha	cz_805_bren	bullet	24.00	52.00	144.10	40.13	141.50	44.43	5.03
266992	damage	bot-860	bravo	bot-902	alpha	cz_805_bren	bullet	24.00	28.00	127.85	27.29	141.50	44.43	21.92
267402	damage	bot-787	bravo	bot-806	alpha	five_seven	bullet	20.00	15.23	-70.42	-19.44	-103.80	-11.38	34.34
267402	damage	bot-853	bravo	bot-902	alpha	cz_805_bren	bullet	24.00	4.00	144.26	39.95	141.42	44.67	5.51
267402	kill	bot-860	bravo	bot-902	alpha	cz_805_bren	bullet	24.00	0.00	127.85	27.29	141.42	44.67	22.05
269124	kill	bot-787	bravo	bot-806	alpha	five_seven	bullet	20.00	0.00	-70.42	-19.44	-104.39	-10.78	35.06
270070	damage	bot-787	bravo	bot-811	alpha	five_seven	bullet	20.00	52.02	-70.42	-19.44	-108.55	-11.85	38.88
272445	damage	bot-787	bravo	bot-900	alpha	five_seven	bullet	20.00	80.00	-70.42	-19.44	-83.45	-40.56	24.82
272841	damage	bot-766	bravo	bot-900	alpha	m1911	bullet	33.00	47.00	-72.12	-6.62	-83.30	-40.38	35.57
273339	damage	bot-766	bravo	bot-900	alpha	m1911	bullet	33.00	14.00	-72.12	-6.62	-83.46	-40.81	36.03
273725	kill	bot-766	bravo	bot-900	alpha	m1911	bullet	33.00	0.00	-72.12	-6.62	-83.83	-41.16	36.47
274664	damage	bot-766	bravo	bot-832	alpha	m1911	bullet	33.00	62.18	-72.12	-6.62	-94.30	-29.40	31.80
276728	damage	bot-766	bravo	bot-832	alpha	m1911	bullet	33.00	29.18	-72.12	-6.62	-93.55	-28.42	30.57
276728	damage	bot-904	alpha	bot-862	bravo	cz_805_bren	bullet	24.00	76.00	131.98	39.98	130.89	44.21	4.36
276943	damage	bot-904	alpha	bot-862	bravo	cz_805_bren	bullet	24.00	52.00	132.14	39.83	130.99	44.26	4.58
277147	kill	bot-766	bravo	bot-832	alpha	m1911	bullet	33.00	0.00	-72.12	-6.62	-93.67	-28.89	31.00
278053	damage	bot-904	alpha	bot-862	bravo	cz_805_bren	bullet	24.00	28.00	133.06	38.91	129.88	45.12	6.98
278259	damage	bot-904	alpha	bot-862	bravo	cz_805_bren	bullet	24.00	4.00	133.23	38.76	129.70	45.26	7.40
278814	damage	bot-786	bravo	bot-894	alpha	cz_805_bren	bullet	24.00	58.43	5.91	-20.23	-13.28	-38.22	26.30
279012	damage	bot-766	bravo	bot-865	alpha	m1911	bullet	33.00	67.00	-72.69	-6.31	-106.24	-18.09	35.56
279012	damage	bot-786	bravo	bot-894	alpha	cz_805_bren	bullet	24.00	34.43	5.91	-20.23	-13.50	-38.33	26.54
279314	damage	bot-786	bravo	bot-894	alpha	cz_805_bren	bullet	24.00	10.43	5.91	-20.23	-13.73	-38.45	26.79
279594	damage	bot-766	bravo	bot-865	alpha	m1911	bullet	33.00	34.00	-72.69	-6.31	-106.25	-18.55	35.72
279805	kill	bot-786	bravo	bot-894	alpha	cz_805_bren	bullet	24.00	0.00	5.91	-20.23	-14.20	-38.63	27.25
282460	damage	bot-853	bravo	bot-905	alpha	cz_805_bren	bullet	24.00	76.00	143.18	41.80	138.12	45.76	6.43
282656	damage	bot-853	bravo	bot-905	alpha	cz_805_bren	bullet	24.00	52.00	143.18	41.80	138.12	45.76	6.43
282889	damage	bot-853	bravo	bot-905	alpha	cz_805_bren	bullet	24.00	28.00	143.18	41.78	138.05	45.80	6.52
282889	kill	bot-905	alpha	bot-862	bravo	five_seven	bullet	20.00	0.00	138.05	45.80	126.36	47.11	11.76
284380	damage	bot-787	bravo	bot-865	alpha	five_seven	bullet	20.00	14.00	-72.31	-19.24	-109.52	-20.94	37.25
284380	damage	bot-905	alpha	bot-857	bravo	five_seven	bullet	20.00	52.31	136.63	46.38	127.35	45.89	9.29
284820	damage	bot-905	alpha	bot-857	bravo	five_seven	bullet	20.00	32.31	136.16	46.58	126.98	45.55	9.24
285381	kill	bot-787	bravo	bot-865	alpha	five_seven	bullet	20.00	0.00	-72.31	-19.24	-110.19	-21.44	37.95
285565	damage	bot-857	bravo	bot-904	alpha	five_seven	bullet	20.00	80.00	126.59	45.21	129.85	40.08	6.08
286724	damage	bot-766	bravo	bot-811	alpha	m1911	bullet	33.00	39.72	-74.96	-5.82	-110.56	-16.85	37.27
286724	damage	bot-905	alpha	bot-857	bravo	five_seven	bullet	20.00	12.31	135.79	47.94	125.63	44.38	10.76
287225	damage	bot-766	bravo	bot-811	alpha	m1911	bullet	33.00	6.72	-74.96	-5.82	-110.99	-17.15	37.77
287686	kill	bot-766	bravo	bot-811	alpha	m1911	bullet	33.00	0.00	-74.96	-5.82	-111.55	-17.26	38.34
288218	damage	bot-857	bravo	bot-906	alpha	five_seven	bullet	20.00	80.00	124.65	43.55	126.44	44.14	1.88
289024	damage	bot-868	bravo	bot-905	alpha	five_seven	bullet	20.00	15.20	129.57	34.41	135.79	47.94	14.89
289266	kill	bot-868	bravo	bot-905	alpha	five_seven	bullet	20.00	0.00	129.57	34.40	135.79	47.94	14.90
290820	damage	bot-857	bravo	bot-906	alpha	five_seven	bullet	20.00	60.00	123.40	41.40	127.54	44.63	5.25
290820	kill	bot-904	alpha	bot-857	bravo	cz_805_bren	bullet	24.00	0.00	128.54	41.27	123.37	41.27	5.17
294680	damage	bot-871	bravo	bot-906	alpha	cz_805_bren	bullet	24.00	36.00	85.01	35.19	124.58	46.41	41.13
294956	damage	bot-868	bravo	bot-908	alpha	five_seven	bullet	20.00	80.00	130.72	32.96	135.37	40.63	8.97
295110	damage	bot-868	bravo	bot-908	alpha	five_seven	bullet	20.00	60.00	130.72	32.96	135.35	40.56	8.90
295294	damage	bot-868	bravo	bot-908	alpha	five_seven	bullet	20.00	40.00	130.72	32.96	135.40	40.62	8.97
295454	damage	bot-868	bravo	bot-908	alpha	five_seven	bullet	20.00	20.00	130.72	32.96	135.45	40.67	9.04
295454	damage	bot-908	alpha	bot-868	bravo	cz_805_bren	bullet	24.00	48.34	135.45	40.67	130.72	32.96	9.04
295658	kill	bot-868	bravo	bot-908	alpha	five_seven	bullet	20.00	0.00	130.72	32.96	135.59	40.84	9.26
295847	damage	bot-904	alpha	bot-868	bravo	cz_805_bren	bullet	24.00	24.34	127.79	41.42	130.76	32.82	9.10
296154	damage	bot-904	alpha	bot-868	bravo	cz_805_bren	bullet	24.00	0.34	127.79	41.42	130.80	32.59	9.32
296410	kill	bot-904	alpha	bot-868	bravo	cz_805_bren	bullet	24.00	0.00	127.79	41.41	130.85	32.36	9.55
299014	damage	bot-860	bravo	bot-910	alpha	cz_805_bren	bullet	24.00	76.00	130.52	29.39	135.95	45.85	17.34
300965	damage	bot-889	bravo	bot-906	alpha	cz_805_bren	bullet	24.00	12.00	71.50	37.76	120.09	46.36	49.35
301231	kill	bot-889	bravo	bot-906	alpha	cz_805_bren	bullet	24.00	0.00	71.50	37.76	119.96	46.19	49.19
302546	damage	bot-853	bravo	bot-910	alpha	cz_805_bren	bullet	24.00	52.00	142.98	46.29	135.54	44.77	7.59
302766	damage	bot-871	bravo	bot-910	alpha	cz_805_bren	bullet	24.00	28.00	86.74	36.15	135.68	44.63	49.67
302977	damage	bot-871	bravo	bot-910	alpha	cz_805_bren	bullet	24.00	4.00	86.74	36.15	135.46	44.41	49.41
303195	kill	bot-871	bravo	bot-910	alpha	cz_805_bren	bullet	24.00	0.00	86.74	36.15	135.52	44.20	49.43
306901	damage	bot-909	bravo	bot-911	alpha	five_seven	bullet	20.00	80.00	144.09	39.83	134.30	35.12	10.87
307060	damage	bot-909	bravo	bot-911	alpha	five_seven	bullet	20.00	60.00	144.09	39.83	134.37	35.14	10.80
307220	damage	bot-909	bravo	bot-911	alpha	five_seven	bullet	20.00	40.00	144.09	39.83	134.33	35.12	10.84
307344	damage	bot-911	alpha	bot-860	bravo	five_seven	bullet	20.00	52.39	134.29	35.06	128.26	27.36	9.78
307512	damage	bot-909	bravo	bot-911	alpha	five_seven	bullet	20.00	20.00	144.09	39.83	134.16	34.90	11.09
307663	kill	bot-909	bravo	bot-911	alpha	five_seven	bullet	20.00	0.00	144.09	39.83	134.04	34.72	11.28
310650	damage	bot-853	bravo	bot-904	alpha	cz_805_bren	bullet	24.00	56.00	141.90	42.72	133.11	35.83	11.16
310762	damage	bot-853	bravo	bot-904	alpha	cz_805_bren	bullet	24.00	32.00	141.90	42.72	133.01	35.35	11.54
310882	damage	bot-853	bravo	bot-904	alpha	cz_805_bren	bullet	24.00	8.00	141.90	42.72	132.90	34.85	11.95
310993	kill	bot-853	bravo	bot-904	alpha	cz_805_bren	bullet	24.00	0.00	141.90	42.72	132.80	34.39	12.33
311353	damage	bot-766	bravo	bot-903	alpha	m1911	bullet	33.00	67.00	-75.45	-12.02	-5.00	-33.14	73.55
311694	damage	bot-766	bravo	bot-903	alpha	m1911	bullet	33.00	34.00	-75.45	-12.02	-5.56	-33.04	72.97
314092	damage	bot-766	bravo	bot-903	alpha	m1911	bullet	33.00	18.40	-73.59	-12.87	-1.92	-33.73	74.64
314452	kill	bot-766	bravo	bot-903	alpha	m1911	bullet	33.00	0.00	-73.59	-12.87	-1.92	-33.73	74.64
319691	damage	bot-766	bravo	bot-896	alpha	m1911	bullet	33.00	66.20	-63.81	-15.32	9.68	-15.77	73.49
319691	damage	bot-787	bravo	bot-896	alpha	five_seven	bullet	20.00	46.20	-49.04	-15.93	9.68	-15.77	58.72
319842	damage	bot-787	bravo	bot-896	alpha	five_seven	bullet	20.00	26.20	-49.04	-15.93	10.33	-15.70	59.37
319990	damage	bot-787	bravo	bot-896	alpha	five_seven	bullet	20.00	6.20	-49.04	-15.93	10.95	-15.64	60.00
320147	kill	bot-787	bravo	bot-896	alpha	five_seven	bullet	20.00	0.00	-49.04	-15.93	11.77	-15.54	60.81
321959	damage	bot-766	bravo	bot-888	alpha	m1911	bullet	33.00	41.50	-62.55	-15.31	9.68	-17.35	72.26
322755	damage	bot-853	bravo	bot-898	alpha	cz_805_bren	bullet	24.00	76.00	134.03	22.75	129.29	5.81	17.60
322890	damage	bot-853	bravo	bot-898	alpha	cz_805_bren	bullet	24.00	52.00	134.03	22.75	129.90	5.62	17.62
323030	damage	bot-853	bravo	bot-898	alpha	cz_805_bren	bullet	24.00	28.00	134.03	22.75	130.54	5.42	17.68
323668	damage	bot-853	bravo	bot-898	alpha	cz_805_bren	bullet	24.00	4.00	134.13	22.97	132.56	3.81	19.22
323797	kill	bot-853	bravo	bot-898	alpha	cz_805_bren	bullet	24.00	0.00	134.13	22.97	132.62	3.33	19.70
324915	damage	bot-787	bravo	bot-888	alpha	five_seven	bullet	20.00	35.79	-47.10	-16.01	14.48	-20.58	61.76
325076	damage	bot-787	bravo	bot-888	alpha	five_seven	bullet	20.00	18.96	-47.10	-16.01	14.48	-20.58	61.76
325115	damage	bot-912	bravo	bot-913	alpha	five_seven	bullet	20.00	80.00	69.43	-29.67	100.74	-14.04	34.99
325232	damage	bot-787	bravo	bot-888	alpha	five_seven	bullet	20.00	1.67	-47.10	-16.01	14.48	-20.58	61.76
325261	damage	bot-912	bravo	bot-913	alpha	five_seven	bullet	20.00	60.00	69.43	-29.67	100.33	-14.42	34.46
325431	damage	bot-912	bravo	bot-913	alpha	five_seven	bullet	20.00	40.00	69.43	-29.67	100.03	-14.70	34.07
325539	kill	bot-787	bravo	bot-888	alpha	five_seven	bullet	20.00	0.00	-47.10	-16.01	14.48	-20.58	61.76
325590	damage	bot-912	bravo	bot-913	alpha	five_seven	bullet	20.00	20.00	69.43	-29.67	99.64	-15.08	33.55
325759	kill	bot-912	bravo	bot-913	alpha	five_seven	bullet	20.00	0.00	69.43	-29.67	99.25	-15.51	33.01
328196	damage	bot-880	bravo	bot-917	alpha	cz_805_bren	bullet	24.00	76.00	51.16	14.25	53.44	44.54	30.38
328324	damage	bot-916	alpha	bot-860	bravo	five_seven	bullet	20.00	51.14	112.95	-18.88	118.54	9.18	28.62
329391	damage	bot-880	bravo	bot-917	alpha	cz_805_bren	bullet	24.00	52.00	51.47	14.25	53.46	44.10	29.92
329549	damage	bot-880	bravo	bot-917	alpha	cz_805_bren	bullet	24.00	28.00	51.47	14.25	53.45	44.35	30.16
329698	damage	bot-880	bravo	bot-917	alpha	cz_805_bren	bullet	24.00	4.00	51.47	14.25	53.43	44.76	30.58
329945	kill	bot-880	bravo	bot-917	alpha	cz_805_bren	bullet	24.00	0.00	51.48	14.23	53.36	46.06	31.89
329984	damage	bot-901	bravo	bot-916	alpha	cz_805_bren	bullet	24.00	74.63	88.08	-19.51	113.47	-15.95	25.64
330103	damage	bot-901	bravo	bot-916	alpha	cz_805_bren	bullet	24.00	50.63	88.08	-19.51	113.52	-15.64	25.73
330220	damage	bot-901	bravo	bot-916	alpha	cz_805_bren	bullet	24.00	26.63	88.08	-19.51	114.11	-15.82	26.29
330342	damage	bot-901	bravo	bot-916	alpha	cz_805_bren	bullet	24.00	2.63	88.08	-19.51	114.72	-16.00	26.87
330980	kill	bot-907	bravo	bot-916	alpha	cz_805_bren	bullet	24.00	0.00	126.37	18.94	117.77	-16.94	36.89
332448	damage	bot-897	bravo	bot-914	alpha	cz_805_bren	bullet	24.00	76.00	-25.87	-16.27	-3.51	-18.14	22.44
332563	damage	bot-897	bravo	bot-914	alpha	cz_805_bren	bullet	24.00	52.00	-25.87	-16.27	-3.51	-18.14	22.44
332678	damage	bot-897	bravo	bot-914	alpha	cz_805_bren	bullet	24.00	28.00	-25.87	-16.27	-3.51	-18.14	22.43
336862	damage	bot-891	bravo	bot-914	alpha	five_seven	bullet	20.00	40.12	-6.91	-16.17	2.50	-24.02	12.25
337024	damage	bot-891	bravo	bot-914	alpha	five_seven	bullet	20.00	22.97	-6.91	-16.17	2.50	-24.02	12.25
337151	damage	bot-919	alpha	bot-891	bravo	cz_805_bren	bullet	24.00	76.00	3.20	-19.45	-6.91	-16.17	10.63
337171	damage	bot-891	bravo	bot-914	alpha	five_seven	bullet	20.00	5.70	-6.91	-16.17	2.50	-24.02	12.25
337285	damage	bot-919	alpha	bot-891	bravo	cz_805_bren	bullet	24.00	52.00	3.16	-19.42	-6.91	-16.17	10.58
337333	kill	bot-891	bravo	bot-914	alpha	five_seven	bullet	20.00	0.00	-6.87	-16.16	2.50	-24.02	12.23
337536	damage	bot-766	bravo	bot-919	alpha	m1911	bullet	33.00	67.00	-48.15	-9.06	2.76	-19.09	51.89
338747	damage	bot-891	bravo	bot-919	alpha	five_seven	bullet	20.00	47.00	-8.81	-11.63	0.88	-19.30	12.36
338889	damage	bot-919	alpha	bot-895	bravo	cz_805_bren	bullet	24.00	76.00	1.08	-19.40	-8.48	-16.27	10.06
339019	damage	bot-897	bravo	bot-919	alpha	cz_805_bren	bullet	24.00	23.00	-17.85	-12.97	1.37	-19.54	20.32
339133	kill	bot-897	bravo	bot-919	alpha	cz_805_bren	bullet	24.00	0.00	-17.85	-12.97	1.88	-19.80	20.88
347213	damage	bot-920	alpha	bot-909	bravo	five_seven	bullet	20.00	80.00	132.62	2.42	129.65	11.12	9.20
347375	damage	bot-920	alpha	bot-909	bravo	five_seven	bullet	20.00	60.00	132.62	2.42	129.83	10.75	8.78
347524	damage	bot-920	alpha	bot-909	bravo	five_seven	bullet	20.00	40.00	132.62	2.42	129.34	11.00	9.19
347664	damage	bot-920	alpha	bot-909	bravo	five_seven	bullet	20.00	20.00	132.62	2.42	128.84	11.24	9.60
347810	kill	bot-920	alpha	bot-909	bravo	five_seven	bullet	20.00	0.00	132.62	2.42	128.34	11.48	10.03
349082	damage	bot-889	bravo	bot-920	alpha	cz_805_bren	bullet	24.00	76.00	123.58	14.13	132.89	3.38	14.22
349082	damage	bot-920	alpha	bot-889	bravo	five_seven	bullet	20.00	80.00	132.89	3.38	123.58	14.13	14.22
349203	damage	bot-889	bravo	bot-920	alpha	cz_805_bren	bullet	24.00	52.00	123.58	14.13	132.89	3.38	14.22
349224	damage	bot-920	alpha	bot-889	bravo	five_seven	bullet	20.00	60.00	132.90	3.35	123.58	14.13	14.25
349670	damage	bot-889	bravo	bot-920	alpha	cz_805_bren	bullet	24.00	28.00	122.36	14.49	133.51	2.00	16.74
352352	damage	bot-920	alpha	bot-907	bravo	five_seven	bullet	20.00	80.00	131.44	-1.10	132.68	3.87	5.13
352679	damage	bot-920	alpha	bot-907	bravo	five_seven	bullet	20.00	60.00	129.90	-1.21	132.68	2.52	4.65
352821	damage	bot-920	alpha	bot-907	bravo	five_seven	bullet	20.00	40.00	129.51	-1.56	132.92	3.19	5.85
352909	damage	bot-907	bravo	bot-920	alpha	cz_805_bren	bullet	24.00	14.94	133.17	3.36	129.44	-2.02	6.55
353011	damage	bot-920	alpha	bot-907	bravo	five_seven	bullet	20.00	20.00	129.39	-2.38	133.21	3.98	7.41
353073	kill	bot-853	bravo	bot-920	alpha	cz_805_bren	bullet	24.00	0.00	133.07	4.52	129.35	-2.63	8.06
362715	damage	bot-814	alpha	bot-766	bravo	cz_805_bren	bullet	24.00	48.22	-73.95	-37.38	-35.82	-12.02	45.79
362939	damage	bot-814	alpha	bot-766	bravo	cz_805_bren	bullet	24.00	24.22	-73.95	-37.38	-35.81	-10.84	46.47
363181	damage	bot-912	bravo	bot-925	alpha	five_seven	bullet	20.00	80.00	134.40	-33.48	111.10	-25.38	24.67
363248	damage	bot-786	bravo	bot-925	alpha	cz_805_bren	bullet	24.00	56.00	132.70	-35.32	111.10	-25.38	23.77
363324	damage	bot-901	bravo	bot-925	alpha	cz_805_bren	bullet	24.00	32.00	139.47	-32.71	111.07	-25.26	29.36
363324	damage	bot-912	bravo	bot-925	alpha	five_seven	bullet	20.00	12.00	134.40	-33.48	111.07	-25.26	24.74
363363	kill	bot-786	bravo	bot-925	alpha	cz_805_bren	bullet	24.00	0.00	132.70	-35.32	111.06	-25.20	23.89
363650	damage	bot-814	alpha	bot-766	bravo	cz_805_bren	bullet	24.00	0.22	-73.57	-37.31	-35.75	-7.53	48.13
363773	kill	bot-814	alpha	bot-766	bravo	cz_805_bren	bullet	24.00	0.00	-73.57	-37.31	-35.75	-7.53	48.13
404972	damage	bot-901	bravo	bot-928	alpha	cz_805_bren	bullet	24.00	76.00	62.55	-35.92	45.34	-43.85	18.95
405013	damage	bot-787	bravo	bot-928	alpha	five_seven	bullet	20.00	56.00	60.99	-37.79	45.34	-43.85	16.79
405092	damage	bot-901	bravo	bot-928	alpha	cz_805_bren	bullet	24.00	32.00	62.54	-35.92	45.34	-43.85	18.95
405202	damage	bot-787	bravo	bot-928	alpha	five_seven	bullet	20.00	12.00	60.99	-37.79	45.33	-43.86	16.80
405267	kill	bot-901	bravo	bot-928	alpha	cz_805_bren	bullet	24.00	0.00	62.54	-35.92	45.33	-43.85	18.95
406068	damage	bot-814	alpha	bot-912	bravo	cz_805_bren	bullet	24.00	76.00	21.12	-28.75	70.05	-25.06	49.08
406180	damage	bot-814	alpha	bot-912	bravo	cz_805_bren	bullet	24.00	52.00	21.12	-28.75	70.30	-24.78	49.35
406609	damage	bot-814	alpha	bot-837	bravo	cz_805_bren	bullet	24.00	46.07	21.12	-28.75	56.29	-27.96	35.19
406711	damage	bot-929	alpha	bot-901	bravo	cz_805_bren	bullet	24.00	76.00	42.88	-46.26	65.93	-32.15	27.02
406735	damage	bot-814	alpha	bot-837	bravo	cz_805_bren	bullet	24.00	22.07	21.12	-28.75	56.03	-27.68	34.93
406854	damage	bot-929	alpha	bot-901	bravo	cz_805_bren	bullet	24.00	52.00	42.88	-46.26	66.31	-31.72	27.57
406878	kill	bot-814	alpha	bot-837	bravo	cz_805_bren	bullet	24.00	0.00	21.12	-28.75	55.76	-27.43	34.67
407025	damage	bot-929	alpha	bot-901	bravo	cz_805_bren	bullet	24.00	28.00	42.88	-46.26	66.79	-31.18	28.27
407211	damage	bot-929	alpha	bot-901	bravo	cz_805_bren	bullet	24.00	4.00	42.88	-46.26	67.28	-30.69	28.94
407372	kill	bot-929	alpha	bot-901	bravo	cz_805_bren	bullet	24.00	0.00	42.88	-46.25	67.73	-30.23	29.56
407855	damage	bot-814	alpha	bot-786	bravo	cz_805_bren	bullet	24.00	43.79	21.45	-28.73	50.45	-28.15	29.00
408014	damage	bot-814	alpha	bot-786	bravo	cz_805_bren	bullet	24.00	19.79	21.45	-28.73	50.27	-28.23	28.83
408134	kill	bot-814	alpha	bot-786	bravo	cz_805_bren	bullet	24.00	0.00	21.45	-28.73	50.55	-28.31	29.10
408939	damage	bot-814	alpha	bot-923	bravo	cz_805_bren	bullet	24.00	76.00	21.45	-28.73	67.39	-20.93	46.59
409076	damage	bot-814	alpha	bot-923	bravo	cz_805_bren	bullet	24.00	52.00	21.45	-28.73	66.70	-20.92	45.92
409233	damage	bot-814	alpha	bot-923	bravo	cz_805_bren	bullet	24.00	28.00	21.45	-28.73	67.05	-20.30	46.37
409355	damage	bot-814	alpha	bot-923	bravo	cz_805_bren	bullet	24.00	4.00	21.45	-28.73	67.43	-19.70	46.85
409434	damage	bot-787	bravo	bot-929	alpha	five_seven	bullet	20.00	80.00	54.90	-44.96	43.23	-45.98	11.71
409601	damage	bot-787	bravo	bot-929	alpha	five_seven	bullet	20.00	60.00	54.90	-44.96	43.23	-45.98	11.71
409746	damage	bot-787	bravo	bot-929	alpha	five_seven	bullet	20.00	40.00	54.90	-44.96	42.61	-46.39	12.38
410251	damage	bot-787	bravo	bot-929	alpha	five_seven	bullet	20.00	20.00	54.84	-44.96	40.49	-47.77	14.62
410408	kill	bot-787	bravo	bot-929	alpha	five_seven	bullet	20.00	0.00	54.84	-44.96	39.99	-48.09	15.17
411690	damage	bot-814	alpha	bot-923	bravo	cz_805_bren	bullet	24.00	10.72	22.92	-28.45	68.09	-18.58	46.24
411826	kill	bot-814	alpha	bot-923	bravo	cz_805_bren	bullet	24.00	0.00	22.92	-28.45	68.09	-18.58	46.24
412311	damage	bot-936	alpha	bot-927	bravo	cz_805_bren	bullet	24.00	76.00	120.11	36.86	125.54	41.90	7.42
414114	damage	bot-800	alpha	bot-912	bravo	five_seven	bullet	20.00	52.11	18.61	-19.71	68.56	-18.86	49.96
414974	damage	bot-814	alpha	bot-912	bravo	cz_805_bren	bullet	24.00	28.11	28.01	-27.62	71.83	-20.95	44.32
415096	damage	bot-814	alpha	bot-912	bravo	cz_805_bren	bullet	24.00	4.11	28.01	-27.62	71.97	-21.03	44.45
415271	kill	bot-814	alpha	bot-912	bravo	cz_805_bren	bullet	24.00	0.00	28.01	-27.62	71.97	-21.02	44.45
416042	damage	bot-875	bravo	bot-936	alpha	five_seven	bullet	20.00	80.00	123.96	39.44	119.04	38.75	4.97
416042	damage	bot-936	alpha	bot-875	bravo	cz_805_bren	bullet	24.00	76.00	119.04	38.75	123.96	39.44	4.97
416230	damage	bot-875	bravo	bot-936	alpha	five_seven	bullet	20.00	60.00	123.96	39.44	118.53	38.48	5.51
416230	damage	bot-936	alpha	bot-875	bravo	cz_805_bren	bullet	24.00	52.00	118.53	38.48	123.96	39.44	5.51
416580	damage	bot-936	alpha	bot-875	bravo	cz_805_bren	bullet	24.00	28.00	117.41	37.40	124.04	41.01	7.55
416752	damage	bot-873	bravo	bot-936	alpha	cz_805_bren	bullet	24.00	36.00	115.02	35.25	117.00	36.73	2.47
416909	damage	bot-875	bravo	bot-938	alpha	five_seven	bullet	20.00	80.00	125.32	41.61	119.61	43.19	5.93
417114	damage	bot-927	bravo	bot-938	alpha	cz_805_bren	bullet	24.00	56.00	125.75	37.25	120.39	42.69	7.64
417155	damage	bot-875	bravo	bot-938	alpha	five_seven	bullet	20.00	36.00	126.28	42.36	120.25	42.75	6.04
417232	damage	bot-927	bravo	bot-938	alpha	cz_805_bren	bullet	24.00	12.00	125.75	37.25	119.95	42.93	8.12
417301	damage	bot-787	bravo	bot-915	alpha	five_seven	bullet	20.00	80.00	41.50	-43.27	21.30	-28.57	24.98
417301	damage	bot-938	alpha	bot-889	bravo	cz_805_bren	bullet	24.00	71.18	119.71	43.07	120.75	41.25	2.09
417374	kill	bot-927	bravo	bot-938	alpha	cz_805_bren	bullet	24.00	0.00	125.76	37.31	119.48	43.21	8.62
417445	damage	bot-787	bravo	bot-915	alpha	five_seven	bullet	20.00	60.00	41.50	-43.27	21.61	-28.77	24.62
417543	damage	bot-936	alpha	bot-871	bravo	cz_805_bren	bullet	24.00	48.98	113.86	34.22	114.91	37.41	3.36
417596	damage	bot-787	bravo	bot-915	alpha	five_seven	bullet	20.00	40.00	41.50	-43.27	21.13	-28.60	25.10
417688	damage	bot-936	alpha	bot-871	bravo	cz_805_bren	bullet	24.00	24.98	113.78	33.52	114.89	37.87	4.48
417720	damage	bot-871	bravo	bot-936	alpha	cz_805_bren	bullet	24.00	12.00	114.89	37.87	113.78	33.52	4.48
417720	kill	bot-873	bravo	bot-936	alpha	cz_805_bren	bullet	24.00	0.00	116.80	33.43	113.78	33.52	3.02
417760	damage	bot-787	bravo	bot-915	alpha	five_seven	bullet	20.00	20.00	41.50	-43.27	20.76	-28.33	25.56
417908	kill	bot-787	bravo	bot-915	alpha	five_seven	bullet	20.00	0.00	41.50	-43.27	20.29	-27.98	26.15
423865	damage	bot-814	alpha	bot-860	bravo	cz_805_bren	bullet	24.00	48.05	30.99	-11.18	38.65	35.54	47.35
423996	damage	bot-814	alpha	bot-860	bravo	cz_805_bren	bullet	24.00	24.05	30.99	-11.18	38.33	35.94	47.68
424119	damage	bot-814	alpha	bot-860	bravo	cz_805_bren	bullet	24.00	0.05	30.99	-11.18	38.03	36.34	48.04
424253	kill	bot-814	alpha	bot-860	bravo	cz_805_bren	bullet	24.00	0.00	30.99	-11.18	37.72	36.75	48.39
424687	damage	bot-875	bravo	bot-940	alpha	five_seven	bullet	20.00	80.00	126.95	45.14	123.65	39.56	6.48
424854	damage	bot-875	bravo	bot-940	alpha	five_seven	bullet	20.00	60.00	126.95	45.14	123.71	39.99	6.09
425719	damage	bot-787	bravo	bot-802	alpha	five_seven	bullet	20.00	39.08	41.47	-43.19	25.98	-35.81	17.16
425780	damage	bot-927	bravo	bot-940	alpha	cz_805_bren	bullet	24.00	36.00	122.16	33.18	125.69	36.81	5.07
425870	damage	bot-787	bravo	bot-802	alpha	five_seven	bullet	20.00	19.08	41.47	-43.19	25.35	-36.24	17.56
425892	damage	bot-927	bravo	bot-940	alpha	cz_805_bren	bullet	24.00	12.00	121.63	33.03	125.49	36.38	5.11
426016	kill	bot-787	bravo	bot-802	alpha	five_seven	bullet	20.00	0.00	41.47	-43.19	24.77	-36.62	17.95
426016	kill	bot-927	bravo	bot-940	alpha	cz_805_bren	bullet	24.00	0.00	121.29	33.16	125.08	36.08	4.78
427277	damage	bot-814	alpha	bot-787	bravo	cz_805_bren	bullet	24.00	59.77	35.51	-13.26	38.99	-43.05	29.99
427405	damage	bot-814	alpha	bot-787	bravo	cz_805_bren	bullet	24.00	35.77	35.51	-13.26	39.12	-43.14	30.10
427460	damage	bot-871	bravo	bot-942	alpha	cz_805_bren	bullet	24.00	76.00	116.68	38.21	114.83	33.96	4.63
427460	damage	bot-942	alpha	bot-871	bravo	cz_805_bren	bullet	24.00	48.80	114.83	33.96	116.68	38.32	4.74
427539	damage	bot-814	alpha	bot-787	bravo	cz_805_bren	bullet	24.00	11.77	35.51	-13.26	39.29	-43.27	30.25
427584	damage	bot-871	bravo	bot-942	alpha	cz_805_bren	bullet	24.00	52.00	116.71	38.87	114.81	33.78	5.44
427667	kill	bot-814	alpha	bot-787	bravo	cz_805_bren	bullet	24.00	0.00	35.51	-13.26	39.75	-43.62	30.66
427715	damage	bot-871	bravo	bot-942	alpha	cz_805_bren	bullet	24.00	28.00	116.85	39.02	114.68	33.65	5.79
427828	damage	bot-871	bravo	bot-942	alpha	cz_805_bren	bullet	24.00	4.00	117.24	38.92	114.52	33.49	6.07
427947	kill	bot-871	bravo	bot-942	alpha	cz_805_bren	bullet	24.00	0.00	117.53	38.85	114.40	33.37	6.31
429095	damage	bot-853	bravo	bot-859	alpha	cz_805_bren	bullet	24.00	76.00	29.47	36.26	32.54	-6.43	42.80
429095	damage	bot-859	alpha	bot-853	bravo	m24	bullet	95.00	5.00	32.54	-6.43	29.47	36.26	42.80
429219	damage	bot-853	bravo	bot-859	alpha	cz_805_bren	bullet	24.00	52.00	29.37	36.36	32.54	-6.43	42.91
429792	damage	bot-814	alpha	bot-907	bravo	cz_805_bren	bullet	24.00	48.09	35.90	-12.78	28.20	33.37	46.79
429939	damage	bot-814	alpha	bot-907	bravo	cz_805_bren	bullet	24.00	24.09	35.90	-12.78	27.91	33.62	47.08
430073	damage	bot-814	alpha	bot-907	bravo	cz_805_bren	bullet	24.00	0.09	35.90	-12.78	27.44	34.04	47.58
430238	kill	bot-814	alpha	bot-907	bravo	cz_805_bren	bullet	24.00	0.00	35.90	-12.78	26.95	34.47	48.10
432629	damage	bot-927	bravo	bot-944	alpha	cz_805_bren	bullet	24.00	76.00	123.76	36.25	119.75	30.39	7.10
432755	damage	bot-927	bravo	bot-944	alpha	cz_805_bren	bullet	24.00	52.00	123.76	36.25	119.75	30.61	6.92
432866	damage	bot-927	bravo	bot-944	alpha	cz_805_bren	bullet	24.00	28.00	123.76	36.25	119.75	31.14	6.50
433085	damage	bot-889	bravo	bot-944	alpha	cz_805_bren	bullet	24.00	4.00	114.45	32.71	119.58	31.92	5.19
433203	kill	bot-889	bravo	bot-944	alpha	cz_805_bren	bullet	24.00	0.00	113.96	32.44	119.00	31.95	5.07
437582	damage	bot-946	alpha	bot-877	bravo	cz_805_bren	bullet	24.00	76.00	128.98	40.45	129.21	34.36	6.10
437811	damage	bot-946	alpha	bot-877	bravo	cz_805_bren	bullet	24.00	52.00	128.30	41.05	129.23	34.23	6.88
438647	damage	bot-946	alpha	bot-877	bravo	cz_805_bren	bullet	24.00	28.00	127.74	41.21	131.62	31.08	10.85
438759	damage	bot-946	alpha	bot-877	bravo	cz_805_bren	bullet	24.00	4.00	127.74	41.21	131.95	30.64	11.38
438873	kill	bot-946	alpha	bot-877	bravo	cz_805_bren	bullet	24.00	0.00	127.74	41.21	132.42	30.35	11.83
441163	damage	bot-875	bravo	bot-946	alpha	five_seven	bullet	20.00	80.00	125.57	38.30	123.47	40.69	3.19
443451	damage	bot-800	alpha	bot-853	bravo	five_seven	bullet	20.00	52.00	33.44	1.36	10.71	40.18	44.99
443606	damage	bot-800	alpha	bot-853	bravo	five_seven	bullet	20.00	32.00	33.44	1.35	10.29	40.61	45.57
444656	damage	bot-814	alpha	bot-879	bravo	cz_805_bren	bullet	24.00	76.00	31.51	8.52	27.36	11.23	4.95
444768	damage	bot-814	alpha	bot-879	bravo	cz_805_bren	bullet	24.00	52.00	31.51	8.52	27.35	11.23	4.96
444895	damage	bot-814	alpha	bot-879	bravo	cz_805_bren	bullet	24.00	28.00	31.51	8.52	27.44	11.58	5.09
445014	damage	bot-814	alpha	bot-879	bravo	cz_805_bren	bullet	24.00	4.00	31.51	8.52	27.45	12.38	5.60
445107	kill	bot-859	alpha	bot-879	bravo	five_seven	bullet	20.00	0.00	21.82	3.33	27.46	12.84	11.06
447977	damage	bot-800	alpha	bot-853	bravo	five_seven	bullet	20.00	52.40	31.74	7.80	5.97	45.04	45.29
448274	damage	bot-800	alpha	bot-853	bravo	five_seven	bullet	20.00	32.40	31.74	7.80	5.42	45.46	45.95
448510	damage	bot-946	alpha	bot-875	bravo	cz_805_bren	bullet	24.00	48.04	124.01	39.24	118.05	38.23	6.05
448626	damage	bot-946	alpha	bot-875	bravo	cz_805_bren	bullet	24.00	24.04	123.96	39.25	117.56	37.89	6.54
448745	damage	bot-946	alpha	bot-875	bravo	cz_805_bren	bullet	24.00	0.04	123.86	39.29	117.08	37.51	7.01
451054	damage	bot-800	alpha	bot-853	bravo	five_seven	bullet	20.00	37.53	31.54	10.26	1.90	48.13	48.08
451209	damage	bot-800	alpha	bot-853	bravo	five_seven	bullet	20.00	20.53	31.54	10.26	1.90	48.13	48.08
451309	kill	bot-922	alpha	bot-853	bravo	cz_805_bren	bullet	24.00	0.00	37.22	12.79	1.90	48.13	49.96
455761	damage	bot-924	alpha	bot-941	bravo	m24	bullet	95.00	5.00	-60.07	-35.76	-67.71	36.65	72.82
461401	damage	bot-924	alpha	bot-939	bravo	m24	bullet	95.00	5.00	-60.21	-30.15	-68.05	39.47	70.06
461957	damage	bot-946	alpha	bot-873	bravo	cz_805_bren	bullet	24.00	76.00	118.51	42.11	92.72	32.79	27.42
462104	damage	bot-946	alpha	bot-873	bravo	cz_805_bren	bullet	24.00	52.00	118.54	42.09	92.39	32.45	27.87
462248	damage	bot-946	alpha	bot-873	bravo	cz_805_bren	bullet	24.00	28.00	118.55	42.09	92.07	32.16	28.28
462367	damage	bot-946	alpha	bot-873	bravo	cz_805_bren	bullet	24.00	4.00	118.55	42.08	91.88	31.98	28.53
462478	kill	bot-946	alpha	bot-873	bravo	cz_805_bren	bullet	24.00	0.00	118.61	42.10	91.61	31.77	28.90
463974	damage	bot-875	bravo	bot-946	alpha	five_seven	bullet	20.00	60.00	125.86	41.70	119.10	42.39	6.79
464123	damage	bot-875	bravo	bot-946	alpha	five_seven	bullet	20.00	40.00	125.86	41.70	118.97	42.34	6.91
465676	damage	bot-946	alpha	bot-880	bravo	cz_805_bren	bullet	24.00	74.93	113.51	39.43	104.91	25.67	16.23
465839	damage	bot-946	alpha	bot-880	bravo	cz_805_bren	bullet	24.00	50.93	112.84	38.85	104.75	25.25	15.82
466221	damage	bot-880	bravo	bot-946	alpha	cz_805_bren	bullet	24.00	16.00	104.46	24.58	111.38	37.56	14.71
467793	damage	bot-949	bravo	bot-935	alpha	m24	bullet	95.00	5.00	-116.46	34.13	-145.99	2.90	42.98
467964	damage	bot-880	bravo	bot-946	alpha	cz_805_bren	bullet	24.00	9.03	103.28	20.94	111.56	37.28	18.32
468284	kill	bot-880	bravo	bot-946	alpha	cz_805_bren	bullet	24.00	0.00	102.97	20.12	111.60	37.32	19.24
469429	damage	bot-814	alpha	bot-871	bravo	cz_805_bren	bullet	24.00	71.26	43.53	23.46	56.66	33.77	16.69
469568	damage	bot-814	alpha	bot-871	bravo	cz_805_bren	bullet	24.00	47.26	43.53	23.46	56.56	33.66	16.55
470545	damage	bot-814	alpha	bot-889	bravo	cz_805_bren	bullet	24.00	48.48	43.53	23.46	87.21	25.58	43.73
470796	damage	bot-814	alpha	bot-889	bravo	cz_805_bren	bullet	24.00	24.48	43.53	23.46	87.96	26.32	44.52
470909	damage	bot-814	alpha	bot-889	bravo	cz_805_bren	bullet	24.00	0.48	43.53	23.46	88.35	26.72	44.93
471031	kill	bot-814	alpha	bot-889	bravo	cz_805_bren	bullet	24.00	0.00	43.53	23.46	88.71	27.07	45.32
472607	damage	bot-960	alpha	bot-945	bravo	cz_805_bren	bullet	24.00	76.00	122.85	23.82	146.98	31.98	25.47
472746	damage	bot-960	alpha	bot-945	bravo	cz_805_bren	bullet	24.00	52.00	122.86	23.83	146.81	31.72	25.21
473128	damage	bot-960	alpha	bot-947	bravo	cz_805_bren	bullet	24.00	76.00	122.94	23.88	146.97	26.73	24.20
473460	damage	bot-960	alpha	bot-947	bravo	cz_805_bren	bullet	24.00	52.00	123.00	23.92	147.03	26.71	24.20
473557	damage	bot-947	bravo	bot-960	alpha	five_seven	bullet	20.00	80.00	147.04	26.83	123.02	23.94	24.19
473557	damage	bot-957	bravo	bot-930	alpha	cz_805_bren	bullet	24.00	76.00	-121.11	33.39	-144.36	-4.61	44.55
473586	damage	bot-960	alpha	bot-947	bravo	cz_805_bren	bullet	24.00	28.00	123.02	23.94	147.04	26.90	24.20
473719	damage	bot-814	alpha	bot-927	bravo	cz_805_bren	bullet	24.00	52.00	43.85	22.59	69.58	35.62	28.85
473719	damage	bot-880	bravo	bot-960	alpha	cz_805_bren	bullet	24.00	56.00	104.77	27.07	123.04	23.96	18.53
473719	damage	bot-960	alpha	bot-947	bravo	cz_805_bren	bullet	24.00	4.00	123.04	23.96	147.03	27.10	24.19
473746	damage	bot-897	bravo	bot-960	alpha	cz_805_bren	bullet	24.00	32.00	147.14	37.45	123.08	23.92	27.60
473857	damage	bot-897	bravo	bot-960	alpha	cz_805_bren	bullet	24.00	8.00	147.15	37.45	123.20	23.78	27.58
473857	kill	bot-943	bravo	bot-960	alpha	cz_805_bren	bullet	24.00	0.00	146.41	34.80	123.20	23.78	25.69
473895	damage	bot-814	alpha	bot-927	bravo	cz_805_bren	bullet	24.00	28.00	43.85	22.59	70.02	35.20	29.05
474161	damage	bot-814	alpha	bot-927	bravo	cz_805_bren	bullet	24.00	4.00	43.85	22.59	70.71	34.55	29.40
474328	kill	bot-814	alpha	bot-927	bravo	cz_805_bren	bullet	24.00	0.00	43.85	22.59	71.09	34.15	29.59
474429	damage	bot-934	alpha	bot-949	bravo	five_seven	bullet	20.00	80.00	-142.74	-0.09	-122.03	28.99	35.70
475441	damage	bot-814	alpha	bot-871	bravo	cz_805_bren	bullet	24.00	43.47	44.02	22.47	69.11	46.12	34.48
475595	damage	bot-814	alpha	bot-871	bravo	cz_805_bren	bullet	24.00	19.47	44.02	22.47	69.63	46.42	35.07
475739	kill	bot-814	alpha	bot-871	bravo	cz_805_bren	bullet	24.00	0.00	44.02	22.47	70.12	46.71	35.62
476201	damage	bot-957	bravo	bot-934	alpha	cz_805_bren	bullet	24.00	76.00	-121.84	32.99	-140.06	2.23	35.75
477568	damage	bot-957	bravo	bot-934	alpha	cz_805_bren	bullet	24.00	52.00	-121.88	33.50	-136.84	5.39	31.85
477723	damage	bot-957	bravo	bot-934	alpha	cz_805_bren	bullet	24.00	28.00	-121.88	33.52	-136.38	5.86	31.23
477793	damage	bot-941	bravo	bot-948	alpha	cz_805_bren	bullet	24.00	76.00	-64.72	12.00	-38.58	-16.75	38.86
477852	damage	bot-957	bravo	bot-934	alpha	cz_805_bren	bullet	24.00	4.00	-121.90	33.56	-135.99	6.23	30.74
477904	damage	bot-941	bravo	bot-948	alpha	cz_805_bren	bullet	24.00	52.00	-64.71	12.02	-38.64	-16.59	38.71
477999	kill	bot-957	bravo	bot-934	alpha	cz_805_bren	bullet	24.00	0.00	-121.91	33.58	-135.56	6.65	30.19
479720	damage	bot-941	bravo	bot-921	alpha	cz_805_bren	bullet	24.00	76.00	-64.73	11.58	-36.57	-12.78	37.24
479865	damage	bot-941	bravo	bot-921	alpha	cz_805_bren	bullet	24.00	52.00	-64.73	11.58	-36.61	-12.78	37.21
479997	damage	bot-941	bravo	bot-921	alpha	cz_805_bren	bullet	24.00	28.00	-64.73	11.58	-36.54	-12.89	37.33
480067	damage	bot-921	alpha	bot-941	bravo	cz_805_bren	bullet	24.00	71.98	-36.51	-12.92	-64.73	11.58	37.38
480128	damage	bot-941	bravo	bot-921	alpha	cz_805_bren	bullet	24.00	4.00	-64.73	11.58	-36.44	-13.02	37.50
480241	kill	bot-941	bravo	bot-921	alpha	cz_805_bren	bullet	24.00	0.00	-64.73	11.58	-36.17	-13.31	37.88
481380	damage	bot-950	alpha	bot-963	bravo	cz_805_bren	bullet	24.00	76.00	-45.00	-17.49	-78.80	-39.54	40.36
482979	damage	bot-963	bravo	bot-950	alpha	five_seven	bullet	20.00	80.00	-77.55	-38.75	-45.64	-17.37	38.41
483158	damage	bot-963	bravo	bot-950	alpha	five_seven	bullet	20.00	60.00	-77.55	-38.74	-45.97	-17.51	38.05
483351	damage	bot-933	alpha	bot-937	bravo	cz_805_bren	bullet	24.00	76.00	-129.58	12.00	-109.51	26.93	25.01
484555	damage	bot-941	bravo	bot-950	alpha	cz_805_bren	bullet	24.00	37.57	-62.18	9.21	-41.72	-19.86	35.55
484669	damage	bot-941	bravo	bot-950	alpha	cz_805_bren	bullet	24.00	13.57	-62.17	9.22	-41.38	-20.05	35.90
484818	kill	bot-941	bravo	bot-950	alpha	cz_805_bren	bullet	24.00	0.00	-62.17	9.22	-40.81	-20.28	36.43
485151	damage	bot-933	alpha	bot-937	bravo	cz_805_bren	bullet	24.00	52.00	-130.28	11.29	-110.00	27.32	25.86
485264	damage	bot-933	alpha	bot-937	bravo	cz_805_bren	bullet	24.00	28.00	-130.28	11.28	-109.62	27.65	26.36
485404	damage	bot-933	alpha	bot-937	bravo	cz_805_bren	bullet	24.00	4.00	-130.28	11.27	-109.19	28.02	26.93
485553	kill	bot-933	alpha	bot-937	bravo	cz_805_bren	bullet	24.00	0.00	-130.26	11.26	-108.67	28.49	27.61
487122	damage	bot-953	bravo	bot-933	alpha	cz_805_bren	bullet	24.00	61.78	-129.50	18.85	-131.75	13.13	6.15
487243	damage	bot-932	alpha	bot-949	bravo	cz_805_bren	bullet	24.00	56.00	-147.31	-2.92	-121.12	32.34	43.92
487635	damage	bot-930	alpha	bot-955	bravo	five_seven	bullet	20.00	80.00	-146.65	-18.93	-129.64	17.87	40.53
488546	damage	bot-967	bravo	bot-924	alpha	cz_805_bren	bullet	24.00	76.00	-77.64	-30.30	-38.26	-15.78	41.97
488692	damage	bot-967	bravo	bot-924	alpha	cz_805_bren	bullet	24.00	52.00	-77.63	-30.30	-38.27	-15.70	41.98
488983	damage	bot-953	bravo	bot-935	alpha	cz_805_bren	bullet	24.00	50.43	-127.31	17.29	-145.25	18.25	17.97
489113	damage	bot-953	bravo	bot-935	alpha	cz_805_bren	bullet	24.00	26.43	-127.31	17.29	-145.42	18.46	18.15
489982	damage	bot-957	bravo	bot-933	alpha	cz_805_bren	bullet	24.00	37.78	-131.35	22.81	-131.75	12.25	10.57
490132	damage	bot-957	bravo	bot-933	alpha	cz_805_bren	bullet	24.00	13.78	-131.34	22.80	-131.40	11.80	11.00
490132	damage	bot-967	bravo	bot-948	alpha	cz_805_bren	bullet	24.00	49.61	-76.99	-30.17	-40.86	-17.15	38.40
490261	damage	bot-933	alpha	bot-957	bravo	cz_805_bren	bullet	24.00	76.00	-131.09	11.43	-131.29	22.69	11.26
490261	damage	bot-967	bravo	bot-948	alpha	cz_805_bren	bullet	24.00	25.61	-76.98	-30.17	-40.41	-16.67	38.99
490581	damage	bot-963	bravo	bot-948	alpha	five_seven	bullet	20.00	5.61	-72.87	-35.37	-39.39	-15.69	38.84
490776	damage	bot-933	alpha	bot-955	bravo	cz_805_bren	bullet	24.00	56.00	-129.62	9.46	-125.03	17.27	9.06
490776	kill	bot-963	bravo	bot-948	alpha	five_seven	bullet	20.00	0.00	-72.88	-35.29	-38.71	-14.97	39.75
490992	damage	bot-933	alpha	bot-955	bravo	cz_805_bren	bullet	24.00	32.00	-129.21	8.93	-124.36	17.56	9.89
490992	kill	bot-955	bravo	bot-933	alpha	five_seven	bullet	20.00	0.00	-124.36	17.56	-129.08	8.74	10.00
492272	damage	bot-931	alpha	bot-955	bravo	cz_805_bren	bullet	24.00	8.00	-144.72	-7.13	-122.09	20.51	35.73
492338	damage	bot-814	alpha	bot-891	bravo	cz_805_bren	bullet	24.00	48.14	69.77	43.00	114.85	26.52	47.99
492399	kill	bot-931	alpha	bot-955	bravo	cz_805_bren	bullet	24.00	0.00	-144.77	-7.16	-122.02	20.62	35.90
492463	damage	bot-814	alpha	bot-891	bravo	cz_805_bren	bullet	24.00	24.14	69.77	43.00	114.96	26.55	48.09
492709	damage	bot-814	alpha	bot-891	bravo	cz_805_bren	bullet	24.00	0.14	69.77	43.00	115.92	26.66	48.95
492843	kill	bot-814	alpha	bot-891	bravo	cz_805_bren	bullet	24.00	0.00	69.77	43.00	116.42	26.73	49.40
494249	kill	bot-859	alpha	bot-899	bravo	m24	bullet	95.00	0.00	61.52	35.61	118.40	32.29	56.98
494709	damage	bot-941	bravo	bot-926	alpha	cz_805_bren	bullet	24.00	76.00	-56.83	7.18	-33.79	-15.48	32.32
495163	damage	bot-814	alpha	bot-897	bravo	cz_805_bren	bullet	24.00	76.00	70.83	42.31	116.05	26.15	48.02
495289	damage	bot-814	alpha	bot-897	bravo	cz_805_bren	bullet	24.00	52.00	70.83	42.31	115.84	26.14	47.82
495456	damage	bot-814	alpha	bot-897	bravo	cz_805_bren	bullet	24.00	28.00	70.83	42.31	116.37	26.29	48.27
495630	damage	bot-814	alpha	bot-897	bravo	cz_805_bren	bullet	24.00	4.00	70.83	42.31	117.10	26.42	48.91
495804	kill	bot-814	alpha	bot-897	bravo	cz_805_bren	bullet	24.00	0.00	70.83	42.31	117.51	26.55	49.27
496704	damage	bot-800	alpha	bot-943	bravo	five_seven	bullet	20.00	80.00	69.44	39.28	117.72	32.30	48.78
496896	damage	bot-800	alpha	bot-943	bravo	five_seven	bullet	20.00	60.00	69.44	39.28	117.09	32.44	48.14
497078	damage	bot-800	alpha	bot-943	bravo	five_seven	bullet	20.00	40.00	69.44	39.28	116.38	32.77	47.39
497154	damage	bot-930	alpha	bot-951	bravo	five_seven	bullet	20.00	80.00	-144.38	-5.83	-123.24	20.42	33.70
497208	damage	bot-931	alpha	bot-951	bravo	cz_805_bren	bullet	24.00	56.00	-142.50	-2.60	-123.22	20.48	30.07
497242	damage	bot-800	alpha	bot-943	bravo	five_seven	bullet	20.00	20.00	69.44	39.28	115.69	33.04	46.67
497282	damage	bot-967	bravo	bot-926	alpha	cz_805_bren	bullet	24.00	52.00	-69.12	-27.10	-35.03	-14.91	36.21
497317	damage	bot-930	alpha	bot-951	bravo	five_seven	bullet	20.00	36.00	-144.40	-5.82	-123.09	20.70	34.03
497347	damage	bot-931	alpha	bot-951	bravo	cz_805_bren	bullet	24.00	12.00	-142.57	-2.59	-123.05	20.77	30.44
497473	kill	bot-930	alpha	bot-951	bravo	five_seven	bullet	20.00	0.00	-144.42	-5.82	-122.92	20.97	34.35
499131	damage	bot-967	bravo	bot-924	alpha	cz_805_bren	bullet	24.00	48.93	-68.33	-26.64	-39.07	-15.29	31.38
499313	damage	bot-967	bravo	bot-924	alpha	cz_805_bren	bullet	24.00	24.93	-68.33	-26.64	-38.86	-15.08	31.65
499379	damage	bot-952	alpha	bot-941	bravo	cz_805_bren	bullet	24.00	47.98	-30.49	-15.94	-53.60	4.97	31.17
499433	damage	bot-967	bravo	bot-924	alpha	cz_805_bren	bullet	24.00	0.93	-68.33	-26.64	-38.76	-14.97	31.79
499515	damage	bot-952	alpha	bot-941	bravo	cz_805_bren	bullet	24.00	23.98	-30.50	-15.92	-53.95	5.34	31.65
499689	kill	bot-952	alpha	bot-941	bravo	cz_805_bren	bullet	24.00	0.00	-30.52	-15.97	-54.43	6.10	32.53
499952	damage	bot-895	bravo	bot-958	alpha	cz_805_bren	bullet	24.00	22.63	114.31	34.34	66.11	38.94	48.43
500009	kill	bot-967	bravo	bot-924	alpha	cz_805_bren	bullet	24.00	0.00	-68.86	-27.17	-38.06	-14.26	33.40
500067	damage	bot-930	alpha	bot-953	bravo	five_seven	bullet	20.00	80.00	-143.17	-3.35	-124.45	18.08	28.46
500231	damage	bot-930	alpha	bot-953	bravo	five_seven	bullet	20.00	60.00	-143.17	-3.35	-124.16	18.37	28.87
500304	damage	bot-800	alpha	bot-947	bravo	five_seven	bullet	20.00	52.87	70.23	38.99	114.61	33.98	44.66
500304	kill	bot-814	alpha	bot-943	bravo	cz_805_bren	bullet	24.00	0.00	73.27	41.38	113.49	32.62	41.17
500472	damage	bot-931	alpha	bot-953	bravo	cz_805_bren	bullet	24.00	36.00	-141.29	-2.62	-123.51	19.01	28.00
500587	damage	bot-931	alpha	bot-953	bravo	cz_805_bren	bullet	24.00	12.00	-141.29	-2.62	-123.23	19.29	28.39
500650	damage	bot-814	alpha	bot-959	bravo	cz_805_bren	bullet	24.00	76.00	73.27	41.38	101.85	19.35	36.09
500650	kill	bot-932	alpha	bot-953	bravo	cz_805_bren	bullet	24.00	0.00	-139.69	2.71	-123.10	19.41	23.54
500779	damage	bot-814	alpha	bot-959	bravo	cz_805_bren	bullet	24.00	52.00	73.27	41.38	101.85	19.35	36.09
500812	damage	bot-800	alpha	bot-947	bravo	five_seven	bullet	20.00	32.18	70.23	38.99	116.07	35.82	45.96
500877	damage	bot-939	bravo	bot-926	alpha	five_seven	bullet	20.00	35.60	-61.57	9.95	-27.28	-19.50	45.20
500920	damage	bot-814	alpha	bot-959	bravo	cz_805_bren	bullet	24.00	28.00	73.27	41.38	102.06	19.26	36.31
500990	damage	bot-800	alpha	bot-947	bravo	five_seven	bullet	20.00	12.18	70.23	38.99	116.67	36.41	46.52
501029	damage	bot-939	bravo	bot-926	alpha	five_seven	bullet	20.00	15.60	-61.57	9.95	-26.67	-19.59	45.73
501064	damage	bot-814	alpha	bot-959	bravo	cz_805_bren	bullet	24.00	4.00	73.27	41.38	102.43	19.11	36.69
501121	damage	bot-931	alpha	bot-957	bravo	cz_805_bren	bullet	24.00	52.00	-141.29	-2.62	-126.84	21.41	28.04
501150	damage	bot-932	alpha	bot-957	bravo	cz_805_bren	bullet	24.00	28.00	-139.70	2.71	-126.77	21.48	22.79
501172	kill	bot-939	bravo	bot-926	alpha	five_seven	bullet	20.00	0.00	-61.57	9.95	-26.09	-19.71	46.24
501210	kill	bot-814	alpha	bot-959	bravo	cz_805_bren	bullet	24.00	0.00	73.27	41.38	103.00	18.68	37.41
501262	damage	bot-931	alpha	bot-957	bravo	cz_805_bren	bullet	24.00	4.00	-141.29	-2.62	-126.59	21.64	28.37
501262	kill	bot-932	alpha	bot-957	bravo	cz_805_bren	bullet	24.00	0.00	-139.70	2.71	-126.59	21.64	23.03
501503	damage	bot-895	bravo	bot-859	alpha	cz_805_bren	bullet	24.00	48.42	112.46	34.94	62.62	35.39	49.84
501615	damage	bot-895	bravo	bot-859	alpha	cz_805_bren	bullet	24.00	24.42	112.46	34.94	62.56	35.22	49.90
501870	damage	bot-814	alpha	bot-961	bravo	cz_805_bren	bullet	24.00	76.00	73.27	41.38	103.09	19.24	37.14
501945	damage	bot-939	bravo	bot-952	alpha	five_seven	bullet	20.00	80.00	-61.54	9.32	-25.83	-18.67	45.37
501980	damage	bot-814	alpha	bot-961	bravo	cz_805_bren	bullet	24.00	52.00	73.27	41.38	102.91	19.35	36.93
502162	damage	bot-939	bravo	bot-952	alpha	five_seven	bullet	20.00	60.00	-61.54	9.32	-25.39	-19.12	46.00
502288	damage	bot-814	alpha	bot-961	bravo	cz_805_bren	bullet	24.00	28.00	73.27	41.38	104.35	19.62	37.95
502321	damage	bot-939	bravo	bot-952	alpha	five_seven	bullet	20.00	40.00	-61.54	9.32	-24.88	-19.63	46.72
502471	damage	bot-939	bravo	bot-952	alpha	five_seven	bullet	20.00	20.00	-61.54	9.32	-24.47	-20.07	47.31
502607	damage	bot-814	alpha	bot-875	bravo	cz_805_bren	bullet	24.00	48.25	73.27	41.38	103.47	18.54	37.87
502607	damage	bot-932	alpha	bot-949	bravo	cz_805_bren	bullet	24.00	48.90	-138.91	3.67	-125.43	30.50	30.02
502659	kill	bot-939	bravo	bot-952	alpha	five_seven	bullet	20.00	0.00	-61.54	9.32	-24.01	-20.55	47.97
502750	damage	bot-814	alpha	bot-875	bravo	cz_805_bren	bullet	24.00	24.25	73.27	41.38	104.09	18.33	38.49
502750	damage	bot-932	alpha	bot-949	bravo	cz_805_bren	bullet	24.00	24.90	-138.91	3.67	-125.68	30.87	30.24
502890	damage	bot-814	alpha	bot-875	bravo	cz_805_bren	bullet	24.00	0.25	73.27	41.38	104.77	18.08	39.18
502890	damage	bot-932	alpha	bot-949	bravo	cz_805_bren	bullet	24.00	0.90	-138.91	3.67	-125.95	31.22	30.44
502925	damage	bot-972	alpha	bot-945	bravo	five_seven	bullet	20.00	52.99	136.75	29.03	106.49	24.23	30.64
503016	kill	bot-814	alpha	bot-875	bravo	cz_805_bren	bullet	24.00	0.00	73.27	41.38	105.45	17.83	39.88
503092	damage	bot-972	alpha	bot-945	bravo	five_seven	bullet	20.00	32.99	136.75	29.03	106.22	24.23	30.91
503242	damage	bot-972	alpha	bot-945	bravo	five_seven	bullet	20.00	12.99	136.75	29.03	105.67	24.24	31.45
503392	kill	bot-972	alpha	bot-945	bravo	five_seven	bullet	20.00	0.00	136.75	29.03	104.98	24.35	32.12
503494	damage	bot-814	alpha	bot-895	bravo	cz_805_bren	bullet	24.00	52.00	73.27	41.38	111.22	34.99	38.49
503628	damage	bot-814	alpha	bot-895	bravo	cz_805_bren	bullet	24.00	28.00	73.27	41.38	111.60	34.83	38.89
503767	damage	bot-814	alpha	bot-895	bravo	cz_805_bren	bullet	24.00	4.00	73.27	41.38	112.14	34.59	39.46
503887	kill	bot-814	alpha	bot-895	bravo	cz_805_bren	bullet	24.00	0.00	73.27	41.38	112.66	34.37	40.01
503915	damage	bot-972	alpha	bot-961	bravo	five_seven	bullet	20.00	16.07	136.76	29.03	107.55	18.34	31.11
504066	kill	bot-972	alpha	bot-961	bravo	five_seven	bullet	20.00	0.00	136.76	29.03	107.55	18.34	31.11
504320	damage	bot-814	alpha	bot-893	bravo	cz_805_bren	bullet	24.00	76.00	73.27	41.38	109.63	33.67	37.17
504438	damage	bot-814	alpha	bot-893	bravo	cz_805_bren	bullet	24.00	52.00	73.27	41.38	109.45	33.68	36.99
504564	damage	bot-814	alpha	bot-893	bravo	cz_805_bren	bullet	24.00	28.00	73.27	41.38	109.78	33.35	37.38
504687	damage	bot-814	alpha	bot-893	bravo	cz_805_bren	bullet	24.00	4.00	73.27	41.38	110.12	33.01	37.79
504799	kill	bot-814	alpha	bot-893	bravo	cz_805_bren	bullet	24.00	0.00	73.27	41.38	110.45	32.67	38.18
506703	damage	bot-930	alpha	bot-949	bravo	five_seven	bullet	20.00	25.21	-136.94	4.39	-126.20	35.01	32.44
506849	damage	bot-930	alpha	bot-949	bravo	five_seven	bullet	20.00	8.05	-136.94	4.39	-126.20	35.01	32.44
507008	kill	bot-930	alpha	bot-949	bravo	five_seven	bullet	20.00	0.00	-136.94	4.39	-126.20	35.01	32.44
509226	damage	bot-814	alpha	bot-947	bravo	cz_805_bren	bullet	24.00	48.07	81.54	40.66	121.88	41.03	40.34
509341	damage	bot-814	alpha	bot-947	bravo	cz_805_bren	bullet	24.00	24.07	81.54	40.66	122.35	41.42	40.82
509476	damage	bot-814	alpha	bot-947	bravo	cz_805_bren	bullet	24.00	0.07	81.54	40.66	122.89	41.88	41.37
509597	kill	bot-814	alpha	bot-947	bravo	cz_805_bren	bullet	24.00	0.00	81.54	40.66	123.35	42.27	41.84
515732	damage	bot-932	alpha	bot-939	bravo	cz_805_bren	bullet	24.00	48.67	-123.07	11.32	-82.63	14.94	40.60
516174	damage	bot-932	alpha	bot-939	bravo	cz_805_bren	bullet	24.00	24.67	-123.05	11.32	-81.34	15.02	41.87
516397	damage	bot-932	alpha	bot-939	bravo	cz_805_bren	bullet	24.00	0.67	-123.05	11.32	-80.00	15.11	43.22
516512	kill	bot-932	alpha	bot-939	bravo	cz_805_bren	bullet	24.00	0.00	-123.05	11.32	-79.45	15.14	43.76
518493	damage	bot-968	alpha	bot-880	bravo	cz_805_bren	bullet	24.00	48.54	138.63	6.30	138.82	-39.77	46.08
518632	damage	bot-968	alpha	bot-880	bravo	cz_805_bren	bullet	24.00	24.54	138.63	6.30	138.49	-40.40	46.70
518875	damage	bot-968	alpha	bot-880	bravo	cz_805_bren	bullet	24.00	0.54	138.63	6.30	137.92	-41.50	47.81
519050	kill	bot-968	alpha	bot-880	bravo	cz_805_bren	bullet	24.00	0.00	138.63	6.30	137.55	-42.22	48.53
522291	damage	bot-977	bravo	bot-980	alpha	cz_805_bren	bullet	24.00	76.00	133.17	-33.68	138.90	-14.43	20.09
522800	damage	bot-972	alpha	bot-979	bravo	five_seven	bullet	20.00	80.00	137.21	2.61	135.26	-38.73	41.39
522943	damage	bot-972	alpha	bot-979	bravo	five_seven	bullet	20.00	60.00	137.21	2.61	135.66	-39.12	41.76
523231	damage	bot-972	alpha	bot-979	bravo	five_seven	bullet	20.00	40.00	137.21	2.61	136.06	-40.09	42.72
523378	damage	bot-972	alpha	bot-979	bravo	five_seven	bullet	20.00	20.00	137.21	2.61	136.09	-40.61	43.24
523523	kill	bot-972	alpha	bot-979	bravo	five_seven	bullet	20.00	0.00	137.21	2.61	136.12	-41.16	43.79
526721	kill	bot-974	alpha	bot-977	bravo	m24	bullet	95.00	0.00	123.48	3.99	124.00	-42.20	46.20
537826	damage	bot-984	bravo	bot-935	alpha	cz_805_bren	bullet	24.00	48.03	-97.25	4.25	-109.83	21.41	21.28
537937	damage	bot-984	bravo	bot-935	alpha	cz_805_bren	bullet	24.00	24.03	-97.25	4.25	-109.87	21.45	21.33
538058	damage	bot-984	bravo	bot-935	alpha	cz_805_bren	bullet	24.00	0.03	-97.25	4.25	-109.91	21.47	21.38
538173	kill	bot-984	bravo	bot-935	alpha	cz_805_bren	bullet	24.00	0.00	-97.25	4.25	-109.95	21.46	21.39
542333	damage	bot-931	alpha	bot-985	bravo	cz_805_bren	bullet	24.00	76.00	-146.08	27.01	-145.95	22.20	4.81
542397	damage	bot-985	bravo	bot-931	alpha	five_seven	bullet	20.00	77.83	-146.00	21.96	-146.01	27.46	5.49
542446	damage	bot-931	alpha	bot-985	bravo	cz_805_bren	bullet	24.00	52.00	-146.03	27.61	-145.91	21.82	5.80
542490	damage	bot-932	alpha	bot-985	bravo	cz_805_bren	bullet	24.00	28.00	-147.35	28.29	-145.84	21.83	6.63
542547	damage	bot-985	bravo	bot-931	alpha	five_seven	bullet	20.00	57.83	-145.60	21.78	-146.00	28.19	6.42
542581	damage	bot-931	alpha	bot-985	bravo	cz_805_bren	bullet	24.00	4.00	-146.00	28.19	-145.53	21.74	6.47
542613	kill	bot-932	alpha	bot-985	bravo	cz_805_bren	bullet	24.00	0.00	-147.37	28.74	-145.44	21.67	7.33
545531	damage	bot-963	bravo	bot-956	alpha	five_seven	bullet	20.00	80.00	14.63	-10.92	28.82	19.00	33.11
550213	damage	bot-956	alpha	bot-973	bravo	five_seven	bullet	20.00	80.00	24.83	12.63	21.75	2.86	10.25
550369	kill	bot-956	alpha	bot-973	bravo	five_seven	bullet	20.00	0.00	24.83	12.64	21.75	3.09	10.04
550993	damage	bot-956	alpha	bot-963	bravo	five_seven	bullet	20.00	56.00	24.71	12.33	21.03	0.98	11.93
551054	damage	bot-987	bravo	bot-954	alpha	m24	bullet	95.00	5.00	61.91	-42.80	110.66	0.21	65.02
552126	damage	bot-956	alpha	bot-971	bravo	five_seven	bullet	20.00	80.00	24.39	11.55	20.46	0.68	11.56
552297	damage	bot-956	alpha	bot-971	bravo	five_seven	bullet	20.00	60.00	24.39	11.55	20.49	1.35	10.92
552439	damage	bot-956	alpha	bot-971	bravo	five_seven	bullet	20.00	40.00	24.39	11.55	20.60	0.59	11.60
552630	damage	bot-956	alpha	bot-971	bravo	five_seven	bullet	20.00	20.00	24.39	11.55	20.63	0.50	11.68
552630	damage	bot-971	bravo	bot-956	alpha	five_seven	bullet	20.00	58.61	20.63	0.50	24.39	11.55	11.68
552772	kill	bot-956	alpha	bot-971	bravo	five_seven	bullet	20.00	0.00	24.56	11.62	20.57	1.26	11.11
553108	damage	bot-956	alpha	bot-975	bravo	five_seven	bullet	20.00	80.00	24.62	11.66	21.89	2.00	10.04
553108	damage	bot-975	bravo	bot-956	alpha	cz_805_bren	bullet	24.00	34.61	21.89	2.00	24.62	11.66	10.04
553228	damage	bot-975	bravo	bot-956	alpha	cz_805_bren	bullet	24.00	10.61	21.89	2.00	24.62	11.66	10.03
553250	damage	bot-956	alpha	bot-975	bravo	five_seven	bullet	20.00	60.00	24.62	11.66	21.88	2.05	9.99
553359	kill	bot-975	bravo	bot-956	alpha	cz_805_bren	bullet	24.00	0.00	21.69	2.10	24.62	11.66	9.99
558221	damage	bot-990	alpha	bot-989	bravo	cz_805_bren	bullet	24.00	76.00	-146.41	11.66	-144.95	31.78	20.18
558347	damage	bot-990	alpha	bot-989	bravo	cz_805_bren	bullet	24.00	52.00	-146.41	11.66	-145.00	31.18	19.57
558464	damage	bot-990	alpha	bot-989	bravo	cz_805_bren	bullet	24.00	28.00	-146.41	11.66	-145.00	31.58	19.98
558581	damage	bot-990	alpha	bot-989	bravo	cz_805_bren	bullet	24.00	4.00	-146.41	11.66	-145.02	31.99	20.38
558710	kill	bot-990	alpha	bot-989	bravo	cz_805_bren	bullet	24.00	0.00	-146.41	11.66	-145.02	32.33	20.72
562306	damage	bot-964	alpha	bot-987	bravo	five_seven	bullet	20.00	80.00	110.06	-1.27	69.49	-30.24	49.85
562460	damage	bot-964	alpha	bot-987	bravo	five_seven	bullet	20.00	60.00	110.06	-1.27	69.49	-30.24	49.85
563027	damage	bot-991	bravo	bot-931	alpha	five_seven	bullet	20.00	52.24	-142.35	22.01	-147.19	19.85	5.30
563248	damage	bot-991	bravo	bot-931	alpha	five_seven	bullet	20.00	32.24	-142.35	22.01	-147.03	19.71	5.22
563437	damage	bot-931	alpha	bot-991	bravo	cz_805_bren	bullet	24.00	76.00	-146.78	19.50	-143.00	22.55	4.85
563573	damage	bot-931	alpha	bot-991	bravo	cz_805_bren	bullet	24.00	52.00	-146.72	19.21	-143.00	22.55	5.00
563850	damage	bot-991	bravo	bot-931	alpha	five_seven	bullet	20.00	12.24	-142.67	23.76	-146.02	18.94	5.87
564391	damage	bot-991	bravo	bot-932	alpha	five_seven	bullet	20.00	53.36	-141.12	24.18	-147.14	18.48	8.29
564527	damage	bot-990	alpha	bot-991	bravo	cz_805_bren	bullet	24.00	28.00	-146.04	17.98	-140.60	24.19	8.26
564618	damage	bot-991	bravo	bot-932	alpha	five_seven	bullet	20.00	33.36	-140.39	24.20	-147.19	18.09	9.13
564677	damage	bot-932	alpha	bot-991	bravo	cz_805_bren	bullet	24.00	4.00	-147.19	18.09	-140.18	24.20	9.29
568333	damage	bot-962	alpha	bot-987	bravo	cz_805_bren	bullet	24.00	48.64	109.37	-1.73	69.81	-32.25	49.96
571364	damage	bot-964	alpha	bot-965	bravo	five_seven	bullet	20.00	80.00	95.65	-11.40	48.66	-8.73	47.07
571548	damage	bot-964	alpha	bot-965	bravo	five_seven	bullet	20.00	60.00	95.65	-11.40	48.69	-8.91	47.03
571725	damage	bot-964	alpha	bot-965	bravo	five_seven	bullet	20.00	40.00	95.65	-11.40	48.42	-8.79	47.30
571874	damage	bot-964	alpha	bot-965	bravo	five_seven	bullet	20.00	20.00	95.65	-11.40	47.97	-8.57	47.76
572057	kill	bot-964	alpha	bot-965	bravo	five_seven	bullet	20.00	0.00	95.65	-11.40	47.19	-8.26	48.56
573007	damage	bot-991	bravo	bot-932	alpha	five_seven	bullet	20.00	52.00	-137.08	25.46	-145.93	20.21	10.29
573347	damage	bot-991	bravo	bot-990	alpha	five_seven	bullet	20.00	80.00	-137.08	25.46	-145.38	20.95	9.45
573492	damage	bot-991	bravo	bot-990	alpha	five_seven	bullet	20.00	60.00	-137.08	25.46	-145.39	20.91	9.48
576567	kill	bot-970	bravo	bot-800	alpha	m24	bullet	95.00	0.00	43.31	0.10	85.01	33.84	53.64
577095	damage	bot-814	alpha	bot-975	bravo	cz_805_bren	bullet	24.00	48.04	68.12	37.30	43.23	-1.18	45.82
577213	damage	bot-814	alpha	bot-975	bravo	cz_805_bren	bullet	24.00	24.04	68.12	37.30	43.20	-1.39	46.02
577436	damage	bot-814	alpha	bot-975	bravo	cz_805_bren	bullet	24.00	0.04	68.12	37.30	43.17	-2.03	46.57
577869	kill	bot-814	alpha	bot-975	bravo	cz_805_bren	bullet	24.00	0.00	68.12	37.30	42.42	-3.52	48.23
578195	damage	bot-932	alpha	bot-991	bravo	cz_805_bren	bullet	24.00	48.80	-140.30	20.81	-136.11	21.45	4.24
578325	damage	bot-932	alpha	bot-991	bravo	cz_805_bren	bullet	24.00	24.80	-140.80	20.79	-135.48	21.38	5.36
578365	damage	bot-930	alpha	bot-991	bravo	five_seven	bullet	20.00	4.80	-145.24	20.00	-135.31	21.36	10.03
578470	kill	bot-932	alpha	bot-991	bravo	cz_805_bren	bullet	24.00	0.00	-141.35	20.76	-134.72	21.30	6.65
578940	damage	bot-814	alpha	bot-967	bravo	cz_805_bren	bullet	24.00	52.01	68.13	36.28	43.33	-1.54	45.22
579019	damage	bot-983	bravo	bot-962	alpha	cz_805_bren	bullet	24.00	76.00	44.67	-10.95	91.23	-11.26	46.57
579067	damage	bot-814	alpha	bot-967	bravo	cz_805_bren	bullet	24.00	28.01	68.13	36.28	43.32	-1.72	45.38
579156	damage	bot-983	bravo	bot-962	alpha	cz_805_bren	bullet	24.00	52.00	44.67	-10.96	90.74	-11.07	46.06
579211	damage	bot-814	alpha	bot-967	bravo	cz_805_bren	bullet	24.00	4.01	68.13	36.28	43.31	-1.95	45.58
579288	damage	bot-983	bravo	bot-962	alpha	cz_805_bren	bullet	24.00	29.10	44.69	-10.98	91.39	-11.09	46.70
579356	kill	bot-814	alpha	bot-967	bravo	cz_805_bren	bullet	24.00	0.00	68.13	36.28	43.27	-2.61	46.16
579567	damage	bot-983	bravo	bot-962	alpha	cz_805_bren	bullet	24.00	5.10	44.69	-10.98	92.56	-11.40	47.88
579697	kill	bot-983	bravo	bot-962	alpha	cz_805_bren	bullet	24.00	0.00	44.69	-10.98	93.12	-11.47	48.43
580708	damage	bot-987	bravo	bot-922	alpha	m24	bullet	95.00	5.00	68.41	-34.57	70.00	28.35	62.94
584679	damage	bot-981	bravo	bot-964	alpha	cz_805_bren	bullet	24.00	76.00	54.01	-11.15	87.85	-14.40	33.99
584816	damage	bot-981	bravo	bot-964	alpha	cz_805_bren	bullet	24.00	52.00	54.01	-11.15	87.51	-14.73	33.69
584945	damage	bot-981	bravo	bot-964	alpha	cz_805_bren	bullet	24.00	28.00	54.01	-11.15	88.05	-14.31	34.18
585798	damage	bot-814	alpha	bot-970	bravo	cz_805_bren	bullet	24.00	76.00	59.40	30.98	43.74	0.24	34.50
585915	damage	bot-814	alpha	bot-970	bravo	cz_805_bren	bullet	24.00	52.00	59.40	30.98	43.74	0.24	34.50
586070	damage	bot-814	alpha	bot-970	bravo	cz_805_bren	bullet	24.00	28.00	59.40	30.98	43.70	-0.00	34.73
586225	damage	bot-814	alpha	bot-970	bravo	cz_805_bren	bullet	24.00	4.00	59.40	30.98	43.60	-0.54	35.25
586365	kill	bot-814	alpha	bot-970	bravo	cz_805_bren	bullet	24.00	0.00	59.40	30.98	43.48	-1.33	36.02
587771	damage	bot-996	bravo	bot-932	alpha	five_seven	bullet	20.00	52.46	-133.84	22.17	-137.17	21.23	3.47
588458	damage	bot-983	bravo	bot-954	alpha	cz_805_bren	bullet	24.00	71.03	55.76	-11.59	91.54	-14.10	35.86
588597	damage	bot-983	bravo	bot-954	alpha	cz_805_bren	bullet	24.00	47.03	55.76	-11.59	91.54	-14.10	35.86
588997	damage	bot-814	alpha	bot-983	bravo	cz_805_bren	bullet	24.00	76.00	55.75	34.75	55.64	-11.65	46.40
589126	damage	bot-814	alpha	bot-983	bravo	cz_805_bren	bullet	24.00	52.00	55.75	34.75	55.58	-11.68	46.43
589246	damage	bot-814	alpha	bot-983	bravo	cz_805_bren	bullet	24.00	28.00	55.75	34.75	55.72	-11.81	46.56
589371	damage	bot-814	alpha	bot-983	bravo	cz_805_bren	bullet	24.00	4.00	55.75	34.75	55.94	-12.04	46.79
589495	kill	bot-814	alpha	bot-983	bravo	cz_805_bren	bullet	24.00	0.00	55.75	34.75	56.42	-12.51	47.26
589773	damage	bot-932	alpha	bot-998	bravo	cz_805_bren	bullet	24.00	76.00	-142.25	23.93	-145.25	19.08	5.70
589895	damage	bot-932	alpha	bot-998	bravo	cz_805_bren	bullet	24.00	52.00	-142.79	23.81	-145.34	19.06	5.39
590086	damage	bot-814	alpha	bot-981	bravo	cz_805_bren	bullet	24.00	76.00	55.75	34.75	62.91	-11.95	47.25
590205	damage	bot-814	alpha	bot-981	bravo	cz_805_bren	bullet	24.00	52.00	55.75	34.75	63.18	-11.95	47.29
590331	damage	bot-814	alpha	bot-981	bravo	cz_805_bren	bullet	24.00	28.00	55.75	34.75	62.93	-12.58	47.87
590443	damage	bot-930	alpha	bot-998	bravo	five_seven	bullet	20.00	32.00	-135.25	18.25	-143.92	17.27	8.73
590586	damage	bot-814	alpha	bot-981	bravo	cz_805_bren	bullet	24.00	4.00	55.75	34.75	62.44	-13.81	49.02
590586	damage	bot-998	bravo	bot-930	alpha	cz_805_bren	bullet	24.00	49.20	-143.43	16.80	-135.07	18.16	8.48
590714	damage	bot-998	bravo	bot-930	alpha	cz_805_bren	bullet	24.00	25.20	-142.94	16.32	-134.74	18.17	8.41
590740	damage	bot-996	bravo	bot-931	alpha	five_seven	bullet	20.00	75.43	-132.84	22.53	-135.64	20.93	3.23
590841	damage	bot-998	bravo	bot-930	alpha	cz_805_bren	bullet	24.00	1.20	-142.49	15.90	-134.15	18.18	8.65
590913	damage	bot-930	alpha	bot-998	bravo	five_seven	bullet	20.00	12.00	-133.99	18.19	-142.25	15.67	8.64
590913	damage	bot-996	bravo	bot-931	alpha	five_seven	bullet	20.00	55.43	-132.32	23.10	-135.38	20.90	3.77
591062	damage	bot-996	bravo	bot-931	alpha	five_seven	bullet	20.00	35.43	-131.86	23.55	-135.61	20.91	4.59
591119	kill	bot-998	bravo	bot-930	alpha	cz_805_bren	bullet	24.00	0.00	-141.55	15.00	-132.73	18.21	9.39
591179	damage	bot-931	alpha	bot-996	bravo	cz_805_bren	bullet	24.00	76.00	-135.69	20.92	-131.94	23.60	4.61
591220	damage	bot-996	bravo	bot-931	alpha	five_seven	bullet	20.00	15.43	-132.03	23.65	-135.84	20.93	4.68
591301	damage	bot-931	alpha	bot-996	bravo	cz_805_bren	bullet	24.00	52.00	-135.94	20.93	-132.21	23.74	4.67
591375	kill	bot-996	bravo	bot-931	alpha	five_seven	bullet	20.00	0.00	-132.36	23.81	-136.10	20.94	4.71
591946	kill	bot-987	bravo	bot-958	alpha	m24	bullet	95.00	0.00	68.38	-34.56	61.44	17.02	52.05
592713	kill	bot-814	alpha	bot-981	bravo	cz_805_bren	bullet	24.00	0.00	56.00	32.76	61.31	-16.59	49.64
593013	damage	bot-996	bravo	bot-932	alpha	five_seven	bullet	20.00	52.29	-133.56	21.94	-144.17	21.13	10.64
593156	damage	bot-996	bravo	bot-932	alpha	five_seven	bullet	20.00	32.29	-133.54	21.94	-144.91	21.21	11.39
593936	damage	bot-954	alpha	bot-984	bravo	m24	bullet	95.00	5.00	94.02	-13.35	21.21	-19.73	73.09
594084	damage	bot-964	alpha	bot-987	bravo	five_seven	bullet	20.00	52.48	92.51	-12.37	68.38	-34.56	32.78
594344	damage	bot-964	alpha	bot-987	bravo	five_seven	bullet	20.00	32.48	92.51	-12.37	68.18	-35.06	33.27
595937	damage	bot-990	alpha	bot-996	bravo	cz_805_bren	bullet	24.00	28.00	-137.34	26.72	-136.25	21.04	5.78
595996	damage	bot-814	alpha	bot-999	bravo	cz_805_bren	bullet	24.00	76.00	54.12	29.66	56.98	-19.74	49.48
596083	damage	bot-990	alpha	bot-996	bravo	cz_805_bren	bullet	24.00	4.00	-137.80	27.09	-136.05	21.02	6.31
596264	damage	bot-814	alpha	bot-999	bravo	cz_805_bren	bullet	24.00	52.00	54.12	29.66	56.95	-19.75	49.49
596327	kill	bot-990	alpha	bot-996	bravo	cz_805_bren	bullet	24.00	0.00	-138.74	27.84	-135.62	20.99	7.53
596521	damage	bot-814	alpha	bot-999	bravo	cz_805_bren	bullet	24.00	28.00	54.12	29.66	57.15	-19.80	49.55
598407	damage	bot-964	alpha	bot-999	bravo	five_seven	bullet	20.00	8.00	88.30	-14.85	61.60	-24.50	28.39
598576	kill	bot-964	alpha	bot-999	bravo	five_seven	bullet	20.00	0.00	88.30	-14.85	61.59	-24.48	28.39
601525	damage	bot-984	bravo	bot-982	alpha	cz_805_bren	bullet	24.00	76.00	18.66	-23.51	56.66	5.06	47.54
601641	damage	bot-984	bravo	bot-982	alpha	cz_805_bren	bullet	24.00	52.00	18.65	-23.51	56.39	4.84	47.20
601759	damage	bot-984	bravo	bot-982	alpha	cz_805_bren	bullet	24.00	28.00	18.65	-23.51	56.85	5.28	47.83
601872	damage	bot-984	bravo	bot-982	alpha	cz_805_bren	bullet	24.00	4.00	18.65	-23.52	57.30	5.69	48.45
602012	damage	bot-1001	bravo	bot-932	alpha	five_seven	bullet	20.00	52.72	-138.75	21.25	-145.27	20.96	6.53
602091	damage	bot-1002	alpha	bot-998	bravo	m1911	bullet	33.00	39.30	-134.29	29.51	-131.29	20.58	9.42
602121	damage	bot-932	alpha	bot-1001	bravo	cz_805_bren	bullet	24.00	76.00	-145.43	21.36	-138.63	21.25	6.81
602489	damage	bot-1002	alpha	bot-998	bravo	m1911	bullet	33.00	6.30	-134.29	29.51	-130.37	19.79	10.48
602814	damage	bot-990	alpha	bot-1001	bravo	cz_805_bren	bullet	24.00	52.00	-137.71	26.60	-136.88	21.71	4.96
602935	damage	bot-990	alpha	bot-1001	bravo	cz_805_bren	bullet	24.00	28.00	-137.98	26.99	-136.74	21.62	5.51
603144	damage	bot-990	alpha	bot-1001	bravo	cz_805_bren	bullet	24.00	4.00	-138.53	27.77	-136.32	21.39	6.76
603267	kill	bot-990	alpha	bot-1001	bravo	cz_805_bren	bullet	24.00	0.00	-138.87	28.25	-136.13	21.32	7.45
603267	damage	bot-1003	bravo	bot-1002	alpha	five_seven	bullet	20.00	80.00	-142.23	35.98	-134.06	28.71	10.94
603415	damage	bot-1003	bravo	bot-1002	alpha	five_seven	bullet	20.00	60.00	-142.23	35.98	-134.18	29.37	10.42
603572	damage	bot-1003	bravo	bot-1002	alpha	five_seven	bullet	20.00	40.00	-142.23	35.98	-134.04	28.67	10.98
603750	damage	bot-1003	bravo	bot-1002	alpha	five_seven	bullet	20.00	20.00	-142.23	35.98	-133.89	27.88	11.62
605279	kill	bot-998	bravo	bot-1002	alpha	cz_805_bren	bullet	24.00	0.00	-125.92	15.22	-130.51	21.62	7.88
605785	damage	bot-1003	bravo	bot-990	alpha	five_seven	bullet	20.00	59.40	-140.43	34.23	-136.87	31.48	4.49
607438	damage	bot-990	alpha	bot-1003	bravo	cz_805_bren	bullet	24.00	76.00	-141.12	27.22	-134.56	34.62	9.89
607555	damage	bot-990	alpha	bot-1003	bravo	cz_805_bren	bullet	24.00	52.00	-141.56	26.90	-134.02	34.68	10.82
607681	damage	bot-990	alpha	bot-1003	bravo	cz_805_bren	bullet	24.00	28.00	-141.56	26.90	-133.72	35.12	11.35
607745	damage	bot-998	bravo	bot-1006	alpha	cz_805_bren	bullet	24.00	76.00	-125.91	15.25	-143.16	18.26	17.51
607807	damage	bot-990	alpha	bot-1003	bravo	cz_805_bren	bullet	24.00	4.00	-141.56	26.90	-133.36	35.66	12.00
607863	damage	bot-998	bravo	bot-1006	alpha	cz_805_bren	bullet	24.00	52.00	-125.91	15.25	-143.64	18.26	17.98
607926	kill	bot-990	alpha	bot-1003	bravo	cz_805_bren	bullet	24.00	0.00	-141.56	26.90	-132.97	36.24	12.69
607980	damage	bot-998	bravo	bot-1006	alpha	cz_805_bren	bullet	24.00	28.00	-125.92	15.25	-144.22	18.25	18.55
608102	damage	bot-998	bravo	bot-1006	alpha	cz_805_bren	bullet	24.00	4.00	-125.92	15.25	-144.81	18.26	19.14
609901	damage	bot-814	alpha	bot-963	bravo	cz_805_bren	bullet	24.00	48.40	33.92	28.27	27.37	10.81	18.65
610015	damage	bot-814	alpha	bot-963	bravo	cz_805_bren	bullet	24.00	24.40	33.92	28.27	27.33	10.96	18.52
610139	damage	bot-814	alpha	bot-963	bravo	cz_805_bren	bullet	24.00	0.40	33.92	28.27	27.33	10.97	18.51
610249	kill	bot-814	alpha	bot-963	bravo	cz_805_bren	bullet	24.00	0.00	33.92	28.27	27.33	10.97	18.51
610873	damage	bot-814	alpha	bot-994	bravo	cz_805_bren	bullet	24.00	76.00	33.92	28.27	32.55	-6.00	34.30
611001	damage	bot-814	alpha	bot-994	bravo	cz_805_bren	bullet	24.00	52.00	33.92	28.27	32.72	-5.86	34.15
611099	damage	bot-972	alpha	bot-987	bravo	five_seven	bullet	20.00	52.82	61.98	4.72	65.20	-38.76	43.60
611139	damage	bot-814	alpha	bot-994	bravo	cz_805_bren	bullet	24.00	28.00	33.92	28.27	32.42	-6.53	34.83
611269	damage	bot-814	alpha	bot-994	bravo	cz_805_bren	bullet	24.00	4.00	33.92	28.27	32.53	-7.14	35.44
611565	kill	bot-814	alpha	bot-994	bravo	cz_805_bren	bullet	24.00	0.00	33.92	28.27	31.62	-7.82	36.16
611714	damage	bot-972	alpha	bot-987	bravo	five_seven	bullet	20.00	32.82	62.04	4.47	66.69	-40.33	45.04
612115	damage	bot-814	alpha	bot-993	bravo	cz_805_bren	bullet	24.00	76.00	33.92	28.27	32.26	-6.14	34.45
612681	damage	bot-814	alpha	bot-993	bravo	m1911	bullet	33.00	43.00	33.92	28.27	33.11	-5.04	33.32
613031	damage	bot-814	alpha	bot-993	bravo	m1911	bullet	33.00	10.00	33.92	28.27	32.29	-6.56	34.86
613685	damage	bot-1007	bravo	bot-922	alpha	cz_805_bren	bullet	24.00	48.57	31.60	-14.35	43.58	24.04	40.22
614130	damage	bot-922	alpha	bot-988	bravo	cz_805_bren	bullet	24.00	76.00	44.01	25.21	30.87	-12.08	39.54
614130	damage	bot-1007	bravo	bot-922	alpha	cz_805_bren	bullet	24.00	24.57	31.60	-14.35	44.06	25.40	41.66
614392	damage	bot-1007	bravo	bot-922	alpha	cz_805_bren	bullet	24.00	0.57	31.60	-14.35	44.46	26.39	42.72
614815	kill	bot-982	alpha	bot-993	bravo	cz_805_bren	bullet	24.00	0.00	59.71	2.78	31.46	-13.36	32.54
615809	damage	bot-814	alpha	bot-1007	bravo	m1911	bullet	33.00	67.00	33.09	27.39	31.72	-14.03	41.44
616157	damage	bot-814	alpha	bot-1007	bravo	m1911	bullet	33.00	34.00	33.09	27.39	32.14	-14.10	41.50
616639	kill	bot-859	alpha	bot-1007	bravo	m24	bullet	95.00	0.00	70.74	-15.20	33.64	-16.02	37.11
616804	damage	bot-814	alpha	bot-984	bravo	m1911	bullet	33.00	39.00	33.09	27.39	33.25	-8.16	35.56
617184	damage	bot-814	alpha	bot-984	bravo	m1911	bullet	33.00	6.00	33.09	27.39	32.37	-9.56	36.95
617481	kill	bot-982	alpha	bot-984	bravo	cz_805_bren	bullet	24.00	0.00	57.64	1.78	31.28	-10.68	29.16
619042	damage	bot-964	alpha	bot-987	bravo	five_seven	bullet	20.00	36.00	83.89	-19.29	74.70	-40.82	23.41
619486	damage	bot-964	alpha	bot-987	bravo	five_seven	bullet	20.00	16.00	83.89	-19.29	73.56	-41.16	24.19
620072	kill	bot-954	alpha	bot-988	bravo	m24	bullet	95.00	0.00	74.96	-16.73	30.91	-14.71	44.10
620548	damage	bot-814	alpha	bot-992	bravo	m1911	bullet	33.00	67.00	32.61	27.06	38.38	-4.84	32.41
620891	damage	bot-814	alpha	bot-992	bravo	m1911	bullet	33.00	34.00	32.61	27.06	39.23	-5.69	33.41
620974	kill	bot-972	alpha	bot-987	bravo	five_seven	bullet	20.00	0.00	59.89	-5.96	67.56	-43.81	38.61
621246	damage	bot-814	alpha	bot-992	bravo	m1911	bullet	33.00	1.00	32.61	27.06	40.21	-6.67	34.57
621382	kill	bot-982	alpha	bot-992	bravo	cz_805_bren	bullet	24.00	0.00	55.52	5.00	40.56	-7.01	19.19
623341	damage	bot-922	alpha	bot-1005	bravo	cz_805_bren	bullet	24.00	76.00	48.68	34.11	30.03	-12.05	49.79
623586	damage	bot-922	alpha	bot-1005	bravo	cz_805_bren	bullet	24.00	52.00	48.68	34.11	30.03	-12.05	49.79
625060	damage	bot-980	alpha	bot-1005	bravo	five_seven	bullet	20.00	32.00	68.19	-21.16	28.96	-16.50	39.50
625326	damage	bot-982	alpha	bot-1005	bravo	cz_805_bren	bullet	24.00	8.00	53.25	0.74	28.85	-16.93	30.12
625372	kill	bot-980	alpha	bot-1005	bravo	five_seven	bullet	20.00	0.00	68.19	-21.16	28.85	-16.92	39.57
636305	damage	bot-814	alpha	bot-1012	bravo	cz_805_bren	bullet	24.00	76.00	33.57	3.38	26.27	-30.88	35.02
636448	damage	bot-814	alpha	bot-1012	bravo	cz_805_bren	bullet	24.00	52.00	33.57	3.38	26.27	-30.89	35.03
636488	damage	bot-1000	alpha	bot-1012	bravo	cz_805_bren	bullet	24.00	28.00	45.59	-11.18	26.27	-30.89	27.60
636571	damage	bot-814	alpha	bot-1012	bravo	cz_805_bren	bullet	24.00	4.00	33.57	3.38	26.27	-30.89	35.03
636610	kill	bot-1000	alpha	bot-1012	bravo	cz_805_bren	bullet	24.00	0.00	45.59	-11.18	26.27	-30.89	27.60
654521	damage	bot-814	alpha	bot-1015	bravo	cz_805_bren	bullet	24.00	76.00	0.47	13.25	-30.73	-17.65	43.91
654632	damage	bot-814	alpha	bot-1015	bravo	cz_805_bren	bullet	24.00	52.00	0.47	13.25	-30.73	-17.65	43.91
655184	damage	bot-814	alpha	bot-1015	bravo	m1911	bullet	33.00	19.00	0.47	13.25	-30.51	-19.52	45.09
655798	damage	bot-922	alpha	bot-1016	bravo	cz_805_bren	bullet	24.00	76.00	19.26	-10.45	-19.26	-18.38	39.34
655925	damage	bot-922	alpha	bot-1016	bravo	cz_805_bren	bullet	24.00	52.00	19.26	-10.45	-19.26	-18.38	39.34
657705	damage	bot-814	alpha	bot-1015	bravo	m1911	bullet	33.00	39.29	-0.03	13.52	-30.28	-21.40	46.20
658304	damage	bot-1017	bravo	bot-982	alpha	cz_805_bren	bullet	24.00	62.33	-27.78	-16.17	12.78	-17.19	40.57
658431	damage	bot-1017	bravo	bot-982	alpha	cz_805_bren	bullet	24.00	38.33	-27.78	-16.17	12.77	-17.07	40.56
658563	damage	bot-1017	bravo	bot-982	alpha	cz_805_bren	bullet	24.00	14.33	-27.78	-16.17	12.92	-17.21	40.71
658766	damage	bot-814	alpha	bot-1017	bravo	m1911	bullet	33.00	67.00	-0.03	13.52	-27.79	-16.18	40.65
659914	damage	bot-814	alpha	bot-1017	bravo	m1911	bullet	33.00	34.00	-0.03	13.52	-26.68	-16.36	40.03
661908	damage	bot-814	alpha	bot-1014	bravo	m1911	bullet	33.00	67.00	-0.03	13.52	-29.96	-21.46	46.04
662249	damage	bot-814	alpha	bot-1014	bravo	m1911	bullet	33.00	34.00	-0.03	13.52	-29.96	-21.46	46.04
662616	damage	bot-814	alpha	bot-1014	bravo	m1911	bullet	33.00	1.00	-0.03	13.52	-30.28	-22.81	47.27
663495	damage	bot-814	alpha	bot-1019	bravo	m1911	bullet	33.00	67.00	-0.03	13.52	-31.88	-17.87	44.72
663839	damage	bot-814	alpha	bot-1019	bravo	m1911	bullet	33.00	34.00	-0.03	13.52	-33.49	-17.57	45.67
664205	damage	bot-814	alpha	bot-1019	bravo	m1911	bullet	33.00	1.00	-0.03	13.52	-35.27	-17.64	47.04
664548	kill	bot-814	alpha	bot-1019	bravo	m1911	bullet	33.00	0.00	-0.03	13.52	-36.94	-17.68	48.33
666351	damage	bot-814	alpha	bot-1016	bravo	m1911	bullet	33.00	39.17	-0.69	13.21	-10.17	-16.14	30.84
666696	damage	bot-814	alpha	bot-1016	bravo	m1911	bullet	33.00	6.17	-0.69	13.21	-11.27	-17.52	32.50
667057	kill	bot-814	alpha	bot-1016	bravo	m1911	bullet	33.00	0.00	-0.69	13.21	-12.20	-19.05	34.25
667603	damage	bot-1017	bravo	bot-859	alpha	cz_805_bren	bullet	24.00	48.15	-21.07	-18.30	22.42	-12.89	43.83
667727	damage	bot-1017	bravo	bot-859	alpha	cz_805_bren	bullet	24.00	24.15	-21.07	-18.30	22.77	-12.51	44.23
667839	damage	bot-1017	bravo	bot-859	alpha	cz_805_bren	bullet	24.00	0.15	-21.07	-18.30	23.10	-12.15	44.60
668108	kill	bot-1017	bravo	bot-859	alpha	cz_805_bren	bullet	24.00	0.00	-21.07	-18.30	23.89	-11.33	45.50
668345	damage	bot-997	alpha	bot-1015	bravo	cz_805_bren	bullet	24.00	48.05	8.73	-34.18	-32.92	-29.28	41.93
668759	kill	bot-954	alpha	bot-1015	bravo	m24	bullet	95.00	0.00	7.36	-33.40	-33.94	-28.72	41.56
668995	damage	bot-1017	bravo	bot-918	alpha	cz_805_bren	bullet	24.00	76.00	-19.89	-17.98	-3.47	-17.99	16.42
669052	damage	bot-997	alpha	bot-1014	bravo	cz_805_bren	bullet	24.00	48.19	8.47	-34.26	-32.55	-29.24	41.33
669107	damage	bot-1017	bravo	bot-918	alpha	cz_805_bren	bullet	24.00	52.00	-19.89	-17.98	-3.47	-17.99	16.42
669233	damage	bot-1014	bravo	bot-1000	alpha	five_seven	bullet	20.00	80.00	-32.74	-29.07	3.97	-30.31	36.73
669295	damage	bot-997	alpha	bot-1014	bravo	cz_805_bren	bullet	24.00	24.19	8.47	-34.25	-32.80	-29.01	41.60
669414	damage	bot-997	alpha	bot-1014	bravo	cz_805_bren	bullet	24.00	0.19	8.47	-34.25	-32.93	-28.91	41.74
669523	kill	bot-1000	alpha	bot-1014	bravo	cz_805_bren	bullet	24.00	0.00	3.97	-30.31	-33.06	-28.79	37.06
670176	damage	bot-814	alpha	bot-1017	bravo	m1911	bullet	33.00	39.17	-4.03	10.54	-18.53	-18.59	32.53
670535	damage	bot-814	alpha	bot-1017	bravo	m1911	bullet	33.00	6.17	-4.03	10.54	-19.73	-19.79	34.15
670901	kill	bot-814	alpha	bot-1017	bravo	m1911	bullet	33.00	0.00	-4.03	10.54	-21.00	-21.06	35.86