t_ms	type	attacker	attacker_team	victim	victim_team	weapon	cause	amount	victim_health	ax	az	vx	vz	dist
259	damage	bot-479	alpha	bot-551	bravo	cz_805_bren	bullet	24.00	76.00	-8.58	-11.16	12.57	-1.56	23.22
259	damage	bot-491	alpha	bot-551	bravo	five_seven	bullet	20.00	56.00	10.58	12.03	12.57	-1.56	13.74
403	damage	bot-491	alpha	bot-551	bravo	five_seven	bullet	20.00	36.00	10.58	12.03	12.96	-2.52	14.75
585	damage	bot-491	alpha	bot-551	bravo	five_seven	bullet	20.00	16.00	10.58	12.03	13.35	-3.50	15.78
748	kill	bot-491	alpha	bot-551	bravo	five_seven	bullet	20.00	0.00	10.58	12.03	13.35	-4.37	16.64
3540	damage	bot-271	alpha	bot-553	bravo	cz_805_bren	bullet	24.00	76.00	3.23	-17.64	-21.80	17.05	42.77
3746	damage	bot-553	bravo	bot-467	alpha	five_seven	bullet	20.00	74.71	-21.80	17.05	-26.70	15.05	5.30
4492	damage	bot-271	alpha	bot-553	bravo	cz_805_bren	bullet	24.00	52.00	3.24	-17.90	-21.22	13.76	40.01
4708	damage	bot-533	alpha	bot-555	bravo	cz_805_bren	bullet	24.00	76.00	-21.00	-6.75	-15.89	-4.07	5.77
4834	damage	bot-533	alpha	bot-555	bravo	cz_805_bren	bullet	24.00	52.00	-21.00	-6.74	-15.77	-4.02	5.89
5200	damage	bot-544	alpha	bot-553	bravo	cz_805_bren	bullet	24.00	28.00	-24.11	-2.62	-25.02	13.61	16.25
5356	damage	bot-544	alpha	bot-553	bravo	cz_805_bren	bullet	24.00	4.00	-24.11	-2.62	-25.15	13.80	16.45
5492	kill	bot-544	alpha	bot-553	bravo	cz_805_bren	bullet	24.00	0.00	-24.11	-2.62	-25.44	14.17	16.84
5802	damage	bot-505	alpha	bot-555	bravo	five_seven	bullet	20.00	32.00	-12.48	10.48	-14.22	-1.77	12.37
5946	damage	bot-505	alpha	bot-555	bravo	five_seven	bullet	20.00	12.00	-12.48	10.48	-14.01	-1.44	12.02
6236	kill	bot-271	alpha	bot-555	bravo	cz_805_bren	bullet	24.00	0.00	2.74	-17.16	-13.13	-0.51	23.00
6447	damage	bot-370	alpha	bot-556	bravo	m1911	bullet	33.00	67.00	-19.89	-5.80	-17.59	-4.59	2.59
6520	damage	bot-556	bravo	bot-370	alpha	cz_805_bren	bullet	24.00	41.30	-17.54	-4.54	-20.03	-5.83	2.80
6816	damage	bot-370	alpha	bot-556	bravo	m1911	bullet	33.00	34.00	-20.19	-6.00	-17.31	-4.32	3.33
6883	damage	bot-489	alpha	bot-556	bravo	m1911	bullet	33.00	1.00	13.70	6.08	-17.26	-4.26	32.63
6970	damage	bot-556	bravo	bot-370	alpha	cz_805_bren	bullet	24.00	17.30	-17.21	-4.19	-20.33	-6.17	3.70
7107	kill	bot-556	bravo	bot-370	alpha	cz_805_bren	bullet	24.00	0.00	-17.09	-4.05	-20.45	-6.25	4.01
7244	kill	bot-489	alpha	bot-556	bravo	m1911	bullet	33.00	0.00	13.70	6.08	-17.04	-3.98	32.34
8207	damage	bot-557	bravo	bot-491	alpha	five_seven	bullet	20.00	80.00	3.76	-1.26	11.58	2.95	8.88
8364	damage	bot-557	bravo	bot-491	alpha	five_seven	bullet	20.00	60.00	3.76	-1.26	11.64	2.84	8.88
8544	damage	bot-557	bravo	bot-491	alpha	five_seven	bullet	20.00	40.00	3.76	-1.26	11.71	2.97	9.01
8660	damage	bot-271	alpha	bot-557	bravo	cz_805_bren	bullet	24.00	76.00	3.35	-16.36	3.76	-1.26	15.10
8731	damage	bot-557	bravo	bot-491	alpha	five_seven	bullet	20.00	20.00	3.76	-1.26	11.79	3.11	9.14
8800	damage	bot-544	alpha	bot-557	bravo	cz_805_bren	bullet	24.00	52.00	-23.12	4.18	3.76	-1.26	27.43
8949	kill	bot-557	bravo	bot-491	alpha	five_seven	bullet	20.00	0.00	3.41	-1.87	11.91	3.25	9.92
9100	damage	bot-544	alpha	bot-557	bravo	cz_805_bren	bullet	24.00	28.00	-23.12	4.18	3.23	-2.53	27.19
9262	damage	bot-544	alpha	bot-557	bravo	cz_805_bren	bullet	24.00	4.00	-23.12	4.18	3.23	-3.24	27.38
9392	kill	bot-271	alpha	bot-557	bravo	cz_805_bren	bullet	24.00	0.00	4.67	-17.32	3.26	-3.92	13.48
10333	damage	bot-544	alpha	bot-559	bravo	cz_805_bren	bullet	24.00	76.00	-22.75	4.25	-7.95	-3.48	16.70
10333	damage	bot-558	alpha	bot-559	bravo	five_seven	bullet	20.00	56.00	-6.84	21.53	-7.95	-3.48	25.03
11202	damage	bot-489	alpha	bot-559	bravo	m1911	bullet	33.00	23.00	16.01	7.22	-10.87	-6.37	30.12
11864	damage	bot-529	alpha	bot-559	bravo	five_seven	bullet	20.00	3.00	13.96	-1.88	-12.70	-8.20	27.40
12029	kill	bot-529	alpha	bot-559	bravo	five_seven	bullet	20.00	0.00	13.96	-1.89	-12.69	-8.19	27.38
13287	damage	bot-497	alpha	bot-561	bravo	five_seven	bullet	20.00	80.00	16.79	8.42	-15.58	-2.66	34.21
13440	damage	bot-561	bravo	bot-533	alpha	cz_805_bren	bullet	24.00	76.00	-15.58	-2.66	-20.11	-6.79	6.13
13586	damage	bot-497	alpha	bot-561	bravo	five_seven	bullet	20.00	60.00	16.79	8.42	-15.58	-2.66	34.21
13586	damage	bot-561	bravo	bot-533	alpha	cz_805_bren	bullet	24.00	52.00	-15.58	-2.66	-20.10	-6.79	6.13
13714	damage	bot-561	bravo	bot-533	alpha	cz_805_bren	bullet	24.00	28.00	-16.01	-3.24	-20.22	-6.79	5.51
13944	damage	bot-497	alpha	bot-561	bravo	five_seven	bullet	20.00	40.00	16.79	8.42	-16.29	-3.64	35.21
13944	damage	bot-561	bravo	bot-533	alpha	cz_805_bren	bullet	24.00	4.00	-16.29	-3.64	-20.37	-6.78	5.15
14121	kill	bot-561	bravo	bot-533	alpha	cz_805_bren	bullet	24.00	0.00	-16.37	-3.77	-20.48	-6.78	5.09
14476	damage	bot-563	bravo	bot-544	alpha	cz_805_bren	bullet	24.00	76.00	-17.17	0.67	-22.75	4.25	6.63
14703	damage	bot-489	alpha	bot-563	bravo	m1911	bullet	33.00	67.00	16.01	7.22	-16.41	-0.09	33.23
14931	damage	bot-563	bravo	bot-544	alpha	cz_805_bren	bullet	24.00	52.00	-15.95	-0.58	-22.75	4.25	8.34
15080	damage	bot-489	alpha	bot-563	bravo	m1911	bullet	33.00	34.00	16.01	7.22	-15.47	-0.31	32.37
15437	damage	bot-489	alpha	bot-563	bravo	m1911	bullet	33.00	1.00	16.01	7.22	-17.11	-1.14	34.16
15552	kill	bot-497	alpha	bot-563	bravo	five_seven	bullet	20.00	0.00	16.44	8.03	-17.70	-1.57	35.46
16431	damage	bot-564	bravo	bot-509	alpha	five_seven	bullet	20.00	52.19	14.24	15.26	17.72	17.47	4.12
16629	damage	bot-564	bravo	bot-509	alpha	five_seven	bullet	20.00	32.19	14.24	15.26	18.42	18.31	5.17
16688	damage	bot-479	alpha	bot-564	bravo	cz_805_bren	bullet	24.00	76.00	-10.41	-16.24	14.24	15.26	40.00
16688	damage	bot-509	alpha	bot-564	bravo	cz_805_bren	bullet	24.00	52.00	18.42	18.31	14.24	15.26	5.17
16840	damage	bot-561	bravo	bot-550	alpha	cz_805_bren	bullet	24.00	76.00	-22.79	-6.41	-25.90	-11.03	5.57
17013	damage	bot-546	alpha	bot-561	bravo	five_seven	bullet	20.00	20.00	-20.06	-13.83	-23.14	-6.44	8.01
17094	kill	bot-521	alpha	bot-561	bravo	five_seven	bullet	20.00	0.00	-20.40	-20.23	-23.31	-6.45	14.08
17094	damage	bot-564	bravo	bot-509	alpha	five_seven	bullet	20.00	12.19	14.24	13.59	19.79	19.98	8.46
17434	damage	bot-495	alpha	bot-564	bravo	cz_805_bren	bullet	24.00	28.00	10.64	-5.84	14.25	11.84	18.04
17798	damage	bot-495	alpha	bot-564	bravo	cz_805_bren	bullet	24.00	4.00	10.64	-5.84	14.03	11.20	17.37
17962	kill	bot-495	alpha	bot-564	bravo	cz_805_bren	bullet	24.00	0.00	10.65	-5.84	13.60	10.63	16.73
18403	damage	bot-271	alpha	bot-566	bravo	cz_805_bren	bullet	24.00	76.00	4.24	-14.64	-3.74	10.42	26.30
18739	damage	bot-271	alpha	bot-566	bravo	cz_805_bren	bullet	24.00	52.00	4.24	-14.64	-3.66	11.64	27.45
18913	damage	bot-271	alpha	bot-566	bravo	cz_805_bren	bullet	24.00	28.00	4.24	-14.64	-3.48	12.31	28.04
19100	damage	bot-566	bravo	bot-562	alpha	m1911	bullet	33.00	23.06	-3.29	12.99	0.07	21.74	9.38
19279	damage	bot-271	alpha	bot-566	bravo	cz_805_bren	bullet	24.00	4.00	4.24	-14.64	-3.09	13.68	29.26
19479	kill	bot-566	bravo	bot-562	alpha	m1911	bullet	33.00	0.00	-2.90	14.38	0.16	21.53	7.78
19659	kill	bot-271	alpha	bot-566	bravo	cz_805_bren	bullet	24.00	0.00	4.24	-14.64	-2.80	15.10	30.57
20264	damage	bot-497	alpha	bot-568	bravo	five_seven	bullet	20.00	80.00	15.68	7.75	8.25	18.25	12.87
20405	damage	bot-497	alpha	bot-568	bravo	five_seven	bullet	20.00	60.00	15.68	7.75	8.25	18.25	12.87
20556	damage	bot-497	alpha	bot-568	bravo	five_seven	bullet	20.00	40.00	15.68	7.75	7.67	18.66	13.53
20739	damage	bot-497	alpha	bot-568	bravo	five_seven	bullet	20.00	20.00	15.68	7.75	6.80	19.27	14.55
20962	damage	bot-568	bravo	bot-569	alpha	cz_805_bren	bullet	24.00	76.00	5.92	19.89	15.09	21.70	9.35
21157	kill	bot-565	alpha	bot-568	bravo	cz_805_bren	bullet	24.00	0.00	22.87	15.55	5.07	20.49	18.47
22486	damage	bot-495	alpha	bot-570	bravo	cz_805_bren	bullet	24.00	76.00	7.79	-2.70	12.93	25.47	28.64
22703	damage	bot-567	alpha	bot-570	bravo	five_seven	bullet	20.00	56.00	-2.09	21.18	12.93	25.47	15.63
22910	damage	bot-567	alpha	bot-570	bravo	five_seven	bullet	20.00	36.00	-2.09	21.18	12.74	25.60	15.48
22975	damage	bot-570	bravo	bot-509	alpha	cz_805_bren	bullet	24.00	41.29	12.68	25.67	21.68	20.19	10.54
23119	damage	bot-567	alpha	bot-570	bravo	five_seven	bullet	20.00	16.00	-2.09	21.18	12.55	25.75	15.34
23119	damage	bot-570	bravo	bot-509	alpha	cz_805_bren	bullet	24.00	19.09	12.55	25.75	21.68	20.19	10.69
23238	kill	bot-570	bravo	bot-509	alpha	cz_805_bren	bullet	24.00	0.00	12.42	25.84	21.68	20.19	10.85
23306	kill	bot-497	alpha	bot-570	bravo	five_seven	bullet	20.00	0.00	14.81	8.92	12.36	25.88	17.14
24504	damage	bot-571	bravo	bot-572	alpha	five_seven	bullet	20.00	80.00	-9.74	2.74	-7.86	7.58	5.19
24620	damage	bot-537	alpha	bot-571	bravo	five_seven	bullet	20.00	80.00	-15.86	-8.16	-9.74	2.74	12.50
24719	damage	bot-571	bravo	bot-572	alpha	five_seven	bullet	20.00	60.00	-9.74	2.74	-7.95	7.48	5.06
24833	damage	bot-537	alpha	bot-571	bravo	five_seven	bullet	20.00	60.00	-15.84	-8.16	-9.74	2.74	12.49
26469	damage	bot-497	alpha	bot-573	bravo	five_seven	bullet	20.00	80.00	14.79	9.63	4.75	2.72	12.18
26531	damage	bot-537	alpha	bot-573	bravo	five_seven	bullet	20.00	60.00	-15.13	-7.11	4.75	2.72	22.18
26610	damage	bot-479	alpha	bot-573	bravo	cz_805_bren	bullet	24.00	36.00	-7.82	-10.07	4.98	2.94	18.24
26610	damage	bot-497	alpha	bot-573	bravo	five_seven	bullet	20.00	16.00	14.79	9.63	4.98	2.94	11.88
26691	kill	bot-529	alpha	bot-573	bravo	five_seven	bullet	20.00	0.00	14.89	0.80	5.20	3.16	9.97
28475	damage	bot-489	alpha	bot-574	bravo	five_seven	bullet	20.00	80.00	15.37	2.24	-1.69	-1.91	17.56
28475	damage	bot-497	alpha	bot-574	bravo	five_seven	bullet	20.00	60.00	13.89	10.73	-1.69	-1.91	20.07
28679	damage	bot-521	alpha	bot-574	bravo	five_seven	bullet	20.00	40.00	-18.93	-8.41	-2.17	-1.41	18.16
28757	damage	bot-544	alpha	bot-574	bravo	cz_805_bren	bullet	24.00	16.00	-16.28	14.26	-2.42	-1.16	20.73
28828	kill	bot-489	alpha	bot-574	bravo	five_seven	bullet	20.00	0.00	15.38	2.23	-2.67	-0.90	18.32
30592	damage	bot-539	alpha	bot-575	bravo	m24	bullet	95.00	5.00	-9.75	-15.75	14.24	14.76	38.81
30870	kill	bot-487	alpha	bot-575	bravo	cz_805_bren	bullet	24.00	0.00	-8.77	-19.26	14.31	15.47	41.70
32870	damage	bot-576	bravo	bot-467	alpha	five_seven	bullet	20.00	54.71	-14.96	-4.17	-19.45	9.98	14.85
33009	damage	bot-529	alpha	bot-576	bravo	five_seven	bullet	20.00	80.00	18.73	-0.35	-14.97	-4.16	33.91
33009	damage	bot-544	alpha	bot-576	bravo	cz_805_bren	bullet	24.00	56.00	-14.91	12.36	-14.97	-4.16	16.52
33009	damage	bot-546	alpha	bot-576	bravo	five_seven	bullet	20.00	36.00	-17.34	-5.42	-14.97	-4.16	2.68
33159	damage	bot-544	alpha	bot-576	bravo	cz_805_bren	bullet	24.00	12.00	-14.91	12.36	-15.16	-4.37	16.73
33159	kill	bot-546	alpha	bot-576	bravo	five_seven	bullet	20.00	0.00	-17.60	-5.63	-15.16	-4.37	2.74
37027	damage	bot-497	alpha	bot-577	bravo	five_seven	bullet	20.00	80.00	21.86	20.45	25.59	14.73	6.82
37257	damage	bot-497	alpha	bot-577	bravo	five_seven	bullet	20.00	60.00	21.97	20.58	25.23	15.17	6.32
37739	damage	bot-497	alpha	bot-577	bravo	five_seven	bullet	20.00	40.00	22.19	20.80	26.01	14.02	7.78
37739	damage	bot-577	bravo	bot-497	alpha	five_seven	bullet	20.00	36.21	26.01	14.02	22.25	20.85	7.80
38040	damage	bot-497	alpha	bot-577	bravo	five_seven	bullet	20.00	20.00	22.31	20.91	26.68	13.78	8.36
38256	damage	bot-565	alpha	bot-578	bravo	cz_805_bren	bullet	24.00	76.00	26.75	9.40	26.07	15.70	6.33
38462	damage	bot-565	alpha	bot-578	bravo	cz_805_bren	bullet	24.00	52.00	26.75	8.76	26.09	15.69	6.97
38848	kill	bot-565	alpha	bot-577	bravo	cz_805_bren	bullet	24.00	0.00	26.75	6.83	26.75	9.87	3.05
39840	kill	bot-560	alpha	bot-578	bravo	m24	bullet	95.00	0.00	-14.69	22.77	20.89	21.14	35.62
41232	damage	bot-580	bravo	bot-544	alpha	five_seven	bullet	20.00	52.64	-26.25	-4.23	-14.62	9.93	18.33
41450	damage	bot-529	alpha	bot-580	bravo	five_seven	bullet	20.00	80.00	10.50	-2.73	-26.25	-4.23	36.78
43390	damage	bot-487	alpha	bot-581	bravo	cz_805_bren	bullet	24.00	76.00	-1.45	-6.80	15.74	-5.77	17.22
43555	damage	bot-487	alpha	bot-581	bravo	cz_805_bren	bullet	24.00	52.00	-1.45	-6.80	15.74	-5.77	17.22
43703	damage	bot-487	alpha	bot-581	bravo	cz_805_bren	bullet	24.00	28.00	-1.45	-6.80	16.73	-5.76	18.20
45239	damage	bot-479	alpha	bot-582	bravo	cz_805_bren	bullet	24.00	76.00	-3.78	-8.06	6.26	5.24	16.66
45796	kill	bot-487	alpha	bot-582	bravo	cz_805_bren	bullet	24.00	0.00	2.09	-7.21	7.93	4.08	12.71
46921	damage	bot-487	alpha	bot-579	bravo	cz_805_bren	bullet	24.00	76.00	2.46	-7.16	19.10	10.99	24.62
47100	damage	bot-479	alpha	bot-584	bravo	cz_805_bren	bullet	24.00	76.00	-2.52	-7.10	20.17	-4.98	22.79
47100	damage	bot-487	alpha	bot-579	bravo	cz_805_bren	bullet	24.00	52.00	2.46	-7.16	19.10	10.99	24.62
47228	damage	bot-479	alpha	bot-584	bravo	cz_805_bren	bullet	24.00	52.00	-2.52	-7.10	19.52	-5.08	22.13
47228	damage	bot-487	alpha	bot-579	bravo	cz_805_bren	bullet	24.00	28.00	2.46	-7.16	19.17	11.24	24.85
47452	damage	bot-495	alpha	bot-584	bravo	cz_805_bren	bullet	24.00	28.00	-5.08	-7.15	20.32	-5.47	25.46
47452	damage	bot-584	bravo	bot-565	alpha	cz_805_bren	bullet	24.00	76.00	20.32	-5.47	26.67	2.58	10.25
47655	damage	bot-271	alpha	bot-584	bravo	cz_805_bren	bullet	24.00	4.00	-7.39	-7.11	20.64	-5.36	28.09
47655	kill	bot-479	alpha	bot-584	bravo	cz_805_bren	bullet	24.00	0.00	-2.52	-7.10	20.64	-5.36	23.23
49007	damage	bot-546	alpha	bot-586	bravo	five_seven	bullet	20.00	80.00	-21.00	-8.57	-4.25	-6.75	16.85
49148	damage	bot-546	alpha	bot-586	bravo	five_seven	bullet	20.00	60.00	-21.01	-8.57	-4.25	-6.75	16.85
49193	damage	bot-583	alpha	bot-586	bravo	cz_805_bren	bullet	24.00	36.00	0.90	-13.33	-3.97	-6.96	8.02
49291	damage	bot-546	alpha	bot-586	bravo	five_seven	bullet	20.00	16.00	-21.01	-8.57	-3.48	-7.33	17.57
49291	kill	bot-565	alpha	bot-586	bravo	cz_805_bren	bullet	24.00	0.00	26.21	2.14	-3.48	-7.33	31.16
51118	damage	bot-546	alpha	bot-587	bravo	five_seven	bullet	20.00	80.00	-18.96	-8.07	6.83	-3.17	26.25
51420	damage	bot-565	alpha	bot-587	bravo	cz_805_bren	bullet	24.00	56.00	25.67	1.76	5.68	-4.07	20.82
51725	damage	bot-493	alpha	bot-587	bravo	cz_805_bren	bullet	24.00	32.00	11.20	-5.77	4.68	-3.06	7.06
51725	damage	bot-585	alpha	bot-587	bravo	five_seven	bullet	20.00	12.00	5.29	-7.58	4.68	-3.06	4.57
51863	kill	bot-479	alpha	bot-587	bravo	cz_805_bren	bullet	24.00	0.00	8.92	-5.79	4.16	-2.56	5.76
57175	damage	bot-541	alpha	bot-591	bravo	cz_805_bren	bullet	24.00	76.00	10.20	0.35	12.80	12.78	12.70
57409	damage	bot-497	alpha	bot-591	bravo	five_seven	bullet	20.00	56.00	15.85	14.69	13.17	11.83	3.92
57778	damage	bot-546	alpha	bot-591	bravo	five_seven	bullet	20.00	36.00	-10.69	-7.52	13.78	9.91	30.05
57944	damage	bot-546	alpha	bot-591	bravo	five_seven	bullet	20.00	16.00	-10.69	-7.52	13.99	9.25	29.84
58071	kill	bot-550	alpha	bot-591	bravo	m24	bullet	95.00	0.00	-17.62	-5.24	14.20	8.57	34.68
60298	damage	bot-546	alpha	bot-579	bravo	five_seven	bullet	20.00	52.60	-5.86	-12.09	19.00	10.70	33.72
61218	kill	bot-592	bravo	bot-572	alpha	m24	bullet	95.00	0.00	-16.32	17.67	-3.79	-12.66	32.82
61431	damage	bot-497	alpha	bot-594	bravo	five_seven	bullet	20.00	80.00	12.67	15.17	-1.07	-16.94	34.93
61572	damage	bot-497	alpha	bot-594	bravo	five_seven	bullet	20.00	60.00	12.67	15.17	-1.07	-16.94	34.93
61572	damage	bot-539	alpha	bot-594	bravo	five_seven	bullet	20.00	40.00	4.33	-5.25	-1.07	-16.94	12.88
61572	damage	bot-594	bravo	bot-546	alpha	cz_805_bren	bullet	24.00	8.81	-1.07	-16.94	-5.82	-12.07	6.80
61808	kill	bot-594	bravo	bot-546	alpha	cz_805_bren	bullet	24.00	0.00	-0.05	-17.96	-5.80	-12.06	8.23
62015	damage	bot-594	bravo	bot-585	alpha	cz_805_bren	bullet	24.00	76.00	0.73	-18.74	-3.23	-6.00	13.34
63340	damage	bot-583	alpha	bot-594	bravo	cz_805_bren	bullet	24.00	16.00	-8.56	-9.28	4.18	-22.14	18.11
63499	kill	bot-583	alpha	bot-594	bravo	cz_805_bren	bullet	24.00	0.00	-8.57	-9.27	4.19	-22.14	18.12
63686	damage	bot-560	alpha	bot-596	bravo	m1911	bullet	33.00	67.00	-22.95	12.75	-21.02	13.34	2.02
64027	damage	bot-560	alpha	bot-596	bravo	m1911	bullet	33.00	34.00	-23.32	12.75	-21.02	13.34	2.37
64101	damage	bot-593	alpha	bot-590	bravo	cz_805_bren	bullet	24.00	76.00	13.14	7.10	23.25	5.25	10.28
64257	damage	bot-593	alpha	bot-590	bravo	cz_805_bren	bullet	24.00	52.00	13.14	7.11	23.25	5.25	10.28
64423	damage	bot-560	alpha	bot-596	bravo	m1911	bullet	33.00	1.00	-23.47	12.44	-20.76	13.05	2.78
65859	kill	bot-479	alpha	bot-596	bravo	cz_805_bren	bullet	24.00	0.00	13.12	-2.83	-18.82	11.97	35.21
65929	damage	bot-560	alpha	bot-592	bravo	m1911	bullet	33.00	38.48	-23.11	12.72	-20.73	20.77	8.40
66011	damage	bot-592	bravo	bot-560	alpha	m1911	bullet	33.00	38.85	-20.48	21.00	-23.42	12.41	9.08
66273	damage	bot-560	alpha	bot-592	bravo	m1911	bullet	33.00	5.48	-23.55	11.72	-19.71	21.69	10.68
66273	damage	bot-599	alpha	bot-598	bravo	five_seven	bullet	20.00	80.00	-20.76	2.99	-20.61	13.62	10.63
66425	damage	bot-599	alpha	bot-598	bravo	five_seven	bullet	20.00	60.00	-20.76	2.99	-20.59	13.96	10.97
66626	damage	bot-599	alpha	bot-598	bravo	five_seven	bullet	20.00	40.00	-20.76	2.99	-21.18	14.68	11.70
66790	damage	bot-495	alpha	bot-598	bravo	cz_805_bren	bullet	24.00	16.00	-9.69	-3.72	-21.24	14.93	21.94
66790	kill	bot-599	alpha	bot-598	bravo	five_seven	bullet	20.00	0.00	-20.76	2.99	-21.31	15.22	12.24
72072	damage	bot-593	alpha	bot-579	bravo	cz_805_bren	bullet	24.00	48.86	14.75	5.45	18.21	11.03	6.57
72156	damage	bot-495	alpha	bot-604	bravo	cz_805_bren	bullet	24.00	76.00	-10.52	-3.97	-5.76	-10.84	8.35
72324	damage	bot-495	alpha	bot-604	bravo	cz_805_bren	bullet	24.00	52.00	-10.51	-3.96	-5.76	-10.83	8.35
72324	damage	bot-585	alpha	bot-604	bravo	five_seven	bullet	20.00	32.00	-10.01	-8.25	-5.76	-10.83	4.98
72388	damage	bot-604	bravo	bot-495	alpha	cz_805_bren	bullet	24.00	71.79	-5.78	-10.88	-10.51	-3.96	8.38
72448	damage	bot-495	alpha	bot-604	bravo	cz_805_bren	bullet	24.00	8.00	-10.51	-3.96	-5.81	-10.94	8.41
72536	damage	bot-604	bravo	bot-495	alpha	cz_805_bren	bullet	24.00	47.79	-5.82	-11.00	-10.51	-3.96	8.46
72613	kill	bot-495	alpha	bot-604	bravo	cz_805_bren	bullet	24.00	0.00	-10.51	-3.96	-5.86	-11.07	8.50
77781	damage	bot-567	alpha	bot-610	bravo	five_seven	bullet	20.00	80.00	-8.63	-9.84	-7.26	-25.24	15.46
77977	damage	bot-567	alpha	bot-610	bravo	five_seven	bullet	20.00	60.00	-8.63	-9.84	-7.29	-25.11	15.32
78226	damage	bot-567	alpha	bot-610	bravo	five_seven	bullet	20.00	40.00	-8.63	-9.84	-7.44	-25.17	15.37
78226	damage	bot-589	bravo	bot-497	alpha	cz_805_bren	bullet	24.00	48.80	17.25	9.75	10.74	-1.68	13.16
78356	kill	bot-569	alpha	bot-610	bravo	m24	bullet	95.00	0.00	-1.61	10.21	-7.52	-25.19	35.89
78356	damage	bot-589	bravo	bot-497	alpha	cz_805_bren	bullet	24.00	24.80	17.25	9.75	10.61	-2.03	13.52
81357	damage	bot-590	bravo	bot-593	alpha	cz_805_bren	bullet	24.00	76.00	17.99	5.55	15.25	7.75	3.51
82032	damage	bot-613	alpha	bot-614	bravo	five_seven	bullet	20.00	80.00	22.04	22.32	21.25	15.75	6.62
82258	damage	bot-613	alpha	bot-614	bravo	five_seven	bullet	20.00	60.00	22.04	22.32	21.25	15.75	6.62
82258	damage	bot-614	bravo	bot-613	alpha	five_seven	bullet	20.00	80.00	21.25	15.75	22.04	22.32	6.62
82362	damage	bot-608	bravo	bot-588	alpha	m1911	bullet	33.00	67.00	-6.88	22.29	-2.20	8.75	14.33
83150	damage	bot-614	bravo	bot-613	alpha	five_seven	bullet	20.00	60.00	18.24	14.85	22.04	22.32	8.38
83894	damage	bot-613	alpha	bot-614	bravo	five_seven	bullet	20.00	40.00	24.10	24.27	15.47	14.26	13.22
84042	damage	bot-613	alpha	bot-614	bravo	five_seven	bullet	20.00	20.00	24.88	25.01	14.85	13.39	15.34
84381	damage	bot-583	alpha	bot-615	bravo	cz_805_bren	bullet	24.00	76.00	-12.24	-18.24	14.75	9.13	38.44
84446	damage	bot-521	alpha	bot-615	bravo	five_seven	bullet	20.00	56.00	-4.42	-12.78	14.74	9.06	29.05
84446	damage	bot-554	alpha	bot-615	bravo	cz_805_bren	bullet	24.00	32.00	-3.75	-13.75	14.74	9.06	29.36
84513	damage	bot-583	alpha	bot-615	bravo	cz_805_bren	bullet	24.00	8.00	-12.23	-18.24	14.73	9.14	38.42
84571	kill	bot-554	alpha	bot-615	bravo	cz_805_bren	bullet	24.00	0.00	-3.75	-13.75	14.72	9.22	29.48
84662	damage	bot-612	bravo	bot-599	alpha	cz_805_bren	bullet	24.00	48.26	-19.25	-21.25	-22.71	-11.40	10.44
84732	damage	bot-590	bravo	bot-593	alpha	cz_805_bren	bullet	24.00	52.00	17.25	6.10	15.25	7.75	2.59
84732	damage	bot-599	alpha	bot-612	bravo	five_seven	bullet	20.00	80.00	-22.71	-11.40	-19.25	-21.25	10.44
84808	damage	bot-612	bravo	bot-599	alpha	cz_805_bren	bullet	24.00	24.26	-19.25	-21.25	-22.62	-11.33	10.48
84878	damage	bot-599	alpha	bot-612	bravo	five_seven	bullet	20.00	60.00	-22.62	-11.33	-19.25	-21.25	10.48
84878	damage	bot-613	alpha	bot-608	bravo	five_seven	bullet	20.00	80.00	26.68	26.68	-7.93	22.71	34.83
84954	kill	bot-554	alpha	bot-614	bravo	cz_805_bren	bullet	24.00	0.00	-3.75	-13.75	13.80	10.36	29.82
85032	damage	bot-599	alpha	bot-612	bravo	five_seven	bullet	20.00	40.00	-22.51	-11.26	-19.13	-21.37	10.66
85117	damage	bot-611	alpha	bot-608	bravo	cz_805_bren	bullet	24.00	56.00	17.51	14.31	-7.91	22.71	26.77
85117	damage	bot-612	bravo	bot-599	alpha	cz_805_bren	bullet	24.00	0.26	-19.08	-21.42	-22.45	-11.18	10.78
85215	damage	bot-599	alpha	bot-612	bravo	five_seven	bullet	20.00	20.00	-22.45	-11.18	-19.02	-21.48	10.86
85299	damage	bot-611	alpha	bot-608	bravo	cz_805_bren	bullet	24.00	32.00	17.51	14.31	-8.08	22.70	26.93
85375	kill	bot-599	alpha	bot-612	bravo	five_seven	bullet	20.00	0.00	-22.34	-11.13	-18.90	-21.60	11.02
85455	damage	bot-611	alpha	bot-608	bravo	cz_805_bren	bullet	24.00	8.00	17.51	14.31	-8.25	22.70	27.09
85598	kill	bot-611	alpha	bot-608	bravo	cz_805_bren	bullet	24.00	0.00	17.51	14.31	-8.41	22.70	27.24
85996	damage	bot-611	alpha	bot-592	bravo	cz_805_bren	bullet	24.00	48.87	17.51	14.31	-13.56	26.57	33.40
86314	damage	bot-611	alpha	bot-592	bravo	cz_805_bren	bullet	24.00	24.87	17.51	14.31	-13.82	26.34	33.56
86440	damage	bot-611	alpha	bot-592	bravo	cz_805_bren	bullet	24.00	0.87	17.51	14.31	-13.95	26.23	33.65
88003	damage	bot-611	alpha	bot-617	bravo	cz_805_bren	bullet	24.00	76.00	17.96	14.27	-16.21	26.18	36.18
88189	damage	bot-611	alpha	bot-617	bravo	cz_805_bren	bullet	24.00	52.00	17.96	14.27	-16.15	26.17	36.12
88474	damage	bot-611	alpha	bot-617	bravo	cz_805_bren	bullet	24.00	28.00	17.96	14.27	-16.38	25.85	36.23
88634	damage	bot-611	alpha	bot-617	bravo	cz_805_bren	bullet	24.00	4.00	17.96	14.27	-16.45	25.69	36.26
88955	damage	bot-617	bravo	bot-611	alpha	cz_805_bren	bullet	24.00	76.00	-16.77	25.46	17.89	14.27	36.43
90617	damage	bot-611	alpha	bot-602	bravo	cz_805_bren	bullet	24.00	72.04	17.91	14.26	-17.49	26.76	37.54
90773	damage	bot-611	alpha	bot-602	bravo	cz_805_bren	bullet	24.00	48.04	17.91	14.26	-17.49	26.76	37.54
91901	damage	bot-611	alpha	bot-619	bravo	cz_805_bren	bullet	24.00	76.00	17.73	14.25	14.75	14.76	3.02
92035	damage	bot-611	alpha	bot-619	bravo	cz_805_bren	bullet	24.00	52.00	17.87	14.25	14.75	14.76	3.16
92537	damage	bot-611	alpha	bot-616	bravo	cz_805_bren	bullet	24.00	76.00	18.32	14.54	-11.82	23.24	31.37
94085	damage	bot-569	alpha	bot-620	bravo	five_seven	bullet	20.00	80.00	5.45	6.55	19.96	6.76	14.51
94195	damage	bot-589	bravo	bot-569	alpha	cz_805_bren	bullet	24.00	51.41	15.89	8.94	5.45	6.55	10.71
94256	damage	bot-569	alpha	bot-620	bravo	five_seven	bullet	20.00	60.00	5.45	6.55	19.28	7.07	13.84
94508	kill	bot-589	bravo	bot-569	alpha	cz_805_bren	bullet	24.00	0.00	15.89	8.94	5.21	6.33	11.00
94963	kill	bot-618	bravo	bot-611	alpha	five_seven	bullet	20.00	0.00	-22.56	25.41	25.69	23.95	48.27
96095	damage	bot-479	alpha	bot-589	bravo	cz_805_bren	bullet	24.00	2.84	5.77	-6.56	15.24	13.79	22.44
96201	kill	bot-554	alpha	bot-589	bravo	cz_805_bren	bullet	24.00	0.00	3.35	-6.41	15.30	13.84	23.52
98250	damage	bot-623	bravo	bot-622	alpha	five_seven	bullet	20.00	80.00	23.24	-16.24	19.24	-7.11	9.97
98423	damage	bot-623	bravo	bot-622	alpha	five_seven	bullet	20.00	60.00	23.24	-16.24	19.19	-6.76	10.31
98709	damage	bot-623	bravo	bot-622	alpha	five_seven	bullet	20.00	40.00	23.24	-16.24	17.87	-6.21	11.38
99231	damage	bot-616	bravo	bot-588	alpha	cz_805_bren	bullet	24.00	43.00	-10.67	22.98	-7.25	22.25	3.50
99388	damage	bot-616	bravo	bot-588	alpha	cz_805_bren	bullet	24.00	19.00	-10.78	23.08	-7.10	22.25	3.78
99554	kill	bot-616	bravo	bot-588	alpha	cz_805_bren	bullet	24.00	0.00	-10.86	23.19	-7.01	22.11	4.00
99701	damage	bot-623	bravo	bot-607	alpha	five_seven	bullet	20.00	42.47	23.24	-16.47	15.58	-1.70	16.63
99756	damage	bot-521	alpha	bot-621	bravo	five_seven	bullet	20.00	80.00	9.28	-4.11	17.45	9.95	16.26
99882	damage	bot-603	alpha	bot-623	bravo	cz_805_bren	bullet	24.00	76.00	15.46	1.29	23.24	-16.47	19.39
99882	damage	bot-623	bravo	bot-607	alpha	five_seven	bullet	20.00	22.47	23.24	-16.47	15.60	-1.62	16.70
99965	damage	bot-521	alpha	bot-621	bravo	five_seven	bullet	20.00	60.00	9.30	-4.09	17.56	10.06	16.39
100053	damage	bot-603	alpha	bot-623	bravo	cz_805_bren	bullet	24.00	52.00	15.46	1.29	23.24	-16.47	19.39
100127	damage	bot-521	alpha	bot-621	bravo	five_seven	bullet	20.00	40.00	9.30	-4.09	17.69	10.16	16.54
100487	kill	bot-625	bravo	bot-605	alpha	m24	bullet	95.00	0.00	26.24	-18.78	15.13	-1.93	20.18
100836	kill	bot-607	alpha	bot-623	bravo	m24	bullet	95.00	0.00	15.35	-0.99	21.06	-19.31	19.19
100836	damage	bot-616	bravo	bot-626	alpha	cz_805_bren	bullet	24.00	76.00	-11.30	23.78	-6.77	22.12	4.82
101443	damage	bot-603	alpha	bot-625	bravo	cz_805_bren	bullet	24.00	76.00	15.10	1.22	26.22	-18.83	22.92
101520	damage	bot-616	bravo	bot-626	alpha	cz_805_bren	bullet	24.00	52.00	-12.70	24.80	-6.76	21.45	6.82
101747	damage	bot-603	alpha	bot-625	bravo	cz_805_bren	bullet	24.00	52.00	15.10	1.22	26.21	-18.83	22.93
101882	damage	bot-603	alpha	bot-625	bravo	cz_805_bren	bullet	24.00	28.00	15.10	1.22	26.23	-18.98	23.07
101973	damage	bot-592	bravo	bot-599	alpha	m24	bullet	95.00	0.09	-25.17	26.68	-21.89	-17.35	44.15
102070	damage	bot-603	alpha	bot-625	bravo	cz_805_bren	bullet	24.00	4.00	15.10	1.22	26.26	-19.15	23.22
102187	kill	bot-603	alpha	bot-625	bravo	cz_805_bren	bullet	24.00	0.00	15.10	1.22	26.27	-19.31	23.38
104739	damage	bot-613	alpha	bot-616	bravo	five_seven	bullet	20.00	56.00	11.08	24.64	-9.64	23.98	20.73
104936	damage	bot-613	alpha	bot-616	bravo	five_seven	bullet	20.00	36.00	11.08	24.64	-8.71	23.44	19.83
105262	damage	bot-613	alpha	bot-616	bravo	five_seven	bullet	20.00	16.00	11.08	24.64	-7.97	22.98	19.12
105413	kill	bot-613	alpha	bot-616	bravo	five_seven	bullet	20.00	0.00	11.08	24.64	-7.82	22.90	18.99
105545	kill	bot-599	alpha	bot-629	bravo	m24	bullet	95.00	0.00	-25.73	-21.21	-15.25	14.07	36.81
105818	damage	bot-613	alpha	bot-618	bravo	five_seven	bullet	20.00	52.54	11.08	24.64	-22.76	24.35	33.84
106313	damage	bot-603	alpha	bot-631	bravo	cz_805_bren	bullet	24.00	76.00	16.26	2.24	20.75	-23.75	26.37
106561	damage	bot-631	bravo	bot-603	alpha	five_seven	bullet	20.00	51.59	20.76	-23.75	16.26	2.24	26.37
106725	damage	bot-631	bravo	bot-603	alpha	five_seven	bullet	20.00	31.59	20.76	-23.75	16.11	2.24	26.40
106795	damage	bot-603	alpha	bot-631	bravo	cz_805_bren	bullet	24.00	52.00	16.11	2.24	20.76	-23.75	26.40
106931	damage	bot-603	alpha	bot-631	bravo	cz_805_bren	bullet	24.00	28.00	16.00	2.23	20.64	-23.85	26.48
106931	damage	bot-631	bravo	bot-603	alpha	five_seven	bullet	20.00	11.59	20.64	-23.85	15.93	2.23	26.49
107382	damage	bot-603	alpha	bot-631	bravo	cz_805_bren	bullet	24.00	4.00	15.63	2.27	20.23	-24.14	26.81
107562	kill	bot-603	alpha	bot-631	bravo	cz_805_bren	bullet	24.00	0.00	15.60	2.43	20.03	-24.27	27.07
108330	damage	bot-630	alpha	bot-618	bravo	m1911	bullet	33.00	19.54	-20.91	10.10	-22.19	15.50	5.55
109046	damage	bot-590	bravo	bot-554	alpha	cz_805_bren	bullet	24.00	71.70	18.42	5.37	15.75	7.25	3.27
109112	kill	bot-554	alpha	bot-579	bravo	cz_805_bren	bullet	24.00	0.00	15.75	7.25	21.85	4.71	6.61
109196	damage	bot-590	bravo	bot-554	alpha	cz_805_bren	bullet	24.00	47.70	19.01	5.10	15.68	7.26	3.97
109348	damage	bot-554	alpha	bot-590	bravo	cz_805_bren	bullet	24.00	48.17	15.60	7.30	19.59	4.82	4.70
109980	damage	bot-618	bravo	bot-609	alpha	m1911	bullet	33.00	39.55	-24.03	13.52	-23.42	1.82	11.72
110791	damage	bot-618	bravo	bot-609	alpha	m1911	bullet	33.00	6.55	-26.28	11.18	-22.60	0.20	11.58
112019	damage	bot-621	bravo	bot-550	alpha	cz_805_bren	bullet	24.00	62.59	19.14	7.89	1.96	3.33	17.78
112174	damage	bot-621	bravo	bot-550	alpha	cz_805_bren	bullet	24.00	38.59	19.14	7.89	1.96	3.33	17.78
112338	damage	bot-621	bravo	bot-550	alpha	cz_805_bren	bullet	24.00	14.59	19.14	7.89	1.46	2.79	18.40
112716	damage	bot-635	bravo	bot-624	alpha	cz_805_bren	bullet	24.00	76.00	12.75	-17.25	8.50	3.62	21.30
112883	damage	bot-635	bravo	bot-624	alpha	cz_805_bren	bullet	24.00	52.00	12.75	-17.25	8.49	3.62	21.30
114912	damage	bot-567	alpha	bot-618	bravo	five_seven	bullet	20.00	30.99	-13.52	8.78	-26.71	10.33	13.28
115083	damage	bot-567	alpha	bot-618	bravo	five_seven	bullet	20.00	13.68	-13.52	8.78	-26.71	10.33	13.28
115145	damage	bot-636	bravo	bot-603	alpha	five_seven	bullet	20.00	39.44	10.32	-10.81	14.97	0.06	11.82
115274	kill	bot-567	alpha	bot-618	bravo	five_seven	bullet	20.00	0.00	-13.52	8.78	-26.71	10.33	13.28
115356	damage	bot-636	bravo	bot-603	alpha	five_seven	bullet	20.00	19.44	10.32	-10.80	14.80	-0.12	11.59
115517	kill	bot-636	bravo	bot-603	alpha	five_seven	bullet	20.00	0.00	10.32	-10.80	14.68	-0.24	11.43
116821	damage	bot-638	alpha	bot-637	bravo	cz_805_bren	bullet	24.00	76.00	-15.09	1.68	15.57	7.38	31.18
116999	damage	bot-638	alpha	bot-637	bravo	cz_805_bren	bullet	24.00	52.00	-15.09	1.68	15.42	7.35	31.03
117087	damage	bot-597	alpha	bot-620	bravo	m1911	bullet	33.00	39.60	-23.49	-8.49	18.90	8.02	45.49
117162	damage	bot-638	alpha	bot-637	bravo	cz_805_bren	bullet	24.00	28.00	-15.09	1.68	15.32	7.48	30.96
117327	damage	bot-585	alpha	bot-637	bravo	five_seven	bullet	20.00	8.00	-17.61	-3.47	15.27	7.55	34.68
117327	kill	bot-638	alpha	bot-637	bravo	cz_805_bren	bullet	24.00	0.00	-15.09	1.68	15.22	7.62	30.89
118440	damage	bot-627	bravo	bot-640	alpha	cz_805_bren	bullet	24.00	76.00	-18.25	17.25	-20.00	12.75	4.82
118801	damage	bot-593	alpha	bot-635	bravo	cz_805_bren	bullet	24.00	76.00	9.12	-5.55	11.75	-6.65	2.85
118971	damage	bot-593	alpha	bot-635	bravo	cz_805_bren	bullet	24.00	52.00	8.99	-5.49	11.75	-6.51	2.95
119139	damage	bot-593	alpha	bot-635	bravo	cz_805_bren	bullet	24.00	28.00	8.83	-5.42	11.79	-6.67	3.21
119277	damage	bot-593	alpha	bot-635	bravo	cz_805_bren	bullet	24.00	4.00	8.70	-5.34	11.81	-6.83	3.45
119277	damage	bot-635	bravo	bot-593	alpha	cz_805_bren	bullet	24.00	41.15	11.81	-6.83	8.63	-5.31	3.52
119439	damage	bot-633	bravo	bot-607	alpha	five_seven	bullet	20.00	67.46	10.57	-15.69	10.62	-4.53	11.16
119587	damage	bot-592	bravo	bot-626	alpha	m1911	bullet	33.00	39.65	-25.84	24.11	-7.19	22.25	18.74
119730	damage	bot-626	alpha	bot-600	bravo	cz_805_bren	bullet	24.00	48.32	-7.04	22.25	-18.75	22.25	11.71
119897	damage	bot-635	bravo	bot-607	alpha	cz_805_bren	bullet	24.00	43.46	11.91	-7.46	9.07	-4.93	3.80
120041	damage	bot-635	bravo	bot-607	alpha	cz_805_bren	bullet	24.00	19.46	11.93	-7.64	8.41	-4.92	4.45
121787	damage	bot-600	bravo	bot-630	alpha	m1911	bullet	33.00	67.00	-22.31	18.80	-24.50	12.68	6.50
121867	damage	bot-597	alpha	bot-627	bravo	m1911	bullet	33.00	39.33	-22.42	-7.21	-19.37	16.88	24.28
122195	damage	bot-600	bravo	bot-630	alpha	m1911	bullet	33.00	34.00	-23.54	17.49	-24.81	12.68	4.97
122285	kill	bot-642	alpha	bot-600	bravo	m24	bullet	95.00	0.00	6.57	-21.32	-23.84	17.72	49.48
122828	kill	bot-592	bravo	bot-613	alpha	m24	bullet	95.00	0.00	-26.25	24.25	26.18	19.16	52.68
122905	damage	bot-539	alpha	bot-643	bravo	five_seven	bullet	20.00	80.00	-10.63	11.85	-13.29	2.20	10.01
122987	damage	bot-643	bravo	bot-567	alpha	five_seven	bullet	20.00	52.42	-13.29	2.20	-15.85	8.25	6.58
123070	damage	bot-539	alpha	bot-643	bravo	five_seven	bullet	20.00	60.00	-10.62	11.86	-13.32	2.21	10.02
123070	damage	bot-641	bravo	bot-539	alpha	cz_805_bren	bullet	24.00	48.17	11.69	-7.56	-10.61	11.87	29.58
123139	damage	bot-627	bravo	bot-630	alpha	cz_805_bren	bullet	24.00	10.00	-23.17	20.66	-24.46	11.75	9.00
123398	kill	bot-627	bravo	bot-630	alpha	cz_805_bren	bullet	24.00	0.00	-23.16	20.66	-24.34	10.87	9.86
123458	damage	bot-539	alpha	bot-643	bravo	five_seven	bullet	20.00	40.00	-12.38	11.82	-14.84	0.68	11.40
123458	damage	bot-567	alpha	bot-627	bravo	five_seven	bullet	20.00	19.33	-16.15	8.64	-23.16	20.66	13.91
123616	kill	bot-567	alpha	bot-627	bravo	five_seven	bullet	20.00	0.00	-16.24	8.78	-23.16	20.66	13.74
123616	damage	bot-643	bravo	bot-567	alpha	five_seven	bullet	20.00	32.42	-15.35	0.17	-16.28	8.86	8.74
123808	damage	bot-539	alpha	bot-643	bravo	five_seven	bullet	20.00	20.00	-14.17	11.76	-16.13	-0.61	12.53
123808	damage	bot-643	bravo	bot-567	alpha	five_seven	bullet	20.00	12.42	-16.13	-0.61	-16.42	9.06	9.68
124343	damage	bot-607	alpha	bot-641	bravo	five_seven	bullet	20.00	80.00	4.68	-3.13	11.34	-7.03	7.72
124532	damage	bot-607	alpha	bot-641	bravo	five_seven	bullet	20.00	60.00	4.58	-3.00	11.22	-7.06	7.78
126494	damage	bot-636	bravo	bot-607	alpha	five_seven	bullet	20.00	36.66	11.91	-7.63	-0.14	1.66	15.22
126652	damage	bot-636	bravo	bot-607	alpha	five_seven	bullet	20.00	16.66	11.91	-7.65	-0.14	1.68	15.23
126826	damage	bot-607	alpha	bot-636	bravo	m24	bullet	95.00	5.00	-0.13	1.69	11.91	-7.67	15.25
127773	damage	bot-638	alpha	bot-645	bravo	cz_805_bren	bullet	24.00	76.00	-5.36	2.58	11.98	-7.03	19.82
127911	damage	bot-638	alpha	bot-645	bravo	cz_805_bren	bullet	24.00	52.00	-5.36	2.58	12.08	-6.86	19.83
128071	damage	bot-638	alpha	bot-645	bravo	cz_805_bren	bullet	24.00	28.00	-5.36	2.58	12.08	-7.09	19.94
128071	damage	bot-645	bravo	bot-585	alpha	five_seven	bullet	20.00	56.00	12.08	-7.09	0.55	1.00	14.09
128214	damage	bot-638	alpha	bot-645	bravo	cz_805_bren	bullet	24.00	4.00	-5.36	2.58	12.08	-7.25	20.02
128214	damage	bot-645	bravo	bot-585	alpha	five_seven	bullet	20.00	36.00	12.08	-7.25	-0.02	1.42	14.89
128262	damage	bot-626	alpha	bot-635	bravo	cz_805_bren	bullet	24.00	60.20	-1.81	8.85	12.14	-5.69	20.15
128369	kill	bot-638	alpha	bot-645	bravo	cz_805_bren	bullet	24.00	0.00	-5.36	2.58	12.09	-7.47	20.13
128458	damage	bot-622	alpha	bot-635	bravo	m1911	bullet	33.00	27.20	14.18	-5.21	11.32	-6.46	3.12
128935	damage	bot-626	alpha	bot-633	bravo	cz_805_bren	bullet	24.00	76.00	-1.80	8.59	12.40	-8.49	22.22
128999	damage	bot-649	bravo	bot-601	alpha	cz_805_bren	bullet	24.00	71.91	25.75	-23.77	18.99	-8.22	16.95
129069	damage	bot-626	alpha	bot-633	bravo	cz_805_bren	bullet	24.00	52.00	-1.80	8.59	12.72	-8.98	22.80
129306	damage	bot-649	bravo	bot-601	alpha	cz_805_bren	bullet	24.00	47.91	25.75	-23.78	18.98	-8.10	17.08
129668	damage	bot-649	bravo	bot-601	alpha	cz_805_bren	bullet	24.00	23.91	25.75	-23.78	18.01	-6.77	18.68
129809	damage	bot-648	alpha	bot-647	bravo	five_seven	bullet	20.00	80.00	16.21	0.56	10.08	-8.75	11.15
130032	damage	bot-592	bravo	bot-539	alpha	m1911	bullet	33.00	62.70	-25.53	23.89	-17.09	10.30	16.00
130375	damage	bot-592	bravo	bot-539	alpha	m1911	bullet	33.00	29.70	-25.53	23.89	-17.34	10.39	15.80
130789	kill	bot-592	bravo	bot-539	alpha	m1911	bullet	33.00	0.00	-25.53	23.89	-17.10	9.14	17.00
131062	damage	bot-583	alpha	bot-650	bravo	cz_805_bren	bullet	24.00	76.00	-17.10	11.85	-23.50	7.87	7.54
131240	damage	bot-583	alpha	bot-650	bravo	cz_805_bren	bullet	24.00	52.00	-17.09	11.86	-23.37	7.91	7.42
131423	damage	bot-650	bravo	bot-640	alpha	five_seven	bullet	20.00	56.00	-23.48	8.04	-24.43	10.67	2.80
132076	damage	bot-583	alpha	bot-650	bravo	cz_805_bren	bullet	24.00	28.00	-18.37	11.80	-23.90	8.60	6.40
133225	damage	bot-650	bravo	bot-640	alpha	five_seven	bullet	20.00	36.00	-25.78	10.81	-21.62	14.54	5.59
133289	damage	bot-479	alpha	bot-651	bravo	cz_805_bren	bullet	24.00	76.00	11.53	2.63	8.19	23.30	20.94
133417	damage	bot-479	alpha	bot-651	bravo	cz_805_bren	bullet	24.00	52.00	11.53	2.63	8.19	23.30	20.94
133417	damage	bot-639	bravo	bot-652	alpha	cz_805_bren	bullet	24.00	71.49	24.21	4.93	19.32	6.75	5.22
133417	damage	bot-650	bravo	bot-640	alpha	five_seven	bullet	20.00	16.00	-25.92	10.95	-21.49	14.67	5.79
133531	damage	bot-479	alpha	bot-651	bravo	cz_805_bren	bullet	24.00	28.00	11.53	2.63	8.19	23.30	20.94
133589	kill	bot-650	bravo	bot-640	alpha	five_seven	bullet	20.00	0.00	-26.02	11.08	-21.14	14.99	6.25
133676	damage	bot-479	alpha	bot-651	bravo	cz_805_bren	bullet	24.00	4.00	11.53	2.63	8.19	23.30	20.94
133676	kill	bot-648	alpha	bot-651	bravo	five_seven	bullet	20.00	0.00	9.95	6.80	8.19	23.30	16.59
133742	damage	bot-641	bravo	bot-479	alpha	cz_805_bren	bullet	24.00	47.75	10.13	-15.31	11.58	2.60	17.96
133921	damage	bot-641	bravo	bot-479	alpha	cz_805_bren	bullet	24.00	23.75	10.14	-15.31	11.40	2.77	18.13
133982	damage	bot-650	bravo	bot-628	alpha	five_seven	bullet	20.00	80.00	-26.10	10.72	-16.89	9.28	9.33
134051	kill	bot-641	bravo	bot-479	alpha	cz_805_bren	bullet	24.00	0.00	10.15	-15.32	11.28	2.89	18.25
134130	damage	bot-650	bravo	bot-628	alpha	five_seven	bullet	20.00	60.00	-26.10	10.56	-16.89	9.28	9.30
134882	damage	bot-648	alpha	bot-641	bravo	five_seven	bullet	20.00	48.13	10.42	6.54	10.44	-15.29	21.83
135042	damage	bot-648	alpha	bot-641	bravo	five_seven	bullet	20.00	28.13	10.42	6.54	10.32	-15.48	22.02
135110	damage	bot-641	bravo	bot-648	alpha	cz_805_bren	bullet	24.00	75.54	10.32	-15.48	10.42	6.54	22.02
135184	damage	bot-646	alpha	bot-653	bravo	cz_805_bren	bullet	24.00	76.00	3.84	4.12	-22.75	1.25	26.75
135184	damage	bot-648	alpha	bot-641	bravo	five_seven	bullet	20.00	8.13	10.42	6.54	10.25	-15.62	22.17
135258	damage	bot-641	bravo	bot-648	alpha	cz_805_bren	bullet	24.00	51.54	10.25	-15.62	10.42	6.54	22.17
135324	damage	bot-646	alpha	bot-653	bravo	cz_805_bren	bullet	24.00	52.00	3.84	4.12	-22.75	1.25	26.75
135324	kill	bot-648	alpha	bot-641	bravo	five_seven	bullet	20.00	0.00	10.38	6.61	10.18	-15.77	22.38
135454	damage	bot-646	alpha	bot-653	bravo	cz_805_bren	bullet	24.00	28.00	3.84	4.12	-22.91	1.27	26.91
135570	damage	bot-652	alpha	bot-639	bravo	m1911	bullet	33.00	39.62	19.27	8.07	24.25	5.10	5.80
135672	damage	bot-653	bravo	bot-597	alpha	cz_805_bren	bullet	24.00	72.65	-23.23	1.31	-16.51	-4.91	9.16
135740	damage	bot-646	alpha	bot-653	bravo	cz_805_bren	bullet	24.00	4.00	4.28	4.13	-23.31	1.32	27.73
135791	damage	bot-653	bravo	bot-597	alpha	cz_805_bren	bullet	24.00	48.65	-23.39	1.33	-16.43	-4.85	9.31
135860	kill	bot-646	alpha	bot-653	bravo	cz_805_bren	bullet	24.00	0.00	4.45	4.13	-23.48	1.33	28.06
136003	damage	bot-648	alpha	bot-633	bravo	five_seven	bullet	20.00	49.91	10.56	7.32	13.71	-18.20	25.71
137225	damage	bot-639	bravo	bot-656	alpha	cz_805_bren	bullet	24.00	76.00	24.14	6.13	18.53	4.81	5.77
137225	damage	bot-656	alpha	bot-639	bravo	cz_805_bren	bullet	24.00	19.22	18.53	4.81	24.12	6.05	5.73
137403	damage	bot-639	bravo	bot-656	alpha	cz_805_bren	bullet	24.00	52.00	24.09	5.98	17.91	4.79	6.29
138284	kill	bot-652	alpha	bot-639	bravo	m1911	bullet	33.00	0.00	20.43	6.28	22.13	5.52	1.86
139268	damage	bot-647	bravo	bot-646	alpha	cz_805_bren	bullet	24.00	37.50	10.91	-7.01	4.67	4.09	12.73
139459	damage	bot-647	bravo	bot-646	alpha	cz_805_bren	bullet	24.00	14.40	10.91	-7.01	4.67	4.09	12.73
139607	damage	bot-495	alpha	bot-647	bravo	cz_805_bren	bullet	24.00	54.34	-15.35	13.14	10.97	-6.87	33.07
139779	damage	bot-495	alpha	bot-647	bravo	cz_805_bren	bullet	24.00	30.34	-15.34	13.15	11.08	-6.99	33.21
139920	kill	bot-647	bravo	bot-646	alpha	cz_805_bren	bullet	24.00	0.00	11.18	-7.11	4.67	4.09	12.95
140244	damage	bot-656	alpha	bot-620	bravo	cz_805_bren	bullet	24.00	48.17	18.94	10.06	17.36	5.79	4.54
140312	damage	bot-647	bravo	bot-593	alpha	cz_805_bren	bullet	24.00	48.66	11.43	-7.42	9.77	-5.76	2.34
140668	damage	bot-593	alpha	bot-647	bravo	cz_805_bren	bullet	24.00	6.34	9.42	-5.58	12.18	-8.48	4.00
140668	kill	bot-648	alpha	bot-647	bravo	five_seven	bullet	20.00	0.00	10.74	11.91	12.38	-8.77	20.75
141203	damage	bot-635	bravo	bot-648	alpha	cz_805_bren	bullet	24.00	48.05	10.21	-8.28	10.74	11.91	20.20
141390	damage	bot-635	bravo	bot-648	alpha	cz_805_bren	bullet	24.00	24.05	10.20	-8.29	10.68	11.76	20.05
141504	damage	bot-635	bravo	bot-648	alpha	cz_805_bren	bullet	24.00	0.05	10.20	-8.29	10.65	11.68	19.98
141504	damage	bot-657	bravo	bot-599	alpha	five_seven	bullet	20.00	75.01	0.90	19.55	-17.55	-7.67	32.89
141608	damage	bot-648	alpha	bot-635	bravo	five_seven	bullet	20.00	52.84	10.62	11.60	10.18	-8.30	19.91
141739	kill	bot-635	bravo	bot-648	alpha	cz_805_bren	bullet	24.00	0.00	10.18	-8.30	10.59	11.53	19.84
141739	damage	bot-657	bravo	bot-599	alpha	five_seven	bullet	20.00	55.01	0.90	19.55	-17.55	-7.67	32.89
141970	damage	bot-657	bravo	bot-599	alpha	five_seven	bullet	20.00	35.01	0.90	19.55	-17.69	-7.71	33.00
142442	damage	bot-638	alpha	bot-657	bravo	cz_805_bren	bullet	24.00	76.00	-10.64	6.29	0.88	19.57	17.57
142442	damage	bot-657	bravo	bot-599	alpha	five_seven	bullet	20.00	15.01	0.88	19.57	-17.97	-7.83	33.26
142690	kill	bot-657	bravo	bot-599	alpha	five_seven	bullet	20.00	0.00	0.88	19.57	-18.11	-7.88	33.38
144035	damage	bot-620	bravo	bot-652	alpha	cz_805_bren	bullet	24.00	47.49	17.62	5.54	18.76	10.13	4.73
144362	damage	bot-521	alpha	bot-661	bravo	five_seven	bullet	20.00	80.00	23.45	2.03	21.22	-22.69	24.82
144829	damage	bot-638	alpha	bot-657	bravo	cz_805_bren	bullet	24.00	52.00	-11.42	6.86	4.20	23.23	22.63
144952	damage	bot-638	alpha	bot-657	bravo	cz_805_bren	bullet	24.00	28.00	-11.42	6.86	4.43	23.43	22.93
145062	damage	bot-638	alpha	bot-657	bravo	cz_805_bren	bullet	24.00	4.00	-11.42	6.86	4.64	23.63	23.22
145231	kill	bot-638	alpha	bot-657	bravo	cz_805_bren	bullet	24.00	0.00	-11.42	6.86	5.09	24.02	23.82
145671	damage	bot-633	bravo	bot-658	alpha	five_seven	bullet	20.00	23.29	11.72	-12.41	9.55	-1.03	11.58
145849	damage	bot-633	bravo	bot-658	alpha	five_seven	bullet	20.00	3.29	11.72	-12.39	9.57	-1.05	11.54
145849	damage	bot-658	alpha	bot-635	bravo	five_seven	bullet	20.00	40.55	9.57	-1.05	13.13	-10.97	10.54
146008	kill	bot-633	bravo	bot-658	alpha	five_seven	bullet	20.00	0.00	11.71	-12.37	9.57	-1.05	11.52
146239	damage	bot-633	bravo	bot-642	alpha	five_seven	bullet	20.00	80.00	11.71	-12.36	12.26	-1.77	10.60
146339	damage	bot-642	alpha	bot-633	bravo	m1911	bullet	33.00	39.41	12.26	-1.77	11.70	-12.35	10.60
148090	damage	bot-655	bravo	bot-632	alpha	cz_805_bren	bullet	24.00	41.31	-17.98	23.05	-20.25	18.84	4.79
148226	damage	bot-655	bravo	bot-632	alpha	cz_805_bren	bullet	24.00	17.31	-17.72	23.24	-20.19	18.79	5.09
148377	kill	bot-655	bravo	bot-632	alpha	cz_805_bren	bullet	24.00	0.00	-17.46	23.44	-20.13	18.74	5.40
148999	damage	bot-654	alpha	bot-620	bravo	cz_805_bren	bullet	24.00	48.47	18.48	9.71	17.92	6.16	3.59
149129	damage	bot-654	alpha	bot-620	bravo	cz_805_bren	bullet	24.00	24.47	18.46	9.78	17.86	6.22	3.61
149238	damage	bot-567	alpha	bot-667	bravo	five_seven	bullet	20.00	80.00	-4.33	-0.67	-6.24	7.74	8.62
149238	damage	bot-585	alpha	bot-667	bravo	five_seven	bullet	20.00	60.00	-11.53	1.06	-6.24	7.74	8.52
149490	damage	bot-585	alpha	bot-667	bravo	five_seven	bullet	20.00	40.00	-11.70	0.38	-5.88	8.18	9.73
149642	damage	bot-667	bravo	bot-495	alpha	five_seven	bullet	20.00	51.56	-5.71	8.36	-18.97	12.17	13.79
149920	damage	bot-585	alpha	bot-667	bravo	five_seven	bullet	20.00	20.00	-11.78	-0.53	-5.36	8.76	11.30
149920	kill	bot-609	alpha	bot-667	bravo	cz_805_bren	bullet	24.00	0.00	-5.66	-3.54	-5.36	8.76	12.31
151258	damage	bot-593	alpha	bot-635	bravo	cz_805_bren	bullet	24.00	47.15	9.88	-5.75	13.47	-11.06	6.41
151375	damage	bot-593	alpha	bot-635	bravo	cz_805_bren	bullet	24.00	24.05	9.94	-5.75	13.47	-11.06	6.37
154481	damage	bot-665	bravo	bot-626	alpha	five_seven	bullet	20.00	15.86	-18.43	22.84	-22.15	22.64	3.73
154626	damage	bot-635	bravo	bot-642	alpha	cz_805_bren	bullet	24.00	52.59	11.63	-16.21	12.03	-5.77	10.45
154626	kill	bot-665	bravo	bot-626	alpha	five_seven	bullet	20.00	0.00	-18.43	22.84	-22.14	22.64	3.71
154783	damage	bot-635	bravo	bot-642	alpha	cz_805_bren	bullet	24.00	28.59	12.20	-16.56	12.13	-5.66	10.89
154783	damage	bot-642	alpha	bot-636	bravo	m1911	bullet	33.00	35.25	12.13	-5.66	11.89	-15.30	9.64
155591	damage	bot-655	bravo	bot-664	alpha	cz_805_bren	bullet	24.00	7.53	-15.14	24.61	-20.80	19.91	7.35
155700	damage	bot-674	alpha	bot-655	bravo	five_seven	bullet	20.00	80.00	17.65	23.67	-15.14	24.61	32.80
155876	damage	bot-633	bravo	bot-668	alpha	five_seven	bullet	20.00	80.00	14.21	-13.92	8.87	-2.82	12.32
155876	damage	bot-674	alpha	bot-655	bravo	five_seven	bullet	20.00	60.00	17.65	23.67	-15.14	24.61	32.80
156040	damage	bot-633	bravo	bot-668	alpha	five_seven	bullet	20.00	60.00	14.21	-13.88	8.88	-2.82	12.28
156040	damage	bot-674	alpha	bot-655	bravo	five_seven	bullet	20.00	40.00	17.65	23.67	-16.05	24.08	33.70
156089	kill	bot-669	bravo	bot-664	alpha	cz_805_bren	bullet	24.00	0.00	-19.02	16.19	-22.20	22.17	6.77
157082	damage	bot-673	bravo	bot-597	alpha	five_seven	bullet	20.00	31.27	-19.55	25.21	-19.20	-8.34	33.55
157718	damage	bot-628	alpha	bot-655	bravo	five_seven	bullet	20.00	31.00	-21.05	9.61	-21.20	19.04	9.43
157887	damage	bot-628	alpha	bot-655	bravo	five_seven	bullet	20.00	11.00	-21.05	9.61	-21.21	19.04	9.44
157969	damage	bot-633	bravo	bot-593	alpha	five_seven	bullet	20.00	52.06	13.61	-13.34	10.70	-6.02	7.88
157969	damage	bot-673	bravo	bot-676	alpha	five_seven	bullet	20.00	80.00	-19.49	25.23	15.70	18.05	35.91
158032	kill	bot-628	alpha	bot-655	bravo	five_seven	bullet	20.00	0.00	-21.05	9.61	-21.21	19.04	9.44
158183	damage	bot-633	bravo	bot-593	alpha	five_seven	bullet	20.00	32.06	13.44	-13.50	10.52	-5.86	8.18
158183	kill	bot-654	alpha	bot-620	bravo	cz_805_bren	bullet	24.00	0.00	20.37	11.06	23.86	11.67	3.54
158183	damage	bot-673	bravo	bot-676	alpha	five_seven	bullet	20.00	60.00	-19.46	25.22	15.68	17.89	35.90
158253	damage	bot-593	alpha	bot-633	bravo	cz_805_bren	bullet	24.00	35.48	10.52	-5.86	13.38	-13.56	8.22
158385	damage	bot-593	alpha	bot-633	bravo	cz_805_bren	bullet	24.00	11.48	10.36	-5.80	13.27	-13.68	8.39
158385	damage	bot-633	bravo	bot-593	alpha	five_seven	bullet	20.00	12.06	13.27	-13.68	10.29	-5.77	8.45
158385	damage	bot-673	bravo	bot-676	alpha	five_seven	bullet	20.00	40.00	-19.45	25.22	15.80	17.77	36.03
158466	damage	bot-628	alpha	bot-665	bravo	five_seven	bullet	20.00	80.00	-21.05	9.61	-21.23	19.81	10.21
158541	damage	bot-673	bravo	bot-676	alpha	five_seven	bullet	20.00	20.00	-19.43	25.21	15.87	17.71	36.09
158667	damage	bot-628	alpha	bot-665	bravo	five_seven	bullet	20.00	60.00	-21.05	9.61	-21.26	19.64	10.04
158725	damage	bot-665	bravo	bot-628	alpha	five_seven	bullet	20.00	52.64	-21.30	19.71	-21.05	9.61	10.11
158725	kill	bot-673	bravo	bot-676	alpha	five_seven	bullet	20.00	0.00	-19.43	25.21	15.98	17.58	36.22
159097	damage	bot-628	alpha	bot-669	bravo	five_seven	bullet	20.00	80.00	-22.16	8.48	-19.01	22.20	14.07
159097	kill	bot-638	alpha	bot-659	bravo	cz_805_bren	bullet	24.00	0.00	-13.74	-4.51	-3.88	20.09	26.51
159475	damage	bot-666	alpha	bot-677	bravo	five_seven	bullet	20.00	80.00	15.43	-23.55	-15.51	-21.25	31.02
159555	damage	bot-665	bravo	bot-597	alpha	five_seven	bullet	20.00	21.16	-21.56	20.56	-19.72	-10.80	31.42
159719	damage	bot-672	alpha	bot-677	bravo	cz_805_bren	bullet	24.00	56.00	7.18	-21.17	-15.51	-21.25	22.69
159883	damage	bot-633	bravo	bot-678	alpha	m24	bullet	95.00	5.00	8.82	-18.18	13.83	17.53	36.05
159883	damage	bot-665	bravo	bot-597	alpha	five_seven	bullet	20.00	4.76	-21.36	20.80	-19.72	-10.80	31.65
159883	damage	bot-672	alpha	bot-677	bravo	cz_805_bren	bullet	24.00	32.00	7.18	-21.17	-15.67	-21.25	22.86
159960	damage	bot-628	alpha	bot-665	bravo	five_seven	bullet	20.00	40.00	-24.17	6.34	-21.31	20.86	14.79
160030	damage	bot-672	alpha	bot-677	bravo	cz_805_bren	bullet	24.00	8.00	7.18	-21.17	-15.85	-21.26	23.03
160416	damage	bot-674	alpha	bot-669	bravo	five_seven	bullet	20.00	60.00	17.27	20.90	-20.51	23.58	37.87
161413	damage	bot-662	alpha	bot-636	bravo	cz_805_bren	bullet	24.00	39.95	10.72	-6.00	13.65	-17.09	11.47
161478	kill	bot-673	bravo	bot-678	alpha	five_seven	bullet	20.00	0.00	-24.04	22.13	9.84	21.62	33.88
161544	damage	bot-662	alpha	bot-636	bravo	cz_805_bren	bullet	24.00	17.75	10.73	-5.99	13.65	-17.09	11.48
161707	kill	bot-662	alpha	bot-636	bravo	cz_805_bren	bullet	24.00	0.00	10.74	-5.98	13.65	-17.09	11.49
161798	kill	bot-680	alpha	bot-665	bravo	cz_805_bren	bullet	24.00	0.00	24.64	22.24	-20.74	24.58	45.45
162227	kill	bot-628	alpha	bot-669	bravo	five_seven	bullet	20.00	0.00	-24.12	6.36	-24.42	21.07	14.71
162489	damage	bot-628	alpha	bot-673	bravo	five_seven	bullet	20.00	12.51	-24.12	6.36	-24.31	21.93	15.56
162641	kill	bot-628	alpha	bot-673	bravo	five_seven	bullet	20.00	0.00	-24.12	6.36	-24.31	21.93	15.56
162735	damage	bot-662	alpha	bot-635	bravo	cz_805_bren	bullet	24.00	42.12	10.54	-5.82	14.70	-18.20	13.06
162919	damage	bot-662	alpha	bot-635	bravo	cz_805_bren	bullet	24.00	18.83	10.55	-5.81	14.70	-18.20	13.06
162919	damage	bot-679	bravo	bot-680	alpha	cz_805_bren	bullet	24.00	76.00	-20.70	22.38	24.66	22.37	45.36
163069	kill	bot-662	alpha	bot-635	bravo	cz_805_bren	bullet	24.00	0.00	10.57	-5.81	14.60	-18.15	12.99
163069	damage	bot-679	bravo	bot-680	alpha	cz_805_bren	bullet	24.00	52.00	-20.70	22.38	24.63	22.39	45.33
163241	damage	bot-679	bravo	bot-680	alpha	cz_805_bren	bullet	24.00	28.00	-20.70	22.38	24.73	22.26	45.43
163241	damage	bot-680	alpha	bot-679	bravo	cz_805_bren	bullet	24.00	75.41	24.73	22.26	-20.70	22.38	45.43
163362	damage	bot-679	bravo	bot-680	alpha	cz_805_bren	bullet	24.00	4.00	-20.70	22.38	24.83	22.13	45.53
163511	damage	bot-680	alpha	bot-679	bravo	cz_805_bren	bullet	24.00	51.41	24.93	22.02	-20.70	22.38	45.63
163747	damage	bot-680	alpha	bot-679	bravo	cz_805_bren	bullet	24.00	27.41	25.15	21.77	-21.04	22.31	46.20
163866	damage	bot-677	bravo	bot-597	alpha	cz_805_bren	bullet	24.00	29.21	-20.48	-17.88	-19.72	-10.80	7.12
164003	damage	bot-677	bravo	bot-597	alpha	cz_805_bren	bullet	24.00	7.65	-20.39	-18.08	-19.72	-10.80	7.31
164160	kill	bot-677	bravo	bot-597	alpha	cz_805_bren	bullet	24.00	0.00	-20.30	-18.31	-19.73	-10.44	7.89
164371	damage	bot-666	alpha	bot-681	bravo	five_seven	bullet	20.00	80.00	16.68	-24.45	16.56	-20.74	3.71
165048	damage	bot-666	alpha	bot-681	bravo	five_seven	bullet	20.00	60.00	19.72	-26.41	16.64	-20.73	6.46
165216	kill	bot-607	alpha	bot-679	bravo	m24	bullet	95.00	0.00	-10.02	-8.26	-22.69	21.91	32.72
165468	damage	bot-666	alpha	bot-681	bravo	five_seven	bullet	20.00	40.00	21.10	-26.64	17.65	-19.58	7.86
165468	damage	bot-681	bravo	bot-666	alpha	five_seven	bullet	20.00	43.87	17.65	-19.58	21.46	-26.65	8.03
165698	damage	bot-666	alpha	bot-681	bravo	five_seven	bullet	20.00	20.00	22.18	-26.67	17.70	-18.50	9.32
166373	damage	bot-666	alpha	bot-683	bravo	five_seven	bullet	20.00	80.00	25.16	-26.75	20.53	-23.51	5.65
166704	damage	bot-666	alpha	bot-683	bravo	five_seven	bullet	20.00	60.00	26.17	-26.75	20.53	-23.51	6.50
166871	damage	bot-666	alpha	bot-683	bravo	five_seven	bullet	20.00	40.00	26.50	-26.75	19.90	-23.17	7.51
166871	damage	bot-683	bravo	bot-666	alpha	five_seven	bullet	20.00	23.87	19.90	-23.17	26.50	-26.75	7.51
167040	damage	bot-681	bravo	bot-666	alpha	five_seven	bullet	20.00	3.87	17.74	-12.46	26.66	-26.43	16.57
167040	kill	bot-683	bravo	bot-666	alpha	five_seven	bullet	20.00	0.00	19.27	-22.84	26.66	-26.43	8.21
171672	damage	bot-674	alpha	bot-683	bravo	five_seven	bullet	20.00	52.23	26.75	6.32	20.03	-23.30	30.38
171794	damage	bot-689	bravo	bot-607	alpha	five_seven	bullet	20.00	52.47	6.24	-26.74	-8.38	-13.40	19.80
171871	damage	bot-674	alpha	bot-683	bravo	five_seven	bullet	20.00	32.23	26.75	6.32	19.82	-23.43	30.55
172030	damage	bot-674	alpha	bot-683	bravo	five_seven	bullet	20.00	12.23	26.75	6.32	19.68	-23.52	30.67
172190	kill	bot-674	alpha	bot-683	bravo	five_seven	bullet	20.00	0.00	26.75	6.32	19.57	-23.62	30.79
176054	damage	bot-638	alpha	bot-690	bravo	cz_805_bren	bullet	24.00	29.45	-3.35	9.54	5.71	-22.17	32.97
176184	damage	bot-638	alpha	bot-690	bravo	cz_805_bren	bullet	24.00	5.45	-3.35	9.54	5.71	-22.16	32.97
176310	kill	bot-638	alpha	bot-690	bravo	cz_805_bren	bullet	24.00	0.00	-3.35	9.54	5.71	-22.16	32.97
177506	damage	bot-628	alpha	bot-685	bravo	five_seven	bullet	20.00	80.00	-23.08	20.38	-23.92	-16.15	36.54
177670	damage	bot-628	alpha	bot-685	bravo	five_seven	bullet	20.00	60.00	-23.08	20.38	-23.92	-16.15	36.54
177739	damage	bot-674	alpha	bot-681	bravo	five_seven	bullet	20.00	52.86	27.15	6.29	19.73	-23.41	30.61
177812	damage	bot-628	alpha	bot-685	bravo	five_seven	bullet	20.00	40.00	-23.08	20.38	-23.88	-16.21	36.59
177893	damage	bot-638	alpha	bot-692	bravo	cz_805_bren	bullet	24.00	76.00	-2.95	8.61	-15.37	-6.84	19.82
177893	damage	bot-674	alpha	bot-681	bravo	five_seven	bullet	20.00	32.86	27.15	6.29	19.61	-23.50	30.72
177981	damage	bot-628	alpha	bot-685	bravo	five_seven	bullet	20.00	20.00	-23.08	20.38	-23.82	-16.27	36.66
177981	damage	bot-692	bravo	bot-585	alpha	cz_805_bren	bullet	24.00	15.61	-15.58	-7.05	-10.52	-0.23	8.49
178066	damage	bot-674	alpha	bot-681	bravo	five_seven	bullet	20.00	12.86	27.15	6.29	19.47	-23.59	30.85
178142	kill	bot-628	alpha	bot-685	bravo	five_seven	bullet	20.00	0.00	-23.06	20.37	-23.75	-16.34	36.72
178142	kill	bot-692	bravo	bot-585	alpha	cz_805_bren	bullet	24.00	0.00	-16.01	-7.49	-10.07	0.19	9.71
178218	damage	bot-638	alpha	bot-692	bravo	cz_805_bren	bullet	24.00	52.00	-2.94	8.60	-16.23	-7.71	21.04
178218	kill	bot-674	alpha	bot-681	bravo	five_seven	bullet	20.00	0.00	27.15	6.29	19.35	-23.67	30.96
178546	damage	bot-638	alpha	bot-692	bravo	cz_805_bren	bullet	24.00	28.00	-2.93	8.59	-17.62	-7.95	22.13
178686	damage	bot-628	alpha	bot-692	bravo	five_seven	bullet	20.00	8.00	-23.06	20.37	-18.32	-8.08	28.83
178884	damage	bot-674	alpha	bot-687	bravo	five_seven	bullet	20.00	80.00	27.14	6.22	19.44	-14.03	21.67
178884	damage	bot-692	bravo	bot-609	alpha	cz_805_bren	bullet	24.00	70.79	-19.17	-8.41	-4.13	-4.34	15.58
179022	kill	bot-638	alpha	bot-692	bravo	cz_805_bren	bullet	24.00	0.00	-2.90	8.54	-19.50	-8.97	24.13
179094	damage	bot-674	alpha	bot-687	bravo	five_seven	bullet	20.00	60.00	27.14	6.22	19.49	-14.26	21.86
179295	damage	bot-674	alpha	bot-687	bravo	five_seven	bullet	20.00	40.00	27.14	6.22	19.50	-14.25	21.85
179480	damage	bot-674	alpha	bot-687	bravo	five_seven	bullet	20.00	20.00	27.14	6.22	19.51	-14.24	21.84
179480	kill	bot-688	alpha	bot-687	bravo	cz_805_bren	bullet	24.00	0.00	26.52	4.86	19.52	-14.24	20.34
181760	damage	bot-694	alpha	bot-695	bravo	five_seven	bullet	20.00	80.00	-22.75	1.25	-8.78	-4.75	15.21
181937	damage	bot-694	alpha	bot-695	bravo	five_seven	bullet	20.00	60.00	-22.75	1.25	-8.78	-4.75	15.21
182005	damage	bot-609	alpha	bot-695	bravo	cz_805_bren	bullet	24.00	36.00	-1.47	-8.57	-8.56	-4.97	7.95
182079	damage	bot-694	alpha	bot-695	bravo	five_seven	bullet	20.00	16.00	-22.75	1.25	-8.34	-5.20	15.79
182079	damage	bot-695	bravo	bot-670	alpha	five_seven	bullet	20.00	79.91	-8.34	-5.20	-3.98	5.12	11.20
182161	kill	bot-609	alpha	bot-695	bravo	cz_805_bren	bullet	24.00	0.00	-1.47	-8.57	-8.12	-5.42	7.35
182834	damage	bot-694	alpha	bot-691	bravo	five_seven	bullet	20.00	80.00	-23.03	1.26	-18.56	-21.23	22.93
183127	damage	bot-694	alpha	bot-691	bravo	five_seven	bullet	20.00	60.00	-23.03	1.26	-18.56	-21.23	22.93
184082	damage	bot-628	alpha	bot-696	bravo	five_seven	bullet	20.00	80.00	-24.73	24.69	-9.64	25.04	15.10
184425	damage	bot-628	alpha	bot-696	bravo	five_seven	bullet	20.00	60.00	-25.02	25.03	-10.69	25.48	14.34
184610	damage	bot-628	alpha	bot-696	bravo	five_seven	bullet	20.00	40.00	-25.20	25.20	-11.51	25.71	13.70
185088	damage	bot-628	alpha	bot-696	bravo	five_seven	bullet	20.00	20.00	-25.67	25.67	-8.87	23.78	16.91
186035	damage	bot-628	alpha	bot-697	bravo	m1911	bullet	33.00	32.67	-26.56	26.59	-13.07	23.22	13.90
186493	kill	bot-697	bravo	bot-628	alpha	cz_805_bren	bullet	24.00	0.00	-10.94	23.04	-26.56	26.59	16.02
188623	damage	bot-674	alpha	bot-698	bravo	five_seven	bullet	20.00	80.00	24.02	14.74	-9.65	23.85	34.88
188801	damage	bot-674	alpha	bot-698	bravo	five_seven	bullet	20.00	60.00	24.04	14.74	-9.65	23.85	34.90
188971	damage	bot-674	alpha	bot-698	bravo	five_seven	bullet	20.00	40.00	24.04	14.74	-10.71	23.73	35.90
189017	damage	bot-680	alpha	bot-698	bravo	cz_805_bren	bullet	24.00	16.00	16.79	16.27	-11.04	23.74	28.81
190003	damage	bot-674	alpha	bot-697	bravo	five_seven	bullet	20.00	52.09	24.16	14.61	-10.79	22.80	35.89
190163	damage	bot-674	alpha	bot-697	bravo	five_seven	bullet	20.00	32.09	24.16	14.63	-10.93	22.83	36.04
190163	damage	bot-697	bravo	bot-680	alpha	cz_805_bren	bullet	24.00	48.07	-10.93	22.83	16.57	16.29	28.26
190248	damage	bot-680	alpha	bot-697	bravo	cz_805_bren	bullet	24.00	8.09	16.57	16.29	-11.01	22.84	28.35
190327	damage	bot-694	alpha	bot-677	bravo	five_seven	bullet	20.00	52.56	-19.35	-1.13	-23.05	-12.78	12.22
190539	damage	bot-694	alpha	bot-677	bravo	five_seven	bullet	20.00	32.56	-18.92	-0.64	-22.55	-13.31	13.19
190697	damage	bot-694	alpha	bot-677	bravo	five_seven	bullet	20.00	12.56	-18.64	-0.37	-22.58	-14.01	14.19
190886	kill	bot-694	alpha	bot-677	bravo	five_seven	bullet	20.00	0.00	-18.50	-0.21	-22.61	-14.72	15.08
191620	kill	bot-521	alpha	bot-700	bravo	five_seven	bullet	20.00	0.00	2.21	-16.96	-6.07	20.16	38.03
191924	damage	bot-642	alpha	bot-702	bravo	m24	bullet	95.00	5.00	3.09	-5.34	-17.22	7.92	24.25
191982	kill	bot-521	alpha	bot-702	bravo	five_seven	bullet	20.00	0.00	2.22	-16.98	-17.46	8.19	31.95
193936	damage	bot-521	alpha	bot-703	bravo	five_seven	bullet	20.00	80.00	2.15	-15.28	-4.04	1.28	17.69
194134	damage	bot-521	alpha	bot-703	bravo	five_seven	bullet	20.00	60.00	2.15	-15.28	-3.49	2.10	18.28
194285	damage	bot-521	alpha	bot-703	bravo	five_seven	bullet	20.00	40.00	2.15	-15.28	-4.12	2.46	18.82
194343	damage	bot-642	alpha	bot-703	bravo	m1911	bullet	33.00	7.00	2.14	-3.86	-4.43	2.64	9.24
194343	kill	bot-660	alpha	bot-703	bravo	m1911	bullet	33.00	0.00	1.04	-4.88	-4.43	2.64	9.30
195337	damage	bot-698	bravo	bot-680	alpha	five_seven	bullet	20.00	38.49	-12.84	23.15	26.27	13.84	40.20
195495	damage	bot-698	bravo	bot-680	alpha	five_seven	bullet	20.00	20.29	-12.84	23.15	26.27	13.84	40.20
195698	damage	bot-698	bravo	bot-680	alpha	five_seven	bullet	20.00	2.99	-12.84	23.15	26.25	13.85	40.17
195858	kill	bot-698	bravo	bot-680	alpha	five_seven	bullet	20.00	0.00	-12.84	23.15	26.24	13.85	40.17
196536	damage	bot-704	bravo	bot-674	alpha	five_seven	bullet	20.00	42.95	-16.55	26.63	26.56	13.62	45.03
196609	damage	bot-698	bravo	bot-674	alpha	five_seven	bullet	20.00	22.95	-12.95	23.18	26.56	13.53	40.67
196688	damage	bot-704	bravo	bot-674	alpha	five_seven	bullet	20.00	2.95	-16.57	26.64	26.58	13.45	45.12
196756	kill	bot-698	bravo	bot-674	alpha	five_seven	bullet	20.00	0.00	-12.93	23.18	26.57	13.37	40.71
197393	damage	bot-698	bravo	bot-701	alpha	five_seven	bullet	20.00	54.66	-12.91	23.19	26.97	14.29	40.86
197539	damage	bot-698	bravo	bot-701	alpha	five_seven	bullet	20.00	34.66	-12.89	23.19	26.97	14.15	40.87
197539	damage	bot-704	bravo	bot-701	alpha	five_seven	bullet	20.00	14.66	-16.64	26.52	26.96	14.06	45.35
197755	kill	bot-698	bravo	bot-701	alpha	five_seven	bullet	20.00	0.00	-12.86	23.19	26.95	13.90	40.88
197915	damage	bot-704	bravo	bot-638	alpha	five_seven	bullet	20.00	52.40	-16.64	26.52	-2.12	20.47	15.73
200593	damage	bot-705	bravo	bot-706	alpha	five_seven	bullet	20.00	80.00	-19.21	-16.63	-23.71	-3.49	13.88
200804	damage	bot-705	bravo	bot-706	alpha	five_seven	bullet	20.00	60.00	-19.18	-16.60	-23.60	-3.83	13.51
201187	damage	bot-698	bravo	bot-638	alpha	five_seven	bullet	20.00	43.20	-8.45	22.72	-1.76	14.76	10.40
201386	damage	bot-698	bravo	bot-638	alpha	five_seven	bullet	20.00	25.90	-8.45	22.72	-1.76	14.76	10.40
201553	damage	bot-698	bravo	bot-638	alpha	five_seven	bullet	20.00	8.60	-8.45	22.72	-1.76	14.76	10.40
201755	kill	bot-698	bravo	bot-638	alpha	five_seven	bullet	20.00	0.00	-8.45	22.72	-1.76	14.76	10.40
202234	damage	bot-521	alpha	bot-709	bravo	five_seven	bullet	20.00	80.00	0.69	-5.28	-2.25	-0.25	5.83
202234	damage	bot-704	bravo	bot-688	alpha	five_seven	bullet	20.00	75.75	-14.19	25.22	26.75	13.21	42.66
202234	damage	bot-706	alpha	bot-709	bravo	cz_805_bren	bullet	24.00	56.00	-19.20	0.83	-2.25	-0.25	16.99
202307	damage	bot-705	bravo	bot-694	alpha	five_seven	bullet	20.00	52.50	-19.70	-16.96	-20.85	-2.20	14.80
202406	damage	bot-521	alpha	bot-709	bravo	five_seven	bullet	20.00	36.00	0.69	-5.29	-1.74	-0.76	5.15
202406	damage	bot-704	bravo	bot-688	alpha	five_seven	bullet	20.00	55.75	-14.19	25.22	26.75	13.21	42.66
202492	damage	bot-705	bravo	bot-694	alpha	five_seven	bullet	20.00	32.50	-19.70	-16.96	-20.59	-1.71	15.27
202572	damage	bot-521	alpha	bot-709	bravo	five_seven	bullet	20.00	16.00	0.69	-5.30	-1.24	-1.26	4.48
202734	kill	bot-682	alpha	bot-709	bravo	five_seven	bullet	20.00	0.00	16.55	-0.13	-0.74	-1.76	17.37
202816	kill	bot-694	alpha	bot-705	bravo	five_seven	bullet	20.00	0.00	-20.11	-1.21	-19.96	-17.20	16.00
203275	damage	bot-708	alpha	bot-704	bravo	five_seven	bullet	20.00	80.00	8.97	16.92	-13.88	25.08	24.26
203451	damage	bot-708	alpha	bot-704	bravo	five_seven	bullet	20.00	60.00	8.97	16.92	-13.88	25.08	24.26
203847	damage	bot-704	bravo	bot-708	alpha	five_seven	bullet	20.00	80.00	-14.17	25.16	8.97	16.92	24.56
204306	damage	bot-698	bravo	bot-710	alpha	five_seven	bullet	20.00	80.00	-8.68	22.74	-1.50	13.91	11.38
204452	damage	bot-698	bravo	bot-710	alpha	five_seven	bullet	20.00	60.00	-8.68	22.74	-1.60	14.02	11.24
204850	damage	bot-698	bravo	bot-708	alpha	five_seven	bullet	20.00	60.00	-8.69	22.74	9.55	17.02	19.11
205076	damage	bot-708	alpha	bot-698	bravo	five_seven	bullet	20.00	52.26	9.73	16.74	-8.70	22.74	19.38
205371	damage	bot-706	alpha	bot-704	bravo	cz_805_bren	bullet	24.00	36.00	-19.77	2.48	-18.56	26.73	24.28
205519	damage	bot-706	alpha	bot-704	bravo	cz_805_bren	bullet	24.00	12.00	-19.77	2.48	-18.83	26.74	24.28
208572	damage	bot-682	alpha	bot-714	bravo	five_seven	bullet	20.00	80.00	9.41	-2.57	-14.19	-6.10	23.86
208649	damage	bot-567	alpha	bot-714	bravo	five_seven	bullet	20.00	60.00	11.64	-5.06	-14.52	-6.07	26.19
208729	damage	bot-682	alpha	bot-714	bravo	five_seven	bullet	20.00	40.00	9.41	-2.57	-14.88	-6.08	24.55
208803	damage	bot-567	alpha	bot-714	bravo	five_seven	bullet	20.00	20.00	11.66	-5.06	-15.24	-6.05	26.92
208950	kill	bot-567	alpha	bot-714	bravo	five_seven	bullet	20.00	0.00	11.68	-5.06	-15.96	-6.08	27.66
210365	damage	bot-682	alpha	bot-716	bravo	five_seven	bullet	20.00	80.00	8.08	-2.76	-8.30	-13.07	19.36
210570	damage	bot-682	alpha	bot-716	bravo	five_seven	bullet	20.00	60.00	8.08	-2.76	-8.30	-13.07	19.36
210651	damage	bot-716	bravo	bot-642	alpha	cz_805_bren	bullet	24.00	48.02	-8.36	-13.42	-3.67	1.93	16.05
211329	damage	bot-716	bravo	bot-642	alpha	cz_805_bren	bullet	24.00	28.42	-9.40	-15.72	-3.20	2.41	19.16
211592	damage	bot-682	alpha	bot-716	bravo	five_seven	bullet	20.00	40.00	8.15	-2.99	-10.42	-16.01	22.68
212656	damage	bot-716	bravo	bot-668	alpha	cz_805_bren	bullet	24.00	48.52	-12.52	-18.63	4.58	2.78	27.40
212656	damage	bot-717	bravo	bot-644	alpha	five_seven	bullet	20.00	52.80	3.75	-14.75	-3.02	-11.21	7.64
212757	damage	bot-706	alpha	bot-717	bravo	cz_805_bren	bullet	24.00	76.00	-19.35	2.52	3.75	-14.75	28.84
212757	damage	bot-715	alpha	bot-717	bravo	cz_805_bren	bullet	24.00	52.00	-13.09	-22.65	3.75	-14.75	18.60
212865	damage	bot-716	bravo	bot-668	alpha	cz_805_bren	bullet	24.00	24.52	-12.52	-18.63	4.69	2.88	27.55
212865	damage	bot-717	bravo	bot-644	alpha	five_seven	bullet	20.00	32.80	3.67	-14.41	-3.55	-10.71	8.12
212952	damage	bot-715	alpha	bot-717	bravo	cz_805_bren	bullet	24.00	28.00	-13.09	-22.65	3.60	-14.06	18.77
213042	damage	bot-717	bravo	bot-644	alpha	five_seven	bullet	20.00	12.80	3.53	-13.71	-4.07	-10.20	8.37
213139	damage	bot-715	alpha	bot-717	bravo	cz_805_bren	bullet	24.00	4.00	-13.09	-22.65	3.46	-13.36	18.99
213433	kill	bot-717	bravo	bot-644	alpha	five_seven	bullet	20.00	0.00	3.26	-12.30	-5.11	-9.21	8.92
213800	kill	bot-682	alpha	bot-717	bravo	five_seven	bullet	20.00	0.00	6.31	-4.33	3.39	-10.88	7.17
216306	damage	bot-716	bravo	bot-567	alpha	cz_805_bren	bullet	24.00	32.00	-12.52	-18.63	10.54	7.84	35.11
216607	damage	bot-706	alpha	bot-720	bravo	cz_805_bren	bullet	24.00	76.00	-19.38	2.89	9.75	1.75	29.16
216699	damage	bot-716	bravo	bot-567	alpha	cz_805_bren	bullet	24.00	8.00	-12.52	-18.63	11.43	8.56	36.23
216872	damage	bot-668	alpha	bot-720	bravo	m1911	bullet	33.00	43.00	10.32	8.90	9.75	1.75	7.18
216872	kill	bot-716	bravo	bot-567	alpha	cz_805_bren	bullet	24.00	0.00	-12.52	-18.63	11.70	8.97	36.72
218460	damage	bot-716	bravo	bot-668	alpha	cz_805_bren	bullet	24.00	2.32	-12.04	-18.38	12.67	11.76	38.97
218676	kill	bot-716	bravo	bot-668	alpha	cz_805_bren	bullet	24.00	0.00	-12.03	-18.36	13.03	12.11	39.46
218801	damage	bot-521	alpha	bot-720	bravo	five_seven	bullet	20.00	23.00	2.01	6.41	4.97	5.60	3.07
218920	damage	bot-719	alpha	bot-721	bravo	five_seven	bullet	20.00	80.00	-10.04	-21.19	6.75	6.75	32.60
219048	damage	bot-521	alpha	bot-720	bravo	five_seven	bullet	20.00	3.00	1.45	6.73	4.97	5.62	3.69
219185	damage	bot-719	alpha	bot-721	bravo	five_seven	bullet	20.00	60.00	-10.04	-21.19	6.85	6.68	32.59
219424	damage	bot-719	alpha	bot-721	bravo	five_seven	bullet	20.00	40.00	-10.04	-21.19	6.68	6.70	32.52
219630	damage	bot-719	alpha	bot-721	bravo	five_seven	bullet	20.00	20.00	-10.04	-21.19	6.52	6.72	32.45
219717	kill	bot-593	alpha	bot-720	bravo	cz_805_bren	bullet	24.00	0.00	16.82	-0.67	4.95	5.66	13.45
219793	kill	bot-719	alpha	bot-721	bravo	five_seven	bullet	20.00	0.00	-10.03	-21.19	6.53	6.72	32.45
220992	damage	bot-710	alpha	bot-723	bravo	m24	bullet	95.00	5.00	-2.39	-4.63	-17.61	-5.46	15.24
221359	kill	bot-662	alpha	bot-723	bravo	cz_805_bren	bullet	24.00	0.00	-1.56	8.92	-18.54	-5.91	22.55
222773	damage	bot-662	alpha	bot-725	bravo	cz_805_bren	bullet	24.00	76.00	-1.58	8.60	-9.25	2.25	9.95
222773	damage	bot-706	alpha	bot-725	bravo	cz_805_bren	bullet	24.00	52.00	-13.88	4.60	-9.25	2.25	5.18
222894	damage	bot-521	alpha	bot-725	bravo	five_seven	bullet	20.00	32.00	1.33	6.40	-9.02	2.02	11.24
223031	damage	bot-688	alpha	bot-716	bravo	cz_805_bren	bullet	24.00	48.30	16.53	14.70	-12.03	-18.23	43.59
223156	damage	bot-521	alpha	bot-725	bravo	five_seven	bullet	20.00	12.00	1.34	6.41	-8.64	1.64	11.06
223300	kill	bot-521	alpha	bot-725	bravo	five_seven	bullet	20.00	0.00	1.35	6.41	-8.54	1.54	11.03
223745	damage	bot-716	bravo	bot-688	alpha	cz_805_bren	bullet	24.00	48.82	-12.44	-18.28	16.59	14.87	44.05
224705	damage	bot-716	bravo	bot-609	alpha	cz_805_bren	bullet	24.00	46.79	-14.00	-18.46	-8.30	-15.25	6.54
227482	damage	bot-662	alpha	bot-727	bravo	cz_805_bren	bullet	24.00	76.00	-1.92	6.61	-21.58	-11.36	26.63
227630	damage	bot-662	alpha	bot-727	bravo	cz_805_bren	bullet	24.00	52.00	-1.92	6.61	-21.93	-11.38	26.91
227761	damage	bot-662	alpha	bot-727	bravo	cz_805_bren	bullet	24.00	28.00	-1.92	6.61	-21.92	-11.67	27.10
228039	damage	bot-662	alpha	bot-727	bravo	cz_805_bren	bullet	24.00	4.00	-1.92	6.61	-22.03	-12.33	27.62
228039	kill	bot-706	alpha	bot-727	bravo	cz_805_bren	bullet	24.00	0.00	-17.68	8.22	-22.03	-12.33	21.00
231398	damage	bot-729	bravo	bot-593	alpha	five_seven	bullet	20.00	52.49	11.54	-6.98	11.11	-0.53	6.47
231659	damage	bot-593	alpha	bot-729	bravo	cz_805_bren	bullet	24.00	76.00	12.06	-1.06	12.03	-6.00	4.95
231931	damage	bot-593	alpha	bot-729	bravo	cz_805_bren	bullet	24.00	52.00	13.35	-1.74	13.32	-5.92	4.18
232568	damage	bot-521	alpha	bot-729	bravo	five_seven	bullet	20.00	32.00	2.49	-1.92	17.19	-6.00	15.26
232568	damage	bot-593	alpha	bot-726	bravo	cz_805_bren	bullet	24.00	76.00	16.77	-1.64	10.69	-7.71	8.60
232568	damage	bot-729	bravo	bot-521	alpha	five_seven	bullet	20.00	52.64	17.19	-6.00	2.49	-1.92	15.26
232681	damage	bot-593	alpha	bot-726	bravo	cz_805_bren	bullet	24.00	52.00	17.30	-1.34	10.71	-7.56	9.06
233319	damage	bot-688	alpha	bot-726	bravo	cz_805_bren	bullet	24.00	28.00	15.03	13.59	10.35	-8.18	22.26
233390	damage	bot-593	alpha	bot-729	bravo	cz_805_bren	bullet	24.00	11.30	19.30	0.48	18.63	-9.67	10.17
233460	damage	bot-688	alpha	bot-726	bravo	cz_805_bren	bullet	24.00	4.00	15.03	13.59	10.00	-8.79	22.94
233460	damage	bot-729	bravo	bot-593	alpha	five_seven	bullet	20.00	32.49	18.63	-9.67	19.42	1.09	10.79
233532	kill	bot-593	alpha	bot-729	bravo	cz_805_bren	bullet	24.00	0.00	19.42	1.09	18.63	-9.67	10.79
235131	damage	bot-715	alpha	bot-731	bravo	cz_805_bren	bullet	24.00	76.00	-8.96	-20.87	25.75	-24.26	34.87
235212	damage	bot-719	alpha	bot-731	bravo	five_seven	bullet	20.00	56.00	-13.64	-24.58	25.75	-24.26	39.39
235298	damage	bot-715	alpha	bot-731	bravo	cz_805_bren	bullet	24.00	32.00	-8.96	-20.87	25.78	-24.33	34.92
235386	damage	bot-593	alpha	bot-728	bravo	cz_805_bren	bullet	24.00	76.00	25.21	1.70	18.78	-10.10	13.44
235386	damage	bot-719	alpha	bot-731	bravo	five_seven	bullet	20.00	12.00	-13.66	-24.59	25.82	-24.42	39.48
235461	kill	bot-715	alpha	bot-731	bravo	cz_805_bren	bullet	24.00	0.00	-8.96	-20.87	25.85	-24.49	35.00
235528	damage	bot-593	alpha	bot-728	bravo	cz_805_bren	bullet	24.00	52.00	25.79	2.08	18.78	-10.10	14.05
235647	damage	bot-593	alpha	bot-728	bravo	cz_805_bren	bullet	24.00	28.00	26.35	2.47	18.77	-10.11	14.68
235647	damage	bot-728	bravo	bot-593	alpha	five_seven	bullet	20.00	12.49	18.77	-10.11	26.63	2.67	15.00
235759	damage	bot-593	alpha	bot-728	bravo	cz_805_bren	bullet	24.00	4.00	26.64	3.03	18.91	-10.79	15.83
237533	damage	bot-732	bravo	bot-682	alpha	five_seven	bullet	20.00	80.00	15.74	-25.74	-6.99	-14.63	25.30
238425	damage	bot-609	alpha	bot-732	bravo	cz_805_bren	bullet	24.00	76.00	-8.51	-14.73	19.46	-26.44	30.32
239019	damage	bot-733	alpha	bot-732	bravo	cz_805_bren	bullet	24.00	52.00	-7.10	-25.11	21.22	-24.70	28.32
239273	damage	bot-715	alpha	bot-732	bravo	cz_805_bren	bullet	24.00	28.00	-8.44	-22.28	21.58	-24.34	30.09
239413	damage	bot-715	alpha	bot-732	bravo	cz_805_bren	bullet	24.00	4.00	-8.44	-22.28	21.97	-23.95	30.46
239534	kill	bot-715	alpha	bot-732	bravo	cz_805_bren	bullet	24.00	0.00	-8.44	-22.28	22.37	-23.56	30.84
242482	damage	bot-521	alpha	bot-730	bravo	five_seven	bullet	20.00	80.00	7.63	-5.68	10.78	-6.45	3.24
242547	damage	bot-730	bravo	bot-521	alpha	cz_805_bren	bullet	24.00	48.32	10.85	-6.46	7.48	-5.69	3.45
242664	damage	bot-521	alpha	bot-730	bravo	five_seven	bullet	20.00	60.00	7.41	-5.68	11.00	-6.48	3.68
242664	kill	bot-710	alpha	bot-730	bravo	m24	bullet	95.00	0.00	-5.13	-1.82	11.00	-6.48	16.79
242735	damage	bot-688	alpha	bot-735	bravo	cz_805_bren	bullet	24.00	76.00	16.32	22.84	-11.50	23.34	27.82
242854	damage	bot-688	alpha	bot-735	bravo	cz_805_bren	bullet	24.00	52.00	16.32	22.84	-11.25	23.34	27.57
245729	damage	bot-693	bravo	bot-733	alpha	five_seven	bullet	20.00	80.00	-12.94	-14.60	2.78	-24.74	18.70
245914	damage	bot-693	bravo	bot-733	alpha	five_seven	bullet	20.00	60.00	-12.92	-14.62	3.14	-24.72	18.97
246255	damage	bot-693	bravo	bot-733	alpha	five_seven	bullet	20.00	44.40	-12.90	-14.64	2.78	-25.65	19.17
246417	damage	bot-693	bravo	bot-733	alpha	five_seven	bullet	20.00	24.40	-12.90	-14.64	2.75	-25.62	19.12
246972	damage	bot-593	alpha	bot-728	bravo	cz_805_bren	bullet	24.00	45.70	26.75	5.31	17.88	-17.10	24.11
247273	damage	bot-593	alpha	bot-728	bravo	cz_805_bren	bullet	24.00	25.30	26.75	5.31	17.88	-17.10	24.11
247441	damage	bot-593	alpha	bot-728	bravo	cz_805_bren	bullet	24.00	3.10	26.75	5.31	17.88	-17.10	24.11
247587	kill	bot-593	alpha	bot-728	bravo	cz_805_bren	bullet	24.00	0.00	26.75	5.31	17.88	-17.10	24.11
249582	damage	bot-642	alpha	bot-740	bravo	m24	bullet	95.00	5.00	-4.20	-4.10	-8.14	-15.62	12.17
250816	damage	bot-710	alpha	bot-726	bravo	m1911	bullet	33.00	39.45	9.90	-4.59	11.76	-7.46	3.42
250947	damage	bot-711	bravo	bot-682	alpha	five_seven	bullet	20.00	32.13	-12.93	-15.26	-7.25	-17.49	6.10
251170	damage	bot-710	alpha	bot-726	bravo	m1911	bullet	33.00	6.45	8.81	-3.33	11.76	-7.86	5.40
251170	damage	bot-711	bravo	bot-682	alpha	five_seven	bullet	20.00	12.13	-12.88	-15.33	-6.68	-18.40	6.92
251517	kill	bot-710	alpha	bot-726	bravo	m1911	bullet	33.00	0.00	8.36	-2.86	11.98	-8.04	6.32
251919	damage	bot-711	bravo	bot-719	alpha	five_seven	bullet	20.00	52.21	-12.91	-14.81	2.69	-24.20	18.21
252066	damage	bot-688	alpha	bot-736	bravo	cz_805_bren	bullet	24.00	37.77	26.76	13.40	-7.54	23.63	35.80
252147	damage	bot-719	alpha	bot-736	bravo	five_seven	bullet	20.00	17.77	2.10	-25.08	-7.63	23.62	49.66
252226	kill	bot-694	alpha	bot-740	bravo	five_seven	bullet	20.00	0.00	-4.93	-10.13	-13.23	-18.74	11.96
252355	kill	bot-688	alpha	bot-736	bravo	cz_805_bren	bullet	24.00	0.00	26.76	13.40	-7.88	23.57	36.11
252694	kill	bot-741	bravo	bot-706	alpha	cz_805_bren	bullet	24.00	0.00	-23.75	15.85	-6.35	-10.63	31.68
252815	damage	bot-722	alpha	bot-741	bravo	m24	bullet	95.00	5.00	-21.44	-17.86	-23.76	15.82	33.76
252990	damage	bot-733	alpha	bot-711	bravo	cz_805_bren	bullet	24.00	22.74	2.84	-25.46	-12.84	-14.85	18.93
253125	damage	bot-710	alpha	bot-734	bravo	m1911	bullet	33.00	39.02	13.09	-2.42	11.90	-8.04	5.74
253625	damage	bot-609	alpha	bot-711	bravo	cz_805_bren	bullet	24.00	5.04	-8.64	-17.59	-12.84	-14.85	5.02
253779	kill	bot-609	alpha	bot-711	bravo	cz_805_bren	bullet	24.00	0.00	-8.55	-17.70	-12.84	-14.85	5.15
255853	damage	bot-593	alpha	bot-738	bravo	cz_805_bren	bullet	24.00	52.02	26.78	13.45	-8.57	23.13	36.65
255967	damage	bot-593	alpha	bot-738	bravo	cz_805_bren	bullet	24.00	28.02	26.78	13.45	-8.74	23.10	36.80
256086	damage	bot-593	alpha	bot-738	bravo	cz_805_bren	bullet	24.00	4.02	26.78	13.45	-8.90	23.08	36.96
256234	kill	bot-593	alpha	bot-738	bravo	cz_805_bren	bullet	24.00	0.00	26.77	13.44	-9.34	23.02	37.36
256769	damage	bot-593	alpha	bot-739	bravo	cz_805_bren	bullet	24.00	76.00	26.77	13.42	-12.05	24.49	40.37
256953	damage	bot-593	alpha	bot-739	bravo	cz_805_bren	bullet	24.00	52.00	26.77	13.42	-12.05	24.49	40.37
257110	damage	bot-593	alpha	bot-739	bravo	cz_805_bren	bullet	24.00	28.00	26.77	13.40	-12.16	24.37	40.45
257409	damage	bot-593	alpha	bot-739	bravo	cz_805_bren	bullet	24.00	4.00	26.77	13.40	-12.39	24.14	40.61
257619	kill	bot-688	alpha	bot-739	bravo	cz_805_bren	bullet	24.00	0.00	19.70	14.53	-12.56	23.96	33.61
259692	damage	bot-660	alpha	bot-746	bravo	m24	bullet	95.00	5.00	-6.59	-7.45	-4.11	22.45	30.00
259826	kill	bot-609	alpha	bot-746	bravo	cz_805_bren	bullet	24.00	0.00	-8.74	-9.77	-3.83	23.03	33.16
261707	damage	bot-682	alpha	bot-747	bravo	five_seven	bullet	20.00	80.00	-5.53	-20.37	9.82	9.40	33.49
261912	damage	bot-719	alpha	bot-747	bravo	five_seven	bullet	20.00	60.00	2.68	-10.88	9.82	9.37	21.48
262001	damage	bot-733	alpha	bot-747	bravo	cz_805_bren	bullet	24.00	36.00	2.77	-13.06	9.85	9.73	23.87
262085	damage	bot-682	alpha	bot-747	bravo	five_seven	bullet	20.00	16.00	-5.48	-20.32	9.88	10.08	34.06
262172	kill	bot-733	alpha	bot-747	bravo	cz_805_bren	bullet	24.00	0.00	2.77	-13.06	9.91	10.42	24.55
263956	damage	bot-662	alpha	bot-749	bravo	cz_805_bren	bullet	24.00	76.00	-1.10	-11.71	-15.59	-7.22	15.17
264489	damage	bot-750	alpha	bot-749	bravo	cz_805_bren	bullet	24.00	52.00	-7.13	0.56	-16.26	-7.41	12.12
264655	damage	bot-750	alpha	bot-749	bravo	cz_805_bren	bullet	24.00	28.00	-7.13	0.56	-16.91	-7.66	12.78
264738	damage	bot-749	bravo	bot-609	alpha	five_seven	bullet	20.00	75.68	-16.91	-7.66	-11.54	-2.58	7.40
264829	kill	bot-722	alpha	bot-749	bravo	m1911	bullet	33.00	0.00	-24.45	-12.70	-17.24	-7.79	8.72
266093	damage	bot-751	bravo	bot-694	alpha	cz_805_bren	bullet	24.00	48.87	-3.47	-16.53	-7.00	-9.86	7.55
266208	damage	bot-750	alpha	bot-751	bravo	cz_805_bren	bullet	24.00	76.00	-7.92	-0.19	-3.01	-16.99	17.51
266208	damage	bot-751	bravo	bot-694	alpha	cz_805_bren	bullet	24.00	24.87	-3.01	-16.99	-7.14	-9.78	8.31
266281	damage	bot-583	alpha	bot-751	bravo	cz_805_bren	bullet	24.00	52.00	-2.42	8.03	-2.78	-17.22	25.25
266579	damage	bot-662	alpha	bot-751	bravo	cz_805_bren	bullet	24.00	28.00	-0.97	-10.43	-3.81	-18.27	8.33
266755	damage	bot-751	bravo	bot-694	alpha	cz_805_bren	bullet	24.00	0.87	-4.31	-18.78	-7.60	-9.49	9.86
266914	kill	bot-751	bravo	bot-694	alpha	cz_805_bren	bullet	24.00	0.00	-4.81	-19.29	-7.74	-9.38	10.33
267003	damage	bot-662	alpha	bot-751	bravo	cz_805_bren	bullet	24.00	4.00	0.19	-9.30	-5.05	-19.54	11.50
267335	kill	bot-662	alpha	bot-751	bravo	cz_805_bren	bullet	24.00	0.00	0.66	-8.85	-6.21	-20.27	13.32
268227	damage	bot-753	alpha	bot-734	bravo	five_seven	bullet	20.00	52.30	26.73	1.67	16.75	-4.82	11.90
268402	damage	bot-753	alpha	bot-734	bravo	five_seven	bullet	20.00	32.30	26.73	1.66	16.76	-5.05	12.01
268550	damage	bot-753	alpha	bot-734	bravo	five_seven	bullet	20.00	12.30	26.73	1.66	16.76	-5.20	12.10
268707	kill	bot-753	alpha	bot-734	bravo	five_seven	bullet	20.00	0.00	26.73	1.66	16.76	-5.37	12.20
274279	damage	bot-715	alpha	bot-756	bravo	cz_805_bren	bullet	24.00	76.00	17.73	-17.26	26.24	-13.74	9.21
274279	damage	bot-753	alpha	bot-756	bravo	five_seven	bullet	20.00	56.00	22.70	-2.13	26.24	-13.74	12.14
276318	damage	bot-715	alpha	bot-757	bravo	cz_805_bren	bullet	24.00	76.00	17.74	-15.34	19.77	-21.38	6.37
276318	damage	bot-758	alpha	bot-756	bravo	m1911	bullet	33.00	23.00	12.63	-22.27	26.75	-19.27	14.44
276455	damage	bot-715	alpha	bot-757	bravo	cz_805_bren	bullet	24.00	52.00	17.75	-15.01	19.65	-21.35	6.62
276689	kill	bot-758	alpha	bot-756	bravo	m1911	bullet	33.00	0.00	12.66	-22.26	26.75	-19.27	14.40
276971	damage	bot-757	bravo	bot-715	alpha	cz_805_bren	bullet	24.00	48.29	18.08	-22.73	17.76	-12.72	10.02
277806	damage	bot-670	alpha	bot-742	bravo	cz_805_bren	bullet	24.00	76.00	-8.68	-17.25	-15.25	-13.25	7.69
278003	damage	bot-670	alpha	bot-742	bravo	cz_805_bren	bullet	24.00	52.00	-8.50	-17.86	-15.25	-13.25	8.17
278793	damage	bot-609	alpha	bot-757	bravo	cz_805_bren	bullet	24.00	28.00	-6.97	-10.74	12.52	-25.11	24.21
279018	damage	bot-609	alpha	bot-757	bravo	cz_805_bren	bullet	24.00	4.00	-6.97	-10.74	11.87	-24.81	23.51
279018	damage	bot-757	bravo	bot-670	alpha	cz_805_bren	bullet	24.00	48.11	11.87	-24.81	-8.32	-18.32	21.21
279127	kill	bot-750	alpha	bot-757	bravo	cz_805_bren	bullet	24.00	0.00	-5.47	-10.73	11.51	-24.80	22.05
280623	damage	bot-754	bravo	bot-660	alpha	five_seven	bullet	20.00	52.26	17.75	15.23	-8.62	-10.20	36.63
280739	damage	bot-662	alpha	bot-760	bravo	cz_805_bren	bullet	24.00	76.00	-5.59	-15.68	14.89	13.66	35.78
280852	damage	bot-662	alpha	bot-760	bravo	cz_805_bren	bullet	24.00	52.00	-5.61	-15.68	14.89	13.66	35.79
280852	damage	bot-754	bravo	bot-660	alpha	five_seven	bullet	20.00	32.26	17.75	15.23	-8.55	-10.34	36.68
280963	damage	bot-662	alpha	bot-760	bravo	cz_805_bren	bullet	24.00	28.00	-5.61	-15.68	14.96	13.70	35.87
281531	damage	bot-583	alpha	bot-754	bravo	cz_805_bren	bullet	24.00	55.91	-2.83	-8.19	17.15	15.12	30.71
284766	damage	bot-762	bravo	bot-733	alpha	cz_805_bren	bullet	24.00	67.00	20.86	-6.36	16.99	-3.75	4.67
284969	damage	bot-762	bravo	bot-733	alpha	cz_805_bren	bullet	24.00	43.00	21.09	-6.59	17.02	-3.81	4.93
285414	damage	bot-762	bravo	bot-733	alpha	cz_805_bren	bullet	24.00	19.00	21.77	-7.27	16.19	-3.19	6.92
285545	damage	bot-733	alpha	bot-762	bravo	cz_805_bren	bullet	24.00	76.00	16.19	-3.19	22.00	-7.50	7.24
285687	damage	bot-733	alpha	bot-762	bravo	cz_805_bren	bullet	24.00	52.00	15.84	-3.10	22.22	-7.72	7.88
286445	damage	bot-724	alpha	bot-762	bravo	cz_805_bren	bullet	24.00	28.00	15.53	-3.37	22.94	-9.75	9.78
286573	damage	bot-724	alpha	bot-762	bravo	cz_805_bren	bullet	24.00	4.00	15.53	-3.37	23.19	-10.00	10.13
286708	kill	bot-724	alpha	bot-762	bravo	cz_805_bren	bullet	24.00	0.00	15.55	-3.33	23.43	-10.26	10.50
287535	damage	bot-670	alpha	bot-763	bravo	cz_805_bren	bullet	24.00	76.00	-6.27	-21.67	-8.73	-14.19	7.88
287825	damage	bot-670	alpha	bot-763	bravo	cz_805_bren	bullet	24.00	52.00	-6.27	-21.67	-8.85	-14.81	7.33
287977	damage	bot-670	alpha	bot-763	bravo	cz_805_bren	bullet	24.00	28.00	-6.27	-21.67	-8.95	-15.15	7.05
288100	damage	bot-670	alpha	bot-763	bravo	cz_805_bren	bullet	24.00	4.00	-6.27	-21.67	-8.84	-15.49	6.70
288668	damage	bot-766	alpha	bot-765	bravo	cz_805_bren	bullet	24.00	76.00	12.75	-5.75	9.26	17.40	23.41
288776	kill	bot-719	alpha	bot-763	bravo	five_seven	bullet	20.00	0.00	-4.74	-17.94	-10.25	-16.34	5.74
288952	damage	bot-766	alpha	bot-765	bravo	cz_805_bren	bullet	24.00	52.00	12.75	-5.75	8.97	17.88	23.93
290689	damage	bot-583	alpha	bot-759	bravo	cz_805_bren	bullet	24.00	46.81	-7.74	-17.66	16.20	15.72	41.07
291637	damage	bot-662	alpha	bot-759	bravo	cz_805_bren	bullet	24.00	22.81	-4.71	-13.86	18.22	17.19	38.59
291752	kill	bot-662	alpha	bot-759	bravo	cz_805_bren	bullet	24.00	0.00	-4.71	-13.86	18.49	17.43	38.94
292871	damage	bot-710	alpha	bot-768	bravo	m24	bullet	95.00	5.00	15.25	-5.75	-17.37	-6.53	32.63
293787	damage	bot-662	alpha	bot-754	bravo	cz_805_bren	bullet	24.00	48.11	-4.28	-12.97	18.74	17.91	38.52
293888	damage	bot-750	alpha	bot-754	bravo	cz_805_bren	bullet	24.00	24.11	-7.70	-14.80	18.81	17.97	42.15
294030	damage	bot-750	alpha	bot-754	bravo	cz_805_bren	bullet	24.00	0.11	-7.70	-14.80	18.93	18.13	42.35
294166	damage	bot-754	bravo	bot-682	alpha	five_seven	bullet	20.00	24.92	19.06	18.25	-7.83	-15.98	43.53
294570	damage	bot-768	bravo	bot-660	alpha	cz_805_bren	bullet	24.00	48.76	-22.97	-5.28	-10.38	-7.62	12.80
294726	kill	bot-682	alpha	bot-754	bravo	five_seven	bullet	20.00	0.00	-10.27	-16.25	19.57	18.70	45.96
295026	damage	bot-768	bravo	bot-660	alpha	cz_805_bren	bullet	24.00	24.76	-23.66	-4.80	-10.02	-7.93	14.00
295175	damage	bot-768	bravo	bot-660	alpha	cz_805_bren	bullet	24.00	0.76	-23.64	-4.80	-9.87	-8.03	14.15
295326	kill	bot-768	bravo	bot-660	alpha	cz_805_bren	bullet	24.00	0.00	-23.64	-4.80	-9.74	-8.13	14.29
296207	damage	bot-719	alpha	bot-769	bravo	five_seven	bullet	20.00	80.00	-7.06	-18.37	-14.71	15.95	35.16
296377	damage	bot-719	alpha	bot-769	bravo	five_seven	bullet	20.00	60.00	-7.06	-18.35	-14.71	15.92	35.12
296493	kill	bot-722	alpha	bot-768	bravo	m1911	bullet	33.00	0.00	-19.72	-18.68	-23.61	-4.79	14.43
296543	damage	bot-750	alpha	bot-770	bravo	cz_805_bren	bullet	24.00	76.00	-6.81	-13.21	-18.14	11.48	27.17
296661	damage	bot-662	alpha	bot-770	bravo	cz_805_bren	bullet	24.00	52.00	-3.39	-10.82	-18.54	11.97	27.37
296661	damage	bot-670	alpha	bot-770	bravo	cz_805_bren	bullet	24.00	28.00	-5.55	-16.14	-18.54	11.97	30.97
296661	damage	bot-750	alpha	bot-770	bravo	cz_805_bren	bullet	24.00	4.00	-6.81	-13.22	-18.54	11.97	27.79
296785	kill	bot-662	alpha	bot-770	bravo	cz_805_bren	bullet	24.00	0.00	-3.39	-10.82	-19.02	12.50	28.08
296982	damage	bot-752	bravo	bot-682	alpha	cz_805_bren	bullet	24.00	25.90	-12.29	-11.23	-10.35	-16.25	5.39
297065	damage	bot-771	alpha	bot-755	bravo	five_seven	bullet	20.00	80.00	9.85	8.03	16.93	14.41	9.53
297132	damage	bot-752	bravo	bot-682	alpha	cz_805_bren	bullet	24.00	3.70	-12.37	-11.11	-10.35	-16.25	5.52
297296	kill	bot-752	bravo	bot-682	alpha	cz_805_bren	bullet	24.00	0.00	-12.46	-11.01	-10.35	-16.25	5.65
297296	damage	bot-771	alpha	bot-755	bravo	five_seven	bullet	20.00	60.00	9.85	8.03	16.93	14.41	9.53
297457	damage	bot-771	alpha	bot-755	bravo	five_seven	bullet	20.00	40.00	9.85	8.04	17.06	14.51	9.68
297599	damage	bot-771	alpha	bot-755	bravo	five_seven	bullet	20.00	20.00	9.86	8.06	17.21	14.62	9.85
297763	kill	bot-771	alpha	bot-755	bravo	five_seven	bullet	20.00	0.00	9.86	8.07	17.34	14.73	10.02
298329	damage	bot-771	alpha	bot-765	bravo	five_seven	bullet	20.00	52.70	9.48	7.65	8.61	17.62	10.00
300601	damage	bot-750	alpha	bot-742	bravo	cz_805_bren	bullet	24.00	48.70	-11.25	-16.25	-15.32	-12.17	5.76
300776	damage	bot-693	bravo	bot-722	alpha	five_seven	bullet	20.00	52.76	-12.85	-11.84	-14.25	-16.52	4.89
300914	damage	bot-742	bravo	bot-750	alpha	five_seven	bullet	20.00	57.52	-16.04	-12.23	-11.31	-16.44	6.33
300997	damage	bot-752	bravo	bot-722	alpha	cz_805_bren	bullet	24.00	28.76	-12.27	-10.92	-14.48	-16.74	6.22
301059	damage	bot-722	alpha	bot-718	bravo	m1911	bullet	33.00	62.71	-14.48	-16.74	-12.01	-13.15	4.35
301111	damage	bot-752	bravo	bot-722	alpha	cz_805_bren	bullet	24.00	4.76	-12.27	-10.90	-14.59	-16.84	6.37
302091	damage	bot-774	bravo	bot-773	alpha	cz_805_bren	bullet	24.00	76.00	-13.11	14.94	-24.45	-2.98	21.21
302790	damage	bot-742	bravo	bot-719	alpha	five_seven	bullet	20.00	52.01	-16.73	-11.89	-10.67	-16.55	7.64
303029	damage	bot-742	bravo	bot-719	alpha	five_seven	bullet	20.00	32.01	-16.75	-10.82	-10.54	-16.45	8.38
303231	damage	bot-742	bravo	bot-670	alpha	five_seven	bullet	20.00	52.41	-16.75	-11.17	-11.31	-16.57	7.66
303572	damage	bot-583	alpha	bot-772	bravo	five_seven	bullet	20.00	80.00	-7.66	-16.16	-6.63	24.51	40.69
303725	damage	bot-583	alpha	bot-772	bravo	five_seven	bullet	20.00	60.00	-7.66	-16.15	-6.24	24.74	40.92
303860	damage	bot-767	bravo	bot-775	alpha	cz_805_bren	bullet	24.00	76.00	21.36	15.85	15.90	15.06	5.52
303936	damage	bot-583	alpha	bot-772	bravo	five_seven	bullet	20.00	40.00	-7.66	-16.15	-5.62	25.03	41.23
304017	kill	bot-722	alpha	bot-693	bravo	m24	bullet	95.00	0.00	-16.55	-18.28	-11.75	-13.25	6.95
304017	damage	bot-767	bravo	bot-775	alpha	cz_805_bren	bullet	24.00	52.00	21.91	15.49	15.83	14.99	6.10
306039	damage	bot-776	bravo	bot-642	alpha	five_seven	bullet	20.00	63.59	-24.02	23.36	-8.72	-8.90	35.71
306108	damage	bot-742	bravo	bot-662	alpha	five_seven	bullet	20.00	52.87	-15.74	-11.10	-11.25	-16.25	6.83
306234	damage	bot-776	bravo	bot-642	alpha	five_seven	bullet	20.00	43.59	-24.02	23.36	-8.72	-8.90	35.71
306307	damage	bot-742	bravo	bot-662	alpha	five_seven	bullet	20.00	32.87	-15.72	-11.08	-11.00	-16.24	6.99
306442	damage	bot-719	alpha	bot-769	bravo	five_seven	bullet	20.00	51.87	-3.53	-21.74	-23.20	23.13	48.98
306442	damage	bot-766	alpha	bot-772	bravo	cz_805_bren	bullet	24.00	27.70	-1.30	-2.94	-2.32	26.68	29.64
306442	damage	bot-776	bravo	bot-642	alpha	five_seven	bullet	20.00	23.59	-24.02	23.36	-8.69	-9.13	35.93
306584	damage	bot-766	alpha	bot-772	bravo	cz_805_bren	bullet	24.00	5.50	-1.30	-2.92	-2.32	26.68	29.62
306584	damage	bot-776	bravo	bot-642	alpha	five_seven	bullet	20.00	3.59	-24.02	23.36	-8.67	-9.28	36.08
306752	kill	bot-776	bravo	bot-642	alpha	five_seven	bullet	20.00	0.00	-24.02	23.36	-8.65	-9.50	36.29
306812	kill	bot-766	alpha	bot-772	bravo	cz_805_bren	bullet	24.00	0.00	-1.30	-2.90	-2.32	26.68	29.60
307208	damage	bot-583	alpha	bot-767	bravo	five_seven	bullet	20.00	24.81	-7.58	-14.53	16.18	14.42	37.45
307374	damage	bot-583	alpha	bot-767	bravo	five_seven	bullet	20.00	4.81	-7.60	-14.54	15.47	14.29	36.92
307467	kill	bot-766	alpha	bot-767	bravo	cz_805_bren	bullet	24.00	0.00	-1.30	-2.90	15.27	14.00	23.67
307766	damage	bot-742	bravo	bot-662	alpha	five_seven	bullet	20.00	12.87	-15.81	-12.87	-7.58	-18.15	9.79
307945	kill	bot-742	bravo	bot-662	alpha	five_seven	bullet	20.00	0.00	-15.81	-12.85	-7.06	-18.65	10.50
308466	damage	bot-742	bravo	bot-719	alpha	five_seven	bullet	20.00	12.01	-15.81	-12.81	4.68	-26.72	24.76
308628	kill	bot-742	bravo	bot-719	alpha	five_seven	bullet	20.00	0.00	-15.81	-12.80	4.67	-26.72	24.76
309371	damage	bot-583	alpha	bot-780	bravo	five_seven	bullet	20.00	80.00	-8.41	-15.01	-17.29	-16.77	9.05
309371	kill	bot-773	alpha	bot-777	bravo	m24	bullet	95.00	0.00	-21.67	-7.17	-20.90	17.64	24.83
309515	damage	bot-583	alpha	bot-780	bravo	five_seven	bullet	20.00	60.00	-8.41	-15.01	-17.30	-16.78	9.06
309661	damage	bot-583	alpha	bot-780	bravo	five_seven	bullet	20.00	40.00	-8.41	-15.01	-18.01	-16.77	9.76
309809	damage	bot-583	alpha	bot-780	bravo	five_seven	bullet	20.00	20.00	-8.41	-15.01	-18.71	-16.76	10.45
309962	kill	bot-583	alpha	bot-780	bravo	five_seven	bullet	20.00	0.00	-8.41	-15.01	-19.43	-16.75	11.16
310786	damage	bot-782	bravo	bot-607	alpha	five_seven	bullet	20.00	52.13	-11.48	-8.30	-6.88	-4.59	5.90
310982	damage	bot-782	bravo	bot-607	alpha	five_seven	bullet	20.00	32.13	-11.48	-8.30	-6.14	-3.90	6.92
311061	damage	bot-766	alpha	bot-782	bravo	cz_805_bren	bullet	24.00	76.00	-9.10	1.10	-11.48	-8.30	9.70
311187	damage	bot-766	alpha	bot-782	bravo	cz_805_bren	bullet	24.00	52.00	-9.11	1.11	-11.48	-8.30	9.71
311187	damage	bot-782	bravo	bot-607	alpha	five_seven	bullet	20.00	12.13	-11.48	-8.30	-5.39	-3.15	7.98
311356	kill	bot-782	bravo	bot-607	alpha	five_seven	bullet	20.00	0.00	-10.69	-8.29	-4.61	-2.42	8.45
311664	kill	bot-783	alpha	bot-776	bravo	m24	bullet	95.00	0.00	-25.25	-26.23	-26.58	26.77	53.02
313998	damage	bot-670	alpha	bot-778	bravo	cz_805_bren	bullet	24.00	48.55	-5.49	-20.24	-5.75	26.13	46.37
314121	damage	bot-670	alpha	bot-778	bravo	cz_805_bren	bullet	24.00	24.55	-5.49	-20.24	-5.20	26.21	46.45
314285	damage	bot-670	alpha	bot-778	bravo	cz_805_bren	bullet	24.00	0.55	-5.49	-20.24	-4.61	26.30	46.55
314953	damage	bot-784	bravo	bot-764	alpha	m1911	bullet	33.00	67.00	9.36	-8.27	14.54	-3.24	7.22
315201	damage	bot-764	alpha	bot-786	bravo	cz_805_bren	bullet	24.00	76.00	14.97	-3.06	10.06	-8.24	7.13
315356	damage	bot-764	alpha	bot-786	bravo	cz_805_bren	bullet	24.00	52.00	15.58	-2.70	10.14	-8.24	7.75
315732	damage	bot-764	alpha	bot-784	bravo	cz_805_bren	bullet	24.00	76.00	17.00	-1.88	9.87	-8.21	9.53
316983	kill	bot-784	bravo	bot-710	alpha	m1911	bullet	33.00	0.00	10.18	-8.43	15.96	7.60	17.04
317166	damage	bot-750	alpha	bot-788	bravo	cz_805_bren	bullet	24.00	76.00	-10.03	-15.75	-12.75	-15.25	2.77
317332	damage	bot-750	alpha	bot-788	bravo	cz_805_bren	bullet	24.00	52.00	-10.02	-15.74	-12.75	-15.25	2.77
318770	damage	bot-750	alpha	bot-784	bravo	cz_805_bren	bullet	24.00	52.00	-8.75	-14.75	5.96	-6.50	16.87
318880	damage	bot-750	alpha	bot-784	bravo	cz_805_bren	bullet	24.00	28.00	-8.75	-14.75	6.48	-6.00	17.56
319165	damage	bot-583	alpha	bot-790	bravo	five_seven	bullet	20.00	80.00	-8.75	-18.25	4.82	-6.95	17.66
319333	damage	bot-583	alpha	bot-790	bravo	five_seven	bullet	20.00	60.00	-8.75	-18.25	5.53	-6.54	18.47
319418	damage	bot-790	bravo	bot-764	alpha	five_seven	bullet	20.00	52.46	5.77	-6.28	20.21	-0.11	15.70
319499	damage	bot-583	alpha	bot-790	bravo	five_seven	bullet	20.00	40.00	-8.75	-18.25	6.01	-6.01	19.17
319645	damage	bot-583	alpha	bot-790	bravo	five_seven	bullet	20.00	20.00	-8.75	-18.25	6.57	-5.60	19.87
319645	kill	bot-750	alpha	bot-790	bravo	cz_805_bren	bullet	24.00	0.00	-8.75	-14.93	6.57	-5.60	17.93
320972	damage	bot-764	alpha	bot-784	bravo	cz_805_bren	bullet	24.00	9.40	24.02	-3.59	10.72	-6.46	13.60
320972	damage	bot-789	alpha	bot-792	bravo	five_seven	bullet	20.00	80.00	-22.78	-18.55	-20.50	-12.29	6.67
321112	kill	bot-764	alpha	bot-784	bravo	cz_805_bren	bullet	24.00	0.00	24.02	-3.59	10.72	-6.46	13.60
321172	damage	bot-783	alpha	bot-792	bravo	five_seven	bullet	20.00	60.00	-22.18	-19.88	-20.32	-13.25	6.89
321172	damage	bot-791	alpha	bot-792	bravo	five_seven	bullet	20.00	40.00	-23.22	-20.11	-20.32	-13.25	7.45
321251	damage	bot-787	alpha	bot-792	bravo	cz_805_bren	bullet	24.00	16.00	-26.20	-15.91	-20.27	-12.89	6.64
321251	kill	bot-789	alpha	bot-792	bravo	five_seven	bullet	20.00	0.00	-22.78	-18.55	-20.27	-12.89	6.19
322742	damage	bot-788	bravo	bot-722	alpha	cz_805_bren	bullet	24.00	38.49	-12.37	-13.02	-14.95	-16.83	4.61
322811	damage	bot-670	alpha	bot-794	bravo	cz_805_bren	bullet	24.00	76.00	-4.13	-16.13	12.75	14.74	35.19
322889	damage	bot-788	bravo	bot-722	alpha	cz_805_bren	bullet	24.00	14.49	-12.36	-12.85	-15.12	-16.83	4.84
322979	damage	bot-670	alpha	bot-794	bravo	cz_805_bren	bullet	24.00	52.00	-4.13	-16.13	12.66	14.52	34.95
326120	damage	bot-752	bravo	bot-748	alpha	cz_805_bren	bullet	24.00	62.81	-11.80	-11.38	-14.62	-16.26	5.64
326346	damage	bot-752	bravo	bot-748	alpha	cz_805_bren	bullet	24.00	38.81	-11.15	-11.61	-14.62	-16.26	5.80
326624	damage	bot-733	alpha	bot-794	bravo	cz_805_bren	bullet	24.00	48.70	3.89	-17.70	11.79	18.52	37.07
326782	damage	bot-733	alpha	bot-794	bravo	cz_805_bren	bullet	24.00	24.70	3.88	-17.69	11.90	18.65	37.21
326782	damage	bot-781	alpha	bot-786	bravo	five_seven	bullet	20.00	52.62	19.53	-4.59	10.92	-6.23	8.77
326905	damage	bot-733	alpha	bot-794	bravo	cz_805_bren	bullet	24.00	0.70	3.87	-17.69	12.02	18.76	37.35
326905	damage	bot-786	bravo	bot-764	alpha	cz_805_bren	bullet	24.00	71.23	10.83	-6.09	21.41	-5.32	10.60
327078	kill	bot-733	alpha	bot-794	bravo	cz_805_bren	bullet	24.00	0.00	3.86	-17.68	12.20	18.95	37.57
327365	damage	bot-718	bravo	bot-583	alpha	m1911	bullet	33.00	33.53	-11.51	-10.66	-12.75	-15.25	4.76
327441	damage	bot-764	alpha	bot-795	bravo	cz_805_bren	bullet	24.00	76.00	21.36	-5.45	9.90	-5.59	11.46
327616	damage	bot-764	alpha	bot-795	bravo	cz_805_bren	bullet	24.00	52.00	21.36	-5.45	9.77	-5.62	11.59
327778	damage	bot-718	bravo	bot-583	alpha	m1911	bullet	33.00	0.53	-11.63	-10.92	-12.92	-15.09	4.36
327778	kill	bot-752	bravo	bot-583	alpha	cz_805_bren	bullet	24.00	0.00	-11.44	-12.32	-12.92	-15.09	3.14
327858	damage	bot-750	alpha	bot-786	bravo	cz_805_bren	bullet	24.00	28.62	-8.79	-15.58	8.48	-3.56	21.04
328025	damage	bot-750	alpha	bot-786	bravo	cz_805_bren	bullet	24.00	4.62	-8.90	-15.71	7.88	-3.15	20.95
328392	kill	bot-750	alpha	bot-786	bravo	cz_805_bren	bullet	24.00	0.00	-8.92	-15.75	7.29	-2.76	20.78
328938	damage	bot-750	alpha	bot-795	bravo	cz_805_bren	bullet	24.00	28.00	-9.03	-16.17	8.00	-4.34	20.73
329229	damage	bot-733	alpha	bot-797	bravo	cz_805_bren	bullet	24.00	76.00	3.93	-15.34	-12.56	-6.59	18.67
329412	damage	bot-733	alpha	bot-797	bravo	cz_805_bren	bullet	24.00	52.00	3.95	-15.30	-12.55	-6.59	18.66
329412	damage	bot-798	alpha	bot-796	bravo	cz_805_bren	bullet	24.00	76.00	23.63	2.08	7.93	-3.90	16.80
329498	damage	bot-795	bravo	bot-798	alpha	cz_805_bren	bullet	24.00	76.00	6.78	-3.05	23.63	2.08	17.61
329676	damage	bot-670	alpha	bot-797	bravo	cz_805_bren	bullet	24.00	28.00	-1.92	-12.35	-13.50	-6.96	12.77
329772	damage	bot-750	alpha	bot-795	bravo	cz_805_bren	bullet	24.00	4.00	-9.06	-16.03	6.61	-2.88	20.46
329772	damage	bot-798	alpha	bot-796	bravo	cz_805_bren	bullet	24.00	52.00	23.63	2.08	7.81	-3.40	16.74
329864	damage	bot-795	bravo	bot-798	alpha	cz_805_bren	bullet	24.00	52.00	6.55	-2.83	23.63	2.08	17.77
329972	kill	bot-750	alpha	bot-795	bravo	cz_805_bren	bullet	24.00	0.00	-9.06	-16.04	6.48	-2.78	20.43
329972	damage	bot-797	bravo	bot-773	alpha	five_seven	bullet	20.00	46.14	-14.44	-7.31	-20.31	-6.78	5.90
330084	damage	bot-798	alpha	bot-796	bravo	cz_805_bren	bullet	24.00	28.00	24.34	2.13	7.69	-3.59	17.60
330465	damage	bot-750	alpha	bot-796	bravo	cz_805_bren	bullet	24.00	4.00	-9.06	-16.07	7.55	-3.64	20.74
330465	kill	bot-766	alpha	bot-796	bravo	cz_805_bren	bullet	24.00	0.00	-10.25	-15.75	7.55	-3.64	21.52
331121	damage	bot-752	bravo	bot-766	alpha	cz_805_bren	bullet	24.00	43.49	-11.75	-11.37	-10.55	-15.95	4.74
331292	damage	bot-715	alpha	bot-799	bravo	cz_805_bren	bullet	24.00	76.00	-3.59	-25.16	-5.59	-16.95	8.45
331292	damage	bot-752	bravo	bot-766	alpha	cz_805_bren	bullet	24.00	19.49	-11.69	-11.52	-10.39	-15.95	4.62
331421	damage	bot-715	alpha	bot-799	bravo	cz_805_bren	bullet	24.00	52.00	-3.43	-25.21	-5.49	-17.06	8.41
331421	damage	bot-766	alpha	bot-799	bravo	cz_805_bren	bullet	24.00	28.00	-10.24	-15.90	-5.49	-17.06	4.89
331567	damage	bot-715	alpha	bot-799	bravo	cz_805_bren	bullet	24.00	4.00	-3.26	-25.27	-5.64	-17.04	8.56
331567	kill	bot-766	alpha	bot-799	bravo	cz_805_bren	bullet	24.00	0.00	-10.13	-15.74	-5.64	-17.04	4.67
332022	damage	bot-773	alpha	bot-797	bravo	five_seven	bullet	20.00	8.00	-24.41	-2.68	-12.74	-4.65	11.83
332515	kill	bot-781	alpha	bot-797	bravo	five_seven	bullet	20.00	0.00	17.06	-5.03	-11.29	-5.54	28.35
334640	damage	bot-798	alpha	bot-801	bravo	cz_805_bren	bullet	24.00	76.00	26.75	7.73	25.41	20.52	12.85
334837	damage	bot-798	alpha	bot-801	bravo	cz_805_bren	bullet	24.00	52.00	26.75	7.73	25.46	20.28	12.61
335474	damage	bot-789	alpha	bot-803	bravo	five_seven	bullet	20.00	80.00	-18.25	-21.25	-24.47	-14.96	8.84
335673	damage	bot-773	alpha	bot-803	bravo	five_seven	bullet	20.00	60.00	-26.29	-4.17	-24.19	-15.03	11.06
335673	damage	bot-789	alpha	bot-803	bravo	five_seven	bullet	20.00	40.00	-18.25	-21.25	-24.19	-15.03	8.60
335779	damage	bot-748	alpha	bot-803	bravo	cz_805_bren	bullet	24.00	16.00	-20.35	-20.02	-24.05	-15.21	6.07
338736	damage	bot-793	alpha	bot-805	bravo	cz_805_bren	bullet	24.00	76.00	-11.36	-17.53	-14.25	-11.75	6.46
339030	damage	bot-793	alpha	bot-805	bravo	cz_805_bren	bullet	24.00	52.00	-11.30	-16.75	-14.25	-11.75	5.81
339465	damage	bot-715	alpha	bot-807	bravo	cz_805_bren	bullet	24.00	76.00	-5.50	-20.15	-5.76	10.62	30.76
339631	damage	bot-715	alpha	bot-807	bravo	cz_805_bren	bullet	24.00	52.00	-5.50	-20.15	-5.76	10.60	30.74
339839	damage	bot-715	alpha	bot-807	bravo	cz_805_bren	bullet	24.00	28.00	-5.50	-20.15	-5.76	10.60	30.74
339839	damage	bot-781	alpha	bot-807	bravo	five_seven	bullet	20.00	8.00	12.93	-5.20	-5.76	10.60	24.48
339962	kill	bot-715	alpha	bot-807	bravo	cz_805_bren	bullet	24.00	0.00	-5.50	-20.15	-5.76	10.60	30.74
339962	damage	bot-788	bravo	bot-793	alpha	cz_805_bren	bullet	24.00	27.31	-11.60	-11.30	-10.73	-16.39	5.16
340086	damage	bot-788	bravo	bot-793	alpha	cz_805_bren	bullet	24.00	3.31	-11.66	-11.28	-10.66	-16.34	5.16
340221	kill	bot-788	bravo	bot-793	alpha	cz_805_bren	bullet	24.00	0.00	-11.73	-11.26	-10.58	-16.32	5.18
341670	damage	bot-801	bravo	bot-809	alpha	cz_805_bren	bullet	24.00	76.00	19.89	24.15	0.75	18.76	19.89
341759	damage	bot-809	alpha	bot-801	bravo	five_seven	bullet	20.00	52.70	0.75	18.76	19.89	24.15	19.89
341843	damage	bot-801	bravo	bot-809	alpha	cz_805_bren	bullet	24.00	52.00	19.89	24.15	0.75	18.76	19.89
341954	damage	bot-809	alpha	bot-801	bravo	five_seven	bullet	20.00	32.70	0.44	18.94	20.36	24.43	20.66
342270	damage	bot-670	alpha	bot-808	bravo	cz_805_bren	bullet	24.00	76.00	-11.24	-17.88	-7.64	-12.03	6.87
342613	damage	bot-670	alpha	bot-805	bravo	cz_805_bren	bullet	24.00	44.20	-11.69	-18.68	-13.80	-10.80	8.15
342613	damage	bot-805	bravo	bot-670	alpha	five_seven	bullet	20.00	52.58	-13.80	-10.80	-11.69	-18.68	8.15
342613	damage	bot-808	bravo	bot-789	alpha	cz_805_bren	bullet	24.00	74.48	-7.37	-11.76	-9.70	-15.91	4.76
342813	damage	bot-808	bravo	bot-789	alpha	cz_805_bren	bullet	24.00	50.48	-7.27	-11.66	-9.83	-15.87	4.92
343026	damage	bot-789	alpha	bot-808	bravo	five_seven	bullet	20.00	56.00	-9.90	-15.90	-7.16	-11.57	5.13
343026	damage	bot-808	bravo	bot-789	alpha	cz_805_bren	bullet	24.00	26.48	-7.16	-11.57	-9.97	-15.91	5.18
343026	damage	bot-809	alpha	bot-801	bravo	five_seven	bullet	20.00	12.70	-4.37	19.80	24.46	26.00	29.49
344206	damage	bot-804	alpha	bot-810	bravo	cz_805_bren	bullet	24.00	76.00	-24.05	-26.32	-21.02	-15.10	11.62
344340	damage	bot-804	alpha	bot-810	bravo	cz_805_bren	bullet	24.00	52.00	-24.05	-26.32	-20.91	-15.41	11.35
344503	damage	bot-808	bravo	bot-670	alpha	cz_805_bren	bullet	24.00	28.58	-8.41	-9.70	-8.85	-16.68	7.00
345160	kill	bot-809	alpha	bot-801	bravo	five_seven	bullet	20.00	0.00	-6.64	16.93	26.22	25.28	33.90
345325	damage	bot-804	alpha	bot-810	bravo	cz_805_bren	bullet	24.00	28.00	-24.05	-26.32	-18.59	-16.22	11.48
345688	damage	bot-810	bravo	bot-748	alpha	five_seven	bullet	20.00	52.78	-17.87	-16.23	-16.58	-16.20	1.29
345855	damage	bot-748	alpha	bot-810	bravo	cz_805_bren	bullet	24.00	4.00	-16.58	-16.20	-17.52	-16.24	0.94
345855	damage	bot-811	bravo	bot-781	alpha	five_seven	bullet	20.00	80.00	18.75	-15.75	16.75	-4.75	11.18
346036	damage	bot-781	alpha	bot-811	bravo	five_seven	bullet	20.00	80.00	16.75	-4.75	18.75	-15.75	11.18
346036	damage	bot-811	bravo	bot-781	alpha	five_seven	bullet	20.00	60.00	18.75	-15.75	16.75	-4.75	11.18
346180	damage	bot-781	alpha	bot-811	bravo	five_seven	bullet	20.00	60.00	16.75	-4.75	18.75	-15.75	11.18
346347	kill	bot-752	bravo	bot-789	alpha	cz_805_bren	bullet	24.00	0.00	-13.72	-13.25	-13.35	-18.46	5.23
346347	damage	bot-781	alpha	bot-811	bravo	five_seven	bullet	20.00	40.00	16.75	-4.39	18.68	-16.11	11.88
346347	kill	bot-802	alpha	bot-810	bravo	m1911	bullet	33.00	0.00	-14.89	-18.11	-16.57	-16.11	2.61
346515	damage	bot-781	alpha	bot-811	bravo	five_seven	bullet	20.00	20.00	16.76	-4.03	18.61	-16.46	12.57
347570	damage	bot-715	alpha	bot-812	bravo	cz_805_bren	bullet	24.00	76.00	-9.38	-21.06	19.24	-22.25	28.65
347681	damage	bot-715	alpha	bot-812	bravo	cz_805_bren	bullet	24.00	52.00	-9.38	-21.06	19.24	-22.25	28.65
347681	kill	bot-791	alpha	bot-812	bravo	m24	bullet	95.00	0.00	-8.51	-20.58	19.24	-22.25	27.80
348443	kill	bot-715	alpha	bot-811	bravo	cz_805_bren	bullet	24.00	0.00	-9.33	-21.05	19.64	-20.94	28.98
352003	damage	bot-715	alpha	bot-814	bravo	cz_805_bren	bullet	24.00	76.00	-8.85	-21.41	5.62	-3.14	23.31
352272	damage	bot-715	alpha	bot-814	bravo	cz_805_bren	bullet	24.00	52.00	-8.85	-21.41	5.65	-3.27	23.23
354594	damage	bot-815	bravo	bot-809	alpha	five_seven	bullet	20.00	52.70	15.83	24.59	-5.91	16.21	23.29
354736	damage	bot-815	bravo	bot-809	alpha	five_seven	bullet	20.00	32.70	15.83	24.59	-5.34	15.67	22.97
356588	damage	bot-814	bravo	bot-813	alpha	cz_805_bren	bullet	24.00	76.00	19.71	0.72	16.89	-5.70	7.01
357265	damage	bot-814	bravo	bot-813	alpha	cz_805_bren	bullet	24.00	52.00	22.32	1.72	18.38	-3.50	6.54
357378	damage	bot-814	bravo	bot-813	alpha	cz_805_bren	bullet	24.00	28.00	22.99	1.91	17.97	-4.07	7.80
357592	damage	bot-814	bravo	bot-813	alpha	cz_805_bren	bullet	24.00	4.00	24.04	2.20	17.28	-4.85	9.76
357667	damage	bot-798	alpha	bot-814	bravo	cz_805_bren	bullet	24.00	28.00	26.40	2.95	24.04	2.20	2.48
357728	kill	bot-814	bravo	bot-813	alpha	cz_805_bren	bullet	24.00	0.00	24.04	2.20	16.74	-5.32	10.48
357783	damage	bot-798	alpha	bot-814	bravo	cz_805_bren	bullet	24.00	4.00	26.40	2.95	24.04	2.20	2.48
357959	kill	bot-798	alpha	bot-814	bravo	cz_805_bren	bullet	24.00	0.00	26.45	2.90	24.04	2.20	2.51
358418	damage	bot-798	alpha	bot-818	bravo	cz_805_bren	bullet	24.00	76.00	26.43	2.95	18.37	-4.94	11.28
358730	damage	bot-798	alpha	bot-818	bravo	cz_805_bren	bullet	24.00	52.00	26.40	2.91	18.13	-5.61	11.87
358888	damage	bot-798	alpha	bot-818	bravo	cz_805_bren	bullet	24.00	28.00	26.39	2.89	17.96	-5.63	11.99
359048	damage	bot-798	alpha	bot-818	bravo	cz_805_bren	bullet	24.00	4.00	26.38	2.87	17.79	-5.64	12.08
359120	damage	bot-815	bravo	bot-670	alpha	five_seven	bullet	20.00	52.20	14.92	23.13	-2.60	-20.59	47.10
359120	damage	bot-818	bravo	bot-798	alpha	cz_805_bren	bullet	24.00	48.67	17.71	-5.64	26.37	2.85	12.13
359417	damage	bot-815	bravo	bot-670	alpha	five_seven	bullet	20.00	32.20	14.93	23.15	-2.82	-20.82	47.41
359678	damage	bot-805	bravo	bot-670	alpha	five_seven	bullet	20.00	12.20	-15.12	-13.26	-3.05	-21.05	14.36
359857	kill	bot-805	bravo	bot-670	alpha	five_seven	bullet	20.00	0.00	-15.05	-13.24	-3.21	-21.20	14.27
360939	kill	bot-781	alpha	bot-818	bravo	five_seven	bullet	20.00	0.00	13.89	-2.58	13.36	-5.75	3.21
361939	damage	bot-802	alpha	bot-822	bravo	m1911	bullet	33.00	67.00	-15.25	-16.25	0.26	-13.74	15.71
361939	damage	bot-806	alpha	bot-822	bravo	cz_805_bren	bullet	24.00	43.00	-6.30	-20.83	0.26	-13.74	9.66
362100	damage	bot-806	alpha	bot-822	bravo	cz_805_bren	bullet	24.00	8.46	-6.30	-20.84	0.78	-13.22	10.40
362190	kill	bot-791	alpha	bot-822	bravo	five_seven	bullet	20.00	0.00	-6.96	-18.63	1.04	-12.96	9.81
363451	damage	bot-815	bravo	bot-821	alpha	five_seven	bullet	20.00	10.85	15.39	22.89	0.64	-10.00	36.05
365570	damage	bot-715	alpha	bot-817	bravo	cz_805_bren	bullet	24.00	76.00	-3.54	-14.60	12.24	13.17	31.95
365730	damage	bot-715	alpha	bot-817	bravo	cz_805_bren	bullet	24.00	52.00	-3.54	-14.60	12.21	13.05	31.83
365898	damage	bot-715	alpha	bot-817	bravo	cz_805_bren	bullet	24.00	28.00	-3.54	-14.60	12.25	13.19	31.97
366036	damage	bot-715	alpha	bot-817	bravo	cz_805_bren	bullet	24.00	4.00	-3.54	-14.60	12.17	13.38	32.09
366201	kill	bot-715	alpha	bot-817	bravo	cz_805_bren	bullet	24.00	0.00	-3.54	-14.60	12.17	13.51	32.21
366845	damage	bot-820	bravo	bot-804	alpha	five_seven	bullet	20.00	76.34	15.85	18.42	-9.74	-21.22	47.19
367723	damage	bot-820	bravo	bot-804	alpha	five_seven	bullet	20.00	56.34	15.56	18.40	-9.74	-21.22	47.00
367778	damage	bot-806	alpha	bot-816	bravo	cz_805_bren	bullet	24.00	76.00	-6.27	-19.45	15.33	19.80	44.80
367893	damage	bot-806	alpha	bot-816	bravo	cz_805_bren	bullet	24.00	52.00	-6.26	-19.43	15.30	19.72	44.70
367893	damage	bot-820	bravo	bot-804	alpha	five_seven	bullet	20.00	36.34	15.56	18.40	-9.90	-21.38	47.23
368022	damage	bot-715	alpha	bot-816	bravo	cz_805_bren	bullet	24.00	28.00	-3.71	-14.03	15.33	19.89	38.90
368080	damage	bot-820	bravo	bot-804	alpha	five_seven	bullet	20.00	16.34	15.56	18.40	-10.08	-21.53	47.45
368239	kill	bot-820	bravo	bot-804	alpha	five_seven	bullet	20.00	0.00	15.56	18.40	-10.20	-21.64	47.61
368636	damage	bot-820	bravo	bot-715	alpha	five_seven	bullet	20.00	52.54	15.56	18.40	-3.76	-14.03	37.75
368714	damage	bot-787	alpha	bot-826	bravo	cz_805_bren	bullet	24.00	76.00	-18.00	-5.67	0.23	18.50	30.28
368799	damage	bot-820	bravo	bot-715	alpha	five_seven	bullet	20.00	32.54	15.56	18.40	-3.91	-14.03	37.82
368880	damage	bot-787	alpha	bot-826	bravo	cz_805_bren	bullet	24.00	52.00	-18.00	-5.67	0.23	18.50	30.28
369363	damage	bot-820	bravo	bot-715	alpha	five_seven	bullet	20.00	12.54	15.52	18.40	-4.44	-14.04	38.09
369691	kill	bot-820	bravo	bot-715	alpha	five_seven	bullet	20.00	0.00	15.52	18.42	-4.83	-14.06	38.33
369855	damage	bot-816	bravo	bot-827	alpha	m1911	bullet	33.00	67.00	16.70	23.67	23.48	16.03	10.22
370314	damage	bot-820	bravo	bot-791	alpha	five_seven	bullet	20.00	52.35	15.57	18.49	-6.84	-16.85	41.85
370479	damage	bot-737	alpha	bot-830	bravo	five_seven	bullet	20.00	80.00	21.17	6.93	-22.10	6.04	43.28
370479	damage	bot-787	alpha	bot-828	bravo	cz_805_bren	bullet	24.00	76.00	-17.85	-4.81	0.99	20.11	31.24
370647	damage	bot-737	alpha	bot-830	bravo	five_seven	bullet	20.00	60.00	21.17	6.93	-22.10	6.04	43.28
370818	damage	bot-737	alpha	bot-830	bravo	five_seven	bullet	20.00	40.00	21.17	6.93	-22.63	5.55	43.83
370967	damage	bot-737	alpha	bot-830	bravo	five_seven	bullet	20.00	20.00	21.17	6.93	-23.10	5.07	44.31
371283	kill	bot-737	alpha	bot-830	bravo	five_seven	bullet	20.00	0.00	21.17	6.93	-24.13	4.13	45.39
371283	damage	bot-820	bravo	bot-791	alpha	m1911	bullet	33.00	19.35	15.53	18.48	-7.77	-16.65	42.15
371843	damage	bot-816	bravo	bot-827	alpha	m1911	bullet	33.00	34.00	16.72	23.84	23.48	16.02	10.33
372005	damage	bot-820	bravo	bot-829	alpha	m1911	bullet	33.00	67.00	15.53	18.48	-10.85	-22.70	48.90
372131	damage	bot-827	alpha	bot-816	bravo	cz_805_bren	bullet	24.00	58.47	24.88	15.06	16.71	23.84	12.00
372207	damage	bot-816	bravo	bot-827	alpha	m1911	bullet	33.00	1.00	16.71	23.84	25.18	14.85	12.35
372282	damage	bot-825	alpha	bot-832	bravo	five_seven	bullet	20.00	80.00	-9.66	0.53	-8.34	-8.65	9.27
372282	damage	bot-832	bravo	bot-773	alpha	cz_805_bren	bullet	24.00	48.21	-8.34	-8.65	-14.22	-3.19	8.03
372358	damage	bot-773	alpha	bot-832	bravo	five_seven	bullet	20.00	60.00	-14.22	-3.19	-8.11	-8.88	8.34
372358	damage	bot-820	bravo	bot-829	alpha	m1911	bullet	33.00	34.00	15.53	18.51	-10.76	-22.89	49.05
372438	damage	bot-825	alpha	bot-832	bravo	five_seven	bullet	20.00	40.00	-9.67	0.53	-8.08	-9.20	9.85
372559	kill	bot-805	bravo	bot-791	alpha	five_seven	bullet	20.00	0.00	-15.41	-10.75	-11.32	-17.99	8.31
372716	damage	bot-820	bravo	bot-829	alpha	m1911	bullet	33.00	1.00	15.53	18.51	-11.11	-23.20	49.49
372775	damage	bot-785	alpha	bot-832	bravo	cz_805_bren	bullet	24.00	16.00	-6.63	-20.97	-8.04	-9.67	11.39
372865	damage	bot-829	alpha	bot-820	bravo	cz_805_bren	bullet	24.00	76.00	-11.29	-23.35	15.53	18.51	49.72
372913	kill	bot-785	alpha	bot-832	bravo	cz_805_bren	bullet	24.00	0.00	-6.63	-20.97	-8.00	-9.87	11.19
373282	damage	bot-820	bravo	bot-806	alpha	m1911	bullet	33.00	67.00	15.53	18.51	-7.40	-19.91	44.75
373676	damage	bot-820	bravo	bot-806	alpha	m1911	bullet	33.00	34.00	15.55	18.54	-7.37	-19.96	44.81
374018	damage	bot-806	alpha	bot-820	bravo	cz_805_bren	bullet	24.00	52.00	-7.61	-20.04	15.55	18.54	45.00
374273	damage	bot-826	bravo	bot-684	alpha	cz_805_bren	bullet	24.00	44.97	6.29	22.29	17.81	4.94	20.82
374273	damage	bot-831	alpha	bot-834	bravo	five_seven	bullet	20.00	80.00	-23.23	-13.84	-18.83	-16.54	5.16
374408	damage	bot-826	bravo	bot-684	alpha	cz_805_bren	bullet	24.00	20.97	6.29	22.29	17.95	4.87	20.96
374490	damage	bot-831	alpha	bot-834	bravo	five_seven	bullet	20.00	60.00	-23.23	-13.84	-18.21	-16.67	5.77
374561	kill	bot-826	bravo	bot-684	alpha	cz_805_bren	bullet	24.00	0.00	6.29	22.29	18.10	4.80	21.10
374944	damage	bot-833	alpha	bot-834	bravo	five_seven	bullet	20.00	40.00	-20.23	-13.75	-17.75	-16.75	3.90
375070	damage	bot-834	bravo	bot-831	alpha	cz_805_bren	bullet	24.00	76.00	-17.59	-16.78	-23.21	-13.59	6.46
375119	damage	bot-831	alpha	bot-834	bravo	five_seven	bullet	20.00	20.00	-23.21	-13.59	-17.51	-16.79	6.54
375245	damage	bot-834	bravo	bot-831	alpha	cz_805_bren	bullet	24.00	52.00	-17.33	-16.81	-23.25	-13.60	6.73
375321	kill	bot-831	alpha	bot-834	bravo	five_seven	bullet	20.00	0.00	-23.25	-13.60	-17.26	-16.83	6.80
375407	damage	bot-798	alpha	bot-816	bravo	cz_805_bren	bullet	24.00	48.29	26.69	12.91	11.77	26.74	20.34
375599	damage	bot-798	alpha	bot-816	bravo	cz_805_bren	bullet	24.00	24.29	26.69	12.91	11.70	26.60	20.30
375747	damage	bot-798	alpha	bot-816	bravo	cz_805_bren	bullet	24.00	0.29	26.69	12.91	11.63	26.46	20.26
376066	kill	bot-798	alpha	bot-816	bravo	cz_805_bren	bullet	24.00	0.00	26.69	12.91	11.46	26.16	20.19
376219	damage	bot-820	bravo	bot-798	alpha	m1911	bullet	33.00	39.07	14.33	22.55	26.69	12.91	15.68
376387	damage	bot-837	alpha	bot-820	bravo	cz_805_bren	bullet	24.00	29.80	11.70	19.71	14.33	22.55	3.87
376568	damage	bot-837	alpha	bot-820	bravo	cz_805_bren	bullet	24.00	7.60	11.24	19.25	14.33	22.55	4.52
376708	kill	bot-837	alpha	bot-820	bravo	cz_805_bren	bullet	24.00	0.00	10.81	18.82	14.33	22.55	5.13
377099	damage	bot-815	bravo	bot-837	alpha	m1911	bullet	33.00	67.00	15.52	22.62	10.82	18.82	6.05
377099	damage	bot-837	alpha	bot-815	bravo	cz_805_bren	bullet	24.00	76.00	10.82	18.82	15.52	22.62	6.05
377240	damage	bot-837	alpha	bot-815	bravo	cz_805_bren	bullet	24.00	52.00	10.82	18.82	15.52	22.62	6.05
377367	damage	bot-837	alpha	bot-815	bravo	cz_805_bren	bullet	24.00	28.00	10.82	18.82	16.10	23.08	6.79
377458	damage	bot-815	bravo	bot-837	alpha	m1911	bullet	33.00	34.00	16.36	23.29	10.82	18.82	7.12
377514	damage	bot-837	alpha	bot-815	bravo	cz_805_bren	bullet	24.00	4.00	10.74	18.55	16.89	23.71	8.03
377645	kill	bot-837	alpha	bot-815	bravo	cz_805_bren	bullet	24.00	0.00	10.55	17.94	17.34	24.07	9.14
378372	damage	bot-781	alpha	bot-838	bravo	five_seven	bullet	20.00	80.00	16.47	-3.28	-17.28	-8.00	34.07
378544	damage	bot-781	alpha	bot-838	bravo	five_seven	bullet	20.00	60.00	16.48	-3.27	-16.66	-8.15	33.49
378626	damage	bot-825	alpha	bot-838	bravo	five_seven	bullet	20.00	40.00	-9.83	-2.20	-17.01	-8.16	9.33
378689	damage	bot-781	alpha	bot-838	bravo	five_seven	bullet	20.00	20.00	16.49	-3.26	-17.36	-8.18	34.20
378840	kill	bot-781	alpha	bot-838	bravo	five_seven	bullet	20.00	0.00	16.50	-3.26	-18.07	-8.21	34.92
380193	damage	bot-831	alpha	bot-839	bravo	five_seven	bullet	20.00	80.00	-20.82	-11.66	-21.00	4.13	15.79
380476	damage	bot-825	alpha	bot-839	bravo	five_seven	bullet	20.00	60.00	-10.78	-2.67	-21.89	4.19	13.05
382967	damage	bot-737	alpha	bot-839	bravo	five_seven	bullet	20.00	40.00	20.75	6.80	-24.91	5.52	45.68
383281	damage	bot-737	alpha	bot-839	bravo	five_seven	bullet	20.00	20.00	20.75	6.80	-25.68	5.82	46.44
383555	damage	bot-825	alpha	bot-840	bravo	five_seven	bullet	20.00	80.00	-12.54	-2.17	-21.25	-6.96	9.94
383638	kill	bot-781	alpha	bot-839	bravo	five_seven	bullet	20.00	0.00	15.54	-3.12	-26.70	6.22	43.27
383638	damage	bot-840	bravo	bot-831	alpha	cz_805_bren	bullet	24.00	48.08	-21.28	-6.90	-17.75	-4.99	4.01
383727	damage	bot-825	alpha	bot-840	bravo	five_seven	bullet	20.00	60.00	-12.54	-2.17	-21.25	-6.89	9.90
383727	damage	bot-831	alpha	bot-840	bravo	five_seven	bullet	20.00	40.00	-17.75	-4.99	-21.25	-6.89	3.98
383897	damage	bot-825	alpha	bot-840	bravo	five_seven	bullet	20.00	20.00	-12.54	-2.18	-21.83	-6.92	10.43
384095	kill	bot-825	alpha	bot-840	bravo	five_seven	bullet	20.00	0.00	-12.54	-2.18	-22.55	-7.06	11.14
384781	damage	bot-806	alpha	bot-841	bravo	cz_805_bren	bullet	24.00	76.00	-8.89	-20.17	14.70	10.19	38.44
384919	kill	bot-722	alpha	bot-841	bravo	m24	bullet	95.00	0.00	-8.13	-18.83	14.70	10.19	36.92
386237	damage	bot-829	alpha	bot-842	bravo	cz_805_bren	bullet	24.00	76.00	-11.73	-23.40	8.76	-4.02	28.20
388297	damage	bot-656	alpha	bot-843	bravo	cz_805_bren	bullet	24.00	76.00	17.25	9.75	8.75	-5.25	17.24
388435	damage	bot-656	alpha	bot-843	bravo	cz_805_bren	bullet	24.00	52.00	17.25	9.75	8.75	-5.25	17.24
389588	damage	bot-806	alpha	bot-843	bravo	cz_805_bren	bullet	24.00	28.00	-6.00	-17.86	5.64	-8.44	14.98
389727	damage	bot-806	alpha	bot-843	bravo	cz_805_bren	bullet	24.00	4.00	-6.00	-17.86	5.59	-9.15	14.49
390386	damage	bot-844	bravo	bot-781	alpha	cz_805_bren	bullet	24.00	48.60	20.11	-10.60	16.75	-4.75	6.75
390505	damage	bot-844	bravo	bot-781	alpha	cz_805_bren	bullet	24.00	24.60	20.58	-11.05	16.76	-4.57	7.52
390646	kill	bot-722	alpha	bot-843	bravo	m24	bullet	95.00	0.00	-11.25	-21.25	5.28	-11.91	18.99
390646	damage	bot-844	bravo	bot-781	alpha	cz_805_bren	bullet	24.00	0.60	21.01	-11.51	16.76	-4.41	8.27
390757	kill	bot-844	bravo	bot-781	alpha	cz_805_bren	bullet	24.00	0.00	21.01	-11.51	16.76	-4.32	8.34
392598	damage	bot-798	alpha	bot-846	bravo	cz_805_bren	bullet	24.00	76.00	12.73	19.53	-7.14	25.71	20.81
392729	damage	bot-798	alpha	bot-846	bravo	cz_805_bren	bullet	24.00	52.00	12.73	19.53	-6.94	25.65	20.60
393864	damage	bot-764	alpha	bot-842	bravo	cz_805_bren	bullet	24.00	52.00	14.92	-2.78	13.62	-5.53	3.05
394371	damage	bot-806	alpha	bot-848	bravo	cz_805_bren	bullet	24.00	76.00	-4.35	-15.15	13.84	-0.17	23.56
394508	damage	bot-806	alpha	bot-848	bravo	cz_805_bren	bullet	24.00	52.00	-4.35	-15.15	13.91	0.30	23.92
394587	damage	bot-787	alpha	bot-848	bravo	cz_805_bren	bullet	24.00	28.00	-12.13	-3.60	14.17	0.03	26.55
394716	damage	bot-787	alpha	bot-848	bravo	cz_805_bren	bullet	24.00	4.00	-12.13	-3.60	14.68	-0.51	26.99
394861	kill	bot-787	alpha	bot-848	bravo	cz_805_bren	bullet	24.00	0.00	-12.13	-3.60	15.18	-1.04	27.43
396390	damage	bot-806	alpha	bot-850	bravo	cz_805_bren	bullet	24.00	76.00	-3.28	-14.02	6.76	5.07	21.56
396470	damage	bot-787	alpha	bot-850	bravo	cz_805_bren	bullet	24.00	52.00	-11.54	-3.45	6.76	5.07	20.18
396541	damage	bot-806	alpha	bot-850	bravo	cz_805_bren	bullet	24.00	28.00	-3.28	-14.02	7.02	5.30	21.89
396541	damage	bot-823	alpha	bot-850	bravo	five_seven	bullet	20.00	8.00	-9.77	-2.62	7.02	5.30	18.56
396620	kill	bot-829	alpha	bot-850	bravo	cz_805_bren	bullet	24.00	0.00	-3.72	-16.80	7.27	5.53	24.89
397158	damage	bot-823	alpha	bot-844	bravo	five_seven	bullet	20.00	80.00	-9.62	-2.64	16.68	-5.37	26.44
397501	damage	bot-823	alpha	bot-844	bravo	five_seven	bullet	20.00	60.00	-9.62	-2.64	16.68	-5.37	26.45
397661	damage	bot-823	alpha	bot-844	bravo	five_seven	bullet	20.00	40.00	-9.62	-2.64	16.85	-5.53	26.63
398155	damage	bot-823	alpha	bot-844	bravo	five_seven	bullet	20.00	20.00	-9.59	-2.66	17.35	-6.03	27.14
398349	kill	bot-823	alpha	bot-844	bravo	five_seven	bullet	20.00	0.00	-9.60	-2.66	17.53	-6.18	27.35
398453	damage	bot-829	alpha	bot-852	bravo	cz_805_bren	bullet	24.00	76.00	-3.69	-14.24	1.42	-19.42	7.27
398581	kill	bot-847	alpha	bot-852	bravo	m24	bullet	95.00	0.00	-17.29	6.28	1.88	-19.88	32.42
400399	damage	bot-823	alpha	bot-853	bravo	five_seven	bullet	20.00	80.00	-8.81	-3.94	-6.98	-9.32	5.68
400628	damage	bot-854	alpha	bot-853	bravo	five_seven	bullet	20.00	60.00	5.68	-11.14	-7.19	-10.09	12.91
400699	damage	bot-823	alpha	bot-853	bravo	five_seven	bullet	20.00	40.00	-8.81	-3.94	-7.19	-10.09	6.36
400777	damage	bot-825	alpha	bot-853	bravo	five_seven	bullet	20.00	20.00	-7.18	2.51	-7.25	-10.03	12.55
400777	kill	bot-854	alpha	bot-853	bravo	five_seven	bullet	20.00	0.00	5.69	-11.14	-7.29	-10.00	13.03
402628	damage	bot-851	alpha	bot-855	bravo	cz_805_bren	bullet	24.00	76.00	-18.89	8.70	12.25	-3.75	33.54
402772	damage	bot-831	alpha	bot-855	bravo	five_seven	bullet	20.00	56.00	-20.53	-8.44	12.25	-3.75	33.12
402772	damage	bot-851	alpha	bot-855	bravo	cz_805_bren	bullet	24.00	32.00	-18.90	8.70	12.25	-3.75	33.55
402967	damage	bot-855	bravo	bot-798	alpha	five_seven	bullet	20.00	52.83	12.12	-4.80	11.32	6.88	11.71
403154	damage	bot-837	alpha	bot-855	bravo	cz_805_bren	bullet	24.00	8.00	9.48	12.60	11.80	-5.79	18.54
403266	kill	bot-798	alpha	bot-855	bravo	cz_805_bren	bullet	24.00	0.00	12.24	7.05	11.78	-6.50	13.56
403672	damage	bot-798	alpha	bot-842	bravo	cz_805_bren	bullet	24.00	48.16	11.79	6.31	17.76	-7.88	15.39
403970	damage	bot-798	alpha	bot-842	bravo	cz_805_bren	bullet	24.00	24.16	11.79	6.31	17.86	-8.18	15.70
413010	damage	bot-837	alpha	bot-859	bravo	cz_805_bren	bullet	24.00	76.00	11.98	20.38	18.83	17.21	7.54
413173	damage	bot-837	alpha	bot-859	bravo	cz_805_bren	bullet	24.00	52.00	11.87	20.49	18.82	17.23	7.68
413366	damage	bot-837	alpha	bot-859	bravo	cz_805_bren	bullet	24.00	28.00	11.81	20.55	19.11	17.06	8.09
413532	damage	bot-837	alpha	bot-859	bravo	cz_805_bren	bullet	24.00	4.00	11.70	20.67	19.71	16.72	8.93
413613	damage	bot-859	bravo	bot-798	alpha	five_seven	bullet	20.00	28.68	20.02	16.55	14.03	20.71	7.29
413691	kill	bot-837	alpha	bot-859	bravo	cz_805_bren	bullet	24.00	0.00	11.61	20.78	20.33	16.38	9.77
414279	damage	bot-857	bravo	bot-851	alpha	cz_805_bren	bullet	24.00	76.00	19.16	-8.23	-5.05	6.98	28.59
414557	damage	bot-860	bravo	bot-798	alpha	cz_805_bren	bullet	24.00	4.68	19.44	21.21	13.83	22.16	5.68
414763	kill	bot-860	bravo	bot-798	alpha	cz_805_bren	bullet	24.00	0.00	19.80	20.81	13.83	22.18	6.12
414975	damage	bot-861	bravo	bot-849	alpha	cz_805_bren	bullet	24.00	76.00	-22.74	-1.29	-5.60	4.02	17.94
415072	damage	bot-806	alpha	bot-860	bravo	cz_805_bren	bullet	24.00	76.00	-1.07	-10.67	19.98	20.60	37.70
415072	damage	bot-837	alpha	bot-860	bravo	cz_805_bren	bullet	24.00	52.00	8.12	24.36	19.98	20.60	12.43
415157	damage	bot-854	alpha	bot-861	bravo	five_seven	bullet	20.00	80.00	6.67	-5.33	-22.74	-1.29	29.69
415157	damage	bot-861	bravo	bot-849	alpha	cz_805_bren	bullet	24.00	52.00	-22.74	-1.29	-5.44	3.97	18.08
415245	damage	bot-806	alpha	bot-860	bravo	cz_805_bren	bullet	24.00	28.00	-1.07	-10.67	20.39	20.20	37.60
415245	damage	bot-837	alpha	bot-860	bravo	cz_805_bren	bullet	24.00	4.00	7.62	24.87	20.39	20.20	13.59
415336	damage	bot-854	alpha	bot-861	bravo	five_seven	bullet	20.00	60.00	6.67	-5.33	-22.74	-1.29	29.69
415572	kill	bot-837	alpha	bot-860	bravo	cz_805_bren	bullet	24.00	0.00	6.84	25.66	21.22	19.32	15.71
415636	damage	bot-861	bravo	bot-849	alpha	cz_805_bren	bullet	24.00	28.00	-23.72	-2.22	-3.67	4.24	21.07
417240	damage	bot-842	bravo	bot-825	alpha	m1911	bullet	33.00	67.00	20.51	-6.00	5.89	6.75	19.40
417869	damage	bot-857	bravo	bot-827	alpha	cz_805_bren	bullet	24.00	37.24	19.85	-8.51	12.08	9.40	19.53
418031	damage	bot-862	bravo	bot-785	alpha	five_seven	bullet	20.00	52.22	-20.68	-16.68	-9.07	-15.71	11.65
419211	damage	bot-857	bravo	bot-825	alpha	cz_805_bren	bullet	24.00	43.00	19.54	-8.65	11.59	6.31	16.94
419321	damage	bot-857	bravo	bot-825	alpha	cz_805_bren	bullet	24.00	19.00	19.54	-8.65	11.71	6.58	17.13
419959	damage	bot-819	alpha	bot-862	bravo	cz_805_bren	bullet	24.00	76.00	-19.51	-8.54	-19.26	-16.70	8.16
421143	damage	bot-825	alpha	bot-866	bravo	five_seven	bullet	20.00	80.00	13.74	11.24	13.78	19.92	8.68
421352	damage	bot-825	alpha	bot-866	bravo	five_seven	bullet	20.00	60.00	13.74	11.24	13.79	19.85	8.61
422618	kill	bot-864	bravo	bot-825	alpha	m1911	bullet	33.00	0.00	11.10	25.02	13.52	11.76	13.48
422910	damage	bot-862	bravo	bot-869	alpha	five_seven	bullet	20.00	80.00	-19.40	-16.05	-21.26	-10.82	5.55
423123	damage	bot-862	bravo	bot-869	alpha	five_seven	bullet	20.00	60.00	-19.38	-16.05	-21.23	-10.93	5.44
423337	damage	bot-862	bravo	bot-869	alpha	five_seven	bullet	20.00	40.00	-19.36	-16.06	-21.16	-10.80	5.56
423444	damage	bot-864	bravo	bot-827	alpha	m1911	bullet	33.00	35.74	11.10	25.02	13.07	13.49	11.70
423553	damage	bot-862	bravo	bot-869	alpha	five_seven	bullet	20.00	20.00	-19.34	-16.07	-21.07	-10.67	5.66
423819	kill	bot-862	bravo	bot-869	alpha	five_seven	bullet	20.00	0.00	-19.33	-16.08	-20.93	-10.48	5.82
423819	damage	bot-864	bravo	bot-827	alpha	m1911	bullet	33.00	2.74	11.10	25.02	12.92	13.84	11.33
424102	kill	bot-866	bravo	bot-827	alpha	cz_805_bren	bullet	24.00	0.00	18.73	15.77	12.79	14.10	6.17
425564	damage	bot-823	alpha	bot-866	bravo	five_seven	bullet	20.00	40.00	-3.83	-10.20	20.14	19.49	38.15
425799	damage	bot-823	alpha	bot-866	bravo	five_seven	bullet	20.00	20.00	-3.83	-10.20	20.36	20.16	38.81
426034	kill	bot-823	alpha	bot-866	bravo	five_seven	bullet	20.00	0.00	-3.83	-10.20	20.56	20.75	39.40
426326	damage	bot-870	bravo	bot-823	alpha	five_seven	bullet	20.00	80.00	-7.81	-18.99	-3.88	-10.32	9.53
426474	damage	bot-870	bravo	bot-823	alpha	five_seven	bullet	20.00	60.00	-7.81	-18.99	-3.91	-10.38	9.46
426646	damage	bot-863	alpha	bot-870	bravo	five_seven	bullet	20.00	80.00	-7.16	-9.99	-7.81	-18.99	9.02
426646	damage	bot-870	bravo	bot-823	alpha	five_seven	bullet	20.00	40.00	-7.81	-18.99	-3.84	-10.36	9.50
426828	damage	bot-863	alpha	bot-870	bravo	five_seven	bullet	20.00	60.00	-7.16	-9.99	-7.81	-18.99	9.02
427411	damage	bot-872	bravo	bot-863	alpha	m1911	bullet	33.00	67.00	-7.75	-15.08	-7.16	-9.99	5.12
427851	damage	bot-872	bravo	bot-863	alpha	m1911	bullet	33.00	34.00	-8.25	-15.91	-7.23	-9.41	6.58
428145	damage	bot-785	alpha	bot-872	bravo	cz_805_bren	bullet	24.00	76.00	-4.05	-9.50	-8.58	-16.47	8.31
428145	damage	bot-870	bravo	bot-823	alpha	five_seven	bullet	20.00	20.00	-9.42	-21.31	-1.95	-9.20	14.23
428448	damage	bot-854	alpha	bot-868	bravo	five_seven	bullet	20.00	80.00	12.41	-8.36	9.16	16.70	25.27
428596	damage	bot-854	alpha	bot-868	bravo	five_seven	bullet	20.00	60.00	12.41	-8.36	9.17	16.40	24.97
428596	damage	bot-872	bravo	bot-863	alpha	m1911	bullet	33.00	1.00	-8.62	-16.44	-8.47	-8.12	8.33
428763	damage	bot-854	alpha	bot-868	bravo	five_seven	bullet	20.00	40.00	12.40	-8.34	9.19	16.76	25.30
428919	damage	bot-854	alpha	bot-868	bravo	five_seven	bullet	20.00	20.00	12.40	-8.34	9.21	17.11	25.66
429116	kill	bot-854	alpha	bot-868	bravo	five_seven	bullet	20.00	0.00	12.39	-8.33	9.09	17.79	26.33
429116	kill	bot-870	bravo	bot-823	alpha	five_seven	bullet	20.00	0.00	-11.20	-23.03	-0.40	-7.28	19.09
429272	damage	bot-863	alpha	bot-872	bravo	five_seven	bullet	20.00	56.00	-9.74	-6.80	-8.67	-16.72	9.98
429837	damage	bot-872	bravo	bot-785	alpha	m1911	bullet	33.00	62.02	-8.72	-19.22	-8.83	-8.60	10.62
431019	damage	bot-870	bravo	bot-722	alpha	five_seven	bullet	20.00	52.35	-17.70	-26.75	-19.66	-18.43	8.54
431188	damage	bot-870	bravo	bot-722	alpha	five_seven	bullet	20.00	32.35	-17.70	-26.75	-19.68	-17.72	9.24
431271	damage	bot-854	alpha	bot-857	bravo	five_seven	bullet	20.00	63.17	12.50	-8.30	11.90	-5.79	2.58
431354	damage	bot-845	alpha	bot-857	bravo	five_seven	bullet	20.00	43.17	-14.74	12.97	11.90	-5.79	32.58
431440	damage	bot-806	alpha	bot-857	bravo	cz_805_bren	bullet	24.00	19.17	-18.67	-8.38	11.89	-5.85	30.66
431440	kill	bot-854	alpha	bot-857	bravo	five_seven	bullet	20.00	0.00	12.62	-8.40	11.89	-5.85	2.65
431928	damage	bot-877	alpha	bot-876	bravo	five_seven	bullet	20.00	80.00	15.30	14.25	10.81	19.19	6.67
432357	damage	bot-854	alpha	bot-864	bravo	five_seven	bullet	20.00	80.00	12.35	-8.32	8.25	19.93	28.54
432357	damage	bot-877	alpha	bot-876	bravo	five_seven	bullet	20.00	60.00	15.30	14.25	9.66	18.93	7.32
432517	damage	bot-864	bravo	bot-877	alpha	m1911	bullet	33.00	67.00	8.25	19.93	15.30	14.25	9.05
432517	damage	bot-877	alpha	bot-876	bravo	five_seven	bullet	20.00	40.00	15.30	14.25	9.20	19.45	8.02
432665	damage	bot-854	alpha	bot-864	bravo	five_seven	bullet	20.00	60.00	12.33	-8.31	8.25	19.93	28.53
432665	damage	bot-877	alpha	bot-876	bravo	five_seven	bullet	20.00	20.00	15.30	14.25	8.84	20.07	8.70
432751	damage	bot-845	alpha	bot-842	bravo	five_seven	bullet	20.00	75.55	-14.63	12.82	17.95	-7.22	38.24
432833	damage	bot-870	bravo	bot-722	alpha	five_seven	bullet	20.00	15.95	-17.68	-26.62	-19.75	-14.47	12.32
432916	damage	bot-864	bravo	bot-877	alpha	m1911	bullet	33.00	34.00	7.36	20.45	15.30	14.25	10.07
432994	kill	bot-870	bravo	bot-722	alpha	five_seven	bullet	20.00	0.00	-17.67	-26.58	-19.75	-14.46	12.29
433173	damage	bot-858	bravo	bot-783	alpha	five_seven	bullet	20.00	75.80	18.45	-6.24	-21.99	-2.00	40.66
433507	damage	bot-862	bravo	bot-877	alpha	five_seven	bullet	20.00	14.00	-11.79	-18.11	13.35	12.18	39.37
433567	kill	bot-876	bravo	bot-877	alpha	cz_805_bren	bullet	24.00	0.00	6.87	21.65	13.34	12.10	11.53
437087	damage	bot-870	bravo	bot-743	alpha	five_seven	bullet	20.00	38.98	-13.24	-23.91	19.03	10.98	47.53
437448	damage	bot-870	bravo	bot-743	alpha	five_seven	bullet	20.00	18.98	-13.24	-23.91	19.22	11.17	47.80
437625	kill	bot-870	bravo	bot-743	alpha	five_seven	bullet	20.00	0.00	-13.24	-23.91	19.38	11.22	47.94
438457	damage	bot-878	bravo	bot-851	alpha	five_seven	bullet	20.00	75.99	6.28	24.87	-13.71	6.21	27.34
438623	damage	bot-878	bravo	bot-851	alpha	five_seven	bullet	20.00	55.99	6.28	24.87	-14.31	5.63	28.18
438824	damage	bot-878	bravo	bot-851	alpha	five_seven	bullet	20.00	35.99	6.28	24.87	-14.94	5.01	29.06
438998	damage	bot-878	bravo	bot-851	alpha	five_seven	bullet	20.00	15.99	6.28	24.87	-15.42	4.53	29.74
439210	kill	bot-878	bravo	bot-851	alpha	five_seven	bullet	20.00	0.00	6.28	24.87	-16.03	3.92	30.60
439860	damage	bot-862	bravo	bot-806	alpha	five_seven	bullet	20.00	52.52	-16.38	-17.36	-19.22	-16.96	2.87
440375	damage	bot-884	alpha	bot-881	bravo	cz_805_bren	bullet	24.00	76.00	3.06	2.01	-9.54	-21.15	26.37
440560	damage	bot-884	alpha	bot-881	bravo	cz_805_bren	bullet	24.00	52.00	3.06	2.01	-9.54	-21.15	26.37
440732	damage	bot-862	bravo	bot-806	alpha	five_seven	bullet	20.00	32.52	-16.25	-18.52	-20.46	-14.81	5.61
440867	damage	bot-806	alpha	bot-862	bravo	cz_805_bren	bullet	24.00	52.00	-20.68	-14.53	-16.41	-17.88	5.43
440920	damage	bot-862	bravo	bot-806	alpha	five_seven	bullet	20.00	12.52	-16.06	-17.94	-21.10	-13.96	6.43
440994	damage	bot-806	alpha	bot-862	bravo	cz_805_bren	bullet	24.00	28.00	-21.10	-13.96	-15.70	-18.00	6.75
441066	kill	bot-862	bravo	bot-806	alpha	five_seven	bullet	20.00	0.00	-15.35	-18.06	-21.53	-13.38	7.75
441066	damage	bot-884	alpha	bot-881	bravo	cz_805_bren	bullet	24.00	28.00	2.99	1.94	-9.45	-21.85	26.84
441139	damage	bot-878	bravo	bot-873	alpha	five_seven	bullet	20.00	59.90	5.84	24.55	-17.66	2.46	32.25
441302	damage	bot-862	bravo	bot-865	alpha	five_seven	bullet	20.00	66.49	-14.87	-18.45	-23.86	-15.39	9.50
441302	damage	bot-878	bravo	bot-873	alpha	five_seven	bullet	20.00	39.90	5.84	24.55	-17.82	2.41	32.40
441385	damage	bot-884	alpha	bot-885	bravo	cz_805_bren	bullet	24.00	76.00	2.99	1.94	3.25	-14.75	16.69
441552	damage	bot-884	alpha	bot-885	bravo	cz_805_bren	bullet	24.00	52.00	2.99	1.94	3.25	-14.75	16.69
441625	damage	bot-883	bravo	bot-835	alpha	cz_805_bren	bullet	24.00	76.00	-4.07	19.99	-10.51	-7.77	28.50
441720	damage	bot-785	alpha	bot-881	bravo	cz_805_bren	bullet	24.00	4.00	-8.28	-13.31	-9.67	-22.38	9.17
441954	damage	bot-883	bravo	bot-835	alpha	cz_805_bren	bullet	24.00	52.00	-4.07	19.99	-9.66	-8.24	28.77
442032	damage	bot-885	bravo	bot-835	alpha	five_seven	bullet	20.00	32.00	2.27	-16.24	-9.35	-8.41	14.01
442201	damage	bot-884	alpha	bot-885	bravo	cz_805_bren	bullet	24.00	28.00	3.20	2.13	2.75	-16.78	18.91
442289	damage	bot-787	alpha	bot-885	bravo	cz_805_bren	bullet	24.00	4.00	-20.27	1.40	2.97	-17.05	29.67
442470	kill	bot-787	alpha	bot-885	bravo	cz_805_bren	bullet	24.00	0.00	-20.27	1.40	3.45	-17.58	30.37
442541	damage	bot-876	bravo	bot-854	alpha	cz_805_bren	bullet	24.00	48.65	9.25	12.36	11.81	-7.87	20.39
442708	damage	bot-876	bravo	bot-854	alpha	cz_805_bren	bullet	24.00	24.65	9.25	12.36	12.24	-8.44	21.01
443746	damage	bot-847	alpha	bot-862	bravo	five_seven	bullet	20.00	10.21	-24.43	-12.32	-14.83	-18.36	11.35
443936	kill	bot-847	alpha	bot-862	bravo	five_seven	bullet	20.00	0.00	-24.43	-12.32	-14.83	-18.36	11.35
445488	damage	bot-783	alpha	bot-889	bravo	m24	bullet	95.00	5.00	-21.01	-1.01	14.75	6.13	36.47
445725	kill	bot-863	alpha	bot-889	bravo	m24	bullet	95.00	0.00	-10.37	-7.73	14.61	7.09	29.04
446020	damage	bot-876	bravo	bot-835	alpha	cz_805_bren	bullet	24.00	29.60	10.53	10.53	-8.70	-14.03	31.19
446184	damage	bot-876	bravo	bot-835	alpha	cz_805_bren	bullet	24.00	7.40	10.53	10.54	-8.69	-14.03	31.20
446320	kill	bot-876	bravo	bot-835	alpha	cz_805_bren	bullet	24.00	0.00	10.53	10.54	-8.69	-14.03	31.20
447944	damage	bot-876	bravo	bot-785	alpha	cz_805_bren	bullet	24.00	38.02	10.92	10.69	-8.76	-19.13	35.73
448028	damage	bot-845	alpha	bot-883	bravo	five_seven	bullet	20.00	19.14	-20.90	1.27	0.98	13.86	25.24
448118	damage	bot-876	bravo	bot-785	alpha	cz_805_bren	bullet	24.00	14.02	10.92	10.69	-8.76	-19.29	35.86
448207	kill	bot-845	alpha	bot-883	bravo	five_seven	bullet	20.00	0.00	-20.89	1.27	1.72	13.85	25.87
448292	kill	bot-876	bravo	bot-785	alpha	cz_805_bren	bullet	24.00	0.00	10.92	10.69	-8.75	-19.46	36.00
448648	damage	bot-845	alpha	bot-891	bravo	five_seven	bullet	20.00	80.00	-20.87	1.27	4.37	6.55	25.79
448836	damage	bot-845	alpha	bot-891	bravo	five_seven	bullet	20.00	60.00	-20.86	1.26	4.37	6.55	25.78
448836	damage	bot-876	bravo	bot-863	alpha	cz_805_bren	bullet	24.00	48.08	10.76	10.45	-8.77	-12.03	29.78
448984	damage	bot-845	alpha	bot-891	bravo	five_seven	bullet	20.00	40.00	-20.86	1.25	4.54	6.55	25.94
448984	damage	bot-891	bravo	bot-884	alpha	cz_805_bren	bullet	24.00	48.82	4.54	6.55	0.38	-0.14	7.88
449119	damage	bot-876	bravo	bot-863	alpha	cz_805_bren	bullet	24.00	24.08	10.76	10.45	-8.76	-10.60	28.71
449119	damage	bot-891	bravo	bot-884	alpha	cz_805_bren	bullet	24.00	24.82	4.70	6.56	-0.11	-0.63	8.65
449195	damage	bot-845	alpha	bot-891	bravo	five_seven	bullet	20.00	20.00	-20.86	1.25	4.78	6.57	26.19
449378	kill	bot-845	alpha	bot-891	bravo	five_seven	bullet	20.00	0.00	-20.86	1.24	5.03	6.58	26.43
449695	damage	bot-845	alpha	bot-893	bravo	five_seven	bullet	20.00	80.00	-20.86	1.23	4.37	0.92	25.23
450302	damage	bot-845	alpha	bot-893	bravo	m1911	bullet	33.00	47.00	-20.86	1.21	4.37	0.92	25.23
450674	damage	bot-845	alpha	bot-893	bravo	m1911	bullet	33.00	14.00	-20.86	1.20	5.16	0.10	26.04
451401	damage	bot-876	bravo	bot-884	alpha	cz_805_bren	bullet	24.00	0.82	10.82	9.92	-4.85	-6.25	22.52
451547	kill	bot-876	bravo	bot-884	alpha	cz_805_bren	bullet	24.00	0.00	10.82	9.92	-4.85	-6.26	22.52
452041	damage	bot-893	bravo	bot-863	alpha	five_seven	bullet	20.00	16.68	9.28	4.00	-13.10	-8.13	25.46
452377	kill	bot-876	bravo	bot-863	alpha	cz_805_bren	bullet	24.00	0.00	9.80	8.81	-13.10	-8.13	28.48
452546	kill	bot-894	alpha	bot-864	bravo	five_seven	bullet	20.00	0.00	26.37	13.93	1.53	23.95	26.78
452893	kill	bot-845	alpha	bot-893	bravo	m1911	bullet	33.00	0.00	-21.62	-2.37	10.61	6.98	33.56
453939	damage	bot-894	alpha	bot-897	bravo	five_seven	bullet	20.00	80.00	26.35	13.99	14.24	15.26	12.18
454113	damage	bot-876	bravo	bot-847	alpha	cz_805_bren	bullet	24.00	48.59	9.26	8.13	-19.85	-9.76	34.16
454113	damage	bot-894	alpha	bot-897	bravo	five_seven	bullet	20.00	60.00	26.35	13.99	14.24	15.26	12.18
454237	damage	bot-876	bravo	bot-847	alpha	cz_805_bren	bullet	24.00	24.59	9.26	8.15	-19.93	-9.74	34.23
454304	damage	bot-894	alpha	bot-897	bravo	five_seven	bullet	20.00	40.00	26.35	13.99	14.08	15.09	12.32
454365	damage	bot-876	bravo	bot-847	alpha	cz_805_bren	bullet	24.00	0.59	9.26	8.16	-20.04	-9.70	34.32
454482	kill	bot-876	bravo	bot-847	alpha	cz_805_bren	bullet	24.00	0.00	9.26	8.17	-20.16	-9.69	34.42
454482	damage	bot-894	alpha	bot-897	bravo	five_seven	bullet	20.00	20.00	26.35	13.99	13.91	14.92	12.47
454639	kill	bot-894	alpha	bot-897	bravo	five_seven	bullet	20.00	0.00	26.35	13.99	13.80	14.80	12.57
455717	damage	bot-845	alpha	bot-899	bravo	m1911	bullet	33.00	67.00	-18.71	-2.68	-9.81	7.42	13.46
457218	damage	bot-899	bravo	bot-865	alpha	cz_805_bren	bullet	24.00	48.24	-11.53	4.61	-20.42	-10.07	17.17
457374	damage	bot-899	bravo	bot-865	alpha	cz_805_bren	bullet	24.00	24.24	-11.53	4.61	-20.46	-10.23	17.32
457533	damage	bot-899	bravo	bot-865	alpha	cz_805_bren	bullet	24.00	0.24	-11.53	4.61	-20.50	-10.38	17.47
457688	kill	bot-899	bravo	bot-865	alpha	cz_805_bren	bullet	24.00	0.00	-11.53	4.61	-20.55	-10.54	17.63
458641	damage	bot-845	alpha	bot-901	bravo	m1911	bullet	33.00	67.00	-20.06	-2.77	-13.16	1.75	8.24
459078	damage	bot-787	alpha	bot-876	bravo	cz_805_bren	bullet	24.00	45.40	-20.26	-6.77	8.52	6.98	31.90
459212	damage	bot-901	bravo	bot-871	alpha	five_seven	bullet	20.00	73.01	-12.24	3.72	-20.77	-0.28	9.41
459269	damage	bot-871	alpha	bot-901	bravo	five_seven	bullet	20.00	47.00	-20.77	-0.28	-12.21	3.71	9.45
459561	damage	bot-845	alpha	bot-901	bravo	m1911	bullet	33.00	14.00	-20.70	-4.34	-10.75	5.61	14.07
459945	kill	bot-845	alpha	bot-901	bravo	m1911	bullet	33.00	0.00	-20.69	-4.33	-9.66	6.48	15.45
460810	damage	bot-892	alpha	bot-903	bravo	cz_805_bren	bullet	24.00	76.00	16.89	8.98	6.30	-6.03	18.37
461686	damage	bot-894	alpha	bot-876	bravo	five_seven	bullet	20.00	25.40	17.67	14.46	15.50	14.21	2.19
461863	damage	bot-894	alpha	bot-876	bravo	five_seven	bullet	20.00	5.40	17.77	14.59	15.47	14.22	2.34
462031	kill	bot-894	alpha	bot-876	bravo	five_seven	bullet	20.00	0.00	17.87	14.70	15.47	14.22	2.45
462111	damage	bot-819	alpha	bot-872	bravo	cz_805_bren	bullet	24.00	48.38	-24.79	-9.98	-17.68	-16.54	9.67
462594	damage	bot-875	alpha	bot-903	bravo	cz_805_bren	bullet	24.00	52.00	-23.76	2.28	10.74	-6.32	35.55
462937	damage	bot-875	alpha	bot-903	bravo	cz_805_bren	bullet	24.00	28.00	-23.76	2.28	10.92	-6.61	35.80
463325	kill	bot-888	alpha	bot-903	bravo	m24	bullet	95.00	0.00	-14.74	13.02	11.16	-6.93	32.70
465314	damage	bot-845	alpha	bot-905	bravo	m1911	bullet	33.00	29.15	-18.75	-5.74	0.79	13.96	27.75
465777	damage	bot-907	bravo	bot-894	alpha	cz_805_bren	bullet	24.00	76.00	9.96	-10.69	15.91	14.54	25.92
466165	damage	bot-908	bravo	bot-875	alpha	five_seven	bullet	20.00	48.56	3.75	-13.25	-22.89	0.85	30.15
466352	damage	bot-875	alpha	bot-908	bravo	cz_805_bren	bullet	24.00	76.00	-23.02	0.96	3.75	-13.25	30.31
466352	damage	bot-908	bravo	bot-875	alpha	five_seven	bullet	20.00	28.56	3.75	-13.25	-23.08	1.01	30.39
466539	damage	bot-894	alpha	bot-907	bravo	five_seven	bullet	20.00	58.20	15.69	14.29	10.03	-10.55	25.48
466539	damage	bot-907	bravo	bot-894	alpha	cz_805_bren	bullet	24.00	52.00	10.03	-10.55	15.69	14.29	25.48
472250	damage	bot-867	alpha	bot-899	bravo	cz_805_bren	bullet	24.00	43.00	-15.75	-4.03	-11.35	-0.69	5.52
472440	damage	bot-867	alpha	bot-899	bravo	cz_805_bren	bullet	24.00	19.00	-16.13	-4.47	-10.91	-0.14	6.78
472541	kill	bot-871	alpha	bot-899	bravo	five_seven	bullet	20.00	0.00	-19.14	-5.75	-10.68	0.08	10.28
473974	damage	bot-909	bravo	bot-906	alpha	m24	bullet	95.00	5.00	10.76	-6.82	-14.15	11.80	31.10
474038	damage	bot-888	alpha	bot-909	bravo	m24	bullet	95.00	5.00	-14.89	11.88	10.75	-6.82	31.74
479950	damage	bot-911	bravo	bot-888	alpha	cz_805_bren	bullet	24.00	43.90	10.86	-6.77	-16.66	14.35	34.69
480503	damage	bot-911	bravo	bot-906	alpha	cz_805_bren	bullet	24.00	43.89	10.82	-6.77	-14.17	11.70	31.07
481273	damage	bot-911	bravo	bot-906	alpha	cz_805_bren	bullet	24.00	27.09	10.90	-6.74	-14.19	11.71	31.14
481491	damage	bot-911	bravo	bot-906	alpha	cz_805_bren	bullet	24.00	4.89	10.88	-6.74	-14.19	11.71	31.13
481696	damage	bot-915	bravo	bot-894	alpha	cz_805_bren	bullet	24.00	48.56	24.59	25.51	24.74	15.43	10.08
482036	damage	bot-915	bravo	bot-894	alpha	cz_805_bren	bullet	24.00	24.56	24.59	25.51	25.87	14.48	11.11
482328	kill	bot-911	bravo	bot-906	alpha	cz_805_bren	bullet	24.00	0.00	10.94	-6.73	-14.20	11.71	31.17
482441	damage	bot-915	bravo	bot-894	alpha	cz_805_bren	bullet	24.00	0.56	24.59	25.51	26.70	13.44	12.26
482582	kill	bot-915	bravo	bot-894	alpha	cz_805_bren	bullet	24.00	0.00	24.59	25.51	26.71	13.08	12.61
483392	damage	bot-911	bravo	bot-833	alpha	cz_805_bren	bullet	24.00	75.49	10.83	-6.42	-23.56	-2.91	34.57
483536	damage	bot-911	bravo	bot-833	alpha	cz_805_bren	bullet	24.00	51.49	10.83	-6.42	-23.56	-2.91	34.57
483820	damage	bot-911	bravo	bot-833	alpha	cz_805_bren	bullet	24.00	27.49	10.82	-6.42	-23.68	-3.01	34.67
483921	damage	bot-915	bravo	bot-898	alpha	cz_805_bren	bullet	24.00	64.47	24.35	25.52	-3.66	23.13	28.11
484040	damage	bot-915	bravo	bot-898	alpha	cz_805_bren	bullet	24.00	40.47	24.35	25.52	-3.79	23.27	28.23
486242	kill	bot-896	alpha	bot-913	bravo	m24	bullet	95.00	0.00	-9.53	11.20	18.30	-4.07	31.75
488137	damage	bot-867	alpha	bot-919	bravo	cz_805_bren	bullet	24.00	76.00	-9.70	0.17	-6.25	-17.25	17.76
488303	damage	bot-867	alpha	bot-919	bravo	cz_805_bren	bullet	24.00	52.00	-9.70	0.17	-6.25	-17.25	17.76
489070	damage	bot-867	alpha	bot-921	bravo	cz_805_bren	bullet	24.00	76.00	-9.78	0.23	-7.77	-16.18	16.54
489655	kill	bot-904	alpha	bot-921	bravo	m24	bullet	95.00	0.00	-10.71	1.77	-8.54	-16.42	18.32
501238	damage	bot-929	bravo	bot-882	alpha	five_seven	bullet	20.00	52.14	11.18	11.14	20.42	4.84	11.19
501620	damage	bot-929	bravo	bot-922	alpha	five_seven	bullet	20.00	80.00	11.17	11.15	10.49	-4.26	15.43
502196	damage	bot-929	bravo	bot-922	alpha	five_seven	bullet	20.00	60.00	11.19	11.04	9.25	-5.75	16.90
502376	damage	bot-929	bravo	bot-922	alpha	five_seven	bullet	20.00	40.00	11.19	11.06	9.50	-5.75	16.90
502532	damage	bot-929	bravo	bot-922	alpha	five_seven	bullet	20.00	20.00	11.19	11.08	9.68	-5.75	16.90
502909	kill	bot-929	bravo	bot-922	alpha	five_seven	bullet	20.00	0.00	11.20	11.12	10.07	-5.75	16.91
503803	damage	bot-923	bravo	bot-904	alpha	five_seven	bullet	20.00	80.00	23.07	19.72	-8.34	-6.13	40.68
503986	damage	bot-923	bravo	bot-904	alpha	five_seven	bullet	20.00	60.00	23.07	19.72	-8.29	-6.32	40.76
504235	damage	bot-928	bravo	bot-904	alpha	five_seven	bullet	20.00	40.00	20.96	18.27	-8.98	-6.81	39.06
504317	damage	bot-923	bravo	bot-904	alpha	five_seven	bullet	20.00	20.00	23.07	19.72	-9.14	-7.06	41.88
504404	kill	bot-928	bravo	bot-904	alpha	five_seven	bullet	20.00	0.00	20.96	18.28	-9.32	-7.29	39.63
505008	damage	bot-886	alpha	bot-931	bravo	five_seven	bullet	20.00	80.00	-10.21	11.62	6.02	15.20	16.62
505156	damage	bot-886	alpha	bot-931	bravo	five_seven	bullet	20.00	60.00	-10.23	11.61	6.02	15.20	16.64
505335	damage	bot-931	bravo	bot-886	alpha	cz_805_bren	bullet	24.00	48.23	5.43	14.30	-10.26	11.57	15.92
505459	damage	bot-931	bravo	bot-886	alpha	cz_805_bren	bullet	24.00	24.23	5.34	14.16	-10.36	11.46	15.93
505528	damage	bot-886	alpha	bot-931	bravo	five_seven	bullet	20.00	40.00	-10.36	11.46	5.30	14.09	15.87
505621	damage	bot-931	bravo	bot-886	alpha	cz_805_bren	bullet	24.00	0.23	5.25	14.02	-10.47	11.34	15.95
505713	damage	bot-886	alpha	bot-931	bravo	five_seven	bullet	20.00	20.00	-10.47	11.34	5.21	13.95	15.89
505806	kill	bot-912	bravo	bot-886	alpha	five_seven	bullet	20.00	0.00	11.68	-7.68	-10.57	11.24	29.21
506568	damage	bot-923	bravo	bot-819	alpha	five_seven	bullet	20.00	80.00	22.94	19.67	-8.78	-6.41	41.07
506748	damage	bot-923	bravo	bot-819	alpha	five_seven	bullet	20.00	60.00	22.94	19.67	-8.78	-6.41	41.07
506838	kill	bot-925	bravo	bot-819	alpha	m24	bullet	95.00	0.00	21.66	18.86	-8.84	-6.44	39.63
507315	damage	bot-929	bravo	bot-880	alpha	five_seven	bullet	20.00	11.66	10.54	14.19	18.01	4.87	11.94
507707	kill	bot-880	alpha	bot-929	bravo	m1911	bullet	33.00	0.00	18.01	4.87	9.77	15.64	13.56
508086	damage	bot-845	alpha	bot-917	bravo	five_seven	bullet	20.00	80.00	-17.23	4.84	8.84	24.25	32.50
508178	damage	bot-923	bravo	bot-875	alpha	five_seven	bullet	20.00	52.48	22.86	19.56	-6.85	-4.96	38.52
508283	damage	bot-845	alpha	bot-917	bravo	five_seven	bullet	20.00	60.00	-17.23	4.84	8.71	24.25	32.40
508469	damage	bot-845	alpha	bot-917	bravo	five_seven	bullet	20.00	40.00	-17.23	4.84	8.88	24.25	32.53
508554	damage	bot-923	bravo	bot-875	alpha	five_seven	bullet	20.00	32.48	22.86	19.56	-7.19	-5.01	38.82
508653	damage	bot-845	alpha	bot-917	bravo	five_seven	bullet	20.00	20.00	-17.23	4.84	9.04	24.25	32.66
508753	damage	bot-920	alpha	bot-912	bravo	five_seven	bullet	20.00	52.22	-13.98	5.55	11.75	-6.63	28.47
508753	damage	bot-923	bravo	bot-875	alpha	five_seven	bullet	20.00	12.48	22.86	19.56	-7.36	-5.03	38.96
508753	kill	bot-933	bravo	bot-875	alpha	five_seven	bullet	20.00	0.00	9.48	8.42	-7.36	-5.03	21.55
508837	damage	bot-867	alpha	bot-912	bravo	cz_805_bren	bullet	24.00	28.22	-7.93	0.16	11.75	-6.63	20.81
508933	damage	bot-920	alpha	bot-912	bravo	five_seven	bullet	20.00	8.22	-13.98	5.55	11.75	-6.80	28.54
509105	damage	bot-787	alpha	bot-935	bravo	cz_805_bren	bullet	24.00	76.00	-15.26	-4.01	-5.76	14.68	20.97
509105	kill	bot-920	alpha	bot-912	bravo	five_seven	bullet	20.00	0.00	-13.98	5.55	11.75	-6.95	28.60
509295	damage	bot-787	alpha	bot-935	bravo	cz_805_bren	bullet	24.00	52.00	-15.29	-4.00	-5.61	15.30	21.59
509454	damage	bot-787	alpha	bot-935	bravo	cz_805_bren	bullet	24.00	28.00	-15.29	-3.99	-5.49	16.01	22.28
509619	damage	bot-787	alpha	bot-935	bravo	cz_805_bren	bullet	24.00	4.00	-15.29	-3.99	-5.38	16.70	22.95
509802	kill	bot-787	alpha	bot-935	bravo	cz_805_bren	bullet	24.00	0.00	-15.29	-3.99	-5.25	17.41	23.64
510728	damage	bot-920	alpha	bot-931	bravo	five_seven	bullet	20.00	2.81	-13.17	5.73	2.49	14.33	17.86
510956	kill	bot-920	alpha	bot-931	bravo	five_seven	bullet	20.00	0.00	-13.17	5.73	2.49	14.33	17.86
511525	damage	bot-927	bravo	bot-936	alpha	cz_805_bren	bullet	24.00	76.00	16.33	16.99	7.26	-3.70	22.59
511606	damage	bot-915	bravo	bot-936	alpha	cz_805_bren	bullet	24.00	52.00	10.98	17.44	7.46	-3.50	21.23
511785	damage	bot-915	bravo	bot-936	alpha	cz_805_bren	bullet	24.00	28.00	10.98	17.42	7.83	-3.08	20.75
512112	damage	bot-915	bravo	bot-936	alpha	cz_805_bren	bullet	24.00	4.00	10.99	17.40	8.56	-2.27	19.82
513022	damage	bot-915	bravo	bot-938	alpha	cz_805_bren	bullet	24.00	76.00	10.88	17.49	10.20	6.01	11.49
513477	damage	bot-939	bravo	bot-845	alpha	cz_805_bren	bullet	24.00	48.78	-19.75	-10.82	-14.90	6.93	18.39
513855	damage	bot-926	bravo	bot-938	alpha	cz_805_bren	bullet	24.00	14.03	12.27	18.58	9.53	8.58	10.37
513950	damage	bot-938	alpha	bot-928	bravo	cz_805_bren	bullet	24.00	47.56	9.57	8.65	9.30	14.24	5.60
514446	kill	bot-925	bravo	bot-940	alpha	five_seven	bullet	20.00	0.00	19.62	17.48	7.82	6.28	16.27
515482	damage	bot-942	alpha	bot-941	bravo	five_seven	bullet	20.00	80.00	-19.36	-23.41	-12.26	-21.22	7.43
516241	damage	bot-942	alpha	bot-941	bravo	five_seven	bullet	20.00	60.00	-19.56	-21.32	-9.94	-21.24	9.62
516418	damage	bot-941	bravo	bot-942	alpha	five_seven	bullet	20.00	80.00	-9.60	-21.09	-19.55	-21.31	9.95
516418	damage	bot-942	alpha	bot-941	bravo	five_seven	bullet	20.00	40.00	-19.55	-21.31	-9.27	-20.96	10.29
516573	damage	bot-941	bravo	bot-942	alpha	five_seven	bullet	20.00	60.00	-8.92	-20.82	-19.55	-21.31	10.65
517467	damage	bot-944	alpha	bot-939	bravo	m1911	bullet	33.00	67.00	-22.32	-19.13	-19.22	-16.21	4.25
517605	damage	bot-939	bravo	bot-944	alpha	cz_805_bren	bullet	24.00	76.00	-19.14	-16.21	-22.56	-19.33	4.63
517817	damage	bot-916	bravo	bot-892	alpha	five_seven	bullet	20.00	52.49	9.99	15.70	14.76	5.36	11.39
517913	damage	bot-941	bravo	bot-924	alpha	five_seven	bullet	20.00	80.00	-4.82	-16.32	-9.75	-6.46	11.03
518006	damage	bot-845	alpha	bot-941	bravo	five_seven	bullet	20.00	20.00	-17.97	10.70	-4.82	-16.32	30.05
518006	damage	bot-927	bravo	bot-892	alpha	cz_805_bren	bullet	24.00	28.49	14.04	16.69	14.75	4.64	12.07
518006	damage	bot-939	bravo	bot-944	alpha	cz_805_bren	bullet	24.00	52.00	-17.56	-16.55	-23.59	-20.30	7.10
518104	damage	bot-929	bravo	bot-892	alpha	five_seven	bullet	20.00	8.49	10.04	14.52	14.76	4.29	11.26
518104	damage	bot-941	bravo	bot-924	alpha	five_seven	bullet	20.00	60.00	-4.82	-16.32	-9.73	-6.48	11.00
518185	kill	bot-845	alpha	bot-941	bravo	five_seven	bullet	20.00	0.00	-17.97	10.70	-4.82	-16.32	30.05
518185	damage	bot-892	alpha	bot-916	bravo	cz_805_bren	bullet	24.00	38.59	14.76	4.29	9.99	15.70	12.37
518355	damage	bot-892	alpha	bot-916	bravo	cz_805_bren	bullet	24.00	14.59	14.75	3.58	10.04	16.40	13.67
518446	kill	bot-929	bravo	bot-892	alpha	five_seven	bullet	20.00	0.00	10.04	14.52	14.75	2.86	12.58
518768	damage	bot-942	alpha	bot-919	bravo	five_seven	bullet	20.00	47.57	-24.84	-18.49	-11.49	-22.82	14.03
519047	damage	bot-944	alpha	bot-919	bravo	m1911	bullet	33.00	14.57	-25.40	-23.91	-11.26	-22.89	14.18
519128	damage	bot-943	bravo	bot-918	alpha	five_seven	bullet	20.00	80.00	8.47	22.48	-3.93	16.82	13.63
519273	damage	bot-943	bravo	bot-918	alpha	five_seven	bullet	20.00	60.00	8.47	22.48	-4.07	17.19	13.61
519478	damage	bot-943	bravo	bot-918	alpha	five_seven	bullet	20.00	40.00	8.47	22.49	-4.83	17.07	14.37
519642	damage	bot-943	bravo	bot-918	alpha	five_seven	bullet	20.00	20.00	8.47	22.49	-5.36	16.98	14.89
519721	kill	bot-915	bravo	bot-918	alpha	cz_805_bren	bullet	24.00	0.00	13.19	19.36	-5.36	16.98	18.71
519721	damage	bot-946	alpha	bot-945	bravo	cz_805_bren	bullet	24.00	76.00	-25.43	-22.13	-19.67	-20.43	6.00
519806	damage	bot-944	alpha	bot-945	bravo	m1911	bullet	33.00	43.00	-26.71	-26.66	-19.67	-20.43	9.40
519899	damage	bot-942	alpha	bot-945	bravo	five_seven	bullet	20.00	23.00	-22.38	-15.25	-19.68	-20.09	5.54
520052	damage	bot-942	alpha	bot-945	bravo	five_seven	bullet	20.00	3.00	-21.99	-14.77	-19.70	-19.38	5.15
520211	kill	bot-944	alpha	bot-945	bravo	m1911	bullet	33.00	0.00	-26.69	-26.63	-19.71	-18.67	10.58
521090	damage	bot-915	bravo	bot-920	alpha	cz_805_bren	bullet	24.00	76.00	12.32	19.47	-5.35	16.49	17.92
521396	kill	bot-871	alpha	bot-919	bravo	m24	bullet	95.00	0.00	0.05	1.14	-8.97	-26.34	28.92
521396	damage	bot-916	bravo	bot-880	alpha	five_seven	bullet	20.00	45.03	11.34	15.96	17.25	5.25	12.24
521714	damage	bot-915	bravo	bot-920	alpha	cz_805_bren	bullet	24.00	52.00	12.49	19.31	-5.41	16.50	18.12
522108	kill	bot-944	alpha	bot-939	bravo	m24	bullet	95.00	0.00	-26.68	-26.55	-19.57	-16.00	12.73
522271	damage	bot-920	alpha	bot-943	bravo	five_seven	bullet	20.00	59.26	-5.63	15.90	8.53	21.04	15.06
522434	damage	bot-947	bravo	bot-924	alpha	cz_805_bren	bullet	24.00	48.60	14.02	12.72	-8.88	-9.34	31.80
522590	damage	bot-925	bravo	bot-773	alpha	five_seven	bullet	20.00	59.86	16.81	15.01	8.59	7.30	11.27
522798	damage	bot-925	bravo	bot-773	alpha	five_seven	bullet	20.00	39.86	16.81	15.01	8.67	7.07	11.38
522958	damage	bot-915	bravo	bot-873	alpha	cz_805_bren	bullet	24.00	48.27	13.54	17.15	-2.68	20.44	16.56
523058	damage	bot-787	alpha	bot-947	bravo	cz_805_bren	bullet	24.00	76.00	-10.65	-8.25	14.26	12.73	32.57
523058	damage	bot-937	bravo	bot-773	alpha	cz_805_bren	bullet	24.00	15.86	16.25	14.25	8.46	6.95	10.68
523151	damage	bot-773	alpha	bot-947	bravo	five_seven	bullet	20.00	56.00	8.46	6.95	14.32	12.73	8.23
523239	damage	bot-787	alpha	bot-947	bravo	cz_805_bren	bullet	24.00	32.00	-10.67	-8.24	14.35	12.80	32.69
523239	kill	bot-937	bravo	bot-773	alpha	cz_805_bren	bullet	24.00	0.00	16.25	14.25	8.07	6.72	11.12
523323	damage	bot-915	bravo	bot-873	alpha	cz_805_bren	bullet	24.00	24.27	13.55	15.98	-4.05	20.14	18.09
523408	damage	bot-949	bravo	bot-934	alpha	five_seven	bullet	20.00	80.00	0.75	-9.25	-6.77	-5.54	8.39
523576	damage	bot-787	alpha	bot-947	bravo	cz_805_bren	bullet	24.00	8.00	-10.68	-8.24	14.53	13.05	32.99
523576	damage	bot-949	bravo	bot-934	alpha	five_seven	bullet	20.00	60.00	0.75	-9.25	-6.96	-5.58	8.55
523667	damage	bot-947	bravo	bot-934	alpha	cz_805_bren	bullet	24.00	36.00	14.58	13.11	-7.03	-5.52	28.54
523745	damage	bot-949	bravo	bot-934	alpha	five_seven	bullet	20.00	16.00	0.76	-9.26	-7.09	-5.47	8.71
523826	damage	bot-927	bravo	bot-873	alpha	cz_805_bren	bullet	24.00	0.27	7.56	18.26	-5.28	20.26	13.00
523912	kill	bot-949	bravo	bot-934	alpha	five_seven	bullet	20.00	0.00	0.76	-9.26	-7.21	-5.34	8.88
524004	damage	bot-947	bravo	bot-932	alpha	cz_805_bren	bullet	24.00	76.00	14.78	13.37	5.47	4.91	12.58
524264	damage	bot-949	bravo	bot-787	alpha	five_seven	bullet	20.00	57.75	0.76	-9.26	-11.19	-7.97	12.01
524447	damage	bot-787	alpha	bot-949	bravo	cz_805_bren	bullet	24.00	76.00	-11.25	-7.90	0.76	-9.26	12.09
524447	damage	bot-949	bravo	bot-787	alpha	five_seven	bullet	20.00	37.75	0.76	-9.26	-11.32	-7.85	12.16
524519	damage	bot-947	bravo	bot-932	alpha	cz_805_bren	bullet	24.00	52.00	15.81	14.21	5.47	4.91	13.91
524579	damage	bot-787	alpha	bot-949	bravo	cz_805_bren	bullet	24.00	52.00	-11.38	-7.80	0.76	-9.26	12.23
524579	damage	bot-833	alpha	bot-949	bravo	five_seven	bullet	20.00	32.00	-3.94	3.80	0.76	-9.26	13.88
524579	damage	bot-929	bravo	bot-932	alpha	five_seven	bullet	20.00	32.00	11.28	10.89	5.47	4.91	8.34
524642	damage	bot-947	bravo	bot-932	alpha	cz_805_bren	bullet	24.00	8.00	15.94	14.50	5.31	4.90	14.33
524765	damage	bot-833	alpha	bot-949	bravo	five_seven	bullet	20.00	12.00	-3.93	3.81	1.52	-10.02	14.87
524857	kill	bot-920	alpha	bot-949	bravo	five_seven	bullet	20.00	0.00	-10.67	11.02	1.77	-10.27	24.65
526130	kill	bot-929	bravo	bot-932	alpha	five_seven	bullet	20.00	0.00	11.75	10.21	1.78	1.66	13.14
527052	kill	bot-927	bravo	bot-873	alpha	five_seven	bullet	20.00	0.00	8.69	19.27	-15.49	26.15	25.14
529090	damage	bot-845	alpha	bot-951	bravo	five_seven	bullet	20.00	50.33	-7.80	9.88	-3.74	25.87	16.50
529768	kill	bot-944	alpha	bot-953	bravo	m24	bullet	95.00	0.00	-24.12	-21.96	-22.56	24.32	46.31
531119	damage	bot-927	bravo	bot-920	alpha	five_seven	bullet	20.00	52.20	4.26	19.93	-5.38	16.60	10.19
531298	damage	bot-927	bravo	bot-920	alpha	five_seven	bullet	20.00	32.20	4.26	19.93	-5.63	15.95	10.66
531966	damage	bot-787	alpha	bot-951	bravo	cz_805_bren	bullet	24.00	39.83	-11.66	-7.01	1.14	26.71	36.08
532102	damage	bot-787	alpha	bot-951	bravo	cz_805_bren	bullet	24.00	17.63	-11.67	-7.01	1.14	26.71	36.07
532417	damage	bot-957	bravo	bot-924	alpha	five_seven	bullet	20.00	52.00	2.26	26.68	-11.74	-5.69	35.27
532653	damage	bot-920	alpha	bot-927	bravo	five_seven	bullet	20.00	63.05	-8.92	11.56	3.55	20.04	15.08
532732	damage	bot-957	bravo	bot-924	alpha	five_seven	bullet	20.00	32.00	2.43	26.70	-11.44	-5.79	35.32
532920	damage	bot-957	bravo	bot-924	alpha	five_seven	bullet	20.00	12.00	2.43	26.70	-11.22	-5.88	35.31
533126	damage	bot-787	alpha	bot-957	bravo	cz_805_bren	bullet	24.00	11.78	-11.48	-6.92	2.43	26.70	36.38
533126	kill	bot-957	bravo	bot-924	alpha	five_seven	bullet	20.00	0.00	2.43	26.70	-11.00	-5.98	35.33
533302	kill	bot-787	alpha	bot-957	bravo	cz_805_bren	bullet	24.00	0.00	-11.48	-6.92	2.43	26.70	36.38
533637	damage	bot-927	bravo	bot-867	alpha	five_seven	bullet	20.00	80.00	2.65	20.65	-2.97	16.02	7.28
533722	damage	bot-928	bravo	bot-867	alpha	five_seven	bullet	20.00	60.00	7.28	21.14	-3.07	16.10	11.52
533722	damage	bot-959	bravo	bot-888	alpha	five_seven	bullet	20.00	70.00	-25.19	-4.24	-18.35	4.68	11.24
533815	damage	bot-927	bravo	bot-867	alpha	five_seven	bullet	20.00	40.00	2.64	20.66	-3.30	15.92	7.60
533899	damage	bot-928	bravo	bot-867	alpha	five_seven	bullet	20.00	20.00	7.28	21.14	-3.52	15.77	12.06
533899	damage	bot-959	bravo	bot-888	alpha	five_seven	bullet	20.00	50.00	-25.19	-4.24	-18.22	4.53	11.20
533972	kill	bot-927	bravo	bot-867	alpha	five_seven	bullet	20.00	0.00	2.63	20.66	-3.73	15.55	8.16
534409	damage	bot-954	alpha	bot-959	bravo	cz_805_bren	bullet	24.00	76.00	-19.48	-8.28	-25.21	-4.12	7.07
534598	damage	bot-954	alpha	bot-959	bravo	cz_805_bren	bullet	24.00	52.00	-19.48	-8.28	-25.18	-3.99	7.13
535774	damage	bot-927	bravo	bot-954	alpha	five_seven	bullet	20.00	80.00	1.58	20.74	-18.63	-8.24	35.33
535936	damage	bot-950	alpha	bot-947	bravo	five_seven	bullet	20.00	52.86	-9.72	-8.14	14.73	13.37	32.56
536090	damage	bot-947	bravo	bot-950	alpha	cz_805_bren	bullet	24.00	76.00	14.79	13.43	-9.81	-8.15	32.72
536174	damage	bot-783	alpha	bot-959	bravo	five_seven	bullet	20.00	32.00	-17.86	-4.78	-21.32	1.15	6.87
536263	damage	bot-927	bravo	bot-946	alpha	five_seven	bullet	20.00	64.24	1.58	20.74	-22.79	-14.21	42.62
536263	damage	bot-947	bravo	bot-950	alpha	cz_805_bren	bullet	24.00	52.00	14.90	13.55	-9.99	-8.14	33.02
536357	damage	bot-783	alpha	bot-959	bravo	five_seven	bullet	20.00	12.00	-17.89	-4.63	-21.32	1.15	6.72
536431	damage	bot-947	bravo	bot-950	alpha	cz_805_bren	bullet	24.00	28.00	15.03	13.69	-10.14	-8.15	33.32
536506	kill	bot-783	alpha	bot-959	bravo	five_seven	bullet	20.00	0.00	-17.92	-4.47	-21.31	1.17	6.58
536506	damage	bot-833	alpha	bot-961	bravo	five_seven	bullet	20.00	80.00	-0.58	13.33	-7.42	23.01	11.85
536585	damage	bot-927	bravo	bot-946	alpha	five_seven	bullet	20.00	44.24	1.60	20.77	-22.79	-14.21	42.65
536747	damage	bot-845	alpha	bot-961	bravo	five_seven	bullet	20.00	60.00	-3.08	8.46	-7.42	23.02	15.19
536747	damage	bot-927	bravo	bot-946	alpha	five_seven	bullet	20.00	24.24	1.60	20.78	-22.88	-14.36	42.83
536933	damage	bot-947	bravo	bot-787	alpha	cz_805_bren	bullet	24.00	67.36	15.36	14.05	-8.63	-10.33	34.21
537102	damage	bot-950	alpha	bot-925	bravo	five_seven	bullet	20.00	35.86	-11.06	-8.17	-1.25	18.29	28.22
537425	damage	bot-947	bravo	bot-787	alpha	cz_805_bren	bullet	24.00	43.36	16.62	15.44	-8.66	-11.94	37.27
537831	damage	bot-845	alpha	bot-925	bravo	five_seven	bullet	20.00	15.86	-1.60	6.95	-1.30	18.00	11.06
537955	damage	bot-787	alpha	bot-947	bravo	cz_805_bren	bullet	24.00	28.86	-8.68	-11.46	18.36	17.29	39.47
538170	damage	bot-947	bravo	bot-787	alpha	cz_805_bren	bullet	24.00	19.36	19.13	18.08	-8.67	-11.11	40.31
538246	damage	bot-787	alpha	bot-947	bravo	cz_805_bren	bullet	24.00	4.86	-8.67	-11.11	19.38	18.34	40.68
538658	damage	bot-927	bravo	bot-956	alpha	five_seven	bullet	20.00	34.44	1.66	20.98	-16.29	2.62	25.68
538973	damage	bot-927	bravo	bot-956	alpha	five_seven	bullet	20.00	14.44	1.66	20.98	-16.29	2.64	25.66
539166	kill	bot-927	bravo	bot-956	alpha	five_seven	bullet	20.00	0.00	1.67	21.01	-16.29	2.66	25.68
539454	kill	bot-950	alpha	bot-925	bravo	m1911	bullet	33.00	0.00	-18.30	-8.21	-1.30	18.00	31.25
539788	damage	bot-955	bravo	bot-871	alpha	cz_805_bren	bullet	24.00	43.17	-6.89	22.25	-0.59	6.75	16.74
539868	damage	bot-950	alpha	bot-963	bravo	m1911	bullet	33.00	67.00	-18.71	-8.21	-3.42	16.52	29.08
540087	damage	bot-955	bravo	bot-871	alpha	cz_805_bren	bullet	24.00	19.17	-6.89	22.25	-0.35	6.52	17.03
540244	damage	bot-927	bravo	bot-942	alpha	five_seven	bullet	20.00	12.44	1.48	21.08	-16.87	-0.88	28.62
540244	kill	bot-955	bravo	bot-871	alpha	cz_805_bren	bullet	24.00	0.00	-6.89	22.25	-0.24	6.40	17.19
540422	kill	bot-927	bravo	bot-942	alpha	five_seven	bullet	20.00	0.00	1.48	21.08	-16.87	-0.88	28.62
540674	damage	bot-923	bravo	bot-783	alpha	five_seven	bullet	20.00	28.16	1.14	19.40	-16.88	-0.24	26.66
540842	damage	bot-923	bravo	bot-783	alpha	five_seven	bullet	20.00	10.86	1.13	19.39	-16.88	-0.24	26.65
541031	kill	bot-923	bravo	bot-783	alpha	five_seven	bullet	20.00	0.00	1.13	19.37	-16.88	-0.24	26.64
541031	damage	bot-955	bravo	bot-948	alpha	cz_805_bren	bullet	24.00	15.76	-6.86	21.62	-6.27	4.67	16.97
541356	kill	bot-955	bravo	bot-948	alpha	cz_805_bren	bullet	24.00	0.00	-6.87	21.62	-5.46	5.38	16.30
541681	kill	bot-963	bravo	bot-787	alpha	cz_805_bren	bullet	24.00	0.00	-4.13	17.97	-19.70	-8.99	31.13
541936	damage	bot-963	bravo	bot-946	alpha	cz_805_bren	bullet	24.00	33.54	-4.13	17.97	-24.68	-18.02	41.44
542594	damage	bot-915	bravo	bot-946	alpha	cz_805_bren	bullet	24.00	16.74	-3.24	20.13	-24.68	-18.02	43.76
542994	kill	bot-963	bravo	bot-946	alpha	cz_805_bren	bullet	24.00	0.00	-4.16	17.57	-24.68	-18.02	41.08
543054	damage	bot-856	bravo	bot-944	alpha	cz_805_bren	bullet	24.00	48.68	-12.03	-10.50	-12.04	-18.21	7.71
543213	damage	bot-856	bravo	bot-944	alpha	cz_805_bren	bullet	24.00	24.68	-12.03	-10.50	-11.87	-18.22	7.72
543213	damage	bot-915	bravo	bot-920	alpha	cz_805_bren	bullet	24.00	48.54	-3.77	20.30	-10.67	-5.22	26.44
543213	damage	bot-950	alpha	bot-923	bravo	m1911	bullet	33.00	39.09	-26.68	-17.60	-0.35	20.57	46.37
543387	damage	bot-856	bravo	bot-944	alpha	cz_805_bren	bullet	24.00	0.68	-12.03	-10.50	-11.71	-18.23	7.73
543387	damage	bot-915	bravo	bot-920	alpha	cz_805_bren	bullet	24.00	24.54	-3.77	20.30	-10.81	-5.13	26.39
543387	damage	bot-927	bravo	bot-950	alpha	five_seven	bullet	20.00	8.00	0.24	21.45	-26.68	-17.60	47.44
543550	damage	bot-888	alpha	bot-969	bravo	m24	bullet	95.00	5.00	-20.76	2.05	-20.96	-15.19	17.24
543550	damage	bot-915	bravo	bot-920	alpha	cz_805_bren	bullet	24.00	0.54	-3.77	20.30	-10.95	-5.06	26.36
543550	kill	bot-927	bravo	bot-950	alpha	five_seven	bullet	20.00	0.00	0.23	21.46	-26.69	-18.33	48.04
543723	kill	bot-915	bravo	bot-920	alpha	cz_805_bren	bullet	24.00	0.00	-3.77	20.30	-11.10	-4.99	26.33
544640	damage	bot-965	bravo	bot-833	alpha	five_seven	bullet	20.00	41.98	-6.52	21.66	1.46	10.55	13.68
544800	damage	bot-965	bravo	bot-833	alpha	five_seven	bullet	20.00	23.78	-6.52	21.66	1.46	10.57	13.66
544993	damage	bot-965	bravo	bot-833	alpha	five_seven	bullet	20.00	6.48	-6.52	21.66	1.46	10.57	13.66
545203	kill	bot-965	bravo	bot-833	alpha	five_seven	bullet	20.00	0.00	-6.52	21.66	1.46	10.57	13.66
545322	kill	bot-915	bravo	bot-944	alpha	cz_805_bren	bullet	24.00	0.00	-4.37	19.83	-8.44	-18.68	38.72
548109	damage	bot-963	bravo	bot-952	alpha	cz_805_bren	bullet	24.00	44.57	-4.13	15.85	-18.75	-5.75	26.08
549484	damage	bot-963	bravo	bot-952	alpha	cz_805_bren	bullet	24.00	20.57	-4.36	15.60	-22.66	-8.10	29.93
549770	kill	bot-963	bravo	bot-952	alpha	cz_805_bren	bullet	24.00	0.00	-4.36	15.60	-23.31	-9.15	31.17
550063	damage	bot-971	alpha	bot-976	bravo	cz_805_bren	bullet	24.00	76.00	16.11	-0.24	-5.28	8.68	23.18
550125	damage	bot-966	alpha	bot-976	bravo	five_seven	bullet	20.00	56.00	18.05	-3.81	-5.33	8.56	26.45
550273	damage	bot-958	alpha	bot-976	bravo	five_seven	bullet	20.00	36.00	14.93	-5.76	-5.55	9.21	25.37
550273	damage	bot-966	alpha	bot-976	bravo	five_seven	bullet	20.00	16.00	18.05	-3.81	-5.55	9.21	26.96
550344	kill	bot-971	alpha	bot-976	bravo	cz_805_bren	bullet	24.00	0.00	16.11	-0.24	-5.64	9.53	23.85
551805	damage	bot-966	alpha	bot-978	bravo	five_seven	bullet	20.00	80.00	16.98	-3.54	-14.27	-5.66	31.31
551974	damage	bot-966	alpha	bot-978	bravo	five_seven	bullet	20.00	60.00	16.97	-3.54	-14.27	-5.66	31.31
551974	damage	bot-971	alpha	bot-978	bravo	cz_805_bren	bullet	24.00	36.00	15.18	0.12	-14.27	-5.66	30.00
552060	damage	bot-958	alpha	bot-978	bravo	five_seven	bullet	20.00	16.00	15.15	-5.77	-14.35	-5.67	29.50
552133	kill	bot-971	alpha	bot-978	bravo	cz_805_bren	bullet	24.00	0.00	15.18	0.12	-14.42	-5.65	30.16
553088	damage	bot-917	bravo	bot-964	alpha	five_seven	bullet	20.00	80.00	15.08	13.81	15.32	2.14	11.67
553438	damage	bot-958	alpha	bot-955	bravo	five_seven	bullet	20.00	78.02	14.47	-5.77	-4.60	9.96	24.72
554014	damage	bot-979	alpha	bot-805	bravo	cz_805_bren	bullet	24.00	47.47	6.74	-23.24	-13.12	-15.27	21.40
554181	damage	bot-979	alpha	bot-805	bravo	cz_805_bren	bullet	24.00	23.47	6.74	-23.24	-12.82	-15.29	21.11
554356	kill	bot-979	alpha	bot-805	bravo	cz_805_bren	bullet	24.00	0.00	6.74	-23.24	-13.11	-15.26	21.39
555982	damage	bot-982	bravo	bot-979	alpha	five_seven	bullet	20.00	80.00	-1.06	-26.57	7.87	-22.91	9.66
556181	damage	bot-982	bravo	bot-979	alpha	five_seven	bullet	20.00	60.00	-1.06	-26.58	7.87	-22.91	9.65
556349	damage	bot-982	bravo	bot-979	alpha	five_seven	bullet	20.00	40.00	-1.05	-26.58	8.01	-22.97	9.75
556433	damage	bot-979	alpha	bot-974	bravo	cz_805_bren	bullet	24.00	76.00	8.01	-22.97	-22.58	-22.59	30.59
556522	damage	bot-982	bravo	bot-979	alpha	five_seven	bullet	20.00	20.00	-1.04	-26.57	8.14	-23.03	9.84
556711	kill	bot-982	bravo	bot-979	alpha	five_seven	bullet	20.00	0.00	-1.03	-26.57	8.27	-23.10	9.93
557021	damage	bot-958	alpha	bot-980	bravo	five_seven	bullet	20.00	80.00	20.23	-1.54	-1.83	5.56	23.18
557100	damage	bot-964	alpha	bot-980	bravo	cz_805_bren	bullet	24.00	56.00	20.94	2.18	-1.83	5.56	23.02
557100	damage	bot-980	bravo	bot-958	alpha	cz_805_bren	bullet	24.00	58.53	-1.83	5.56	20.23	-1.54	23.18
557100	damage	bot-981	alpha	bot-967	bravo	five_seven	bullet	20.00	52.36	22.22	-0.39	-7.09	3.50	29.57
557258	damage	bot-971	alpha	bot-980	bravo	cz_805_bren	bullet	24.00	32.00	18.94	0.03	-1.94	5.66	21.63
557258	damage	bot-980	bravo	bot-958	alpha	cz_805_bren	bullet	24.00	34.53	-1.94	5.66	20.33	-1.49	23.39
557381	damage	bot-958	alpha	bot-980	bravo	five_seven	bullet	20.00	12.00	20.37	-1.46	-2.06	5.77	23.57
557381	kill	bot-964	alpha	bot-980	bravo	cz_805_bren	bullet	24.00	0.00	20.94	2.18	-2.06	5.77	23.28
558293	damage	bot-971	alpha	bot-967	bravo	cz_805_bren	bullet	24.00	28.36	18.87	0.02	-10.68	6.70	30.30
558360	damage	bot-964	alpha	bot-967	bravo	cz_805_bren	bullet	24.00	4.36	20.63	1.77	-10.68	6.70	31.69
558360	kill	bot-966	alpha	bot-967	bravo	five_seven	bullet	20.00	0.00	22.43	-2.29	-10.68	6.70	34.31
562408	damage	bot-974	bravo	bot-988	alpha	five_seven	bullet	20.00	80.00	-23.57	-17.54	-18.69	11.00	28.95
563424	damage	bot-987	bravo	bot-986	alpha	cz_805_bren	bullet	24.00	76.00	-19.19	23.47	-19.30	17.88	5.59
563599	damage	bot-987	bravo	bot-986	alpha	cz_805_bren	bullet	24.00	52.00	-19.09	23.57	-19.23	17.82	5.76
563963	damage	bot-915	bravo	bot-983	alpha	cz_805_bren	bullet	24.00	76.00	-1.96	8.37	22.23	-11.06	31.03
563963	damage	bot-987	bravo	bot-986	alpha	cz_805_bren	bullet	24.00	28.00	-18.34	24.25	-18.89	17.80	6.47
564168	damage	bot-915	bravo	bot-983	alpha	cz_805_bren	bullet	24.00	52.00	-1.96	8.37	21.94	-10.73	30.59
564287	damage	bot-988	alpha	bot-984	bravo	cz_805_bren	bullet	24.00	76.00	-19.27	12.59	-5.07	5.40	15.92
564617	damage	bot-986	alpha	bot-989	bravo	cz_805_bren	bullet	24.00	76.00	-17.90	17.78	-22.20	17.75	4.30
564617	damage	bot-989	bravo	bot-986	alpha	five_seven	bullet	20.00	8.00	-22.20	17.75	-17.55	17.78	4.65
565028	kill	bot-989	bravo	bot-986	alpha	five_seven	bullet	20.00	0.00	-22.97	18.50	-16.17	17.76	6.84
565222	damage	bot-654	alpha	bot-917	bravo	cz_805_bren	bullet	24.00	48.25	18.63	7.85	15.75	7.25	2.95
565400	damage	bot-966	alpha	bot-915	bravo	five_seven	bullet	20.00	52.69	21.35	-3.27	-1.84	7.98	25.78
565581	damage	bot-966	alpha	bot-915	bravo	five_seven	bullet	20.00	32.69	21.35	-3.27	-1.94	8.11	25.92
565751	damage	bot-966	alpha	bot-915	bravo	five_seven	bullet	20.00	12.69	21.35	-3.27	-2.05	8.23	26.07
565751	kill	bot-971	alpha	bot-915	bravo	cz_805_bren	bullet	24.00	0.00	18.90	-0.27	-2.05	8.23	22.61
566388	damage	bot-927	bravo	bot-992	alpha	five_seven	bullet	20.00	2.61	-2.71	13.14	-12.87	10.96	10.40
566913	kill	bot-943	bravo	bot-960	alpha	m24	bullet	95.00	0.00	15.58	13.92	8.55	-18.23	32.91
567263	damage	bot-992	alpha	bot-984	bravo	m1911	bullet	33.00	43.00	-14.83	12.77	-4.65	4.96	12.83
567971	damage	bot-966	alpha	bot-984	bravo	five_seven	bullet	20.00	23.00	20.95	-3.70	-4.55	5.13	26.98
568179	damage	bot-966	alpha	bot-984	bravo	five_seven	bullet	20.00	3.00	20.95	-3.70	-4.51	5.23	26.98
568179	kill	bot-982	bravo	bot-992	alpha	five_seven	bullet	20.00	0.00	6.62	-23.17	-14.92	13.26	42.31
568365	kill	bot-966	alpha	bot-984	bravo	five_seven	bullet	20.00	0.00	20.96	-3.69	-4.44	5.33	26.96
568677	damage	bot-988	alpha	bot-989	bravo	cz_805_bren	bullet	24.00	52.00	-19.68	11.36	-21.88	16.52	5.61
568795	damage	bot-991	bravo	bot-990	alpha	five_seven	bullet	20.00	14.83	-12.51	19.65	-18.52	17.67	6.32
569121	damage	bot-947	bravo	bot-880	alpha	cz_805_bren	bullet	24.00	35.93	10.26	11.60	17.25	6.25	8.81
569258	damage	bot-917	bravo	bot-880	alpha	five_seven	bullet	20.00	15.93	9.49	15.78	17.33	6.23	12.35
569258	kill	bot-947	bravo	bot-880	alpha	cz_805_bren	bullet	24.00	0.00	10.26	11.60	17.33	6.23	8.88
569867	damage	bot-981	alpha	bot-937	bravo	five_seven	bullet	20.00	60.01	17.65	-1.48	11.40	7.07	10.59
570003	kill	bot-985	bravo	bot-990	alpha	cz_805_bren	bullet	24.00	0.00	-25.94	24.23	-20.40	19.47	7.30
570345	damage	bot-981	alpha	bot-937	bravo	five_seven	bullet	20.00	40.01	17.66	-1.48	11.88	7.38	10.58
570468	damage	bot-985	bravo	bot-995	alpha	cz_805_bren	bullet	24.00	76.00	-25.60	24.23	-17.55	22.65	8.20
570708	damage	bot-923	bravo	bot-995	alpha	five_seven	bullet	20.00	56.00	-6.99	22.10	-17.91	22.65	10.94
570831	damage	bot-981	alpha	bot-937	bravo	five_seven	bullet	20.00	20.01	17.66	-1.48	12.33	8.59	11.39
571022	damage	bot-972	bravo	bot-988	alpha	cz_805_bren	bullet	24.00	39.82	-19.60	-16.81	-21.10	10.06	26.91
571183	damage	bot-981	alpha	bot-937	bravo	five_seven	bullet	20.00	0.01	17.66	-1.48	12.80	9.84	12.32
571632	damage	bot-988	alpha	bot-985	bravo	cz_805_bren	bullet	24.00	76.00	-23.57	10.14	-24.74	24.55	14.45
571930	damage	bot-985	bravo	bot-995	alpha	cz_805_bren	bullet	24.00	32.00	-24.54	24.31	-20.66	20.23	5.63
571930	damage	bot-988	alpha	bot-985	bravo	cz_805_bren	bullet	24.00	52.00	-23.63	11.20	-24.34	24.06	12.88
572052	damage	bot-972	bravo	bot-995	alpha	cz_805_bren	bullet	24.00	8.00	-19.61	-16.57	-20.72	20.17	36.75
572052	kill	bot-985	bravo	bot-995	alpha	cz_805_bren	bullet	24.00	0.00	-24.34	24.06	-20.72	20.17	5.32
572052	damage	bot-988	alpha	bot-985	bravo	cz_805_bren	bullet	24.00	28.00	-23.67	11.57	-24.65	24.28	12.74
572455	damage	bot-996	bravo	bot-988	alpha	cz_805_bren	bullet	24.00	15.82	-21.80	23.54	-23.73	12.98	10.74
572603	damage	bot-997	alpha	bot-972	bravo	five_seven	bullet	20.00	46.03	-24.25	-25.25	-19.71	-16.30	10.03
572847	damage	bot-982	bravo	bot-997	alpha	five_seven	bullet	20.00	80.00	5.09	-20.80	-24.25	-25.25	29.68
572847	damage	bot-997	alpha	bot-972	bravo	five_seven	bullet	20.00	26.03	-24.25	-25.25	-19.53	-16.29	10.13
573114	damage	bot-982	bravo	bot-997	alpha	five_seven	bullet	20.00	60.00	5.09	-20.80	-24.26	-25.24	29.68
573114	damage	bot-997	alpha	bot-972	bravo	five_seven	bullet	20.00	6.03	-24.26	-25.24	-19.35	-16.28	10.22
574167	damage	bot-943	bravo	bot-971	alpha	five_seven	bullet	20.00	71.75	14.87	10.26	15.83	0.24	10.06
574167	kill	bot-987	bravo	bot-988	alpha	cz_805_bren	bullet	24.00	0.00	-17.97	22.76	-24.45	16.08	9.30
574325	damage	bot-943	bravo	bot-971	alpha	five_seven	bullet	20.00	51.75	14.87	10.26	15.78	0.35	9.95
574500	damage	bot-943	bravo	bot-971	alpha	five_seven	bullet	20.00	31.75	14.87	10.26	15.90	-0.01	10.31
574657	damage	bot-999	alpha	bot-974	bravo	five_seven	bullet	20.00	54.84	-23.76	-26.75	-26.07	-15.87	11.12
575583	damage	bot-943	bravo	bot-981	alpha	five_seven	bullet	20.00	80.00	14.87	10.13	15.43	-0.12	10.26
576072	damage	bot-997	alpha	bot-963	bravo	five_seven	bullet	20.00	52.61	-26.73	-20.34	-5.22	15.92	42.16
576237	damage	bot-974	bravo	bot-997	alpha	five_seven	bullet	20.00	40.00	-25.80	-13.35	-26.73	-20.34	7.05
576237	damage	bot-987	bravo	bot-999	alpha	cz_805_bren	bullet	24.00	76.00	-18.65	22.91	-23.76	-26.75	49.92
576386	damage	bot-987	bravo	bot-999	alpha	cz_805_bren	bullet	24.00	52.00	-18.65	22.91	-23.76	-26.75	49.92
576519	damage	bot-987	bravo	bot-999	alpha	cz_805_bren	bullet	24.00	28.00	-18.65	22.91	-23.84	-26.74	49.91
576652	damage	bot-966	alpha	bot-1002	bravo	five_seven	bullet	20.00	80.00	20.70	-3.43	0.44	4.61	21.80
576652	damage	bot-982	bravo	bot-999	alpha	five_seven	bullet	20.00	8.00	4.15	-20.97	-23.90	-26.72	28.64
576652	damage	bot-1001	alpha	bot-974	bravo	cz_805_bren	bullet	24.00	30.84	-21.49	-16.52	-26.24	-12.77	6.05
576768	damage	bot-963	bravo	bot-997	alpha	cz_805_bren	bullet	24.00	19.60	-5.15	16.24	-26.73	-20.34	42.47
576902	damage	bot-964	alpha	bot-1002	bravo	cz_805_bren	bullet	24.00	56.00	18.36	-1.69	0.44	4.61	19.00
576902	damage	bot-966	alpha	bot-1002	bravo	five_seven	bullet	20.00	36.00	20.71	-3.41	0.44	4.61	21.80
576902	damage	bot-972	bravo	bot-1001	alpha	cz_805_bren	bullet	24.00	76.00	-14.94	-16.69	-21.04	-16.96	6.10
576902	kill	bot-982	bravo	bot-999	alpha	five_seven	bullet	20.00	0.00	4.15	-20.97	-24.06	-26.69	28.79
576902	kill	bot-996	bravo	bot-997	alpha	cz_805_bren	bullet	24.00	0.00	-23.42	23.73	-26.73	-20.34	44.20
577035	damage	bot-964	alpha	bot-1002	bravo	cz_805_bren	bullet	24.00	12.00	18.35	-1.62	0.26	4.89	19.23
577200	damage	bot-972	bravo	bot-1001	alpha	cz_805_bren	bullet	24.00	52.00	-14.88	-16.84	-20.59	-17.40	5.74
578625	damage	bot-1003	alpha	bot-1004	bravo	cz_805_bren	bullet	24.00	76.00	-6.25	-17.75	-0.83	-0.83	17.77
578781	damage	bot-982	bravo	bot-1003	alpha	five_seven	bullet	20.00	80.00	3.71	-20.76	-6.25	-17.75	10.41
578781	damage	bot-1003	alpha	bot-1004	bravo	cz_805_bren	bullet	24.00	52.00	-6.25	-17.75	-1.04	-1.03	17.51
578937	damage	bot-982	bravo	bot-1003	alpha	five_seven	bullet	20.00	60.00	3.71	-20.76	-6.25	-17.75	10.41
579132	damage	bot-982	bravo	bot-1003	alpha	five_seven	bullet	20.00	40.00	3.71	-20.77	-6.56	-17.60	10.74
579132	damage	bot-996	bravo	bot-1001	alpha	cz_805_bren	bullet	24.00	28.00	-23.44	23.00	-23.61	-20.27	43.28
579132	damage	bot-1001	alpha	bot-974	bravo	cz_805_bren	bullet	24.00	6.84	-23.61	-20.27	-26.62	-9.46	11.22
579298	damage	bot-982	bravo	bot-1003	alpha	five_seven	bullet	20.00	20.00	3.71	-20.77	-6.87	-17.44	11.09
579298	damage	bot-996	bravo	bot-1001	alpha	cz_805_bren	bullet	24.00	4.00	-23.44	23.00	-23.83	-20.48	43.48
579298	kill	bot-1001	alpha	bot-974	bravo	cz_805_bren	bullet	24.00	0.00	-23.83	-20.48	-26.66	-9.11	11.72
579431	damage	bot-1003	alpha	bot-1004	bravo	cz_805_bren	bullet	24.00	28.00	-7.18	-17.28	-1.85	-1.85	16.33
579536	kill	bot-982	bravo	bot-1003	alpha	five_seven	bullet	20.00	0.00	3.71	-20.77	-7.50	-17.12	11.79
579969	kill	bot-964	alpha	bot-1002	bravo	cz_805_bren	bullet	24.00	0.00	19.17	-2.73	-3.42	8.81	25.36
580566	damage	bot-1005	alpha	bot-1006	bravo	five_seven	bullet	20.00	80.00	-14.25	-17.14	-13.02	-13.62	3.72
580729	damage	bot-1005	alpha	bot-1006	bravo	five_seven	bullet	20.00	60.00	-14.25	-17.15	-13.03	-13.64	3.72
580850	damage	bot-972	bravo	bot-1005	alpha	cz_805_bren	bullet	24.00	76.00	-7.60	-14.09	-14.25	-17.17	7.33
580908	damage	bot-1005	alpha	bot-1006	bravo	five_seven	bullet	20.00	40.00	-14.25	-17.18	-13.20	-13.48	3.85
581441	damage	bot-947	bravo	bot-654	alpha	cz_805_bren	bullet	24.00	30.25	10.90	23.38	14.46	7.13	16.64
581608	damage	bot-964	alpha	bot-1004	bravo	cz_805_bren	bullet	24.00	4.00	19.37	-1.87	-7.41	-8.28	27.54
581775	kill	bot-964	alpha	bot-1004	bravo	cz_805_bren	bullet	24.00	0.00	19.37	-1.87	-7.67	-8.97	27.96
583572	damage	bot-943	bravo	bot-981	alpha	five_seven	bullet	20.00	60.00	14.16	10.57	9.36	6.56	6.25
583621	damage	bot-1008	bravo	bot-971	alpha	m1911	bullet	33.00	39.58	13.99	-24.72	26.84	-17.48	14.75
583943	damage	bot-981	alpha	bot-982	bravo	m1911	bullet	33.00	67.00	7.29	6.23	-4.00	-19.50	28.10
584021	damage	bot-1008	bravo	bot-971	alpha	m1911	bullet	33.00	11.97	13.99	-24.72	26.84	-17.48	14.75
584270	damage	bot-943	bravo	bot-981	alpha	five_seven	bullet	20.00	40.00	14.44	10.66	5.90	6.01	9.73
584420	damage	bot-943	bravo	bot-981	alpha	five_seven	bullet	20.00	20.00	14.46	10.68	5.19	5.90	10.42
584420	damage	bot-982	bravo	bot-1009	alpha	five_seven	bullet	20.00	80.00	-4.77	-19.12	-21.74	-24.74	17.87
584420	damage	bot-989	bravo	bot-1005	alpha	five_seven	bullet	20.00	35.92	-20.04	15.80	-21.35	-21.31	37.13
584420	kill	bot-1008	bravo	bot-971	alpha	m1911	bullet	33.00	0.00	14.00	-24.71	26.84	-17.48	14.74
584592	kill	bot-943	bravo	bot-981	alpha	five_seven	bullet	20.00	0.00	14.47	10.69	4.49	5.79	11.12
584592	damage	bot-982	bravo	bot-1009	alpha	five_seven	bullet	20.00	60.00	-4.77	-19.12	-21.74	-24.74	17.87
584845	damage	bot-1008	bravo	bot-958	alpha	m1911	bullet	33.00	39.33	14.00	-24.70	25.77	-17.21	13.95
585004	damage	bot-958	alpha	bot-1008	bravo	m1911	bullet	33.00	67.00	25.83	-16.90	14.00	-24.70	14.17
585179	damage	bot-982	bravo	bot-1009	alpha	five_seven	bullet	20.00	40.00	-4.52	-18.99	-23.88	-24.44	20.12
585365	damage	bot-958	alpha	bot-1008	bravo	m1911	bullet	33.00	34.00	26.09	-15.57	14.00	-24.70	15.15
585758	damage	bot-958	alpha	bot-1008	bravo	m1911	bullet	33.00	1.00	26.44	-13.78	12.62	-23.53	16.91
586267	kill	bot-996	bravo	bot-1009	alpha	cz_805_bren	bullet	24.00	0.00	-23.91	16.46	-26.58	-23.39	39.94
586860	damage	bot-962	alpha	bot-943	bravo	cz_805_bren	bullet	24.00	48.76	16.75	-4.75	14.24	6.23	11.27
587038	damage	bot-962	alpha	bot-943	bravo	cz_805_bren	bullet	24.00	24.76	16.75	-4.75	14.54	6.86	11.82
587803	damage	bot-989	bravo	bot-970	alpha	five_seven	bullet	20.00	69.18	-20.15	13.38	15.25	-5.75	40.23
587803	damage	bot-1011	alpha	bot-943	bravo	cz_805_bren	bullet	24.00	0.76	-21.71	-4.07	15.21	7.70	38.75
587958	kill	bot-1011	alpha	bot-943	bravo	cz_805_bren	bullet	24.00	0.00	-21.71	-4.07	15.21	7.70	38.75
588109	damage	bot-989	bravo	bot-970	alpha	five_seven	bullet	20.00	49.18	-20.15	13.38	15.13	-5.82	40.16
588303	damage	bot-989	bravo	bot-970	alpha	five_seven	bullet	20.00	29.18	-20.15	13.38	15.31	-5.85	40.33
588465	damage	bot-989	bravo	bot-970	alpha	five_seven	bullet	20.00	9.18	-20.15	13.38	15.42	-5.87	40.44
588625	kill	bot-989	bravo	bot-970	alpha	five_seven	bullet	20.00	0.00	-20.15	13.38	15.62	-5.93	40.64
589132	damage	bot-966	alpha	bot-989	bravo	five_seven	bullet	20.00	52.70	19.13	-7.45	-20.15	13.38	44.45
589452	damage	bot-966	alpha	bot-989	bravo	five_seven	bullet	20.00	32.70	19.12	-7.45	-20.53	13.47	44.83
591081	damage	bot-996	bravo	bot-1007	alpha	cz_805_bren	bullet	24.00	59.12	-25.07	12.13	-19.75	-19.75	32.32
591081	damage	bot-1011	alpha	bot-963	bravo	cz_805_bren	bullet	24.00	54.95	-22.44	-3.85	-0.96	13.00	27.29
591241	damage	bot-996	bravo	bot-1007	alpha	cz_805_bren	bullet	24.00	35.12	-25.07	12.13	-19.76	-19.90	32.47
591241	damage	bot-1011	alpha	bot-963	bravo	cz_805_bren	bullet	24.00	30.95	-22.44	-3.85	-0.45	13.27	27.86
591379	damage	bot-996	bravo	bot-1007	alpha	cz_805_bren	bullet	24.00	11.12	-25.07	12.13	-19.76	-20.06	32.63
591379	damage	bot-1011	alpha	bot-963	bravo	cz_805_bren	bullet	24.00	6.95	-22.44	-3.85	-0.24	13.66	28.28
591529	kill	bot-1011	alpha	bot-963	bravo	cz_805_bren	bullet	24.00	0.00	-22.44	-3.85	0.35	13.71	28.77
591659	kill	bot-996	bravo	bot-1007	alpha	cz_805_bren	bullet	24.00	0.00	-25.07	12.13	-19.76	-20.40	32.96
592779	damage	bot-987	bravo	bot-962	alpha	cz_805_bren	bullet	24.00	75.03	-19.24	12.58	14.45	-5.65	38.31
592939	damage	bot-987	bravo	bot-962	alpha	cz_805_bren	bullet	24.00	51.03	-19.24	12.58	14.45	-5.65	38.31
593188	damage	bot-1011	alpha	bot-1012	bravo	cz_805_bren	bullet	24.00	76.00	-21.98	-2.83	-19.43	14.95	17.96
593326	damage	bot-1012	bravo	bot-1011	alpha	cz_805_bren	bullet	24.00	76.00	-19.43	14.95	-21.98	-2.83	17.96
593442	damage	bot-1011	alpha	bot-1012	bravo	cz_805_bren	bullet	24.00	52.00	-21.98	-2.83	-19.43	14.95	17.96
593841	damage	bot-982	bravo	bot-1015	alpha	five_seven	bullet	20.00	80.00	6.34	-20.44	5.36	-4.24	16.23
594066	damage	bot-982	bravo	bot-1015	alpha	five_seven	bullet	20.00	60.00	6.34	-20.40	5.45	-5.03	15.39
594232	damage	bot-947	bravo	bot-1017	alpha	cz_805_bren	bullet	24.00	69.67	19.90	20.57	12.18	10.98	12.31
594232	damage	bot-982	bravo	bot-1015	alpha	five_seven	bullet	20.00	40.00	6.33	-20.38	5.49	-5.57	14.84
594415	damage	bot-947	bravo	bot-1017	alpha	cz_805_bren	bullet	24.00	45.67	19.90	20.57	12.50	11.28	11.88
594415	damage	bot-982	bravo	bot-1015	alpha	five_seven	bullet	20.00	20.00	6.33	-20.37	5.53	-6.08	14.30
594594	damage	bot-947	bravo	bot-1017	alpha	cz_805_bren	bullet	24.00	21.67	19.90	20.57	12.75	11.67	11.42
594594	kill	bot-982	bravo	bot-1015	alpha	five_seven	bullet	20.00	0.00	6.33	-20.35	5.57	-6.64	13.73
594788	kill	bot-947	bravo	bot-1017	alpha	cz_805_bren	bullet	24.00	0.00	19.90	20.57	13.04	11.99	10.99
596563	damage	bot-966	alpha	bot-987	bravo	five_seven	bullet	20.00	80.00	15.74	-5.64	-19.48	12.59	39.67
596715	damage	bot-966	alpha	bot-987	bravo	five_seven	bullet	20.00	60.00	15.75	-5.65	-19.57	12.60	39.75
596920	damage	bot-955	bravo	bot-1021	alpha	cz_805_bren	bullet	24.00	76.00	-4.45	17.54	-3.25	-15.24	32.80
597042	damage	bot-955	bravo	bot-1021	alpha	cz_805_bren	bullet	24.00	52.00	-4.45	17.54	-3.25	-15.24	32.80
597042	damage	bot-966	alpha	bot-987	bravo	five_seven	bullet	20.00	40.00	15.77	-5.66	-19.95	12.94	40.27
597042	kill	bot-1008	bravo	bot-1021	alpha	m24	bullet	95.00	0.00	7.10	-20.96	-3.25	-15.24	11.83
597227	damage	bot-966	alpha	bot-987	bravo	five_seven	bullet	20.00	20.00	15.78	-5.66	-20.00	13.02	40.37
597403	kill	bot-966	alpha	bot-987	bravo	five_seven	bullet	20.00	0.00	15.79	-5.66	-20.04	13.11	40.45
599459	damage	bot-958	alpha	bot-1008	bravo	m1911	bullet	33.00	39.87	17.75	-19.44	9.33	-25.70	10.49
601092	damage	bot-955	bravo	bot-1024	alpha	cz_805_bren	bullet	24.00	76.00	-3.95	15.07	3.25	-4.75	21.08
601238	damage	bot-955	bravo	bot-1024	alpha	cz_805_bren	bullet	24.00	52.00	-3.95	15.07	3.40	-4.99	21.36
601731	damage	bot-958	alpha	bot-1010	bravo	m1911	bullet	33.00	53.28	17.68	-20.14	-9.37	-21.08	27.06
602115	damage	bot-958	alpha	bot-1010	bravo	m1911	bullet	33.00	20.28	17.68	-20.16	-9.05	-20.65	26.73
602537	damage	bot-1013	alpha	bot-1000	bravo	five_seven	bullet	20.00	49.26	14.83	-5.71	-25.86	7.26	42.71
602704	damage	bot-1013	alpha	bot-1000	bravo	five_seven	bullet	20.00	29.26	14.83	-5.71	-25.97	6.74	42.67
602966	damage	bot-982	bravo	bot-958	alpha	five_seven	bullet	20.00	52.55	6.77	-22.39	17.71	-19.74	11.26
603056	damage	bot-1013	alpha	bot-1000	bravo	five_seven	bullet	20.00	9.26	14.83	-5.71	-26.23	5.60	42.59
603135	damage	bot-982	bravo	bot-958	alpha	five_seven	bullet	20.00	32.55	6.77	-22.39	17.83	-19.62	11.40
604985	damage	bot-1020	bravo	bot-1011	alpha	cz_805_bren	bullet	24.00	52.00	-24.88	25.32	-22.67	-2.54	27.95
605248	damage	bot-1027	alpha	bot-937	bravo	five_seven	bullet	20.00	40.20	6.26	5.24	17.43	17.19	16.36
605620	damage	bot-1027	alpha	bot-937	bravo	five_seven	bullet	20.00	20.20	6.26	5.24	17.24	17.48	16.44
605830	damage	bot-1027	alpha	bot-937	bravo	five_seven	bullet	20.00	0.20	6.26	5.24	17.09	17.73	16.53
605972	kill	bot-1027	alpha	bot-937	bravo	five_seven	bullet	20.00	0.00	6.26	5.24	16.99	17.87	16.58
606061	kill	bot-964	alpha	bot-1010	bravo	cz_805_bren	bullet	24.00	0.00	15.99	-0.36	-13.75	-18.22	34.69
607270	damage	bot-966	alpha	bot-928	bravo	five_seven	bullet	20.00	52.86	7.37	-5.66	12.20	17.12	23.29
607438	damage	bot-966	alpha	bot-928	bravo	five_seven	bullet	20.00	32.86	7.37	-5.66	12.65	17.62	23.87
607623	damage	bot-966	alpha	bot-928	bravo	five_seven	bullet	20.00	12.86	7.38	-5.66	13.12	18.10	24.45
607812	kill	bot-966	alpha	bot-928	bravo	five_seven	bullet	20.00	0.00	7.38	-5.67	13.54	18.57	25.01
608021	damage	bot-1030	bravo	bot-1019	alpha	cz_805_bren	bullet	24.00	76.00	26.75	9.93	26.76	3.96	5.96
608277	damage	bot-1030	bravo	bot-1019	alpha	cz_805_bren	bullet	24.00	52.00	26.75	9.93	26.75	3.25	6.68
608668	damage	bot-1025	alpha	bot-982	bravo	cz_805_bren	bullet	24.00	48.53	15.54	-22.48	9.61	-24.83	6.38
608812	damage	bot-982	bravo	bot-1025	alpha	five_seven	bullet	20.00	80.00	9.33	-25.05	15.13	-22.95	6.17
609321	damage	bot-1027	alpha	bot-1008	bravo	five_seven	bullet	20.00	48.00	4.05	2.82	5.34	-22.03	24.88
609516	damage	bot-1027	alpha	bot-1008	bravo	five_seven	bullet	20.00	28.00	4.05	2.82	5.74	-22.61	25.49
609897	damage	bot-1027	alpha	bot-1008	bravo	five_seven	bullet	20.00	8.00	4.05	2.77	6.49	-23.67	26.56
610661	damage	bot-1027	alpha	bot-1031	bravo	five_seven	bullet	20.00	80.00	4.05	2.77	3.14	-23.34	26.13
611219	damage	bot-1025	alpha	bot-1033	bravo	cz_805_bren	bullet	24.00	76.00	14.34	-26.48	10.75	-24.75	3.98
611377	damage	bot-958	alpha	bot-982	bravo	m1911	bullet	33.00	30.83	21.61	-16.03	7.82	-26.46	17.28
611377	damage	bot-1025	alpha	bot-1033	bravo	cz_805_bren	bullet	24.00	52.00	14.59	-26.65	10.75	-24.75	4.29
611377	damage	bot-1033	bravo	bot-958	alpha	five_seven	bullet	20.00	52.04	10.75	-24.75	21.61	-16.03	13.92
611538	damage	bot-1025	alpha	bot-1033	bravo	cz_805_bren	bullet	24.00	28.00	13.94	-26.67	10.04	-24.66	4.38
612298	damage	bot-1020	bravo	bot-1029	alpha	cz_805_bren	bullet	24.00	76.00	-24.93	25.63	-22.77	-10.07	35.77
612451	damage	bot-1020	bravo	bot-1029	alpha	cz_805_bren	bullet	24.00	52.00	-24.91	25.64	-22.77	-10.07	35.78
612637	damage	bot-1020	bravo	bot-1029	alpha	cz_805_bren	bullet	24.00	28.00	-24.89	25.65	-22.73	-10.16	35.88
612732	damage	bot-955	bravo	bot-1029	alpha	cz_805_bren	bullet	24.00	4.00	-18.56	22.91	-22.70	-10.21	33.37
612913	kill	bot-955	bravo	bot-1029	alpha	cz_805_bren	bullet	24.00	0.00	-18.56	22.91	-22.67	-10.29	33.45
612913	damage	bot-1030	bravo	bot-958	alpha	cz_805_bren	bullet	24.00	28.94	26.75	6.76	22.66	-11.64	18.85
613413	damage	bot-1025	alpha	bot-1031	bravo	cz_805_bren	bullet	24.00	56.00	12.42	-25.74	7.80	-23.60	5.09
613583	damage	bot-1025	alpha	bot-1031	bravo	cz_805_bren	bullet	24.00	32.00	12.52	-25.83	7.08	-23.56	5.89
614070	damage	bot-1025	alpha	bot-1035	bravo	cz_805_bren	bullet	24.00	76.00	12.82	-26.14	6.60	-21.13	7.99
614377	damage	bot-1025	alpha	bot-1035	bravo	cz_805_bren	bullet	24.00	52.00	13.09	-26.51	6.64	-21.12	8.40
614761	damage	bot-982	bravo	bot-966	alpha	five_seven	bullet	20.00	40.22	-2.33	-19.66	5.68	-6.53	15.38
615196	damage	bot-1020	bravo	bot-1032	alpha	cz_805_bren	bullet	24.00	76.00	-24.44	24.86	-16.09	-0.44	26.64
616144	damage	bot-1030	bravo	bot-958	alpha	cz_805_bren	bullet	24.00	12.14	26.75	5.50	18.64	-17.58	24.46
616329	kill	bot-1030	bravo	bot-958	alpha	cz_805_bren	bullet	24.00	0.00	26.75	5.50	18.41	-18.10	25.03
617375	damage	bot-1038	bravo	bot-1032	alpha	cz_805_bren	bullet	24.00	2.75	6.16	-25.82	-12.19	-3.93	28.57
617571	kill	bot-1038	bravo	bot-1032	alpha	cz_805_bren	bullet	24.00	0.00	6.16	-25.82	-11.95	-4.16	28.24
618214	damage	bot-1033	bravo	bot-1025	alpha	five_seven	bullet	20.00	59.76	7.70	-25.02	12.80	-25.06	5.09
618986	damage	bot-927	bravo	bot-1037	alpha	cz_805_bren	bullet	24.00	76.00	-8.96	26.85	25.32	14.48	36.45
619166	damage	bot-1012	bravo	bot-1039	alpha	cz_805_bren	bullet	24.00	76.00	-26.22	26.33	20.25	15.25	47.77
619346	damage	bot-927	bravo	bot-1037	alpha	cz_805_bren	bullet	24.00	52.00	-8.95	26.81	25.32	14.48	36.42
619346	kill	bot-1008	bravo	bot-1025	alpha	m24	bullet	95.00	0.00	9.07	-26.55	15.10	-26.65	6.03
619633	kill	bot-1041	alpha	bot-985	bravo	cz_805_bren	bullet	24.00	0.00	-15.25	-8.25	-25.09	23.87	33.59
619741	damage	bot-927	bravo	bot-1037	alpha	cz_805_bren	bullet	24.00	28.00	-8.95	26.81	25.66	14.40	36.77
620067	damage	bot-927	bravo	bot-1037	alpha	cz_805_bren	bullet	24.00	4.00	-8.95	26.81	25.91	14.35	37.02
620185	damage	bot-1041	alpha	bot-991	bravo	cz_805_bren	bullet	24.00	18.32	-15.25	-8.25	-25.21	26.65	36.29
621631	damage	bot-927	bravo	bot-1027	alpha	cz_805_bren	bullet	24.00	10.39	-8.84	26.55	15.53	14.21	27.31
621780	kill	bot-927	bravo	bot-1027	alpha	cz_805_bren	bullet	24.00	0.00	-8.84	26.55	15.53	14.21	27.31
621780	damage	bot-1043	alpha	bot-996	bravo	five_seven	bullet	20.00	21.11	-20.25	-17.25	-27.11	26.55	44.33
621923	damage	bot-1043	alpha	bot-996	bravo	five_seven	bullet	20.00	1.11	-20.25	-17.25	-27.11	26.56	44.35
622053	damage	bot-1044	bravo	bot-900	alpha	cz_805_bren	bullet	24.00	48.87	24.17	10.05	21.42	10.85	2.86
622178	kill	bot-1043	alpha	bot-996	bravo	five_seven	bullet	20.00	0.00	-20.25	-17.25	-27.11	26.58	44.37
622178	damage	bot-1044	bravo	bot-900	alpha	cz_805_bren	bullet	24.00	24.87	24.21	10.37	21.28	11.18	3.04
622413	damage	bot-1044	bravo	bot-900	alpha	cz_805_bren	bullet	24.00	0.87	24.24	10.69	20.56	11.19	3.72
622525	kill	bot-1030	bravo	bot-1037	alpha	cz_805_bren	bullet	24.00	0.00	26.75	6.30	26.75	9.75	3.45
622525	kill	bot-1043	alpha	bot-955	bravo	five_seven	bullet	20.00	0.00	-20.25	-17.25	-20.33	26.66	43.91
622656	kill	bot-1044	bravo	bot-900	alpha	cz_805_bren	bullet	24.00	0.00	24.25	11.01	19.86	11.27	4.39
624112	damage	bot-1042	bravo	bot-968	alpha	m1911	bullet	33.00	63.85	21.26	6.75	14.11	6.83	7.15
624492	damage	bot-1044	bravo	bot-902	alpha	cz_805_bren	bullet	24.00	33.26	23.75	10.11	20.14	11.17	3.76
624832	damage	bot-1006	bravo	bot-1045	alpha	five_seven	bullet	20.00	80.00	-16.75	-12.25	-15.75	-10.75	1.80
624832	damage	bot-1044	bravo	bot-902	alpha	cz_805_bren	bullet	24.00	9.26	23.75	10.43	20.00	11.19	3.83
625642	damage	bot-1046	bravo	bot-1022	alpha	cz_805_bren	bullet	24.00	76.00	26.74	-2.89	26.00	2.55	5.49
625869	damage	bot-1046	bravo	bot-1022	alpha	cz_805_bren	bullet	24.00	52.00	26.74	-3.22	26.00	2.55	5.82
626433	damage	bot-1046	bravo	bot-1022	alpha	cz_805_bren	bullet	24.00	28.00	26.75	-3.55	26.69	3.09	6.64
626595	damage	bot-1046	bravo	bot-1022	alpha	cz_805_bren	bullet	24.00	4.00	26.75	-3.55	26.69	3.45	7.00
626814	damage	bot-1006	bravo	bot-1045	alpha	five_seven	bullet	20.00	60.00	-16.26	-13.20	-15.75	-10.75	2.50
626814	kill	bot-1046	bravo	bot-1022	alpha	cz_805_bren	bullet	24.00	0.00	26.75	-3.55	26.70	3.81	7.36
626997	damage	bot-1034	alpha	bot-1046	bravo	cz_805_bren	bullet	24.00	76.00	-22.30	-2.11	26.75	-3.55	49.07
627148	damage	bot-902	alpha	bot-1044	bravo	five_seven	bullet	20.00	80.00	19.80	11.22	24.14	9.75	4.58
627148	damage	bot-1034	alpha	bot-1046	bravo	cz_805_bren	bullet	24.00	52.00	-22.30	-2.11	26.75	-3.55	49.07
627148	kill	bot-1044	bravo	bot-902	alpha	cz_805_bren	bullet	24.00	0.00	24.14	9.75	19.44	11.23	4.93
627558	damage	bot-983	alpha	bot-1046	bravo	five_seven	bullet	20.00	32.00	11.63	2.50	26.75	-4.63	16.72
627854	damage	bot-1046	bravo	bot-983	alpha	cz_805_bren	bullet	24.00	48.39	26.75	-4.63	11.63	2.50	16.72
628148	damage	bot-1040	bravo	bot-1049	alpha	five_seven	bullet	20.00	80.00	17.25	5.55	8.48	19.54	16.51
628306	damage	bot-1034	alpha	bot-1048	bravo	cz_805_bren	bullet	24.00	76.00	-21.95	-2.27	23.50	-1.25	45.46
628306	damage	bot-1040	bravo	bot-1049	alpha	five_seven	bullet	20.00	60.00	17.25	5.55	8.68	19.34	16.24
628639	damage	bot-983	alpha	bot-1046	bravo	five_seven	bullet	20.00	13.80	10.46	3.40	26.75	-4.63	18.16
628639	damage	bot-1034	alpha	bot-1048	bravo	cz_805_bren	bullet	24.00	52.00	-21.91	-2.30	23.95	-1.74	45.86
628639	damage	bot-1040	bravo	bot-1049	alpha	five_seven	bullet	20.00	40.00	17.25	5.55	9.08	18.93	15.68
628806	damage	bot-1040	bravo	bot-1049	alpha	five_seven	bullet	20.00	20.00	17.25	5.55	9.28	18.74	15.41
629250	kill	bot-1040	bravo	bot-1049	alpha	five_seven	bullet	20.00	0.00	17.25	5.55	9.89	18.16	14.60
629702	damage	bot-1036	alpha	bot-917	bravo	five_seven	bullet	20.00	41.68	-19.88	-10.17	-1.27	18.03	33.79
629857	damage	bot-1036	alpha	bot-917	bravo	five_seven	bullet	20.00	21.68	-19.87	-10.16	-1.27	18.03	33.78
630038	damage	bot-1036	alpha	bot-917	bravo	five_seven	bullet	20.00	1.68	-19.85	-10.16	-1.27	18.03	33.76
630204	kill	bot-1036	alpha	bot-917	bravo	five_seven	bullet	20.00	0.00	-19.84	-10.16	-1.27	18.03	33.75
630801	damage	bot-1036	alpha	bot-1016	bravo	five_seven	bullet	20.00	28.97	-19.82	-10.02	-6.67	13.07	26.58
630967	damage	bot-1036	alpha	bot-1016	bravo	five_seven	bullet	20.00	8.97	-19.81	-10.02	-6.74	12.31	25.87
631127	kill	bot-1036	alpha	bot-1016	bravo	five_seven	bullet	20.00	0.00	-19.81	-10.02	-7.36	11.97	25.28
633411	damage	bot-1053	bravo	bot-964	alpha	cz_805_bren	bullet	24.00	56.00	26.78	3.48	12.55	-3.49	15.85
633756	damage	bot-1020	bravo	bot-1054	alpha	cz_805_bren	bullet	24.00	76.00	-26.49	26.27	10.52	18.23	37.87
633923	damage	bot-1020	bravo	bot-1054	alpha	cz_805_bren	bullet	24.00	52.00	-26.49	26.26	10.53	18.25	37.88
634065	damage	bot-1020	bravo	bot-1054	alpha	cz_805_bren	bullet	24.00	28.00	-26.48	26.26	10.53	18.25	37.88
634196	damage	bot-1020	bravo	bot-1054	alpha	cz_805_bren	bullet	24.00	4.00	-26.48	26.26	10.53	18.25	37.88
634350	kill	bot-1020	bravo	bot-1054	alpha	cz_805_bren	bullet	24.00	0.00	-26.48	26.26	10.94	17.86	38.36
634560	damage	bot-1008	bravo	bot-1047	alpha	m24	bullet	95.00	5.00	12.40	-24.39	-19.76	-0.24	40.21
634693	damage	bot-1011	alpha	bot-1042	bravo	cz_805_bren	bullet	24.00	76.00	-17.34	-7.40	16.79	8.42	37.61
634693	damage	bot-1043	alpha	bot-1042	bravo	five_seven	bullet	20.00	56.00	-19.05	-8.45	16.80	8.42	39.62
634770	damage	bot-1041	alpha	bot-1042	bravo	cz_805_bren	bullet	24.00	32.00	-13.22	4.11	16.80	8.42	30.32
634849	damage	bot-1011	alpha	bot-1042	bravo	cz_805_bren	bullet	24.00	8.00	-17.34	-7.40	16.40	8.29	37.21
635029	kill	bot-964	alpha	bot-1042	bravo	cz_805_bren	bullet	24.00	0.00	8.36	1.11	15.94	8.14	10.34
635374	kill	bot-1053	bravo	bot-1047	alpha	cz_805_bren	bullet	24.00	0.00	26.68	2.98	-19.90	0.41	46.65
635468	damage	bot-1045	alpha	bot-1006	bravo	five_seven	bullet	20.00	52.17	-11.34	-11.88	-14.23	-13.73	3.43
635646	damage	bot-1006	bravo	bot-1045	alpha	five_seven	bullet	20.00	52.60	-14.56	-13.60	-11.28	-11.27	4.03
635646	damage	bot-1045	alpha	bot-1006	bravo	five_seven	bullet	20.00	32.17	-11.28	-11.27	-14.89	-13.47	4.24
637122	damage	bot-1011	alpha	bot-994	bravo	cz_805_bren	bullet	24.00	30.90	-16.82	-7.42	-22.63	18.52	26.59
637122	damage	bot-1041	alpha	bot-994	bravo	cz_805_bren	bullet	24.00	6.90	-14.44	4.05	-22.63	18.52	16.63
637202	damage	bot-1053	bravo	bot-993	alpha	cz_805_bren	bullet	24.00	76.00	26.43	2.67	16.52	-5.43	12.80
637266	kill	bot-1011	alpha	bot-994	bravo	cz_805_bren	bullet	24.00	0.00	-16.82	-7.39	-23.06	18.13	26.28
637349	damage	bot-1038	bravo	bot-1045	alpha	cz_805_bren	bullet	24.00	28.60	18.72	-26.33	-13.17	-15.03	33.84
637349	damage	bot-1053	bravo	bot-993	alpha	cz_805_bren	bullet	24.00	52.00	26.43	2.67	16.52	-5.43	12.80
637441	damage	bot-1041	alpha	bot-927	bravo	cz_805_bren	bullet	24.00	15.47	-14.44	4.04	-22.48	19.54	17.46
637530	damage	bot-964	alpha	bot-1052	bravo	cz_805_bren	bullet	24.00	46.46	8.32	1.11	-7.28	-25.91	31.20
637530	kill	bot-1011	alpha	bot-927	bravo	cz_805_bren	bullet	24.00	0.00	-16.82	-7.39	-22.69	19.33	27.36
637530	damage	bot-1038	bravo	bot-1045	alpha	cz_805_bren	bullet	24.00	4.60	18.72	-26.33	-13.17	-15.03	33.84
637530	damage	bot-1053	bravo	bot-993	alpha	cz_805_bren	bullet	24.00	28.00	26.43	2.67	16.50	-5.50	12.86
637684	damage	bot-964	alpha	bot-1052	bravo	cz_805_bren	bullet	24.00	22.46	8.32	1.11	-7.43	-25.81	31.20
637684	kill	bot-1038	bravo	bot-1045	alpha	cz_805_bren	bullet	24.00	0.00	18.72	-26.33	-13.17	-15.03	33.84
637684	damage	bot-1053	bravo	bot-993	alpha	cz_805_bren	bullet	24.00	4.00	26.43	2.67	16.34	-5.51	12.99
637826	kill	bot-964	alpha	bot-1052	bravo	cz_805_bren	bullet	24.00	0.00	8.32	1.11	-7.58	-25.74	31.20
637826	damage	bot-993	alpha	bot-1053	bravo	cz_805_bren	bullet	24.00	76.00	16.25	-5.52	26.43	2.67	13.06
637826	kill	bot-1053	bravo	bot-993	alpha	cz_805_bren	bullet	24.00	0.00	26.43	2.67	16.17	-5.52	13.13
638012	damage	bot-1020	bravo	bot-1056	alpha	cz_805_bren	bullet	24.00	76.00	-26.69	25.98	17.00	20.59	44.02
638175	damage	bot-1020	bravo	bot-1056	alpha	cz_805_bren	bullet	24.00	52.00	-26.69	25.98	17.00	20.59	44.02
638329	damage	bot-1020	bravo	bot-1056	alpha	cz_805_bren	bullet	24.00	28.00	-26.69	25.98	17.08	20.51	44.11
638493	damage	bot-1020	bravo	bot-1056	alpha	cz_805_bren	bullet	24.00	4.00	-26.69	25.98	17.16	20.42	44.21
638571	kill	bot-1038	bravo	bot-983	alpha	cz_805_bren	bullet	24.00	0.00	18.64	-26.27	16.12	2.08	28.47
638784	kill	bot-1020	bravo	bot-1056	alpha	cz_805_bren	bullet	24.00	0.00	-26.69	25.98	17.31	20.28	44.37
639057	damage	bot-964	alpha	bot-1035	bravo	cz_805_bren	bullet	24.00	41.96	8.27	1.45	-11.01	-22.34	30.62
639147	damage	bot-1043	alpha	bot-1050	bravo	five_seven	bullet	20.00	64.81	-16.92	-8.32	19.16	8.12	39.65
639147	damage	bot-1053	bravo	bot-1041	alpha	cz_805_bren	bullet	24.00	76.00	26.43	2.62	-20.94	1.38	47.38
639211	damage	bot-964	alpha	bot-1035	bravo	cz_805_bren	bullet	24.00	17.96	8.27	1.45	-11.01	-22.34	30.62
639310	damage	bot-1053	bravo	bot-1041	alpha	cz_805_bren	bullet	24.00	52.00	26.43	2.65	-21.59	1.35	48.03
639392	kill	bot-964	alpha	bot-1035	bravo	cz_805_bren	bullet	24.00	0.00	8.27	1.45	-10.86	-22.24	30.45
639485	damage	bot-1043	alpha	bot-1050	bravo	five_seven	bullet	20.00	44.81	-16.92	-8.32	19.10	8.14	39.60
639485	damage	bot-1053	bravo	bot-1041	alpha	cz_805_bren	bullet	24.00	28.00	26.43	2.65	-22.24	1.32	48.68
640416	damage	bot-964	alpha	bot-1061	bravo	cz_805_bren	bullet	24.00	76.00	8.39	1.30	21.79	-7.20	15.87
640505	damage	bot-968	alpha	bot-1061	bravo	m1911	bullet	33.00	43.00	11.19	4.63	21.79	-7.20	15.88
640586	damage	bot-964	alpha	bot-1061	bravo	cz_805_bren	bullet	24.00	19.00	8.43	1.17	22.05	-6.97	15.87
641617	damage	bot-1011	alpha	bot-1023	bravo	cz_805_bren	bullet	24.00	42.93	-15.90	-7.03	-24.82	24.12	32.41
641797	damage	bot-1011	alpha	bot-1023	bravo	cz_805_bren	bullet	24.00	18.93	-15.90	-7.03	-25.02	24.80	33.12
641878	damage	bot-1061	bravo	bot-1019	alpha	cz_805_bren	bullet	24.00	71.85	26.35	-4.97	12.15	-5.72	14.22
641943	kill	bot-1011	alpha	bot-1023	bravo	cz_805_bren	bullet	24.00	0.00	-15.90	-7.03	-25.29	25.46	33.82
642169	damage	bot-1061	bravo	bot-1019	alpha	cz_805_bren	bullet	24.00	47.85	26.45	-5.28	11.83	-5.64	14.63
642417	damage	bot-1058	alpha	bot-1059	bravo	cz_805_bren	bullet	24.00	76.00	-14.66	12.62	7.75	-21.74	41.02
642557	damage	bot-1058	alpha	bot-1059	bravo	cz_805_bren	bullet	24.00	52.00	-14.66	12.64	7.75	-21.74	41.04
642623	damage	bot-1053	bravo	bot-1019	alpha	cz_805_bren	bullet	24.00	23.85	26.43	2.65	9.95	-4.08	17.79
642865	kill	bot-1011	alpha	bot-1061	bravo	cz_805_bren	bullet	24.00	0.00	-15.90	-7.03	26.70	-5.61	42.63
642865	kill	bot-1053	bravo	bot-1019	alpha	cz_805_bren	bullet	24.00	0.00	26.43	2.65	8.59	-3.66	18.92
643103	damage	bot-1020	bravo	bot-1011	alpha	cz_805_bren	bullet	24.00	71.64	-25.16	23.73	-15.94	-6.81	31.90
643103	damage	bot-1058	alpha	bot-1063	bravo	cz_805_bren	bullet	24.00	76.00	-14.64	12.70	25.06	-6.29	44.01
643103	damage	bot-1063	bravo	bot-1013	alpha	five_seven	bullet	20.00	80.00	25.06	-6.29	12.21	-0.37	14.14
643192	damage	bot-1013	alpha	bot-1063	bravo	five_seven	bullet	20.00	56.00	12.21	-0.37	25.06	-6.29	14.14
643425	damage	bot-1063	bravo	bot-1013	alpha	five_seven	bullet	20.00	60.00	24.68	-7.12	12.21	-0.37	14.18
643500	damage	bot-1013	alpha	bot-1063	bravo	five_seven	bullet	20.00	36.00	12.21	-0.37	24.56	-7.39	14.20
643952	damage	bot-1053	bravo	bot-1043	alpha	cz_805_bren	bullet	24.00	76.00	26.44	2.07	-14.97	-8.27	42.68
644259	damage	bot-1038	bravo	bot-1036	alpha	cz_805_bren	bullet	24.00	60.01	11.76	-24.19	-26.21	4.56	47.63
644259	damage	bot-1043	alpha	bot-1020	bravo	five_seven	bullet	20.00	75.03	-14.96	-8.20	-25.43	24.13	33.99
644326	damage	bot-1030	bravo	bot-1043	alpha	cz_805_bren	bullet	24.00	52.00	25.96	2.42	-14.95	-8.20	42.27
644326	damage	bot-1053	bravo	bot-1043	alpha	cz_805_bren	bullet	24.00	28.00	26.44	2.07	-15.02	-8.16	42.71
644326	damage	bot-1063	bravo	bot-968	alpha	five_seven	bullet	20.00	54.16	25.11	-10.87	11.45	4.05	20.24
644387	damage	bot-1038	bravo	bot-1036	alpha	cz_805_bren	bullet	24.00	36.01	11.81	-24.40	-26.21	4.56	47.80
644473	damage	bot-1030	bravo	bot-1043	alpha	cz_805_bren	bullet	24.00	4.00	25.96	2.42	-15.09	-8.11	42.38
644473	damage	bot-1043	alpha	bot-1020	bravo	five_seven	bullet	20.00	55.03	-15.09	-8.11	-25.42	24.14	33.87
644591	kill	bot-1030	bravo	bot-1043	alpha	cz_805_bren	bullet	24.00	0.00	25.96	2.42	-15.22	-8.01	42.48
644821	damage	bot-1030	bravo	bot-1013	alpha	cz_805_bren	bullet	24.00	36.00	25.96	2.42	8.61	-2.66	18.07
644974	damage	bot-1030	bravo	bot-1013	alpha	cz_805_bren	bullet	24.00	13.80	25.96	2.42	8.63	-2.67	18.06
645139	kill	bot-1030	bravo	bot-1013	alpha	cz_805_bren	bullet	24.00	0.00	25.96	2.42	8.64	-2.67	18.05
645397	damage	bot-1063	bravo	bot-964	alpha	five_seven	bullet	20.00	52.20	26.58	-15.31	12.50	1.32	21.79
645560	damage	bot-1053	bravo	bot-1011	alpha	cz_805_bren	bullet	24.00	47.64	26.47	1.88	-15.87	-6.01	43.06
645560	damage	bot-1058	alpha	bot-1057	bravo	cz_805_bren	bullet	24.00	76.00	-14.60	11.99	7.84	-21.85	40.61
645722	damage	bot-1058	alpha	bot-1057	bravo	cz_805_bren	bullet	24.00	52.00	-14.60	11.99	7.84	-21.85	40.61
645884	damage	bot-1053	bravo	bot-1011	alpha	cz_805_bren	bullet	24.00	23.64	26.47	1.88	-16.25	-5.98	43.43
645975	damage	bot-1034	alpha	bot-1067	bravo	cz_805_bren	bullet	24.00	76.00	-9.65	-2.32	-2.25	-9.75	10.49
645975	damage	bot-1038	bravo	bot-1062	alpha	cz_805_bren	bullet	24.00	76.00	11.08	-23.93	-19.75	-20.75	31.00
646150	damage	bot-1034	alpha	bot-1067	bravo	cz_805_bren	bullet	24.00	52.00	-9.65	-2.32	-2.25	-9.75	10.49
646150	damage	bot-1038	bravo	bot-1062	alpha	cz_805_bren	bullet	24.00	52.00	11.08	-23.93	-19.75	-20.75	31.00
646304	damage	bot-1034	alpha	bot-1067	bravo	cz_805_bren	bullet	24.00	28.00	-9.65	-2.32	-1.75	-10.25	11.20
646304	damage	bot-1038	bravo	bot-1062	alpha	cz_805_bren	bullet	24.00	28.00	11.08	-23.93	-19.87	-20.63	31.12
646304	damage	bot-1058	alpha	bot-1067	bravo	cz_805_bren	bullet	24.00	4.00	-14.60	11.99	-1.75	-10.25	25.69
646382	kill	bot-1060	alpha	bot-1067	bravo	five_seven	bullet	20.00	0.00	-5.45	3.65	-1.50	-10.50	14.69
646447	damage	bot-1038	bravo	bot-1062	alpha	cz_805_bren	bullet	24.00	4.00	11.08	-23.93	-19.98	-20.52	31.25
646743	damage	bot-964	alpha	bot-1053	bravo	cz_805_bren	bullet	24.00	52.00	7.97	3.64	26.24	1.72	18.37
646900	damage	bot-964	alpha	bot-1053	bravo	cz_805_bren	bullet	24.00	28.00	7.97	3.63	26.38	1.75	18.50
647062	damage	bot-964	alpha	bot-1053	bravo	cz_805_bren	bullet	24.00	4.00	7.98	3.62	26.50	1.83	18.61
648064	kill	bot-1066	alpha	bot-1053	bravo	cz_805_bren	bullet	24.00	0.00	-19.93	-9.18	26.66	1.92	47.89
648146	damage	bot-1060	alpha	bot-1030	bravo	five_seven	bullet	20.00	80.00	-2.16	3.72	25.31	2.42	27.51
648364	damage	bot-1069	bravo	bot-1058	alpha	cz_805_bren	bullet	24.00	63.13	-15.55	5.96	-15.20	12.54	6.58
648435	damage	bot-1068	alpha	bot-1069	bravo	five_seven	bullet	20.00	80.00	-12.14	-3.48	-15.55	5.96	10.04
648514	damage	bot-1069	bravo	bot-1058	alpha	cz_805_bren	bullet	24.00	39.13	-15.55	5.96	-15.21	13.20	7.24
648514	kill	bot-1070	alpha	bot-1063	bravo	m24	bullet	95.00	0.00	-18.17	-21.76	24.75	-20.23	42.95
648595	damage	bot-1068	alpha	bot-1069	bravo	five_seven	bullet	20.00	60.00	-12.14	-3.47	-15.55	5.96	10.04
648750	damage	bot-1038	bravo	bot-1070	alpha	cz_805_bren	bullet	24.00	76.00	10.92	-23.78	-18.17	-21.76	29.16
648750	damage	bot-1068	alpha	bot-1069	bravo	five_seven	bullet	20.00	40.00	-12.14	-3.47	-16.05	6.43	10.65
648895	damage	bot-1038	bravo	bot-1070	alpha	cz_805_bren	bullet	24.00	52.00	10.92	-23.78	-18.17	-21.76	29.16
648895	damage	bot-1068	alpha	bot-1069	bravo	five_seven	bullet	20.00	20.00	-12.14	-3.47	-16.56	6.92	11.30
649018	damage	bot-1038	bravo	bot-1070	alpha	cz_805_bren	bullet	24.00	28.00	10.92	-23.78	-18.29	-21.65	29.29
649077	kill	bot-1068	alpha	bot-1069	bravo	five_seven	bullet	20.00	0.00	-12.14	-3.47	-17.34	7.62	12.26
649134	damage	bot-1038	bravo	bot-1070	alpha	cz_805_bren	bullet	24.00	4.00	10.92	-23.78	-18.41	-21.55	29.42
649134	damage	bot-1060	alpha	bot-1030	bravo	five_seven	bullet	20.00	60.00	-1.87	3.59	25.08	2.34	26.98
649250	kill	bot-1038	bravo	bot-1070	alpha	cz_805_bren	bullet	24.00	0.00	10.92	-23.78	-18.53	-21.44	29.55
649301	damage	bot-1060	alpha	bot-1030	bravo	five_seven	bullet	20.00	40.00	-1.89	3.60	25.21	2.12	27.14
650153	damage	bot-1060	alpha	bot-1071	bravo	five_seven	bullet	20.00	80.00	-2.36	3.80	10.58	-5.99	16.23
650957	damage	bot-1040	bravo	bot-968	alpha	five_seven	bullet	20.00	52.88	17.84	10.23	14.14	4.95	6.45
651182	damage	bot-1040	bravo	bot-968	alpha	five_seven	bullet	20.00	32.88	17.84	10.23	13.95	4.80	6.68
651428	damage	bot-1068	alpha	bot-1059	bravo	five_seven	bullet	20.00	52.70	-11.61	-3.48	12.20	-25.86	32.67
651984	damage	bot-1034	alpha	bot-1038	bravo	cz_805_bren	bullet	24.00	48.21	-6.00	-4.76	8.52	-24.76	24.71
651984	damage	bot-1068	alpha	bot-1038	bravo	five_seven	bullet	20.00	28.21	-11.63	-3.45	8.30	-24.61	29.07
652139	damage	bot-1034	alpha	bot-1038	bravo	cz_805_bren	bullet	24.00	4.21	-5.99	-4.76	8.09	-24.42	24.19
652139	kill	bot-1068	alpha	bot-1038	bravo	five_seven	bullet	20.00	0.00	-11.63	-3.45	7.89	-24.21	28.50
652884	damage	bot-1073	bravo	bot-1054	alpha	five_seven	bullet	20.00	49.27	15.78	23.11	13.01	18.52	5.36
653061	damage	bot-1054	alpha	bot-1073	bravo	m1911	bullet	33.00	67.00	12.88	18.41	15.78	23.11	5.52
653061	damage	bot-1073	bravo	bot-1054	alpha	five_seven	bullet	20.00	31.47	15.78	23.11	12.83	18.37	5.59
653286	damage	bot-1073	bravo	bot-1054	alpha	five_seven	bullet	20.00	13.67	15.78	23.11	12.65	18.18	5.84
653427	damage	bot-1054	alpha	bot-1073	bravo	m1911	bullet	33.00	34.00	12.59	18.12	15.78	23.11	5.92
653427	kill	bot-1073	bravo	bot-1054	alpha	five_seven	bullet	20.00	0.00	15.78	23.11	12.52	18.08	5.99
653656	damage	bot-1073	bravo	bot-1051	alpha	five_seven	bullet	20.00	80.00	16.67	23.73	13.01	18.60	6.30
653884	damage	bot-1073	bravo	bot-1051	alpha	five_seven	bullet	20.00	60.00	17.39	24.22	12.92	18.49	7.27
654035	damage	bot-1073	bravo	bot-1051	alpha	five_seven	bullet	20.00	40.00	17.80	24.50	12.80	18.35	7.92
654192	damage	bot-1073	bravo	bot-1051	alpha	five_seven	bullet	20.00	20.00	18.21	24.78	12.71	18.22	8.57
654281	damage	bot-1051	alpha	bot-1073	bravo	five_seven	bullet	20.00	14.00	12.71	18.22	18.43	24.93	8.82
654436	kill	bot-1051	alpha	bot-1073	bravo	five_seven	bullet	20.00	0.00	12.60	18.10	18.88	25.22	9.50
654788	damage	bot-1051	alpha	bot-1075	bravo	five_seven	bullet	20.00	80.00	12.28	17.73	20.89	26.03	11.96
654931	damage	bot-1051	alpha	bot-1075	bravo	five_seven	bullet	20.00	60.00	12.15	17.55	20.89	26.03	12.17
656568	damage	bot-1077	bravo	bot-1034	alpha	cz_805_bren	bullet	24.00	76.00	2.25	-22.25	-3.79	-9.14	14.44
656651	damage	bot-1058	alpha	bot-1077	bravo	cz_805_bren	bullet	24.00	76.00	-14.58	12.71	2.25	-22.25	38.80
656727	damage	bot-1077	bravo	bot-1034	alpha	cz_805_bren	bullet	24.00	52.00	2.25	-22.25	-3.80	-9.14	14.44
656798	damage	bot-1058	alpha	bot-1077	bravo	cz_805_bren	bullet	24.00	52.00	-14.57	12.73	2.25	-22.25	38.81
656798	damage	bot-1066	alpha	bot-1077	bravo	cz_805_bren	bullet	24.00	28.00	-10.46	-8.26	2.25	-22.25	18.90
656935	damage	bot-1066	alpha	bot-1077	bravo	cz_805_bren	bullet	24.00	4.00	-10.46	-8.26	3.03	-22.94	19.94
657234	damage	bot-1075	bravo	bot-1078	alpha	cz_805_bren	bullet	24.00	76.00	26.49	20.86	19.79	26.75	8.92
657311	damage	bot-1078	alpha	bot-1075	bravo	m1911	bullet	33.00	27.00	19.79	26.75	26.58	20.14	9.47
657354	damage	bot-1075	bravo	bot-1078	alpha	cz_805_bren	bullet	24.00	52.00	26.58	20.14	19.79	26.75	9.47
657527	damage	bot-1075	bravo	bot-1078	alpha	cz_805_bren	bullet	24.00	28.00	26.67	19.12	18.71	26.75	11.03
658188	damage	bot-1006	bravo	bot-1062	alpha	five_seven	bullet	20.00	52.77	-12.83	-14.85	-19.17	-17.00	6.69
658485	damage	bot-1079	bravo	bot-1080	alpha	five_seven	bullet	20.00	80.00	10.76	20.24	13.10	23.14	3.73
658676	damage	bot-1079	bravo	bot-1080	alpha	five_seven	bullet	20.00	60.00	10.76	20.24	13.10	23.14	3.73
658749	damage	bot-1060	alpha	bot-1079	bravo	five_seven	bullet	20.00	80.00	9.58	2.72	10.76	20.24	17.56
658840	damage	bot-1079	bravo	bot-1080	alpha	five_seven	bullet	20.00	40.00	10.76	20.24	13.70	23.56	4.44
658918	damage	bot-1060	alpha	bot-1079	bravo	five_seven	bullet	20.00	60.00	9.58	2.72	10.76	20.24	17.56
659074	damage	bot-1060	alpha	bot-1079	bravo	five_seven	bullet	20.00	40.00	9.58	2.72	10.30	20.75	18.05
659228	damage	bot-1060	alpha	bot-1079	bravo	five_seven	bullet	20.00	20.00	9.58	2.72	9.83	21.28	18.56
659541	kill	bot-1060	alpha	bot-1079	bravo	five_seven	bullet	20.00	0.00	9.58	2.72	8.91	22.30	19.59
660449	damage	bot-1068	alpha	bot-1081	bravo	five_seven	bullet	20.00	80.00	-9.25	-8.47	-9.00	-20.68	12.21
660657	damage	bot-1068	alpha	bot-1081	bravo	five_seven	bullet	20.00	60.00	-9.25	-8.47	-9.51	-21.07	12.60
660733	damage	bot-964	alpha	bot-1081	bravo	cz_805_bren	bullet	24.00	36.00	8.23	-3.14	-9.75	-21.28	25.54
660895	damage	bot-964	alpha	bot-1081	bravo	cz_805_bren	bullet	24.00	12.00	8.22	-3.14	-10.26	-21.78	26.25
661042	kill	bot-964	alpha	bot-1081	bravo	cz_805_bren	bullet	24.00	0.00	8.22	-3.14	-10.76	-22.29	26.96
662495	damage	bot-1058	alpha	bot-1083	bravo	cz_805_bren	bullet	24.00	76.00	-8.55	7.56	1.34	2.72	11.01
662603	damage	bot-1041	alpha	bot-1083	bravo	cz_805_bren	bullet	24.00	52.00	-13.80	-3.82	1.04	3.20	16.43
662669	damage	bot-1058	alpha	bot-1083	bravo	cz_805_bren	bullet	24.00	28.00	-8.55	7.56	1.27	3.34	10.68
662723	damage	bot-1041	alpha	bot-1083	bravo	cz_805_bren	bullet	24.00	4.00	-13.80	-3.82	1.53	3.52	17.00
662767	kill	bot-1036	alpha	bot-1083	bravo	five_seven	bullet	20.00	0.00	-14.13	-8.23	1.80	3.70	19.90
664458	damage	bot-1041	alpha	bot-1085	bravo	cz_805_bren	bullet	24.00	76.00	-11.89	-2.80	1.56	-2.36	13.46
664458	damage	bot-1060	alpha	bot-1085	bravo	five_seven	bullet	20.00	56.00	7.06	4.72	1.56	-2.36	8.97
664591	damage	bot-1085	bravo	bot-1060	alpha	cz_805_bren	bullet	24.00	76.00	1.06	-2.87	7.06	4.72	9.67
664665	damage	bot-1060	alpha	bot-1085	bravo	five_seven	bullet	20.00	36.00	7.06	4.72	0.83	-3.11	10.00
664743	damage	bot-1085	bravo	bot-1060	alpha	cz_805_bren	bullet	24.00	52.00	0.58	-3.36	7.06	4.72	10.36
664824	damage	bot-1060	alpha	bot-1085	bravo	five_seven	bullet	20.00	16.00	7.06	4.72	0.34	-3.61	10.70
664883	damage	bot-1085	bravo	bot-1060	alpha	cz_805_bren	bullet	24.00	28.00	0.09	-3.86	7.15	4.85	11.21
665039	kill	bot-1060	alpha	bot-1085	bravo	five_seven	bullet	20.00	0.00	7.20	4.91	-0.42	-4.37	12.00
666561	damage	bot-1087	bravo	bot-1088	alpha	five_seven	bullet	20.00	80.00	25.75	22.75	20.37	25.21	5.92
666710	damage	bot-1087	bravo	bot-1088	alpha	five_seven	bullet	20.00	60.00	25.75	22.75	20.35	25.21	5.93
666850	damage	bot-1087	bravo	bot-1088	alpha	five_seven	bullet	20.00	40.00	25.75	22.75	20.19	25.26	6.10
667005	damage	bot-1087	bravo	bot-1088	alpha	five_seven	bullet	20.00	20.00	25.75	22.75	19.98	25.31	6.32
667075	damage	bot-1088	alpha	bot-1087	bravo	cz_805_bren	bullet	24.00	76.00	19.90	25.34	25.75	22.75	6.40
667205	kill	bot-1087	bravo	bot-1088	alpha	five_seven	bullet	20.00	0.00	25.75	22.75	19.68	25.41	6.62
667728	damage	bot-1084	alpha	bot-1087	bravo	five_seven	bullet	20.00	56.00	13.55	25.00	25.75	22.75	12.40
668656	damage	bot-1087	bravo	bot-1086	alpha	five_seven	bullet	20.00	80.00	26.49	18.21	15.37	16.27	11.28
668850	damage	bot-1089	bravo	bot-1080	alpha	five_seven	bullet	20.00	52.88	21.64	17.73	14.77	24.30	9.50
668850	damage	bot-1090	alpha	bot-1087	bravo	cz_805_bren	bullet	24.00	32.00	14.31	26.31	26.50	17.91	14.81
668937	damage	bot-1084	alpha	bot-1087	bravo	five_seven	bullet	20.00	12.00	13.65	25.47	26.50	17.91	14.91
669008	kill	bot-1082	alpha	bot-1087	bravo	cz_805_bren	bullet	24.00	0.00	10.11	19.32	26.51	17.83	16.47
669008	damage	bot-1089	bravo	bot-1080	alpha	five_seven	bullet	20.00	32.88	21.64	17.73	14.64	24.37	9.65
669163	damage	bot-1089	bravo	bot-1080	alpha	five_seven	bullet	20.00	12.88	21.65	17.72	14.52	24.43	9.79
669282	damage	bot-1090	alpha	bot-1089	bravo	cz_805_bren	bullet	24.00	76.00	14.31	26.31	21.65	17.72	11.30
669361	damage	bot-1082	alpha	bot-1089	bravo	cz_805_bren	bullet	24.00	52.00	10.11	19.32	21.65	17.72	11.65
669361	kill	bot-1089	bravo	bot-1080	alpha	five_seven	bullet	20.00	0.00	21.65	17.72	14.31	24.50	9.99
669809	damage	bot-1090	alpha	bot-1089	bravo	cz_805_bren	bullet	24.00	28.00	14.35	26.45	23.84	16.00	14.11
669931	damage	bot-1090	alpha	bot-1089	bravo	cz_805_bren	bullet	24.00	4.00	14.35	26.45	24.40	15.57	14.82
670037	kill	bot-1084	alpha	bot-1089	bravo	five_seven	bullet	20.00	0.00	13.70	25.08	24.68	15.35	14.68
670513	damage	bot-1041	alpha	bot-1091	bravo	cz_805_bren	bullet	24.00	76.00	-9.69	-2.51	-1.42	7.11	12.69
670820	damage	bot-1041	alpha	bot-1091	bravo	cz_805_bren	bullet	24.00	52.00	-9.69	-2.51	-1.75	8.25	13.37
670893	damage	bot-1058	alpha	bot-1091	bravo	cz_805_bren	bullet	24.00	28.00	-6.65	3.45	-1.74	8.33	6.92
670963	damage	bot-1041	alpha	bot-1091	bravo	cz_805_bren	bullet	24.00	4.00	-9.69	-2.51	-1.74	8.41	13.51
672924	damage	bot-1036	alpha	bot-1093	bravo	five_seven	bullet	20.00	80.00	-7.29	0.46	5.75	-19.91	24.19
673126	damage	bot-1036	alpha	bot-1093	bravo	five_seven	bullet	20.00	60.00	-7.29	0.46	5.75	-19.75	24.05
673309	damage	bot-1036	alpha	bot-1093	bravo	five_seven	bullet	20.00	40.00	-7.29	0.46	5.85	-19.98	24.30
673448	damage	bot-962	alpha	bot-1093	bravo	cz_805_bren	bullet	24.00	16.00	15.26	-20.74	5.93	-20.13	9.35
673521	kill	bot-1036	alpha	bot-1093	bravo	five_seven	bullet	20.00	0.00	-7.29	0.46	5.96	-20.20	24.55
676819	damage	bot-1034	alpha	bot-1095	bravo	cz_805_bren	bullet	24.00	76.00	-8.75	-18.25	-4.25	18.25	36.78
678662	kill	bot-1066	alpha	bot-1095	bravo	cz_805_bren	bullet	24.00	0.00	-7.78	-19.48	-4.72	21.08	40.68
678935	damage	bot-964	alpha	bot-1096	bravo	cz_805_bren	bullet	24.00	76.00	5.29	-5.99	-5.30	17.77	26.01
679119	damage	bot-964	alpha	bot-1096	bravo	cz_805_bren	bullet	24.00	52.00	5.28	-5.98	-5.29	17.77	26.00
679299	damage	bot-1068	alpha	bot-1096	bravo	five_seven	bullet	20.00	32.00	-8.88	-20.47	-5.27	17.94	38.58
679457	damage	bot-964	alpha	bot-1096	bravo	cz_805_bren	bullet	24.00	8.00	5.28	-5.98	-5.27	18.11	26.30
679457	kill	bot-1068	alpha	bot-1096	bravo	five_seven	bullet	20.00	0.00	-8.88	-20.47	-5.27	18.11	38.75
685177	damage	bot-1097	bravo	bot-968	alpha	cz_805_bren	bullet	24.00	71.59	24.95	-12.84	-0.23	6.45	31.72
685374	damage	bot-1097	bravo	bot-968	alpha	cz_805_bren	bullet	24.00	46.51	24.97	-12.83	-0.82	6.89	32.46
685550	damage	bot-1097	bravo	bot-968	alpha	cz_805_bren	bullet	24.00	22.51	24.98	-12.82	-1.51	7.30	33.27
685663	kill	bot-1097	bravo	bot-968	alpha	cz_805_bren	bullet	24.00	0.00	24.99	-12.81	-1.81	7.59	33.68
687464	damage	bot-1060	alpha	bot-1050	bravo	five_seven	bullet	20.00	52.42	0.56	-10.26	19.45	11.86	29.09
687608	damage	bot-1060	alpha	bot-1050	bravo	five_seven	bullet	20.00	32.42	0.56	-10.26	19.53	11.85	29.14
687865	damage	bot-1060	alpha	bot-1050	bravo	five_seven	bullet	20.00	12.42	0.56	-10.26	19.71	11.83	29.24
690675	damage	bot-1101	alpha	bot-1099	bravo	five_seven	bullet	20.00	40.49	9.78	3.55	17.19	-4.43	10.89
691013	damage	bot-1034	alpha	bot-1103	bravo	cz_805_bren	bullet	24.00	41.36	-5.45	-7.65	9.29	-4.03	15.17
691013	damage	bot-1103	bravo	bot-1101	alpha	five_seven	bullet	20.00	80.00	9.29	-4.03	10.41	4.00	8.12
691096	damage	bot-964	alpha	bot-1103	bravo	cz_805_bren	bullet	24.00	17.36	-6.75	12.75	9.50	-4.31	23.56
691164	kill	bot-1074	alpha	bot-1103	bravo	cz_805_bren	bullet	24.00	0.00	-0.29	6.78	9.71	-4.59	15.14
691490	damage	bot-1092	alpha	bot-1097	bravo	five_seven	bullet	20.00	51.31	26.04	18.25	26.69	-20.42	38.68
691653	damage	bot-1092	alpha	bot-1097	bravo	five_seven	bullet	20.00	31.31	26.05	18.26	26.71	-20.96	39.22
691804	damage	bot-1092	alpha	bot-1097	bravo	five_seven	bullet	20.00	11.31	26.05	18.26	26.72	-21.50	39.76
691971	kill	bot-1092	alpha	bot-1097	bravo	five_seven	bullet	20.00	0.00	26.05	18.26	26.73	-22.05	40.31
693017	damage	bot-1041	alpha	bot-1104	bravo	cz_805_bren	bullet	24.00	76.00	-5.56	8.76	-8.11	-17.58	26.47
693084	damage	bot-1039	alpha	bot-1104	bravo	cz_805_bren	bullet	24.00	52.00	0.79	1.21	-8.17	-17.90	21.11
693084	kill	bot-1062	alpha	bot-1104	bravo	m24	bullet	95.00	0.00	-8.63	1.87	-8.17	-17.90	19.77
695234	damage	bot-1094	bravo	bot-1107	alpha	five_seven	bullet	20.00	80.00	-13.90	-12.69	-16.54	-10.77	3.26
695582	damage	bot-1094	bravo	bot-1107	alpha	five_seven	bullet	20.00	60.00	-13.51	-13.58	-16.08	-10.79	3.79
695650	damage	bot-1106	bravo	bot-1107	alpha	cz_805_bren	bullet	24.00	36.00	-12.79	-14.43	-16.19	-11.09	4.76
696344	damage	bot-1094	bravo	bot-1107	alpha	five_seven	bullet	20.00	16.00	-12.75	-14.65	-16.75	-12.69	4.45
697374	damage	bot-1107	alpha	bot-1006	bravo	cz_805_bren	bullet	24.00	48.67	-16.75	-11.86	-13.29	-14.18	4.16
697523	damage	bot-1106	bravo	bot-1109	alpha	cz_805_bren	bullet	24.00	76.00	-12.74	-14.95	-15.93	-12.38	4.10
697596	damage	bot-1107	alpha	bot-1094	bravo	cz_805_bren	bullet	24.00	76.00	-16.87	-11.53	-12.02	-13.32	5.17
697747	damage	bot-1094	bravo	bot-1109	alpha	five_seven	bullet	20.00	56.00	-11.70	-13.29	-16.18	-12.70	4.52
697747	damage	bot-1107	alpha	bot-1094	bravo	cz_805_bren	bullet	24.00	52.00	-16.52	-11.59	-11.39	-13.28	5.40
698196	kill	bot-1006	bravo	bot-1107	alpha	five_seven	bullet	20.00	0.00	-13.34	-15.01	-15.20	-12.09	3.46
698196	damage	bot-1108	bravo	bot-1034	alpha	cz_805_bren	bullet	24.00	48.03	-19.35	-16.50	-9.33	-16.30	10.03
698320	damage	bot-1108	bravo	bot-1034	alpha	cz_805_bren	bullet	24.00	24.03	-19.33	-16.50	-8.81	-15.79	10.54
698386	damage	bot-1109	alpha	bot-1106	bravo	five_seven	bullet	20.00	80.00	-16.75	-12.21	-11.95	-13.45	4.96
698439	damage	bot-1094	bravo	bot-1109	alpha	five_seven	bullet	20.00	36.00	-11.75	-12.43	-16.75	-12.57	5.01
698542	damage	bot-1066	alpha	bot-1050	bravo	cz_805_bren	bullet	24.00	57.34	-0.08	-8.49	19.71	11.61	28.21
699077	damage	bot-1078	alpha	bot-1110	bravo	m24	bullet	95.00	5.00	18.01	17.48	-8.41	-13.70	40.87
699077	damage	bot-1106	bravo	bot-1109	alpha	cz_805_bren	bullet	24.00	12.00	-11.41	-12.01	-16.00	-11.28	4.65
699164	kill	bot-1036	alpha	bot-1110	bravo	five_seven	bullet	20.00	0.00	-6.15	-11.14	-8.53	-14.04	3.75
699431	kill	bot-1106	bravo	bot-1109	alpha	cz_805_bren	bullet	24.00	0.00	-11.27	-12.66	-15.49	-10.82	4.60
699506	damage	bot-1108	bravo	bot-1111	alpha	cz_805_bren	bullet	24.00	76.00	-19.99	-14.99	-15.75	-17.25	4.80
699676	damage	bot-1108	bravo	bot-1111	alpha	cz_805_bren	bullet	24.00	52.00	-20.09	-14.86	-16.38	-17.09	4.33
699839	damage	bot-1108	bravo	bot-1111	alpha	cz_805_bren	bullet	24.00	28.00	-20.20	-14.76	-15.72	-17.38	5.19
700007	damage	bot-1108	bravo	bot-1111	alpha	cz_805_bren	bullet	24.00	4.00	-20.30	-14.67	-15.04	-17.67	6.05
700086	damage	bot-1098	bravo	bot-1101	alpha	five_seven	bullet	20.00	60.00	22.60	-22.97	12.89	5.47	30.05
700251	kill	bot-1108	bravo	bot-1111	alpha	cz_805_bren	bullet	24.00	0.00	-20.83	-14.16	-14.07	-18.11	7.83
700776	damage	bot-1102	bravo	bot-1105	alpha	cz_805_bren	bullet	24.00	76.00	17.25	9.75	8.03	-5.81	18.09
700917	damage	bot-1102	bravo	bot-1105	alpha	cz_805_bren	bullet	24.00	52.00	17.25	9.75	8.03	-5.81	18.09
701082	damage	bot-1058	alpha	bot-1112	bravo	cz_805_bren	bullet	24.00	76.00	-5.48	5.88	-5.59	-13.89	19.76
701332	damage	bot-1064	alpha	bot-1112	bravo	cz_805_bren	bullet	24.00	52.00	-9.93	-8.21	-4.91	-14.58	8.11
701332	damage	bot-1112	bravo	bot-1064	alpha	m1911	bullet	33.00	67.00	-4.91	-14.58	-10.23	-8.11	8.38
701502	damage	bot-1064	alpha	bot-1112	bravo	cz_805_bren	bullet	24.00	28.00	-10.53	-8.00	-4.96	-15.27	9.16
701591	damage	bot-1034	alpha	bot-1112	bravo	cz_805_bren	bullet	24.00	4.00	0.55	-5.87	-4.98	-15.62	11.21
701763	damage	bot-1098	bravo	bot-1101	alpha	five_seven	bullet	20.00	40.00	22.38	-22.23	11.66	8.82	32.85
702936	damage	bot-1108	bravo	bot-1011	alpha	cz_805_bren	bullet	24.00	48.14	-20.69	-12.88	-5.04	16.90	33.65
703068	damage	bot-1108	bravo	bot-1011	alpha	cz_805_bren	bullet	24.00	24.14	-20.69	-12.86	-4.98	17.07	33.80
703185	damage	bot-1108	bravo	bot-1011	alpha	cz_805_bren	bullet	24.00	0.14	-20.69	-12.84	-4.91	17.24	33.96
703244	damage	bot-1011	alpha	bot-1108	bravo	cz_805_bren	bullet	24.00	76.00	-4.91	17.24	-20.69	-12.84	33.96
703307	kill	bot-1108	bravo	bot-1011	alpha	cz_805_bren	bullet	24.00	0.00	-20.69	-12.83	-4.86	17.41	34.13
703386	damage	bot-1098	bravo	bot-1074	alpha	five_seven	bullet	20.00	52.77	22.15	-21.10	11.87	8.24	31.09
704432	damage	bot-1024	alpha	bot-1114	bravo	cz_805_bren	bullet	24.00	76.00	-17.24	-16.36	-13.52	-18.71	4.41
704590	damage	bot-1024	alpha	bot-1114	bravo	cz_805_bren	bullet	24.00	52.00	-17.40	-16.37	-13.38	-18.73	4.66
704590	damage	bot-1114	bravo	bot-1024	alpha	cz_805_bren	bullet	24.00	34.86	-13.38	-18.73	-17.47	-16.37	4.72
704663	damage	bot-1108	bravo	bot-1058	alpha	cz_805_bren	bullet	24.00	48.79	-20.33	-11.99	-7.25	12.25	27.54
704733	damage	bot-1024	alpha	bot-1114	bravo	cz_805_bren	bullet	24.00	28.00	-17.56	-16.39	-13.23	-18.70	4.91
704733	damage	bot-1114	bravo	bot-1024	alpha	cz_805_bren	bullet	24.00	10.86	-13.23	-18.70	-17.64	-16.38	4.98
704818	damage	bot-1108	bravo	bot-1058	alpha	cz_805_bren	bullet	24.00	24.79	-20.31	-11.97	-7.13	12.36	27.67
704889	damage	bot-1024	alpha	bot-1114	bravo	cz_805_bren	bullet	24.00	4.00	-17.72	-16.40	-13.07	-18.66	5.17
705031	kill	bot-1036	alpha	bot-1114	bravo	five_seven	bullet	20.00	0.00	4.97	-2.21	-12.91	-18.62	24.27
705479	damage	bot-1036	alpha	bot-1116	bravo	five_seven	bullet	20.00	80.00	4.97	-2.21	3.98	-21.28	19.10
705670	damage	bot-1036	alpha	bot-1116	bravo	five_seven	bullet	20.00	60.00	4.96	-2.21	4.29	-21.41	19.22
705868	damage	bot-1036	alpha	bot-1116	bravo	five_seven	bullet	20.00	40.00	4.96	-2.21	5.05	-22.14	19.94
705868	damage	bot-1108	bravo	bot-1058	alpha	cz_805_bren	bullet	24.00	0.79	-20.27	-11.54	-5.66	13.67	29.13
705926	damage	bot-1116	bravo	bot-1105	alpha	cz_805_bren	bullet	24.00	48.70	5.31	-22.39	0.78	-12.08	11.26
706167	kill	bot-1108	bravo	bot-1058	alpha	cz_805_bren	bullet	24.00	0.00	-20.27	-11.54	-4.64	14.59	30.44
706424	damage	bot-1116	bravo	bot-1105	alpha	cz_805_bren	bullet	24.00	24.70	6.74	-23.76	0.45	-11.72	13.58
706516	damage	bot-1102	bravo	bot-1105	alpha	cz_805_bren	bullet	24.00	0.70	17.52	9.72	0.45	-11.72	27.41
706683	kill	bot-1102	bravo	bot-1105	alpha	cz_805_bren	bullet	24.00	0.00	17.52	9.72	0.34	-11.61	27.39
707140	damage	bot-1090	alpha	bot-1118	bravo	cz_805_bren	bullet	24.00	76.00	19.61	18.82	15.48	14.22	6.18
707323	kill	bot-1116	bravo	bot-1024	alpha	cz_805_bren	bullet	24.00	0.00	8.24	-24.46	-23.52	-20.59	31.99
707323	damage	bot-1117	alpha	bot-1118	bravo	five_seven	bullet	20.00	56.00	11.36	-7.45	15.10	13.71	21.49
707809	damage	bot-1041	alpha	bot-1044	bravo	cz_805_bren	bullet	24.00	35.68	5.46	3.76	16.31	7.83	11.59
707880	damage	bot-964	alpha	bot-1044	bravo	cz_805_bren	bullet	24.00	11.68	10.52	7.24	16.31	7.83	5.83
707952	kill	bot-1041	alpha	bot-1044	bravo	cz_805_bren	bullet	24.00	0.00	5.33	3.80	16.31	7.83	11.70
708284	damage	bot-1039	alpha	bot-1108	bravo	cz_805_bren	bullet	24.00	52.00	9.16	5.93	-18.99	-8.39	31.58
708413	damage	bot-1039	alpha	bot-1108	bravo	cz_805_bren	bullet	24.00	28.00	9.16	5.93	-19.12	-8.49	31.74
708539	damage	bot-1036	alpha	bot-1108	bravo	five_seven	bullet	20.00	8.00	4.74	-3.24	-19.25	-8.58	24.58
708539	kill	bot-1039	alpha	bot-1108	bravo	cz_805_bren	bullet	24.00	0.00	9.17	5.91	-19.25	-8.58	31.91
708734	damage	bot-964	alpha	bot-1050	bravo	cz_805_bren	bullet	24.00	2.31	11.71	8.03	21.42	5.93	9.93
708895	kill	bot-964	alpha	bot-1050	bravo	cz_805_bren	bullet	24.00	0.00	11.67	8.04	22.34	5.46	10.98
709032	damage	bot-1102	bravo	bot-964	alpha	cz_805_bren	bullet	24.00	48.71	19.55	6.60	11.63	8.05	8.05
709120	damage	bot-964	alpha	bot-1102	bravo	cz_805_bren	bullet	24.00	35.35	11.63	8.05	19.86	6.42	8.38
709202	damage	bot-1102	bravo	bot-964	alpha	cz_805_bren	bullet	24.00	24.71	20.17	6.24	11.06	7.54	9.20
709513	damage	bot-1101	alpha	bot-1102	bravo	five_seven	bullet	20.00	15.35	9.24	9.89	21.42	5.54	12.94
709600	damage	bot-1040	bravo	bot-964	alpha	five_seven	bullet	20.00	4.71	19.60	6.83	9.73	6.51	9.87
709785	damage	bot-1090	alpha	bot-1120	bravo	cz_805_bren	bullet	24.00	76.00	18.58	19.84	-4.56	20.97	23.17
709785	damage	bot-1102	bravo	bot-1101	alpha	cz_805_bren	bullet	24.00	59.11	22.34	4.99	9.24	9.89	13.99
709957	damage	bot-1090	alpha	bot-1120	bravo	cz_805_bren	bullet	24.00	52.00	18.58	19.84	-4.55	20.82	23.15
710582	damage	bot-1090	alpha	bot-1120	bravo	cz_805_bren	bullet	24.00	28.00	18.61	19.99	-4.83	20.28	23.44
710631	damage	bot-1082	alpha	bot-1120	bravo	cz_805_bren	bullet	24.00	4.00	4.82	18.69	-4.88	20.23	9.81
710740	kill	bot-1040	bravo	bot-1039	alpha	five_seven	bullet	20.00	0.00	24.40	4.91	12.24	8.50	12.68
710740	kill	bot-1090	alpha	bot-1120	bravo	cz_805_bren	bullet	24.00	0.00	18.60	19.99	-4.92	20.12	23.53
711032	damage	bot-1102	bravo	bot-1072	alpha	cz_805_bren	bullet	24.00	14.29	23.74	4.65	13.23	8.69	11.25
711166	kill	bot-1040	bravo	bot-1072	alpha	five_seven	bullet	20.00	0.00	24.40	4.91	13.23	8.69	11.79
711332	damage	bot-1066	alpha	bot-1122	bravo	cz_805_bren	bullet	24.00	76.00	8.01	-2.77	21.88	-2.68	13.87
711405	damage	bot-1041	alpha	bot-1122	bravo	cz_805_bren	bullet	24.00	52.00	-1.75	7.73	21.85	-2.72	25.80
711488	damage	bot-1034	alpha	bot-1122	bravo	cz_805_bren	bullet	24.00	28.00	7.44	-1.12	22.11	-2.53	14.74
711488	damage	bot-1066	alpha	bot-1122	bravo	cz_805_bren	bullet	24.00	4.00	8.01	-2.77	22.11	-2.53	14.10
711548	kill	bot-1115	alpha	bot-1122	bravo	cz_805_bren	bullet	24.00	0.00	13.13	-4.01	22.36	-2.34	9.38
714108	damage	bot-1098	bravo	bot-1119	alpha	five_seven	bullet	20.00	80.00	16.83	-21.06	18.28	-5.34	15.79
714453	damage	bot-1098	bravo	bot-1119	alpha	five_seven	bullet	20.00	60.00	16.83	-21.06	18.46	-5.29	15.85
714646	damage	bot-1098	bravo	bot-1119	alpha	five_seven	bullet	20.00	40.00	16.83	-21.06	18.28	-5.11	16.01
714850	damage	bot-1098	bravo	bot-1119	alpha	five_seven	bullet	20.00	20.00	16.83	-21.06	18.12	-4.91	16.20
715026	kill	bot-1098	bravo	bot-1119	alpha	five_seven	bullet	20.00	0.00	16.83	-21.06	18.00	-4.79	16.31
717247	damage	bot-1116	bravo	bot-1127	alpha	cz_805_bren	bullet	24.00	76.00	8.88	-22.23	-9.31	-8.74	22.65
717327	damage	bot-1098	bravo	bot-1127	alpha	five_seven	bullet	20.00	56.00	12.15	-24.07	-9.25	-8.75	26.31
717484	damage	bot-1098	bravo	bot-1127	alpha	five_seven	bullet	20.00	36.00	12.16	-24.07	-9.23	-8.56	26.42
717566	damage	bot-1116	bravo	bot-1127	alpha	cz_805_bren	bullet	24.00	12.00	8.88	-22.23	-9.31	-8.53	22.77
717629	kill	bot-1098	bravo	bot-1127	alpha	five_seven	bullet	20.00	0.00	12.17	-24.07	-9.38	-8.51	26.58
719283	damage	bot-1126	bravo	bot-1090	alpha	five_seven	bullet	20.00	66.18	26.74	13.23	15.79	16.43	11.40
719444	damage	bot-1126	bravo	bot-1090	alpha	five_seven	bullet	20.00	46.18	26.74	13.23	15.79	16.43	11.41
719670	damage	bot-1074	alpha	bot-1126	bravo	cz_805_bren	bullet	24.00	76.00	14.93	16.66	26.74	13.23	12.30
719823	damage	bot-1074	alpha	bot-1126	bravo	cz_805_bren	bullet	24.00	52.00	14.93	16.66	26.74	13.23	12.30
720270	damage	bot-1116	bravo	bot-1129	alpha	cz_805_bren	bullet	24.00	76.00	7.43	-21.18	-10.84	-8.35	22.33
720427	damage	bot-1098	bravo	bot-1129	alpha	five_seven	bullet	20.00	56.00	9.20	-22.13	-10.84	-8.36	24.31
720427	damage	bot-1116	bravo	bot-1129	alpha	cz_805_bren	bullet	24.00	32.00	7.43	-21.18	-10.84	-8.36	22.32
720571	damage	bot-1116	bravo	bot-1129	alpha	cz_805_bren	bullet	24.00	8.00	7.43	-21.18	-10.84	-8.36	22.32
721896	damage	bot-1034	alpha	bot-1102	bravo	cz_805_bren	bullet	24.00	48.76	10.20	-1.94	16.89	8.95	12.78
722475	damage	bot-1036	alpha	bot-1102	bravo	five_seven	bullet	20.00	28.76	8.87	-0.93	16.39	7.55	11.34
722645	damage	bot-1036	alpha	bot-1102	bravo	five_seven	bullet	20.00	8.76	8.87	-0.93	16.39	7.55	11.34
722800	kill	bot-1036	alpha	bot-1102	bravo	five_seven	bullet	20.00	0.00	8.87	-0.93	16.39	7.55	11.34
724695	damage	bot-1090	alpha	bot-1132	bravo	cz_805_bren	bullet	24.00	19.13	11.55	12.64	-6.54	-26.73	43.32
724846	kill	bot-1090	alpha	bot-1132	bravo	cz_805_bren	bullet	24.00	0.00	11.55	12.64	-6.54	-26.73	43.32
725274	damage	bot-1040	bravo	bot-1125	alpha	five_seven	bullet	20.00	80.00	22.49	6.74	9.11	7.18	13.39
727001	damage	bot-1040	bravo	bot-1113	alpha	five_seven	bullet	20.00	52.24	22.05	6.65	10.44	7.59	11.64
727688	kill	bot-1064	alpha	bot-1136	bravo	cz_805_bren	bullet	24.00	0.00	-10.15	-4.76	12.33	-26.21	31.08
729967	damage	bot-1116	bravo	bot-1115	alpha	cz_805_bren	bullet	24.00	48.67	21.26	-26.71	16.71	-5.35	21.83
729967	damage	bot-1134	bravo	bot-1115	alpha	five_seven	bullet	20.00	28.67	20.42	-26.13	16.71	-5.35	21.10
730057	damage	bot-1098	bravo	bot-1115	alpha	five_seven	bullet	20.00	8.67	22.19	-26.24	16.71	-5.35	21.60
730137	kill	bot-1116	bravo	bot-1115	alpha	cz_805_bren	bullet	24.00	0.00	21.26	-26.71	16.73	-4.63	22.54
730607	damage	bot-1125	alpha	bot-1040	bravo	five_seven	bullet	20.00	18.06	11.51	8.85	22.61	6.54	11.34
731027	damage	bot-1134	bravo	bot-1137	alpha	five_seven	bullet	20.00	80.00	21.19	-25.83	-19.67	-20.56	41.20
731599	damage	bot-1126	bravo	bot-1084	alpha	five_seven	bullet	20.00	52.03	26.66	13.66	19.20	18.69	9.00
731855	damage	bot-1092	alpha	bot-1126	bravo	five_seven	bullet	20.00	52.11	17.93	17.87	26.66	13.65	9.70
732205	damage	bot-1098	bravo	bot-1137	alpha	five_seven	bullet	20.00	60.00	20.79	-26.25	-19.67	-20.56	40.85
732372	damage	bot-1098	bravo	bot-1137	alpha	five_seven	bullet	20.00	40.00	20.64	-26.20	-19.79	-20.45	40.84
734078	damage	bot-1142	bravo	bot-1135	alpha	five_seven	bullet	20.00	80.00	-13.22	-18.17	-4.13	-13.39	10.27
734230	damage	bot-1142	bravo	bot-1135	alpha	five_seven	bullet	20.00	60.00	-13.21	-18.17	-3.83	-13.58	10.45
734407	damage	bot-1040	bravo	bot-1090	alpha	five_seven	bullet	20.00	52.28	23.44	5.04	14.71	7.13	8.98
734550	damage	bot-1040	bravo	bot-1090	alpha	five_seven	bullet	20.00	32.28	23.44	5.04	14.56	7.06	9.11
734643	kill	bot-1090	alpha	bot-1040	bravo	cz_805_bren	bullet	24.00	0.00	14.49	7.02	23.44	5.04	9.17
734643	damage	bot-1142	bravo	bot-1139	alpha	five_seven	bullet	20.00	80.00	-13.18	-18.16	-3.57	-12.61	11.10
734812	damage	bot-1142	bravo	bot-1139	alpha	five_seven	bullet	20.00	60.00	-13.17	-18.16	-3.57	-12.61	11.10
735097	damage	bot-1139	alpha	bot-1142	bravo	cz_805_bren	bullet	24.00	76.00	-2.96	-13.46	-13.16	-18.16	11.23
735489	damage	bot-1142	bravo	bot-1064	alpha	five_seven	bullet	20.00	47.00	-13.14	-18.16	-1.97	-12.30	12.61
736108	damage	bot-1117	alpha	bot-1146	bravo	five_seven	bullet	20.00	80.00	10.13	-0.34	1.75	3.22	9.11
736108	damage	bot-1141	alpha	bot-1146	bravo	five_seven	bullet	20.00	60.00	-18.55	-6.37	1.75	3.22	22.45
736108	damage	bot-1142	bravo	bot-1113	alpha	five_seven	bullet	20.00	67.62	-13.05	-18.19	7.65	-4.81	24.64
736265	damage	bot-1034	alpha	bot-1146	bravo	cz_805_bren	bullet	24.00	36.00	14.94	-3.24	2.51	2.46	13.68
736265	damage	bot-1117	alpha	bot-1146	bravo	five_seven	bullet	20.00	16.00	10.13	-0.34	2.51	2.46	8.12
736265	damage	bot-1142	bravo	bot-1113	alpha	five_seven	bullet	20.00	47.62	-13.05	-18.19	7.65	-4.81	24.64
736265	damage	bot-1146	bravo	bot-1117	alpha	cz_805_bren	bullet	24.00	48.01	2.51	2.46	10.17	-0.40	8.18
736482	damage	bot-1142	bravo	bot-1113	alpha	five_seven	bullet	20.00	27.62	-13.05	-18.19	7.82	-4.94	24.72
736482	damage	bot-1146	bravo	bot-1117	alpha	cz_805_bren	bullet	24.00	24.01	3.27	1.70	10.84	-0.77	7.96
736579	kill	bot-1117	alpha	bot-1146	bravo	five_seven	bullet	20.00	0.00	10.84	-0.77	3.53	1.44	7.64
737047	damage	bot-1116	bravo	bot-1139	alpha	cz_805_bren	bullet	24.00	43.80	19.40	-26.88	0.19	-16.65	21.76
737221	damage	bot-1116	bravo	bot-1139	alpha	cz_805_bren	bullet	24.00	21.60	19.40	-26.88	0.22	-16.66	21.73
737865	damage	bot-1116	bravo	bot-1034	alpha	cz_805_bren	bullet	24.00	72.10	19.40	-26.88	16.88	-1.10	25.90
738035	damage	bot-1116	bravo	bot-1034	alpha	cz_805_bren	bullet	24.00	48.10	19.40	-26.88	16.82	-0.96	26.04
738484	damage	bot-1142	bravo	bot-1133	alpha	five_seven	bullet	20.00	80.00	-14.35	-18.43	0.88	-12.13	16.48
740165	damage	bot-1116	bravo	bot-1131	alpha	cz_805_bren	bullet	24.00	60.96	19.99	-26.47	21.06	-9.72	16.78
740336	damage	bot-1116	bravo	bot-1131	alpha	cz_805_bren	bullet	24.00	36.96	19.99	-26.47	20.78	-9.47	17.02
740675	damage	bot-1117	alpha	bot-1150	bravo	five_seven	bullet	20.00	80.00	9.37	6.40	22.25	6.75	12.88
740824	damage	bot-1131	alpha	bot-1098	bravo	cz_805_bren	bullet	24.00	48.03	19.15	-7.84	18.56	-25.68	17.86
740982	damage	bot-1117	alpha	bot-1150	bravo	five_seven	bullet	20.00	60.00	9.16	6.14	21.93	6.75	12.78
740982	damage	bot-1148	bravo	bot-1137	alpha	cz_805_bren	bullet	24.00	48.35	-15.73	-16.79	-19.17	-17.00	3.45
741060	damage	bot-1116	bravo	bot-1131	alpha	cz_805_bren	bullet	24.00	12.96	19.96	-26.53	18.41	-7.05	19.54
741119	damage	bot-1034	alpha	bot-1126	bravo	cz_805_bren	bullet	24.00	48.48	26.66	4.49	26.64	12.45	7.97
741119	damage	bot-1131	alpha	bot-1098	bravo	cz_805_bren	bullet	24.00	24.03	18.17	-6.79	18.02	-25.81	19.02
741119	damage	bot-1148	bravo	bot-1137	alpha	cz_805_bren	bullet	24.00	24.35	-15.59	-16.74	-19.28	-16.85	3.69
741244	damage	bot-1034	alpha	bot-1126	bravo	cz_805_bren	bullet	24.00	24.48	26.70	5.20	26.69	12.90	7.70
741244	damage	bot-1126	bravo	bot-1034	alpha	five_seven	bullet	20.00	28.10	26.69	12.90	26.72	5.56	7.35
741244	damage	bot-1148	bravo	bot-1137	alpha	cz_805_bren	bullet	24.00	0.35	-15.44	-16.69	-19.36	-16.73	3.93
741312	kill	bot-1116	bravo	bot-1131	alpha	cz_805_bren	bullet	24.00	0.00	19.96	-26.53	17.46	-5.98	20.70
741378	damage	bot-1034	alpha	bot-1126	bravo	cz_805_bren	bullet	24.00	0.48	26.73	5.91	26.74	13.61	7.70
741378	kill	bot-1148	bravo	bot-1137	alpha	cz_805_bren	bullet	24.00	0.00	-15.30	-16.64	-19.46	-16.61	4.17
741378	damage	bot-1150	bravo	bot-1084	alpha	five_seven	bullet	20.00	52.40	24.07	6.75	14.57	7.05	9.50
741547	damage	bot-1150	bravo	bot-1084	alpha	five_seven	bullet	20.00	32.40	24.07	6.75	14.46	6.93	9.61
741630	damage	bot-1084	alpha	bot-1116	bravo	five_seven	bullet	20.00	52.85	14.46	6.93	19.96	-26.53	33.91
741630	damage	bot-1126	bravo	bot-1034	alpha	five_seven	bullet	20.00	8.10	26.06	14.41	26.74	6.98	7.46
741715	damage	bot-1150	bravo	bot-1084	alpha	five_seven	bullet	20.00	12.40	24.07	6.75	14.34	6.82	9.73
741898	damage	bot-1116	bravo	bot-1139	alpha	cz_805_bren	bullet	24.00	50.48	19.73	-26.59	1.19	-18.38	20.27
741898	kill	bot-1150	bravo	bot-1084	alpha	five_seven	bullet	20.00	0.00	24.07	6.75	14.23	6.70	9.84
741977	damage	bot-1098	bravo	bot-1139	alpha	m1911	bullet	33.00	17.48	18.36	-25.62	1.19	-18.38	18.63
742223	kill	bot-1116	bravo	bot-1139	alpha	cz_805_bren	bullet	24.00	0.00	19.47	-26.67	0.94	-18.30	20.33
742223	kill	bot-1145	alpha	bot-1126	bravo	cz_805_bren	bullet	24.00	0.00	16.73	16.00	24.21	16.43	7.50
742837	damage	bot-1064	alpha	bot-1152	bravo	cz_805_bren	bullet	24.00	76.00	-0.70	-16.00	-16.37	5.15	26.32
743446	damage	bot-1064	alpha	bot-1148	bravo	cz_805_bren	bullet	24.00	76.00	-1.06	-15.95	-16.74	-16.24	15.68
743570	damage	bot-1064	alpha	bot-1148	bravo	cz_805_bren	bullet	24.00	52.00	-1.06	-15.95	-16.88	-16.23	15.83
743771	damage	bot-1150	bravo	bot-1125	alpha	five_seven	bullet	20.00	52.07	24.15	6.52	13.78	7.38	10.41
743829	damage	bot-1064	alpha	bot-1148	bravo	cz_805_bren	bullet	24.00	28.00	-1.06	-15.95	-17.21	-16.17	16.16
743931	damage	bot-1150	bravo	bot-1125	alpha	five_seven	bullet	20.00	32.07	24.15	6.52	13.64	7.18	10.53
744005	damage	bot-1064	alpha	bot-1148	bravo	cz_805_bren	bullet	24.00	4.00	-1.06	-15.95	-17.43	-16.12	16.38
744005	kill	bot-1135	alpha	bot-1148	bravo	five_seven	bullet	20.00	0.00	-5.15	-15.52	-17.43	-16.12	12.29
744088	damage	bot-1150	bravo	bot-1125	alpha	five_seven	bullet	20.00	12.07	24.15	6.52	13.57	7.07	10.60
744278	kill	bot-1150	bravo	bot-1125	alpha	five_seven	bullet	20.00	0.00	24.15	6.52	13.39	6.90	10.77
744568	damage	bot-1155	alpha	bot-1098	bravo	cz_805_bren	bullet	24.00	0.03	13.69	8.56	19.70	-21.24	30.40
744651	damage	bot-1141	alpha	bot-1154	bravo	five_seven	bullet	20.00	80.00	-17.77	-0.36	-21.00	13.69	14.42
744734	damage	bot-1064	alpha	bot-1152	bravo	cz_805_bren	bullet	24.00	52.00	-1.20	-15.81	-23.74	2.44	29.00
744815	damage	bot-1141	alpha	bot-1154	bravo	five_seven	bullet	20.00	60.00	-17.75	-0.45	-21.05	13.73	14.56
744894	damage	bot-1064	alpha	bot-1152	bravo	cz_805_bren	bullet	24.00	28.00	-1.20	-15.81	-24.38	2.69	29.66
744983	damage	bot-1141	alpha	bot-1154	bravo	five_seven	bullet	20.00	40.00	-17.75	-0.56	-21.18	13.83	14.80
745085	damage	bot-1064	alpha	bot-1152	bravo	cz_805_bren	bullet	24.00	4.00	-1.20	-15.81	-25.04	2.87	30.29
745170	damage	bot-1141	alpha	bot-1154	bravo	five_seven	bullet	20.00	20.00	-17.75	-0.61	-21.72	14.31	15.43
745252	damage	bot-1135	alpha	bot-1142	bravo	five_seven	bullet	20.00	56.00	-5.15	-15.51	-17.25	-16.35	12.13
745344	kill	bot-1141	alpha	bot-1154	bravo	five_seven	bullet	20.00	0.00	-17.74	-0.63	-22.22	14.79	16.06
745414	damage	bot-1135	alpha	bot-1142	bravo	five_seven	bullet	20.00	36.00	-5.15	-15.51	-17.39	-16.34	12.27
745503	damage	bot-1142	bravo	bot-1135	alpha	five_seven	bullet	20.00	52.55	-17.47	-16.34	-5.15	-15.51	12.35
745503	damage	bot-1152	bravo	bot-1141	alpha	m1911	bullet	33.00	67.00	-26.06	3.20	-17.74	-0.64	9.17
745566	damage	bot-1135	alpha	bot-1142	bravo	five_seven	bullet	20.00	16.00	-5.15	-15.51	-17.56	-16.33	12.43
745734	damage	bot-1116	bravo	bot-1036	alpha	cz_805_bren	bullet	24.00	47.73	26.45	-23.42	24.23	2.24	25.76
745734	kill	bot-1141	alpha	bot-1152	bravo	five_seven	bullet	20.00	0.00	-17.74	-0.65	-26.06	3.23	9.18
745802	damage	bot-1142	bravo	bot-1135	alpha	five_seven	bullet	20.00	32.55	-18.08	-16.31	-5.65	-14.80	12.52
745872	damage	bot-1116	bravo	bot-1036	alpha	cz_805_bren	bullet	24.00	25.53	26.46	-23.58	24.23	2.24	25.92
746269	damage	bot-1142	bravo	bot-1064	alpha	five_seven	bullet	20.00	52.86	-19.15	-16.24	-4.37	-14.58	14.88
747544	damage	bot-1150	bravo	bot-1092	alpha	five_seven	bullet	20.00	43.68	24.15	6.52	13.29	8.29	11.00
747722	damage	bot-1150	bravo	bot-1092	alpha	five_seven	bullet	20.00	23.68	24.15	6.52	13.17	8.38	11.14
748421	damage	bot-1142	bravo	bot-1121	alpha	five_seven	bullet	20.00	52.15	-22.17	-12.44	-11.74	6.52	21.64
748561	damage	bot-1142	bravo	bot-1121	alpha	five_seven	bullet	20.00	32.15	-22.17	-12.44	-11.79	6.70	21.77
748711	kill	bot-1082	alpha	bot-1142	bravo	cz_805_bren	bullet	24.00	0.00	-6.73	14.21	-22.17	-12.44	30.80
748711	damage	bot-1159	alpha	bot-1156	bravo	five_seven	bullet	20.00	80.00	-17.61	17.74	-25.56	24.26	10.28
748890	damage	bot-1159	alpha	bot-1156	bravo	five_seven	bullet	20.00	60.00	-17.61	17.74	-25.55	24.28	10.28
748943	damage	bot-1156	bravo	bot-1159	alpha	cz_805_bren	bullet	24.00	76.00	-25.55	24.28	-17.61	17.74	10.28
749084	damage	bot-1156	bravo	bot-1159	alpha	cz_805_bren	bullet	24.00	52.00	-25.69	24.29	-17.61	17.74	10.40
749084	damage	bot-1159	alpha	bot-1156	bravo	five_seven	bullet	20.00	40.00	-17.61	17.74	-26.05	24.28	10.67
749767	damage	bot-1150	bravo	bot-1074	alpha	five_seven	bullet	20.00	18.13	24.15	6.52	14.77	7.55	9.43
749858	damage	bot-1074	alpha	bot-1150	bravo	cz_805_bren	bullet	24.00	48.60	14.77	7.55	24.15	6.52	9.43
749947	kill	bot-1150	bravo	bot-1074	alpha	five_seven	bullet	20.00	0.00	24.07	6.50	14.74	7.43	9.38
750752	damage	bot-1151	alpha	bot-1150	bravo	five_seven	bullet	20.00	28.60	11.18	7.87	23.79	5.00	12.93
750911	damage	bot-1151	alpha	bot-1150	bravo	five_seven	bullet	20.00	8.60	11.18	7.87	23.79	5.00	12.93
751090	kill	bot-1151	alpha	bot-1150	bravo	five_seven	bullet	20.00	0.00	11.18	7.87	23.79	5.00	12.93
753087	damage	bot-1144	bravo	bot-1123	alpha	m1911	bullet	33.00	23.60	19.37	7.26	13.95	8.09	5.48
753243	damage	bot-1159	alpha	bot-1158	bravo	five_seven	bullet	20.00	80.00	-12.92	15.03	-21.75	20.50	10.39
753403	damage	bot-1159	alpha	bot-1158	bravo	five_seven	bullet	20.00	60.00	-12.89	15.04	-21.75	20.50	10.41
753557	damage	bot-1158	bravo	bot-1159	alpha	five_seven	bullet	20.00	52.67	-21.97	20.79	-12.87	15.05	10.76
754266	damage	bot-1145	alpha	bot-1160	bravo	cz_805_bren	bullet	24.00	76.00	14.52	10.69	17.25	5.25	6.08
754332	damage	bot-1156	bravo	bot-1135	alpha	cz_805_bren	bullet	24.00	48.15	-25.54	24.31	-4.21	-10.84	41.12
754386	damage	bot-1145	alpha	bot-1160	bravo	cz_805_bren	bullet	24.00	52.00	14.52	10.69	17.25	5.25	6.08
754447	damage	bot-1162	bravo	bot-1036	alpha	cz_805_bren	bullet	24.00	48.33	25.81	1.98	24.06	-7.21	9.35
754565	damage	bot-1162	bravo	bot-1036	alpha	cz_805_bren	bullet	24.00	24.33	25.20	1.79	23.58	-7.72	9.64
754637	damage	bot-1164	bravo	bot-1121	alpha	cz_805_bren	bullet	24.00	48.93	23.75	-2.29	-15.13	10.28	40.86
754707	damage	bot-1151	alpha	bot-1164	bravo	five_seven	bullet	20.00	80.00	14.85	1.12	23.75	-2.29	9.54
754779	damage	bot-1164	bravo	bot-1121	alpha	cz_805_bren	bullet	24.00	24.93	23.75	-2.29	-15.27	10.35	41.02
754858	damage	bot-1151	alpha	bot-1164	bravo	five_seven	bullet	20.00	60.00	14.85	1.12	23.75	-2.29	9.54
754937	damage	bot-1123	alpha	bot-1160	bravo	cz_805_bren	bullet	24.00	28.00	13.08	9.57	20.09	4.97	8.39
754937	damage	bot-1164	bravo	bot-1121	alpha	cz_805_bren	bullet	24.00	0.93	23.80	-2.24	-15.40	10.42	41.20
755033	damage	bot-1151	alpha	bot-1164	bravo	five_seven	bullet	20.00	40.00	14.85	1.12	23.85	-2.19	9.59
755131	damage	bot-1123	alpha	bot-1160	bravo	cz_805_bren	bullet	24.00	4.00	12.56	10.16	20.80	4.89	9.78
755217	damage	bot-1151	alpha	bot-1164	bravo	five_seven	bullet	20.00	20.00	14.85	1.12	23.94	-2.08	9.64
755304	kill	bot-1123	alpha	bot-1160	bravo	cz_805_bren	bullet	24.00	0.00	12.06	10.73	21.52	4.83	11.14
755304	damage	bot-1158	bravo	bot-1082	alpha	five_seven	bullet	20.00	52.05	-26.82	25.39	-6.41	21.60	20.76
755396	kill	bot-1151	alpha	bot-1164	bravo	five_seven	bullet	20.00	0.00	14.85	1.12	24.04	-1.98	9.70
755668	damage	bot-1162	bravo	bot-1036	alpha	cz_805_bren	bullet	24.00	0.33	23.23	1.16	20.32	-11.12	12.61
756659	damage	bot-1064	alpha	bot-1156	bravo	cz_805_bren	bullet	24.00	48.37	-4.79	-13.43	-25.70	24.61	43.41
757346	damage	bot-1121	alpha	bot-1166	bravo	cz_805_bren	bullet	24.00	76.00	-18.87	11.16	-19.81	18.71	7.61
757556	damage	bot-1121	alpha	bot-1166	bravo	cz_805_bren	bullet	24.00	52.00	-18.78	10.40	-19.80	18.61	8.28
757754	kill	bot-1166	bravo	bot-1121	alpha	five_seven	bullet	20.00	0.00	-19.42	18.01	-18.43	9.75	8.32
757932	damage	bot-1036	alpha	bot-1162	bravo	five_seven	bullet	20.00	80.00	19.31	-12.04	18.08	-1.35	10.76
758142	damage	bot-1064	alpha	bot-1168	bravo	cz_805_bren	bullet	24.00	76.00	-5.15	-12.66	-13.26	2.26	16.98
758256	damage	bot-1064	alpha	bot-1168	bravo	cz_805_bren	bullet	24.00	52.00	-5.15	-12.66	-13.26	2.26	16.98
758469	damage	bot-1064	alpha	bot-1168	bravo	cz_805_bren	bullet	24.00	28.00	-5.15	-12.66	-13.78	1.74	16.78
758552	damage	bot-1168	bravo	bot-1159	alpha	m1911	bullet	33.00	39.47	-14.03	1.49	-7.80	10.25	10.76
758643	damage	bot-1117	alpha	bot-1168	bravo	five_seven	bullet	20.00	8.00	2.47	0.59	-14.28	1.24	16.76
758761	kill	bot-1064	alpha	bot-1168	bravo	cz_805_bren	bullet	24.00	0.00	-5.15	-12.66	-14.53	0.98	16.55
758761	damage	bot-1149	alpha	bot-1162	bravo	five_seven	bullet	20.00	0.73	26.74	3.74	19.13	-1.20	9.07
758911	kill	bot-1141	alpha	bot-1162	bravo	m1911	bullet	33.00	0.00	-18.21	10.59	19.29	-1.01	39.25
760505	damage	bot-1151	alpha	bot-1144	bravo	five_seven	bullet	20.00	80.00	15.78	7.34	17.75	10.14	3.42
761170	damage	bot-1151	alpha	bot-1144	bravo	five_seven	bullet	20.00	60.00	14.93	6.26	18.01	10.44	5.20
761336	damage	bot-1151	alpha	bot-1144	bravo	five_seven	bullet	20.00	40.00	14.95	5.90	18.50	10.96	6.18
761406	damage	bot-1094	bravo	bot-1129	alpha	five_seven	bullet	20.00	75.30	-15.15	-13.07	-7.77	-18.21	8.99
761572	damage	bot-1094	bravo	bot-1129	alpha	five_seven	bullet	20.00	55.30	-15.15	-13.07	-7.77	-18.21	8.99
761761	damage	bot-1094	bravo	bot-1129	alpha	five_seven	bullet	20.00	35.30	-15.15	-13.07	-7.67	-18.31	9.14
761840	damage	bot-1129	alpha	bot-1128	bravo	cz_805_bren	bullet	24.00	76.00	-7.61	-18.37	-16.56	-11.84	11.07
761916	damage	bot-1094	bravo	bot-1129	alpha	five_seven	bullet	20.00	15.30	-15.15	-13.07	-7.55	-18.43	9.30
762102	kill	bot-1094	bravo	bot-1129	alpha	five_seven	bullet	20.00	0.00	-15.15	-13.07	-7.42	-18.54	9.47
763786	damage	bot-1166	bravo	bot-1167	alpha	five_seven	bullet	20.00	80.00	-17.21	22.77	-7.25	22.25	9.97
764093	damage	bot-1166	bravo	bot-1167	alpha	five_seven	bullet	20.00	60.00	-17.91	23.39	-7.55	22.59	10.39
764289	damage	bot-1166	bravo	bot-1167	alpha	five_seven	bullet	20.00	40.00	-18.58	23.33	-6.90	22.27	11.72
764500	damage	bot-1166	bravo	bot-1167	alpha	five_seven	bullet	20.00	20.00	-19.08	22.81	-6.28	21.97	12.82
764694	kill	bot-1166	bravo	bot-1167	alpha	five_seven	bullet	20.00	0.00	-19.67	22.49	-5.61	21.73	14.08
764867	damage	bot-1147	alpha	bot-1172	bravo	cz_805_bren	bullet	24.00	76.00	25.15	17.18	-13.81	23.66	39.49
767096	damage	bot-1171	bravo	bot-1163	alpha	cz_805_bren	bullet	24.00	42.88	-23.07	24.15	-17.28	22.96	5.91
767619	damage	bot-1128	bravo	bot-1133	alpha	m1911	bullet	33.00	47.00	-14.58	-13.52	-7.34	-18.47	8.77
768039	damage	bot-1128	bravo	bot-1133	alpha	m1911	bullet	33.00	14.00	-14.58	-13.52	-6.55	-19.21	9.84
768174	damage	bot-1147	alpha	bot-1171	bravo	cz_805_bren	bullet	24.00	28.15	23.79	16.68	-24.83	25.15	49.35
768329	damage	bot-1147	alpha	bot-1171	bravo	cz_805_bren	bullet	24.00	4.15	23.79	16.68	-24.90	25.19	49.43
769185	damage	bot-1171	bravo	bot-1163	alpha	cz_805_bren	bullet	24.00	18.88	-25.33	25.44	-19.23	18.99	8.88
769185	damage	bot-1176	bravo	bot-1149	alpha	cz_805_bren	bullet	24.00	76.00	17.94	-1.29	23.28	1.12	5.85
769319	damage	bot-1064	alpha	bot-1174	bravo	cz_805_bren	bullet	24.00	76.00	-6.26	-3.36	-24.25	18.72	28.48
769319	damage	bot-1176	bravo	bot-1149	alpha	cz_805_bren	bullet	24.00	52.00	17.69	-1.49	23.56	1.24	6.47
769454	damage	bot-1064	alpha	bot-1174	bravo	cz_805_bren	bullet	24.00	52.00	-6.26	-3.36	-24.48	18.49	28.45
769454	damage	bot-1163	alpha	bot-1174	bravo	cz_805_bren	bullet	24.00	28.00	-19.23	18.64	-24.48	18.49	5.25
769454	damage	bot-1176	bravo	bot-1149	alpha	cz_805_bren	bullet	24.00	28.00	17.44	-1.70	23.88	1.39	7.15
769715	damage	bot-1176	bravo	bot-1149	alpha	cz_805_bren	bullet	24.00	4.00	16.92	-2.11	24.53	1.70	8.51
769840	kill	bot-1176	bravo	bot-1149	alpha	cz_805_bren	bullet	24.00	0.00	16.79	-2.25	24.85	1.84	9.04
770071	damage	bot-1117	alpha	bot-1166	bravo	five_seven	bullet	20.00	26.08	-4.77	-3.02	-14.43	11.98	17.84
770198	damage	bot-1036	alpha	bot-1166	bravo	five_seven	bullet	20.00	6.08	14.33	-5.53	-14.10	11.88	33.33
770341	kill	bot-1036	alpha	bot-1166	bravo	five_seven	bullet	20.00	0.00	14.33	-5.53	-13.76	11.77	32.99
770341	damage	bot-1064	alpha	bot-1177	bravo	cz_805_bren	bullet	24.00	76.00	-6.27	-3.44	-16.52	6.53	14.30
770639	damage	bot-1064	alpha	bot-1177	bravo	cz_805_bren	bullet	24.00	52.00	-6.27	-3.44	-16.07	6.07	13.66
770639	damage	bot-1117	alpha	bot-1177	bravo	five_seven	bullet	20.00	32.00	-4.75	-3.00	-16.07	6.07	14.50
770639	damage	bot-1157	alpha	bot-1177	bravo	five_seven	bullet	20.00	12.00	7.47	5.00	-16.07	6.07	23.56
770811	kill	bot-1036	alpha	bot-1177	bravo	five_seven	bullet	20.00	0.00	14.33	-5.53	-16.27	6.34	32.82
771784	damage	bot-1170	bravo	bot-1173	alpha	cz_805_bren	bullet	24.00	27.35	-23.05	12.90	-24.89	15.84	3.46
771784	kill	bot-1174	bravo	bot-1173	alpha	m1911	bullet	33.00	0.00	-23.00	22.78	-25.19	15.66	7.45
772840	damage	bot-1170	bravo	bot-1175	alpha	cz_805_bren	bullet	24.00	76.00	-22.70	12.91	-19.41	19.98	7.80
772985	kill	bot-1147	alpha	bot-1171	bravo	cz_805_bren	bullet	24.00	0.00	22.31	16.58	-26.64	26.27	49.90
772985	damage	bot-1179	bravo	bot-1082	alpha	five_seven	bullet	20.00	56.85	-16.25	-3.75	-11.16	8.78	13.53
773092	damage	bot-1117	alpha	bot-1179	bravo	five_seven	bullet	20.00	80.00	-5.09	-2.61	-16.25	-3.75	11.22
773268	damage	bot-1117	alpha	bot-1179	bravo	five_seven	bullet	20.00	60.00	-5.09	-2.61	-16.25	-3.75	11.22
773268	damage	bot-1157	alpha	bot-1176	bravo	five_seven	bullet	20.00	80.00	7.89	4.73	17.12	-4.14	12.79
773268	damage	bot-1179	bravo	bot-1082	alpha	five_seven	bullet	20.00	36.85	-16.25	-3.75	-10.55	9.10	14.06
773642	damage	bot-1157	alpha	bot-1176	bravo	five_seven	bullet	20.00	60.00	7.89	4.73	17.03	-4.04	12.66
773642	damage	bot-1179	bravo	bot-1082	alpha	five_seven	bullet	20.00	16.85	-16.67	-4.31	-9.98	9.56	15.40
773821	damage	bot-1147	alpha	bot-1174	bravo	cz_805_bren	bullet	24.00	4.00	22.25	16.58	-25.41	26.08	48.60
774013	damage	bot-1157	alpha	bot-1176	bravo	five_seven	bullet	20.00	40.00	7.89	4.73	17.12	-4.17	12.82
774163	damage	bot-1157	alpha	bot-1176	bravo	five_seven	bullet	20.00	20.00	7.89	4.73	17.17	-4.23	12.90
774163	damage	bot-1170	bravo	bot-1175	alpha	cz_805_bren	bullet	24.00	52.00	-23.96	12.18	-19.16	18.54	7.97
774328	kill	bot-1157	alpha	bot-1176	bravo	five_seven	bullet	20.00	0.00	7.89	4.73	17.22	-4.30	12.98
774328	damage	bot-1170	bravo	bot-1175	alpha	cz_805_bren	bullet	24.00	28.00	-23.96	12.18	-19.16	18.91	8.27
774500	damage	bot-1170	bravo	bot-1175	alpha	cz_805_bren	bullet	24.00	4.00	-23.96	12.18	-19.17	19.27	8.55
774805	damage	bot-1117	alpha	bot-1179	bravo	five_seven	bullet	20.00	40.00	-5.18	-2.94	-18.44	-5.70	13.55
774941	damage	bot-1181	bravo	bot-1169	alpha	five_seven	bullet	20.00	80.00	-5.29	10.73	-6.62	19.82	9.19
775062	damage	bot-1036	alpha	bot-1181	bravo	five_seven	bullet	20.00	80.00	9.73	-5.72	-5.29	10.73	22.27
775062	damage	bot-1117	alpha	bot-1179	bravo	five_seven	bullet	20.00	20.00	-5.18	-2.94	-19.15	-5.71	14.25
775189	kill	bot-1092	alpha	bot-1179	bravo	five_seven	bullet	20.00	0.00	14.31	6.70	-19.51	-5.72	36.03
775189	damage	bot-1181	bravo	bot-1169	alpha	five_seven	bullet	20.00	60.00	-5.29	10.73	-6.56	19.77	9.13
775354	damage	bot-1036	alpha	bot-1181	bravo	five_seven	bullet	20.00	60.00	9.73	-5.72	-5.29	10.73	22.27
775354	damage	bot-1181	bravo	bot-1169	alpha	five_seven	bullet	20.00	40.00	-5.29	10.73	-6.61	20.15	9.51
775512	damage	bot-1036	alpha	bot-1181	bravo	five_seven	bullet	20.00	40.00	9.73	-5.72	-5.33	11.05	22.54
775834	damage	bot-1169	alpha	bot-1181	bravo	cz_805_bren	bullet	24.00	16.00	-6.74	20.84	-5.42	11.68	9.25
775834	damage	bot-1181	bravo	bot-1169	alpha	five_seven	bullet	20.00	20.00	-5.42	11.68	-6.87	21.17	9.59
776000	kill	bot-1181	bravo	bot-1169	alpha	five_seven	bullet	20.00	0.00	-5.42	11.76	-6.82	21.53	9.87
777001	kill	bot-1036	alpha	bot-1181	bravo	five_seven	bullet	20.00	0.00	9.56	-5.74	-5.42	12.21	23.38
777336	damage	bot-1170	bravo	bot-1161	alpha	cz_805_bren	bullet	24.00	76.00	-26.07	13.06	-19.25	12.75	6.83
777843	damage	bot-1157	alpha	bot-1170	bravo	five_seven	bullet	20.00	65.75	6.25	4.51	-25.19	13.56	32.72
779379	damage	bot-1155	alpha	bot-1184	bravo	cz_805_bren	bullet	24.00	76.00	9.17	17.36	15.33	14.26	6.89
779379	damage	bot-1184	bravo	bot-1123	alpha	cz_805_bren	bullet	24.00	65.40	15.33	14.26	9.95	17.10	6.09
779533	damage	bot-1123	alpha	bot-1184	bravo	cz_805_bren	bullet	24.00	52.00	9.95	17.10	15.65	14.25	6.37
779533	damage	bot-1155	alpha	bot-1184	bravo	cz_805_bren	bullet	24.00	28.00	9.07	17.67	15.65	14.25	7.41
779664	damage	bot-1123	alpha	bot-1184	bravo	cz_805_bren	bullet	24.00	4.00	9.95	17.11	16.01	14.25	6.70
779964	kill	bot-1123	alpha	bot-1184	bravo	cz_805_bren	bullet	24.00	0.00	9.95	17.11	17.43	14.25	8.01
780957	damage	bot-1092	alpha	bot-1185	bravo	five_seven	bullet	20.00	80.00	9.75	6.66	-15.75	-7.75	29.29
780957	damage	bot-1185	bravo	bot-1183	alpha	five_seven	bullet	20.00	80.00	-15.75	-7.75	-15.59	2.79	10.54
781035	damage	bot-1133	alpha	bot-1182	bravo	five_seven	bullet	20.00	80.00	-2.00	-23.15	12.33	-25.22	14.48
781035	damage	bot-1157	alpha	bot-1185	bravo	five_seven	bullet	20.00	60.00	5.15	4.82	-15.75	-7.75	24.39
781129	damage	bot-1185	bravo	bot-1183	alpha	five_seven	bullet	20.00	60.00	-16.10	-7.80	-15.74	2.84	10.64
781218	damage	bot-1133	alpha	bot-1182	bravo	five_seven	bullet	20.00	60.00	-2.00	-23.15	12.31	-25.35	14.49
781218	damage	bot-1157	alpha	bot-1185	bravo	five_seven	bullet	20.00	40.00	5.15	4.82	-16.45	-7.83	25.03
781296	damage	bot-1185	bravo	bot-1183	alpha	five_seven	bullet	20.00	40.00	-16.80	-7.88	-16.32	2.43	10.32
781358	damage	bot-1133	alpha	bot-1182	bravo	five_seven	bullet	20.00	40.00	-2.00	-23.15	12.45	-25.42	14.63
781497	damage	bot-1185	bravo	bot-1183	alpha	five_seven	bullet	20.00	20.00	-17.86	-8.04	-17.20	1.79	9.85
781570	damage	bot-1133	alpha	bot-1182	bravo	five_seven	bullet	20.00	20.00	-2.00	-23.15	12.68	-25.54	14.87
781570	damage	bot-1157	alpha	bot-1185	bravo	five_seven	bullet	20.00	20.00	5.15	4.79	-18.21	-8.09	26.68
781740	kill	bot-1092	alpha	bot-1185	bravo	five_seven	bullet	20.00	0.00	9.95	6.75	-19.09	-8.42	32.76
781947	damage	bot-1161	alpha	bot-1170	bravo	cz_805_bren	bullet	24.00	41.75	-20.60	10.60	-22.15	12.76	2.66
782093	damage	bot-1161	alpha	bot-1170	bravo	cz_805_bren	bullet	24.00	17.75	-20.50	10.50	-22.25	12.89	2.96
782239	kill	bot-1161	alpha	bot-1170	bravo	cz_805_bren	bullet	24.00	0.00	-20.40	10.40	-22.35	13.01	3.26
783306	damage	bot-1143	alpha	bot-1187	bravo	five_seven	bullet	20.00	80.00	13.82	-2.06	13.75	9.75	11.81
783469	damage	bot-1143	alpha	bot-1187	bravo	five_seven	bullet	20.00	60.00	13.82	-2.06	13.75	9.75	11.81
783469	damage	bot-1157	alpha	bot-1187	bravo	five_seven	bullet	20.00	40.00	5.37	4.55	13.75	9.75	9.87
783648	damage	bot-1143	alpha	bot-1187	bravo	five_seven	bullet	20.00	20.00	13.83	-2.07	13.92	10.46	12.53
784043	damage	bot-1187	bravo	bot-1153	alpha	five_seven	bullet	20.00	80.00	14.37	12.19	9.28	15.04	5.83
784207	kill	bot-1143	alpha	bot-1187	bravo	five_seven	bullet	20.00	0.00	13.95	-2.13	14.54	12.89	15.03
785844	damage	bot-1133	alpha	bot-1130	bravo	five_seven	bullet	20.00	60.23	2.44	-23.14	-13.00	-14.70	17.59
786041	damage	bot-1133	alpha	bot-1130	bravo	five_seven	bullet	20.00	40.23	2.44	-23.14	-13.00	-14.70	17.59
787139	damage	bot-1191	bravo	bot-1153	alpha	cz_805_bren	bullet	24.00	56.00	14.25	6.75	11.66	14.53	8.20
787297	damage	bot-1191	bravo	bot-1153	alpha	cz_805_bren	bullet	24.00	32.00	14.25	6.75	11.55	14.66	8.36
787361	damage	bot-1153	alpha	bot-1191	bravo	cz_805_bren	bullet	24.00	76.00	11.55	14.66	14.25	6.75	8.36
787416	damage	bot-1183	alpha	bot-1191	bravo	cz_805_bren	bullet	24.00	52.00	-20.15	-0.44	14.29	6.43	35.12
787492	damage	bot-1153	alpha	bot-1191	bravo	cz_805_bren	bullet	24.00	28.00	11.39	14.76	14.32	6.79	8.49
787492	damage	bot-1155	alpha	bot-1191	bravo	cz_805_bren	bullet	24.00	4.00	12.20	15.99	14.32	6.79	9.45
787566	kill	bot-1183	alpha	bot-1191	bravo	cz_805_bren	bullet	24.00	0.00	-20.15	-0.44	14.36	7.14	35.33
787844	damage	bot-1133	alpha	bot-1128	bravo	five_seven	bullet	20.00	42.71	2.44	-23.14	-13.05	-15.25	17.38
788001	damage	bot-1133	alpha	bot-1128	bravo	five_seven	bullet	20.00	22.71	2.44	-23.14	-13.07	-15.09	17.47
788178	damage	bot-1133	alpha	bot-1128	bravo	five_seven	bullet	20.00	2.71	2.44	-23.14	-13.08	-14.92	17.56
788355	kill	bot-1133	alpha	bot-1128	bravo	five_seven	bullet	20.00	0.00	2.44	-23.14	-13.10	-14.76	17.65
789147	damage	bot-1155	alpha	bot-1192	bravo	cz_805_bren	bullet	24.00	76.00	12.51	15.48	14.75	5.75	9.99
789325	damage	bot-1155	alpha	bot-1192	bravo	cz_805_bren	bullet	24.00	52.00	12.51	15.48	14.75	5.75	9.99
789399	damage	bot-1183	alpha	bot-1192	bravo	cz_805_bren	bullet	24.00	28.00	-19.17	-0.96	14.75	5.39	34.51
789485	damage	bot-1155	alpha	bot-1192	bravo	cz_805_bren	bullet	24.00	4.00	12.51	15.48	14.75	5.04	10.69
789779	damage	bot-1133	alpha	bot-1006	bravo	five_seven	bullet	20.00	52.53	2.44	-22.53	-13.25	-14.97	17.41
789903	damage	bot-1183	alpha	bot-1144	bravo	cz_805_bren	bullet	24.00	7.14	-19.17	-0.97	16.27	7.78	36.50
789991	damage	bot-1006	bravo	bot-1133	alpha	five_seven	bullet	20.00	49.29	-13.25	-14.80	2.44	-22.53	17.48
790176	damage	bot-1006	bravo	bot-1133	alpha	five_seven	bullet	20.00	29.29	-13.25	-14.64	2.40	-22.67	17.59
790176	damage	bot-1133	alpha	bot-1006	bravo	five_seven	bullet	20.00	32.53	2.40	-22.67	-13.25	-14.56	17.63
790256	kill	bot-1183	alpha	bot-1144	bravo	cz_805_bren	bullet	24.00	0.00	-19.17	-0.97	16.27	7.78	36.50
790336	damage	bot-1006	bravo	bot-1133	alpha	five_seven	bullet	20.00	9.29	-13.25	-14.48	2.36	-22.83	17.70
791248	damage	bot-1165	alpha	bot-1193	bravo	five_seven	bullet	20.00	80.00	-6.48	18.97	-4.24	17.45	2.70
791498	damage	bot-1133	alpha	bot-1193	bravo	five_seven	bullet	20.00	60.00	1.62	-25.47	-3.57	16.81	42.60
791650	damage	bot-1133	alpha	bot-1193	bravo	five_seven	bullet	20.00	40.00	1.46	-26.03	-4.01	17.41	43.79
791975	damage	bot-1133	alpha	bot-1193	bravo	five_seven	bullet	20.00	20.00	1.29	-26.61	-4.21	19.13	46.07
793496	damage	bot-1194	bravo	bot-1143	alpha	cz_805_bren	bullet	24.00	29.98	26.65	-3.46	22.19	2.20	7.21
793662	damage	bot-1194	bravo	bot-1143	alpha	cz_805_bren	bullet	24.00	7.78	26.66	-3.15	22.19	2.20	6.98
794116	kill	bot-1194	bravo	bot-1143	alpha	cz_805_bren	bullet	24.00	0.00	26.70	-1.76	22.11	2.21	6.07
794261	damage	bot-1186	alpha	bot-1124	bravo	five_seven	bullet	20.00	52.08	-8.82	-17.34	-16.60	-12.32	9.26
794432	damage	bot-1186	alpha	bot-1124	bravo	five_seven	bullet	20.00	33.18	-8.83	-17.34	-16.67	-11.97	9.51
794583	damage	bot-1186	alpha	bot-1124	bravo	five_seven	bullet	20.00	15.38	-8.84	-17.34	-16.67	-11.96	9.50
794735	kill	bot-1186	alpha	bot-1124	bravo	five_seven	bullet	20.00	0.00	-8.84	-17.34	-16.67	-11.99	9.48
794811	damage	bot-1194	bravo	bot-1151	alpha	cz_805_bren	bullet	24.00	33.14	26.73	-1.80	20.20	-5.84	7.68
795352	damage	bot-1195	bravo	bot-1196	alpha	cz_805_bren	bullet	24.00	76.00	-2.39	-23.10	-6.78	-20.04	5.36
795627	damage	bot-1195	bravo	bot-1196	alpha	cz_805_bren	bullet	24.00	52.00	-1.28	-24.21	-6.98	-19.77	7.22
795700	damage	bot-1133	alpha	bot-1195	bravo	five_seven	bullet	20.00	80.00	5.44	-26.71	-1.28	-24.21	7.17
795779	damage	bot-1147	alpha	bot-1195	bravo	cz_805_bren	bullet	24.00	56.00	14.74	13.15	-1.28	-24.21	40.66
795779	damage	bot-1195	bravo	bot-1196	alpha	cz_805_bren	bullet	24.00	28.00	-1.28	-24.21	-7.04	-19.64	7.36
795779	damage	bot-1196	alpha	bot-1195	bravo	cz_805_bren	bullet	24.00	32.00	-7.04	-19.64	-1.06	-24.49	7.71
795961	damage	bot-1195	bravo	bot-1196	alpha	cz_805_bren	bullet	24.00	5.10	-0.83	-24.78	-7.11	-19.50	8.21
795961	damage	bot-1196	alpha	bot-1195	bravo	cz_805_bren	bullet	24.00	8.00	-7.11	-19.50	-0.61	-25.06	8.56
796041	kill	bot-1141	alpha	bot-1195	bravo	five_seven	bullet	20.00	0.00	-14.26	11.55	-0.61	-25.06	39.07
796486	damage	bot-1094	bravo	bot-1186	alpha	five_seven	bullet	20.00	80.00	-16.95	-11.67	-7.40	-18.74	11.88
797545	damage	bot-1188	alpha	bot-1197	bravo	m1911	bullet	33.00	67.00	-24.06	-15.59	-19.41	-16.19	4.69
797662	damage	bot-1197	bravo	bot-1190	alpha	five_seven	bullet	20.00	80.00	-19.39	-16.19	-25.93	-11.48	8.06
797816	damage	bot-1197	bravo	bot-1190	alpha	five_seven	bullet	20.00	60.00	-19.37	-16.19	-25.82	-11.46	8.01
797913	damage	bot-1188	alpha	bot-1197	bravo	m1911	bullet	33.00	34.00	-24.42	-15.84	-19.04	-16.25	5.40
799277	damage	bot-1188	alpha	bot-1197	bravo	m1911	bullet	33.00	1.00	-25.90	-17.31	-19.75	-20.68	7.02
799365	damage	bot-1197	bravo	bot-1188	alpha	five_seven	bullet	20.00	80.00	-19.41	-20.83	-26.07	-17.53	7.44
799531	damage	bot-1197	bravo	bot-1188	alpha	five_seven	bullet	20.00	60.00	-18.82	-21.21	-25.72	-17.40	7.88
801292	kill	bot-1133	alpha	bot-1197	bravo	five_seven	bullet	20.00	0.00	11.56	-24.82	-12.28	-24.73	23.84
803853	kill	bot-1199	bravo	bot-1161	alpha	m24	bullet	95.00	0.00	-18.75	22.25	-23.53	3.05	19.79
804221	damage	bot-1202	bravo	bot-1190	alpha	cz_805_bren	bullet	24.00	48.31	-22.89	21.70	-25.76	-7.33	29.17
804971	damage	bot-1202	bravo	bot-1190	alpha	cz_805_bren	bullet	24.00	24.31	-22.87	21.64	-23.64	-11.21	32.86
805199	damage	bot-1133	alpha	bot-1094	bravo	five_seven	bullet	20.00	52.04	13.93	-26.28	-13.08	-14.71	29.39
805588	damage	bot-1202	bravo	bot-1180	alpha	cz_805_bren	bullet	24.00	76.00	-22.92	21.99	-18.19	11.75	11.27
805821	damage	bot-1203	bravo	bot-1180	alpha	five_seven	bullet	20.00	56.00	-24.73	18.12	-17.85	11.75	9.38
806009	damage	bot-1180	alpha	bot-1203	bravo	cz_805_bren	bullet	24.00	76.00	-17.72	11.65	-24.73	18.13	9.54
806009	damage	bot-1203	bravo	bot-1180	alpha	five_seven	bullet	20.00	36.00	-24.73	18.13	-17.65	11.61	9.62
806171	damage	bot-1180	alpha	bot-1203	bravo	cz_805_bren	bullet	24.00	52.00	-17.51	11.53	-24.72	18.13	9.78
806171	damage	bot-1203	bravo	bot-1180	alpha	five_seven	bullet	20.00	16.00	-24.72	18.13	-17.44	11.49	9.86
806334	damage	bot-1180	alpha	bot-1203	bravo	cz_805_bren	bullet	24.00	28.00	-17.28	11.41	-24.44	19.08	10.49
806334	kill	bot-1203	bravo	bot-1180	alpha	five_seven	bullet	20.00	0.00	-24.44	19.08	-17.20	11.38	10.57
806881	damage	bot-1175	alpha	bot-1202	bravo	five_seven	bullet	20.00	59.89	-22.99	9.75	-22.88	21.62	11.86
807023	damage	bot-1175	alpha	bot-1202	bravo	five_seven	bullet	20.00	39.89	-22.98	9.76	-22.76	21.82	12.06
807634	damage	bot-1123	alpha	bot-1201	bravo	cz_805_bren	bullet	24.00	33.00	8.96	17.93	-17.75	26.62	28.09
807782	damage	bot-1123	alpha	bot-1201	bravo	cz_805_bren	bullet	24.00	9.00	8.96	17.93	-17.76	26.66	28.11
807901	kill	bot-1123	alpha	bot-1201	bravo	cz_805_bren	bullet	24.00	0.00	8.96	17.93	-17.76	26.66	28.11
808276	damage	bot-1203	bravo	bot-1123	alpha	five_seven	bullet	20.00	52.14	-16.40	26.54	8.96	17.93	26.79
808397	damage	bot-1175	alpha	bot-1205	bravo	five_seven	bullet	20.00	80.00	-23.42	9.77	-23.73	21.95	12.19
808397	damage	bot-1206	alpha	bot-1203	bravo	cz_805_bren	bullet	24.00	4.00	23.11	19.75	-16.42	26.55	40.11
808463	damage	bot-1203	bravo	bot-1123	alpha	five_seven	bullet	20.00	32.14	-16.42	26.55	9.20	17.88	27.04
808518	kill	bot-1123	alpha	bot-1203	bravo	cz_805_bren	bullet	24.00	0.00	9.20	17.88	-16.42	26.55	27.04
808580	damage	bot-1175	alpha	bot-1205	bravo	five_seven	bullet	20.00	60.00	-23.40	9.77	-23.73	21.95	12.19
808580	damage	bot-1198	alpha	bot-1205	bravo	five_seven	bullet	20.00	40.00	-23.67	1.96	-23.73	21.95	19.99
808753	damage	bot-1198	alpha	bot-1205	bravo	five_seven	bullet	20.00	20.00	-23.71	2.32	-23.71	22.31	19.99
808753	damage	bot-1206	alpha	bot-1202	bravo	cz_805_bren	bullet	24.00	15.89	23.11	19.75	-15.29	25.99	38.90
809039	kill	bot-1123	alpha	bot-1202	bravo	cz_805_bren	bullet	24.00	0.00	9.66	17.57	-14.46	26.15	25.60
809039	damage	bot-1133	alpha	bot-1130	bravo	five_seven	bullet	20.00	75.83	9.47	-22.95	-13.19	-14.88	24.06
809192	damage	bot-1133	alpha	bot-1130	bravo	five_seven	bullet	20.00	55.83	9.47	-22.95	-13.20	-14.87	24.06
809252	damage	bot-1199	bravo	bot-1206	alpha	m24	bullet	95.00	5.00	-17.52	23.63	23.11	19.75	40.81
809318	damage	bot-1206	alpha	bot-1199	bravo	cz_805_bren	bullet	24.00	38.51	23.14	19.67	-17.51	23.64	40.84
809433	damage	bot-1206	alpha	bot-1199	bravo	cz_805_bren	bullet	24.00	14.51	23.20	19.53	-18.29	23.49	41.68
809586	kill	bot-1206	alpha	bot-1199	bravo	cz_805_bren	bullet	24.00	0.00	23.28	19.31	-19.49	23.23	42.95
810969	damage	bot-1123	alpha	bot-1205	bravo	cz_805_bren	bullet	24.00	8.38	9.74	17.55	-26.69	26.68	37.56
811217	kill	bot-1123	alpha	bot-1205	bravo	cz_805_bren	bullet	24.00	0.00	9.74	17.55	-26.69	26.68	37.56
811462	damage	bot-1175	alpha	bot-1207	bravo	five_seven	bullet	20.00	80.00	-23.95	17.47	-21.78	22.45	5.43
811531	damage	bot-1178	alpha	bot-1209	bravo	m24	bullet	95.00	5.00	-1.87	-2.13	-8.86	-16.88	16.33
811614	damage	bot-1175	alpha	bot-1207	bravo	five_seven	bullet	20.00	60.00	-23.45	17.93	-21.66	22.56	4.96
811816	kill	bot-1209	bravo	bot-1141	alpha	cz_805_bren	bullet	24.00	0.00	-9.86	-16.40	-1.32	-4.06	15.01
812843	damage	bot-1207	bravo	bot-1175	alpha	cz_805_bren	bullet	24.00	13.42	-25.63	25.05	-17.95	23.32	7.88
812997	damage	bot-1175	alpha	bot-1207	bravo	five_seven	bullet	20.00	40.00	-17.42	23.70	-26.43	25.55	9.20
813182	kill	bot-1207	bravo	bot-1175	alpha	cz_805_bren	bullet	24.00	0.00	-26.49	25.61	-16.30	24.51	10.25
813875	damage	bot-1211	bravo	bot-1204	alpha	five_seven	bullet	20.00	70.36	-21.16	-15.84	-21.03	-9.85	5.99
814076	damage	bot-1211	bravo	bot-1204	alpha	five_seven	bullet	20.00	50.36	-21.16	-15.84	-21.03	-9.85	5.99
814318	damage	bot-1188	alpha	bot-1211	bravo	m1911	bullet	33.00	67.00	-18.12	-16.46	-20.21	-16.00	2.15
815323	kill	bot-1188	alpha	bot-1211	bravo	m24	bullet	95.00	0.00	-15.10	-18.57	-18.75	-16.25	4.32
815492	damage	bot-1206	alpha	bot-1207	bravo	cz_805_bren	bullet	24.00	46.93	23.18	19.47	-26.39	25.70	49.96
815615	damage	bot-1206	alpha	bot-1207	bravo	cz_805_bren	bullet	24.00	25.15	23.18	19.47	-26.39	25.70	49.96
815740	damage	bot-1206	alpha	bot-1207	bravo	cz_805_bren	bullet	24.00	3.41	23.18	19.47	-26.39	25.70	49.96
815867	kill	bot-1206	alpha	bot-1207	bravo	cz_805_bren	bullet	24.00	0.00	23.18	19.47	-26.39	25.70	49.96
818747	damage	bot-1178	alpha	bot-1215	bravo	m1911	bullet	33.00	67.00	-2.67	-6.18	8.45	-5.75	11.13
818747	damage	bot-1215	bravo	bot-1208	alpha	cz_805_bren	bullet	24.00	76.00	8.45	-5.75	3.01	-5.26	5.46
818911	damage	bot-1215	bravo	bot-1208	alpha	cz_805_bren	bullet	24.00	52.00	9.40	-5.76	3.01	-5.26	6.41
818966	damage	bot-1155	alpha	bot-1215	bravo	cz_805_bren	bullet	24.00	43.00	18.55	-1.94	9.73	-5.76	9.61
819644	damage	bot-1117	alpha	bot-1215	bravo	five_seven	bullet	20.00	23.00	-12.12	-6.30	5.87	-6.58	17.99
819736	damage	bot-1217	bravo	bot-1218	alpha	cz_805_bren	bullet	24.00	76.00	13.85	8.89	11.15	10.55	3.17
819944	damage	bot-1217	bravo	bot-1218	alpha	cz_805_bren	bullet	24.00	52.00	14.61	7.94	11.17	10.55	4.32
820238	damage	bot-1215	bravo	bot-1178	alpha	cz_805_bren	bullet	24.00	41.39	4.84	-10.51	2.04	-5.48	5.76
821043	kill	bot-1178	alpha	bot-1215	bravo	m1911	bullet	33.00	0.00	6.98	-5.73	1.18	-14.28	10.33
821590	damage	bot-1206	alpha	bot-1219	bravo	cz_805_bren	bullet	24.00	76.00	14.49	18.93	14.76	9.62	9.32
821693	damage	bot-1217	bravo	bot-1216	alpha	cz_805_bren	bullet	24.00	76.00	14.55	6.85	15.01	15.90	9.06
821756	damage	bot-1206	alpha	bot-1219	bravo	cz_805_bren	bullet	24.00	52.00	14.34	18.92	14.76	8.71	10.22
822069	damage	bot-1117	alpha	bot-1217	bravo	five_seven	bullet	20.00	5.84	-12.27	-6.05	14.91	7.24	30.26
822236	kill	bot-1117	alpha	bot-1217	bravo	five_seven	bullet	20.00	0.00	-12.27	-6.05	15.91	7.62	31.33
826031	damage	bot-1206	alpha	bot-1221	bravo	cz_805_bren	bullet	24.00	76.00	6.75	18.25	24.04	14.25	17.75
826031	damage	bot-1214	alpha	bot-1221	bravo	cz_805_bren	bullet	24.00	52.00	16.47	14.27	24.04	14.25	7.57
826086	damage	bot-1147	alpha	bot-1221	bravo	cz_805_bren	bullet	24.00	28.00	-9.19	22.71	24.40	14.25	34.64
826207	damage	bot-1147	alpha	bot-1221	bravo	cz_805_bren	bullet	24.00	4.00	-9.19	22.71	25.08	14.25	35.30
826207	kill	bot-1214	alpha	bot-1221	bravo	cz_805_bren	bullet	24.00	0.00	16.47	14.27	25.08	14.25	8.61
827938	damage	bot-1117	alpha	bot-1222	bravo	five_seven	bullet	20.00	80.00	-7.66	-3.24	22.75	-6.25	30.56
828082	damage	bot-1117	alpha	bot-1222	bravo	five_seven	bullet	20.00	60.00	-7.66	-3.24	22.75	-6.25	30.56
828180	damage	bot-1157	alpha	bot-1220	bravo	five_seven	bullet	20.00	80.00	8.56	-1.76	16.89	8.98	13.59
828536	damage	bot-1157	alpha	bot-1220	bravo	five_seven	bullet	20.00	60.00	8.56	-1.76	16.89	8.96	13.58
828700	damage	bot-1157	alpha	bot-1220	bravo	five_seven	bullet	20.00	40.00	8.56	-1.76	16.86	8.51	13.21
828928	damage	bot-1165	alpha	bot-1220	bravo	m1911	bullet	33.00	7.00	4.77	1.56	16.63	8.05	13.52
829004	kill	bot-1157	alpha	bot-1220	bravo	five_seven	bullet	20.00	0.00	8.56	-1.76	16.60	7.97	12.62
830690	damage	bot-1157	alpha	bot-1213	bravo	five_seven	bullet	20.00	52.31	9.74	-0.23	18.23	10.64	13.80
831054	damage	bot-1222	bravo	bot-1145	alpha	cz_805_bren	bullet	24.00	48.56	26.73	-12.99	12.47	0.24	19.45
831209	damage	bot-1222	bravo	bot-1145	alpha	cz_805_bren	bullet	24.00	24.56	26.73	-12.99	12.24	0.32	19.68
831321	damage	bot-1222	bravo	bot-1145	alpha	cz_805_bren	bullet	24.00	0.56	26.73	-12.97	12.09	0.38	19.81
831478	kill	bot-1222	bravo	bot-1145	alpha	cz_805_bren	bullet	24.00	0.00	26.73	-12.97	11.94	0.44	19.96
831816	damage	bot-1222	bravo	bot-1155	alpha	cz_805_bren	bullet	24.00	76.00	26.73	-12.97	15.85	-5.70	13.08
831950	damage	bot-1165	alpha	bot-1222	bravo	m1911	bullet	33.00	39.71	7.92	3.38	26.73	-12.97	24.92
832268	damage	bot-1188	alpha	bot-1224	bravo	m24	bullet	95.00	5.00	-1.78	-13.34	15.41	14.42	32.65
832602	kill	bot-1218	alpha	bot-1224	bravo	m1911	bullet	33.00	0.00	14.81	13.43	17.04	15.78	3.24
834453	damage	bot-1226	bravo	bot-1206	alpha	cz_805_bren	bullet	24.00	48.33	14.60	13.00	11.47	17.72	5.66
834603	damage	bot-1226	bravo	bot-1206	alpha	cz_805_bren	bullet	24.00	24.33	14.60	13.00	11.35	17.84	5.83
834667	damage	bot-1155	alpha	bot-1226	bravo	cz_805_bren	bullet	24.00	76.00	14.75	3.75	14.60	13.00	9.25
834730	damage	bot-1226	bravo	bot-1206	alpha	cz_805_bren	bullet	24.00	0.33	14.60	13.00	10.84	18.35	6.54
834785	damage	bot-1155	alpha	bot-1226	bravo	cz_805_bren	bullet	24.00	52.00	14.75	3.75	14.60	13.00	9.25
836034	damage	bot-1123	alpha	bot-1227	bravo	cz_805_bren	bullet	24.00	76.00	-2.04	9.54	2.25	-16.75	26.64
836034	damage	bot-1147	alpha	bot-1227	bravo	cz_805_bren	bullet	24.00	52.00	1.35	6.80	2.25	-16.75	23.57
836260	damage	bot-1092	alpha	bot-1227	bravo	five_seven	bullet	20.00	32.00	-13.25	11.32	3.40	-17.90	33.64
836304	damage	bot-1123	alpha	bot-1227	bravo	cz_805_bren	bullet	24.00	8.00	-2.04	9.54	3.64	-18.14	28.26
836304	kill	bot-1147	alpha	bot-1227	bravo	cz_805_bren	bullet	24.00	0.00	1.35	6.80	3.64	-18.14	25.04
837838	damage	bot-1092	alpha	bot-1229	bravo	five_seven	bullet	20.00	80.00	-12.08	9.94	-2.75	2.75	11.78
837939	damage	bot-1123	alpha	bot-1229	bravo	cz_805_bren	bullet	24.00	56.00	-1.75	9.23	-2.75	2.75	6.56
838009	damage	bot-1092	alpha	bot-1229	bravo	five_seven	bullet	20.00	36.00	-12.08	9.94	-2.42	2.62	12.12
838169	damage	bot-1092	alpha	bot-1229	bravo	five_seven	bullet	20.00	16.00	-12.08	9.94	-1.47	2.24	13.11
838320	kill	bot-1092	alpha	bot-1229	bravo	five_seven	bullet	20.00	0.00	-12.08	9.94	-0.52	1.86	14.11
840387	damage	bot-1231	bravo	bot-1210	alpha	five_seven	bullet	20.00	80.00	-23.59	9.92	-20.75	10.75	2.96
840552	damage	bot-1231	bravo	bot-1210	alpha	five_seven	bullet	20.00	60.00	-23.59	9.92	-20.62	10.92	3.13
842150	damage	bot-1212	alpha	bot-1231	bravo	cz_805_bren	bullet	24.00	76.00	-19.50	16.22	-24.17	12.80	5.79
843334	damage	bot-1212	alpha	bot-1232	bravo	cz_805_bren	bullet	24.00	76.00	-19.25	15.25	-24.45	11.14	6.63
844078	damage	bot-1117	alpha	bot-1233	bravo	five_seven	bullet	20.00	80.00	8.21	3.67	-17.34	11.91	26.84
844234	damage	bot-1117	alpha	bot-1233	bravo	five_seven	bullet	20.00	60.00	8.21	3.67	-17.34	11.91	26.84
844234	damage	bot-1155	alpha	bot-1233	bravo	cz_805_bren	bullet	24.00	36.00	11.04	-2.32	-17.34	11.91	31.74
844318	damage	bot-1082	alpha	bot-1233	bravo	cz_805_bren	bullet	24.00	12.00	1.47	6.76	-17.42	11.90	19.58
844318	kill	bot-1147	alpha	bot-1233	bravo	cz_805_bren	bullet	24.00	0.00	-4.68	8.25	-17.42	11.90	13.25
844494	damage	bot-1210	alpha	bot-1232	bravo	m1911	bullet	33.00	43.00	-14.44	11.72	-24.52	8.46	10.60
844943	damage	bot-1147	alpha	bot-1232	bravo	cz_805_bren	bullet	24.00	19.00	-4.99	8.25	-24.96	7.38	19.99
845101	kill	bot-1123	alpha	bot-1232	bravo	cz_805_bren	bullet	24.00	0.00	-2.67	12.53	-25.16	6.93	23.18
846045	damage	bot-1234	bravo	bot-1212	alpha	five_seven	bullet	20.00	80.00	-24.65	9.12	-19.22	19.73	11.91
846177	damage	bot-1123	alpha	bot-1234	bravo	cz_805_bren	bullet	24.00	76.00	-3.18	12.34	-24.65	9.12	21.70
846235	damage	bot-1234	bravo	bot-1212	alpha	five_seven	bullet	20.00	60.00	-24.65	9.12	-19.23	20.71	12.79
846400	damage	bot-1234	bravo	bot-1212	alpha	five_seven	bullet	20.00	40.00	-24.65	9.12	-19.25	21.79	13.77
846713	damage	bot-1234	bravo	bot-1212	alpha	five_seven	bullet	20.00	20.00	-24.65	9.12	-17.82	23.08	15.54
847319	damage	bot-1234	bravo	bot-1147	alpha	five_seven	bullet	20.00	46.53	-24.65	9.12	-7.58	11.87	17.29
847494	damage	bot-1234	bravo	bot-1147	alpha	five_seven	bullet	20.00	26.53	-24.65	9.12	-6.93	12.17	17.98
849245	damage	bot-1155	alpha	bot-1234	bravo	cz_805_bren	bullet	24.00	52.00	10.32	0.56	-25.17	7.98	36.26
849784	kill	bot-1231	bravo	bot-1188	alpha	m24	bullet	95.00	0.00	-21.75	7.52	-0.39	-17.14	32.63
850053	damage	bot-1234	bravo	bot-1237	alpha	five_seven	bullet	20.00	80.00	-25.17	11.05	-20.52	5.03	7.60
850312	damage	bot-1234	bravo	bot-1237	alpha	five_seven	bullet	20.00	60.00	-25.23	11.72	-20.07	4.57	8.82
850523	damage	bot-1234	bravo	bot-1237	alpha	five_seven	bullet	20.00	40.00	-25.23	11.72	-20.16	3.87	9.35
850877	damage	bot-1231	bravo	bot-1237	alpha	five_seven	bullet	20.00	20.00	-22.17	8.04	-20.31	2.81	5.55
850877	damage	bot-1237	alpha	bot-1231	bravo	five_seven	bullet	20.00	56.00	-20.31	2.81	-22.23	8.09	5.62
851090	damage	bot-1237	alpha	bot-1231	bravo	five_seven	bullet	20.00	36.00	-20.40	2.13	-22.65	8.70	6.94
851163	kill	bot-1231	bravo	bot-1237	alpha	five_seven	bullet	20.00	0.00	-22.65	8.70	-20.45	1.79	7.26
852360	damage	bot-1238	bravo	bot-1183	alpha	cz_805_bren	bullet	24.00	48.36	-0.75	-22.25	-3.55	-17.34	5.65
852466	damage	bot-1228	alpha	bot-1238	bravo	cz_805_bren	bullet	24.00	76.00	10.24	6.82	-0.75	-22.25	31.08
852572	damage	bot-1238	bravo	bot-1183	alpha	cz_805_bren	bullet	24.00	24.36	-0.75	-22.25	-3.66	-17.24	5.80
852691	damage	bot-1183	alpha	bot-1234	bravo	cz_805_bren	bullet	24.00	45.10	-3.66	-17.24	-25.17	11.71	36.06
852691	damage	bot-1214	alpha	bot-1238	bravo	cz_805_bren	bullet	24.00	52.00	14.49	16.84	-0.75	-22.25	41.96
852691	damage	bot-1228	alpha	bot-1238	bravo	cz_805_bren	bullet	24.00	28.00	10.24	6.82	-0.75	-22.25	31.08
852691	damage	bot-1238	bravo	bot-1183	alpha	cz_805_bren	bullet	24.00	0.36	-0.75	-22.25	-3.72	-17.18	5.87
852798	damage	bot-1216	alpha	bot-1238	bravo	five_seven	bullet	20.00	8.00	11.02	9.62	-0.48	-22.49	34.11
852919	damage	bot-1092	alpha	bot-1234	bravo	five_seven	bullet	20.00	26.90	-17.49	17.79	-25.17	11.71	9.80
852919	kill	bot-1238	bravo	bot-1183	alpha	cz_805_bren	bullet	24.00	0.00	-0.21	-22.73	-3.83	-17.07	6.72
853152	damage	bot-1092	alpha	bot-1234	bravo	five_seven	bullet	20.00	8.70	-18.21	17.77	-25.17	11.71	9.24
853375	damage	bot-1223	bravo	bot-1190	alpha	five_seven	bullet	20.00	52.46	19.02	10.94	-5.41	-15.32	35.87
853578	damage	bot-1223	bravo	bot-1190	alpha	five_seven	bullet	20.00	32.46	19.02	10.94	-5.50	-15.43	36.01
853819	damage	bot-1223	bravo	bot-1190	alpha	five_seven	bullet	20.00	12.46	19.02	10.94	-5.59	-15.57	36.17
853819	kill	bot-1228	alpha	bot-1238	bravo	cz_805_bren	bullet	24.00	0.00	10.24	6.54	0.52	-25.11	33.12
854043	kill	bot-1223	bravo	bot-1190	alpha	five_seven	bullet	20.00	0.00	19.02	10.94	-5.66	-15.63	36.27
854645	damage	bot-1228	alpha	bot-1240	bravo	cz_805_bren	bullet	24.00	76.00	10.24	6.54	-2.37	-19.40	28.85
854848	damage	bot-1228	alpha	bot-1240	bravo	cz_805_bren	bullet	24.00	52.00	10.24	6.54	-2.68	-19.48	29.05
855038	damage	bot-1228	alpha	bot-1240	bravo	cz_805_bren	bullet	24.00	28.00	10.24	6.54	-2.43	-19.73	29.17
855194	damage	bot-1228	alpha	bot-1240	bravo	cz_805_bren	bullet	24.00	4.00	10.24	6.54	-2.17	-19.97	29.28
855992	damage	bot-1092	alpha	bot-1235	bravo	five_seven	bullet	20.00	67.75	-22.69	21.65	-20.07	12.20	9.81
856115	kill	bot-1208	alpha	bot-1240	bravo	five_seven	bullet	20.00	0.00	3.40	-1.93	-0.32	-21.71	20.13
856607	damage	bot-1208	alpha	bot-1242	bravo	five_seven	bullet	20.00	80.00	2.32	-2.50	-3.54	-14.97	13.78
856715	damage	bot-1092	alpha	bot-1235	bravo	five_seven	bullet	20.00	47.75	-23.80	23.22	-19.99	12.13	11.72
856715	damage	bot-1230	alpha	bot-1242	bravo	five_seven	bullet	20.00	60.00	-0.83	-6.30	-3.86	-15.03	9.23
856822	damage	bot-1239	alpha	bot-1242	bravo	cz_805_bren	bullet	24.00	36.00	3.20	-10.68	-4.10	-15.27	8.62
856822	damage	bot-1241	alpha	bot-1236	bravo	cz_805_bren	bullet	24.00	59.20	13.65	10.67	11.75	-5.98	16.76
856953	damage	bot-1239	alpha	bot-1242	bravo	cz_805_bren	bullet	24.00	12.00	3.44	-10.47	-4.34	-15.53	9.28
856953	damage	bot-1241	alpha	bot-1236	bravo	cz_805_bren	bullet	24.00	35.20	13.66	10.67	11.75	-6.34	17.12
857093	kill	bot-1214	alpha	bot-1242	bravo	cz_805_bren	bullet	24.00	0.00	14.02	17.11	-4.59	-15.79	37.80
857093	damage	bot-1241	alpha	bot-1236	bravo	cz_805_bren	bullet	24.00	11.20	13.66	10.67	11.75	-6.69	17.47
857257	kill	bot-1241	alpha	bot-1236	bravo	cz_805_bren	bullet	24.00	0.00	13.67	10.68	11.76	-7.04	17.82
857829	damage	bot-1092	alpha	bot-1235	bravo	m1911	bullet	33.00	14.75	-25.46	25.45	-19.39	11.13	15.55
858705	kill	bot-1082	alpha	bot-1235	bravo	cz_805_bren	bullet	24.00	0.00	4.74	13.98	-17.87	9.81	22.99
858790	damage	bot-1244	bravo	bot-1230	alpha	cz_805_bren	bullet	24.00	28.87	-7.06	-19.56	-5.19	-10.65	9.11
858970	damage	bot-1244	bravo	bot-1230	alpha	cz_805_bren	bullet	24.00	4.87	-7.06	-19.57	-5.55	-11.02	8.68
860575	kill	bot-1213	bravo	bot-1230	alpha	m24	bullet	95.00	0.00	19.06	10.84	-8.25	-14.83	37.49
860650	damage	bot-1123	alpha	bot-1246	bravo	cz_805_bren	bullet	24.00	76.00	-0.94	13.65	-9.12	-16.43	31.17
860872	damage	bot-1228	alpha	bot-1246	bravo	cz_805_bren	bullet	24.00	52.00	9.42	7.17	-10.27	-16.31	30.65
861353	damage	bot-1241	alpha	bot-1246	bravo	cz_805_bren	bullet	24.00	28.00	12.12	11.49	-11.62	-18.04	37.89
864814	damage	bot-1248	bravo	bot-1239	alpha	five_seven	bullet	20.00	40.04	-14.44	-26.56	-5.38	-16.83	13.30
864897	damage	bot-1228	alpha	bot-1250	bravo	cz_805_bren	bullet	24.00	76.00	6.57	3.86	-15.01	12.75	23.34
864973	damage	bot-1117	alpha	bot-1250	bravo	five_seven	bullet	20.00	56.00	-13.00	-6.24	-14.92	13.07	19.41
864973	damage	bot-1248	bravo	bot-1239	alpha	five_seven	bullet	20.00	20.04	-14.44	-26.56	-5.40	-16.67	13.40
865121	damage	bot-1248	bravo	bot-1239	alpha	five_seven	bullet	20.00	0.04	-14.49	-26.52	-5.43	-16.51	13.50
865309	damage	bot-1117	alpha	bot-1250	bravo	five_seven	bullet	20.00	36.00	-12.99	-6.22	-14.68	14.48	20.77
866352	damage	bot-1250	bravo	bot-1212	alpha	m1911	bullet	33.00	39.20	-13.76	18.13	-22.85	16.03	9.33
866840	damage	bot-1249	alpha	bot-1250	bravo	cz_805_bren	bullet	24.00	18.86	-15.62	7.45	-13.74	18.14	10.85
866895	damage	bot-1245	alpha	bot-1252	bravo	m24	bullet	95.00	5.00	12.04	12.31	-10.57	-22.81	41.77
866955	kill	bot-1249	alpha	bot-1250	bravo	cz_805_bren	bullet	24.00	0.00	-15.62	7.45	-13.74	18.14	10.85
867140	kill	bot-1241	alpha	bot-1252	bravo	cz_805_bren	bullet	24.00	0.00	7.23	4.86	-10.82	-23.00	33.20
868260	damage	bot-1208	alpha	bot-1189	bravo	five_seven	bullet	20.00	65.87	-13.13	-6.73	16.52	8.24	33.21
868511	damage	bot-1213	bravo	bot-1225	alpha	five_seven	bullet	20.00	52.49	17.19	9.48	9.81	-3.60	15.02
868700	damage	bot-1213	bravo	bot-1225	alpha	five_seven	bullet	20.00	32.49	17.20	9.48	8.93	-4.21	15.99
868822	damage	bot-1155	alpha	bot-1189	bravo	cz_805_bren	bullet	24.00	41.87	2.30	2.01	16.33	8.12	15.30
868822	damage	bot-1159	alpha	bot-1189	bravo	five_seven	bullet	20.00	21.87	3.34	6.81	16.33	8.12	13.06
868822	damage	bot-1208	alpha	bot-1189	bravo	five_seven	bullet	20.00	1.87	-13.05	-6.69	16.25	8.10	32.83
868872	damage	bot-1213	bravo	bot-1225	alpha	five_seven	bullet	20.00	12.49	17.20	9.48	8.06	-4.81	16.96
868928	damage	bot-1254	bravo	bot-1245	alpha	cz_805_bren	bullet	24.00	76.00	15.47	14.21	11.67	11.85	4.47
868979	kill	bot-1155	alpha	bot-1189	bravo	cz_805_bren	bullet	24.00	0.00	2.30	2.01	16.09	8.06	15.06
869041	damage	bot-1254	bravo	bot-1245	alpha	cz_805_bren	bullet	24.00	52.00	16.07	14.46	11.67	11.85	5.11
869699	damage	bot-1214	alpha	bot-1248	bravo	cz_805_bren	bullet	24.00	46.71	10.16	3.15	-14.55	-26.46	38.56
869855	damage	bot-1155	alpha	bot-1254	bravo	cz_805_bren	bullet	24.00	76.00	2.49	2.05	17.01	14.68	19.25
869993	damage	bot-1214	alpha	bot-1248	bravo	cz_805_bren	bullet	24.00	26.31	10.16	3.15	-14.55	-26.46	38.56
870291	damage	bot-1214	alpha	bot-1248	bravo	cz_805_bren	bullet	24.00	5.91	10.16	3.15	-14.55	-26.46	38.56
870652	damage	bot-1123	alpha	bot-1255	bravo	cz_805_bren	bullet	24.00	76.00	-2.67	3.17	-22.33	-10.23	23.79
870772	damage	bot-1082	alpha	bot-1255	bravo	cz_805_bren	bullet	24.00	52.00	-3.26	1.66	-22.33	-10.23	22.48
871261	damage	bot-1163	alpha	bot-1255	bravo	cz_805_bren	bullet	24.00	28.00	-2.45	7.52	-24.17	-12.52	29.56
872142	damage	bot-1254	bravo	bot-1216	alpha	cz_805_bren	bullet	24.00	48.04	17.54	15.19	-1.52	-0.32	24.58
872313	damage	bot-1163	alpha	bot-1255	bravo	cz_805_bren	bullet	24.00	4.00	-2.83	7.05	-25.72	-16.34	32.73
872579	damage	bot-1255	bravo	bot-1249	alpha	five_seven	bullet	20.00	52.05	-25.77	-16.65	-14.73	13.35	31.97
872641	kill	bot-1243	alpha	bot-1255	bravo	five_seven	bullet	20.00	0.00	-9.78	-15.75	-25.80	-16.78	16.05
873688	damage	bot-1254	bravo	bot-1243	alpha	cz_805_bren	bullet	24.00	76.00	17.03	15.20	-8.75	-15.63	40.19
873836	damage	bot-1254	bravo	bot-1243	alpha	cz_805_bren	bullet	24.00	52.00	17.03	15.20	-8.61	-15.70	40.16
873980	damage	bot-1254	bravo	bot-1243	alpha	cz_805_bren	bullet	24.00	28.00	17.03	15.20	-8.47	-15.89	40.21
874122	damage	bot-1243	alpha	bot-1254	bravo	five_seven	bullet	20.00	56.00	-8.38	-16.01	17.03	15.20	40.25
874280	damage	bot-1254	bravo	bot-1243	alpha	cz_805_bren	bullet	24.00	4.00	17.19	15.36	-8.24	-16.31	40.62
874593	damage	bot-1117	alpha	bot-1257	bravo	five_seven	bullet	20.00	80.00	-6.42	-3.67	14.25	11.25	25.49
874593	damage	bot-1208	alpha	bot-1223	bravo	five_seven	bullet	20.00	68.94	-6.39	-0.12	16.39	8.16	24.24
874660	damage	bot-1254	bravo	bot-1214	alpha	cz_805_bren	bullet	24.00	42.53	17.49	15.67	9.17	7.74	11.49
874734	damage	bot-1208	alpha	bot-1223	bravo	five_seven	bullet	20.00	48.94	-6.39	-0.12	16.27	8.08	24.09
874819	damage	bot-1254	bravo	bot-1214	alpha	cz_805_bren	bullet	24.00	18.53	17.62	15.78	9.13	7.07	12.17
874918	damage	bot-1117	alpha	bot-1257	bravo	five_seven	bullet	20.00	60.00	-6.42	-3.67	14.25	11.25	25.49
874918	damage	bot-1208	alpha	bot-1223	bravo	five_seven	bullet	20.00	28.94	-6.38	-0.11	16.15	8.07	23.98
875073	damage	bot-1208	alpha	bot-1223	bravo	five_seven	bullet	20.00	8.94	-6.38	-0.11	15.99	8.04	23.81
875073	kill	bot-1223	bravo	bot-1243	alpha	five_seven	bullet	20.00	0.00	15.99	8.04	-9.18	-16.95	35.47
875228	kill	bot-1208	alpha	bot-1223	bravo	five_seven	bullet	20.00	0.00	-6.38	-0.10	15.91	8.02	23.72
875390	kill	bot-1257	bravo	bot-1214	alpha	cz_805_bren	bullet	24.00	0.00	14.67	13.35	8.90	4.81	10.31
875640	damage	bot-1257	bravo	bot-1245	alpha	cz_805_bren	bullet	24.00	48.57	15.24	14.20	13.91	6.87	7.45
875777	damage	bot-1257	bravo	bot-1245	alpha	cz_805_bren	bullet	24.00	24.57	15.74	14.71	13.94	6.71	8.20
876457	damage	bot-1248	bravo	bot-1258	alpha	five_seven	bullet	20.00	80.00	-15.42	-25.07	11.75	-21.80	27.37
876556	kill	bot-1256	bravo	bot-1239	alpha	m24	bullet	95.00	0.00	16.40	16.79	-8.31	-13.79	39.33
876609	damage	bot-1248	bravo	bot-1258	alpha	five_seven	bullet	20.00	60.00	-15.41	-25.06	12.50	-21.49	28.14
876759	damage	bot-1248	bravo	bot-1258	alpha	five_seven	bullet	20.00	40.00	-15.40	-25.05	13.35	-21.34	28.98
876912	damage	bot-1248	bravo	bot-1258	alpha	five_seven	bullet	20.00	20.00	-15.39	-25.04	14.17	-21.19	29.81
877069	damage	bot-1208	alpha	bot-1259	bravo	five_seven	bullet	20.00	80.00	-6.81	-0.73	16.99	-5.91	24.36
877069	damage	bot-1216	alpha	bot-1259	bravo	five_seven	bullet	20.00	60.00	-8.75	-2.13	16.99	-5.91	26.02
877069	kill	bot-1248	bravo	bot-1258	alpha	five_seven	bullet	20.00	0.00	-15.38	-25.03	15.01	-21.12	30.64
877250	damage	bot-1259	bravo	bot-1245	alpha	cz_805_bren	bullet	24.00	0.57	17.84	-5.29	15.48	2.05	7.71
878103	damage	bot-1163	alpha	bot-1259	bravo	cz_805_bren	bullet	24.00	36.00	-0.38	6.54	21.23	-4.69	24.36
878246	damage	bot-1092	alpha	bot-1259	bravo	five_seven	bullet	20.00	16.00	-8.11	9.03	21.90	-4.84	33.07
878246	kill	bot-1163	alpha	bot-1259	bravo	cz_805_bren	bullet	24.00	0.00	-0.38	6.55	21.90	-4.84	25.02
878845	damage	bot-1254	bravo	bot-1241	alpha	cz_805_bren	bullet	24.00	76.00	23.59	21.60	-2.56	-2.84	35.79
878959	damage	bot-1254	bravo	bot-1241	alpha	cz_805_bren	bullet	24.00	52.00	23.59	21.60	-2.64	-3.05	35.99
879070	damage	bot-1254	bravo	bot-1241	alpha	cz_805_bren	bullet	24.00	28.00	23.59	21.60	-3.29	-3.33	36.66
880001	damage	bot-1254	bravo	bot-1159	alpha	cz_805_bren	bullet	24.00	48.31	24.42	22.33	5.41	4.78	25.87
880001	damage	bot-1261	bravo	bot-1159	alpha	five_seven	bullet	20.00	28.31	21.91	21.70	5.41	4.78	23.63
880609	damage	bot-1254	bravo	bot-1216	alpha	cz_805_bren	bullet	24.00	48.15	24.37	22.29	-8.29	-10.30	46.14
880765	damage	bot-1248	bravo	bot-1262	alpha	five_seven	bullet	20.00	80.00	-14.04	-24.34	5.61	-6.79	26.34
880765	damage	bot-1261	bravo	bot-1264	alpha	five_seven	bullet	20.00	80.00	21.76	21.57	9.45	8.95	17.63
880915	damage	bot-1254	bravo	bot-1216	alpha	cz_805_bren	bullet	24.00	24.15	24.37	22.29	-8.41	-11.71	47.23
880915	damage	bot-1261	bravo	bot-1264	alpha	five_seven	bullet	20.00	60.00	21.76	21.57	9.41	8.58	17.92
881056	damage	bot-1117	alpha	bot-1263	bravo	five_seven	bullet	20.00	80.00	-7.73	-6.11	5.70	-21.46	20.39
881056	damage	bot-1248	bravo	bot-1262	alpha	five_seven	bullet	20.00	60.00	-14.03	-24.31	4.90	-7.69	25.19
881056	damage	bot-1261	bravo	bot-1264	alpha	five_seven	bullet	20.00	40.00	21.76	21.57	9.57	8.39	17.96
881237	damage	bot-1117	alpha	bot-1263	bravo	five_seven	bullet	20.00	60.00	-7.73	-6.11	5.70	-21.46	20.39
881237	damage	bot-1216	alpha	bot-1263	bravo	five_seven	bullet	20.00	40.00	-8.57	-13.15	5.70	-21.46	16.51
881237	damage	bot-1248	bravo	bot-1262	alpha	five_seven	bullet	20.00	40.00	-14.01	-24.29	4.28	-8.28	24.31
881237	damage	bot-1261	bravo	bot-1264	alpha	five_seven	bullet	20.00	20.00	21.75	21.59	9.77	8.44	17.79
881293	kill	bot-1254	bravo	bot-1264	alpha	cz_805_bren	bullet	24.00	0.00	24.37	22.29	9.56	8.09	20.52
881411	damage	bot-1248	bravo	bot-1262	alpha	five_seven	bullet	20.00	20.00	-14.00	-24.28	3.67	-8.88	23.44
881566	kill	bot-1248	bravo	bot-1262	alpha	five_seven	bullet	20.00	0.00	-13.99	-24.27	3.06	-9.48	22.57
881715	damage	bot-1216	alpha	bot-1256	bravo	five_seven	bullet	20.00	80.00	-8.65	-13.89	17.12	16.70	40.00
881764	kill	bot-1248	bravo	bot-1245	alpha	five_seven	bullet	20.00	0.00	-13.98	-24.26	0.59	-10.22	20.23
881874	damage	bot-1216	alpha	bot-1256	bravo	five_seven	bullet	20.00	60.00	-8.67	-14.12	17.12	16.70	40.18
882019	damage	bot-1216	alpha	bot-1256	bravo	five_seven	bullet	20.00	40.00	-8.68	-14.36	17.34	16.79	40.58
882166	damage	bot-1216	alpha	bot-1256	bravo	five_seven	bullet	20.00	20.00	-8.69	-14.59	17.56	16.88	40.98
882312	kill	bot-1216	alpha	bot-1256	bravo	five_seven	bullet	20.00	0.00	-8.70	-14.82	17.75	17.02	41.39
882312	damage	bot-1254	bravo	bot-1123	alpha	cz_805_bren	bullet	24.00	58.78	23.82	21.74	-10.14	-8.64	45.56
883241	damage	bot-1254	bravo	bot-1117	alpha	cz_805_bren	bullet	24.00	47.34	23.95	21.77	-6.86	-6.76	41.98
883576	damage	bot-1254	bravo	bot-1117	alpha	cz_805_bren	bullet	24.00	23.34	23.95	21.77	-7.32	-7.79	43.02
883780	kill	bot-1254	bravo	bot-1117	alpha	cz_805_bren	bullet	24.00	0.00	23.95	21.77	-7.40	-8.01	43.24
884031	damage	bot-1254	bravo	bot-1208	alpha	cz_805_bren	bullet	24.00	48.47	24.15	21.80	-7.85	-10.30	45.32
884563	damage	bot-1261	bravo	bot-1208	alpha	five_seven	bullet	20.00	28.47	22.28	22.28	-8.40	-13.19	46.90
884987	damage	bot-1208	alpha	bot-1267	bravo	five_seven	bullet	20.00	80.00	-8.62	-14.80	-7.24	-24.75	10.05
885089	damage	bot-1267	bravo	bot-1216	alpha	cz_805_bren	bullet	24.00	0.15	-7.03	-24.96	-11.78	-22.09	5.55
885270	kill	bot-1267	bravo	bot-1216	alpha	cz_805_bren	bullet	24.00	0.00	-6.61	-25.39	-12.50	-22.01	6.79
886820	damage	bot-1228	alpha	bot-1269	bravo	cz_805_bren	bullet	24.00	76.00	-15.35	-6.58	-22.75	0.26	10.08
886991	damage	bot-1261	bravo	bot-1163	alpha	m1911	bullet	33.00	39.59	22.25	22.46	-4.58	17.27	27.33
887048	damage	bot-1228	alpha	bot-1269	bravo	cz_805_bren	bullet	24.00	52.00	-15.35	-6.58	-22.75	0.26	10.08
887110	damage	bot-1163	alpha	bot-1261	bravo	cz_805_bren	bullet	24.00	76.00	-4.64	17.30	22.25	22.46	27.38
887110	damage	bot-1254	bravo	bot-1163	alpha	cz_805_bren	bullet	24.00	15.59	24.43	21.83	-4.70	17.33	29.47
887171	damage	bot-1228	alpha	bot-1269	bravo	cz_805_bren	bullet	24.00	28.00	-15.35	-6.58	-22.91	0.28	10.21
887221	damage	bot-1163	alpha	bot-1261	bravo	cz_805_bren	bullet	24.00	52.00	-4.76	17.35	22.25	22.46	27.49
887221	kill	bot-1254	bravo	bot-1163	alpha	cz_805_bren	bullet	24.00	0.00	24.43	21.83	-4.83	17.38	29.59
887282	damage	bot-1228	alpha	bot-1269	bravo	cz_805_bren	bullet	24.00	4.00	-15.35	-6.58	-23.07	0.30	10.34
887282	kill	bot-1269	bravo	bot-1268	alpha	five_seven	bullet	20.00	0.00	-23.07	0.30	6.09	-6.25	29.89
887703	damage	bot-1254	bravo	bot-1123	alpha	cz_805_bren	bullet	24.00	48.28	24.43	21.82	-9.58	-8.59	45.63
887817	damage	bot-1269	bravo	bot-1228	alpha	five_seven	bullet	20.00	52.40	-23.78	0.40	-16.61	-4.90	8.92
887980	damage	bot-1269	bravo	bot-1228	alpha	five_seven	bullet	20.00	32.40	-23.92	0.43	-16.43	-5.02	9.26
888134	damage	bot-1269	bravo	bot-1228	alpha	five_seven	bullet	20.00	12.40	-24.07	0.46	-16.31	-5.22	9.61
888283	kill	bot-1228	alpha	bot-1269	bravo	cz_805_bren	bullet	24.00	0.00	-16.26	-5.30	-24.76	0.53	10.31
889133	damage	bot-1260	alpha	bot-1271	bravo	cz_805_bren	bullet	24.00	76.00	16.80	-0.95	22.75	-14.75	15.02
889344	damage	bot-1271	bravo	bot-1266	alpha	five_seven	bullet	20.00	47.05	22.75	-14.75	19.20	0.34	15.50
889447	damage	bot-1260	alpha	bot-1271	bravo	cz_805_bren	bullet	24.00	52.00	16.80	-0.95	22.75	-14.75	15.02
889547	damage	bot-1254	bravo	bot-1082	alpha	cz_805_bren	bullet	24.00	48.50	24.46	21.68	-9.38	-7.73	44.83
889547	kill	bot-1272	alpha	bot-1267	bravo	m24	bullet	95.00	0.00	-4.59	18.70	-7.28	-19.78	38.58
889662	damage	bot-1254	bravo	bot-1082	alpha	cz_805_bren	bullet	24.00	24.50	24.46	21.68	-9.53	-7.68	44.91
889880	damage	bot-1271	bravo	bot-1266	alpha	five_seven	bullet	20.00	27.05	24.17	-16.47	16.41	-0.73	17.54
890973	kill	bot-1271	bravo	bot-1260	alpha	m24	bullet	95.00	0.00	26.67	-19.57	18.14	-5.92	16.10
891048	damage	bot-1254	bravo	bot-1274	alpha	cz_805_bren	bullet	24.00	76.00	24.15	21.37	-2.47	21.73	26.63
891759	damage	bot-1261	bravo	bot-1208	alpha	m1911	bullet	33.00	39.41	20.17	21.61	-9.17	-15.91	47.62
891814	damage	bot-1254	bravo	bot-1274	alpha	cz_805_bren	bullet	24.00	52.00	24.43	21.32	-3.06	21.11	27.49
892005	damage	bot-1248	bravo	bot-1204	alpha	m1911	bullet	33.00	39.50	-8.12	-26.73	-9.44	-7.13	19.64
895318	damage	bot-1277	bravo	bot-1155	alpha	five_seven	bullet	20.00	52.80	-1.98	-26.51	-8.67	-7.06	20.57
895563	damage	bot-1249	alpha	bot-1277	bravo	cz_805_bren	bullet	24.00	25.31	-17.88	11.95	-1.98	-26.51	41.62
895642	damage	bot-1276	alpha	bot-1265	bravo	cz_805_bren	bullet	24.00	63.73	-1.75	15.75	-9.88	-20.99	37.63
895642	damage	bot-1277	bravo	bot-1155	alpha	five_seven	bullet	20.00	32.80	-1.98	-26.51	-10.00	-6.55	21.51
895731	damage	bot-1249	alpha	bot-1277	bravo	cz_805_bren	bullet	24.00	1.31	-17.88	11.95	-1.98	-26.51	41.62
895819	kill	bot-1210	alpha	bot-1277	bravo	m24	bullet	95.00	0.00	-18.92	12.15	-1.98	-26.51	42.21
895819	damage	bot-1276	alpha	bot-1265	bravo	cz_805_bren	bullet	24.00	39.73	-1.75	15.75	-9.88	-20.99	37.63
895976	damage	bot-1276	alpha	bot-1265	bravo	cz_805_bren	bullet	24.00	15.73	-1.75	15.75	-9.88	-20.99	37.63
896040	damage	bot-1278	alpha	bot-1248	bravo	five_seven	bullet	20.00	40.01	-5.73	20.65	-7.07	-19.86	40.53
896108	kill	bot-1276	alpha	bot-1265	bravo	cz_805_bren	bullet	24.00	0.00	-1.75	15.75	-9.88	-20.99	37.63
896269	damage	bot-1251	alpha	bot-1261	bravo	five_seven	bullet	20.00	27.25	-19.18	22.03	25.97	26.26	45.36
896425	damage	bot-1251	alpha	bot-1261	bravo	five_seven	bullet	20.00	9.95	-19.18	22.03	25.97	26.26	45.36
896587	kill	bot-1251	alpha	bot-1261	bravo	five_seven	bullet	20.00	0.00	-19.21	22.01	25.97	26.26	45.38
897075	damage	bot-1278	alpha	bot-1248	bravo	five_seven	bullet	20.00	20.01	-6.35	21.20	-8.43	-24.72	45.96
897177	damage	bot-1251	alpha	bot-1257	bravo	five_seven	bullet	20.00	40.94	-19.23	22.00	26.70	25.29	46.05
897330	damage	bot-1251	alpha	bot-1257	bravo	five_seven	bullet	20.00	23.64	-19.23	22.00	26.70	25.29	46.05
897481	damage	bot-1251	alpha	bot-1257	bravo	five_seven	bullet	20.00	6.29	-19.23	22.00	26.70	25.29	46.05
897527	damage	bot-1278	alpha	bot-1248	bravo	five_seven	bullet	20.00	0.01	-6.73	21.77	-10.06	-26.53	48.41
897623	kill	bot-1251	alpha	bot-1257	bravo	five_seven	bullet	20.00	0.00	-19.23	22.00	26.70	25.29	46.05
898922	damage	bot-1275	bravo	bot-1266	alpha	cz_805_bren	bullet	24.00	48.57	-10.57	-21.20	11.68	-1.14	29.96
899084	damage	bot-1275	bravo	bot-1266	alpha	cz_805_bren	bullet	24.00	24.57	-10.59	-21.20	11.92	-1.18	30.13
899084	damage	bot-1278	alpha	bot-1281	bravo	five_seven	bullet	20.00	80.00	-7.78	26.66	-4.75	1.75	25.09
899143	damage	bot-1276	alpha	bot-1281	bravo	cz_805_bren	bullet	24.00	56.00	-4.40	18.86	-4.75	1.75	17.11
899197	damage	bot-1275	bravo	bot-1266	alpha	cz_805_bren	bullet	24.00	0.57	-10.61	-21.20	12.10	-1.20	30.26
899355	damage	bot-1241	alpha	bot-1281	bravo	cz_805_bren	bullet	24.00	32.00	-17.55	-5.12	-3.42	2.29	15.96
899355	kill	bot-1275	bravo	bot-1266	alpha	cz_805_bren	bullet	24.00	0.00	-10.64	-21.19	12.35	-1.21	30.47
899456	damage	bot-1276	alpha	bot-1281	bravo	cz_805_bren	bullet	24.00	8.00	-4.20	21.16	-2.75	2.57	18.64
899505	kill	bot-1241	alpha	bot-1281	bravo	cz_805_bren	bullet	24.00	0.00	-17.55	-5.12	-2.44	2.69	17.02
899618	damage	bot-1282	alpha	bot-1275	bravo	cz_805_bren	bullet	24.00	68.63	-18.51	-21.25	-11.25	-21.25	7.26
899730	damage	bot-1282	alpha	bot-1275	bravo	cz_805_bren	bullet	24.00	44.63	-18.51	-21.25	-11.25	-21.25	7.26
900267	damage	bot-1275	bravo	bot-1282	alpha	cz_805_bren	bullet	24.00	76.00	-10.66	-21.24	-18.95	-21.15	8.29
900385	damage	bot-1275	bravo	bot-1282	alpha	cz_805_bren	bullet	24.00	52.00	-10.51	-21.24	-18.93	-21.16	8.42
900447	damage	bot-1282	alpha	bot-1275	bravo	cz_805_bren	bullet	24.00	20.63	-18.99	-21.11	-10.35	-21.24	8.65
900529	damage	bot-1275	bravo	bot-1282	alpha	cz_805_bren	bullet	24.00	28.00	-10.35	-21.24	-19.06	-21.06	8.71
900594	kill	bot-1282	alpha	bot-1275	bravo	cz_805_bren	bullet	24.00	0.00	-19.12	-21.00	-10.18	-21.24	8.94
901280	damage	bot-1282	alpha	bot-1248	bravo	cz_805_bren	bullet	24.00	23.64	-20.52	-19.13	-10.03	-26.47	12.80
901414	damage	bot-1082	alpha	bot-1273	bravo	cz_805_bren	bullet	24.00	76.00	-10.95	-8.21	10.79	-23.01	26.31
901414	damage	bot-1283	bravo	bot-1276	alpha	cz_805_bren	bullet	24.00	21.08	25.14	23.24	-4.18	26.71	29.52
901642	damage	bot-1082	alpha	bot-1273	bravo	cz_805_bren	bullet	24.00	52.00	-10.95	-8.21	10.79	-23.01	26.31
901642	damage	bot-1283	bravo	bot-1276	alpha	cz_805_bren	bullet	24.00	0.68	25.14	23.24	-4.18	26.71	29.52
901756	damage	bot-1082	alpha	bot-1273	bravo	cz_805_bren	bullet	24.00	28.00	-10.95	-8.21	10.96	-23.01	26.45
901756	kill	bot-1283	bravo	bot-1276	alpha	cz_805_bren	bullet	24.00	0.00	25.14	23.24	-4.18	26.71	29.52
901881	damage	bot-1082	alpha	bot-1273	bravo	cz_805_bren	bullet	24.00	4.00	-10.95	-8.21	11.12	-23.04	26.59
902052	damage	bot-1283	bravo	bot-1278	alpha	cz_805_bren	bullet	24.00	41.39	25.14	23.24	-7.80	26.63	33.11
902340	damage	bot-1248	bravo	bot-1284	alpha	m1911	bullet	33.00	67.00	-11.63	-26.75	-11.11	-23.74	3.05
902340	damage	bot-1283	bravo	bot-1278	alpha	cz_805_bren	bullet	24.00	21.89	25.14	23.24	-7.80	26.63	33.11
902455	kill	bot-1283	bravo	bot-1278	alpha	cz_805_bren	bullet	24.00	0.00	25.14	23.24	-7.80	26.63	33.11
903048	damage	bot-1248	bravo	bot-1284	alpha	m1911	bullet	33.00	34.00	-15.39	-26.71	-9.47	-21.94	7.60
903377	damage	bot-1284	alpha	bot-1248	bravo	cz_805_bren	bullet	24.00	7.74	-8.77	-20.29	-17.48	-26.74	10.84
903443	damage	bot-1248	bravo	bot-1284	alpha	m1911	bullet	33.00	1.00	-17.48	-26.74	-8.77	-19.94	11.05
903529	kill	bot-1284	alpha	bot-1248	bravo	cz_805_bren	bullet	24.00	0.00	-8.77	-19.58	-17.45	-26.66	11.21
904655	damage	bot-1279	bravo	bot-1286	alpha	m24	bullet	95.00	5.00	26.91	25.84	-5.92	21.57	33.11
907331	damage	bot-1082	alpha	bot-1254	bravo	cz_805_bren	bullet	24.00	48.09	-5.25	-11.04	26.73	26.51	49.32
907464	damage	bot-1082	alpha	bot-1254	bravo	cz_805_bren	bullet	24.00	24.09	-5.25	-11.04	26.73	26.52	49.33
907833	damage	bot-1288	alpha	bot-1289	bravo	m24	bullet	95.00	5.00	3.89	24.87	24.84	18.27	21.97
909505	damage	bot-1291	bravo	bot-1082	alpha	cz_805_bren	bullet	24.00	46.24	0.26	-17.75	-4.09	-9.28	9.53
909679	damage	bot-1291	bravo	bot-1082	alpha	cz_805_bren	bullet	24.00	22.24	0.26	-17.75	-4.60	-8.77	10.21
909837	kill	bot-1291	bravo	bot-1082	alpha	cz_805_bren	bullet	24.00	0.00	0.27	-17.75	-5.11	-8.29	10.89
910124	damage	bot-1283	bravo	bot-1288	alpha	cz_805_bren	bullet	24.00	71.63	19.95	18.01	3.67	24.55	17.54
910428	damage	bot-1291	bravo	bot-1208	alpha	cz_805_bren	bullet	24.00	48.20	0.27	-17.75	-8.34	-16.94	8.65
910623	damage	bot-1291	bravo	bot-1208	alpha	cz_805_bren	bullet	24.00	24.20	0.27	-17.75	-8.47	-16.83	8.79
910739	damage	bot-1208	alpha	bot-1291	bravo	five_seven	bullet	20.00	80.00	-8.47	-16.83	0.28	-17.75	8.80
910739	damage	bot-1291	bravo	bot-1208	alpha	cz_805_bren	bullet	24.00	0.20	0.28	-17.75	-8.55	-16.78	8.88
910872	kill	bot-1291	bravo	bot-1208	alpha	cz_805_bren	bullet	24.00	0.00	0.28	-17.75	-8.61	-16.73	8.95
911610	damage	bot-1249	alpha	bot-1293	bravo	cz_805_bren	bullet	24.00	76.00	-11.75	-0.62	-7.77	0.26	4.07
911610	damage	bot-1270	alpha	bot-1293	bravo	five_seven	bullet	20.00	56.00	-11.69	-1.30	-7.77	0.26	4.22
911610	damage	bot-1293	bravo	bot-1092	alpha	five_seven	bullet	20.00	46.84	-7.77	0.26	-11.62	3.32	4.92
911610	damage	bot-1294	alpha	bot-1283	bravo	five_seven	bullet	20.00	53.23	7.75	6.75	19.02	20.57	17.83
911737	damage	bot-1284	alpha	bot-1283	bravo	cz_805_bren	bullet	24.00	29.23	-8.74	-18.37	19.19	20.74	48.06
911849	damage	bot-1294	alpha	bot-1283	bravo	five_seven	bullet	20.00	9.23	7.75	6.75	19.36	20.90	18.31
912076	damage	bot-1270	alpha	bot-1293	bravo	five_seven	bullet	20.00	36.00	-11.69	-1.30	-6.80	1.24	5.51
912076	damage	bot-1291	bravo	bot-1284	alpha	cz_805_bren	bullet	24.00	49.39	0.28	-18.00	-8.74	-18.40	9.03
912076	kill	bot-1294	alpha	bot-1283	bravo	five_seven	bullet	20.00	0.00	7.75	6.74	19.64	21.21	18.73
912202	damage	bot-1251	alpha	bot-1293	bravo	five_seven	bullet	20.00	16.00	-16.09	2.25	-6.56	1.48	9.56
912202	damage	bot-1291	bravo	bot-1284	alpha	cz_805_bren	bullet	24.00	25.39	0.28	-18.00	-8.74	-18.31	9.03
912314	kill	bot-1270	alpha	bot-1293	bravo	five_seven	bullet	20.00	0.00	-11.68	-1.33	-6.34	1.74	6.17
912314	damage	bot-1291	bravo	bot-1284	alpha	cz_805_bren	bullet	24.00	1.39	0.28	-18.00	-8.74	-18.23	9.02
912526	kill	bot-1291	bravo	bot-1284	alpha	cz_805_bren	bullet	24.00	0.00	0.28	-18.00	-8.73	-18.05	9.01
913286	damage	bot-1251	alpha	bot-1291	bravo	five_seven	bullet	20.00	60.00	-16.09	2.25	0.29	-18.00	26.04
914058	damage	bot-1292	alpha	bot-1295	bravo	cz_805_bren	bullet	24.00	76.00	-22.27	-20.44	-15.21	-23.14	7.56
914209	damage	bot-1292	alpha	bot-1295	bravo	cz_805_bren	bullet	24.00	52.00	-22.27	-20.44	-14.89	-23.05	7.83
914772	damage	bot-1291	bravo	bot-1123	alpha	cz_805_bren	bullet	24.00	48.24	-2.17	-21.07	-9.31	-6.92	15.85
914772	damage	bot-1294	alpha	bot-1291	bravo	five_seven	bullet	20.00	40.00	6.68	6.10	-2.17	-21.41	28.90
914772	damage	bot-1295	bravo	bot-1292	alpha	five_seven	bullet	20.00	80.00	-13.75	-23.87	-22.35	-20.41	9.27
915004	damage	bot-1294	alpha	bot-1291	bravo	five_seven	bullet	20.00	20.00	6.68	6.09	-2.19	-22.11	29.56
915217	kill	bot-1123	alpha	bot-1291	bravo	cz_805_bren	bullet	24.00	0.00	-9.53	-6.79	-2.05	-22.43	17.33
915217	damage	bot-1295	bravo	bot-1292	alpha	five_seven	bullet	20.00	60.00	-12.64	-24.66	-22.33	-20.48	10.55
915375	damage	bot-1292	alpha	bot-1295	bravo	cz_805_bren	bullet	24.00	28.00	-22.33	-20.48	-12.37	-24.84	10.87
916161	damage	bot-1292	alpha	bot-1295	bravo	cz_805_bren	bullet	24.00	4.00	-22.39	-18.88	-10.85	-25.32	13.21
916859	damage	bot-1123	alpha	bot-1287	bravo	cz_805_bren	bullet	24.00	76.00	-10.82	-4.50	19.44	0.17	30.62
917936	damage	bot-1251	alpha	bot-1279	bravo	m1911	bullet	33.00	4.81	-16.09	2.15	26.76	2.06	42.85
918020	damage	bot-1299	bravo	bot-1296	alpha	cz_805_bren	bullet	24.00	76.00	-9.75	-26.74	3.91	2.72	32.48
918211	damage	bot-1299	bravo	bot-1296	alpha	cz_805_bren	bullet	24.00	52.00	-9.75	-26.74	3.91	2.72	32.48
918325	damage	bot-1294	alpha	bot-1299	bravo	five_seven	bullet	20.00	80.00	6.87	4.63	-9.75	-26.74	35.50
918325	damage	bot-1299	bravo	bot-1296	alpha	cz_805_bren	bullet	24.00	28.00	-9.75	-26.74	3.96	2.77	32.54
918466	damage	bot-1299	bravo	bot-1296	alpha	cz_805_bren	bullet	24.00	4.00	-9.75	-26.74	4.02	2.82	32.61
918707	damage	bot-1251	alpha	bot-1287	bravo	m1911	bullet	33.00	43.00	-16.09	2.14	19.08	0.13	35.23
919107	damage	bot-1251	alpha	bot-1287	bravo	m1911	bullet	33.00	10.00	-16.09	2.14	19.45	0.20	35.60
919400	kill	bot-1159	alpha	bot-1287	bravo	m24	bullet	95.00	0.00	-23.73	1.94	19.54	0.15	43.30
922422	damage	bot-1285	bravo	bot-1296	alpha	five_seven	bullet	20.00	2.00	23.22	2.16	4.32	3.00	18.93
922609	kill	bot-1285	bravo	bot-1296	alpha	five_seven	bullet	20.00	0.00	23.32	2.02	4.32	3.00	19.03
923127	damage	bot-1285	bravo	bot-1302	alpha	five_seven	bullet	20.00	80.00	23.54	1.68	6.63	3.92	17.06
923336	damage	bot-1285	bravo	bot-1302	alpha	five_seven	bullet	20.00	60.00	23.64	1.57	6.03	3.84	17.75
923501	damage	bot-1285	bravo	bot-1302	alpha	five_seven	bullet	20.00	40.00	23.68	1.50	5.72	3.97	18.13
923659	damage	bot-1285	bravo	bot-1302	alpha	five_seven	bullet	20.00	20.00	23.73	1.43	5.40	4.08	18.52
923820	kill	bot-1285	bravo	bot-1302	alpha	five_seven	bullet	20.00	0.00	23.77	1.35	5.10	3.89	18.84
925536	damage	bot-1251	alpha	bot-1285	bravo	m1911	bullet	33.00	5.57	-14.87	2.93	26.61	-4.23	42.09
925906	kill	bot-1251	alpha	bot-1285	bravo	m1911	bullet	33.00	0.00	-14.87	2.93	26.70	-6.15	42.55
925988	kill	bot-1280	alpha	bot-1303	bravo	m24	bullet	95.00	0.00	-3.82	16.49	2.17	-26.38	43.29
926081	damage	bot-1297	bravo	bot-1155	alpha	cz_805_bren	bullet	24.00	71.32	-20.18	-26.15	-24.35	-17.91	9.24
926241	damage	bot-1155	alpha	bot-1307	bravo	cz_805_bren	bullet	24.00	76.00	-24.60	-17.69	-21.99	-24.50	7.29
926241	damage	bot-1297	bravo	bot-1155	alpha	cz_805_bren	bullet	24.00	47.32	-20.18	-26.15	-24.85	-17.47	9.86
926368	damage	bot-1297	bravo	bot-1155	alpha	cz_805_bren	bullet	24.00	23.32	-20.18	-26.15	-25.18	-16.75	10.65
926862	damage	bot-1307	bravo	bot-1282	alpha	cz_805_bren	bullet	24.00	48.57	-21.99	-24.50	-22.29	-9.60	14.90
928128	damage	bot-1310	alpha	bot-1309	bravo	five_seven	bullet	20.00	80.00	-12.31	-18.25	-19.69	-16.75	7.53
929084	damage	bot-1301	bravo	bot-1253	alpha	five_seven	bullet	20.00	52.00	7.62	-20.75	-9.63	-7.32	21.86
930143	damage	bot-1312	alpha	bot-1301	bravo	m1911	bullet	33.00	67.00	1.28	-24.72	7.92	-21.08	7.57
930532	damage	bot-1312	alpha	bot-1301	bravo	m1911	bullet	33.00	34.00	1.28	-24.72	7.58	-21.17	7.23
930733	damage	bot-1301	bravo	bot-1312	alpha	five_seven	bullet	20.00	80.00	7.77	-21.32	1.28	-24.72	7.32
930876	damage	bot-1308	alpha	bot-1311	bravo	cz_805_bren	bullet	24.00	76.00	7.03	4.76	16.43	25.34	22.63
931268	damage	bot-1301	bravo	bot-1312	alpha	five_seven	bullet	20.00	60.00	9.70	-22.74	1.28	-24.72	8.65
931570	damage	bot-1092	alpha	bot-1301	bravo	five_seven	bullet	20.00	14.00	-14.05	-4.50	10.71	-23.53	31.23
932039	damage	bot-1301	bravo	bot-1312	alpha	five_seven	bullet	20.00	40.00	12.40	-25.20	-1.29	-22.15	14.02
932389	damage	bot-1301	bravo	bot-1312	alpha	five_seven	bullet	20.00	20.00	12.64	-25.51	-1.70	-21.81	14.81
932448	kill	bot-1305	bravo	bot-1312	alpha	cz_805_bren	bullet	24.00	0.00	-14.68	-25.58	-1.75	-21.75	13.48
932593	damage	bot-1310	alpha	bot-1273	bravo	five_seven	bullet	20.00	52.29	-10.52	-16.52	9.12	-21.88	20.35
932638	damage	bot-1301	bravo	bot-1314	alpha	five_seven	bullet	20.00	80.00	12.66	-25.51	-1.37	-20.28	14.97
933057	damage	bot-1273	bravo	bot-1314	alpha	cz_805_bren	bullet	24.00	56.00	11.23	-23.62	-1.17	-20.21	12.86
933057	damage	bot-1309	bravo	bot-1314	alpha	five_seven	bullet	20.00	36.00	-16.13	-24.39	-1.17	-20.21	15.53
933203	damage	bot-1092	alpha	bot-1273	bravo	five_seven	bullet	20.00	32.29	-13.81	-4.65	11.96	-24.20	32.35
933203	damage	bot-1309	bravo	bot-1314	alpha	five_seven	bullet	20.00	16.00	-16.14	-24.38	-0.67	-19.36	16.26
933827	damage	bot-1279	bravo	bot-1298	alpha	five_seven	bullet	20.00	59.13	26.75	3.75	19.48	-3.76	10.45
934001	damage	bot-1279	bravo	bot-1298	alpha	five_seven	bullet	20.00	39.13	26.75	3.75	19.51	-3.94	10.56
934153	damage	bot-1279	bravo	bot-1298	alpha	five_seven	bullet	20.00	19.13	26.75	3.75	19.37	-3.89	10.62
934490	kill	bot-1309	bravo	bot-1314	alpha	m1911	bullet	33.00	0.00	-16.46	-24.17	1.68	-14.51	20.56
934608	damage	bot-1241	alpha	bot-1305	bravo	cz_805_bren	bullet	24.00	48.17	-24.18	-9.25	-19.28	-20.93	12.66
934842	damage	bot-1123	alpha	bot-1301	bravo	cz_805_bren	bullet	24.00	22.29	-9.93	-4.64	12.68	-25.66	30.88
934999	damage	bot-1123	alpha	bot-1301	bravo	cz_805_bren	bullet	24.00	0.99	-9.93	-4.64	12.68	-25.68	30.89
934999	kill	bot-1288	alpha	bot-1311	bravo	m1911	bullet	33.00	0.00	20.14	15.20	24.84	21.17	7.59
935050	damage	bot-1308	alpha	bot-1313	bravo	cz_805_bren	bullet	24.00	76.00	14.75	11.75	2.64	23.34	16.76
935096	damage	bot-1310	alpha	bot-1273	bravo	five_seven	bullet	20.00	22.13	-10.41	-16.38	15.13	-26.44	27.45
935151	kill	bot-1123	alpha	bot-1301	bravo	cz_805_bren	bullet	24.00	0.00	-9.93	-4.64	12.68	-25.69	30.89
935202	damage	bot-1308	alpha	bot-1313	bravo	cz_805_bren	bullet	24.00	52.00	14.75	11.75	2.48	23.27	16.83
935256	damage	bot-1310	alpha	bot-1273	bravo	five_seven	bullet	20.00	4.83	-10.39	-16.35	15.14	-26.41	27.45
935346	damage	bot-1308	alpha	bot-1313	bravo	cz_805_bren	bullet	24.00	28.00	14.75	11.75	2.24	23.28	17.01
935443	kill	bot-1310	alpha	bot-1273	bravo	five_seven	bullet	20.00	0.00	-10.39	-16.33	15.14	-26.38	27.44
935495	damage	bot-1308	alpha	bot-1313	bravo	cz_805_bren	bullet	24.00	4.00	14.75	11.75	2.00	23.29	17.19
935552	damage	bot-1298	alpha	bot-1279	bravo	cz_805_bren	bullet	24.00	48.89	14.38	-2.80	25.07	2.02	11.73
935609	kill	bot-1308	alpha	bot-1313	bravo	cz_805_bren	bullet	24.00	0.00	14.75	11.75	1.84	23.30	17.33
936338	damage	bot-1317	bravo	bot-1308	alpha	five_seven	bullet	20.00	47.72	8.74	-17.24	14.75	11.75	29.61
936427	damage	bot-1308	alpha	bot-1317	bravo	cz_805_bren	bullet	24.00	76.00	14.75	11.75	8.74	-17.24	29.61
936503	damage	bot-1317	bravo	bot-1308	alpha	five_seven	bullet	20.00	27.72	8.73	-17.23	14.75	11.91	29.76
936589	damage	bot-1210	alpha	bot-1297	bravo	m24	bullet	95.00	0.57	-24.58	-2.57	-17.63	-24.45	22.95
936664	damage	bot-1317	bravo	bot-1308	alpha	five_seven	bullet	20.00	7.72	8.73	-17.23	14.75	12.08	29.92
936734	damage	bot-1308	alpha	bot-1317	bravo	cz_805_bren	bullet	24.00	52.00	14.75	12.08	8.73	-17.23	29.92
936868	damage	bot-1308	alpha	bot-1317	bravo	cz_805_bren	bullet	24.00	28.00	14.75	12.24	8.88	-17.23	30.05
936976	kill	bot-1317	bravo	bot-1308	alpha	five_seven	bullet	20.00	0.00	9.03	-17.23	14.75	12.46	30.24
937250	damage	bot-1288	alpha	bot-1315	bravo	m1911	bullet	33.00	42.85	25.18	20.18	26.75	11.70	8.63
937493	damage	bot-1315	bravo	bot-1288	alpha	cz_805_bren	bullet	24.00	21.57	26.75	11.31	25.17	20.17	9.00
937629	damage	bot-1288	alpha	bot-1315	bravo	m1911	bullet	33.00	9.85	25.16	20.16	26.75	11.08	9.22
937629	kill	bot-1315	bravo	bot-1288	alpha	cz_805_bren	bullet	24.00	0.00	26.75	11.08	25.16	20.15	9.21
937934	damage	bot-1300	alpha	bot-1319	bravo	cz_805_bren	bullet	24.00	76.00	-0.75	-5.54	5.25	-19.25	14.97
937981	damage	bot-1310	alpha	bot-1319	bravo	five_seven	bullet	20.00	56.00	-7.92	-15.37	5.25	-19.25	13.73
938035	damage	bot-1270	alpha	bot-1319	bravo	five_seven	bullet	20.00	36.00	-3.15	-2.14	5.43	-19.53	19.39
938087	damage	bot-1294	alpha	bot-1319	bravo	five_seven	bullet	20.00	16.00	0.79	-0.05	5.65	-19.83	20.36
938087	kill	bot-1300	alpha	bot-1319	bravo	cz_805_bren	bullet	24.00	0.00	-0.75	-5.54	5.65	-19.83	15.66
938474	damage	bot-1294	alpha	bot-1297	bravo	five_seven	bullet	20.00	7.45	0.74	-0.23	-12.82	-26.78	29.82
938474	kill	bot-1300	alpha	bot-1297	bravo	cz_805_bren	bullet	24.00	0.00	-0.75	-5.54	-12.82	-26.78	24.43
939139	damage	bot-1309	bravo	bot-1304	alpha	m1911	bullet	33.00	67.00	-14.32	-26.49	-1.02	-13.78	18.39
939506	damage	bot-1309	bravo	bot-1304	alpha	m1911	bullet	33.00	34.00	-14.32	-26.49	-1.02	-13.78	18.39
940039	damage	bot-1294	alpha	bot-1321	bravo	five_seven	bullet	20.00	80.00	0.32	-1.62	-24.76	-0.74	25.10
940196	damage	bot-1309	bravo	bot-1310	alpha	m1911	bullet	33.00	67.00	-14.32	-26.49	0.79	-14.82	19.09
940252	damage	bot-1300	alpha	bot-1321	bravo	cz_805_bren	bullet	24.00	56.00	-1.04	-6.89	-24.76	-0.74	24.51
940349	damage	bot-1294	alpha	bot-1321	bravo	five_seven	bullet	20.00	36.00	0.32	-1.62	-24.89	-0.85	25.23
940392	damage	bot-1300	alpha	bot-1321	bravo	cz_805_bren	bullet	24.00	12.00	-1.04	-6.89	-24.95	-0.90	24.65
940493	kill	bot-1294	alpha	bot-1321	bravo	five_seven	bullet	20.00	0.00	0.32	-1.62	-25.06	-1.00	25.39
943347	damage	bot-1324	alpha	bot-1309	bravo	cz_805_bren	bullet	24.00	17.38	15.43	-24.73	-23.59	-23.61	39.04
943526	kill	bot-1324	alpha	bot-1309	bravo	cz_805_bren	bullet	24.00	0.00	15.43	-24.73	-24.42	-24.43	39.85
944611	damage	bot-1326	alpha	bot-1325	bravo	five_seven	bullet	20.00	80.00	17.52	-20.76	-26.48	-25.59	44.27
944670	damage	bot-1123	alpha	bot-1317	bravo	cz_805_bren	bullet	24.00	48.05	-3.32	-2.26	14.31	-5.59	17.94
944773	damage	bot-1326	alpha	bot-1325	bravo	five_seven	bullet	20.00	60.00	17.52	-20.76	-26.49	-25.58	44.27
944824	damage	bot-1123	alpha	bot-1317	bravo	cz_805_bren	bullet	24.00	24.05	-3.31	-2.26	14.55	-5.60	18.17
944930	damage	bot-1326	alpha	bot-1325	bravo	five_seven	bullet	20.00	40.00	17.52	-20.76	-26.49	-25.58	44.27
944988	damage	bot-1123	alpha	bot-1317	bravo	cz_805_bren	bullet	24.00	0.05	-3.30	-2.26	14.80	-5.61	18.41
945089	damage	bot-1326	alpha	bot-1325	bravo	five_seven	bullet	20.00	20.00	17.52	-20.76	-26.49	-25.58	44.27
945147	kill	bot-1123	alpha	bot-1317	bravo	cz_805_bren	bullet	24.00	0.00	-3.30	-2.26	15.04	-5.63	18.65
945254	kill	bot-1326	alpha	bot-1325	bravo	five_seven	bullet	20.00	0.00	17.52	-20.76	-26.49	-25.58	44.27
945511	damage	bot-1324	alpha	bot-1305	bravo	cz_805_bren	bullet	24.00	29.03	15.43	-24.72	-26.76	-26.35	42.23
945669	damage	bot-1324	alpha	bot-1305	bravo	cz_805_bren	bullet	24.00	5.03	15.43	-24.72	-26.76	-26.34	42.22
945669	kill	bot-1326	alpha	bot-1305	bravo	five_seven	bullet	20.00	0.00	17.52	-20.76	-26.76	-26.34	44.63
946153	damage	bot-1123	alpha	bot-1327	bravo	cz_805_bren	bullet	24.00	76.00	-1.80	-2.46	2.25	-10.25	8.78
946303	damage	bot-1123	alpha	bot-1327	bravo	cz_805_bren	bullet	24.00	52.00	-1.80	-2.46	2.25	-10.25	8.78
946455	damage	bot-1123	alpha	bot-1327	bravo	cz_805_bren	bullet	24.00	28.00	-1.80	-2.46	2.66	-10.83	9.48
946697	damage	bot-1092	alpha	bot-1327	bravo	five_seven	bullet	20.00	8.00	-2.80	-0.54	3.44	-11.56	12.66
946794	damage	bot-1323	bravo	bot-1123	alpha	cz_805_bren	bullet	24.00	71.84	10.75	-6.18	-1.80	-2.46	13.08
946875	kill	bot-1092	alpha	bot-1327	bravo	five_seven	bullet	20.00	0.00	-2.80	-0.54	4.05	-11.94	13.30
946950	damage	bot-1323	bravo	bot-1123	alpha	cz_805_bren	bullet	24.00	47.84	10.82	-6.31	-2.01	-2.33	13.43
948355	damage	bot-1270	alpha	bot-1328	bravo	five_seven	bullet	20.00	80.00	3.77	-11.60	-21.46	15.31	36.88
948541	damage	bot-1270	alpha	bot-1328	bravo	five_seven	bullet	20.00	60.00	3.77	-11.60	-21.46	15.29	36.87
948729	damage	bot-1270	alpha	bot-1328	bravo	five_seven	bullet	20.00	40.00	3.77	-11.60	-21.82	15.66	37.38
948875	damage	bot-1270	alpha	bot-1328	bravo	five_seven	bullet	20.00	20.00	3.77	-11.60	-22.22	16.08	37.96
948935	kill	bot-1310	alpha	bot-1328	bravo	five_seven	bullet	20.00	0.00	2.33	-13.05	-22.45	16.27	38.39
951098	damage	bot-1323	bravo	bot-1290	alpha	cz_805_bren	bullet	24.00	76.00	13.21	-5.60	9.69	-5.75	3.53
952715	damage	bot-1323	bravo	bot-1290	alpha	cz_805_bren	bullet	24.00	52.00	14.74	-10.38	8.89	-8.21	6.24
952830	damage	bot-1290	alpha	bot-1323	bravo	cz_805_bren	bullet	24.00	76.00	9.25	-8.22	14.23	-10.00	5.29
953622	damage	bot-1290	alpha	bot-1323	bravo	cz_805_bren	bullet	24.00	52.00	9.26	-4.99	14.69	-12.34	9.14
955304	kill	bot-1331	bravo	bot-1294	alpha	m24	bullet	95.00	0.00	21.68	22.72	-8.76	-20.19	52.61
956374	damage	bot-1323	bravo	bot-1333	alpha	cz_805_bren	bullet	24.00	76.00	14.85	-16.64	14.18	-14.02	2.71
956522	damage	bot-1323	bravo	bot-1333	alpha	cz_805_bren	bullet	24.00	52.00	14.84	-16.79	14.18	-14.02	2.85
956637	damage	bot-1323	bravo	bot-1333	alpha	cz_805_bren	bullet	24.00	28.00	14.83	-16.92	14.08	-13.88	3.13
956748	damage	bot-1323	bravo	bot-1333	alpha	cz_805_bren	bullet	24.00	4.00	14.82	-17.06	13.97	-13.76	3.41
956861	kill	bot-1323	bravo	bot-1333	alpha	cz_805_bren	bullet	24.00	0.00	14.82	-17.20	13.86	-13.66	3.67
957149	damage	bot-1323	bravo	bot-1306	alpha	cz_805_bren	bullet	24.00	68.57	14.84	-17.25	10.68	-6.03	11.96
957572	damage	bot-1310	alpha	bot-1323	bravo	five_seven	bullet	20.00	52.81	9.66	-4.33	14.30	-15.91	12.47
957715	damage	bot-1323	bravo	bot-1306	alpha	cz_805_bren	bullet	24.00	44.57	13.38	-16.23	10.75	-6.35	10.23
958099	damage	bot-1306	alpha	bot-1323	bravo	cz_805_bren	bullet	24.00	28.81	10.31	-5.75	11.32	-17.00	11.30
958099	damage	bot-1323	bravo	bot-1306	alpha	cz_805_bren	bullet	24.00	20.57	11.32	-17.00	10.09	-5.47	11.60
959069	damage	bot-1324	alpha	bot-1329	bravo	cz_805_bren	bullet	24.00	76.00	-8.34	-17.54	18.33	17.21	43.81
959230	damage	bot-1324	alpha	bot-1329	bravo	cz_805_bren	bullet	24.00	52.00	-8.34	-17.54	18.33	17.21	43.81
959230	damage	bot-1329	bravo	bot-1270	alpha	cz_805_bren	bullet	24.00	76.00	18.33	17.21	-0.05	-4.57	28.50
959384	damage	bot-1316	alpha	bot-1329	bravo	cz_805_bren	bullet	24.00	28.00	-10.04	-21.23	18.45	17.33	47.95
959384	damage	bot-1324	alpha	bot-1329	bravo	cz_805_bren	bullet	24.00	4.00	-8.34	-17.54	18.45	17.33	43.98
959562	kill	bot-1324	alpha	bot-1329	bravo	cz_805_bren	bullet	24.00	0.00	-8.34	-17.54	18.57	17.44	44.14
959857	damage	bot-1316	alpha	bot-1332	bravo	cz_805_bren	bullet	24.00	76.00	-9.95	-21.24	17.47	15.87	46.13
960135	damage	bot-1316	alpha	bot-1332	bravo	cz_805_bren	bullet	24.00	52.00	-9.91	-21.24	17.46	15.84	46.08
960541	damage	bot-1323	bravo	bot-1310	alpha	cz_805_bren	bullet	24.00	43.00	8.66	-17.91	13.81	-13.42	6.84
960733	damage	bot-1337	alpha	bot-1331	bravo	cz_805_bren	bullet	24.00	76.00	-12.96	22.77	21.78	22.96	34.75
961017	damage	bot-1337	alpha	bot-1331	bravo	cz_805_bren	bullet	24.00	52.00	-12.93	22.77	21.78	22.96	34.72
961169	damage	bot-1337	alpha	bot-1331	bravo	cz_805_bren	bullet	24.00	28.00	-12.91	22.77	21.69	23.20	34.60
961322	damage	bot-1337	alpha	bot-1331	bravo	cz_805_bren	bullet	24.00	4.00	-12.88	22.77	21.62	23.42	34.50
961482	kill	bot-1337	alpha	bot-1331	bravo	cz_805_bren	bullet	24.00	0.00	-12.86	22.77	21.54	23.67	34.40
961817	damage	bot-1323	bravo	bot-1310	alpha	cz_805_bren	bullet	24.00	19.00	8.25	-11.89	14.55	-16.68	7.91
962040	damage	bot-1337	alpha	bot-1332	bravo	cz_805_bren	bullet	24.00	46.88	-12.84	22.77	22.11	17.21	35.39
962102	kill	bot-1323	bravo	bot-1310	alpha	cz_805_bren	bullet	24.00	0.00	8.25	-10.45	14.74	-17.71	9.74
962770	damage	bot-1337	alpha	bot-1332	bravo	cz_805_bren	bullet	24.00	31.70	-12.52	22.78	22.16	17.23	35.12
962818	damage	bot-1324	alpha	bot-1330	bravo	cz_805_bren	bullet	24.00	76.00	-8.08	-17.03	18.65	17.43	43.62
962917	damage	bot-1337	alpha	bot-1332	bravo	cz_805_bren	bullet	24.00	10.30	-12.52	22.78	22.16	17.24	35.12
962962	damage	bot-1324	alpha	bot-1330	bravo	cz_805_bren	bullet	24.00	52.00	-8.08	-17.03	18.65	17.43	43.62
963013	damage	bot-1330	bravo	bot-1324	alpha	five_seven	bullet	20.00	80.00	18.71	17.49	-8.08	-17.03	43.69
963063	kill	bot-1337	alpha	bot-1332	bravo	cz_805_bren	bullet	24.00	0.00	-12.52	22.79	22.16	17.24	35.12
963112	damage	bot-1324	alpha	bot-1330	bravo	cz_805_bren	bullet	24.00	28.00	-8.08	-17.03	18.83	17.61	43.87
963254	damage	bot-1324	alpha	bot-1330	bravo	cz_805_bren	bullet	24.00	4.00	-8.08	-17.03	19.00	17.81	44.13
963298	damage	bot-1334	bravo	bot-1306	alpha	cz_805_bren	bullet	24.00	2.24	18.82	-10.72	19.71	-0.91	9.86
963388	kill	bot-1324	alpha	bot-1330	bravo	cz_805_bren	bullet	24.00	0.00	-8.08	-17.03	19.16	17.96	44.35
963431	kill	bot-1334	bravo	bot-1306	alpha	cz_805_bren	bullet	24.00	0.00	18.82	-10.72	19.71	-0.91	9.86
965160	damage	bot-1298	alpha	bot-1323	bravo	cz_805_bren	bullet	24.00	63.69	13.38	-4.97	8.60	-9.77	6.77
965323	damage	bot-1298	alpha	bot-1323	bravo	cz_805_bren	bullet	24.00	39.69	13.38	-4.97	8.65	-9.94	6.86
965513	damage	bot-1298	alpha	bot-1323	bravo	cz_805_bren	bullet	24.00	15.69	13.38	-4.97	8.25	-9.10	6.59
965706	damage	bot-1298	alpha	bot-1336	bravo	cz_805_bren	bullet	24.00	75.12	13.38	-4.97	8.90	-9.50	6.37
966096	damage	bot-1298	alpha	bot-1336	bravo	cz_805_bren	bullet	24.00	51.12	13.38	-4.97	8.75	-9.00	6.14
966228	damage	bot-1298	alpha	bot-1336	bravo	cz_805_bren	bullet	24.00	27.12	13.12	-5.16	8.39	-8.99	6.09
966281	damage	bot-1336	bravo	bot-1298	alpha	five_seven	bullet	20.00	52.34	8.39	-8.99	12.61	-5.52	5.46
966536	damage	bot-1341	bravo	bot-1342	alpha	cz_805_bren	bullet	24.00	76.00	-16.00	-26.13	-14.66	-22.05	4.30
966772	damage	bot-1341	bravo	bot-1342	alpha	cz_805_bren	bullet	24.00	52.00	-16.63	-26.58	-14.83	-21.97	4.95
967507	damage	bot-1342	alpha	bot-1341	bravo	m1911	bullet	33.00	67.00	-15.53	-21.84	-19.08	-26.67	5.99
967576	damage	bot-1341	bravo	bot-1342	alpha	cz_805_bren	bullet	24.00	28.00	-19.08	-26.67	-15.62	-21.83	5.95
968380	damage	bot-1298	alpha	bot-1334	bravo	cz_805_bren	bullet	24.00	76.00	20.57	-1.12	17.78	-8.13	7.54
968810	damage	bot-1298	alpha	bot-1334	bravo	cz_805_bren	bullet	24.00	52.00	22.39	0.34	17.06	-5.98	8.27
968904	damage	bot-1341	bravo	bot-1304	alpha	cz_805_bren	bullet	24.00	48.64	-18.39	-26.65	4.15	-14.90	25.42
968996	damage	bot-1298	alpha	bot-1334	bravo	cz_805_bren	bullet	24.00	28.00	23.37	1.12	15.75	-5.93	10.38
969043	damage	bot-1300	alpha	bot-1334	bravo	cz_805_bren	bullet	24.00	4.00	-2.38	1.71	15.41	-5.96	19.37
969043	damage	bot-1341	bravo	bot-1304	alpha	cz_805_bren	bullet	24.00	24.64	-18.36	-26.59	4.14	-14.68	25.46
969093	damage	bot-1336	bravo	bot-1280	alpha	five_seven	bullet	20.00	49.84	8.74	-11.51	11.96	-5.74	6.60
969150	kill	bot-1298	alpha	bot-1334	bravo	cz_805_bren	bullet	24.00	0.00	24.15	1.76	14.88	-6.13	12.18
969221	damage	bot-1341	bravo	bot-1304	alpha	cz_805_bren	bullet	24.00	0.64	-18.36	-26.59	4.11	-14.54	25.50
969463	damage	bot-1336	bravo	bot-1280	alpha	five_seven	bullet	20.00	29.84	8.25	-13.25	11.76	-5.36	8.64
969621	damage	bot-1336	bravo	bot-1280	alpha	five_seven	bullet	20.00	9.84	8.25	-13.25	11.59	-5.20	8.71
969806	kill	bot-1336	bravo	bot-1280	alpha	five_seven	bullet	20.00	0.00	8.25	-13.25	11.41	-5.03	8.80
969974	damage	bot-1336	bravo	bot-1290	alpha	five_seven	bullet	20.00	52.65	8.27	-13.94	11.42	-6.14	8.42
970367	damage	bot-1290	alpha	bot-1336	bravo	cz_805_bren	bullet	24.00	26.98	10.68	-5.41	8.26	-16.43	11.29
970695	damage	bot-1341	bravo	bot-1326	alpha	cz_805_bren	bullet	24.00	76.00	-18.36	-26.59	-8.30	-19.95	12.05
970855	damage	bot-1341	bravo	bot-1326	alpha	cz_805_bren	bullet	24.00	52.00	-18.36	-26.59	-8.34	-20.00	11.99
970983	damage	bot-1315	bravo	bot-1298	alpha	cz_805_bren	bullet	24.00	31.04	26.74	13.28	26.74	6.59	6.69
970983	damage	bot-1341	bravo	bot-1326	alpha	cz_805_bren	bullet	24.00	28.00	-18.36	-26.59	-8.24	-19.88	12.15
971140	damage	bot-1326	alpha	bot-1341	bravo	five_seven	bullet	20.00	62.04	-8.13	-19.75	-18.36	-26.59	12.31
971140	damage	bot-1341	bravo	bot-1326	alpha	cz_805_bren	bullet	24.00	4.00	-18.36	-26.59	-8.08	-19.69	12.39
971264	kill	bot-1341	bravo	bot-1326	alpha	cz_805_bren	bullet	24.00	0.00	-18.28	-26.62	-7.97	-19.57	12.49
971814	damage	bot-1241	alpha	bot-1323	bravo	cz_805_bren	bullet	24.00	41.69	-2.95	-3.79	11.34	-5.29	14.36
971953	damage	bot-1241	alpha	bot-1323	bravo	cz_805_bren	bullet	24.00	17.69	-2.92	-3.76	11.42	-5.43	14.43
972014	kill	bot-1300	alpha	bot-1323	bravo	cz_805_bren	bullet	24.00	0.00	0.82	1.47	11.46	-5.50	12.72
972777	damage	bot-1337	alpha	bot-1346	bravo	cz_805_bren	bullet	24.00	76.00	-19.17	14.43	-21.17	-23.41	37.90
972834	damage	bot-1341	bravo	bot-1316	alpha	cz_805_bren	bullet	24.00	41.43	-17.83	-26.10	-19.65	-16.24	10.03
972944	damage	bot-1341	bravo	bot-1316	alpha	cz_805_bren	bullet	24.00	17.43	-17.83	-26.10	-19.64	-16.06	10.20
972999	damage	bot-1344	bravo	bot-1347	alpha	m1911	bullet	33.00	67.00	19.96	11.61	24.08	9.75	4.52
973049	damage	bot-1337	alpha	bot-1346	bravo	cz_805_bren	bullet	24.00	52.00	-19.17	14.43	-20.80	-21.89	36.36
973234	kill	bot-1346	bravo	bot-1316	alpha	cz_805_bren	bullet	24.00	0.00	-20.36	-22.86	-19.65	-15.64	7.26
973872	damage	bot-1298	alpha	bot-1315	bravo	cz_805_bren	bullet	24.00	48.76	26.75	11.91	26.00	13.96	2.18
974439	damage	bot-1336	bravo	bot-1251	alpha	five_seven	bullet	20.00	52.57	8.25	-18.10	11.11	-5.27	13.15
974439	damage	bot-1337	alpha	bot-1346	bravo	cz_805_bren	bullet	24.00	43.38	-19.93	14.25	-18.99	-26.49	40.75
974553	damage	bot-1337	alpha	bot-1346	bravo	cz_805_bren	bullet	24.00	21.18	-19.93	14.25	-18.99	-26.49	40.75
974614	damage	bot-1335	alpha	bot-1336	bravo	cz_805_bren	bullet	24.00	48.53	10.85	-5.91	8.25	-18.10	12.47
974676	kill	bot-1337	alpha	bot-1346	bravo	cz_805_bren	bullet	24.00	0.00	-19.93	14.25	-18.99	-26.49	40.75
974738	damage	bot-1335	alpha	bot-1336	bravo	cz_805_bren	bullet	24.00	24.53	10.84	-5.89	8.55	-18.20	12.52
974738	damage	bot-1344	bravo	bot-1347	alpha	m1911	bullet	33.00	34.00	19.01	7.55	19.77	11.20	3.73
974738	damage	bot-1349	alpha	bot-1348	bravo	five_seven	bullet	20.00	80.00	-1.34	-22.75	-13.13	-22.26	11.80
974811	damage	bot-1336	bravo	bot-1251	alpha	five_seven	bullet	20.00	32.57	8.55	-18.20	10.91	-4.81	13.60
974811	damage	bot-1348	bravo	bot-1349	alpha	cz_805_bren	bullet	24.00	76.00	-13.13	-22.26	-1.34	-22.75	11.80
974885	damage	bot-1335	alpha	bot-1336	bravo	cz_805_bren	bullet	24.00	0.53	10.84	-5.87	8.55	-18.20	12.54
974885	damage	bot-1349	alpha	bot-1348	bravo	five_seven	bullet	20.00	60.00	-1.34	-22.75	-13.13	-22.26	11.80
974972	damage	bot-1336	bravo	bot-1251	alpha	five_seven	bullet	20.00	12.57	8.55	-18.20	10.80	-4.09	14.29
974972	damage	bot-1348	bravo	bot-1349	alpha	cz_805_bren	bullet	24.00	52.00	-13.13	-22.26	-1.34	-22.75	11.80
975040	kill	bot-1335	alpha	bot-1336	bravo	cz_805_bren	bullet	24.00	0.00	10.84	-5.85	8.55	-18.20	12.56
975186	damage	bot-1347	alpha	bot-1338	bravo	cz_805_bren	bullet	24.00	76.00	21.86	11.45	17.25	9.75	4.92
975251	damage	bot-1249	alpha	bot-1343	bravo	cz_805_bren	bullet	24.00	47.98	-8.75	-19.75	-18.57	-25.78	11.52
975311	damage	bot-1347	alpha	bot-1338	bravo	cz_805_bren	bullet	24.00	52.00	22.54	11.53	17.25	9.75	5.58
975375	damage	bot-1249	alpha	bot-1343	bravo	cz_805_bren	bullet	24.00	23.98	-8.75	-19.75	-18.72	-25.81	11.66
975428	damage	bot-1347	alpha	bot-1338	bravo	cz_805_bren	bullet	24.00	28.00	23.24	11.63	17.97	9.75	5.59
975534	kill	bot-1249	alpha	bot-1343	bravo	cz_805_bren	bullet	24.00	0.00	-8.75	-19.75	-18.88	-25.74	11.76
975698	damage	bot-1249	alpha	bot-1348	bravo	cz_805_bren	bullet	24.00	36.00	-8.75	-19.75	-16.72	-24.51	9.29
975800	damage	bot-1347	alpha	bot-1338	bravo	cz_805_bren	bullet	24.00	4.00	23.61	11.75	18.67	8.00	6.21
975849	damage	bot-1249	alpha	bot-1348	bravo	cz_805_bren	bullet	24.00	12.00	-8.75	-19.75	-17.45	-25.29	10.32
975849	kill	bot-1349	alpha	bot-1348	bravo	five_seven	bullet	20.00	0.00	-4.56	-18.62	-17.78	-25.44	14.87
977565	damage	bot-1350	bravo	bot-1345	alpha	five_seven	bullet	20.00	80.00	-19.17	-16.79	-22.10	-1.92	15.15
977768	damage	bot-1350	bravo	bot-1345	alpha	five_seven	bullet	20.00	60.00	-19.18	-16.79	-22.12	-1.89	15.19
977953	damage	bot-1350	bravo	bot-1345	alpha	five_seven	bullet	20.00	40.00	-19.18	-16.78	-21.98	-1.75	15.29
978115	damage	bot-1350	bravo	bot-1345	alpha	five_seven	bullet	20.00	20.00	-19.18	-16.78	-21.83	-1.63	15.38
978169	kill	bot-1341	bravo	bot-1345	alpha	cz_805_bren	bullet	24.00	0.00	-19.30	-21.72	-21.83	-1.63	20.25
978538	damage	bot-1249	alpha	bot-1341	bravo	cz_805_bren	bullet	24.00	41.28	-8.56	-20.70	-19.34	-21.62	10.82
978690	damage	bot-1249	alpha	bot-1341	bravo	cz_805_bren	bullet	24.00	17.28	-8.55	-20.69	-19.50	-21.45	10.98
978875	damage	bot-1315	bravo	bot-1353	alpha	cz_805_bren	bullet	24.00	76.00	16.26	22.26	6.96	22.77	9.31
978973	damage	bot-1341	bravo	bot-1210	alpha	cz_805_bren	bullet	24.00	48.11	-19.82	-21.12	-24.04	-8.71	13.11
979020	damage	bot-1315	bravo	bot-1353	alpha	cz_805_bren	bullet	24.00	52.00	16.26	22.26	6.96	22.77	9.31
979020	damage	bot-1352	bravo	bot-1210	alpha	m1911	bullet	33.00	15.11	-19.52	-8.79	-23.85	-8.60	4.34
979065	damage	bot-1210	alpha	bot-1352	bravo	m1911	bullet	33.00	67.00	-23.85	-8.60	-19.27	-8.61	4.58
979290	damage	bot-1270	alpha	bot-1352	bravo	five_seven	bullet	20.00	47.00	-7.28	-3.38	-18.03	-8.01	11.70
979481	damage	bot-1270	alpha	bot-1352	bravo	five_seven	bullet	20.00	27.00	-7.28	-3.38	-19.08	-8.19	12.74
979598	damage	bot-1123	alpha	bot-1352	bravo	cz_805_bren	bullet	24.00	3.00	15.54	2.22	-19.45	-8.64	36.64
979655	kill	bot-1270	alpha	bot-1352	bravo	five_seven	bullet	20.00	0.00	-7.28	-3.38	-19.68	-8.90	13.57
979912	damage	bot-1344	bravo	bot-1347	alpha	m1911	bullet	33.00	39.22	17.25	6.25	22.71	11.40	7.50
979981	damage	bot-1341	bravo	bot-1212	alpha	cz_805_bren	bullet	24.00	55.45	-23.13	-17.84	-19.99	-0.68	17.44
980547	damage	bot-1341	bravo	bot-1212	alpha	cz_805_bren	bullet	24.00	31.45	-25.03	-15.97	-18.30	0.75	18.02
980709	damage	bot-1315	bravo	bot-1355	alpha	cz_805_bren	bullet	24.00	76.00	15.81	22.48	10.41	24.25	5.68
980771	damage	bot-1324	alpha	bot-1354	bravo	cz_805_bren	bullet	24.00	76.00	-8.20	-19.01	-5.97	-23.52	5.03
980771	damage	bot-1349	alpha	bot-1354	bravo	five_seven	bullet	20.00	56.00	4.45	-8.37	-5.97	-23.52	18.39
980828	damage	bot-1315	bravo	bot-1355	alpha	cz_805_bren	bullet	24.00	52.00	15.81	22.48	10.41	24.25	5.68
980946	damage	bot-1315	bravo	bot-1355	alpha	cz_805_bren	bullet	24.00	28.00	15.81	22.48	10.25	24.25	5.84
981067	damage	bot-1315	bravo	bot-1355	alpha	cz_805_bren	bullet	24.00	4.00	15.81	22.48	10.11	24.25	5.98
981232	kill	bot-1315	bravo	bot-1355	alpha	cz_805_bren	bullet	24.00	0.00	15.81	22.48	9.86	24.25	6.21
981669	damage	bot-1300	alpha	bot-1350	bravo	cz_805_bren	bullet	24.00	76.00	-9.64	-16.00	-17.37	-16.25	7.74
981807	damage	bot-1300	alpha	bot-1350	bravo	cz_805_bren	bullet	24.00	52.00	-9.64	-16.00	-17.43	-16.25	7.80
981959	damage	bot-1300	alpha	bot-1350	bravo	cz_805_bren	bullet	24.00	28.00	-9.64	-16.00	-17.59	-16.29	7.96
981959	damage	bot-1350	bravo	bot-1300	alpha	five_seven	bullet	20.00	80.00	-17.59	-16.29	-9.64	-16.00	7.96
982123	damage	bot-1300	alpha	bot-1350	bravo	cz_805_bren	bullet	24.00	4.00	-9.64	-16.00	-17.76	-16.31	8.13
982123	damage	bot-1350	bravo	bot-1300	alpha	five_seven	bullet	20.00	60.00	-17.76	-16.31	-9.64	-16.00	8.13
982288	kill	bot-1300	alpha	bot-1350	bravo	cz_805_bren	bullet	24.00	0.00	-9.29	-15.90	-17.93	-16.31	8.65
982619	damage	bot-1322	alpha	bot-1356	bravo	cz_805_bren	bullet	24.00	76.00	4.15	-7.86	1.25	-17.75	10.31
982973	damage	bot-1322	alpha	bot-1356	bravo	cz_805_bren	bullet	24.00	52.00	4.15	-7.86	1.25	-17.75	10.31
983053	damage	bot-1356	bravo	bot-1349	alpha	cz_805_bren	bullet	24.00	48.78	1.01	-18.00	0.70	-12.54	5.46
983121	damage	bot-1337	alpha	bot-1356	bravo	cz_805_bren	bullet	24.00	28.00	-20.60	6.83	0.77	-18.24	32.94
983418	damage	bot-1337	alpha	bot-1356	bravo	cz_805_bren	bullet	24.00	4.00	-20.60	6.83	-0.25	-19.27	33.10
983487	kill	bot-1322	alpha	bot-1356	bravo	cz_805_bren	bullet	24.00	0.00	4.04	-7.80	-0.50	-19.53	12.58
984027	damage	bot-1337	alpha	bot-1341	bravo	cz_805_bren	bullet	24.00	31.02	-20.47	6.70	-25.05	-15.89	23.04
984162	damage	bot-1337	alpha	bot-1341	bravo	cz_805_bren	bullet	24.00	8.82	-20.47	6.70	-25.05	-15.89	23.04
984327	kill	bot-1337	alpha	bot-1341	bravo	cz_805_bren	bullet	24.00	0.00	-20.47	6.70	-25.05	-15.89	23.04
984636	damage	bot-1315	bravo	bot-1335	alpha	cz_805_bren	bullet	24.00	76.00	11.62	25.82	9.11	-1.35	27.29
984697	damage	bot-1353	alpha	bot-1358	bravo	cz_805_bren	bullet	24.00	76.00	6.36	26.06	14.95	22.93	9.14
985271	damage	bot-1358	bravo	bot-1359	alpha	five_seven	bullet	20.00	80.00	14.70	22.28	13.18	25.09	3.20
985528	damage	bot-1358	bravo	bot-1359	alpha	five_seven	bullet	20.00	60.00	15.41	21.60	13.82	24.36	3.18
986512	damage	bot-1358	bravo	bot-1359	alpha	five_seven	bullet	20.00	40.00	16.01	20.95	10.38	24.24	6.53
986709	kill	bot-1270	alpha	bot-1344	bravo	five_seven	bullet	20.00	0.00	-14.34	2.03	17.33	6.75	32.02
986709	damage	bot-1358	bravo	bot-1359	alpha	five_seven	bullet	20.00	20.00	16.01	20.95	10.12	24.19	6.71
986774	damage	bot-1353	alpha	bot-1360	bravo	cz_805_bren	bullet	24.00	76.00	7.19	25.59	10.66	19.35	7.14
986870	kill	bot-1358	bravo	bot-1359	alpha	five_seven	bullet	20.00	0.00	16.00	20.95	9.97	24.19	6.84
986947	damage	bot-1353	alpha	bot-1360	bravo	cz_805_bren	bullet	24.00	52.00	7.19	25.59	10.89	19.12	7.45
987142	damage	bot-1360	bravo	bot-1353	alpha	m1911	bullet	33.00	39.70	11.40	18.65	7.19	25.59	8.12
987603	damage	bot-1353	alpha	bot-1360	bravo	cz_805_bren	bullet	24.00	28.00	6.14	25.84	12.36	17.69	10.25
987857	damage	bot-1353	alpha	bot-1360	bravo	cz_805_bren	bullet	24.00	4.00	5.43	25.99	12.74	17.24	11.40
988194	damage	bot-1339	bravo	bot-1357	alpha	cz_805_bren	bullet	24.00	34.96	23.54	6.52	20.07	7.01	3.51
988299	damage	bot-1357	alpha	bot-1338	bravo	five_seven	bullet	20.00	3.47	20.42	6.98	24.24	6.61	3.83
988545	kill	bot-1357	alpha	bot-1338	bravo	five_seven	bullet	20.00	0.00	21.13	6.93	24.24	6.61	3.12
989473	damage	bot-1357	alpha	bot-1339	bravo	five_seven	bullet	20.00	26.25	23.97	6.90	23.78	5.15	1.76
990175	damage	bot-1315	bravo	bot-1290	alpha	cz_805_bren	bullet	24.00	48.77	11.86	26.71	7.84	-5.67	32.63
991719	damage	bot-1362	alpha	bot-1363	bravo	cz_805_bren	bullet	24.00	76.00	-1.38	21.02	4.13	21.69	5.55
991831	damage	bot-1362	alpha	bot-1363	bravo	cz_805_bren	bullet	24.00	52.00	-1.38	21.02	4.13	21.69	5.55
991958	damage	bot-1362	alpha	bot-1363	bravo	cz_805_bren	bullet	24.00	28.00	-1.38	21.02	4.20	21.73	5.62
991958	damage	bot-1363	bravo	bot-1362	alpha	cz_805_bren	bullet	24.00	53.76	4.20	21.73	-1.38	21.02	5.62
992205	damage	bot-1362	alpha	bot-1363	bravo	cz_805_bren	bullet	24.00	4.00	-1.70	20.90	4.83	22.05	6.64
992205	damage	bot-1363	bravo	bot-1362	alpha	cz_805_bren	bullet	24.00	29.76	4.83	22.05	-2.03	20.77	6.98
992339	kill	bot-1362	alpha	bot-1363	bravo	cz_805_bren	bullet	24.00	0.00	-2.03	20.77	5.16	22.21	7.33
992732	damage	bot-1357	alpha	bot-1339	bravo	five_seven	bullet	20.00	6.25	24.18	6.51	23.36	5.54	1.27
993256	kill	bot-1241	alpha	bot-1358	bravo	cz_805_bren	bullet	24.00	0.00	1.58	-7.52	17.22	26.72	37.65
993256	damage	bot-1270	alpha	bot-1365	bravo	five_seven	bullet	20.00	80.00	-16.59	3.79	-23.67	26.12	23.43
993474	damage	bot-1270	alpha	bot-1365	bravo	five_seven	bullet	20.00	60.00	-16.59	3.79	-23.56	25.91	23.19
993660	damage	bot-1270	alpha	bot-1365	bravo	five_seven	bullet	20.00	40.00	-16.59	3.79	-24.28	25.86	23.37
994029	damage	bot-1270	alpha	bot-1365	bravo	five_seven	bullet	20.00	20.00	-16.59	3.77	-25.71	25.78	23.82
994388	kill	bot-1270	alpha	bot-1365	bravo	five_seven	bullet	20.00	0.00	-16.59	3.77	-26.06	25.77	23.95
995241	damage	bot-1366	bravo	bot-1300	alpha	m1911	bullet	33.00	39.60	0.78	-16.25	-3.70	-11.47	6.55
995594	damage	bot-1366	bravo	bot-1300	alpha	m1911	bullet	33.00	6.60	0.78	-16.25	-4.09	-11.02	7.14
995843	damage	bot-1364	alpha	bot-1366	bravo	cz_805_bren	bullet	24.00	76.00	14.44	11.44	0.78	-16.25	30.88
995935	damage	bot-1337	alpha	bot-1366	bravo	cz_805_bren	bullet	24.00	52.00	-14.91	6.33	0.78	-16.25	27.50
996076	damage	bot-1337	alpha	bot-1366	bravo	cz_805_bren	bullet	24.00	28.00	-14.91	6.33	1.51	-16.99	28.52
996127	damage	bot-1364	alpha	bot-1366	bravo	cz_805_bren	bullet	24.00	4.00	14.44	11.44	1.74	-17.21	31.34
996213	kill	bot-1337	alpha	bot-1366	bravo	cz_805_bren	bullet	24.00	0.00	-14.90	6.33	2.21	-17.68	29.48
996986	damage	bot-1249	alpha	bot-1367	bravo	cz_805_bren	bullet	24.00	76.00	-18.28	-22.08	-20.46	-19.18	3.63
996986	kill	bot-1357	alpha	bot-1339	bravo	five_seven	bullet	20.00	0.00	24.22	5.74	24.29	5.07	0.68
997123	damage	bot-1249	alpha	bot-1367	bravo	cz_805_bren	bullet	24.00	52.00	-18.09	-22.15	-21.06	-18.54	4.68
997913	damage	bot-1367	bravo	bot-1324	alpha	cz_805_bren	bullet	24.00	48.60	-20.28	-15.80	-11.06	-16.21	9.23
998067	damage	bot-1367	bravo	bot-1324	alpha	cz_805_bren	bullet	24.00	24.60	-20.20	-15.55	-10.03	-16.01	10.18
998178	damage	bot-1324	alpha	bot-1367	bravo	cz_805_bren	bullet	24.00	28.00	-9.68	-15.94	-20.16	-15.38	10.50
998178	damage	bot-1367	bravo	bot-1324	alpha	cz_805_bren	bullet	24.00	0.60	-20.16	-15.38	-9.33	-15.87	10.84
999821	damage	bot-1249	alpha	bot-1367	bravo	cz_805_bren	bullet	24.00	7.96	-18.92	-21.59	-19.75	-14.01	7.63
1000062	kill	bot-1253	alpha	bot-1367	bravo	five_seven	bullet	20.00	0.00	-19.12	-20.93	-19.77	-13.75	7.21
1001306	damage	bot-1369	bravo	bot-1324	alpha	five_seven	bullet	20.00	25.78	-8.07	-15.34	-7.20	-11.15	4.28
1001443	damage	bot-1270	alpha	bot-1369	bravo	five_seven	bullet	20.00	80.00	-10.22	4.17	-8.07	-15.33	19.61
1001443	damage	bot-1324	alpha	bot-1369	bravo	cz_805_bren	bullet	24.00	56.00	-7.31	-11.06	-8.07	-15.33	4.33
1003597	damage	bot-1362	alpha	bot-1370	bravo	cz_805_bren	bullet	24.00	76.00	-3.33	20.37	0.09	23.64	4.73
1003743	damage	bot-1362	alpha	bot-1370	bravo	cz_805_bren	bullet	24.00	52.00	-3.55	20.34	0.71	24.23	5.77
1004230	damage	bot-1253	alpha	bot-1368	bravo	five_seven	bullet	20.00	80.00	-19.75	-19.62	-22.19	-10.24	9.69
1004273	damage	bot-1370	bravo	bot-1362	alpha	m1911	bullet	33.00	39.44	4.06	25.91	-4.24	18.98	10.81
1004372	damage	bot-1253	alpha	bot-1368	bravo	five_seven	bullet	20.00	60.00	-19.73	-19.60	-21.62	-9.90	9.88
1004513	damage	bot-1368	bravo	bot-1253	alpha	cz_805_bren	bullet	24.00	48.69	-20.97	-9.43	-19.71	-19.58	10.23
1004606	damage	bot-1337	alpha	bot-1368	bravo	cz_805_bren	bullet	24.00	36.00	-18.62	-6.24	-20.45	-9.14	3.43
1004656	damage	bot-1253	alpha	bot-1368	bravo	five_seven	bullet	20.00	16.00	-19.72	-19.72	-20.17	-8.98	10.75
1004750	kill	bot-1212	alpha	bot-1368	bravo	cz_805_bren	bullet	24.00	0.00	-18.52	-5.70	-19.60	-8.68	3.17
1004750	damage	bot-1251	alpha	bot-1370	bravo	five_seven	bullet	20.00	32.00	14.75	12.55	5.44	26.60	16.86
1004884	kill	bot-1320	alpha	bot-1370	bravo	m24	bullet	95.00	0.00	10.73	11.21	5.44	26.60	16.28
1007091	damage	bot-1241	alpha	bot-1372	bravo	cz_805_bren	bullet	24.00	76.00	10.30	9.31	1.75	-22.25	32.70
1007201	damage	bot-1241	alpha	bot-1372	bravo	cz_805_bren	bullet	24.00	52.00	10.30	9.31	1.75	-22.25	32.70
1007706	damage	bot-1372	bravo	bot-1324	alpha	cz_805_bren	bullet	24.00	38.83	2.48	-24.52	-7.80	-10.58	17.32
1008315	damage	bot-1372	bravo	bot-1324	alpha	cz_805_bren	bullet	24.00	22.03	2.34	-26.64	-7.80	-10.58	18.99
1008462	kill	bot-1372	bravo	bot-1324	alpha	cz_805_bren	bullet	24.00	0.00	2.34	-26.64	-7.80	-10.58	18.99
1008535	damage	bot-1092	alpha	bot-1372	bravo	five_seven	bullet	20.00	32.00	9.72	13.43	2.34	-26.64	40.74
1009014	damage	bot-1335	alpha	bot-1373	bravo	cz_805_bren	bullet	24.00	76.00	4.99	-6.16	4.25	-15.25	9.12
1009142	damage	bot-1335	alpha	bot-1373	bravo	cz_805_bren	bullet	24.00	52.00	4.99	-6.16	4.25	-15.25	9.12
1009227	damage	bot-1241	alpha	bot-1373	bravo	cz_805_bren	bullet	24.00	28.00	10.06	7.96	3.83	-15.66	24.43
1009227	damage	bot-1373	bravo	bot-1335	alpha	five_seven	bullet	20.00	56.00	3.83	-15.66	4.99	-6.16	9.58
1009575	damage	bot-1373	bravo	bot-1335	alpha	five_seven	bullet	20.00	36.00	2.12	-17.39	5.41	-5.76	12.09
1009742	damage	bot-1373	bravo	bot-1335	alpha	five_seven	bullet	20.00	16.00	1.29	-18.21	5.99	-5.32	13.72
1010354	damage	bot-1092	alpha	bot-1373	bravo	five_seven	bullet	20.00	8.00	10.98	12.76	-0.17	-19.69	34.31
1010512	kill	bot-1092	alpha	bot-1373	bravo	five_seven	bullet	20.00	0.00	11.35	12.52	-0.29	-19.80	34.35
1013689	damage	bot-1349	alpha	bot-1377	bravo	five_seven	bullet	20.00	80.00	-10.90	-8.33	24.62	20.64	45.83
1013831	damage	bot-1349	alpha	bot-1377	bravo	five_seven	bullet	20.00	60.00	-10.90	-8.33	24.62	20.64	45.83
1014149	damage	bot-1349	alpha	bot-1377	bravo	five_seven	bullet	20.00	40.00	-10.90	-8.33	24.81	21.09	46.26
1014292	damage	bot-1349	alpha	bot-1377	bravo	five_seven	bullet	20.00	20.00	-10.90	-8.33	24.88	21.31	46.46
1014444	kill	bot-1349	alpha	bot-1377	bravo	five_seven	bullet	20.00	0.00	-10.90	-8.33	24.95	21.52	46.64
1015833	damage	bot-1379	bravo	bot-1349	alpha	cz_805_bren	bullet	24.00	48.18	19.78	17.94	-9.78	-8.27	39.51
1015949	damage	bot-1379	bravo	bot-1349	alpha	cz_805_bren	bullet	24.00	24.18	19.78	17.94	-9.93	-8.27	39.62
1016055	damage	bot-1349	alpha	bot-1379	bravo	five_seven	bullet	20.00	80.00	-10.01	-8.27	19.79	17.96	39.70
1016257	damage	bot-1379	bravo	bot-1304	alpha	cz_805_bren	bullet	24.00	48.68	19.79	17.96	14.84	12.27	7.54
1016965	damage	bot-1379	bravo	bot-1092	alpha	cz_805_bren	bullet	24.00	48.38	19.53	17.89	10.26	9.45	12.54
1017223	damage	bot-1379	bravo	bot-1092	alpha	cz_805_bren	bullet	24.00	24.38	19.53	17.89	10.25	8.03	13.55
1018521	damage	bot-1092	alpha	bot-1375	bravo	m1911	bullet	33.00	27.82	9.73	3.79	22.54	24.18	24.08
1019038	damage	bot-1378	alpha	bot-1379	bravo	cz_805_bren	bullet	24.00	56.00	8.69	7.15	17.56	17.32	13.49
1019645	damage	bot-1383	bravo	bot-1378	alpha	m24	bullet	95.00	5.00	23.96	26.24	8.67	7.15	24.46
1019999	damage	bot-1300	alpha	bot-1379	bravo	cz_805_bren	bullet	24.00	32.00	-9.06	-8.71	23.08	19.79	42.96
1021455	damage	bot-1304	alpha	bot-1385	bravo	m1911	bullet	33.00	67.00	10.35	5.52	17.75	16.25	13.04
1021747	damage	bot-1300	alpha	bot-1385	bravo	cz_805_bren	bullet	24.00	43.00	-9.01	-8.57	17.75	16.25	36.50
1021747	damage	bot-1364	alpha	bot-1385	bravo	cz_805_bren	bullet	24.00	19.00	8.56	7.26	17.75	16.25	12.86
1021795	kill	bot-1304	alpha	bot-1385	bravo	m1911	bullet	33.00	0.00	10.35	5.52	17.91	16.58	13.40
1022395	damage	bot-1300	alpha	bot-1381	bravo	cz_805_bren	bullet	24.00	76.00	-9.04	-8.51	24.55	21.70	45.17
1022558	damage	bot-1300	alpha	bot-1381	bravo	cz_805_bren	bullet	24.00	52.00	-9.04	-8.51	24.55	21.70	45.17
1022745	damage	bot-1300	alpha	bot-1381	bravo	cz_805_bren	bullet	24.00	28.00	-9.04	-8.51	25.02	21.87	45.64
1022925	damage	bot-1300	alpha	bot-1381	bravo	cz_805_bren	bullet	24.00	4.00	-9.04	-8.51	25.03	21.87	45.64
1023013	kill	bot-1364	alpha	bot-1381	bravo	cz_805_bren	bullet	24.00	0.00	8.73	7.36	24.87	21.55	21.50
1024322	damage	bot-1300	alpha	bot-1379	bravo	cz_805_bren	bullet	24.00	44.59	-8.57	-8.33	26.68	24.01	47.84
1024484	damage	bot-1300	alpha	bot-1379	bravo	cz_805_bren	bullet	24.00	20.59	-8.57	-8.33	26.71	24.88	48.44
1024484	damage	bot-1387	bravo	bot-1253	alpha	cz_805_bren	bullet	24.00	48.21	-24.76	-19.92	-19.74	-9.74	11.35
1024614	damage	bot-1387	bravo	bot-1253	alpha	cz_805_bren	bullet	24.00	24.21	-25.26	-19.37	-19.74	-9.57	11.25
1024946	damage	bot-1387	bravo	bot-1253	alpha	cz_805_bren	bullet	24.00	0.21	-26.74	-17.76	-19.65	-9.08	11.21
1025017	kill	bot-1364	alpha	bot-1379	bravo	cz_805_bren	bullet	24.00	0.00	8.53	6.90	27.08	26.15	26.72
1025254	kill	bot-1387	bravo	bot-1253	alpha	cz_805_bren	bullet	24.00	0.00	-26.75	-17.76	-19.38	-8.89	11.53
1025475	damage	bot-1387	bravo	bot-1386	alpha	cz_805_bren	bullet	24.00	76.00	-26.75	-17.76	-20.24	-8.22	11.55
1027328	damage	bot-1300	alpha	bot-1389	bravo	cz_805_bren	bullet	24.00	76.00	-8.26	-8.05	-21.87	18.31	29.67
1027460	damage	bot-1300	alpha	bot-1389	bravo	cz_805_bren	bullet	24.00	52.00	-8.26	-8.05	-21.74	18.51	29.78
1027722	damage	bot-1300	alpha	bot-1389	bravo	cz_805_bren	bullet	24.00	28.00	-8.26	-8.05	-22.07	19.93	31.20
1029219	damage	bot-1300	alpha	bot-1391	bravo	cz_805_bren	bullet	24.00	76.00	-8.39	-7.11	-25.20	19.16	31.19
1029495	damage	bot-1300	alpha	bot-1391	bravo	cz_805_bren	bullet	24.00	52.00	-8.39	-7.11	-24.82	20.16	31.84
1029632	damage	bot-1300	alpha	bot-1391	bravo	cz_805_bren	bullet	24.00	28.00	-8.39	-7.11	-24.68	20.31	31.90
1029896	damage	bot-1300	alpha	bot-1391	bravo	cz_805_bren	bullet	24.00	4.00	-8.38	-7.10	-24.38	20.62	32.00
1030017	kill	bot-1300	alpha	bot-1391	bravo	cz_805_bren	bullet	24.00	0.00	-8.38	-7.10	-24.28	20.73	32.05
1033551	damage	bot-1300	alpha	bot-1394	bravo	cz_805_bren	bullet	24.00	76.00	-8.69	-6.25	-22.82	18.38	28.39
1033958	damage	bot-1392	bravo	bot-1300	alpha	cz_805_bren	bullet	24.00	48.03	-25.53	23.89	-7.54	-7.35	36.05
1034070	damage	bot-1392	bravo	bot-1300	alpha	cz_805_bren	bullet	24.00	24.03	-25.53	23.89	-7.00	-7.88	36.78
1035052	damage	bot-1300	alpha	bot-1392	bravo	cz_805_bren	bullet	24.00	76.00	-2.31	-12.61	-25.53	23.89	43.26
1036740	damage	bot-1394	bravo	bot-1364	alpha	five_seven	bullet	20.00	80.00	-25.52	26.60	19.84	18.65	46.05
1036881	damage	bot-1394	bravo	bot-1364	alpha	five_seven	bullet	20.00	60.00	-25.51	26.62	19.99	18.77	46.17
1037066	damage	bot-1337	alpha	bot-1389	bravo	cz_805_bren	bullet	24.00	19.03	-20.53	-8.08	-20.55	26.71	34.79
1037066	damage	bot-1394	bravo	bot-1364	alpha	five_seven	bullet	20.00	40.00	-25.50	26.65	20.03	18.54	46.26
1037205	kill	bot-1337	alpha	bot-1389	bravo	cz_805_bren	bullet	24.00	0.00	-20.53	-8.08	-20.55	26.71	34.79
1037256	damage	bot-1394	bravo	bot-1364	alpha	five_seven	bullet	20.00	20.00	-25.49	26.68	20.09	18.28	46.34
1038048	damage	bot-1380	alpha	bot-1395	bravo	cz_805_bren	bullet	24.00	36.94	17.55	17.21	-22.56	26.56	41.18
1038198	damage	bot-1380	alpha	bot-1395	bravo	cz_805_bren	bullet	24.00	14.74	17.55	17.21	-22.56	26.56	41.18
1038337	kill	bot-1380	alpha	bot-1395	bravo	cz_805_bren	bullet	24.00	0.00	17.55	17.21	-22.56	26.56	41.18
1039283	damage	bot-1380	alpha	bot-1394	bravo	cz_805_bren	bullet	24.00	18.45	17.64	17.45	-25.32	26.69	43.94
1039399	kill	bot-1380	alpha	bot-1394	bravo	cz_805_bren	bullet	24.00	0.00	17.64	17.46	-25.32	26.69	43.94
1039816	damage	bot-1380	alpha	bot-1392	bravo	cz_805_bren	bullet	24.00	38.56	17.64	17.50	-26.64	26.57	45.20
1040102	damage	bot-1380	alpha	bot-1392	bravo	cz_805_bren	bullet	24.00	19.67	17.63	17.53	-26.64	26.57	45.19
1040230	kill	bot-1380	alpha	bot-1392	bravo	cz_805_bren	bullet	24.00	0.00	17.63	17.54	-26.64	26.57	45.18
1041472	damage	bot-1380	alpha	bot-1398	bravo	cz_805_bren	bullet	24.00	76.00	16.98	16.90	7.83	20.60	9.87
1041593	damage	bot-1380	alpha	bot-1398	bravo	cz_805_bren	bullet	24.00	52.00	16.98	16.90	7.96	20.55	9.73
1041750	damage	bot-1378	alpha	bot-1398	bravo	cz_805_bren	bullet	24.00	28.00	10.37	16.19	7.79	20.72	5.21
1041750	damage	bot-1380	alpha	bot-1398	bravo	cz_805_bren	bullet	24.00	4.00	16.98	16.89	7.79	20.72	9.95
1041906	kill	bot-1378	alpha	bot-1398	bravo	cz_805_bren	bullet	24.00	0.00	11.04	15.49	7.63	20.89	6.39
1052355	kill	bot-1403	bravo	bot-1249	alpha	m24	bullet	95.00	0.00	19.10	-25.19	-25.26	-19.92	44.67
1053956	damage	bot-1092	alpha	bot-1404	bravo	m1911	bullet	33.00	67.00	9.02	18.15	-18.08	24.58	27.86
1054099	damage	bot-1380	alpha	bot-1404	bravo	cz_805_bren	bullet	24.00	43.00	6.43	18.79	-17.97	24.55	25.07
1054327	damage	bot-1092	alpha	bot-1404	bravo	m1911	bullet	33.00	10.00	9.02	18.15	-18.63	24.30	28.33
1054327	kill	bot-1380	alpha	bot-1404	bravo	cz_805_bren	bullet	24.00	0.00	6.43	18.79	-18.63	24.30	25.66
1058852	damage	bot-1407	bravo	bot-1337	alpha	five_seven	bullet	20.00	52.28	-13.27	14.53	-19.28	6.86	9.74
1059000	damage	bot-1407	bravo	bot-1337	alpha	five_seven	bullet	20.00	32.28	-13.27	14.54	-19.25	6.78	9.79
1059141	damage	bot-1407	bravo	bot-1337	alpha	five_seven	bullet	20.00	12.28	-13.27	14.54	-19.22	6.70	9.84
1059275	kill	bot-1403	bravo	bot-1337	alpha	m24	bullet	95.00	0.00	11.32	-24.76	-19.18	6.63	43.77
1059920	kill	bot-1304	alpha	bot-1401	bravo	m24	bullet	95.00	0.00	26.68	8.72	22.81	-23.23	32.18
1060015	damage	bot-1335	alpha	bot-1407	bravo	cz_805_bren	bullet	24.00	76.00	-15.66	8.24	-14.57	13.98	5.85
1060015	damage	bot-1407	bravo	bot-1335	alpha	five_seven	bullet	20.00	52.14	-14.57	13.98	-15.71	7.93	6.16
1060109	damage	bot-1406	bravo	bot-1409	alpha	cz_805_bren	bullet	24.00	76.00	16.17	-24.66	1.36	-19.04	15.84
1060276	kill	bot-1399	bravo	bot-1409	alpha	m24	bullet	95.00	0.00	15.54	-23.29	1.58	-19.16	14.56
1062279	damage	bot-1407	bravo	bot-1374	alpha	five_seven	bullet	20.00	80.00	-13.96	14.39	-19.48	7.13	9.12
1062326	damage	bot-1410	bravo	bot-1351	alpha	cz_805_bren	bullet	24.00	72.09	-0.67	-6.17	1.12	2.16	8.51
1062425	damage	bot-1123	alpha	bot-1410	bravo	cz_805_bren	bullet	24.00	76.00	-5.39	16.65	-0.67	-6.16	23.30
1062425	damage	bot-1407	bravo	bot-1374	alpha	five_seven	bullet	20.00	60.00	-13.98	14.37	-19.48	7.14	9.08
1062473	damage	bot-1410	bravo	bot-1351	alpha	cz_805_bren	bullet	24.00	48.09	-0.67	-6.16	1.08	2.02	8.37
1062572	damage	bot-1123	alpha	bot-1410	bravo	cz_805_bren	bullet	24.00	52.00	-5.39	16.65	-0.67	-6.16	23.30
1062572	damage	bot-1300	alpha	bot-1403	bravo	cz_805_bren	bullet	24.00	32.84	-6.38	2.05	6.49	-25.13	30.08
1062572	damage	bot-1407	bravo	bot-1374	alpha	five_seven	bullet	20.00	40.00	-14.00	14.35	-19.33	7.00	9.08
1062620	damage	bot-1374	alpha	bot-1403	bravo	five_seven	bullet	20.00	13.70	-19.33	7.00	6.49	-25.13	41.22
1062758	damage	bot-1407	bravo	bot-1374	alpha	five_seven	bullet	20.00	20.00	-14.01	14.34	-19.12	6.80	9.11
1062854	kill	bot-1300	alpha	bot-1403	bravo	cz_805_bren	bullet	24.00	0.00	-6.78	1.79	6.49	-25.13	30.01
1062910	kill	bot-1407	bravo	bot-1374	alpha	five_seven	bullet	20.00	0.00	-14.01	14.34	-19.22	6.81	9.16
1063118	damage	bot-1407	bravo	bot-1322	alpha	five_seven	bullet	20.00	53.49	-14.01	14.34	-15.63	-4.41	18.82
1063453	damage	bot-1411	alpha	bot-1396	bravo	cz_805_bren	bullet	24.00	41.59	23.82	-0.15	25.47	-26.69	26.59
1063540	damage	bot-1351	alpha	bot-1410	bravo	five_seven	bullet	20.00	32.00	0.17	2.98	4.23	-2.76	7.04
1063721	damage	bot-1300	alpha	bot-1410	bravo	cz_805_bren	bullet	24.00	8.00	-7.99	0.85	4.85	-3.06	13.42
1063878	kill	bot-1351	alpha	bot-1410	bravo	five_seven	bullet	20.00	0.00	-0.77	3.96	5.44	-3.44	9.65
1064427	damage	bot-1390	alpha	bot-1412	bravo	cz_805_bren	bullet	24.00	76.00	6.54	5.81	5.64	-2.42	8.28
1064840	damage	bot-1351	alpha	bot-1412	bravo	five_seven	bullet	20.00	56.00	-1.95	8.68	5.59	-2.46	13.45
1065759	kill	bot-1351	alpha	bot-1406	bravo	m24	bullet	95.00	0.00	-3.73	12.15	6.77	-22.29	36.01
1066034	damage	bot-1300	alpha	bot-1412	bravo	cz_805_bren	bullet	24.00	32.00	-7.86	3.93	10.63	2.15	18.58
1066034	damage	bot-1412	bravo	bot-1390	alpha	cz_805_bren	bullet	24.00	76.00	10.63	2.15	4.81	6.53	7.28
1066183	damage	bot-1390	alpha	bot-1412	bravo	cz_805_bren	bullet	24.00	8.00	4.52	6.67	11.10	1.70	8.24
1066183	damage	bot-1412	bravo	bot-1390	alpha	cz_805_bren	bullet	24.00	52.00	11.10	1.70	4.52	6.67	8.24
1066702	damage	bot-1412	bravo	bot-1390	alpha	cz_805_bren	bullet	24.00	28.00	13.10	-0.14	1.67	6.71	13.33
1066761	damage	bot-1212	alpha	bot-1408	bravo	cz_805_bren	bullet	24.00	76.00	-19.54	14.69	-19.06	19.07	4.41
1066871	damage	bot-1212	alpha	bot-1408	bravo	cz_805_bren	bullet	24.00	52.00	-19.68	14.06	-19.19	18.51	4.48
1066971	damage	bot-1412	bravo	bot-1390	alpha	cz_805_bren	bullet	24.00	4.00	14.48	-1.36	-0.11	6.73	16.69
1068494	damage	bot-1378	alpha	bot-1414	bravo	cz_805_bren	bullet	24.00	76.00	16.66	-5.88	16.30	-3.07	2.83
1068573	kill	bot-1415	alpha	bot-1412	bravo	five_seven	bullet	20.00	0.00	26.57	2.36	21.94	-8.54	11.84
1068684	damage	bot-1378	alpha	bot-1414	bravo	cz_805_bren	bullet	24.00	52.00	16.51	-5.87	16.30	-3.07	2.81
1069349	damage	bot-1415	alpha	bot-1414	bravo	five_seven	bullet	20.00	32.00	26.62	2.35	14.42	-1.20	12.71
1070156	damage	bot-1414	bravo	bot-1413	alpha	five_seven	bullet	20.00	80.00	11.90	1.57	16.87	-0.13	5.26
1070505	damage	bot-1415	alpha	bot-1414	bravo	five_seven	bullet	20.00	12.00	26.23	1.44	10.16	3.30	16.19
1070796	damage	bot-1414	bravo	bot-1413	alpha	five_seven	bullet	20.00	60.00	8.82	4.34	17.89	-0.31	10.19
1071866	kill	bot-1298	alpha	bot-1414	bravo	cz_805_bren	bullet	24.00	0.00	-8.45	7.61	3.95	6.66	12.44
1072244	damage	bot-1378	alpha	bot-1416	bravo	cz_805_bren	bullet	24.00	76.00	19.26	-3.09	11.81	5.61	11.46
1072400	damage	bot-1378	alpha	bot-1416	bravo	cz_805_bren	bullet	24.00	52.00	19.91	-2.49	12.01	5.43	11.18
1072400	damage	bot-1411	alpha	bot-1402	bravo	cz_805_bren	bullet	24.00	48.27	26.76	3.96	16.03	-23.18	29.18
1072400	damage	bot-1419	alpha	bot-1402	bravo	cz_805_bren	bullet	24.00	24.27	25.22	-2.32	16.03	-23.18	22.79
1072453	damage	bot-1408	bravo	bot-1386	alpha	m1911	bullet	33.00	39.79	-19.13	20.67	-25.48	6.72	15.32
1072737	damage	bot-1420	bravo	bot-1380	alpha	cz_805_bren	bullet	24.00	76.00	-20.25	16.28	-19.06	21.68	5.54
1072840	damage	bot-1408	bravo	bot-1386	alpha	m1911	bullet	33.00	6.79	-19.10	20.72	-25.66	6.13	16.00
1073005	damage	bot-1420	bravo	bot-1380	alpha	cz_805_bren	bullet	24.00	52.00	-19.69	16.68	-18.99	22.40	5.76
1073126	damage	bot-1420	bravo	bot-1380	alpha	cz_805_bren	bullet	24.00	28.00	-19.29	17.19	-18.52	22.90	5.76
1073187	kill	bot-1408	bravo	bot-1386	alpha	m1911	bullet	33.00	0.00	-19.07	20.77	-25.77	5.64	16.54
1073427	damage	bot-1298	alpha	bot-1418	bravo	cz_805_bren	bullet	24.00	76.00	-5.08	10.70	10.86	-6.78	23.66
1073427	damage	bot-1390	alpha	bot-1418	bravo	cz_805_bren	bullet	24.00	52.00	-5.69	12.08	10.86	-6.78	25.09
1073427	damage	bot-1405	alpha	bot-1416	bravo	five_seven	bullet	20.00	32.00	-3.78	7.01	7.48	6.86	11.26
1073490	damage	bot-1212	alpha	bot-1420	bravo	cz_805_bren	bullet	24.00	76.00	-20.62	10.59	-18.43	17.65	7.39
1073563	damage	bot-1390	alpha	bot-1418	bravo	cz_805_bren	bullet	24.00	28.00	-5.68	12.09	10.94	-6.91	25.24
1073563	damage	bot-1416	bravo	bot-1347	alpha	m1911	bullet	33.00	62.56	6.77	6.82	24.02	6.70	17.25
1073640	damage	bot-1405	alpha	bot-1416	bravo	five_seven	bullet	20.00	12.00	-3.78	7.01	6.42	6.81	10.20
1073721	damage	bot-1390	alpha	bot-1418	bravo	cz_805_bren	bullet	24.00	4.00	-5.68	12.11	11.02	-7.05	25.42
1073816	kill	bot-1405	alpha	bot-1416	bravo	five_seven	bullet	20.00	0.00	-3.78	7.01	5.70	6.78	9.48
1073902	kill	bot-1390	alpha	bot-1418	bravo	cz_805_bren	bullet	24.00	0.00	-5.68	12.12	11.11	-7.19	25.58
1074375	damage	bot-1380	alpha	bot-1408	bravo	cz_805_bren	bullet	24.00	71.11	-13.57	25.89	-19.27	21.44	7.23
1074488	damage	bot-1380	alpha	bot-1408	bravo	cz_805_bren	bullet	24.00	47.11	-12.92	26.05	-19.32	21.32	7.96
1074611	damage	bot-1380	alpha	bot-1408	bravo	cz_805_bren	bullet	24.00	23.11	-12.28	26.25	-19.40	21.18	8.74
1074665	kill	bot-1408	bravo	bot-1380	alpha	m24	bullet	95.00	0.00	-19.43	21.13	-11.66	26.45	9.42
1074719	damage	bot-1212	alpha	bot-1420	bravo	cz_805_bren	bullet	24.00	52.00	-21.72	9.01	-19.03	18.39	9.76
1074879	damage	bot-1212	alpha	bot-1420	bravo	cz_805_bren	bullet	24.00	28.00	-21.84	8.80	-19.16	18.20	9.78
1074931	damage	bot-1420	bravo	bot-1212	alpha	cz_805_bren	bullet	24.00	48.43	-19.21	18.13	-22.03	8.29	10.24
1075715	damage	bot-1420	bravo	bot-1212	alpha	cz_805_bren	bullet	24.00	24.43	-18.96	18.12	-25.04	4.62	14.81
1075852	damage	bot-1420	bravo	bot-1212	alpha	cz_805_bren	bullet	24.00	0.43	-19.55	18.65	-25.61	3.83	16.01
1076129	damage	bot-1402	bravo	bot-1351	alpha	five_seven	bullet	20.00	52.04	6.03	-26.09	-2.04	12.88	39.79
1076413	kill	bot-1420	bravo	bot-1212	alpha	cz_805_bren	bullet	24.00	0.00	-19.19	21.83	-26.66	2.40	20.81
1076633	damage	bot-1402	bravo	bot-1351	alpha	five_seven	bullet	20.00	41.83	5.29	-26.18	-2.04	13.60	40.45
1076807	damage	bot-1402	bravo	bot-1351	alpha	five_seven	bullet	20.00	21.83	5.04	-26.20	-2.04	13.60	40.43
1076974	damage	bot-1402	bravo	bot-1351	alpha	five_seven	bullet	20.00	1.83	4.79	-26.23	-2.02	13.61	40.42
1077243	kill	bot-1092	alpha	bot-1402	bravo	m1911	bullet	33.00	0.00	-8.36	0.77	3.62	-26.37	29.67
1078649	damage	bot-1364	alpha	bot-1426	bravo	cz_805_bren	bullet	24.00	76.00	-8.96	22.73	-16.50	25.64	8.08
1078781	damage	bot-1364	alpha	bot-1426	bravo	cz_805_bren	bullet	24.00	52.00	-8.96	22.73	-16.49	25.64	8.07
1078866	damage	bot-1426	bravo	bot-1364	alpha	cz_805_bren	bullet	24.00	71.94	-16.55	25.58	-8.95	22.73	8.12
1078937	damage	bot-1364	alpha	bot-1426	bravo	cz_805_bren	bullet	24.00	28.00	-8.95	22.73	-16.61	25.52	8.16
1078993	damage	bot-1426	bravo	bot-1364	alpha	cz_805_bren	bullet	24.00	47.94	-16.67	25.46	-8.95	22.73	8.19
1079137	damage	bot-1422	bravo	bot-1364	alpha	five_seven	bullet	20.00	27.94	-21.03	22.15	-8.24	22.74	12.80
1079137	damage	bot-1426	bravo	bot-1364	alpha	cz_805_bren	bullet	24.00	3.94	-16.79	25.32	-8.24	22.74	8.93
1079207	damage	bot-1364	alpha	bot-1426	bravo	cz_805_bren	bullet	24.00	4.00	-8.24	22.74	-16.85	25.26	8.97
1079278	kill	bot-1422	bravo	bot-1364	alpha	five_seven	bullet	20.00	0.00	-21.03	22.15	-7.54	22.74	13.50
1079742	kill	bot-1298	alpha	bot-1426	bravo	cz_805_bren	bullet	24.00	0.00	-2.22	20.99	-19.56	24.35	17.66
1080080	damage	bot-1298	alpha	bot-1407	bravo	cz_805_bren	bullet	24.00	52.00	-2.22	20.99	-17.73	24.39	15.88
1080184	damage	bot-1407	bravo	bot-1298	alpha	five_seven	bullet	20.00	54.88	-17.89	24.36	-2.22	20.99	16.02
1080326	damage	bot-1407	bravo	bot-1298	alpha	five_seven	bullet	20.00	34.88	-18.12	24.34	-1.39	20.44	17.18
1080508	damage	bot-1407	bravo	bot-1298	alpha	five_seven	bullet	20.00	14.88	-18.41	24.31	-0.41	19.99	18.50
1084383	damage	bot-1123	alpha	bot-1407	bravo	cz_805_bren	bullet	24.00	34.30	-23.75	9.75	-23.45	26.27	16.52
1084540	damage	bot-1123	alpha	bot-1407	bravo	cz_805_bren	bullet	24.00	13.00	-23.75	9.75	-23.45	26.27	16.52
1084540	damage	bot-1428	bravo	bot-1298	alpha	cz_805_bren	bullet	24.00	35.90	-13.44	23.57	3.45	18.38	17.67
1084596	damage	bot-1393	alpha	bot-1432	bravo	five_seven	bullet	20.00	80.00	-2.50	9.81	5.34	-3.03	15.05
1084596	damage	bot-1422	bravo	bot-1390	alpha	five_seven	bullet	20.00	52.04	-15.90	23.82	-7.25	22.25	8.79
1084648	damage	bot-1427	alpha	bot-1432	bravo	cz_805_bren	bullet	24.00	56.00	-6.51	-8.61	5.41	-3.07	13.14
1084706	kill	bot-1123	alpha	bot-1407	bravo	cz_805_bren	bullet	24.00	0.00	-23.75	9.75	-23.45	26.27	16.52
1084706	damage	bot-1425	alpha	bot-1432	bravo	cz_805_bren	bullet	24.00	32.00	0.23	-10.54	5.46	-3.01	9.17
1084706	damage	bot-1428	bravo	bot-1298	alpha	cz_805_bren	bullet	24.00	14.60	-13.44	23.59	3.45	18.38	17.68
1084706	damage	bot-1430	bravo	bot-1390	alpha	five_seven	bullet	20.00	32.04	-16.63	24.95	-7.10	22.25	9.91
1084706	damage	bot-1432	bravo	bot-1423	alpha	m1911	bullet	33.00	67.00	5.46	-3.01	6.24	3.26	6.32
1084764	damage	bot-1393	alpha	bot-1432	bravo	five_seven	bullet	20.00	12.00	-2.50	9.81	5.52	-2.95	15.08
1084764	damage	bot-1422	bravo	bot-1390	alpha	five_seven	bullet	20.00	12.04	-15.90	23.82	-7.06	22.18	8.99
1084764	kill	bot-1427	alpha	bot-1432	bravo	cz_805_bren	bullet	24.00	0.00	-6.51	-8.61	5.52	-2.95	13.30
1084832	kill	bot-1420	bravo	bot-1390	alpha	cz_805_bren	bullet	24.00	0.00	-13.65	22.70	-7.01	22.11	6.66
1084832	kill	bot-1428	bravo	bot-1298	alpha	cz_805_bren	bullet	24.00	0.00	-13.44	23.61	3.45	18.38	17.68
1086275	damage	bot-1411	alpha	bot-1434	bravo	cz_805_bren	bullet	24.00	76.00	10.62	-6.32	-16.02	7.25	29.90
1086535	damage	bot-1393	alpha	bot-1434	bravo	five_seven	bullet	20.00	56.00	-2.96	10.82	-14.99	6.56	12.77
1086596	damage	bot-1411	alpha	bot-1434	bravo	cz_805_bren	bullet	24.00	32.00	10.67	-6.32	-15.24	6.31	28.82
1086716	damage	bot-1411	alpha	bot-1434	bravo	cz_805_bren	bullet	24.00	8.00	10.68	-6.32	-15.74	5.80	29.07
1086821	damage	bot-1424	bravo	bot-1123	alpha	m1911	bullet	33.00	25.82	-23.67	24.23	-23.93	10.18	14.06
1087540	damage	bot-1123	alpha	bot-1424	bravo	cz_805_bren	bullet	24.00	76.00	-25.82	12.77	-23.63	24.26	11.69
1087639	kill	bot-1393	alpha	bot-1434	bravo	five_seven	bullet	20.00	0.00	-2.82	10.61	-19.59	1.93	18.88
1088383	damage	bot-1430	bravo	bot-1300	alpha	five_seven	bullet	20.00	45.27	-18.49	24.21	-19.68	11.09	13.17
1088489	damage	bot-1422	bravo	bot-1300	alpha	five_seven	bullet	20.00	25.27	-18.68	23.55	-19.61	11.03	12.56
1088698	damage	bot-1351	alpha	bot-1428	bravo	five_seven	bullet	20.00	80.00	-7.11	21.65	-17.21	23.58	10.29
1089152	damage	bot-1351	alpha	bot-1430	bravo	five_seven	bullet	20.00	80.00	-7.13	21.66	-18.49	24.21	11.64
1089295	damage	bot-1351	alpha	bot-1430	bravo	five_seven	bullet	20.00	60.00	-7.13	21.66	-18.49	24.21	11.64
1089295	damage	bot-1430	bravo	bot-1351	alpha	five_seven	bullet	20.00	76.09	-18.49	24.21	-7.14	21.67	11.63
1089436	damage	bot-1351	alpha	bot-1430	bravo	five_seven	bullet	20.00	40.00	-7.14	21.67	-18.60	24.32	11.76
1089436	damage	bot-1430	bravo	bot-1351	alpha	five_seven	bullet	20.00	56.09	-18.60	24.32	-7.14	21.67	11.76
1089577	damage	bot-1351	alpha	bot-1430	bravo	five_seven	bullet	20.00	20.00	-7.09	21.60	-18.70	24.42	11.95
1090541	damage	bot-1430	bravo	bot-1439	alpha	five_seven	bullet	20.00	80.00	-23.04	25.24	-4.37	21.89	18.96
1090700	damage	bot-1422	bravo	bot-1439	alpha	five_seven	bullet	20.00	60.00	-18.89	23.43	-4.33	21.85	14.64
1090700	damage	bot-1430	bravo	bot-1439	alpha	five_seven	bullet	20.00	40.00	-23.04	25.24	-4.33	21.85	19.01
1093134	damage	bot-1431	alpha	bot-1440	bravo	five_seven	bullet	20.00	80.00	-17.59	11.76	-24.48	18.89	9.91
1093284	damage	bot-1431	alpha	bot-1440	bravo	five_seven	bullet	20.00	60.00	-17.59	11.76	-24.48	18.89	9.91
1093450	damage	bot-1431	alpha	bot-1440	bravo	five_seven	bullet	20.00	40.00	-17.59	11.76	-24.38	19.08	9.99
1093622	damage	bot-1431	alpha	bot-1440	bravo	five_seven	bullet	20.00	20.00	-17.59	11.76	-24.29	19.29	10.07
1093778	kill	bot-1431	alpha	bot-1440	bravo	five_seven	bullet	20.00	0.00	-17.59	11.76	-24.19	19.46	10.14
1094144	damage	bot-1438	bravo	bot-1300	alpha	five_seven	bullet	20.00	50.45	-22.95	19.41	-14.83	6.33	15.40
1094286	damage	bot-1438	bravo	bot-1300	alpha	five_seven	bullet	20.00	32.25	-22.95	19.42	-14.83	6.33	15.40
1094489	damage	bot-1438	bravo	bot-1300	alpha	five_seven	bullet	20.00	14.95	-22.94	19.42	-14.83	6.33	15.41
1094659	kill	bot-1438	bravo	bot-1300	alpha	five_seven	bullet	20.00	0.00	-22.94	19.43	-14.83	6.33	15.41
1097335	damage	bot-1092	alpha	bot-1438	bravo	m1911	bullet	33.00	67.00	3.82	-13.76	-23.72	18.27	42.23
1097710	damage	bot-1092	alpha	bot-1438	bravo	m1911	bullet	33.00	34.00	3.85	-13.73	-23.72	18.28	42.24
1097789	damage	bot-1422	bravo	bot-1393	alpha	five_seven	bullet	20.00	61.02	-14.23	25.30	-4.63	22.54	9.99
1097789	damage	bot-1428	bravo	bot-1393	alpha	cz_805_bren	bullet	24.00	37.02	-13.05	24.15	-4.63	22.54	8.57
1097921	damage	bot-1428	bravo	bot-1393	alpha	cz_805_bren	bullet	24.00	13.02	-13.05	24.15	-4.87	22.79	8.30
1097985	kill	bot-1422	bravo	bot-1393	alpha	five_seven	bullet	20.00	0.00	-14.23	25.30	-5.00	22.92	9.53
1098918	damage	bot-1445	alpha	bot-1438	bravo	cz_805_bren	bullet	24.00	10.00	-4.75	-11.74	-23.64	19.85	36.80
1098972	damage	bot-1438	bravo	bot-1445	alpha	five_seven	bullet	20.00	80.00	-23.64	19.85	-4.75	-11.74	36.80
1099031	kill	bot-1445	alpha	bot-1438	bravo	cz_805_bren	bullet	24.00	0.00	-4.75	-11.74	-23.65	19.97	36.92
1099364	damage	bot-1420	bravo	bot-1445	alpha	cz_805_bren	bullet	24.00	56.00	-16.32	17.75	-4.75	-11.74	31.68
1099429	damage	bot-1445	alpha	bot-1420	bravo	cz_805_bren	bullet	24.00	48.13	-4.69	-11.79	-16.32	17.75	31.74
1099503	damage	bot-1444	bravo	bot-1431	alpha	five_seven	bullet	20.00	59.45	-15.21	15.84	-15.40	13.38	2.47
1099854	damage	bot-1442	bravo	bot-1351	alpha	cz_805_bren	bullet	24.00	46.47	-7.62	22.85	-6.75	18.66	4.28
1099854	damage	bot-1444	bravo	bot-1431	alpha	five_seven	bullet	20.00	39.45	-15.22	16.18	-14.75	11.76	4.44
1101072	damage	bot-1446	bravo	bot-1405	alpha	m1911	bullet	33.00	62.23	12.24	-26.24	3.48	-16.53	13.08
1101446	damage	bot-1442	bravo	bot-1439	alpha	cz_805_bren	bullet	24.00	48.65	-8.81	23.97	-0.94	19.07	9.27
1102007	damage	bot-1429	alpha	bot-1442	bravo	five_seven	bullet	20.00	80.00	2.25	-2.95	-8.53	24.20	29.21
1102007	damage	bot-1439	alpha	bot-1442	bravo	five_seven	bullet	20.00	60.00	-0.78	18.50	-8.53	24.20	9.62
1102007	damage	bot-1442	bravo	bot-1439	alpha	cz_805_bren	bullet	24.00	24.65	-8.53	24.20	-0.78	18.50	9.62
1102148	damage	bot-1439	alpha	bot-1442	bravo	five_seven	bullet	20.00	40.00	-0.78	18.50	-9.24	24.34	10.28
1103448	damage	bot-1422	bravo	bot-1435	alpha	five_seven	bullet	20.00	80.00	-10.39	24.14	8.91	17.18	20.52
1103500	damage	bot-1435	alpha	bot-1422	bravo	cz_805_bren	bullet	24.00	29.08	8.91	17.18	-10.52	24.23	20.67
1103500	damage	bot-1447	bravo	bot-1445	alpha	cz_805_bren	bullet	24.00	52.28	16.73	-21.01	4.70	-20.71	12.03
1103604	damage	bot-1422	bravo	bot-1435	alpha	five_seven	bullet	20.00	60.00	-10.58	24.28	8.91	17.18	20.74
1103649	damage	bot-1435	alpha	bot-1422	bravo	cz_805_bren	bullet	24.00	5.08	8.97	17.12	-10.70	24.37	20.96
1103649	damage	bot-1447	bravo	bot-1445	alpha	cz_805_bren	bullet	24.00	28.28	17.40	-20.28	4.55	-20.53	12.85
1103762	damage	bot-1422	bravo	bot-1435	alpha	five_seven	bullet	20.00	40.00	-10.75	24.43	9.08	17.02	21.17
1103762	kill	bot-1435	alpha	bot-1422	bravo	cz_805_bren	bullet	24.00	0.00	9.08	17.02	-10.82	24.47	21.25
1105007	damage	bot-1448	bravo	bot-1435	alpha	cz_805_bren	bullet	24.00	25.00	13.26	-16.24	9.16	16.97	33.47
1105130	kill	bot-1446	bravo	bot-1445	alpha	m1911	bullet	33.00	0.00	12.48	-23.69	1.12	-17.54	12.92
1105130	damage	bot-1448	bravo	bot-1435	alpha	cz_805_bren	bullet	24.00	2.80	13.26	-16.24	9.16	16.97	33.47
1105256	kill	bot-1448	bravo	bot-1435	alpha	cz_805_bren	bullet	24.00	0.00	13.26	-16.24	9.16	16.97	33.47
1105471	damage	bot-1428	bravo	bot-1431	alpha	cz_805_bren	bullet	24.00	48.81	-15.38	14.41	-11.69	8.64	6.84
1105624	damage	bot-1428	bravo	bot-1431	alpha	cz_805_bren	bullet	24.00	24.81	-15.37	14.40	-11.57	8.51	7.01
1105684	damage	bot-1431	alpha	bot-1428	bravo	five_seven	bullet	20.00	60.00	-11.51	8.45	-15.36	14.40	7.08
1105738	damage	bot-1428	bravo	bot-1431	alpha	cz_805_bren	bullet	24.00	0.81	-15.36	14.40	-11.46	8.40	7.16
1105738	damage	bot-1448	bravo	bot-1304	alpha	cz_805_bren	bullet	24.00	48.27	13.27	-16.15	10.35	12.21	28.51
1105852	damage	bot-1431	alpha	bot-1428	bravo	five_seven	bullet	20.00	40.00	-11.32	8.26	-15.35	14.65	7.56
1106324	damage	bot-1446	bravo	bot-1092	alpha	m1911	bullet	33.00	39.05	12.27	-23.54	1.74	-17.68	12.05
1106586	damage	bot-1092	alpha	bot-1446	bravo	m1911	bullet	33.00	67.00	1.57	-17.43	12.27	-23.53	12.32
1106931	damage	bot-1092	alpha	bot-1446	bravo	m1911	bullet	33.00	34.00	1.31	-17.07	12.27	-23.52	12.71
1107584	damage	bot-1446	bravo	bot-1405	alpha	m24	bullet	95.00	0.39	14.58	-21.96	5.92	-20.02	8.88
1107753	damage	bot-1430	bravo	bot-1092	alpha	five_seven	bullet	20.00	19.05	-15.25	14.98	-0.56	-14.36	32.80
1107936	kill	bot-1430	bravo	bot-1092	alpha	five_seven	bullet	20.00	0.00	-15.25	14.98	-1.21	-13.48	31.74
1109268	damage	bot-1419	alpha	bot-1424	bravo	cz_805_bren	bullet	24.00	52.00	-6.85	22.12	-24.07	23.68	17.29
1109404	kill	bot-1420	bravo	bot-1405	alpha	cz_805_bren	bullet	24.00	0.00	-15.52	15.03	0.39	-16.55	35.36
1109686	damage	bot-1420	bravo	bot-1335	alpha	cz_805_bren	bullet	24.00	43.09	-15.45	15.09	-13.80	11.88	3.61
1109862	damage	bot-1420	bravo	bot-1335	alpha	cz_805_bren	bullet	24.00	19.09	-15.42	15.25	-13.75	11.74	3.89
1109978	kill	bot-1420	bravo	bot-1335	alpha	cz_805_bren	bullet	24.00	0.00	-15.38	15.40	-13.77	11.59	4.13
1110090	damage	bot-1430	bravo	bot-1378	alpha	five_seven	bullet	20.00	52.56	-14.88	14.21	-13.86	4.26	10.00
1110235	damage	bot-1448	bravo	bot-1450	alpha	cz_805_bren	bullet	24.00	76.00	11.30	-12.64	14.64	17.77	30.59
1110235	damage	bot-1451	bravo	bot-1452	alpha	five_seven	bullet	20.00	80.00	20.31	-17.90	20.67	-6.70	11.20
1110417	damage	bot-1437	alpha	bot-1424	bravo	five_seven	bullet	20.00	32.00	2.17	-18.35	-26.58	18.92	47.08
1110597	damage	bot-1437	alpha	bot-1424	bravo	five_seven	bullet	20.00	12.00	2.18	-18.34	-26.58	18.92	47.07
1110597	damage	bot-1451	bravo	bot-1452	alpha	five_seven	bullet	20.00	60.00	20.31	-17.90	19.38	-6.47	11.47
1110910	damage	bot-1378	alpha	bot-1430	bravo	cz_805_bren	bullet	24.00	41.38	-12.57	2.72	-14.72	14.50	11.98
1110910	kill	bot-1437	alpha	bot-1424	bravo	five_seven	bullet	20.00	0.00	2.20	-18.32	-26.57	18.92	47.06
1111127	damage	bot-1378	alpha	bot-1420	bravo	cz_805_bren	bullet	24.00	71.41	-12.58	2.72	-15.36	15.06	12.65
1111229	damage	bot-1451	bravo	bot-1454	alpha	five_seven	bullet	20.00	80.00	20.28	-17.52	23.33	-7.97	10.02
1111374	damage	bot-1451	bravo	bot-1454	alpha	five_seven	bullet	20.00	60.00	20.27	-17.52	23.12	-7.88	10.05
1111519	damage	bot-1451	bravo	bot-1454	alpha	five_seven	bullet	20.00	40.00	20.27	-17.52	23.25	-7.69	10.27
1111664	damage	bot-1451	bravo	bot-1454	alpha	five_seven	bullet	20.00	20.00	20.27	-17.52	23.55	-7.28	10.75
1111716	damage	bot-1437	alpha	bot-1444	bravo	five_seven	bullet	20.00	80.00	2.26	-18.06	-24.09	19.75	46.08
1111761	kill	bot-1449	bravo	bot-1454	alpha	five_seven	bullet	20.00	0.00	20.94	-25.73	23.96	-6.70	19.26
1111857	damage	bot-1437	alpha	bot-1444	bravo	five_seven	bullet	20.00	60.00	2.26	-18.06	-24.28	19.68	46.13
1112041	damage	bot-1437	alpha	bot-1444	bravo	five_seven	bullet	20.00	40.00	2.26	-18.06	-24.20	19.89	46.26
1112116	damage	bot-1444	bravo	bot-1437	alpha	five_seven	bullet	20.00	80.00	-24.17	19.96	2.26	-18.06	46.30
1112237	damage	bot-1437	alpha	bot-1444	bravo	five_seven	bullet	20.00	20.00	2.26	-18.06	-24.03	20.30	46.51
1112724	damage	bot-1437	alpha	bot-1420	bravo	five_seven	bullet	20.00	51.41	2.26	-18.06	-15.60	14.93	37.52
1112843	damage	bot-1420	bravo	bot-1437	alpha	cz_805_bren	bullet	24.00	56.00	-15.53	14.90	2.26	-18.06	37.45
1112843	damage	bot-1444	bravo	bot-1419	alpha	five_seven	bullet	20.00	80.00	-22.81	23.52	-10.92	22.71	11.91
1112948	damage	bot-1448	bravo	bot-1456	alpha	cz_805_bren	bullet	24.00	76.00	14.74	-17.92	13.94	-8.25	9.70
1113145	damage	bot-1444	bravo	bot-1419	alpha	five_seven	bullet	20.00	60.00	-22.79	23.51	-10.60	22.72	12.21
1113145	damage	bot-1448	bravo	bot-1456	alpha	cz_805_bren	bullet	24.00	52.00	14.74	-17.92	13.40	-8.25	9.76
1113298	damage	bot-1444	bravo	bot-1419	alpha	five_seven	bullet	20.00	40.00	-22.79	23.51	-9.52	22.73	13.29
1113346	kill	bot-1419	alpha	bot-1444	bravo	cz_805_bren	bullet	24.00	0.00	-9.52	22.73	-22.79	23.51	13.29
1113401	damage	bot-1456	alpha	bot-1448	bravo	cz_805_bren	bullet	24.00	35.90	11.95	-7.90	14.74	-17.92	10.40
1113541	damage	bot-1456	alpha	bot-1448	bravo	cz_805_bren	bullet	24.00	14.43	11.93	-7.67	14.74	-17.92	10.62
1113675	kill	bot-1456	alpha	bot-1448	bravo	cz_805_bren	bullet	24.00	0.00	11.91	-7.46	14.74	-17.92	10.84
1115550	damage	bot-1411	alpha	bot-1428	bravo	cz_805_bren	bullet	24.00	67.54	-7.25	22.25	-18.86	22.48	11.61
1115609	damage	bot-1351	alpha	bot-1428	bravo	five_seven	bullet	20.00	47.54	-7.90	22.72	-18.86	22.48	10.96
1115669	damage	bot-1411	alpha	bot-1428	bravo	cz_805_bren	bullet	24.00	23.54	-7.25	22.25	-19.17	22.30	11.92
1115722	damage	bot-1428	bravo	bot-1419	alpha	cz_805_bren	bullet	24.00	41.87	-19.41	22.03	-9.18	22.74	10.26
1116004	damage	bot-1378	alpha	bot-1441	bravo	cz_805_bren	bullet	24.00	57.81	-12.68	2.68	17.79	-6.81	31.91
1116167	damage	bot-1378	alpha	bot-1441	bravo	cz_805_bren	bullet	24.00	33.81	-12.70	2.68	17.94	-6.96	32.12
1116482	damage	bot-1437	alpha	bot-1446	bravo	five_seven	bullet	20.00	52.81	7.10	-23.09	17.82	-19.85	11.20
1116794	damage	bot-1447	bravo	bot-1437	alpha	cz_805_bren	bullet	24.00	48.09	15.55	-24.91	6.96	-22.76	8.85
1116950	damage	bot-1437	alpha	bot-1447	bravo	five_seven	bullet	20.00	52.35	6.87	-22.61	15.55	-24.91	8.98
1117114	damage	bot-1437	alpha	bot-1447	bravo	five_seven	bullet	20.00	32.35	6.79	-22.47	15.43	-25.01	9.01
1117228	damage	bot-1433	alpha	bot-1447	bravo	cz_805_bren	bullet	24.00	8.35	6.82	-20.89	15.30	-25.10	9.47
1117286	kill	bot-1437	alpha	bot-1447	bravo	five_seven	bullet	20.00	0.00	6.66	-22.66	15.24	-25.15	8.93
1117455	damage	bot-1433	alpha	bot-1449	bravo	cz_805_bren	bullet	24.00	48.42	6.96	-21.18	19.48	-24.71	13.01
1117455	damage	bot-1437	alpha	bot-1449	bravo	five_seven	bullet	20.00	28.42	6.62	-22.72	19.48	-24.71	13.01
1117639	damage	bot-1437	alpha	bot-1449	bravo	five_seven	bullet	20.00	8.42	6.58	-22.78	20.28	-24.77	13.84
1117639	damage	bot-1449	bravo	bot-1437	alpha	five_seven	bullet	20.00	28.09	20.28	-24.77	6.52	-22.84	13.89
1117811	kill	bot-1437	alpha	bot-1449	bravo	five_seven	bullet	20.00	0.00	6.43	-22.94	21.32	-24.78	15.00
1119331	damage	bot-1419	alpha	bot-1408	bravo	cz_805_bren	bullet	24.00	48.48	-10.86	22.68	-18.75	22.25	7.91
1119505	damage	bot-1419	alpha	bot-1408	bravo	cz_805_bren	bullet	24.00	9.58	-11.21	22.77	-18.95	22.25	7.76
1119913	damage	bot-1430	bravo	bot-1351	alpha	five_seven	bullet	20.00	52.83	-21.20	23.35	-10.92	24.23	10.32
1120064	damage	bot-1430	bravo	bot-1351	alpha	five_seven	bullet	20.00	32.83	-21.60	23.77	-10.76	24.22	10.85
1120261	damage	bot-1411	alpha	bot-1430	bravo	cz_805_bren	bullet	24.00	25.39	-12.32	23.00	-21.72	23.91	9.45
1120320	damage	bot-1430	bravo	bot-1351	alpha	five_seven	bullet	20.00	12.83	-21.77	23.92	-9.69	23.83	12.08
1120388	damage	bot-1411	alpha	bot-1430	bravo	cz_805_bren	bullet	24.00	1.39	-12.34	22.97	-21.81	23.96	9.52
1120522	kill	bot-1411	alpha	bot-1430	bravo	cz_805_bren	bullet	24.00	0.00	-12.32	22.98	-21.90	24.06	9.64
1120522	damage	bot-1457	bravo	bot-1411	alpha	five_seven	bullet	20.00	75.31	-23.98	22.48	-12.32	22.98	11.67
1120593	damage	bot-1455	bravo	bot-1304	alpha	cz_805_bren	bullet	24.00	51.54	18.80	-11.01	14.75	6.44	17.91
1120898	damage	bot-1457	bravo	bot-1411	alpha	five_seven	bullet	20.00	55.31	-24.61	24.28	-13.79	22.60	10.94
1121008	damage	bot-1458	alpha	bot-1441	bravo	five_seven	bullet	20.00	51.09	15.91	-6.12	22.74	-11.68	8.81
1121069	damage	bot-1457	bravo	bot-1411	alpha	five_seven	bullet	20.00	35.31	-25.66	24.51	-12.73	22.64	13.06
1121134	kill	bot-1411	alpha	bot-1457	bravo	cz_805_bren	bullet	24.00	0.00	-12.73	22.64	-26.01	24.59	13.42
1121191	damage	bot-1378	alpha	bot-1463	bravo	cz_805_bren	bullet	24.00	76.00	-12.69	2.62	4.11	6.61	17.26
1121191	damage	bot-1458	alpha	bot-1441	bravo	five_seven	bullet	20.00	33.79	15.91	-6.12	22.75	-11.68	8.81
1121297	damage	bot-1463	bravo	bot-1378	alpha	cz_805_bren	bullet	24.00	24.18	4.11	6.61	-12.69	2.62	17.26
1121297	damage	bot-1464	alpha	bot-1420	bravo	cz_805_bren	bullet	24.00	18.33	-7.19	22.31	-26.64	26.64	19.92
1121353	damage	bot-1378	alpha	bot-1463	bravo	cz_805_bren	bullet	24.00	52.00	-12.69	2.62	4.11	6.61	17.26
1121353	damage	bot-1458	alpha	bot-1441	bravo	five_seven	bullet	20.00	16.49	15.91	-6.12	22.75	-11.68	8.82
1121415	damage	bot-1463	bravo	bot-1378	alpha	cz_805_bren	bullet	24.00	0.18	4.19	6.61	-12.72	2.66	17.37
1121415	kill	bot-1464	alpha	bot-1420	bravo	cz_805_bren	bullet	24.00	0.00	-7.20	22.35	-26.64	26.64	19.91
1121469	damage	bot-1378	alpha	bot-1463	bravo	cz_805_bren	bullet	24.00	28.00	-12.72	2.66	4.27	6.61	17.45
1121523	kill	bot-1458	alpha	bot-1441	bravo	five_seven	bullet	20.00	0.00	15.91	-6.12	22.76	-11.67	8.82
1121630	damage	bot-1378	alpha	bot-1463	bravo	cz_805_bren	bullet	24.00	4.00	-12.67	2.90	4.52	6.62	17.59
1121745	kill	bot-1378	alpha	bot-1463	bravo	cz_805_bren	bullet	24.00	0.00	-12.63	3.06	4.68	6.63	17.68
1121745	damage	bot-1451	bravo	bot-1437	alpha	five_seven	bullet	20.00	44.97	17.50	-20.28	4.67	-25.72	13.93
1121969	damage	bot-1451	bravo	bot-1433	alpha	five_seven	bullet	20.00	80.00	17.50	-20.28	9.90	-24.62	8.75
1122170	damage	bot-1451	bravo	bot-1433	alpha	five_seven	bullet	20.00	60.00	17.28	-20.52	10.17	-24.72	8.26
1122319	damage	bot-1433	alpha	bot-1451	bravo	cz_805_bren	bullet	24.00	76.00	9.81	-24.73	17.28	-20.52	8.58
1122456	damage	bot-1455	bravo	bot-1427	alpha	cz_805_bren	bullet	24.00	61.99	19.11	-10.22	16.30	-5.48	5.50
1122591	damage	bot-1455	bravo	bot-1427	alpha	cz_805_bren	bullet	24.00	40.19	19.21	-10.33	16.18	-5.54	5.67
1122813	damage	bot-1455	bravo	bot-1427	alpha	cz_805_bren	bullet	24.00	17.29	19.31	-10.42	16.02	-5.55	5.87
1123259	damage	bot-1465	bravo	bot-1462	alpha	five_seven	bullet	20.00	80.00	-5.24	-24.74	-4.47	-8.41	16.36
1123319	damage	bot-1450	alpha	bot-1465	bravo	five_seven	bullet	20.00	80.00	9.63	9.24	-5.24	-24.74	37.10
1123319	damage	bot-1451	bravo	bot-1437	alpha	five_seven	bullet	20.00	42.06	17.15	-20.49	4.66	-25.74	13.55
1123448	damage	bot-1465	bravo	bot-1462	alpha	five_seven	bullet	20.00	60.00	-5.24	-24.74	-4.50	-8.36	16.40
1123526	damage	bot-1450	alpha	bot-1465	bravo	five_seven	bullet	20.00	60.00	9.63	9.24	-5.24	-24.74	37.10
1123592	damage	bot-1465	bravo	bot-1462	alpha	five_seven	bullet	20.00	40.00	-5.57	-24.87	-4.62	-8.25	16.64
1123974	kill	bot-1304	alpha	bot-1465	bravo	m24	bullet	95.00	0.00	14.75	10.01	-7.87	-25.79	42.34
1124327	kill	bot-1446	bravo	bot-1433	alpha	m24	bullet	95.00	0.00	18.74	-18.39	9.14	-25.89	12.19
1124379	damage	bot-1437	alpha	bot-1451	bravo	five_seven	bullet	20.00	56.00	4.65	-25.78	17.15	-20.49	13.57
1124558	damage	bot-1437	alpha	bot-1451	bravo	five_seven	bullet	20.00	36.00	5.59	-25.78	17.88	-19.74	13.69
1124708	kill	bot-1460	alpha	bot-1408	bravo	m1911	bullet	33.00	0.00	-15.81	11.74	-26.49	12.44	10.71
1125382	damage	bot-1451	bravo	bot-1437	alpha	five_seven	bullet	20.00	33.28	20.14	-17.38	8.24	-25.69	14.51
1125456	kill	bot-1467	bravo	bot-1437	alpha	m24	bullet	95.00	0.00	-12.78	-21.57	8.16	-25.68	21.34
1127269	damage	bot-1450	alpha	bot-1455	bravo	five_seven	bullet	20.00	80.00	10.32	6.49	19.82	-9.94	18.98
1127442	damage	bot-1450	alpha	bot-1455	bravo	five_seven	bullet	20.00	60.00	10.32	6.49	19.80	-9.79	18.84
1127791	damage	bot-1450	alpha	bot-1455	bravo	five_seven	bullet	20.00	40.00	10.32	6.49	19.87	-10.10	19.14
1127791	damage	bot-1455	bravo	bot-1450	alpha	cz_805_bren	bullet	24.00	37.89	19.87	-10.10	10.32	6.49	19.14
1127995	damage	bot-1450	alpha	bot-1455	bravo	five_seven	bullet	20.00	20.00	9.96	6.51	19.91	-10.26	19.50
1128968	damage	bot-1455	bravo	bot-1456	alpha	cz_805_bren	bullet	24.00	49.96	20.69	-12.74	15.61	-2.74	11.21
1130170	damage	bot-1419	alpha	bot-1461	bravo	cz_805_bren	bullet	24.00	48.60	-21.97	19.56	-19.29	-16.75	36.41
1130287	damage	bot-1419	alpha	bot-1461	bravo	cz_805_bren	bullet	24.00	24.60	-21.97	19.56	-19.21	-16.74	36.41
1130389	damage	bot-1456	alpha	bot-1467	bravo	cz_805_bren	bullet	24.00	76.00	11.79	1.20	-11.00	-21.79	32.37
1130478	damage	bot-1419	alpha	bot-1461	bravo	cz_805_bren	bullet	24.00	0.60	-21.97	19.58	-19.06	-16.72	36.42
1130572	damage	bot-1456	alpha	bot-1467	bravo	cz_805_bren	bullet	24.00	52.00	11.79	1.20	-11.00	-21.79	32.37
1130671	kill	bot-1419	alpha	bot-1461	bravo	cz_805_bren	bullet	24.00	0.00	-21.97	19.60	-18.90	-16.73	36.45
1130671	damage	bot-1471	bravo	bot-1464	alpha	cz_805_bren	bullet	24.00	43.40	-20.51	-17.23	-18.70	22.48	39.75
1130793	damage	bot-1456	alpha	bot-1467	bravo	cz_805_bren	bullet	24.00	28.00	11.78	1.20	-11.13	-21.89	32.52
1131670	damage	bot-1472	alpha	bot-1467	bravo	cz_805_bren	bullet	24.00	4.00	1.31	-7.97	-12.14	-22.70	19.95
1131935	damage	bot-1473	bravo	bot-1456	alpha	five_seven	bullet	20.00	38.96	-26.23	-8.28	11.78	1.20	39.18
1132306	damage	bot-1473	bravo	bot-1456	alpha	five_seven	bullet	20.00	22.56	-26.23	-8.28	11.78	1.20	39.18
1132451	damage	bot-1419	alpha	bot-1471	bravo	cz_805_bren	bullet	24.00	76.00	-21.45	20.08	-20.58	-16.88	36.97
1132451	damage	bot-1473	bravo	bot-1456	alpha	five_seven	bullet	20.00	3.46	-26.23	-8.28	11.78	1.20	39.18
1132669	damage	bot-1419	alpha	bot-1471	bravo	cz_805_bren	bullet	24.00	52.00	-21.45	20.10	-20.52	-16.86	36.97
1132669	kill	bot-1473	bravo	bot-1456	alpha	five_seven	bullet	20.00	0.00	-26.23	-8.28	11.78	1.20	39.18
1133028	damage	bot-1458	alpha	bot-1451	bravo	five_seven	bullet	20.00	52.00	15.95	-5.81	21.77	-12.35	8.76
1133657	damage	bot-1451	bravo	bot-1427	alpha	five_seven	bullet	20.00	52.19	20.75	-13.23	16.68	-4.21	9.90
1133657	damage	bot-1475	bravo	bot-1427	alpha	five_seven	bullet	20.00	32.19	21.25	-13.76	16.68	-4.21	10.58
1133804	damage	bot-1475	bravo	bot-1427	alpha	five_seven	bullet	20.00	12.19	21.25	-13.76	16.71	-3.86	10.90
1134047	kill	bot-1451	bravo	bot-1427	alpha	five_seven	bullet	20.00	0.00	19.95	-13.90	16.38	-3.44	11.05
1134047	damage	bot-1458	alpha	bot-1455	bravo	five_seven	bullet	20.00	24.30	15.87	-5.77	25.23	-17.28	14.84
1134184	kill	bot-1472	alpha	bot-1467	bravo	cz_805_bren	bullet	24.00	0.00	2.18	-9.24	-14.70	-24.66	22.87
1134294	damage	bot-1458	alpha	bot-1455	bravo	five_seven	bullet	20.00	6.10	16.01	-5.77	25.23	-17.28	14.75
1135584	damage	bot-1451	bravo	bot-1458	alpha	five_seven	bullet	20.00	80.00	22.09	-17.15	16.73	-3.86	14.33
1135725	damage	bot-1451	bravo	bot-1458	alpha	five_seven	bullet	20.00	60.00	22.31	-17.43	16.74	-3.78	14.74
1136075	damage	bot-1458	alpha	bot-1475	bravo	five_seven	bullet	20.00	80.00	16.63	-3.59	22.28	-14.40	12.21
1136292	damage	bot-1458	alpha	bot-1475	bravo	five_seven	bullet	20.00	60.00	16.54	-3.45	22.28	-14.40	12.37
1136382	damage	bot-1451	bravo	bot-1458	alpha	five_seven	bullet	20.00	40.00	23.59	-19.06	16.50	-3.38	17.21
1136475	damage	bot-1419	alpha	bot-1477	bravo	cz_805_bren	bullet	24.00	76.00	-20.76	17.51	-21.63	-14.01	31.53
1136475	damage	bot-1458	alpha	bot-1475	bravo	five_seven	bullet	20.00	40.00	16.46	-3.30	22.39	-14.52	12.69
1136475	damage	bot-1475	bravo	bot-1458	alpha	five_seven	bullet	20.00	20.00	22.39	-14.52	16.42	-3.23	12.77
1136678	damage	bot-1458	alpha	bot-1475	bravo	five_seven	bullet	20.00	20.00	16.38	-3.16	22.50	-14.64	13.01
1136678	kill	bot-1475	bravo	bot-1458	alpha	five_seven	bullet	20.00	0.00	22.50	-14.64	16.34	-3.09	13.09
1136772	damage	bot-1419	alpha	bot-1477	bravo	cz_805_bren	bullet	24.00	52.00	-20.76	17.51	-21.28	-14.78	32.29
1136955	damage	bot-1419	alpha	bot-1477	bravo	cz_805_bren	bullet	24.00	28.00	-20.76	17.51	-21.08	-15.31	32.82
1137142	damage	bot-1419	alpha	bot-1477	bravo	cz_805_bren	bullet	24.00	4.00	-20.76	17.51	-20.85	-15.85	33.36
1138756	damage	bot-1378	alpha	bot-1473	bravo	cz_805_bren	bullet	24.00	25.65	-6.15	9.03	-26.51	-17.37	33.34
1138973	damage	bot-1378	alpha	bot-1473	bravo	cz_805_bren	bullet	24.00	1.65	-6.15	9.03	-26.58	-18.08	33.95
1139085	kill	bot-1378	alpha	bot-1473	bravo	cz_805_bren	bullet	24.00	0.00	-6.15	9.03	-26.61	-18.44	34.26
1139648	damage	bot-1450	alpha	bot-1481	bravo	five_seven	bullet	20.00	80.00	-0.56	6.38	-22.79	-8.71	26.87
1139903	damage	bot-1450	alpha	bot-1481	bravo	five_seven	bullet	20.00	13.92	-0.56	6.38	-22.79	-8.71	26.87
1139903	damage	bot-1479	bravo	bot-1304	alpha	cz_805_bren	bullet	24.00	48.23	10.30	-11.54	12.81	11.69	23.37
1139903	damage	bot-1481	bravo	bot-1450	alpha	five_seven	bullet	20.00	52.09	-22.79	-8.71	-0.56	6.38	26.87
1140383	damage	bot-1481	bravo	bot-1450	alpha	five_seven	bullet	20.00	32.09	-23.02	-8.98	-0.81	6.61	27.13
1140543	damage	bot-1481	bravo	bot-1450	alpha	five_seven	bullet	20.00	12.09	-23.15	-9.12	-0.94	6.68	27.26
1141450	damage	bot-1419	alpha	bot-1482	bravo	cz_805_bren	bullet	24.00	76.00	-20.10	13.13	-26.22	-5.69	19.78
1141588	damage	bot-1472	alpha	bot-1482	bravo	cz_805_bren	bullet	24.00	52.00	-5.92	-8.25	-26.22	-5.69	20.46
1141635	damage	bot-1378	alpha	bot-1482	bravo	cz_805_bren	bullet	24.00	28.00	-4.69	7.64	-26.22	-5.69	25.32
1141731	damage	bot-1419	alpha	bot-1482	bravo	cz_805_bren	bullet	24.00	4.00	-20.12	13.11	-26.22	-5.69	19.76
1141731	kill	bot-1472	alpha	bot-1482	bravo	cz_805_bren	bullet	24.00	0.00	-5.92	-8.25	-26.22	-5.69	20.46
1143863	kill	bot-1479	bravo	bot-1304	alpha	cz_805_bren	bullet	24.00	0.00	10.68	-7.82	9.98	5.73	13.57
1144043	damage	bot-1483	bravo	bot-1419	alpha	cz_805_bren	bullet	24.00	8.03	-22.05	13.73	-23.70	21.28	7.73
1144609	damage	bot-1472	alpha	bot-1483	bravo	cz_805_bren	bullet	24.00	4.34	-8.66	-7.91	-20.83	10.36	21.95
1144658	kill	bot-1483	bravo	bot-1419	alpha	cz_805_bren	bullet	24.00	0.00	-20.95	10.03	-23.68	21.28	11.58
1144851	damage	bot-1479	bravo	bot-1443	alpha	cz_805_bren	bullet	24.00	71.51	10.71	-7.00	-5.19	10.86	23.91
1145000	damage	bot-1479	bravo	bot-1443	alpha	cz_805_bren	bullet	24.00	47.51	10.71	-7.00	-5.19	10.86	23.91
1145171	kill	bot-1439	alpha	bot-1483	bravo	five_seven	bullet	20.00	0.00	-7.70	10.87	-23.05	7.90	15.63
1145346	damage	bot-1479	bravo	bot-1443	alpha	cz_805_bren	bullet	24.00	23.51	10.71	-7.00	-5.65	10.81	24.19
1145479	kill	bot-1479	bravo	bot-1443	alpha	cz_805_bren	bullet	24.00	0.00	10.71	-7.00	-5.82	10.80	24.29
1145841	damage	bot-1411	alpha	bot-1479	bravo	cz_805_bren	bullet	24.00	76.00	-6.59	14.33	10.71	-7.00	27.47
1146634	damage	bot-1455	bravo	bot-1460	alpha	cz_805_bren	bullet	24.00	61.41	25.70	-11.06	-18.23	11.85	49.54
1146853	damage	bot-1484	bravo	bot-1470	alpha	cz_805_bren	bullet	24.00	75.57	11.83	-2.28	-8.70	-9.30	21.69
1146981	damage	bot-1484	bravo	bot-1470	alpha	cz_805_bren	bullet	24.00	51.57	11.83	-2.28	-8.70	-9.30	21.69
1147109	damage	bot-1484	bravo	bot-1470	alpha	cz_805_bren	bullet	24.00	27.57	11.83	-2.28	-8.79	-9.11	21.72
1147420	damage	bot-1484	bravo	bot-1470	alpha	cz_805_bren	bullet	24.00	3.57	11.83	-2.29	-9.00	-8.67	21.79
1147559	kill	bot-1484	bravo	bot-1470	alpha	cz_805_bren	bullet	24.00	0.00	11.83	-2.29	-9.14	-8.53	21.88
1147609	damage	bot-1479	bravo	bot-1351	alpha	cz_805_bren	bullet	24.00	48.22	11.17	-7.11	-15.86	11.80	32.99
1147734	damage	bot-1464	alpha	bot-1486	bravo	cz_805_bren	bullet	24.00	76.00	-18.75	22.25	-21.25	-18.75	41.07
1147803	damage	bot-1484	bravo	bot-1466	alpha	cz_805_bren	bullet	24.00	76.00	11.83	-2.29	-11.27	-7.45	23.67
1147860	damage	bot-1479	bravo	bot-1351	alpha	cz_805_bren	bullet	24.00	24.22	11.19	-7.09	-16.98	11.81	33.93
1148163	damage	bot-1479	bravo	bot-1460	alpha	cz_805_bren	bullet	24.00	37.41	11.23	-7.05	-20.45	13.13	37.57
1148464	damage	bot-1464	alpha	bot-1486	bravo	cz_805_bren	bullet	24.00	52.00	-18.91	22.24	-21.28	-18.79	41.10
1148520	damage	bot-1484	bravo	bot-1466	alpha	cz_805_bren	bullet	24.00	52.00	11.96	-2.29	-9.42	-8.45	22.24
1148622	damage	bot-1464	alpha	bot-1486	bravo	cz_805_bren	bullet	24.00	28.00	-18.89	22.24	-21.18	-19.02	41.33
1148622	damage	bot-1486	bravo	bot-1460	alpha	five_seven	bullet	20.00	17.41	-21.18	-19.02	-21.26	14.80	33.82
1148771	damage	bot-1464	alpha	bot-1486	bravo	cz_805_bren	bullet	24.00	4.00	-18.87	22.23	-21.10	-19.25	41.54
1148771	kill	bot-1486	bravo	bot-1460	alpha	five_seven	bullet	20.00	0.00	-21.10	-19.25	-21.41	15.64	34.89
1148914	kill	bot-1464	alpha	bot-1486	bravo	cz_805_bren	bullet	24.00	0.00	-18.86	22.23	-20.99	-19.44	41.72
1149965	damage	bot-1488	bravo	bot-1378	alpha	m1911	bullet	33.00	33.54	-16.29	-5.32	-12.00	-2.06	5.39
1150154	damage	bot-1484	bravo	bot-1468	alpha	cz_805_bren	bullet	24.00	76.00	11.92	-2.28	-11.07	-16.57	27.07
1150290	damage	bot-1411	alpha	bot-1488	bravo	cz_805_bren	bullet	24.00	76.00	1.56	21.16	-16.73	-5.78	32.56
1150290	damage	bot-1466	alpha	bot-1488	bravo	five_seven	bullet	20.00	56.00	-20.22	-5.86	-16.73	-5.78	3.49
1150441	damage	bot-1484	bravo	bot-1468	alpha	cz_805_bren	bullet	24.00	52.00	11.92	-2.28	-11.07	-16.57	27.07
1150558	damage	bot-1484	bravo	bot-1468	alpha	cz_805_bren	bullet	24.00	28.00	11.92	-2.28	-11.09	-16.73	27.17
1150671	damage	bot-1484	bravo	bot-1468	alpha	cz_805_bren	bullet	24.00	4.00	11.92	-2.28	-11.11	-16.89	27.27
1150837	kill	bot-1484	bravo	bot-1468	alpha	cz_805_bren	bullet	24.00	0.00	11.92	-2.29	-11.13	-17.14	27.42
1151008	damage	bot-1485	alpha	bot-1484	bravo	five_seven	bullet	20.00	80.00	-9.06	-16.21	11.92	-2.29	25.18
1151068	damage	bot-1484	bravo	bot-1485	alpha	cz_805_bren	bullet	24.00	76.00	11.92	-2.29	-9.05	-16.20	25.17
1151181	damage	bot-1484	bravo	bot-1485	alpha	cz_805_bren	bullet	24.00	52.00	11.92	-2.29	-9.05	-16.20	25.16
1151325	damage	bot-1485	alpha	bot-1484	bravo	five_seven	bullet	20.00	60.00	-9.03	-16.33	11.92	-2.30	25.22
1151435	damage	bot-1484	bravo	bot-1485	alpha	cz_805_bren	bullet	24.00	28.00	11.99	-2.35	-9.02	-16.50	25.32
1151658	damage	bot-1485	alpha	bot-1484	bravo	five_seven	bullet	20.00	40.00	-8.98	-16.81	12.32	-2.65	25.57
1152128	damage	bot-1479	bravo	bot-1466	alpha	cz_805_bren	bullet	24.00	30.64	9.66	-5.83	-23.91	-5.23	33.58
1152407	kill	bot-1475	bravo	bot-1466	alpha	m24	bullet	95.00	0.00	17.29	-6.10	-25.16	-5.22	42.46
1153386	kill	bot-1476	alpha	bot-1455	bravo	m24	bullet	95.00	0.00	17.06	-21.72	17.18	-5.86	15.85
1153934	damage	bot-1472	alpha	bot-1492	bravo	cz_805_bren	bullet	24.00	76.00	-20.74	-4.37	-18.71	-6.79	3.16
1155064	damage	bot-1378	alpha	bot-1490	bravo	cz_805_bren	bullet	24.00	76.00	-11.61	-0.76	-15.31	-4.46	5.23
1155177	damage	bot-1378	alpha	bot-1490	bravo	cz_805_bren	bullet	24.00	52.00	-11.48	-0.72	-15.17	-4.51	5.29
1155636	damage	bot-1378	alpha	bot-1490	bravo	cz_805_bren	bullet	24.00	28.00	-11.06	-0.52	-17.28	-5.34	7.87
1155775	damage	bot-1378	alpha	bot-1490	bravo	cz_805_bren	bullet	24.00	4.00	-10.95	-0.44	-17.63	-5.79	8.55
1155918	kill	bot-1378	alpha	bot-1490	bravo	cz_805_bren	bullet	24.00	0.00	-10.86	-0.37	-18.10	-5.98	9.16
1156034	damage	bot-1474	alpha	bot-1494	bravo	five_seven	bullet	20.00	80.00	-23.72	21.56	-23.38	-2.68	24.23
1156606	damage	bot-1484	bravo	bot-1462	alpha	m1911	bullet	33.00	58.10	13.94	-4.12	-9.13	-9.74	23.74
1156986	kill	bot-1472	alpha	bot-1492	bravo	cz_805_bren	bullet	24.00	0.00	-21.67	-3.09	-21.84	-4.58	1.50
1156986	damage	bot-1484	bravo	bot-1462	alpha	m1911	bullet	33.00	25.10	13.94	-4.12	-9.07	-10.28	23.82
1157268	damage	bot-1480	alpha	bot-1475	bravo	cz_805_bren	bullet	24.00	48.87	17.46	-19.85	16.67	-3.45	16.41
1157448	damage	bot-1488	bravo	bot-1472	alpha	m1911	bullet	33.00	9.56	-21.51	-4.93	-23.51	-2.42	3.20
1158056	damage	bot-1493	alpha	bot-1496	bravo	five_seven	bullet	20.00	80.00	18.10	25.90	5.11	18.25	15.08
1158056	damage	bot-1495	alpha	bot-1496	bravo	five_seven	bullet	20.00	60.00	15.88	20.05	5.11	18.25	10.93
1158169	kill	bot-1488	bravo	bot-1472	alpha	m1911	bullet	33.00	0.00	-22.03	-4.36	-26.59	-1.31	5.49
1158864	kill	bot-1450	alpha	bot-1488	bravo	m1911	bullet	33.00	0.00	-6.26	10.92	-23.69	-3.40	22.56
1159738	damage	bot-1450	alpha	bot-1498	bravo	m1911	bullet	33.00	67.00	-6.87	10.45	-16.21	-4.59	17.71
1159944	damage	bot-1411	alpha	bot-1498	bravo	cz_805_bren	bullet	24.00	43.00	-5.07	17.33	-17.07	-5.34	25.64
1160129	damage	bot-1498	bravo	bot-1378	alpha	cz_805_bren	bullet	24.00	48.42	-18.23	-5.76	-10.80	-2.76	8.01
1160345	damage	bot-1378	alpha	bot-1498	bravo	cz_805_bren	bullet	24.00	19.00	-10.09	-3.21	-19.10	-6.39	9.55
1160390	damage	bot-1498	bravo	bot-1378	alpha	cz_805_bren	bullet	24.00	24.42	-19.15	-6.38	-9.59	-3.45	9.99
1160439	kill	bot-1450	alpha	bot-1498	bravo	m1911	bullet	33.00	0.00	-6.87	10.45	-19.20	-6.36	20.85
1166853	damage	bot-1480	alpha	bot-1502	bravo	cz_805_bren	bullet	24.00	76.00	1.44	-16.70	-2.48	15.74	32.67
1166995	damage	bot-1480	alpha	bot-1502	bravo	cz_805_bren	bullet	24.00	52.00	1.46	-16.69	-2.64	15.92	32.87
1166995	damage	bot-1493	alpha	bot-1502	bravo	five_seven	bullet	20.00	32.00	6.29	23.88	-2.64	15.92	11.96
1167139	damage	bot-1480	alpha	bot-1502	bravo	cz_805_bren	bullet	24.00	8.00	1.46	-16.69	-2.48	16.09	33.02
1167139	kill	bot-1493	alpha	bot-1502	bravo	five_seven	bullet	20.00	0.00	6.28	23.88	-2.48	16.09	11.72
1168106	damage	bot-1499	alpha	bot-1503	bravo	cz_805_bren	bullet	24.00	76.00	9.09	7.66	-18.27	-5.66	30.43
1168403	kill	bot-1500	bravo	bot-1425	alpha	cz_805_bren	bullet	24.00	0.00	-24.35	-9.42	-11.59	7.38	21.10
1169158	damage	bot-1450	alpha	bot-1501	bravo	five_seven	bullet	20.00	80.00	-3.83	20.24	-6.58	9.29	11.28
1169321	damage	bot-1450	alpha	bot-1501	bravo	five_seven	bullet	20.00	60.00	-3.83	20.24	-7.20	8.73	11.99
1169481	damage	bot-1501	bravo	bot-1411	alpha	five_seven	bullet	20.00	1.31	-7.87	7.88	-11.80	4.77	5.01
1169622	damage	bot-1450	alpha	bot-1501	bravo	five_seven	bullet	20.00	40.00	-3.83	20.24	-8.33	7.29	13.70
1169677	kill	bot-1501	bravo	bot-1411	alpha	five_seven	bullet	20.00	0.00	-8.39	7.23	-11.79	4.76	4.20
1169780	damage	bot-1450	alpha	bot-1501	bravo	five_seven	bullet	20.00	20.00	-3.83	20.24	-8.51	7.08	13.97
1170225	damage	bot-1378	alpha	bot-1504	bravo	cz_805_bren	bullet	24.00	69.26	-8.75	-10.55	-11.65	0.87	11.79
1170339	damage	bot-1378	alpha	bot-1504	bravo	cz_805_bren	bullet	24.00	45.26	-8.75	-10.55	-11.54	1.09	11.97
1170339	damage	bot-1500	bravo	bot-1464	alpha	cz_805_bren	bullet	24.00	48.34	-23.91	-9.45	-18.32	11.85	22.02
1170484	damage	bot-1378	alpha	bot-1504	bravo	cz_805_bren	bullet	24.00	21.26	-8.75	-10.55	-11.80	0.92	11.87
1170484	damage	bot-1500	bravo	bot-1464	alpha	cz_805_bren	bullet	24.00	24.34	-23.91	-9.45	-18.54	11.94	22.05
1170645	kill	bot-1378	alpha	bot-1504	bravo	cz_805_bren	bullet	24.00	0.00	-8.75	-10.55	-11.77	0.85	11.79
1171119	damage	bot-1505	alpha	bot-1503	bravo	five_seven	bullet	20.00	56.00	0.97	14.15	-17.36	-4.85	26.40
1171948	damage	bot-1499	alpha	bot-1503	bravo	cz_805_bren	bullet	24.00	32.00	7.01	6.98	-15.78	-3.80	25.20
1172255	damage	bot-1378	alpha	bot-1506	bravo	cz_805_bren	bullet	24.00	76.00	-8.72	-8.87	-20.56	17.29	28.71
1172392	damage	bot-1378	alpha	bot-1506	bravo	cz_805_bren	bullet	24.00	52.00	-8.72	-8.84	-21.14	17.84	29.43
1172392	damage	bot-1439	alpha	bot-1500	bravo	five_seven	bullet	20.00	80.00	-20.71	-4.69	-23.72	-12.74	8.59
1172525	damage	bot-1378	alpha	bot-1506	bravo	cz_805_bren	bullet	24.00	28.00	-8.72	-8.83	-21.74	18.37	30.15
1172567	damage	bot-1439	alpha	bot-1500	bravo	five_seven	bullet	20.00	60.00	-20.71	-4.69	-23.16	-13.20	8.85
1172609	kill	bot-1487	alpha	bot-1503	bravo	m24	bullet	95.00	0.00	1.82	-8.54	-14.35	-5.11	16.54
1172660	damage	bot-1378	alpha	bot-1506	bravo	cz_805_bren	bullet	24.00	4.00	-8.72	-8.82	-22.33	18.86	30.85
1172794	kill	bot-1378	alpha	bot-1506	bravo	cz_805_bren	bullet	24.00	0.00	-8.72	-8.82	-22.97	19.38	31.59
1174084	damage	bot-1499	alpha	bot-1508	bravo	cz_805_bren	bullet	24.00	76.00	6.28	5.75	-10.11	-21.82	32.08
1174146	damage	bot-1439	alpha	bot-1500	bravo	five_seven	bullet	20.00	40.00	-24.67	-9.73	-18.42	-16.63	9.31
1174209	damage	bot-1499	alpha	bot-1508	bravo	cz_805_bren	bullet	24.00	52.00	6.28	5.75	-10.10	-21.81	32.06
1175285	damage	bot-1508	bravo	bot-1487	alpha	m24	bullet	95.00	5.00	-14.14	-25.26	1.41	-8.83	22.63
1176243	damage	bot-1499	alpha	bot-1510	bravo	cz_805_bren	bullet	24.00	76.00	5.68	4.03	-10.75	-25.75	34.01
1176359	damage	bot-1499	alpha	bot-1510	bravo	cz_805_bren	bullet	24.00	52.00	5.68	4.03	-10.75	-25.75	34.01
1176919	damage	bot-1439	alpha	bot-1500	bravo	five_seven	bullet	20.00	52.53	-24.86	-10.20	-19.83	-16.13	7.77
1178245	damage	bot-1493	alpha	bot-1511	bravo	five_seven	bullet	20.00	80.00	10.89	9.18	23.54	23.51	19.11
1178449	damage	bot-1493	alpha	bot-1511	bravo	five_seven	bullet	20.00	60.00	10.89	9.19	23.54	23.51	19.11
1178564	damage	bot-1499	alpha	bot-1511	bravo	cz_805_bren	bullet	24.00	36.00	11.24	8.56	23.65	23.39	19.33
1178635	damage	bot-1493	alpha	bot-1511	bravo	five_seven	bullet	20.00	16.00	10.89	9.20	23.70	23.32	19.07
1178690	kill	bot-1499	alpha	bot-1511	bravo	cz_805_bren	bullet	24.00	0.00	11.23	8.56	23.75	23.26	19.31
1179974	damage	bot-1480	alpha	bot-1500	bravo	cz_805_bren	bullet	24.00	48.04	0.52	-11.53	-14.22	-18.59	16.35
1180109	damage	bot-1480	alpha	bot-1500	bravo	cz_805_bren	bullet	24.00	24.04	0.52	-11.53	-14.01	-18.66	16.19
1180239	damage	bot-1512	bravo	bot-1499	alpha	five_seven	bullet	20.00	80.00	9.75	-1.75	12.80	10.59	12.71
1180381	damage	bot-1512	bravo	bot-1499	alpha	five_seven	bullet	20.00	60.00	9.75	-1.75	12.97	10.86	13.02
1180546	damage	bot-1512	bravo	bot-1499	alpha	five_seven	bullet	20.00	40.00	9.75	-1.75	13.76	11.44	13.78
1180899	damage	bot-1512	bravo	bot-1499	alpha	five_seven	bullet	20.00	20.00	9.75	-1.75	14.87	13.49	16.08
1181048	kill	bot-1512	bravo	bot-1499	alpha	five_seven	bullet	20.00	0.00	9.75	-1.75	15.19	14.15	16.81
1181254	damage	bot-1512	bravo	bot-1493	alpha	five_seven	bullet	20.00	51.27	9.75	-1.75	13.34	11.68	13.90
1181329	damage	bot-1493	alpha	bot-1512	bravo	five_seven	bullet	20.00	80.00	13.34	11.68	9.75	-1.75	13.90
1181459	damage	bot-1491	alpha	bot-1512	bravo	cz_805_bren	bullet	24.00	56.00	-4.36	10.92	9.75	-1.75	18.97
1181509	damage	bot-1493	alpha	bot-1512	bravo	five_seven	bullet	20.00	36.00	13.99	12.48	10.04	-1.97	14.98
1181607	damage	bot-1491	alpha	bot-1512	bravo	cz_805_bren	bullet	24.00	12.00	-4.36	10.92	10.61	-2.40	20.04
1181713	damage	bot-1512	bravo	bot-1493	alpha	five_seven	bullet	20.00	31.27	11.31	-2.38	15.09	13.85	16.66
1182758	damage	bot-1512	bravo	bot-1478	alpha	five_seven	bullet	20.00	80.00	16.17	-2.87	8.35	-5.08	8.12
1184580	damage	bot-1480	alpha	bot-1500	bravo	cz_805_bren	bullet	24.00	48.85	-5.13	-13.52	-13.93	-18.68	10.20
1184717	damage	bot-1480	alpha	bot-1500	bravo	cz_805_bren	bullet	24.00	24.85	-5.13	-13.52	-13.69	-18.71	10.01
1184776	damage	bot-1439	alpha	bot-1500	bravo	five_seven	bullet	20.00	4.85	-23.80	-15.20	-13.62	-18.71	10.77
1184883	kill	bot-1480	alpha	bot-1500	bravo	cz_805_bren	bullet	24.00	0.00	-5.13	-13.52	-13.54	-18.72	9.89
1185327	damage	bot-1507	alpha	bot-1514	bravo	m24	bullet	95.00	5.00	-5.83	4.87	16.70	-4.06	24.23
1187613	damage	bot-1517	bravo	bot-1462	alpha	cz_805_bren	bullet	24.00	48.17	22.92	-2.17	-12.33	-7.40	35.64
1187777	damage	bot-1517	bravo	bot-1462	alpha	cz_805_bren	bullet	24.00	24.17	22.92	-2.17	-12.56	-7.31	35.86
1187920	damage	bot-1517	bravo	bot-1462	alpha	cz_805_bren	bullet	24.00	0.17	22.92	-2.17	-12.78	-7.24	36.06
1188076	kill	bot-1517	bravo	bot-1462	alpha	cz_805_bren	bullet	24.00	0.00	22.92	-2.17	-12.99	-7.16	36.26
1188437	damage	bot-1518	bravo	bot-1519	alpha	five_seven	bullet	20.00	80.00	-23.57	4.77	-24.49	7.67	3.05
1188637	damage	bot-1357	alpha	bot-1518	bravo	five_seven	bullet	20.00	80.00	20.54	6.77	-23.59	4.77	44.18
1188637	damage	bot-1518	bravo	bot-1519	alpha	five_seven	bullet	20.00	60.00	-23.59	4.77	-24.49	7.67	3.04
1188810	damage	bot-1357	alpha	bot-1518	bravo	five_seven	bullet	20.00	60.00	20.54	6.77	-23.63	4.77	44.21
1188810	damage	bot-1518	bravo	bot-1519	alpha	five_seven	bullet	20.00	40.00	-23.63	4.77	-24.45	7.94	3.27
1188861	damage	bot-1491	alpha	bot-1518	bravo	cz_805_bren	bullet	24.00	36.00	-6.02	11.90	-23.85	4.52	19.30
1188861	damage	bot-1517	bravo	bot-1509	alpha	cz_805_bren	bullet	24.00	76.00	22.60	-2.23	-10.58	-3.03	33.19
1189018	damage	bot-1491	alpha	bot-1518	bravo	cz_805_bren	bullet	24.00	12.00	-6.02	11.90	-24.53	3.75	20.23
1189018	damage	bot-1517	bravo	bot-1509	alpha	cz_805_bren	bullet	24.00	52.00	22.62	-2.26	-10.58	-3.03	33.20
1189139	kill	bot-1491	alpha	bot-1518	bravo	cz_805_bren	bullet	24.00	0.00	-6.02	11.90	-24.99	3.23	20.86
1190016	damage	bot-1517	bravo	bot-1476	alpha	cz_805_bren	bullet	24.00	74.06	22.94	-2.27	-19.41	-8.18	42.77
1190165	damage	bot-1517	bravo	bot-1476	alpha	cz_805_bren	bullet	24.00	50.06	22.94	-2.27	-19.41	-8.18	42.77
1190308	damage	bot-1517	bravo	bot-1476	alpha	cz_805_bren	bullet	24.00	26.06	22.94	-2.27	-19.53	-8.30	42.90
1190451	damage	bot-1517	bravo	bot-1476	alpha	cz_805_bren	bullet	24.00	2.06	22.94	-2.27	-19.69	-8.42	43.07
1190607	kill	bot-1517	bravo	bot-1476	alpha	cz_805_bren	bullet	24.00	0.00	22.94	-2.27	-19.86	-8.59	43.26
1192315	damage	bot-1517	bravo	bot-1497	alpha	cz_805_bren	bullet	24.00	44.37	22.57	-2.27	-4.74	8.88	29.50
1192460	damage	bot-1505	alpha	bot-1517	bravo	five_seven	bullet	20.00	69.74	-9.33	-0.74	22.57	-2.27	31.94
1192611	damage	bot-1491	alpha	bot-1522	bravo	cz_805_bren	bullet	24.00	76.00	-2.60	8.54	22.26	-5.26	28.43
1192747	damage	bot-1491	alpha	bot-1522	bravo	cz_805_bren	bullet	24.00	52.00	-2.60	8.54	22.26	-5.26	28.43
1192898	damage	bot-1491	alpha	bot-1522	bravo	cz_805_bren	bullet	24.00	28.00	-2.60	8.54	22.50	-5.28	28.65
1193041	damage	bot-1491	alpha	bot-1522	bravo	cz_805_bren	bullet	24.00	4.00	-2.82	8.66	22.75	-5.32	29.14
1193145	damage	bot-1515	alpha	bot-1520	bravo	five_seven	bullet	20.00	80.00	14.50	7.41	17.13	-5.68	13.35
1193194	kill	bot-1491	alpha	bot-1522	bravo	cz_805_bren	bullet	24.00	0.00	-3.03	8.79	22.97	-5.35	29.60
1193289	damage	bot-1515	alpha	bot-1520	bravo	five_seven	bullet	20.00	60.00	14.50	7.41	16.91	-5.68	13.31
1193466	damage	bot-1515	alpha	bot-1520	bravo	five_seven	bullet	20.00	40.00	14.50	7.41	17.15	-5.84	13.51
1193638	damage	bot-1515	alpha	bot-1520	bravo	five_seven	bullet	20.00	20.00	14.50	7.41	17.35	-5.96	13.67
1193638	damage	bot-1520	bravo	bot-1515	alpha	m1911	bullet	33.00	67.00	17.35	-5.96	14.50	7.41	13.67
1194536	damage	bot-1505	alpha	bot-1524	bravo	five_seven	bullet	20.00	80.00	-9.36	-0.69	-6.37	13.07	14.08
1194591	damage	bot-1525	alpha	bot-1524	bravo	five_seven	bullet	20.00	60.00	3.25	-5.75	-6.51	13.70	21.76
1194690	damage	bot-1505	alpha	bot-1524	bravo	five_seven	bullet	20.00	40.00	-9.36	-0.69	-6.24	13.90	14.92
1194690	damage	bot-1523	alpha	bot-1524	bravo	cz_805_bren	bullet	24.00	16.00	5.66	-6.83	-6.24	13.90	23.90
1194990	kill	bot-1505	alpha	bot-1524	bravo	five_seven	bullet	20.00	0.00	-9.36	-0.69	-4.62	15.12	16.50
1196082	damage	bot-1515	alpha	bot-1520	bravo	five_seven	bullet	20.00	10.97	13.76	6.14	20.63	-10.86	18.34
1196136	damage	bot-1517	bravo	bot-1525	alpha	cz_805_bren	bullet	24.00	76.00	21.44	-0.76	-1.07	-8.76	23.89
1196452	kill	bot-1515	alpha	bot-1520	bravo	five_seven	bullet	20.00	0.00	13.74	6.16	20.63	-10.86	18.36
1196732	damage	bot-1526	bravo	bot-1515	alpha	five_seven	bullet	20.00	47.00	23.94	-14.78	13.72	6.16	23.30
1196841	damage	bot-1515	alpha	bot-1526	bravo	five_seven	bullet	20.00	80.00	13.71	6.23	23.94	-14.78	23.37
1196896	damage	bot-1526	bravo	bot-1515	alpha	five_seven	bullet	20.00	27.00	23.94	-14.78	13.66	6.39	23.53
1196999	damage	bot-1515	alpha	bot-1526	bravo	five_seven	bullet	20.00	60.00	13.63	6.46	23.92	-14.78	23.61
1197051	damage	bot-1526	bravo	bot-1515	alpha	five_seven	bullet	20.00	7.00	24.00	-14.77	13.57	6.63	23.80
1197336	damage	bot-1515	alpha	bot-1526	bravo	five_seven	bullet	20.00	40.00	13.61	6.94	24.39	-14.66	24.14
1197634	damage	bot-1526	bravo	bot-1417	alpha	five_seven	bullet	20.00	52.66	24.75	-14.73	13.13	7.87	25.42
1197896	damage	bot-1517	bravo	bot-1489	alpha	cz_805_bren	bullet	24.00	51.76	21.43	-0.82	-23.69	1.98	45.21
1198046	damage	bot-1517	bravo	bot-1489	alpha	cz_805_bren	bullet	24.00	27.76	21.43	-0.82	-23.90	1.88	45.41
1198196	damage	bot-1517	bravo	bot-1489	alpha	cz_805_bren	bullet	24.00	3.76	21.43	-0.82	-24.10	1.81	45.61
1198509	damage	bot-1480	alpha	bot-1527	bravo	cz_805_bren	bullet	24.00	76.00	-4.66	-13.50	5.75	-3.75	14.26
1198560	damage	bot-1491	alpha	bot-1527	bravo	cz_805_bren	bullet	24.00	52.00	-1.76	7.25	5.75	-3.75	13.31
1198560	damage	bot-1523	alpha	bot-1517	bravo	cz_805_bren	bullet	24.00	45.74	-1.70	-9.56	21.43	-0.85	24.72
1198730	damage	bot-1491	alpha	bot-1527	bravo	cz_805_bren	bullet	24.00	28.00	-1.76	7.25	6.69	-4.13	14.17
1198730	damage	bot-1517	bravo	bot-1523	alpha	cz_805_bren	bullet	24.00	43.35	21.56	-0.97	-1.70	-9.56	24.80
1198867	damage	bot-1527	bravo	bot-1513	alpha	five_seven	bullet	20.00	65.15	7.30	-4.37	6.75	6.75	11.13
1198985	damage	bot-1491	alpha	bot-1527	bravo	cz_805_bren	bullet	24.00	4.00	-1.76	7.25	7.91	-4.64	15.32
1199220	kill	bot-1491	alpha	bot-1527	bravo	cz_805_bren	bullet	24.00	0.00	-1.77	7.24	9.25	-5.13	16.56
1199592	damage	bot-1491	alpha	bot-1517	bravo	cz_805_bren	bullet	24.00	21.74	-1.77	7.24	22.49	-1.79	25.88
1200157	damage	bot-1517	bravo	bot-1495	alpha	cz_805_bren	bullet	24.00	74.44	25.05	0.04	-19.41	-8.17	45.21
1200819	damage	bot-1513	alpha	bot-1528	bravo	cz_805_bren	bullet	24.00	76.00	7.26	6.75	11.28	-6.15	13.52
1200962	damage	bot-1513	alpha	bot-1528	bravo	cz_805_bren	bullet	24.00	52.00	7.51	6.76	11.28	-6.20	13.50
1201107	damage	bot-1513	alpha	bot-1528	bravo	cz_805_bren	bullet	24.00	28.00	7.76	6.76	11.36	-6.40	13.64
1201265	damage	bot-1513	alpha	bot-1528	bravo	cz_805_bren	bullet	24.00	4.00	8.01	6.76	11.45	-6.63	13.82
1201419	kill	bot-1513	alpha	bot-1528	bravo	cz_805_bren	bullet	24.00	0.00	8.20	6.75	11.51	-6.78	13.93
1201815	damage	bot-1491	alpha	bot-1516	bravo	cz_805_bren	bullet	24.00	48.63	-1.78	7.22	23.33	-3.30	27.23
1201981	damage	bot-1491	alpha	bot-1516	bravo	cz_805_bren	bullet	24.00	24.63	-1.78	7.22	23.47	-3.13	27.29
1203184	damage	bot-1495	alpha	bot-1529	bravo	five_seven	bullet	20.00	80.00	-19.96	-6.76	-16.60	-3.84	4.46
1203424	damage	bot-1474	alpha	bot-1529	bravo	five_seven	bullet	20.00	60.00	-25.48	3.33	-16.95	-4.15	11.34
1203601	damage	bot-1529	bravo	bot-1505	alpha	cz_805_bren	bullet	24.00	66.04	-17.71	-5.19	-5.86	8.92	18.43
1203750	damage	bot-1529	bravo	bot-1509	alpha	cz_805_bren	bullet	24.00	48.87	-17.70	-5.18	-9.41	-1.06	9.25
1203798	damage	bot-1495	alpha	bot-1529	bravo	five_seven	bullet	20.00	40.00	-20.01	-5.83	-17.70	-5.18	2.41
1203926	damage	bot-1529	bravo	bot-1509	alpha	cz_805_bren	bullet	24.00	24.87	-17.70	-5.18	-9.29	-0.92	9.42
1203978	damage	bot-1495	alpha	bot-1529	bravo	five_seven	bullet	20.00	20.00	-20.22	-5.86	-17.70	-5.18	2.62
1204092	damage	bot-1529	bravo	bot-1509	alpha	cz_805_bren	bullet	24.00	0.87	-17.68	-5.16	-9.19	-0.74	9.57
1204158	kill	bot-1495	alpha	bot-1529	bravo	five_seven	bullet	20.00	0.00	-20.43	-5.87	-17.68	-5.16	2.83
1204814	damage	bot-1480	alpha	bot-1517	bravo	cz_805_bren	bullet	24.00	48.45	4.87	-7.18	26.65	1.95	23.62
1204961	damage	bot-1531	bravo	bot-1417	alpha	five_seven	bullet	20.00	41.97	22.92	-24.26	14.22	8.11	33.51
1205111	damage	bot-1480	alpha	bot-1517	bravo	cz_805_bren	bullet	24.00	24.45	4.88	-7.15	26.65	2.34	23.75
1205111	damage	bot-1531	bravo	bot-1417	alpha	five_seven	bullet	20.00	24.59	22.92	-24.26	14.22	8.11	33.51
1205249	damage	bot-1480	alpha	bot-1517	bravo	cz_805_bren	bullet	24.00	0.45	4.88	-7.13	26.66	2.59	23.85
1205297	damage	bot-1531	bravo	bot-1417	alpha	five_seven	bullet	20.00	7.94	22.92	-24.26	14.22	8.11	33.51
1205431	damage	bot-1517	bravo	bot-1480	alpha	cz_805_bren	bullet	24.00	41.59	26.66	2.88	4.88	-7.12	23.97
1205477	kill	bot-1531	bravo	bot-1417	alpha	five_seven	bullet	20.00	0.00	22.92	-24.26	14.22	8.11	33.51
1205528	kill	bot-1480	alpha	bot-1517	bravo	cz_805_bren	bullet	24.00	0.00	4.83	-7.18	26.66	3.03	24.10
1207783	damage	bot-1523	alpha	bot-1532	bravo	cz_805_bren	bullet	24.00	76.00	-7.67	-10.55	9.25	8.25	25.30
1207833	damage	bot-1532	bravo	bot-1480	alpha	m1911	bullet	33.00	33.69	9.25	8.25	4.84	-7.08	15.96
1207964	damage	bot-1523	alpha	bot-1532	bravo	cz_805_bren	bullet	24.00	52.00	-7.67	-10.55	9.25	8.25	25.30
1208135	damage	bot-1523	alpha	bot-1532	bravo	cz_805_bren	bullet	24.00	28.00	-7.67	-10.55	9.30	8.32	25.38
1208195	damage	bot-1532	bravo	bot-1480	alpha	m1911	bullet	33.00	4.29	9.34	8.39	4.84	-7.07	16.10
1208249	damage	bot-1523	alpha	bot-1532	bravo	cz_805_bren	bullet	24.00	4.00	-7.67	-10.55	9.38	8.46	25.54
1208350	damage	bot-1531	bravo	bot-1533	alpha	five_seven	bullet	20.00	80.00	19.43	-24.24	-20.26	-20.54	39.86
1208398	kill	bot-1523	alpha	bot-1532	bravo	cz_805_bren	bullet	24.00	0.00	-7.67	-10.55	9.52	8.67	25.79
1208535	damage	bot-1531	bravo	bot-1533	alpha	five_seven	bullet	20.00	60.00	19.44	-24.23	-20.26	-20.54	39.87
1208681	damage	bot-1531	bravo	bot-1533	alpha	five_seven	bullet	20.00	40.00	19.45	-24.22	-20.43	-20.37	40.07
1208729	damage	bot-1523	alpha	bot-1534	bravo	cz_805_bren	bullet	24.00	76.00	-7.67	-10.55	8.15	3.98	21.48
1208883	damage	bot-1523	alpha	bot-1534	bravo	cz_805_bren	bullet	24.00	52.00	-7.67	-10.55	8.16	3.96	21.48
1209040	damage	bot-1523	alpha	bot-1534	bravo	cz_805_bren	bullet	24.00	28.00	-7.67	-10.55	8.66	4.42	22.16
1209168	damage	bot-1523	alpha	bot-1534	bravo	cz_805_bren	bullet	24.00	4.00	-7.67	-10.55	9.17	4.88	22.84
1209283	kill	bot-1523	alpha	bot-1534	bravo	cz_805_bren	bullet	24.00	0.00	-7.67	-10.55	9.67	5.35	23.53
1210672	damage	bot-1505	alpha	bot-1535	bravo	five_seven	bullet	20.00	80.00	-14.51	8.15	4.25	-22.75	36.15
1210717	damage	bot-1523	alpha	bot-1535	bravo	cz_805_bren	bullet	24.00	56.00	-7.24	-11.85	4.25	-22.75	15.83
1210783	damage	bot-1535	bravo	bot-1478	alpha	cz_805_bren	bullet	24.00	45.76	4.55	-22.66	4.87	-10.59	12.07
1210825	damage	bot-1505	alpha	bot-1535	bravo	five_seven	bullet	20.00	36.00	-14.51	8.15	4.89	-22.56	36.32
1210923	damage	bot-1535	bravo	bot-1478	alpha	cz_805_bren	bullet	24.00	24.26	5.50	-22.37	4.87	-10.59	11.80
1210979	damage	bot-1505	alpha	bot-1535	bravo	five_seven	bullet	20.00	16.00	-14.51	8.15	5.84	-22.27	36.60
1211037	damage	bot-1535	bravo	bot-1478	alpha	cz_805_bren	bullet	24.00	2.06	6.18	-22.16	4.87	-10.59	11.65
1211307	kill	bot-1505	alpha	bot-1535	bravo	five_seven	bullet	20.00	0.00	-14.51	8.15	7.85	-21.66	37.26
1212619	damage	bot-1450	alpha	bot-1536	bravo	five_seven	bullet	20.00	80.00	-1.81	7.89	20.74	-6.25	26.62
1212687	damage	bot-1474	alpha	bot-1536	bravo	five_seven	bullet	20.00	60.00	-20.32	0.95	20.74	-6.25	41.69
1212741	damage	bot-1419	alpha	bot-1536	bravo	cz_805_bren	bullet	24.00	36.00	-21.52	-0.14	20.80	-6.31	42.77
1212794	damage	bot-1493	alpha	bot-1536	bravo	five_seven	bullet	20.00	16.00	-3.25	8.36	20.86	-6.37	28.25
1212903	kill	bot-1419	alpha	bot-1536	bravo	cz_805_bren	bullet	24.00	0.00	-21.52	-0.14	20.97	-6.47	42.96
1214537	damage	bot-1505	alpha	bot-1537	bravo	five_seven	bullet	20.00	80.00	-9.46	6.83	-8.04	5.02	2.31
1214921	damage	bot-1474	alpha	bot-1537	bravo	five_seven	bullet	20.00	60.00	-18.44	0.20	-6.81	3.83	12.19
1215076	damage	bot-1474	alpha	bot-1537	bravo	five_seven	bullet	20.00	40.00	-18.44	0.20	-6.32	4.34	12.80
1215224	damage	bot-1474	alpha	bot-1537	bravo	five_seven	bullet	20.00	20.00	-18.44	0.20	-5.80	4.87	13.48
1215380	kill	bot-1474	alpha	bot-1537	bravo	five_seven	bullet	20.00	0.00	-18.44	0.20	-5.14	5.50	14.31
1216801	damage	bot-1493	alpha	bot-1538	bravo	five_seven	bullet	20.00	80.00	1.79	3.73	-2.81	-11.31	15.73
1216944	damage	bot-1509	alpha	bot-1538	bravo	cz_805_bren	bullet	24.00	56.00	0.67	-4.29	-3.23	-11.74	8.40
1216944	damage	bot-1538	bravo	bot-1525	alpha	cz_805_bren	bullet	24.00	48.49	-3.23	-11.74	1.10	-7.25	6.24
1217103	damage	bot-1493	alpha	bot-1538	bravo	five_seven	bullet	20.00	36.00	1.79	3.73	-3.71	-12.21	16.87
1217103	damage	bot-1509	alpha	bot-1538	bravo	cz_805_bren	bullet	24.00	12.00	0.67	-4.30	-3.71	-12.21	9.04
1217103	damage	bot-1538	bravo	bot-1525	alpha	cz_805_bren	bullet	24.00	24.49	-3.71	-12.21	1.64	-6.75	7.65
1217226	kill	bot-1509	alpha	bot-1538	bravo	cz_805_bren	bullet	24.00	0.00	0.67	-4.31	-4.19	-12.69	9.69
1218855	damage	bot-1480	alpha	bot-1539	bravo	cz_805_bren	bullet	24.00	76.00	8.33	-3.70	12.60	23.61	27.64
1219147	damage	bot-1480	alpha	bot-1539	bravo	cz_805_bren	bullet	24.00	52.00	8.33	-3.70	11.35	22.46	26.34
1219422	damage	bot-1480	alpha	bot-1539	bravo	cz_805_bren	bullet	24.00	28.00	8.34	-3.68	10.10	23.18	26.93
1220165	damage	bot-1539	bravo	bot-1513	alpha	cz_805_bren	bullet	24.00	48.38	8.27	26.57	9.21	12.80	13.81
1220286	damage	bot-1539	bravo	bot-1513	alpha	cz_805_bren	bullet	24.00	24.38	8.27	26.59	9.33	12.90	13.72
1220401	damage	bot-1539	bravo	bot-1513	alpha	cz_805_bren	bullet	24.00	0.38	8.27	26.61	9.45	13.01	13.65
1220633	damage	bot-1493	alpha	bot-1540	bravo	five_seven	bullet	20.00	80.00	-1.87	11.81	-11.63	5.60	11.57
1220633	kill	bot-1539	bravo	bot-1513	alpha	cz_805_bren	bullet	24.00	0.00	8.27	26.65	9.70	13.23	13.50
1220793	damage	bot-1493	alpha	bot-1540	bravo	five_seven	bullet	20.00	60.00	-1.87	11.81	-11.63	5.60	11.57
1221000	damage	bot-1525	alpha	bot-1540	bravo	m1911	bullet	33.00	27.00	1.93	-6.50	-11.84	4.77	17.79
1221000	damage	bot-1540	bravo	bot-1493	alpha	five_seven	bullet	20.00	52.38	-11.84	4.77	-1.87	11.81	12.21
1221149	damage	bot-1540	bravo	bot-1493	alpha	five_seven	bullet	20.00	32.38	-11.80	4.65	-1.48	12.69	13.08
1221320	damage	bot-1540	bravo	bot-1493	alpha	five_seven	bullet	20.00	12.38	-11.79	4.54	-0.57	13.25	14.21
1221488	kill	bot-1540	bravo	bot-1493	alpha	five_seven	bullet	20.00	0.00	-11.80	4.42	0.41	13.67	15.32
1221975	damage	bot-1378	alpha	bot-1540	bravo	cz_805_bren	bullet	24.00	3.00	-11.52	-1.35	-11.80	4.53	5.89
1222041	damage	bot-1540	bravo	bot-1505	alpha	five_seven	bullet	20.00	46.04	-11.79	4.53	-6.58	1.27	6.15
1222142	kill	bot-1378	alpha	bot-1540	bravo	cz_805_bren	bullet	24.00	0.00	-11.52	-1.35	-11.80	4.54	5.90
1222698	damage	bot-1480	alpha	bot-1541	bravo	cz_805_bren	bullet	24.00	76.00	7.60	-2.10	10.79	20.56	22.89
1222894	damage	bot-1480	alpha	bot-1541	bravo	cz_805_bren	bullet	24.00	52.00	7.61	-2.11	10.82	20.42	22.76
1223055	damage	bot-1530	alpha	bot-1541	bravo	m1911	bullet	33.00	19.00	11.30	11.73	10.71	20.54	8.82
1223207	kill	bot-1480	alpha	bot-1541	bravo	cz_805_bren	bullet	24.00	0.00	7.65	-2.11	10.61	20.66	22.96
1223758	damage	bot-1530	alpha	bot-1539	bravo	m1911	bullet	33.00	35.37	11.30	11.73	8.27	26.70	15.27
1224107	damage	bot-1530	alpha	bot-1539	bravo	m1911	bullet	33.00	7.77	11.30	11.73	8.27	26.70	15.27
1224458	kill	bot-1530	alpha	bot-1539	bravo	m1911	bullet	33.00	0.00	11.30	11.73	8.27	26.70	15.27
1228643	damage	bot-1543	bravo	bot-1530	alpha	cz_805_bren	bullet	24.00	76.00	8.59	17.62	10.03	8.46	9.27
1228746	damage	bot-1480	alpha	bot-1543	bravo	cz_805_bren	bullet	24.00	76.00	14.30	1.18	8.62	17.62	17.39
1228840	damage	bot-1543	bravo	bot-1530	alpha	cz_805_bren	bullet	24.00	52.00	8.62	17.62	9.95	8.32	9.40
1228925	damage	bot-1480	alpha	bot-1543	bravo	cz_805_bren	bullet	24.00	52.00	14.30	1.18	8.62	17.62	17.39
1229100	damage	bot-1480	alpha	bot-1543	bravo	cz_805_bren	bullet	24.00	28.00	14.30	1.18	8.16	18.18	18.07
1229181	damage	bot-1419	alpha	bot-1546	bravo	cz_805_bren	bullet	24.00	76.00	-17.68	-5.56	-2.12	12.14	23.57
1229269	damage	bot-1378	alpha	bot-1546	bravo	cz_805_bren	bullet	24.00	52.00	-11.39	3.57	-1.95	12.42	12.94
1229362	damage	bot-1419	alpha	bot-1546	bravo	cz_805_bren	bullet	24.00	28.00	-17.68	-5.56	-1.77	12.72	24.24
1229468	damage	bot-1378	alpha	bot-1546	bravo	cz_805_bren	bullet	24.00	4.00	-11.39	3.57	-1.45	12.89	13.63
1229598	kill	bot-1419	alpha	bot-1546	bravo	cz_805_bren	bullet	24.00	0.00	-17.68	-5.56	-1.13	13.05	24.90
1230807	damage	bot-1542	alpha	bot-1547	bravo	cz_805_bren	bullet	24.00	76.00	-16.05	1.59	-3.74	16.75	19.53
1231014	damage	bot-1419	alpha	bot-1547	bravo	cz_805_bren	bullet	24.00	52.00	-17.36	-5.28	-3.70	16.58	25.79
1231014	damage	bot-1542	alpha	bot-1547	bravo	cz_805_bren	bullet	24.00	28.00	-16.04	1.58	-3.70	16.58	19.43
1231414	damage	bot-1378	alpha	bot-1545	bravo	cz_805_bren	bullet	24.00	76.00	-11.79	5.62	0.05	19.74	18.43
1231548	damage	bot-1542	alpha	bot-1545	bravo	cz_805_bren	bullet	24.00	52.00	-16.04	1.57	0.04	19.75	24.27
1231668	damage	bot-1542	alpha	bot-1545	bravo	cz_805_bren	bullet	24.00	28.00	-16.04	1.57	-0.06	20.11	24.47
1231877	damage	bot-1542	alpha	bot-1545	bravo	cz_805_bren	bullet	24.00	4.00	-16.04	1.57	-0.17	20.47	24.68
1231877	damage	bot-1545	bravo	bot-1542	alpha	cz_805_bren	bullet	24.00	76.00	-0.17	20.47	-16.04	1.57	24.68
1232009	kill	bot-1542	alpha	bot-1545	bravo	cz_805_bren	bullet	24.00	0.00	-16.04	1.57	-0.22	20.48	24.65
1233200	damage	bot-1542	alpha	bot-1543	bravo	cz_805_bren	bullet	24.00	9.72	-16.83	0.70	4.34	23.42	31.06
1233400	kill	bot-1542	alpha	bot-1543	bravo	cz_805_bren	bullet	24.00	0.00	-16.83	0.69	4.82	23.89	31.73
1233682	damage	bot-1542	alpha	bot-1548	bravo	cz_805_bren	bullet	24.00	76.00	-16.83	0.69	6.96	26.36	34.99
1234750	damage	bot-1542	alpha	bot-1548	bravo	cz_805_bren	bullet	24.00	52.00	-16.55	0.61	8.19	26.46	35.79
1234964	damage	bot-1542	alpha	bot-1548	bravo	cz_805_bren	bullet	24.00	28.00	-16.54	0.60	8.19	26.46	35.79
1235074	damage	bot-1549	bravo	bot-1378	alpha	cz_805_bren	bullet	24.00	48.31	-9.75	1.94	-10.21	6.67	4.75
1235188	damage	bot-1549	bravo	bot-1378	alpha	cz_805_bren	bullet	24.00	24.31	-9.75	1.62	-10.23	6.68	5.08
1235299	damage	bot-1549	bravo	bot-1378	alpha	cz_805_bren	bullet	24.00	0.31	-9.75	1.31	-10.26	6.70	5.41
1235520	damage	bot-1480	alpha	bot-1548	bravo	cz_805_bren	bullet	24.00	4.00	11.64	3.52	8.19	26.46	23.20
1235520	kill	bot-1549	bravo	bot-1378	alpha	cz_805_bren	bullet	24.00	0.00	-9.75	1.00	-10.31	6.74	5.77
1235653	kill	bot-1480	alpha	bot-1548	bravo	cz_805_bren	bullet	24.00	0.00	11.64	3.52	8.19	26.46	23.20
1235846	damage	bot-1505	alpha	bot-1549	bravo	five_seven	bullet	20.00	80.00	-11.76	1.59	-9.37	0.21	2.76
1235846	damage	bot-1523	alpha	bot-1549	bravo	cz_805_bren	bullet	24.00	56.00	-4.01	-8.80	-9.37	0.21	10.48
1235998	damage	bot-1523	alpha	bot-1549	bravo	cz_805_bren	bullet	24.00	32.00	-4.01	-8.80	-10.15	1.01	11.57
1236147	damage	bot-1523	alpha	bot-1549	bravo	cz_805_bren	bullet	24.00	8.00	-4.01	-8.80	-10.68	1.89	12.59
1236293	kill	bot-1480	alpha	bot-1549	bravo	cz_805_bren	bullet	24.00	0.00	11.48	3.51	-11.34	2.75	22.84
1236750	damage	bot-1505	alpha	bot-1550	bravo	five_seven	bullet	20.00	80.00	-11.76	1.16	0.88	4.70	13.12
1236871	damage	bot-1357	alpha	bot-1550	bravo	five_seven	bullet	20.00	60.00	19.04	7.20	0.88	4.70	18.33
1236922	damage	bot-1450	alpha	bot-1550	bravo	five_seven	bullet	20.00	40.00	13.16	-3.16	0.88	4.70	14.58
1236922	damage	bot-1505	alpha	bot-1550	bravo	five_seven	bullet	20.00	20.00	-11.76	1.16	0.88	4.70	13.13
1237048	kill	bot-1357	alpha	bot-1550	bravo	five_seven	bullet	20.00	0.00	19.04	7.20	0.89	4.70	18.32
1240900	damage	bot-1523	alpha	bot-1553	bravo	cz_805_bren	bullet	24.00	76.00	-2.69	-6.03	-5.14	13.33	19.52
1240994	damage	bot-1542	alpha	bot-1553	bravo	cz_805_bren	bullet	24.00	52.00	-16.56	-4.26	-4.84	12.87	20.76
1241037	damage	bot-1523	alpha	bot-1553	bravo	cz_805_bren	bullet	24.00	28.00	-2.69	-6.03	-4.87	13.22	19.38
1241082	kill	bot-1507	alpha	bot-1553	bravo	m24	bullet	95.00	0.00	-9.56	-0.28	-4.90	13.53	14.58
1244086	damage	bot-1478	alpha	bot-1554	bravo	cz_805_bren	bullet	24.00	76.00	4.26	-2.42	17.04	17.90	24.00
1244127	damage	bot-1554	bravo	bot-1530	alpha	cz_805_bren	bullet	24.00	48.70	17.04	17.90	11.02	16.83	6.12
1244231	damage	bot-1478	alpha	bot-1554	bravo	cz_805_bren	bullet	24.00	52.00	4.26	-2.42	17.04	17.90	24.01
1244433	damage	bot-1554	bravo	bot-1530	alpha	cz_805_bren	bullet	24.00	24.70	18.25	18.46	10.86	16.39	7.67
1244641	damage	bot-1530	alpha	bot-1554	bravo	m1911	bullet	33.00	19.00	10.79	16.18	19.48	19.02	9.14
1244724	damage	bot-1554	bravo	bot-1530	alpha	cz_805_bren	bullet	24.00	0.70	19.77	19.17	10.74	16.05	9.56
1245019	kill	bot-1530	alpha	bot-1554	bravo	m1911	bullet	33.00	0.00	10.62	15.74	21.20	19.84	11.34
1245143	damage	bot-1419	alpha	bot-1555	bravo	cz_805_bren	bullet	24.00	76.00	-16.48	-4.66	-2.12	13.70	23.31
1245277	damage	bot-1419	alpha	bot-1555	bravo	cz_805_bren	bullet	24.00	52.00	-16.49	-4.66	-2.12	13.70	23.31
1245430	damage	bot-1419	alpha	bot-1555	bravo	cz_805_bren	bullet	24.00	28.00	-16.49	-4.66	-1.96	13.67	23.39
1245557	damage	bot-1419	alpha	bot-1555	bravo	cz_805_bren	bullet	24.00	4.00	-16.49	-4.66	-1.80	13.62	23.45
1245673	kill	bot-1419	alpha	bot-1555	bravo	cz_805_bren	bullet	24.00	0.00	-16.49	-4.66	-1.65	13.56	23.50
1247779	damage	bot-1556	bravo	bot-1530	alpha	m1911	bullet	33.00	23.98	16.87	23.45	10.57	15.71	9.98
1248142	kill	bot-1556	bravo	bot-1530	alpha	m1911	bullet	33.00	0.00	16.83	23.44	10.57	15.71	9.95
1248413	damage	bot-1525	alpha	bot-1556	bravo	m1911	bullet	33.00	67.00	10.93	15.26	16.83	23.44	10.08
1248521	damage	bot-1556	bravo	bot-1525	alpha	m1911	bullet	33.00	34.87	16.79	23.44	10.86	15.47	9.94
1248762	damage	bot-1525	alpha	bot-1556	bravo	m1911	bullet	33.00	34.00	10.77	15.17	16.79	23.44	10.23
1249148	damage	bot-1525	alpha	bot-1556	bravo	m1911	bullet	33.00	1.00	10.62	14.66	18.19	24.45	12.38
1249614	damage	bot-1556	bravo	bot-1525	alpha	m1911	bullet	33.00	1.87	20.39	25.49	10.39	13.87	15.33
1250307	damage	bot-1552	bravo	bot-1505	alpha	m1911	bullet	33.00	39.14	-4.26	19.93	-8.92	7.60	13.18
1251239	damage	bot-1557	bravo	bot-1560	alpha	cz_805_bren	bullet	24.00	76.00	17.30	20.97	10.25	17.75	7.75
1251239	damage	bot-1560	alpha	bot-1557	bravo	cz_805_bren	bullet	24.00	76.00	10.25	17.75	17.30	20.97	7.75
1251376	damage	bot-1557	bravo	bot-1560	alpha	cz_805_bren	bullet	24.00	52.00	17.30	20.97	10.25	17.75	7.75
1251376	damage	bot-1560	alpha	bot-1557	bravo	cz_805_bren	bullet	24.00	52.00	10.25	17.75	17.30	20.97	7.75
1251504	damage	bot-1560	alpha	bot-1557	bravo	cz_805_bren	bullet	24.00	28.00	10.09	16.91	17.44	21.13	8.47
1251557	damage	bot-1557	bravo	bot-1560	alpha	cz_805_bren	bullet	24.00	28.00	17.44	21.13	10.03	16.62	8.67
1251656	damage	bot-1560	alpha	bot-1557	bravo	cz_805_bren	bullet	24.00	4.00	9.90	15.96	17.60	21.29	9.36
1251802	kill	bot-1560	alpha	bot-1557	bravo	cz_805_bren	bullet	24.00	0.00	9.69	14.94	17.76	21.45	10.36
1252269	damage	bot-1509	alpha	bot-1552	bravo	cz_805_bren	bullet	24.00	41.75	-2.14	9.44	-4.26	19.93	10.70
1252409	damage	bot-1509	alpha	bot-1552	bravo	cz_805_bren	bullet	24.00	17.75	-2.49	10.03	-4.22	20.11	10.22
1252670	kill	bot-1478	alpha	bot-1552	bravo	cz_805_bren	bullet	24.00	0.00	-4.50	9.51	-4.12	20.43	10.93
1253481	damage	bot-1561	bravo	bot-1544	alpha	five_seven	bullet	20.00	62.87	13.75	-9.25	2.43	2.48	16.31
1253640	damage	bot-1559	bravo	bot-1450	alpha	cz_805_bren	bullet	24.00	2.14	10.22	-11.34	11.60	6.15	17.54
1253640	damage	bot-1561	bravo	bot-1544	alpha	five_seven	bullet	20.00	42.87	13.75	-9.25	2.42	2.48	16.30
1253794	kill	bot-1559	bravo	bot-1450	alpha	cz_805_bren	bullet	24.00	0.00	10.21	-11.34	11.60	6.15	17.54
1253794	damage	bot-1561	bravo	bot-1544	alpha	five_seven	bullet	20.00	22.87	13.75	-9.25	2.21	2.34	16.35
1253900	damage	bot-1544	alpha	bot-1561	bravo	five_seven	bullet	20.00	80.00	2.15	2.29	13.75	-9.25	16.37
1253945	damage	bot-1561	bravo	bot-1544	alpha	five_seven	bullet	20.00	2.87	13.75	-9.25	2.01	2.20	16.40
1254044	damage	bot-1544	alpha	bot-1561	bravo	five_seven	bullet	20.00	60.00	1.95	2.16	13.75	-9.25	16.42
1255399	damage	bot-1542	alpha	bot-1563	bravo	cz_805_bren	bullet	24.00	76.00	-9.91	8.87	11.25	-6.25	26.01
1255464	damage	bot-1489	alpha	bot-1563	bravo	cz_805_bren	bullet	24.00	52.00	-9.15	10.15	11.25	-6.25	26.18
1255512	damage	bot-1542	alpha	bot-1563	bravo	cz_805_bren	bullet	24.00	28.00	-9.91	8.87	11.28	-6.33	26.08
1255568	kill	bot-1563	bravo	bot-1544	alpha	five_seven	bullet	20.00	0.00	11.31	-6.38	1.81	2.07	12.71
1255674	damage	bot-1542	alpha	bot-1563	bravo	cz_805_bren	bullet	24.00	4.00	-9.91	8.87	11.37	-6.53	26.27
1255770	kill	bot-1489	alpha	bot-1563	bravo	cz_805_bren	bullet	24.00	0.00	-9.14	10.17	11.44	-6.68	26.59
1257154	damage	bot-1542	alpha	bot-1559	bravo	cz_805_bren	bullet	24.00	40.82	-9.05	8.25	11.26	-6.92	25.35
1257255	damage	bot-1489	alpha	bot-1559	bravo	cz_805_bren	bullet	24.00	16.82	-7.88	9.22	11.34	-7.06	25.19
1257300	kill	bot-1542	alpha	bot-1559	bravo	cz_805_bren	bullet	24.00	0.00	-9.05	8.25	11.38	-7.13	25.57
1257479	damage	bot-1542	alpha	bot-1565	bravo	cz_805_bren	bullet	24.00	76.00	-9.05	8.25	17.78	-1.32	28.49
1257603	damage	bot-1542	alpha	bot-1565	bravo	cz_805_bren	bullet	24.00	52.00	-9.05	8.25	18.30	-0.93	28.85
1257674	damage	bot-1562	alpha	bot-1565	bravo	five_seven	bullet	20.00	32.00	-7.72	-9.93	18.56	-0.81	27.81
1257736	damage	bot-1542	alpha	bot-1565	bravo	cz_805_bren	bullet	24.00	8.00	-9.05	8.25	18.76	-0.70	29.21
1257882	kill	bot-1542	alpha	bot-1565	bravo	cz_805_bren	bullet	24.00	0.00	-9.05	8.25	19.14	-0.45	29.50
1260145	damage	bot-1567	bravo	bot-1568	alpha	cz_805_bren	bullet	24.00	76.00	-25.09	-26.35	24.75	-23.12	49.94
1260278	damage	bot-1567	bravo	bot-1568	alpha	cz_805_bren	bullet	24.00	52.00	-25.09	-26.35	24.51	-23.11	49.70
1262036	damage	bot-1569	bravo	bot-1570	alpha	five_seven	bullet	20.00	80.00	-20.57	-20.82	26.11	-24.97	46.86
1262204	damage	bot-1569	bravo	bot-1570	alpha	five_seven	bullet	20.00	60.00	-20.57	-20.82	25.87	-24.90	46.62
1262410	damage	bot-1567	bravo	bot-1564	alpha	cz_805_bren	bullet	24.00	76.00	-23.80	-26.38	5.71	-14.35	31.87
1262527	damage	bot-1567	bravo	bot-1564	alpha	cz_805_bren	bullet	24.00	52.00	-23.80	-26.38	5.71	-14.34	31.87
1262527	damage	bot-1569	bravo	bot-1570	alpha	five_seven	bullet	20.00	40.00	-20.58	-20.83	25.90	-23.10	46.54
1262659	damage	bot-1568	alpha	bot-1569	bravo	cz_805_bren	bullet	24.00	76.00	26.65	-25.13	-20.58	-20.83	47.42
1262789	damage	bot-1568	alpha	bot-1569	bravo	cz_805_bren	bullet	24.00	52.00	26.64	-25.12	-20.58	-20.83	47.42
1262908	damage	bot-1568	alpha	bot-1569	bravo	cz_805_bren	bullet	24.00	28.00	26.63	-25.12	-20.75	-20.80	47.58
1262908	damage	bot-1569	bravo	bot-1570	alpha	five_seven	bullet	20.00	20.00	-20.75	-20.80	26.45	-20.97	47.20
1263060	damage	bot-1568	alpha	bot-1569	bravo	cz_805_bren	bullet	24.00	4.00	26.62	-25.12	-20.91	-20.76	47.74
1263060	kill	bot-1569	bravo	bot-1570	alpha	five_seven	bullet	20.00	0.00	-20.91	-20.76	26.63	-20.26	47.55
1263971	kill	bot-1568	alpha	bot-1569	bravo	cz_805_bren	bullet	24.00	0.00	26.68	-25.45	-22.88	-20.11	49.85
1264752	damage	bot-1568	alpha	bot-1571	bravo	cz_805_bren	bullet	24.00	76.00	26.65	-25.47	26.94	12.40	37.88
1264898	damage	bot-1568	alpha	bot-1571	bravo	cz_805_bren	bullet	24.00	52.00	26.65	-25.48	26.94	12.40	37.88
1265056	damage	bot-1568	alpha	bot-1571	bravo	cz_805_bren	bullet	24.00	28.00	26.65	-25.48	26.94	12.66	38.14
1265191	damage	bot-1568	alpha	bot-1571	bravo	cz_805_bren	bullet	24.00	4.00	26.65	-25.48	26.94	12.82	38.30
1265338	kill	bot-1568	alpha	bot-1571	bravo	cz_805_bren	bullet	24.00	0.00	26.65	-25.48	26.88	13.05	38.53
1265535	damage	bot-1568	alpha	bot-1556	bravo	cz_805_bren	bullet	24.00	48.41	26.65	-25.48	26.08	13.68	39.16
1265748	damage	bot-1567	bravo	bot-1573	alpha	cz_805_bren	bullet	24.00	76.00	-20.09	-26.21	25.55	-18.77	46.24
1265850	damage	bot-1573	alpha	bot-1567	bravo	m24	bullet	95.00	5.00	25.55	-18.77	-20.09	-26.21	46.24
1265903	damage	bot-1567	bravo	bot-1573	alpha	cz_805_bren	bullet	24.00	52.00	-20.09	-26.21	25.55	-18.77	46.24
1267576	damage	bot-1478	alpha	bot-1556	bravo	cz_805_bren	bullet	24.00	1.07	-1.25	18.25	21.44	18.12	22.69
1267707	kill	bot-1478	alpha	bot-1556	bravo	cz_805_bren	bullet	24.00	0.00	-1.25	18.25	21.44	18.12	22.69
1267707	damage	bot-1574	bravo	bot-1478	alpha	cz_805_bren	bullet	24.00	48.40	24.71	22.12	-1.25	18.25	26.25
1267848	damage	bot-1574	bravo	bot-1478	alpha	cz_805_bren	bullet	24.00	24.40	24.71	22.12	-1.28	18.42	26.25
1268032	damage	bot-1523	alpha	bot-1574	bravo	cz_805_bren	bullet	24.00	76.00	-6.42	19.99	24.71	22.12	31.20
1268151	damage	bot-1523	alpha	bot-1574	bravo	cz_805_bren	bullet	24.00	52.00	-6.42	19.99	24.71	22.12	31.20
1268313	damage	bot-1523	alpha	bot-1574	bravo	cz_805_bren	bullet	24.00	28.00	-6.42	19.99	24.80	21.89	31.28
1268365	damage	bot-1574	bravo	bot-1523	alpha	cz_805_bren	bullet	24.00	48.10	24.85	21.83	-6.42	19.99	31.32
1268628	damage	bot-1523	alpha	bot-1574	bravo	cz_805_bren	bullet	24.00	4.00	-6.48	19.65	25.00	21.48	31.53
1268781	kill	bot-1523	alpha	bot-1574	bravo	cz_805_bren	bullet	24.00	0.00	-6.51	19.41	25.19	21.39	31.76
1271034	damage	bot-1505	alpha	bot-1572	bravo	five_seven	bullet	20.00	2.31	4.32	3.87	21.94	18.53	22.93
1271558	damage	bot-1419	alpha	bot-1576	bravo	cz_805_bren	bullet	24.00	76.00	2.28	2.17	22.75	-10.25	23.94
1271558	damage	bot-1568	alpha	bot-1576	bravo	cz_805_bren	bullet	24.00	52.00	26.74	-18.49	22.75	-10.25	9.16
1271704	damage	bot-1419	alpha	bot-1576	bravo	cz_805_bren	bullet	24.00	28.00	2.28	2.17	22.75	-10.25	23.94
1271750	kill	bot-1505	alpha	bot-1572	bravo	five_seven	bullet	20.00	0.00	4.41	3.92	21.94	18.53	22.82
1272168	damage	bot-1568	alpha	bot-1576	bravo	cz_805_bren	bullet	24.00	4.00	26.74	-19.29	23.63	-11.14	8.72
1272413	kill	bot-1568	alpha	bot-1576	bravo	cz_805_bren	bullet	24.00	0.00	26.74	-19.29	22.51	-10.01	10.19
1272727	damage	bot-1567	bravo	bot-1573	alpha	cz_805_bren	bullet	24.00	48.43	-26.68	-26.56	20.48	-19.89	47.63
1272876	damage	bot-1567	bravo	bot-1573	alpha	cz_805_bren	bullet	24.00	24.43	-26.69	-26.55	20.59	-19.77	47.76
1273023	damage	bot-1567	bravo	bot-1573	alpha	cz_805_bren	bullet	24.00	0.43	-26.69	-26.55	20.70	-19.65	47.89
1273299	kill	bot-1567	bravo	bot-1573	alpha	cz_805_bren	bullet	24.00	0.00	-26.70	-26.54	20.93	-19.39	48.16
1273617	damage	bot-1474	alpha	bot-1577	bravo	five_seven	bullet	20.00	80.00	-5.88	1.47	-3.24	5.26	4.61
1273731	damage	bot-1533	alpha	bot-1577	bravo	cz_805_bren	bullet	24.00	56.00	-4.66	-3.83	-3.68	4.82	8.71
1273989	damage	bot-1474	alpha	bot-1577	bravo	five_seven	bullet	20.00	36.00	-6.09	1.26	-4.73	3.80	2.88
1274037	damage	bot-1533	alpha	bot-1577	bravo	cz_805_bren	bullet	24.00	3.56	-4.68	-3.81	-4.91	3.63	7.44
1274317	kill	bot-1533	alpha	bot-1577	bravo	cz_805_bren	bullet	24.00	0.00	-4.69	-3.81	-6.56	5.37	9.37
1274544	damage	bot-1568	alpha	bot-1567	bravo	cz_805_bren	bullet	24.00	48.29	22.60	-19.26	-26.65	-26.50	49.78
1274671	damage	bot-1568	alpha	bot-1567	bravo	cz_805_bren	bullet	24.00	24.29	22.61	-19.26	-26.66	-26.28	49.76
1275286	damage	bot-1568	alpha	bot-1567	bravo	cz_805_bren	bullet	24.00	0.29	22.65	-19.42	-26.68	-25.21	49.67
1275395	damage	bot-1474	alpha	bot-1575	bravo	five_seven	bullet	20.00	80.00	-7.43	0.32	-19.52	13.95	18.22
1275541	damage	bot-1474	alpha	bot-1575	bravo	five_seven	bullet	20.00	60.00	-7.43	0.32	-19.52	13.95	18.22
1276336	damage	bot-1567	bravo	bot-1542	alpha	cz_805_bren	bullet	24.00	71.39	-26.74	-23.69	-11.79	6.12	33.35
1277284	damage	bot-1578	bravo	bot-1564	alpha	cz_805_bren	bullet	24.00	48.80	-20.25	-22.15	-9.25	-20.75	11.09
1277438	damage	bot-1564	alpha	bot-1578	bravo	m1911	bullet	33.00	67.00	-9.07	-20.74	-20.25	-22.15	11.27
1277438	damage	bot-1578	bravo	bot-1564	alpha	cz_805_bren	bullet	24.00	24.80	-20.25	-22.15	-9.02	-20.68	11.33
1277827	damage	bot-1575	bravo	bot-1521	alpha	five_seven	bullet	20.00	54.60	-26.66	26.66	-8.76	-10.84	41.54
1277990	damage	bot-1575	bravo	bot-1521	alpha	five_seven	bullet	20.00	34.60	-26.66	26.66	-8.70	-10.97	41.69
1278696	damage	bot-1478	alpha	bot-1567	bravo	cz_805_bren	bullet	24.00	9.00	-6.43	14.04	-26.74	-23.69	42.86
1278696	damage	bot-1567	bravo	bot-1542	alpha	cz_805_bren	bullet	24.00	47.39	-26.74	-23.69	-11.79	6.61	33.79
1278696	damage	bot-1578	bravo	bot-1568	alpha	cz_805_bren	bullet	24.00	48.30	-20.21	-21.97	17.09	-21.12	37.31
1279153	damage	bot-1568	alpha	bot-1578	bravo	cz_805_bren	bullet	24.00	31.03	18.97	-20.27	-20.52	-22.25	39.54
1279153	damage	bot-1578	bravo	bot-1568	alpha	cz_805_bren	bullet	24.00	24.30	-20.52	-22.25	19.23	-20.02	39.81
1279658	damage	bot-1575	bravo	bot-1564	alpha	five_seven	bullet	20.00	8.99	-26.53	26.70	-4.42	-15.82	47.93
1279705	damage	bot-1580	bravo	bot-1519	alpha	five_seven	bullet	20.00	75.09	-16.16	17.84	-11.75	6.95	11.75
1279834	kill	bot-1575	bravo	bot-1564	alpha	five_seven	bullet	20.00	0.00	-26.53	26.70	-4.42	-15.82	47.92
1279877	damage	bot-1580	bravo	bot-1519	alpha	five_seven	bullet	20.00	55.09	-16.15	17.85	-11.75	6.95	11.75
1280243	damage	bot-1580	bravo	bot-1521	alpha	five_seven	bullet	20.00	17.17	-16.13	17.86	-6.77	-15.70	34.84
1281177	damage	bot-1578	bravo	bot-1579	alpha	cz_805_bren	bullet	24.00	76.00	-26.65	-26.68	17.15	-19.98	44.32
1281347	damage	bot-1478	alpha	bot-1578	bravo	cz_805_bren	bullet	24.00	7.03	-10.61	11.85	-26.65	-26.68	41.74
1281496	kill	bot-1478	alpha	bot-1578	bravo	cz_805_bren	bullet	24.00	0.00	-10.60	11.86	-26.65	-26.68	41.76
1281724	damage	bot-1542	alpha	bot-1582	bravo	cz_805_bren	bullet	24.00	76.00	-7.14	8.74	3.40	-8.40	20.12
1281812	damage	bot-1489	alpha	bot-1582	bravo	cz_805_bren	bullet	24.00	52.00	-7.78	11.80	3.84	-8.05	23.00
1281857	damage	bot-1478	alpha	bot-1582	bravo	cz_805_bren	bullet	24.00	28.00	-10.60	11.86	3.94	-8.33	24.88
1281857	damage	bot-1542	alpha	bot-1582	bravo	cz_805_bren	bullet	24.00	4.00	-7.14	8.74	3.94	-8.33	20.35
1281993	kill	bot-1478	alpha	bot-1582	bravo	cz_805_bren	bullet	24.00	0.00	-10.60	11.86	4.28	-9.21	25.79
1282040	damage	bot-1575	bravo	bot-1521	alpha	five_seven	bullet	20.00	26.45	-24.47	24.23	-6.77	-15.70	43.68
1282391	damage	bot-1575	bravo	bot-1521	alpha	five_seven	bullet	20.00	12.76	-24.71	24.42	-6.77	-15.70	43.95
1282927	damage	bot-1580	bravo	bot-1519	alpha	five_seven	bullet	20.00	52.46	-15.51	14.20	-7.03	2.01	14.85
1283064	damage	bot-1519	alpha	bot-1580	bravo	five_seven	bullet	20.00	80.00	-6.99	2.01	-15.51	14.20	14.86
1283134	damage	bot-1580	bravo	bot-1519	alpha	five_seven	bullet	20.00	32.46	-15.51	14.20	-6.90	2.01	14.92
1283205	damage	bot-1519	alpha	bot-1580	bravo	five_seven	bullet	20.00	60.00	-6.90	2.01	-15.51	14.20	14.92
1283699	damage	bot-1575	bravo	bot-1521	alpha	five_seven	bullet	20.00	12.72	-26.17	26.62	-6.77	-15.70	46.55
1284043	kill	bot-1575	bravo	bot-1521	alpha	five_seven	bullet	20.00	0.00	-26.17	26.62	-6.77	-15.70	46.55
1285356	damage	bot-1580	bravo	bot-1523	alpha	five_seven	bullet	20.00	52.58	-21.59	22.50	-18.88	10.79	12.01
1285356	damage	bot-1584	bravo	bot-1562	alpha	cz_805_bren	bullet	24.00	61.10	1.79	24.46	-8.37	-0.04	26.53
1285535	damage	bot-1580	bravo	bot-1523	alpha	five_seven	bullet	20.00	32.58	-21.59	22.50	-18.76	10.38	12.44
1286735	damage	bot-1580	bravo	bot-1523	alpha	five_seven	bullet	20.00	12.58	-21.59	22.50	-18.44	9.86	13.03
1286779	damage	bot-1489	alpha	bot-1575	bravo	cz_805_bren	bullet	24.00	46.48	-20.64	10.30	-26.17	26.62	17.23
1286907	damage	bot-1489	alpha	bot-1575	bravo	cz_805_bren	bullet	24.00	24.82	-20.64	10.30	-26.17	26.62	17.23
1286907	kill	bot-1580	bravo	bot-1523	alpha	five_seven	bullet	20.00	0.00	-21.59	22.50	-17.64	9.28	13.79
1286956	damage	bot-1584	bravo	bot-1542	alpha	cz_805_bren	bullet	24.00	20.99	2.56	24.27	-12.15	5.32	23.99
1287179	damage	bot-1489	alpha	bot-1575	bravo	cz_805_bren	bullet	24.00	5.67	-20.64	10.30	-26.17	26.62	17.23
1287314	kill	bot-1489	alpha	bot-1575	bravo	cz_805_bren	bullet	24.00	0.00	-20.64	10.30	-26.17	26.62	17.23
1287801	damage	bot-1505	alpha	bot-1587	bravo	five_seven	bullet	20.00	80.00	10.91	-3.05	10.48	11.10	14.16
1287962	damage	bot-1505	alpha	bot-1587	bravo	five_seven	bullet	20.00	60.00	10.91	-3.05	10.44	10.99	14.05
1288144	damage	bot-1505	alpha	bot-1587	bravo	five_seven	bullet	20.00	40.00	10.91	-3.05	10.19	12.04	15.10
1288309	damage	bot-1505	alpha	bot-1587	bravo	five_seven	bullet	20.00	20.00	10.91	-3.05	10.01	12.73	15.80
1288495	kill	bot-1505	alpha	bot-1587	bravo	five_seven	bullet	20.00	0.00	10.91	-3.05	9.75	13.75	16.84
1288606	damage	bot-1580	bravo	bot-1588	alpha	five_seven	bullet	20.00	80.00	-18.51	22.77	-23.75	2.25	21.18
1288724	damage	bot-1584	bravo	bot-1509	alpha	cz_805_bren	bullet	24.00	48.48	1.86	23.91	-4.25	19.03	7.82
1288774	damage	bot-1580	bravo	bot-1588	alpha	five_seven	bullet	20.00	60.00	-18.51	22.77	-23.75	2.25	21.18
1288888	damage	bot-1584	bravo	bot-1509	alpha	cz_805_bren	bullet	24.00	24.48	1.86	23.91	-4.31	18.81	8.00
1288946	damage	bot-1509	alpha	bot-1584	bravo	cz_805_bren	bullet	24.00	76.00	-4.31	18.81	1.86	23.91	8.00
1288946	damage	bot-1580	bravo	bot-1588	alpha	five_seven	bullet	20.00	40.00	-18.51	22.77	-23.87	2.05	21.41
1289144	damage	bot-1580	bravo	bot-1588	alpha	five_seven	bullet	20.00	20.00	-18.51	22.77	-23.96	1.85	21.62
1289302	kill	bot-1580	bravo	bot-1588	alpha	five_seven	bullet	20.00	0.00	-18.51	22.77	-24.06	1.67	21.82
1289352	damage	bot-1585	bravo	bot-1562	alpha	five_seven	bullet	20.00	30.86	-0.20	19.94	-8.82	-7.58	28.84
1289637	damage	bot-1585	bravo	bot-1562	alpha	five_seven	bullet	20.00	15.96	-0.20	19.95	-8.82	-7.58	28.84
1289808	damage	bot-1584	bravo	bot-1590	alpha	cz_805_bren	bullet	24.00	76.00	1.54	23.71	-15.75	-6.72	35.00
1289808	kill	bot-1585	bravo	bot-1562	alpha	five_seven	bullet	20.00	0.00	-0.20	19.95	-8.82	-7.58	28.84
1290072	damage	bot-1584	bravo	bot-1590	alpha	cz_805_bren	bullet	24.00	52.00	1.55	23.69	-15.75	-6.72	35.00
1290205	damage	bot-1584	bravo	bot-1590	alpha	cz_805_bren	bullet	24.00	28.00	1.56	23.69	-15.94	-6.82	35.16
1290205	damage	bot-1585	bravo	bot-1495	alpha	five_seven	bullet	20.00	52.20	-0.20	19.95	-9.50	-8.29	29.73
1290485	damage	bot-1584	bravo	bot-1590	alpha	cz_805_bren	bullet	24.00	4.00	1.58	23.67	-16.33	-6.97	35.49
1290612	kill	bot-1584	bravo	bot-1590	alpha	cz_805_bren	bullet	24.00	0.00	1.58	23.66	-16.46	-7.04	35.62
1291566	damage	bot-1580	bravo	bot-1489	alpha	five_seven	bullet	20.00	74.19	-18.75	22.25	-19.55	11.49	10.79
1291726	damage	bot-1580	bravo	bot-1489	alpha	five_seven	bullet	20.00	54.19	-18.75	22.25	-19.43	11.47	10.80
1291881	damage	bot-1580	bravo	bot-1489	alpha	five_seven	bullet	20.00	34.19	-18.75	22.25	-19.35	11.01	11.25
1292047	damage	bot-1580	bravo	bot-1489	alpha	five_seven	bullet	20.00	14.19	-18.75	22.25	-19.14	10.44	11.82
1292137	damage	bot-1489	alpha	bot-1580	bravo	cz_805_bren	bullet	24.00	48.58	-19.08	10.19	-18.75	22.25	12.06
1292228	kill	bot-1580	bravo	bot-1489	alpha	five_seven	bullet	20.00	0.00	-18.75	22.40	-18.82	9.83	12.57
1293437	damage	bot-1591	bravo	bot-1579	alpha	cz_805_bren	bullet	24.00	52.00	-26.04	21.27	-0.73	-21.70	49.87
1293894	damage	bot-1593	bravo	bot-1566	alpha	five_seven	bullet	20.00	49.59	13.27	1.22	9.24	14.58	13.95
1294056	damage	bot-1593	bravo	bot-1566	alpha	five_seven	bullet	20.00	29.59	13.27	1.22	9.24	14.82	14.19
1294263	damage	bot-1593	bravo	bot-1566	alpha	five_seven	bullet	20.00	9.59	13.27	1.22	9.24	15.07	14.42
1294436	kill	bot-1593	bravo	bot-1566	alpha	five_seven	bullet	20.00	0.00	13.27	1.22	9.24	15.32	14.66
1294719	damage	bot-1593	bravo	bot-1594	alpha	five_seven	bullet	20.00	80.00	13.27	1.22	9.04	18.16	17.46
1294815	damage	bot-1505	alpha	bot-1593	bravo	five_seven	bullet	20.00	80.00	14.13	-4.86	13.27	1.22	6.14
1295837	damage	bot-1568	alpha	bot-1591	bravo	cz_805_bren	bullet	24.00	32.67	5.66	-22.79	-21.01	15.98	47.05
1295949	damage	bot-1593	bravo	bot-1507	alpha	five_seven	bullet	20.00	52.73	16.48	-0.01	7.04	-2.41	9.74
1296477	damage	bot-1507	alpha	bot-1595	bravo	five_seven	bullet	20.00	80.00	6.55	-3.38	8.57	0.22	4.13
1296477	damage	bot-1593	bravo	bot-1507	alpha	five_seven	bullet	20.00	32.73	16.48	-0.01	6.33	-3.67	10.79
1296630	damage	bot-1507	alpha	bot-1595	bravo	five_seven	bullet	20.00	60.00	6.06	-3.90	8.57	0.22	4.82
1296630	damage	bot-1593	bravo	bot-1507	alpha	five_seven	bullet	20.00	12.73	16.48	-0.01	5.79	-4.13	11.46
1296698	damage	bot-1568	alpha	bot-1581	bravo	cz_805_bren	bullet	24.00	74.56	5.66	-22.71	-15.03	14.17	42.29
1296698	damage	bot-1595	bravo	bot-1505	alpha	five_seven	bullet	20.00	42.38	8.63	0.27	15.25	-5.76	8.96
1296824	damage	bot-1507	alpha	bot-1595	bravo	five_seven	bullet	20.00	40.00	5.26	-4.61	8.74	0.38	6.09
1296824	damage	bot-1568	alpha	bot-1581	bravo	cz_805_bren	bullet	24.00	50.56	5.66	-22.71	-15.03	14.17	42.28
1296875	damage	bot-1595	bravo	bot-1505	alpha	five_seven	bullet	20.00	22.38	8.80	0.44	15.50	-5.76	9.13
1296992	damage	bot-1507	alpha	bot-1595	bravo	five_seven	bullet	20.00	20.00	4.46	-5.30	8.91	0.55	7.35
1297324	damage	bot-1595	bravo	bot-1419	alpha	five_seven	bullet	20.00	54.18	10.37	1.99	9.12	-3.23	5.37
1297324	damage	bot-1596	alpha	bot-1585	bravo	m1911	bullet	33.00	67.00	-1.29	18.83	-3.79	16.57	3.37
1297488	damage	bot-1595	bravo	bot-1419	alpha	five_seven	bullet	20.00	34.18	10.93	2.55	9.62	-4.15	6.83
1297544	damage	bot-1568	alpha	bot-1581	bravo	cz_805_bren	bullet	24.00	26.56	5.56	-22.70	-15.41	15.14	43.26
1297715	damage	bot-1421	alpha	bot-1595	bravo	five_seven	bullet	20.00	3.20	19.30	11.33	11.66	3.27	11.10
1297871	kill	bot-1421	alpha	bot-1595	bravo	five_seven	bullet	20.00	0.00	19.30	11.33	12.22	3.83	10.31
1297933	damage	bot-1568	alpha	bot-1597	bravo	cz_805_bren	bullet	24.00	76.00	5.62	-22.68	5.29	2.33	25.01
1297984	damage	bot-1419	alpha	bot-1593	bravo	cz_805_bren	bullet	24.00	56.00	10.65	-6.68	11.24	2.47	9.17
1298043	damage	bot-1507	alpha	bot-1597	bravo	five_seven	bullet	20.00	56.00	5.14	-10.10	5.29	2.26	12.37
1298098	damage	bot-1419	alpha	bot-1593	bravo	cz_805_bren	bullet	24.00	32.00	10.75	-7.39	11.55	2.90	10.33
1298162	damage	bot-1568	alpha	bot-1597	bravo	cz_805_bren	bullet	24.00	32.00	5.64	-22.67	5.45	2.26	24.93
1298228	damage	bot-1419	alpha	bot-1593	bravo	cz_805_bren	bullet	24.00	8.00	10.75	-8.11	11.87	3.35	11.51
1298228	damage	bot-1507	alpha	bot-1597	bravo	five_seven	bullet	20.00	12.00	5.14	-10.10	5.53	2.26	12.37
1298296	damage	bot-1591	bravo	bot-1594	alpha	cz_805_bren	bullet	24.00	56.00	-23.13	26.62	1.21	19.88	25.26
1298669	damage	bot-1593	bravo	bot-1439	alpha	five_seven	bullet	20.00	72.42	12.34	4.05	8.48	-4.28	9.18
1298737	kill	bot-1568	alpha	bot-1597	bravo	cz_805_bren	bullet	24.00	0.00	5.54	-22.68	6.18	2.22	24.90
1298797	damage	bot-1478	alpha	bot-1585	bravo	cz_805_bren	bullet	24.00	43.00	-19.10	-6.17	-2.75	14.89	26.67
1298854	kill	bot-1439	alpha	bot-1593	bravo	five_seven	bullet	20.00	0.00	8.48	-4.26	12.43	4.23	9.36
1298912	damage	bot-1478	alpha	bot-1585	bravo	cz_805_bren	bullet	24.00	19.00	-19.10	-6.17	-2.61	14.34	26.32
1298968	kill	bot-1568	alpha	bot-1585	bravo	cz_805_bren	bullet	24.00	0.00	5.57	-22.67	-2.56	14.07	37.63
1299187	damage	bot-1551	alpha	bot-1584	bravo	five_seven	bullet	20.00	56.00	-6.59	4.77	-3.63	15.83	11.45
1299379	damage	bot-1568	alpha	bot-1584	bravo	cz_805_bren	bullet	24.00	32.00	5.63	-22.65	-3.39	15.31	39.01
1299379	damage	bot-1583	alpha	bot-1581	bravo	cz_805_bren	bullet	24.00	2.56	8.68	-24.28	-15.08	13.55	44.67
1299441	damage	bot-1542	alpha	bot-1584	bravo	cz_805_bren	bullet	24.00	8.00	-11.79	2.29	-3.30	15.12	15.38
1299490	kill	bot-1568	alpha	bot-1584	bravo	cz_805_bren	bullet	24.00	0.00	5.64	-22.64	-3.19	14.89	38.55
1299957	damage	bot-1419	alpha	bot-1599	bravo	cz_805_bren	bullet	24.00	76.00	9.28	-8.22	11.42	-7.59	2.23
1299957	damage	bot-1599	bravo	bot-1439	alpha	cz_805_bren	bullet	24.00	48.42	11.42	-7.59	8.87	-4.57	3.96
1300000	damage	bot-1591	bravo	bot-1594	alpha	cz_805_bren	bullet	24.00	32.00	-23.13	26.65	9.54	17.27	33.99
1300052	kill	bot-1568	alpha	bot-1581	bravo	m1911	bullet	33.00	0.00	5.69	-22.59	-15.27	13.52	41.75
1300102	damage	bot-1419	alpha	bot-1599	bravo	cz_805_bren	bullet	24.00	52.00	9.49	-8.23	11.28	-7.73	1.85
1300102	damage	bot-1599	bravo	bot-1439	alpha	cz_805_bren	bullet	24.00	24.42	11.28	-7.73	8.67	-4.45	4.19
1300609	damage	bot-1583	alpha	bot-1589	bravo	cz_805_bren	bullet	24.00	62.65	8.70	-24.29	-15.92	14.26	45.74
1300609	damage	bot-1594	alpha	bot-1599	bravo	five_seven	bullet	20.00	32.00	12.78	15.02	11.13	-6.93	22.02
1300706	damage	bot-1599	bravo	bot-1439	alpha	cz_805_bren	bullet	24.00	0.42	11.11	-6.77	7.86	-3.95	4.30
1300769	damage	bot-1583	alpha	bot-1589	bravo	cz_805_bren	bullet	24.00	38.65	8.70	-24.29	-15.26	14.26	45.39
1300769	damage	bot-1594	alpha	bot-1599	bravo	five_seven	bullet	20.00	12.00	13.26	14.91	11.11	-6.69	21.71
1300844	kill	bot-1599	bravo	bot-1439	alpha	cz_805_bren	bullet	24.00	0.00	11.12	-6.61	7.72	-3.87	4.37
1301244	kill	bot-1594	alpha	bot-1599	bravo	five_seven	bullet	20.00	0.00	15.35	14.46	10.98	-7.68	22.57
1301244	damage	bot-1600	alpha	bot-1580	bravo	cz_805_bren	bullet	24.00	48.55	8.17	19.17	-23.12	24.68	31.77
1301645	damage	bot-1600	alpha	bot-1591	bravo	cz_805_bren	bullet	24.00	64.39	8.17	19.17	-23.13	26.65	32.19
1302094	damage	bot-1592	alpha	bot-1589	bravo	cz_805_bren	bullet	24.00	14.65	-21.04	-1.40	-19.43	17.99	19.45
1304032	damage	bot-1551	alpha	bot-1601	bravo	five_seven	bullet	20.00	80.00	-9.27	7.47	-24.86	4.80	15.82
1304032	damage	bot-1568	alpha	bot-1603	bravo	m1911	bullet	33.00	67.00	4.97	-20.70	-24.11	6.35	39.72
1304201	damage	bot-1551	alpha	bot-1601	bravo	five_seven	bullet	20.00	60.00	-9.27	7.46	-24.86	4.80	15.82
1304345	damage	bot-1551	alpha	bot-1601	bravo	five_seven	bullet	20.00	40.00	-9.27	7.46	-24.91	4.65	15.89
1304494	damage	bot-1551	alpha	bot-1601	bravo	five_seven	bullet	20.00	20.00	-9.27	7.46	-24.92	4.51	15.93
1304642	kill	bot-1551	alpha	bot-1601	bravo	five_seven	bullet	20.00	0.00	-9.27	7.46	-24.96	4.28	16.01
1304691	damage	bot-1602	alpha	bot-1603	bravo	five_seven	bullet	20.00	47.00	5.01	-5.96	-24.39	4.50	31.21
1304933	damage	bot-1551	alpha	bot-1603	bravo	five_seven	bullet	20.00	27.00	-9.27	7.46	-26.26	4.70	17.21
1304983	kill	bot-1594	alpha	bot-1589	bravo	five_seven	bullet	20.00	0.00	16.89	14.39	-13.73	25.91	32.72
1305236	damage	bot-1551	alpha	bot-1603	bravo	five_seven	bullet	20.00	7.00	-9.27	7.46	-26.74	4.73	17.68
1305378	kill	bot-1551	alpha	bot-1603	bravo	five_seven	bullet	20.00	0.00	-9.27	7.46	-26.74	4.73	17.68
1310027	damage	bot-1607	bravo	bot-1594	alpha	cz_805_bren	bullet	24.00	48.08	24.75	21.43	13.74	12.91	13.93
1310161	damage	bot-1607	bravo	bot-1594	alpha	cz_805_bren	bullet	24.00	24.08	24.75	21.43	13.25	12.07	14.83
1310430	damage	bot-1607	bravo	bot-1594	alpha	cz_805_bren	bullet	24.00	0.08	24.75	21.43	12.21	10.45	16.67
1310516	damage	bot-1609	bravo	bot-1600	alpha	five_seven	bullet	20.00	75.47	22.08	24.96	-3.97	21.47	26.28
1310609	damage	bot-1610	alpha	bot-1609	bravo	five_seven	bullet	20.00	80.00	-2.25	-17.25	22.08	24.96	48.72
1310786	damage	bot-1610	alpha	bot-1609	bravo	five_seven	bullet	20.00	60.00	-2.25	-17.25	22.08	24.96	48.72
1310956	damage	bot-1610	alpha	bot-1609	bravo	five_seven	bullet	20.00	40.00	-2.25	-17.25	22.29	25.07	48.92
1311031	damage	bot-1605	bravo	bot-1596	alpha	cz_805_bren	bullet	24.00	71.45	22.38	20.86	8.59	22.16	13.86
1311105	damage	bot-1609	bravo	bot-1596	alpha	five_seven	bullet	20.00	51.45	22.37	25.10	8.59	22.16	14.09
1311105	damage	bot-1610	alpha	bot-1609	bravo	five_seven	bullet	20.00	20.00	-2.25	-17.25	22.44	25.13	49.05
1311299	damage	bot-1609	bravo	bot-1596	alpha	five_seven	bullet	20.00	31.45	22.61	25.20	7.76	22.87	15.03
1311299	kill	bot-1610	alpha	bot-1609	bravo	five_seven	bullet	20.00	0.00	-2.25	-17.25	22.69	25.23	49.26
1314017	damage	bot-1607	bravo	bot-1596	alpha	cz_805_bren	bullet	24.00	13.09	25.00	21.39	0.89	23.82	24.23
1314975	damage	bot-1542	alpha	bot-1613	bravo	cz_805_bren	bullet	24.00	76.00	-5.24	16.07	26.20	23.70	32.35
1315132	damage	bot-1542	alpha	bot-1613	bravo	cz_805_bren	bullet	24.00	52.00	-5.24	16.07	26.20	23.70	32.35
1315178	damage	bot-1607	bravo	bot-1612	alpha	cz_805_bren	bullet	24.00	18.37	24.60	21.20	10.69	11.67	16.86
1315307	damage	bot-1568	alpha	bot-1605	bravo	cz_805_bren	bullet	24.00	76.00	-8.87	-13.84	24.09	22.59	49.13
1315307	kill	bot-1607	bravo	bot-1612	alpha	cz_805_bren	bullet	24.00	0.00	24.61	21.20	10.69	11.66	16.88
1315437	damage	bot-1568	alpha	bot-1605	bravo	cz_805_bren	bullet	24.00	52.00	-8.86	-13.83	24.09	22.59	49.12
1315568	damage	bot-1568	alpha	bot-1605	bravo	cz_805_bren	bullet	24.00	28.00	-8.85	-13.83	24.41	23.28	49.83
1317273	damage	bot-1542	alpha	bot-1613	bravo	cz_805_bren	bullet	24.00	28.00	-5.21	16.18	26.76	26.83	33.70
1317416	damage	bot-1542	alpha	bot-1613	bravo	cz_805_bren	bullet	24.00	4.00	-5.21	16.18	26.77	26.83	33.71
1317527	kill	bot-1542	alpha	bot-1613	bravo	cz_805_bren	bullet	24.00	0.00	-5.21	16.18	26.77	26.83	33.71
1318148	damage	bot-1568	alpha	bot-1617	bravo	cz_805_bren	bullet	24.00	76.00	-7.02	-11.11	-20.75	2.25	19.16
1318241	damage	bot-1608	alpha	bot-1617	bravo	cz_805_bren	bullet	24.00	52.00	-6.97	-9.98	-20.75	2.25	18.43
1318288	damage	bot-1419	alpha	bot-1617	bravo	cz_805_bren	bullet	24.00	28.00	-4.42	14.04	-20.75	2.32	20.10
1318385	damage	bot-1608	alpha	bot-1617	bravo	cz_805_bren	bullet	24.00	4.00	-6.97	-9.98	-20.74	2.49	18.58
1318431	kill	bot-1568	alpha	bot-1617	bravo	cz_805_bren	bullet	24.00	0.00	-7.01	-11.10	-20.74	2.57	19.38
1322408	damage	bot-1618	alpha	bot-1621	bravo	five_seven	bullet	20.00	80.00	-21.24	0.91	-2.25	-2.75	19.34
1322462	damage	bot-1604	alpha	bot-1621	bravo	m1911	bullet	33.00	47.00	-6.76	-4.35	-2.25	-2.75	4.78
1322634	damage	bot-1419	alpha	bot-1621	bravo	cz_805_bren	bullet	24.00	23.00	-1.73	10.62	-1.49	-1.99	12.61
1322731	damage	bot-1618	alpha	bot-1621	bravo	five_seven	bullet	20.00	3.00	-21.24	0.91	-0.99	-1.49	20.39
1322777	kill	bot-1419	alpha	bot-1621	bravo	cz_805_bren	bullet	24.00	0.00	-1.73	10.62	-0.75	-1.25	11.91
1324179	damage	bot-1602	alpha	bot-1623	bravo	five_seven	bullet	20.00	80.00	-18.78	-5.77	-2.21	3.30	18.89
1324257	damage	bot-1623	bravo	bot-1533	alpha	cz_805_bren	bullet	24.00	48.13	-2.44	3.06	0.79	6.42	4.66
1324516	damage	bot-1602	alpha	bot-1623	bravo	five_seven	bullet	20.00	60.00	-18.79	-5.77	-3.35	2.16	17.36
1324516	damage	bot-1604	alpha	bot-1623	bravo	m1911	bullet	33.00	27.00	-5.78	-3.63	-3.35	2.16	6.28
1324516	damage	bot-1615	bravo	bot-1624	alpha	cz_805_bren	bullet	24.00	76.00	26.64	5.38	18.76	-18.60	25.24
1324516	damage	bot-1623	bravo	bot-1533	alpha	cz_805_bren	bullet	24.00	24.13	-3.35	2.16	2.19	6.52	7.04
1324652	damage	bot-1615	bravo	bot-1624	alpha	cz_805_bren	bullet	24.00	52.00	26.64	5.38	18.76	-18.60	25.24
1324652	damage	bot-1624	alpha	bot-1615	bravo	cz_805_bren	bullet	24.00	59.49	18.76	-18.60	26.64	5.38	25.24
1324717	damage	bot-1602	alpha	bot-1623	bravo	five_seven	bullet	20.00	7.00	-18.79	-5.77	-2.54	2.88	18.41
1324778	kill	bot-1507	alpha	bot-1623	bravo	five_seven	bullet	20.00	0.00	-11.38	3.35	-2.28	3.12	9.10
1326161	damage	bot-1583	alpha	bot-1625	bravo	cz_805_bren	bullet	24.00	76.00	-4.61	-1.39	-0.75	-24.25	23.19
1326322	damage	bot-1583	alpha	bot-1625	bravo	cz_805_bren	bullet	24.00	52.00	-4.61	-1.39	-0.75	-24.25	23.19
1326447	damage	bot-1583	alpha	bot-1625	bravo	cz_805_bren	bullet	24.00	28.00	-4.63	-1.39	-0.11	-24.58	23.63
1326589	damage	bot-1583	alpha	bot-1625	bravo	cz_805_bren	bullet	24.00	4.00	-4.63	-1.39	0.52	-24.88	24.05
1333112	damage	bot-1627	bravo	bot-1542	alpha	five_seven	bullet	20.00	50.63	4.25	24.45	10.69	14.34	11.99
1333273	damage	bot-1611	bravo	bot-1624	alpha	m24	bullet	95.00	0.59	26.75	4.59	15.47	-23.12	29.92
1333273	damage	bot-1624	alpha	bot-1615	bravo	cz_805_bren	bullet	24.00	48.09	15.47	-23.12	26.76	3.64	29.05
1333472	damage	bot-1624	alpha	bot-1615	bravo	cz_805_bren	bullet	24.00	24.09	15.35	-23.23	26.78	3.82	29.36
1333472	damage	bot-1627	bravo	bot-1542	alpha	five_seven	bullet	20.00	30.63	4.26	24.47	10.85	12.92	13.29
1333576	damage	bot-1629	bravo	bot-1598	alpha	cz_805_bren	bullet	24.00	26.10	-1.80	26.02	13.66	14.72	19.15
1334245	damage	bot-1627	bravo	bot-1598	alpha	five_seven	bullet	20.00	6.10	4.27	24.48	12.76	13.49	13.89
1334414	kill	bot-1627	bravo	bot-1598	alpha	five_seven	bullet	20.00	0.00	4.27	24.48	12.75	13.49	13.88
1334828	damage	bot-1627	bravo	bot-1505	alpha	five_seven	bullet	20.00	2.23	4.27	24.48	14.76	12.32	16.06
1336179	damage	bot-1630	bravo	bot-1614	alpha	five_seven	bullet	20.00	80.00	9.31	19.87	10.26	-2.58	22.46
1336381	damage	bot-1630	bravo	bot-1614	alpha	five_seven	bullet	20.00	60.00	9.31	19.87	10.28	-2.72	22.61
1336604	damage	bot-1630	bravo	bot-1614	alpha	five_seven	bullet	20.00	40.00	9.31	19.87	10.16	-2.83	22.71
1336970	damage	bot-1533	alpha	bot-1630	bravo	cz_805_bren	bullet	24.00	69.48	9.22	9.70	9.23	19.99	10.29
1337112	damage	bot-1533	alpha	bot-1630	bravo	cz_805_bren	bullet	24.00	45.48	9.23	10.06	9.18	20.04	9.98
1337112	damage	bot-1614	alpha	bot-1631	bravo	cz_805_bren	bullet	24.00	76.00	9.97	-2.97	22.64	1.70	13.50
1337281	damage	bot-1533	alpha	bot-1630	bravo	cz_805_bren	bullet	24.00	21.48	9.24	10.42	9.12	20.10	9.68
1337450	kill	bot-1533	alpha	bot-1630	bravo	cz_805_bren	bullet	24.00	0.00	9.24	10.39	9.07	20.15	9.76
1337700	damage	bot-1629	bravo	bot-1478	alpha	cz_805_bren	bullet	24.00	13.55	-3.13	25.63	-9.00	-8.86	34.99
1340017	damage	bot-1627	bravo	bot-1419	alpha	five_seven	bullet	20.00	52.14	7.00	21.31	-2.44	16.11	10.77
1341080	damage	bot-1604	alpha	bot-1628	bravo	m1911	bullet	33.00	67.00	-7.91	11.51	-3.98	20.44	9.76
1341132	kill	bot-1611	bravo	bot-1602	alpha	m24	bullet	95.00	0.00	26.78	3.12	-8.77	-11.44	38.41
1341192	damage	bot-1419	alpha	bot-1635	bravo	cz_805_bren	bullet	24.00	76.00	-5.06	13.49	2.86	21.24	11.08
1341477	damage	bot-1604	alpha	bot-1628	bravo	m1911	bullet	33.00	34.00	-7.89	11.51	-4.07	20.63	9.88
1341477	damage	bot-1629	bravo	bot-1419	alpha	cz_805_bren	bullet	24.00	28.14	-3.04	24.81	-6.07	12.43	12.74
1341631	damage	bot-1419	alpha	bot-1628	bravo	cz_805_bren	bullet	24.00	10.00	-6.07	12.43	-3.92	20.71	8.55
1341631	damage	bot-1628	bravo	bot-1419	alpha	cz_805_bren	bullet	24.00	4.14	-3.92	20.71	-6.07	12.43	8.55
1341631	kill	bot-1629	bravo	bot-1419	alpha	cz_805_bren	bullet	24.00	0.00	-3.04	24.81	-6.07	12.43	12.74
1342544	damage	bot-1629	bravo	bot-1604	alpha	cz_805_bren	bullet	24.00	39.47	-4.15	23.25	-5.49	11.23	12.10
1342593	damage	bot-1583	alpha	bot-1629	bravo	cz_805_bren	bullet	24.00	76.00	-0.65	-18.26	-4.29	23.19	41.61
1342875	kill	bot-1638	alpha	bot-1611	bravo	five_seven	bullet	20.00	0.00	19.30	-26.76	26.49	3.75	31.34
1343855	kill	bot-1478	alpha	bot-1628	bravo	cz_805_bren	bullet	24.00	0.00	-8.68	-12.56	1.62	26.60	40.49
1344502	damage	bot-1627	bravo	bot-1533	alpha	five_seven	bullet	20.00	52.52	8.75	24.25	9.25	11.14	13.12
1344581	damage	bot-1616	alpha	bot-1637	bravo	cz_805_bren	bullet	24.00	76.00	12.66	-10.59	9.33	22.29	33.05
1344665	damage	bot-1627	bravo	bot-1533	alpha	five_seven	bullet	20.00	32.52	8.75	24.25	9.25	10.98	13.28
1344744	damage	bot-1608	alpha	bot-1639	bravo	cz_805_bren	bullet	24.00	76.00	-19.58	-1.65	24.50	-0.38	44.10
1344744	damage	bot-1616	alpha	bot-1637	bravo	cz_805_bren	bullet	24.00	52.00	12.66	-10.61	9.24	22.60	33.38
1344818	damage	bot-1627	bravo	bot-1533	alpha	five_seven	bullet	20.00	12.52	8.75	24.25	9.25	10.81	13.45
1344940	damage	bot-1638	alpha	bot-1639	bravo	five_seven	bullet	20.00	56.00	19.87	-24.90	24.51	-0.39	24.94
1344940	kill	bot-1640	alpha	bot-1639	bravo	m24	bullet	95.00	0.00	16.75	-25.75	24.55	-0.34	26.58
1345019	kill	bot-1627	bravo	bot-1533	alpha	five_seven	bullet	20.00	0.00	8.75	24.25	9.25	10.02	14.24
1346159	damage	bot-1629	bravo	bot-1604	alpha	cz_805_bren	bullet	24.00	44.02	-8.06	22.69	-0.52	6.29	18.05
1346287	damage	bot-1629	bravo	bot-1604	alpha	cz_805_bren	bullet	24.00	22.32	-8.06	22.69	-0.52	6.29	18.05
1346418	damage	bot-1629	bravo	bot-1604	alpha	cz_805_bren	bullet	24.00	0.68	-8.06	22.68	-0.52	6.29	18.05
1346567	kill	bot-1629	bravo	bot-1604	alpha	cz_805_bren	bullet	24.00	0.00	-8.06	22.68	-0.52	6.29	18.05
1346776	damage	bot-1478	alpha	bot-1641	bravo	cz_805_bren	bullet	24.00	76.00	-7.87	-11.01	-26.36	12.67	30.04
1346925	damage	bot-1478	alpha	bot-1641	bravo	cz_805_bren	bullet	24.00	52.00	-7.84	-11.01	-26.30	12.64	30.00
1347097	damage	bot-1478	alpha	bot-1641	bravo	cz_805_bren	bullet	24.00	28.00	-7.84	-11.01	-26.24	12.85	30.13
1347226	damage	bot-1478	alpha	bot-1641	bravo	cz_805_bren	bullet	24.00	4.00	-7.82	-11.00	-26.15	13.00	30.20
1347405	kill	bot-1583	alpha	bot-1641	bravo	cz_805_bren	bullet	24.00	0.00	-2.90	-14.20	-26.09	13.22	35.91
1348716	kill	bot-1616	alpha	bot-1635	bravo	cz_805_bren	bullet	24.00	0.00	11.62	-5.68	7.99	26.67	32.55
1348928	damage	bot-1478	alpha	bot-1615	bravo	cz_805_bren	bullet	24.00	48.61	-7.24	-9.05	16.77	14.26	33.46
1349066	damage	bot-1478	alpha	bot-1615	bravo	cz_805_bren	bullet	24.00	24.61	-7.24	-9.05	16.96	14.43	33.72
1349300	damage	bot-1627	bravo	bot-1644	alpha	five_seven	bullet	20.00	80.00	15.96	26.82	21.81	21.17	8.13
1349454	damage	bot-1627	bravo	bot-1644	alpha	five_seven	bullet	20.00	60.00	15.96	26.82	22.25	20.74	8.75
1349520	damage	bot-1644	alpha	bot-1637	bravo	cz_805_bren	bullet	24.00	48.46	22.49	20.47	16.55	21.98	6.13
1349659	damage	bot-1627	bravo	bot-1644	alpha	five_seven	bullet	20.00	40.00	15.97	26.82	22.96	19.96	9.80
1349730	damage	bot-1643	bravo	bot-1644	alpha	cz_805_bren	bullet	24.00	16.00	-24.22	25.09	23.19	19.70	47.72
1349850	kill	bot-1627	bravo	bot-1644	alpha	five_seven	bullet	20.00	0.00	15.97	26.82	23.63	19.19	10.81
1350012	damage	bot-1592	alpha	bot-1643	bravo	cz_805_bren	bullet	24.00	76.00	-26.65	-1.26	-24.21	25.05	26.43
1350176	damage	bot-1592	alpha	bot-1643	bravo	cz_805_bren	bullet	24.00	52.00	-26.65	-1.26	-24.21	25.07	26.44
1350293	damage	bot-1592	alpha	bot-1643	bravo	cz_805_bren	bullet	24.00	28.00	-26.65	-1.26	-24.29	25.23	26.59
1350293	damage	bot-1643	bravo	bot-1620	alpha	cz_805_bren	bullet	24.00	69.79	-24.29	25.23	-22.79	5.87	19.41
1350450	damage	bot-1592	alpha	bot-1643	bravo	cz_805_bren	bullet	24.00	4.00	-26.65	-1.26	-24.37	25.45	26.80
1350450	damage	bot-1643	bravo	bot-1620	alpha	cz_805_bren	bullet	24.00	45.79	-24.37	25.45	-22.68	5.99	19.53
1350605	kill	bot-1592	alpha	bot-1643	bravo	cz_805_bren	bullet	24.00	0.00	-26.65	-1.26	-24.46	25.68	27.03
1350761	damage	bot-1637	bravo	bot-1646	alpha	five_seven	bullet	20.00	80.00	14.90	21.61	18.78	26.58	6.31
1350914	damage	bot-1637	bravo	bot-1646	alpha	five_seven	bullet	20.00	60.00	14.28	20.96	18.84	26.49	7.17
1350969	damage	bot-1646	alpha	bot-1627	bravo	five_seven	bullet	20.00	49.22	18.89	26.49	16.09	26.06	2.84
1351014	damage	bot-1616	alpha	bot-1619	bravo	cz_805_bren	bullet	24.00	48.30	9.46	-3.71	17.25	9.75	15.55
1351059	damage	bot-1627	bravo	bot-1646	alpha	five_seven	bullet	20.00	40.00	16.05	26.02	19.01	26.50	3.00
1351059	damage	bot-1637	bravo	bot-1646	alpha	five_seven	bullet	20.00	20.00	13.73	20.37	19.01	26.50	8.09
1351148	damage	bot-1646	alpha	bot-1627	bravo	five_seven	bullet	20.00	29.22	19.10	26.53	15.91	25.88	3.26
1351232	kill	bot-1627	bravo	bot-1646	alpha	five_seven	bullet	20.00	0.00	15.87	25.83	19.21	26.53	3.41
1351232	damage	bot-1645	bravo	bot-1606	alpha	five_seven	bullet	20.00	80.00	-24.89	26.22	-7.76	-12.93	42.73
1351397	damage	bot-1645	bravo	bot-1606	alpha	five_seven	bullet	20.00	60.00	-24.89	26.21	-7.76	-12.91	42.71
1351565	damage	bot-1645	bravo	bot-1606	alpha	five_seven	bullet	20.00	40.00	-24.89	26.20	-7.69	-13.17	42.96
1352270	damage	bot-1629	bravo	bot-1614	alpha	cz_805_bren	bullet	24.00	48.70	-7.58	22.73	-0.99	-10.55	33.93
1352387	damage	bot-1629	bravo	bot-1614	alpha	cz_805_bren	bullet	24.00	24.70	-7.58	22.73	-1.08	-10.68	34.04
1352498	damage	bot-1629	bravo	bot-1614	alpha	cz_805_bren	bullet	24.00	0.70	-7.58	22.73	-1.17	-10.80	34.14
1353113	damage	bot-1583	alpha	bot-1629	bravo	cz_805_bren	bullet	24.00	51.89	-2.47	-7.52	-7.68	22.94	30.90
1353242	kill	bot-1648	alpha	bot-1629	bravo	m24	bullet	95.00	0.00	1.12	-6.36	-7.92	23.11	30.83
1354260	damage	bot-1478	alpha	bot-1627	bravo	cz_805_bren	bullet	24.00	27.03	1.68	-4.91	20.50	26.63	36.73
1354822	damage	bot-1583	alpha	bot-1615	bravo	cz_805_bren	bullet	24.00	30.98	-2.90	-5.25	26.34	25.67	42.56
1354941	damage	bot-1583	alpha	bot-1615	bravo	cz_805_bren	bullet	24.00	8.78	-2.88	-5.25	26.35	25.68	42.56
1355054	kill	bot-1583	alpha	bot-1615	bravo	cz_805_bren	bullet	24.00	0.00	-2.86	-5.25	26.35	25.69	42.55
1355108	kill	bot-1478	alpha	bot-1627	bravo	cz_805_bren	bullet	24.00	0.00	1.72	-4.59	22.87	26.74	37.80
1355492	damage	bot-1478	alpha	bot-1637	bravo	cz_805_bren	bullet	24.00	17.00	1.72	-4.59	19.42	25.44	34.86
1355637	kill	bot-1478	alpha	bot-1637	bravo	cz_805_bren	bullet	24.00	0.00	1.72	-4.59	19.42	25.44	34.86
1356955	damage	bot-1478	alpha	bot-1651	bravo	cz_805_bren	bullet	24.00	76.00	0.95	-3.68	-6.09	23.34	27.92
1357108	damage	bot-1478	alpha	bot-1651	bravo	cz_805_bren	bullet	24.00	52.00	0.93	-3.68	-5.85	23.08	27.61
1357337	damage	bot-1478	alpha	bot-1651	bravo	cz_805_bren	bullet	24.00	28.00	0.90	-3.68	-6.11	23.24	27.82
1357749	damage	bot-1583	alpha	bot-1647	bravo	cz_805_bren	bullet	24.00	43.51	-0.82	-3.56	-7.25	22.25	26.60
1357901	damage	bot-1583	alpha	bot-1647	bravo	cz_805_bren	bullet	24.00	19.51	-0.82	-3.59	-7.60	22.64	27.09
1358038	kill	bot-1583	alpha	bot-1647	bravo	cz_805_bren	bullet	24.00	0.00	-0.82	-3.61	-7.92	23.01	27.55
1359069	damage	bot-1626	alpha	bot-1649	bravo	five_seven	bullet	20.00	80.00	-3.56	-17.09	-16.23	17.96	37.27
1359213	damage	bot-1626	alpha	bot-1649	bravo	five_seven	bullet	20.00	60.00	-3.56	-17.09	-16.23	17.96	37.27
1359260	damage	bot-1592	alpha	bot-1653	bravo	cz_805_bren	bullet	24.00	76.00	-15.23	5.81	7.49	-3.47	24.54
1359360	damage	bot-1626	alpha	bot-1649	bravo	five_seven	bullet	20.00	40.00	-3.58	-17.11	-16.45	17.94	37.34
1359427	damage	bot-1592	alpha	bot-1653	bravo	cz_805_bren	bullet	24.00	52.00	-15.22	5.79	8.22	-3.98	25.40
1359561	damage	bot-1592	alpha	bot-1653	bravo	cz_805_bren	bullet	24.00	28.00	-15.22	5.79	8.77	-4.38	26.06
1359640	damage	bot-1653	bravo	bot-1650	alpha	five_seven	bullet	20.00	80.00	9.06	-4.58	9.05	2.94	7.52
1359711	damage	bot-1592	alpha	bot-1653	bravo	cz_805_bren	bullet	24.00	4.00	-15.22	5.79	9.35	-4.78	26.75
1360487	damage	bot-1652	alpha	bot-1649	bravo	cz_805_bren	bullet	24.00	16.00	-19.17	13.52	-19.26	18.39	4.87
1360636	kill	bot-1652	alpha	bot-1649	bravo	cz_805_bren	bullet	24.00	0.00	-19.18	13.30	-19.71	19.35	6.07
1361186	damage	bot-1655	bravo	bot-1634	alpha	five_seven	bullet	20.00	80.00	-11.75	-21.25	6.01	-19.21	17.88
1361330	damage	bot-1655	bravo	bot-1634	alpha	five_seven	bullet	20.00	60.00	-11.75	-21.25	6.01	-19.04	17.90
1361471	damage	bot-1655	bravo	bot-1634	alpha	five_seven	bullet	20.00	40.00	-11.75	-21.25	5.89	-18.85	17.80
1361613	damage	bot-1655	bravo	bot-1634	alpha	five_seven	bullet	20.00	20.00	-11.75	-21.25	5.78	-18.64	17.72
1361805	kill	bot-1655	bravo	bot-1634	alpha	five_seven	bullet	20.00	0.00	-11.75	-21.25	5.62	-18.36	17.61
1362006	damage	bot-1655	bravo	bot-1626	alpha	five_seven	bullet	20.00	80.00	-11.75	-21.25	-3.64	-18.22	8.66
1362170	damage	bot-1655	bravo	bot-1626	alpha	five_seven	bullet	20.00	60.00	-11.75	-21.25	-3.47	-17.98	8.90
1362326	damage	bot-1655	bravo	bot-1626	alpha	five_seven	bullet	20.00	40.00	-11.75	-21.25	-2.82	-17.33	9.76
1363381	damage	bot-1656	alpha	bot-1657	bravo	m1911	bullet	33.00	67.00	-19.75	-20.75	-13.20	-22.29	6.73
1363381	damage	bot-1657	bravo	bot-1614	alpha	cz_805_bren	bullet	24.00	71.51	-13.20	-22.29	-8.65	-19.86	5.16
1363513	damage	bot-1657	bravo	bot-1614	alpha	cz_805_bren	bullet	24.00	47.51	-13.75	-22.40	-8.51	-19.70	5.90
1363639	damage	bot-1657	bravo	bot-1614	alpha	cz_805_bren	bullet	24.00	23.51	-14.50	-22.80	-8.35	-19.55	6.96
1363732	damage	bot-1655	bravo	bot-1614	alpha	five_seven	bullet	20.00	3.51	-11.23	-21.44	-8.25	-19.44	3.59
1363789	damage	bot-1614	alpha	bot-1655	bravo	cz_805_bren	bullet	24.00	76.00	-8.25	-19.44	-11.23	-21.44	3.59
1363887	kill	bot-1655	bravo	bot-1614	alpha	five_seven	bullet	20.00	0.00	-11.23	-21.42	-8.08	-19.25	3.83
1365907	damage	bot-1633	bravo	bot-1650	alpha	cz_805_bren	bullet	24.00	55.03	17.25	6.06	12.00	13.56	9.16
1366065	damage	bot-1633	bravo	bot-1650	alpha	cz_805_bren	bullet	24.00	31.03	17.25	6.06	11.38	14.46	10.26
1366288	damage	bot-1633	bravo	bot-1650	alpha	cz_805_bren	bullet	24.00	7.03	17.25	6.06	10.56	15.63	11.68
1366607	damage	bot-1626	alpha	bot-1655	bravo	five_seven	bullet	20.00	42.15	1.62	-12.83	-10.25	-21.25	14.56
1366774	damage	bot-1626	alpha	bot-1655	bravo	five_seven	bullet	20.00	22.15	1.62	-12.83	-10.46	-21.35	14.79
1366774	damage	bot-1656	alpha	bot-1659	bravo	m1911	bullet	33.00	67.00	-22.77	-15.91	-11.42	-18.18	11.58
1366942	damage	bot-1626	alpha	bot-1655	bravo	five_seven	bullet	20.00	2.15	1.62	-12.83	-10.69	-21.42	15.02
1367023	damage	bot-1659	bravo	bot-1616	alpha	cz_805_bren	bullet	24.00	67.18	-11.38	-18.19	3.11	5.81	28.04
1367099	kill	bot-1626	alpha	bot-1655	bravo	five_seven	bullet	20.00	0.00	1.62	-12.83	-10.83	-21.50	15.17
1367168	damage	bot-1659	bravo	bot-1616	alpha	cz_805_bren	bullet	24.00	43.18	-11.36	-18.19	3.23	5.64	27.95
1367464	damage	bot-1626	alpha	bot-1661	bravo	five_seven	bullet	20.00	80.00	1.62	-12.83	-12.59	-24.07	18.12
1367675	damage	bot-1661	bravo	bot-1626	alpha	five_seven	bullet	20.00	52.87	-12.66	-23.95	1.62	-12.83	18.10
1367996	damage	bot-1608	alpha	bot-1659	bravo	cz_805_bren	bullet	24.00	43.00	-2.99	-2.68	-11.30	-17.93	17.38
1368456	damage	bot-1660	alpha	bot-1659	bravo	cz_805_bren	bullet	24.00	19.00	-21.49	-14.94	-11.70	-18.50	10.42
1368609	kill	bot-1660	alpha	bot-1659	bravo	cz_805_bren	bullet	24.00	0.00	-21.46	-15.01	-11.94	-18.52	10.15
1368865	damage	bot-1656	alpha	bot-1657	bravo	m1911	bullet	33.00	4.69	-22.78	-14.90	-17.92	-22.01	8.61
1369129	kill	bot-1660	alpha	bot-1657	bravo	cz_805_bren	bullet	24.00	0.00	-21.36	-15.35	-18.28	-22.37	7.67
1369484	kill	bot-1663	bravo	bot-1650	alpha	five_seven	bullet	20.00	0.00	15.69	25.09	2.77	23.74	12.99
1371311	damage	bot-1618	alpha	bot-1664	bravo	five_seven	bullet	20.00	80.00	3.22	4.68	14.75	3.25	11.61
1371372	kill	bot-1620	alpha	bot-1664	bravo	m24	bullet	95.00	0.00	-8.32	-4.18	14.75	3.25	24.24
1371682	damage	bot-1636	alpha	bot-1663	bravo	cz_805_bren	bullet	24.00	76.00	5.63	-5.41	15.71	16.83	24.42
1372692	kill	bot-1636	alpha	bot-1619	bravo	cz_805_bren	bullet	24.00	0.00	5.59	-5.35	16.89	8.96	18.23
1372804	damage	bot-1624	alpha	bot-1663	bravo	cz_805_bren	bullet	24.00	52.00	13.12	-0.51	15.69	16.85	17.55
1372954	damage	bot-1624	alpha	bot-1663	bravo	cz_805_bren	bullet	24.00	28.00	13.12	-0.52	15.85	17.02	17.75
1373297	kill	bot-1665	alpha	bot-1663	bravo	m24	bullet	95.00	0.00	-11.84	-18.22	16.28	17.50	45.46
1374101	damage	bot-1660	alpha	bot-1661	bravo	cz_805_bren	bullet	24.00	48.39	-20.12	-20.70	-12.08	-22.43	8.22
1375397	damage	bot-1667	bravo	bot-1478	alpha	five_seven	bullet	20.00	52.35	-25.19	7.34	-15.91	12.01	10.38
1375447	damage	bot-1478	alpha	bot-1667	bravo	cz_805_bren	bullet	24.00	76.00	-15.91	12.01	-25.19	7.34	10.38
1375447	damage	bot-1661	bravo	bot-1608	alpha	five_seven	bullet	20.00	52.54	-9.52	-22.48	-6.76	-12.13	10.71
1375559	damage	bot-1478	alpha	bot-1667	bravo	cz_805_bren	bullet	24.00	52.00	-15.74	11.96	-25.19	7.34	10.52
1375559	damage	bot-1667	bravo	bot-1478	alpha	five_seven	bullet	20.00	32.35	-25.19	7.34	-15.66	11.93	10.58
1375627	damage	bot-1661	bravo	bot-1608	alpha	five_seven	bullet	20.00	32.54	-9.33	-22.64	-7.14	-12.81	10.07
1376092	damage	bot-1626	alpha	bot-1661	bravo	five_seven	bullet	20.00	28.39	-7.74	-0.90	-7.81	-23.95	23.05
1376195	damage	bot-1558	alpha	bot-1661	bravo	cz_805_bren	bullet	24.00	4.39	-8.82	11.38	-7.34	-24.37	35.78
1376303	kill	bot-1608	alpha	bot-1661	bravo	cz_805_bren	bullet	24.00	0.00	-9.18	-8.88	-6.77	-24.64	15.94
1377520	damage	bot-1668	bravo	bot-1583	alpha	m1911	bullet	33.00	64.04	-8.87	0.53	-11.78	4.25	4.72
1377739	damage	bot-1616	alpha	bot-1668	bravo	cz_805_bren	bullet	24.00	76.00	-0.86	4.14	-8.63	0.17	8.73
1377887	damage	bot-1624	alpha	bot-1668	bravo	cz_805_bren	bullet	24.00	52.00	18.38	-2.59	-8.28	-0.11	26.78
1377887	damage	bot-1668	bravo	bot-1583	alpha	m1911	bullet	33.00	31.04	-8.28	-0.11	-11.75	4.25	5.57
1378158	damage	bot-1624	alpha	bot-1668	bravo	cz_805_bren	bullet	24.00	28.00	18.38	-2.59	-9.84	1.08	28.46
1378459	damage	bot-1642	alpha	bot-1668	bravo	cz_805_bren	bullet	24.00	4.00	-13.86	-7.78	-11.40	2.44	10.52
1378647	kill	bot-1652	alpha	bot-1668	bravo	cz_805_bren	bullet	24.00	0.00	-7.41	2.11	-11.74	2.36	4.34
1381577	damage	bot-1670	bravo	bot-1478	alpha	cz_805_bren	bullet	24.00	48.47	-11.11	16.44	-15.92	14.26	5.29
1381727	damage	bot-1670	bravo	bot-1478	alpha	cz_805_bren	bullet	24.00	24.47	-10.39	17.09	-15.69	14.27	6.01
1383163	damage	bot-1558	alpha	bot-1670	bravo	cz_805_bren	bullet	24.00	76.00	-14.75	12.25	-12.32	18.09	6.33
1383955	damage	bot-1608	alpha	bot-1671	bravo	cz_805_bren	bullet	24.00	76.00	-2.71	-10.44	-26.36	13.00	33.30
1384006	damage	bot-1660	alpha	bot-1671	bravo	cz_805_bren	bullet	24.00	52.00	-19.56	-22.53	-26.34	12.93	36.10
1384155	damage	bot-1660	alpha	bot-1671	bravo	cz_805_bren	bullet	24.00	28.00	-19.56	-22.53	-26.16	13.10	36.23
1384296	damage	bot-1660	alpha	bot-1671	bravo	cz_805_bren	bullet	24.00	4.00	-19.56	-22.53	-25.98	13.26	36.36
1384422	kill	bot-1660	alpha	bot-1671	bravo	cz_805_bren	bullet	24.00	0.00	-19.56	-22.53	-25.86	13.37	36.45
1385132	damage	bot-1670	bravo	bot-1642	alpha	cz_805_bren	bullet	24.00	48.02	-16.19	17.22	-8.57	0.03	18.80
1385266	damage	bot-1670	bravo	bot-1642	alpha	cz_805_bren	bullet	24.00	24.02	-16.18	17.22	-8.32	-0.23	19.14
1385401	damage	bot-1670	bravo	bot-1642	alpha	cz_805_bren	bullet	24.00	0.02	-16.18	17.22	-7.93	-0.62	19.66
1386575	damage	bot-1624	alpha	bot-1672	bravo	cz_805_bren	bullet	24.00	76.00	9.66	-5.85	9.18	20.64	26.49
1386707	damage	bot-1624	alpha	bot-1672	bravo	cz_805_bren	bullet	24.00	52.00	9.74	-5.90	9.05	20.51	26.42
1386847	damage	bot-1618	alpha	bot-1672	bravo	five_seven	bullet	20.00	32.00	8.47	1.85	8.91	20.69	18.85
1386847	damage	bot-1624	alpha	bot-1672	bravo	cz_805_bren	bullet	24.00	8.00	9.73	-5.87	8.91	20.69	26.58
1386992	kill	bot-1624	alpha	bot-1672	bravo	cz_805_bren	bullet	24.00	0.00	9.73	-5.86	8.79	20.87	26.75
1388633	damage	bot-1660	alpha	bot-1666	bravo	cz_805_bren	bullet	24.00	69.45	-22.63	-16.06	-24.50	11.63	27.76
1388774	damage	bot-1660	alpha	bot-1666	bravo	cz_805_bren	bullet	24.00	45.45	-22.63	-16.06	-24.69	11.13	27.27
1390269	damage	bot-1608	alpha	bot-1673	bravo	cz_805_bren	bullet	24.00	76.00	-4.45	-4.76	-7.25	22.25	27.15
1390435	damage	bot-1662	alpha	bot-1666	bravo	five_seven	bullet	20.00	25.45	-24.03	-12.55	-21.82	16.23	28.86
1390624	damage	bot-1662	alpha	bot-1666	bravo	five_seven	bullet	20.00	5.45	-24.03	-12.55	-22.02	16.87	29.49
1390788	kill	bot-1662	alpha	bot-1666	bravo	five_seven	bullet	20.00	0.00	-24.03	-12.55	-22.09	18.09	30.70
1392905	damage	bot-1624	alpha	bot-1675	bravo	cz_805_bren	bullet	24.00	20.47	8.54	-4.62	10.85	26.48	31.19
1395863	damage	bot-1680	bravo	bot-1618	alpha	cz_805_bren	bullet	24.00	42.63	9.70	-13.80	12.16	-8.35	5.98
1396037	damage	bot-1680	bravo	bot-1618	alpha	cz_805_bren	bullet	24.00	21.33	9.47	-14.03	12.16	-8.35	6.28
1396619	damage	bot-1618	alpha	bot-1680	bravo	five_seven	bullet	20.00	80.00	13.80	-11.43	10.01	-11.86	3.82
1396753	kill	bot-1640	alpha	bot-1673	bravo	m24	bullet	95.00	0.00	4.64	-7.71	-6.09	22.96	32.50
1397016	damage	bot-1618	alpha	bot-1680	bravo	five_seven	bullet	20.00	60.00	14.70	-12.52	9.37	-12.79	5.33
1397580	kill	bot-1680	bravo	bot-1618	alpha	cz_805_bren	bullet	24.00	0.00	8.58	-16.66	14.75	-8.52	10.21
1398484	damage	bot-1660	alpha	bot-1669	bravo	cz_805_bren	bullet	24.00	76.00	-19.56	-0.95	19.31	7.59	39.80
1398549	damage	bot-1679	alpha	bot-1669	bravo	five_seven	bullet	20.00	56.00	-20.63	-2.91	19.31	7.59	41.30
1398702	damage	bot-1679	alpha	bot-1669	bravo	five_seven	bullet	20.00	36.00	-20.63	-2.91	19.26	7.84	41.31
1398853	kill	bot-1665	alpha	bot-1669	bravo	m24	bullet	95.00	0.00	-26.57	-5.72	19.22	8.00	47.80
1399174	damage	bot-1682	bravo	bot-1636	alpha	cz_805_bren	bullet	24.00	72.04	13.75	-15.57	11.05	-5.94	10.00
1399316	damage	bot-1682	bravo	bot-1636	alpha	cz_805_bren	bullet	24.00	48.04	13.76	-15.55	11.17	-5.97	9.92
1399537	damage	bot-1636	alpha	bot-1682	bravo	cz_805_bren	bullet	24.00	76.00	11.22	-5.74	13.78	-15.53	10.12
1399804	damage	bot-1636	alpha	bot-1682	bravo	cz_805_bren	bullet	24.00	52.00	11.53	-4.56	13.72	-15.46	11.11
1400090	damage	bot-1636	alpha	bot-1680	bravo	cz_805_bren	bullet	24.00	48.55	12.02	-2.66	8.66	-15.37	13.15
1401318	damage	bot-1592	alpha	bot-1678	bravo	cz_805_bren	bullet	24.00	73.87	-17.68	5.67	19.30	7.28	37.01
1401963	damage	bot-1680	bravo	bot-1608	alpha	cz_805_bren	bullet	24.00	70.76	9.72	-16.10	10.74	-6.98	9.17
1402104	damage	bot-1680	bravo	bot-1608	alpha	cz_805_bren	bullet	24.00	46.76	9.53	-16.22	10.75	-5.93	10.36
1402242	damage	bot-1592	alpha	bot-1678	bravo	cz_805_bren	bullet	24.00	49.87	-17.74	5.53	19.31	7.15	37.08
1403083	damage	bot-1686	bravo	bot-1626	alpha	m1911	bullet	33.00	25.36	12.42	-8.19	10.24	-4.11	4.63
1403789	damage	bot-1592	alpha	bot-1688	bravo	cz_805_bren	bullet	24.00	76.00	-17.60	5.50	5.25	-12.67	29.20
1403938	damage	bot-1592	alpha	bot-1688	bravo	cz_805_bren	bullet	24.00	52.00	-17.60	5.50	5.30	-11.66	28.62
1404086	damage	bot-1592	alpha	bot-1688	bravo	cz_805_bren	bullet	24.00	28.00	-17.60	5.50	5.40	-12.68	29.32
1404361	damage	bot-1592	alpha	bot-1688	bravo	cz_805_bren	bullet	24.00	4.00	-17.60	5.50	5.56	-14.68	30.73
1404731	kill	bot-1558	alpha	bot-1688	bravo	cz_805_bren	bullet	24.00	0.00	-11.09	11.27	5.73	-16.90	32.81
1405789	damage	bot-1676	bravo	bot-1690	alpha	five_seven	bullet	20.00	80.00	16.49	14.61	-4.24	-10.24	32.36
1405979	damage	bot-1558	alpha	bot-1682	bravo	cz_805_bren	bullet	24.00	48.28	-11.15	11.07	11.55	-7.30	29.21
1405979	damage	bot-1676	bravo	bot-1690	alpha	five_seven	bullet	20.00	60.00	16.49	14.61	-4.24	-10.24	32.36
1405979	damage	bot-1690	alpha	bot-1676	bravo	m24	bullet	95.00	5.00	-4.24	-10.24	16.49	14.61	32.36
1406131	damage	bot-1558	alpha	bot-1682	bravo	cz_805_bren	bullet	24.00	24.28	-11.15	11.09	11.63	-7.44	29.36
1406221	damage	bot-1682	bravo	bot-1558	alpha	cz_805_bren	bullet	24.00	54.95	11.68	-7.51	-11.15	11.11	29.46
1406298	damage	bot-1558	alpha	bot-1682	bravo	cz_805_bren	bullet	24.00	0.28	-11.15	11.11	11.72	-7.58	29.53
1406368	damage	bot-1682	bravo	bot-1558	alpha	cz_805_bren	bullet	24.00	30.95	11.76	-7.66	-11.31	11.15	29.77
1406847	damage	bot-1558	alpha	bot-1686	bravo	cz_805_bren	bullet	24.00	49.05	-11.86	11.25	13.10	-8.26	31.67
1407112	damage	bot-1558	alpha	bot-1686	bravo	cz_805_bren	bullet	24.00	25.05	-12.29	11.30	13.35	-8.58	32.44
1407163	damage	bot-1632	alpha	bot-1680	bravo	m1911	bullet	33.00	60.01	20.30	2.04	10.70	-7.89	13.81
1407506	damage	bot-1632	alpha	bot-1680	bravo	m1911	bullet	33.00	29.06	20.30	2.04	10.29	-8.03	14.21
1407740	damage	bot-1662	alpha	bot-1691	bravo	five_seven	bullet	20.00	80.00	-24.17	3.95	-19.90	12.04	9.15
1407935	damage	bot-1662	alpha	bot-1691	bravo	five_seven	bullet	20.00	60.00	-24.17	3.95	-19.75	11.94	9.13
1407989	kill	bot-1692	alpha	bot-1682	bravo	cz_805_bren	bullet	24.00	0.00	8.92	-17.55	14.41	-11.16	8.42
1408130	damage	bot-1662	alpha	bot-1691	bravo	five_seven	bullet	20.00	40.00	-24.17	3.95	-19.53	11.81	9.13
1408130	damage	bot-1689	bravo	bot-1606	alpha	cz_805_bren	bullet	24.00	48.85	11.18	11.08	-11.37	-17.65	36.53
1408271	damage	bot-1662	alpha	bot-1691	bravo	five_seven	bullet	20.00	20.00	-24.16	3.93	-19.29	11.83	9.28
1408271	damage	bot-1689	bravo	bot-1606	alpha	cz_805_bren	bullet	24.00	24.85	11.18	11.08	-11.42	-17.81	36.68
1408342	damage	bot-1692	alpha	bot-1680	bravo	cz_805_bren	bullet	24.00	12.42	8.91	-17.54	8.31	-12.12	5.45
1408404	kill	bot-1677	alpha	bot-1691	bravo	cz_805_bren	bullet	24.00	0.00	-19.28	16.87	-19.02	12.02	4.87
1408404	damage	bot-1689	bravo	bot-1606	alpha	cz_805_bren	bullet	24.00	0.85	11.18	11.08	-11.48	-17.96	36.84
1408460	kill	bot-1692	alpha	bot-1680	bravo	cz_805_bren	bullet	24.00	0.00	8.91	-17.54	8.31	-12.12	5.45
1408918	damage	bot-1692	alpha	bot-1686	bravo	cz_805_bren	bullet	24.00	2.97	8.91	-17.54	14.66	-12.01	7.98
1409063	kill	bot-1692	alpha	bot-1686	bravo	cz_805_bren	bullet	24.00	0.00	8.90	-17.53	14.69	-12.16	7.90
1409308	damage	bot-1692	alpha	bot-1684	bravo	cz_805_bren	bullet	24.00	76.00	8.90	-17.53	14.35	-11.34	8.24
1409435	damage	bot-1692	alpha	bot-1684	bravo	cz_805_bren	bullet	24.00	52.00	8.90	-17.53	14.34	-11.33	8.25
1409548	damage	bot-1692	alpha	bot-1684	bravo	cz_805_bren	bullet	24.00	28.00	8.90	-17.53	14.25	-11.20	8.29
1409692	damage	bot-1692	alpha	bot-1684	bravo	cz_805_bren	bullet	24.00	4.00	8.90	-17.53	14.25	-10.98	8.46
1409847	kill	bot-1692	alpha	bot-1684	bravo	cz_805_bren	bullet	24.00	0.00	8.88	-17.52	14.31	-10.74	8.69
1411555	damage	bot-1689	bravo	bot-1690	alpha	cz_805_bren	bullet	24.00	48.55	10.66	9.54	-8.75	-15.18	31.43
1411555	damage	bot-1693	bravo	bot-1654	alpha	five_seven	bullet	20.00	39.22	-14.52	23.80	-23.59	21.07	9.46
1411700	damage	bot-1689	bravo	bot-1690	alpha	cz_805_bren	bullet	24.00	24.55	10.68	9.54	-9.40	-15.71	32.26
1411700	damage	bot-1693	bravo	bot-1654	alpha	five_seven	bullet	20.00	19.22	-14.52	23.80	-23.59	21.07	9.46
1411850	kill	bot-1693	bravo	bot-1654	alpha	five_seven	bullet	20.00	0.00	-14.52	23.80	-23.59	21.07	9.46
1412062	damage	bot-1689	bravo	bot-1690	alpha	cz_805_bren	bullet	24.00	0.55	10.68	9.54	-11.12	-16.87	34.24
1412108	damage	bot-1694	alpha	bot-1695	bravo	cz_805_bren	bullet	24.00	76.00	-19.06	22.14	-18.98	23.84	1.70
1412249	kill	bot-1689	bravo	bot-1690	alpha	cz_805_bren	bullet	24.00	0.00	10.68	9.54	-11.53	-18.04	35.41
1412249	damage	bot-1694	alpha	bot-1695	bravo	cz_805_bren	bullet	24.00	52.00	-19.20	21.98	-18.98	23.84	1.87
1412498	damage	bot-1693	bravo	bot-1694	alpha	five_seven	bullet	20.00	80.00	-16.32	23.07	-20.09	21.02	4.30
1412640	damage	bot-1687	alpha	bot-1689	bravo	five_seven	bullet	20.00	80.00	14.05	0.78	10.68	9.54	9.38
1412640	damage	bot-1693	bravo	bot-1694	alpha	five_seven	bullet	20.00	60.00	-16.32	23.07	-20.75	20.31	5.22
1412777	damage	bot-1694	alpha	bot-1695	bravo	cz_805_bren	bullet	24.00	28.00	-21.44	19.62	-18.14	23.65	5.21
1413352	damage	bot-1694	alpha	bot-1693	bravo	cz_805_bren	bullet	24.00	76.00	-23.67	17.38	-18.73	22.40	7.04
1413560	damage	bot-1693	bravo	bot-1694	alpha	five_seven	bullet	20.00	43.30	-18.50	22.58	-24.71	16.16	8.93
1413657	damage	bot-1694	alpha	bot-1693	bravo	cz_805_bren	bullet	24.00	52.00	-24.69	16.10	-19.07	22.33	8.39
1413779	kill	bot-1656	alpha	bot-1633	bravo	m24	bullet	95.00	0.00	-19.60	-6.47	15.98	7.81	38.34
1413779	damage	bot-1694	alpha	bot-1693	bravo	cz_805_bren	bullet	24.00	28.00	-24.98	15.41	-18.46	22.64	9.73
1413890	damage	bot-1693	bravo	bot-1696	alpha	five_seven	bullet	20.00	80.00	-18.14	22.80	-23.11	17.58	7.21
1414114	damage	bot-1693	bravo	bot-1696	alpha	five_seven	bullet	20.00	60.00	-16.86	23.44	-23.43	17.39	8.93
1414774	damage	bot-1689	bravo	bot-1632	alpha	cz_805_bren	bullet	24.00	41.12	12.26	11.57	13.72	2.43	9.26
1414915	damage	bot-1689	bravo	bot-1632	alpha	cz_805_bren	bullet	24.00	17.12	12.22	11.59	13.89	3.08	8.67
1415207	damage	bot-1676	bravo	bot-1685	alpha	five_seven	bullet	20.00	52.88	21.18	17.82	0.00	1.34	26.83
1415772	damage	bot-1652	alpha	bot-1699	bravo	cz_805_bren	bullet	24.00	76.00	-14.55	-3.13	2.24	-2.23	16.82
1415772	damage	bot-1660	alpha	bot-1699	bravo	cz_805_bren	bullet	24.00	52.00	-15.97	-3.81	2.24	-2.23	18.27
1415926	damage	bot-1592	alpha	bot-1699	bravo	cz_805_bren	bullet	24.00	28.00	-7.30	6.51	1.83	-1.78	12.33
1415926	damage	bot-1660	alpha	bot-1699	bravo	cz_805_bren	bullet	24.00	4.00	-15.97	-3.81	1.83	-1.78	17.91
1416835	damage	bot-1696	alpha	bot-1697	bravo	five_seven	bullet	20.00	80.00	-19.54	11.59	-19.08	18.35	6.77
1416990	damage	bot-1696	alpha	bot-1697	bravo	five_seven	bullet	20.00	60.00	-19.34	11.11	-19.12	18.99	7.89
1417037	damage	bot-1697	bravo	bot-1558	alpha	cz_805_bren	bullet	24.00	48.73	-19.11	18.65	-19.03	13.52	5.14
1417250	damage	bot-1697	bravo	bot-1558	alpha	cz_805_bren	bullet	24.00	24.73	-18.30	17.96	-18.96	12.28	5.71
1417749	damage	bot-1652	alpha	bot-1701	bravo	cz_805_bren	bullet	24.00	76.00	-14.62	-1.07	-14.70	15.49	16.57
1418185	damage	bot-1701	bravo	bot-1700	alpha	five_seven	bullet	20.00	34.53	-16.19	14.30	-9.83	20.18	8.66
1418251	damage	bot-1677	alpha	bot-1695	bravo	cz_805_bren	bullet	24.00	11.60	-18.80	22.68	-12.90	23.52	5.96
1418373	kill	bot-1677	alpha	bot-1695	bravo	cz_805_bren	bullet	24.00	0.00	-18.31	23.18	-12.32	23.97	6.04
1418441	damage	bot-1700	alpha	bot-1701	bravo	cz_805_bren	bullet	24.00	52.00	-9.46	20.23	-15.42	13.99	8.63
1418572	damage	bot-1700	alpha	bot-1701	bravo	cz_805_bren	bullet	24.00	28.00	-9.45	20.23	-15.37	13.31	9.10
1418656	damage	bot-1701	bravo	bot-1700	alpha	five_seven	bullet	20.00	14.53	-15.34	12.96	-9.43	20.23	9.37
1418721	damage	bot-1700	alpha	bot-1701	bravo	cz_805_bren	bullet	24.00	4.00	-9.43	20.23	-15.31	12.61	9.63
1418964	damage	bot-1676	bravo	bot-1606	alpha	five_seven	bullet	20.00	52.43	17.60	15.76	-11.36	-17.01	43.74
1419019	kill	bot-1701	bravo	bot-1700	alpha	five_seven	bullet	20.00	0.00	-16.23	11.48	-9.37	20.23	11.11
1419126	damage	bot-1676	bravo	bot-1606	alpha	five_seven	bullet	20.00	32.43	17.62	15.76	-11.35	-17.27	43.93
1419126	damage	bot-1677	alpha	bot-1676	bravo	cz_805_bren	bullet	24.00	48.87	-14.93	25.55	17.63	15.76	34.00
1419126	kill	bot-1685	alpha	bot-1701	bravo	cz_805_bren	bullet	24.00	0.00	-4.90	-0.21	-16.90	11.46	16.73
1419639	damage	bot-1676	bravo	bot-1620	alpha	five_seven	bullet	20.00	52.40	17.01	15.36	8.95	7.15	11.51
1419686	damage	bot-1677	alpha	bot-1676	bravo	cz_805_bren	bullet	24.00	24.87	-13.41	26.61	16.87	15.28	32.33
1419801	damage	bot-1676	bravo	bot-1620	alpha	five_seven	bullet	20.00	32.40	16.80	15.23	8.81	6.97	11.49
1419801	damage	bot-1677	alpha	bot-1676	bravo	cz_805_bren	bullet	24.00	0.87	-13.41	26.61	16.74	15.18	32.24
1419949	damage	bot-1620	alpha	bot-1689	bravo	m1911	bullet	33.00	47.00	8.69	6.90	11.67	12.92	6.72
1419949	damage	bot-1676	bravo	bot-1620	alpha	five_seven	bullet	20.00	12.40	16.61	15.09	8.62	6.86	11.47
1420139	kill	bot-1676	bravo	bot-1620	alpha	five_seven	bullet	20.00	0.00	16.40	14.94	8.17	6.63	11.70
1420241	kill	bot-1703	alpha	bot-1676	bravo	cz_805_bren	bullet	24.00	0.00	-7.24	-10.25	15.75	14.48	33.76
1420348	damage	bot-1689	bravo	bot-1692	alpha	cz_805_bren	bullet	24.00	24.34	11.80	13.10	9.48	-17.60	30.78
1420623	damage	bot-1689	bravo	bot-1692	alpha	cz_805_bren	bullet	24.00	3.84	11.80	13.10	9.48	-17.60	30.78
1423041	damage	bot-1704	bravo	bot-1705	alpha	cz_805_bren	bullet	24.00	76.00	9.32	8.94	-11.55	-18.16	34.20
1423188	damage	bot-1704	bravo	bot-1705	alpha	cz_805_bren	bullet	24.00	52.00	9.32	8.94	-11.46	-17.59	33.70
1423929	damage	bot-1681	alpha	bot-1706	bravo	m24	bullet	95.00	5.00	-6.21	-6.44	19.59	0.15	26.62
1424358	damage	bot-1706	bravo	bot-1685	alpha	five_seven	bullet	20.00	52.38	19.86	0.37	-1.15	0.58	21.01
1424358	kill	bot-1707	alpha	bot-1689	bravo	m24	bullet	95.00	0.00	-6.75	-17.25	11.87	12.46	35.06
1424537	damage	bot-1706	bravo	bot-1685	alpha	five_seven	bullet	20.00	32.38	19.97	0.47	-1.35	0.71	21.33
1424648	kill	bot-1685	alpha	bot-1706	bravo	cz_805_bren	bullet	24.00	0.00	-1.44	0.72	20.00	0.53	21.44
1424976	damage	bot-1685	alpha	bot-1704	bravo	cz_805_bren	bullet	24.00	76.00	-1.53	0.74	9.27	8.04	13.03
1425950	damage	bot-1703	alpha	bot-1704	bravo	cz_805_bren	bullet	24.00	52.00	-9.87	-15.75	10.48	9.33	32.30
1426095	damage	bot-1703	alpha	bot-1704	bravo	cz_805_bren	bullet	24.00	28.00	-9.85	-15.75	10.56	9.93	32.81
1426765	damage	bot-1687	alpha	bot-1704	bravo	five_seven	bullet	20.00	8.00	14.48	-0.23	9.28	13.65	14.82
1426966	kill	bot-1687	alpha	bot-1704	bravo	five_seven	bullet	20.00	0.00	14.48	-0.23	9.28	13.65	14.82
1427026	damage	bot-1648	alpha	bot-1708	bravo	m1911	bullet	33.00	67.00	15.71	0.20	0.12	6.61	16.86
1427261	damage	bot-1665	alpha	bot-1708	bravo	five_seven	bullet	20.00	47.00	-11.64	9.88	0.19	6.66	12.26
1427445	damage	bot-1665	alpha	bot-1708	bravo	five_seven	bullet	20.00	27.00	-11.63	9.88	1.25	6.68	13.27
1427508	damage	bot-1678	bravo	bot-1707	alpha	m24	bullet	95.00	5.00	16.89	8.98	-9.66	-21.75	40.61
1427626	damage	bot-1665	alpha	bot-1708	bravo	five_seven	bullet	20.00	7.00	-11.63	9.88	2.32	6.70	14.30
1427729	kill	bot-1696	alpha	bot-1708	bravo	five_seven	bullet	20.00	0.00	-23.60	1.42	3.03	6.71	27.15
1428239	damage	bot-1652	alpha	bot-1709	bravo	cz_805_bren	bullet	24.00	76.00	-17.23	0.25	-17.35	3.61	3.36
1428387	damage	bot-1592	alpha	bot-1709	bravo	cz_805_bren	bullet	24.00	52.00	-10.59	7.82	-17.67	3.34	8.38
1428471	damage	bot-1652	alpha	bot-1709	bravo	cz_805_bren	bullet	24.00	28.00	-18.19	-0.35	-17.94	3.08	3.44
1428539	damage	bot-1592	alpha	bot-1709	bravo	cz_805_bren	bullet	24.00	4.00	-10.16	8.28	-18.20	2.82	9.71
1428684	kill	bot-1652	alpha	bot-1709	bravo	cz_805_bren	bullet	24.00	0.00	-19.23	-0.64	-18.71	2.31	2.99
1430419	damage	bot-1696	alpha	bot-1710	bravo	five_seven	bullet	20.00	80.00	-22.78	-1.63	9.21	0.29	32.05
1430419	damage	bot-1710	bravo	bot-1679	alpha	cz_805_bren	bullet	24.00	48.06	9.21	0.29	7.33	6.64	6.62
1430662	damage	bot-1679	alpha	bot-1710	bravo	five_seven	bullet	20.00	60.00	7.49	6.65	9.66	-0.15	7.14
1430755	damage	bot-1703	alpha	bot-1710	bravo	cz_805_bren	bullet	24.00	36.00	-11.03	-17.32	9.88	-0.39	26.91
1430755	damage	bot-1710	bravo	bot-1679	alpha	cz_805_bren	bullet	24.00	24.06	9.88	-0.39	7.66	6.66	7.39
1430868	damage	bot-1710	bravo	bot-1679	alpha	cz_805_bren	bullet	24.00	0.06	10.12	-0.66	7.75	6.67	7.70
1431082	damage	bot-1679	alpha	bot-1710	bravo	five_seven	bullet	20.00	16.00	7.83	6.67	10.60	-1.19	8.34
1431082	kill	bot-1710	bravo	bot-1679	alpha	cz_805_bren	bullet	24.00	0.00	10.60	-1.19	7.91	6.68	8.32
1431833	damage	bot-1624	alpha	bot-1702	bravo	cz_805_bren	bullet	24.00	76.00	9.26	9.01	8.59	17.62	8.63
1431946	damage	bot-1624	alpha	bot-1702	bravo	cz_805_bren	bullet	24.00	52.00	9.26	8.69	8.62	17.62	8.95
1431946	damage	bot-1710	bravo	bot-1624	alpha	cz_805_bren	bullet	24.00	41.52	12.21	-3.17	9.26	8.35	11.89
1432165	damage	bot-1710	bravo	bot-1624	alpha	cz_805_bren	bullet	24.00	17.52	12.15	-3.88	9.26	9.06	13.26
1432554	damage	bot-1703	alpha	bot-1711	bravo	cz_805_bren	bullet	24.00	76.00	-11.08	-17.02	10.17	1.43	28.15
1433605	damage	bot-1660	alpha	bot-1711	bravo	cz_805_bren	bullet	24.00	52.00	-26.38	1.03	10.67	-1.60	37.14
1433718	damage	bot-1694	alpha	bot-1711	bravo	cz_805_bren	bullet	24.00	28.00	-23.71	1.95	10.67	-1.96	34.61
1433832	damage	bot-1694	alpha	bot-1711	bravo	cz_805_bren	bullet	24.00	4.00	-23.71	1.95	10.68	-2.34	34.66
1433948	kill	bot-1694	alpha	bot-1711	bravo	cz_805_bren	bullet	24.00	0.00	-23.71	1.95	10.75	-2.69	34.78
1434991	damage	bot-1710	bravo	bot-1687	alpha	cz_805_bren	bullet	24.00	76.00	13.83	-12.13	10.30	-7.90	5.51
1435169	damage	bot-1710	bravo	bot-1687	alpha	cz_805_bren	bullet	24.00	52.00	13.86	-12.29	10.30	-7.88	5.67
1435360	damage	bot-1713	bravo	bot-1692	alpha	five_seven	bullet	20.00	58.91	10.48	-12.74	11.32	-6.23	6.56
1435470	kill	bot-1692	alpha	bot-1710	bravo	cz_805_bren	bullet	24.00	0.00	11.32	-6.23	13.90	-12.51	6.79
1436002	damage	bot-1692	alpha	bot-1713	bravo	cz_805_bren	bullet	24.00	76.00	10.49	-4.68	10.03	-12.18	7.52
1436408	damage	bot-1712	alpha	bot-1713	bravo	cz_805_bren	bullet	24.00	52.00	11.23	-5.45	10.04	-12.18	6.84
1436656	damage	bot-1660	alpha	bot-1714	bravo	cz_805_bren	bullet	24.00	76.00	-25.73	2.11	-25.74	19.14	17.03
1436795	damage	bot-1660	alpha	bot-1714	bravo	cz_805_bren	bullet	24.00	52.00	-25.73	2.13	-25.76	19.02	16.89
1437187	damage	bot-1660	alpha	bot-1714	bravo	cz_805_bren	bullet	24.00	28.00	-25.73	2.16	-25.08	20.23	18.09
1437548	damage	bot-1660	alpha	bot-1714	bravo	cz_805_bren	bullet	24.00	4.00	-25.73	2.17	-24.41	21.43	19.30
1437895	kill	bot-1660	alpha	bot-1714	bravo	cz_805_bren	bullet	24.00	0.00	-25.72	2.18	-24.25	22.80	20.68
1438797	damage	bot-1713	bravo	bot-1648	alpha	five_seven	bullet	20.00	52.29	8.47	-9.95	11.87	-5.31	5.75
1439533	damage	bot-1715	bravo	bot-1624	alpha	cz_805_bren	bullet	24.00	35.82	13.02	16.58	10.34	11.71	5.56
1439657	damage	bot-1715	bravo	bot-1624	alpha	cz_805_bren	bullet	24.00	12.72	13.23	16.79	10.33	11.71	5.85
1439800	damage	bot-1713	bravo	bot-1632	alpha	five_seven	bullet	20.00	75.37	9.82	-8.94	16.25	1.94	12.64
1439800	kill	bot-1715	bravo	bot-1624	alpha	cz_805_bren	bullet	24.00	0.00	13.44	16.99	10.33	11.71	6.13
1439933	damage	bot-1632	alpha	bot-1713	bravo	m1911	bullet	33.00	22.60	16.25	1.94	10.10	-8.73	12.31
1440156	damage	bot-1715	bravo	bot-1692	alpha	cz_805_bren	bullet	24.00	40.31	13.60	17.21	6.64	-0.85	19.35
1440290	damage	bot-1715	bravo	bot-1692	alpha	cz_805_bren	bullet	24.00	17.21	13.60	17.21	6.64	-0.85	19.35
1440499	kill	bot-1715	bravo	bot-1692	alpha	cz_805_bren	bullet	24.00	0.00	13.55	17.22	6.65	-0.85	19.33
1440738	damage	bot-1717	alpha	bot-1678	bravo	cz_805_bren	bullet	24.00	48.25	7.25	-4.74	16.89	8.96	16.75
1440945	damage	bot-1716	bravo	bot-1705	alpha	five_seven	bullet	20.00	52.11	5.75	-22.25	-6.32	-15.54	13.81
1441023	damage	bot-1717	alpha	bot-1678	bravo	cz_805_bren	bullet	24.00	24.25	7.25	-4.74	16.89	8.94	16.74
1441178	damage	bot-1685	alpha	bot-1715	bravo	cz_805_bren	bullet	24.00	76.00	5.78	-1.04	13.54	17.22	19.84
1441178	damage	bot-1717	alpha	bot-1678	bravo	cz_805_bren	bullet	24.00	0.25	7.25	-4.74	16.89	8.94	16.74
1441336	damage	bot-1685	alpha	bot-1715	bravo	cz_805_bren	bullet	24.00	52.00	5.78	-1.04	13.54	17.22	19.84
1441336	kill	bot-1717	alpha	bot-1678	bravo	cz_805_bren	bullet	24.00	0.00	7.25	-4.74	16.89	8.94	16.74
1441514	damage	bot-1713	bravo	bot-1648	alpha	five_seven	bullet	20.00	32.29	13.36	-10.96	8.57	-2.25	9.94
1441580	kill	bot-1648	alpha	bot-1713	bravo	m1911	bullet	33.00	0.00	8.57	-2.25	13.60	-11.24	10.30
1441634	damage	bot-1715	bravo	bot-1685	alpha	cz_805_bren	bullet	24.00	48.61	12.50	18.31	5.75	-1.05	20.50
1442269	damage	bot-1716	bravo	bot-1681	alpha	five_seven	bullet	20.00	0.58	5.64	-22.02	-9.75	-16.23	16.45
1442425	kill	bot-1716	bravo	bot-1681	alpha	five_seven	bullet	20.00	0.00	5.64	-22.02	-10.00	-16.23	16.68
1442478	damage	bot-1715	bravo	bot-1648	alpha	cz_805_bren	bullet	24.00	13.68	12.25	21.92	8.24	-2.12	24.37
1442805	damage	bot-1716	bravo	bot-1719	alpha	five_seven	bullet	20.00	80.00	5.64	-22.02	-2.39	-19.55	8.40
1442805	damage	bot-1719	alpha	bot-1716	bravo	five_seven	bullet	20.00	80.00	-2.39	-19.55	5.64	-22.02	8.40
1442991	damage	bot-1558	alpha	bot-1716	bravo	cz_805_bren	bullet	24.00	56.00	-23.51	2.68	5.64	-22.02	38.21
1442991	damage	bot-1694	alpha	bot-1716	bravo	cz_805_bren	bullet	24.00	32.00	-19.65	1.34	5.64	-22.02	34.43
1442991	damage	bot-1716	bravo	bot-1719	alpha	five_seven	bullet	20.00	60.00	5.64	-22.02	-2.38	-19.54	8.40
1443144	damage	bot-1694	alpha	bot-1716	bravo	cz_805_bren	bullet	24.00	8.00	-19.65	1.34	5.99	-22.95	35.32
1443144	damage	bot-1718	bravo	bot-1719	alpha	m1911	bullet	33.00	27.00	11.16	-24.76	-3.08	-18.86	15.41
1443284	kill	bot-1694	alpha	bot-1716	bravo	cz_805_bren	bullet	24.00	0.00	-19.65	1.34	6.32	-23.80	36.14
1443761	damage	bot-1660	alpha	bot-1718	bravo	cz_805_bren	bullet	24.00	76.00	-24.21	1.93	11.19	-24.76	44.33
1443893	damage	bot-1660	alpha	bot-1718	bravo	cz_805_bren	bullet	24.00	52.00	-24.21	1.93	11.19	-24.76	44.33
1443940	damage	bot-1558	alpha	bot-1718	bravo	cz_805_bren	bullet	24.00	28.00	-23.58	2.49	11.53	-24.74	44.44
1443940	damage	bot-1719	alpha	bot-1718	bravo	five_seven	bullet	20.00	8.00	-1.61	-15.35	11.87	-24.71	16.40
1444057	kill	bot-1558	alpha	bot-1718	bravo	cz_805_bren	bullet	24.00	0.00	-23.60	2.49	12.22	-24.67	44.95
1444702	damage	bot-1685	alpha	bot-1702	bravo	cz_805_bren	bullet	24.00	48.70	-2.24	-7.24	-1.40	25.54	32.79
1444789	damage	bot-1720	bravo	bot-1707	alpha	cz_805_bren	bullet	24.00	48.50	-15.25	-23.75	-20.02	-19.56	6.35
1444926	damage	bot-1720	bravo	bot-1707	alpha	cz_805_bren	bullet	24.00	24.50	-15.25	-23.75	-20.10	-19.34	6.56
1444973	damage	bot-1707	alpha	bot-1720	bravo	five_seven	bullet	20.00	80.00	-20.10	-19.34	-15.25	-23.75	6.56
1445070	damage	bot-1720	bravo	bot-1707	alpha	cz_805_bren	bullet	24.00	0.50	-15.24	-23.76	-20.17	-19.11	6.77
1445123	damage	bot-1707	alpha	bot-1720	bravo	five_seven	bullet	20.00	60.00	-20.17	-19.11	-15.51	-23.58	6.46
1445302	damage	bot-1707	alpha	bot-1720	bravo	five_seven	bullet	20.00	40.00	-20.27	-18.83	-14.35	-24.12	7.94
1445346	kill	bot-1720	bravo	bot-1707	alpha	cz_805_bren	bullet	24.00	0.00	-14.06	-24.24	-20.32	-18.69	8.37
1446733	damage	bot-1722	bravo	bot-1719	alpha	cz_805_bren	bullet	24.00	36.42	-13.76	-25.74	-1.21	-14.77	16.67
1446890	damage	bot-1722	bravo	bot-1719	alpha	cz_805_bren	bullet	24.00	15.12	-13.76	-25.74	-1.21	-14.77	16.67
1447005	kill	bot-1722	bravo	bot-1719	alpha	cz_805_bren	bullet	24.00	0.00	-13.76	-25.74	-1.21	-14.77	16.67
1447252	damage	bot-1722	bravo	bot-1687	alpha	cz_805_bren	bullet	24.00	48.70	-13.76	-25.74	2.68	-5.67	25.95
1447400	damage	bot-1722	bravo	bot-1687	alpha	cz_805_bren	bullet	24.00	24.70	-13.76	-25.74	2.21	-5.19	26.03
1447691	damage	bot-1722	bravo	bot-1717	alpha	cz_805_bren	bullet	24.00	76.00	-13.76	-25.74	13.70	10.78	45.69
1447999	damage	bot-1715	bravo	bot-1717	alpha	cz_805_bren	bullet	24.00	52.00	21.29	26.75	14.23	12.11	16.25
1447999	damage	bot-1722	bravo	bot-1717	alpha	cz_805_bren	bullet	24.00	28.00	-13.76	-25.74	14.26	11.79	46.84
1448160	damage	bot-1715	bravo	bot-1717	alpha	cz_805_bren	bullet	24.00	4.00	21.29	26.75	14.14	11.12	17.19
1448160	kill	bot-1722	bravo	bot-1717	alpha	cz_805_bren	bullet	24.00	0.00	-13.76	-25.74	14.06	10.77	45.91
1448901	damage	bot-1722	bravo	bot-1687	alpha	cz_805_bren	bullet	24.00	13.95	-13.51	-25.59	1.98	-4.95	25.80
1449140	kill	bot-1722	bravo	bot-1687	alpha	cz_805_bren	bullet	24.00	0.00	-13.53	-25.61	1.98	-4.95	25.83
1451762	damage	bot-1722	bravo	bot-1723	alpha	cz_805_bren	bullet	24.00	76.00	-12.05	-24.71	5.08	3.57	33.06
1451898	damage	bot-1722	bravo	bot-1723	alpha	cz_805_bren	bullet	24.00	52.00	-12.05	-24.71	5.09	3.57	33.07
1452037	damage	bot-1722	bravo	bot-1723	alpha	cz_805_bren	bullet	24.00	28.00	-12.05	-24.71	4.67	3.23	32.56
1452158	damage	bot-1722	bravo	bot-1723	alpha	cz_805_bren	bullet	24.00	4.00	-12.05	-24.71	4.28	2.83	32.02
1452296	kill	bot-1722	bravo	bot-1723	alpha	cz_805_bren	bullet	24.00	0.00	-12.05	-24.71	3.85	2.40	31.43
1454608	damage	bot-1694	alpha	bot-1715	bravo	cz_805_bren	bullet	24.00	48.29	-6.41	15.73	20.37	22.97	27.74
1454711	damage	bot-1662	alpha	bot-1728	bravo	five_seven	bullet	20.00	80.00	-5.35	11.20	-5.18	-23.29	34.50
1454759	damage	bot-1694	alpha	bot-1715	bravo	cz_805_bren	bullet	24.00	24.29	-6.41	15.73	20.53	22.83	27.86
1454819	damage	bot-1685	alpha	bot-1728	bravo	cz_805_bren	bullet	24.00	56.00	-9.80	-1.76	-4.81	-23.66	22.46
1454819	damage	bot-1715	bravo	bot-1694	alpha	cz_805_bren	bullet	24.00	48.72	20.57	22.77	-6.41	15.73	27.88
1454877	damage	bot-1694	alpha	bot-1715	bravo	cz_805_bren	bullet	24.00	0.29	-6.41	15.73	20.62	22.72	27.92
1454938	damage	bot-1685	alpha	bot-1728	bravo	cz_805_bren	bullet	24.00	32.00	-9.80	-1.76	-4.36	-23.99	22.89
1455400	damage	bot-1715	bravo	bot-1721	alpha	cz_805_bren	bullet	24.00	76.00	21.14	22.22	-19.35	22.06	40.49
1456828	damage	bot-1722	bravo	bot-1731	alpha	cz_805_bren	bullet	24.00	53.51	-15.62	-25.20	1.19	-23.59	16.89
1458015	damage	bot-1715	bravo	bot-1721	alpha	cz_805_bren	bullet	24.00	52.00	25.54	21.33	-19.37	22.06	44.92
1459067	damage	bot-1724	bravo	bot-1721	alpha	five_seven	bullet	20.00	32.00	-20.74	-20.37	-20.67	20.83	41.19
1461973	damage	bot-1592	alpha	bot-1722	bravo	cz_805_bren	bullet	24.00	1.68	-10.94	9.02	-26.59	-20.25	33.19
1462124	kill	bot-1592	alpha	bot-1722	bravo	cz_805_bren	bullet	24.00	0.00	-10.92	9.03	-26.60	-20.24	33.21
1462802	damage	bot-1592	alpha	bot-1738	bravo	cz_805_bren	bullet	24.00	76.00	-10.84	9.09	2.26	-15.75	28.08
1462858	damage	bot-1738	bravo	bot-1696	alpha	cz_805_bren	bullet	24.00	48.60	2.26	-15.75	2.00	-2.84	12.91
1462913	damage	bot-1592	alpha	bot-1738	bravo	cz_805_bren	bullet	24.00	52.00	-10.84	9.10	2.26	-15.75	28.09
1462973	damage	bot-1738	bravo	bot-1696	alpha	cz_805_bren	bullet	24.00	24.60	2.48	-16.03	2.63	-3.18	12.84
1463024	damage	bot-1592	alpha	bot-1738	bravo	cz_805_bren	bullet	24.00	28.00	-10.83	9.12	2.70	-16.31	28.81
1463024	kill	bot-1656	alpha	bot-1738	bravo	m24	bullet	95.00	0.00	-9.32	-8.64	2.70	-16.31	14.26
1463310	damage	bot-1724	bravo	bot-1721	alpha	five_seven	bullet	20.00	47.92	-22.08	-19.59	-24.30	17.26	36.91
1463460	damage	bot-1724	bravo	bot-1721	alpha	five_seven	bullet	20.00	30.58	-22.08	-19.59	-24.30	17.26	36.91
1463616	damage	bot-1724	bravo	bot-1721	alpha	five_seven	bullet	20.00	13.23	-22.08	-19.59	-24.30	17.26	36.91
1463762	kill	bot-1724	bravo	bot-1721	alpha	five_seven	bullet	20.00	0.00	-22.08	-19.59	-24.30	17.26	36.91
1464906	damage	bot-1727	alpha	bot-1740	bravo	five_seven	bullet	20.00	80.00	13.42	1.14	10.89	4.87	4.51
1464957	damage	bot-1592	alpha	bot-1740	bravo	cz_805_bren	bullet	24.00	56.00	-9.75	8.99	10.95	4.80	21.12
1465097	damage	bot-1592	alpha	bot-1740	bravo	cz_805_bren	bullet	24.00	32.00	-9.75	8.99	11.52	5.11	21.62
1465249	damage	bot-1592	alpha	bot-1740	bravo	cz_805_bren	bullet	24.00	8.00	-9.75	8.99	12.19	5.50	22.22
1465595	kill	bot-1652	alpha	bot-1740	bravo	cz_805_bren	bullet	24.00	0.00	-7.64	-9.44	14.11	6.60	27.02
1466262	kill	bot-1665	alpha	bot-1720	bravo	m24	bullet	95.00	0.00	-10.48	10.64	-26.76	-23.23	37.58
1466325	damage	bot-1652	alpha	bot-1734	bravo	cz_805_bren	bullet	24.00	48.00	-7.51	-9.35	26.49	26.79	49.62
1466468	damage	bot-1652	alpha	bot-1734	bravo	cz_805_bren	bullet	24.00	24.00	-7.51	-9.35	26.34	26.79	49.52
1466631	damage	bot-1652	alpha	bot-1734	bravo	cz_805_bren	bullet	24.00	0.00	-7.51	-9.35	26.18	26.78	49.40
1466631	damage	bot-1696	alpha	bot-1730	bravo	five_seven	bullet	20.00	52.20	6.67	-5.30	-12.69	-22.94	26.19
1466785	kill	bot-1652	alpha	bot-1734	bravo	cz_805_bren	bullet	24.00	0.00	-7.51	-9.35	26.10	26.77	49.34
1466785	damage	bot-1696	alpha	bot-1730	bravo	five_seven	bullet	20.00	32.20	6.66	-5.30	-12.83	-23.02	26.34
1466957	damage	bot-1696	alpha	bot-1730	bravo	five_seven	bullet	20.00	12.20	6.65	-5.30	-12.97	-23.10	26.49
1467026	damage	bot-1730	bravo	bot-1737	alpha	cz_805_bren	bullet	24.00	76.00	-13.04	-23.14	6.67	-5.99	26.12
1467165	damage	bot-1652	alpha	bot-1742	bravo	cz_805_bren	bullet	24.00	76.00	-7.51	-9.35	26.58	2.97	36.25
1467165	kill	bot-1696	alpha	bot-1730	bravo	five_seven	bullet	20.00	0.00	6.65	-5.31	-13.18	-23.21	26.72
1467603	kill	bot-1742	bravo	bot-1735	alpha	m1911	bullet	33.00	0.00	26.71	3.62	25.40	-14.12	17.79
1468032	damage	bot-1724	bravo	bot-1592	alpha	m1911	bullet	33.00	39.16	-22.70	-16.51	-10.56	7.02	26.48
1468187	damage	bot-1592	alpha	bot-1724	bravo	cz_805_bren	bullet	24.00	48.83	-10.49	7.06	-22.70	-16.51	26.54
1468871	damage	bot-1592	alpha	bot-1724	bravo	cz_805_bren	bullet	24.00	24.83	-9.89	7.46	-23.08	-17.43	28.17
1469113	damage	bot-1724	bravo	bot-1674	alpha	m1911	bullet	33.00	39.83	-23.14	-17.69	-11.22	8.55	28.82
1469201	damage	bot-1652	alpha	bot-1742	bravo	cz_805_bren	bullet	24.00	52.00	-6.67	-9.05	24.09	-0.95	31.81
1469324	damage	bot-1652	alpha	bot-1742	bravo	cz_805_bren	bullet	24.00	28.00	-6.67	-9.05	23.67	-1.37	31.30
1469456	damage	bot-1724	bravo	bot-1674	alpha	m1911	bullet	33.00	6.83	-23.46	-19.02	-10.84	8.72	30.47
1472905	damage	bot-1732	bravo	bot-1739	alpha	five_seven	bullet	20.00	49.58	26.87	17.50	25.62	-14.34	31.86
1473202	damage	bot-1732	bravo	bot-1739	alpha	five_seven	bullet	20.00	34.84	26.85	17.50	25.62	-14.33	31.86
1473343	damage	bot-1748	bravo	bot-1665	alpha	five_seven	bullet	20.00	52.01	-24.79	-20.22	-13.73	4.23	26.84
1473520	damage	bot-1748	bravo	bot-1665	alpha	five_seven	bullet	20.00	32.01	-24.79	-20.22	-13.74	4.33	26.92
1473652	damage	bot-1732	bravo	bot-1739	alpha	five_seven	bullet	20.00	23.02	26.80	15.70	25.61	-14.33	30.05
1473698	damage	bot-1748	bravo	bot-1665	alpha	five_seven	bullet	20.00	12.01	-24.79	-20.22	-13.74	4.43	27.01
1473831	damage	bot-1592	alpha	bot-1748	bravo	cz_805_bren	bullet	24.00	76.00	-8.99	9.13	-24.81	-20.21	33.34
1473831	damage	bot-1732	bravo	bot-1739	alpha	five_seven	bullet	20.00	6.22	26.80	15.70	25.60	-14.33	30.05
1473878	kill	bot-1748	bravo	bot-1665	alpha	five_seven	bullet	20.00	0.00	-24.81	-20.21	-13.77	4.55	27.12
1473973	damage	bot-1724	bravo	bot-1745	alpha	m1911	bullet	33.00	67.00	-24.29	-22.21	5.20	-20.54	29.53
1473973	kill	bot-1732	bravo	bot-1739	alpha	five_seven	bullet	20.00	0.00	26.80	15.70	25.61	-14.33	30.05
1474097	damage	bot-1748	bravo	bot-1592	alpha	five_seven	bullet	20.00	32.97	-24.81	-20.21	-9.54	8.51	32.53
1474368	damage	bot-1724	bravo	bot-1745	alpha	m1911	bullet	33.00	34.00	-24.29	-22.21	4.94	-20.57	29.27
1474439	damage	bot-1748	bravo	bot-1592	alpha	five_seven	bullet	20.00	12.97	-24.81	-20.21	-10.13	8.04	31.84
1474636	kill	bot-1748	bravo	bot-1592	alpha	five_seven	bullet	20.00	0.00	-24.81	-20.21	-10.25	7.88	31.64
1474751	damage	bot-1724	bravo	bot-1745	alpha	m1911	bullet	33.00	1.00	-24.29	-22.21	5.05	-20.08	29.43
1474811	damage	bot-1732	bravo	bot-1749	alpha	five_seven	bullet	20.00	80.00	26.50	15.73	-4.96	22.34	32.15
1475068	damage	bot-1656	alpha	bot-1744	bravo	m24	bullet	95.00	5.00	-8.39	-15.85	-19.75	-15.25	11.37
1475151	kill	bot-1724	bravo	bot-1745	alpha	m1911	bullet	33.00	0.00	-24.26	-22.15	5.14	-19.62	29.51
1475331	damage	bot-1744	bravo	bot-1656	alpha	cz_805_bren	bullet	24.00	48.68	-20.06	-15.25	-8.35	-15.85	11.73
1475606	damage	bot-1732	bravo	bot-1749	alpha	five_seven	bullet	20.00	15.46	26.65	15.57	-7.51	24.52	35.31
1475606	damage	bot-1748	bravo	bot-1725	alpha	five_seven	bullet	20.00	79.39	-24.84	-20.44	-11.00	8.47	32.05
1475708	damage	bot-1725	alpha	bot-1748	bravo	cz_805_bren	bullet	24.00	52.00	-11.00	8.47	-24.84	-20.44	32.05
1475754	damage	bot-1748	bravo	bot-1725	alpha	five_seven	bullet	20.00	59.39	-24.81	-20.48	-11.00	8.47	32.08
1476102	damage	bot-1748	bravo	bot-1725	alpha	five_seven	bullet	20.00	39.39	-24.56	-20.85	-9.02	10.23	34.76
1476414	damage	bot-1749	alpha	bot-1750	bravo	cz_805_bren	bullet	24.00	61.75	-12.04	22.99	-8.70	24.98	3.88
1476555	damage	bot-1749	alpha	bot-1750	bravo	cz_805_bren	bullet	24.00	37.75	-12.25	22.92	-8.70	24.98	4.10
1476703	kill	bot-1732	bravo	bot-1749	alpha	m1911	bullet	33.00	0.00	26.65	15.64	-12.39	22.88	39.70
1476703	damage	bot-1748	bravo	bot-1652	alpha	five_seven	bullet	20.00	52.02	-23.93	-21.47	-9.25	-20.75	14.70
1476888	damage	bot-1748	bravo	bot-1652	alpha	five_seven	bullet	20.00	32.02	-23.62	-21.79	-9.07	-20.74	14.59
1477368	damage	bot-1746	bravo	bot-1696	alpha	cz_805_bren	bullet	24.00	30.07	20.27	22.35	-0.22	-10.65	38.84
1477517	damage	bot-1652	alpha	bot-1748	bravo	cz_805_bren	bullet	24.00	16.75	-8.65	-20.30	-22.86	-23.60	14.59
1477672	kill	bot-1652	alpha	bot-1748	bravo	cz_805_bren	bullet	24.00	0.00	-8.53	-20.18	-23.20	-23.90	15.13
1479040	kill	bot-1648	alpha	bot-1750	bravo	m24	bullet	95.00	0.00	-7.48	-15.76	-4.46	19.93	35.82
1479522	damage	bot-1732	bravo	bot-1725	alpha	m1911	bullet	33.00	6.39	24.54	15.33	-3.34	20.25	28.31
1479793	damage	bot-1725	alpha	bot-1754	bravo	cz_805_bren	bullet	24.00	76.00	-4.07	19.89	-4.77	23.83	4.00
1479925	damage	bot-1725	alpha	bot-1754	bravo	cz_805_bren	bullet	24.00	52.00	-4.11	19.18	-5.12	24.16	5.08
1481077	damage	bot-1751	alpha	bot-1756	bravo	five_seven	bullet	20.00	80.00	-12.98	16.85	-26.26	-16.09	35.51
1481385	damage	bot-1751	alpha	bot-1756	bravo	five_seven	bullet	20.00	60.00	-12.98	16.85	-26.25	-16.08	35.51
1481532	damage	bot-1751	alpha	bot-1756	bravo	five_seven	bullet	20.00	40.00	-12.98	16.85	-26.20	-16.14	35.54
1481532	damage	bot-1756	bravo	bot-1755	alpha	five_seven	bullet	20.00	80.00	-26.20	-16.14	-13.75	14.25	32.84
1481697	damage	bot-1751	alpha	bot-1756	bravo	five_seven	bullet	20.00	20.00	-12.98	16.85	-26.15	-16.22	35.60
1481697	damage	bot-1756	bravo	bot-1755	alpha	five_seven	bullet	20.00	60.00	-26.15	-16.22	-13.75	14.25	32.90
1481852	damage	bot-1756	bravo	bot-1755	alpha	five_seven	bullet	20.00	40.00	-26.12	-16.28	-13.66	14.39	33.10
1482164	damage	bot-1756	bravo	bot-1755	alpha	five_seven	bullet	20.00	20.00	-26.03	-16.35	-13.86	14.74	33.39
1482482	kill	bot-1724	bravo	bot-1755	alpha	m1911	bullet	33.00	0.00	-26.78	-21.70	-13.74	14.99	38.93
1482634	kill	bot-1757	alpha	bot-1756	bravo	cz_805_bren	bullet	24.00	0.00	-13.80	14.16	-25.71	-16.83	33.21
1483139	kill	bot-1648	alpha	bot-1736	bravo	m24	bullet	95.00	0.00	-6.95	-12.45	17.58	15.78	37.40
1483287	damage	bot-1724	bravo	bot-1662	alpha	m1911	bullet	33.00	39.38	-26.78	-21.70	-14.99	9.63	33.47
1483287	damage	bot-1757	alpha	bot-1724	bravo	cz_805_bren	bullet	24.00	48.31	-13.83	14.16	-26.78	-21.70	38.12
1483430	damage	bot-1757	alpha	bot-1724	bravo	cz_805_bren	bullet	24.00	24.31	-13.84	14.16	-26.70	-21.80	38.19
1483551	kill	bot-1751	alpha	bot-1724	bravo	m1911	bullet	33.00	0.00	-13.19	16.08	-26.61	-21.90	40.28
1485731	damage	bot-1683	alpha	bot-1760	bravo	cz_805_bren	bullet	24.00	15.51	-10.68	-6.48	7.97	4.33	21.56
1485877	kill	bot-1683	alpha	bot-1760	bravo	cz_805_bren	bullet	24.00	0.00	-10.78	-6.33	7.58	3.89	21.02
1489986	damage	bot-1727	alpha	bot-1764	bravo	five_seven	bullet	20.00	80.00	5.72	-19.50	6.14	-0.85	18.66
1489986	damage	bot-1765	alpha	bot-1732	bravo	cz_805_bren	bullet	24.00	19.54	26.25	-23.25	26.60	25.10	48.35
1490138	kill	bot-1765	alpha	bot-1732	bravo	cz_805_bren	bullet	24.00	0.00	26.25	-23.25	26.62	25.11	48.36
1491915	kill	bot-1757	alpha	bot-1766	bravo	cz_805_bren	bullet	24.00	0.00	-16.67	14.26	8.51	-5.19	31.82
1492621	damage	bot-1741	alpha	bot-1762	bravo	cz_805_bren	bullet	24.00	41.19	11.14	0.21	9.06	22.14	22.03
1492949	damage	bot-1746	bravo	bot-1696	alpha	cz_805_bren	bullet	24.00	48.68	22.85	23.96	-8.23	-13.46	48.64
1492949	damage	bot-1764	bravo	bot-1741	alpha	five_seven	bullet	20.00	39.53	11.46	-2.82	11.97	-0.42	2.45
1493399	damage	bot-1765	alpha	bot-1768	bravo	cz_805_bren	bullet	24.00	76.00	26.30	-20.94	26.39	18.90	39.84
1493759	damage	bot-1764	bravo	bot-1741	alpha	five_seven	bullet	20.00	19.53	13.54	-4.77	14.45	-2.04	2.88
1493949	damage	bot-1762	bravo	bot-1725	alpha	cz_805_bren	bullet	24.00	48.09	5.79	24.94	-2.30	16.15	11.94
1494510	damage	bot-1725	alpha	bot-1762	bravo	cz_805_bren	bullet	24.00	17.19	-2.74	14.72	4.44	26.11	13.46
1494936	damage	bot-1762	bravo	bot-1725	alpha	cz_805_bren	bullet	24.00	24.09	4.43	26.14	-3.23	13.02	15.20
1495052	damage	bot-1767	alpha	bot-1764	bravo	five_seven	bullet	20.00	6.61	25.78	-22.58	17.58	-6.63	17.93
1495189	kill	bot-1769	alpha	bot-1764	bravo	m24	bullet	95.00	0.00	21.82	-22.84	17.64	-6.98	16.40
1495890	damage	bot-1759	alpha	bot-1770	bravo	five_seven	bullet	20.00	80.00	-25.40	16.16	-14.98	17.60	10.52
1496072	damage	bot-1759	alpha	bot-1770	bravo	five_seven	bullet	20.00	60.00	-25.40	16.16	-15.00	17.45	10.48
1496222	damage	bot-1759	alpha	bot-1770	bravo	five_seven	bullet	20.00	40.00	-25.40	16.16	-14.84	17.26	10.61
1496222	damage	bot-1770	bravo	bot-1759	alpha	cz_805_bren	bullet	24.00	76.00	-14.84	17.26	-25.40	16.16	10.61
1496364	damage	bot-1759	alpha	bot-1770	bravo	five_seven	bullet	20.00	20.00	-25.40	16.16	-14.69	17.07	10.75
1496364	damage	bot-1770	bravo	bot-1759	alpha	cz_805_bren	bullet	24.00	52.00	-14.69	17.07	-25.40	16.16	10.75
1496422	kill	bot-1662	alpha	bot-1770	bravo	five_seven	bullet	20.00	0.00	-16.64	14.25	-14.64	17.01	3.40
1496541	damage	bot-1746	bravo	bot-1727	alpha	cz_805_bren	bullet	24.00	73.89	22.18	23.59	-7.39	-15.25	48.81
1496647	damage	bot-1759	alpha	bot-1754	bravo	five_seven	bullet	20.00	52.66	-25.70	14.71	-18.88	22.47	10.33
1496700	damage	bot-1753	alpha	bot-1754	bravo	five_seven	bullet	20.00	32.66	-19.19	12.32	-18.88	22.47	10.15
1496700	damage	bot-1754	bravo	bot-1759	alpha	cz_805_bren	bullet	24.00	28.00	-18.88	22.47	-25.75	14.34	10.64
1496795	damage	bot-1759	alpha	bot-1754	bravo	five_seven	bullet	20.00	12.66	-25.93	13.66	-18.02	23.01	12.25
1496853	damage	bot-1746	bravo	bot-1727	alpha	cz_805_bren	bullet	24.00	49.89	22.17	23.65	-7.72	-15.53	49.28
1496853	damage	bot-1754	bravo	bot-1759	alpha	cz_805_bren	bullet	24.00	4.00	-18.02	23.01	-26.02	13.35	12.54
1496963	damage	bot-1746	bravo	bot-1727	alpha	cz_805_bren	bullet	24.00	25.89	22.17	23.66	-8.42	-15.67	49.83
1496963	kill	bot-1754	bravo	bot-1759	alpha	cz_805_bren	bullet	24.00	0.00	-17.40	23.39	-25.95	13.32	13.21
1500132	damage	bot-1753	alpha	bot-1774	bravo	five_seven	bullet	20.00	80.00	-19.31	13.97	-24.42	24.08	11.33
1500272	damage	bot-1753	alpha	bot-1774	bravo	five_seven	bullet	20.00	60.00	-19.31	13.97	-25.07	24.14	11.69
1500352	damage	bot-1662	alpha	bot-1774	bravo	five_seven	bullet	20.00	40.00	-17.92	17.79	-25.38	24.31	9.91
1500505	damage	bot-1662	alpha	bot-1774	bravo	five_seven	bullet	20.00	20.00	-17.92	17.78	-26.02	24.64	10.62
1500603	kill	bot-1753	alpha	bot-1774	bravo	five_seven	bullet	20.00	0.00	-19.31	13.97	-26.02	24.66	12.62
1501640	damage	bot-1662	alpha	bot-1776	bravo	five_seven	bullet	20.00	80.00	-19.30	19.04	-22.47	17.04	3.74
1501772	damage	bot-1683	alpha	bot-1776	bravo	cz_805_bren	bullet	24.00	56.00	-15.98	1.03	-23.11	16.39	16.94
1501905	damage	bot-1696	alpha	bot-1746	bravo	five_seven	bullet	20.00	1.55	-8.85	-15.33	17.92	15.96	41.18
1501950	damage	bot-1753	alpha	bot-1776	bravo	five_seven	bullet	20.00	36.00	-19.54	15.25	-24.38	16.55	5.02
1502046	kill	bot-1696	alpha	bot-1746	bravo	five_seven	bullet	20.00	0.00	-8.85	-15.33	18.07	16.13	41.41
1502260	damage	bot-1662	alpha	bot-1776	bravo	five_seven	bullet	20.00	16.00	-19.26	18.24	-25.46	16.71	6.39
1502260	kill	bot-1683	alpha	bot-1776	bravo	cz_805_bren	bullet	24.00	0.00	-15.98	1.03	-25.46	16.71	18.33
1503093	damage	bot-1662	alpha	bot-1754	bravo	five_seven	bullet	20.00	52.04	-19.29	20.18	-17.75	22.75	3.00
1503269	damage	bot-1662	alpha	bot-1754	bravo	five_seven	bullet	20.00	32.04	-19.30	20.17	-17.56	22.89	3.22
1503269	damage	bot-1754	bravo	bot-1662	alpha	cz_805_bren	bullet	24.00	48.68	-17.56	22.89	-19.31	20.17	3.23
1503445	damage	bot-1662	alpha	bot-1754	bravo	five_seven	bullet	20.00	12.04	-19.42	20.07	-17.35	23.02	3.61
1503501	damage	bot-1683	alpha	bot-1778	bravo	cz_805_bren	bullet	24.00	76.00	-16.01	1.94	-21.14	20.33	19.10
1503597	kill	bot-1662	alpha	bot-1754	bravo	five_seven	bullet	20.00	0.00	-19.58	19.87	-17.16	23.17	4.10
1503641	damage	bot-1683	alpha	bot-1778	bravo	cz_805_bren	bullet	24.00	52.00	-16.01	1.94	-20.81	19.56	18.26
1503690	damage	bot-1763	alpha	bot-1772	bravo	cz_805_bren	bullet	24.00	48.22	-1.25	17.75	5.83	19.43	7.28
1503787	damage	bot-1683	alpha	bot-1778	bravo	cz_805_bren	bullet	24.00	28.00	-16.01	1.94	-20.66	20.55	19.19
1504186	damage	bot-1778	bravo	bot-1662	alpha	cz_805_bren	bullet	24.00	24.68	-18.97	22.54	-18.56	17.81	4.74
1505715	damage	bot-1780	bravo	bot-1763	alpha	five_seven	bullet	20.00	80.00	14.39	19.97	-0.96	19.22	15.37
1505904	damage	bot-1727	alpha	bot-1772	bravo	five_seven	bullet	20.00	28.22	-8.34	-15.44	14.62	11.90	35.70
1505952	damage	bot-1772	bravo	bot-1727	alpha	five_seven	bullet	20.00	52.72	14.62	11.90	-8.34	-15.43	35.69
1506093	damage	bot-1727	alpha	bot-1772	bravo	five_seven	bullet	20.00	8.22	-8.46	-15.47	14.62	11.90	35.79
1506093	damage	bot-1772	bravo	bot-1727	alpha	five_seven	bullet	20.00	32.72	14.62	11.90	-8.54	-15.49	35.86
1506398	kill	bot-1727	alpha	bot-1772	bravo	five_seven	bullet	20.00	0.00	-8.89	-15.62	14.62	11.90	36.19
1506606	damage	bot-1780	bravo	bot-1763	alpha	five_seven	bullet	20.00	60.00	14.39	20.01	-3.43	20.16	17.82
1506751	damage	bot-1780	bravo	bot-1763	alpha	five_seven	bullet	20.00	40.00	14.39	20.01	-3.92	20.22	18.31
1506937	damage	bot-1780	bravo	bot-1763	alpha	five_seven	bullet	20.00	20.00	14.39	20.01	-4.13	20.03	18.52
1507500	damage	bot-1696	alpha	bot-1768	bravo	five_seven	bullet	20.00	56.00	-8.59	-6.80	16.93	14.31	33.13
1509378	damage	bot-1780	bravo	bot-1763	alpha	five_seven	bullet	20.00	4.16	14.55	18.73	-6.69	17.82	21.25
1509524	kill	bot-1780	bravo	bot-1763	alpha	five_seven	bullet	20.00	0.00	14.55	18.73	-6.69	17.81	21.26
1509576	damage	bot-1778	bravo	bot-1761	alpha	cz_805_bren	bullet	24.00	76.00	-16.16	24.56	-2.39	20.11	14.47
1509694	damage	bot-1778	bravo	bot-1761	alpha	cz_805_bren	bullet	24.00	52.00	-16.16	24.56	-3.02	20.17	13.85
1509694	damage	bot-1780	bravo	bot-1761	alpha	five_seven	bullet	20.00	32.00	14.55	18.73	-3.02	20.17	17.63
1509848	damage	bot-1751	alpha	bot-1784	bravo	five_seven	bullet	20.00	80.00	-20.35	12.84	-20.27	26.05	13.21
1509848	damage	bot-1780	bravo	bot-1761	alpha	five_seven	bullet	20.00	12.00	14.55	18.73	-3.73	20.22	18.34
1509982	damage	bot-1683	alpha	bot-1784	bravo	cz_805_bren	bullet	24.00	56.00	-20.60	8.73	-20.27	26.05	17.32
1510045	damage	bot-1751	alpha	bot-1784	bravo	five_seven	bullet	20.00	36.00	-20.35	12.84	-20.20	26.02	13.18
1510104	damage	bot-1683	alpha	bot-1784	bravo	cz_805_bren	bullet	24.00	12.00	-20.60	8.73	-20.14	25.99	17.27
1510214	kill	bot-1683	alpha	bot-1784	bravo	cz_805_bren	bullet	24.00	0.00	-20.60	8.73	-19.98	25.94	17.22
1510693	damage	bot-1751	alpha	bot-1782	bravo	five_seven	bullet	20.00	80.00	-20.35	12.84	-22.47	23.08	10.46
1510995	damage	bot-1725	alpha	bot-1782	bravo	cz_805_bren	bullet	24.00	56.00	-19.14	11.78	-23.31	23.01	11.98
1510995	damage	bot-1751	alpha	bot-1782	bravo	five_seven	bullet	20.00	36.00	-20.35	12.84	-23.31	23.01	10.59
1511158	damage	bot-1725	alpha	bot-1782	bravo	cz_805_bren	bullet	24.00	12.00	-19.14	11.78	-23.99	23.64	12.81
1511299	kill	bot-1725	alpha	bot-1782	bravo	cz_805_bren	bullet	24.00	0.00	-19.14	11.78	-24.72	24.33	13.73
1511592	damage	bot-1773	alpha	bot-1786	bravo	cz_805_bren	bullet	24.00	76.00	19.02	-7.06	-0.75	-0.25	20.91
1511681	damage	bot-1765	alpha	bot-1786	bravo	cz_805_bren	bullet	24.00	52.00	17.33	-5.85	-0.75	-0.25	18.93
1511732	damage	bot-1773	alpha	bot-1786	bravo	cz_805_bren	bullet	24.00	28.00	19.02	-7.06	-0.99	-0.01	21.21
1511835	damage	bot-1786	bravo	bot-1757	alpha	cz_805_bren	bullet	24.00	76.00	-1.49	0.49	-11.80	6.76	12.07
1511887	damage	bot-1773	alpha	bot-1786	bravo	cz_805_bren	bullet	24.00	4.00	19.01	-7.06	-1.74	0.74	22.17
1511983	damage	bot-1786	bravo	bot-1757	alpha	cz_805_bren	bullet	24.00	52.00	-2.24	1.24	-11.80	6.76	11.05
1512081	damage	bot-1775	alpha	bot-1780	bravo	five_seven	bullet	20.00	53.09	1.65	-15.87	14.63	15.89	34.32
1512128	kill	bot-1771	alpha	bot-1786	bravo	cz_805_bren	bullet	24.00	0.00	6.42	-6.04	-2.97	1.98	12.35
1512474	damage	bot-1775	alpha	bot-1780	bravo	five_seven	bullet	20.00	33.09	1.68	-15.87	16.23	17.32	36.23
1513272	kill	bot-1743	alpha	bot-1758	bravo	five_seven	bullet	20.00	0.00	3.27	-15.77	12.01	12.58	29.67
1514039	damage	bot-1788	bravo	bot-1761	alpha	five_seven	bullet	20.00	28.23	-9.36	0.92	-1.87	15.37	16.28
1514219	damage	bot-1788	bravo	bot-1761	alpha	five_seven	bullet	20.00	11.47	-9.36	0.92	-1.87	15.37	16.28
1514363	kill	bot-1788	bravo	bot-1761	alpha	five_seven	bullet	20.00	0.00	-9.36	0.92	-1.87	15.37	16.28
1516358	damage	bot-1790	bravo	bot-1783	alpha	m1911	bullet	33.00	39.32	-10.97	-1.30	-15.42	-2.74	4.68
1516490	damage	bot-1783	alpha	bot-1790	bravo	five_seven	bullet	20.00	80.00	-15.51	-2.86	-10.62	-0.97	5.24
1516712	damage	bot-1783	alpha	bot-1790	bravo	five_seven	bullet	20.00	60.00	-16.15	-3.67	-9.85	-0.08	7.24
1516712	damage	bot-1790	bravo	bot-1783	alpha	m1911	bullet	33.00	6.32	-9.85	-0.08	-16.34	-3.92	7.54
1516815	damage	bot-1683	alpha	bot-1778	bravo	cz_805_bren	bullet	24.00	48.74	-26.09	14.35	-18.08	22.80	11.64
1516915	damage	bot-1778	bravo	bot-1683	alpha	cz_805_bren	bullet	24.00	48.08	-17.96	22.87	-26.09	14.35	11.78
1516970	damage	bot-1683	alpha	bot-1778	bravo	cz_805_bren	bullet	24.00	24.74	-26.09	14.35	-17.89	22.92	11.86
1517018	damage	bot-1783	alpha	bot-1790	bravo	five_seven	bullet	20.00	40.00	-17.40	-5.28	-8.58	1.17	10.93
1517075	damage	bot-1778	bravo	bot-1683	alpha	cz_805_bren	bullet	24.00	24.08	-17.76	23.01	-25.93	14.11	12.08
1517075	kill	bot-1790	bravo	bot-1783	alpha	m1911	bullet	33.00	0.00	-8.36	1.39	-18.01	-5.54	11.88
1517124	damage	bot-1683	alpha	bot-1778	bravo	cz_805_bren	bullet	24.00	0.74	-25.93	14.11	-17.69	23.05	12.16
1517235	damage	bot-1778	bravo	bot-1683	alpha	cz_805_bren	bullet	24.00	0.08	-17.56	23.15	-25.55	13.36	12.64
1517308	kill	bot-1683	alpha	bot-1778	bravo	cz_805_bren	bullet	24.00	0.00	-25.55	13.36	-17.48	23.20	12.73
1517860	damage	bot-1790	bravo	bot-1727	alpha	m1911	bullet	33.00	39.23	-8.85	5.24	-8.56	-6.86	12.10
1517985	damage	bot-1792	bravo	bot-1791	alpha	cz_805_bren	bullet	24.00	76.00	12.34	-26.71	13.70	-22.00	4.90
1518231	damage	bot-1790	bravo	bot-1727	alpha	m1911	bullet	33.00	6.23	-9.21	6.58	-7.11	-8.30	15.03
1518432	damage	bot-1765	alpha	bot-1790	bravo	cz_805_bren	bullet	24.00	22.60	15.66	-2.86	-9.21	6.58	26.60
1518578	kill	bot-1790	bravo	bot-1727	alpha	m1911	bullet	33.00	0.00	-9.21	6.58	-5.64	-9.79	16.75
1518676	damage	bot-1792	bravo	bot-1791	alpha	cz_805_bren	bullet	24.00	52.00	15.09	-26.75	10.93	-23.68	5.17
1518727	damage	bot-1791	alpha	bot-1792	bravo	five_seven	bullet	20.00	80.00	10.93	-23.68	15.37	-26.75	5.40
1520791	damage	bot-1794	bravo	bot-1747	alpha	cz_805_bren	bullet	24.00	48.71	11.03	-24.31	-9.30	-15.87	22.02
1521126	damage	bot-1791	alpha	bot-1794	bravo	five_seven	bullet	20.00	80.00	2.66	-25.77	11.03	-24.31	8.49
1521126	damage	bot-1794	bravo	bot-1747	alpha	cz_805_bren	bullet	24.00	24.71	11.03	-24.31	-9.44	-15.90	22.14
1521236	damage	bot-1794	bravo	bot-1747	alpha	cz_805_bren	bullet	24.00	0.71	11.03	-24.31	-9.60	-15.92	22.27
1521284	damage	bot-1791	alpha	bot-1794	bravo	five_seven	bullet	20.00	60.00	1.57	-25.74	11.03	-24.31	9.57
1521982	damage	bot-1775	alpha	bot-1788	bravo	five_seven	bullet	20.00	80.00	7.14	4.33	-9.16	4.73	16.30
1523740	damage	bot-1685	alpha	bot-1798	bravo	cz_805_bren	bullet	24.00	76.00	8.09	5.21	-6.28	1.26	14.90
1523740	damage	bot-1773	alpha	bot-1798	bravo	cz_805_bren	bullet	24.00	52.00	8.35	3.90	-6.28	1.26	14.87
1523901	damage	bot-1685	alpha	bot-1798	bravo	cz_805_bren	bullet	24.00	28.00	8.11	5.20	-7.04	0.49	15.86
1524183	damage	bot-1767	alpha	bot-1798	bravo	five_seven	bullet	20.00	8.00	9.05	7.86	-8.33	-0.76	19.40
1524183	kill	bot-1773	alpha	bot-1798	bravo	cz_805_bren	bullet	24.00	0.00	8.91	4.35	-8.33	-0.76	17.98
1524847	damage	bot-1788	bravo	bot-1743	alpha	five_seven	bullet	20.00	52.11	-10.14	0.06	-5.42	-9.70	10.85
1524985	damage	bot-1791	alpha	bot-1796	bravo	five_seven	bullet	20.00	80.00	2.52	-25.46	17.55	-24.91	15.04
1525041	damage	bot-1788	bravo	bot-1743	alpha	five_seven	bullet	20.00	32.11	-10.16	0.09	-4.63	-10.44	11.89
1525041	damage	bot-1794	bravo	bot-1799	alpha	cz_805_bren	bullet	24.00	76.00	18.71	-25.95	26.63	2.67	29.70
1525223	damage	bot-1788	bravo	bot-1743	alpha	five_seven	bullet	20.00	12.11	-10.16	0.09	-3.89	-11.16	12.88
1525283	damage	bot-1794	bravo	bot-1799	alpha	cz_805_bren	bullet	24.00	52.00	18.71	-25.95	26.63	2.67	29.70
1525334	damage	bot-1791	alpha	bot-1796	bravo	five_seven	bullet	20.00	60.00	2.52	-25.46	18.34	-23.34	15.96
1525386	kill	bot-1788	bravo	bot-1743	alpha	five_seven	bullet	20.00	0.00	-10.16	0.09	-3.16	-11.87	13.85
1525619	damage	bot-1794	bravo	bot-1799	alpha	cz_805_bren	bullet	24.00	28.00	18.71	-25.95	26.55	2.92	29.91
1525730	damage	bot-1794	bravo	bot-1799	alpha	cz_805_bren	bullet	24.00	4.00	18.71	-25.95	26.66	3.31	30.32
1525847	kill	bot-1794	bravo	bot-1799	alpha	cz_805_bren	bullet	24.00	0.00	18.71	-25.95	26.69	3.73	30.73
1526221	damage	bot-1796	bravo	bot-1793	alpha	five_seven	bullet	20.00	52.85	22.11	-26.16	27.20	4.17	30.76
1526412	damage	bot-1791	alpha	bot-1800	bravo	five_seven	bullet	20.00	80.00	2.66	-25.04	19.73	-21.72	17.40
1526597	damage	bot-1791	alpha	bot-1800	bravo	five_seven	bullet	20.00	60.00	2.66	-25.04	19.73	-21.72	17.40
1526775	damage	bot-1791	alpha	bot-1800	bravo	five_seven	bullet	20.00	40.00	2.66	-25.04	19.88	-21.85	17.52
1526953	damage	bot-1791	alpha	bot-1800	bravo	five_seven	bullet	20.00	20.00	2.66	-25.04	20.09	-22.03	17.69
1527097	kill	bot-1791	alpha	bot-1800	bravo	five_seven	bullet	20.00	0.00	2.66	-25.04	20.24	-22.19	17.81
1527240	kill	bot-1801	alpha	bot-1788	bravo	m24	bullet	95.00	0.00	3.33	-14.09	-9.19	0.60	19.30
1527339	damage	bot-1791	alpha	bot-1794	bravo	five_seven	bullet	20.00	75.40	2.66	-25.04	18.75	-24.84	16.10
1527486	damage	bot-1791	alpha	bot-1794	bravo	five_seven	bullet	20.00	55.40	2.66	-25.04	18.77	-24.73	16.12
1527628	damage	bot-1791	alpha	bot-1794	bravo	five_seven	bullet	20.00	35.40	2.66	-25.04	18.90	-24.82	16.24
1527772	damage	bot-1791	alpha	bot-1794	bravo	five_seven	bullet	20.00	15.40	2.66	-25.04	19.06	-24.88	16.40
1528000	damage	bot-1773	alpha	bot-1796	bravo	cz_805_bren	bullet	24.00	48.78	23.85	-7.76	20.00	-24.73	17.40
1528333	kill	bot-1791	alpha	bot-1794	bravo	m1911	bullet	33.00	0.00	2.66	-25.04	19.69	-25.37	17.04
1528701	damage	bot-1791	alpha	bot-1802	bravo	m1911	bullet	33.00	67.00	2.66	-25.04	17.00	-23.21	14.46
1528751	damage	bot-1802	bravo	bot-1773	alpha	cz_805_bren	bullet	24.00	20.30	17.00	-23.21	26.75	-9.25	17.03
1528887	kill	bot-1802	bravo	bot-1773	alpha	cz_805_bren	bullet	24.00	0.00	17.00	-23.21	26.75	-9.25	17.03
1529197	damage	bot-1802	bravo	bot-1777	alpha	cz_805_bren	bullet	24.00	25.25	17.00	-23.21	26.66	4.35	29.20
1529331	damage	bot-1802	bravo	bot-1777	alpha	cz_805_bren	bullet	24.00	3.65	17.00	-23.21	26.66	4.35	29.20
1529416	damage	bot-1791	alpha	bot-1802	bravo	m1911	bullet	33.00	34.00	2.66	-25.04	17.00	-23.21	14.46
1529767	damage	bot-1791	alpha	bot-1802	bravo	m1911	bullet	33.00	1.00	2.66	-25.04	17.34	-23.57	14.75
1530104	kill	bot-1802	bravo	bot-1777	alpha	cz_805_bren	bullet	24.00	0.00	17.69	-23.93	26.66	4.35	29.67
1530190	kill	bot-1791	alpha	bot-1802	bravo	m1911	bullet	33.00	0.00	2.66	-25.04	17.72	-24.00	15.10
1531155	damage	bot-1775	alpha	bot-1790	bravo	five_seven	bullet	20.00	67.04	10.76	-6.02	-13.07	4.12	25.90
1531258	damage	bot-1805	alpha	bot-1790	bravo	cz_805_bren	bullet	24.00	43.04	2.88	-12.87	-12.84	4.11	23.14
1531307	damage	bot-1775	alpha	bot-1790	bravo	five_seven	bullet	20.00	23.04	10.77	-6.01	-12.84	4.11	25.68
1531657	damage	bot-1801	alpha	bot-1796	bravo	five_seven	bullet	20.00	52.41	5.79	-19.64	12.65	-25.62	9.10
1532333	damage	bot-1781	alpha	bot-1806	bravo	cz_805_bren	bullet	24.00	76.00	-13.69	10.53	22.81	-9.52	41.65
1532478	damage	bot-1781	alpha	bot-1806	bravo	cz_805_bren	bullet	24.00	52.00	-13.69	10.53	22.81	-9.52	41.65
1532537	damage	bot-1801	alpha	bot-1804	bravo	five_seven	bullet	20.00	80.00	5.84	-19.82	17.60	-23.98	12.47
1532609	damage	bot-1781	alpha	bot-1806	bravo	cz_805_bren	bullet	24.00	28.00	-13.69	10.53	22.85	-9.68	41.75
1532685	damage	bot-1801	alpha	bot-1804	bravo	five_seven	bullet	20.00	60.00	5.84	-19.82	17.63	-23.98	12.50
1532772	damage	bot-1781	alpha	bot-1806	bravo	cz_805_bren	bullet	24.00	4.00	-13.69	10.53	22.88	-9.83	41.86
1532923	kill	bot-1781	alpha	bot-1806	bravo	cz_805_bren	bullet	24.00	0.00	-13.69	10.53	22.91	-9.99	41.96
1532923	damage	bot-1804	bravo	bot-1801	alpha	five_seven	bullet	20.00	80.00	17.82	-23.64	5.84	-19.85	12.56
1533003	damage	bot-1801	alpha	bot-1804	bravo	five_seven	bullet	20.00	40.00	5.77	-20.03	17.64	-23.94	12.50
1533084	damage	bot-1804	bravo	bot-1801	alpha	five_seven	bullet	20.00	60.00	17.64	-23.94	5.64	-20.17	12.58
1533156	damage	bot-1801	alpha	bot-1804	bravo	five_seven	bullet	20.00	20.00	5.51	-20.24	17.96	-24.10	13.04
1533497	kill	bot-1801	alpha	bot-1804	bravo	five_seven	bullet	20.00	0.00	4.24	-19.35	19.30	-24.15	15.81
1534267	damage	bot-1796	bravo	bot-1801	alpha	m1911	bullet	33.00	27.00	12.31	-26.31	1.34	-15.61	15.32
1534691	damage	bot-1797	alpha	bot-1808	bravo	cz_805_bren	bullet	24.00	76.00	26.75	7.54	25.26	-24.76	32.34
1534965	damage	bot-1801	alpha	bot-1796	bravo	five_seven	bullet	20.00	52.12	0.37	-14.33	12.52	-26.46	17.17
1536732	damage	bot-1767	alpha	bot-1810	bravo	five_seven	bullet	20.00	80.00	15.37	14.25	19.95	16.20	4.99
1536929	damage	bot-1805	alpha	bot-1790	bravo	cz_805_bren	bullet	24.00	48.26	-5.10	-4.00	-8.73	4.61	9.35
1537026	damage	bot-1789	alpha	bot-1796	bravo	cz_805_bren	bullet	24.00	28.12	13.64	11.06	22.24	-26.75	38.78
1537076	damage	bot-1805	alpha	bot-1790	bravo	cz_805_bren	bullet	24.00	24.26	-5.10	-4.00	-8.88	4.76	9.54
1537188	damage	bot-1789	alpha	bot-1796	bravo	cz_805_bren	bullet	24.00	4.12	13.65	11.08	22.24	-26.75	38.79
1537188	damage	bot-1805	alpha	bot-1790	bravo	cz_805_bren	bullet	24.00	0.26	-5.10	-4.00	-8.95	4.86	9.66
1537307	kill	bot-1789	alpha	bot-1796	bravo	cz_805_bren	bullet	24.00	0.00	13.66	11.10	22.24	-26.75	38.81
1537307	kill	bot-1805	alpha	bot-1790	bravo	cz_805_bren	bullet	24.00	0.00	-5.10	-4.00	-9.05	4.95	9.78
1538298	damage	bot-1812	bravo	bot-1813	alpha	five_seven	bullet	20.00	80.00	13.26	-23.73	-2.44	-15.38	17.78
1538480	damage	bot-1810	bravo	bot-1685	alpha	cz_805_bren	bullet	24.00	48.32	22.25	18.07	5.53	18.36	16.72
1538480	damage	bot-1812	bravo	bot-1813	alpha	five_seven	bullet	20.00	60.00	13.26	-23.73	-2.44	-15.38	17.78
1538550	damage	bot-1685	alpha	bot-1810	bravo	cz_805_bren	bullet	24.00	56.00	5.53	18.36	22.25	18.07	16.72
1538855	damage	bot-1810	bravo	bot-1685	alpha	cz_805_bren	bullet	24.00	24.32	23.43	16.81	5.04	18.35	18.45
1539381	damage	bot-1685	alpha	bot-1810	bravo	cz_805_bren	bullet	24.00	32.00	4.27	18.33	25.95	14.12	22.09
1545262	damage	bot-1789	alpha	bot-1814	bravo	cz_805_bren	bullet	24.00	76.00	24.05	14.42	26.74	13.21	2.96
1545427	damage	bot-1789	alpha	bot-1814	bravo	cz_805_bren	bullet	24.00	52.00	23.90	14.58	26.74	13.28	3.12
1545543	damage	bot-1789	alpha	bot-1814	bravo	cz_805_bren	bullet	24.00	28.00	23.80	14.68	26.69	13.29	3.21
1545696	damage	bot-1789	alpha	bot-1814	bravo	cz_805_bren	bullet	24.00	4.00	23.64	14.83	26.67	13.07	3.50
1545863	kill	bot-1789	alpha	bot-1814	bravo	cz_805_bren	bullet	24.00	0.00	23.49	14.99	26.67	12.83	3.84
1546303	damage	bot-1789	alpha	bot-1818	bravo	cz_805_bren	bullet	24.00	76.00	22.30	14.70	26.62	15.48	4.39
1546419	damage	bot-1789	alpha	bot-1818	bravo	cz_805_bren	bullet	24.00	52.00	21.68	14.52	26.64	15.48	5.05
1546573	damage	bot-1685	alpha	bot-1818	bravo	cz_805_bren	bullet	24.00	28.00	2.10	18.23	26.65	15.47	24.71
1548042	damage	bot-1781	alpha	bot-1817	bravo	cz_805_bren	bullet	24.00	76.00	-8.48	7.74	19.44	6.63	27.94
1548186	damage	bot-1781	alpha	bot-1817	bravo	cz_805_bren	bullet	24.00	52.00	-8.48	7.74	19.40	6.76	27.90
1548346	damage	bot-1781	alpha	bot-1817	bravo	cz_805_bren	bullet	24.00	28.00	-8.48	7.74	19.38	6.92	27.87
1548502	damage	bot-1751	alpha	bot-1810	bravo	five_seven	bullet	20.00	52.01	-17.11	26.01	26.78	13.41	45.66
1548577	damage	bot-1819	bravo	bot-1779	alpha	five_seven	bullet	20.00	76.53	20.24	-20.24	16.69	-5.86	14.82
1548972	damage	bot-1819	bravo	bot-1769	alpha	five_seven	bullet	20.00	75.14	20.24	-20.24	16.63	-4.00	16.64
1549116	damage	bot-1819	bravo	bot-1769	alpha	five_seven	bullet	20.00	55.14	20.24	-20.24	16.65	-4.15	16.49
1549307	damage	bot-1819	bravo	bot-1769	alpha	five_seven	bullet	20.00	35.14	20.24	-20.24	16.47	-3.20	17.46
1550249	damage	bot-1775	alpha	bot-1816	bravo	five_seven	bullet	20.00	70.06	-1.92	-14.10	18.98	11.24	32.85
1550393	kill	bot-1819	bravo	bot-1771	alpha	m24	bullet	95.00	0.00	20.24	-20.24	15.67	0.17	20.92
1550588	damage	bot-1775	alpha	bot-1816	bravo	five_seven	bullet	20.00	50.06	-1.87	-14.09	18.99	11.24	32.81
1551244	damage	bot-1819	bravo	bot-1805	alpha	five_seven	bullet	20.00	79.54	20.24	-20.24	7.47	-20.82	12.78
1551397	damage	bot-1819	bravo	bot-1805	alpha	five_seven	bullet	20.00	59.54	20.24	-20.24	8.05	-20.80	12.21
1551556	damage	bot-1819	bravo	bot-1805	alpha	five_seven	bullet	20.00	39.54	20.24	-20.24	7.34	-20.78	12.92
1551753	damage	bot-1805	alpha	bot-1819	bravo	cz_805_bren	bullet	24.00	76.00	6.64	-20.64	20.24	-20.24	13.61
1551753	damage	bot-1819	bravo	bot-1805	alpha	five_seven	bullet	20.00	19.54	20.24	-20.24	6.33	-20.81	13.93
1551946	kill	bot-1819	bravo	bot-1805	alpha	five_seven	bullet	20.00	0.00	20.24	-20.24	5.41	-21.14	14.86
1552166	damage	bot-1819	bravo	bot-1823	alpha	five_seven	bullet	20.00	80.00	20.24	-20.24	11.24	-22.72	9.33
1552342	damage	bot-1819	bravo	bot-1823	alpha	five_seven	bullet	20.00	60.00	20.24	-20.24	11.24	-22.72	9.33
1552518	damage	bot-1823	alpha	bot-1819	bravo	cz_805_bren	bullet	24.00	52.00	10.65	-23.39	20.24	-20.24	10.10
1553064	damage	bot-1819	bravo	bot-1823	alpha	five_seven	bullet	20.00	41.10	21.08	-17.57	8.25	-24.80	14.73
1555152	damage	bot-1779	alpha	bot-1819	bravo	cz_805_bren	bullet	24.00	33.10	17.23	-5.86	24.18	-13.35	10.22
1555295	damage	bot-1779	alpha	bot-1819	bravo	cz_805_bren	bullet	24.00	10.90	17.22	-5.85	24.18	-13.35	10.23
1555463	kill	bot-1779	alpha	bot-1819	bravo	cz_805_bren	bullet	24.00	0.00	17.22	-5.85	24.18	-13.35	10.24
1555629	damage	bot-1824	bravo	bot-1825	alpha	five_seven	bullet	20.00	80.00	23.72	-13.31	21.71	-3.04	10.47
1555720	damage	bot-1779	alpha	bot-1824	bravo	cz_805_bren	bullet	24.00	76.00	17.18	-5.54	23.72	-13.31	10.16
1555806	damage	bot-1824	bravo	bot-1825	alpha	five_seven	bullet	20.00	60.00	23.72	-13.31	21.58	-3.06	10.47
1555891	damage	bot-1779	alpha	bot-1824	bravo	cz_805_bren	bullet	24.00	52.00	17.18	-5.55	23.72	-13.31	10.15
1555891	damage	bot-1825	alpha	bot-1824	bravo	cz_805_bren	bullet	24.00	28.00	21.54	-3.00	23.90	-13.61	10.87
1555991	damage	bot-1824	bravo	bot-1825	alpha	five_seven	bullet	20.00	40.00	23.90	-13.61	21.51	-2.93	10.94
1556096	damage	bot-1779	alpha	bot-1824	bravo	cz_805_bren	bullet	24.00	4.00	17.18	-5.57	24.09	-13.91	10.84
1556207	kill	bot-1779	alpha	bot-1824	bravo	cz_805_bren	bullet	24.00	0.00	17.17	-5.58	24.28	-14.22	11.18
1557646	damage	bot-1815	alpha	bot-1826	bravo	five_seven	bullet	20.00	80.00	-23.04	-26.73	-22.69	-20.61	6.12
1557875	damage	bot-1815	alpha	bot-1826	bravo	five_seven	bullet	20.00	60.00	-23.04	-26.73	-22.69	-20.61	6.12
1558043	damage	bot-1815	alpha	bot-1826	bravo	five_seven	bullet	20.00	40.00	-23.04	-26.73	-22.58	-20.50	6.25
1558232	damage	bot-1815	alpha	bot-1826	bravo	five_seven	bullet	20.00	20.00	-23.05	-26.73	-22.48	-20.37	6.38
1558434	kill	bot-1815	alpha	bot-1826	bravo	five_seven	bullet	20.00	0.00	-23.05	-26.73	-22.38	-20.25	6.52
1559015	damage	bot-1815	alpha	bot-1828	bravo	five_seven	bullet	20.00	80.00	-23.05	-26.73	-25.79	-19.74	7.51
1559276	damage	bot-1815	alpha	bot-1828	bravo	five_seven	bullet	20.00	60.00	-23.06	-26.73	-25.79	-19.74	7.51
1559910	damage	bot-1815	alpha	bot-1828	bravo	m1911	bullet	33.00	27.00	-23.06	-26.73	-25.87	-19.32	7.93
1560310	kill	bot-1815	alpha	bot-1828	bravo	m1911	bullet	33.00	0.00	-23.06	-26.73	-25.90	-19.00	8.24
1560492	damage	bot-1725	alpha	bot-1829	bravo	cz_805_bren	bullet	24.00	76.00	-10.14	-3.03	13.16	4.72	24.55
1560492	damage	bot-1813	alpha	bot-1829	bravo	cz_805_bren	bullet	24.00	52.00	1.99	-8.22	13.16	4.72	17.09
1560609	damage	bot-1725	alpha	bot-1829	bravo	cz_805_bren	bullet	24.00	28.00	-10.14	-3.03	13.25	5.04	24.74
1560724	damage	bot-1685	alpha	bot-1810	bravo	cz_805_bren	bullet	24.00	48.09	5.75	21.05	26.74	13.13	22.44
1560724	damage	bot-1813	alpha	bot-1829	bravo	cz_805_bren	bullet	24.00	4.00	1.99	-8.22	13.36	5.36	17.71
1560864	damage	bot-1685	alpha	bot-1810	bravo	cz_805_bren	bullet	24.00	24.09	5.75	21.05	26.74	13.13	22.44
1560999	kill	bot-1813	alpha	bot-1829	bravo	cz_805_bren	bullet	24.00	0.00	1.99	-8.22	13.24	5.48	17.73
1562662	damage	bot-1725	alpha	bot-1831	bravo	cz_805_bren	bullet	24.00	76.00	-10.17	-3.07	-4.75	-3.75	5.47
1562662	damage	bot-1827	alpha	bot-1831	bravo	five_seven	bullet	20.00	56.00	20.33	-3.49	-4.75	-3.75	25.08
1562868	damage	bot-1831	bravo	bot-1767	alpha	five_seven	bullet	20.00	51.23	-5.19	-4.31	-7.11	12.05	16.47
1563271	damage	bot-1825	alpha	bot-1831	bravo	cz_805_bren	bullet	24.00	32.00	21.07	-2.66	-6.07	-5.43	27.29
1563667	damage	bot-1725	alpha	bot-1831	bravo	cz_805_bren	bullet	24.00	8.00	-12.54	-3.22	-6.62	-6.35	6.70
1564873	damage	bot-1831	bravo	bot-1775	alpha	five_seven	bullet	20.00	49.52	-8.97	-8.51	-11.92	-4.77	4.76
1565046	damage	bot-1831	bravo	bot-1775	alpha	five_seven	bullet	20.00	29.52	-9.21	-8.72	-12.44	-4.23	5.52
1565149	damage	bot-1810	bravo	bot-1832	alpha	cz_805_bren	bullet	24.00	76.00	26.81	0.86	23.71	-2.91	4.88
1565240	kill	bot-1775	alpha	bot-1831	bravo	five_seven	bullet	20.00	0.00	-12.71	-3.94	-8.82	-9.07	6.44
1565878	damage	bot-1685	alpha	bot-1833	bravo	cz_805_bren	bullet	24.00	76.00	-3.90	26.45	-13.29	22.83	10.07
1566334	damage	bot-1685	alpha	bot-1833	bravo	cz_805_bren	bullet	24.00	52.00	-5.28	26.88	-12.39	22.76	8.22
1566442	damage	bot-1832	alpha	bot-1810	bravo	cz_805_bren	bullet	24.00	0.09	20.35	-6.15	26.76	-5.05	6.50
1567082	damage	bot-1685	alpha	bot-1833	bravo	cz_805_bren	bullet	24.00	28.00	-7.00	26.76	-17.01	22.75	10.78
1567139	damage	bot-1833	bravo	bot-1685	alpha	five_seven	bullet	20.00	36.63	-17.01	22.76	-7.00	26.76	10.78
1567312	damage	bot-1833	bravo	bot-1685	alpha	five_seven	bullet	20.00	19.32	-17.01	22.76	-7.00	26.76	10.78
1567462	damage	bot-1833	bravo	bot-1685	alpha	five_seven	bullet	20.00	1.99	-17.01	22.76	-7.02	26.77	10.77
1567886	kill	bot-1825	alpha	bot-1810	bravo	cz_805_bren	bullet	24.00	0.00	20.50	-3.10	26.76	-14.19	12.73
1568963	damage	bot-1685	alpha	bot-1835	bravo	cz_805_bren	bullet	24.00	76.00	-7.76	26.78	-3.29	20.82	7.45
1569012	damage	bot-1835	bravo	bot-1751	alpha	cz_805_bren	bullet	24.00	36.64	-3.07	20.59	-7.75	25.95	7.12
1569128	damage	bot-1685	alpha	bot-1835	bravo	cz_805_bren	bullet	24.00	52.00	-8.00	26.81	-2.84	20.36	8.26
1569490	damage	bot-1685	alpha	bot-1835	bravo	cz_805_bren	bullet	24.00	28.00	-8.70	26.81	-1.35	19.87	10.10
1569490	kill	bot-1834	bravo	bot-1685	alpha	cz_805_bren	bullet	24.00	0.00	-19.00	21.84	-9.07	26.79	11.10
1569733	damage	bot-1747	alpha	bot-1835	bravo	cz_805_bren	bullet	24.00	4.00	-9.55	-16.38	-1.30	18.41	35.76
1569871	kill	bot-1747	alpha	bot-1835	bravo	cz_805_bren	bullet	24.00	0.00	-9.55	-16.37	-1.28	17.91	35.26
1570589	damage	bot-1765	alpha	bot-1836	bravo	cz_805_bren	bullet	24.00	76.00	-12.99	-7.21	-1.76	5.25	16.77
1570633	damage	bot-1747	alpha	bot-1836	bravo	cz_805_bren	bullet	24.00	52.00	-8.97	-15.94	-1.76	5.25	22.38
1570772	damage	bot-1747	alpha	bot-1836	bravo	cz_805_bren	bullet	24.00	28.00	-8.95	-15.92	-1.77	6.05	23.12
1570834	damage	bot-1765	alpha	bot-1836	bravo	cz_805_bren	bullet	24.00	4.00	-12.99	-7.21	-1.77	6.37	17.62
1570905	kill	bot-1747	alpha	bot-1836	bravo	cz_805_bren	bullet	24.00	0.00	-8.93	-15.90	-1.78	6.68	23.69
1572700	damage	bot-1765	alpha	bot-1838	bravo	cz_805_bren	bullet	24.00	76.00	-11.36	-6.08	5.48	3.37	19.32
1572788	damage	bot-1725	alpha	bot-1838	bravo	cz_805_bren	bullet	24.00	52.00	-9.21	-2.49	5.48	3.37	15.81
1572832	damage	bot-1765	alpha	bot-1838	bravo	cz_805_bren	bullet	24.00	28.00	-11.36	-6.08	5.53	3.42	19.38
1572880	damage	bot-1747	alpha	bot-1838	bravo	cz_805_bren	bullet	24.00	4.00	-8.77	-13.64	5.57	3.47	22.33
1572880	kill	bot-1815	alpha	bot-1838	bravo	five_seven	bullet	20.00	0.00	-8.73	-20.36	5.57	3.47	27.79
1574870	damage	bot-1747	alpha	bot-1839	bravo	cz_805_bren	bullet	24.00	76.00	-8.65	-13.66	13.75	11.75	33.87
1574870	damage	bot-1834	bravo	bot-1683	alpha	cz_805_bren	bullet	24.00	71.35	-14.43	18.05	-19.22	18.46	4.81
1574920	damage	bot-1837	alpha	bot-1839	bravo	cz_805_bren	bullet	24.00	52.00	9.73	-4.82	13.74	11.75	17.05
1574965	damage	bot-1815	alpha	bot-1839	bravo	five_seven	bullet	20.00	32.00	-8.73	-18.29	13.93	12.04	37.86
1575012	damage	bot-1747	alpha	bot-1839	bravo	cz_805_bren	bullet	24.00	8.00	-8.64	-13.66	14.11	12.31	34.53
1575012	damage	bot-1834	bravo	bot-1683	alpha	cz_805_bren	bullet	24.00	47.35	-14.67	18.04	-19.22	18.66	4.60
1575059	kill	bot-1837	alpha	bot-1839	bravo	cz_805_bren	bullet	24.00	0.00	9.71	-4.83	14.29	12.57	18.00
1576707	damage	bot-1765	alpha	bot-1840	bravo	cz_805_bren	bullet	24.00	76.00	-7.67	-6.75	-2.25	-9.25	5.96
1576808	damage	bot-1815	alpha	bot-1840	bravo	five_seven	bullet	20.00	56.00	-8.73	-16.34	-2.25	-9.25	9.60
1576988	damage	bot-1815	alpha	bot-1840	bravo	five_seven	bullet	20.00	36.00	-8.74	-16.33	-1.52	-8.51	10.64
1577133	damage	bot-1815	alpha	bot-1840	bravo	five_seven	bullet	20.00	16.00	-8.75	-16.33	-0.82	-7.81	11.64
1577180	damage	bot-1834	bravo	bot-1683	alpha	cz_805_bren	bullet	24.00	23.35	-18.11	22.61	-24.12	23.67	6.10
1577268	kill	bot-1775	alpha	bot-1840	bravo	five_seven	bullet	20.00	0.00	-10.33	-6.35	-0.13	-7.12	10.23
1577313	kill	bot-1834	bravo	bot-1683	alpha	cz_805_bren	bullet	24.00	0.00	-17.15	22.63	-24.12	23.66	7.04
1578544	damage	bot-1834	bravo	bot-1767	alpha	cz_805_bren	bullet	24.00	48.77	-18.78	22.34	-24.15	23.63	5.52
1578931	damage	bot-1725	alpha	bot-1841	bravo	cz_805_bren	bullet	24.00	76.00	-8.10	-2.07	-0.25	5.25	10.73
1579070	damage	bot-1725	alpha	bot-1841	bravo	cz_805_bren	bullet	24.00	52.00	-8.10	-2.07	-0.25	5.25	10.73
1579070	damage	bot-1815	alpha	bot-1841	bravo	five_seven	bullet	20.00	32.00	-7.32	-15.51	-0.25	5.25	21.93
1579203	damage	bot-1725	alpha	bot-1841	bravo	cz_805_bren	bullet	24.00	8.00	-8.10	-2.07	-0.11	5.29	10.86
1579256	kill	bot-1815	alpha	bot-1841	bravo	five_seven	bullet	20.00	0.00	-7.30	-15.50	-0.04	5.31	22.04
1579473	damage	bot-1834	bravo	bot-1767	alpha	cz_805_bren	bullet	24.00	24.77	-19.22	18.37	-26.30	26.73	10.96
1579586	damage	bot-1834	bravo	bot-1767	alpha	cz_805_bren	bullet	24.00	0.77	-18.85	18.00	-26.30	26.73	11.48
1579646	damage	bot-1767	alpha	bot-1834	bravo	five_seven	bullet	20.00	39.58	-26.30	26.73	-18.50	17.98	11.73
1579701	kill	bot-1834	bravo	bot-1767	alpha	cz_805_bren	bullet	24.00	0.00	-18.15	17.95	-26.30	26.73	11.99
1582003	damage	bot-1822	bravo	bot-1725	alpha	cz_805_bren	bullet	24.00	46.69	19.04	8.13	-6.37	-1.24	27.08
1582166	damage	bot-1822	bravo	bot-1725	alpha	cz_805_bren	bullet	24.00	22.69	19.04	8.13	-6.51	-1.42	27.27
1582322	kill	bot-1822	bravo	bot-1725	alpha	cz_805_bren	bullet	24.00	0.00	19.04	8.13	-6.66	-1.62	27.48
1582322	damage	bot-1843	bravo	bot-1837	alpha	five_seven	bullet	20.00	80.00	9.25	15.75	11.79	5.58	10.48
1582465	damage	bot-1843	bravo	bot-1837	alpha	five_seven	bullet	20.00	60.00	9.25	15.75	11.92	5.92	10.19
1582604	damage	bot-1837	alpha	bot-1843	bravo	cz_805_bren	bullet	24.00	76.00	12.33	5.52	9.25	15.75	10.68
1582733	damage	bot-1837	alpha	bot-1843	bravo	cz_805_bren	bullet	24.00	52.00	12.98	4.89	9.25	15.75	11.48
1582870	damage	bot-1837	alpha	bot-1843	bravo	cz_805_bren	bullet	24.00	28.00	13.64	4.24	9.25	16.50	13.02
1583007	damage	bot-1837	alpha	bot-1843	bravo	cz_805_bren	bullet	24.00	4.00	14.31	3.60	9.25	17.46	14.75
1583007	damage	bot-1843	bravo	bot-1837	alpha	five_seven	bullet	20.00	40.00	9.25	17.46	14.55	3.38	15.04
1583108	kill	bot-1846	alpha	bot-1843	bravo	cz_805_bren	bullet	24.00	0.00	13.75	9.75	8.46	18.10	9.88
1583408	damage	bot-1845	bravo	bot-1844	alpha	cz_805_bren	bullet	24.00	76.00	18.70	7.23	6.75	6.75	11.96
1583548	damage	bot-1845	bravo	bot-1844	alpha	cz_805_bren	bullet	24.00	52.00	18.70	7.23	6.75	6.75	11.96
1583702	damage	bot-1845	bravo	bot-1844	alpha	cz_805_bren	bullet	24.00	28.00	18.70	7.23	6.63	6.63	12.09
1583888	damage	bot-1845	bravo	bot-1844	alpha	cz_805_bren	bullet	24.00	4.00	18.70	7.23	6.52	6.52	12.21
1584054	kill	bot-1845	bravo	bot-1844	alpha	cz_805_bren	bullet	24.00	0.00	18.70	7.23	6.40	6.40	12.33
1585260	damage	bot-1822	bravo	bot-1775	alpha	cz_805_bren	bullet	24.00	48.30	19.03	8.12	-6.44	-1.66	27.28
1585396	damage	bot-1822	bravo	bot-1775	alpha	cz_805_bren	bullet	24.00	24.30	19.03	8.12	-6.60	-1.83	27.49
1585529	damage	bot-1775	alpha	bot-1822	bravo	five_seven	bullet	20.00	52.89	-6.69	-1.94	19.03	8.12	27.62
1585529	damage	bot-1822	bravo	bot-1775	alpha	cz_805_bren	bullet	24.00	0.30	19.03	8.12	-6.74	-1.99	27.68
1590464	damage	bot-1845	bravo	bot-1846	alpha	cz_805_bren	bullet	24.00	76.00	17.25	5.88	13.65	10.29	5.69
1590608	damage	bot-1845	bravo	bot-1846	alpha	cz_805_bren	bullet	24.00	52.00	17.25	5.68	13.63	10.34	5.90
1590760	damage	bot-1845	bravo	bot-1846	alpha	cz_805_bren	bullet	24.00	28.00	17.25	5.54	13.67	10.58	6.18
1590907	damage	bot-1847	bravo	bot-1751	alpha	cz_805_bren	bullet	24.00	48.30	-9.79	24.44	-4.07	20.87	6.75
1590957	kill	bot-1801	alpha	bot-1851	bravo	m24	bullet	95.00	0.00	13.34	2.26	1.31	-11.56	18.32
1591095	damage	bot-1846	alpha	bot-1845	bravo	cz_805_bren	bullet	24.00	76.00	13.75	11.15	17.39	5.32	6.87
1591271	damage	bot-1751	alpha	bot-1847	bravo	m1911	bullet	33.00	67.00	-5.35	19.68	-9.69	24.13	6.22
1591271	damage	bot-1846	alpha	bot-1845	bravo	cz_805_bren	bullet	24.00	52.00	13.78	11.38	17.68	4.86	7.60
1591949	damage	bot-1850	bravo	bot-1751	alpha	m1911	bullet	33.00	15.30	-3.60	20.18	-5.73	16.35	4.38
1594725	damage	bot-1847	bravo	bot-1853	alpha	cz_805_bren	bullet	24.00	76.00	-7.25	22.25	-4.17	17.48	5.68
1594835	damage	bot-1847	bravo	bot-1853	alpha	cz_805_bren	bullet	24.00	52.00	-7.25	22.25	-4.12	17.51	5.68
1594950	damage	bot-1847	bravo	bot-1853	alpha	cz_805_bren	bullet	24.00	28.00	-7.25	22.25	-3.99	17.39	5.86
1595060	kill	bot-1852	bravo	bot-1787	alpha	cz_805_bren	bullet	24.00	0.00	-18.54	22.68	-21.76	-11.19	34.03
1595060	damage	bot-1853	alpha	bot-1847	bravo	five_seven	bullet	20.00	47.00	-3.90	17.25	-7.25	22.25	6.02
1595212	damage	bot-1853	alpha	bot-1847	bravo	five_seven	bullet	20.00	27.00	-3.77	17.07	-7.31	22.44	6.44
1595212	damage	bot-1855	alpha	bot-1847	bravo	five_seven	bullet	20.00	7.00	-5.31	10.23	-7.31	22.44	12.37
1595399	damage	bot-1847	bravo	bot-1853	alpha	cz_805_bren	bullet	24.00	4.00	-7.51	22.57	-3.63	16.88	6.89
1595399	kill	bot-1853	alpha	bot-1847	bravo	five_seven	bullet	20.00	0.00	-3.63	16.88	-7.58	22.62	6.97
1597323	damage	bot-1853	alpha	bot-1849	bravo	five_seven	bullet	20.00	80.00	-3.84	15.47	-8.09	22.75	8.43
1597611	damage	bot-1853	alpha	bot-1850	bravo	five_seven	bullet	20.00	80.00	-4.10	13.77	-4.25	19.11	5.35
1598209	damage	bot-1751	alpha	bot-1850	bravo	m1911	bullet	33.00	47.00	-0.30	12.59	-4.22	18.33	6.95
1598648	damage	bot-1747	alpha	bot-1849	bravo	cz_805_bren	bullet	24.00	56.00	3.99	-2.72	-7.57	22.80	28.02
1598936	damage	bot-1849	bravo	bot-1751	alpha	five_seven	bullet	20.00	52.23	-7.77	23.11	-0.30	13.28	12.34
1599497	damage	bot-1859	alpha	bot-1834	bravo	cz_805_bren	bullet	24.00	48.14	-17.31	7.56	-25.48	24.01	18.36
1599841	damage	bot-1852	bravo	bot-1855	alpha	cz_805_bren	bullet	24.00	76.00	-7.26	22.43	-1.25	6.75	16.79
1599968	damage	bot-1852	bravo	bot-1855	alpha	cz_805_bren	bullet	24.00	52.00	-7.27	22.42	-0.59	6.75	17.04
1600814	damage	bot-1859	alpha	bot-1834	bravo	cz_805_bren	bullet	24.00	25.04	-16.43	8.56	-26.13	25.09	19.17
1601181	damage	bot-1861	alpha	bot-1860	bravo	five_seven	bullet	20.00	80.00	-23.25	14.24	-20.24	24.99	11.16
1601346	damage	bot-1861	alpha	bot-1860	bravo	five_seven	bullet	20.00	60.00	-23.24	14.23	-20.25	24.97	11.14
1601498	damage	bot-1859	alpha	bot-1834	bravo	cz_805_bren	bullet	24.00	11.77	-17.16	7.83	-26.13	25.09	19.45
1601635	kill	bot-1859	alpha	bot-1834	bravo	cz_805_bren	bullet	24.00	0.00	-17.16	7.83	-26.13	25.09	19.45
1602157	damage	bot-1852	bravo	bot-1775	alpha	cz_805_bren	bullet	24.00	48.87	-5.66	22.52	-1.91	-9.87	32.60
1602285	damage	bot-1852	bravo	bot-1775	alpha	cz_805_bren	bullet	24.00	24.87	-5.66	22.52	-1.40	-9.36	32.17
1603095	damage	bot-1822	bravo	bot-1775	alpha	cz_805_bren	bullet	24.00	0.87	18.93	10.94	2.33	-8.16	25.30
1603709	damage	bot-1765	alpha	bot-1852	bravo	cz_805_bren	bullet	24.00	76.00	1.94	-9.71	-5.47	22.03	32.59
1604041	damage	bot-1765	alpha	bot-1852	bravo	cz_805_bren	bullet	24.00	52.00	1.95	-9.69	-5.40	21.96	32.50
1604041	kill	bot-1852	bravo	bot-1801	alpha	cz_805_bren	bullet	24.00	0.00	-5.40	21.96	7.32	21.68	12.72
1604222	damage	bot-1765	alpha	bot-1852	bravo	cz_805_bren	bullet	24.00	28.00	1.95	-9.69	-5.28	22.08	32.58
1604297	damage	bot-1775	alpha	bot-1854	bravo	m1911	bullet	33.00	67.00	5.69	-11.17	-7.34	22.47	36.08
1604599	damage	bot-1852	bravo	bot-1846	alpha	cz_805_bren	bullet	24.00	26.82	-4.78	23.05	9.33	17.58	15.14
1605236	damage	bot-1859	alpha	bot-1849	bravo	cz_805_bren	bullet	24.00	48.15	-18.96	12.40	-19.24	20.63	8.23
1605353	damage	bot-1859	alpha	bot-1849	bravo	cz_805_bren	bullet	24.00	24.15	-18.96	12.40	-19.24	20.80	8.40
1605407	damage	bot-1765	alpha	bot-1854	bravo	cz_805_bren	bullet	24.00	43.00	1.58	-9.70	-7.76	22.98	34.00
1605506	damage	bot-1859	alpha	bot-1849	bravo	cz_805_bren	bullet	24.00	0.15	-18.96	12.40	-19.24	21.30	8.91
1605563	damage	bot-1852	bravo	bot-1846	alpha	cz_805_bren	bullet	24.00	2.82	-4.35	26.74	10.22	16.74	17.67
1605704	damage	bot-1849	bravo	bot-1861	alpha	five_seven	bullet	20.00	80.00	-19.02	22.23	-19.25	17.09	5.15
1606341	damage	bot-1791	alpha	bot-1850	bravo	five_seven	bullet	20.00	52.15	2.34	-7.65	-7.62	23.29	32.50
1606468	damage	bot-1765	alpha	bot-1850	bravo	cz_805_bren	bullet	24.00	28.15	1.62	-9.47	-8.17	23.75	34.63
1606548	damage	bot-1791	alpha	bot-1850	bravo	five_seven	bullet	20.00	8.15	2.35	-7.67	-8.45	23.98	33.43
1607497	kill	bot-1862	bravo	bot-1846	alpha	five_seven	bullet	20.00	0.00	17.81	-14.05	14.22	12.79	27.08
1607625	damage	bot-1860	bravo	bot-1861	alpha	cz_805_bren	bullet	24.00	56.00	-20.80	23.57	-19.26	15.17	8.54
1607723	damage	bot-1861	alpha	bot-1860	bravo	five_seven	bullet	20.00	28.37	-19.26	15.02	-21.54	24.13	9.39
1607770	damage	bot-1860	bravo	bot-1861	alpha	cz_805_bren	bullet	24.00	32.00	-21.54	24.13	-19.26	14.95	9.46
1607869	damage	bot-1861	alpha	bot-1860	bravo	five_seven	bullet	20.00	8.37	-19.26	14.79	-22.28	24.71	10.36
1608423	kill	bot-1862	bravo	bot-1769	alpha	five_seven	bullet	20.00	0.00	17.93	-13.70	14.30	9.49	23.47
1609331	damage	bot-1852	bravo	bot-1779	alpha	m1911	bullet	33.00	39.84	-4.28	26.75	15.21	15.11	22.70
1609611	damage	bot-1779	alpha	bot-1865	bravo	cz_805_bren	bullet	24.00	76.00	15.09	14.94	16.01	17.59	2.81
1609672	damage	bot-1852	bravo	bot-1779	alpha	m1911	bullet	33.00	6.84	-4.28	26.75	15.00	14.81	22.67
1609724	damage	bot-1779	alpha	bot-1865	bravo	cz_805_bren	bullet	24.00	52.00	15.00	14.81	16.01	17.59	2.96
1610004	damage	bot-1779	alpha	bot-1865	bravo	cz_805_bren	bullet	24.00	28.00	14.77	14.49	17.30	18.90	5.09
1610004	damage	bot-1865	bravo	bot-1821	alpha	cz_805_bren	bullet	24.00	48.06	17.30	18.90	9.25	15.75	8.64
1610135	damage	bot-1865	bravo	bot-1821	alpha	cz_805_bren	bullet	24.00	24.06	17.82	19.41	9.25	15.66	9.35
1610201	kill	bot-1830	alpha	bot-1865	bravo	m1911	bullet	33.00	0.00	15.17	15.62	18.08	19.67	4.99
1610514	damage	bot-1852	bravo	bot-1830	alpha	m1911	bullet	33.00	39.60	-4.28	26.75	15.13	15.59	22.39
1610607	kill	bot-1862	bravo	bot-1779	alpha	five_seven	bullet	20.00	0.00	17.83	-11.13	13.14	13.11	24.69
1611163	damage	bot-1863	bravo	bot-1855	alpha	five_seven	bullet	20.00	52.15	17.66	-15.85	16.52	-3.43	12.47
1611305	damage	bot-1863	bravo	bot-1855	alpha	five_seven	bullet	20.00	32.15	17.66	-15.86	16.38	-3.24	12.69
1611403	damage	bot-1848	alpha	bot-1867	bravo	cz_805_bren	bullet	24.00	76.00	11.44	9.15	21.75	5.75	10.85
1611403	damage	bot-1867	bravo	bot-1848	alpha	five_seven	bullet	20.00	52.74	21.75	5.75	11.44	9.15	10.86
1611453	damage	bot-1855	alpha	bot-1862	bravo	five_seven	bullet	20.00	80.00	16.29	-3.12	17.78	-10.93	7.95
1611563	damage	bot-1848	alpha	bot-1867	bravo	cz_805_bren	bullet	24.00	52.00	11.30	9.04	21.75	5.75	10.96
1611563	damage	bot-1867	bravo	bot-1848	alpha	five_seven	bullet	20.00	32.74	21.75	5.75	11.21	8.99	11.03
1611651	damage	bot-1855	alpha	bot-1862	bravo	five_seven	bullet	20.00	60.00	16.14	-2.93	17.77	-10.70	7.94
1611651	damage	bot-1862	bravo	bot-1855	alpha	five_seven	bullet	20.00	12.15	17.77	-10.70	16.10	-2.85	8.02
1613093	damage	bot-1862	bravo	bot-1807	alpha	five_seven	bullet	20.00	49.56	20.56	-11.02	14.54	3.99	16.17
1613243	damage	bot-1807	alpha	bot-1864	bravo	m1911	bullet	33.00	44.94	14.52	4.14	16.92	-5.84	10.27
1613785	damage	bot-1870	alpha	bot-1864	bravo	cz_805_bren	bullet	24.00	20.94	-26.80	7.47	15.91	-5.80	44.72
1613927	damage	bot-1791	alpha	bot-1864	bravo	five_seven	bullet	20.00	0.94	9.10	-4.33	16.58	-5.89	7.64
1613927	damage	bot-1821	alpha	bot-1869	bravo	five_seven	bullet	20.00	80.00	9.25	15.62	18.25	15.75	9.00
1614021	kill	bot-1765	alpha	bot-1864	bravo	cz_805_bren	bullet	24.00	0.00	9.65	-5.51	17.22	-5.97	7.59
1614079	damage	bot-1821	alpha	bot-1869	bravo	five_seven	bullet	20.00	60.00	9.25	15.62	18.25	15.75	9.00
1614221	damage	bot-1821	alpha	bot-1869	bravo	five_seven	bullet	20.00	40.00	9.25	15.62	18.93	15.55	9.68
1614533	damage	bot-1821	alpha	bot-1869	bravo	five_seven	bullet	20.00	20.00	9.25	15.62	20.32	15.14	11.08
1614533	damage	bot-1869	bravo	bot-1821	alpha	five_seven	bullet	20.00	52.52	20.32	15.14	9.25	15.62	11.08
1614703	damage	bot-1869	bravo	bot-1821	alpha	five_seven	bullet	20.00	32.52	21.01	14.94	9.25	15.45	11.77
1615498	damage	bot-1869	bravo	bot-1830	alpha	five_seven	bullet	20.00	52.57	23.06	14.31	14.38	14.32	8.68
1615980	damage	bot-1830	alpha	bot-1871	bravo	m1911	bullet	33.00	67.00	12.58	12.93	23.77	15.26	11.43
1616424	damage	bot-1867	bravo	bot-1830	alpha	five_seven	bullet	20.00	32.57	20.52	5.13	11.27	10.37	10.63
1616610	damage	bot-1867	bravo	bot-1830	alpha	five_seven	bullet	20.00	12.57	20.52	5.13	11.27	10.38	10.63
1616751	kill	bot-1867	bravo	bot-1830	alpha	five_seven	bullet	20.00	0.00	20.52	5.13	11.27	10.38	10.63
1617043	damage	bot-1813	alpha	bot-1867	bravo	cz_805_bren	bullet	24.00	48.47	11.20	8.63	20.22	5.14	9.68
1617099	damage	bot-1867	bravo	bot-1775	alpha	five_seven	bullet	20.00	52.62	20.16	5.09	14.06	9.01	7.25
1617158	damage	bot-1813	alpha	bot-1867	bravo	cz_805_bren	bullet	24.00	24.47	11.14	8.63	20.10	5.03	9.66
1618458	damage	bot-1775	alpha	bot-1871	bravo	m1911	bullet	33.00	34.00	9.81	15.66	23.89	15.38	14.09
1618843	damage	bot-1775	alpha	bot-1871	bravo	m1911	bullet	33.00	1.00	9.80	15.68	24.50	15.18	14.71
1619214	damage	bot-1869	bravo	bot-1807	alpha	five_seven	bullet	20.00	52.29	23.08	14.29	13.03	13.33	10.09
1619455	damage	bot-1869	bravo	bot-1775	alpha	five_seven	bullet	20.00	40.56	23.08	14.29	9.78	15.68	13.37
1619662	damage	bot-1869	bravo	bot-1775	alpha	five_seven	bullet	20.00	23.26	23.08	14.29	9.77	15.68	13.38
1619721	damage	bot-1842	alpha	bot-1867	bravo	five_seven	bullet	20.00	33.90	11.44	9.60	19.97	4.93	9.72
1619847	damage	bot-1869	bravo	bot-1775	alpha	five_seven	bullet	20.00	5.96	23.08	14.29	9.77	15.68	13.38
1619916	damage	bot-1821	alpha	bot-1873	bravo	five_seven	bullet	20.00	80.00	4.48	4.21	18.82	7.51	14.70
1619916	damage	bot-1842	alpha	bot-1867	bravo	five_seven	bullet	20.00	16.60	11.44	9.60	19.97	4.93	9.72
1620072	kill	bot-1842	alpha	bot-1867	bravo	five_seven	bullet	20.00	0.00	11.44	9.60	19.97	4.93	9.72
1620072	kill	bot-1869	bravo	bot-1775	alpha	five_seven	bullet	20.00	0.00	23.08	14.29	9.76	15.68	13.39
1620424	damage	bot-1821	alpha	bot-1873	bravo	five_seven	bullet	20.00	60.00	4.49	4.21	18.81	7.44	14.68
1620424	damage	bot-1859	alpha	bot-1875	bravo	cz_805_bren	bullet	24.00	76.00	-20.37	26.05	22.83	15.28	44.52
1620573	damage	bot-1821	alpha	bot-1873	bravo	five_seven	bullet	20.00	40.00	4.50	4.20	18.81	7.61	14.71
1620573	damage	bot-1859	alpha	bot-1875	bravo	cz_805_bren	bullet	24.00	52.00	-20.37	26.05	22.28	15.43	43.95
1620704	damage	bot-1859	alpha	bot-1875	bravo	cz_805_bren	bullet	24.00	28.00	-20.37	26.05	22.99	15.47	44.63
1620818	damage	bot-1859	alpha	bot-1875	bravo	cz_805_bren	bullet	24.00	4.00	-20.37	26.05	23.70	15.50	45.32
1620983	damage	bot-1869	bravo	bot-1859	alpha	m24	bullet	95.00	5.00	23.08	14.29	-20.37	26.05	45.01
1622883	damage	bot-1873	bravo	bot-1832	alpha	cz_805_bren	bullet	24.00	48.82	22.99	11.91	14.76	7.58	9.30
1625569	damage	bot-1880	bravo	bot-1823	alpha	cz_805_bren	bullet	24.00	48.04	22.28	-16.77	19.27	-10.70	6.77
1625722	damage	bot-1880	bravo	bot-1823	alpha	cz_805_bren	bullet	24.00	24.04	22.73	-17.23	19.27	-10.54	7.53
1625871	damage	bot-1823	alpha	bot-1880	bravo	cz_805_bren	bullet	24.00	76.00	19.26	-10.44	23.19	-17.68	8.24
1625871	damage	bot-1855	alpha	bot-1880	bravo	five_seven	bullet	20.00	56.00	16.77	-3.51	23.19	-17.68	15.56
1626166	damage	bot-1855	alpha	bot-1880	bravo	five_seven	bullet	20.00	36.00	16.77	-3.51	23.97	-18.86	16.96
1626308	damage	bot-1855	alpha	bot-1880	bravo	five_seven	bullet	20.00	16.00	16.77	-3.51	24.32	-19.48	17.67
1626510	kill	bot-1855	alpha	bot-1880	bravo	five_seven	bullet	20.00	0.00	16.77	-3.51	24.78	-20.40	18.69
1627934	damage	bot-1859	alpha	bot-1882	bravo	cz_805_bren	bullet	24.00	76.00	-26.46	26.25	-10.38	-7.51	37.39
1628105	damage	bot-1859	alpha	bot-1882	bravo	cz_805_bren	bullet	24.00	52.00	-26.46	26.25	-9.99	-7.86	37.88
1628282	damage	bot-1859	alpha	bot-1882	bravo	cz_805_bren	bullet	24.00	28.00	-26.46	26.25	-9.90	-8.10	38.12
1628435	damage	bot-1859	alpha	bot-1882	bravo	cz_805_bren	bullet	24.00	4.00	-26.46	26.25	-9.20	-8.48	38.78
1628586	kill	bot-1859	alpha	bot-1882	bravo	cz_805_bren	bullet	24.00	0.00	-26.46	26.25	-8.79	-9.07	39.49
1628965	damage	bot-1869	bravo	bot-1751	alpha	five_seven	bullet	20.00	30.89	25.64	20.17	13.16	16.24	13.09
1630224	damage	bot-1859	alpha	bot-1883	bravo	cz_805_bren	bullet	24.00	76.00	-25.61	26.28	-20.74	22.79	6.00
1630224	damage	bot-1861	alpha	bot-1883	bravo	five_seven	bullet	20.00	56.00	-26.09	25.69	-20.74	22.79	6.08
1630224	damage	bot-1883	bravo	bot-1859	alpha	five_seven	bullet	20.00	75.35	-20.74	22.79	-25.61	26.28	6.00
1630555	damage	bot-1859	alpha	bot-1883	bravo	cz_805_bren	bullet	24.00	32.00	-25.61	26.28	-20.46	21.81	6.83
1630555	damage	bot-1883	bravo	bot-1859	alpha	five_seven	bullet	20.00	55.35	-20.46	21.81	-25.61	26.28	6.83
1631019	damage	bot-1859	alpha	bot-1883	bravo	cz_805_bren	bullet	24.00	8.00	-26.40	26.93	-20.09	20.56	8.97
1631019	damage	bot-1883	bravo	bot-1859	alpha	five_seven	bullet	20.00	39.75	-20.09	20.56	-26.75	26.88	9.19
1631441	damage	bot-1825	alpha	bot-1875	bravo	cz_805_bren	bullet	24.00	48.34	17.30	15.43	27.05	13.49	9.94
1631441	kill	bot-1866	alpha	bot-1883	bravo	m1911	bullet	33.00	0.00	-25.14	20.99	-19.68	19.27	5.73
1631897	damage	bot-1884	bravo	bot-1861	alpha	cz_805_bren	bullet	24.00	48.36	-20.09	22.27	-26.13	25.45	6.82
1632013	damage	bot-1859	alpha	bot-1884	bravo	cz_805_bren	bullet	24.00	76.00	-26.82	25.51	-19.91	22.05	7.73
1632239	damage	bot-1884	bravo	bot-1861	alpha	cz_805_bren	bullet	24.00	24.36	-19.53	21.59	-26.17	26.15	8.05
1632349	damage	bot-1859	alpha	bot-1884	bravo	cz_805_bren	bullet	24.00	52.00	-26.79	25.87	-19.34	21.36	8.71
1632349	damage	bot-1861	alpha	bot-1884	bravo	five_seven	bullet	20.00	32.00	-26.17	26.15	-19.34	21.36	8.35
1633324	kill	bot-1866	alpha	bot-1884	bravo	m1911	bullet	33.00	0.00	-24.20	20.27	-19.29	19.36	5.00
1634362	damage	bot-1885	bravo	bot-1842	alpha	cz_805_bren	bullet	24.00	61.48	-19.94	-6.79	14.50	6.87	37.05
1634588	damage	bot-1885	bravo	bot-1842	alpha	cz_805_bren	bullet	24.00	37.48	-19.94	-6.79	13.98	6.63	36.48
1634717	damage	bot-1885	bravo	bot-1842	alpha	cz_805_bren	bullet	24.00	13.48	-19.94	-6.79	13.89	6.98	36.53
1634981	kill	bot-1885	bravo	bot-1842	alpha	cz_805_bren	bullet	24.00	0.00	-19.94	-6.79	13.73	7.67	36.65
1635607	damage	bot-1846	alpha	bot-1871	bravo	cz_805_bren	bullet	24.00	48.64	22.06	19.52	26.58	12.56	8.30
1635923	damage	bot-1886	bravo	bot-1823	alpha	five_seven	bullet	20.00	75.54	25.25	-17.32	18.60	-9.65	10.14
1636019	damage	bot-1813	alpha	bot-1885	bravo	cz_805_bren	bullet	24.00	76.00	16.29	7.47	-19.86	-6.51	38.76
1636120	damage	bot-1747	alpha	bot-1886	bravo	cz_805_bren	bullet	24.00	76.00	17.08	-0.37	25.25	-17.32	18.81
1636120	damage	bot-1886	bravo	bot-1823	alpha	five_seven	bullet	20.00	55.54	25.25	-17.32	18.58	-9.51	10.27
1636257	damage	bot-1747	alpha	bot-1886	bravo	cz_805_bren	bullet	24.00	52.00	17.08	-0.37	25.25	-17.32	18.81
1636257	damage	bot-1765	alpha	bot-1886	bravo	cz_805_bren	bullet	24.00	28.00	17.29	-4.73	25.25	-17.32	14.89
1636351	damage	bot-1823	alpha	bot-1886	bravo	cz_805_bren	bullet	24.00	4.00	18.50	-9.27	25.46	-18.02	11.18
1636351	kill	bot-1871	bravo	bot-1846	alpha	cz_805_bren	bullet	24.00	0.00	26.68	10.17	24.31	21.80	11.86
1636397	kill	bot-1747	alpha	bot-1886	bravo	cz_805_bren	bullet	24.00	0.00	17.08	-0.37	25.55	-18.31	19.84
1636445	damage	bot-1885	bravo	bot-1813	alpha	cz_805_bren	bullet	24.00	48.58	-19.87	-6.49	16.18	7.42	38.64
1636584	damage	bot-1885	bravo	bot-1813	alpha	cz_805_bren	bullet	24.00	24.58	-19.87	-6.49	15.97	7.51	38.47
1636842	damage	bot-1885	bravo	bot-1813	alpha	cz_805_bren	bullet	24.00	0.58	-19.87	-6.49	15.56	7.61	38.13
1636983	kill	bot-1885	bravo	bot-1813	alpha	cz_805_bren	bullet	24.00	0.00	-19.87	-6.49	15.34	7.65	37.94
1637146	damage	bot-1825	alpha	bot-1871	bravo	cz_805_bren	bullet	24.00	28.44	25.10	23.11	26.67	9.93	13.28
1637316	damage	bot-1825	alpha	bot-1871	bravo	cz_805_bren	bullet	24.00	6.24	25.10	23.11	26.67	9.93	13.28
1637439	kill	bot-1825	alpha	bot-1871	bravo	cz_805_bren	bullet	24.00	0.00	25.10	23.11	26.67	9.93	13.28
1637741	damage	bot-1825	alpha	bot-1875	bravo	cz_805_bren	bullet	24.00	48.18	25.09	22.96	26.79	9.28	13.79
1638025	damage	bot-1875	bravo	bot-1825	alpha	five_seven	bullet	20.00	52.41	26.79	8.87	25.11	22.67	13.90
1638080	damage	bot-1876	alpha	bot-1888	bravo	cz_805_bren	bullet	24.00	76.00	-0.32	-19.23	9.89	-24.48	11.48
1638140	damage	bot-1889	alpha	bot-1888	bravo	cz_805_bren	bullet	24.00	52.00	1.82	-25.20	10.53	-24.55	8.73
1638191	damage	bot-1875	bravo	bot-1825	alpha	five_seven	bullet	20.00	32.41	26.78	8.63	24.92	22.82	14.32
1638294	damage	bot-1825	alpha	bot-1875	bravo	cz_805_bren	bullet	24.00	24.18	24.85	22.88	26.78	8.46	14.54
1638294	damage	bot-1889	alpha	bot-1888	bravo	cz_805_bren	bullet	24.00	28.00	1.82	-25.20	11.60	-24.68	9.79
1638347	damage	bot-1875	bravo	bot-1825	alpha	five_seven	bullet	20.00	12.41	26.78	8.38	24.72	22.98	14.74
1638443	damage	bot-1825	alpha	bot-1875	bravo	cz_805_bren	bullet	24.00	0.18	24.68	23.04	26.78	8.22	14.97
1638443	damage	bot-1888	bravo	bot-1876	alpha	m1911	bullet	33.00	67.00	12.21	-24.92	-0.08	-19.24	13.54
1638534	kill	bot-1875	bravo	bot-1825	alpha	five_seven	bullet	20.00	0.00	26.78	8.07	24.52	23.20	15.30
1638624	damage	bot-1887	alpha	bot-1888	bravo	five_seven	bullet	20.00	8.00	-1.96	-14.28	12.99	-25.54	18.72
1638769	kill	bot-1887	alpha	bot-1888	bravo	five_seven	bullet	20.00	0.00	-1.94	-14.27	12.99	-25.55	18.71
1640175	damage	bot-1881	alpha	bot-1879	bravo	five_seven	bullet	20.00	80.00	-7.83	-9.72	-15.29	-1.86	10.84
1640237	damage	bot-1890	bravo	bot-1751	alpha	cz_805_bren	bullet	24.00	48.29	19.31	15.81	24.48	21.74	7.86
1640320	damage	bot-1881	alpha	bot-1879	bravo	five_seven	bullet	20.00	60.00	-7.83	-9.72	-15.22	-1.74	10.88
1640389	damage	bot-1890	bravo	bot-1751	alpha	cz_805_bren	bullet	24.00	24.29	19.31	15.81	24.90	22.29	8.56
1640524	damage	bot-1890	bravo	bot-1751	alpha	cz_805_bren	bullet	24.00	0.29	19.31	15.81	25.46	22.75	9.27
1640649	kill	bot-1890	bravo	bot-1751	alpha	cz_805_bren	bullet	24.00	0.00	19.31	15.81	25.92	23.29	9.98
1640989	damage	bot-1890	bravo	bot-1821	alpha	cz_805_bren	bullet	24.00	47.08	19.31	15.81	25.14	14.25	6.03
1641142	damage	bot-1890	bravo	bot-1821	alpha	cz_805_bren	bullet	24.00	23.08	19.31	15.81	25.39	14.26	6.27
1641278	kill	bot-1890	bravo	bot-1821	alpha	cz_805_bren	bullet	24.00	0.00	19.31	15.81	25.63	14.26	6.51
1641407	damage	bot-1874	alpha	bot-1890	bravo	m24	bullet	95.00	5.00	1.31	25.54	19.31	15.81	20.46
1641964	damage	bot-1878	alpha	bot-1892	bravo	cz_805_bren	bullet	24.00	76.00	-8.98	-8.99	-11.79	4.24	13.52
1642094	kill	bot-1878	alpha	bot-1892	bravo	cz_805_bren	bullet	24.00	0.00	-8.98	-8.99	-11.76	4.17	13.45
1642320	damage	bot-1890	bravo	bot-1807	alpha	cz_805_bren	bullet	24.00	48.09	23.98	14.33	24.69	22.92	8.61
1642430	damage	bot-1890	bravo	bot-1807	alpha	cz_805_bren	bullet	24.00	24.09	23.98	14.33	25.03	23.55	9.27
1642550	damage	bot-1890	bravo	bot-1807	alpha	cz_805_bren	bullet	24.00	0.09	23.98	14.33	25.37	24.18	9.94
1642784	damage	bot-1885	bravo	bot-1868	alpha	cz_805_bren	bullet	24.00	75.59	-15.38	-4.64	-19.26	13.04	18.10
1642910	kill	bot-1807	alpha	bot-1890	bravo	m1911	bullet	33.00	0.00	26.21	25.75	23.98	14.33	11.63
1642910	damage	bot-1885	bravo	bot-1868	alpha	cz_805_bren	bullet	24.00	51.59	-15.38	-4.64	-19.26	13.04	18.11
1644333	damage	bot-1885	bravo	bot-1874	alpha	cz_805_bren	bullet	24.00	55.81	-17.02	-5.75	-3.12	15.62	25.50
1644425	kill	bot-1791	alpha	bot-1885	bravo	five_seven	bullet	20.00	0.00	9.76	-1.82	-17.27	-5.95	27.34
1644522	damage	bot-1866	alpha	bot-1894	bravo	m1911	bullet	33.00	67.00	-19.23	16.82	-12.70	18.92	6.87
1644996	damage	bot-1894	bravo	bot-1857	alpha	five_seven	bullet	20.00	80.00	-12.99	18.44	-17.25	17.75	4.32
1645210	damage	bot-1894	bravo	bot-1857	alpha	five_seven	bullet	20.00	60.00	-12.99	18.44	-17.25	17.75	4.32
1645490	damage	bot-1857	alpha	bot-1894	bravo	cz_805_bren	bullet	24.00	43.00	-17.59	17.61	-13.85	18.22	3.79
1645853	damage	bot-1870	alpha	bot-1896	bravo	cz_805_bren	bullet	24.00	76.00	-19.66	21.94	-14.36	23.14	5.43
1645965	damage	bot-1870	alpha	bot-1896	bravo	cz_805_bren	bullet	24.00	52.00	-19.71	21.88	-14.96	23.10	4.90
1646240	damage	bot-1859	alpha	bot-1896	bravo	cz_805_bren	bullet	24.00	28.00	-22.24	22.67	-13.18	22.89	9.07
1646240	damage	bot-1870	alpha	bot-1896	bravo	cz_805_bren	bullet	24.00	4.00	-19.97	21.63	-13.18	22.89	6.91
1646240	damage	bot-1881	alpha	bot-1894	bravo	five_seven	bullet	20.00	23.00	-9.63	-3.73	-14.73	13.33	17.81
1646385	kill	bot-1859	alpha	bot-1896	bravo	cz_805_bren	bullet	24.00	0.00	-22.24	22.66	-12.49	22.79	9.75
1646385	damage	bot-1881	alpha	bot-1894	bravo	five_seven	bullet	20.00	3.00	-9.63	-3.73	-14.73	13.33	17.81
1646536	kill	bot-1881	alpha	bot-1894	bravo	five_seven	bullet	20.00	0.00	-9.63	-3.73	-14.72	13.33	17.81
1647356	damage	bot-1879	bravo	bot-1881	alpha	cz_805_bren	bullet	24.00	71.12	-19.00	-6.41	-9.74	-2.91	9.91
1647632	damage	bot-1881	alpha	bot-1879	bravo	five_seven	bullet	20.00	0.32	-9.74	-2.91	-19.03	-6.39	9.92
1647768	damage	bot-1879	bravo	bot-1881	alpha	cz_805_bren	bullet	24.00	47.12	-19.02	-6.41	-9.74	-2.91	9.92
1647850	kill	bot-1881	alpha	bot-1879	bravo	five_seven	bullet	20.00	0.00	-9.47	-3.09	-19.00	-6.42	10.09
1650974	kill	bot-1807	alpha	bot-1875	bravo	m1911	bullet	33.00	0.00	24.67	23.03	26.75	12.77	10.47
1651685	damage	bot-1848	alpha	bot-1898	bravo	cz_805_bren	bullet	24.00	76.00	-0.70	5.70	-19.99	-5.77	22.44
1651819	damage	bot-1848	alpha	bot-1898	bravo	cz_805_bren	bullet	24.00	52.00	-0.70	5.70	-19.99	-5.77	22.44
1651927	damage	bot-1891	alpha	bot-1898	bravo	cz_805_bren	bullet	24.00	28.00	11.39	3.81	-20.13	-5.84	32.96
1652116	damage	bot-1900	bravo	bot-1807	alpha	five_seven	bullet	20.00	52.53	21.75	14.25	25.59	23.22	9.76
1652265	damage	bot-1900	bravo	bot-1807	alpha	five_seven	bullet	20.00	32.53	21.75	14.25	25.92	24.21	10.80
1652424	damage	bot-1900	bravo	bot-1807	alpha	five_seven	bullet	20.00	12.53	21.75	14.25	26.25	25.23	11.87
1652610	kill	bot-1900	bravo	bot-1807	alpha	five_seven	bullet	20.00	0.00	21.75	14.25	26.58	26.24	12.93
1653237	damage	bot-1897	alpha	bot-1898	bravo	cz_805_bren	bullet	24.00	4.00	-19.66	-2.48	-22.79	-7.21	5.67
1653384	kill	bot-1897	alpha	bot-1898	bravo	cz_805_bren	bullet	24.00	0.00	-19.47	-2.38	-23.26	-7.48	6.35
1654139	damage	bot-1870	alpha	bot-1900	bravo	cz_805_bren	bullet	24.00	64.07	-16.45	24.20	21.75	14.25	39.47
1654267	damage	bot-1870	alpha	bot-1900	bravo	cz_805_bren	bullet	24.00	40.07	-16.45	24.20	21.69	14.25	39.42
1654353	damage	bot-1900	bravo	bot-1859	alpha	five_seven	bullet	20.00	52.65	21.83	14.25	-14.37	23.70	37.42
1654397	damage	bot-1870	alpha	bot-1900	bravo	cz_805_bren	bullet	24.00	16.07	-16.43	24.22	21.90	14.25	39.60
1654532	kill	bot-1870	alpha	bot-1900	bravo	cz_805_bren	bullet	24.00	0.00	-16.41	24.23	22.13	14.25	39.81
1658134	damage	bot-1870	alpha	bot-1905	bravo	cz_805_bren	bullet	24.00	76.00	-11.38	24.58	20.25	15.25	32.98
1658283	damage	bot-1870	alpha	bot-1905	bravo	cz_805_bren	bullet	24.00	52.00	-11.38	24.58	20.25	15.25	32.98
1658689	damage	bot-1870	alpha	bot-1905	bravo	cz_805_bren	bullet	24.00	28.00	-11.43	24.62	19.69	15.16	32.53
1658796	damage	bot-1905	bravo	bot-1870	alpha	cz_805_bren	bullet	24.00	53.35	19.54	15.13	-11.43	24.61	32.39
1658937	damage	bot-1905	bravo	bot-1870	alpha	cz_805_bren	bullet	24.00	29.35	19.30	15.10	-11.67	24.56	32.38
1659081	damage	bot-1905	bravo	bot-1870	alpha	cz_805_bren	bullet	24.00	5.35	19.09	15.06	-11.88	24.59	32.40
1659216	kill	bot-1905	bravo	bot-1870	alpha	cz_805_bren	bullet	24.00	0.00	18.86	15.01	-12.10	24.63	32.41
1659925	damage	bot-1904	alpha	bot-1905	bravo	five_seven	bullet	20.00	8.00	1.50	1.43	16.48	14.42	19.82
1660123	kill	bot-1904	alpha	bot-1905	bravo	five_seven	bullet	20.00	0.00	1.51	1.44	16.48	14.42	19.81
1660309	damage	bot-1907	bravo	bot-1859	alpha	five_seven	bullet	20.00	52.28	-23.74	20.62	-12.56	23.74	11.61
1660373	damage	bot-1878	alpha	bot-1907	bravo	cz_805_bren	bullet	24.00	76.00	-12.11	-6.25	-23.74	20.62	29.28
1660503	damage	bot-1878	alpha	bot-1907	bravo	cz_805_bren	bullet	24.00	52.00	-12.11	-6.25	-23.74	20.62	29.28
1660786	damage	bot-1878	alpha	bot-1907	bravo	cz_805_bren	bullet	24.00	28.00	-12.11	-6.23	-22.59	22.00	30.12
1660846	damage	bot-1907	bravo	bot-1859	alpha	five_seven	bullet	20.00	32.28	-22.39	22.30	-11.78	23.75	10.71
1661065	kill	bot-1861	alpha	bot-1907	bravo	m1911	bullet	33.00	0.00	-12.93	22.72	-21.57	23.38	8.67
1661650	damage	bot-1881	alpha	bot-1877	bravo	five_seven	bullet	20.00	52.18	5.70	-6.68	17.75	10.16	20.70
1661802	damage	bot-1881	alpha	bot-1877	bravo	five_seven	bullet	20.00	32.18	5.69	-6.67	17.96	10.32	20.96
1664037	damage	bot-1878	alpha	bot-1910	bravo	cz_805_bren	bullet	24.00	73.84	-8.63	-1.46	-2.40	6.05	9.76
1664192	damage	bot-1878	alpha	bot-1910	bravo	cz_805_bren	bullet	24.00	49.84	-8.66	-1.45	-2.31	6.96	10.54
1664298	damage	bot-1747	alpha	bot-1909	bravo	cz_805_bren	bullet	24.00	76.00	7.20	-20.83	-19.75	-20.75	26.95
1664394	kill	bot-1887	alpha	bot-1910	bravo	m24	bullet	95.00	0.00	5.99	-23.67	-2.16	8.41	33.10
1664581	damage	bot-1747	alpha	bot-1909	bravo	cz_805_bren	bullet	24.00	52.00	7.20	-20.81	-19.75	-20.75	26.95
1666235	damage	bot-1747	alpha	bot-1911	bravo	cz_805_bren	bullet	24.00	76.00	6.86	-20.66	11.87	-21.40	5.06
1666372	damage	bot-1747	alpha	bot-1911	bravo	cz_805_bren	bullet	24.00	52.00	6.56	-20.71	11.57	-21.33	5.05
1666917	damage	bot-1832	alpha	bot-1911	bravo	cz_805_bren	bullet	24.00	28.00	18.90	-17.89	12.04	-24.72	9.68
1667017	damage	bot-1911	bravo	bot-1832	alpha	cz_805_bren	bullet	24.00	50.30	12.14	-25.42	18.90	-17.89	10.12
1667127	damage	bot-1911	bravo	bot-1832	alpha	cz_805_bren	bullet	24.00	26.30	12.23	-26.11	18.96	-17.73	10.75
1667272	damage	bot-1911	bravo	bot-1832	alpha	cz_805_bren	bullet	24.00	2.30	12.24	-26.10	19.03	-17.51	10.95
1667425	kill	bot-1911	bravo	bot-1832	alpha	cz_805_bren	bullet	24.00	0.00	12.27	-26.07	19.08	-17.27	11.13
1670889	damage	bot-1881	alpha	bot-1914	bravo	five_seven	bullet	20.00	5.65	-2.93	-18.64	17.72	-24.38	21.44
1671013	damage	bot-1747	alpha	bot-1911	bravo	cz_805_bren	bullet	24.00	48.51	5.42	-18.96	12.47	-26.12	10.05
1671070	kill	bot-1881	alpha	bot-1914	bravo	five_seven	bullet	20.00	0.00	-2.93	-18.64	16.77	-24.02	20.42
1671133	damage	bot-1747	alpha	bot-1911	bravo	cz_805_bren	bullet	24.00	24.51	5.42	-18.96	12.39	-26.27	10.11
1671133	damage	bot-1911	bravo	bot-1747	alpha	cz_805_bren	bullet	24.00	46.05	12.39	-26.27	5.42	-18.96	10.11
1671272	damage	bot-1911	bravo	bot-1747	alpha	cz_805_bren	bullet	24.00	22.05	12.35	-26.42	4.82	-18.57	10.88
1671394	damage	bot-1747	alpha	bot-1911	bravo	cz_805_bren	bullet	24.00	0.51	4.52	-18.37	12.35	-26.41	11.22
1671869	damage	bot-1912	bravo	bot-1908	alpha	five_seven	bullet	20.00	80.00	17.25	9.75	14.27	4.52	6.01
1671925	damage	bot-1908	alpha	bot-1901	bravo	cz_805_bren	bullet	24.00	76.00	14.27	4.52	16.93	9.10	5.29
1672029	damage	bot-1901	bravo	bot-1908	alpha	five_seven	bullet	20.00	60.00	16.93	9.10	14.17	4.44	5.42
1672076	damage	bot-1908	alpha	bot-1901	bravo	cz_805_bren	bullet	24.00	52.00	14.11	4.38	16.93	9.10	5.50
1672173	damage	bot-1901	bravo	bot-1908	alpha	five_seven	bullet	20.00	40.00	16.99	9.16	14.01	4.26	5.73
1672320	damage	bot-1901	bravo	bot-1908	alpha	five_seven	bullet	20.00	20.00	17.16	9.24	13.84	4.08	6.14
1672373	damage	bot-1908	alpha	bot-1901	bravo	cz_805_bren	bullet	24.00	32.27	13.78	4.02	17.27	9.33	6.35
1672468	kill	bot-1901	bravo	bot-1908	alpha	five_seven	bullet	20.00	0.00	17.33	9.33	13.29	3.50	7.09
1674444	damage	bot-1873	bravo	bot-1902	alpha	cz_805_bren	bullet	24.00	76.00	19.12	10.18	-7.55	-6.23	31.32
1675033	damage	bot-1891	alpha	bot-1873	bravo	cz_805_bren	bullet	24.00	48.66	2.23	-0.46	19.12	10.18	19.96
1675481	damage	bot-1859	alpha	bot-1915	bravo	cz_805_bren	bullet	24.00	76.00	-4.30	19.20	-2.20	20.49	2.46
1675547	damage	bot-1915	bravo	bot-1859	alpha	cz_805_bren	bullet	24.00	48.55	-2.13	20.53	-4.39	19.11	2.67
1675680	damage	bot-1859	alpha	bot-1915	bravo	cz_805_bren	bullet	24.00	52.00	-4.39	19.04	-1.53	20.76	3.34
1675680	damage	bot-1915	bravo	bot-1859	alpha	cz_805_bren	bullet	24.00	24.55	-1.53	20.76	-4.40	18.97	3.38
1675680	damage	bot-1916	bravo	bot-1848	alpha	cz_805_bren	bullet	24.00	48.46	-20.18	-5.73	-12.21	-6.58	8.01
1675891	damage	bot-1859	alpha	bot-1915	bravo	cz_805_bren	bullet	24.00	28.00	-4.43	18.82	-0.76	21.57	4.59
1676001	damage	bot-1859	alpha	bot-1915	bravo	cz_805_bren	bullet	24.00	4.00	-4.47	18.68	-0.30	22.05	5.35
1676115	kill	bot-1859	alpha	bot-1915	bravo	cz_805_bren	bullet	24.00	0.00	-4.54	18.57	0.15	22.53	6.14
1676990	damage	bot-1902	alpha	bot-1918	bravo	cz_805_bren	bullet	24.00	15.24	-6.83	-5.93	-5.81	21.56	27.51
1677300	kill	bot-1859	alpha	bot-1918	bravo	cz_805_bren	bullet	24.00	0.00	-1.83	14.13	-7.33	23.02	10.45
1677515	damage	bot-1912	bravo	bot-1893	alpha	five_seven	bullet	20.00	67.70	18.88	11.40	12.92	3.67	9.77
1677656	damage	bot-1912	bravo	bot-1893	alpha	five_seven	bullet	20.00	47.70	18.88	11.39	12.92	3.67	9.75
1677816	damage	bot-1893	alpha	bot-1877	bravo	five_seven	bullet	20.00	46.10	12.48	3.08	16.89	8.96	7.36
1677816	damage	bot-1912	bravo	bot-1893	alpha	five_seven	bullet	20.00	27.70	18.88	11.35	12.25	2.78	10.83
1678075	damage	bot-1877	bravo	bot-1893	alpha	five_seven	bullet	20.00	7.70	15.89	8.94	11.55	1.86	8.30
1678206	damage	bot-1891	alpha	bot-1877	bravo	cz_805_bren	bullet	24.00	22.10	4.41	0.89	15.58	8.26	13.38
1678206	kill	bot-1912	bravo	bot-1893	alpha	five_seven	bullet	20.00	0.00	18.88	11.33	10.85	0.94	13.13
1678263	kill	bot-1902	alpha	bot-1877	bravo	cz_805_bren	bullet	24.00	0.00	-6.95	-6.45	15.51	8.21	26.83
1678618	damage	bot-1861	alpha	bot-1919	bravo	five_seven	bullet	20.00	80.00	-19.28	21.65	-20.78	-9.74	31.42
1678618	damage	bot-1919	bravo	bot-1874	alpha	five_seven	bullet	20.00	52.19	-20.78	-9.74	-13.13	-4.18	9.46
1678678	damage	bot-1874	alpha	bot-1919	bravo	m1911	bullet	33.00	47.00	-13.13	-4.18	-20.78	-9.74	9.46
1678739	damage	bot-1912	bravo	bot-1889	alpha	five_seven	bullet	20.00	80.00	18.42	10.88	-1.04	-16.32	33.45
1678793	damage	bot-1919	bravo	bot-1874	alpha	five_seven	bullet	20.00	32.19	-21.16	-10.34	-12.82	-4.27	10.31
1678854	damage	bot-1906	alpha	bot-1919	bravo	m1911	bullet	33.00	14.00	-26.54	-17.29	-21.34	-10.65	8.43
1678955	kill	bot-1861	alpha	bot-1919	bravo	five_seven	bullet	20.00	0.00	-19.31	21.67	-21.73	-11.24	33.00
1679236	damage	bot-1912	bravo	bot-1889	alpha	five_seven	bullet	20.00	60.00	18.42	10.88	-1.03	-16.34	33.46
1679377	damage	bot-1912	bravo	bot-1889	alpha	five_seven	bullet	20.00	40.00	18.43	10.88	-1.13	-16.56	33.69
1679377	damage	bot-1916	bravo	bot-1874	alpha	cz_805_bren	bullet	24.00	8.19	-20.72	-5.18	-12.65	-4.45	8.10
1679525	damage	bot-1912	bravo	bot-1889	alpha	five_seven	bullet	20.00	20.00	18.43	10.88	-1.24	-16.79	33.95
1679665	kill	bot-1912	bravo	bot-1889	alpha	five_seven	bullet	20.00	0.00	18.43	10.88	-1.33	-17.00	34.18
1679665	kill	bot-1916	bravo	bot-1874	alpha	cz_805_bren	bullet	24.00	0.00	-20.72	-5.18	-12.65	-4.45	8.10
1681767	damage	bot-1916	bravo	bot-1891	alpha	cz_805_bren	bullet	24.00	41.17	-20.25	-6.75	5.17	2.60	27.09
1681918	damage	bot-1916	bravo	bot-1891	alpha	cz_805_bren	bullet	24.00	17.17	-20.25	-6.75	5.71	3.14	27.78
1682055	kill	bot-1916	bravo	bot-1891	alpha	cz_805_bren	bullet	24.00	0.00	-20.25	-6.74	6.24	3.67	28.45
1682563	damage	bot-1765	alpha	bot-1922	bravo	cz_805_bren	bullet	24.00	76.00	-22.94	-23.29	-25.68	-4.21	19.28
1682563	damage	bot-1861	alpha	bot-1922	bravo	five_seven	bullet	20.00	56.00	-19.25	17.93	-25.68	-4.21	23.05
1682614	damage	bot-1855	alpha	bot-1916	bravo	m24	bullet	95.00	5.00	15.01	7.52	-19.79	-6.55	37.54
1682614	damage	bot-1917	alpha	bot-1922	bravo	five_seven	bullet	20.00	36.00	-2.75	14.17	-25.64	-4.28	29.40
1682710	damage	bot-1765	alpha	bot-1922	bravo	cz_805_bren	bullet	24.00	12.00	-22.94	-23.29	-25.57	-4.43	19.05
1682710	kill	bot-1861	alpha	bot-1922	bravo	five_seven	bullet	20.00	0.00	-19.25	17.93	-25.57	-4.43	23.23
1686506	damage	bot-1861	alpha	bot-1926	bravo	five_seven	bullet	20.00	80.00	-19.31	11.58	-3.35	6.57	16.73
1687502	damage	bot-1861	alpha	bot-1926	bravo	five_seven	bullet	20.00	60.00	-19.65	11.90	-2.35	10.45	17.36
1687502	damage	bot-1917	alpha	bot-1926	bravo	five_seven	bullet	20.00	40.00	-8.45	5.80	-2.35	10.45	7.68
1687658	damage	bot-1902	alpha	bot-1926	bravo	cz_805_bren	bullet	24.00	16.00	-9.48	-7.97	-2.10	11.44	20.76
1687707	kill	bot-1859	alpha	bot-1926	bravo	cz_805_bren	bullet	24.00	0.00	-9.17	7.07	-2.01	11.76	8.56
1688445	damage	bot-1913	alpha	bot-1928	bravo	cz_805_bren	bullet	24.00	76.00	5.50	-3.67	10.57	14.20	18.57
1688567	damage	bot-1913	alpha	bot-1928	bravo	cz_805_bren	bullet	24.00	52.00	5.50	-3.68	10.48	14.40	18.75
1688723	damage	bot-1913	alpha	bot-1928	bravo	cz_805_bren	bullet	24.00	28.00	5.50	-3.69	10.59	15.11	19.47
1690324	kill	bot-1848	alpha	bot-1928	bravo	cz_805_bren	bullet	24.00	0.00	2.80	-18.05	11.22	19.07	38.06
1690624	damage	bot-1929	bravo	bot-1927	alpha	cz_805_bren	bullet	24.00	76.00	16.68	18.81	-7.40	22.86	24.43
1692746	damage	bot-1917	alpha	bot-1930	bravo	five_seven	bullet	20.00	80.00	-4.16	5.51	11.45	-5.06	18.85
1692834	damage	bot-1859	alpha	bot-1930	bravo	cz_805_bren	bullet	24.00	56.00	-3.70	7.00	11.65	-4.85	19.40
1692920	damage	bot-1904	alpha	bot-1930	bravo	five_seven	bullet	20.00	36.00	-11.55	8.16	12.23	-5.00	27.18
1692920	damage	bot-1917	alpha	bot-1930	bravo	five_seven	bullet	20.00	16.00	-4.16	5.51	12.23	-5.00	19.47
1692962	kill	bot-1859	alpha	bot-1930	bravo	cz_805_bren	bullet	24.00	0.00	-3.70	7.00	12.55	-5.07	20.25
1693721	damage	bot-1904	alpha	bot-1924	bravo	five_seven	bullet	20.00	74.38	-10.31	7.62	22.36	6.22	32.70
1694029	damage	bot-1861	alpha	bot-1924	bravo	five_seven	bullet	20.00	54.38	-11.02	7.92	19.57	6.70	30.61
1694777	damage	bot-1904	alpha	bot-1912	bravo	five_seven	bullet	20.00	80.00	-10.02	7.57	19.58	6.53	29.62
1694828	damage	bot-1931	bravo	bot-1876	alpha	five_seven	bullet	20.00	47.00	1.26	-18.76	5.32	-15.41	5.27
1695149	damage	bot-1747	alpha	bot-1920	bravo	cz_805_bren	bullet	24.00	64.86	24.43	-23.93	26.74	10.28	34.28
1695209	damage	bot-1902	alpha	bot-1931	bravo	cz_805_bren	bullet	24.00	76.00	-8.03	6.57	1.26	-18.76	26.98
1695209	damage	bot-1931	bravo	bot-1876	alpha	five_seven	bullet	20.00	27.00	1.26	-18.76	5.55	-12.77	7.37
1695306	damage	bot-1747	alpha	bot-1920	bravo	cz_805_bren	bullet	24.00	40.86	24.43	-23.92	26.74	10.28	34.27
1695441	damage	bot-1747	alpha	bot-1920	bravo	cz_805_bren	bullet	24.00	16.86	24.43	-23.92	26.74	11.42	35.41
1695576	kill	bot-1747	alpha	bot-1920	bravo	cz_805_bren	bullet	24.00	0.00	24.44	-23.92	26.75	12.51	36.50
1696152	kill	bot-1855	alpha	bot-1931	bravo	m24	bullet	95.00	0.00	7.44	0.85	3.77	-19.90	21.07
1696794	damage	bot-1925	alpha	bot-1932	bravo	cz_805_bren	bullet	24.00	76.00	0.69	-5.34	-23.02	-1.01	24.11
1696911	damage	bot-1929	bravo	bot-1921	alpha	cz_805_bren	bullet	24.00	60.96	19.20	14.54	-1.33	19.96	21.23
1697078	damage	bot-1913	alpha	bot-1932	bravo	cz_805_bren	bullet	24.00	52.00	7.06	-1.83	-23.87	-1.99	30.93
1697078	damage	bot-1925	alpha	bot-1932	bravo	cz_805_bren	bullet	24.00	28.00	0.69	-5.35	-23.87	-1.99	24.79
1697735	damage	bot-1765	alpha	bot-1932	bravo	cz_805_bren	bullet	24.00	4.00	-20.59	-6.74	-26.62	-4.65	6.39
1697735	kill	bot-1878	alpha	bot-1932	bravo	cz_805_bren	bullet	24.00	0.00	-19.88	-6.81	-26.62	-4.65	7.08
1698951	damage	bot-1917	alpha	bot-1929	bravo	five_seven	bullet	20.00	45.16	-2.35	-3.47	17.40	14.83	26.92
1699120	damage	bot-1823	alpha	bot-1933	bravo	cz_805_bren	bullet	24.00	76.00	10.33	1.81	-15.23	-0.09	25.63
1699249	damage	bot-1823	alpha	bot-1933	bravo	cz_805_bren	bullet	24.00	52.00	10.32	1.82	-15.23	-0.09	25.62
1699305	damage	bot-1917	alpha	bot-1929	bravo	five_seven	bullet	20.00	25.16	-2.35	-3.47	17.81	15.16	27.45
1699524	damage	bot-1823	alpha	bot-1933	bravo	cz_805_bren	bullet	24.00	28.00	10.30	1.83	-15.70	-0.86	26.13
1699821	damage	bot-1823	alpha	bot-1933	bravo	cz_805_bren	bullet	24.00	4.00	10.27	1.83	-17.15	-2.05	27.69
1699868	damage	bot-1929	bravo	bot-1921	alpha	cz_805_bren	bullet	24.00	36.96	18.49	15.77	-0.22	20.42	19.28
1700063	kill	bot-1848	alpha	bot-1933	bravo	cz_805_bren	bullet	24.00	0.00	8.29	0.33	-19.10	-2.45	27.52
1700420	damage	bot-1929	bravo	bot-1921	alpha	cz_805_bren	bullet	24.00	12.96	20.81	18.09	1.74	22.43	19.56
1700734	damage	bot-1887	alpha	bot-1934	bravo	five_seven	bullet	20.00	80.00	-26.39	-6.38	-18.76	-21.76	17.17
1700734	kill	bot-1929	bravo	bot-1921	alpha	cz_805_bren	bullet	24.00	0.00	22.28	19.60	2.91	23.71	19.80
1700788	damage	bot-1934	bravo	bot-1887	alpha	five_seven	bullet	20.00	80.00	-18.76	-21.76	-26.39	-6.38	17.17
1700948	damage	bot-1887	alpha	bot-1934	bravo	five_seven	bullet	20.00	60.00	-26.39	-6.38	-18.76	-21.76	17.17
1701261	damage	bot-1934	bravo	bot-1887	alpha	five_seven	bullet	20.00	60.00	-17.53	-22.47	-26.40	-6.38	18.36
1701418	damage	bot-1927	alpha	bot-1929	bravo	five_seven	bullet	20.00	5.16	-15.77	24.46	24.45	21.89	40.30
1701613	kill	bot-1927	alpha	bot-1929	bravo	five_seven	bullet	20.00	0.00	-15.77	24.46	25.19	22.66	41.00
1702558	damage	bot-1917	alpha	bot-1935	bravo	five_seven	bullet	20.00	80.00	3.07	0.35	13.23	1.63	10.24
1702712	damage	bot-1859	alpha	bot-1935	bravo	cz_805_bren	bullet	24.00	56.00	-8.65	-6.53	13.23	1.63	23.34
1702712	damage	bot-1917	alpha	bot-1935	bravo	five_seven	bullet	20.00	36.00	3.07	0.35	13.23	1.63	10.24
1702855	damage	bot-1747	alpha	bot-1935	bravo	cz_805_bren	bullet	24.00	12.00	24.22	-12.41	14.17	1.13	16.87
1703001	kill	bot-1747	alpha	bot-1935	bravo	cz_805_bren	bullet	24.00	0.00	24.22	-12.41	15.13	0.60	15.88
1705257	damage	bot-1904	alpha	bot-1937	bravo	five_seven	bullet	20.00	80.00	-17.86	9.56	-24.64	-24.22	34.45
1705398	damage	bot-1904	alpha	bot-1937	bravo	five_seven	bullet	20.00	60.00	-17.86	9.56	-24.21	-24.55	34.69
1705602	damage	bot-1904	alpha	bot-1937	bravo	five_seven	bullet	20.00	40.00	-17.86	9.56	-23.53	-25.12	35.14
1706189	damage	bot-1861	alpha	bot-1937	bravo	five_seven	bullet	20.00	20.00	-19.69	13.92	-22.27	-26.73	40.73
1706350	kill	bot-1861	alpha	bot-1937	bravo	five_seven	bullet	20.00	0.00	-19.69	13.92	-22.27	-26.73	40.73
1706604	damage	bot-1902	alpha	bot-1901	bravo	cz_805_bren	bullet	24.00	26.31	-14.42	6.79	24.01	6.78	38.43
1706779	damage	bot-1861	alpha	bot-1938	bravo	five_seven	bullet	20.00	80.00	-19.65	13.88	-7.95	-4.95	22.16
1706857	damage	bot-1902	alpha	bot-1901	bravo	cz_805_bren	bullet	24.00	5.01	-14.23	6.99	24.05	6.78	38.28
1707025	kill	bot-1902	alpha	bot-1901	bravo	cz_805_bren	bullet	24.00	0.00	-14.23	6.99	24.05	6.78	38.28
1707025	damage	bot-1938	bravo	bot-1859	alpha	cz_805_bren	bullet	24.00	46.70	-8.67	-5.65	-4.35	-3.08	5.02
1707266	damage	bot-1861	alpha	bot-1938	bravo	five_seven	bullet	20.00	60.00	-19.57	14.36	-9.24	-6.21	23.02
1707266	damage	bot-1927	alpha	bot-1938	bravo	five_seven	bullet	20.00	40.00	-4.25	18.25	-9.24	-6.21	24.96
1707423	damage	bot-1861	alpha	bot-1938	bravo	five_seven	bullet	20.00	20.00	-19.55	14.52	-9.18	-6.76	23.67
1707423	kill	bot-1927	alpha	bot-1938	bravo	five_seven	bullet	20.00	0.00	-4.25	18.25	-9.18	-6.76	25.49
2081373	damage	bot-1917	alpha	bot-1941	bravo	five_seven	bullet	20.00	80.00	10.36	-3.42	-15.08	12.01	29.75
2081524	damage	bot-1917	alpha	bot-1941	bravo	five_seven	bullet	20.00	60.00	10.35	-3.39	-15.30	11.99	29.91
2081625	damage	bot-1876	alpha	bot-1941	bravo	cz_805_bren	bullet	24.00	36.00	4.75	-8.50	-15.27	12.09	28.72
2081721	damage	bot-1917	alpha	bot-1941	bravo	five_seven	bullet	20.00	16.00	10.35	-3.37	-15.25	12.16	29.94
2081842	kill	bot-1823	alpha	bot-1941	bravo	cz_805_bren	bullet	24.00	0.00	-9.10	11.83	-15.22	12.24	6.14
2083335	damage	bot-1876	alpha	bot-1942	bravo	cz_805_bren	bullet	24.00	76.00	3.87	-7.33	-10.21	9.23	21.74
2083688	damage	bot-1861	alpha	bot-1942	bravo	five_seven	bullet	20.00	56.00	-12.32	10.67	-9.19	9.00	3.55
2083688	damage	bot-1942	bravo	bot-1927	alpha	cz_805_bren	bullet	24.00	47.46	-9.19	9.00	-2.98	12.51	7.12
2083831	damage	bot-1942	bravo	bot-1927	alpha	cz_805_bren	bullet	24.00	23.46	-8.40	9.83	-1.89	12.87	7.18
2084016	kill	bot-1942	bravo	bot-1927	alpha	cz_805_bren	bullet	24.00	0.00	-7.37	10.90	-0.59	13.31	7.19
2084279	damage	bot-1902	alpha	bot-1942	bravo	cz_805_bren	bullet	24.00	32.00	-16.18	10.75	-6.02	12.26	10.27
2085546	damage	bot-1942	bravo	bot-1866	alpha	cz_805_bren	bullet	24.00	48.32	-4.05	17.36	-6.63	21.76	5.10
2085921	damage	bot-1912	bravo	bot-1887	alpha	five_seven	bullet	20.00	52.57	19.56	6.72	-26.83	6.76	46.40
2086082	damage	bot-1912	bravo	bot-1887	alpha	five_seven	bullet	20.00	32.57	19.56	6.72	-26.83	7.00	46.40
2086131	damage	bot-1823	alpha	bot-1940	bravo	cz_805_bren	bullet	24.00	76.00	-25.03	17.48	-17.72	17.47	7.31
2086410	damage	bot-1912	bravo	bot-1887	alpha	five_seven	bullet	20.00	12.57	19.56	6.72	-26.87	7.48	46.44
2086513	damage	bot-1823	alpha	bot-1940	bravo	cz_805_bren	bullet	24.00	52.00	-26.22	18.79	-18.91	17.12	7.50
2086564	kill	bot-1912	bravo	bot-1887	alpha	five_seven	bullet	20.00	0.00	19.56	6.72	-26.86	7.73	46.44
2086618	kill	bot-1866	alpha	bot-1942	bravo	m1911	bullet	33.00	0.00	-10.88	24.77	-1.91	21.53	9.53
2086676	damage	bot-1823	alpha	bot-1940	bravo	cz_805_bren	bullet	24.00	28.00	-26.70	19.21	-18.06	17.67	8.78
2086835	damage	bot-1823	alpha	bot-1940	bravo	cz_805_bren	bullet	24.00	4.00	-26.70	19.21	-17.31	17.45	9.55
2086933	damage	bot-1940	bravo	bot-1881	alpha	m1911	bullet	33.00	39.76	-16.71	17.74	-25.69	18.43	9.01
2087225	damage	bot-1861	alpha	bot-1945	bravo	five_seven	bullet	20.00	80.00	-15.00	11.74	9.01	-1.12	27.24
2087225	damage	bot-1912	bravo	bot-1904	alpha	five_seven	bullet	20.00	52.22	19.54	6.78	-25.88	7.92	45.43
2087372	damage	bot-1861	alpha	bot-1945	bravo	five_seven	bullet	20.00	60.00	-14.98	11.75	9.31	-2.05	27.93
2087372	damage	bot-1912	bravo	bot-1904	alpha	five_seven	bullet	20.00	32.22	19.54	6.78	-26.05	8.11	45.61
2087522	damage	bot-1881	alpha	bot-1943	bravo	five_seven	bullet	20.00	80.00	-26.70	21.21	-17.02	17.99	10.21
2087522	damage	bot-1912	bravo	bot-1904	alpha	five_seven	bullet	20.00	12.22	19.54	6.78	-26.18	8.22	45.74
2087697	damage	bot-1861	alpha	bot-1945	bravo	five_seven	bullet	20.00	20.87	-14.96	11.75	9.76	-3.38	28.99
2087772	damage	bot-1881	alpha	bot-1943	bravo	five_seven	bullet	20.00	60.00	-26.70	21.21	-16.77	17.81	10.50
2088450	damage	bot-1945	bravo	bot-1747	alpha	five_seven	bullet	20.00	0.21	10.85	-6.74	16.15	0.61	9.06
2088635	damage	bot-1940	bravo	bot-1902	alpha	m1911	bullet	33.00	39.57	-14.56	20.24	-14.47	12.10	8.13
2088815	kill	bot-1924	bravo	bot-1904	alpha	five_seven	bullet	20.00	0.00	19.92	6.53	-26.54	8.57	46.51
2089026	damage	bot-1940	bravo	bot-1861	alpha	m1911	bullet	33.00	39.60	-13.97	20.24	-14.99	12.05	8.25
2089119	damage	bot-1943	bravo	bot-1823	alpha	five_seven	bullet	20.00	46.36	-9.58	15.84	-26.70	19.21	17.45
2089277	damage	bot-1943	bravo	bot-1823	alpha	five_seven	bullet	20.00	26.36	-9.59	15.82	-26.69	19.44	17.49
2089321	damage	bot-1881	alpha	bot-1947	bravo	five_seven	bullet	20.00	80.00	-26.74	20.60	-22.03	18.50	5.16
2089321	damage	bot-1897	alpha	bot-1947	bravo	cz_805_bren	bullet	24.00	56.00	-22.66	22.47	-22.03	18.50	4.01
2089425	damage	bot-1943	bravo	bot-1823	alpha	five_seven	bullet	20.00	6.36	-9.59	15.82	-26.68	19.67	17.52
2089468	damage	bot-1823	alpha	bot-1947	bravo	cz_805_bren	bullet	24.00	32.00	-26.68	19.66	-21.19	18.34	5.65
2089468	damage	bot-1881	alpha	bot-1947	bravo	five_seven	bullet	20.00	12.00	-26.75	20.25	-21.19	18.34	5.88
2089600	kill	bot-1823	alpha	bot-1947	bravo	cz_805_bren	bullet	24.00	0.00	-26.31	19.61	-20.34	18.17	6.14
2089600	kill	bot-1943	bravo	bot-1823	alpha	five_seven	bullet	20.00	0.00	-9.59	15.82	-26.27	19.67	17.13
2089652	damage	bot-1940	bravo	bot-1861	alpha	m1911	bullet	33.00	6.60	-11.25	20.24	-15.65	11.35	9.92
2089785	damage	bot-1881	alpha	bot-1943	bravo	five_seven	bullet	20.00	40.82	-26.77	18.90	-9.59	15.82	17.46
2089860	damage	bot-1924	bravo	bot-1902	alpha	five_seven	bullet	20.00	20.67	19.04	7.10	-9.35	6.64	28.40
2090000	damage	bot-1881	alpha	bot-1943	bravo	five_seven	bullet	20.00	22.62	-26.77	18.90	-9.59	15.81	17.46
2090061	kill	bot-1940	bravo	bot-1861	alpha	m1911	bullet	33.00	0.00	-9.83	20.25	-16.71	10.29	12.11
2090174	damage	bot-1881	alpha	bot-1943	bravo	five_seven	bullet	20.00	5.32	-26.77	18.90	-9.59	15.81	17.46
2091209	damage	bot-1945	bravo	bot-1944	alpha	five_seven	bullet	20.00	57.57	14.43	-9.00	9.25	-8.25	5.24
2091355	damage	bot-1945	bravo	bot-1944	alpha	five_seven	bullet	20.00	37.57	14.42	-8.93	9.47	-8.25	4.99
2091544	damage	bot-1949	bravo	bot-1855	alpha	cz_805_bren	bullet	24.00	71.99	22.42	-8.42	16.75	-4.75	6.76
2091693	damage	bot-1949	bravo	bot-1855	alpha	cz_805_bren	bullet	24.00	47.99	23.05	-9.05	16.75	-4.75	7.63
2092309	damage	bot-1949	bravo	bot-1855	alpha	cz_805_bren	bullet	24.00	23.99	21.60	-8.47	16.75	-3.75	6.77
2092354	damage	bot-1855	alpha	bot-1949	bravo	five_seven	bullet	20.00	80.00	16.75	-3.75	21.60	-8.47	6.77
2092448	kill	bot-1949	bravo	bot-1855	alpha	cz_805_bren	bullet	24.00	0.00	21.60	-8.47	16.70	-3.58	6.93
2092589	damage	bot-1946	alpha	bot-1949	bravo	cz_805_bren	bullet	24.00	56.00	24.97	1.10	21.81	-8.25	9.87
2092761	damage	bot-1946	alpha	bot-1949	bravo	cz_805_bren	bullet	24.00	32.00	24.97	1.10	21.36	-8.81	10.54
2092843	damage	bot-1945	bravo	bot-1944	alpha	five_seven	bullet	20.00	17.57	15.59	-5.84	9.67	-5.76	5.92
2092919	damage	bot-1944	alpha	bot-1945	bravo	cz_805_bren	bullet	24.00	7.59	9.67	-5.76	15.95	-5.82	6.28
2092984	kill	bot-1945	bravo	bot-1944	alpha	five_seven	bullet	20.00	0.00	16.30	-5.80	8.95	-5.76	7.35
2093457	kill	bot-1936	alpha	bot-1945	bravo	m1911	bullet	33.00	0.00	17.85	-8.81	16.68	-5.78	3.25
2093585	damage	bot-1946	alpha	bot-1949	bravo	cz_805_bren	bullet	24.00	8.00	24.69	0.70	18.66	-12.14	14.19
2093699	kill	bot-1946	alpha	bot-1949	bravo	cz_805_bren	bullet	24.00	0.00	24.69	0.70	18.21	-12.69	14.88
2093768	damage	bot-1940	bravo	bot-1952	alpha	m1911	bullet	33.00	67.00	-9.34	20.00	-13.50	14.45	6.94
2093768	damage	bot-1952	alpha	bot-1940	bravo	cz_805_bren	bullet	24.00	25.57	-13.50	14.45	-9.38	19.95	6.87
2093828	damage	bot-1913	alpha	bot-1951	bravo	cz_805_bren	bullet	24.00	76.00	5.75	-7.75	-11.34	11.77	25.94
2093828	damage	bot-1943	bravo	bot-1952	alpha	five_seven	bullet	20.00	47.00	-11.63	15.21	-13.50	14.45	2.03
2093889	damage	bot-1765	alpha	bot-1951	bravo	cz_805_bren	bullet	24.00	52.00	-25.10	-11.31	-11.34	11.77	26.87
2093939	damage	bot-1876	alpha	bot-1951	bravo	cz_805_bren	bullet	24.00	28.00	-1.73	-12.63	-11.34	11.77	26.22
2093990	damage	bot-1943	bravo	bot-1952	alpha	five_seven	bullet	20.00	27.00	-12.65	14.90	-14.57	14.28	2.02
2094045	damage	bot-1765	alpha	bot-1951	bravo	cz_805_bren	bullet	24.00	4.00	-25.10	-11.31	-11.34	11.77	26.87
2094045	kill	bot-1848	alpha	bot-1951	bravo	cz_805_bren	bullet	24.00	0.00	-7.85	-7.23	-11.34	11.77	19.32
2095772	damage	bot-1868	alpha	bot-1953	bravo	cz_805_bren	bullet	24.00	76.00	-24.84	-9.45	-14.26	-3.14	12.32
2095886	damage	bot-1868	alpha	bot-1953	bravo	cz_805_bren	bullet	24.00	52.00	-24.84	-9.45	-14.26	-3.14	12.32
2096042	damage	bot-1953	bravo	bot-1902	alpha	five_seven	bullet	20.00	29.87	-13.89	-2.26	-5.10	4.70	11.21
2096205	damage	bot-1873	bravo	bot-1923	alpha	cz_805_bren	bullet	24.00	43.45	19.45	11.35	-2.00	-9.84	30.15
2096205	damage	bot-1953	bravo	bot-1902	alpha	five_seven	bullet	20.00	9.87	-13.67	-1.70	-4.83	4.71	10.92
2096446	kill	bot-1953	bravo	bot-1902	alpha	five_seven	bullet	20.00	0.00	-13.42	-0.76	-5.95	6.04	10.10
2096493	damage	bot-1873	bravo	bot-1923	alpha	cz_805_bren	bullet	24.00	19.45	19.45	11.35	-2.33	-10.14	30.60
2096644	kill	bot-1873	bravo	bot-1923	alpha	cz_805_bren	bullet	24.00	0.00	19.45	11.35	-2.48	-10.32	30.83
2096840	damage	bot-1917	alpha	bot-1953	bravo	five_seven	bullet	20.00	32.00	5.05	-8.14	-11.65	1.31	19.19
2097021	damage	bot-1917	alpha	bot-1953	bravo	five_seven	bullet	20.00	12.00	5.03	-8.17	-10.76	2.20	18.89
2097442	damage	bot-1876	alpha	bot-1924	bravo	cz_805_bren	bullet	24.00	41.28	0.71	-10.92	18.78	10.83	28.27
2097636	damage	bot-1913	alpha	bot-1955	bravo	cz_805_bren	bullet	24.00	76.00	5.65	-6.76	12.34	20.73	28.30
2097636	damage	bot-1917	alpha	bot-1955	bravo	five_seven	bullet	20.00	56.00	4.98	-8.21	12.34	20.73	29.86
2097636	damage	bot-1953	bravo	bot-1848	alpha	five_seven	bullet	20.00	48.07	-8.30	4.67	-8.76	-10.76	15.44
2097807	damage	bot-1917	alpha	bot-1955	bravo	five_seven	bullet	20.00	36.00	4.98	-8.21	12.12	21.39	30.44
2097807	damage	bot-1953	bravo	bot-1848	alpha	five_seven	bullet	20.00	28.07	-8.29	4.66	-8.77	-10.92	15.59
2097979	kill	bot-1848	alpha	bot-1953	bravo	cz_805_bren	bullet	24.00	0.00	-8.77	-11.00	-8.29	4.66	15.67
2097979	damage	bot-1917	alpha	bot-1955	bravo	five_seven	bullet	20.00	16.00	4.98	-8.21	11.94	22.07	31.07
2098194	kill	bot-1913	alpha	bot-1955	bravo	cz_805_bren	bullet	24.00	0.00	5.60	-6.77	12.00	23.14	30.59
2098528	damage	bot-1765	alpha	bot-1940	bravo	cz_805_bren	bullet	24.00	20.10	-23.85	-8.54	-14.51	14.37	24.75
2098592	damage	bot-1859	alpha	bot-1873	bravo	cz_805_bren	bullet	24.00	71.83	3.08	-8.16	18.78	11.17	24.90
2098662	kill	bot-1765	alpha	bot-1940	bravo	cz_805_bren	bullet	24.00	0.00	-23.85	-8.57	-14.55	13.95	24.37
2098949	damage	bot-1876	alpha	bot-1873	bravo	cz_805_bren	bullet	24.00	47.83	0.93	-10.80	18.77	11.16	28.30
2099271	damage	bot-1954	alpha	bot-1873	bravo	cz_805_bren	bullet	24.00	24.93	-0.04	-12.49	19.02	11.16	30.37
2099987	damage	bot-1957	bravo	bot-1868	alpha	cz_805_bren	bullet	24.00	48.32	-19.24	-22.11	-23.88	-9.57	13.36
2100127	damage	bot-1823	alpha	bot-1957	bravo	cz_805_bren	bullet	24.00	76.00	-26.30	19.57	-19.05	-21.93	42.13
2100261	damage	bot-1823	alpha	bot-1957	bravo	cz_805_bren	bullet	24.00	52.00	-26.30	19.57	-18.64	-21.59	41.87
2100529	kill	bot-1958	alpha	bot-1912	bravo	m24	bullet	95.00	0.00	-1.02	-13.16	18.90	11.43	31.64
2101718	damage	bot-1957	bravo	bot-1958	alpha	cz_805_bren	bullet	24.00	76.00	-11.94	-26.78	-1.17	-12.33	18.02
2102002	damage	bot-1957	bravo	bot-1958	alpha	cz_805_bren	bullet	24.00	52.00	-9.94	-26.78	-1.20	-12.21	16.99
2102133	damage	bot-1957	bravo	bot-1958	alpha	cz_805_bren	bullet	24.00	28.00	-9.88	-26.70	-1.05	-12.05	17.11
2102278	damage	bot-1957	bravo	bot-1958	alpha	cz_805_bren	bullet	24.00	4.00	-9.88	-26.70	-0.87	-11.88	17.34
2102321	damage	bot-1948	alpha	bot-1959	bravo	five_seven	bullet	20.00	80.00	11.18	2.49	-10.60	-25.98	35.85
2102416	damage	bot-1917	alpha	bot-1957	bravo	five_seven	bullet	20.00	43.15	7.67	-3.77	-9.88	-26.70	28.88
2102416	kill	bot-1957	bravo	bot-1958	alpha	cz_805_bren	bullet	24.00	0.00	-9.88	-26.70	-0.69	-11.70	17.59
2102499	damage	bot-1859	alpha	bot-1959	bravo	cz_805_bren	bullet	24.00	56.00	5.90	-5.06	-10.33	-26.19	26.65
2102542	damage	bot-1954	alpha	bot-1959	bravo	cz_805_bren	bullet	24.00	32.00	-1.11	-9.70	-10.56	-26.01	18.85
2102589	damage	bot-1917	alpha	bot-1957	bravo	five_seven	bullet	20.00	23.15	7.66	-3.77	-9.87	-26.70	28.87
2102780	damage	bot-1917	alpha	bot-1957	bravo	five_seven	bullet	20.00	6.41	7.66	-3.77	-9.87	-26.70	28.87
2102948	kill	bot-1917	alpha	bot-1957	bravo	five_seven	bullet	20.00	0.00	7.67	-3.76	-9.87	-26.70	28.87
2103294	damage	bot-1946	alpha	bot-1959	bravo	cz_805_bren	bullet	24.00	8.00	14.27	0.70	-13.75	-24.11	37.42
2104082	damage	bot-1961	bravo	bot-1962	alpha	five_seven	bullet	20.00	80.00	23.56	16.68	12.58	13.35	11.48
2104419	damage	bot-1961	bravo	bot-1962	alpha	five_seven	bullet	20.00	60.00	23.61	16.68	12.16	12.69	12.13
2104640	damage	bot-1959	bravo	bot-1765	alpha	five_seven	bullet	20.00	52.11	-19.17	-26.68	-22.44	-13.52	13.56
2104731	kill	bot-1765	alpha	bot-1959	bravo	cz_805_bren	bullet	24.00	0.00	-22.52	-13.51	-19.17	-26.68	13.59
2106050	damage	bot-1873	bravo	bot-1906	alpha	cz_805_bren	bullet	24.00	48.20	19.30	11.23	-3.30	-11.31	31.92
2106243	kill	bot-1906	alpha	bot-1873	bravo	m24	bullet	95.00	0.00	-3.50	-11.37	19.30	11.23	32.11
2106758	damage	bot-1936	alpha	bot-1924	bravo	m1911	bullet	33.00	8.28	12.74	2.03	18.31	10.92	10.49
2107822	damage	bot-1848	alpha	bot-1965	bravo	cz_805_bren	bullet	24.00	76.00	-7.30	-8.37	17.36	15.92	34.61
2108006	damage	bot-1848	alpha	bot-1965	bravo	cz_805_bren	bullet	24.00	52.00	-7.30	-8.37	17.36	15.92	34.61
2108185	damage	bot-1848	alpha	bot-1965	bravo	cz_805_bren	bullet	24.00	28.00	-7.30	-8.37	17.43	16.06	34.76
2108321	damage	bot-1848	alpha	bot-1965	bravo	cz_805_bren	bullet	24.00	4.00	-7.30	-8.36	17.51	16.23	34.92
2108383	kill	bot-1859	alpha	bot-1965	bravo	cz_805_bren	bullet	24.00	0.00	0.47	-10.53	17.55	16.30	31.81
2109790	damage	bot-1966	bravo	bot-1960	alpha	five_seven	bullet	20.00	80.00	12.76	-0.27	10.40	4.32	5.17
2109922	damage	bot-1948	alpha	bot-1966	bravo	five_seven	bullet	20.00	80.00	14.75	9.82	13.18	-0.69	10.62
2109964	damage	bot-1966	bravo	bot-1960	alpha	five_seven	bullet	20.00	60.00	13.21	-0.74	10.98	3.58	4.86
2110092	damage	bot-1848	alpha	bot-1966	bravo	cz_805_bren	bullet	24.00	56.00	-6.59	-7.49	13.48	-0.72	21.19
2110092	damage	bot-1962	alpha	bot-1966	bravo	cz_805_bren	bullet	24.00	32.00	6.09	6.75	13.48	-0.72	10.51
2110137	damage	bot-1964	alpha	bot-1966	bravo	five_seven	bullet	20.00	12.00	-2.01	8.45	13.72	-0.91	18.30
2110137	damage	bot-1966	bravo	bot-1960	alpha	five_seven	bullet	20.00	40.00	13.72	-0.91	10.56	4.76	6.49
2110231	kill	bot-1823	alpha	bot-1966	bravo	cz_805_bren	bullet	24.00	0.00	-26.18	15.19	14.23	-1.32	43.66
2110674	damage	bot-1876	alpha	bot-1961	bravo	cz_805_bren	bullet	24.00	76.00	-4.39	-3.46	18.03	15.86	29.60
2110820	damage	bot-1876	alpha	bot-1961	bravo	cz_805_bren	bullet	24.00	52.00	-4.39	-3.45	18.04	15.86	29.60
2110967	damage	bot-1876	alpha	bot-1961	bravo	cz_805_bren	bullet	24.00	28.00	-4.39	-3.43	18.18	15.99	29.77
2111256	damage	bot-1876	alpha	bot-1961	bravo	cz_805_bren	bullet	24.00	4.00	-4.39	-3.39	18.45	16.19	30.09
2111386	kill	bot-1876	alpha	bot-1961	bravo	cz_805_bren	bullet	24.00	0.00	-4.39	-3.37	18.61	16.28	30.25
2111784	damage	bot-1946	alpha	bot-1967	bravo	cz_805_bren	bullet	24.00	76.00	15.00	2.17	24.25	-19.25	23.33
2111927	damage	bot-1946	alpha	bot-1967	bravo	cz_805_bren	bullet	24.00	52.00	15.00	2.17	24.25	-19.25	23.33
2112060	damage	bot-1946	alpha	bot-1967	bravo	cz_805_bren	bullet	24.00	28.00	15.00	2.17	24.34	-19.43	23.53
2112060	damage	bot-1967	bravo	bot-1946	alpha	m24	bullet	95.00	5.00	24.34	-19.43	15.00	2.17	23.53
2112199	damage	bot-1946	alpha	bot-1967	bravo	cz_805_bren	bullet	24.00	4.00	14.99	2.22	24.44	-19.62	23.80
2112340	kill	bot-1946	alpha	bot-1967	bravo	cz_805_bren	bullet	24.00	0.00	14.96	2.34	24.55	-19.82	24.15
2113896	damage	bot-1917	alpha	bot-1968	bravo	five_seven	bullet	20.00	80.00	-7.68	-17.87	-0.69	-20.85	7.60
2113896	damage	bot-1962	alpha	bot-1968	bravo	cz_805_bren	bullet	24.00	56.00	-1.75	8.25	-0.69	-20.85	29.12
2114172	damage	bot-1962	alpha	bot-1968	bravo	cz_805_bren	bullet	24.00	32.00	-1.75	8.25	-0.71	-22.63	30.89
2115055	damage	bot-1848	alpha	bot-1963	bravo	cz_805_bren	bullet	24.00	76.00	-2.86	-3.29	16.98	14.41	26.59
2115182	damage	bot-1848	alpha	bot-1963	bravo	cz_805_bren	bullet	24.00	52.00	-2.86	-3.29	16.98	14.41	26.59
2115311	damage	bot-1848	alpha	bot-1963	bravo	cz_805_bren	bullet	24.00	28.00	-2.86	-3.30	17.35	14.78	27.12
2115443	damage	bot-1848	alpha	bot-1963	bravo	cz_805_bren	bullet	24.00	4.00	-2.86	-3.30	17.87	15.32	27.87
2115960	damage	bot-1969	bravo	bot-1917	alpha	cz_805_bren	bullet	24.00	48.27	15.75	-24.23	-7.31	-18.32	23.80
2116018	damage	bot-1956	alpha	bot-1969	bravo	five_seven	bullet	20.00	80.00	-10.43	-23.50	15.75	-24.23	26.20
2116078	damage	bot-1765	alpha	bot-1969	bravo	cz_805_bren	bullet	24.00	56.00	-18.45	-21.19	15.75	-24.23	34.34
2116202	damage	bot-1765	alpha	bot-1969	bravo	cz_805_bren	bullet	24.00	32.00	-18.44	-21.20	15.85	-24.33	34.44
2116202	damage	bot-1956	alpha	bot-1969	bravo	five_seven	bullet	20.00	12.00	-10.43	-23.50	15.85	-24.33	26.30
2116267	kill	bot-1917	alpha	bot-1969	bravo	five_seven	bullet	20.00	0.00	-7.52	-18.08	15.91	-24.38	24.26
2118213	kill	bot-1964	alpha	bot-1963	bravo	five_seven	bullet	20.00	0.00	9.70	8.45	22.98	19.57	17.32
2118374	damage	bot-1866	alpha	bot-1970	bravo	m1911	bullet	33.00	67.00	-2.22	20.19	-16.55	25.47	15.27
2118755	damage	bot-1866	alpha	bot-1970	bravo	m1911	bullet	33.00	34.00	-2.24	20.17	-16.09	25.29	14.77
2119983	kill	bot-1971	bravo	bot-1866	alpha	m24	bullet	95.00	0.00	-18.60	26.67	-2.72	20.11	17.18
2120247	damage	bot-1936	alpha	bot-1924	bravo	m1911	bullet	33.00	39.23	15.75	7.25	19.01	11.30	5.20
2123031	damage	bot-1925	alpha	bot-1972	bravo	cz_805_bren	bullet	24.00	76.00	14.79	14.14	22.21	15.04	7.48
2123743	damage	bot-1972	bravo	bot-1925	alpha	cz_805_bren	bullet	24.00	75.96	22.84	14.38	15.01	13.61	7.87
2123982	damage	bot-1876	alpha	bot-1974	bravo	cz_805_bren	bullet	24.00	76.00	-6.76	-8.38	-5.29	23.08	31.50
2123982	damage	bot-1925	alpha	bot-1972	bravo	cz_805_bren	bullet	24.00	52.00	15.02	13.65	23.81	14.35	8.82
2124151	damage	bot-1876	alpha	bot-1974	bravo	cz_805_bren	bullet	24.00	52.00	-6.76	-8.38	-5.30	22.83	31.25
2124151	kill	bot-1950	alpha	bot-1974	bravo	m24	bullet	95.00	0.00	-7.69	0.20	-5.30	22.83	22.76
2127824	damage	bot-1964	alpha	bot-1972	bravo	five_seven	bullet	20.00	75.86	14.17	13.55	26.65	14.07	12.49
2127898	damage	bot-1876	alpha	bot-1976	bravo	cz_805_bren	bullet	24.00	76.00	-6.21	-3.31	-6.58	24.20	27.51
2127962	damage	bot-1956	alpha	bot-1976	bravo	five_seven	bullet	20.00	56.00	-2.51	-7.98	-6.41	24.33	32.54
2128030	damage	bot-1876	alpha	bot-1976	bravo	cz_805_bren	bullet	24.00	32.00	-6.21	-3.31	-6.65	24.48	27.80
2128030	damage	bot-1964	alpha	bot-1972	bravo	five_seven	bullet	20.00	55.86	14.17	13.55	26.58	14.16	12.42
2128157	damage	bot-1956	alpha	bot-1976	bravo	five_seven	bullet	20.00	12.00	-2.51	-7.97	-7.28	24.80	33.12
2128225	damage	bot-1964	alpha	bot-1972	bravo	five_seven	bullet	20.00	35.86	14.17	13.55	26.62	14.00	12.46
2128430	damage	bot-1964	alpha	bot-1972	bravo	five_seven	bullet	20.00	15.86	14.17	13.55	26.63	14.04	12.47
2128430	damage	bot-1972	bravo	bot-1964	alpha	cz_805_bren	bullet	24.00	57.78	26.63	14.04	14.17	13.55	12.47
2128944	kill	bot-1747	alpha	bot-1972	bravo	cz_805_bren	bullet	24.00	0.00	15.14	13.59	26.67	14.08	11.54
2129784	damage	bot-1747	alpha	bot-1975	bravo	cz_805_bren	bullet	24.00	76.00	15.21	13.72	26.79	13.74	11.58
2129978	damage	bot-1747	alpha	bot-1975	bravo	cz_805_bren	bullet	24.00	52.00	15.21	13.72	26.78	13.88	11.57
2130072	damage	bot-1913	alpha	bot-1975	bravo	cz_805_bren	bullet	24.00	28.00	14.38	13.55	26.78	13.80	12.40
2130189	damage	bot-1747	alpha	bot-1975	bravo	cz_805_bren	bullet	24.00	4.00	15.21	13.72	26.78	13.72	11.56
2130189	kill	bot-1913	alpha	bot-1975	bravo	cz_805_bren	bullet	24.00	0.00	14.38	13.55	26.78	13.72	12.40
2131783	damage	bot-1977	bravo	bot-1917	alpha	cz_805_bren	bullet	24.00	48.08	5.07	-8.55	4.33	-18.21	9.68
2132193	damage	bot-1977	bravo	bot-1917	alpha	cz_805_bren	bullet	24.00	24.08	5.25	-7.91	4.10	-19.01	11.16
2132464	damage	bot-1925	alpha	bot-1977	bravo	cz_805_bren	bullet	24.00	76.00	15.12	12.55	5.44	-7.29	22.08
2132584	damage	bot-1925	alpha	bot-1977	bravo	cz_805_bren	bullet	24.00	52.00	15.12	12.55	5.44	-7.29	22.08
2132712	damage	bot-1978	bravo	bot-1848	alpha	cz_805_bren	bullet	24.00	34.10	1.76	-6.76	8.82	-4.27	7.48
2132835	damage	bot-1925	alpha	bot-1977	bravo	cz_805_bren	bullet	24.00	28.00	15.12	12.55	4.92	-7.79	22.75
2132835	damage	bot-1962	alpha	bot-1978	bravo	cz_805_bren	bullet	24.00	76.00	4.59	-9.05	1.76	-6.76	3.63
2133048	damage	bot-1859	alpha	bot-1977	bravo	cz_805_bren	bullet	24.00	4.00	2.79	-17.91	4.41	-8.28	9.76
2133048	kill	bot-1925	alpha	bot-1977	bravo	cz_805_bren	bullet	24.00	0.00	15.14	12.55	4.41	-8.28	23.43
2133048	damage	bot-1956	alpha	bot-1971	bravo	five_seven	bullet	20.00	52.85	-5.68	-7.02	-7.25	22.25	29.31
2133443	damage	bot-1956	alpha	bot-1971	bravo	five_seven	bullet	20.00	32.85	-5.68	-7.02	-7.41	22.43	29.50
2134127	damage	bot-1859	alpha	bot-1978	bravo	cz_805_bren	bullet	24.00	52.00	2.77	-17.55	1.51	-5.73	11.88
2134562	damage	bot-1868	alpha	bot-1978	bravo	cz_805_bren	bullet	24.00	28.00	-6.78	16.01	0.78	-4.99	22.32
2134562	damage	bot-1956	alpha	bot-1979	bravo	five_seven	bullet	20.00	80.00	-5.68	-7.02	-6.89	23.90	30.94
2134915	damage	bot-1765	alpha	bot-1978	bravo	cz_805_bren	bullet	24.00	4.00	-4.98	-20.94	0.05	-4.21	17.47
2135315	kill	bot-1765	alpha	bot-1978	bravo	cz_805_bren	bullet	24.00	0.00	-4.98	-20.94	-0.95	-3.17	18.22
2137817	damage	bot-1876	alpha	bot-1980	bravo	cz_805_bren	bullet	24.00	76.00	-8.25	-2.91	17.03	-5.93	25.46
2138014	damage	bot-1881	alpha	bot-1980	bravo	five_seven	bullet	20.00	56.00	-18.57	-0.75	15.82	-5.80	34.75
2138117	damage	bot-1876	alpha	bot-1980	bravo	cz_805_bren	bullet	24.00	32.00	-8.25	-2.91	16.17	-5.79	24.59
2138280	damage	bot-1876	alpha	bot-1980	bravo	cz_805_bren	bullet	24.00	8.00	-8.25	-2.91	16.54	-5.77	24.95
2138280	kill	bot-1881	alpha	bot-1980	bravo	five_seven	bullet	20.00	0.00	-18.57	-0.75	16.54	-5.77	35.46
2138280	damage	bot-1962	alpha	bot-1981	bravo	cz_805_bren	bullet	24.00	76.00	4.63	-6.36	-3.25	6.02	14.68
2138769	damage	bot-1868	alpha	bot-1981	bravo	cz_805_bren	bullet	24.00	52.00	-4.66	13.60	-2.92	7.58	6.27
2140260	damage	bot-1868	alpha	bot-1982	bravo	cz_805_bren	bullet	24.00	76.00	-6.69	18.67	-1.56	6.26	13.42
2140305	damage	bot-1848	alpha	bot-1982	bravo	cz_805_bren	bullet	24.00	52.00	10.22	-5.41	-1.56	6.26	16.59
2140305	damage	bot-1876	alpha	bot-1982	bravo	cz_805_bren	bullet	24.00	28.00	-7.91	-1.59	-1.56	6.26	10.10
2140356	damage	bot-1881	alpha	bot-1982	bravo	five_seven	bullet	20.00	8.00	-18.43	-0.46	-1.69	6.55	18.15
2140457	kill	bot-1876	alpha	bot-1982	bravo	cz_805_bren	bullet	24.00	0.00	-7.91	-1.58	-1.86	6.91	10.43
2140619	damage	bot-1765	alpha	bot-1924	bravo	cz_805_bren	bullet	24.00	48.53	-10.11	-21.00	19.40	11.41	43.84
2141150	damage	bot-1976	bravo	bot-1868	alpha	m1911	bullet	33.00	32.94	-8.73	24.83	-6.67	18.72	6.45
2141373	damage	bot-1962	alpha	bot-1976	bravo	cz_805_bren	bullet	24.00	48.12	4.39	-5.09	-9.21	25.22	33.22
2142348	damage	bot-1878	alpha	bot-1983	bravo	cz_805_bren	bullet	24.00	76.00	-11.14	-0.97	-1.00	12.92	17.19
2142494	damage	bot-1878	alpha	bot-1983	bravo	cz_805_bren	bullet	24.00	52.00	-11.14	-0.96	-1.00	12.92	17.19
2142629	damage	bot-1878	alpha	bot-1983	bravo	cz_805_bren	bullet	24.00	28.00	-11.14	-0.96	-0.16	13.47	18.13
2142920	damage	bot-1881	alpha	bot-1983	bravo	five_seven	bullet	20.00	8.00	-17.41	0.66	1.27	14.16	23.04
2143102	kill	bot-1881	alpha	bot-1983	bravo	five_seven	bullet	20.00	0.00	-17.41	0.66	1.97	14.41	23.76
2143620	damage	bot-1979	bravo	bot-1747	alpha	m1911	bullet	33.00	39.58	-14.07	26.11	21.59	15.79	37.13
2145055	damage	bot-1917	alpha	bot-1984	bravo	five_seven	bullet	20.00	80.00	6.25	-20.72	-19.71	-22.35	26.01
2145224	damage	bot-1917	alpha	bot-1984	bravo	five_seven	bullet	20.00	60.00	6.25	-20.72	-18.92	-21.76	25.20
2145404	damage	bot-1917	alpha	bot-1984	bravo	five_seven	bullet	20.00	40.00	6.25	-20.72	-19.85	-20.90	26.10
2146187	damage	bot-1962	alpha	bot-1971	bravo	cz_805_bren	bullet	24.00	71.81	-0.03	-0.47	-6.78	21.95	23.41
2146639	damage	bot-1765	alpha	bot-1971	bravo	cz_805_bren	bullet	24.00	47.81	-6.88	-17.21	-6.78	21.95	39.16
2146639	damage	bot-1876	alpha	bot-1971	bravo	cz_805_bren	bullet	24.00	23.81	-5.07	4.65	-6.78	21.95	17.38
2146639	kill	bot-1962	alpha	bot-1971	bravo	cz_805_bren	bullet	24.00	0.00	-0.03	-0.47	-6.78	21.95	23.41
2147418	damage	bot-1979	bravo	bot-1964	alpha	m1911	bullet	33.00	24.78	-14.48	25.85	17.50	14.19	34.04
2148097	kill	bot-1979	bravo	bot-1964	alpha	m1911	bullet	33.00	0.00	-14.48	25.85	16.78	14.21	33.36
2148252	damage	bot-1868	alpha	bot-1985	bravo	cz_805_bren	bullet	24.00	76.00	-5.49	16.02	-23.25	-13.65	34.57
2148405	damage	bot-1868	alpha	bot-1985	bravo	cz_805_bren	bullet	24.00	52.00	-5.49	16.02	-23.25	-13.52	34.47
2148793	damage	bot-1868	alpha	bot-1985	bravo	cz_805_bren	bullet	24.00	28.00	-5.49	16.02	-23.59	-13.69	34.79
2148793	damage	bot-1979	bravo	bot-1987	alpha	m1911	bullet	33.00	67.00	-14.48	25.85	23.82	15.45	39.69
2149080	damage	bot-1765	alpha	bot-1986	bravo	cz_805_bren	bullet	24.00	76.00	-6.82	-16.88	18.31	19.60	44.30
2149402	damage	bot-1765	alpha	bot-1986	bravo	cz_805_bren	bullet	24.00	52.00	-6.82	-16.88	18.23	19.54	44.21
2149402	damage	bot-1956	alpha	bot-1986	bravo	five_seven	bullet	20.00	32.00	-5.59	-12.10	18.23	19.54	39.60
2149402	damage	bot-1979	bravo	bot-1987	alpha	m1911	bullet	33.00	34.00	-14.49	25.81	24.39	15.12	40.32
2149775	damage	bot-1985	bravo	bot-1973	alpha	cz_805_bren	bullet	24.00	76.00	-24.64	-14.21	-16.66	-6.82	10.88
2150083	damage	bot-1956	alpha	bot-1986	bravo	five_seven	bullet	20.00	12.00	-5.60	-12.09	18.88	19.81	40.21
2151155	kill	bot-1765	alpha	bot-1986	bravo	cz_805_bren	bullet	24.00	0.00	-6.80	-16.91	20.01	20.16	45.75
2158119	damage	bot-1868	alpha	bot-1985	bravo	cz_805_bren	bullet	24.00	16.60	-5.88	11.96	-26.32	-15.46	34.20
2158119	damage	bot-1956	alpha	bot-1984	bravo	five_seven	bullet	20.00	50.40	-7.89	-14.98	-23.13	-17.58	15.45
2158281	damage	bot-1956	alpha	bot-1984	bravo	five_seven	bullet	20.00	31.30	-7.87	-14.98	-23.13	-17.58	15.48
2158624	damage	bot-1859	alpha	bot-1991	bravo	cz_805_bren	bullet	24.00	76.00	3.58	-22.76	-25.79	-20.82	29.44
2158624	damage	bot-1956	alpha	bot-1984	bravo	five_seven	bullet	20.00	12.20	-7.87	-14.98	-23.13	-17.58	15.48
2158843	damage	bot-1859	alpha	bot-1991	bravo	cz_805_bren	bullet	24.00	52.00	3.58	-22.76	-25.82	-20.90	29.46
2158843	kill	bot-1956	alpha	bot-1984	bravo	five_seven	bullet	20.00	0.00	-7.85	-14.97	-23.08	-17.52	15.44
2159175	damage	bot-1859	alpha	bot-1991	bravo	cz_805_bren	bullet	24.00	28.00	3.60	-22.76	-25.84	-20.82	29.50
2159623	damage	bot-1954	alpha	bot-1991	bravo	cz_805_bren	bullet	24.00	4.00	3.57	-21.26	-25.86	-20.74	29.43
2159804	kill	bot-1859	alpha	bot-1991	bravo	cz_805_bren	bullet	24.00	0.00	3.62	-22.76	-25.90	-20.67	29.59
2159804	damage	bot-1956	alpha	bot-1989	bravo	five_seven	bullet	20.00	80.00	-7.83	-14.96	-20.07	-17.72	12.54
2160494	damage	bot-1859	alpha	bot-1992	bravo	cz_805_bren	bullet	24.00	76.00	3.64	-22.76	-24.80	-22.72	28.44
2161240	damage	bot-1954	alpha	bot-1992	bravo	cz_805_bren	bullet	24.00	52.00	3.55	-21.26	-24.93	-22.73	28.52
2161644	damage	bot-1989	bravo	bot-1956	alpha	five_seven	bullet	20.00	72.69	-20.19	-17.50	-8.01	-14.81	12.47
2162141	damage	bot-1956	alpha	bot-1989	bravo	five_seven	bullet	20.00	60.00	-8.01	-14.81	-20.19	-17.49	12.47
2163174	damage	bot-1979	bravo	bot-1747	alpha	five_seven	bullet	20.00	52.88	-11.77	25.09	26.79	13.26	40.34
2163554	damage	bot-1848	alpha	bot-1995	bravo	cz_805_bren	bullet	24.00	76.00	0.29	-0.27	-0.19	-15.31	15.05
2163554	damage	bot-1992	bravo	bot-1881	alpha	five_seven	bullet	20.00	21.22	-26.51	-19.68	-4.05	14.22	40.66
2163679	damage	bot-1913	alpha	bot-1995	bravo	cz_805_bren	bullet	24.00	52.00	9.40	0.80	0.29	-15.77	18.90
2163679	damage	bot-1925	alpha	bot-1979	bravo	cz_805_bren	bullet	24.00	56.00	9.26	16.86	-11.79	25.06	22.59
2163736	damage	bot-1876	alpha	bot-1995	bravo	cz_805_bren	bullet	24.00	28.00	-5.49	1.06	0.53	-16.04	18.13
2163834	damage	bot-1925	alpha	bot-1979	bravo	cz_805_bren	bullet	24.00	32.00	9.26	16.86	-11.99	24.92	22.73
2163834	damage	bot-1948	alpha	bot-1995	bravo	five_seven	bullet	20.00	8.00	5.04	-5.44	1.02	-16.60	11.86
2163834	kill	bot-1973	alpha	bot-1995	bravo	five_seven	bullet	20.00	0.00	-8.42	-11.24	1.02	-16.60	10.85
2163887	damage	bot-1992	bravo	bot-1881	alpha	five_seven	bullet	20.00	1.22	-26.62	-19.54	-3.34	15.60	42.14
2163947	damage	bot-1925	alpha	bot-1979	bravo	cz_805_bren	bullet	24.00	8.00	9.26	16.86	-12.16	24.85	22.86
2164105	kill	bot-1925	alpha	bot-1979	bravo	cz_805_bren	bullet	24.00	0.00	9.26	16.86	-12.31	24.80	22.99
2164201	damage	bot-1868	alpha	bot-1992	bravo	cz_805_bren	bullet	24.00	28.00	-1.67	15.43	-26.62	-19.54	42.95
2164340	damage	bot-1859	alpha	bot-1989	bravo	five_seven	bullet	20.00	40.90	3.40	-23.30	-26.38	-23.55	29.78
2164340	damage	bot-1868	alpha	bot-1992	bravo	cz_805_bren	bullet	24.00	4.00	-1.67	15.43	-26.65	-19.28	42.76
2164340	damage	bot-1925	alpha	bot-1976	bravo	cz_805_bren	bullet	24.00	71.86	9.26	16.86	-8.09	22.73	18.32
2164488	kill	bot-1868	alpha	bot-1992	bravo	cz_805_bren	bullet	24.00	0.00	-1.67	15.43	-26.67	-18.75	42.34
2164488	damage	bot-1925	alpha	bot-1976	bravo	cz_805_bren	bullet	24.00	47.86	9.26	16.86	-7.48	22.74	17.75
2164488	damage	bot-1954	alpha	bot-1989	bravo	cz_805_bren	bullet	24.00	16.90	4.35	-22.01	-26.63	-23.69	31.03
2164646	kill	bot-1859	alpha	bot-1989	bravo	five_seven	bullet	20.00	0.00	3.40	-23.30	-26.71	-23.39	30.11
2164646	damage	bot-1925	alpha	bot-1976	bravo	cz_805_bren	bullet	24.00	23.86	9.26	16.86	-8.20	22.74	18.43
2164794	kill	bot-1925	alpha	bot-1976	bravo	cz_805_bren	bullet	24.00	0.00	9.26	16.86	-8.92	22.75	19.11
2166522	damage	bot-1996	bravo	bot-1876	alpha	cz_805_bren	bullet	24.00	35.86	-26.72	-0.53	-2.38	5.07	24.98
2166690	damage	bot-1996	bravo	bot-1876	alpha	cz_805_bren	bullet	24.00	11.86	-26.72	-0.53	-1.97	5.25	25.41
2166835	kill	bot-1996	bravo	bot-1876	alpha	cz_805_bren	bullet	24.00	0.00	-26.72	-0.53	-1.55	5.44	25.87
2166898	damage	bot-1906	alpha	bot-1996	bravo	m24	bullet	95.00	5.00	10.66	-6.34	-26.72	-0.53	37.83
2167501	damage	bot-1996	bravo	bot-1765	alpha	cz_805_bren	bullet	24.00	44.50	-26.72	-0.10	1.45	-11.24	30.30
2167637	damage	bot-1996	bravo	bot-1765	alpha	cz_805_bren	bullet	24.00	20.50	-26.73	0.06	1.99	-11.88	31.10
2167752	kill	bot-1996	bravo	bot-1765	alpha	cz_805_bren	bullet	24.00	0.00	-26.74	0.22	2.53	-12.50	31.91
2167863	kill	bot-1948	alpha	bot-1996	bravo	five_seven	bullet	20.00	0.00	6.81	-5.38	-26.75	0.38	34.05
2168083	damage	bot-1948	alpha	bot-1998	bravo	five_seven	bullet	20.00	80.00	6.80	-5.36	-26.70	0.81	34.07
2168135	damage	bot-1868	alpha	bot-1988	bravo	cz_805_bren	bullet	24.00	24.03	-2.85	16.18	-25.76	-16.22	39.68
2168239	damage	bot-1948	alpha	bot-1998	bravo	five_seven	bullet	20.00	60.00	6.80	-5.36	-26.70	0.81	34.07
2168294	damage	bot-1823	alpha	bot-1988	bravo	cz_805_bren	bullet	24.00	0.03	-15.04	13.87	-25.84	-16.44	32.18
2168294	kill	bot-1868	alpha	bot-1988	bravo	cz_805_bren	bullet	24.00	0.00	-2.86	16.18	-25.84	-16.44	39.91
2168499	damage	bot-1823	alpha	bot-1990	bravo	cz_805_bren	bullet	24.00	11.63	-15.06	13.87	-26.32	-15.13	31.11
2168605	damage	bot-1878	alpha	bot-1985	bravo	cz_805_bren	bullet	24.00	34.15	8.35	5.69	-26.32	-9.31	37.78
2168710	damage	bot-1859	alpha	bot-1998	bravo	five_seven	bullet	20.00	40.00	4.85	-19.22	-26.76	3.24	38.78
2168765	damage	bot-1878	alpha	bot-1985	bravo	cz_805_bren	bullet	24.00	12.80	8.34	5.68	-26.31	-9.32	37.77
2168765	damage	bot-1998	bravo	bot-1997	alpha	five_seven	bullet	20.00	80.00	-26.76	3.24	4.77	-8.86	33.76
2168819	kill	bot-1823	alpha	bot-1990	bravo	cz_805_bren	bullet	24.00	0.00	-15.06	13.87	-26.33	-15.52	31.48
2168921	damage	bot-1998	bravo	bot-1997	alpha	five_seven	bullet	20.00	60.00	-26.76	3.24	4.75	-9.15	33.86
2169029	damage	bot-1859	alpha	bot-1998	bravo	five_seven	bullet	20.00	20.00	4.84	-19.20	-26.76	3.24	38.76
2169099	kill	bot-1878	alpha	bot-1985	bravo	cz_805_bren	bullet	24.00	0.00	8.33	5.66	-26.31	-9.31	37.74
2169099	damage	bot-1998	bravo	bot-1997	alpha	five_seven	bullet	20.00	40.00	-26.76	3.24	5.17	-8.16	33.90
2169201	kill	bot-1859	alpha	bot-1998	bravo	five_seven	bullet	20.00	0.00	4.84	-19.19	-26.76	3.24	38.75
2170431	damage	bot-2000	bravo	bot-1906	alpha	m1911	bullet	33.00	62.22	19.24	0.74	10.24	-6.00	11.25
2170475	damage	bot-1956	alpha	bot-2000	bravo	five_seven	bullet	20.00	80.00	-8.78	-14.89	19.24	0.74	32.09
2170630	damage	bot-1956	alpha	bot-2000	bravo	five_seven	bullet	20.00	60.00	-8.78	-14.87	19.24	0.74	32.08
2170789	damage	bot-1956	alpha	bot-2000	bravo	five_seven	bullet	20.00	40.00	-8.78	-14.84	19.42	0.68	32.19
2170789	damage	bot-2000	bravo	bot-1906	alpha	m1911	bullet	33.00	29.22	19.42	0.68	10.01	-5.97	11.52
2170935	damage	bot-1956	alpha	bot-2000	bravo	five_seven	bullet	20.00	20.00	-8.78	-14.83	19.60	0.63	32.32