t_ms	bot_id	team	code	changed_slots	x	z	yaw_deg	speed	moved	goal_dist	path_len	path_mode	squad_id	squad_rank	leader_id	target_id	target_dist	vis_gate	nav_region	mag	reserve	self_threat	sidearm_mag	sidearm_reserve
0	bot-256	bravo	P00r-3320	initial	87.21	4.27	27	2.40		2.16	1	squad	squad-4	1	bot-305			-	0	22	100	0	7	35
0	bot-262	bravo	E00m-0301	initial	-12.35	52.02	258	4.42		0.94	1	flee	squad-27	0	bot-262	bot-362	9.52	y	0	0	0	0	0	0
0	bot-281	alpha	P00m-4200	initial	-39.68	26.02	208	0.65		55.46	7	squad	squad-1	2	bot-338			-	0	20	69	0	7	35
0	bot-284	bravo	D00r--000	initial	-5.92	32.87	315	0.00		5.45	0		squad-27	-1	bot-262	bot-338	51.19	r	0	11	120	0	7	35
0	bot-294	alpha	D00r--000	initial	-49.22	38.20	93	0.00		44.54	0		squad-1	-1	bot-338			-	0	17	100	0	7	35
0	bot-296	alpha	D00m--0A0	initial	-34.40	31.14	50	0.00		24.98	0		squad-1	-1	bot-338			-	0	10	83	0	7	35
0	bot-300	alpha	D00r--000	initial	-39.21	21.06	52	0.00		3.74	0		squad-1	-1	bot-338	bot-333	49.12	y	0	7	35	0	7	35
0	bot-302	alpha	D00r--000	initial	-43.40	28.71	59	0.00		2.90	0		squad-1	-1	bot-338	bot-321	57.93	w	0	1	7	0	7	35
0	bot-305	bravo	P00r-4320	initial	87.23	9.08	1	2.43			12	patrol	squad-4	0	bot-305			-	0	1	1	0	30	120
0	bot-309	bravo	D00r--000	initial	-1.30	52.19	167	0.00		6.42	0		squad-27	-1	bot-262	bot-348	32.81	y	0	22	120	0	20	101
0	bot-311	bravo	D00m--0A0	initial	4.08	24.15	263	0.00			0		squad-27	-1	bot-262	bot-338	57.74	r	0	10	101	0	7	35
0	bot-315	bravo	D00r--000	initial	-1.15	48.06	183	0.00			0		squad-27	-1	bot-262	bot-344	31.22	y	0	18	120	0	20	101
0	bot-317	bravo	P00r-2320	initial	87.16	0.82	5	2.40		2.71	1	squad	squad-4	2	bot-305			-	0	11	120	0	20	101
0	bot-319	bravo	D00m--000	initial	5.00	29.07	265	0.00		1.40	0		squad-27	-1	bot-262	bot-296	46.77	w	0	8	101	0	7	35
0	bot-321	bravo	D00r--000	initial	-0.83	40.46	251	0.00		5.22	0		squad-27	-1	bot-262	bot-281	48.48	y	0	0	7	0	20	101
0	bot-323	bravo	P00r-4320	initial	87.23	-2.48	1	2.41		4.12	1	squad	squad-4	3	bot-305			-	0	1	3	0	30	120
0	bot-325	bravo	P00r-2320	initial	87.45	-7.97	19	1.81		6.47	1	squad	squad-4	4	bot-305			-	0	15	120	0	20	101
0	bot-327	bravo	D00m--0A0	initial	-15.18	21.89	224	0.00		4.39	0		squad-27	-1	bot-262	bot-328	28.74	y	0	17	101	0	7	35
0	bot-328	alpha	D00m--000	initial	-26.29	25.65	79	0.00		3.94	0		squad-1	-1	bot-338			-	0	16	101	0	7	35
0	bot-329	bravo	D00r--000	initial	1.25	49.43	244	0.00			0		squad-27	-1	bot-262	bot-328	49.49	y	0	26	120	0	20	101
0	bot-330	alpha	D00r--000	initial	-28.03	26.52	90	0.00		3.46	0		squad-1	-1	bot-338	bot-321	43.01	w	0	30	120	0	7	35
0	bot-331	bravo	P00r-2410	initial	87.48	31.48	27	2.48			9	patrol	squad-2	0	bot-331			-	0	13	120	0	20	101
0	bot-332	alpha	P00r-4410	initial	-80.17	-4.50	193	2.12		1.65	1	squad	squad-1	1	bot-338			-	0	30	120	0	7	35
0	bot-333	bravo	D00r--000	initial	-1.33	50.46	237	0.00			0		squad-27	-1	bot-262	bot-328	50.18	r	0	14	120	0	20	101
0	bot-335	bravo	P00m-3310	initial	86.77	14.53	336	1.91		4.11	1	squad	squad-2	5	bot-331			-	0	14	101	0	7	35
0	bot-337	bravo	D00r--000	initial	-10.66	24.63	226	0.00		5.64	0		squad-27	-1	bot-262	bot-330	31.82	y	0	29	120	0	20	101
0	bot-338	alpha	P00r-4310	initial	-82.57	-9.23	170	1.83			13	patrol	squad-1	0	bot-338			-	0	24	120	0	7	35
0	bot-339	bravo	P00r-4410	initial	87.21	26.28	17	2.44		1.93	1	squad	squad-2	1	bot-331			-	0	23	120	0	20	101
0	bot-341	bravo	P00r-4410	initial	86.63	12.34	9	2.34		4.03	1	squad	squad-2	6	bot-331			-	0	1	30	0	20	101
0	bot-342	alpha	D00r--000	initial	34.35	84.44	225	0.00		1.90	0		squad-15	-1	bot-358	bot-315	44.93	y	0	0	29	0	7	35
0	bot-343	bravo	P00m-4420	initial	86.56	10.64	344	2.41		3.11	1	squad	squad-2	7	bot-331			-	0	20	101	0	7	35
0	bot-344	alpha	D00m--000	initial	10.71	17.82	341	0.00		3.28	0		squad-1	-1	bot-338	bot-309	35.14	w	0	3	35	0	3	35
0	bot-345	bravo	P00r-4420	initial	87.13	23.21	334	2.43		2.61	1	squad	squad-2	2	bot-331			-	0	1	4	0	30	120
0	bot-346	alpha	D00r--000	initial	12.08	18.42	345	0.00			0		squad-1	-1	bot-338			-	0	30	120	0	30	120
0	bot-347	bravo	P00r-4410	initial	86.91	20.14	347	2.14		3.65	1	squad	squad-2	3	bot-331			-	0	30	120	0	20	101
0	bot-348	alpha	D00r--000	initial	8.00	20.69	349	0.00		3.30	0		squad-1	-1	bot-338			-	0	28	120	0	7	35
0	bot-349	bravo	P00r-4410	initial	87.02	16.40	4	1.81		5.01	1	squad	squad-2	4	bot-331			-	0	30	120	0	20	101
0	bot-350	alpha	D00r--000	initial	0.03	36.98	318	0.00		3.94	0		squad-15	-1	bot-358			-	0	30	120	0	7	35
0	bot-351	bravo	P00m-4430	initial	87.33	-13.06	24	2.49		21.89	3	squad	squad-4	7	bot-305			-	0	20	101	0	7	35
0	bot-352	alpha	P00m-4420	initial	-77.84	0.30	177	2.40		3.96	1	squad	squad-1	3	bot-338			-	0	20	101	0	7	35
0	bot-353	bravo	P00r-4410	initial	87.31	-9.27	11	1.87		5.97	1	squad	squad-4	5	bot-305			-	0	30	120	0	20	101
0	bot-354	alpha	D00r--000	initial	-2.96	39.62	315	0.00		4.28	0		squad-15	-1	bot-358			-	0	30	120	0	7	35
0	bot-355	bravo	P00r-4410	initial	88.23	-11.85	1	2.40		6.52	1	squad	squad-4	6	bot-305			-	0	30	120	0	20	101
0	bot-356	alpha	D00r--000	initial	-3.41	39.84	319	0.00		4.67	0		squad-15	-1	bot-358			-	0	30	120	0	7	35
0	bot-357	bravo	P00r-4410	initial	87.50	34.84	8	2.52			8	patrol	squad-35	0	bot-357			-	0	30	120	0	20	101
0	bot-358	alpha	P00r-4320	initial	-25.20	46.74	275	2.40			10	patrolReentry	squad-15	0	bot-358			-	0	30	120	0	7	35
0	bot-359	bravo	P00m-4420	initial	81.35	24.45	35	2.16		5.30	1	squad	squad-35	4	bot-357			-	0	20	101	0	7	35
0	bot-360	alpha	D00m--000	initial	6.72	23.49	353	0.00		3.02	0		squad-15	-1	bot-358			-	0	20	101	0	7	35
0	bot-361	bravo	P00r-4410	initial	72.22	20.78	26	0.00			0		squad-35	5	bot-357			-	0	1	30	0	20	101
0	bot-362	alpha	P00r-4320	initial	-21.66	50.06	4	2.51		3.31	3	squad	squad-15	2	bot-358			-	0	1	30	0	7	35
0	bot-363	bravo	P00r-4410	initial	80.39	31.78	61	2.41		4.95	1	squad	squad-35	1	bot-357			-	0	1	4	0	30	120
0	bot-364	alpha	H00r-4210	initial	-18.57	48.70	52	0.00			0		squad-15	1	bot-358			-	0	1	4	0	30	120
0	bot-365	bravo	P00r-4410	initial	83.33	29.54	86	2.44		3.73	1	squad	squad-35	2	bot-357			-	0	30	120	0	20	101
0	bot-366	alpha	P00r-4410	initial	-74.36	44.97	331	2.13			8	patrol	squad-36	0	bot-366			-	0	30	120	0	7	35
0	bot-367	bravo	P00m-4420	initial	82.77	22.81	65	2.39		2.82	1	squad	squad-35	6	bot-357			-	0	20	101	0	7	35
0	bot-368	alpha	P00m-4420	initial	-68.09	36.15	14	2.52		7.86	1	squad	squad-36	4	bot-366			-	0	20	101	0	7	35
0	bot-369	bravo	P00r-4410	initial	75.90	30.07	8	0.00			0		squad-35	3	bot-357			-	0	30	120	0	20	101
0	bot-370	alpha	P00r-4410	initial	-73.46	40.35	330	2.41		1.69	1	squad	squad-36	1	bot-366			-	0	30	120	0	7	35
0	bot-371	alpha	P00r-4410	initial	-69.70	43.29	331	1.89		1.71	1	squad	squad-36	2	bot-366			-	0	30	120	0	20	101
0	bot-372	alpha	P00r-4410	initial	-75.02	42.01	164	2.47		4.56	1	squad	squad-36	3	bot-366			-	0	30	120	0	7	35
180	bot-262	bravo	E00m-0300	latches	-11.87	52.62	258	4.47	0.76	3.09	1	flee	squad-27	0	bot-262	bot-362	10.09	y	0	0	0	0	0	0
214	bot-262	bravo	E00m-0301	latches	-11.79	52.75	258	4.46	0.15	2.94	1	flee	squad-27	0	bot-262	bot-362	10.15	y	0	0	0	0	0	0
350	bot-262	bravo	E00m-030H	latches	-11.48	53.26	258	4.39	0.60	2.34	1	flee	squad-27	0	bot-262	bot-362	10.46	w	0	0	0	0	0	0
350	bot-364	alpha	H00r-4310	health	-18.57	48.70	83	0.00	0.00		0		squad-15	1	bot-358			-	0	1	4	0	30	120
562	bot-262	bravo	E00m-0301	latches	-10.99	54.05	258	4.36	0.93	1.41	1	flee	squad-27	0	bot-262	bot-362	11.00	w	0	0	0	0	0	0
865	bot-262	bravo	S00m-0300	state+latches	-10.43	54.95	258	0.00	1.06		0		squad-27	0	bot-262	bot-362	11.71	w	0	0	0	0	0	0
1031	bot-256	bravo	P00r-3320	tick	87.25	6.73	353	2.45	2.46	1.81	1	squad	squad-4	1	bot-305			-	0	22	100	0	7	35
1031	bot-281	alpha	P00m-4200	tick	-39.50	25.31	197	1.77	0.73	56.00	7	squad	squad-1	2	bot-338			-	0	20	69	0	7	35
1031	bot-305	bravo	P00r-4320	tick	87.25	11.59	337	2.27	2.52		11	patrol	squad-4	0	bot-305			-	0	1	1	0	30	120
1031	bot-317	bravo	P00r-2320	tick	87.17	3.34	335	2.40	2.52	3.32	1	squad	squad-4	2	bot-305			-	0	11	120	0	20	101
1031	bot-323	bravo	P00r-4320	tick	87.21	0.05	337	2.40	2.53	3.61	1	squad	squad-4	3	bot-305			-	0	1	3	0	30	120
1031	bot-325	bravo	P00r-2320	tick	87.50	-5.83	343	2.18	2.14	7.58	1	squad	squad-4	4	bot-305			-	0	15	120	0	20	101
1031	bot-331	bravo	P00r-2410	tick	87.68	34.11	6	2.67	2.63		9	patrol	squad-2	0	bot-331			-	0	13	120	0	20	101
1031	bot-332	alpha	P00r-4410	tick	-80.21	-6.92	194	2.08	2.43	1.30	1	squad	squad-1	1	bot-338			-	0	30	120	0	7	35
1031	bot-335	bravo	P00m-3310	tick	86.71	16.34	11	1.87	1.82	4.65	1	squad	squad-2	5	bot-331			-	0	14	101	0	7	35
1031	bot-338	alpha	P00r-4310	tick	-82.67	-11.36	174	2.39	2.14		13	patrol	squad-1	0	bot-338			-	0	24	120	0	7	35
1031	bot-339	bravo	P00r-4410	tick	87.18	28.87	9	2.45	2.59	2.44	1	squad	squad-2	1	bot-331			-	0	23	120	0	20	101
1031	bot-341	bravo	P00r-4410	tick	86.48	14.60	337	1.87	2.26	5.03	1	squad	squad-2	6	bot-331			-	0	1	30	0	20	101
1031	bot-343	bravo	P00m-4420	tick	86.44	13.10	22	1.58	2.46	4.15	1	squad	squad-2	7	bot-331			-	0	20	101	0	7	35
1031	bot-345	bravo	P00r-4420	tick	87.17	25.76	7	2.45	2.55	3.16	1	squad	squad-2	2	bot-331			-	0	1	4	0	30	120
1031	bot-347	bravo	P00r-4410	tick	86.84	22.25	347	2.16	2.12	3.61	1	squad	squad-2	3	bot-331			-	0	30	120	0	20	101
1031	bot-349	bravo	P00r-4410	tick	86.93	18.65	330	2.41	2.26	4.92	1	squad	squad-2	4	bot-331			-	0	30	120	0	20	101
1031	bot-351	bravo	P00m-4430	tick	87.31	-10.63	350	2.27	2.43	21.84	3	squad	squad-4	7	bot-305			-	0	20	101	0	7	35
1031	bot-352	alpha	P00m-4420	tick	-77.81	-2.19	158	2.28	2.49	4.53	1	squad	squad-1	3	bot-338			-	0	20	101	0	7	35
1031	bot-353	bravo	P00r-4410	tick	87.25	-7.36	8	2.01	1.91	6.12	1	squad	squad-4	5	bot-305			-	0	30	120	0	20	101
1031	bot-355	bravo	P00r-4410	tick	88.29	-9.47	29	2.03	2.38	6.17	1	squad	squad-4	6	bot-305			-	0	30	120	0	20	101
1031	bot-357	bravo	P00r-4410	tick	87.58	37.36	15	2.40	2.52		8	patrol	squad-35	0	bot-357			-	0	30	120	0	20	101
1031	bot-358	alpha	P00r-4320	tick	-27.71	46.79	295	2.43	2.51		9	patrolReentry	squad-15	0	bot-358			-	0	30	120	0	7	35
1031	bot-359	bravo	P00m-4420	tick	83.70	25.50	66	2.26	2.57	3.72	1	squad	squad-35	4	bot-357			-	0	20	101	0	7	35
1031	bot-361	bravo	P00r-4410	tick	74.16	21.32	68	2.01	2.02	13.46	2	squad	squad-35	5	bot-357			-	0	1	30	0	20	101
1031	bot-362	alpha	P00r-4320	tick	-21.68	52.59	330	2.32	2.53	6.30	3	squad	squad-15	2	bot-358			-	0	1	30	0	7	35
1031	bot-363	bravo	P00r-4410	tick	82.70	32.58	47	2.40	2.45	5.28	1	squad	squad-35	1	bot-357			-	0	1	4	0	30	120
1031	bot-364	alpha	S00r-4310	state	-18.57	48.70	63	0.00	0.00		0		squad-15	1	bot-358			-	0	1	4	0	30	120
1031	bot-364	alpha	P00r-4310	state	-18.57	48.70	63	0.00	0.00		0		squad-15	1	bot-358			-	0	1	4	0	30	120
1031	bot-365	bravo	P00r-4410	tick	85.46	30.70	60	2.20	2.43	2.31	1	squad	squad-35	2	bot-357			-	0	30	120	0	20	101
1031	bot-366	alpha	P00r-4410	tick	-75.58	47.03	333	2.75	2.40		7	patrol	squad-36	0	bot-366			-	0	30	120	0	7	35
1031	bot-367	bravo	P00m-4420	tick	85.13	22.37	111	2.46	2.40	1.98	1	squad	squad-35	6	bot-357			-	0	20	101	0	7	35
1031	bot-368	alpha	P00m-4420	tick	-68.31	38.69	337	2.42	2.55	3.94	1	squad	squad-36	4	bot-366			-	0	20	101	0	7	35
1031	bot-369	bravo	P00r-4410	tick	77.42	29.84	116	1.95	1.54	9.93	2	squad	squad-35	3	bot-357			-	0	30	120	0	20	101
1031	bot-370	alpha	P00r-4410	tick	-75.08	42.18	323	2.40	2.45	1.40	1	squad	squad-36	1	bot-366			-	0	30	120	0	7	35
1031	bot-371	alpha	P00r-4410	tick	-71.29	44.33	255	2.40	1.91	1.81	1	squad	squad-36	2	bot-366			-	0	30	120	0	20	101
1031	bot-372	alpha	P00r-4410	tick	-75.88	40.52	208	2.41	1.73	4.52	2	squad	squad-36	3	bot-366			-	0	30	120	0	7	35
1292	bot-262	bravo	E00m-0300	state	-11.18	54.48	251	2.45	0.89	11.21	3	seek	squad-27	0	bot-262	bot-362	10.90	w	0	0	0	0	0	0
1330	bot-262	bravo	E00m-0301	latches	-10.92	54.51	234	3.99	0.26	2.19	1	flee	squad-27	0	bot-262	bot-364	9.74	y	0	0	0	0	0	0
1835	bot-262	bravo	E00m-0300	latches	-8.97	54.67	241	4.21	1.96	2.40	1	flee	squad-27	0	bot-262	bot-364	12.61	y	0	0	0	0	0	0
1871	bot-262	bravo	E00m-0301	latches	-8.83	54.62	242	4.18	0.15	2.25	1	flee	squad-27	0	bot-262	bot-364	12.73	y	0	0	0	0	0	0
2047	bot-256	bravo	P00r-3320	tick	87.24	9.12	343	2.44	2.39	1.52	1	squad	squad-4	1	bot-305			-	0	22	100	0	7	35
2047	bot-281	alpha	P00m-4200	tick	-39.25	24.68	175	1.83	0.68	57.70	7	squad	squad-1	2	bot-338			-	0	20	69	0	7	35
2047	bot-305	bravo	P00r-4320	tick	87.38	13.70	22	2.20	2.11		11	patrol	squad-4	0	bot-305			-	0	1	1	0	30	120
2047	bot-317	bravo	P00r-2320	tick	87.16	5.62	349	2.40	2.28	3.33	1	squad	squad-4	2	bot-305			-	0	11	120	0	20	101
2047	bot-323	bravo	P00r-4320	tick	87.19	2.33	9	2.40	2.28	3.44	1	squad	squad-4	3	bot-305			-	0	1	3	0	30	120
2047	bot-325	bravo	P00r-2320	tick	87.47	-3.64	345	2.34	2.19	7.88	4	squad	squad-4	4	bot-305			-	0	15	120	0	20	101
2047	bot-331	bravo	P00r-2410	tick	87.72	36.43	335	2.40	2.32		8	patrol	squad-2	0	bot-331			-	0	13	120	0	20	101
2047	bot-332	alpha	P00r-4410	tick	-80.21	-8.35	161	1.60	1.43	3.02	1	squad	squad-1	1	bot-338			-	0	30	120	0	7	35
2047	bot-335	bravo	P00m-3310	tick	86.93	18.36	24	2.41	2.03	5.05	1	squad	squad-2	5	bot-331			-	0	14	101	0	7	35
2047	bot-338	alpha	P00r-4310	tick	-82.73	-13.82	203	2.59	2.46		12	patrol	squad-1	0	bot-338			-	0	24	120	0	7	35
2047	bot-339	bravo	P00r-4410	tick	87.46	31.18	343	2.47	2.32	2.13	1	squad	squad-2	1	bot-331			-	0	23	120	0	20	101
2047	bot-341	bravo	P00r-4410	tick	86.69	16.23	4	1.89	1.65	5.37	1	squad	squad-2	6	bot-331			-	0	1	30	0	20	101
2047	bot-343	bravo	P00m-4420	tick	86.64	14.94	3	1.68	1.85	4.57	1	squad	squad-2	7	bot-331			-	0	20	101	0	7	35
2047	bot-345	bravo	P00r-4420	tick	87.40	28.08	26	2.55	2.34	2.74	1	squad	squad-2	2	bot-331			-	0	1	4	0	30	120
2047	bot-347	bravo	P00r-4410	tick	87.59	24.37	38	2.21	2.25	4.52	1	squad	squad-2	3	bot-331			-	0	30	120	0	20	101
2047	bot-349	bravo	P00r-4410	tick	87.01	20.72	11	2.03	2.07	5.08	1	squad	squad-2	4	bot-331			-	0	30	120	0	20	101
2047	bot-351	bravo	P00m-4430	tick	87.33	-8.74	344	1.83	1.89	22.06	3	squad	squad-4	7	bot-305			-	0	20	101	0	7	35
2047	bot-352	alpha	P00m-4420	tick	-77.77	-4.50	191	2.38	2.31	4.23	1	squad	squad-1	3	bot-338			-	0	20	101	0	7	35
2047	bot-353	bravo	P00r-4410	tick	87.24	-5.32	332	2.28	2.04	7.52	4	squad	squad-4	5	bot-305			-	0	30	120	0	20	101
2047	bot-355	bravo	P00r-4410	tick	88.29	-7.53	344	1.81	1.94	6.27	1	squad	squad-4	6	bot-305			-	0	30	120	0	20	101
2047	bot-357	bravo	P00r-4410	tick	87.65	39.64	13	2.40	2.28		8	patrol	squad-35	0	bot-357			-	0	30	120	0	20	101
2047	bot-358	alpha	P00r-4320	tick	-29.96	47.07	262	2.35	2.27		9	patrolReentry	squad-15	0	bot-358			-	0	30	120	0	7	35
2047	bot-359	bravo	P00m-4420	tick	85.57	27.02	72	2.47	2.41	2.63	1	squad	squad-35	4	bot-357			-	0	20	101	0	7	35
2047	bot-361	bravo	P00r-4410	tick	75.89	22.09	66	2.19	1.89	12.31	2	squad	squad-35	5	bot-357			-	0	1	30	0	20	101
2047	bot-362	alpha	P00r-4320	tick	-21.69	53.02	2	2.29	0.43	6.55	3	squad	squad-15	2	bot-358			-	0	1	30	0	7	35
2047	bot-363	bravo	P00r-4410	tick	84.79	33.51	60	2.42	2.29	4.39	2	squad	squad-35	1	bot-357			-	0	1	4	0	30	120
2047	bot-364	alpha	P00r-4310	tick	-20.61	48.73	295	2.40	2.03	8.27	3	squad	squad-15	1	bot-358			-	0	1	4	0	30	120
2047	bot-365	bravo	P00r-4410	tick	86.69	32.55	353	2.50	2.22	1.68	1	squad	squad-35	2	bot-357			-	0	30	120	0	20	101
2047	bot-366	alpha	P00r-4410	tick	-75.66	49.46	360	2.50	2.43		7	patrol	squad-36	0	bot-366			-	0	30	120	0	7	35
2047	bot-367	bravo	P00m-4420	tick	86.80	23.71	17	2.45	2.13	0.74	1	squad	squad-35	6	bot-357			-	0	20	101	0	7	35
2047	bot-368	alpha	P00m-4420	tick	-69.43	40.60	320	2.10	2.21	3.63	1	squad	squad-36	4	bot-366			-	0	20	101	0	7	35
2047	bot-369	bravo	P00r-4410	tick	79.31	30.08	78	2.19	1.91	8.42	1	squad	squad-35	3	bot-357			-	0	30	120	0	20	101
2047	bot-370	alpha	P00r-4410	tick	-76.44	43.72	307	1.99	2.05	3.54	1	squad	squad-36	1	bot-366			-	0	30	120	0	7	35
2047	bot-371	alpha	P00r-4410	tick	-72.89	45.39	328	2.20	1.92	0.99	1	squad	squad-36	2	bot-366			-	0	30	120	0	20	101
2047	bot-372	alpha	P00r-4410	tick	-77.65	41.93	336	2.36	2.26	3.28	2	squad	squad-36	3	bot-366			-	0	30	120	0	7	35
2219	bot-262	bravo	K00m-0300	state+latches	-7.62	54.11	248	4.10	1.32	0.94	1	flee	squad-27	0	bot-262	bot-364	14.37	y	0	0	0	0	0	0
2601	bot-373	alpha	P00m-0420	initial	-77.25	51.75	0	0.00			0			-1				-	0			0		
2624	bot-373	alpha	P00m-4420	ammo	-77.25	51.75	0	0.00	0.00		0		squad-36	5	bot-366			-	0	20	101	0	7	35
2798	bot-262	bravo	E00m-030G	state+latches	-9.84	53.33	245	4.13	2.35	11.40	2	knife	squad-27	0	bot-262	bot-364	13.16	y	0	0	0	0	0	0
2838	bot-262	bravo	K00m-0300	state+latches	-9.69	53.38	245	4.28	0.16	2.58	1	flee	squad-27	0	bot-262	bot-364	13.09	w	0	0	0	0	0	0
3081	bot-256	bravo	P00r-3320	tick	87.11	11.52	22	2.30	2.41	1.07	1	squad	squad-4	1	bot-305			-	0	22	100	0	7	35
3081	bot-281	alpha	P00m-4200	tick	-40.05	23.45	203	2.59	1.46	12.73	2	packseek	squad-1	2	bot-338			-	0	20	69	0	7	35
3081	bot-305	bravo	P00r-4320	tick	87.79	15.83	22	2.02	2.17		11	patrol	squad-4	0	bot-305			-	0	1	1	0	30	120
3081	bot-317	bravo	P00r-2320	tick	86.90	8.09	26	2.58	2.48	2.66	1	squad	squad-4	2	bot-305			-	0	11	120	0	20	101
3081	bot-323	bravo	P00r-4320	tick	86.98	4.81	13	2.40	2.49	3.74	1	squad	squad-4	3	bot-305			-	0	1	3	0	30	120
3081	bot-325	bravo	P00r-2320	tick	87.26	-1.18	19	2.45	2.47	7.05	1	squad	squad-4	4	bot-305			-	0	15	120	0	20	101
3081	bot-331	bravo	P00r-2410	tick	87.73	38.91	8	2.40	2.48		8	patrol	squad-2	0	bot-331			-	0	13	120	0	20	101
3081	bot-332	alpha	P00r-4410	tick	-80.22	-10.11	176	1.86	1.76	3.38	1	squad	squad-1	1	bot-338			-	0	30	120	0	7	35
3081	bot-335	bravo	P00m-3310	tick	87.19	20.62	348	2.05	2.28	5.16	1	squad	squad-2	5	bot-331			-	0	14	101	0	7	35
3081	bot-338	alpha	P00r-4310	tick	-82.73	-16.47	182	2.34	2.64		12	patrol	squad-1	0	bot-338			-	0	24	120	0	7	35
3081	bot-339	bravo	P00r-4410	tick	87.93	33.71	20	2.41	2.58	2.71	1	squad	squad-2	1	bot-331			-	0	23	120	0	20	101
3081	bot-341	bravo	P00r-4410	tick	87.04	18.46	36	2.41	2.26	5.20	1	squad	squad-2	6	bot-331			-	0	1	30	0	20	101
3081	bot-343	bravo	P00m-4420	tick	86.60	16.76	326	1.92	1.82	21.80	4	squad	squad-2	7	bot-331			-	0	20	101	0	7	35
3081	bot-345	bravo	P00r-4420	tick	87.58	30.62	349	2.44	2.54	3.29	1	squad	squad-2	2	bot-331			-	0	1	4	0	30	120
3081	bot-347	bravo	P00r-4410	tick	88.16	26.72	16	2.47	2.42	4.33	1	squad	squad-2	3	bot-331			-	0	30	120	0	20	101
3081	bot-349	bravo	P00r-4410	tick	87.26	22.94	27	2.38	2.24	6.00	1	squad	squad-2	4	bot-331			-	0	30	120	0	20	101
3081	bot-351	bravo	P00m-4430	tick	87.31	-6.73	17	2.09	2.01	22.14	3	squad	squad-4	7	bot-305			-	0	20	101	0	7	35
3081	bot-352	alpha	P00m-4420	tick	-77.77	-6.63	193	1.62	2.13	4.15	1	squad	squad-1	3	bot-338			-	0	20	101	0	7	35
3081	bot-353	bravo	P00r-4410	tick	87.11	-2.89	357	2.37	2.43	6.51	4	squad	squad-4	5	bot-305			-	0	30	120	0	20	101
3081	bot-355	bravo	P00r-4410	tick	88.20	-5.44	344	2.19	2.09	7.20	4	squad	squad-4	6	bot-305			-	0	30	120	0	20	101
3081	bot-357	bravo	P00r-4410	tick	87.73	42.12	340	2.40	2.48		8	patrol	squad-35	0	bot-357			-	0	30	120	0	20	101
3081	bot-358	alpha	P00r-4320	tick	-32.29	47.34	267	2.28	2.35		9	patrolReentry	squad-15	0	bot-358			-	0	30	120	0	7	35
3081	bot-359	bravo	P00m-4420	tick	86.58	29.32	15	2.42	2.52	2.21	1	squad	squad-35	4	bot-357			-	0	20	101	0	7	35
3081	bot-361	bravo	P00r-4410	tick	77.53	23.50	59	1.85	2.16	11.73	2	squad	squad-35	5	bot-357			-	0	1	30	0	20	101
3081	bot-362	alpha	P00r-4320	tick	-22.04	54.02	347	2.40	1.06	8.37	4	squad	squad-15	2	bot-358			-	0	1	30	0	7	35
3081	bot-363	bravo	P00r-4410	tick	86.95	34.66	109	2.34	2.45	4.43	2	squad	squad-35	1	bot-357			-	0	1	4	0	30	120
3081	bot-364	alpha	P00r-4310	tick	-21.94	47.21	213	2.40	2.03	8.22	2	squad	squad-15	1	bot-358			-	0	1	4	0	30	120
3081	bot-365	bravo	P00r-4410	tick	87.62	34.90	31	2.42	2.53	2.27	1	squad	squad-35	2	bot-357			-	0	30	120	0	20	101
3081	bot-366	alpha	P00r-4410	tick	-75.72	52.03	23	2.48	2.58		7	patrol	squad-36	0	bot-366			-	0	30	120	0	7	35
3081	bot-367	bravo	P00m-4420	tick	86.91	26.16	2	2.43	2.46	0.65	1	squad	squad-35	6	bot-357			-	0	20	101	0	7	35
3081	bot-368	alpha	P00m-4420	tick	-69.87	42.24	343	1.25	1.70	4.93	1	squad	squad-36	4	bot-366			-	0	20	101	0	7	35
3081	bot-369	bravo	P00r-4410	tick	81.59	31.02	32	2.43	2.47	6.76	1	squad	squad-35	3	bot-357			-	0	30	120	0	20	101
3081	bot-370	alpha	P00r-4410	tick	-77.32	45.63	341	2.16	2.10	3.45	1	squad	squad-36	1	bot-366			-	0	30	120	0	7	35
3081	bot-371	alpha	P00r-4410	tick	-73.23	47.93	23	2.61	2.57	1.51	1	squad	squad-36	2	bot-366			-	0	30	120	0	20	101
3081	bot-372	alpha	P00r-4410	tick	-79.01	43.72	346	2.09	2.25	3.57	1	squad	squad-36	3	bot-366			-	0	30	120	0	7	35
3648	bot-373	alpha	P00m-4420	tick	-78.77	49.84	203	2.25	2.45	5.77	1	squad	squad-36	5	bot-366			-	0	20	101	0	7	35
3858	bot-262	bravo	K00m-0300	tick	-10.76	51.79	225	4.12	1.92	39.57	5	knife	squad-27	0	bot-262	bot-281	41.21	y	0	0	0	0	0	0
4087	bot-256	bravo	P00r-3320	tick	87.96	13.63	24	2.03	2.27	0.93	1	squad	squad-4	1	bot-305			-	0	22	100	0	7	35
4087	bot-281	alpha	P00m-4200	tick	-39.46	23.08	141	1.54	0.69	60.15	7	squad	squad-1	2	bot-338			-	0	20	69	0	7	35
4087	bot-305	bravo	P00r-4320	tick	87.48	17.73	331	1.97	1.93		11	patrol	squad-4	0	bot-305			-	0	1	1	0	30	120
4087	bot-317	bravo	P00r-2320	tick	87.85	10.38	7	2.45	2.48	2.36	1	squad	squad-4	2	bot-305			-	0	11	120	0	20	101
4087	bot-323	bravo	P00r-4320	tick	87.80	7.02	8	2.57	2.36	3.57	1	squad	squad-4	3	bot-305			-	0	1	3	0	30	120
4087	bot-325	bravo	P00r-2320	tick	87.82	1.16	18	2.19	2.40	6.81	1	squad	squad-4	4	bot-305			-	0	15	120	0	20	101
4087	bot-331	bravo	P00r-2410	tick	87.74	41.32	18	2.40	2.42		8	patrol	squad-2	0	bot-331			-	0	13	120	0	20	101
4087	bot-332	alpha	P00r-4410	tick	-80.22	-12.41	208	2.46	2.30	3.17	1	squad	squad-1	1	bot-338			-	0	30	120	0	7	35
4087	bot-335	bravo	P00m-3310	tick	87.37	22.80	357	2.35	2.19	6.46	1	squad	squad-2	5	bot-331			-	0	14	101	0	7	35
4087	bot-338	alpha	P00r-4310	tick	-82.74	-18.75	153	2.38	2.29		12	patrol	squad-1	0	bot-338			-	0	24	120	0	7	35
4087	bot-339	bravo	P00r-4410	tick	88.39	36.00	19	2.58	2.33	2.61	1	squad	squad-2	1	bot-331			-	0	23	120	0	20	101
4087	bot-341	bravo	P00r-4410	tick	87.25	20.65	2	2.07	2.19	6.11	1	squad	squad-2	6	bot-331			-	0	1	30	0	20	101
4087	bot-343	bravo	P00m-4420	tick	86.59	19.02	12	2.43	2.27	21.83	3	squad	squad-2	7	bot-331			-	0	20	101	0	7	35
4087	bot-345	bravo	P00r-4420	tick	87.67	33.15	350	2.51	2.54	2.82	1	squad	squad-2	2	bot-331			-	0	1	4	0	30	120
4087	bot-347	bravo	P00r-4410	tick	88.52	29.22	339	2.38	2.52	3.94	1	squad	squad-2	3	bot-331			-	0	30	120	0	20	101
4087	bot-349	bravo	P00r-4410	tick	87.42	25.37	353	2.42	2.43	5.69	1	squad	squad-2	4	bot-331			-	0	30	120	0	20	101
4087	bot-351	bravo	P00m-4430	tick	87.30	-4.47	7	2.37	2.26	21.89	3	squad	squad-4	7	bot-305			-	0	20	101	0	7	35
4087	bot-352	alpha	P00m-4420	tick	-77.79	-8.22	161	1.82	1.59	5.62	1	squad	squad-1	3	bot-338			-	0	20	101	0	7	35
4087	bot-353	bravo	P00r-4410	tick	87.96	-0.65	46	2.40	2.40	6.24	1	squad	squad-4	5	bot-305			-	0	30	120	0	20	101
4087	bot-355	bravo	P00r-4410	tick	88.71	-3.31	32	2.21	2.19	6.84	1	squad	squad-4	6	bot-305			-	0	30	120	0	20	101
4087	bot-357	bravo	P00r-4410	tick	87.74	44.54	356	2.40	2.42		7	patrol	squad-35	0	bot-357			-	0	30	120	0	20	101
4087	bot-358	alpha	P00r-4320	tick	-34.59	47.59	300	2.24	2.31		9	patrolReentry	squad-15	0	bot-358			-	0	30	120	0	7	35
4087	bot-359	bravo	P00m-4420	tick	87.12	31.73	350	2.48	2.47	3.19	1	squad	squad-35	4	bot-357			-	0	20	101	0	7	35
4087	bot-361	bravo	P00r-4410	tick	78.66	24.88	14	1.92	1.79	11.45	2	squad	squad-35	5	bot-357			-	0	1	30	0	20	101
4087	bot-362	alpha	P00r-4320	tick	-21.85	51.64	166	2.36	2.39	9.43	4	squad	squad-15	2	bot-358			-	0	1	30	0	7	35
4087	bot-363	bravo	P00r-4410	tick	87.33	34.86	354	2.27	0.43	6.23	2	squad	squad-35	1	bot-357			-	0	1	4	0	30	120
4087	bot-364	alpha	P00r-4310	tick	-24.20	46.51	231	2.40	2.36	7.76	2	squad	squad-15	1	bot-358			-	0	1	4	0	30	120
4087	bot-365	bravo	P00r-4410	tick	87.65	37.30	12	2.40	2.40	1.99	1	squad	squad-35	2	bot-357			-	0	30	120	0	20	101
4087	bot-366	alpha	P00r-4410	tick	-75.81	54.54	340	2.73	2.51		6	patrol	squad-36	0	bot-366			-	0	30	120	0	7	35
4087	bot-367	bravo	P00m-4420	tick	87.30	28.58	42	2.43	2.45	0.62	1	squad	squad-35	6	bot-357			-	0	20	101	0	7	35
4087	bot-368	alpha	P00m-4420	tick	-70.07	43.89	23	1.76	1.66	5.30	2	squad	squad-36	4	bot-366			-	0	20	101	0	7	35
4087	bot-369	bravo	P00r-4410	tick	83.65	32.29	63	2.40	2.42	5.80	2	squad	squad-35	3	bot-357			-	0	30	120	0	20	101
4087	bot-370	alpha	P00r-4410	tick	-77.77	47.97	28	2.49	2.38	3.43	1	squad	squad-36	1	bot-366			-	0	30	120	0	7	35
4087	bot-371	alpha	P00r-4410	tick	-73.25	50.46	1	2.47	2.52	1.07	1	squad	squad-36	2	bot-366			-	0	30	120	0	20	101
4087	bot-372	alpha	P00r-4410	tick	-79.70	45.85	319	2.40	2.25	3.35	1	squad	squad-36	3	bot-366			-	0	30	120	0	7	35
4665	bot-373	alpha	P00m-4420	tick	-79.32	48.55	155	2.27	1.40	8.96	1	squad	squad-36	5	bot-366			-	0	20	101	0	7	35
4884	bot-262	bravo	K00m-0300	tick	-13.87	50.32	267	0.90	3.44	6.52	2	knife	squad-27	0	bot-262	bot-362	8.16	y	0	0	0	0	0	0
5060	bot-262	bravo	E00m-030G	state+latches	-13.87	50.47	263	0.65	0.15	6.54	2	knife	squad-27	0	bot-262	bot-362	8.16	y	0	0	0	0	0	0
5096	bot-256	bravo	P00r-3320	tick	87.53	15.59	313	1.89	2.01	1.83	1	squad	squad-4	1	bot-305			-	0	22	100	0	7	35
5096	bot-262	bravo	K00m-0300	state+latches	-13.76	50.47	263	4.30	0.11	2.52	1	flee	squad-27	0	bot-262	bot-362	8.17	w	0	0	0	0	0	0
5096	bot-281	alpha	P00m-4200	tick	-39.79	22.30	142	2.53	0.85	12.84	2	packseek	squad-1	2	bot-338			-	0	20	69	0	7	35
5096	bot-305	bravo	P00r-4320	tick	87.34	19.88	351	2.12	2.15		10	patrol	squad-4	0	bot-305			-	0	1	1	0	30	120
5096	bot-317	bravo	P00r-2320	tick	88.00	12.57	329	2.09	2.19	2.05	1	squad	squad-4	2	bot-305			-	0	11	120	0	20	101
5096	bot-323	bravo	P00r-4320	tick	88.22	9.35	332	2.43	2.37	2.84	1	squad	squad-4	3	bot-305			-	0	1	3	0	30	120
5096	bot-325	bravo	P00r-2320	tick	88.08	3.52	325	2.39	2.38	5.98	1	squad	squad-4	4	bot-305			-	0	15	120	0	20	101
5096	bot-331	bravo	P00r-2410	tick	87.75	43.74	346	2.40	2.42		7	patrol	squad-2	0	bot-331			-	0	13	120	0	20	101
5096	bot-332	alpha	P00r-4410	tick	-80.23	-14.99	178	2.58	2.58	3.64	1	squad	squad-1	1	bot-338			-	0	30	120	0	7	35
5096	bot-335	bravo	P00m-3310	tick	87.48	25.22	28	2.27	2.42	6.39	1	squad	squad-2	5	bot-331			-	0	14	101	0	7	35
5096	bot-338	alpha	P00r-4310	tick	-82.75	-21.15	185	2.40	2.40		11	patrol	squad-1	0	bot-338			-	0	24	120	0	7	35
5096	bot-339	bravo	P00r-4410	tick	88.25	38.43	349	2.40	2.43	2.22	1	squad	squad-2	1	bot-331			-	0	23	120	0	20	101
5096	bot-341	bravo	P00r-4410	tick	87.40	22.84	341	2.35	2.20	6.01	1	squad	squad-2	6	bot-331			-	0	1	30	0	20	101
5096	bot-343	bravo	P00m-4420	tick	86.56	21.15	14	1.69	2.13	22.04	3	squad	squad-2	7	bot-331			-	0	20	101	0	7	35
5096	bot-345	bravo	P00r-4420	tick	87.97	35.62	33	2.49	2.49	2.42	1	squad	squad-2	2	bot-331			-	0	1	4	0	30	120
5096	bot-347	bravo	P00r-4410	tick	88.75	31.68	8	2.47	2.48	4.63	1	squad	squad-2	3	bot-331			-	0	30	120	0	20	101
5096	bot-349	bravo	P00r-4410	tick	87.50	27.86	348	2.46	2.48	5.33	1	squad	squad-2	4	bot-331			-	0	30	120	0	20	101
5096	bot-351	bravo	P00m-4430	tick	87.28	-2.08	335	2.40	2.39	21.58	3	squad	squad-4	7	bot-305			-	0	20	101	0	7	35
5096	bot-352	alpha	P00m-4420	tick	-77.78	-10.49	173	2.44	2.26	5.43	1	squad	squad-1	3	bot-338			-	0	20	101	0	7	35
5096	bot-353	bravo	P00r-4410	tick	88.09	1.69	339	2.40	2.34	6.95	2	squad	squad-4	5	bot-305			-	0	30	120	0	20	101
5096	bot-355	bravo	P00r-4410	tick	88.91	-1.15	355	2.40	2.18	6.09	1	squad	squad-4	6	bot-305			-	0	30	120	0	20	101
5096	bot-357	bravo	P00r-4410	tick	87.76	46.97	28	2.42	2.44		7	patrol	squad-35	0	bot-357			-	0	30	120	0	20	101
5096	bot-358	alpha	P00r-4320	tick	-36.70	48.38	302	2.34	2.25		8	patrolReentry	squad-15	0	bot-358			-	0	30	120	0	7	35
5096	bot-359	bravo	P00m-4420	tick	87.52	34.22	23	2.45	2.52	3.03	2	squad	squad-35	4	bot-357			-	0	20	101	0	7	35
5096	bot-361	bravo	P00r-4410	tick	80.03	26.31	35	2.26	1.98	21.84	4	squad	squad-35	5	bot-357			-	0	1	30	0	20	101
5096	bot-362	alpha	P00r-4320	tick	-21.79	49.27	166	2.40	2.38	11.02	4	squad	squad-15	2	bot-358			-	0	1	30	0	7	35
5096	bot-363	bravo	P00r-4410	tick	87.55	36.63	328	2.40	1.78	7.60	1	squad	squad-35	1	bot-357			-	0	1	4	0	30	120
5096	bot-364	alpha	P00r-4310	tick	-26.57	46.03	271	2.27	2.42	9.16	2	squad	squad-15	1	bot-358			-	0	1	4	0	30	120
5096	bot-365	bravo	P00r-4410	tick	87.51	39.71	343	2.40	2.42	1.71	1	squad	squad-35	2	bot-357			-	0	30	120	0	20	101
5096	bot-366	alpha	P00r-4410	tick	-76.78	56.88	321	2.48	2.54		6	patrol	squad-36	0	bot-366			-	0	30	120	0	7	35
5096	bot-367	bravo	P00m-4420	tick	87.51	31.01	15	2.47	2.44	1.50	1	squad	squad-35	6	bot-357			-	0	20	101	0	7	35
5096	bot-368	alpha	P00m-4420	tick	-71.02	45.41	317	2.12	1.79	2.87	1	squad	squad-36	4	bot-366			-	0	20	101	0	7	35
5096	bot-369	bravo	P00r-4410	tick	85.72	33.54	80	2.28	2.42	6.28	2	squad	squad-35	3	bot-357			-	0	30	120	0	20	101
5096	bot-370	alpha	P00r-4410	tick	-76.99	50.31	13	2.43	2.46	4.02	1	squad	squad-36	1	bot-366			-	0	30	120	0	7	35
5096	bot-371	alpha	P00r-4410	tick	-74.29	51.31	282	2.75	1.35	1.12	1	squad	squad-36	2	bot-366			-	0	30	120	0	20	101
5096	bot-372	alpha	P00r-4410	tick	-78.60	47.08	85	2.05	1.65	5.38	1	squad	squad-36	3	bot-366			-	0	30	120	0	7	35
5691	bot-373	alpha	P00m-4420	tick	-77.10	48.43	110	2.03	2.22	5.22	1	squad	squad-36	5	bot-366			-	0	20	101	0	7	35
6097	bot-256	bravo	P00r-3320	tick	87.28	17.39	356	2.11	1.82	1.83	1	squad	squad-4	1	bot-305			-	0	22	100	0	7	35
6097	bot-262	bravo	K00m-0300	tick	-13.96	48.81	224	3.33	1.68	36.82	5	knife	squad-27	0	bot-262	bot-281	38.69	y	0	0	0	0	0	0
6097	bot-281	alpha	P00m-4200	tick	-40.81	21.13	252	1.82	1.55	61.23	8	squad	squad-1	2	bot-338			-	0	20	69	0	7	35
6097	bot-305	bravo	P00r-4320	tick	87.32	21.94	23	2.19	2.06		10	patrol	squad-4	0	bot-305			-	0	1	1	0	30	120
6097	bot-317	bravo	P00r-2320	tick	87.53	14.62	12	1.90	2.10	1.95	1	squad	squad-4	2	bot-305			-	0	11	120	0	20	101
6097	bot-323	bravo	P00r-4320	tick	87.71	11.63	13	2.10	2.33	2.49	1	squad	squad-4	3	bot-305			-	0	1	3	0	30	120
6097	bot-325	bravo	P00r-2320	tick	87.90	5.91	359	2.41	2.39	5.65	1	squad	squad-4	4	bot-305			-	0	15	120	0	20	101
6097	bot-331	bravo	P00r-2410	tick	87.75	46.12	349	2.42	2.37		7	patrol	squad-2	0	bot-331			-	0	13	120	0	20	101
6097	bot-332	alpha	P00r-4410	tick	-80.23	-17.26	157	2.17	2.28	3.69	1	squad	squad-1	1	bot-338			-	0	30	120	0	7	35
6097	bot-335	bravo	P00m-3310	tick	87.52	27.67	2	2.46	2.45	6.22	1	squad	squad-2	5	bot-331			-	0	14	101	0	7	35
6097	bot-338	alpha	P00r-4310	tick	-82.92	-23.50	207	2.40	2.36		10	patrol	squad-1	0	bot-338			-	0	24	120	0	7	35
6097	bot-339	bravo	P00r-4410	tick	88.23	40.80	343	2.40	2.37	2.85	1	squad	squad-2	1	bot-331			-	0	23	120	0	20	101
6097	bot-341	bravo	P00r-4410	tick	87.52	25.21	12	2.35	2.38	5.74	1	squad	squad-2	6	bot-331			-	0	1	30	0	20	101
6097	bot-343	bravo	P00m-4420	tick	86.43	23.26	345	2.43	2.11	22.32	4	squad	squad-2	7	bot-331			-	0	20	101	0	7	35
6097	bot-345	bravo	P00r-4420	tick	88.36	37.97	10	2.40	2.38	3.23	1	squad	squad-2	2	bot-331			-	0	1	4	0	30	120
6097	bot-347	bravo	P00r-4410	tick	88.81	34.20	25	2.55	2.52	4.22	1	squad	squad-2	3	bot-331			-	0	30	120	0	20	101
6097	bot-349	bravo	P00r-4410	tick	87.57	30.29	19	2.43	2.44	6.05	1	squad	squad-2	4	bot-331			-	0	30	120	0	20	101
6097	bot-351	bravo	P00m-4430	tick	87.41	0.32	4	2.40	2.40	4.35	1	squad	squad-4	7	bot-305			-	0	20	101	0	7	35
6097	bot-352	alpha	P00m-4420	tick	-77.66	-12.92	206	2.41	2.43	6.29	1	squad	squad-1	3	bot-338			-	0	20	101	0	7	35
6097	bot-353	bravo	P00r-4410	tick	87.93	4.07	340	2.40	2.38	5.15	1	squad	squad-4	5	bot-305			-	0	30	120	0	20	101
6097	bot-355	bravo	P00r-4410	tick	88.67	1.20	345	2.40	2.35	5.71	1	squad	squad-4	6	bot-305			-	0	30	120	0	20	101
6097	bot-357	bravo	P00r-4410	tick	87.78	49.44	356	2.48	2.47		7	patrol	squad-35	0	bot-357			-	0	30	120	0	20	101
6097	bot-358	alpha	P00r-4320	tick	-38.54	49.35	271	1.91	2.07		8	patrolReentry	squad-15	0	bot-358			-	0	30	120	0	7	35
6097	bot-359	bravo	P00m-4420	tick	87.71	36.61	16	2.40	2.40	3.01	1	squad	squad-35	4	bot-357			-	0	20	101	0	7	35
6097	bot-361	bravo	P00r-4410	tick	81.64	28.18	65	2.64	2.47	21.50	3	squad	squad-35	5	bot-357			-	0	1	30	0	20	101
6097	bot-362	alpha	P00r-4320	tick	-22.16	47.03	231	2.40	2.26	12.87	2	squad	squad-15	2	bot-358			-	0	1	30	0	7	35
6097	bot-363	bravo	P00r-4410	tick	87.43	38.98	3	2.40	2.35	7.33	2	squad	squad-35	1	bot-357			-	0	1	4	0	30	120
6097	bot-364	alpha	P00r-4310	tick	-28.93	45.93	291	2.40	2.37	8.59	2	squad	squad-15	1	bot-358			-	0	1	4	0	30	120
6097	bot-365	bravo	P00r-4410	tick	87.52	42.08	347	2.40	2.37	1.51	1	squad	squad-35	2	bot-357			-	0	30	120	0	20	101
6097	bot-366	alpha	P00r-4410	tick	-77.50	58.68	353	1.94	1.94		6	patrol	squad-36	0	bot-366			-	0	30	120	0	7	35
6097	bot-367	bravo	P00m-4420	tick	87.60	33.43	344	2.48	2.42	1.50	1	squad	squad-35	6	bot-357			-	0	20	101	0	7	35
6097	bot-368	alpha	P00m-4420	tick	-71.65	47.52	342	2.54	2.21	7.76	2	squad	squad-36	4	bot-366			-	0	20	101	0	7	35
6097	bot-369	bravo	P00r-4410	tick	87.52	34.97	21	2.42	2.30	6.54	2	squad	squad-35	3	bot-357			-	0	30	120	0	20	101
6097	bot-370	alpha	P00r-4410	tick	-77.31	52.60	305	2.56	2.32	2.60	1	squad	squad-36	1	bot-366			-	0	30	120	0	7	35
6097	bot-371	alpha	P00r-4410	tick	-74.96	53.53	18	2.56	2.31	3.47	1	squad	squad-36	2	bot-366			-	0	30	120	0	20	101
6097	bot-372	alpha	P00r-4410	tick	-78.78	48.34	342	2.46	1.27	3.33	1	squad	squad-36	3	bot-366			-	0	30	120	0	7	35
6697	bot-373	alpha	P00m-4420	tick	-79.15	49.54	281	2.48	2.33	2.45	1	squad	squad-36	5	bot-366			-	0	20	101	0	7	35
7114	bot-256	bravo	P00r-3320	tick	87.25	19.65	28	2.17	2.25	1.62	1	squad	squad-4	1	bot-305			-	0	22	100	0	7	35
7114	bot-262	bravo	K00m-0300	tick	-15.35	47.14	237	4.08	2.17	36.42	5	knife	squad-27	0	bot-262	bot-362	9.42	y	0	0	0	0	0	0
7114	bot-281	alpha	P00m-4200	tick	-42.22	19.72	224	2.10	2.00	60.92	7	squad	squad-1	2	bot-338			-	0	20	69	0	7	35
7114	bot-305	bravo	P00r-4320	tick	87.28	24.34	0	2.45	2.40		10	patrol	squad-4	0	bot-305			-	0	1	1	0	30	120
7114	bot-317	bravo	P00r-2320	tick	87.39	16.57	1	1.96	1.95	2.03	1	squad	squad-4	2	bot-305			-	0	11	120	0	20	101
7114	bot-323	bravo	P00r-4320	tick	87.46	13.84	357	2.20	2.22	2.36	1	squad	squad-4	3	bot-305			-	0	1	3	0	30	120
7114	bot-325	bravo	P00r-2320	tick	87.70	8.38	16	2.43	2.48	6.29	1	squad	squad-4	4	bot-305			-	0	15	120	0	20	101
7114	bot-331	bravo	P00r-2410	tick	87.77	48.62	21	2.51	2.50		7	patrol	squad-2	0	bot-331			-	0	13	120	0	20	101
7114	bot-332	alpha	P00r-4410	tick	-80.24	-19.67	189	2.40	2.41	3.33	1	squad	squad-1	1	bot-338			-	0	30	120	0	7	35
7114	bot-335	bravo	P00m-3310	tick	87.58	30.17	337	2.44	2.50	6.11	1	squad	squad-2	5	bot-331			-	0	14	101	0	7	35
7114	bot-338	alpha	P00r-4310	tick	-83.23	-25.97	175	2.43	2.48		10	patrol	squad-1	0	bot-338			-	0	24	120	0	7	35
7114	bot-339	bravo	P00r-4410	tick	88.19	43.24	14	2.40	2.44	2.48	1	squad	squad-2	1	bot-331			-	0	23	120	0	20	101
7114	bot-341	bravo	P00r-4410	tick	87.57	27.72	17	2.47	2.50	6.44	1	squad	squad-2	6	bot-331			-	0	1	30	0	20	101
7114	bot-343	bravo	P00m-4420	tick	86.43	25.79	351	2.46	2.53	22.17	4	squad	squad-2	7	bot-331			-	0	20	101	0	7	35
7114	bot-345	bravo	P00r-4420	tick	88.52	40.41	332	2.40	2.44	2.91	1	squad	squad-2	2	bot-331			-	0	1	4	0	30	120
7114	bot-347	bravo	P00r-4410	tick	88.92	36.73	352	2.52	2.53	4.75	1	squad	squad-2	3	bot-331			-	0	30	120	0	20	101
7114	bot-349	bravo	P00r-4410	tick	87.61	32.85	9	2.53	2.56	5.64	1	squad	squad-2	4	bot-331			-	0	30	120	0	20	101
7114	bot-351	bravo	P00m-4430	tick	87.56	2.75	28	2.40	2.44	4.16	1	squad	squad-4	7	bot-305			-	0	20	101	0	7	35
7114	bot-352	alpha	P00m-4420	tick	-77.69	-15.40	180	2.45	2.49	5.87	1	squad	squad-1	3	bot-338			-	0	20	101	0	7	35
7114	bot-353	bravo	P00r-4410	tick	87.70	6.51	9	2.42	2.45	4.78	1	squad	squad-4	5	bot-305			-	0	30	120	0	20	101
7114	bot-355	bravo	P00r-4410	tick	88.82	3.63	0	2.40	2.44	5.41	1	squad	squad-4	6	bot-305			-	0	30	120	0	20	101
7114	bot-357	bravo	P00r-4410	tick	87.78	51.75	338	2.31	2.31		6	patrol	squad-35	0	bot-357			-	0	30	120	0	20	101
7114	bot-358	alpha	P00r-4320	tick	-40.32	50.34	303	2.32	2.04		8	patrolReentry	squad-15	0	bot-358			-	0	30	120	0	7	35
7114	bot-359	bravo	P00m-4420	tick	87.90	39.03	339	2.40	2.43	2.80	1	squad	squad-35	4	bot-357			-	0	20	101	0	7	35
7114	bot-361	bravo	P00r-4410	tick	83.32	30.13	41	2.45	2.58	21.22	3	squad	squad-35	5	bot-357			-	0	1	30	0	20	101
7114	bot-362	alpha	P00r-4320	tick	-24.58	46.85	275	2.40	2.42	12.60	2	squad	squad-15	2	bot-358			-	0	1	30	0	7	35
7114	bot-363	bravo	P00r-4410	tick	87.58	41.41	20	2.40	2.43	6.92	1	squad	squad-35	1	bot-357			-	0	1	4	0	30	120
7114	bot-364	alpha	P00r-4310	tick	-31.27	46.09	264	2.28	2.35	8.11	1	squad	squad-15	1	bot-358			-	0	1	4	0	30	120
7114	bot-365	bravo	P00r-4410	tick	87.53	44.51	19	2.40	2.44	2.18	1	squad	squad-35	2	bot-357			-	0	30	120	0	20	101
7114	bot-366	alpha	P00r-4410	tick	-78.38	60.84	348	2.41	2.33		6	patrol	squad-36	0	bot-366			-	0	30	120	0	7	35
7114	bot-367	bravo	P00m-4420	tick	87.82	35.83	341	2.42	2.41	1.25	1	squad	squad-35	6	bot-357			-	0	20	101	0	7	35
7114	bot-368	alpha	P00m-4420	tick	-71.69	50.09	2	2.70	2.57	8.02	2	squad	squad-36	4	bot-366			-	0	20	101	0	7	35
7114	bot-369	bravo	P00r-4410	tick	87.59	37.43	347	2.40	2.45	6.10	1	squad	squad-35	3	bot-357			-	0	30	120	0	20	101
7114	bot-370	alpha	P00r-4410	tick	-78.44	54.96	347	2.36	2.62	2.02	1	squad	squad-36	1	bot-366			-	0	30	120	0	7	35
7114	bot-371	alpha	P00r-4410	tick	-74.80	56.08	21	2.50	2.56	2.73	1	squad	squad-36	2	bot-366			-	0	30	120	0	20	101
7114	bot-372	alpha	P00r-4410	tick	-80.60	50.19	317	2.63	2.59	4.20	1	squad	squad-36	3	bot-366			-	0	30	120	0	7	35
7587	bot-374	alpha	P00r-0410	initial	-83.75	61.75	0	0.00			0			-1				-	0			0		
7629	bot-374	alpha	P00r-4410	ammo	-83.75	61.75	0	0.00	0.00		0		squad-36	4	bot-366			-	0	30	120	0	7	35
7724	bot-373	alpha	P00m-4420	tick	-80.30	51.51	338	2.15	2.28	12.43	2	squad	squad-36	6	bot-366			-	0	20	101	0	7	35
8121	bot-256	bravo	P00r-3320	tick	87.25	21.69	356	2.16	2.04	1.61	1	squad	squad-4	1	bot-305			-	0	22	100	0	7	35
8121	bot-262	bravo	K00m-0300	tick	-15.89	47.10	269	1.93	0.54	8.86	2	knife	squad-27	0	bot-262	bot-362	11.15	y	0	0	0	0	0	0
8121	bot-281	alpha	P00m-4200	tick	-43.82	18.09	201	2.44	2.28	60.34	7	squad	squad-1	2	bot-338			-	0	20	69	0	7	35
8121	bot-305	bravo	P00r-4320	tick	87.24	26.73	337	2.61	2.39		9	patrol	squad-4	0	bot-305			-	0	1	1	0	30	120
8121	bot-317	bravo	P00r-2320	tick	87.29	18.64	323	2.18	2.08	3.11	1	squad	squad-4	2	bot-305			-	0	11	120	0	20	101
8121	bot-323	bravo	P00r-4320	tick	87.36	15.73	323	1.51	1.90	3.43	1	squad	squad-4	3	bot-305			-	0	1	3	0	30	120
8121	bot-325	bravo	P00r-2320	tick	87.56	10.77	340	2.35	2.39	6.12	1	squad	squad-4	4	bot-305			-	0	15	120	0	20	101
8121	bot-331	bravo	P00r-2410	tick	87.79	50.93	4	2.08	2.31		6	patrol	squad-2	0	bot-331			-	0	13	120	0	20	101
8121	bot-332	alpha	P00r-4410	tick	-80.46	-21.97	200	2.36	2.30	4.17	1	squad	squad-1	1	bot-338			-	0	30	120	0	7	35
8121	bot-335	bravo	P00m-3310	tick	87.61	32.66	9	2.51	2.49	5.90	1	squad	squad-2	5	bot-331			-	0	14	101	0	7	35
8121	bot-338	alpha	P00r-4310	tick	-83.52	-28.30	174	2.32	2.36		10	patrol	squad-1	0	bot-338			-	0	24	120	0	7	35
8121	bot-339	bravo	P00r-4410	tick	88.17	45.61	8	2.40	2.37	2.14	1	squad	squad-2	1	bot-331			-	0	23	120	0	20	101
8121	bot-341	bravo	P00r-4410	tick	87.70	30.12	344	2.55	2.41	6.23	1	squad	squad-2	6	bot-331			-	0	1	30	0	20	101
8121	bot-343	bravo	P00m-4420	tick	86.58	28.18	30	2.59	2.39	22.12	3	squad	squad-2	7	bot-331			-	0	20	101	0	7	35
8121	bot-345	bravo	P00r-4420	tick	88.67	42.74	9	2.40	2.34	2.61	1	squad	squad-2	2	bot-331			-	0	1	4	0	30	120
8121	bot-347	bravo	P00r-4410	tick	88.91	39.11	334	2.51	2.38	4.47	1	squad	squad-2	3	bot-331			-	0	30	120	0	20	101
8121	bot-349	bravo	P00r-4410	tick	87.71	35.30	342	2.42	2.46	5.43	1	squad	squad-2	4	bot-331			-	0	30	120	0	20	101
8121	bot-351	bravo	P00m-4430	tick	87.47	5.09	351	2.40	2.34	4.16	1	squad	squad-4	7	bot-305			-	0	20	101	0	7	35
8121	bot-352	alpha	P00m-4420	tick	-77.80	-17.85	160	2.56	2.45	5.48	1	squad	squad-1	3	bot-338			-	0	20	101	0	7	35
8121	bot-353	bravo	P00r-4410	tick	87.49	8.89	358	2.43	2.40	5.53	1	squad	squad-4	5	bot-305			-	0	30	120	0	20	101
8121	bot-355	bravo	P00r-4410	tick	88.71	6.00	17	2.43	2.37	6.40	1	squad	squad-4	6	bot-305			-	0	30	120	0	20	101
8121	bot-357	bravo	P00r-4410	tick	87.81	54.09	9	2.41	2.34		6	patrol	squad-35	0	bot-357			-	0	30	120	0	20	101
8121	bot-358	alpha	P00r-4320	tick	-42.44	51.50	321	2.44	2.42		8	patrolReentry	squad-15	0	bot-358			-	0	30	120	0	7	35
8121	bot-359	bravo	P00m-4420	tick	87.81	41.38	351	2.40	2.35	2.68	1	squad	squad-35	4	bot-357			-	0	20	101	0	7	35
8121	bot-361	bravo	P00r-4410	tick	84.86	31.94	15	2.42	2.38	22.26	4	squad	squad-35	5	bot-357			-	0	1	30	0	20	101
8121	bot-362	alpha	P00r-4320	tick	-26.93	46.80	243	2.40	2.35	12.43	3	squad	squad-15	2	bot-358			-	0	1	30	0	7	35
8121	bot-363	bravo	P00r-4410	tick	87.59	43.75	347	2.40	2.35	7.72	1	squad	squad-35	1	bot-357			-	0	1	4	0	30	120
8121	bot-364	alpha	P00r-4310	tick	-33.57	46.50	272	2.43	2.33	7.76	1	squad	squad-15	1	bot-358			-	0	1	4	0	30	120
8121	bot-365	bravo	P00r-4410	tick	87.50	46.89	1	2.42	2.37	1.83	1	squad	squad-35	2	bot-357			-	0	30	120	0	20	101
8121	bot-366	alpha	P00r-4410	tick	-79.22	63.05	317	2.28	2.37		5	patrol	squad-36	0	bot-366			-	0	30	120	0	7	35
8121	bot-367	bravo	P00m-4420	tick	87.75	38.17	21	2.40	2.35	1.20	1	squad	squad-35	6	bot-357			-	0	20	101	0	7	35
8121	bot-368	alpha	P00m-4420	tick	-72.52	51.93	316	2.48	2.02	10.77	2	squad	squad-36	5	bot-366			-	0	20	101	0	7	35
8121	bot-369	bravo	P00r-4410	tick	87.51	39.76	20	2.40	2.34	6.92	1	squad	squad-35	3	bot-357			-	0	30	120	0	20	101
8121	bot-370	alpha	P00r-4410	tick	-79.18	56.59	347	1.90	1.79	3.33	1	squad	squad-36	1	bot-366			-	0	30	120	0	7	35
8121	bot-371	alpha	P00r-4410	tick	-75.20	58.45	334	2.41	2.40	2.32	1	squad	squad-36	2	bot-366			-	0	30	120	0	20	101
8121	bot-372	alpha	P00r-4410	tick	-81.59	52.41	338	2.44	2.43	3.90	1	squad	squad-36	3	bot-366			-	0	30	120	0	7	35
8646	bot-374	alpha	P00r-4410	tick	-81.28	61.24	98	2.41	2.53	7.89	3	squad	squad-36	4	bot-366			-	0	30	120	0	7	35
8728	bot-373	alpha	P00m-4420	tick	-78.71	52.91	77	2.34	2.12	10.82	3	squad	squad-36	6	bot-366			-	0	20	101	0	7	35
9125	bot-256	bravo	P00r-3320	tick	87.25	24.06	339	2.42	2.38	2.36	1	squad	squad-4	1	bot-305			-	0	22	100	0	7	35
9125	bot-262	bravo	K00m-0300	tick	-16.04	47.25	269	1.69	0.22	10.85	3	knife	squad-27	0	bot-262	bot-362	13.27	y	0	0	0	0	0	0
9125	bot-281	alpha	P00m-4200	tick	-45.59	16.38	235	2.49	2.46	60.48	7	squad	squad-1	2	bot-338			-	0	20	69	0	7	35
9125	bot-305	bravo	P00r-4320	tick	87.38	29.19	9	2.50	2.47		9	patrol	squad-4	0	bot-305			-	0	1	1	0	30	120
9125	bot-317	bravo	P00r-2320	tick	87.03	20.80	6	2.05	2.17	3.18	1	squad	squad-4	2	bot-305			-	0	11	120	0	20	101
9125	bot-323	bravo	P00r-4320	tick	87.14	17.64	358	2.14	1.92	3.58	1	squad	squad-4	3	bot-305			-	0	1	3	0	30	120
9125	bot-325	bravo	P00r-2320	tick	87.34	13.00	341	2.17	2.24	6.04	1	squad	squad-4	4	bot-305			-	0	15	120	0	20	101
9125	bot-331	bravo	P00r-2410	tick	87.81	53.25	332	2.40	2.32		6	patrol	squad-2	0	bot-331			-	0	13	120	0	20	101
9125	bot-332	alpha	P00r-4410	tick	-80.64	-24.19	173	1.83	2.23	3.98	1	squad	squad-1	1	bot-338			-	0	30	120	0	7	35
9125	bot-335	bravo	P00m-3310	tick	87.63	35.17	19	2.43	2.51	5.62	1	squad	squad-2	5	bot-331			-	0	14	101	0	7	35
9125	bot-338	alpha	P00r-4310	tick	-83.78	-30.68	203	2.32	2.39		9	patrol	squad-1	0	bot-338			-	0	24	120	0	7	35
9125	bot-339	bravo	P00r-4410	tick	88.12	48.06	340	2.47	2.45	2.76	1	squad	squad-2	1	bot-331			-	0	23	120	0	20	101
9125	bot-341	bravo	P00r-4410	tick	87.69	32.64	352	2.50	2.53	5.79	1	squad	squad-2	6	bot-331			-	0	1	30	0	20	101
9125	bot-343	bravo	P00m-4420	tick	86.80	30.63	12	2.45	2.47	21.86	3	squad	squad-2	7	bot-331			-	0	20	101	0	7	35
9125	bot-345	bravo	P00r-4420	tick	88.53	45.14	23	2.41	2.41	3.27	1	squad	squad-2	2	bot-331			-	0	1	4	0	30	120
9125	bot-347	bravo	P00r-4410	tick	88.94	41.50	15	2.40	2.40	4.16	1	squad	squad-2	3	bot-331			-	0	30	120	0	20	101
9125	bot-349	bravo	P00r-4410	tick	87.74	37.72	359	2.40	2.41	4.87	1	squad	squad-2	4	bot-331			-	0	30	120	0	20	101
9125	bot-351	bravo	P00m-4430	tick	87.03	7.47	331	2.42	2.42	4.24	1	squad	squad-4	7	bot-305			-	0	20	101	0	7	35
9125	bot-352	alpha	P00m-4420	tick	-77.95	-20.13	191	2.32	2.29	5.25	1	squad	squad-1	3	bot-338			-	0	20	101	0	7	35
9125	bot-353	bravo	P00r-4410	tick	87.18	11.28	334	2.31	2.41	5.18	1	squad	squad-4	5	bot-305			-	0	30	120	0	20	101
9125	bot-355	bravo	P00r-4410	tick	88.25	8.38	341	2.43	2.42	5.94	1	squad	squad-4	6	bot-305			-	0	30	120	0	20	101
9125	bot-357	bravo	P00r-4410	tick	87.80	56.53	14	2.57	2.45		6	patrol	squad-35	0	bot-357			-	0	30	120	0	20	101
9125	bot-358	alpha	P00r-4320	tick	-44.41	52.81	296	2.45	2.36		7	patrolReentry	squad-15	0	bot-358			-	0	30	120	0	7	35
9125	bot-359	bravo	P00m-4420	tick	87.77	43.79	24	2.40	2.41	2.67	1	squad	squad-35	4	bot-357			-	0	20	101	0	7	35
9125	bot-361	bravo	P00r-4410	tick	86.45	33.78	48	2.41	2.43	22.36	4	squad	squad-35	5	bot-357			-	0	1	30	0	20	101
9125	bot-362	alpha	P00r-4320	tick	-29.27	46.99	302	2.38	2.35	13.32	2	squad	squad-15	2	bot-358			-	0	1	30	0	7	35
9125	bot-363	bravo	P00r-4410	tick	87.58	46.16	344	2.40	2.41	7.43	1	squad	squad-35	1	bot-357			-	0	1	4	0	30	120
9125	bot-364	alpha	P00r-4310	tick	-35.82	47.01	304	2.32	2.31	7.73	1	squad	squad-15	1	bot-358			-	0	1	4	0	30	120
9125	bot-365	bravo	P00r-4410	tick	87.49	49.37	332	2.45	2.49	1.49	1	squad	squad-35	2	bot-357			-	0	30	120	0	20	101
9125	bot-366	alpha	P00r-4410	tick	-80.07	65.21	336	2.18	2.32		5	patrol	squad-36	0	bot-366			-	0	30	120	0	7	35
9125	bot-367	bravo	P00m-4420	tick	87.95	40.49	348	2.40	2.32	1.28	1	squad	squad-35	6	bot-357			-	0	20	101	0	7	35
9125	bot-368	alpha	P00m-4420	tick	-74.98	52.14	269	2.52	2.46	9.46	2	squad	squad-36	5	bot-366			-	0	20	101	0	7	35
9125	bot-369	bravo	P00r-4410	tick	87.58	42.17	9	2.40	2.41	6.56	1	squad	squad-35	3	bot-357			-	0	30	120	0	20	101
9125	bot-370	alpha	P00r-4410	tick	-79.96	58.53	320	2.34	2.09	3.29	1	squad	squad-36	1	bot-366			-	0	30	120	0	7	35
9125	bot-371	alpha	P00r-4410	tick	-76.29	60.10	319	2.38	1.98	3.51	3	squad	squad-36	2	bot-366			-	0	30	120	0	20	101
9125	bot-372	alpha	P00r-4410	tick	-81.95	54.74	359	2.10	2.36	3.51	1	squad	squad-36	3	bot-366			-	0	30	120	0	7	35
9664	bot-374	alpha	P00r-4410	tick	-78.91	61.24	66	2.38	2.37	5.06	2	squad	squad-36	4	bot-366			-	0	30	120	0	7	35
9740	bot-373	alpha	P00m-4420	tick	-77.55	55.08	22	2.40	2.46	9.16	2	squad	squad-36	6	bot-366			-	0	20	101	0	7	35
10135	bot-256	bravo	P00r-3320	tick	87.23	26.52	12	2.45	2.45	2.00	1	squad	squad-4	1	bot-305			-	0	22	100	0	7	35
10135	bot-262	bravo	K00m-0300	tick	-15.99	47.20	271	1.19	0.07	20.56	4	knife	squad-27	0	bot-262	bot-364	22.08	y	0	0	0	0	0	0
10135	bot-281	alpha	P00m-4200	tick	-46.79	14.22	215	2.65	2.48	59.68	6	squad	squad-1	2	bot-338			-	0	20	69	0	7	35
10135	bot-305	bravo	P00r-4320	tick	87.52	31.69	24	2.49	2.50		9	patrol	squad-4	0	bot-305			-	0	1	1	0	30	120
10135	bot-317	bravo	P00r-2320	tick	87.14	22.98	25	2.42	2.19	3.14	1	squad	squad-4	2	bot-305			-	0	11	120	0	20	101
10135	bot-323	bravo	P00r-4320	tick	86.96	19.95	18	2.18	2.32	4.32	1	squad	squad-4	3	bot-305			-	0	1	3	0	30	120
10135	bot-325	bravo	P00r-2320	tick	87.18	15.05	15	1.71	2.05	6.07	1	squad	squad-4	4	bot-305			-	0	15	120	0	20	101
10135	bot-331	bravo	P00r-2410	tick	87.80	55.69	2	2.51	2.44		6	patrol	squad-2	0	bot-331			-	0	13	120	0	20	101
10135	bot-332	alpha	P00r-4410	tick	-80.92	-26.46	176	2.47	2.29	3.76	1	squad	squad-1	1	bot-338			-	0	30	120	0	7	35
10135	bot-335	bravo	P00m-3310	tick	87.67	37.60	347	2.40	2.43	5.51	1	squad	squad-2	5	bot-331			-	0	14	101	0	7	35
10135	bot-338	alpha	P00r-4310	tick	-83.87	-33.03	190	2.21	2.35		9	patrol	squad-1	0	bot-338			-	0	24	120	0	7	35
10135	bot-339	bravo	P00r-4410	tick	88.14	50.53	358	2.20	2.47	2.42	1	squad	squad-2	1	bot-331			-	0	23	120	0	20	101
10135	bot-341	bravo	P00r-4410	tick	88.52	34.98	43	2.54	2.48	5.59	1	squad	squad-2	6	bot-331			-	0	1	30	0	20	101
10135	bot-343	bravo	P00m-4420	tick	87.06	33.16	335	2.49	2.54	21.69	4	squad	squad-2	7	bot-331			-	0	20	101	0	7	35
10135	bot-345	bravo	P00r-4420	tick	88.41	47.62	344	2.48	2.48	2.78	1	squad	squad-2	2	bot-331			-	0	1	4	0	30	120
10135	bot-347	bravo	P00r-4410	tick	88.94	43.92	6	2.40	2.42	3.80	1	squad	squad-2	3	bot-331			-	0	30	120	0	20	101
10135	bot-349	bravo	P00r-4410	tick	87.74	40.14	27	2.40	2.42	5.59	1	squad	squad-2	4	bot-331			-	0	30	120	0	20	101
10135	bot-351	bravo	P00m-4430	tick	86.73	9.94	7	2.43	2.49	4.12	1	squad	squad-4	7	bot-305			-	0	20	101	0	7	35
10135	bot-352	alpha	P00m-4420	tick	-78.19	-22.38	203	2.25	2.26	6.02	1	squad	squad-1	3	bot-338			-	0	20	101	0	7	35
10135	bot-353	bravo	P00r-4410	tick	87.03	13.57	353	2.24	2.29	5.94	1	squad	squad-4	5	bot-305			-	0	30	120	0	20	101
10135	bot-355	bravo	P00r-4410	tick	87.98	10.82	339	2.41	2.45	6.48	1	squad	squad-4	6	bot-305			-	0	30	120	0	20	101
10135	bot-357	bravo	P00r-4410	tick	87.77	59.06	343	2.46	2.52		5	patrol	squad-35	0	bot-357			-	0	30	120	0	20	101
10135	bot-358	alpha	P00r-4320	tick	-46.44	54.36	292	2.45	2.56		7	patrolReentry	squad-15	0	bot-358			-	0	30	120	0	7	35
10135	bot-359	bravo	P00m-4420	tick	88.00	46.19	7	2.41	2.42	2.67	1	squad	squad-35	4	bot-357			-	0	20	101	0	7	35
10135	bot-361	bravo	P00r-4410	tick	87.48	35.74	21	2.40	2.22	22.39	3	squad	squad-35	5	bot-357			-	0	1	30	0	20	101
10135	bot-362	alpha	P00r-4320	tick	-31.29	48.14	326	2.17	2.33	13.04	2	squad	squad-15	2	bot-358			-	0	1	30	0	7	35
10135	bot-363	bravo	P00r-4410	tick	87.22	48.60	12	2.45	2.46	7.05	1	squad	squad-35	1	bot-357			-	0	1	4	0	30	120
10135	bot-364	alpha	P00r-4310	tick	-38.04	47.75	296	2.17	2.34	8.36	1	squad	squad-15	1	bot-358			-	0	1	4	0	30	120
10135	bot-365	bravo	P00r-4410	tick	87.50	51.67	358	2.26	2.29	2.43	1	squad	squad-35	2	bot-357			-	0	30	120	0	20	101
10135	bot-366	alpha	P00r-4410	tick	-80.88	67.35	8	2.48	2.29		5	patrol	squad-36	0	bot-366			-	0	30	120	0	7	35
10135	bot-367	bravo	P00m-4420	tick	87.92	42.85	331	2.40	2.37	1.32	1	squad	squad-35	6	bot-357			-	0	20	101	0	7	35
10135	bot-368	alpha	P00m-4420	tick	-77.32	53.25	288	2.55	2.59	9.10	1	squad	squad-36	5	bot-366			-	0	20	101	0	7	35
10135	bot-369	bravo	P00r-4410	tick	87.57	44.58	337	2.40	2.41	7.22	1	squad	squad-35	3	bot-357			-	0	30	120	0	20	101
10135	bot-370	alpha	P00r-4410	tick	-81.01	60.75	327	2.43	2.45	2.89	1	squad	squad-36	1	bot-366			-	0	30	120	0	7	35
10135	bot-371	alpha	P00r-4410	tick	-75.37	62.25	22	2.31	2.34	4.04	3	squad	squad-36	2	bot-366			-	0	30	120	0	20	101
10135	bot-372	alpha	P00r-4410	tick	-82.40	56.72	356	2.05	2.03	4.49	1	squad	squad-36	3	bot-366			-	0	30	120	0	7	35
10674	bot-374	alpha	P00r-4410	tick	-77.23	60.68	145	2.39	1.77	1.84	1	squad	squad-36	4	bot-366			-	0	30	120	0	7	35
10696	bot-262	bravo	E00m-030G	state+latches	-16.04	47.25	272	0.94	0.08	21.32	4	knife	squad-27	0	bot-262	bot-364	23.04	y	0	0	0	0	0	0
10730	bot-262	bravo	E00m-030H	latches	-15.69	47.24	272	3.69	0.36	1.94	1	flee	squad-27	0	bot-262	bot-364	23.19	w	0	0	0	0	0	0
10757	bot-373	alpha	P00m-4420	tick	-76.90	55.85	66	0.00	1.00		0		squad-36	6	bot-366			-	0	20	101	0	7	35
10780	bot-262	bravo	K00m-0300	state+latches	-15.67	47.16	272	3.39	0.09	1.92	1	flee	squad-27	0	bot-262	bot-364	23.50	w	0	0	0	0	0	0
11034	bot-262	bravo	E00m-030G	state+latches	-15.54	46.97	273	1.90	0.23	1.81	1	flee	squad-27	0	bot-262	bot-364	24.10	y	0	0	0	0	0	0
11062	bot-262	bravo	E00m-030H	latches	-15.52	46.96	273	2.26	0.01	1.80	1	flee	squad-27	0	bot-262	bot-364	24.18	w	0	0	0	0	0	0
11143	bot-256	bravo	P00r-3320	tick	87.22	29.02	15	2.44	2.50	2.43	1	squad	squad-4	1	bot-305			-	0	22	100	0	7	35
11143	bot-281	alpha	P00m-4200	tick	-47.47	11.84	179	2.44	2.47	59.04	6	squad	squad-1	2	bot-338			-	0	20	69	0	7	35
11143	bot-305	bravo	P00r-4320	tick	87.78	34.22	351	2.48	2.54		9	patrol	squad-4	0	bot-305			-	0	1	1	0	30	120
11143	bot-317	bravo	P00r-2320	tick	87.05	25.43	345	2.45	2.45	2.99	1	squad	squad-4	2	bot-305			-	0	11	120	0	20	101
11143	bot-323	bravo	P00r-4320	tick	86.95	22.03	346	2.12	2.07	4.34	1	squad	squad-4	3	bot-305			-	0	1	3	0	30	120
11143	bot-325	bravo	P00r-2320	tick	87.08	16.93	4	2.01	1.88	7.48	1	squad	squad-4	4	bot-305			-	0	15	120	0	20	101
11143	bot-331	bravo	P00r-2410	tick	87.77	58.20	21	2.48	2.51		6	patrol	squad-2	0	bot-331			-	0	13	120	0	20	101
11143	bot-332	alpha	P00r-4410	tick	-81.09	-28.95	206	2.35	2.49	3.35	1	squad	squad-1	1	bot-338			-	0	30	120	0	7	35
11143	bot-335	bravo	P00m-3310	tick	87.84	40.01	353	2.40	2.42	5.53	1	squad	squad-2	5	bot-331			-	0	14	101	0	7	35
11143	bot-338	alpha	P00r-4310	tick	-84.01	-35.29	159	2.45	2.26		9	patrol	squad-1	0	bot-338			-	0	24	120	0	7	35
11143	bot-339	bravo	P00r-4410	tick	88.15	52.82	26	2.32	2.28	2.17	1	squad	squad-2	1	bot-331			-	0	23	120	0	20	101
11143	bot-341	bravo	P00r-4410	tick	89.07	37.36	7	2.42	2.44	5.41	1	squad	squad-2	6	bot-331			-	0	1	30	0	20	101
11143	bot-343	bravo	P00m-4420	tick	87.44	35.57	5	2.40	2.44	21.67	3	squad	squad-2	7	bot-331			-	0	20	101	0	7	35
11143	bot-345	bravo	P00r-4420	tick	88.25	50.10	338	2.34	2.49	2.29	1	squad	squad-2	2	bot-331			-	0	1	4	0	30	120
11143	bot-347	bravo	P00r-4410	tick	88.81	46.35	329	2.46	2.44	4.39	1	squad	squad-2	3	bot-331			-	0	30	120	0	20	101
11143	bot-349	bravo	P00r-4410	tick	87.80	42.56	359	2.40	2.42	5.38	1	squad	squad-2	4	bot-331			-	0	30	120	0	20	101
11143	bot-351	bravo	P00m-4430	tick	86.30	12.26	353	2.38	2.36	4.79	1	squad	squad-4	7	bot-305			-	0	20	101	0	7	35
11143	bot-352	alpha	P00m-4420	tick	-78.36	-24.77	170	2.39	2.39	5.68	1	squad	squad-1	3	bot-338			-	0	20	101	0	7	35
11143	bot-353	bravo	P00r-4410	tick	86.74	15.44	23	1.76	1.90	6.75	1	squad	squad-4	5	bot-305			-	0	30	120	0	20	101
11143	bot-355	bravo	P00r-4410	tick	87.64	12.96	349	2.17	2.17	6.65	1	squad	squad-4	6	bot-305			-	0	30	120	0	20	101
11143	bot-357	bravo	P00r-4410	tick	87.75	61.46	352	2.34	2.41		5	patrol	squad-35	0	bot-357			-	0	30	120	0	20	101
11143	bot-358	alpha	P00r-4320	tick	-48.35	55.82	323	2.42	2.40		7	patrolReentry	squad-15	0	bot-358			-	0	30	120	0	7	35
11143	bot-359	bravo	P00m-4420	tick	87.94	48.68	330	2.51	2.49	2.55	1	squad	squad-35	4	bot-357			-	0	20	101	0	7	35
11143	bot-361	bravo	P00r-4410	tick	87.58	37.52	348	2.40	1.78	23.64	3	squad	squad-35	5	bot-357			-	0	1	30	0	20	101
11143	bot-362	alpha	P00r-4320	tick	-33.16	49.23	292	1.96	2.16	12.90	2	squad	squad-15	2	bot-358			-	0	1	30	0	7	35
11143	bot-363	bravo	P00r-4410	tick	86.95	50.87	355	2.12	2.28	7.87	1	squad	squad-35	1	bot-357			-	0	1	4	0	30	120
11143	bot-364	alpha	P00r-4310	tick	-39.71	48.45	269	1.90	1.81	8.61	1	squad	squad-15	1	bot-358			-	0	1	4	0	30	120
11143	bot-365	bravo	P00r-4410	tick	87.45	54.07	20	2.46	2.40	2.12	1	squad	squad-35	2	bot-357			-	0	30	120	0	20	101
11143	bot-366	alpha	P00r-4410	tick	-81.74	69.71	339	2.48	2.52		4	patrol	squad-36	0	bot-366			-	0	30	120	0	7	35
11143	bot-367	bravo	P00m-4420	tick	87.77	45.27	17	2.40	2.42	1.29	1	squad	squad-35	6	bot-357			-	0	20	101	0	7	35
11143	bot-368	alpha	P00m-4420	tick	-77.98	55.43	360	2.33	2.28	2.14	1	squad	squad-36	5	bot-366			-	0	20	101	0	7	35
11143	bot-369	bravo	P00r-4410	tick	87.41	46.99	346	2.42	2.41	6.91	1	squad	squad-35	3	bot-357			-	0	30	120	0	20	101
11143	bot-370	alpha	P00r-4410	tick	-81.09	63.10	30	2.42	2.36	3.96	1	squad	squad-36	1	bot-366			-	0	30	120	0	7	35
11143	bot-371	alpha	P00r-4410	tick	-75.82	63.97	315	2.29	1.78	4.06	1	squad	squad-36	2	bot-366			-	0	30	120	0	20	101
11143	bot-372	alpha	P00r-4410	tick	-81.76	58.38	14	2.20	1.77	4.66	1	squad	squad-36	3	bot-366			-	0	30	120	0	7	35
11276	bot-262	bravo	E00m-0301	latches	-15.50	46.96	273	2.47	0.02	1.77	1	flee	squad-27	0	bot-262	bot-364	24.62	w	0	0	0	0	0	0
11707	bot-374	alpha	P00r-4410	tick	-76.72	60.70	106	2.41	0.51	6.45	3	squad	squad-36	4	bot-366			-	0	30	120	0	7	35
11789	bot-373	alpha	P00m-4420	tick	-76.48	57.03	22	2.40	1.26	9.75	2	squad	squad-36	6	bot-366			-	0	20	101	0	7	35
12098	bot-262	bravo	S00m-0300	state+latches	-13.88	47.17	273	0.00	1.63		0		squad-27	0	bot-262	bot-364	27.78	w	0	0	0	0	0	0
12156	bot-256	bravo	P00r-3320	tick	87.22	31.52	343	2.53	2.51	1.95	1	squad	squad-4	1	bot-305			-	0	22	100	0	7	35
12156	bot-281	alpha	P00m-4200	tick	-48.04	9.56	183	2.27	2.35	58.67	6	squad	squad-1	2	bot-338			-	0	20	69	0	7	35
12156	bot-305	bravo	P00r-4320	tick	88.50	36.56	2	2.41	2.45		8	patrol	squad-4	0	bot-305			-	0	1	1	0	30	120
12156	bot-317	bravo	P00r-2320	tick	86.86	27.85	350	2.53	2.43	3.80	1	squad	squad-4	2	bot-305			-	0	11	120	0	20	101
12156	bot-323	bravo	P00r-4320	tick	86.69	24.35	341	2.45	2.34	5.02	1	squad	squad-4	3	bot-305			-	0	1	3	0	30	120
12156	bot-325	bravo	P00r-2320	tick	86.66	19.14	326	2.41	2.25	7.87	2	squad	squad-4	4	bot-305			-	0	15	120	0	20	101
12156	bot-331	bravo	P00r-2410	tick	87.76	60.65	350	2.39	2.46		5	patrol	squad-2	0	bot-331			-	0	13	120	0	20	101
12156	bot-332	alpha	P00r-4410	tick	-81.18	-31.27	190	2.37	2.32	4.11	1	squad	squad-1	1	bot-338			-	0	30	120	0	7	35
12156	bot-335	bravo	P00m-3310	tick	87.84	42.43	20	2.40	2.43	5.50	1	squad	squad-2	5	bot-331			-	0	14	101	0	7	35
12156	bot-338	alpha	P00r-4310	tick	-84.19	-37.59	186	2.30	2.31		9	patrol	squad-1	0	bot-338			-	0	24	120	0	7	35
12156	bot-339	bravo	P00r-4410	tick	88.12	55.20	355	2.43	2.39	2.93	1	squad	squad-2	1	bot-331			-	0	23	120	0	20	101
12156	bot-341	bravo	P00r-4410	tick	89.00	39.76	341	2.40	2.40	6.28	1	squad	squad-2	6	bot-331			-	0	1	30	0	20	101
12156	bot-343	bravo	P00m-4420	tick	87.59	37.39	18	2.40	1.82	22.20	3	squad	squad-2	7	bot-331			-	0	20	101	0	7	35
12156	bot-345	bravo	P00r-4420	tick	88.21	52.37	15	2.34	2.27	3.10	1	squad	squad-2	2	bot-331			-	0	1	4	0	30	120
12156	bot-347	bravo	P00r-4410	tick	88.72	48.91	357	2.50	2.55	3.94	1	squad	squad-2	3	bot-331			-	0	30	120	0	20	101
12156	bot-349	bravo	P00r-4410	tick	87.81	44.99	340	2.43	2.43	5.11	1	squad	squad-2	4	bot-331			-	0	30	120	0	20	101
12156	bot-351	bravo	P00m-4430	tick	86.09	14.44	329	1.92	2.19	21.18	3	squad	squad-4	7	bot-305			-	0	20	101	0	7	35
12156	bot-352	alpha	P00m-4420	tick	-78.48	-27.23	172	2.45	2.46	5.25	1	squad	squad-1	3	bot-338			-	0	20	101	0	7	35
12156	bot-353	bravo	P00r-4410	tick	86.28	17.20	346	2.09	1.82	7.80	1	squad	squad-4	5	bot-305			-	0	30	120	0	20	101
12156	bot-355	bravo	P00r-4410	tick	87.44	15.00	11	1.72	2.05	8.13	1	squad	squad-4	6	bot-305			-	0	30	120	0	20	101
12156	bot-357	bravo	P00r-4410	tick	87.73	63.80	24	2.41	2.33		5	patrol	squad-35	0	bot-357			-	0	30	120	0	20	101
12156	bot-358	alpha	P00r-4320	tick	-50.28	57.22	312	2.23	2.38		7	patrolReentry	squad-15	0	bot-358			-	0	30	120	0	7	35
12156	bot-359	bravo	P00m-4420	tick	87.72	51.00	7	2.18	2.33	2.49	1	squad	squad-35	4	bot-357			-	0	20	101	0	7	35
12156	bot-361	bravo	P00r-4410	tick	87.53	39.90	358	2.40	2.38	23.26	4	squad	squad-35	5	bot-357			-	0	1	30	0	20	101
12156	bot-362	alpha	P00r-4320	tick	-34.90	50.31	287	2.07	2.05	13.93	2	squad	squad-15	2	bot-358			-	0	1	30	0	7	35
12156	bot-363	bravo	P00r-4410	tick	86.92	53.21	331	2.43	2.35	7.59	1	squad	squad-35	1	bot-357			-	0	1	4	0	30	120
12156	bot-364	alpha	P00r-4310	tick	-41.74	49.43	300	2.43	2.25	8.36	1	squad	squad-15	1	bot-358			-	0	1	4	0	30	120
12156	bot-365	bravo	P00r-4410	tick	87.43	56.54	350	2.45	2.47	1.70	1	squad	squad-35	2	bot-357			-	0	30	120	0	20	101
12156	bot-366	alpha	P00r-4410	tick	-82.49	72.06	322	2.34	2.47		4	patrol	squad-36	0	bot-366			-	0	30	120	0	7	35
12156	bot-367	bravo	P00m-4420	tick	87.77	47.75	7	2.45	2.48	1.02	1	squad	squad-35	6	bot-357			-	0	20	101	0	7	35
12156	bot-368	alpha	P00m-4420	tick	-79.23	56.69	309	1.89	1.77	9.77	2	squad	squad-36	5	bot-366			-	0	20	101	0	7	35
12156	bot-369	bravo	P00r-4410	tick	87.30	49.48	30	2.45	2.49	6.49	1	squad	squad-35	3	bot-357			-	0	30	120	0	20	101
12156	bot-370	alpha	P00r-4410	tick	-82.09	65.27	331	2.44	2.39	3.33	1	squad	squad-36	1	bot-366			-	0	30	120	0	7	35
12156	bot-371	alpha	P00r-4410	tick	-76.29	64.19	260	2.27	0.52	6.66	2	squad	squad-36	2	bot-366			-	0	30	120	0	20	101
12156	bot-372	alpha	P00r-4410	tick	-82.52	60.35	325	2.36	2.12	5.56	1	squad	squad-36	3	bot-366			-	0	30	120	0	7	35
12623	bot-375	alpha	P00r-0410	initial	-84.25	70.75	0	0.00			0			-1				-	0			0		
12652	bot-375	alpha	P00r-4410	ammo	-84.25	70.75	0	0.00	0.00		0		squad-36	5	bot-366			-	0	30	120	0	20	101
12707	bot-374	alpha	P00r-4410	tick	-78.47	61.26	282	2.40	1.83	8.14	3	squad	squad-36	4	bot-366			-	0	30	120	0	7	35
12802	bot-373	alpha	P00m-4420	tick	-75.96	59.21	30	2.12	2.24	9.21	3	squad	squad-36	7	bot-366			-	0	20	101	0	7	35
13113	bot-262	bravo	S00m-0300	tick	-13.89	47.26	272	0.46	0.09	25.38	5	seek	squad-27	0	bot-262	bot-364	29.80	w	0	0	0	0	0	0
13197	bot-256	bravo	P00r-3320	tick	87.91	33.92	23	2.52	2.50	2.48	1	squad	squad-4	1	bot-305			-	0	22	100	0	7	35
13197	bot-281	alpha	P00m-4200	tick	-48.69	7.10	224	2.49	2.55	58.82	6	squad	squad-1	2	bot-338			-	0	20	69	0	7	35
13197	bot-305	bravo	P00r-4320	tick	88.65	39.04	25	2.40	2.48		8	patrol	squad-4	0	bot-305			-	0	1	1	0	30	120
13197	bot-317	bravo	P00r-2320	tick	87.31	30.36	32	2.42	2.54	3.33	1	squad	squad-4	2	bot-305			-	0	11	120	0	20	101
13197	bot-323	bravo	P00r-4320	tick	87.20	26.72	53	2.31	2.43	5.20	1	squad	squad-4	3	bot-305			-	0	1	3	0	30	120
13197	bot-325	bravo	P00r-2320	tick	86.99	21.25	28	2.04	2.14	8.21	1	squad	squad-4	4	bot-305			-	0	15	120	0	20	101
13197	bot-331	bravo	P00r-2410	tick	87.72	63.05	346	2.18	2.40		5	patrol	squad-2	0	bot-331			-	0	13	120	0	20	101
13197	bot-332	alpha	P00r-4410	tick	-81.50	-33.78	158	2.42	2.53	3.60	1	squad	squad-1	1	bot-338			-	0	30	120	0	7	35
13197	bot-335	bravo	P00m-3310	tick	87.81	44.93	3	2.40	2.50	5.34	1	squad	squad-2	5	bot-331			-	0	14	101	0	7	35
13197	bot-338	alpha	P00r-4310	tick	-84.26	-40.01	203	2.34	2.41		8	patrol	squad-1	0	bot-338			-	0	24	120	0	7	35
13197	bot-339	bravo	P00r-4410	tick	88.10	57.79	339	2.50	2.59	2.39	1	squad	squad-2	1	bot-331			-	0	23	120	0	20	101
13197	bot-341	bravo	P00r-4410	tick	89.10	42.22	12	2.40	2.47	5.94	1	squad	squad-2	6	bot-331			-	0	1	30	0	20	101
13197	bot-343	bravo	P00m-4420	tick	87.47	39.85	7	2.40	2.47	22.10	4	squad	squad-2	7	bot-331			-	0	20	101	0	7	35
13197	bot-345	bravo	P00r-4420	tick	88.15	54.82	6	2.58	2.45	2.68	1	squad	squad-2	2	bot-331			-	0	1	4	0	30	120
13197	bot-347	bravo	P00r-4410	tick	88.69	51.33	24	2.21	2.42	3.61	1	squad	squad-2	3	bot-331			-	0	30	120	0	20	101
13197	bot-349	bravo	P00r-4410	tick	87.80	47.51	13	2.43	2.52	5.71	1	squad	squad-2	4	bot-331			-	0	30	120	0	20	101
13197	bot-351	bravo	P00m-4430	tick	86.21	16.13	4	1.72	1.69	21.89	3	squad	squad-4	7	bot-305			-	0	20	101	0	7	35
13197	bot-352	alpha	P00m-4420	tick	-78.74	-29.59	208	2.09	2.38	4.92	1	squad	squad-1	3	bot-338			-	0	20	101	0	7	35
13197	bot-353	bravo	P00r-4410	tick	86.40	19.64	346	2.42	2.45	6.66	1	squad	squad-4	5	bot-305			-	0	30	120	0	20	101
13197	bot-355	bravo	P00r-4410	tick	87.93	17.04	12	2.43	2.10	7.81	1	squad	squad-4	6	bot-305			-	0	30	120	0	20	101
13197	bot-357	bravo	P00r-4410	tick	87.74	66.29	1	2.24	2.50		5	patrol	squad-35	0	bot-357			-	0	30	120	0	20	101
13197	bot-358	alpha	P00r-4320	tick	-52.08	58.68	291	2.19	2.32		6	patrolReentry	squad-15	0	bot-358			-	0	30	120	0	7	35
13197	bot-359	bravo	P00m-4420	tick	87.76	53.43	19	2.55	2.43	2.46	1	squad	squad-35	4	bot-357			-	0	20	101	0	7	35
13197	bot-361	bravo	P00r-4410	tick	87.60	42.40	23	2.40	2.49	22.81	3	squad	squad-35	5	bot-357			-	0	1	30	0	20	101
13197	bot-362	alpha	P00r-4320	tick	-37.06	51.14	302	2.41	2.31	11.71	2	squad	squad-15	2	bot-358			-	0	1	30	0	7	35
13197	bot-363	bravo	P00r-4410	tick	86.90	55.74	355	2.43	2.53	7.12	1	squad	squad-35	1	bot-357			-	0	1	4	0	30	120
13197	bot-364	alpha	P00r-4310	tick	-43.50	51.09	332	2.25	2.42	8.88	1	squad	squad-15	1	bot-358			-	0	1	4	0	30	120
13197	bot-365	bravo	P00r-4410	tick	87.50	59.15	344	2.49	2.61	2.24	1	squad	squad-35	2	bot-357			-	0	30	120	0	20	101
13197	bot-366	alpha	P00r-4410	tick	-83.21	74.26	355	2.29	2.31		4	patrol	squad-36	0	bot-366			-	0	30	120	0	7	35
13197	bot-367	bravo	P00m-4420	tick	87.77	50.21	334	2.33	2.46	0.94	1	squad	squad-35	6	bot-357			-	0	20	101	0	7	35
13197	bot-368	alpha	P00m-4420	tick	-79.09	58.07	22	2.33	1.39	11.59	3	squad	squad-36	6	bot-366			-	0	20	101	0	7	35
13197	bot-369	bravo	P00r-4410	tick	87.20	51.76	340	2.22	2.28	6.27	1	squad	squad-35	3	bot-357			-	0	30	120	0	20	101
13197	bot-370	alpha	P00r-4410	tick	-83.17	67.55	313	2.27	2.52	3.83	1	squad	squad-36	1	bot-366			-	0	30	120	0	7	35
13197	bot-371	alpha	P00r-4410	tick	-78.43	65.23	312	2.22	2.38	6.98	2	squad	squad-36	2	bot-366			-	0	30	120	0	20	101
13197	bot-372	alpha	P00r-4410	tick	-83.70	62.65	3	2.47	2.58	6.02	1	squad	squad-36	3	bot-366			-	0	30	120	0	7	35
13664	bot-375	alpha	P00r-4410	tick	-85.47	68.76	231	2.28	2.34	3.86	1	squad	squad-36	5	bot-366			-	0	30	120	0	20	101
13721	bot-374	alpha	P00r-4410	tick	-78.58	62.76	347	2.40	1.51	9.41	2	squad	squad-36	4	bot-366			-	0	30	120	0	7	35
13803	bot-373	alpha	P00m-4420	tick	-77.53	60.21	292	2.19	1.86	12.58	2	squad	squad-36	7	bot-366			-	0	20	101	0	7	35
14124	bot-262	bravo	S00m-0300	tick	-13.89	47.26	266	0.40	0.00	25.38	5	seek	squad-27	0	bot-262	bot-364	31.74	w	0	0	0	0	0	0
14214	bot-256	bravo	P00r-3320	tick	88.54	36.37	43	2.41	2.53	2.59	1	squad	squad-4	1	bot-305			-	0	22	100	0	7	35
14214	bot-281	alpha	P00m-4200	tick	-49.72	4.86	210	2.32	2.46	58.10	7	squad	squad-1	2	bot-338			-	0	20	69	0	7	35
14214	bot-305	bravo	P00r-4320	tick	88.47	41.45	349	2.40	2.42		8	patrol	squad-4	0	bot-305			-	0	1	1	0	30	120
14214	bot-317	bravo	P00r-2320	tick	88.09	32.73	29	2.46	2.50	3.13	1	squad	squad-4	2	bot-305			-	0	11	120	0	20	101
14214	bot-323	bravo	P00r-4320	tick	87.84	29.10	28	2.41	2.46	5.06	1	squad	squad-4	3	bot-305			-	0	1	3	0	30	120
14214	bot-325	bravo	P00r-2320	tick	87.46	23.48	43	2.41	2.28	9.01	2	squad	squad-4	4	bot-305			-	0	15	120	0	20	101
14214	bot-331	bravo	P00r-2410	tick	87.73	65.49	19	2.40	2.44		5	patrol	squad-2	0	bot-331			-	0	13	120	0	20	101
14214	bot-332	alpha	P00r-4410	tick	-81.66	-35.89	188	1.75	2.11	3.54	1	squad	squad-1	1	bot-338			-	0	30	120	0	7	35
14214	bot-335	bravo	P00m-3310	tick	87.80	47.38	331	2.44	2.45	5.12	1	squad	squad-2	5	bot-331			-	0	14	101	0	7	35
14214	bot-338	alpha	P00r-4310	tick	-84.29	-42.47	170	2.41	2.46		8	patrol	squad-1	0	bot-338			-	0	24	120	0	7	35
14214	bot-339	bravo	P00r-4410	tick	88.07	60.22	9	2.22	2.42	2.05	1	squad	squad-2	1	bot-331			-	0	23	120	0	20	101
14214	bot-341	bravo	P00r-4410	tick	89.10	44.64	19	2.40	2.42	5.69	1	squad	squad-2	6	bot-331			-	0	1	30	0	20	101
14214	bot-343	bravo	P00m-4420	tick	87.55	42.28	347	2.40	2.43	23.10	3	squad	squad-2	7	bot-331			-	0	20	101	0	7	35
14214	bot-345	bravo	P00r-4420	tick	88.07	57.30	335	2.47	2.48	3.25	1	squad	squad-2	2	bot-331			-	0	1	4	0	30	120
14214	bot-347	bravo	P00r-4410	tick	88.65	53.64	353	2.25	2.32	4.38	1	squad	squad-2	3	bot-331			-	0	30	120	0	20	101
14214	bot-349	bravo	P00r-4410	tick	87.82	50.03	11	2.40	2.52	5.30	1	squad	squad-2	4	bot-331			-	0	30	120	0	20	101
14214	bot-351	bravo	P00m-4430	tick	86.48	18.25	34	2.42	2.13	23.18	4	squad	squad-4	7	bot-305			-	0	20	101	0	7	35
14214	bot-352	alpha	P00m-4420	tick	-79.01	-31.72	191	2.38	2.14	4.94	1	squad	squad-1	3	bot-338			-	0	20	101	0	7	35
14214	bot-353	bravo	P00r-4410	tick	86.98	21.63	35	2.11	2.07	8.10	1	squad	squad-4	5	bot-305			-	0	30	120	0	20	101
14214	bot-355	bravo	P00r-4410	tick	87.94	19.01	352	1.90	1.97	22.13	3	squad	squad-4	6	bot-305			-	0	30	120	0	20	101
14214	bot-357	bravo	P00r-4410	tick	87.74	68.38	335	2.06	2.09		4	patrol	squad-35	0	bot-357			-	0	30	120	0	20	101
14214	bot-358	alpha	P00r-4320	tick	-53.72	60.40	317	2.37	2.38		6	patrolReentry	squad-15	0	bot-358			-	0	30	120	0	7	35
14214	bot-359	bravo	P00m-4420	tick	87.77	55.88	345	2.44	2.45	2.05	1	squad	squad-35	4	bot-357			-	0	20	101	0	7	35
14214	bot-361	bravo	P00r-4410	tick	87.63	44.82	5	2.40	2.43	23.51	3	squad	squad-35	5	bot-357			-	0	1	30	0	20	101
14214	bot-362	alpha	P00r-4320	tick	-39.23	51.72	303	2.14	2.25	13.83	2	squad	squad-15	2	bot-358			-	0	1	30	0	7	35
14214	bot-363	bravo	P00r-4410	tick	86.87	58.25	15	2.52	2.51	7.73	1	squad	squad-35	1	bot-357			-	0	1	4	0	30	120
14214	bot-364	alpha	P00r-4310	tick	-45.29	52.53	286	2.41	2.30	9.16	2	squad	squad-15	1	bot-358			-	0	1	4	0	30	120
14214	bot-365	bravo	P00r-4410	tick	87.54	61.60	18	2.30	2.45	1.90	1	squad	squad-35	2	bot-357			-	0	30	120	0	20	101
14214	bot-366	alpha	P00r-4410	tick	-83.93	76.61	358	2.43	2.46		4	patrol	squad-36	0	bot-366			-	0	30	120	0	7	35
14214	bot-367	bravo	P00m-4420	tick	87.77	52.45	359	2.37	2.25	0.78	1	squad	squad-35	6	bot-357			-	0	20	101	0	7	35
14214	bot-368	alpha	P00m-4420	tick	-77.12	59.44	42	2.35	2.40	12.12	4	squad	squad-36	6	bot-366			-	0	20	101	0	7	35
14214	bot-369	bravo	P00r-4410	tick	87.22	54.18	340	2.41	2.42	5.99	1	squad	squad-35	3	bot-357			-	0	30	120	0	20	101
14214	bot-370	alpha	P00r-4410	tick	-83.96	69.56	349	2.33	2.16	3.78	1	squad	squad-36	1	bot-366			-	0	30	120	0	7	35
14214	bot-371	alpha	P00r-4410	tick	-79.16	67.19	9	2.36	2.10	6.91	1	squad	squad-36	2	bot-366			-	0	30	120	0	20	101
14214	bot-372	alpha	P00r-4410	tick	-84.74	64.99	332	2.49	2.56	5.61	1	squad	squad-36	3	bot-366			-	0	30	120	0	7	35
14673	bot-375	alpha	P00r-4410	tick	-87.50	67.77	298	2.32	2.25	1.59	1	squad	squad-36	5	bot-366			-	0	30	120	0	20	101
14738	bot-374	alpha	P00r-4410	tick	-78.51	64.55	16	2.23	1.78	9.88	2	squad	squad-36	4	bot-366			-	0	30	120	0	7	35
14807	bot-373	alpha	P00m-4420	tick	-79.68	61.28	286	2.42	2.40	11.68	2	squad	squad-36	7	bot-366			-	0	20	101	0	7	35
15145	bot-262	bravo	S00m-0300	tick	-13.89	47.25	272	0.42	0.01	25.38	5	seek	squad-27	0	bot-262	bot-364	34.06	w	0	0	0	0	0	0
15229	bot-256	bravo	P00r-3320	tick	88.13	38.46	312	2.40	2.13	2.05	1	squad	squad-4	1	bot-305			-	0	22	100	0	7	35
15229	bot-281	alpha	P00m-4200	tick	-50.87	2.81	185	2.41	2.34	57.40	6	squad	squad-1	2	bot-338			-	0	20	69	0	7	35
15229	bot-305	bravo	P00r-4320	tick	88.25	43.70	346	2.40	2.26		7	patrol	squad-4	0	bot-305			-	0	1	1	0	30	120
15229	bot-317	bravo	P00r-2320	tick	88.87	35.06	335	2.52	2.45	4.17	2	squad	squad-4	2	bot-305			-	0	11	120	0	20	101
15229	bot-323	bravo	P00r-4320	tick	88.31	31.42	326	2.49	2.37	5.48	1	squad	squad-4	3	bot-305			-	0	1	3	0	30	120
15229	bot-325	bravo	P00r-2320	tick	88.02	25.59	334	2.44	2.19	8.63	2	squad	squad-4	4	bot-305			-	0	15	120	0	20	101
15229	bot-331	bravo	P00r-2410	tick	87.74	67.67	7	2.07	2.18		4	patrol	squad-2	0	bot-331			-	0	13	120	0	20	101
15229	bot-332	alpha	P00r-4410	tick	-81.71	-37.70	200	2.11	1.81	3.73	1	squad	squad-1	1	bot-338			-	0	30	120	0	7	35
15229	bot-335	bravo	P00m-3310	tick	87.81	49.91	4	2.41	2.52	4.82	1	squad	squad-2	5	bot-331			-	0	14	101	0	7	35
15229	bot-338	alpha	P00r-4310	tick	-84.24	-44.60	164	2.03	2.13		8	patrol	squad-1	0	bot-338			-	0	24	120	0	7	35
15229	bot-339	bravo	P00r-4410	tick	87.99	62.57	10	2.23	2.35	1.72	1	squad	squad-2	1	bot-331			-	0	23	120	0	20	101
15229	bot-341	bravo	P00r-4410	tick	88.88	47.11	336	2.51	2.48	6.18	1	squad	squad-2	6	bot-331			-	0	1	30	0	20	101
15229	bot-343	bravo	P00m-4420	tick	87.57	44.71	19	2.40	2.43	22.79	3	squad	squad-2	7	bot-331			-	0	20	101	0	7	35
15229	bot-345	bravo	P00r-4420	tick	88.02	59.79	359	2.24	2.49	2.77	1	squad	squad-2	2	bot-331			-	0	1	4	0	30	120
15229	bot-347	bravo	P00r-4410	tick	88.64	56.06	340	2.44	2.41	4.01	1	squad	squad-2	3	bot-331			-	0	30	120	0	20	101
15229	bot-349	bravo	P00r-4410	tick	87.82	52.30	338	2.33	2.27	5.09	1	squad	squad-2	4	bot-331			-	0	30	120	0	20	101
15229	bot-351	bravo	P00m-4430	tick	86.69	20.56	1	1.83	2.32	22.99	3	squad	squad-4	7	bot-305			-	0	20	101	0	7	35
15229	bot-352	alpha	P00m-4420	tick	-79.30	-34.15	152	2.38	2.45	5.54	1	squad	squad-1	3	bot-338			-	0	20	101	0	7	35
15229	bot-353	bravo	P00r-4410	tick	87.68	23.67	353	2.40	2.15	8.27	1	squad	squad-4	5	bot-305			-	0	30	120	0	20	101
15229	bot-355	bravo	P00r-4410	tick	88.14	20.98	26	2.26	1.98	22.14	3	squad	squad-4	6	bot-305			-	0	30	120	0	20	101
15229	bot-357	bravo	P00r-4410	tick	87.75	70.56	7	2.04	2.18		4	patrol	squad-35	0	bot-357			-	0	30	120	0	20	101
15229	bot-358	alpha	P00r-4320	tick	-55.26	62.02	341	2.07	2.23		6	patrolReentry	squad-15	0	bot-358			-	0	30	120	0	7	35
15229	bot-359	bravo	P00m-4420	tick	87.73	58.40	344	2.48	2.53	1.64	1	squad	squad-35	4	bot-357			-	0	20	101	0	7	35
15229	bot-361	bravo	P00r-4410	tick	87.38	47.23	318	2.46	2.42	23.16	3	squad	squad-35	5	bot-357			-	0	1	30	0	20	101
15229	bot-362	alpha	P00r-4320	tick	-41.29	52.88	293	2.44	2.37	13.49	3	squad	squad-15	2	bot-358			-	0	1	30	0	7	35
15229	bot-363	bravo	P00r-4410	tick	86.80	60.70	356	2.44	2.46	7.35	1	squad	squad-35	1	bot-357			-	0	1	4	0	30	120
15229	bot-364	alpha	P00r-4310	tick	-47.45	53.80	287	2.36	2.50	8.64	1	squad	squad-15	1	bot-358			-	0	1	4	0	30	120
15229	bot-365	bravo	P00r-4410	tick	87.59	63.93	7	2.42	2.33	1.58	1	squad	squad-35	2	bot-357			-	0	30	120	0	20	101
15229	bot-366	alpha	P00r-4410	tick	-84.66	78.98	324	2.32	2.48		3	patrol	squad-36	0	bot-366			-	0	30	120	0	7	35
15229	bot-367	bravo	P00m-4420	tick	87.75	54.88	24	2.41	2.43	0.45	1	squad	squad-35	6	bot-357			-	0	20	101	0	7	35
15229	bot-368	alpha	P00m-4420	tick	-75.58	61.09	56	2.27	2.26	6.27	2	squad	squad-36	6	bot-366			-	0	20	101	0	7	35
15229	bot-369	bravo	P00r-4410	tick	87.23	56.65	13	2.55	2.47	6.61	1	squad	squad-35	3	bot-357			-	0	30	120	0	20	101
15229	bot-370	alpha	P00r-4410	tick	-84.69	71.91	12	2.57	2.46	4.74	1	squad	squad-36	1	bot-366			-	0	30	120	0	7	35
15229	bot-371	alpha	P00r-4410	tick	-79.76	69.50	335	2.47	2.38	7.63	1	squad	squad-36	2	bot-366			-	0	30	120	0	20	101
15229	bot-372	alpha	P00r-4410	tick	-85.58	67.01	315	1.97	2.20	5.45	1	squad	squad-36	3	bot-366			-	0	30	120	0	7	35
15713	bot-375	alpha	P00r-4410	tick	-86.92	68.03	75	2.62	0.64	5.63	1	squad	squad-36	5	bot-366			-	0	30	120	0	20	101
15747	bot-374	alpha	P00r-4410	tick	-79.33	66.36	335	2.31	1.99	4.91	1	squad	squad-36	4	bot-366			-	0	30	120	0	7	35
15818	bot-373	alpha	P00m-4420	tick	-79.89	62.74	37	2.40	1.48	0.35	1	squad	squad-36	7	bot-366			-	0	20	101	0	7	35
16172	bot-262	bravo	S00m-0300	tick	-13.92	47.26	264	0.85	0.03	25.35	5	seek	squad-27	0	bot-262	bot-364	36.22	w	0	0	0	0	0	0
16241	bot-256	bravo	P00r-3320	tick	88.17	40.81	349	2.40	2.35	2.56	1	squad	squad-4	1	bot-305			-	0	22	100	0	7	35
16241	bot-281	alpha	P00m-4200	tick	-52.29	0.80	224	2.40	2.46	56.63	6	squad	squad-1	2	bot-338			-	0	20	69	0	7	35
16241	bot-305	bravo	P00r-4320	tick	88.50	46.07	354	2.41	2.39		7	patrol	squad-4	0	bot-305			-	0	1	1	0	30	120
16241	bot-317	bravo	P00r-2320	tick	88.38	37.46	357	2.40	2.45	3.28	1	squad	squad-4	2	bot-305			-	0	11	120	0	20	101
16241	bot-323	bravo	P00r-4320	tick	88.02	33.97	358	2.55	2.56	4.37	1	squad	squad-4	3	bot-305			-	0	1	3	0	30	120
16241	bot-325	bravo	P00r-2320	tick	87.65	28.07	345	2.49	2.50	7.63	1	squad	squad-4	4	bot-305			-	0	15	120	0	20	101
16241	bot-331	bravo	P00r-2410	tick	87.75	69.85	335	2.17	2.17		4	patrol	squad-2	0	bot-331			-	0	13	120	0	20	101
16241	bot-332	alpha	P00r-4410	tick	-81.74	-40.04	167	2.33	2.34	3.44	1	squad	squad-1	1	bot-338			-	0	30	120	0	7	35
16241	bot-335	bravo	P00m-3310	tick	87.83	52.16	20	2.34	2.25	4.60	1	squad	squad-2	5	bot-331			-	0	14	101	0	7	35
16241	bot-338	alpha	P00r-4310	tick	-84.23	-46.65	197	2.14	2.05		7	patrol	squad-1	0	bot-338			-	0	24	120	0	7	35
16241	bot-339	bravo	P00r-4410	tick	87.89	64.97	341	2.43	2.41	2.33	1	squad	squad-2	1	bot-331			-	0	23	120	0	20	101
16241	bot-341	bravo	P00r-4410	tick	88.52	49.55	341	2.47	2.47	5.80	1	squad	squad-2	6	bot-331			-	0	1	30	0	20	101
16241	bot-343	bravo	P00m-4420	tick	87.40	47.12	354	2.42	2.41	22.41	3	squad	squad-2	7	bot-331			-	0	20	101	0	7	35
16241	bot-345	bravo	P00r-4420	tick	87.99	62.11	26	2.33	2.32	2.48	1	squad	squad-2	2	bot-331			-	0	1	4	0	30	120
16241	bot-347	bravo	P00r-4410	tick	88.29	58.51	5	2.48	2.48	3.57	1	squad	squad-2	3	bot-331			-	0	30	120	0	20	101
16241	bot-349	bravo	P00r-4410	tick	87.84	54.71	355	2.40	2.41	4.73	1	squad	squad-2	4	bot-331			-	0	30	120	0	20	101
16241	bot-351	bravo	P00m-4430	tick	86.88	22.58	348	2.30	2.04	23.19	3	squad	squad-4	7	bot-305			-	0	20	101	0	7	35
16241	bot-352	alpha	P00m-4420	tick	-79.28	-36.28	184	1.95	2.13	5.44	1	squad	squad-1	3	bot-338			-	0	20	101	0	7	35
16241	bot-353	bravo	P00r-4410	tick	87.43	26.05	2	2.39	2.40	8.29	1	squad	squad-4	5	bot-305			-	0	30	120	0	20	101
16241	bot-355	bravo	P00r-4410	tick	88.22	23.34	3	2.38	2.36	21.85	3	squad	squad-4	6	bot-305			-	0	30	120	0	20	101
16241	bot-357	bravo	P00r-4410	tick	87.74	72.45	18	1.54	1.89		4	patrol	squad-35	0	bot-357			-	0	30	120	0	20	101
16241	bot-358	alpha	P00r-4320	tick	-56.72	63.57	309	2.30	2.14		6	patrolReentry	squad-15	0	bot-358			-	0	30	120	0	7	35
16241	bot-359	bravo	P00m-4420	tick	87.61	60.86	21	2.41	2.46	1.25	1	squad	squad-35	4	bot-357			-	0	20	101	0	7	35
16241	bot-361	bravo	P00r-4410	tick	87.01	49.64	354	2.42	2.44	22.77	3	squad	squad-35	5	bot-357			-	0	1	30	0	20	101
16241	bot-362	alpha	P00r-4320	tick	-43.02	54.65	317	2.49	2.47	13.09	2	squad	squad-15	2	bot-358			-	0	1	30	0	7	35
16241	bot-363	bravo	P00r-4410	tick	86.81	63.12	340	2.30	2.42	6.94	1	squad	squad-35	1	bot-357			-	0	1	4	0	30	120
16241	bot-364	alpha	P00r-4310	tick	-49.43	55.11	322	2.48	2.38	8.28	1	squad	squad-15	1	bot-358			-	0	1	4	0	30	120
16241	bot-365	bravo	P00r-4410	tick	87.66	66.32	334	2.22	2.40	1.28	1	squad	squad-35	2	bot-357			-	0	30	120	0	20	101
16241	bot-366	alpha	P00r-4410	tick	-85.19	80.87	336	1.93	1.96		3	patrol	squad-36	0	bot-366			-	0	30	120	0	7	35
16241	bot-367	bravo	P00m-4420	tick	87.77	56.69	355	0.00	1.81		0		squad-35	6	bot-357			-	0	20	101	0	7	35
16241	bot-368	alpha	P00m-4420	tick	-77.91	61.21	262	2.40	2.34	5.65	2	squad	squad-36	6	bot-366			-	0	20	101	0	7	35
16241	bot-369	bravo	P00r-4410	tick	86.91	59.09	2	2.55	2.47	5.27	1	squad	squad-35	3	bot-357			-	0	30	120	0	20	101
16241	bot-370	alpha	P00r-4410	tick	-84.41	74.33	347	2.27	2.44	3.31	1	squad	squad-36	1	bot-366			-	0	30	120	0	7	35
16241	bot-371	alpha	P00r-4410	tick	-81.07	71.65	311	2.50	2.52	4.84	1	squad	squad-36	2	bot-366			-	0	30	120	0	20	101
16241	bot-372	alpha	P00r-4410	tick	-84.53	68.97	40	2.37	2.22	4.56	1	squad	squad-36	3	bot-366			-	0	30	120	0	7	35
16720	bot-375	alpha	P00r-4410	tick	-84.55	68.35	50	2.58	2.39	3.42	1	squad	squad-36	5	bot-366			-	0	30	120	0	20	101
16762	bot-374	alpha	P00r-4410	tick	-80.59	68.44	318	2.46	2.44	4.50	1	squad	squad-36	4	bot-366			-	0	30	120	0	7	35
16840	bot-373	alpha	P00m-4420	tick	-80.17	64.62	358	2.22	1.90	1.25	1	squad	squad-36	7	bot-366			-	0	20	101	0	7	35
17079	bot-262	bravo	P00m-0300	state	-14.96	47.21	272	2.38	1.05	24.31	4	seek	squad-27	0	bot-262	bot-364	37.23	w	0	0	0	0	0	0
17257	bot-256	bravo	P00r-3320	tick	88.55	43.16	14	2.40	2.39	2.14	1	squad	squad-4	1	bot-305			-	0	22	100	0	7	35
17257	bot-281	alpha	P00m-4200	tick	-53.69	-1.06	237	2.24	2.34	55.99	6	squad	squad-1	2	bot-338			-	0	20	69	0	7	35
17257	bot-305	bravo	P00r-4320	tick	88.17	48.52	11	2.46	2.47		7	patrol	squad-4	0	bot-305			-	0	1	1	0	30	120
17257	bot-317	bravo	P00r-2320	tick	88.75	39.83	35	2.40	2.41	3.06	1	squad	squad-4	2	bot-305			-	0	11	120	0	20	101
17257	bot-323	bravo	P00r-4320	tick	88.63	36.33	36	2.42	2.43	5.12	1	squad	squad-4	3	bot-305			-	0	1	3	0	30	120
17257	bot-325	bravo	P00r-2320	tick	88.22	30.42	27	2.43	2.42	8.65	2	squad	squad-4	4	bot-305			-	0	15	120	0	20	101
17257	bot-331	bravo	P00r-2410	tick	87.74	71.76	0	1.61	1.92		4	patrol	squad-2	0	bot-331			-	0	13	120	0	20	101
17257	bot-332	alpha	P00r-4410	tick	-81.80	-42.45	168	2.57	2.41	3.10	1	squad	squad-1	1	bot-338			-	0	30	120	0	7	35
17257	bot-335	bravo	P00m-3310	tick	87.82	54.54	348	2.39	2.38	4.38	1	squad	squad-2	5	bot-331			-	0	14	101	0	7	35
17257	bot-338	alpha	P00r-4310	tick	-84.20	-48.94	189	2.42	2.28		7	patrol	squad-1	0	bot-338			-	0	24	120	0	7	35
17257	bot-339	bravo	P00r-4410	tick	87.91	67.21	10	2.06	2.24	1.16	1	squad	squad-2	1	bot-331			-	0	23	120	0	20	101
17257	bot-341	bravo	P00r-4410	tick	88.36	51.76	13	2.21	2.22	4.64	1	squad	squad-2	6	bot-331			-	0	1	30	0	20	101
17257	bot-343	bravo	P00m-4420	tick	87.02	49.53	324	2.42	2.44	22.10	3	squad	squad-2	7	bot-331			-	0	20	101	0	7	35
17257	bot-345	bravo	P00r-4420	tick	87.96	64.43	354	2.58	2.32	2.24	1	squad	squad-2	2	bot-331			-	0	1	4	0	30	120
17257	bot-347	bravo	P00r-4410	tick	88.06	60.80	6	2.35	2.31	3.36	1	squad	squad-2	3	bot-331			-	0	30	120	0	20	101
17257	bot-349	bravo	P00r-4410	tick	87.86	57.17	29	2.46	2.46	4.34	1	squad	squad-2	4	bot-331			-	0	30	120	0	20	101
17257	bot-351	bravo	P00m-4430	tick	87.05	25.00	12	2.52	2.42	23.13	4	squad	squad-4	7	bot-305			-	0	20	101	0	7	35
17257	bot-352	alpha	P00m-4420	tick	-79.22	-38.20	201	2.10	1.92	5.66	1	squad	squad-1	3	bot-338			-	0	20	101	0	7	35
17257	bot-353	bravo	P00r-4410	tick	88.12	28.39	9	2.44	2.44	7.82	1	squad	squad-4	5	bot-305			-	0	30	120	0	20	101
17257	bot-355	bravo	P00r-4410	tick	88.50	25.47	333	2.33	2.14	22.75	3	squad	squad-4	6	bot-305			-	0	30	120	0	20	101
17257	bot-357	bravo	P00r-4410	tick	87.74	74.31	347	1.94	1.86		4	patrol	squad-35	0	bot-357			-	0	30	120	0	20	101
17257	bot-358	alpha	P00r-4320	tick	-58.34	65.30	299	2.44	2.37		6	patrolReentry	squad-15	0	bot-358			-	0	30	120	0	7	35
17257	bot-359	bravo	P00m-4420	tick	87.61	63.15	6	2.24	2.29	1.01	1	squad	squad-35	4	bot-357			-	0	20	101	0	7	35
17257	bot-361	bravo	P00r-4410	tick	86.86	51.74	20	2.34	2.10	21.74	3	squad	squad-35	5	bot-357			-	0	1	30	0	20	101
17257	bot-362	alpha	P00r-4320	tick	-44.77	56.60	345	2.40	2.62	12.55	2	squad	squad-15	2	bot-358			-	0	1	30	0	7	35
17257	bot-363	bravo	P00r-4410	tick	86.81	65.42	13	2.39	2.30	5.72	1	squad	squad-35	1	bot-357			-	0	1	4	0	30	120
17257	bot-364	alpha	P00r-4310	tick	-51.44	56.53	314	2.43	2.46	7.91	1	squad	squad-15	1	bot-358			-	0	1	4	0	30	120
17257	bot-365	bravo	P00r-4410	tick	87.68	67.81	352	0.00	1.49		0		squad-35	2	bot-357			-	0	30	120	0	20	101
17257	bot-366	alpha	P00r-4410	tick	-85.82	82.89	8	2.34	2.12		3	patrol	squad-36	0	bot-366			-	0	30	120	0	7	35
17257	bot-367	bravo	P00m-4420	tick	87.79	58.13	331	0.00	1.44		0		squad-35	6	bot-357			-	0	20	101	0	7	35
17257	bot-368	alpha	P00m-4420	tick	-79.13	62.95	327	2.41	2.13	6.56	1	squad	squad-36	6	bot-366			-	0	20	101	0	7	35
17257	bot-369	bravo	P00r-4410	tick	86.70	61.49	333	2.44	2.41	4.99	1	squad	squad-35	3	bot-357			-	0	30	120	0	20	101
17257	bot-370	alpha	P00r-4410	tick	-84.51	76.66	346	2.41	2.34	2.99	1	squad	squad-36	1	bot-366			-	0	30	120	0	7	35
17257	bot-371	alpha	P00r-4410	tick	-82.24	73.71	350	2.26	2.37	4.54	1	squad	squad-36	2	bot-366			-	0	30	120	0	20	101
17257	bot-372	alpha	P00r-4410	tick	-83.91	71.35	25	2.47	2.46	3.86	1	squad	squad-36	3	bot-366			-	0	30	120	0	7	35
17645	bot-376	alpha	P00r-0410	initial	21.75	-81.75	0	0.00			0			-1				-	0			0		
17667	bot-376	alpha	P00r-4410	ammo	21.75	-81.75	0	0.00	0.00		0		squad-37	0	bot-376			-	0	1	30	0	7	35
17732	bot-375	alpha	P00r-4410	tick	-82.93	70.17	38	2.47	2.44	2.30	1	squad	squad-36	5	bot-366			-	0	30	120	0	20	101
17782	bot-374	alpha	P00r-4410	tick	-81.55	70.80	344	2.44	2.54	4.09	1	squad	squad-36	4	bot-366			-	0	30	120	0	7	35
17848	bot-373	alpha	P00m-4420	tick	-80.64	66.70	326	2.28	2.14	1.18	1	squad	squad-36	7	bot-366			-	0	20	101	0	7	35
18086	bot-262	bravo	P00m-0300	tick	-14.63	46.97	134	1.15	0.41	24.65	20	patrol	squad-27	0	bot-262			-	0	0	0	0	0	0
18264	bot-256	bravo	P00r-3320	tick	88.57	45.61	20	2.46	2.44	2.48	1	squad	squad-4	1	bot-305			-	0	22	100	0	7	35
18264	bot-281	alpha	P00m-4200	tick	-54.80	-2.47	207	1.79	1.79	56.86	7	squad	squad-1	2	bot-338			-	0	20	69	0	7	35
18264	bot-305	bravo	P00r-4320	tick	87.93	50.83	349	2.14	2.32		6	patrol	squad-4	0	bot-305			-	0	1	1	0	30	120
18264	bot-317	bravo	P00r-2320	tick	88.69	42.22	347	2.40	2.39	3.74	1	squad	squad-4	2	bot-305			-	0	11	120	0	20	101
18264	bot-323	bravo	P00r-4320	tick	88.75	38.70	3	2.40	2.38	4.83	1	squad	squad-4	3	bot-305			-	0	1	3	0	30	120
18264	bot-325	bravo	P00r-2320	tick	88.43	32.89	26	2.45	2.48	10.38	2	squad	squad-4	4	bot-305			-	0	15	120	0	20	101
18264	bot-331	bravo	P00r-2410	tick	87.74	73.64	25	1.93	1.87		4	patrol	squad-2	0	bot-331			-	0	13	120	0	20	101
18264	bot-332	alpha	P00r-4410	tick	-81.79	-44.92	200	2.42	2.47	3.67	1	squad	squad-1	1	bot-338			-	0	30	120	0	7	35
18264	bot-335	bravo	P00m-3310	tick	87.81	57.01	345	2.46	2.47	3.96	1	squad	squad-2	5	bot-331			-	0	14	101	0	7	35
18264	bot-338	alpha	P00r-4310	tick	-84.21	-51.39	157	2.42	2.45		7	patrol	squad-1	0	bot-338			-	0	24	120	0	7	35
18264	bot-339	bravo	P00r-4410	tick	88.24	69.33	17	2.23	2.15	1.15	1	squad	squad-2	1	bot-331			-	0	23	120	0	20	101
18264	bot-341	bravo	P00r-4410	tick	88.22	54.04	358	2.31	2.28	4.37	1	squad	squad-2	6	bot-331			-	0	1	30	0	20	101
18264	bot-343	bravo	P00m-4420	tick	86.66	51.68	6	2.40	2.18	5.21	1	squad	squad-2	7	bot-331			-	0	20	101	0	7	35
18264	bot-345	bravo	P00r-4420	tick	87.85	66.77	339	2.10	2.35	1.95	1	squad	squad-2	2	bot-331			-	0	1	4	0	30	120
18264	bot-347	bravo	P00r-4410	tick	87.87	63.15	337	2.30	2.36	3.08	1	squad	squad-2	3	bot-331			-	0	30	120	0	20	101
18264	bot-349	bravo	P00r-4410	tick	88.29	59.53	350	2.28	2.40	4.04	1	squad	squad-2	4	bot-331			-	0	30	120	0	20	101
18264	bot-351	bravo	P00m-4430	tick	87.11	27.47	19	2.51	2.47	22.99	3	squad	squad-4	7	bot-305			-	0	20	101	0	7	35
18264	bot-352	alpha	P00m-4420	tick	-79.23	-40.46	169	2.29	2.26	5.44	1	squad	squad-1	3	bot-338			-	0	20	101	0	7	35
18264	bot-353	bravo	P00r-4410	tick	88.92	30.66	55	2.41	2.41	10.90	2	squad	squad-4	5	bot-305			-	0	30	120	0	20	101
18264	bot-355	bravo	P00r-4410	tick	88.54	27.98	5	2.49	2.51	22.28	3	squad	squad-4	6	bot-305			-	0	30	120	0	20	101
18264	bot-357	bravo	P00r-4410	tick	87.97	76.45	356	2.42	2.15		3	patrol	squad-35	0	bot-357			-	0	30	120	0	20	101
18264	bot-358	alpha	P00r-4320	tick	-59.71	67.23	345	2.21	2.37		5	patrolReentry	squad-15	0	bot-358			-	0	30	120	0	7	35
18264	bot-359	bravo	P00m-4420	tick	86.92	65.35	321	2.32	2.30	0.86	1	squad	squad-35	4	bot-357			-	0	20	101	0	7	35
18264	bot-361	bravo	P00r-4410	tick	86.71	54.13	350	2.43	2.40	21.42	3	squad	squad-35	5	bot-357			-	0	1	30	0	20	101
18264	bot-362	alpha	P00r-4320	tick	-45.97	57.92	313	1.83	1.78	12.75	2	squad	squad-15	2	bot-358			-	0	1	30	0	7	35
18264	bot-363	bravo	P00r-4410	tick	86.63	67.66	3	2.05	2.25	5.56	1	squad	squad-35	1	bot-357			-	0	1	4	0	30	120
18264	bot-364	alpha	P00r-4310	tick	-53.39	57.98	285	2.39	2.43	9.06	1	squad	squad-15	1	bot-358			-	0	1	4	0	30	120
18264	bot-365	bravo	P00r-4410	tick	87.12	69.93	12	2.20	2.20	1.56	1	squad	squad-35	2	bot-357			-	0	30	120	0	20	101
18264	bot-366	alpha	P00r-4410	tick	-86.57	85.19	341	2.39	2.42		3	patrol	squad-36	0	bot-366			-	0	30	120	0	7	35
18264	bot-367	bravo	P00m-4420	tick	86.72	59.91	355	2.29	2.07	1.44	1	squad	squad-35	6	bot-357			-	0	20	101	0	7	35
18264	bot-368	alpha	P00m-4420	tick	-79.93	65.14	357	2.22	2.33	6.29	1	squad	squad-36	6	bot-366			-	0	20	101	0	7	35
18264	bot-369	bravo	P00r-4410	tick	86.53	63.88	359	2.34	2.39	4.52	1	squad	squad-35	3	bot-357			-	0	30	120	0	20	101
18264	bot-370	alpha	P00r-4410	tick	-84.90	79.01	10	2.13	2.38	3.69	1	squad	squad-36	1	bot-366			-	0	30	120	0	7	35
18264	bot-371	alpha	P00r-4410	tick	-83.18	75.92	346	2.44	2.40	4.22	1	squad	squad-36	2	bot-366			-	0	30	120	0	20	101
18264	bot-372	alpha	P00r-4410	tick	-83.86	73.73	339	2.12	2.38	4.38	1	squad	squad-36	3	bot-366			-	0	30	120	0	7	35
18667	bot-376	alpha	P00r-4410	tick	23.66	-82.79	101	2.26	2.17		10	patrol	squad-37	0	bot-376			-	0	1	30	0	7	35
18753	bot-375	alpha	P00r-4410	tick	-82.91	72.44	44	1.97	2.27	5.11	1	squad	squad-36	5	bot-366			-	0	30	120	0	20	101
18785	bot-374	alpha	P00r-4410	tick	-81.54	73.07	51	2.07	2.27	5.08	1	squad	squad-36	4	bot-366			-	0	30	120	0	7	35
18872	bot-373	alpha	P00m-4420	tick	-80.64	68.73	52	1.87	2.02	5.47	1	squad	squad-36	7	bot-366			-	0	20	101	0	7	35
19093	bot-262	bravo	P00m-0300	tick	-14.60	46.96	166	1.28	0.04	24.69	20	patrol	squad-27	0	bot-262			-	0	0	0	0	0	0
19283	bot-256	bravo	P00r-3320	tick	88.13	48.02	332	2.43	2.45	1.92	1	squad	squad-4	1	bot-305			-	0	22	100	0	7	35
19283	bot-281	alpha	P00m-4200	tick	-56.14	-4.06	208	2.30	2.08	56.58	7	squad	squad-1	2	bot-338			-	0	20	69	0	7	35
19283	bot-305	bravo	P00r-4320	tick	87.89	53.16	343	2.38	2.33		6	patrol	squad-4	0	bot-305			-	0	1	1	0	30	120
19283	bot-317	bravo	P00r-2320	tick	88.45	44.65	338	2.40	2.44	3.37	1	squad	squad-4	2	bot-305			-	0	11	120	0	20	101
19283	bot-323	bravo	P00r-4320	tick	88.60	41.12	338	2.40	2.43	3.91	1	squad	squad-4	3	bot-305			-	0	1	3	0	30	120
19283	bot-325	bravo	P00r-2320	tick	88.48	35.43	335	2.46	2.54	7.36	1	squad	squad-4	4	bot-305			-	0	15	120	0	20	101
19283	bot-331	bravo	P00r-2410	tick	87.88	75.64	360	2.24	2.01		3	patrol	squad-2	0	bot-331			-	0	13	120	0	20	101
19283	bot-332	alpha	P00r-4410	tick	-81.78	-47.28	184	2.26	2.36	3.42	1	squad	squad-1	1	bot-338			-	0	30	120	0	7	35
19283	bot-335	bravo	P00m-3310	tick	87.50	59.47	358	2.40	2.49	3.70	1	squad	squad-2	5	bot-331			-	0	14	101	0	7	35
19283	bot-338	alpha	P00r-4310	tick	-84.24	-53.83	180	2.35	2.44		7	patrol	squad-1	0	bot-338			-	0	24	120	0	7	35
19283	bot-339	bravo	P00r-4410	tick	87.92	71.35	337	2.00	2.05	1.14	1	squad	squad-2	1	bot-331			-	0	23	120	0	20	101
19283	bot-341	bravo	P00r-4410	tick	87.79	56.42	312	2.50	2.42	4.29	1	squad	squad-2	6	bot-331			-	0	1	30	0	20	101
19283	bot-343	bravo	P00m-4420	tick	86.45	54.10	16	2.49	2.43	4.77	1	squad	squad-2	7	bot-331			-	0	20	101	0	7	35
19283	bot-345	bravo	P00r-4420	tick	87.62	68.86	5	2.11	2.10	1.92	1	squad	squad-2	2	bot-331			-	0	1	4	0	30	120
19283	bot-347	bravo	P00r-4410	tick	87.70	65.60	348	2.40	2.46	2.59	1	squad	squad-2	3	bot-331			-	0	30	120	0	20	101
19283	bot-349	bravo	P00r-4410	tick	87.86	61.88	320	2.42	2.39	3.80	1	squad	squad-2	4	bot-331			-	0	30	120	0	20	101
19283	bot-351	bravo	P00m-4430	tick	87.27	29.97	346	2.43	2.50	22.67	3	squad	squad-4	7	bot-305			-	0	20	101	0	7	35
19283	bot-352	alpha	P00m-4420	tick	-79.25	-42.89	167	2.41	2.43	6.07	1	squad	squad-1	3	bot-338			-	0	20	101	0	7	35
19283	bot-353	bravo	P00r-4410	tick	88.90	33.16	354	2.49	2.49	7.01	1	squad	squad-4	5	bot-305			-	0	30	120	0	20	101
19283	bot-355	bravo	P00r-4410	tick	88.72	30.42	18	2.59	2.45	21.92	3	squad	squad-4	6	bot-305			-	0	30	120	0	20	101
19283	bot-357	bravo	P00r-4410	tick	88.26	78.82	29	2.30	2.39		3	patrol	squad-35	0	bot-357			-	0	30	120	0	20	101
19283	bot-358	alpha	P00r-4320	tick	-60.70	68.96	339	2.04	1.99		5	patrolReentry	squad-15	0	bot-358			-	0	30	120	0	7	35
19283	bot-359	bravo	P00m-4420	tick	86.78	67.61	6	2.00	2.26	0.90	1	squad	squad-35	4	bot-357			-	0	20	101	0	7	35
19283	bot-361	bravo	P00r-4410	tick	86.28	56.54	327	2.41	2.45	22.17	3	squad	squad-35	5	bot-357			-	0	1	30	0	20	101
19283	bot-362	alpha	P00r-4320	tick	-47.29	59.38	298	2.07	1.97	12.66	2	squad	squad-15	2	bot-358			-	0	1	30	0	7	35
19283	bot-363	bravo	P00r-4410	tick	86.49	69.85	331	2.23	2.19	6.55	1	squad	squad-35	1	bot-357			-	0	1	4	0	30	120
19283	bot-364	alpha	P00r-4310	tick	-55.09	59.48	313	2.21	2.27	8.73	1	squad	squad-15	1	bot-358			-	0	1	4	0	30	120
19283	bot-365	bravo	P00r-4410	tick	86.90	71.99	355	1.95	2.06	1.70	1	squad	squad-35	2	bot-357			-	0	30	120	0	20	101
19283	bot-366	alpha	P00r-4410	tick	-87.78	86.90	299	1.91	2.09		2	patrol	squad-36	0	bot-366			-	0	30	120	0	7	35
19283	bot-367	bravo	P00m-4420	tick	86.37	62.34	5	2.43	2.45	1.18	1	squad	squad-35	6	bot-357			-	0	20	101	0	7	35
19283	bot-368	alpha	P00m-4420	tick	-79.79	67.17	16	2.26	2.04	7.81	2	squad	squad-36	6	bot-366			-	0	20	101	0	7	35
19283	bot-369	bravo	P00r-4410	tick	86.35	66.23	21	2.42	2.36	5.34	1	squad	squad-35	3	bot-357			-	0	30	120	0	20	101
19283	bot-370	alpha	P00r-4410	tick	-85.12	81.01	353	1.99	2.01	3.64	1	squad	squad-36	1	bot-366			-	0	30	120	0	7	35
19283	bot-371	alpha	P00r-4410	tick	-83.80	78.30	325	2.42	2.46	4.86	1	squad	squad-36	2	bot-366			-	0	30	120	0	20	101
19283	bot-372	alpha	P00r-4410	tick	-83.68	76.02	357	2.40	2.29	4.87	1	squad	squad-36	3	bot-366			-	0	30	120	0	7	35
19675	bot-376	alpha	P00r-4410	tick	25.75	-83.93	113	2.44	2.39		10	patrol	squad-37	0	bot-376			-	0	1	30	0	7	35
19781	bot-375	alpha	P00r-4410	tick	-82.16	74.33	339	2.23	2.03	3.88	1	squad	squad-36	5	bot-366			-	0	30	120	0	20	101
19802	bot-374	alpha	P00r-4410	tick	-81.16	75.28	359	2.26	2.24	4.61	1	squad	squad-36	4	bot-366			-	0	30	120	0	7	35
19891	bot-373	alpha	P00m-4420	tick	-79.49	70.51	45	2.41	2.12	3.91	1	squad	squad-36	7	bot-366			-	0	20	101	0	7	35
20112	bot-262	bravo	P00m-0300	tick	-14.62	46.97	95	1.48	0.02	24.67	15	patrol	squad-27	0	bot-262			-	0	0	0	0	0	0
20286	bot-256	bravo	P00r-3320	tick	87.90	50.46	348	2.07	2.45	2.56	1	squad	squad-4	1	bot-305			-	0	22	100	0	7	35
20286	bot-281	alpha	P00m-4200	tick	-57.71	-5.86	241	2.40	2.39	56.07	7	squad	squad-1	2	bot-338			-	0	20	69	0	7	35
20286	bot-305	bravo	P00r-4320	tick	87.85	55.58	15	2.43	2.42		6	patrol	squad-4	0	bot-305			-	0	1	1	0	30	120
20286	bot-317	bravo	P00r-2320	tick	88.36	47.09	11	2.48	2.44	3.01	1	squad	squad-4	2	bot-305			-	0	11	120	0	20	101
20286	bot-323	bravo	P00r-4320	tick	88.46	43.53	13	2.40	2.41	4.55	1	squad	squad-4	3	bot-305			-	0	1	3	0	30	120
20286	bot-325	bravo	P00r-2320	tick	88.41	37.86	357	2.40	2.43	7.05	1	squad	squad-4	4	bot-305			-	0	15	120	0	20	101
20286	bot-331	bravo	P00r-2410	tick	88.16	78.01	349	2.30	2.39		3	patrol	squad-2	0	bot-331			-	0	13	120	0	20	101
20286	bot-332	alpha	P00r-4410	tick	-81.76	-49.70	152	2.61	2.42	3.12	1	squad	squad-1	1	bot-338			-	0	30	120	0	7	35
20286	bot-335	bravo	P00m-3310	tick	87.04	61.84	2	2.48	2.41	3.42	1	squad	squad-2	5	bot-331			-	0	14	101	0	7	35
20286	bot-338	alpha	P00r-4310	tick	-84.23	-56.22	207	2.50	2.39		6	patrol	squad-1	0	bot-338			-	0	24	120	0	7	35
20286	bot-339	bravo	P00r-4410	tick	88.14	73.15	346	1.85	1.81	2.40	1	squad	squad-2	1	bot-331			-	0	23	120	0	20	101
20286	bot-341	bravo	P00r-4410	tick	87.22	58.82	350	2.43	2.47	4.69	1	squad	squad-2	6	bot-331			-	0	1	30	0	20	101
20286	bot-343	bravo	P00m-4420	tick	86.19	56.52	354	2.45	2.43	4.67	1	squad	squad-2	7	bot-331			-	0	20	101	0	7	35
20286	bot-345	bravo	P00r-4420	tick	87.71	70.95	20	2.01	2.09	1.85	1	squad	squad-2	2	bot-331			-	0	1	4	0	30	120
20286	bot-347	bravo	P00r-4410	tick	87.41	67.70	24	2.06	2.12	2.45	1	squad	squad-2	3	bot-331			-	0	30	120	0	20	101
20286	bot-349	bravo	P00r-4410	tick	87.58	64.19	17	2.43	2.33	3.44	1	squad	squad-2	4	bot-331			-	0	30	120	0	20	101
20286	bot-351	bravo	P00m-4430	tick	87.40	32.47	356	2.50	2.51	22.52	4	squad	squad-4	7	bot-305			-	0	20	101	0	7	35
20286	bot-352	alpha	P00m-4420	tick	-79.29	-45.33	198	2.43	2.44	5.69	1	squad	squad-1	3	bot-338			-	0	20	101	0	7	35
20286	bot-353	bravo	P00r-4410	tick	88.70	35.68	332	2.54	2.53	7.55	1	squad	squad-4	5	bot-305			-	0	30	120	0	20	101
20286	bot-355	bravo	P00r-4410	tick	88.86	32.91	358	2.47	2.49	22.53	3	squad	squad-4	6	bot-305			-	0	30	120	0	20	101
20286	bot-357	bravo	P00r-4410	tick	88.54	81.11	11	2.28	2.31		3	patrol	squad-35	0	bot-357			-	0	30	120	0	20	101
20286	bot-358	alpha	P00r-4320	tick	-61.86	70.95	307	2.41	2.30		5	patrolReentry	squad-15	0	bot-358			-	0	30	120	0	7	35
20286	bot-359	bravo	P00m-4420	tick	87.05	69.71	24	2.20	2.12	1.03	1	squad	squad-35	4	bot-357			-	0	20	101	0	7	35
20286	bot-361	bravo	P00r-4410	tick	85.72	58.89	5	2.37	2.42	21.94	4	squad	squad-35	5	bot-357			-	0	1	30	0	20	101
20286	bot-362	alpha	P00r-4320	tick	-48.92	61.04	332	2.44	2.32	12.30	3	squad	squad-15	2	bot-358			-	0	1	30	0	7	35
20286	bot-363	bravo	P00r-4410	tick	86.48	71.82	5	1.87	1.98	6.68	1	squad	squad-35	1	bot-357			-	0	1	4	0	30	120
20286	bot-364	alpha	P00r-4310	tick	-56.60	61.00	343	2.11	2.14	8.56	1	squad	squad-15	1	bot-358			-	0	1	4	0	30	120
20286	bot-365	bravo	P00r-4410	tick	86.99	73.95	347	1.97	1.97	1.85	1	squad	squad-35	2	bot-357			-	0	30	120	0	20	101
20286	bot-366	alpha	P00r-4410	tick	-89.06	88.56	331	2.33	2.10		2	patrol	squad-36	0	bot-366			-	0	30	120	0	7	35
20286	bot-367	bravo	P00m-4420	tick	86.17	64.64	345	2.38	2.31	1.19	1	squad	squad-35	6	bot-357			-	0	20	101	0	7	35
20286	bot-368	alpha	P00m-4420	tick	-79.71	69.45	335	2.42	2.28	7.09	1	squad	squad-36	6	bot-366			-	0	20	101	0	7	35
20286	bot-369	bravo	P00r-4410	tick	86.10	68.44	356	2.14	2.23	5.29	1	squad	squad-35	3	bot-357			-	0	30	120	0	20	101
20286	bot-370	alpha	P00r-4410	tick	-85.84	83.03	309	2.36	2.14	3.45	1	squad	squad-36	1	bot-366			-	0	30	120	0	7	35
20286	bot-371	alpha	P00r-4410	tick	-84.37	80.60	334	1.95	2.37	4.41	1	squad	squad-36	2	bot-366			-	0	30	120	0	20	101
20286	bot-372	alpha	P00r-4410	tick	-83.73	78.43	16	2.41	2.41	4.07	1	squad	squad-36	3	bot-366			-	0	30	120	0	7	35
20690	bot-376	alpha	P00r-4410	tick	27.96	-85.17	146	2.67	2.53		10	patrol	squad-37	0	bot-376			-	0	1	30	0	7	35
20801	bot-375	alpha	P00r-4410	tick	-82.42	76.69	345	2.42	2.38	3.03	1	squad	squad-36	5	bot-366			-	0	30	120	0	20	101
20822	bot-374	alpha	P00r-4410	tick	-81.33	77.46	326	2.39	2.18	4.53	1	squad	squad-36	4	bot-366			-	0	30	120	0	7	35
20892	bot-373	alpha	P00m-4420	tick	-79.14	72.74	346	2.35	2.26	2.89	1	squad	squad-36	7	bot-366			-	0	20	101	0	7	35
21121	bot-262	bravo	P00m-0300	tick	-14.56	46.96	63	1.71	0.06	24.72	15	patrol	squad-27	0	bot-262			-	0	0	0	0	0	0
21305	bot-256	bravo	P00r-3320	tick	87.83	52.74	21	2.36	2.28	2.39	1	squad	squad-4	1	bot-305			-	0	22	100	0	7	35
21305	bot-281	alpha	P00m-4200	tick	-59.34	-7.67	228	2.40	2.44	56.41	7	squad	squad-1	2	bot-338			-	0	20	69	0	7	35
21305	bot-305	bravo	P00r-4320	tick	87.79	58.12	5	2.48	2.54		6	patrol	squad-4	0	bot-305			-	0	1	1	0	30	120
21305	bot-317	bravo	P00r-2320	tick	88.32	49.63	10	2.44	2.53	2.62	1	squad	squad-4	2	bot-305			-	0	11	120	0	20	101
21305	bot-323	bravo	P00r-4320	tick	88.38	45.98	7	2.41	2.45	4.15	1	squad	squad-4	3	bot-305			-	0	1	3	0	30	120
21305	bot-325	bravo	P00r-2320	tick	88.37	40.30	26	2.40	2.44	7.91	2	squad	squad-4	4	bot-305			-	0	15	120	0	20	101
21305	bot-331	bravo	P00r-2410	tick	88.44	80.32	22	2.32	2.33		3	patrol	squad-2	0	bot-331			-	0	13	120	0	20	101
21305	bot-332	alpha	P00r-4410	tick	-81.76	-52.26	182	2.28	2.56	3.59	1	squad	squad-1	1	bot-338			-	0	30	120	0	7	35
21305	bot-335	bravo	P00m-3310	tick	86.91	64.25	331	2.39	2.41	3.24	1	squad	squad-2	5	bot-331			-	0	14	101	0	7	35
21305	bot-338	alpha	P00r-4310	tick	-84.24	-58.73	175	2.47	2.51		6	patrol	squad-1	0	bot-338			-	0	24	120	0	7	35
21305	bot-339	bravo	P00r-4410	tick	88.34	75.05	15	1.90	1.91	2.55	1	squad	squad-2	1	bot-331			-	0	23	120	0	20	101
21305	bot-341	bravo	P00r-4410	tick	87.43	61.27	34	2.41	2.46	4.33	1	squad	squad-2	6	bot-331			-	0	1	30	0	20	101
21305	bot-343	bravo	P00m-4420	tick	86.23	59.02	343	2.42	2.50	4.40	1	squad	squad-2	7	bot-331			-	0	20	101	0	7	35
21305	bot-345	bravo	P00r-4420	tick	87.92	72.83	334	1.81	1.89	2.02	1	squad	squad-2	2	bot-331			-	0	1	4	0	30	120
21305	bot-347	bravo	P00r-4410	tick	87.43	69.88	12	2.07	2.18	2.32	1	squad	squad-2	3	bot-331			-	0	30	120	0	20	101
21305	bot-349	bravo	P00r-4410	tick	87.72	66.54	28	2.03	2.36	4.12	1	squad	squad-2	4	bot-331			-	0	30	120	0	20	101
21305	bot-351	bravo	P00m-4430	tick	87.56	35.00	26	2.43	2.54	22.40	3	squad	squad-4	7	bot-305			-	0	20	101	0	7	35
21305	bot-352	alpha	P00m-4420	tick	-79.31	-47.80	186	2.53	2.47	5.26	1	squad	squad-1	3	bot-338			-	0	20	101	0	7	35
21305	bot-353	bravo	P00r-4410	tick	88.57	38.14	5	2.40	2.47	7.18	1	squad	squad-4	5	bot-305			-	0	30	120	0	20	101
21305	bot-355	bravo	P00r-4410	tick	89.01	35.46	348	2.48	2.56	22.09	3	squad	squad-4	6	bot-305			-	0	30	120	0	20	101
21305	bot-357	bravo	P00r-4410	tick	88.95	83.40	345	2.40	2.32		2	patrol	squad-35	0	bot-357			-	0	30	120	0	20	101
21305	bot-358	alpha	P00r-4320	tick	-63.15	73.09	312	2.44	2.51		4	patrolReentry	squad-15	0	bot-358			-	0	30	120	0	7	35
21305	bot-359	bravo	P00m-4420	tick	86.86	71.76	341	1.96	2.05	1.44	1	squad	squad-35	4	bot-357			-	0	20	101	0	7	35
21305	bot-361	bravo	P00r-4410	tick	86.02	61.27	9	2.45	2.40	21.65	3	squad	squad-35	5	bot-357			-	0	1	30	0	20	101
21305	bot-362	alpha	P00r-4320	tick	-50.63	62.85	322	2.45	2.49	12.69	2	squad	squad-15	2	bot-358			-	0	1	30	0	7	35
21305	bot-363	bravo	P00r-4410	tick	86.71	73.74	32	1.86	1.93	6.76	1	squad	squad-35	1	bot-357			-	0	1	4	0	30	120
21305	bot-364	alpha	P00r-4310	tick	-57.99	62.66	314	2.29	2.16	8.41	1	squad	squad-15	1	bot-358			-	0	1	4	0	30	120
21305	bot-365	bravo	P00r-4410	tick	87.18	76.03	21	2.40	2.09	2.73	1	squad	squad-35	2	bot-357			-	0	30	120	0	20	101
21305	bot-366	alpha	P00r-4410	tick	-90.62	90.55	336	2.66	2.53		1	patrol	squad-36	0	bot-366			-	0	30	120	0	7	35
21305	bot-367	bravo	P00m-4420	tick	86.30	67.09	1	2.30	2.45	2.41	1	squad	squad-35	6	bot-357			-	0	20	101	0	7	35
21305	bot-368	alpha	P00m-4420	tick	-80.08	71.96	346	2.46	2.54	7.01	1	squad	squad-36	6	bot-366			-	0	20	101	0	7	35
21305	bot-369	bravo	P00r-4410	tick	86.12	70.64	346	2.26	2.20	4.90	1	squad	squad-35	3	bot-357			-	0	30	120	0	20	101
21305	bot-370	alpha	P00r-4410	tick	-87.04	85.14	332	2.22	2.43	3.06	1	squad	squad-36	1	bot-366			-	0	30	120	0	7	35
21305	bot-371	alpha	P00r-4410	tick	-85.18	82.25	359	2.08	1.84	4.55	1	squad	squad-36	2	bot-366			-	0	30	120	0	20	101
21305	bot-372	alpha	P00r-4410	tick	-84.35	80.73	340	1.91	2.38	3.56	1	squad	squad-36	3	bot-366			-	0	30	120	0	7	35
21699	bot-376	alpha	P00r-4410	tick	30.15	-86.08	91	1.97	2.37		9	patrol	squad-37	0	bot-376			-	0	1	30	0	7	35
21817	bot-375	alpha	P00r-4410	tick	-83.09	78.52	22	0.00	1.95		0		squad-36	5	bot-366			-	0	30	120	0	20	101
21843	bot-374	alpha	P00r-4410	tick	-82.15	79.85	337	2.48	2.53	4.51	1	squad	squad-36	4	bot-366			-	0	30	120	0	7	35
21895	bot-373	alpha	P00m-4420	tick	-79.38	74.99	346	0.01	2.26		0		squad-36	7	bot-366			-	0	20	101	0	7	35
22142	bot-262	bravo	P00m-0300	tick	-13.34	47.05	96	2.14	1.22	25.94	15	patrol	squad-27	0	bot-262			-	0	0	0	0	0	0
22309	bot-256	bravo	P00r-3320	tick	87.80	55.15	1	2.41	2.41	2.03	1	squad	squad-4	1	bot-305			-	0	22	100	0	7	35
22309	bot-281	alpha	P00m-4200	tick	-60.98	-9.44	196	1.99	2.41	55.99	7	squad	squad-1	2	bot-338			-	0	20	69	0	7	35
22309	bot-305	bravo	P00r-4320	tick	87.77	60.56	336	2.39	2.45		5	patrol	squad-4	0	bot-305			-	0	1	1	0	30	120
22309	bot-317	bravo	P00r-2320	tick	88.16	51.85	333	2.24	2.23	3.64	1	squad	squad-4	2	bot-305			-	0	11	120	0	20	101
22309	bot-323	bravo	P00r-4320	tick	88.26	48.46	331	2.46	2.49	4.63	1	squad	squad-4	3	bot-305			-	0	1	3	0	30	120
22309	bot-325	bravo	P00r-2320	tick	88.24	42.70	351	2.40	2.41	7.65	1	squad	squad-4	4	bot-305			-	0	15	120	0	20	101
22309	bot-331	bravo	P00r-2410	tick	88.75	82.58	25	2.28	2.28		2	patrol	squad-2	0	bot-331			-	0	13	120	0	20	101
22309	bot-332	alpha	P00r-4410	tick	-81.74	-54.16	203	1.88	1.90	3.81	1	squad	squad-1	1	bot-338			-	0	30	120	0	7	35
22309	bot-335	bravo	P00m-3310	tick	86.97	66.60	5	2.25	2.36	3.10	1	squad	squad-2	5	bot-331			-	0	14	101	0	7	35
22309	bot-338	alpha	P00r-4310	tick	-84.25	-61.20	160	2.36	2.46		6	patrol	squad-1	0	bot-338			-	0	24	120	0	7	35
22309	bot-339	bravo	P00r-4410	tick	88.45	77.38	30	2.24	2.33	2.29	1	squad	squad-2	1	bot-331			-	0	23	120	0	20	101
22309	bot-341	bravo	P00r-4410	tick	87.59	63.51	359	2.34	2.25	4.12	1	squad	squad-2	6	bot-331			-	0	1	30	0	20	101
22309	bot-343	bravo	P00m-4420	tick	86.31	61.47	20	2.47	2.45	4.19	1	squad	squad-2	7	bot-331			-	0	20	101	0	7	35
22309	bot-345	bravo	P00r-4420	tick	88.07	74.66	3	1.93	1.84	3.19	1	squad	squad-2	2	bot-331			-	0	1	4	0	30	120
22309	bot-347	bravo	P00r-4410	tick	87.59	71.87	332	1.96	1.99	3.66	1	squad	squad-2	3	bot-331			-	0	30	120	0	20	101
22309	bot-349	bravo	P00r-4410	tick	87.53	68.61	339	2.08	2.08	4.02	1	squad	squad-2	4	bot-331			-	0	30	120	0	20	101
22309	bot-351	bravo	P00m-4430	tick	87.61	37.42	2	2.40	2.42	22.40	3	squad	squad-4	7	bot-305			-	0	20	101	0	7	35
22309	bot-352	alpha	P00m-4420	tick	-79.32	-50.31	154	2.48	2.51	5.83	1	squad	squad-1	3	bot-338			-	0	20	101	0	7	35
22309	bot-353	bravo	P00r-4410	tick	88.41	40.55	13	2.40	2.41	7.69	1	squad	squad-4	5	bot-305			-	0	30	120	0	20	101
22309	bot-355	bravo	P00r-4410	tick	89.07	37.91	23	2.40	2.45	21.76	3	squad	squad-4	6	bot-305			-	0	30	120	0	20	101
22309	bot-357	bravo	P00r-4410	tick	89.55	85.86	17	2.52	2.53		2	patrol	squad-35	0	bot-357			-	0	30	120	0	20	101
22309	bot-358	alpha	P00r-4320	tick	-64.85	74.85	343	2.40	2.44		4	patrolReentry	squad-15	0	bot-358			-	0	30	120	0	7	35
22309	bot-359	bravo	P00m-4420	tick	87.02	73.69	351	1.97	1.94	1.75	1	squad	squad-35	4	bot-357			-	0	20	101	0	7	35
22309	bot-361	bravo	P00r-4410	tick	86.11	63.72	336	2.36	2.45	22.28	3	squad	squad-35	5	bot-357			-	0	1	30	0	20	101
22309	bot-362	alpha	P00r-4320	tick	-52.39	64.25	293	1.73	2.25	13.89	3	squad	squad-15	2	bot-358			-	0	1	30	0	7	35
22309	bot-363	bravo	P00r-4410	tick	86.92	75.67	6	2.19	1.93	8.00	1	squad	squad-35	1	bot-357			-	0	1	4	0	30	120
22309	bot-364	alpha	P00r-4310	tick	-59.47	64.55	304	2.41	2.40	7.89	1	squad	squad-15	1	bot-358			-	0	1	4	0	30	120
22309	bot-365	bravo	P00r-4410	tick	87.33	78.38	15	2.20	2.35	2.59	1	squad	squad-35	2	bot-357			-	0	30	120	0	20	101
22309	bot-366	alpha	P00r-4410	tick	-90.29	89.72	138	2.10	0.89		26	patrol	squad-36	0	bot-366			-	0	30	120	0	7	35
22309	bot-367	bravo	P00m-4420	tick	86.11	69.19	31	2.15	2.11	2.56	1	squad	squad-35	6	bot-357			-	0	20	101	0	7	35
22309	bot-368	alpha	P00m-4420	tick	-80.32	73.24	9	0.00	1.30		0		squad-36	6	bot-366			-	0	20	101	0	7	35
22309	bot-369	bravo	P00r-4410	tick	86.21	72.57	14	2.03	1.92	6.13	1	squad	squad-35	3	bot-357			-	0	30	120	0	20	101
22309	bot-370	alpha	P00r-4410	tick	-88.11	86.84	347	1.95	2.01	6.30	1	squad	squad-36	1	bot-366			-	0	30	120	0	7	35
22309	bot-371	alpha	P00r-4410	tick	-86.53	84.14	309	2.42	2.32	12.42	2	squad	squad-36	2	bot-366			-	0	30	120	0	20	101
22309	bot-372	alpha	P00r-4410	tick	-84.54	81.43	330	0.30	0.73		0		squad-36	3	bot-366			-	0	30	120	0	7	35
22644	bot-377	alpha	P00m-0420	initial	32.25	-91.25	0	0.00			0			-1				-	0			0		
22673	bot-377	alpha	P00m-4420	ammo	32.25	-91.25	0	0.00	0.00		0		squad-37	1	bot-376			-	0	20	101	0	7	35
22709	bot-376	alpha	P00r-4410	tick	32.17	-86.14	66	2.31	2.02		9	patrol	squad-37	0	bot-376			-	0	1	30	0	7	35
22826	bot-375	alpha	P00r-4410	tick	-83.09	78.52	22	0.00	0.00		0		squad-36	5	bot-366			-	0	30	120	0	20	101
22851	bot-374	alpha	P00r-4410	tick	-82.32	80.09	340	0.24	0.30		0		squad-36	4	bot-366			-	0	30	120	0	7	35
22905	bot-373	alpha	P00m-4420	tick	-79.42	75.02	346	0.08	0.05		0		squad-36	7	bot-366			-	0	20	101	0	7	35
23143	bot-262	bravo	P00m-0300	tick	-11.03	46.95	115	2.38	2.32	28.25	15	patrol	squad-27	0	bot-262			-	0	0	0	0	0	0
23335	bot-256	bravo	P00r-3320	tick	87.79	57.67	332	2.47	2.52	2.58	1	squad	squad-4	1	bot-305			-	0	22	100	0	7	35
23335	bot-281	alpha	P00m-4200	tick	-62.57	-11.14	225	2.26	2.33	55.72	7	squad	squad-1	2	bot-338			-	0	20	69	0	7	35
23335	bot-305	bravo	P00r-4320	tick	87.75	62.88	359	2.10	2.32		5	patrol	squad-4	0	bot-305			-	0	1	1	0	30	120
23335	bot-317	bravo	P00r-2320	tick	88.05	54.19	351	2.33	2.34	3.38	1	squad	squad-4	2	bot-305			-	0	11	120	0	20	101
23335	bot-323	bravo	P00r-4320	tick	88.15	50.89	353	2.01	2.44	4.28	1	squad	squad-4	3	bot-305			-	0	1	3	0	30	120
23335	bot-325	bravo	P00r-2320	tick	88.02	45.15	331	2.40	2.46	8.43	2	squad	squad-4	4	bot-305			-	0	15	120	0	20	101
23335	bot-331	bravo	P00r-2410	tick	89.35	85.07	352	2.80	2.56		2	patrol	squad-2	0	bot-331			-	0	13	120	0	20	101
23335	bot-332	alpha	P00r-4410	tick	-81.69	-56.18	165	2.28	2.03	4.03	1	squad	squad-1	1	bot-338			-	0	30	120	0	7	35
23335	bot-335	bravo	P00m-3310	tick	86.63	68.65	18	2.05	2.08	3.56	1	squad	squad-2	5	bot-331			-	0	14	101	0	7	35
23335	bot-338	alpha	P00r-4310	tick	-84.30	-62.68	205	0.98	1.48		5	patrol	squad-1	0	bot-338			-	0	24	120	0	7	35
23335	bot-339	bravo	P00r-4410	tick	88.87	79.69	0	2.32	2.35	2.10	1	squad	squad-2	1	bot-331			-	0	23	120	0	20	101
23335	bot-341	bravo	P00r-4410	tick	87.58	65.97	350	2.35	2.45	5.32	1	squad	squad-2	6	bot-331			-	0	1	30	0	20	101
23335	bot-343	bravo	P00m-4420	tick	86.33	61.85	309	2.48	0.39	23.05	3	squad	squad-2	7	bot-331			-	0	20	101	0	7	35
23335	bot-345	bravo	P00r-4420	tick	88.11	76.95	31	2.44	2.29	2.97	1	squad	squad-2	2	bot-331			-	0	1	4	0	30	120
23335	bot-347	bravo	P00r-4410	tick	87.45	73.66	14	1.32	1.80	3.92	1	squad	squad-2	3	bot-331			-	0	30	120	0	20	101
23335	bot-349	bravo	P00r-4410	tick	87.45	70.71	346	2.03	2.11	4.22	1	squad	squad-2	4	bot-331			-	0	30	120	0	20	101
23335	bot-351	bravo	P00m-4430	tick	87.65	39.88	336	2.40	2.46	22.28	3	squad	squad-4	7	bot-305			-	0	20	101	0	7	35
23335	bot-352	alpha	P00m-4420	tick	-79.26	-52.98	175	2.36	2.67	5.76	1	squad	squad-1	3	bot-338			-	0	20	101	0	7	35
23335	bot-353	bravo	P00r-4410	tick	88.22	43.00	342	2.40	2.46	7.82	1	squad	squad-4	5	bot-305			-	0	30	120	0	20	101
23335	bot-355	bravo	P00r-4410	tick	89.16	40.38	4	2.40	2.47	22.48	3	squad	squad-4	6	bot-305			-	0	30	120	0	20	101
23335	bot-357	bravo	P00r-4410	tick	90.21	88.47	35	2.56	2.70		2	patrol	squad-35	0	bot-357			-	0	30	120	0	20	101
23335	bot-358	alpha	P00r-4320	tick	-66.55	76.84	310	2.77	2.62		4	patrolReentry	squad-15	0	bot-358			-	0	30	120	0	7	35
23335	bot-359	bravo	P00m-4420	tick	87.34	75.49	28	2.00	1.83	2.46	1	squad	squad-35	4	bot-357			-	0	20	101	0	7	35
23335	bot-361	bravo	P00r-4410	tick	86.14	66.11	345	2.20	2.39	22.11	3	squad	squad-35	5	bot-357			-	0	1	30	0	20	101
23335	bot-362	alpha	P00r-4320	tick	-53.93	65.63	316	2.38	2.07	13.96	2	squad	squad-15	2	bot-358			-	0	1	30	0	7	35
23335	bot-363	bravo	P00r-4410	tick	87.08	78.06	344	2.26	2.40	7.86	1	squad	squad-35	1	bot-357			-	0	1	4	0	30	120
23335	bot-364	alpha	P00r-4310	tick	-60.84	66.37	337	1.81	2.27	8.89	2	squad	squad-15	1	bot-358			-	0	1	4	0	30	120
23335	bot-365	bravo	P00r-4410	tick	87.65	80.55	346	2.21	2.19	2.73	1	squad	squad-35	2	bot-357			-	0	30	120	0	20	101
23335	bot-366	alpha	P00r-4410	tick	-89.51	87.59	149	2.43	2.27		26	patrol	squad-36	0	bot-366			-	0	30	120	0	7	35
23335	bot-367	bravo	P00m-4420	tick	86.05	71.32	351	1.84	2.13	3.04	1	squad	squad-35	6	bot-357			-	0	20	101	0	7	35
23335	bot-368	alpha	P00m-4420	tick	-80.32	73.24	9	0.00	0.00		0		squad-36	6	bot-366			-	0	20	101	0	7	35
23335	bot-369	bravo	P00r-4410	tick	86.18	74.50	32	1.46	1.94	6.38	1	squad	squad-35	3	bot-357			-	0	30	120	0	20	101
23335	bot-370	alpha	P00r-4410	tick	-88.70	88.73	349	2.08	1.98	2.00	1	squad	squad-36	1	bot-366			-	0	30	120	0	7	35
23335	bot-371	alpha	P00r-4410	tick	-87.61	86.08	314	1.81	2.22	7.10	1	squad	squad-36	2	bot-366			-	0	30	120	0	20	101
23335	bot-372	alpha	P00r-4410	tick	-85.37	82.50	331	2.03	1.36	14.26	2	squad	squad-36	3	bot-366			-	0	30	120	0	7	35
23673	bot-377	alpha	P00m-4420	tick	31.48	-89.00	32	2.15	2.38	2.78	1	squad	squad-37	1	bot-376			-	0	20	101	0	7	35
23720	bot-376	alpha	P00r-4410	tick	34.56	-86.27	97	2.38	2.39		9	patrol	squad-37	0	bot-376			-	0	1	30	0	7	35
23833	bot-375	alpha	P00r-4410	tick	-83.09	78.52	22	0.00	0.00		0		squad-36	5	bot-366			-	0	30	120	0	20	101
23854	bot-374	alpha	P00r-4410	tick	-82.55	80.28	317	2.52	0.30	18.33	2	squad	squad-36	4	bot-366			-	0	30	120	0	7	35
23926	bot-373	alpha	P00m-4420	tick	-79.66	75.14	346	0.34	0.27		0		squad-36	7	bot-366			-	0	20	101	0	7	35
24144	bot-262	bravo	P00m-0300	tick	-8.75	46.84	83	2.15	2.28	30.53	15	patrol	squad-27	0	bot-262			-	0	0	0	0	0	0
24352	bot-256	bravo	P00r-3320	tick	87.77	60.19	5	2.43	2.52	2.11	1	squad	squad-4	1	bot-305			-	0	22	100	0	7	35
24352	bot-281	alpha	P00m-4200	tick	-64.15	-12.86	247	2.27	2.34	54.51	7	squad	squad-1	2	bot-338			-	0	20	69	0	7	35
24352	bot-305	bravo	P00r-4320	tick	87.71	65.32	27	2.41	2.44		5	patrol	squad-4	0	bot-305			-	0	1	1	0	30	120
24352	bot-317	bravo	P00r-2320	tick	87.94	56.67	25	2.56	2.48	3.07	1	squad	squad-4	2	bot-305			-	0	11	120	0	20	101
24352	bot-323	bravo	P00r-4320	tick	88.12	53.14	21	2.28	2.25	4.21	1	squad	squad-4	3	bot-305			-	0	1	3	0	30	120
24352	bot-325	bravo	P00r-2320	tick	87.95	47.63	12	2.57	2.48	7.94	2	squad	squad-4	4	bot-305			-	0	15	120	0	20	101
24352	bot-331	bravo	P00r-2410	tick	90.02	87.76	11	2.49	2.77		2	patrol	squad-2	0	bot-331			-	0	13	120	0	20	101
24352	bot-332	alpha	P00r-4410	tick	-81.62	-58.67	167	2.64	2.49	3.60	1	squad	squad-1	1	bot-338			-	0	30	120	0	7	35
24352	bot-335	bravo	P00m-3310	tick	86.62	70.76	358	1.99	2.11	5.32	1	squad	squad-2	5	bot-331			-	0	14	101	0	7	35
24352	bot-338	alpha	P00r-4310	tick	-84.56	-64.29	208	1.69	1.63		5	patrol	squad-1	0	bot-338			-	0	24	120	0	7	35
24352	bot-339	bravo	P00r-4410	tick	89.21	81.91	351	2.24	2.25	3.04	1	squad	squad-2	1	bot-331			-	0	23	120	0	20	101
24352	bot-341	bravo	P00r-4410	tick	87.52	67.97	9	1.99	2.01	5.52	1	squad	squad-2	6	bot-331			-	0	1	30	0	20	101
24352	bot-343	bravo	P00m-4420	tick	86.44	64.29	337	1.99	2.43	23.36	3	squad	squad-2	7	bot-331			-	0	20	101	0	7	35
24352	bot-345	bravo	P00r-4420	tick	88.34	79.27	3	2.35	2.34	3.70	1	squad	squad-2	2	bot-331			-	0	1	4	0	30	120
24352	bot-347	bravo	P00r-4410	tick	87.54	75.44	22	1.95	1.78	5.33	1	squad	squad-2	3	bot-331			-	0	30	120	0	20	101
24352	bot-349	bravo	P00r-4410	tick	87.45	72.54	23	1.65	1.82	4.85	1	squad	squad-2	4	bot-331			-	0	30	120	0	20	101
24352	bot-351	bravo	P00m-4430	tick	87.68	42.33	8	2.40	2.44	22.09	3	squad	squad-4	7	bot-305			-	0	20	101	0	7	35
24352	bot-352	alpha	P00m-4420	tick	-79.01	-54.61	202	1.46	1.65	6.16	1	squad	squad-1	3	bot-338			-	0	20	101	0	7	35
24352	bot-353	bravo	P00r-4410	tick	88.07	45.44	343	2.41	2.45	7.53	1	squad	squad-4	5	bot-305			-	0	30	120	0	20	101
24352	bot-355	bravo	P00r-4410	tick	89.20	42.83	332	2.40	2.44	22.17	3	squad	squad-4	6	bot-305			-	0	30	120	0	20	101
24352	bot-357	bravo	P00r-4410	tick	90.94	90.81	24	2.40	2.45		1	patrol	squad-35	0	bot-357			-	0	30	120	0	20	101
24352	bot-358	alpha	P00r-4320	tick	-68.33	78.74	290	2.50	2.61		4	patrolReentry	squad-15	0	bot-358			-	0	30	120	0	7	35
24352	bot-359	bravo	P00m-4420	tick	87.62	77.83	11	2.41	2.36	5.58	1	squad	squad-35	4	bot-357			-	0	20	101	0	7	35
24352	bot-361	bravo	P00r-4410	tick	86.08	68.39	26	2.01	2.27	22.01	3	squad	squad-35	5	bot-357			-	0	1	30	0	20	101
24352	bot-362	alpha	P00r-4320	tick	-55.63	67.57	350	2.52	2.58	14.52	2	squad	squad-15	2	bot-358			-	0	1	30	0	7	35
24352	bot-363	bravo	P00r-4410	tick	87.10	80.15	14	2.18	2.09	8.99	2	squad	squad-35	1	bot-357			-	0	1	4	0	30	120
24352	bot-364	alpha	P00r-4310	tick	-61.77	67.76	333	1.53	1.67	9.38	2	squad	squad-15	1	bot-358			-	0	1	4	0	30	120
24352	bot-365	bravo	P00r-4410	tick	88.01	82.83	7	2.37	2.31	2.83	1	squad	squad-35	2	bot-357			-	0	30	120	0	20	101
24352	bot-366	alpha	P00r-4410	tick	-88.23	85.39	183	2.73	2.54		25	patrol	squad-36	0	bot-366			-	0	30	120	0	7	35
24352	bot-367	bravo	P00m-4420	tick	86.03	73.08	347	1.95	1.76	6.77	2	squad	squad-35	6	bot-357			-	0	20	101	0	7	35
24352	bot-368	alpha	P00m-4420	tick	-80.32	73.24	9	0.00	0.00		0		squad-36	6	bot-366			-	0	20	101	0	7	35
24352	bot-369	bravo	P00r-4410	tick	86.39	76.54	344	2.42	2.05	8.10	2	squad	squad-35	3	bot-357			-	0	30	120	0	20	101
24352	bot-370	alpha	P00r-4410	tick	-89.44	88.86	256	0.00	0.75		0		squad-36	1	bot-366			-	0	30	120	0	7	35
24352	bot-371	alpha	P00r-4410	tick	-88.11	87.90	352	1.96	1.88	3.10	1	squad	squad-36	2	bot-366			-	0	30	120	0	20	101
24352	bot-372	alpha	P00r-4410	tick	-86.59	84.56	353	2.45	2.39	8.85	2	squad	squad-36	3	bot-366			-	0	30	120	0	7	35
24688	bot-377	alpha	P00m-4420	tick	32.09	-87.11	13	2.07	1.98	3.49	1	squad	squad-37	1	bot-376			-	0	20	101	0	7	35
24742	bot-376	alpha	P00r-4410	tick	37.02	-86.27	106	2.44	2.45		9	patrol	squad-37	0	bot-376			-	0	1	30	0	7	35
24855	bot-374	alpha	P00r-4410	tick	-83.89	81.76	315	1.21	1.99	13.91	2	squad	squad-36	4	bot-366			-	0	30	120	0	7	35
24855	bot-375	alpha	P00r-4410	tick	-83.09	78.52	22	0.00	0.00		0		squad-36	5	bot-366			-	0	30	120	0	20	101
24940	bot-373	alpha	P00m-4420	tick	-79.92	75.09	346	0.33	0.27		0		squad-36	7	bot-366			-	0	20	101	0	7	35
25146	bot-262	bravo	P00m-0300	tick	-6.86	46.78	69	1.56	1.89	32.42	14	patrol	squad-27	0	bot-262			-	0	0	0	0	0	0
25361	bot-256	bravo	P00r-3320	tick	87.74	62.55	20	2.06	2.36	1.78	1	squad	squad-4	1	bot-305			-	0	22	100	0	7	35
25361	bot-281	alpha	P00m-4200	tick	-65.75	-14.58	215	2.31	2.35	55.49	7	squad	squad-1	2	bot-338			-	0	20	69	0	7	35
25361	bot-305	bravo	P00r-4320	tick	87.75	67.47	356	1.96	2.15		4	patrol	squad-4	0	bot-305			-	0	1	1	0	30	120
25361	bot-317	bravo	P00r-2320	tick	87.89	59.24	354	2.51	2.58	2.56	1	squad	squad-4	2	bot-305			-	0	11	120	0	20	101
25361	bot-323	bravo	P00r-4320	tick	88.01	55.51	340	2.40	2.37	5.27	1	squad	squad-4	3	bot-305			-	0	1	3	0	30	120
25361	bot-325	bravo	P00r-2320	tick	87.96	50.19	10	2.31	2.55	7.39	1	squad	squad-4	4	bot-305			-	0	15	120	0	20	101
25361	bot-331	bravo	P00r-2410	tick	90.62	90.20	42	2.44	2.51		2	patrol	squad-2	0	bot-331			-	0	13	120	0	20	101
25361	bot-332	alpha	P00r-4410	tick	-81.69	-61.29	198	2.71	2.62	3.21	1	squad	squad-1	1	bot-338			-	0	30	120	0	7	35
25361	bot-335	bravo	P00m-3310	tick	86.83	72.62	9	1.95	1.87	5.94	1	squad	squad-2	5	bot-331			-	0	14	101	0	7	35
25361	bot-338	alpha	P00r-4310	tick	-85.25	-66.72	189	2.57	2.52		4	patrol	squad-1	0	bot-338			-	0	24	120	0	7	35
25361	bot-339	bravo	P00r-4410	tick	89.74	84.20	42	2.63	2.35	2.73	1	squad	squad-2	1	bot-331			-	0	23	120	0	20	101
25361	bot-341	bravo	P00r-4410	tick	87.57	70.06	4	1.99	2.09	5.52	1	squad	squad-2	6	bot-331			-	0	1	30	0	20	101
25361	bot-343	bravo	P00m-4420	tick	86.48	66.68	355	2.45	2.40	23.52	3	squad	squad-2	7	bot-331			-	0	20	101	0	7	35
25361	bot-345	bravo	P00r-4420	tick	88.78	81.51	346	2.25	2.28	3.52	1	squad	squad-2	2	bot-331			-	0	1	4	0	30	120
25361	bot-347	bravo	P00r-4410	tick	87.97	77.70	4	2.21	2.30	5.12	1	squad	squad-2	3	bot-331			-	0	30	120	0	20	101
25361	bot-349	bravo	P00r-4410	tick	87.59	74.24	6	1.70	1.71	6.51	1	squad	squad-2	4	bot-331			-	0	30	120	0	20	101
25361	bot-351	bravo	P00m-4430	tick	87.70	44.75	18	2.40	2.42	22.01	3	squad	squad-4	7	bot-305			-	0	20	101	0	7	35
25361	bot-352	alpha	P00m-4420	tick	-78.92	-56.19	171	1.88	1.59	6.63	1	squad	squad-1	3	bot-338			-	0	20	101	0	7	35
25361	bot-353	bravo	P00r-4410	tick	87.92	47.92	20	2.48	2.48	7.02	1	squad	squad-4	5	bot-305			-	0	30	120	0	20	101
25361	bot-355	bravo	P00r-4410	tick	89.23	45.26	4	2.47	2.43	21.81	3	squad	squad-4	6	bot-305			-	0	30	120	0	20	101
25361	bot-357	bravo	P00r-4410	tick	89.04	91.08	258	2.39	1.92		24	patrol	squad-35	0	bot-357			-	0	30	120	0	20	101
25361	bot-358	alpha	P00r-4320	tick	-70.17	80.45	318	2.55	2.51		4	patrolReentry	squad-15	0	bot-358			-	0	30	120	0	7	35
25361	bot-359	bravo	P00m-4420	tick	87.04	78.77	327	0.16	1.10		0		squad-35	4	bot-357			-	0	20	101	0	7	35
25361	bot-361	bravo	P00r-4410	tick	86.06	69.47	14	0.21	1.08		0		squad-35	5	bot-357			-	0	1	30	0	20	101
25361	bot-362	alpha	P00r-4320	tick	-57.07	69.57	326	2.38	2.47	14.18	2	squad	squad-15	2	bot-358			-	0	1	30	0	7	35
25361	bot-363	bravo	P00r-4410	tick	87.53	82.35	34	2.39	2.24	9.69	2	squad	squad-35	1	bot-357			-	0	1	4	0	30	120
25361	bot-364	alpha	P00r-4310	tick	-62.76	69.35	300	2.10	1.88	9.60	2	squad	squad-15	1	bot-358			-	0	1	4	0	30	120
25361	bot-365	bravo	P00r-4410	tick	88.71	85.18	50	2.72	2.45	7.81	1	squad	squad-35	2	bot-357			-	0	30	120	0	20	101
25361	bot-366	alpha	P00r-4410	tick	-87.58	82.91	161	2.49	2.56		25	patrol	squad-36	0	bot-366			-	0	30	120	0	7	35
25361	bot-367	bravo	P00m-4420	tick	85.96	73.72	2	0.34	0.64		0		squad-35	6	bot-357			-	0	20	101	0	7	35
25361	bot-368	alpha	P00m-4420	tick	-80.32	73.24	9	0.00	0.00		0		squad-36	6	bot-366			-	0	20	101	0	7	35
25361	bot-369	bravo	P00r-4410	tick	86.28	77.04	339	0.24	0.51		0		squad-35	3	bot-357			-	0	30	120	0	20	101
25361	bot-370	alpha	P00r-4410	tick	-88.96	86.63	185	2.57	2.29	1.14	1	squad	squad-36	1	bot-366			-	0	30	120	0	7	35
25361	bot-371	alpha	P00r-4410	tick	-88.57	88.44	327	0.00	0.71		0		squad-36	2	bot-366			-	0	30	120	0	20	101
25361	bot-372	alpha	P00r-4410	tick	-87.28	86.60	308	1.83	2.15	4.75	1	squad	squad-36	3	bot-366			-	0	30	120	0	7	35
25696	bot-377	alpha	P00m-4420	tick	33.94	-86.26	71	2.37	2.04	2.23	1	squad	squad-37	1	bot-376			-	0	20	101	0	7	35
25750	bot-376	alpha	P00r-4410	tick	39.30	-86.41	83	2.42	2.29		8	patrol	squad-37	0	bot-376			-	0	1	30	0	7	35
25869	bot-374	alpha	P00r-4410	tick	-84.81	83.08	349	2.17	1.61	10.13	2	squad	squad-36	4	bot-366			-	0	30	120	0	7	35
25869	bot-375	alpha	P00r-4410	tick	-84.24	80.26	338	2.16	2.09	15.47	2	squad	squad-36	5	bot-366			-	0	30	120	0	20	101
25957	bot-373	alpha	P00m-4420	tick	-80.14	75.05	346	0.08	0.22		0		squad-36	7	bot-366			-	0	20	101	0	7	35
26161	bot-262	bravo	P00m-0300	tick	-4.79	46.95	102	2.33	2.08	34.49	14	patrol	squad-27	0	bot-262			-	0	0	0	0	0	0
26364	bot-256	bravo	P00r-3320	tick	87.61	64.88	354	2.42	2.34	1.22	1	squad	squad-4	1	bot-305			-	0	22	100	0	7	35
26364	bot-281	alpha	P00m-4200	tick	-67.20	-16.30	202	2.41	2.25	55.45	7	squad	squad-1	2	bot-338			-	0	20	69	0	7	35
26364	bot-305	bravo	P00r-4320	tick	87.80	69.55	340	2.12	2.08		4	patrol	squad-4	0	bot-305			-	0	1	1	0	30	120
26364	bot-317	bravo	P00r-2320	tick	87.61	61.59	340	2.33	2.36	2.10	1	squad	squad-4	2	bot-305			-	0	11	120	0	20	101
26364	bot-323	bravo	P00r-4320	tick	87.77	58.01	339	2.61	2.50	4.08	1	squad	squad-4	3	bot-305			-	0	1	3	0	30	120
26364	bot-325	bravo	P00r-2320	tick	88.13	52.35	339	2.41	2.17	7.34	1	squad	squad-4	4	bot-305			-	0	15	120	0	20	101
26364	bot-331	bravo	P00r-2410	tick	89.73	91.04	271	2.39	1.22		24	patrol	squad-2	0	bot-331			-	0	13	120	0	20	101
26364	bot-332	alpha	P00r-4410	tick	-81.93	-63.21	221	0.46	1.93	4.82	1	squad	squad-1	1	bot-338			-	0	30	120	0	7	35
26364	bot-335	bravo	P00m-3310	tick	87.11	73.29	25	0.66	0.72		0		squad-2	5	bot-331			-	0	14	101	0	7	35
26364	bot-338	alpha	P00r-4310	tick	-86.29	-69.05	206	2.55	2.55		4	patrol	squad-1	0	bot-338			-	0	24	120	0	7	35
26364	bot-339	bravo	P00r-4410	tick	90.71	86.67	52	3.07	2.66	4.65	1	squad	squad-2	1	bot-331			-	0	23	120	0	20	101
26364	bot-341	bravo	P00r-4410	tick	87.16	71.16	328	0.53	1.18		0		squad-2	6	bot-331			-	0	1	30	0	20	101
26364	bot-343	bravo	P00m-4420	tick	86.63	68.63	58	1.92	1.96	22.64	3	squad	squad-2	7	bot-331			-	0	20	101	0	7	35
26364	bot-345	bravo	P00r-4420	tick	89.57	83.50	43	2.54	2.14	8.99	1	squad	squad-2	2	bot-331			-	0	1	4	0	30	120
26364	bot-347	bravo	P00r-4410	tick	88.28	79.00	347	0.21	1.33		0		squad-2	3	bot-331			-	0	30	120	0	20	101
26364	bot-349	bravo	P00r-4410	tick	87.31	75.84	321	0.19	1.62		0		squad-2	4	bot-331			-	0	30	120	0	20	101
26364	bot-351	bravo	P00m-4430	tick	87.72	47.15	347	2.42	2.40	21.66	3	squad	squad-4	7	bot-305			-	0	20	101	0	7	35
26364	bot-352	alpha	P00m-4420	tick	-79.07	-58.37	164	2.46	2.19	8.31	2	squad	squad-1	3	bot-338			-	0	20	101	0	7	35
26364	bot-353	bravo	P00r-4410	tick	87.80	50.36	4	2.23	2.45	6.92	1	squad	squad-4	5	bot-305			-	0	30	120	0	20	101
26364	bot-355	bravo	P00r-4410	tick	89.26	47.82	9	2.53	2.56	6.73	1	squad	squad-4	6	bot-305			-	0	30	120	0	20	101
26364	bot-357	bravo	P00r-4410	tick	86.75	91.16	288	2.11	2.29		24	patrol	squad-35	0	bot-357			-	0	30	120	0	20	101
26364	bot-358	alpha	P00r-4320	tick	-72.08	81.99	317	2.09	2.46		3	patrolReentry	squad-15	0	bot-358			-	0	30	120	0	7	35
26364	bot-359	bravo	P00m-4420	tick	87.00	78.72	327	0.12	0.06		0		squad-35	4	bot-357			-	0	20	101	0	7	35
26364	bot-361	bravo	P00r-4410	tick	85.92	69.42	14	0.34	0.14		0		squad-35	5	bot-357			-	0	1	30	0	20	101
26364	bot-362	alpha	P00r-4320	tick	-58.26	71.34	295	2.06	2.13	15.34	2	squad	squad-15	2	bot-358			-	0	1	30	0	7	35
26364	bot-363	bravo	P00r-4410	tick	88.05	84.74	354	2.48	2.44	6.58	1	squad	squad-35	1	bot-357			-	0	1	4	0	30	120
26364	bot-364	alpha	P00r-4310	tick	-64.10	71.16	313	2.45	2.25	9.49	1	squad	squad-15	1	bot-358			-	0	1	4	0	30	120
26364	bot-365	bravo	P00r-4410	tick	89.60	87.70	9	2.46	2.67	4.03	1	squad	squad-35	2	bot-357			-	0	30	120	0	20	101
26364	bot-366	alpha	P00r-4410	tick	-86.85	80.62	128	2.41	2.40		25	patrol	squad-36	0	bot-366			-	0	30	120	0	7	35
26364	bot-367	bravo	P00m-4420	tick	85.78	73.58	2	0.43	0.23		0		squad-35	6	bot-357			-	0	20	101	0	7	35
26364	bot-368	alpha	P00m-4420	tick	-81.48	74.40	324	2.42	1.64	23.04	3	squad	squad-36	6	bot-366			-	0	20	101	0	7	35
26364	bot-369	bravo	P00r-4410	tick	86.38	78.59	351	2.40	1.55	14.87	2	squad	squad-35	3	bot-357			-	0	30	120	0	20	101
26364	bot-370	alpha	P00r-4410	tick	-88.29	84.21	182	2.83	2.51	0.73	1	squad	squad-36	1	bot-366			-	0	30	120	0	7	35
26364	bot-371	alpha	P00r-4410	tick	-89.41	86.91	175	2.54	1.74	1.32	1	squad	squad-36	2	bot-366			-	0	30	120	0	20	101
26364	bot-372	alpha	P00r-4410	tick	-88.59	87.77	300	2.12	1.76	1.49	1	squad	squad-36	3	bot-366			-	0	30	120	0	7	35
26723	bot-377	alpha	P00m-4420	tick	36.38	-86.21	86	2.28	2.44	3.71	1	squad	squad-37	1	bot-376			-	0	20	101	0	7	35
26771	bot-376	alpha	P00r-4410	tick	41.76	-86.65	85	2.40	2.47		8	patrol	squad-37	0	bot-376			-	0	1	30	0	7	35
26872	bot-374	alpha	P00r-4410	tick	-86.48	84.81	314	2.38	2.41	5.73	1	squad	squad-36	4	bot-366			-	0	30	120	0	7	35
26872	bot-375	alpha	P00r-4410	tick	-85.03	81.65	302	1.56	1.60	11.59	2	squad	squad-36	5	bot-366			-	0	30	120	0	20	101
26973	bot-373	alpha	P00m-4420	tick	-80.62	75.45	349	2.46	0.62	23.42	3	squad	squad-36	7	bot-366			-	0	20	101	0	7	35
27170	bot-262	bravo	P00m-0300	tick	-2.40	47.15	94	2.40	2.39	36.86	14	patrol	squad-27	0	bot-262			-	0	0	0	0	0	0
27373	bot-256	bravo	P00r-3320	tick	87.40	67.09	359	1.83	2.22	1.64	1	squad	squad-4	1	bot-305			-	0	22	100	0	7	35
27373	bot-281	alpha	P00m-4200	tick	-68.79	-18.31	235	2.46	2.56	55.18	7	squad	squad-1	2	bot-338			-	0	20	69	0	7	35
27373	bot-305	bravo	P00r-4320	tick	88.46	71.41	21	1.65	1.98		4	patrol	squad-4	0	bot-305			-	0	1	1	0	30	120
27373	bot-317	bravo	P00r-2320	tick	87.20	63.81	18	2.49	2.25	2.70	1	squad	squad-4	2	bot-305			-	0	11	120	0	20	101
27373	bot-323	bravo	P00r-4320	tick	86.99	59.56	355	2.47	1.74	4.42	1	squad	squad-4	3	bot-305			-	0	1	3	0	30	120
27373	bot-325	bravo	P00r-2320	tick	87.64	54.45	343	2.34	2.16	7.42	1	squad	squad-4	4	bot-305			-	0	15	120	0	20	101
27373	bot-331	bravo	P00r-2410	tick	87.37	91.12	250	1.99	2.36		24	patrol	squad-2	0	bot-331			-	0	13	120	0	20	101
27373	bot-332	alpha	P00r-4410	tick	-82.49	-64.87	170	2.37	1.76	5.63	1	squad	squad-1	1	bot-338			-	0	30	120	0	7	35
27373	bot-335	bravo	P00m-3310	tick	86.92	73.18	25	0.20	0.22		0		squad-2	5	bot-331			-	0	14	101	0	7	35
27373	bot-338	alpha	P00r-4310	tick	-87.44	-71.22	244	2.26	2.46		4	patrol	squad-1	0	bot-338			-	0	24	120	0	7	35
27373	bot-339	bravo	P00r-4410	tick	90.98	89.16	313	2.41	2.50	1.98	1	squad	squad-2	1	bot-331			-	0	23	120	0	20	101
27373	bot-341	bravo	P00r-4410	tick	87.07	71.01	328	0.25	0.18		0		squad-2	6	bot-331			-	0	1	30	0	20	101
27373	bot-343	bravo	P00m-4420	tick	87.06	69.41	34	0.00	0.89		0		squad-2	7	bot-331			-	0	20	101	0	7	35
27373	bot-345	bravo	P00r-4420	tick	90.87	85.86	36	2.91	2.69	5.39	1	squad	squad-2	2	bot-331			-	0	1	4	0	30	120
27373	bot-347	bravo	P00r-4410	tick	88.82	80.20	46	2.16	1.33	12.30	2	squad	squad-2	3	bot-331			-	0	30	120	0	20	101
27373	bot-349	bravo	P00r-4410	tick	87.11	75.86	321	0.55	0.21		0		squad-2	4	bot-331			-	0	30	120	0	20	101
27373	bot-351	bravo	P00m-4430	tick	87.19	49.52	322	2.27	2.43	6.20	2	squad	squad-4	7	bot-305			-	0	20	101	0	7	35
27373	bot-352	alpha	P00m-4420	tick	-79.93	-60.85	197	2.74	2.63	8.65	2	squad	squad-1	3	bot-338			-	0	20	101	0	7	35
27373	bot-353	bravo	P00r-4410	tick	87.46	52.29	322	2.26	1.96	7.24	1	squad	squad-4	5	bot-305			-	0	30	120	0	20	101
27373	bot-355	bravo	P00r-4410	tick	88.61	50.11	324	2.23	2.38	7.63	1	squad	squad-4	6	bot-305			-	0	30	120	0	20	101
27373	bot-357	bravo	P00r-4410	tick	84.50	91.25	277	2.31	2.25		24	patrol	squad-35	0	bot-357			-	0	30	120	0	20	101
27373	bot-358	alpha	P00r-4320	tick	-73.97	83.13	287	1.96	2.20		3	patrolReentry	squad-15	0	bot-358			-	0	30	120	0	7	35
27373	bot-359	bravo	P00m-4420	tick	87.45	79.45	53	2.02	0.85	13.93	2	squad	squad-35	4	bot-357			-	0	20	101	0	7	35
27373	bot-361	bravo	P00r-4410	tick	85.78	69.36	14	0.00	0.16		0		squad-35	5	bot-357			-	0	1	30	0	20	101
27373	bot-362	alpha	P00r-4320	tick	-59.67	73.02	322	2.54	2.20	15.17	2	squad	squad-15	2	bot-358			-	0	1	30	0	7	35
27373	bot-363	bravo	P00r-4410	tick	88.26	87.44	349	2.88	2.71	3.79	1	squad	squad-35	1	bot-357			-	0	1	4	0	30	120
27373	bot-364	alpha	P00r-4310	tick	-65.80	73.03	340	2.31	2.53	10.03	1	squad	squad-15	1	bot-358			-	0	1	4	0	30	120
27373	bot-365	bravo	P00r-4410	tick	89.83	90.12	323	2.40	2.43	1.03	1	squad	squad-35	2	bot-357			-	0	30	120	0	20	101
27373	bot-366	alpha	P00r-4410	tick	-85.86	78.26	175	2.55	2.56		24	patrol	squad-36	0	bot-366			-	0	30	120	0	7	35
27373	bot-367	bravo	P00m-4420	tick	85.78	73.58	2	0.00	0.00		0		squad-35	6	bot-357			-	0	20	101	0	7	35
27373	bot-368	alpha	P00m-4420	tick	-82.92	76.25	283	2.49	2.35	13.83	2	squad	squad-36	6	bot-366			-	0	20	101	0	7	35
27373	bot-369	bravo	P00r-4410	tick	86.04	80.53	13	1.91	1.98	12.44	2	squad	squad-35	3	bot-357			-	0	30	120	0	20	101
27373	bot-370	alpha	P00r-4410	tick	-87.61	81.99	117	1.48	2.32	4.08	1	squad	squad-36	1	bot-366			-	0	30	120	0	7	35
27373	bot-371	alpha	P00r-4410	tick	-88.61	84.37	159	2.54	2.66	3.83	1	squad	squad-36	2	bot-366			-	0	30	120	0	20	101
27373	bot-372	alpha	P00r-4410	tick	-89.16	86.02	180	2.68	1.83	8.09	1	squad	squad-36	3	bot-366			-	0	30	120	0	7	35
27671	bot-378	alpha	P00r-0410	initial	43.75	-80.75	0	0.00			0			-1				-	0			0		
27732	bot-377	alpha	P00m-4420	tick	38.41	-85.05	67	2.29	2.34	3.20	2	squad	squad-37	2	bot-376			-	0	20	101	0	7	35
27732	bot-378	alpha	P00r-4410	ammo	43.76	-80.75	0	0.13	0.01		0		squad-37	1	bot-376			-	0	1	4	0	30	120
27794	bot-376	alpha	P00r-4410	tick	44.27	-86.91	118	2.42	2.52		8	patrol	squad-37	0	bot-376			-	0	1	30	0	7	35
27895	bot-374	alpha	P00r-4410	tick	-87.26	86.13	353	0.23	1.54		0		squad-36	4	bot-366			-	0	30	120	0	7	35
27895	bot-375	alpha	P00r-4410	tick	-85.98	83.55	352	2.33	2.12	6.28	1	squad	squad-36	5	bot-366			-	0	30	120	0	20	101
27973	bot-373	alpha	P00m-4420	tick	-81.48	77.45	325	2.45	2.18	17.75	3	squad	squad-36	7	bot-366			-	0	20	101	0	7	35
28199	bot-262	bravo	P00m-0300	tick	-0.07	47.86	44	2.40	2.44	39.19	13	patrol	squad-27	0	bot-262			-	0	0	0	0	0	0
28374	bot-256	bravo	P00r-3320	tick	88.47	68.95	41	2.23	2.14	1.30	1	squad	squad-4	1	bot-305			-	0	22	100	0	7	35
28374	bot-281	alpha	P00m-4200	tick	-70.24	-20.43	227	2.45	2.57	54.91	8	squad	squad-1	2	bot-338			-	0	20	69	0	7	35
28374	bot-305	bravo	P00r-4320	tick	88.24	73.02	17	1.35	1.62		4	patrol	squad-4	0	bot-305			-	0	1	1	0	30	120
28374	bot-317	bravo	P00r-2320	tick	88.01	65.98	13	2.41	2.32	2.06	1	squad	squad-4	2	bot-305			-	0	11	120	0	20	101
28374	bot-323	bravo	P00r-4320	tick	88.01	61.65	36	2.06	2.33	4.31	1	squad	squad-4	3	bot-305			-	0	1	3	0	30	120
28374	bot-325	bravo	P00r-2320	tick	88.43	56.81	42	2.50	2.49	6.77	1	squad	squad-4	4	bot-305			-	0	15	120	0	20	101
28374	bot-331	bravo	P00r-2410	tick	85.17	91.23	281	2.29	2.21		24	patrol	squad-2	0	bot-331			-	0	13	120	0	20	101
28374	bot-332	alpha	P00r-4410	tick	-83.56	-67.07	202	2.71	2.45	4.10	1	squad	squad-1	1	bot-338			-	0	30	120	0	7	35
28374	bot-335	bravo	P00m-3310	tick	86.76	73.03	25	0.00	0.22		0		squad-2	5	bot-331			-	0	14	101	0	7	35
28374	bot-338	alpha	P00r-4310	tick	-88.00	-73.38	182	2.40	2.23		3	patrol	squad-1	0	bot-338			-	0	24	120	0	7	35
28374	bot-339	bravo	P00r-4410	tick	89.50	90.80	291	2.40	2.21	1.36	1	squad	squad-2	1	bot-331			-	0	23	120	0	20	101
28374	bot-341	bravo	P00r-4410	tick	86.97	70.79	328	0.26	0.23		0		squad-2	6	bot-331			-	0	1	30	0	20	101
28374	bot-343	bravo	P00m-4420	tick	87.03	69.38	34	0.00	0.04		0		squad-2	7	bot-331			-	0	20	101	0	7	35
28374	bot-345	bravo	P00r-4420	tick	91.15	88.38	326	2.52	2.53	2.80	1	squad	squad-2	2	bot-331			-	0	1	4	0	30	120
28374	bot-347	bravo	P00r-4410	tick	89.66	82.14	20	2.11	2.11	9.45	2	squad	squad-2	3	bot-331			-	0	30	120	0	20	101
28374	bot-349	bravo	P00r-4410	tick	87.05	76.71	32	2.38	0.85	16.63	2	squad	squad-2	4	bot-331			-	0	30	120	0	20	101
28374	bot-351	bravo	P00m-4430	tick	88.21	51.55	42	2.49	2.27	6.02	1	squad	squad-4	7	bot-305			-	0	20	101	0	7	35
28374	bot-352	alpha	P00m-4420	tick	-80.65	-63.03	213	1.53	2.29	5.56	1	squad	squad-1	3	bot-338			-	0	20	101	0	7	35
28374	bot-353	bravo	P00r-4410	tick	88.12	54.51	351	2.28	2.31	6.49	1	squad	squad-4	5	bot-305			-	0	30	120	0	20	101
28374	bot-355	bravo	P00r-4410	tick	89.34	52.11	344	2.40	2.13	6.94	1	squad	squad-4	6	bot-305			-	0	30	120	0	20	101
28374	bot-357	bravo	P00r-4410	tick	82.36	91.25	241	2.16	2.13		23	patrol	squad-35	0	bot-357			-	0	30	120	0	20	101
28374	bot-358	alpha	P00r-4320	tick	-75.78	84.13	299	2.20	2.07		3	patrolReentry	squad-15	0	bot-358			-	0	30	120	0	7	35
28374	bot-359	bravo	P00m-4420	tick	88.31	81.51	9	2.30	2.23	11.34	2	squad	squad-35	4	bot-357			-	0	20	101	0	7	35
28374	bot-361	bravo	P00r-4410	tick	86.04	69.59	24	2.16	0.35	24.03	3	squad	squad-35	5	bot-357			-	0	1	30	0	20	101
28374	bot-362	alpha	P00r-4320	tick	-61.42	74.91	329	2.52	2.57	14.56	2	squad	squad-15	2	bot-358			-	0	1	30	0	7	35
28374	bot-363	bravo	P00r-4410	tick	87.26	89.70	344	2.42	2.47	2.43	1	squad	squad-35	1	bot-357			-	0	1	4	0	30	120
28374	bot-364	alpha	P00r-4310	tick	-67.38	74.72	305	2.43	2.31	9.84	1	squad	squad-15	1	bot-358			-	0	1	4	0	30	120
28374	bot-365	bravo	P00r-4410	tick	88.56	91.20	304	0.00	1.67		0		squad-35	2	bot-357			-	0	30	120	0	20	101
28374	bot-366	alpha	P00r-4410	tick	-85.67	75.95	197	2.03	2.32		24	patrol	squad-36	0	bot-366			-	0	30	120	0	7	35
28374	bot-367	bravo	P00m-4420	tick	85.78	73.58	2	0.00	0.00		0		squad-35	6	bot-357			-	0	20	101	0	7	35
28374	bot-368	alpha	P00m-4420	tick	-84.01	78.23	345	2.42	2.26	13.13	2	squad	squad-36	6	bot-366			-	0	20	101	0	7	35
28374	bot-369	bravo	P00r-4410	tick	86.75	82.39	349	2.31	1.99	9.80	2	squad	squad-35	3	bot-357			-	0	30	120	0	20	101
28374	bot-370	alpha	P00r-4410	tick	-86.36	80.36	159	2.61	2.05	1.71	1	squad	squad-36	1	bot-366			-	0	30	120	0	7	35
28374	bot-371	alpha	P00r-4410	tick	-87.44	82.67	167	2.09	2.06	2.16	1	squad	squad-36	2	bot-366			-	0	30	120	0	20	101
28374	bot-372	alpha	P00r-4410	tick	-87.30	84.33	146	2.48	2.52	1.44	1	squad	squad-36	3	bot-366			-	0	30	120	0	7	35
28748	bot-377	alpha	P00m-4420	tick	39.72	-86.44	143	2.37	1.92	5.12	2	squad	squad-37	2	bot-376			-	0	20	101	0	7	35
28748	bot-378	alpha	P00r-4410	tick	43.19	-82.79	152	2.21	2.12	1.89	1	squad	squad-37	1	bot-376			-	0	1	4	0	30	120
28798	bot-376	alpha	P00r-4410	tick	46.74	-87.18	97	2.56	2.48		8	patrol	squad-37	0	bot-376			-	0	1	30	0	7	35
28914	bot-374	alpha	P00r-4410	tick	-86.92	85.79	38	0.00	0.48		0		squad-36	4	bot-366			-	0	30	120	0	7	35
28914	bot-375	alpha	P00r-4410	tick	-85.95	85.85	37	0.00	2.30		0		squad-36	5	bot-366			-	0	30	120	0	20	101
28986	bot-373	alpha	P00m-4420	tick	-82.70	79.77	322	2.64	2.62	13.15	2	squad	squad-36	7	bot-366			-	0	20	101	0	7	35
29213	bot-262	bravo	P00m-0300	tick	2.17	48.81	66	2.39	2.43	41.42	13	patrol	squad-27	0	bot-262			-	0	0	0	0	0	0
29384	bot-256	bravo	P00r-3320	tick	88.44	70.98	358	1.50	2.03	1.09	1	squad	squad-4	1	bot-305			-	0	22	100	0	7	35
29384	bot-281	alpha	P00m-4200	tick	-71.78	-22.48	198	2.47	2.56	55.53	8	squad	squad-1	2	bot-338			-	0	20	69	0	7	35
29384	bot-305	bravo	P00r-4320	tick	87.94	74.70	355	1.66	1.71		3	patrol	squad-4	0	bot-305			-	0	1	1	0	30	120
29384	bot-317	bravo	P00r-2320	tick	88.47	67.80	336	2.01	1.87	1.74	1	squad	squad-4	2	bot-305			-	0	11	120	0	20	101
29384	bot-323	bravo	P00r-4320	tick	88.41	63.70	339	2.49	2.09	3.32	1	squad	squad-4	3	bot-305			-	0	1	3	0	30	120
29384	bot-325	bravo	P00r-2320	tick	88.45	59.27	358	2.20	2.46	5.51	1	squad	squad-4	4	bot-305			-	0	15	120	0	20	101
29384	bot-331	bravo	P00r-2410	tick	82.93	91.25	282	1.82	2.24		23	patrol	squad-2	0	bot-331			-	0	13	120	0	20	101
29384	bot-332	alpha	P00r-4410	tick	-83.76	-69.28	156	2.55	2.22	4.01	3	squad	squad-1	1	bot-338			-	0	30	120	0	7	35
29384	bot-335	bravo	P00m-3310	tick	87.17	73.60	25	1.50	0.70	19.93	3	squad	squad-2	5	bot-331			-	0	14	101	0	7	35
29384	bot-338	alpha	P00r-4310	tick	-88.09	-75.81	158	2.40	2.43		3	patrol	squad-1	0	bot-338			-	0	24	120	0	7	35
29384	bot-339	bravo	P00r-4410	tick	87.22	90.73	296	2.12	2.28	1.31	1	squad	squad-2	1	bot-331			-	0	23	120	0	20	101
29384	bot-341	bravo	P00r-4410	tick	86.85	70.64	328	0.03	0.19		0		squad-2	6	bot-331			-	0	1	30	0	20	101
29384	bot-343	bravo	P00m-4420	tick	87.09	70.09	9	0.19	0.70		0		squad-2	7	bot-331			-	0	20	101	0	7	35
29384	bot-345	bravo	P00r-4420	tick	89.80	90.34	303	2.40	2.38	1.85	1	squad	squad-2	2	bot-331			-	0	1	4	0	30	120
29384	bot-347	bravo	P00r-4410	tick	90.13	84.58	338	2.71	2.48	7.07	1	squad	squad-2	3	bot-331			-	0	30	120	0	20	101
29384	bot-349	bravo	P00r-4410	tick	87.69	78.85	6	2.01	2.24	13.91	2	squad	squad-2	4	bot-331			-	0	30	120	0	20	101
29384	bot-351	bravo	P00m-4430	tick	88.20	53.62	6	2.32	2.07	3.88	1	squad	squad-4	7	bot-305			-	0	20	101	0	7	35
29384	bot-352	alpha	P00m-4420	tick	-81.40	-64.98	195	2.12	2.09	7.35	1	squad	squad-1	3	bot-338			-	0	20	101	0	7	35
29384	bot-353	bravo	P00r-4410	tick	88.70	56.85	18	2.57	2.42	5.38	1	squad	squad-4	5	bot-305			-	0	30	120	0	20	101
29384	bot-355	bravo	P00r-4410	tick	89.79	54.50	40	2.54	2.43	6.27	1	squad	squad-4	6	bot-305			-	0	30	120	0	20	101
29384	bot-357	bravo	P00r-4410	tick	80.08	91.07	265	2.22	2.29		23	patrol	squad-35	0	bot-357			-	0	30	120	0	20	101
29384	bot-358	alpha	P00r-4320	tick	-77.56	85.31	336	2.09	2.13		3	patrolReentry	squad-15	0	bot-358			-	0	30	120	0	7	35
29384	bot-359	bravo	P00m-4420	tick	88.86	83.75	352	2.45	2.30	8.33	2	squad	squad-35	4	bot-357			-	0	20	101	0	7	35
29384	bot-361	bravo	P00r-4410	tick	85.99	71.51	338	1.83	1.91	21.45	3	squad	squad-35	5	bot-357			-	0	1	30	0	20	101
29384	bot-362	alpha	P00r-4320	tick	-63.20	76.62	293	2.55	2.47	13.15	2	squad	squad-15	2	bot-358			-	0	1	30	0	7	35
29384	bot-363	bravo	P00r-4410	tick	85.29	90.71	283	2.31	2.21	2.00	1	squad	squad-35	1	bot-357			-	0	1	4	0	30	120
29384	bot-364	alpha	P00r-4310	tick	-69.34	76.51	282	2.85	2.66	9.32	1	squad	squad-15	1	bot-358			-	0	1	4	0	30	120
29384	bot-365	bravo	P00r-4410	tick	86.71	91.75	285	2.23	1.94	0.95	1	squad	squad-35	2	bot-357			-	0	30	120	0	20	101
29384	bot-366	alpha	P00r-4410	tick	-85.50	73.70	164	2.40	2.25		24	patrol	squad-36	0	bot-366			-	0	30	120	0	7	35
29384	bot-367	bravo	P00m-4420	tick	86.02	74.28	20	2.03	0.75	19.85	3	squad	squad-35	6	bot-357			-	0	20	101	0	7	35
29384	bot-368	alpha	P00m-4420	tick	-84.56	80.45	0	1.44	2.29	8.72	2	squad	squad-36	6	bot-366			-	0	20	101	0	7	35
29384	bot-369	bravo	P00r-4410	tick	87.17	84.79	7	2.49	2.44	6.81	1	squad	squad-35	3	bot-357			-	0	30	120	0	20	101
29384	bot-370	alpha	P00r-4410	tick	-85.82	77.76	201	2.54	2.65	1.17	1	squad	squad-36	1	bot-366			-	0	30	120	0	7	35
29384	bot-371	alpha	P00r-4410	tick	-86.36	80.63	162	2.59	2.31	1.85	1	squad	squad-36	2	bot-366			-	0	30	120	0	20	101
29384	bot-372	alpha	P00r-4410	tick	-86.34	82.24	148	2.54	2.29	1.10	1	squad	squad-36	3	bot-366			-	0	30	120	0	7	35
29750	bot-377	alpha	P00m-4420	tick	41.80	-87.68	111	2.40	2.42	4.77	1	squad	squad-37	2	bot-376			-	0	20	101	0	7	35
29750	bot-378	alpha	P00r-4410	tick	44.90	-84.25	130	2.54	2.25	1.27	1	squad	squad-37	1	bot-376			-	0	1	4	0	30	120
29817	bot-376	alpha	P00r-4410	tick	49.10	-87.17	63	2.20	2.37		7	patrol	squad-37	0	bot-376			-	0	1	30	0	7	35
29921	bot-374	alpha	P00r-4410	tick	-86.54	83.78	184	2.40	2.04	1.01	1	squad	squad-36	4	bot-366			-	0	30	120	0	7	35
29921	bot-375	alpha	P00r-4410	tick	-86.05	85.63	58	2.57	0.24	1.08	1	squad	squad-36	5	bot-366			-	0	30	120	0	20	101
30007	bot-373	alpha	P00m-4420	tick	-83.31	81.97	360	1.36	2.29	7.83	1	squad	squad-36	7	bot-366			-	0	20	101	0	7	35
30220	bot-262	bravo	P00m-0300	tick	4.22	49.68	94	2.35	2.23	43.49	13	patrol	squad-27	0	bot-262			-	0	0	0	0	0	0
30398	bot-256	bravo	P00r-3320	tick	87.89	72.80	325	1.86	1.90	0.94	1	squad	squad-4	1	bot-305			-	0	22	100	0	7	35
30398	bot-281	alpha	P00m-4200	tick	-73.20	-24.30	217	2.39	2.31	55.42	7	squad	squad-1	2	bot-338			-	0	20	69	0	7	35
30398	bot-305	bravo	P00r-4320	tick	88.22	76.88	0	2.44	2.19		3	patrol	squad-4	0	bot-305			-	0	1	1	0	30	120
30398	bot-317	bravo	P00r-2320	tick	88.07	69.70	3	2.22	1.94	1.53	1	squad	squad-4	2	bot-305			-	0	11	120	0	20	101
30398	bot-323	bravo	P00r-4320	tick	87.63	66.05	356	2.30	2.47	3.61	1	squad	squad-4	3	bot-305			-	0	1	3	0	30	120
30398	bot-325	bravo	P00r-2320	tick	87.82	61.52	330	2.36	2.34	5.02	1	squad	squad-4	4	bot-305			-	0	15	120	0	20	101
30398	bot-331	bravo	P00r-2410	tick	80.68	91.10	249	2.32	2.26		23	patrol	squad-2	0	bot-331			-	0	13	120	0	20	101
30398	bot-332	alpha	P00r-4410	tick	-85.24	-70.39	241	2.40	1.85	5.32	2	squad	squad-1	1	bot-338			-	0	30	120	0	7	35
30398	bot-335	bravo	P00m-3310	tick	87.32	75.37	35	2.03	1.78	17.37	3	squad	squad-2	5	bot-331			-	0	14	101	0	7	35
30398	bot-338	alpha	P00r-4310	tick	-88.18	-78.24	190	2.40	2.43		3	patrol	squad-1	0	bot-338			-	0	24	120	0	7	35
30398	bot-339	bravo	P00r-4410	tick	85.06	90.71	261	2.22	2.16	1.30	1	squad	squad-2	1	bot-331			-	0	23	120	0	20	101
30398	bot-341	bravo	P00r-4410	tick	86.76	71.21	346	1.95	0.58	22.82	3	squad	squad-2	6	bot-331			-	0	1	30	0	20	101
30398	bot-343	bravo	P00m-4420	tick	86.84	70.15	340	2.25	0.25	21.79	4	squad	squad-2	7	bot-331			-	0	20	101	0	7	35
30398	bot-345	bravo	P00r-4420	tick	87.65	91.21	296	2.30	2.32	1.47	1	squad	squad-2	2	bot-331			-	0	1	4	0	30	120
30398	bot-347	bravo	P00r-4410	tick	90.14	87.31	3	2.79	2.73	4.60	1	squad	squad-2	3	bot-331			-	0	30	120	0	20	101
30398	bot-349	bravo	P00r-4410	tick	88.28	81.03	359	2.32	2.26	10.95	2	squad	squad-2	4	bot-331			-	0	30	120	0	20	101
30398	bot-351	bravo	P00m-4430	tick	87.45	55.67	321	2.47	2.18	3.87	1	squad	squad-4	7	bot-305			-	0	20	101	0	7	35
30398	bot-352	alpha	P00m-4420	tick	-82.50	-66.60	160	2.67	1.96	6.43	3	squad	squad-1	3	bot-338			-	0	20	101	0	7	35
30398	bot-353	bravo	P00r-4410	tick	88.09	59.29	341	2.41	2.51	5.67	1	squad	squad-4	5	bot-305			-	0	30	120	0	20	101
30398	bot-355	bravo	P00r-4410	tick	88.82	56.52	348	2.42	2.24	6.26	1	squad	squad-4	6	bot-305			-	0	30	120	0	20	101
30398	bot-357	bravo	P00r-4410	tick	77.88	90.87	293	2.15	2.21		23	patrol	squad-35	0	bot-357			-	0	30	120	0	20	101
30398	bot-358	alpha	P00r-4320	tick	-79.47	86.60	286	2.43	2.31		2	patrolReentry	squad-15	0	bot-358			-	0	30	120	0	7	35
30398	bot-359	bravo	P00m-4420	tick	88.97	86.37	360	2.56	2.63	5.17	1	squad	squad-35	4	bot-357			-	0	20	101	0	7	35
30398	bot-361	bravo	P00r-4410	tick	86.22	73.23	11	1.75	1.74	18.82	3	squad	squad-35	5	bot-357			-	0	1	30	0	20	101
30398	bot-362	alpha	P00r-4320	tick	-65.01	78.46	299	2.46	2.58	14.94	2	squad	squad-15	2	bot-358			-	0	1	30	0	7	35
30398	bot-363	bravo	P00r-4410	tick	83.03	91.11	241	2.16	2.30	2.72	1	squad	squad-35	1	bot-357			-	0	1	4	0	30	120
30398	bot-364	alpha	P00r-4310	tick	-71.30	78.16	311	2.45	2.56	8.98	1	squad	squad-15	1	bot-358			-	0	1	4	0	30	120
30398	bot-365	bravo	P00r-4410	tick	84.44	91.78	256	2.27	2.26	1.85	1	squad	squad-35	2	bot-357			-	0	30	120	0	20	101
30398	bot-366	alpha	P00r-4410	tick	-85.33	71.46	162	2.14	2.25		24	patrol	squad-36	0	bot-366			-	0	30	120	0	7	35
30398	bot-367	bravo	P00m-4420	tick	85.79	76.42	360	2.43	2.15	16.71	2	squad	squad-35	6	bot-357			-	0	20	101	0	7	35
30398	bot-368	alpha	P00m-4420	tick	-84.93	82.12	331	1.83	1.71	4.94	1	squad	squad-36	6	bot-366			-	0	20	101	0	7	35
30398	bot-369	bravo	P00r-4410	tick	86.87	87.43	355	2.45	2.66	4.14	1	squad	squad-35	3	bot-357			-	0	30	120	0	20	101
30398	bot-370	alpha	P00r-4410	tick	-85.74	75.49	173	2.08	2.27	1.02	1	squad	squad-36	1	bot-366			-	0	30	120	0	7	35
30398	bot-371	alpha	P00r-4410	tick	-85.86	78.07	152	2.54	2.61	1.32	1	squad	squad-36	2	bot-366			-	0	30	120	0	20	101
30398	bot-372	alpha	P00r-4410	tick	-85.83	79.94	175	2.52	2.36	0.83	1	squad	squad-36	3	bot-366			-	0	30	120	0	7	35
30762	bot-377	alpha	P00m-4420	tick	44.16	-88.40	130	2.45	2.47	4.19	1	squad	squad-37	2	bot-376			-	0	20	101	0	7	35
30762	bot-378	alpha	P00r-4410	tick	47.40	-84.64	103	2.57	2.53	0.75	1	squad	squad-37	1	bot-376			-	0	1	4	0	30	120
30830	bot-376	alpha	P00r-4410	tick	51.27	-87.06	97	1.91	2.17		7	patrol	squad-37	0	bot-376			-	0	1	30	0	7	35
30923	bot-374	alpha	P00r-4410	tick	-86.10	81.43	140	2.42	2.40	0.68	1	squad	squad-36	4	bot-366			-	0	30	120	0	7	35
30923	bot-375	alpha	P00r-4410	tick	-86.15	84.17	151	2.32	1.46	1.90	1	squad	squad-36	5	bot-366			-	0	30	120	0	20	101
31013	bot-373	alpha	P00m-4420	tick	-83.64	83.25	6	1.78	1.32	4.27	1	squad	squad-36	7	bot-366			-	0	20	101	0	7	35
31226	bot-262	bravo	P00m-0300	tick	6.47	50.63	62	2.43	2.44	45.78	13	patrol	squad-27	0	bot-262			-	0	0	0	0	0	0
31428	bot-256	bravo	P00r-3320	tick	88.12	74.62	7	1.91	1.83	1.17	1	squad	squad-4	1	bot-305			-	0	22	100	0	7	35
31428	bot-281	alpha	P00m-4200	tick	-74.45	-26.17	241	1.78	2.25	55.34	7	squad	squad-1	2	bot-338			-	0	20	69	0	7	35
31428	bot-305	bravo	P00r-4320	tick	88.36	79.21	32	2.24	2.34		3	patrol	squad-4	0	bot-305			-	0	1	1	0	30	120
31428	bot-317	bravo	P00r-2320	tick	87.92	71.59	17	1.99	1.90	1.75	1	squad	squad-4	2	bot-305			-	0	11	120	0	20	101
31428	bot-323	bravo	P00r-4320	tick	87.69	68.07	26	2.03	2.02	3.76	1	squad	squad-4	3	bot-305			-	0	1	3	0	30	120
31428	bot-325	bravo	P00r-2320	tick	87.49	63.83	5	2.52	2.33	4.84	1	squad	squad-4	4	bot-305			-	0	15	120	0	20	101
31428	bot-331	bravo	P00r-2410	tick	78.46	90.92	258	2.25	2.22		23	patrol	squad-2	0	bot-331			-	0	13	120	0	20	101
31428	bot-332	alpha	P00r-4410	tick	-83.34	-71.06	108	2.40	2.01	8.39	2	squad	squad-1	1	bot-338			-	0	30	120	0	7	35
31428	bot-335	bravo	P00m-3310	tick	87.47	77.74	4	2.37	2.38	14.59	2	squad	squad-2	5	bot-331			-	0	14	101	0	7	35
31428	bot-338	alpha	P00r-4310	tick	-88.45	-80.62	213	2.40	2.40		2	patrol	squad-1	0	bot-338			-	0	24	120	0	7	35
31428	bot-339	bravo	P00r-4410	tick	82.83	90.77	254	2.13	2.23	1.09	1	squad	squad-2	1	bot-331			-	0	23	120	0	20	101
31428	bot-341	bravo	P00r-4410	tick	87.03	72.98	21	1.42	1.79	20.03	3	squad	squad-2	6	bot-331			-	0	1	30	0	20	101
31428	bot-343	bravo	P00m-4420	tick	86.56	70.86	356	1.58	0.77	22.83	3	squad	squad-2	7	bot-331			-	0	20	101	0	7	35
31428	bot-345	bravo	P00r-4420	tick	85.39	91.27	272	1.72	2.27	1.18	1	squad	squad-2	2	bot-331			-	0	1	4	0	30	120
31428	bot-347	bravo	P00r-4410	tick	88.98	89.47	329	2.38	2.45	3.08	1	squad	squad-2	3	bot-331			-	0	30	120	0	20	101
31428	bot-349	bravo	P00r-4410	tick	88.41	83.29	18	2.38	2.26	8.19	1	squad	squad-2	4	bot-331			-	0	30	120	0	20	101
31428	bot-351	bravo	P00m-4430	tick	87.10	58.12	337	0.83	2.48	3.66	1	squad	squad-4	7	bot-305			-	0	20	101	0	7	35
31428	bot-352	alpha	P00m-4420	tick	-81.70	-69.10	193	2.42	2.63	6.47	3	squad	squad-1	3	bot-338			-	0	20	101	0	7	35
31428	bot-353	bravo	P00r-4410	tick	87.71	61.64	339	2.35	2.39	5.44	1	squad	squad-4	5	bot-305			-	0	30	120	0	20	101
31428	bot-355	bravo	P00r-4410	tick	88.38	58.98	338	2.21	2.50	5.87	1	squad	squad-4	6	bot-305			-	0	30	120	0	20	101
31428	bot-357	bravo	P00r-4410	tick	75.61	90.75	264	2.50	2.28		23	patrol	squad-35	0	bot-357			-	0	30	120	0	20	101
31428	bot-358	alpha	P00r-4320	tick	-81.46	86.93	263	1.52	2.01		2	patrolReentry	squad-15	0	bot-358			-	0	30	120	0	7	35
31428	bot-359	bravo	P00m-4420	tick	87.74	88.51	305	2.32	2.46	3.36	1	squad	squad-35	4	bot-357			-	0	20	101	0	7	35
31428	bot-361	bravo	P00r-4410	tick	86.55	74.96	40	1.93	1.76	16.36	3	squad	squad-35	5	bot-357			-	0	1	30	0	20	101
31428	bot-362	alpha	P00r-4320	tick	-66.93	80.04	332	2.21	2.48	14.28	2	squad	squad-15	2	bot-358			-	0	1	30	0	7	35
31428	bot-363	bravo	P00r-4410	tick	80.76	90.91	277	2.30	2.28	2.52	1	squad	squad-35	1	bot-357			-	0	1	4	0	30	120
31428	bot-364	alpha	P00r-4310	tick	-73.27	79.79	318	2.75	2.56	7.26	1	squad	squad-15	1	bot-358			-	0	1	4	0	30	120
31428	bot-365	bravo	P00r-4410	tick	82.29	91.83	255	1.94	2.15	1.92	1	squad	squad-35	2	bot-357			-	0	30	120	0	20	101
31428	bot-366	alpha	P00r-4410	tick	-85.20	69.32	200	2.42	2.14		23	patrol	squad-36	0	bot-366			-	0	30	120	0	7	35
31428	bot-367	bravo	P00m-4420	tick	85.70	78.70	342	2.12	2.28	13.25	2	squad	squad-35	6	bot-357			-	0	20	101	0	7	35
31428	bot-368	alpha	P00m-4420	tick	-85.11	83.40	357	0.18	1.29		0		squad-36	6	bot-366			-	0	20	101	0	7	35
31428	bot-369	bravo	P00r-4410	tick	85.65	89.48	286	1.86	2.39	2.78	1	squad	squad-35	3	bot-357			-	0	30	120	0	20	101
31428	bot-370	alpha	P00r-4410	tick	-85.31	73.21	159	1.99	2.32	0.72	1	squad	squad-36	1	bot-366			-	0	30	120	0	7	35
31428	bot-371	alpha	P00r-4410	tick	-85.57	75.76	170	2.23	2.33	1.09	1	squad	squad-36	2	bot-366			-	0	30	120	0	20	101
31428	bot-372	alpha	P00r-4410	tick	-85.46	77.79	185	0.43	2.17		0		squad-36	3	bot-366			-	0	30	120	0	7	35
31764	bot-377	alpha	P00m-4420	tick	46.57	-88.87	97	2.24	2.45	2.73	1	squad	squad-37	2	bot-376			-	0	20	101	0	7	35
31764	bot-378	alpha	P00r-4410	tick	49.34	-84.50	48	1.98	1.95	0.74	1	squad	squad-37	1	bot-376			-	0	1	4	0	30	120
31840	bot-376	alpha	P00r-4410	tick	52.85	-86.99	116	1.34	1.57		7	patrol	squad-37	0	bot-376			-	0	1	30	0	7	35
31955	bot-374	alpha	P00r-4410	tick	-85.18	78.97	178	2.54	2.62	0.35	1	squad	squad-36	4	bot-366			-	0	30	120	0	7	35
31955	bot-375	alpha	P00r-4410	tick	-85.75	81.80	172	2.43	2.40	1.76	1	squad	squad-36	5	bot-366			-	0	30	120	0	20	101
32015	bot-373	alpha	P00m-4420	tick	-84.13	84.72	311	0.00	1.55		0		squad-36	7	bot-366			-	0	20	101	0	7	35
32255	bot-262	bravo	P00m-0300	tick	8.90	50.72	69	2.40	2.43	48.21	12	patrol	squad-27	0	bot-262			-	0	0	0	0	0	0
32448	bot-256	bravo	P00r-3320	tick	88.22	76.92	25	2.42	2.31	1.94	1	squad	squad-4	1	bot-305			-	0	22	100	0	7	35
32448	bot-281	alpha	P00m-4200	tick	-75.43	-27.96	202	2.34	2.05	55.50	8	squad	squad-1	2	bot-338			-	0	20	69	0	7	35
32448	bot-305	bravo	P00r-4320	tick	88.58	81.43	4	1.72	2.22		3	patrol	squad-4	0	bot-305			-	0	1	1	0	30	120
32448	bot-317	bravo	P00r-2320	tick	88.02	73.21	11	1.56	1.62	3.28	1	squad	squad-4	2	bot-305			-	0	11	120	0	20	101
32448	bot-323	bravo	P00r-4320	tick	87.60	70.18	0	1.94	2.11	3.82	1	squad	squad-4	3	bot-305			-	0	1	3	0	30	120
32448	bot-325	bravo	P00r-2320	tick	87.30	66.27	15	2.28	2.44	5.57	1	squad	squad-4	4	bot-305			-	0	15	120	0	20	101
32448	bot-331	bravo	P00r-2410	tick	76.24	90.81	292	2.37	2.23		23	patrol	squad-2	0	bot-331			-	0	13	120	0	20	101
32448	bot-332	alpha	P00r-4410	tick	-82.67	-71.44	112	2.40	0.77	10.02	3	squad	squad-1	1	bot-338			-	0	30	120	0	7	35
32448	bot-335	bravo	P00m-3310	tick	87.63	79.84	344	2.08	2.10	11.75	2	squad	squad-2	5	bot-331			-	0	14	101	0	7	35
32448	bot-338	alpha	P00r-4310	tick	-89.03	-82.84	182	1.97	2.29		2	patrol	squad-1	0	bot-338			-	0	24	120	0	7	35
32448	bot-339	bravo	P00r-4410	tick	80.51	90.46	288	2.34	2.34	1.00	1	squad	squad-2	1	bot-331			-	0	23	120	0	20	101
32448	bot-341	bravo	P00r-4410	tick	87.11	74.66	20	1.92	1.68	17.54	3	squad	squad-2	6	bot-331			-	0	1	30	0	20	101
32448	bot-343	bravo	P00m-4420	tick	86.73	72.52	359	1.96	1.67	20.42	3	squad	squad-2	7	bot-331			-	0	20	101	0	7	35
32448	bot-345	bravo	P00r-4420	tick	83.17	91.63	244	1.89	2.24	1.23	1	squad	squad-2	2	bot-331			-	0	1	4	0	30	120
32448	bot-347	bravo	P00r-4410	tick	86.99	90.60	288	2.25	2.29	2.61	1	squad	squad-2	3	bot-331			-	0	30	120	0	20	101
32448	bot-349	bravo	P00r-4410	tick	88.16	85.93	344	2.76	2.65	5.87	1	squad	squad-2	4	bot-331			-	0	30	120	0	20	101
32448	bot-351	bravo	P00m-4430	tick	86.79	60.52	359	1.89	2.42	3.50	1	squad	squad-4	7	bot-305			-	0	20	101	0	7	35
32448	bot-352	alpha	P00m-4420	tick	-81.05	-71.45	163	2.40	2.44	7.89	2	squad	squad-1	3	bot-338			-	0	20	101	0	7	35
32448	bot-353	bravo	P00r-4410	tick	87.31	63.92	18	2.42	2.31	5.33	1	squad	squad-4	5	bot-305			-	0	30	120	0	20	101
32448	bot-355	bravo	P00r-4410	tick	88.15	61.19	3	2.24	2.22	5.85	1	squad	squad-4	6	bot-305			-	0	30	120	0	20	101
32448	bot-357	bravo	P00r-4410	tick	73.10	90.69	248	2.55	2.50		22	patrol	squad-35	0	bot-357			-	0	30	120	0	20	101
32448	bot-358	alpha	P00r-4320	tick	-83.08	87.25	297	2.09	1.65		2	patrolReentry	squad-15	0	bot-358			-	0	30	120	0	7	35
32448	bot-359	bravo	P00m-4420	tick	85.82	89.62	260	2.21	2.22	3.44	1	squad	squad-35	4	bot-357			-	0	20	101	0	7	35
32448	bot-361	bravo	P00r-4410	tick	86.46	77.21	354	2.43	2.26	14.34	2	squad	squad-35	5	bot-357			-	0	1	30	0	20	101
32448	bot-362	alpha	P00r-4320	tick	-68.71	81.38	308	1.97	2.23	12.88	2	squad	squad-15	2	bot-358			-	0	1	30	0	7	35
32448	bot-363	bravo	P00r-4410	tick	78.56	90.87	281	1.91	2.21	2.39	1	squad	squad-35	1	bot-357			-	0	1	4	0	30	120
32448	bot-364	alpha	P00r-4310	tick	-75.34	81.30	279	2.37	2.56	6.70	1	squad	squad-15	1	bot-358			-	0	1	4	0	30	120
32448	bot-365	bravo	P00r-4410	tick	80.21	91.89	298	2.31	2.09	2.17	1	squad	squad-35	2	bot-357			-	0	30	120	0	20	101
32448	bot-366	alpha	P00r-4410	tick	-85.17	66.82	188	2.74	2.51		23	patrol	squad-36	0	bot-366			-	0	30	120	0	7	35
32448	bot-367	bravo	P00m-4420	tick	85.53	80.60	13	1.94	1.91	11.38	2	squad	squad-35	6	bot-357			-	0	20	101	0	7	35
32448	bot-368	alpha	P00m-4420	tick	-85.22	82.49	262	2.53	0.91	0.35	1	squad	squad-36	6	bot-366			-	0	20	101	0	7	35
32448	bot-369	bravo	P00r-4410	tick	83.50	90.24	265	2.39	2.29	2.57	1	squad	squad-35	3	bot-357			-	0	30	120	0	20	101
32448	bot-370	alpha	P00r-4410	tick	-85.24	71.08	195	2.03	2.12	0.74	1	squad	squad-36	1	bot-366			-	0	30	120	0	7	35
32448	bot-371	alpha	P00r-4410	tick	-85.23	73.65	197	2.30	2.13	1.14	1	squad	squad-36	2	bot-366			-	0	30	120	0	20	101
32448	bot-372	alpha	P00r-4410	tick	-85.29	75.56	170	2.28	2.24	1.42	1	squad	squad-36	3	bot-366			-	0	30	120	0	7	35
32688	bot-379	alpha	P00r-0410	initial	53.75	-85.25	0	0.00			0			-1				-	0			0		
32707	bot-379	alpha	P00r-4410	ammo	53.75	-85.25	0	0.00	0.00		0		squad-37	2	bot-376			-	0	30	120	0	20	101
32777	bot-377	alpha	P00m-4420	tick	48.10	-88.81	48	2.52	1.53	7.13	1	squad	squad-37	3	bot-376			-	0	20	101	0	7	35
32777	bot-378	alpha	P00r-4410	tick	50.56	-84.34	88	1.24	1.23	1.15	1	squad	squad-37	1	bot-376			-	0	1	4	0	30	120
32859	bot-376	alpha	P00r-4410	tick	54.14	-87.10	84	1.69	1.30		7	patrol	squad-37	0	bot-376			-	0	1	30	0	7	35
32964	bot-374	alpha	P00r-4410	tick	-85.26	76.88	199	2.40	2.09	0.64	1	squad	squad-36	4	bot-366			-	0	30	120	0	7	35
32964	bot-375	alpha	P00r-4410	tick	-84.88	79.32	186	2.61	2.63	1.74	1	squad	squad-36	5	bot-366			-	0	30	120	0	20	101
33027	bot-373	alpha	P00m-4420	tick	-84.34	84.18	245	2.42	0.58	1.60	1	squad	squad-36	7	bot-366			-	0	20	101	0	7	35
33261	bot-262	bravo	P00m-0300	tick	10.92	51.88	65	2.41	2.34	50.31	11	patrol	squad-27	0	bot-262			-	0	0	0	0	0	0
33448	bot-256	bravo	P00r-3320	tick	88.24	79.27	352	2.31	2.35	1.63	1	squad	squad-4	1	bot-305			-	0	22	100	0	7	35
33448	bot-281	alpha	P00m-4200	tick	-76.59	-29.79	187	1.86	2.16	56.59	8	squad	squad-1	2	bot-338			-	0	20	69	0	7	35
33448	bot-305	bravo	P00r-4320	tick	89.08	83.64	354	2.44	2.26		2	patrol	squad-4	0	bot-305			-	0	1	1	0	30	120
33448	bot-317	bravo	P00r-2320	tick	88.28	74.84	342	1.69	1.66	3.89	1	squad	squad-4	2	bot-305			-	0	11	120	0	20	101
33448	bot-323	bravo	P00r-4320	tick	87.56	72.08	325	1.94	1.90	4.15	1	squad	squad-4	3	bot-305			-	0	1	3	0	30	120
33448	bot-325	bravo	P00r-2320	tick	87.21	68.21	336	2.03	1.95	6.09	1	squad	squad-4	4	bot-305			-	0	15	120	0	20	101
33448	bot-331	bravo	P00r-2410	tick	73.81	90.70	267	2.50	2.43		22	patrol	squad-2	0	bot-331			-	0	13	120	0	20	101
33448	bot-332	alpha	P00r-4410	tick	-83.84	-71.58	280	2.40	1.17	11.63	3	squad	squad-1	1	bot-338			-	0	30	120	0	7	35
33448	bot-335	bravo	P00m-3310	tick	87.68	82.06	7	2.26	2.22	9.45	2	squad	squad-2	5	bot-331			-	0	14	101	0	7	35
33448	bot-338	alpha	P00r-4310	tick	-89.69	-84.97	189	2.27	2.23		2	patrol	squad-1	0	bot-338			-	0	24	120	0	7	35
33448	bot-339	bravo	P00r-4410	tick	78.28	90.39	275	2.31	2.23	1.89	1	squad	squad-2	1	bot-331			-	0	23	120	0	20	101
33448	bot-341	bravo	P00r-4410	tick	87.20	76.79	348	2.39	2.13	14.90	2	squad	squad-2	6	bot-331			-	0	1	30	0	20	101
33448	bot-343	bravo	P00m-4420	tick	86.88	74.31	34	1.89	1.80	17.92	3	squad	squad-2	7	bot-331			-	0	20	101	0	7	35
33448	bot-345	bravo	P00r-4420	tick	81.07	91.86	281	2.23	2.12	2.38	1	squad	squad-2	2	bot-331			-	0	1	4	0	30	120
33448	bot-347	bravo	P00r-4410	tick	84.84	91.18	275	2.35	2.23	3.60	1	squad	squad-2	3	bot-331			-	0	30	120	0	20	101
33448	bot-349	bravo	P00r-4410	tick	87.00	88.16	287	2.43	2.51	4.43	1	squad	squad-2	4	bot-331			-	0	30	120	0	20	101
33448	bot-351	bravo	P00m-4430	tick	86.53	61.50	259	1.76	1.01	5.89	8	squad	squad-4	7	bot-305			-	0	20	101	0	7	35
33448	bot-352	alpha	P00m-4420	tick	-80.94	-72.05	98	2.40	0.60	8.16	2	squad	squad-1	3	bot-338			-	0	20	101	0	7	35
33448	bot-353	bravo	P00r-4410	tick	87.15	66.30	355	2.17	2.38	5.48	1	squad	squad-4	5	bot-305			-	0	30	120	0	20	101
33448	bot-355	bravo	P00r-4410	tick	87.81	63.47	14	2.39	2.31	6.59	8	squad	squad-4	6	bot-305			-	0	30	120	0	20	101
33448	bot-357	bravo	P00r-4410	tick	70.58	90.62	277	2.63	2.53		22	patrol	squad-35	0	bot-357			-	0	30	120	0	20	101
33448	bot-358	alpha	P00r-4320	tick	-85.15	87.91	309	2.34	2.18		2	patrolReentry	squad-15	0	bot-358			-	0	30	120	0	7	35
33448	bot-359	bravo	P00m-4420	tick	83.65	90.25	274	2.38	2.26	3.51	1	squad	squad-35	4	bot-357			-	0	20	101	0	7	35
33448	bot-361	bravo	P00r-4410	tick	86.00	79.40	332	2.14	2.24	12.74	2	squad	squad-35	5	bot-357			-	0	1	30	0	20	101
33448	bot-362	alpha	P00r-4320	tick	-70.55	82.38	277	2.21	2.10	12.82	2	squad	squad-15	2	bot-358			-	0	1	30	0	7	35
33448	bot-363	bravo	P00r-4410	tick	76.38	90.76	252	2.34	2.18	2.35	1	squad	squad-35	1	bot-357			-	0	1	4	0	30	120
33448	bot-364	alpha	P00r-4310	tick	-77.37	82.41	283	2.44	2.31	6.57	1	squad	squad-15	1	bot-358			-	0	1	4	0	30	120
33448	bot-365	bravo	P00r-4410	tick	78.11	91.87	265	2.06	2.10	2.36	1	squad	squad-35	2	bot-357			-	0	30	120	0	20	101
33448	bot-366	alpha	P00r-4410	tick	-85.20	64.65	155	1.64	2.16		23	patrol	squad-36	0	bot-366			-	0	30	120	0	7	35
33448	bot-367	bravo	P00m-4420	tick	85.46	82.64	17	2.20	2.04	9.36	2	squad	squad-35	6	bot-357			-	0	20	101	0	7	35
33448	bot-368	alpha	P00m-4420	tick	-84.74	80.33	195	2.72	2.21	1.16	1	squad	squad-36	6	bot-366			-	0	20	101	0	7	35
33448	bot-369	bravo	P00r-4410	tick	81.11	90.36	285	2.22	2.39	3.25	1	squad	squad-35	3	bot-357			-	0	30	120	0	20	101
33448	bot-370	alpha	P00r-4410	tick	-85.24	68.87	190	2.42	2.22	1.77	1	squad	squad-36	1	bot-366			-	0	30	120	0	7	35
33448	bot-371	alpha	P00r-4410	tick	-85.24	71.50	165	2.15	2.15	1.13	1	squad	squad-36	2	bot-366			-	0	30	120	0	20	101
33448	bot-372	alpha	P00r-4410	tick	-85.23	73.30	165	1.72	2.26	1.26	1	squad	squad-36	3	bot-366			-	0	30	120	0	7	35
33723	bot-379	alpha	P00r-4410	tick	52.50	-87.37	186	1.97	2.46	1.99	1	squad	squad-37	2	bot-376			-	0	30	120	0	20	101
33795	bot-377	alpha	P00m-4420	tick	48.81	-86.36	34	2.45	2.56	4.72	1	squad	squad-37	3	bot-376			-	0	20	101	0	7	35
33795	bot-378	alpha	P00r-4410	tick	52.25	-84.66	124	1.63	1.72	0.53	1	squad	squad-37	1	bot-376			-	0	1	4	0	30	120
33861	bot-376	alpha	P00r-4410	tick	56.00	-87.25	83	2.12	1.86		6	patrol	squad-37	0	bot-376			-	0	1	30	0	7	35
34001	bot-374	alpha	P00r-4410	tick	-84.76	74.59	181	0.15	2.34		0		squad-36	4	bot-366			-	0	30	120	0	7	35
34001	bot-375	alpha	P00r-4410	tick	-84.78	77.02	158	0.15	2.30		0		squad-36	5	bot-366			-	0	30	120	0	20	101
34034	bot-373	alpha	P00m-4420	tick	-84.67	81.82	213	2.50	2.38	1.24	1	squad	squad-36	7	bot-366			-	0	20	101	0	7	35
34268	bot-262	bravo	P00m-0300	tick	12.84	53.39	63	2.42	2.44	52.34	11	patrol	squad-27	0	bot-262			-	0	0	0	0	0	0
34678	bot-256	bravo	P00r-3320	tick	88.59	81.54	351	2.27	2.30	1.37	1	squad	squad-4	1	bot-305			-	0	22	100	0	7	35
34678	bot-281	alpha	P00m-4200	tick	-77.56	-31.33	216	1.99	1.82	56.92	8	squad	squad-1	2	bot-338			-	0	20	69	0	7	35
34678	bot-305	bravo	P00r-4320	tick	89.87	86.26	26	2.77	2.75		2	patrol	squad-4	0	bot-305			-	0	1	1	0	30	120
34678	bot-317	bravo	P00r-2320	tick	88.31	77.20	4	2.43	2.36	3.76	1	squad	squad-4	2	bot-305			-	0	11	120	0	20	101
34678	bot-323	bravo	P00r-4320	tick	87.38	73.81	6	1.78	1.74	4.49	1	squad	squad-4	3	bot-305			-	0	1	3	0	30	120
34678	bot-325	bravo	P00r-2320	tick	86.93	70.36	348	2.02	2.17	6.19	1	squad	squad-4	4	bot-305			-	0	15	120	0	20	101
34678	bot-331	bravo	P00r-2410	tick	71.22	90.64	238	2.47	2.58		22	patrol	squad-2	0	bot-331			-	0	13	120	0	20	101
34678	bot-332	alpha	P00r-4410	tick	-86.30	-71.67	241	2.40	2.47	12.85	3	squad	squad-1	1	bot-338			-	0	30	120	0	7	35
34678	bot-335	bravo	P00m-3310	tick	87.08	84.44	356	2.46	2.46	7.55	2	squad	squad-2	5	bot-331			-	0	14	101	0	7	35
34678	bot-338	alpha	P00r-4310	tick	-90.30	-86.93	226	1.77	2.06		2	patrol	squad-1	0	bot-338			-	0	24	120	0	7	35
34678	bot-339	bravo	P00r-4410	tick	76.16	90.36	246	2.20	2.12	1.93	1	squad	squad-2	1	bot-331			-	0	23	120	0	20	101
34678	bot-341	bravo	P00r-4410	tick	87.06	79.07	345	2.08	2.29	12.94	2	squad	squad-2	6	bot-331			-	0	1	30	0	20	101
34678	bot-343	bravo	P00m-4420	tick	87.08	76.34	9	2.38	2.03	15.90	2	squad	squad-2	7	bot-331			-	0	20	101	0	7	35
34678	bot-345	bravo	P00r-4420	tick	78.84	91.84	285	2.03	2.23	2.28	1	squad	squad-2	2	bot-331			-	0	1	4	0	30	120
34678	bot-347	bravo	P00r-4410	tick	82.60	91.40	287	2.11	2.25	3.52	1	squad	squad-2	3	bot-331			-	0	30	120	0	20	101
34678	bot-349	bravo	P00r-4410	tick	85.20	89.64	297	2.36	2.33	4.02	1	squad	squad-2	4	bot-331			-	0	30	120	0	20	101
34678	bot-351	bravo	P00m-4430	tick	86.54	63.29	342	2.39	1.80	22.30	3	squad	squad-4	7	bot-305			-	0	20	101	0	7	35
34678	bot-352	alpha	P00m-4420	tick	-81.88	-71.92	303	2.40	0.95	9.47	2	squad	squad-1	3	bot-338			-	0	20	101	0	7	35
34678	bot-353	bravo	P00r-4410	tick	86.77	68.29	331	2.02	2.03	6.34	1	squad	squad-4	5	bot-305			-	0	30	120	0	20	101
34678	bot-355	bravo	P00r-4410	tick	87.24	65.94	341	2.36	2.53	5.80	1	squad	squad-4	6	bot-305			-	0	30	120	0	20	101
34678	bot-357	bravo	P00r-4410	tick	68.10	90.38	273	2.36	2.49		22	patrol	squad-35	0	bot-357			-	0	30	120	0	20	101
34678	bot-358	alpha	P00r-4320	tick	-87.30	88.78	280	2.22	2.31		1	patrolReentry	squad-15	0	bot-358			-	0	30	120	0	7	35
34678	bot-359	bravo	P00m-4420	tick	81.23	90.74	303	1.58	2.46	3.52	1	squad	squad-35	4	bot-357			-	0	20	101	0	7	35
34678	bot-361	bravo	P00r-4410	tick	84.84	81.50	343	2.32	2.39	11.33	2	squad	squad-35	5	bot-357			-	0	1	30	0	20	101
34678	bot-362	alpha	P00r-4320	tick	-72.55	83.56	316	1.95	2.32	12.41	2	squad	squad-15	2	bot-358			-	0	1	30	0	7	35
34678	bot-363	bravo	P00r-4410	tick	73.90	90.79	261	2.51	2.48	3.04	1	squad	squad-35	1	bot-357			-	0	1	4	0	30	120
34678	bot-364	alpha	P00r-4310	tick	-79.74	83.37	313	2.34	2.55	6.32	1	squad	squad-15	1	bot-358			-	0	1	4	0	30	120
34678	bot-365	bravo	P00r-4410	tick	75.76	91.84	243	2.30	2.35	2.21	1	squad	squad-35	2	bot-357			-	0	30	120	0	20	101
34678	bot-366	alpha	P00r-4410	tick	-85.25	62.72	189	2.14	1.93		23	patrol	squad-36	0	bot-366			-	0	30	120	0	7	35
34678	bot-367	bravo	P00m-4420	tick	85.03	85.05	329	2.52	2.45	7.72	1	squad	squad-35	6	bot-357			-	0	20	101	0	7	35
34678	bot-368	alpha	P00m-4420	tick	-84.69	78.32	161	2.40	2.01	0.65	1	squad	squad-36	6	bot-366			-	0	20	101	0	7	35
34678	bot-369	bravo	P00r-4410	tick	78.84	90.35	270	2.27	2.27	3.17	1	squad	squad-35	3	bot-357			-	0	30	120	0	20	101
34678	bot-370	alpha	P00r-4410	tick	-85.25	66.53	162	1.16	2.33		0		squad-36	1	bot-366			-	0	30	120	0	7	35
34678	bot-371	alpha	P00r-4410	tick	-85.23	69.33	171	2.42	2.17	1.04	1	squad	squad-36	2	bot-366			-	0	30	120	0	20	101
34678	bot-372	alpha	P00r-4410	tick	-85.24	71.35	204	1.69	1.95	1.25	1	squad	squad-36	3	bot-366			-	0	30	120	0	7	35
34750	bot-379	alpha	P00r-4410	tick	53.02	-88.37	101	1.83	1.14	1.67	1	squad	squad-37	2	bot-376			-	0	30	120	0	20	101
34835	bot-377	alpha	P00m-4420	tick	49.86	-84.80	59	1.70	1.88	4.07	1	squad	squad-37	3	bot-376			-	0	20	101	0	7	35
34835	bot-378	alpha	P00r-4410	tick	53.68	-84.75	80	1.82	1.43	1.22	1	squad	squad-37	1	bot-376			-	0	1	4	0	30	120
34938	bot-376	alpha	P00r-4410	tick	57.88	-87.42	118	2.25	1.89		6	patrol	squad-37	0	bot-376			-	0	1	30	0	7	35
35011	bot-374	alpha	P00r-4410	tick	-84.84	73.21	175	1.81	1.38	1.13	1	squad	squad-36	4	bot-366			-	0	30	120	0	7	35
35011	bot-375	alpha	P00r-4410	tick	-85.03	75.42	196	2.45	1.62	0.71	1	squad	squad-36	5	bot-366			-	0	30	120	0	20	101
35039	bot-373	alpha	P00m-4420	tick	-85.02	80.12	206	2.40	1.74	0.45	1	squad	squad-36	7	bot-366			-	0	20	101	0	7	35
35311	bot-262	bravo	P00m-0300	tick	14.33	54.56	30	2.33	1.90	53.95	11	patrol	squad-27	0	bot-262			-	0	0	0	0	0	0
35695	bot-256	bravo	P00r-3320	tick	89.14	83.37	41	2.41	1.91	1.69	1	squad	squad-4	1	bot-305			-	0	22	100	0	7	35
35695	bot-281	alpha	P00m-4200	tick	-78.45	-33.03	206	2.45	1.92	56.13	7	squad	squad-1	2	bot-338			-	0	20	69	0	7	35
35695	bot-305	bravo	P00r-4320	tick	90.53	88.37	25	2.52	2.21		2	patrol	squad-4	0	bot-305			-	0	1	1	0	30	120
35695	bot-317	bravo	P00r-2320	tick	88.46	79.07	16	2.37	1.87	4.14	1	squad	squad-4	2	bot-305			-	0	11	120	0	20	101
35695	bot-323	bravo	P00r-4320	tick	87.28	74.94	18	1.93	1.13	6.60	1	squad	squad-4	3	bot-305			-	0	1	3	0	30	120
35695	bot-325	bravo	P00r-2320	tick	86.87	71.72	34	1.78	1.37	7.14	1	squad	squad-4	4	bot-305			-	0	15	120	0	20	101
35695	bot-331	bravo	P00r-2410	tick	69.28	90.60	274	2.43	1.94		22	patrol	squad-2	0	bot-331			-	0	13	120	0	20	101
35695	bot-332	alpha	P00r-4410	tick	-87.98	-71.83	255	2.54	1.69	13.48	1	squad	squad-1	1	bot-338			-	0	30	120	0	7	35
35695	bot-335	bravo	P00m-3310	tick	86.12	86.32	298	2.58	2.11	7.16	1	squad	squad-2	5	bot-331			-	0	14	101	0	7	35
35695	bot-338	alpha	P00r-4310	tick	-90.68	-88.22	186	2.05	1.34		1	patrol	squad-1	0	bot-338			-	0	24	120	0	7	35
35695	bot-339	bravo	P00r-4410	tick	74.36	90.56	277	2.50	1.81	2.18	1	squad	squad-2	1	bot-331			-	0	23	120	0	20	101
35695	bot-341	bravo	P00r-4410	tick	86.62	80.72	5	2.26	1.71	12.60	2	squad	squad-2	6	bot-331			-	0	1	30	0	20	101
35695	bot-343	bravo	P00m-4420	tick	87.00	78.26	336	2.21	1.93	15.17	2	squad	squad-2	7	bot-331			-	0	20	101	0	7	35
35695	bot-345	bravo	P00r-4420	tick	77.12	91.86	235	2.38	1.72	2.56	1	squad	squad-2	2	bot-331			-	0	1	4	0	30	120
35695	bot-347	bravo	P00r-4410	tick	80.88	91.43	272	2.28	1.72	3.93	1	squad	squad-2	3	bot-331			-	0	30	120	0	20	101
35695	bot-349	bravo	P00r-4410	tick	83.48	90.60	302	2.41	1.97	4.10	1	squad	squad-2	4	bot-331			-	0	30	120	0	20	101
35695	bot-351	bravo	P00m-4430	tick	86.70	65.16	25	2.37	1.87	22.67	3	squad	squad-4	7	bot-305			-	0	20	101	0	7	35
35695	bot-352	alpha	P00m-4420	tick	-83.84	-71.87	279	2.40	1.96	10.64	3	squad	squad-1	3	bot-338			-	0	20	101	0	7	35
35695	bot-353	bravo	P00r-4410	tick	86.62	69.97	8	2.10	1.68	6.57	1	squad	squad-4	5	bot-305			-	0	30	120	0	20	101
35695	bot-355	bravo	P00r-4410	tick	86.96	67.57	344	2.02	1.65	7.00	1	squad	squad-4	6	bot-305			-	0	30	120	0	20	101
35695	bot-357	bravo	P00r-4410	tick	66.37	90.33	241	2.17	1.73		21	patrol	squad-35	0	bot-357			-	0	30	120	0	20	101
35695	bot-358	alpha	P00r-4320	tick	-88.80	89.65	299	2.41	1.74		1	patrolReentry	squad-15	0	bot-358			-	0	30	120	0	7	35
35695	bot-359	bravo	P00m-4420	tick	79.49	90.51	255	2.25	1.76	3.48	1	squad	squad-35	4	bot-357			-	0	20	101	0	7	35
35695	bot-361	bravo	P00r-4410	tick	83.90	82.87	335	2.22	1.66	8.88	1	squad	squad-35	5	bot-357			-	0	1	30	0	20	101
35695	bot-362	alpha	P00r-4320	tick	-74.05	84.34	310	2.22	1.69	12.81	2	squad	squad-15	2	bot-358			-	0	1	30	0	7	35
35695	bot-363	bravo	P00r-4410	tick	71.87	90.70	287	2.58	2.03	3.08	1	squad	squad-35	1	bot-357			-	0	1	4	0	30	120
35695	bot-364	alpha	P00r-4310	tick	-81.20	83.79	284	1.66	1.53	7.03	1	squad	squad-15	1	bot-358			-	0	1	4	0	30	120
35695	bot-365	bravo	P00r-4410	tick	73.69	91.77	268	2.46	2.07	2.44	1	squad	squad-35	2	bot-357			-	0	30	120	0	20	101
35695	bot-366	alpha	P00r-4410	tick	-85.40	61.02	196	2.37	1.70		22	patrol	squad-36	0	bot-366			-	0	30	120	0	7	35
35695	bot-367	bravo	P00m-4420	tick	84.13	86.90	316	2.44	2.06	4.71	1	squad	squad-35	6	bot-357			-	0	20	101	0	7	35
35695	bot-368	alpha	P00m-4420	tick	-85.32	76.67	204	2.47	1.76	0.99	1	squad	squad-36	6	bot-366			-	0	20	101	0	7	35
35695	bot-369	bravo	P00r-4410	tick	77.13	90.32	247	2.16	1.71	3.05	1	squad	squad-35	3	bot-357			-	0	30	120	0	20	101
35695	bot-370	alpha	P00r-4410	tick	-85.23	64.98	185	1.76	1.56	0.92	1	squad	squad-36	1	bot-366			-	0	30	120	0	7	35
35695	bot-371	alpha	P00r-4410	tick	-85.23	67.35	208	2.57	1.97	1.21	1	squad	squad-36	2	bot-366			-	0	30	120	0	20	101
35695	bot-372	alpha	P00r-4410	tick	-85.21	69.72	186	2.29	1.63	0.69	1	squad	squad-36	3	bot-366			-	0	30	120	0	7	35
35755	bot-379	alpha	P00r-4410	tick	54.54	-88.93	110	1.81	1.62	1.99	1	squad	squad-37	2	bot-376			-	0	30	120	0	20	101
35855	bot-377	alpha	P00m-4420	tick	50.86	-84.16	46	1.21	1.19	4.66	1	squad	squad-37	3	bot-376			-	0	20	101	0	7	35
35855	bot-378	alpha	P00r-4410	tick	55.23	-84.64	78	1.99	1.55	1.83	1	squad	squad-37	1	bot-376			-	0	1	4	0	30	120
35958	bot-376	alpha	P00r-4410	tick	59.97	-87.61	105	2.40	2.10		6	patrol	squad-37	0	bot-376			-	0	1	30	0	7	35
36024	bot-374	alpha	P00r-4410	tick	-85.23	71.54	200	2.16	1.72	1.70	1	squad	squad-36	4	bot-366			-	0	30	120	0	7	35
36024	bot-375	alpha	P00r-4410	tick	-85.34	74.10	225	1.93	1.36	1.17	1	squad	squad-36	5	bot-366			-	0	30	120	0	20	101
36048	bot-373	alpha	P00m-4420	tick	-85.50	78.23	186	2.45	1.95	0.52	1	squad	squad-36	7	bot-366			-	0	20	101	0	7	35
36326	bot-262	bravo	P00m-0300	tick	15.95	55.83	48	2.43	2.05	55.72	11	patrol	squad-27	0	bot-262			-	0	0	0	0	0	0
36713	bot-256	bravo	P00r-3320	tick	89.73	85.65	16	2.55	2.36	2.45	1	squad	squad-4	1	bot-305			-	0	22	100	0	7	35
36713	bot-281	alpha	P00m-4200	tick	-79.32	-35.19	171	2.38	2.32	55.95	8	squad	squad-1	2	bot-338			-	0	20	69	0	7	35
36713	bot-305	bravo	P00r-4320	tick	91.18	90.59	342	2.40	2.30		1	patrol	squad-4	0	bot-305			-	0	1	1	0	30	120
36713	bot-317	bravo	P00r-2320	tick	88.83	81.21	352	2.23	2.17	4.02	1	squad	squad-4	2	bot-305			-	0	11	120	0	20	101
36713	bot-323	bravo	P00r-4320	tick	87.59	76.98	352	2.42	2.07	6.63	1	squad	squad-4	3	bot-305			-	0	1	3	0	30	120
36713	bot-325	bravo	P00r-2320	tick	87.01	73.39	4	1.75	1.67	7.66	1	squad	squad-4	4	bot-305			-	0	15	120	0	20	101
36713	bot-331	bravo	P00r-2410	tick	67.13	90.32	280	2.23	2.17		21	patrol	squad-2	0	bot-331			-	0	13	120	0	20	101
36713	bot-332	alpha	P00r-4410	tick	-88.01	-73.98	205	2.40	2.15	13.39	2	squad	squad-1	1	bot-338			-	0	30	120	0	7	35
36713	bot-335	bravo	P00m-3310	tick	84.59	88.06	315	2.42	2.32	6.66	1	squad	squad-2	5	bot-331			-	0	14	101	0	7	35
36713	bot-338	alpha	P00r-4310	tick	-91.08	-90.25	170	2.49	2.07		1	patrol	squad-1	0	bot-338			-	0	24	120	0	7	35
36713	bot-339	bravo	P00r-4410	tick	72.07	90.28	281	2.58	2.30	2.06	1	squad	squad-2	1	bot-331			-	0	23	120	0	20	101
36713	bot-341	bravo	P00r-4410	tick	85.75	82.74	325	2.46	2.20	11.23	2	squad	squad-2	6	bot-331			-	0	1	30	0	20	101
36713	bot-343	bravo	P00m-4420	tick	86.59	80.21	4	2.21	1.99	10.52	2	squad	squad-2	7	bot-331			-	0	20	101	0	7	35
36713	bot-345	bravo	P00r-4420	tick	74.82	91.61	254	2.50	2.32	3.10	1	squad	squad-2	2	bot-331			-	0	1	4	0	30	120
36713	bot-347	bravo	P00r-4410	tick	78.80	91.54	251	2.18	2.08	3.93	1	squad	squad-2	3	bot-331			-	0	30	120	0	20	101
36713	bot-349	bravo	P00r-4410	tick	81.42	91.22	248	2.30	2.15	4.63	1	squad	squad-2	4	bot-331			-	0	30	120	0	20	101
36713	bot-351	bravo	P00m-4430	tick	86.73	67.32	0	2.03	2.16	22.84	3	squad	squad-4	7	bot-305			-	0	20	101	0	7	35
36713	bot-352	alpha	P00m-4420	tick	-86.10	-71.81	246	2.40	2.26	11.85	3	squad	squad-1	3	bot-338			-	0	20	101	0	7	35
36713	bot-353	bravo	P00r-4410	tick	86.69	71.71	26	1.72	1.75	6.98	1	squad	squad-4	5	bot-305			-	0	30	120	0	20	101
36713	bot-355	bravo	P00r-4410	tick	86.81	69.51	25	2.22	1.95	7.03	1	squad	squad-4	6	bot-305			-	0	30	120	0	20	101
36713	bot-357	bravo	P00r-4410	tick	64.17	90.28	273	2.48	2.20		21	patrol	squad-35	0	bot-357			-	0	30	120	0	20	101
36713	bot-358	alpha	P00r-4320	tick	-90.86	90.97	334	2.70	2.45		1	patrolReentry	squad-15	0	bot-358			-	0	30	120	0	7	35
36713	bot-359	bravo	P00m-4420	tick	77.40	90.30	255	2.16	2.10	3.57	1	squad	squad-35	4	bot-357			-	0	20	101	0	7	35
36713	bot-361	bravo	P00r-4410	tick	82.38	84.68	292	2.66	2.37	7.84	1	squad	squad-35	5	bot-357			-	0	1	30	0	20	101
36713	bot-362	alpha	P00r-4320	tick	-76.03	85.15	270	2.28	2.13	12.85	2	squad	squad-15	2	bot-358			-	0	1	30	0	7	35
36713	bot-363	bravo	P00r-4410	tick	69.56	90.53	257	2.44	2.32	2.95	1	squad	squad-35	1	bot-357			-	0	1	4	0	30	120
36713	bot-364	alpha	P00r-4310	tick	-82.68	84.39	274	1.77	1.59	7.55	1	squad	squad-15	1	bot-358			-	0	1	4	0	30	120
36713	bot-365	bravo	P00r-4410	tick	71.37	91.36	268	2.46	2.36	2.01	1	squad	squad-35	2	bot-357			-	0	30	120	0	20	101
36713	bot-366	alpha	P00r-4410	tick	-85.44	58.86	163	2.32	2.16		22	patrol	squad-36	0	bot-366			-	0	30	120	0	7	35
36713	bot-367	bravo	P00m-4420	tick	82.44	88.30	330	2.51	2.20	4.00	1	squad	squad-35	6	bot-357			-	0	20	101	0	7	35
36713	bot-368	alpha	P00m-4420	tick	-85.70	74.78	209	2.23	1.93	1.16	1	squad	squad-36	6	bot-366			-	0	20	101	0	7	35
36713	bot-369	bravo	P00r-4410	tick	75.09	90.14	271	2.28	2.05	3.07	1	squad	squad-35	3	bot-357			-	0	30	120	0	20	101
36713	bot-370	alpha	P00r-4410	tick	-85.41	63.22	214	2.04	1.76	1.25	1	squad	squad-36	1	bot-366			-	0	30	120	0	7	35
36713	bot-371	alpha	P00r-4410	tick	-85.67	65.17	179	1.98	2.23	1.10	1	squad	squad-36	2	bot-366			-	0	30	120	0	20	101
36713	bot-372	alpha	P00r-4410	tick	-85.62	67.59	161	2.55	2.18	0.69	1	squad	squad-36	3	bot-366			-	0	30	120	0	7	35
36805	bot-379	alpha	P00r-4410	tick	56.51	-89.50	115	2.22	2.05	2.00	1	squad	squad-37	2	bot-376			-	0	30	120	0	20	101
36864	bot-377	alpha	P00m-4420	tick	52.17	-83.83	66	1.96	1.35	5.30	1	squad	squad-37	3	bot-376			-	0	20	101	0	7	35
36864	bot-378	alpha	P00r-4410	tick	57.34	-84.57	112	2.46	2.12	1.89	1	squad	squad-37	1	bot-376			-	0	1	4	0	30	120
36961	bot-376	alpha	P00r-4410	tick	62.05	-87.92	74	2.33	2.11		6	patrol	squad-37	0	bot-376			-	0	1	30	0	7	35
37040	bot-374	alpha	P00r-4410	tick	-85.61	69.61	206	2.32	1.97	1.88	1	squad	squad-36	4	bot-366			-	0	30	120	0	7	35
37040	bot-375	alpha	P00r-4410	tick	-85.66	72.02	181	2.19	2.10	1.41	1	squad	squad-36	5	bot-366			-	0	30	120	0	20	101
37065	bot-373	alpha	P00m-4420	tick	-86.06	76.23	213	1.97	2.07	0.44	1	squad	squad-36	7	bot-366			-	0	20	101	0	7	35
37333	bot-262	bravo	P00m-0300	tick	17.71	57.26	74	2.43	2.27	57.67	10	patrol	squad-27	0	bot-262			-	0	0	0	0	0	0
37694	bot-380	alpha	P00r-0410	initial	66.75	-93.75	0	0.00			0			-1				-	0			0		
37716	bot-256	bravo	P00r-3320	tick	91.00	87.81	3	2.46	2.51	3.53	1	squad	squad-4	1	bot-305			-	0	22	100	0	7	35
37716	bot-281	alpha	P00m-4200	tick	-79.92	-36.98	191	1.71	1.89	54.57	8	squad	squad-1	2	bot-338			-	0	20	69	0	7	35
37716	bot-305	bravo	P00r-4320	tick	89.37	91.07	270	2.40	1.87		24	patrol	squad-4	0	bot-305			-	0	1	1	0	30	120
37716	bot-317	bravo	P00r-2320	tick	89.83	83.17	24	2.41	2.21	8.97	1	squad	squad-4	2	bot-305			-	0	11	120	0	20	101
37716	bot-323	bravo	P00r-4320	tick	87.68	77.60	349	0.13	0.62		0		squad-4	3	bot-305			-	0	1	3	0	30	120
37716	bot-325	bravo	P00r-2320	tick	86.97	73.77	356	0.28	0.38		0		squad-4	4	bot-305			-	0	15	120	0	20	101
37716	bot-331	bravo	P00r-2410	tick	64.89	90.31	248	2.42	2.24		21	patrol	squad-2	0	bot-331			-	0	13	120	0	20	101
37716	bot-332	alpha	P00r-4410	tick	-88.20	-76.38	176	2.40	2.40	16.19	3	squad	squad-1	1	bot-338			-	0	30	120	0	7	35
37716	bot-335	bravo	P00m-3310	tick	82.30	88.90	313	2.46	2.44	4.57	1	squad	squad-2	5	bot-331			-	0	14	101	0	7	35
37716	bot-338	alpha	P00r-4310	tick	-89.92	-90.40	76	2.27	1.17		24	patrol	squad-1	0	bot-338			-	0	24	120	0	7	35
37716	bot-339	bravo	P00r-4410	tick	69.61	89.90	249	2.44	2.49	1.58	1	squad	squad-2	1	bot-331			-	0	23	120	0	20	101
37716	bot-341	bravo	P00r-4410	tick	84.33	84.81	307	2.53	2.51	7.23	1	squad	squad-2	6	bot-331			-	0	1	30	0	20	101
37716	bot-343	bravo	P00m-4420	tick	85.01	81.68	351	2.22	2.17	9.32	2	squad	squad-2	7	bot-331			-	0	20	101	0	7	35
37716	bot-345	bravo	P00r-4420	tick	72.41	91.19	286	2.49	2.44	2.69	1	squad	squad-2	2	bot-331			-	0	1	4	0	30	120
37716	bot-347	bravo	P00r-4410	tick	76.66	90.93	271	2.37	2.23	4.55	1	squad	squad-2	3	bot-331			-	0	30	120	0	20	101
37716	bot-349	bravo	P00r-4410	tick	79.18	90.80	255	2.22	2.28	4.44	1	squad	squad-2	4	bot-331			-	0	30	120	0	20	101
37716	bot-351	bravo	P00m-4430	tick	86.84	69.32	3	2.07	2.01	21.98	3	squad	squad-4	7	bot-305			-	0	20	101	0	7	35
37716	bot-352	alpha	P00m-4420	tick	-87.05	-71.82	252	0.02	0.95		0		squad-1	3	bot-338			-	0	20	101	0	7	35
37716	bot-353	bravo	P00r-4410	tick	86.95	72.53	34	0.25	0.86		0		squad-4	5	bot-305			-	0	30	120	0	20	101
37716	bot-355	bravo	P00r-4410	tick	86.77	70.01	31	0.29	0.50		0		squad-4	6	bot-305			-	0	30	120	0	20	101
37716	bot-357	bravo	P00r-4410	tick	61.66	90.22	292	2.48	2.51		21	patrol	squad-35	0	bot-357			-	0	30	120	0	20	101
37716	bot-358	alpha	P00r-4320	tick	-90.36	89.73	146	1.96	1.34		26	patrol	squad-15	0	bot-358			-	0	30	120	0	7	35
37716	bot-359	bravo	P00m-4420	tick	75.20	90.26	287	2.40	2.20	3.88	1	squad	squad-35	4	bot-357			-	0	20	101	0	7	35
37716	bot-361	bravo	P00r-4410	tick	80.42	86.22	301	2.38	2.49	7.67	1	squad	squad-35	5	bot-357			-	0	1	30	0	20	101
37716	bot-362	alpha	P00r-4320	tick	-78.28	85.65	283	2.42	2.30	16.45	2	squad	squad-15	2	bot-358			-	0	1	30	0	7	35
37716	bot-363	bravo	P00r-4410	tick	67.21	90.38	249	2.26	2.35	2.75	1	squad	squad-35	1	bot-357			-	0	1	4	0	30	120
37716	bot-364	alpha	P00r-4310	tick	-84.15	85.92	336	2.28	2.13	9.34	1	squad	squad-15	1	bot-358			-	0	1	4	0	30	120
37716	bot-365	bravo	P00r-4410	tick	68.99	91.12	243	2.42	2.39	1.80	1	squad	squad-35	2	bot-357			-	0	30	120	0	20	101
37716	bot-366	alpha	P00r-4410	tick	-85.30	56.29	168	2.78	2.58		22	patrol	squad-36	0	bot-366			-	0	30	120	0	7	35
37716	bot-367	bravo	P00m-4420	tick	80.15	89.25	281	2.31	2.47	3.78	1	squad	squad-35	6	bot-357			-	0	20	101	0	7	35
37716	bot-368	alpha	P00m-4420	tick	-85.73	72.46	176	2.29	2.32	0.93	1	squad	squad-36	6	bot-366			-	0	20	101	0	7	35
37716	bot-369	bravo	P00r-4410	tick	72.74	89.74	274	2.42	2.39	2.95	1	squad	squad-35	3	bot-357			-	0	30	120	0	20	101
37716	bot-370	alpha	P00r-4410	tick	-85.54	61.00	162	2.33	2.22	2.20	1	squad	squad-36	1	bot-366			-	0	30	120	0	7	35
37716	bot-371	alpha	P00r-4410	tick	-85.63	63.35	147	1.95	1.82	1.35	1	squad	squad-36	2	bot-366			-	0	30	120	0	20	101
37716	bot-372	alpha	P00r-4410	tick	-85.74	65.13	185	1.96	2.46	1.55	1	squad	squad-36	3	bot-366			-	0	30	120	0	7	35
37755	bot-380	alpha	P00r-4410	ammo	66.75	-93.75	0	0.06	0.00		0		squad-37	3	bot-376			-	0	30	120	0	7	35
37806	bot-379	alpha	P00r-4410	tick	58.13	-89.19	9	1.43	1.65	2.51	1	squad	squad-37	2	bot-376			-	0	30	120	0	20	101
37873	bot-377	alpha	P00m-4420	tick	53.97	-83.89	148	2.23	1.80	3.93	1	squad	squad-37	4	bot-376			-	0	20	101	0	7	35
37873	bot-378	alpha	P00r-4410	tick	59.66	-84.93	124	1.63	2.35	3.71	1	squad	squad-37	1	bot-376			-	0	1	4	0	30	120
37981	bot-376	alpha	P00r-4410	tick	64.48	-88.13	96	2.44	2.43		5	patrol	squad-37	0	bot-376			-	0	1	30	0	7	35
38047	bot-374	alpha	P00r-4410	tick	-85.69	67.11	172	2.60	2.49	1.89	1	squad	squad-36	4	bot-366			-	0	30	120	0	7	35
38047	bot-375	alpha	P00r-4410	tick	-85.71	69.95	160	2.07	2.07	1.92	1	squad	squad-36	5	bot-366			-	0	30	120	0	20	101
38069	bot-373	alpha	P00m-4420	tick	-85.87	74.12	191	2.05	2.12	1.76	1	squad	squad-36	7	bot-366			-	0	20	101	0	7	35
38349	bot-262	bravo	P00m-0300	tick	19.48	59.02	42	2.49	2.49	59.71	10	patrol	squad-27	0	bot-262			-	0	0	0	0	0	0
38724	bot-256	bravo	P00r-3320	tick	91.07	90.10	348	2.40	2.29	1.09	1	squad	squad-4	1	bot-305			-	0	22	100	0	7	35
38724	bot-281	alpha	P00m-4200	tick	-80.19	-38.97	208	2.43	2.01	51.28	8	squad	squad-1	2	bot-338			-	0	20	69	0	7	35
38724	bot-305	bravo	P00r-4320	tick	87.03	91.15	298	2.14	2.34		24	patrol	squad-4	0	bot-305			-	0	1	1	0	30	120
38724	bot-317	bravo	P00r-2320	tick	90.91	85.62	42	2.67	2.68	5.53	1	squad	squad-4	2	bot-305			-	0	11	120	0	20	101
38724	bot-323	bravo	P00r-4320	tick	88.06	78.74	49	2.24	1.20	13.78	2	squad	squad-4	3	bot-305			-	0	1	3	0	30	120
38724	bot-325	bravo	P00r-2320	tick	86.85	73.63	356	0.52	0.18		0		squad-4	4	bot-305			-	0	15	120	0	20	101
38724	bot-331	bravo	P00r-2410	tick	62.36	90.21	267	2.74	2.53		21	patrol	squad-2	0	bot-331			-	0	13	120	0	20	101
38724	bot-332	alpha	P00r-4410	tick	-88.59	-78.73	174	2.40	2.39	9.91	2	squad	squad-1	1	bot-338			-	0	30	120	0	7	35
38724	bot-335	bravo	P00m-3310	tick	79.87	89.41	274	2.27	2.48	4.38	1	squad	squad-2	5	bot-331			-	0	14	101	0	7	35
38724	bot-338	alpha	P00r-4310	tick	-87.77	-89.38	79	2.45	2.37		24	patrol	squad-1	0	bot-338			-	0	24	120	0	7	35
38724	bot-339	bravo	P00r-4410	tick	67.23	89.77	249	2.30	2.38	2.38	1	squad	squad-2	1	bot-331			-	0	23	120	0	20	101
38724	bot-341	bravo	P00r-4410	tick	82.46	86.58	325	2.33	2.57	6.11	1	squad	squad-2	6	bot-331			-	0	1	30	0	20	101
38724	bot-343	bravo	P00m-4420	tick	83.11	82.79	274	2.56	2.20	21.64	3	squad	squad-2	7	bot-331			-	0	20	101	0	7	35
38724	bot-345	bravo	P00r-4420	tick	69.93	91.11	248	2.30	2.48	2.37	1	squad	squad-2	2	bot-331			-	0	1	4	0	30	120
38724	bot-347	bravo	P00r-4410	tick	74.24	90.68	280	2.58	2.44	4.28	1	squad	squad-2	3	bot-331			-	0	30	120	0	20	101
38724	bot-349	bravo	P00r-4410	tick	77.04	90.64	302	1.98	2.15	4.53	1	squad	squad-2	4	bot-331			-	0	30	120	0	20	101
38724	bot-351	bravo	P00m-4430	tick	87.10	69.51	41	0.78	0.32		0		squad-4	7	bot-305			-	0	20	101	0	7	35
38724	bot-352	alpha	P00m-4420	tick	-87.97	-72.39	241	2.22	1.08	16.51	3	squad	squad-1	3	bot-338			-	0	20	101	0	7	35
38724	bot-353	bravo	P00r-4410	tick	86.87	72.38	34	0.02	0.18		0		squad-4	5	bot-305			-	0	30	120	0	20	101
38724	bot-355	bravo	P00r-4410	tick	86.69	69.93	31	0.83	0.11		0		squad-4	6	bot-305			-	0	30	120	0	20	101
38724	bot-357	bravo	P00r-4410	tick	59.06	90.22	260	2.47	2.60		20	patrol	squad-35	0	bot-357			-	0	30	120	0	20	101
38724	bot-358	alpha	P00r-4320	tick	-89.23	87.83	126	2.49	2.21		26	patrol	squad-15	0	bot-358			-	0	30	120	0	7	35
38724	bot-359	bravo	P00m-4420	tick	72.70	90.33	273	2.61	2.49	3.93	1	squad	squad-35	4	bot-357			-	0	20	101	0	7	35
38724	bot-361	bravo	P00r-4410	tick	78.69	87.17	316	1.08	1.98	7.40	1	squad	squad-35	5	bot-357			-	0	1	30	0	20	101
38724	bot-362	alpha	P00r-4320	tick	-80.60	86.25	309	1.96	2.39	12.57	2	squad	squad-15	2	bot-358			-	0	1	30	0	7	35
38724	bot-363	bravo	P00r-4410	tick	64.94	90.31	283	2.19	2.28	2.65	1	squad	squad-35	1	bot-357			-	0	1	4	0	30	120
38724	bot-364	alpha	P00r-4310	tick	-85.55	87.54	335	2.14	2.14	5.08	1	squad	squad-15	1	bot-358			-	0	1	4	0	30	120
38724	bot-365	bravo	P00r-4410	tick	66.71	91.04	272	2.00	2.28	2.85	1	squad	squad-35	2	bot-357			-	0	30	120	0	20	101
38724	bot-366	alpha	P00r-4410	tick	-85.08	53.77	189	2.38	2.53		21	patrol	squad-36	0	bot-366			-	0	30	120	0	7	35
38724	bot-367	bravo	P00m-4420	tick	77.95	89.52	251	2.29	2.22	4.07	1	squad	squad-35	6	bot-357			-	0	20	101	0	7	35
38724	bot-368	alpha	P00m-4420	tick	-85.95	70.55	199	1.96	1.93	3.11	1	squad	squad-36	6	bot-366			-	0	20	101	0	7	35
38724	bot-369	bravo	P00r-4410	tick	70.25	89.64	234	2.45	2.49	3.58	1	squad	squad-35	3	bot-357			-	0	30	120	0	20	101
38724	bot-370	alpha	P00r-4410	tick	-85.53	58.69	171	2.35	2.32	1.88	1	squad	squad-36	1	bot-366			-	0	30	120	0	7	35
38724	bot-371	alpha	P00r-4410	tick	-85.60	61.17	208	2.59	2.18	2.39	1	squad	squad-36	2	bot-366			-	0	30	120	0	20	101
38724	bot-372	alpha	P00r-4410	tick	-85.81	63.29	226	2.19	1.85	2.21	1	squad	squad-36	3	bot-366			-	0	30	120	0	7	35
38773	bot-380	alpha	P00r-4410	tick	65.73	-92.22	16	2.40	1.84	10.23	3	squad	squad-37	3	bot-376			-	0	30	120	0	7	35
38818	bot-379	alpha	P00r-4410	tick	59.82	-88.74	109	2.19	1.75	4.48	1	squad	squad-37	2	bot-376			-	0	30	120	0	20	101
38897	bot-377	alpha	P00m-4420	tick	54.82	-85.53	140	1.77	1.85	10.17	1	squad	squad-37	4	bot-376			-	0	20	101	0	7	35
38897	bot-378	alpha	P00r-4410	tick	61.45	-85.41	73	2.06	1.85	2.37	1	squad	squad-37	1	bot-376			-	0	1	4	0	30	120
38985	bot-376	alpha	P00r-4410	tick	66.82	-88.08	112	2.12	2.34		4	patrol	squad-37	0	bot-376			-	0	1	30	0	7	35
39084	bot-373	alpha	P00m-4420	tick	-86.68	72.32	195	2.03	1.97	3.13	1	squad	squad-36	7	bot-366			-	0	20	101	0	7	35
39084	bot-374	alpha	P00r-4410	tick	-86.46	64.94	186	1.70	2.30	2.25	1	squad	squad-36	4	bot-366			-	0	30	120	0	7	35
39084	bot-375	alpha	P00r-4410	tick	-85.89	67.55	230	2.50	2.41	2.74	1	squad	squad-36	5	bot-366			-	0	30	120	0	20	101
39367	bot-262	bravo	P00m-0300	tick	20.79	60.16	21	0.99	1.75	61.21	10	patrol	squad-27	0	bot-262			-	0	0	0	0	0	0
39964	bot-256	bravo	P00r-3320	tick	89.05	91.06	306	2.37	2.24	0.63	1	squad	squad-4	1	bot-305			-	0	22	100	0	7	35
39964	bot-281	alpha	P00m-4200	tick	-80.69	-41.00	186	1.71	2.09	47.95	7	squad	squad-1	2	bot-338			-	0	20	69	0	7	35
39964	bot-305	bravo	P00r-4320	tick	84.91	91.28	266	2.18	2.13		24	patrol	squad-4	0	bot-305			-	0	1	1	0	30	120
39964	bot-317	bravo	P00r-2320	tick	91.11	88.14	342	2.47	2.53	3.30	1	squad	squad-4	2	bot-305			-	0	11	120	0	20	101
39964	bot-323	bravo	P00r-4320	tick	88.67	80.79	12	2.32	2.14	11.03	2	squad	squad-4	3	bot-305			-	0	1	3	0	30	120
39964	bot-325	bravo	P00r-2320	tick	86.67	73.97	23	0.97	0.38	19.20	2	squad	squad-4	4	bot-305			-	0	15	120	0	20	101
39964	bot-331	bravo	P00r-2410	tick	59.82	90.23	298	2.56	2.55		21	patrol	squad-2	0	bot-331			-	0	13	120	0	20	101
39964	bot-332	alpha	P00r-4410	tick	-88.80	-80.92	196	2.40	2.20	8.50	2	squad	squad-1	1	bot-338			-	0	30	120	0	7	35
39964	bot-335	bravo	P00m-3310	tick	77.73	89.55	252	2.33	2.15	4.92	1	squad	squad-2	5	bot-331			-	0	14	101	0	7	35
39964	bot-338	alpha	P00r-4310	tick	-85.67	-88.35	39	2.20	2.35		24	patrol	squad-1	0	bot-338			-	0	24	120	0	7	35
39964	bot-339	bravo	P00r-4410	tick	65.08	89.70	281	2.58	2.15	2.43	1	squad	squad-2	1	bot-331			-	0	23	120	0	20	101
39964	bot-341	bravo	P00r-4410	tick	80.38	87.58	304	2.48	2.31	5.56	1	squad	squad-2	6	bot-331			-	0	1	30	0	20	101
39964	bot-343	bravo	P00m-4420	tick	80.93	83.79	291	2.76	2.40	21.84	3	squad	squad-2	7	bot-331			-	0	20	101	0	7	35
39964	bot-345	bravo	P00r-4420	tick	67.78	90.98	238	2.25	2.16	2.38	1	squad	squad-2	2	bot-331			-	0	1	4	0	30	120
39964	bot-347	bravo	P00r-4410	tick	71.84	90.45	246	2.78	2.41	4.11	1	squad	squad-2	3	bot-331			-	0	30	120	0	20	101
39964	bot-349	bravo	P00r-4410	tick	74.87	90.57	263	2.23	2.16	4.77	1	squad	squad-2	4	bot-331			-	0	30	120	0	20	101
39964	bot-351	bravo	P00m-4430	tick	86.97	69.36	41	0.01	0.20		0		squad-4	7	bot-305			-	0	20	101	0	7	35
39964	bot-352	alpha	P00m-4420	tick	-88.28	-74.59	169	1.67	2.22	17.25	3	squad	squad-1	3	bot-338			-	0	20	101	0	7	35
39964	bot-353	bravo	P00r-4410	tick	86.75	72.41	34	0.37	0.12		0		squad-4	5	bot-305			-	0	30	120	0	20	101
39964	bot-355	bravo	P00r-4410	tick	86.58	69.84	31	0.01	0.15		0		squad-4	6	bot-305			-	0	30	120	0	20	101
39964	bot-357	bravo	P00r-4410	tick	56.82	90.22	254	1.67	2.24		20	patrol	squad-35	0	bot-357			-	0	30	120	0	20	101
39964	bot-358	alpha	P00r-4320	tick	-88.05	85.58	181	2.52	2.54		25	patrol	squad-15	0	bot-358			-	0	30	120	0	7	35
39964	bot-359	bravo	P00m-4420	tick	70.26	90.51	244	1.99	2.45	2.84	1	squad	squad-35	4	bot-357			-	0	20	101	0	7	35
39964	bot-361	bravo	P00r-4410	tick	76.86	88.07	283	2.18	2.04	7.56	1	squad	squad-35	5	bot-357			-	0	1	30	0	20	101
39964	bot-362	alpha	P00r-4320	tick	-82.16	86.52	267	1.80	1.59	9.52	2	squad	squad-15	2	bot-358			-	0	1	30	0	7	35
39964	bot-363	bravo	P00r-4410	tick	62.59	90.14	284	1.91	2.36	2.62	1	squad	squad-35	1	bot-357			-	0	1	4	0	30	120
39964	bot-364	alpha	P00r-4310	tick	-86.55	88.48	303	0.48	1.38		0		squad-15	1	bot-358			-	0	1	4	0	30	120
39964	bot-365	bravo	P00r-4410	tick	64.72	91.12	294	2.36	1.99	2.19	1	squad	squad-35	2	bot-357			-	0	30	120	0	20	101
39964	bot-366	alpha	P00r-4410	tick	-84.80	51.63	175	2.39	2.16		20	patrol	squad-36	0	bot-366			-	0	30	120	0	7	35
39964	bot-367	bravo	P00m-4420	tick	76.10	89.66	285	2.00	1.85	4.73	1	squad	squad-35	6	bot-357			-	0	20	101	0	7	35
39964	bot-368	alpha	P00m-4420	tick	-86.15	68.82	166	2.42	1.74	2.44	1	squad	squad-36	6	bot-366			-	0	20	101	0	7	35
39964	bot-369	bravo	P00r-4410	tick	67.94	89.66	247	2.48	2.31	3.60	1	squad	squad-35	3	bot-357			-	0	30	120	0	20	101
39964	bot-370	alpha	P00r-4410	tick	-85.20	56.29	190	2.64	2.42	1.60	1	squad	squad-36	1	bot-366			-	0	30	120	0	7	35
39964	bot-371	alpha	P00r-4410	tick	-85.61	59.24	171	0.76	1.93	2.35	1	squad	squad-36	2	bot-366			-	0	30	120	0	20	101
39964	bot-372	alpha	P00r-4410	tick	-85.85	61.43	127	2.10	1.86	2.14	1	squad	squad-36	3	bot-366			-	0	30	120	0	7	35
39964	bot-377	alpha	P00m-4420	tick	55.90	-86.58	105	2.20	1.51	9.78	1	squad	squad-37	4	bot-376			-	0	20	101	0	7	35
39964	bot-378	alpha	P00r-4410	tick	63.12	-85.34	87	2.28	1.67	1.76	1	squad	squad-37	1	bot-376			-	0	1	4	0	30	120
39964	bot-379	alpha	P00r-4410	tick	61.36	-89.22	132	1.86	1.61	3.76	1	squad	squad-37	2	bot-376			-	0	30	120	0	20	101
39964	bot-380	alpha	P00r-4410	tick	65.24	-90.14	334	2.46	2.13	7.26	2	squad	squad-37	3	bot-376			-	0	30	120	0	7	35
40268	bot-373	alpha	P00m-4420	tick	-86.46	71.21	137	2.27	1.13	2.69	1	squad	squad-36	7	bot-366			-	0	20	101	0	7	35
40268	bot-374	alpha	P00r-4410	tick	-86.37	64.07	159	1.53	0.88	2.61	1	squad	squad-36	4	bot-366			-	0	30	120	0	7	35
40268	bot-375	alpha	P00r-4410	tick	-85.71	66.07	160	1.92	1.49	1.82	1	squad	squad-36	5	bot-366			-	0	30	120	0	20	101
40268	bot-376	alpha	P00r-4410	tick	68.44	-87.84	80	2.02	1.64		4	patrol	squad-37	0	bot-376			-	0	1	30	0	7	35
40427	bot-262	bravo	P00m-0300	tick	20.91	60.29	55	1.09	0.17	61.35	10	patrol	squad-27	0	bot-262			-	0	0	0	0	0	0
41019	bot-256	bravo	P00r-3320	tick	87.95	91.18	265	2.26	1.10	0.54	1	squad	squad-4	1	bot-305			-	0	22	100	0	7	35
41019	bot-281	alpha	P00m-4200	tick	-81.07	-42.12	189	2.50	1.18	46.22	7	squad	squad-1	2	bot-338			-	0	20	69	0	7	35
41019	bot-305	bravo	P00r-4320	tick	83.96	91.35	252	0.81	0.96		24	patrol	squad-4	0	bot-305			-	0	1	1	0	30	120
41019	bot-317	bravo	P00r-2320	tick	90.62	89.21	309	2.41	1.18	3.10	1	squad	squad-4	2	bot-305			-	0	11	120	0	20	101
41019	bot-323	bravo	P00r-4320	tick	88.92	81.80	358	0.68	1.04	10.58	2	squad	squad-4	3	bot-305			-	0	1	3	0	30	120
41019	bot-325	bravo	P00r-2320	tick	86.78	74.76	342	1.48	0.80	18.88	3	squad	squad-4	4	bot-305			-	0	15	120	0	20	101
41019	bot-331	bravo	P00r-2410	tick	58.65	90.23	258	2.48	1.17		20	patrol	squad-2	0	bot-331			-	0	13	120	0	20	101
41019	bot-332	alpha	P00r-4410	tick	-88.62	-81.91	183	1.21	1.00	7.50	2	squad	squad-1	1	bot-338			-	0	30	120	0	7	35
41019	bot-335	bravo	P00m-3310	tick	76.86	89.60	299	2.03	0.87	6.12	1	squad	squad-2	5	bot-331			-	0	14	101	0	7	35
41019	bot-338	alpha	P00r-4310	tick	-84.79	-87.87	61	2.23	0.99		24	patrol	squad-1	0	bot-338			-	0	24	120	0	7	35
41019	bot-339	bravo	P00r-4410	tick	63.95	89.71	279	2.21	1.13	2.48	1	squad	squad-2	1	bot-331			-	0	23	120	0	20	101
41019	bot-341	bravo	P00r-4410	tick	79.43	87.93	266	1.89	1.01	6.66	1	squad	squad-2	6	bot-331			-	0	1	30	0	20	101
41019	bot-343	bravo	P00m-4420	tick	79.90	84.27	315	2.32	1.14	21.75	3	squad	squad-2	7	bot-331			-	0	20	101	0	7	35
41019	bot-345	bravo	P00r-4420	tick	66.83	91.08	294	2.23	0.95	3.37	1	squad	squad-2	2	bot-331			-	0	1	4	0	30	120
41019	bot-347	bravo	P00r-4410	tick	70.65	90.48	267	1.50	1.19	3.99	1	squad	squad-2	3	bot-331			-	0	30	120	0	20	101
41019	bot-349	bravo	P00r-4410	tick	73.71	90.46	244	2.54	1.17	4.65	1	squad	squad-2	4	bot-331			-	0	30	120	0	20	101
41019	bot-351	bravo	P00m-4430	tick	87.48	70.06	8	0.24	0.86		0		squad-4	7	bot-305			-	0	20	101	0	7	35
41019	bot-352	alpha	P00m-4420	tick	-88.30	-75.66	165	2.40	1.07	16.21	3	squad	squad-1	3	bot-338			-	0	20	101	0	7	35
41019	bot-353	bravo	P00r-4410	tick	86.72	72.48	10	1.82	0.08	22.16	3	squad	squad-4	5	bot-305			-	0	30	120	0	20	101
41019	bot-355	bravo	P00r-4410	tick	86.57	69.81	31	0.60	0.03		0		squad-4	6	bot-305			-	0	30	120	0	20	101
41019	bot-357	bravo	P00r-4410	tick	55.96	90.23	296	1.84	0.86		20	patrol	squad-35	0	bot-357			-	0	30	120	0	20	101
41019	bot-358	alpha	P00r-4320	tick	-87.71	84.39	178	2.68	1.23		25	patrol	squad-15	0	bot-358			-	0	30	120	0	7	35
41019	bot-359	bravo	P00m-4420	tick	69.13	90.56	275	2.41	1.13	2.74	1	squad	squad-35	4	bot-357			-	0	20	101	0	7	35
41019	bot-361	bravo	P00r-4410	tick	75.96	88.35	258	2.09	0.94	7.74	1	squad	squad-35	5	bot-357			-	0	1	30	0	20	101
41019	bot-362	alpha	P00r-4320	tick	-83.07	86.48	247	2.12	0.91	7.80	1	squad	squad-15	2	bot-358			-	0	1	30	0	7	35
41019	bot-363	bravo	P00r-4410	tick	61.38	90.16	244	2.90	1.20	2.54	1	squad	squad-35	1	bot-357			-	0	1	4	0	30	120
41019	bot-364	alpha	P00r-4310	tick	-86.56	88.46	303	0.00	0.03		0		squad-15	1	bot-358			-	0	1	4	0	30	120
41019	bot-365	bravo	P00r-4410	tick	63.63	91.14	258	2.43	1.09	2.37	1	squad	squad-35	2	bot-357			-	0	30	120	0	20	101
41019	bot-366	alpha	P00r-4410	tick	-84.78	50.57	152	2.31	1.06		20	patrol	squad-36	0	bot-366			-	0	30	120	0	7	35
41019	bot-367	bravo	P00m-4420	tick	75.13	89.79	283	1.20	0.98	3.75	1	squad	squad-35	6	bot-357			-	0	20	101	0	7	35
41019	bot-368	alpha	P00m-4420	tick	-85.66	67.79	170	2.16	1.14	2.30	1	squad	squad-36	6	bot-366			-	0	20	101	0	7	35
41019	bot-369	bravo	P00r-4410	tick	66.89	89.58	284	2.12	1.05	3.68	1	squad	squad-35	3	bot-357			-	0	30	120	0	20	101
41019	bot-370	alpha	P00r-4410	tick	-84.95	55.09	179	2.61	1.22	1.46	1	squad	squad-36	1	bot-366			-	0	30	120	0	7	35
41019	bot-371	alpha	P00r-4410	tick	-85.30	58.23	139	2.43	1.05	2.31	1	squad	squad-36	2	bot-366			-	0	30	120	0	20	101
41019	bot-372	alpha	P00r-4410	tick	-85.51	60.47	148	2.31	1.02	2.14	1	squad	squad-36	3	bot-366			-	0	30	120	0	7	35
41019	bot-377	alpha	P00m-4420	tick	56.73	-87.28	141	2.33	1.08	8.69	1	squad	squad-37	4	bot-376			-	0	20	101	0	7	35
41019	bot-378	alpha	P00r-4410	tick	64.17	-85.26	114	2.28	1.06	1.84	1	squad	squad-37	1	bot-376			-	0	1	4	0	30	120
41019	bot-379	alpha	P00r-4410	tick	62.28	-89.24	99	2.16	0.92	4.01	1	squad	squad-37	2	bot-376			-	0	30	120	0	20	101
41019	bot-380	alpha	P00r-4410	tick	64.62	-88.91	307	3.55	1.38	5.87	2	squad	squad-37	3	bot-376			-	0	30	120	0	7	35
41296	bot-373	alpha	P00m-4420	tick	-85.92	70.41	178	2.11	0.97	2.65	1	squad	squad-36	7	bot-366			-	0	20	101	0	7	35
41296	bot-374	alpha	P00r-4410	tick	-85.96	63.36	155	1.80	0.81	2.77	1	squad	squad-36	4	bot-366			-	0	30	120	0	7	35
41296	bot-375	alpha	P00r-4410	tick	-85.44	65.17	143	1.89	0.94	1.83	1	squad	squad-36	5	bot-366			-	0	30	120	0	20	101
41296	bot-376	alpha	P00r-4410	tick	69.46	-87.73	84	2.31	1.03		4	patrol	squad-37	0	bot-376			-	0	1	30	0	7	35
41454	bot-262	bravo	P00m-0300	tick	20.87	60.32	62	1.21	0.05	61.32	10	patrol	squad-27	0	bot-262			-	0	0	0	0	0	0
42408	bot-256	bravo	P00r-3320	tick	86.55	91.50	254	2.26	1.43	1.13	1	squad	squad-4	1	bot-305			-	0	22	100	0	7	35
42408	bot-281	alpha	P00m-4200	tick	-81.68	-43.67	223	2.93	1.67	44.05	7	squad	squad-1	2	bot-338			-	0	20	69	0	7	35
42408	bot-305	bravo	P00r-4320	tick	82.67	91.28	286	2.00	1.28		23	patrol	squad-4	0	bot-305			-	0	1	1	0	30	120
42408	bot-317	bravo	P00r-2320	tick	89.65	90.38	324	2.37	1.52	2.07	1	squad	squad-4	2	bot-305			-	0	11	120	0	20	101
42408	bot-323	bravo	P00r-4320	tick	89.07	83.12	25	2.49	1.33	9.63	2	squad	squad-4	3	bot-305			-	0	1	3	0	30	120
42408	bot-325	bravo	P00r-2320	tick	86.89	75.97	12	2.25	1.21	18.14	3	squad	squad-4	4	bot-305			-	0	15	120	0	20	101
42408	bot-331	bravo	P00r-2410	tick	57.07	90.20	256	1.98	1.58		20	patrol	squad-2	0	bot-331			-	0	13	120	0	20	101
42408	bot-332	alpha	P00r-4410	tick	-88.24	-83.38	148	2.37	1.51	5.28	2	squad	squad-1	1	bot-338			-	0	30	120	0	7	35
42408	bot-335	bravo	P00m-3310	tick	75.63	89.68	279	2.10	1.23	5.89	1	squad	squad-2	5	bot-331			-	0	14	101	0	7	35
42408	bot-338	alpha	P00r-4310	tick	-83.33	-87.25	100	2.69	1.59		23	patrol	squad-1	0	bot-338			-	0	24	120	0	7	35
42408	bot-339	bravo	P00r-4410	tick	62.42	89.72	264	2.66	1.53	1.95	1	squad	squad-2	1	bot-331			-	0	23	120	0	20	101
42408	bot-341	bravo	P00r-4410	tick	78.17	88.47	293	2.29	1.38	6.22	1	squad	squad-2	6	bot-331			-	0	1	30	0	20	101
42408	bot-343	bravo	P00m-4420	tick	78.64	84.80	281	2.05	1.36	21.39	3	squad	squad-2	7	bot-331			-	0	20	101	0	7	35
42408	bot-345	bravo	P00r-4420	tick	65.51	91.07	282	2.20	1.32	3.08	1	squad	squad-2	2	bot-331			-	0	1	4	0	30	120
42408	bot-347	bravo	P00r-4410	tick	69.18	90.55	293	2.08	1.47	4.74	1	squad	squad-2	3	bot-331			-	0	30	120	0	20	101
42408	bot-349	bravo	P00r-4410	tick	72.10	90.52	281	2.71	1.62	5.06	1	squad	squad-2	4	bot-331			-	0	30	120	0	20	101
42408	bot-351	bravo	P00m-4430	tick	87.51	69.95	8	0.27	0.11		0		squad-4	7	bot-305			-	0	20	101	0	7	35
42408	bot-352	alpha	P00m-4420	tick	-88.49	-77.15	211	2.40	1.50	12.86	2	squad	squad-1	3	bot-338			-	0	20	101	0	7	35
42408	bot-353	bravo	P00r-4410	tick	86.75	73.47	350	1.11	0.99	21.79	3	squad	squad-4	5	bot-305			-	0	30	120	0	20	101
42408	bot-355	bravo	P00r-4410	tick	86.57	69.79	31	0.48	0.02		0		squad-4	6	bot-305			-	0	30	120	0	20	101
42408	bot-357	bravo	P00r-4410	tick	54.83	90.24	270	1.87	1.14		20	patrol	squad-35	0	bot-357			-	0	30	120	0	20	101
42408	bot-358	alpha	P00r-4320	tick	-87.42	82.82	142	2.59	1.60		25	patrol	squad-15	0	bot-358			-	0	30	120	0	7	35
42408	bot-359	bravo	P00m-4420	tick	67.62	90.48	284	2.19	1.52	2.32	1	squad	squad-35	4	bot-357			-	0	20	101	0	7	35
42408	bot-361	bravo	P00r-4410	tick	74.61	88.50	305	2.41	1.36	7.45	1	squad	squad-35	5	bot-357			-	0	1	30	0	20	101
42408	bot-362	alpha	P00r-4320	tick	-84.55	86.34	278	2.44	1.49	6.23	1	squad	squad-15	2	bot-358			-	0	1	30	0	7	35
42408	bot-363	bravo	P00r-4410	tick	59.67	90.17	276	2.77	1.71	1.92	1	squad	squad-35	1	bot-357			-	0	1	4	0	30	120
42408	bot-364	alpha	P00r-4310	tick	-86.18	87.20	174	2.47	1.31	1.22	1	squad	squad-15	1	bot-358			-	0	1	4	0	30	120
42408	bot-365	bravo	P00r-4410	tick	61.99	91.08	253	2.63	1.64	1.80	1	squad	squad-35	2	bot-357			-	0	30	120	0	20	101
42408	bot-366	alpha	P00r-4410	tick	-84.81	49.25	204	2.20	1.32		20	patrol	squad-36	0	bot-366			-	0	30	120	0	7	35
42408	bot-367	bravo	P00m-4420	tick	73.66	89.95	250	2.43	1.48	3.39	1	squad	squad-35	6	bot-357			-	0	20	101	0	7	35
42408	bot-368	alpha	P00m-4420	tick	-85.15	66.20	149	1.60	1.67	1.67	1	squad	squad-36	6	bot-366			-	0	20	101	0	7	35
42408	bot-369	bravo	P00r-4410	tick	65.44	89.54	254	2.59	1.45	3.31	1	squad	squad-35	3	bot-357			-	0	30	120	0	20	101
42408	bot-370	alpha	P00r-4410	tick	-84.80	53.57	166	2.37	1.53	1.01	1	squad	squad-36	1	bot-366			-	0	30	120	0	7	35
42408	bot-371	alpha	P00r-4410	tick	-84.99	56.54	174	3.00	1.73	1.69	1	squad	squad-36	2	bot-366			-	0	30	120	0	20	101
42408	bot-372	alpha	P00r-4410	tick	-85.24	59.07	182	2.30	1.42	1.76	1	squad	squad-36	3	bot-366			-	0	30	120	0	7	35
42408	bot-373	alpha	P00m-4420	tick	-85.45	69.15	168	2.48	1.35	2.37	1	squad	squad-36	7	bot-366			-	0	20	101	0	7	35
42408	bot-374	alpha	P00r-4410	tick	-85.70	62.25	138	2.00	1.15	2.64	1	squad	squad-36	4	bot-366			-	0	30	120	0	7	35
42408	bot-375	alpha	P00r-4410	tick	-85.10	64.25	159	1.44	0.98	1.93	1	squad	squad-36	5	bot-366			-	0	30	120	0	20	101
42408	bot-376	alpha	P00r-4410	tick	70.80	-87.51	122	2.43	1.36		4	patrol	squad-37	0	bot-376			-	0	1	30	0	7	35
42408	bot-377	alpha	P00m-4420	tick	57.79	-88.22	148	2.15	1.42	8.13	1	squad	squad-37	4	bot-376			-	0	20	101	0	7	35
42408	bot-378	alpha	P00r-4410	tick	65.69	-85.22	69	1.86	1.51	2.51	1	squad	squad-37	1	bot-376			-	0	1	4	0	30	120
42408	bot-379	alpha	P00r-4410	tick	63.67	-89.35	82	2.39	1.39	3.64	1	squad	squad-37	2	bot-376			-	0	30	120	0	20	101
42408	bot-380	alpha	P00r-4410	tick	64.00	-87.70	357	2.61	1.36	5.52	2	squad	squad-37	3	bot-376			-	0	30	120	0	7	35
42408	bot-381	alpha	P00m-0420	initial	75.25	-90.25	0	0.00			0			-1				-	0			0		
42861	bot-262	bravo	P00m-0300	tick	20.87	60.33	26	1.22	0.01	61.32	10	patrol	squad-27	0	bot-262			-	0	0	0	0	0	0
42861	bot-381	alpha	P00m-4420	ammo	75.25	-90.25	0	0.00	0.00		0		squad-37	5	bot-376			-	0	20	101	0	7	35
43484	bot-256	bravo	P00r-3320	tick	85.53	91.34	290	2.28	1.04	1.13	1	squad	squad-4	1	bot-305			-	0	22	100	0	7	35
43484	bot-281	alpha	P00m-4200	tick	-82.13	-44.79	182	1.29	1.20	42.28	8	squad	squad-1	2	bot-338			-	0	20	69	0	7	35
43484	bot-305	bravo	P00r-4320	tick	81.72	91.26	255	2.05	0.96		23	patrol	squad-4	0	bot-305			-	0	1	1	0	30	120
43484	bot-317	bravo	P00r-2320	tick	88.75	90.98	284	2.38	1.08	2.06	1	squad	squad-4	2	bot-305			-	0	11	120	0	20	101
43484	bot-323	bravo	P00r-4320	tick	89.24	84.29	355	2.19	1.18	7.52	2	squad	squad-4	3	bot-305			-	0	1	3	0	30	120
43484	bot-325	bravo	P00r-2320	tick	86.93	77.07	19	2.53	1.10	15.80	2	squad	squad-4	4	bot-305			-	0	15	120	0	20	101
43484	bot-331	bravo	P00r-2410	tick	56.32	90.29	294	1.18	0.76		20	patrol	squad-2	0	bot-331			-	0	13	120	0	20	101
43484	bot-332	alpha	P00r-4410	tick	-87.62	-84.26	160	2.32	1.08	3.61	1	squad	squad-1	1	bot-338			-	0	30	120	0	7	35
43484	bot-335	bravo	P00m-3310	tick	74.63	89.78	261	2.60	1.01	6.04	1	squad	squad-2	5	bot-331			-	0	14	101	0	7	35
43484	bot-338	alpha	P00r-4310	tick	-82.10	-87.03	76	2.74	1.25		23	patrol	squad-1	0	bot-338			-	0	24	120	0	7	35
43484	bot-339	bravo	P00r-4410	tick	61.16	89.59	296	2.51	1.27	1.79	1	squad	squad-2	1	bot-331			-	0	23	120	0	20	101
43484	bot-341	bravo	P00r-4410	tick	77.17	88.77	287	2.20	1.04	6.32	1	squad	squad-2	6	bot-331			-	0	1	30	0	20	101
43484	bot-343	bravo	P00m-4420	tick	77.85	84.99	292	2.00	0.82	21.60	3	squad	squad-2	7	bot-331			-	0	20	101	0	7	35
43484	bot-345	bravo	P00r-4420	tick	64.49	90.99	253	1.39	1.02	3.19	1	squad	squad-2	2	bot-331			-	0	1	4	0	30	120
43484	bot-347	bravo	P00r-4410	tick	68.07	90.53	244	0.81	1.12	3.62	1	squad	squad-2	3	bot-331			-	0	30	120	0	20	101
43484	bot-349	bravo	P00r-4410	tick	70.87	90.59	263	2.47	1.23	4.91	1	squad	squad-2	4	bot-331			-	0	30	120	0	20	101
43484	bot-351	bravo	P00m-4430	tick	87.58	69.92	30	0.75	0.07	22.10	3	squad	squad-4	7	bot-305			-	0	20	101	0	7	35
43484	bot-352	alpha	P00m-4420	tick	-88.67	-78.28	185	2.40	1.14	9.14	2	squad	squad-1	3	bot-338			-	0	20	101	0	7	35
43484	bot-353	bravo	P00r-4410	tick	86.81	74.21	37	1.86	0.74	19.55	3	squad	squad-4	5	bot-305			-	0	30	120	0	20	101
43484	bot-355	bravo	P00r-4410	tick	86.56	69.81	31	0.59	0.02		0		squad-4	6	bot-305			-	0	30	120	0	20	101
43484	bot-357	bravo	P00r-4410	tick	54.07	90.26	260	1.60	0.76		20	patrol	squad-35	0	bot-357			-	0	30	120	0	20	101
43484	bot-358	alpha	P00r-4320	tick	-87.15	81.76	166	2.41	1.09		25	patrol	squad-15	0	bot-358			-	0	30	120	0	7	35
43484	bot-359	bravo	P00m-4420	tick	66.61	90.43	238	1.98	1.01	2.32	1	squad	squad-35	4	bot-357			-	0	20	101	0	7	35
43484	bot-361	bravo	P00r-4410	tick	73.50	88.68	257	2.38	1.12	7.39	1	squad	squad-35	5	bot-357			-	0	1	30	0	20	101
43484	bot-362	alpha	P00r-4320	tick	-85.41	85.57	208	2.61	1.15	5.40	1	squad	squad-15	2	bot-358			-	0	1	30	0	7	35
43484	bot-363	bravo	P00r-4410	tick	58.54	90.17	278	2.86	1.13	1.85	1	squad	squad-35	1	bot-357			-	0	1	4	0	30	120
43484	bot-364	alpha	P00r-4310	tick	-85.88	86.33	134	0.13	0.93		0		squad-15	1	bot-358			-	0	1	4	0	30	120
43484	bot-365	bravo	P00r-4410	tick	60.69	91.01	288	3.04	1.31	1.49	1	squad	squad-35	2	bot-357			-	0	30	120	0	20	101
43484	bot-366	alpha	P00r-4410	tick	-84.82	48.29	185	2.07	0.95		20	patrol	squad-36	0	bot-366			-	0	30	120	0	7	35
43484	bot-367	bravo	P00m-4420	tick	72.51	90.08	288	2.47	1.15	3.29	1	squad	squad-35	6	bot-357			-	0	20	101	0	7	35
43484	bot-368	alpha	P00m-4420	tick	-84.95	65.26	182	1.74	0.97	1.72	1	squad	squad-36	6	bot-366			-	0	20	101	0	7	35
43484	bot-369	bravo	P00r-4410	tick	64.32	89.53	266	2.44	1.12	2.23	1	squad	squad-35	3	bot-357			-	0	30	120	0	20	101
43484	bot-370	alpha	P00r-4410	tick	-84.75	52.53	195	2.38	1.04	0.99	1	squad	squad-36	1	bot-366			-	0	30	120	0	7	35
43484	bot-371	alpha	P00r-4410	tick	-84.87	55.29	183	2.46	1.25	1.54	1	squad	squad-36	2	bot-366			-	0	30	120	0	20	101
43484	bot-372	alpha	P00r-4410	tick	-85.04	57.94	161	2.58	1.14	1.61	1	squad	squad-36	3	bot-366			-	0	30	120	0	7	35
43484	bot-373	alpha	P00m-4420	tick	-85.30	68.03	165	1.20	1.13	2.19	1	squad	squad-36	7	bot-366			-	0	20	101	0	7	35
43484	bot-374	alpha	P00r-4410	tick	-85.68	61.26	165	2.14	0.98	2.64	1	squad	squad-36	4	bot-366			-	0	30	120	0	7	35
43484	bot-375	alpha	P00r-4410	tick	-84.94	63.49	195	2.06	0.78	2.43	1	squad	squad-36	5	bot-366			-	0	30	120	0	20	101
43484	bot-376	alpha	P00r-4410	tick	71.87	-87.55	97	2.42	1.07		4	patrol	squad-37	0	bot-376			-	0	1	30	0	7	35
43484	bot-377	alpha	P00m-4420	tick	58.75	-87.90	40	2.50	1.01	2.93	1	squad	squad-37	4	bot-376			-	0	20	101	0	7	35
43484	bot-378	alpha	P00r-4410	tick	66.59	-85.76	115	2.40	1.06	2.50	1	squad	squad-37	1	bot-376			-	0	1	4	0	30	120
43484	bot-379	alpha	P00r-4410	tick	64.74	-88.88	93	3.02	1.18	2.30	2	squad	squad-37	2	bot-376			-	0	30	120	0	20	101
43484	bot-380	alpha	P00r-4410	tick	64.01	-87.56	357	0.00	0.14		0		squad-37	3	bot-376			-	0	30	120	0	7	35
43884	bot-262	bravo	P00m-0300	tick	19.34	60.77	312	2.39	1.59	59.92	14	patrol	squad-27	0	bot-262			-	0	0	0	0	0	0
43884	bot-381	alpha	P00m-4420	tick	73.43	-89.76	256	2.58	1.89	13.70	3	squad	squad-37	5	bot-376			-	0	20	101	0	7	35
44486	bot-256	bravo	P00r-3320	tick	83.25	91.27	253	2.24	2.28	0.89	1	squad	squad-4	1	bot-305			-	0	22	100	0	7	35
44486	bot-281	alpha	P00m-4200	tick	-82.67	-46.93	176	2.25	2.21	40.22	7	squad	squad-1	2	bot-338			-	0	20	69	0	7	35
44486	bot-305	bravo	P00r-4320	tick	79.56	91.04	251	2.24	2.17		23	patrol	squad-4	0	bot-305			-	0	1	1	0	30	120
44486	bot-317	bravo	P00r-2320	tick	86.58	91.49	244	2.26	2.22	1.94	1	squad	squad-4	2	bot-305			-	0	11	120	0	20	101
44486	bot-323	bravo	P00r-4320	tick	89.07	86.94	329	2.82	2.65	4.91	1	squad	squad-4	3	bot-305			-	0	1	3	0	30	120
44486	bot-325	bravo	P00r-2320	tick	87.14	79.10	349	2.08	2.03	13.11	2	squad	squad-4	4	bot-305			-	0	15	120	0	20	101
44486	bot-331	bravo	P00r-2410	tick	54.77	90.33	261	1.70	1.55		20	patrol	squad-2	0	bot-331			-	0	13	120	0	20	101
44486	bot-332	alpha	P00r-4410	tick	-85.91	-85.55	133	1.51	2.14	4.07	2	squad	squad-1	1	bot-338			-	0	30	120	0	7	35
44486	bot-335	bravo	P00m-3310	tick	72.25	90.18	296	2.47	2.42	4.63	1	squad	squad-2	5	bot-331			-	0	14	101	0	7	35
44486	bot-338	alpha	P00r-4310	tick	-79.57	-87.09	90	2.44	2.53		23	patrol	squad-1	0	bot-338			-	0	24	120	0	7	35
44486	bot-339	bravo	P00r-4410	tick	58.59	89.62	270	2.66	2.56	1.43	1	squad	squad-2	1	bot-331			-	0	23	120	0	20	101
44486	bot-341	bravo	P00r-4410	tick	75.35	89.36	257	2.21	1.91	5.46	1	squad	squad-2	6	bot-331			-	0	1	30	0	20	101
44486	bot-343	bravo	P00m-4420	tick	76.29	86.29	339	2.35	2.02	6.42	1	squad	squad-2	7	bot-331			-	0	20	101	0	7	35
44486	bot-345	bravo	P00r-4420	tick	62.09	90.95	284	2.75	2.40	1.86	1	squad	squad-2	2	bot-331			-	0	1	4	0	30	120
44486	bot-347	bravo	P00r-4410	tick	65.97	90.46	263	2.25	2.10	3.56	1	squad	squad-2	3	bot-331			-	0	30	120	0	20	101
44486	bot-349	bravo	P00r-4410	tick	68.52	90.68	249	2.41	2.35	3.54	1	squad	squad-2	4	bot-331			-	0	30	120	0	20	101
44486	bot-351	bravo	P00m-4430	tick	87.68	70.65	2	0.00	0.73		0		squad-4	7	bot-305			-	0	20	101	0	7	35
44486	bot-352	alpha	P00m-4420	tick	-88.59	-80.52	160	2.40	2.24	6.45	2	squad	squad-1	3	bot-338			-	0	20	101	0	7	35
44486	bot-353	bravo	P00r-4410	tick	86.97	76.02	10	2.19	1.82	16.95	3	squad	squad-4	5	bot-305			-	0	30	120	0	20	101
44486	bot-355	bravo	P00r-4410	tick	86.18	70.92	32	1.65	1.18	22.68	3	squad	squad-4	6	bot-305			-	0	30	120	0	20	101
44486	bot-357	bravo	P00r-4410	tick	51.98	90.25	292	2.41	2.09		20	patrol	squad-35	0	bot-357			-	0	30	120	0	20	101
44486	bot-358	alpha	P00r-4320	tick	-86.32	79.49	166	2.51	2.42		25	patrol	squad-15	0	bot-358			-	0	30	120	0	7	35
44486	bot-359	bravo	P00m-4420	tick	64.45	90.31	271	2.53	2.16	2.23	1	squad	squad-35	4	bot-357			-	0	20	101	0	7	35
44486	bot-361	bravo	P00r-4410	tick	71.12	89.00	266	2.65	2.40	7.05	1	squad	squad-35	5	bot-357			-	0	1	30	0	20	101
44486	bot-362	alpha	P00r-4320	tick	-87.04	83.85	206	2.63	2.37	3.74	1	squad	squad-15	2	bot-358			-	0	1	30	0	7	35
44486	bot-363	bravo	P00r-4410	tick	56.34	90.25	245	1.83	2.21	1.89	1	squad	squad-35	1	bot-357			-	0	1	4	0	30	120
44486	bot-364	alpha	P00r-4310	tick	-85.46	84.23	167	2.43	2.13	1.34	1	squad	squad-15	1	bot-358			-	0	1	4	0	30	120
44486	bot-365	bravo	P00r-4410	tick	58.16	90.73	260	2.47	2.54	1.04	1	squad	squad-35	2	bot-357			-	0	30	120	0	20	101
44486	bot-366	alpha	P00r-4410	tick	-84.84	46.61	153	1.84	1.68		20	patrol	squad-36	0	bot-366			-	0	30	120	0	7	35
44486	bot-367	bravo	P00m-4420	tick	70.06	90.27	280	2.59	2.46	2.89	1	squad	squad-35	6	bot-357			-	0	20	101	0	7	35
44486	bot-368	alpha	P00m-4420	tick	-85.08	63.60	192	2.06	1.66	2.20	1	squad	squad-36	6	bot-366			-	0	20	101	0	7	35
44486	bot-369	bravo	P00r-4410	tick	61.82	89.53	301	2.68	2.50	1.92	1	squad	squad-35	3	bot-357			-	0	30	120	0	20	101
44486	bot-370	alpha	P00r-4410	tick	-84.74	50.24	183	2.24	2.29	0.84	1	squad	squad-36	1	bot-366			-	0	30	120	0	7	35
44486	bot-371	alpha	P00r-4410	tick	-84.75	52.94	156	2.29	2.35	1.31	1	squad	squad-36	2	bot-366			-	0	30	120	0	20	101
44486	bot-372	alpha	P00r-4410	tick	-84.95	55.33	187	2.45	2.62	1.12	1	squad	squad-36	3	bot-366			-	0	30	120	0	7	35
44486	bot-373	alpha	P00m-4420	tick	-85.34	65.58	210	2.18	2.45	1.85	1	squad	squad-36	7	bot-366			-	0	20	101	0	7	35
44486	bot-374	alpha	P00r-4410	tick	-85.50	59.06	188	2.17	2.21	2.46	1	squad	squad-36	4	bot-366			-	0	30	120	0	7	35
44486	bot-375	alpha	P00r-4410	tick	-85.14	61.50	170	2.16	2.00	2.56	1	squad	squad-36	5	bot-366			-	0	30	120	0	20	101
44486	bot-376	alpha	P00r-4410	tick	74.20	-87.68	70	2.38	2.34		3	patrol	squad-37	0	bot-376			-	0	1	30	0	7	35
44486	bot-377	alpha	P00m-4420	tick	60.96	-87.24	103	2.18	2.30	3.47	1	squad	squad-37	4	bot-376			-	0	20	101	0	7	35
44486	bot-378	alpha	P00r-4410	tick	68.80	-86.53	139	2.34	2.34	3.08	1	squad	squad-37	1	bot-376			-	0	1	4	0	30	120
44486	bot-379	alpha	P00r-4410	tick	66.89	-87.84	87	2.27	2.38	2.33	1	squad	squad-37	2	bot-376			-	0	30	120	0	20	101
44486	bot-380	alpha	P00r-4410	tick	65.36	-88.11	74	2.43	1.46	1.71	2	squad	squad-37	3	bot-376			-	0	30	120	0	7	35
44894	bot-262	bravo	P00m-0300	tick	17.32	61.20	329	1.89	2.07	58.04	14	patrol	squad-27	0	bot-262			-	0	0	0	0	0	0
44894	bot-381	alpha	P00m-4420	tick	71.25	-89.25	280	2.09	2.24	9.26	2	squad	squad-37	5	bot-376			-	0	20	101	0	7	35
45506	bot-256	bravo	P00r-3320	tick	81.02	91.04	241	2.38	2.24	0.68	1	squad	squad-4	1	bot-305			-	0	22	100	0	7	35
45506	bot-281	alpha	P00m-4200	tick	-82.95	-49.27	206	2.49	2.36	38.20	6	squad	squad-1	2	bot-338			-	0	20	69	0	7	35
45506	bot-305	bravo	P00r-4320	tick	77.35	90.84	284	2.13	2.21		23	patrol	squad-4	0	bot-305			-	0	1	1	0	30	120
45506	bot-317	bravo	P00r-2320	tick	84.31	91.34	280	2.25	2.28	1.72	1	squad	squad-4	2	bot-305			-	0	11	120	0	20	101
45506	bot-323	bravo	P00r-4320	tick	87.75	89.08	322	2.33	2.51	3.74	1	squad	squad-4	3	bot-305			-	0	1	3	0	30	120
45506	bot-325	bravo	P00r-2320	tick	87.42	81.22	357	2.26	2.14	10.04	2	squad	squad-4	4	bot-305			-	0	15	120	0	20	101
45506	bot-331	bravo	P00r-2410	tick	52.78	90.30	250	2.26	1.99		20	patrol	squad-2	0	bot-331			-	0	13	120	0	20	101
45506	bot-332	alpha	P00r-4410	tick	-84.73	-86.53	118	2.22	1.53	4.75	2	squad	squad-1	1	bot-338			-	0	30	120	0	7	35
45506	bot-335	bravo	P00m-3310	tick	69.70	90.50	280	2.43	2.57	4.19	1	squad	squad-2	5	bot-331			-	0	14	101	0	7	35
45506	bot-338	alpha	P00r-4310	tick	-77.19	-87.17	118	2.16	2.38		23	patrol	squad-1	0	bot-338			-	0	24	120	0	7	35
45506	bot-339	bravo	P00r-4410	tick	56.53	89.95	249	1.45	2.09	1.33	1	squad	squad-2	1	bot-331			-	0	23	120	0	20	101
45506	bot-341	bravo	P00r-4410	tick	72.95	89.88	282	2.53	2.45	5.12	1	squad	squad-2	6	bot-331			-	0	1	30	0	20	101
45506	bot-343	bravo	P00m-4420	tick	74.48	87.87	301	2.40	2.40	4.89	1	squad	squad-2	7	bot-331			-	0	20	101	0	7	35
45506	bot-345	bravo	P00r-4420	tick	59.43	90.85	275	2.55	2.66	1.26	1	squad	squad-2	2	bot-331			-	0	1	4	0	30	120
45506	bot-347	bravo	P00r-4410	tick	63.53	90.51	302	2.43	2.44	3.17	1	squad	squad-2	3	bot-331			-	0	30	120	0	20	101
45506	bot-349	bravo	P00r-4410	tick	66.24	90.79	282	2.06	2.29	3.31	1	squad	squad-2	4	bot-331			-	0	30	120	0	20	101
45506	bot-351	bravo	P00m-4430	tick	87.46	71.51	356	1.89	0.89	21.16	3	squad	squad-4	7	bot-305			-	0	20	101	0	7	35
45506	bot-352	alpha	P00m-4420	tick	-88.28	-82.91	197	2.37	2.41	5.08	2	squad	squad-1	3	bot-338			-	0	20	101	0	7	35
45506	bot-353	bravo	P00r-4410	tick	87.16	78.37	346	2.07	2.36	13.18	2	squad	squad-4	5	bot-305			-	0	30	120	0	20	101
45506	bot-355	bravo	P00r-4410	tick	86.46	72.64	346	1.92	1.74	19.86	3	squad	squad-4	6	bot-305			-	0	30	120	0	20	101
45506	bot-357	bravo	P00r-4410	tick	49.45	90.32	273	2.71	2.53		19	patrol	squad-35	0	bot-357			-	0	30	120	0	20	101
45506	bot-358	alpha	P00r-4320	tick	-85.78	76.99	153	2.38	2.55		24	patrol	squad-15	0	bot-358			-	0	30	120	0	7	35
45506	bot-359	bravo	P00m-4420	tick	61.87	90.20	293	2.48	2.58	2.16	1	squad	squad-35	4	bot-357			-	0	20	101	0	7	35
45506	bot-361	bravo	P00r-4410	tick	68.61	89.42	292	2.45	2.55	6.66	1	squad	squad-35	5	bot-357			-	0	1	30	0	20	101
45506	bot-362	alpha	P00r-4320	tick	-88.24	81.56	194	2.59	2.59	1.71	1	squad	squad-15	2	bot-358			-	0	1	30	0	7	35
45506	bot-363	bravo	P00r-4410	tick	54.59	90.22	266	1.91	1.75	2.29	1	squad	squad-35	1	bot-357			-	0	1	4	0	30	120
45506	bot-364	alpha	P00r-4310	tick	-84.65	81.87	175	2.62	2.50	1.83	1	squad	squad-15	1	bot-358			-	0	1	4	0	30	120
45506	bot-365	bravo	P00r-4410	tick	56.02	90.70	253	1.52	2.14	1.08	1	squad	squad-35	2	bot-357			-	0	30	120	0	20	101
45506	bot-366	alpha	P00r-4410	tick	-84.75	44.57	189	1.98	2.05		20	patrol	squad-36	0	bot-366			-	0	30	120	0	7	35
45506	bot-367	bravo	P00m-4420	tick	67.61	90.55	245	2.21	2.47	2.90	1	squad	squad-35	6	bot-357			-	0	20	101	0	7	35
45506	bot-368	alpha	P00m-4420	tick	-85.14	61.46	145	2.20	2.14	2.12	1	squad	squad-36	6	bot-366			-	0	20	101	0	7	35
45506	bot-369	bravo	P00r-4410	tick	59.19	89.44	264	2.49	2.63	2.48	1	squad	squad-35	3	bot-357			-	0	30	120	0	20	101
45506	bot-370	alpha	P00r-4410	tick	-84.76	48.27	152	2.08	1.97	0.47	1	squad	squad-36	1	bot-366			-	0	30	120	0	7	35
45506	bot-371	alpha	P00r-4410	tick	-84.75	50.62	179	2.36	2.32	0.91	1	squad	squad-36	2	bot-366			-	0	30	120	0	20	101
45506	bot-372	alpha	P00r-4410	tick	-84.95	53.10	175	2.39	2.23	0.86	2	squad	squad-36	3	bot-366			-	0	30	120	0	7	35
45506	bot-373	alpha	P00m-4420	tick	-85.28	63.76	173	1.92	1.83	2.08	1	squad	squad-36	7	bot-366			-	0	20	101	0	7	35
45506	bot-374	alpha	P00r-4410	tick	-85.20	56.55	147	2.77	2.53	2.02	1	squad	squad-36	4	bot-366			-	0	30	120	0	7	35
45506	bot-375	alpha	P00r-4410	tick	-85.24	59.12	155	2.02	2.38	2.24	1	squad	squad-36	5	bot-366			-	0	30	120	0	20	101
45506	bot-376	alpha	P00r-4410	tick	76.73	-87.52	105	2.48	2.54		3	patrol	squad-37	0	bot-376			-	0	1	30	0	7	35
45506	bot-377	alpha	P00m-4420	tick	63.19	-87.87	122	2.38	2.32	3.36	3	squad	squad-37	4	bot-376			-	0	20	101	0	7	35
45506	bot-378	alpha	P00r-4410	tick	70.88	-86.95	90	2.13	2.11	2.91	1	squad	squad-37	1	bot-376			-	0	1	4	0	30	120
45506	bot-379	alpha	P00r-4410	tick	69.15	-87.61	55	2.26	2.28	2.15	1	squad	squad-37	2	bot-376			-	0	30	120	0	20	101
45506	bot-380	alpha	P00r-4410	tick	67.60	-87.55	80	2.30	2.32	1.69	1	squad	squad-37	3	bot-376			-	0	30	120	0	7	35
45897	bot-262	bravo	P00m-0300	tick	15.86	61.62	305	2.32	1.52	56.71	14	patrol	squad-27	0	bot-262			-	0	0	0	0	0	0
45897	bot-381	alpha	P00m-4420	tick	68.95	-88.78	315	2.71	2.35	3.99	1	squad	squad-37	5	bot-376			-	0	20	101	0	7	35
46525	bot-256	bravo	P00r-3320	tick	78.78	90.76	293	2.27	2.26	0.48	1	squad	squad-4	1	bot-305			-	0	22	100	0	7	35
46525	bot-281	alpha	P00m-4200	tick	-82.84	-51.85	185	2.45	2.58	36.02	6	squad	squad-1	2	bot-338			-	0	20	69	0	7	35
46525	bot-305	bravo	P00r-4320	tick	75.01	90.73	275	2.42	2.34		22	patrol	squad-4	0	bot-305			-	0	1	1	0	30	120
46525	bot-317	bravo	P00r-2320	tick	82.10	91.17	269	2.23	2.22	1.64	1	squad	squad-4	2	bot-305			-	0	11	120	0	20	101
46525	bot-323	bravo	P00r-4320	tick	85.82	90.27	297	2.25	2.27	3.38	1	squad	squad-4	3	bot-305			-	0	1	3	0	30	120
46525	bot-325	bravo	P00r-2320	tick	87.13	83.53	10	2.41	2.33	8.09	1	squad	squad-4	4	bot-305			-	0	15	120	0	20	101
46525	bot-331	bravo	P00r-2410	tick	50.36	90.30	284	2.46	2.42		19	patrol	squad-2	0	bot-331			-	0	13	120	0	20	101
46525	bot-332	alpha	P00r-4410	tick	-83.49	-87.14	128	2.42	1.38	6.49	2	squad	squad-1	1	bot-338			-	0	30	120	0	7	35
46525	bot-335	bravo	P00m-3310	tick	67.29	90.60	240	2.12	2.41	4.02	1	squad	squad-2	5	bot-331			-	0	14	101	0	7	35
46525	bot-338	alpha	P00r-4310	tick	-75.17	-87.10	85	1.93	2.02		22	patrol	squad-1	0	bot-338			-	0	24	120	0	7	35
46525	bot-339	bravo	P00r-4410	tick	54.84	89.82	269	1.74	1.70	1.75	1	squad	squad-2	1	bot-331			-	0	23	120	0	20	101
46525	bot-341	bravo	P00r-4410	tick	70.38	90.24	292	2.45	2.60	4.59	1	squad	squad-2	6	bot-331			-	0	1	30	0	20	101
46525	bot-343	bravo	P00m-4420	tick	72.31	88.84	271	2.23	2.38	4.26	1	squad	squad-2	7	bot-331			-	0	20	101	0	7	35
46525	bot-345	bravo	P00r-4420	tick	56.91	90.68	242	2.25	2.53	0.91	1	squad	squad-2	2	bot-331			-	0	1	4	0	30	120
46525	bot-347	bravo	P00r-4410	tick	60.90	90.36	265	2.70	2.64	2.62	1	squad	squad-2	3	bot-331			-	0	30	120	0	20	101
46525	bot-349	bravo	P00r-4410	tick	63.90	90.71	277	2.44	2.34	3.14	1	squad	squad-2	4	bot-331			-	0	30	120	0	20	101
46525	bot-351	bravo	P00m-4430	tick	87.68	73.23	32	1.69	1.74	19.00	3	squad	squad-4	7	bot-305			-	0	20	101	0	7	35
46525	bot-352	alpha	P00m-4420	tick	-87.19	-84.42	112	2.40	1.86	7.40	6	squad	squad-1	3	bot-338			-	0	20	101	0	7	35
46525	bot-353	bravo	P00r-4410	tick	87.36	80.43	6	2.16	2.07	11.03	2	squad	squad-4	5	bot-305			-	0	30	120	0	20	101
46525	bot-355	bravo	P00r-4410	tick	86.70	74.43	1	1.36	1.81	17.01	3	squad	squad-4	6	bot-305			-	0	30	120	0	20	101
46525	bot-357	bravo	P00r-4410	tick	46.91	90.32	240	2.47	2.54		19	patrol	squad-35	0	bot-357			-	0	30	120	0	20	101
46525	bot-358	alpha	P00r-4320	tick	-85.59	74.76	174	2.28	2.24		24	patrol	squad-15	0	bot-358			-	0	30	120	0	7	35
46525	bot-359	bravo	P00m-4420	tick	59.29	90.34	271	2.56	2.59	2.08	1	squad	squad-35	4	bot-357			-	0	20	101	0	7	35
46525	bot-361	bravo	P00r-4410	tick	66.23	89.50	274	2.34	2.38	6.38	1	squad	squad-35	5	bot-357			-	0	1	30	0	20	101
46525	bot-362	alpha	P00r-4320	tick	-88.21	79.14	193	2.13	2.42	1.38	1	squad	squad-15	2	bot-358			-	0	1	30	0	7	35
46525	bot-363	bravo	P00r-4410	tick	52.51	90.24	295	2.30	2.07	2.29	1	squad	squad-35	1	bot-357			-	0	1	4	0	30	120
46525	bot-364	alpha	P00r-4310	tick	-83.73	79.56	152	1.91	2.48	1.38	1	squad	squad-15	1	bot-358			-	0	1	4	0	30	120
46525	bot-365	bravo	P00r-4410	tick	54.27	90.90	285	1.75	1.76	1.60	1	squad	squad-35	2	bot-357			-	0	30	120	0	20	101
46525	bot-366	alpha	P00r-4410	tick	-84.78	42.45	196	2.28	2.12		19	patrol	squad-36	0	bot-366			-	0	30	120	0	7	35
46525	bot-367	bravo	P00m-4420	tick	65.42	90.80	266	2.21	2.21	3.19	1	squad	squad-35	6	bot-357			-	0	20	101	0	7	35
46525	bot-368	alpha	P00m-4420	tick	-84.97	59.20	174	2.35	2.26	1.94	1	squad	squad-36	6	bot-366			-	0	20	101	0	7	35
46525	bot-369	bravo	P00r-4410	tick	56.97	89.44	245	1.66	2.22	2.38	1	squad	squad-35	3	bot-357			-	0	30	120	0	20	101
46525	bot-370	alpha	P00r-4410	tick	-84.76	46.35	185	1.91	1.92	0.62	1	squad	squad-36	1	bot-366			-	0	30	120	0	7	35
46525	bot-371	alpha	P00r-4410	tick	-84.78	48.52	205	1.91	2.10	0.62	1	squad	squad-36	2	bot-366			-	0	30	120	0	20	101
46525	bot-372	alpha	P00r-4410	tick	-84.75	50.92	180	2.37	2.19	0.66	1	squad	squad-36	3	bot-366			-	0	30	120	0	7	35
46525	bot-373	alpha	P00m-4420	tick	-84.93	61.76	150	2.13	2.03	2.14	1	squad	squad-36	7	bot-366			-	0	20	101	0	7	35
46525	bot-374	alpha	P00r-4410	tick	-84.82	54.02	172	2.38	2.56	1.55	1	squad	squad-36	4	bot-366			-	0	30	120	0	7	35
46525	bot-375	alpha	P00r-4410	tick	-84.87	56.58	195	2.53	2.57	1.76	1	squad	squad-36	5	bot-366			-	0	30	120	0	20	101
46525	bot-376	alpha	P00r-4410	tick	79.27	-87.48	107	2.30	2.54		3	patrol	squad-37	0	bot-376			-	0	1	30	0	7	35
46525	bot-377	alpha	P00m-4420	tick	65.58	-88.17	83	2.37	2.41	4.30	2	squad	squad-37	4	bot-376			-	0	20	101	0	7	35
46525	bot-378	alpha	P00r-4410	tick	73.29	-86.96	76	2.43	2.41	3.55	1	squad	squad-37	1	bot-376			-	0	1	4	0	30	120
46525	bot-379	alpha	P00r-4410	tick	71.43	-87.25	97	2.20	2.31	2.96	1	squad	squad-37	2	bot-376			-	0	30	120	0	20	101
46525	bot-380	alpha	P00r-4410	tick	69.93	-87.04	102	2.42	2.38	1.54	1	squad	squad-37	3	bot-376			-	0	30	120	0	7	35
46913	bot-262	bravo	P00m-0300	tick	14.29	63.42	310	2.44	2.39	55.65	14	patrol	squad-27	0	bot-262			-	0	0	0	0	0	0
46913	bot-381	alpha	P00m-4420	tick	67.57	-87.24	357	0.13	2.07		0		squad-37	5	bot-376			-	0	20	101	0	7	35
47525	bot-256	bravo	P00r-3320	tick	76.55	90.74	272	2.32	2.23	1.34	1	squad	squad-4	1	bot-305			-	0	22	100	0	7	35
47525	bot-281	alpha	P00m-4200	tick	-82.56	-53.93	136	1.85	2.11	34.22	5	squad	squad-1	2	bot-338			-	0	20	69	0	7	35
47525	bot-305	bravo	P00r-4320	tick	72.54	90.65	241	2.56	2.48		22	patrol	squad-4	0	bot-305			-	0	1	1	0	30	120
47525	bot-317	bravo	P00r-2320	tick	79.84	91.18	252	2.25	2.26	1.51	1	squad	squad-4	2	bot-305			-	0	11	120	0	20	101
47525	bot-323	bravo	P00r-4320	tick	83.63	90.89	254	2.30	2.27	3.13	1	squad	squad-4	3	bot-305			-	0	1	3	0	30	120
47525	bot-325	bravo	P00r-2320	tick	86.10	85.85	322	2.61	2.54	6.48	1	squad	squad-4	4	bot-305			-	0	15	120	0	20	101
47525	bot-331	bravo	P00r-2410	tick	47.82	90.36	279	2.50	2.54		19	patrol	squad-2	0	bot-331			-	0	13	120	0	20	101
47525	bot-332	alpha	P00r-4410	tick	-81.12	-86.70	89	2.37	2.41	5.05	1	squad	squad-1	1	bot-338			-	0	30	120	0	7	35
47525	bot-335	bravo	P00m-3310	tick	65.10	90.57	273	2.40	2.20	4.28	1	squad	squad-2	5	bot-331			-	0	14	101	0	7	35
47525	bot-338	alpha	P00r-4310	tick	-73.42	-86.99	72	1.76	1.75		22	patrol	squad-1	0	bot-338			-	0	24	120	0	7	35
47525	bot-339	bravo	P00r-4410	tick	52.86	89.71	286	2.27	1.98	1.99	1	squad	squad-2	1	bot-331			-	0	23	120	0	20	101
47525	bot-341	bravo	P00r-4410	tick	67.94	90.39	263	2.24	2.45	5.56	1	squad	squad-2	6	bot-331			-	0	1	30	0	20	101
47525	bot-343	bravo	P00m-4420	tick	69.83	89.36	288	2.47	2.53	20.93	3	squad	squad-2	7	bot-331			-	0	20	101	0	7	35
47525	bot-345	bravo	P00r-4420	tick	55.22	90.85	273	1.59	1.70	2.26	1	squad	squad-2	2	bot-331			-	0	1	4	0	30	120
47525	bot-347	bravo	P00r-4410	tick	58.35	90.44	259	2.48	2.55	3.28	1	squad	squad-2	3	bot-331			-	0	30	120	0	20	101
47525	bot-349	bravo	P00r-4410	tick	61.35	90.55	257	2.70	2.55	2.83	1	squad	squad-2	4	bot-331			-	0	30	120	0	20	101
47525	bot-351	bravo	P00m-4430	tick	87.82	74.93	7	1.94	1.70	17.03	3	squad	squad-4	7	bot-305			-	0	20	101	0	7	35
47525	bot-352	alpha	P00m-4420	tick	-88.04	-82.43	333	2.41	2.16	9.01	5	squad	squad-1	3	bot-338			-	0	20	101	0	7	35
47525	bot-353	bravo	P00r-4410	tick	87.04	82.65	3	2.37	2.24	9.05	2	squad	squad-4	5	bot-305			-	0	30	120	0	20	101
47525	bot-355	bravo	P00r-4410	tick	86.92	76.44	24	2.43	2.02	15.27	2	squad	squad-4	6	bot-305			-	0	30	120	0	20	101
47525	bot-357	bravo	P00r-4410	tick	44.51	90.25	274	2.29	2.40		19	patrol	squad-35	0	bot-357			-	0	30	120	0	20	101
47525	bot-358	alpha	P00r-4320	tick	-85.40	72.46	204	2.24	2.31		24	patrol	squad-15	0	bot-358			-	0	30	120	0	7	35
47525	bot-359	bravo	P00m-4420	tick	56.87	90.31	253	2.07	2.42	2.12	1	squad	squad-35	4	bot-357			-	0	20	101	0	7	35
47525	bot-361	bravo	P00r-4410	tick	63.78	89.66	239	2.47	2.46	6.95	1	squad	squad-35	5	bot-357			-	0	1	30	0	20	101
47525	bot-362	alpha	P00r-4320	tick	-88.20	76.80	163	2.45	2.35	1.17	1	squad	squad-15	2	bot-358			-	0	1	30	0	7	35
47525	bot-363	bravo	P00r-4410	tick	50.10	90.30	261	2.50	2.42	3.03	1	squad	squad-35	1	bot-357			-	0	1	4	0	30	120
47525	bot-364	alpha	P00r-4310	tick	-83.45	77.36	152	2.27	2.22	1.28	1	squad	squad-15	1	bot-358			-	0	1	4	0	30	120
47525	bot-365	bravo	P00r-4410	tick	52.24	91.00	284	2.29	2.04	2.86	1	squad	squad-35	2	bot-357			-	0	30	120	0	20	101
47525	bot-366	alpha	P00r-4410	tick	-84.70	40.09	165	2.41	2.37		19	patrol	squad-36	0	bot-366			-	0	30	120	0	7	35
47525	bot-367	bravo	P00m-4420	tick	63.03	90.97	302	2.55	2.39	3.22	1	squad	squad-35	6	bot-357			-	0	20	101	0	7	35
47525	bot-368	alpha	P00m-4420	tick	-84.79	56.65	204	2.77	2.56	1.45	1	squad	squad-36	6	bot-366			-	0	20	101	0	7	35
47525	bot-369	bravo	P00r-4410	tick	55.25	89.40	280	1.74	1.72	2.75	1	squad	squad-35	3	bot-357			-	0	30	120	0	20	101
47525	bot-370	alpha	P00r-4410	tick	-84.73	44.39	201	1.92	1.96	1.79	1	squad	squad-36	1	bot-366			-	0	30	120	0	7	35
47525	bot-371	alpha	P00r-4410	tick	-84.77	46.63	172	1.90	1.90	0.88	1	squad	squad-36	2	bot-366			-	0	30	120	0	20	101
47525	bot-372	alpha	P00r-4410	tick	-84.76	48.70	152	2.02	2.21	0.51	1	squad	squad-36	3	bot-366			-	0	30	120	0	7	35
47525	bot-373	alpha	P00m-4420	tick	-84.89	59.50	176	2.42	2.26	2.07	1	squad	squad-36	7	bot-366			-	0	20	101	0	7	35
47525	bot-374	alpha	P00r-4410	tick	-84.76	51.65	205	2.39	2.37	1.35	1	squad	squad-36	4	bot-366			-	0	30	120	0	7	35
47525	bot-375	alpha	P00r-4410	tick	-84.76	54.06	185	2.39	2.52	1.62	1	squad	squad-36	5	bot-366			-	0	30	120	0	20	101
47525	bot-376	alpha	P00r-4410	tick	81.54	-87.61	82	2.36	2.27		3	patrol	squad-37	0	bot-376			-	0	1	30	0	7	35
47525	bot-377	alpha	P00m-4420	tick	67.83	-87.83	70	2.27	2.27	4.25	1	squad	squad-37	4	bot-376			-	0	20	101	0	7	35
47525	bot-378	alpha	P00r-4410	tick	75.70	-86.96	108	2.44	2.41	3.27	1	squad	squad-37	1	bot-376			-	0	1	4	0	30	120
47525	bot-379	alpha	P00r-4410	tick	73.87	-86.91	103	2.44	2.46	2.61	1	squad	squad-37	2	bot-376			-	0	30	120	0	20	101
47525	bot-380	alpha	P00r-4410	tick	72.20	-86.74	84	2.42	2.29	1.32	1	squad	squad-37	3	bot-376			-	0	30	120	0	7	35
47840	bot-382	alpha	P00r-0410	initial	78.25	-89.25	0	0.00			0			-1				-	0			0		
47895	bot-382	alpha	P00r-4410	ammo	78.25	-89.24	0	0.22	0.01		0		squad-37	4	bot-376			-	0	30	120	0	7	35
47922	bot-262	bravo	P00m-0300	tick	12.77	64.10	18	0.90	1.66	54.39	14	patrol	squad-27	0	bot-262			-	0	0	0	0	0	0
47922	bot-381	alpha	P00m-4420	tick	68.95	-85.77	41	2.53	2.02	0.96	1	squad	squad-37	6	bot-376			-	0	20	101	0	7	35
48528	bot-256	bravo	P00r-3320	tick	74.13	90.75	242	2.43	2.42	0.97	1	squad	squad-4	1	bot-305			-	0	22	100	0	7	35
48528	bot-281	alpha	P00m-4200	tick	-81.91	-55.77	161	2.15	1.95	32.50	5	squad	squad-1	2	bot-338			-	0	20	69	0	7	35
48528	bot-305	bravo	P00r-4320	tick	70.04	90.56	263	2.38	2.50		22	patrol	squad-4	0	bot-305			-	0	1	1	0	30	120
48528	bot-317	bravo	P00r-2320	tick	77.70	91.18	267	1.85	2.14	2.62	1	squad	squad-4	2	bot-305			-	0	11	120	0	20	101
48528	bot-323	bravo	P00r-4320	tick	81.36	91.08	271	2.31	2.28	4.01	1	squad	squad-4	3	bot-305			-	0	1	3	0	30	120
48528	bot-325	bravo	P00r-2320	tick	84.46	87.72	290	2.43	2.48	5.48	1	squad	squad-4	4	bot-305			-	0	15	120	0	20	101
48528	bot-331	bravo	P00r-2410	tick	45.39	90.28	248	2.40	2.43		19	patrol	squad-2	0	bot-331			-	0	13	120	0	20	101
48528	bot-332	alpha	P00r-4410	tick	-78.69	-85.88	61	2.40	2.56	4.48	1	squad	squad-1	1	bot-338			-	0	30	120	0	7	35
48528	bot-335	bravo	P00m-3310	tick	62.62	90.58	297	2.41	2.47	4.25	1	squad	squad-2	5	bot-331			-	0	14	101	0	7	35
48528	bot-338	alpha	P00r-4310	tick	-71.97	-86.92	106	1.61	1.45		22	patrol	squad-1	0	bot-338			-	0	24	120	0	7	35
48528	bot-339	bravo	P00r-4410	tick	50.52	89.83	263	2.41	2.35	2.71	1	squad	squad-2	1	bot-331			-	0	23	120	0	20	101
48528	bot-341	bravo	P00r-4410	tick	65.74	90.55	257	2.22	2.20	5.48	1	squad	squad-2	6	bot-331			-	0	1	30	0	20	101
48528	bot-343	bravo	P00m-4420	tick	67.41	89.70	285	2.36	2.44	20.93	3	squad	squad-2	7	bot-331			-	0	20	101	0	7	35
48528	bot-345	bravo	P00r-4420	tick	53.45	90.92	289	2.09	1.77	2.63	1	squad	squad-2	2	bot-331			-	0	1	4	0	30	120
48528	bot-347	bravo	P00r-4410	tick	56.15	90.97	285	1.60	2.26	3.24	1	squad	squad-2	3	bot-331			-	0	30	120	0	20	101
48528	bot-349	bravo	P00r-4410	tick	58.79	90.59	257	2.63	2.56	3.54	1	squad	squad-2	4	bot-331			-	0	30	120	0	20	101
48528	bot-351	bravo	P00m-4430	tick	86.88	76.79	297	2.43	2.09	15.61	2	squad	squad-4	7	bot-305			-	0	20	101	0	7	35
48528	bot-352	alpha	P00m-4420	tick	-88.09	-80.03	359	2.40	2.40	11.26	5	squad	squad-1	3	bot-338			-	0	20	101	0	7	35
48528	bot-353	bravo	P00r-4410	tick	86.18	84.98	315	2.75	2.48	7.98	1	squad	squad-4	5	bot-305			-	0	30	120	0	20	101
48528	bot-355	bravo	P00r-4410	tick	86.61	78.76	353	2.07	2.34	13.30	2	squad	squad-4	6	bot-305			-	0	30	120	0	20	101
48528	bot-357	bravo	P00r-4410	tick	42.26	90.23	292	2.16	2.26		18	patrol	squad-35	0	bot-357			-	0	30	120	0	20	101
48528	bot-358	alpha	P00r-4320	tick	-85.26	70.38	176	1.90	2.08		23	patrol	squad-15	0	bot-358			-	0	30	120	0	7	35
48528	bot-359	bravo	P00m-4420	tick	55.19	90.16	277	1.81	1.69	2.72	1	squad	squad-35	4	bot-357			-	0	20	101	0	7	35
48528	bot-361	bravo	P00r-4410	tick	61.25	89.80	274	2.68	2.54	6.48	1	squad	squad-35	5	bot-357			-	0	1	30	0	20	101
48528	bot-362	alpha	P00r-4320	tick	-87.85	74.79	169	2.14	2.04	1.20	1	squad	squad-15	2	bot-358			-	0	1	30	0	7	35
48528	bot-363	bravo	P00r-4410	tick	47.55	90.31	251	2.52	2.55	2.56	1	squad	squad-35	1	bot-357			-	0	1	4	0	30	120
48528	bot-364	alpha	P00r-4310	tick	-83.35	75.09	179	2.25	2.28	2.26	1	squad	squad-15	1	bot-358			-	0	1	4	0	30	120
48528	bot-365	bravo	P00r-4410	tick	49.71	91.09	247	2.67	2.53	2.48	1	squad	squad-35	2	bot-357			-	0	30	120	0	20	101
48528	bot-366	alpha	P00r-4410	tick	-84.66	37.81	173	2.34	2.28		19	patrol	squad-36	0	bot-366			-	0	30	120	0	7	35
48528	bot-367	bravo	P00m-4420	tick	60.37	91.01	266	2.65	2.66	2.91	1	squad	squad-35	6	bot-357			-	0	20	101	0	7	35
48528	bot-368	alpha	P00m-4420	tick	-84.36	54.17	167	2.41	2.51	1.04	1	squad	squad-36	6	bot-366			-	0	20	101	0	7	35
48528	bot-369	bravo	P00r-4410	tick	53.31	89.43	277	2.16	1.94	3.88	1	squad	squad-35	3	bot-357			-	0	30	120	0	20	101
48528	bot-370	alpha	P00r-4410	tick	-84.77	42.31	168	2.35	2.07	1.83	1	squad	squad-36	1	bot-366			-	0	30	120	0	7	35
48528	bot-371	alpha	P00r-4410	tick	-84.49	44.67	154	1.85	1.98	2.02	1	squad	squad-36	2	bot-366			-	0	30	120	0	20	101
48528	bot-372	alpha	P00r-4410	tick	-84.47	46.83	176	1.63	1.89	1.75	1	squad	squad-36	3	bot-366			-	0	30	120	0	7	35
48528	bot-373	alpha	P00m-4420	tick	-84.34	57.01	187	2.71	2.55	1.65	1	squad	squad-36	7	bot-366			-	0	20	101	0	7	35
48528	bot-374	alpha	P00r-4410	tick	-84.44	49.44	172	1.95	2.24	1.36	1	squad	squad-36	4	bot-366			-	0	30	120	0	7	35
48528	bot-375	alpha	P00r-4410	tick	-84.40	51.74	148	2.38	2.35	1.74	1	squad	squad-36	5	bot-366			-	0	30	120	0	20	101
48528	bot-376	alpha	P00r-4410	tick	83.51	-88.02	102	1.74	2.02		2	patrol	squad-37	0	bot-376			-	0	1	30	0	7	35
48528	bot-377	alpha	P00m-4420	tick	69.66	-86.18	60	2.72	2.46	2.63	1	squad	squad-37	5	bot-376			-	0	20	101	0	7	35
48528	bot-378	alpha	P00r-4410	tick	78.28	-86.88	110	2.49	2.58	2.74	1	squad	squad-37	1	bot-376			-	0	1	4	0	30	120
48528	bot-379	alpha	P00r-4410	tick	76.33	-86.40	71	2.68	2.52	2.20	1	squad	squad-37	2	bot-376			-	0	30	120	0	20	101
48528	bot-380	alpha	P00r-4410	tick	74.67	-85.98	59	2.46	2.58	1.12	1	squad	squad-37	3	bot-376			-	0	30	120	0	7	35
48906	bot-382	alpha	P00r-4410	tick	76.46	-87.32	315	2.46	2.62	3.31	1	squad	squad-37	4	bot-376			-	0	30	120	0	7	35
48928	bot-262	bravo	P00m-0300	tick	12.49	64.18	17	1.06	0.29	54.14	14	patrol	squad-27	0	bot-262			-	0	0	0	0	0	0
48928	bot-381	alpha	P00m-4420	tick	69.21	-84.01	4	0.10	1.78		0		squad-37	6	bot-376			-	0	20	101	0	7	35
49540	bot-256	bravo	P00r-3320	tick	71.62	90.76	274	2.47	2.51	0.52	1	squad	squad-4	1	bot-305			-	0	22	100	0	7	35
49540	bot-281	alpha	P00m-4200	tick	-81.11	-57.94	181	2.50	2.31	30.81	4	squad	squad-1	2	bot-338			-	0	20	69	0	7	35
49540	bot-305	bravo	P00r-4320	tick	67.66	90.32	288	1.94	2.39		22	patrol	squad-4	0	bot-305			-	0	1	1	0	30	120
49540	bot-317	bravo	P00r-2320	tick	75.33	91.23	298	2.49	2.36	2.44	1	squad	squad-4	2	bot-305			-	0	11	120	0	20	101
49540	bot-323	bravo	P00r-4320	tick	79.10	91.13	299	2.21	2.26	3.83	1	squad	squad-4	3	bot-305			-	0	1	3	0	30	120
49540	bot-325	bravo	P00r-2320	tick	82.42	89.09	309	2.55	2.46	5.88	1	squad	squad-4	4	bot-305			-	0	15	120	0	20	101
49540	bot-331	bravo	P00r-2410	tick	43.06	90.25	266	2.18	2.33		18	patrol	squad-2	0	bot-331			-	0	13	120	0	20	101
49540	bot-332	alpha	P00r-4410	tick	-76.38	-85.14	59	2.38	2.43	3.06	1	squad	squad-1	1	bot-338			-	0	30	120	0	7	35
49540	bot-335	bravo	P00m-3310	tick	60.01	90.42	260	2.65	2.62	3.95	1	squad	squad-2	5	bot-331			-	0	14	101	0	7	35
49540	bot-338	alpha	P00r-4310	tick	-70.49	-86.91	108	1.64	1.48		22	patrol	squad-1	0	bot-338			-	0	24	120	0	7	35
49540	bot-339	bravo	P00r-4410	tick	48.01	89.74	254	2.41	2.51	2.33	1	squad	squad-2	1	bot-331			-	0	23	120	0	20	101
49540	bot-341	bravo	P00r-4410	tick	63.29	90.42	285	2.54	2.45	5.13	1	squad	squad-2	6	bot-331			-	0	1	30	0	20	101
49540	bot-343	bravo	P00m-4420	tick	65.05	89.89	252	2.51	2.37	20.89	3	squad	squad-2	7	bot-331			-	0	20	101	0	7	35
49540	bot-345	bravo	P00r-4420	tick	51.18	90.90	266	2.52	2.27	2.39	1	squad	squad-2	2	bot-331			-	0	1	4	0	30	120
49540	bot-347	bravo	P00r-4410	tick	54.52	90.98	275	1.72	1.64	3.72	1	squad	squad-2	3	bot-331			-	0	30	120	0	20	101
49540	bot-349	bravo	P00r-4410	tick	56.47	90.41	286	1.51	2.33	3.31	1	squad	squad-2	4	bot-331			-	0	30	120	0	20	101
49540	bot-351	bravo	P00m-4430	tick	86.51	79.02	347	2.43	2.26	21.90	3	squad	squad-4	7	bot-305			-	0	20	101	0	7	35
49540	bot-352	alpha	P00m-4420	tick	-88.14	-77.60	23	2.40	2.43	13.85	4	squad	squad-1	3	bot-338			-	0	20	101	0	7	35
49540	bot-353	bravo	P00r-4410	tick	84.63	87.06	309	2.33	2.60	6.81	1	squad	squad-4	5	bot-305			-	0	30	120	0	20	101
49540	bot-355	bravo	P00r-4410	tick	86.04	80.86	311	2.45	2.18	12.42	2	squad	squad-4	6	bot-305			-	0	30	120	0	20	101
49540	bot-357	bravo	P00r-4410	tick	39.87	90.15	261	2.44	2.38		18	patrol	squad-35	0	bot-357			-	0	30	120	0	20	101
49540	bot-358	alpha	P00r-4320	tick	-85.22	68.03	160	2.50	2.35		23	patrol	squad-15	0	bot-358			-	0	30	120	0	7	35
49540	bot-359	bravo	P00m-4420	tick	53.34	89.99	273	2.18	1.86	3.11	1	squad	squad-35	4	bot-357			-	0	20	101	0	7	35
49540	bot-361	bravo	P00r-4410	tick	58.66	89.71	293	2.49	2.59	6.04	1	squad	squad-35	5	bot-357			-	0	1	30	0	20	101
49540	bot-362	alpha	P00r-4320	tick	-87.70	72.55	209	2.20	2.25	1.09	1	squad	squad-15	2	bot-358			-	0	1	30	0	7	35
49540	bot-363	bravo	P00r-4410	tick	45.09	90.25	284	2.38	2.46	2.16	1	squad	squad-35	1	bot-357			-	0	1	4	0	30	120
49540	bot-364	alpha	P00r-4310	tick	-82.99	72.68	184	2.56	2.43	1.91	1	squad	squad-15	1	bot-358			-	0	1	4	0	30	120
49540	bot-365	bravo	P00r-4410	tick	47.27	91.03	264	2.41	2.44	2.15	1	squad	squad-35	2	bot-357			-	0	30	120	0	20	101
49540	bot-366	alpha	P00r-4410	tick	-84.73	35.40	203	2.40	2.41		18	patrol	squad-36	0	bot-366			-	0	30	120	0	7	35
49540	bot-367	bravo	P00m-4420	tick	57.81	90.97	248	2.47	2.55	2.62	1	squad	squad-35	6	bot-357			-	0	20	101	0	7	35
49540	bot-368	alpha	P00m-4420	tick	-84.15	51.89	182	2.40	2.30	1.59	1	squad	squad-36	6	bot-366			-	0	20	101	0	7	35
49540	bot-369	bravo	P00r-4410	tick	50.98	89.39	246	2.41	2.33	3.66	1	squad	squad-35	3	bot-357			-	0	30	120	0	20	101
49540	bot-370	alpha	P00r-4410	tick	-84.70	39.91	168	2.37	2.41	1.51	1	squad	squad-36	1	bot-366			-	0	30	120	0	7	35
49540	bot-371	alpha	P00r-4410	tick	-84.40	42.65	203	2.38	2.02	2.17	1	squad	squad-36	2	bot-366			-	0	30	120	0	20	101
49540	bot-372	alpha	P00r-4410	tick	-84.39	44.86	212	2.00	1.98	1.81	1	squad	squad-36	3	bot-366			-	0	30	120	0	7	35
49540	bot-373	alpha	P00m-4420	tick	-83.94	54.47	180	2.38	2.58	2.29	1	squad	squad-36	7	bot-366			-	0	20	101	0	7	35
49540	bot-374	alpha	P00r-4410	tick	-84.54	47.43	163	2.09	2.01	1.53	1	squad	squad-36	4	bot-366			-	0	30	120	0	7	35
49540	bot-375	alpha	P00r-4410	tick	-84.15	49.58	193	2.23	2.17	1.96	1	squad	squad-36	5	bot-366			-	0	30	120	0	20	101
49540	bot-376	alpha	P00r-4410	tick	85.80	-88.68	136	2.66	2.38		2	patrol	squad-37	0	bot-376			-	0	1	30	0	7	35
49540	bot-377	alpha	P00m-4420	tick	71.82	-84.69	90	2.42	2.63	2.55	1	squad	squad-37	5	bot-376			-	0	20	101	0	7	35
49540	bot-378	alpha	P00r-4410	tick	80.50	-87.03	85	2.28	2.22	2.64	1	squad	squad-37	1	bot-376			-	0	1	4	0	30	120
49540	bot-379	alpha	P00r-4410	tick	78.79	-86.29	92	2.04	2.45	1.91	1	squad	squad-37	2	bot-376			-	0	30	120	0	20	101
49540	bot-380	alpha	P00r-4410	tick	77.16	-85.48	116	2.58	2.54	1.97	1	squad	squad-37	3	bot-376			-	0	30	120	0	7	35
49908	bot-382	alpha	P00r-4410	tick	75.93	-86.13	324	0.10	1.30		0		squad-37	4	bot-376			-	0	30	120	0	7	35
49933	bot-262	bravo	P00m-0300	tick	12.47	64.19	346	1.05	0.03	54.12	14	patrol	squad-27	0	bot-262			-	0	0	0	0	0	0
49933	bot-381	alpha	P00m-4420	tick	71.33	-83.65	106	2.23	2.15	0.92	1	squad	squad-37	6	bot-376			-	0	20	101	0	7	35
50551	bot-256	bravo	P00r-3320	tick	69.34	90.36	285	2.42	2.32	1.25	1	squad	squad-4	1	bot-305			-	0	22	100	0	7	35
50551	bot-281	alpha	P00m-4200	tick	-80.20	-60.33	146	2.52	2.56	29.16	4	squad	squad-1	2	bot-338			-	0	20	69	0	7	35
50551	bot-305	bravo	P00r-4320	tick	65.41	90.31	264	2.43	2.25		21	patrol	squad-4	0	bot-305			-	0	1	1	0	30	120
50551	bot-317	bravo	P00r-2320	tick	72.92	90.79	254	2.45	2.45	2.03	1	squad	squad-4	2	bot-305			-	0	11	120	0	20	101
50551	bot-323	bravo	P00r-4320	tick	76.90	90.75	258	2.24	2.23	3.49	1	squad	squad-4	3	bot-305			-	0	1	3	0	30	120
50551	bot-325	bravo	P00r-2320	tick	80.05	89.72	289	2.30	2.46	4.74	1	squad	squad-4	4	bot-305			-	0	15	120	0	20	101
50551	bot-331	bravo	P00r-2410	tick	40.77	90.20	298	2.43	2.30		18	patrol	squad-2	0	bot-331			-	0	13	120	0	20	101
50551	bot-332	alpha	P00r-4410	tick	-74.12	-84.63	99	2.05	2.31	2.75	1	squad	squad-1	1	bot-338			-	0	30	120	0	7	35
50551	bot-335	bravo	P00m-3310	tick	57.48	90.61	266	2.45	2.54	3.69	1	squad	squad-2	5	bot-331			-	0	14	101	0	7	35
50551	bot-338	alpha	P00r-4310	tick	-68.45	-87.08	78	2.33	2.05		22	patrol	squad-1	0	bot-338			-	0	24	120	0	7	35
50551	bot-339	bravo	P00r-4410	tick	45.52	89.67	289	2.40	2.49	1.98	1	squad	squad-2	1	bot-331			-	0	23	120	0	20	101
50551	bot-341	bravo	P00r-4410	tick	60.69	90.30	278	2.49	2.61	4.58	1	squad	squad-2	6	bot-331			-	0	1	30	0	20	101
50551	bot-343	bravo	P00m-4420	tick	62.52	89.97	270	2.54	2.53	3.82	1	squad	squad-2	7	bot-331			-	0	20	101	0	7	35
50551	bot-345	bravo	P00r-4420	tick	48.63	90.89	247	2.48	2.54	2.93	1	squad	squad-2	2	bot-331			-	0	1	4	0	30	120
50551	bot-347	bravo	P00r-4410	tick	52.53	90.71	247	2.23	2.00	3.75	1	squad	squad-2	3	bot-331			-	0	30	120	0	20	101
50551	bot-349	bravo	P00r-4410	tick	54.80	90.18	263	1.87	1.68	3.78	1	squad	squad-2	4	bot-331			-	0	30	120	0	20	101
50551	bot-351	bravo	P00m-4430	tick	85.22	80.78	359	2.41	2.18	10.10	2	squad	squad-4	7	bot-305			-	0	20	101	0	7	35
50551	bot-352	alpha	P00m-4420	tick	-88.17	-77.84	220	2.40	0.25	15.80	4	squad	squad-1	3	bot-338			-	0	20	101	0	7	35
50551	bot-353	bravo	P00r-4410	tick	82.49	88.23	316	2.53	2.43	4.71	1	squad	squad-4	5	bot-305			-	0	30	120	0	20	101
50551	bot-355	bravo	P00r-4410	tick	84.75	82.87	332	2.28	2.39	8.81	1	squad	squad-4	6	bot-305			-	0	30	120	0	20	101
50551	bot-357	bravo	P00r-4410	tick	37.36	90.10	259	2.55	2.51		18	patrol	squad-35	0	bot-357			-	0	30	120	0	20	101
50551	bot-358	alpha	P00r-4320	tick	-85.21	65.49	192	2.08	2.54		23	patrol	squad-15	0	bot-358			-	0	30	120	0	7	35
50551	bot-359	bravo	P00m-4420	tick	51.01	89.89	243	2.40	2.33	3.27	1	squad	squad-35	4	bot-357			-	0	20	101	0	7	35
50551	bot-361	bravo	P00r-4410	tick	56.62	89.50	249	1.76	2.06	7.04	1	squad	squad-35	5	bot-357			-	0	1	30	0	20	101
50551	bot-362	alpha	P00r-4320	tick	-87.70	70.30	180	2.25	2.25	2.01	1	squad	squad-15	2	bot-358			-	0	1	30	0	7	35
50551	bot-363	bravo	P00r-4410	tick	42.80	90.22	273	2.26	2.29	2.95	1	squad	squad-35	1	bot-357			-	0	1	4	0	30	120
50551	bot-364	alpha	P00r-4310	tick	-82.86	70.26	154	2.28	2.43	1.70	1	squad	squad-15	1	bot-358			-	0	1	4	0	30	120
50551	bot-365	bravo	P00r-4410	tick	44.86	90.84	287	2.40	2.41	1.94	1	squad	squad-35	2	bot-357			-	0	30	120	0	20	101
50551	bot-366	alpha	P00r-4410	tick	-84.71	32.98	183	2.41	2.43		18	patrol	squad-36	0	bot-366			-	0	30	120	0	7	35
50551	bot-367	bravo	P00m-4420	tick	55.84	90.82	268	1.55	1.98	3.25	1	squad	squad-35	6	bot-357			-	0	20	101	0	7	35
50551	bot-368	alpha	P00m-4420	tick	-84.64	49.61	199	2.14	2.33	1.32	1	squad	squad-36	6	bot-366			-	0	20	101	0	7	35
50551	bot-369	bravo	P00r-4410	tick	48.52	89.38	250	2.53	2.46	3.30	1	squad	squad-35	3	bot-357			-	0	30	120	0	20	101
50551	bot-370	alpha	P00r-4410	tick	-84.70	37.60	201	2.37	2.31	1.30	1	squad	squad-36	1	bot-366			-	0	30	120	0	7	35
50551	bot-371	alpha	P00r-4410	tick	-84.55	40.26	198	2.35	2.39	1.82	1	squad	squad-36	2	bot-366			-	0	30	120	0	20	101
50551	bot-372	alpha	P00r-4410	tick	-84.65	42.85	170	2.22	2.03	1.86	1	squad	squad-36	3	bot-366			-	0	30	120	0	7	35
50551	bot-373	alpha	P00m-4420	tick	-84.53	52.16	168	2.39	2.38	1.93	1	squad	squad-36	7	bot-366			-	0	20	101	0	7	35
50551	bot-374	alpha	P00r-4410	tick	-84.63	45.44	192	1.92	1.99	1.85	1	squad	squad-36	4	bot-366			-	0	30	120	0	7	35
50551	bot-375	alpha	P00r-4410	tick	-84.66	47.57	207	1.90	2.08	2.25	1	squad	squad-36	5	bot-366			-	0	30	120	0	20	101
50551	bot-376	alpha	P00r-4410	tick	88.20	-89.52	108	2.43	2.54		2	patrol	squad-37	0	bot-376			-	0	1	30	0	7	35
50551	bot-377	alpha	P00m-4420	tick	74.18	-84.62	80	2.10	2.36	2.28	1	squad	squad-37	5	bot-376			-	0	20	101	0	7	35
50551	bot-378	alpha	P00r-4410	tick	82.75	-87.50	102	2.06	2.30	2.48	1	squad	squad-37	1	bot-376			-	0	1	4	0	30	120
50551	bot-379	alpha	P00r-4410	tick	80.72	-86.83	136	2.24	2.01	2.05	1	squad	squad-37	2	bot-376			-	0	30	120	0	20	101
50551	bot-380	alpha	P00r-4410	tick	79.24	-86.19	116	1.97	2.20	1.95	1	squad	squad-37	3	bot-376			-	0	30	120	0	7	35
50924	bot-382	alpha	P00r-4410	tick	78.29	-86.08	100	2.29	2.36	0.60	1	squad	squad-37	4	bot-376			-	0	30	120	0	7	35
50951	bot-262	bravo	P00m-0300	tick	12.07	63.62	268	1.93	0.69	53.57	23	patrol	squad-27	0	bot-262			-	0	0	0	0	0	0
50951	bot-381	alpha	P00m-4420	tick	73.12	-83.91	89	1.99	1.81	2.37	1	squad	squad-37	6	bot-376			-	0	20	101	0	7	35
51554	bot-256	bravo	P00r-3320	tick	67.02	90.26	257	2.26	2.32	0.96	1	squad	squad-4	1	bot-305			-	0	22	100	0	7	35
51554	bot-281	alpha	P00m-4200	tick	-79.18	-62.51	134	2.57	2.41	27.59	4	squad	squad-1	2	bot-338			-	0	20	69	0	7	35
51554	bot-305	bravo	P00r-4320	tick	63.00	90.22	251	2.56	2.41		21	patrol	squad-4	0	bot-305			-	0	1	1	0	30	120
51554	bot-317	bravo	P00r-2320	tick	70.45	90.54	238	2.41	2.48	1.64	1	squad	squad-4	2	bot-305			-	0	11	120	0	20	101
51554	bot-323	bravo	P00r-4320	tick	74.59	90.51	245	2.43	2.32	3.37	1	squad	squad-4	3	bot-305			-	0	1	3	0	30	120
51554	bot-325	bravo	P00r-2320	tick	77.86	89.88	255	2.15	2.20	4.76	1	squad	squad-4	4	bot-305			-	0	15	120	0	20	101
51554	bot-331	bravo	P00r-2410	tick	38.31	90.07	270	2.46	2.46		18	patrol	squad-2	0	bot-331			-	0	13	120	0	20	101
51554	bot-332	alpha	P00r-4410	tick	-72.34	-84.50	115	1.55	1.78	2.88	1	squad	squad-1	1	bot-338			-	0	30	120	0	7	35
51554	bot-335	bravo	P00m-3310	tick	55.70	90.57	269	1.54	1.78	4.44	1	squad	squad-2	5	bot-331			-	0	14	101	0	7	35
51554	bot-338	alpha	P00r-4310	tick	-66.09	-86.93	74	2.60	2.37		21	patrol	squad-1	0	bot-338			-	0	24	120	0	7	35
51554	bot-339	bravo	P00r-4410	tick	43.30	89.61	275	1.96	2.22	1.81	1	squad	squad-2	1	bot-331			-	0	23	120	0	20	101
51554	bot-341	bravo	P00r-4410	tick	58.15	90.14	237	2.48	2.55	5.48	1	squad	squad-2	6	bot-331			-	0	1	30	0	20	101
51554	bot-343	bravo	P00m-4420	tick	59.99	89.95	290	2.66	2.53	4.93	1	squad	squad-2	7	bot-331			-	0	20	101	0	7	35
51554	bot-345	bravo	P00r-4420	tick	46.30	90.61	281	2.41	2.34	2.69	1	squad	squad-2	2	bot-331			-	0	1	4	0	30	120
51554	bot-347	bravo	P00r-4410	tick	50.18	90.44	253	2.48	2.37	4.59	1	squad	squad-2	3	bot-331			-	0	30	120	0	20	101
51554	bot-349	bravo	P00r-4410	tick	52.92	89.97	236	2.26	1.89	4.08	1	squad	squad-2	4	bot-331			-	0	30	120	0	20	101
51554	bot-351	bravo	P00m-4430	tick	83.51	82.11	320	1.65	2.17	8.79	2	squad	squad-4	7	bot-305			-	0	20	101	0	7	35
51554	bot-352	alpha	P00m-4420	tick	-88.20	-80.20	163	2.40	2.36	22.33	4	squad	squad-1	3	bot-338			-	0	20	101	0	7	35
51554	bot-353	bravo	P00r-4410	tick	80.14	89.02	288	2.32	2.48	5.11	1	squad	squad-4	5	bot-305			-	0	30	120	0	20	101
51554	bot-355	bravo	P00r-4410	tick	83.23	84.80	339	2.66	2.45	7.46	1	squad	squad-4	6	bot-305			-	0	30	120	0	20	101
51554	bot-357	bravo	P00r-4410	tick	34.89	90.20	288	2.47	2.47		17	patrol	squad-35	0	bot-357			-	0	30	120	0	20	101
51554	bot-358	alpha	P00r-4320	tick	-85.23	63.67	195	2.07	1.82		23	patrol	squad-15	0	bot-358			-	0	30	120	0	7	35
51554	bot-359	bravo	P00m-4420	tick	48.62	89.49	249	2.51	2.43	3.76	1	squad	squad-35	4	bot-357			-	0	20	101	0	7	35
51554	bot-361	bravo	P00r-4410	tick	55.04	89.22	243	1.75	1.61	8.04	1	squad	squad-35	5	bot-357			-	0	1	30	0	20	101
51554	bot-362	alpha	P00r-4320	tick	-87.76	67.98	155	1.86	2.32	1.80	1	squad	squad-15	2	bot-358			-	0	1	30	0	7	35
51554	bot-363	bravo	P00r-4410	tick	40.54	89.92	245	2.42	2.28	2.72	1	squad	squad-35	1	bot-357			-	0	1	4	0	30	120
51554	bot-364	alpha	P00r-4310	tick	-82.84	67.96	173	2.34	2.30	1.50	1	squad	squad-15	1	bot-358			-	0	1	4	0	30	120
51554	bot-365	bravo	P00r-4410	tick	42.63	90.56	268	2.21	2.25	2.91	1	squad	squad-35	2	bot-357			-	0	30	120	0	20	101
51554	bot-366	alpha	P00r-4410	tick	-84.74	30.56	152	2.45	2.42		18	patrol	squad-36	0	bot-366			-	0	30	120	0	7	35
51554	bot-367	bravo	P00m-4420	tick	54.31	90.54	279	1.76	1.55	5.31	2	squad	squad-35	6	bot-357			-	0	20	101	0	7	35
51554	bot-368	alpha	P00m-4420	tick	-84.77	47.64	191	1.92	1.98	1.61	1	squad	squad-36	6	bot-366			-	0	20	101	0	7	35
51554	bot-369	bravo	P00r-4410	tick	46.08	89.12	292	2.46	2.45	3.77	1	squad	squad-35	3	bot-357			-	0	30	120	0	20	101
51554	bot-370	alpha	P00r-4410	tick	-84.73	35.25	188	2.39	2.35	1.21	1	squad	squad-36	1	bot-366			-	0	30	120	0	7	35
51554	bot-371	alpha	P00r-4410	tick	-84.57	38.07	166	2.28	2.18	1.79	1	squad	squad-36	2	bot-366			-	0	30	120	0	20	101
51554	bot-372	alpha	P00r-4410	tick	-84.67	40.56	169	2.40	2.30	1.72	1	squad	squad-36	3	bot-366			-	0	30	120	0	7	35
51554	bot-373	alpha	P00m-4420	tick	-84.69	49.90	195	2.20	2.27	1.94	1	squad	squad-36	7	bot-366			-	0	20	101	0	7	35
51554	bot-374	alpha	P00r-4410	tick	-84.69	43.57	200	1.96	1.88	2.43	1	squad	squad-36	4	bot-366			-	0	30	120	0	7	35
51554	bot-375	alpha	P00r-4410	tick	-84.71	45.72	173	2.12	1.85	2.79	1	squad	squad-36	5	bot-366			-	0	30	120	0	20	101
51554	bot-376	alpha	P00r-4410	tick	90.36	-90.49	106	2.41	2.37		1	patrol	squad-37	0	bot-376			-	0	1	30	0	7	35
51554	bot-377	alpha	P00m-4420	tick	76.14	-85.05	111	2.34	2.01	2.46	1	squad	squad-37	5	bot-376			-	0	20	101	0	7	35
51554	bot-378	alpha	P00r-4410	tick	84.54	-87.87	129	2.31	1.83	3.95	1	squad	squad-37	1	bot-376			-	0	1	4	0	30	120
51554	bot-379	alpha	P00r-4410	tick	82.96	-87.21	94	2.25	2.27	3.48	1	squad	squad-37	2	bot-376			-	0	30	120	0	20	101
51554	bot-380	alpha	P00r-4410	tick	81.17	-86.86	92	2.34	2.04	1.97	1	squad	squad-37	3	bot-376			-	0	30	120	0	7	35
51924	bot-382	alpha	P00r-4410	tick	80.21	-85.59	98	2.42	1.98	3.45	1	squad	squad-37	4	bot-376			-	0	30	120	0	7	35
51965	bot-262	bravo	P00m-0300	tick	10.87	61.95	237	1.99	2.06	51.95	23	patrol	squad-27	0	bot-262			-	0	0	0	0	0	0
51965	bot-381	alpha	P00m-4420	tick	75.03	-84.06	61	2.61	1.92	5.22	1	squad	squad-37	6	bot-376			-	0	20	101	0	7	35
52563	bot-256	bravo	P00r-3320	tick	64.69	90.24	257	2.42	2.34	1.72	1	squad	squad-4	1	bot-305			-	0	22	100	0	7	35
52563	bot-281	alpha	P00m-4200	tick	-77.88	-64.63	159	2.42	2.48	25.81	3	squad	squad-1	2	bot-338			-	0	20	69	0	7	35
52563	bot-305	bravo	P00r-4320	tick	60.35	90.21	284	2.61	2.65		21	patrol	squad-4	0	bot-305			-	0	1	1	0	30	120
52563	bot-317	bravo	P00r-2320	tick	68.01	90.38	276	2.36	2.45	2.66	1	squad	squad-4	2	bot-305			-	0	11	120	0	20	101
52563	bot-323	bravo	P00r-4320	tick	72.08	90.41	272	2.56	2.51	4.10	1	squad	squad-4	3	bot-305			-	0	1	3	0	30	120
52563	bot-325	bravo	P00r-2320	tick	75.82	89.89	262	2.16	2.03	5.07	1	squad	squad-4	4	bot-305			-	0	15	120	0	20	101
52563	bot-331	bravo	P00r-2410	tick	35.78	90.15	258	2.61	2.54		18	patrol	squad-2	0	bot-331			-	0	13	120	0	20	101
52563	bot-332	alpha	P00r-4410	tick	-71.10	-84.39	65	1.13	1.24	4.80	1	squad	squad-1	1	bot-338			-	0	30	120	0	7	35
52563	bot-335	bravo	P00m-3310	tick	54.04	90.20	266	1.99	1.71	5.38	1	squad	squad-2	5	bot-331			-	0	14	101	0	7	35
52563	bot-338	alpha	P00r-4310	tick	-63.47	-86.45	107	2.71	2.66		21	patrol	squad-1	0	bot-338			-	0	24	120	0	7	35
52563	bot-339	bravo	P00r-4410	tick	40.95	89.39	249	2.44	2.37	2.61	1	squad	squad-2	1	bot-331			-	0	23	120	0	20	101
52563	bot-341	bravo	P00r-4410	tick	56.16	89.83	264	1.84	2.01	6.18	2	squad	squad-2	6	bot-331			-	0	1	30	0	20	101
52563	bot-343	bravo	P00m-4420	tick	57.58	89.39	237	1.97	2.48	5.59	1	squad	squad-2	7	bot-331			-	0	20	101	0	7	35
52563	bot-345	bravo	P00r-4420	tick	43.92	90.56	286	2.35	2.39	2.57	1	squad	squad-2	2	bot-331			-	0	1	4	0	30	120
52563	bot-347	bravo	P00r-4410	tick	47.64	90.15	280	2.49	2.55	4.24	1	squad	squad-2	3	bot-331			-	0	30	120	0	20	101
52563	bot-349	bravo	P00r-4410	tick	50.56	89.75	260	2.40	2.37	5.37	1	squad	squad-2	4	bot-331			-	0	30	120	0	20	101
52563	bot-351	bravo	P00m-4430	tick	81.75	83.33	285	2.49	2.14	22.14	3	squad	squad-4	7	bot-305			-	0	20	101	0	7	35
52563	bot-352	alpha	P00m-4420	tick	-88.23	-82.62	196	2.38	2.42	24.77	5	squad	squad-1	3	bot-338			-	0	20	101	0	7	35
52563	bot-353	bravo	P00r-4410	tick	77.89	89.31	248	2.22	2.26	4.90	1	squad	squad-4	5	bot-305			-	0	30	120	0	20	101
52563	bot-355	bravo	P00r-4410	tick	81.25	86.35	288	2.43	2.52	7.11	1	squad	squad-4	6	bot-305			-	0	30	120	0	20	101
52563	bot-357	bravo	P00r-4410	tick	32.47	90.15	279	2.41	2.42		17	patrol	squad-35	0	bot-357			-	0	30	120	0	20	101
52563	bot-358	alpha	P00r-4320	tick	-85.29	61.54	161	2.31	2.13		22	patrol	squad-15	0	bot-358			-	0	30	120	0	7	35
52563	bot-359	bravo	P00m-4420	tick	46.11	89.81	304	2.45	2.52	3.21	1	squad	squad-35	4	bot-357			-	0	20	101	0	7	35
52563	bot-361	bravo	P00r-4410	tick	53.02	89.07	284	2.26	2.02	8.09	2	squad	squad-35	5	bot-357			-	0	1	30	0	20	101
52563	bot-362	alpha	P00r-4320	tick	-87.70	65.50	190	2.79	2.48	1.43	1	squad	squad-15	2	bot-358			-	0	1	30	0	7	35
52563	bot-363	bravo	P00r-4410	tick	38.06	89.98	272	2.47	2.48	2.23	1	squad	squad-35	1	bot-357			-	0	1	4	0	30	120
52563	bot-364	alpha	P00r-4310	tick	-82.89	65.65	203	2.17	2.31	1.27	1	squad	squad-15	1	bot-358			-	0	1	4	0	30	120
52563	bot-365	bravo	P00r-4410	tick	40.43	90.81	254	2.42	2.21	2.94	1	squad	squad-35	2	bot-357			-	0	30	120	0	20	101
52563	bot-366	alpha	P00r-4410	tick	-84.57	28.11	168	2.45	2.46		17	patrol	squad-36	0	bot-366			-	0	30	120	0	7	35
52563	bot-367	bravo	P00m-4420	tick	52.24	90.37	245	2.30	2.08	4.30	1	squad	squad-35	6	bot-357			-	0	20	101	0	7	35
52563	bot-368	alpha	P00m-4420	tick	-84.99	45.79	206	1.86	1.86	5.23	1	squad	squad-36	6	bot-366			-	0	20	101	0	7	35
52563	bot-369	bravo	P00r-4410	tick	43.77	89.07	269	2.26	2.32	3.52	1	squad	squad-35	3	bot-357			-	0	30	120	0	20	101
52563	bot-370	alpha	P00r-4410	tick	-84.80	32.83	166	2.41	2.42	2.16	1	squad	squad-36	1	bot-366			-	0	30	120	0	7	35
52563	bot-371	alpha	P00r-4410	tick	-84.74	35.71	197	2.37	2.37	3.09	1	squad	squad-36	2	bot-366			-	0	30	120	0	20	101
52563	bot-372	alpha	P00r-4410	tick	-84.84	38.29	232	2.24	2.27	3.52	1	squad	squad-36	3	bot-366			-	0	30	120	0	7	35
52563	bot-373	alpha	P00m-4420	tick	-84.64	47.86	182	1.99	2.04	2.16	1	squad	squad-36	7	bot-366			-	0	20	101	0	7	35
52563	bot-374	alpha	P00r-4410	tick	-84.73	41.28	166	2.38	2.28	2.56	1	squad	squad-36	4	bot-366			-	0	30	120	0	7	35
52563	bot-375	alpha	P00r-4410	tick	-84.97	43.78	201	2.30	1.95	4.95	1	squad	squad-36	5	bot-366			-	0	30	120	0	20	101
52563	bot-376	alpha	P00r-4410	tick	90.91	-89.54	3	2.42	1.10		24	patrol	squad-37	0	bot-376			-	0	1	30	0	7	35
52563	bot-377	alpha	P00m-4420	tick	77.20	-84.40	81	0.25	1.23		0		squad-37	5	bot-376			-	0	20	101	0	7	35
52563	bot-378	alpha	P00r-4410	tick	86.92	-88.62	120	2.51	2.50	5.84	2	squad	squad-37	1	bot-376			-	0	1	4	0	30	120
52563	bot-379	alpha	P00r-4410	tick	84.57	-87.48	122	1.55	1.63	10.21	3	squad	squad-37	2	bot-376			-	0	30	120	0	20	101
52563	bot-380	alpha	P00r-4410	tick	82.40	-86.37	53	0.33	1.33		0		squad-37	3	bot-376			-	0	30	120	0	7	35
52850	bot-383	alpha	P00r-0410	initial	92.25	-89.75	0	0.00			0			-1				-	0			0		
52917	bot-383	alpha	P00r-4410	ammo	92.25	-89.75	0	0.09	0.00		0		squad-37	5	bot-376			-	0	30	120	0	20	101
52947	bot-382	alpha	P00r-4410	tick	81.25	-85.19	98	0.54	1.11		0		squad-37	4	bot-376			-	0	30	120	0	7	35
52975	bot-262	bravo	P00m-0300	tick	9.70	60.34	206	1.98	1.99	50.42	23	patrol	squad-27	0	bot-262			-	0	0	0	0	0	0
52975	bot-381	alpha	P00m-4420	tick	75.48	-83.44	70	0.06	0.76		0		squad-37	7	bot-376			-	0	20	101	0	7	35
53583	bot-256	bravo	P00r-3320	tick	62.18	90.23	290	2.54	2.51	1.35	1	squad	squad-4	1	bot-305			-	0	22	100	0	7	35
53583	bot-281	alpha	P00m-4200	tick	-76.55	-66.44	144	2.33	2.25	24.36	3	squad	squad-1	2	bot-338			-	0	20	69	0	7	35
53583	bot-305	bravo	P00r-4320	tick	57.69	90.17	283	2.44	2.65		20	patrol	squad-4	0	bot-305			-	0	1	1	0	30	120
53583	bot-317	bravo	P00r-2320	tick	65.78	90.34	284	2.28	2.23	2.84	1	squad	squad-4	2	bot-305			-	0	11	120	0	20	101
53583	bot-323	bravo	P00r-4320	tick	69.51	90.30	282	2.43	2.57	3.72	1	squad	squad-4	3	bot-305			-	0	1	3	0	30	120
53583	bot-325	bravo	P00r-2320	tick	73.42	89.90	300	2.49	2.40	6.07	1	squad	squad-4	4	bot-305			-	0	15	120	0	20	101
53583	bot-331	bravo	P00r-2410	tick	33.29	90.15	282	2.42	2.49		17	patrol	squad-2	0	bot-331			-	0	13	120	0	20	101
53583	bot-332	alpha	P00r-4410	tick	-70.30	-84.07	84	1.31	0.86	6.12	2	squad	squad-1	1	bot-338			-	0	30	120	0	7	35
53583	bot-335	bravo	P00m-3310	tick	51.94	89.94	251	2.37	2.12	5.54	1	squad	squad-2	5	bot-331			-	0	14	101	0	7	35
53583	bot-338	alpha	P00r-4310	tick	-61.32	-85.98	82	1.89	2.21		21	patrol	squad-1	0	bot-338			-	0	24	120	0	7	35
53583	bot-339	bravo	P00r-4410	tick	38.47	89.50	274	2.49	2.48	2.20	1	squad	squad-2	1	bot-331			-	0	23	120	0	20	101
53583	bot-341	bravo	P00r-4410	tick	54.47	89.92	294	1.74	1.69	6.24	1	squad	squad-2	6	bot-331			-	0	1	30	0	20	101
53583	bot-343	bravo	P00m-4420	tick	55.99	89.22	253	1.88	1.59	22.55	3	squad	squad-2	7	bot-331			-	0	20	101	0	7	35
53583	bot-345	bravo	P00r-4420	tick	41.73	90.53	248	2.29	2.19	2.99	1	squad	squad-2	2	bot-331			-	0	1	4	0	30	120
53583	bot-347	bravo	P00r-4410	tick	45.20	90.16	272	2.37	2.44	4.66	1	squad	squad-2	3	bot-331			-	0	30	120	0	20	101
53583	bot-349	bravo	P00r-4410	tick	47.99	89.84	294	2.47	2.57	4.68	1	squad	squad-2	4	bot-331			-	0	30	120	0	20	101
53583	bot-351	bravo	P00m-4430	tick	79.49	84.40	314	2.21	2.50	22.24	3	squad	squad-4	7	bot-305			-	0	20	101	0	7	35
53583	bot-352	alpha	P00m-4420	tick	-87.30	-83.64	126	2.41	1.39	25.62	4	squad	squad-1	3	bot-338			-	0	20	101	0	7	35
53583	bot-353	bravo	P00r-4410	tick	75.96	89.49	281	1.83	1.94	5.97	1	squad	squad-4	5	bot-305			-	0	30	120	0	20	101
53583	bot-355	bravo	P00r-4410	tick	79.18	87.23	281	1.87	2.24	6.96	1	squad	squad-4	6	bot-305			-	0	30	120	0	20	101
53583	bot-357	bravo	P00r-4410	tick	30.11	90.16	247	1.73	2.36		17	patrol	squad-35	0	bot-357			-	0	30	120	0	20	101
53583	bot-358	alpha	P00r-4320	tick	-85.46	59.19	170	2.22	2.35		22	patrol	squad-15	0	bot-358			-	0	30	120	0	7	35
53583	bot-359	bravo	P00m-4420	tick	43.77	89.68	259	2.29	2.34	3.22	1	squad	squad-35	4	bot-357			-	0	20	101	0	7	35
53583	bot-361	bravo	P00r-4410	tick	50.61	89.08	286	2.40	2.41	7.81	2	squad	squad-35	5	bot-357			-	0	1	30	0	20	101
53583	bot-362	alpha	P00r-4320	tick	-87.80	63.35	196	1.88	2.15	1.40	1	squad	squad-15	2	bot-358			-	0	1	30	0	7	35
53583	bot-363	bravo	P00r-4410	tick	35.49	90.06	303	2.43	2.57	2.94	1	squad	squad-35	1	bot-357			-	0	1	4	0	30	120
53583	bot-364	alpha	P00r-4310	tick	-82.89	63.62	192	1.41	2.03	1.41	1	squad	squad-15	1	bot-358			-	0	1	4	0	30	120
53583	bot-365	bravo	P00r-4410	tick	37.94	90.87	278	2.45	2.49	2.72	1	squad	squad-35	2	bot-357			-	0	30	120	0	20	101
53583	bot-366	alpha	P00r-4410	tick	-83.70	25.78	186	2.47	2.49		17	patrol	squad-36	0	bot-366			-	0	30	120	0	7	35
53583	bot-367	bravo	P00m-4420	tick	49.77	90.37	255	2.58	2.47	4.32	1	squad	squad-35	6	bot-357			-	0	20	101	0	7	35
53583	bot-368	alpha	P00m-4420	tick	-85.97	43.83	200	2.27	2.20	13.90	2	squad	squad-36	6	bot-366			-	0	20	101	0	7	35
53583	bot-369	bravo	P00r-4410	tick	41.39	89.05	239	2.43	2.38	3.21	1	squad	squad-35	3	bot-357			-	0	30	120	0	20	101
53583	bot-370	alpha	P00r-4410	tick	-83.45	31.02	137	2.44	2.26	1.84	1	squad	squad-36	1	bot-366			-	0	30	120	0	7	35
53583	bot-371	alpha	P00r-4410	tick	-85.54	33.44	220	2.49	2.40	5.59	1	squad	squad-36	2	bot-366			-	0	30	120	0	20	101
53583	bot-372	alpha	P00r-4410	tick	-83.79	36.66	134	2.41	1.93	5.35	2	squad	squad-36	3	bot-366			-	0	30	120	0	7	35
53583	bot-373	alpha	P00m-4420	tick	-83.45	46.36	130	1.97	1.91	10.83	2	squad	squad-36	7	bot-366			-	0	20	101	0	7	35
53583	bot-374	alpha	P00r-4410	tick	-85.54	39.19	194	2.38	2.25	10.02	2	squad	squad-36	4	bot-366			-	0	30	120	0	7	35
53583	bot-375	alpha	P00r-4410	tick	-84.46	42.21	156	2.51	1.65	9.19	1	squad	squad-36	5	bot-366			-	0	30	120	0	20	101
53583	bot-376	alpha	P00r-4410	tick	90.72	-87.03	10	2.44	2.52		24	patrol	squad-37	0	bot-376			-	0	1	30	0	7	35
53583	bot-377	alpha	P00m-4420	tick	77.36	-84.08	81	0.00	0.36		0		squad-37	6	bot-376			-	0	20	101	0	7	35
53583	bot-378	alpha	P00r-4410	tick	89.21	-89.67	82	2.42	2.52	2.08	1	squad	squad-37	1	bot-376			-	0	1	4	0	30	120
53583	bot-379	alpha	P00r-4410	tick	86.32	-88.86	120	2.65	2.23	5.84	2	squad	squad-37	2	bot-376			-	0	30	120	0	20	101
53583	bot-380	alpha	P00r-4410	tick	83.63	-86.83	143	1.50	1.30	11.45	3	squad	squad-37	3	bot-376			-	0	30	120	0	7	35
53935	bot-383	alpha	P00r-4410	tick	92.29	-89.73	0	0.06	0.04		0		squad-37	5	bot-376			-	0	30	120	0	20	101
53963	bot-382	alpha	P00r-4410	tick	81.33	-85.01	98	0.29	0.20		0		squad-37	4	bot-376			-	0	30	120	0	7	35
53988	bot-262	bravo	P00m-0300	tick	8.53	58.72	202	1.99	1.99	48.92	23	patrol	squad-27	0	bot-262			-	0	0	0	0	0	0
53988	bot-381	alpha	P00m-4420	tick	75.31	-83.18	70	0.35	0.31		0		squad-37	7	bot-376			-	0	20	101	0	7	35
54584	bot-256	bravo	P00r-3320	tick	59.67	90.24	277	2.46	2.51	0.88	1	squad	squad-4	1	bot-305			-	0	22	100	0	7	35
54584	bot-281	alpha	P00m-4200	tick	-74.94	-68.24	113	2.45	2.42	23.51	3	squad	squad-1	2	bot-338			-	0	20	69	0	7	35
54584	bot-305	bravo	P00r-4320	tick	55.81	90.25	251	1.80	1.89		20	patrol	squad-4	0	bot-305			-	0	1	1	0	30	120
54584	bot-317	bravo	P00r-2320	tick	63.34	90.24	255	2.52	2.44	2.50	1	squad	squad-4	2	bot-305			-	0	11	120	0	20	101
54584	bot-323	bravo	P00r-4320	tick	67.16	90.32	251	2.23	2.35	3.46	1	squad	squad-4	3	bot-305			-	0	1	3	0	30	120
54584	bot-325	bravo	P00r-2320	tick	70.90	90.14	271	2.62	2.54	4.58	1	squad	squad-4	4	bot-305			-	0	15	120	0	20	101
54584	bot-331	bravo	P00r-2410	tick	30.87	90.15	287	2.37	2.41		17	patrol	squad-2	0	bot-331			-	0	13	120	0	20	101
54584	bot-332	alpha	P00r-4410	tick	-68.94	-83.84	107	1.44	1.38	7.09	2	squad	squad-1	1	bot-338			-	0	30	120	0	7	35
54584	bot-335	bravo	P00m-3310	tick	49.48	89.90	264	2.52	2.46	5.60	1	squad	squad-2	5	bot-331			-	0	14	101	0	7	35
54584	bot-338	alpha	P00r-4310	tick	-58.97	-85.71	67	2.67	2.36		20	patrol	squad-1	0	bot-338			-	0	24	120	0	7	35
54584	bot-339	bravo	P00r-4410	tick	36.06	89.60	300	2.45	2.41	1.95	1	squad	squad-2	1	bot-331			-	0	23	120	0	20	101
54584	bot-341	bravo	P00r-4410	tick	52.40	89.91	263	2.29	2.08	6.34	1	squad	squad-2	6	bot-331			-	0	1	30	0	20	101
54584	bot-343	bravo	P00m-4420	tick	54.17	89.43	282	1.95	1.84	23.08	3	squad	squad-2	7	bot-331			-	0	20	101	0	7	35
54584	bot-345	bravo	P00r-4420	tick	39.37	90.46	256	2.47	2.36	2.83	1	squad	squad-2	2	bot-331			-	0	1	4	0	30	120
54584	bot-347	bravo	P00r-4410	tick	42.91	90.16	237	2.25	2.29	4.39	1	squad	squad-2	3	bot-331			-	0	30	120	0	20	101
54584	bot-349	bravo	P00r-4410	tick	45.53	89.88	256	2.41	2.46	4.38	1	squad	squad-2	4	bot-331			-	0	30	120	0	20	101
54584	bot-351	bravo	P00m-4430	tick	77.62	85.12	297	2.02	2.01	22.32	3	squad	squad-4	7	bot-305			-	0	20	101	0	7	35
54584	bot-352	alpha	P00m-4420	tick	-84.95	-83.67	69	2.00	2.35	25.40	4	squad	squad-1	3	bot-338			-	0	20	101	0	7	35
54584	bot-353	bravo	P00r-4410	tick	73.70	89.77	297	2.42	2.28	5.74	1	squad	squad-4	5	bot-305			-	0	30	120	0	20	101
54584	bot-355	bravo	P00r-4410	tick	77.13	88.04	306	2.23	2.20	6.73	1	squad	squad-4	6	bot-305			-	0	30	120	0	20	101
54584	bot-357	bravo	P00r-4410	tick	27.79	90.26	268	2.43	2.31		17	patrol	squad-35	0	bot-357			-	0	30	120	0	20	101
54584	bot-358	alpha	P00r-4320	tick	-85.34	56.69	203	2.56	2.50		22	patrol	squad-15	0	bot-358			-	0	30	120	0	7	35
54584	bot-359	bravo	P00m-4420	tick	41.47	89.62	262	2.37	2.31	3.23	1	squad	squad-35	4	bot-357			-	0	20	101	0	7	35
54584	bot-361	bravo	P00r-4410	tick	48.12	89.24	249	2.66	2.50	7.49	2	squad	squad-35	5	bot-357			-	0	1	30	0	20	101
54584	bot-362	alpha	P00r-4320	tick	-87.79	61.35	163	2.00	2.00	1.45	1	squad	squad-15	2	bot-358			-	0	1	30	0	7	35
54584	bot-363	bravo	P00r-4410	tick	33.06	90.14	270	2.34	2.43	2.65	1	squad	squad-35	1	bot-357			-	0	1	4	0	30	120
54584	bot-364	alpha	P00r-4310	tick	-83.13	61.76	163	1.70	1.87	1.65	1	squad	squad-15	1	bot-358			-	0	1	4	0	30	120
54584	bot-365	bravo	P00r-4410	tick	35.32	90.90	286	2.67	2.62	2.17	1	squad	squad-35	2	bot-357			-	0	30	120	0	20	101
54584	bot-366	alpha	P00r-4410	tick	-82.95	23.40	156	2.55	2.49		17	patrol	squad-36	0	bot-366			-	0	30	120	0	7	35
54584	bot-367	bravo	P00m-4420	tick	47.27	90.50	291	2.41	2.50	4.10	1	squad	squad-35	6	bot-357			-	0	20	101	0	7	35
54584	bot-368	alpha	P00m-4420	tick	-86.53	41.92	220	2.02	1.99	13.98	2	squad	squad-36	6	bot-366			-	0	20	101	0	7	35
54584	bot-369	bravo	P00r-4410	tick	38.91	89.03	275	2.46	2.47	3.91	1	squad	squad-35	3	bot-357			-	0	30	120	0	20	101
54584	bot-370	alpha	P00r-4410	tick	-82.21	28.77	179	2.61	2.57	2.40	1	squad	squad-36	1	bot-366			-	0	30	120	0	7	35
54584	bot-371	alpha	P00r-4410	tick	-85.83	30.98	184	2.47	2.49	5.03	1	squad	squad-36	2	bot-366			-	0	30	120	0	20	101
54584	bot-372	alpha	P00r-4410	tick	-81.91	35.17	101	2.40	2.40	6.35	2	squad	squad-36	3	bot-366			-	0	30	120	0	7	35
54584	bot-373	alpha	P00m-4420	tick	-82.59	44.68	145	1.94	1.89	11.41	2	squad	squad-36	7	bot-366			-	0	20	101	0	7	35
54584	bot-374	alpha	P00r-4410	tick	-86.43	36.97	218	2.30	2.39	10.07	2	squad	squad-36	4	bot-366			-	0	30	120	0	7	35
54584	bot-375	alpha	P00r-4410	tick	-82.90	40.21	156	2.30	2.54	9.27	1	squad	squad-36	5	bot-366			-	0	30	120	0	20	101
54584	bot-376	alpha	P00r-4410	tick	90.42	-84.73	338	2.27	2.32		24	patrol	squad-37	0	bot-376			-	0	1	30	0	7	35
54584	bot-377	alpha	P00m-4420	tick	77.44	-83.90	81	0.30	0.20		0		squad-37	6	bot-376			-	0	20	101	0	7	35
54584	bot-378	alpha	P00r-4410	tick	90.51	-88.66	24	2.42	1.64	1.10	1	squad	squad-37	1	bot-376			-	0	1	4	0	30	120
54584	bot-379	alpha	P00r-4410	tick	88.64	-89.70	113	2.42	2.47	2.39	1	squad	squad-37	2	bot-376			-	0	30	120	0	20	101
54584	bot-380	alpha	P00r-4410	tick	85.19	-87.51	118	2.23	1.71	8.22	2	squad	squad-37	3	bot-376			-	0	30	120	0	7	35
54956	bot-383	alpha	P00r-4410	tick	92.35	-89.71	0	0.13	0.06		0		squad-37	5	bot-376			-	0	30	120	0	20	101
55000	bot-262	bravo	P00m-0300	tick	7.25	56.94	234	2.43	2.19	47.31	23	patrol	squad-27	0	bot-262			-	0	0	0	0	0	0
55000	bot-381	alpha	P00m-4420	tick	75.25	-82.93	70	0.59	0.25		0		squad-37	7	bot-376			-	0	20	101	0	7	35
55000	bot-382	alpha	P00r-4410	tick	82.76	-85.85	128	2.17	1.66	12.03	3	squad	squad-37	4	bot-376			-	0	30	120	0	7	35
55606	bot-256	bravo	P00r-3320	tick	57.84	90.24	245	2.46	1.83	0.66	1	squad	squad-4	1	bot-305			-	0	22	100	0	7	35
55606	bot-281	alpha	P00m-4200	tick	-73.33	-69.94	131	2.39	2.35	22.52	3	squad	squad-1	2	bot-338			-	0	20	69	0	7	35
55606	bot-305	bravo	P00r-4320	tick	54.15	90.28	264	1.78	1.66		20	patrol	squad-4	0	bot-305			-	0	1	1	0	30	120
55606	bot-317	bravo	P00r-2320	tick	60.74	90.18	264	2.62	2.61	1.02	1	squad	squad-4	2	bot-305			-	0	11	120	0	20	101
55606	bot-323	bravo	P00r-4320	tick	65.08	90.31	263	2.42	2.08	3.64	1	squad	squad-4	3	bot-305			-	0	1	3	0	30	120
55606	bot-325	bravo	P00r-2320	tick	68.47	90.32	245	2.40	2.44	4.30	1	squad	squad-4	4	bot-305			-	0	15	120	0	20	101
55606	bot-331	bravo	P00r-2410	tick	28.86	90.26	253	2.40	2.02		17	patrol	squad-2	0	bot-331			-	0	13	120	0	20	101
55606	bot-332	alpha	P00r-4410	tick	-67.17	-83.45	83	2.34	1.81	7.71	2	squad	squad-1	1	bot-338			-	0	30	120	0	7	35
55606	bot-335	bravo	P00m-3310	tick	47.03	90.11	310	2.47	2.46	5.48	1	squad	squad-2	5	bot-331			-	0	14	101	0	7	35
55606	bot-338	alpha	P00r-4310	tick	-56.28	-85.55	101	2.45	2.70		20	patrol	squad-1	0	bot-338			-	0	24	120	0	7	35
55606	bot-339	bravo	P00r-4410	tick	33.72	89.87	259	2.40	2.35	1.65	1	squad	squad-2	1	bot-331			-	0	23	120	0	20	101
55606	bot-341	bravo	P00r-4410	tick	50.04	89.91	253	2.67	2.36	6.09	1	squad	squad-2	6	bot-331			-	0	1	30	0	20	101
55606	bot-343	bravo	P00m-4420	tick	52.08	89.56	287	2.37	2.09	22.05	3	squad	squad-2	7	bot-331			-	0	20	101	0	7	35
55606	bot-345	bravo	P00r-4420	tick	37.05	90.57	308	2.50	2.32	2.58	1	squad	squad-2	2	bot-331			-	0	1	4	0	30	120
55606	bot-347	bravo	P00r-4410	tick	40.66	90.00	278	2.44	2.26	4.20	1	squad	squad-2	3	bot-331			-	0	30	120	0	20	101
55606	bot-349	bravo	P00r-4410	tick	43.34	89.79	264	2.30	2.19	4.34	1	squad	squad-2	4	bot-331			-	0	30	120	0	20	101
55606	bot-351	bravo	P00m-4430	tick	75.59	85.88	261	2.36	2.16	21.27	3	squad	squad-4	7	bot-305			-	0	20	101	0	7	35
55606	bot-352	alpha	P00m-4420	tick	-83.95	-83.55	88	1.66	1.01	27.54	5	squad	squad-1	3	bot-338			-	0	20	101	0	7	35
55606	bot-353	bravo	P00r-4410	tick	71.23	90.11	262	2.46	2.49	4.31	1	squad	squad-4	5	bot-305			-	0	30	120	0	20	101
55606	bot-355	bravo	P00r-4410	tick	75.26	88.71	291	2.17	1.99	6.83	1	squad	squad-4	6	bot-305			-	0	30	120	0	20	101
55606	bot-357	bravo	P00r-4410	tick	25.71	89.78	283	2.11	2.14		16	patrol	squad-35	0	bot-357			-	0	30	120	0	20	101
55606	bot-358	alpha	P00r-4320	tick	-85.18	54.18	167	2.47	2.52		21	patrol	squad-15	0	bot-358			-	0	30	120	0	7	35
55606	bot-359	bravo	P00m-4420	tick	39.30	90.14	306	2.36	2.23	4.11	1	squad	squad-35	4	bot-357			-	0	20	101	0	7	35
55606	bot-361	bravo	P00r-4410	tick	45.63	89.61	274	2.39	2.51	8.61	1	squad	squad-35	5	bot-357			-	0	1	30	0	20	101
55606	bot-362	alpha	P00r-4320	tick	-87.76	59.13	180	2.33	2.22	2.97	1	squad	squad-15	2	bot-358			-	0	1	30	0	7	35
55606	bot-363	bravo	P00r-4410	tick	30.77	90.32	246	2.42	2.30	2.41	1	squad	squad-35	1	bot-357			-	0	1	4	0	30	120
55606	bot-364	alpha	P00r-4310	tick	-82.77	60.38	190	2.05	1.43	2.55	1	squad	squad-15	1	bot-358			-	0	1	4	0	30	120
55606	bot-365	bravo	P00r-4410	tick	33.13	91.26	259	2.37	2.21	2.19	1	squad	squad-35	2	bot-357			-	0	30	120	0	20	101
55606	bot-366	alpha	P00r-4410	tick	-82.30	21.28	164	2.18	2.22		17	patrol	squad-36	0	bot-366			-	0	30	120	0	7	35
55606	bot-367	bravo	P00m-4420	tick	45.06	91.21	296	2.38	2.31	4.85	1	squad	squad-35	6	bot-357			-	0	20	101	0	7	35
55606	bot-368	alpha	P00m-4420	tick	-86.93	39.82	186	2.45	2.13	12.03	2	squad	squad-36	6	bot-366			-	0	20	101	0	7	35
55606	bot-369	bravo	P00r-4410	tick	36.60	89.28	297	2.33	2.33	4.15	1	squad	squad-35	3	bot-357			-	0	30	120	0	20	101
55606	bot-370	alpha	P00r-4410	tick	-81.13	26.54	146	2.56	2.47	2.10	1	squad	squad-36	1	bot-366			-	0	30	120	0	7	35
55606	bot-371	alpha	P00r-4410	tick	-85.64	28.82	151	2.21	2.16	4.80	1	squad	squad-36	2	bot-366			-	0	30	120	0	20	101
55606	bot-372	alpha	P00r-4410	tick	-80.74	33.22	159	2.42	2.28	6.65	1	squad	squad-36	3	bot-366			-	0	30	120	0	7	35
55606	bot-373	alpha	P00m-4420	tick	-81.50	42.76	178	2.45	2.21	12.67	2	squad	squad-36	7	bot-366			-	0	20	101	0	7	35
55606	bot-374	alpha	P00r-4410	tick	-86.92	34.87	195	2.27	2.15	8.82	2	squad	squad-36	4	bot-366			-	0	30	120	0	7	35
55606	bot-375	alpha	P00r-4410	tick	-81.61	38.29	122	2.37	2.31	10.82	2	squad	squad-36	5	bot-366			-	0	30	120	0	20	101
55606	bot-376	alpha	P00r-4410	tick	90.20	-82.37	351	2.63	2.37		23	patrol	squad-37	0	bot-376			-	0	1	30	0	7	35
55606	bot-377	alpha	P00m-4420	tick	77.57	-83.60	81	0.50	0.33		0		squad-37	6	bot-376			-	0	20	101	0	7	35
55606	bot-378	alpha	P00r-4410	tick	90.37	-86.27	9	2.28	2.40	0.97	1	squad	squad-37	1	bot-376			-	0	1	4	0	30	120
55606	bot-379	alpha	P00r-4410	tick	89.94	-89.00	12	2.42	1.47	1.41	1	squad	squad-37	2	bot-376			-	0	30	120	0	20	101
55606	bot-380	alpha	P00r-4410	tick	87.38	-88.63	90	2.58	2.46	3.10	1	squad	squad-37	3	bot-376			-	0	30	120	0	7	35
55975	bot-383	alpha	P00r-4410	tick	91.58	-91.84	199	2.30	2.26	3.15	2	squad	squad-37	5	bot-376			-	0	30	120	0	20	101
56003	bot-262	bravo	P00m-0300	tick	6.61	54.66	197	2.42	2.37	46.30	22	patrol	squad-27	0	bot-262			-	0	0	0	0	0	0
56003	bot-381	alpha	P00m-4420	tick	75.18	-82.60	70	0.03	0.34		0		squad-37	7	bot-376			-	0	20	101	0	7	35
56003	bot-382	alpha	P00r-4410	tick	84.09	-86.78	140	1.65	1.62	7.92	2	squad	squad-37	4	bot-376			-	0	30	120	0	7	35
56629	bot-256	bravo	P00r-3320	tick	56.25	90.26	271	1.84	1.59	1.52	1	squad	squad-4	1	bot-305			-	0	22	100	0	7	35
56629	bot-281	alpha	P00m-4200	tick	-71.49	-71.52	146	2.24	2.42	22.52	3	squad	squad-1	2	bot-338			-	0	20	69	0	7	35
56629	bot-305	bravo	P00r-4320	tick	51.97	90.26	296	2.42	2.17		20	patrol	squad-4	0	bot-305			-	0	1	1	0	30	120
56629	bot-317	bravo	P00r-2320	tick	58.08	90.23	297	2.50	2.66	0.46	1	squad	squad-4	2	bot-305			-	0	11	120	0	20	101
56629	bot-323	bravo	P00r-4320	tick	62.55	90.22	297	2.48	2.54	3.26	1	squad	squad-4	3	bot-305			-	0	1	3	0	30	120
56629	bot-325	bravo	P00r-2320	tick	66.20	90.34	277	1.75	2.26	4.16	1	squad	squad-4	4	bot-305			-	0	15	120	0	20	101
56629	bot-331	bravo	P00r-2410	tick	26.47	89.98	249	2.05	2.40		16	patrol	squad-2	0	bot-331			-	0	13	120	0	20	101
56629	bot-332	alpha	P00r-4410	tick	-64.53	-83.36	70	2.93	2.64	8.27	2	squad	squad-1	1	bot-338			-	0	30	120	0	7	35
56629	bot-335	bravo	P00m-3310	tick	44.69	90.66	286	2.33	2.41	6.30	1	squad	squad-2	5	bot-331			-	0	14	101	0	7	35
56629	bot-338	alpha	P00r-4310	tick	-53.81	-85.62	109	2.41	2.48		20	patrol	squad-1	0	bot-338			-	0	24	120	0	7	35
56629	bot-339	bravo	P00r-4410	tick	31.32	89.87	256	2.51	2.41	2.50	1	squad	squad-2	1	bot-331			-	0	23	120	0	20	101
56629	bot-341	bravo	P00r-4410	tick	47.52	90.51	310	2.41	2.59	6.84	1	squad	squad-2	6	bot-331			-	0	1	30	0	20	101
56629	bot-343	bravo	P00m-4420	tick	49.58	89.62	254	2.46	2.50	23.01	3	squad	squad-2	7	bot-331			-	0	20	101	0	7	35
56629	bot-345	bravo	P00r-4420	tick	34.57	90.99	296	2.09	2.52	3.22	1	squad	squad-2	2	bot-331			-	0	1	4	0	30	120
56629	bot-347	bravo	P00r-4410	tick	38.20	90.10	311	2.40	2.47	4.28	1	squad	squad-2	3	bot-331			-	0	30	120	0	20	101
56629	bot-349	bravo	P00r-4410	tick	41.10	90.24	315	2.18	2.28	4.98	1	squad	squad-2	4	bot-331			-	0	30	120	0	20	101
56629	bot-351	bravo	P00m-4430	tick	73.65	87.37	313	2.34	2.44	5.12	1	squad	squad-4	7	bot-305			-	0	20	101	0	7	35
56629	bot-352	alpha	P00m-4420	tick	-82.62	-83.39	120	2.55	1.34	28.33	5	squad	squad-1	3	bot-338			-	0	20	101	0	7	35
56629	bot-353	bravo	P00r-4410	tick	68.67	90.27	255	2.41	2.56	3.85	1	squad	squad-4	5	bot-305			-	0	30	120	0	20	101
56629	bot-355	bravo	P00r-4410	tick	72.89	89.34	253	2.50	2.46	6.49	1	squad	squad-4	6	bot-305			-	0	30	120	0	20	101
56629	bot-357	bravo	P00r-4410	tick	23.46	89.21	252	2.39	2.32		16	patrol	squad-35	0	bot-357			-	0	30	120	0	20	101
56629	bot-358	alpha	P00r-4320	tick	-84.79	51.79	155	2.39	2.42		20	patrol	squad-15	0	bot-358			-	0	30	120	0	7	35
56629	bot-359	bravo	P00m-4420	tick	36.90	90.68	296	2.52	2.45	3.42	1	squad	squad-35	4	bot-357			-	0	20	101	0	7	35
56629	bot-361	bravo	P00r-4410	tick	43.32	89.89	312	2.23	2.33	7.97	1	squad	squad-35	5	bot-357			-	0	1	30	0	20	101
56629	bot-362	alpha	P00r-4320	tick	-86.39	57.84	156	2.41	1.89	0.89	1	squad	squad-15	2	bot-358			-	0	1	30	0	7	35
56629	bot-363	bravo	P00r-4410	tick	28.43	90.21	268	2.39	2.34	2.18	1	squad	squad-35	1	bot-357			-	0	1	4	0	30	120
56629	bot-364	alpha	P00r-4310	tick	-83.85	58.12	207	2.92	2.51	3.87	1	squad	squad-15	1	bot-358			-	0	1	4	0	30	120
56629	bot-365	bravo	P00r-4410	tick	30.70	91.20	257	2.63	2.43	1.99	1	squad	squad-35	2	bot-357			-	0	30	120	0	20	101
56629	bot-366	alpha	P00r-4410	tick	-81.94	19.08	198	2.35	2.23		16	patrol	squad-36	0	bot-366			-	0	30	120	0	7	35
56629	bot-367	bravo	P00m-4420	tick	42.79	91.83	256	2.12	2.35	4.35	1	squad	squad-35	6	bot-357			-	0	20	101	0	7	35
56629	bot-368	alpha	P00m-4420	tick	-87.46	37.38	176	2.38	2.50	10.81	2	squad	squad-36	6	bot-366			-	0	20	101	0	7	35
56629	bot-369	bravo	P00r-4410	tick	34.22	89.56	257	2.42	2.40	3.37	1	squad	squad-35	3	bot-357			-	0	30	120	0	20	101
56629	bot-370	alpha	P00r-4410	tick	-80.14	24.16	148	2.53	2.58	1.60	1	squad	squad-36	1	bot-366			-	0	30	120	0	7	35
56629	bot-371	alpha	P00r-4410	tick	-85.14	26.38	183	2.41	2.50	4.23	1	squad	squad-36	2	bot-366			-	0	30	120	0	20	101
56629	bot-372	alpha	P00r-4410	tick	-79.64	30.83	183	2.73	2.63	6.88	1	squad	squad-36	3	bot-366			-	0	30	120	0	7	35
56629	bot-373	alpha	P00m-4420	tick	-80.20	40.60	150	2.38	2.52	13.65	3	squad	squad-36	7	bot-366			-	0	20	101	0	7	35
56629	bot-374	alpha	P00r-4410	tick	-86.97	32.37	150	2.46	2.51	8.57	2	squad	squad-36	4	bot-366			-	0	30	120	0	7	35
56629	bot-375	alpha	P00r-4410	tick	-80.23	36.52	156	1.97	2.25	10.95	2	squad	squad-36	5	bot-366			-	0	30	120	0	20	101
56629	bot-376	alpha	P00r-4410	tick	90.13	-79.68	25	2.48	2.69		23	patrol	squad-37	0	bot-376			-	0	1	30	0	7	35
56629	bot-377	alpha	P00m-4420	tick	78.93	-84.10	134	1.93	1.44	15.38	3	squad	squad-37	6	bot-376			-	0	20	101	0	7	35
56629	bot-378	alpha	P00r-4410	tick	90.24	-83.93	344	2.36	2.34	1.79	1	squad	squad-37	1	bot-376			-	0	1	4	0	30	120
56629	bot-379	alpha	P00r-4410	tick	90.23	-86.49	347	2.42	2.53	0.91	1	squad	squad-37	2	bot-376			-	0	30	120	0	20	101
56629	bot-380	alpha	P00r-4410	tick	89.68	-88.31	56	2.53	2.33	0.74	1	squad	squad-37	3	bot-376			-	0	30	120	0	7	35
56980	bot-383	alpha	P00r-4410	tick	91.00	-93.06	241	0.10	1.35		0		squad-37	5	bot-376			-	0	30	120	0	20	101
57011	bot-262	bravo	P00m-0300	tick	6.25	52.23	163	2.42	2.45	45.68	21	patrol	squad-27	0	bot-262			-	0	0	0	0	0	0
57011	bot-381	alpha	P00m-4420	tick	75.44	-82.66	121	2.03	0.26	19.33	3	squad	squad-37	7	bot-376			-	0	20	101	0	7	35
57011	bot-382	alpha	P00r-4410	tick	85.78	-87.37	102	2.53	1.79	4.57	1	squad	squad-37	4	bot-376			-	0	30	120	0	7	35
57634	bot-256	bravo	P00r-3320	tick	54.39	90.26	294	1.83	1.86	1.75	1	squad	squad-4	1	bot-305			-	0	22	100	0	7	35
57634	bot-281	alpha	P00m-4200	tick	-69.85	-72.01	104	1.54	1.70	22.71	3	squad	squad-1	2	bot-338			-	0	20	69	0	7	35
57634	bot-305	bravo	P00r-4320	tick	49.49	90.34	267	2.74	2.48		19	patrol	squad-4	0	bot-305			-	0	1	1	0	30	120
57634	bot-317	bravo	P00r-2320	tick	56.25	90.29	270	1.60	1.83	1.90	1	squad	squad-4	2	bot-305			-	0	11	120	0	20	101
57634	bot-323	bravo	P00r-4320	tick	59.89	90.20	270	2.64	2.66	2.75	1	squad	squad-4	3	bot-305			-	0	1	3	0	30	120
57634	bot-325	bravo	P00r-2320	tick	63.84	90.37	284	2.52	2.36	3.93	1	squad	squad-4	4	bot-305			-	0	15	120	0	20	101
57634	bot-331	bravo	P00r-2410	tick	24.38	89.43	283	2.11	2.16		16	patrol	squad-2	0	bot-331			-	0	13	120	0	20	101
57634	bot-332	alpha	P00r-4410	tick	-61.94	-83.38	101	2.37	2.59	7.99	2	squad	squad-1	1	bot-338			-	0	30	120	0	7	35
57634	bot-335	bravo	P00m-3310	tick	42.51	91.28	259	2.05	2.26	5.93	1	squad	squad-2	5	bot-331			-	0	14	101	0	7	35
57634	bot-338	alpha	P00r-4310	tick	-51.32	-85.72	75	2.43	2.49		19	patrol	squad-1	0	bot-338			-	0	24	120	0	7	35
57634	bot-339	bravo	P00r-4410	tick	29.33	89.83	266	1.84	1.99	2.45	1	squad	squad-2	1	bot-331			-	0	23	120	0	20	101
57634	bot-341	bravo	P00r-4410	tick	45.26	91.27	296	2.40	2.38	6.17	1	squad	squad-2	6	bot-331			-	0	1	30	0	20	101
57634	bot-343	bravo	P00m-4420	tick	47.04	89.89	262	2.48	2.56	22.61	3	squad	squad-2	7	bot-331			-	0	20	101	0	7	35
57634	bot-345	bravo	P00r-4420	tick	32.34	91.08	238	2.44	2.22	3.06	1	squad	squad-2	2	bot-331			-	0	1	4	0	30	120
57634	bot-347	bravo	P00r-4410	tick	35.75	90.53	264	2.64	2.49	3.63	1	squad	squad-2	3	bot-331			-	0	30	120	0	20	101
57634	bot-349	bravo	P00r-4410	tick	38.83	90.79	287	2.36	2.34	4.42	1	squad	squad-2	4	bot-331			-	0	30	120	0	20	101
57634	bot-351	bravo	P00m-4430	tick	71.47	88.05	293	2.45	2.29	21.04	3	squad	squad-4	7	bot-305			-	0	20	101	0	7	35
57634	bot-352	alpha	P00m-4420	tick	-82.03	-83.51	170	2.63	0.60	29.83	5	squad	squad-1	3	bot-338			-	0	20	101	0	7	35
57634	bot-353	bravo	P00r-4410	tick	66.41	90.31	287	2.15	2.26	4.74	1	squad	squad-4	5	bot-305			-	0	30	120	0	20	101
57634	bot-355	bravo	P00r-4410	tick	70.37	89.74	275	2.61	2.55	6.07	1	squad	squad-4	6	bot-305			-	0	30	120	0	20	101
57634	bot-357	bravo	P00r-4410	tick	21.10	88.80	252	2.41	2.40		15	patrol	squad-35	0	bot-357			-	0	30	120	0	20	101
57634	bot-358	alpha	P00r-4320	tick	-84.78	49.49	187	2.15	2.30		20	patrol	squad-15	0	bot-358			-	0	30	120	0	7	35
57634	bot-359	bravo	P00m-4420	tick	34.39	90.99	251	2.25	2.53	3.26	1	squad	squad-35	4	bot-357			-	0	20	101	0	7	35
57634	bot-361	bravo	P00r-4410	tick	41.16	90.31	274	2.08	2.20	7.73	2	squad	squad-35	5	bot-357			-	0	1	30	0	20	101
57634	bot-362	alpha	P00r-4320	tick	-86.83	55.35	199	2.46	2.53	2.51	1	squad	squad-15	2	bot-358			-	0	1	30	0	7	35
57634	bot-363	bravo	P00r-4410	tick	26.15	89.79	269	1.96	2.31	1.88	1	squad	squad-35	1	bot-357			-	0	1	4	0	30	120
57634	bot-364	alpha	P00r-4310	tick	-83.39	55.62	144	2.61	2.54	3.35	1	squad	squad-15	1	bot-358			-	0	1	4	0	30	120
57634	bot-365	bravo	P00r-4410	tick	28.40	90.86	277	2.40	2.32	3.18	1	squad	squad-35	2	bot-357			-	0	30	120	0	20	101
57634	bot-366	alpha	P00r-4410	tick	-81.80	16.67	186	2.25	2.41		16	patrol	squad-36	0	bot-366			-	0	30	120	0	7	35
57634	bot-367	bravo	P00m-4420	tick	40.73	91.94	275	2.20	2.07	4.54	1	squad	squad-35	6	bot-357			-	0	20	101	0	7	35
57634	bot-368	alpha	P00m-4420	tick	-87.99	35.16	200	1.74	2.29	10.50	2	squad	squad-36	6	bot-366			-	0	20	101	0	7	35
57634	bot-369	bravo	P00r-4410	tick	31.93	89.59	247	2.43	2.29	3.55	1	squad	squad-35	3	bot-357			-	0	30	120	0	20	101
57634	bot-370	alpha	P00r-4410	tick	-79.78	21.78	183	2.40	2.41	2.35	1	squad	squad-36	1	bot-366			-	0	30	120	0	7	35
57634	bot-371	alpha	P00r-4410	tick	-84.64	24.02	190	2.46	2.41	4.01	1	squad	squad-36	2	bot-366			-	0	30	120	0	20	101
57634	bot-372	alpha	P00r-4410	tick	-78.59	28.40	152	2.63	2.64	6.48	2	squad	squad-36	3	bot-366			-	0	30	120	0	7	35
57634	bot-373	alpha	P00m-4420	tick	-79.11	38.44	134	2.48	2.42	13.38	2	squad	squad-36	7	bot-366			-	0	20	101	0	7	35
57634	bot-374	alpha	P00r-4410	tick	-86.82	29.98	183	2.07	2.39	8.35	2	squad	squad-36	4	bot-366			-	0	30	120	0	7	35
57634	bot-375	alpha	P00r-4410	tick	-79.42	34.57	192	2.39	2.12	11.25	2	squad	squad-36	5	bot-366			-	0	30	120	0	20	101
57634	bot-376	alpha	P00r-4410	tick	90.05	-77.07	8	2.66	2.60		23	patrol	squad-37	0	bot-376			-	0	1	30	0	7	35
57634	bot-377	alpha	P00m-4420	tick	80.54	-85.02	102	1.96	1.86	10.76	2	squad	squad-37	6	bot-376			-	0	20	101	0	7	35
57634	bot-378	alpha	P00r-4410	tick	89.88	-81.44	346	2.70	2.51	1.47	1	squad	squad-37	1	bot-376			-	0	1	4	0	30	120
57634	bot-379	alpha	P00r-4410	tick	89.98	-84.22	12	2.41	2.28	1.95	1	squad	squad-37	2	bot-376			-	0	30	120	0	20	101
57634	bot-380	alpha	P00r-4410	tick	89.78	-85.92	13	2.20	2.39	0.50	1	squad	squad-37	3	bot-376			-	0	30	120	0	7	35
57861	bot-384	alpha	P00r-0410	initial	60.25	15.75	0	0.00			0			-1				-	0			0		
57921	bot-384	alpha	P00r-4410	ammo	60.26	15.75	0	0.17	0.01		0		squad-38	0	bot-384			-	0	30	120	0	7	35
57989	bot-383	alpha	P00r-4410	tick	90.59	-90.73	319	2.47	2.37	1.99	1	squad	squad-37	5	bot-376			-	0	30	120	0	20	101
58016	bot-262	bravo	P00m-0300	tick	5.95	49.82	186	2.33	2.43	45.23	21	patrol	squad-27	0	bot-262			-	0	0	0	0	0	0
58016	bot-381	alpha	P00m-4420	tick	77.31	-83.43	101	2.04	2.02	14.71	2	squad	squad-37	7	bot-376			-	0	20	101	0	7	35
58016	bot-382	alpha	P00r-4410	tick	88.18	-87.21	55	2.47	2.41	1.05	1	squad	squad-37	4	bot-376			-	0	30	120	0	7	35
58660	bot-256	bravo	P00r-3320	tick	52.21	90.25	262	2.34	2.19	2.73	1	squad	squad-4	1	bot-305			-	0	22	100	0	7	35
58660	bot-281	alpha	P00m-4200	tick	-68.49	-72.73	107	1.97	1.54	22.88	3	squad	squad-1	2	bot-338			-	0	20	69	0	7	35
58660	bot-305	bravo	P00r-4320	tick	46.91	90.37	245	2.53	2.58		19	patrol	squad-4	0	bot-305			-	0	1	1	0	30	120
58660	bot-317	bravo	P00r-2320	tick	54.52	90.51	249	1.89	1.75	2.45	1	squad	squad-4	2	bot-305			-	0	11	120	0	20	101
58660	bot-323	bravo	P00r-4320	tick	57.30	90.45	254	2.14	2.60	2.20	1	squad	squad-4	3	bot-305			-	0	1	3	0	30	120
58660	bot-325	bravo	P00r-2320	tick	61.20	90.43	260	2.63	2.64	3.54	1	squad	squad-4	4	bot-305			-	0	15	120	0	20	101
58660	bot-331	bravo	P00r-2410	tick	22.05	88.94	257	2.38	2.39		16	patrol	squad-2	0	bot-331			-	0	13	120	0	20	101
58660	bot-332	alpha	P00r-4410	tick	-59.49	-83.68	117	2.66	2.47	7.67	1	squad	squad-1	1	bot-338			-	0	30	120	0	7	35
58660	bot-335	bravo	P00m-3310	tick	40.38	91.41	284	2.39	2.14	6.01	1	squad	squad-2	5	bot-331			-	0	14	101	0	7	35
58660	bot-338	alpha	P00r-4310	tick	-48.96	-85.52	84	2.28	2.37		19	patrol	squad-1	0	bot-338			-	0	24	120	0	7	35
58660	bot-339	bravo	P00r-4410	tick	27.07	89.47	262	2.04	2.29	2.36	1	squad	squad-2	1	bot-331			-	0	23	120	0	20	101
58660	bot-341	bravo	P00r-4410	tick	42.91	91.57	256	2.08	2.38	6.67	1	squad	squad-2	6	bot-331			-	0	1	30	0	20	101
58660	bot-343	bravo	P00m-4420	tick	44.57	89.76	294	2.23	2.47	21.27	3	squad	squad-2	7	bot-331			-	0	20	101	0	7	35
58660	bot-345	bravo	P00r-4420	tick	29.96	90.71	266	2.23	2.41	2.82	1	squad	squad-2	2	bot-331			-	0	1	4	0	30	120
58660	bot-347	bravo	P00r-4410	tick	33.26	90.50	269	2.40	2.48	3.27	1	squad	squad-2	3	bot-331			-	0	30	120	0	20	101
58660	bot-349	bravo	P00r-4410	tick	36.20	90.95	247	2.86	2.63	3.68	1	squad	squad-2	4	bot-331			-	0	30	120	0	20	101
58660	bot-351	bravo	P00m-4430	tick	69.01	88.16	261	2.47	2.46	21.06	3	squad	squad-4	7	bot-305			-	0	20	101	0	7	35
58660	bot-352	alpha	P00m-4420	tick	-80.26	-83.63	71	2.41	1.78	31.28	4	squad	squad-1	3	bot-338			-	0	20	101	0	7	35
58660	bot-353	bravo	P00r-4410	tick	64.05	90.42	282	2.42	2.37	4.63	1	squad	squad-4	5	bot-305			-	0	30	120	0	20	101
58660	bot-355	bravo	P00r-4410	tick	67.87	90.16	302	1.98	2.53	5.62	1	squad	squad-4	6	bot-305			-	0	30	120	0	20	101
58660	bot-357	bravo	P00r-4410	tick	18.74	88.84	283	2.32	2.36		15	patrol	squad-35	0	bot-357			-	0	30	120	0	20	101
58660	bot-358	alpha	P00r-4320	tick	-84.84	47.53	195	1.73	1.96		20	patrol	squad-15	0	bot-358			-	0	30	120	0	7	35
58660	bot-359	bravo	P00m-4420	tick	32.06	90.33	246	2.54	2.42	3.37	1	squad	squad-35	4	bot-357			-	0	20	101	0	7	35
58660	bot-361	bravo	P00r-4410	tick	38.77	89.40	239	2.56	2.55	6.95	1	squad	squad-35	5	bot-357			-	0	1	30	0	20	101
58660	bot-362	alpha	P00r-4320	tick	-87.56	53.00	168	1.91	2.46	2.36	2	squad	squad-15	2	bot-358			-	0	1	30	0	7	35
58660	bot-363	bravo	P00r-4410	tick	24.06	89.12	245	2.24	2.19	2.78	1	squad	squad-35	1	bot-357			-	0	1	4	0	30	120
58660	bot-364	alpha	P00r-4310	tick	-82.75	53.25	164	2.28	2.46	2.97	1	squad	squad-15	1	bot-358			-	0	1	4	0	30	120
58660	bot-365	bravo	P00r-4410	tick	26.23	90.16	263	2.06	2.29	2.66	1	squad	squad-35	2	bot-357			-	0	30	120	0	20	101
58660	bot-366	alpha	P00r-4410	tick	-81.71	14.19	154	2.44	2.48		16	patrol	squad-36	0	bot-366			-	0	30	120	0	7	35
58660	bot-367	bravo	P00m-4420	tick	38.51	90.83	265	2.61	2.48	4.67	1	squad	squad-35	6	bot-357			-	0	20	101	0	7	35
58660	bot-368	alpha	P00m-4420	tick	-88.29	32.88	194	1.81	2.30	11.28	2	squad	squad-36	6	bot-366			-	0	20	101	0	7	35
58660	bot-369	bravo	P00r-4410	tick	30.00	89.21	283	1.63	1.97	3.73	1	squad	squad-35	3	bot-357			-	0	30	120	0	20	101
58660	bot-370	alpha	P00r-4410	tick	-79.40	19.40	185	2.31	2.41	2.19	1	squad	squad-36	1	bot-366			-	0	30	120	0	7	35
58660	bot-371	alpha	P00r-4410	tick	-84.16	21.88	165	1.42	2.20	5.08	1	squad	squad-36	2	bot-366			-	0	30	120	0	20	101
58660	bot-372	alpha	P00r-4410	tick	-77.74	26.09	148	2.17	2.47	6.22	2	squad	squad-36	3	bot-366			-	0	30	120	0	7	35
58660	bot-373	alpha	P00m-4420	tick	-78.67	36.28	208	1.30	2.20	21.44	3	squad	squad-36	7	bot-366			-	0	20	101	0	7	35
58660	bot-374	alpha	P00r-4410	tick	-86.67	27.97	201	2.37	2.02	8.48	2	squad	squad-36	4	bot-366			-	0	30	120	0	7	35
58660	bot-375	alpha	P00r-4410	tick	-78.65	32.02	162	2.85	2.66	11.21	2	squad	squad-36	5	bot-366			-	0	30	120	0	20	101
58660	bot-376	alpha	P00r-4410	tick	90.21	-75.37	334	0.94	1.71		22	patrol	squad-37	0	bot-376			-	0	1	30	0	7	35
58660	bot-377	alpha	P00m-4420	tick	82.45	-86.07	119	2.35	2.18	7.39	1	squad	squad-37	6	bot-376			-	0	20	101	0	7	35
58660	bot-378	alpha	P00r-4410	tick	89.70	-78.83	45	0.58	2.62		0		squad-37	1	bot-376			-	0	1	4	0	30	120
58660	bot-379	alpha	P00r-4410	tick	89.55	-81.73	15	2.72	2.53	1.40	1	squad	squad-37	2	bot-376			-	0	30	120	0	20	101
58660	bot-380	alpha	P00r-4410	tick	89.49	-83.65	17	2.52	2.29	1.21	1	squad	squad-37	3	bot-376			-	0	30	120	0	7	35
58923	bot-384	alpha	P00r-4410	tick	61.11	13.26	152	2.48	2.63		14	patrol	squad-38	0	bot-384			-	0	30	120	0	7	35
59005	bot-383	alpha	P00r-4410	tick	90.08	-88.57	345	2.51	2.21	1.08	1	squad	squad-37	5	bot-376			-	0	30	120	0	20	101
59039	bot-262	bravo	P00m-0300	tick	5.66	47.51	214	2.30	2.33	44.92	21	patrol	squad-27	0	bot-262			-	0	0	0	0	0	0
59039	bot-381	alpha	P00m-4420	tick	79.39	-83.90	105	1.98	2.13	13.50	3	squad	squad-37	7	bot-376			-	0	20	101	0	7	35
59039	bot-382	alpha	P00r-4410	tick	89.41	-85.68	78	0.09	1.96		0		squad-37	4	bot-376			-	0	30	120	0	7	35
59681	bot-256	bravo	P00r-3320	tick	49.72	90.27	253	2.51	2.49	2.27	1	squad	squad-4	1	bot-305			-	0	22	100	0	7	35
59681	bot-281	alpha	P00m-4200	tick	-66.58	-74.12	143	2.73	2.36	22.33	3	squad	squad-1	2	bot-338			-	0	20	69	0	7	35
59681	bot-305	bravo	P00r-4320	tick	44.50	90.26	280	2.28	2.41		19	patrol	squad-4	0	bot-305			-	0	1	1	0	30	120
59681	bot-317	bravo	P00r-2320	tick	52.59	90.45	273	2.22	1.93	2.63	1	squad	squad-4	2	bot-305			-	0	11	120	0	20	101
59681	bot-323	bravo	P00r-4320	tick	55.54	90.55	275	1.78	1.76	3.78	1	squad	squad-4	3	bot-305			-	0	1	3	0	30	120
59681	bot-325	bravo	P00r-2320	tick	58.67	90.54	258	2.47	2.53	4.39	1	squad	squad-4	4	bot-305			-	0	15	120	0	20	101
59681	bot-331	bravo	P00r-2410	tick	19.64	88.80	245	2.37	2.41		15	patrol	squad-2	0	bot-331			-	0	13	120	0	20	101
59681	bot-332	alpha	P00r-4410	tick	-56.88	-83.75	62	2.48	2.61	7.17	1	squad	squad-1	1	bot-338			-	0	30	120	0	7	35
59681	bot-335	bravo	P00m-3310	tick	38.02	91.14	261	2.63	2.37	6.10	1	squad	squad-2	5	bot-331			-	0	14	101	0	7	35
59681	bot-338	alpha	P00r-4310	tick	-46.64	-85.39	119	2.33	2.31		19	patrol	squad-1	0	bot-338			-	0	24	120	0	7	35
59681	bot-339	bravo	P00r-4410	tick	24.93	88.59	228	2.36	2.31	2.19	1	squad	squad-2	1	bot-331			-	0	23	120	0	20	101
59681	bot-341	bravo	P00r-4410	tick	40.93	91.11	247	2.37	2.03	6.92	1	squad	squad-2	6	bot-331			-	0	1	30	0	20	101
59681	bot-343	bravo	P00m-4420	tick	42.29	89.72	270	2.33	2.29	21.50	4	squad	squad-2	7	bot-331			-	0	20	101	0	7	35
59681	bot-345	bravo	P00r-4420	tick	27.69	90.42	274	2.36	2.29	2.73	1	squad	squad-2	2	bot-331			-	0	1	4	0	30	120
59681	bot-347	bravo	P00r-4410	tick	30.95	90.22	277	2.52	2.33	4.15	1	squad	squad-2	3	bot-331			-	0	30	120	0	20	101
59681	bot-349	bravo	P00r-4410	tick	33.83	90.37	254	2.53	2.44	4.64	1	squad	squad-2	4	bot-331			-	0	30	120	0	20	101
59681	bot-351	bravo	P00m-4430	tick	66.56	88.31	256	2.52	2.46	21.03	3	squad	squad-4	7	bot-305			-	0	20	101	0	7	35
59681	bot-352	alpha	P00m-4420	tick	-77.86	-83.78	101	2.41	2.40	31.01	5	squad	squad-1	3	bot-338			-	0	20	101	0	7	35
59681	bot-353	bravo	P00r-4410	tick	61.49	90.37	243	2.75	2.56	4.16	1	squad	squad-4	5	bot-305			-	0	30	120	0	20	101
59681	bot-355	bravo	P00r-4410	tick	65.71	90.41	261	2.28	2.18	6.62	1	squad	squad-4	6	bot-305			-	0	30	120	0	20	101
59681	bot-357	bravo	P00r-4410	tick	16.61	88.89	278	2.00	2.12		15	patrol	squad-35	0	bot-357			-	0	30	120	0	20	101
59681	bot-358	alpha	P00r-4320	tick	-84.78	45.63	164	2.11	1.91		20	patrol	squad-15	0	bot-358			-	0	30	120	0	7	35
59681	bot-359	bravo	P00m-4420	tick	29.98	89.62	283	1.78	2.20	3.20	1	squad	squad-35	4	bot-357			-	0	20	101	0	7	35
59681	bot-361	bravo	P00r-4410	tick	36.36	88.95	268	2.10	2.45	6.75	1	squad	squad-35	5	bot-357			-	0	1	30	0	20	101
59681	bot-362	alpha	P00r-4320	tick	-87.62	50.62	176	2.38	2.38	2.16	1	squad	squad-15	2	bot-358			-	0	1	30	0	7	35
59681	bot-363	bravo	P00r-4410	tick	21.73	88.88	261	2.39	2.35	2.55	1	squad	squad-35	1	bot-357			-	0	1	4	0	30	120
59681	bot-364	alpha	P00r-4310	tick	-82.65	51.10	197	1.76	2.15	2.90	1	squad	squad-15	1	bot-358			-	0	1	4	0	30	120
59681	bot-365	bravo	P00r-4410	tick	24.17	89.85	244	2.38	2.08	2.52	1	squad	squad-35	2	bot-357			-	0	30	120	0	20	101
59681	bot-366	alpha	P00r-4410	tick	-81.79	11.70	188	1.98	2.49		15	patrol	squad-36	0	bot-366			-	0	30	120	0	7	35
59681	bot-367	bravo	P00m-4420	tick	35.94	90.40	256	2.48	2.61	4.07	1	squad	squad-35	6	bot-357			-	0	20	101	0	7	35
59681	bot-368	alpha	P00m-4420	tick	-88.14	30.53	163	2.39	2.35	9.99	2	squad	squad-36	6	bot-366			-	0	20	101	0	7	35
59681	bot-369	bravo	P00r-4410	tick	28.11	89.00	256	2.41	1.90	3.92	1	squad	squad-35	3	bot-357			-	0	30	120	0	20	101
59681	bot-370	alpha	P00r-4410	tick	-79.29	17.17	157	2.31	2.23	2.28	1	squad	squad-36	1	bot-366			-	0	30	120	0	7	35
59681	bot-371	alpha	P00r-4410	tick	-83.89	20.22	170	2.13	1.68	5.56	1	squad	squad-36	2	bot-366			-	0	30	120	0	20	101
59681	bot-372	alpha	P00r-4410	tick	-77.03	23.80	169	2.40	2.40	7.61	2	squad	squad-36	3	bot-366			-	0	30	120	0	7	35
59681	bot-373	alpha	P00m-4420	tick	-79.07	34.41	199	2.41	1.91	22.82	3	squad	squad-36	7	bot-366			-	0	20	101	0	7	35
59681	bot-374	alpha	P00r-4410	tick	-86.47	25.57	164	2.26	2.41	8.20	2	squad	squad-36	4	bot-366			-	0	30	120	0	7	35
59681	bot-375	alpha	P00r-4410	tick	-77.94	29.53	150	2.38	2.60	11.93	2	squad	squad-36	5	bot-366			-	0	30	120	0	20	101
59681	bot-376	alpha	P00r-4410	tick	90.17	-73.76	6	2.06	1.61		22	patrol	squad-37	0	bot-376			-	0	1	30	0	7	35
59681	bot-377	alpha	P00m-4420	tick	84.25	-86.66	134	1.57	1.90	6.11	1	squad	squad-37	6	bot-376			-	0	20	101	0	7	35
59681	bot-378	alpha	P00r-4410	tick	89.99	-77.36	24	2.46	1.51	0.46	1	squad	squad-37	1	bot-376			-	0	1	4	0	30	120
59681	bot-379	alpha	P00r-4410	tick	89.90	-79.99	359	2.58	1.78	0.86	1	squad	squad-37	2	bot-376			-	0	30	120	0	20	101
59681	bot-380	alpha	P00r-4410	tick	89.93	-82.67	12	2.65	1.07	1.18	1	squad	squad-37	3	bot-376			-	0	30	120	0	7	35
59951	bot-384	alpha	P00r-4410	tick	61.75	10.92	149	2.21	2.43		14	patrol	squad-38	0	bot-384			-	0	30	120	0	7	35
60025	bot-383	alpha	P00r-4410	tick	90.24	-86.64	10	2.45	1.94	1.28	1	squad	squad-37	5	bot-376			-	0	30	120	0	20	101
60052	bot-262	bravo	P00m-0300	tick	5.36	45.12	181	2.41	2.41	44.72	21	patrol	squad-27	0	bot-262			-	0	0	0	0	0	0
60052	bot-381	alpha	P00m-4420	tick	81.18	-84.48	148	1.84	1.88	10.41	2	squad	squad-37	7	bot-376			-	0	20	101	0	7	35
60052	bot-382	alpha	P00r-4410	tick	90.07	-84.18	13	2.39	1.64	1.53	1	squad	squad-37	4	bot-376			-	0	30	120	0	7	35
60691	bot-256	bravo	P00r-3320	tick	47.22	90.27	285	2.49	2.50	1.84	1	squad	squad-4	1	bot-305			-	0	22	100	0	7	35
60691	bot-281	alpha	P00m-4200	tick	-64.45	-75.62	146	2.54	2.61	21.58	3	squad	squad-1	2	bot-338			-	0	20	69	0	7	35
60691	bot-305	bravo	P00r-4320	tick	42.27	90.23	286	2.13	2.23		18	patrol	squad-4	0	bot-305			-	0	1	1	0	30	120
60691	bot-317	bravo	P00r-2320	tick	50.17	90.35	287	2.49	2.42	2.35	1	squad	squad-4	2	bot-305			-	0	11	120	0	20	101
60691	bot-323	bravo	P00r-4320	tick	53.75	90.45	284	1.99	1.79	4.08	1	squad	squad-4	3	bot-305			-	0	1	3	0	30	120
60691	bot-325	bravo	P00r-2320	tick	56.37	90.41	291	1.77	2.30	4.20	1	squad	squad-4	4	bot-305			-	0	15	120	0	20	101
60691	bot-331	bravo	P00r-2410	tick	17.41	88.84	276	2.07	2.24		15	patrol	squad-2	0	bot-331			-	0	13	120	0	20	101
60691	bot-332	alpha	P00r-4410	tick	-54.43	-83.68	90	2.53	2.46	7.97	3	squad	squad-1	1	bot-338			-	0	30	120	0	7	35
60691	bot-335	bravo	P00m-3310	tick	35.52	90.23	242	2.52	2.67	5.73	1	squad	squad-2	5	bot-331			-	0	14	101	0	7	35
60691	bot-338	alpha	P00r-4310	tick	-44.48	-85.43	105	1.96	2.16		19	patrol	squad-1	0	bot-338			-	0	24	120	0	7	35
60691	bot-339	bravo	P00r-4410	tick	22.62	88.20	255	2.29	2.34	2.08	1	squad	squad-2	1	bot-331			-	0	23	120	0	20	101
60691	bot-341	bravo	P00r-4410	tick	38.56	90.37	297	2.45	2.48	6.37	1	squad	squad-2	6	bot-331			-	0	1	30	0	20	101
60691	bot-343	bravo	P00m-4420	tick	39.85	89.71	249	2.43	2.43	21.52	3	squad	squad-2	7	bot-331			-	0	20	101	0	7	35
60691	bot-345	bravo	P00r-4420	tick	25.58	90.06	248	2.00	2.14	2.61	1	squad	squad-2	2	bot-331			-	0	1	4	0	30	120
60691	bot-347	bravo	P00r-4410	tick	28.80	90.03	275	2.41	2.16	4.03	1	squad	squad-2	3	bot-331			-	0	30	120	0	20	101
60691	bot-349	bravo	P00r-4410	tick	31.51	89.72	286	2.44	2.41	4.26	1	squad	squad-2	4	bot-331			-	0	30	120	0	20	101
60691	bot-351	bravo	P00m-4430	tick	64.10	88.54	289	2.46	2.47	20.91	3	squad	squad-4	7	bot-305			-	0	20	101	0	7	35
60691	bot-352	alpha	P00m-4420	tick	-75.43	-83.78	102	2.40	2.43	30.66	5	squad	squad-1	3	bot-338			-	0	20	101	0	7	35
60691	bot-353	bravo	P00r-4410	tick	58.88	90.30	269	2.70	2.60	3.62	1	squad	squad-4	5	bot-305			-	0	30	120	0	20	101
60691	bot-355	bravo	P00r-4410	tick	63.25	90.26	252	2.68	2.47	6.27	1	squad	squad-4	6	bot-305			-	0	30	120	0	20	101
60691	bot-357	bravo	P00r-4410	tick	14.36	88.86	243	2.45	2.26		15	patrol	squad-35	0	bot-357			-	0	30	120	0	20	101
60691	bot-358	alpha	P00r-4320	tick	-84.74	43.64	171	1.92	1.99		19	patrol	squad-15	0	bot-358			-	0	30	120	0	7	35
60691	bot-359	bravo	P00m-4420	tick	27.96	89.30	259	2.43	2.05	3.44	1	squad	squad-35	4	bot-357			-	0	20	101	0	7	35
60691	bot-361	bravo	P00r-4410	tick	34.09	89.02	290	2.41	2.28	7.60	1	squad	squad-35	5	bot-357			-	0	1	30	0	20	101
60691	bot-362	alpha	P00r-4320	tick	-87.31	48.38	197	2.10	2.27	1.88	1	squad	squad-15	2	bot-358			-	0	1	30	0	7	35
60691	bot-363	bravo	P00r-4410	tick	19.33	88.81	305	2.37	2.40	2.36	1	squad	squad-35	1	bot-357			-	0	1	4	0	30	120
60691	bot-364	alpha	P00r-4310	tick	-82.57	49.35	174	1.81	1.75	3.27	1	squad	squad-15	1	bot-358			-	0	1	4	0	30	120
60691	bot-365	bravo	P00r-4410	tick	22.06	88.99	215	2.39	2.28	2.46	1	squad	squad-35	2	bot-357			-	0	30	120	0	20	101
60691	bot-366	alpha	P00r-4410	tick	-81.84	9.57	213	2.42	2.13		15	patrol	squad-36	0	bot-366			-	0	30	120	0	7	35
60691	bot-367	bravo	P00m-4420	tick	33.48	90.40	267	2.39	2.46	3.71	1	squad	squad-35	6	bot-357			-	0	20	101	0	7	35
60691	bot-368	alpha	P00m-4420	tick	-87.84	28.46	168	2.00	2.08	9.69	2	squad	squad-36	6	bot-366			-	0	20	101	0	7	35
60691	bot-369	bravo	P00r-4410	tick	25.65	88.66	230	2.42	2.48	3.60	1	squad	squad-35	3	bot-357			-	0	30	120	0	20	101
60691	bot-370	alpha	P00r-4410	tick	-79.16	14.67	180	2.52	2.51	2.95	1	squad	squad-36	1	bot-366			-	0	30	120	0	7	35
60691	bot-371	alpha	P00r-4410	tick	-83.64	17.73	204	2.55	2.51	5.16	1	squad	squad-36	2	bot-366			-	0	30	120	0	20	101
60691	bot-372	alpha	P00r-4410	tick	-76.73	21.41	184	2.40	2.41	7.29	1	squad	squad-36	3	bot-366			-	0	30	120	0	7	35
60691	bot-373	alpha	P00m-4420	tick	-79.14	31.86	167	2.66	2.55	22.32	3	squad	squad-36	7	bot-366			-	0	20	101	0	7	35
60691	bot-374	alpha	P00r-4410	tick	-86.01	23.25	165	2.40	2.36	7.99	1	squad	squad-36	4	bot-366			-	0	30	120	0	7	35
60691	bot-375	alpha	P00r-4410	tick	-77.50	27.02	182	2.44	2.54	11.65	2	squad	squad-36	5	bot-366			-	0	30	120	0	20	101
60691	bot-376	alpha	P00r-4410	tick	90.20	-71.54	20	2.23	2.22		22	patrol	squad-37	0	bot-376			-	0	1	30	0	7	35
60691	bot-377	alpha	P00m-4420	tick	86.24	-86.77	84	2.36	1.99	3.76	1	squad	squad-37	6	bot-376			-	0	20	101	0	7	35
60691	bot-378	alpha	P00r-4410	tick	90.23	-75.49	336	0.93	1.88	0.74	1	squad	squad-37	1	bot-376			-	0	1	4	0	30	120
60691	bot-379	alpha	P00r-4410	tick	90.20	-77.62	7	2.49	2.39	0.52	1	squad	squad-37	2	bot-376			-	0	30	120	0	20	101
60691	bot-380	alpha	P00r-4410	tick	90.20	-80.22	28	2.50	2.46	0.78	1	squad	squad-37	3	bot-376			-	0	30	120	0	7	35
60970	bot-384	alpha	P00r-4410	tick	62.46	8.76	183	2.37	2.27		14	patrol	squad-38	0	bot-384			-	0	30	120	0	7	35
61050	bot-383	alpha	P00r-4410	tick	90.24	-84.30	16	2.39	2.34	1.10	1	squad	squad-37	5	bot-376			-	0	30	120	0	20	101
61088	bot-262	bravo	P00m-0300	tick	5.05	42.65	169	2.40	2.49	44.65	20	patrol	squad-27	0	bot-262			-	0	0	0	0	0	0
61088	bot-381	alpha	P00m-4420	tick	83.11	-85.36	107	2.17	2.12	7.40	1	squad	squad-37	7	bot-376			-	0	20	101	0	7	35
61088	bot-382	alpha	P00r-4410	tick	90.21	-81.74	334	2.60	2.45	1.20	1	squad	squad-37	4	bot-376			-	0	30	120	0	7	35
61727	bot-256	bravo	P00r-3320	tick	44.83	90.25	279	2.35	2.39	1.52	1	squad	squad-4	1	bot-305			-	0	22	100	0	7	35
61727	bot-281	alpha	P00m-4200	tick	-62.39	-76.84	109	2.26	2.39	20.26	4	squad	squad-1	2	bot-338			-	0	20	69	0	7	35
61727	bot-305	bravo	P00r-4320	tick	39.90	90.12	255	2.44	2.37		18	patrol	squad-4	0	bot-305			-	0	1	1	0	30	120
61727	bot-317	bravo	P00r-2320	tick	47.55	90.40	253	2.51	2.62	1.86	1	squad	squad-4	2	bot-305			-	0	11	120	0	20	101
61727	bot-323	bravo	P00r-4320	tick	51.59	90.38	253	2.25	2.16	3.93	1	squad	squad-4	3	bot-305			-	0	1	3	0	30	120
61727	bot-325	bravo	P00r-2320	tick	54.82	90.41	265	1.85	1.55	4.91	1	squad	squad-4	4	bot-305			-	0	15	120	0	20	101
61727	bot-331	bravo	P00r-2410	tick	15.27	88.89	285	2.31	2.14		15	patrol	squad-2	0	bot-331			-	0	13	120	0	20	101
61727	bot-332	alpha	P00r-4410	tick	-51.93	-83.72	124	2.38	2.49	6.55	3	squad	squad-1	1	bot-338			-	0	30	120	0	7	35
61727	bot-335	bravo	P00m-3310	tick	33.09	89.85	256	2.33	2.46	5.31	1	squad	squad-2	5	bot-331			-	0	14	101	0	7	35
61727	bot-338	alpha	P00r-4310	tick	-42.68	-85.51	66	1.97	1.81		18	patrol	squad-1	0	bot-338			-	0	24	120	0	7	35
61727	bot-339	bravo	P00r-4410	tick	20.30	88.03	296	2.35	2.33	1.95	1	squad	squad-2	1	bot-331			-	0	23	120	0	20	101
61727	bot-341	bravo	P00r-4410	tick	35.96	90.14	270	2.75	2.61	5.79	1	squad	squad-2	6	bot-331			-	0	1	30	0	20	101
61727	bot-343	bravo	P00m-4420	tick	37.32	89.64	281	2.55	2.53	21.15	3	squad	squad-2	7	bot-331			-	0	20	101	0	7	35
61727	bot-345	bravo	P00r-4420	tick	23.42	89.65	251	2.42	2.20	2.36	2	squad	squad-2	2	bot-331			-	0	1	4	0	30	120
61727	bot-347	bravo	P00r-4410	tick	26.42	90.11	248	1.41	2.38	3.64	1	squad	squad-2	3	bot-331			-	0	30	120	0	20	101
61727	bot-349	bravo	P00r-4410	tick	29.48	89.63	256	1.86	2.03	4.22	1	squad	squad-2	4	bot-331			-	0	30	120	0	20	101
61727	bot-351	bravo	P00m-4430	tick	61.55	89.22	281	2.64	2.64	3.76	1	squad	squad-4	7	bot-305			-	0	20	101	0	7	35
61727	bot-352	alpha	P00m-4420	tick	-73.16	-83.60	77	1.93	2.28	29.47	3	squad	squad-1	3	bot-338			-	0	20	101	0	7	35
61727	bot-353	bravo	P00r-4410	tick	56.53	90.26	289	1.80	2.36	4.47	1	squad	squad-4	5	bot-305			-	0	30	120	0	20	101
61727	bot-355	bravo	P00r-4410	tick	60.65	90.45	292	2.67	2.60	5.79	1	squad	squad-4	6	bot-305			-	0	30	120	0	20	101
61727	bot-357	bravo	P00r-4410	tick	11.71	88.84	265	2.83	2.65		14	patrol	squad-35	0	bot-357			-	0	30	120	0	20	101
61727	bot-358	alpha	P00r-4320	tick	-84.77	41.41	203	2.37	2.23		19	patrol	squad-15	0	bot-358			-	0	30	120	0	7	35
61727	bot-359	bravo	P00m-4420	tick	25.51	89.08	231	2.19	2.46	3.57	1	squad	squad-35	4	bot-357			-	0	20	101	0	7	35
61727	bot-361	bravo	P00r-4410	tick	31.77	88.99	231	2.48	2.32	6.98	1	squad	squad-35	5	bot-357			-	0	1	30	0	20	101
61727	bot-362	alpha	P00r-4320	tick	-87.18	46.81	168	1.30	1.58	2.35	1	squad	squad-15	2	bot-358			-	0	1	30	0	7	35
61727	bot-363	bravo	P00r-4410	tick	17.17	89.09	263	2.03	2.18	2.44	1	squad	squad-35	1	bot-357			-	0	1	4	0	30	120
61727	bot-364	alpha	P00r-4310	tick	-82.65	47.53	151	2.43	1.82	3.59	1	squad	squad-15	1	bot-358			-	0	1	4	0	30	120
61727	bot-365	bravo	P00r-4410	tick	19.68	88.94	300	2.39	2.39	2.29	1	squad	squad-35	2	bot-357			-	0	30	120	0	20	101
61727	bot-366	alpha	P00r-4410	tick	-82.10	7.12	183	1.82	2.46		15	patrol	squad-36	0	bot-366			-	0	30	120	0	7	35
61727	bot-367	bravo	P00m-4420	tick	31.10	90.38	280	2.58	2.38	3.99	1	squad	squad-35	6	bot-357			-	0	20	101	0	7	35
61727	bot-368	alpha	P00m-4420	tick	-87.45	26.22	204	2.21	2.28	9.58	2	squad	squad-36	6	bot-366			-	0	20	101	0	7	35
61727	bot-369	bravo	P00r-4410	tick	23.38	88.16	261	2.32	2.32	4.34	1	squad	squad-35	3	bot-357			-	0	30	120	0	20	101
61727	bot-370	alpha	P00r-4410	tick	-79.19	12.32	208	1.14	2.35	2.79	1	squad	squad-36	1	bot-366			-	0	30	120	0	7	35
61727	bot-371	alpha	P00r-4410	tick	-83.48	15.39	185	2.32	2.34	4.90	1	squad	squad-36	2	bot-366			-	0	30	120	0	20	101
61727	bot-372	alpha	P00r-4410	tick	-76.56	19.00	153	2.21	2.42	7.13	1	squad	squad-36	3	bot-366			-	0	30	120	0	7	35
61727	bot-373	alpha	P00m-4420	tick	-79.10	29.29	177	2.56	2.57	22.05	3	squad	squad-36	7	bot-366			-	0	20	101	0	7	35
61727	bot-374	alpha	P00r-4410	tick	-85.73	20.95	200	2.13	2.32	7.90	1	squad	squad-36	4	bot-366			-	0	30	120	0	7	35
61727	bot-375	alpha	P00r-4410	tick	-77.02	24.77	188	2.45	2.30	11.84	3	squad	squad-36	5	bot-366			-	0	30	120	0	20	101
61727	bot-376	alpha	P00r-4410	tick	90.39	-69.21	342	2.32	2.34		22	patrol	squad-37	0	bot-376			-	0	1	30	0	7	35
61727	bot-377	alpha	P00m-4420	tick	88.59	-85.78	35	2.65	2.55	2.40	1	squad	squad-37	6	bot-376			-	0	20	101	0	7	35
61727	bot-378	alpha	P00r-4410	tick	90.21	-73.93	8	1.93	1.57	1.42	1	squad	squad-37	1	bot-376			-	0	1	4	0	30	120
61727	bot-379	alpha	P00r-4410	tick	90.23	-75.72	27	1.42	1.90	0.73	1	squad	squad-37	2	bot-376			-	0	30	120	0	20	101
61727	bot-380	alpha	P00r-4410	tick	90.15	-77.60	10	2.80	2.62	0.35	1	squad	squad-37	3	bot-376			-	0	30	120	0	7	35
61987	bot-384	alpha	P00r-4410	tick	63.07	6.96	178	2.56	1.90		13	patrol	squad-38	0	bot-384			-	0	30	120	0	7	35
62061	bot-383	alpha	P00r-4410	tick	90.61	-82.34	12	2.47	1.99	1.47	1	squad	squad-37	5	bot-376			-	0	30	120	0	20	101
62150	bot-262	bravo	P00m-0300	tick	4.78	40.50	201	2.57	2.16	44.71	20	patrol	squad-27	0	bot-262			-	0	0	0	0	0	0
62150	bot-381	alpha	P00m-4420	tick	84.59	-85.65	69	1.73	1.51	7.05	1	squad	squad-37	7	bot-376			-	0	20	101	0	7	35
62150	bot-382	alpha	P00r-4410	tick	90.38	-79.49	37	2.21	2.26	1.21	1	squad	squad-37	4	bot-376			-	0	30	120	0	7	35
62828	bot-256	bravo	P00r-3320	tick	43.73	90.24	259	2.32	1.10	1.44	1	squad	squad-4	1	bot-305			-	0	22	100	0	7	35
62828	bot-281	alpha	P00m-4200	tick	-61.47	-77.42	111	2.40	1.09	19.17	4	squad	squad-1	2	bot-338			-	0	20	69	0	7	35
62828	bot-305	bravo	P00r-4320	tick	38.70	90.07	253	2.39	1.20		18	patrol	squad-4	0	bot-305			-	0	1	1	0	30	120
62828	bot-317	bravo	P00r-2320	tick	46.40	90.11	234	2.47	1.19	1.70	1	squad	squad-4	2	bot-305			-	0	11	120	0	20	101
62828	bot-323	bravo	P00r-4320	tick	50.41	90.31	241	2.44	1.19	3.83	1	squad	squad-4	3	bot-305			-	0	1	3	0	30	120
62828	bot-325	bravo	P00r-2320	tick	54.03	90.33	245	1.72	0.80	5.26	1	squad	squad-4	4	bot-305			-	0	15	120	0	20	101
62828	bot-331	bravo	P00r-2410	tick	14.14	88.86	263	1.43	1.12		15	patrol	squad-2	0	bot-331			-	0	13	120	0	20	101
62828	bot-332	alpha	P00r-4410	tick	-50.78	-83.85	92	2.51	1.16	6.32	3	squad	squad-1	1	bot-338			-	0	30	120	0	7	35
62828	bot-335	bravo	P00m-3310	tick	31.96	89.82	283	2.41	1.13	5.12	1	squad	squad-2	5	bot-331			-	0	14	101	0	7	35
62828	bot-338	alpha	P00r-4310	tick	-41.88	-85.39	102	1.50	0.80		18	patrol	squad-1	0	bot-338			-	0	24	120	0	7	35
62828	bot-339	bravo	P00r-4410	tick	19.23	88.34	287	2.53	1.12	1.86	1	squad	squad-2	1	bot-331			-	0	23	120	0	20	101
62828	bot-341	bravo	P00r-4410	tick	34.76	90.14	249	2.64	1.19	5.53	1	squad	squad-2	6	bot-331			-	0	1	30	0	20	101
62828	bot-343	bravo	P00m-4420	tick	36.22	89.66	302	1.42	1.10	21.12	3	squad	squad-2	7	bot-331			-	0	20	101	0	7	35
62828	bot-345	bravo	P00r-4420	tick	22.32	89.35	258	2.41	1.14	2.27	2	squad	squad-2	2	bot-331			-	0	1	4	0	30	120
62828	bot-347	bravo	P00r-4410	tick	25.52	89.98	243	2.05	0.92	3.79	2	squad	squad-2	3	bot-331			-	0	30	120	0	20	101
62828	bot-349	bravo	P00r-4410	tick	28.42	89.65	245	2.41	1.06	4.26	1	squad	squad-2	4	bot-331			-	0	30	120	0	20	101
62828	bot-351	bravo	P00m-4430	tick	60.26	89.21	247	2.83	1.29	4.53	1	squad	squad-4	7	bot-305			-	0	20	101	0	7	35
62828	bot-352	alpha	P00m-4420	tick	-72.31	-83.37	75	1.96	0.88	29.78	4	squad	squad-1	3	bot-338			-	0	20	101	0	7	35
62828	bot-353	bravo	P00r-4410	tick	55.83	90.22	269	1.26	0.70	4.79	1	squad	squad-4	5	bot-305			-	0	30	120	0	20	101
62828	bot-355	bravo	P00r-4410	tick	59.46	90.58	301	2.70	1.20	5.63	1	squad	squad-4	6	bot-305			-	0	30	120	0	20	101
62828	bot-357	bravo	P00r-4410	tick	10.54	88.81	286	2.03	1.18		14	patrol	squad-35	0	bot-357			-	0	30	120	0	20	101
62828	bot-358	alpha	P00r-4320	tick	-84.69	40.27	179	2.44	1.15		19	patrol	squad-15	0	bot-358			-	0	30	120	0	7	35
62828	bot-359	bravo	P00m-4420	tick	24.47	88.85	254	2.48	1.06	3.58	1	squad	squad-35	4	bot-357			-	0	20	101	0	7	35
62828	bot-361	bravo	P00r-4410	tick	30.62	88.96	253	1.74	1.15	6.91	1	squad	squad-35	5	bot-357			-	0	1	30	0	20	101
62828	bot-362	alpha	P00r-4320	tick	-87.24	46.01	172	2.01	0.80	2.64	1	squad	squad-15	2	bot-358			-	0	1	30	0	7	35
62828	bot-363	bravo	P00r-4410	tick	16.18	89.02	243	2.13	0.99	2.49	1	squad	squad-35	1	bot-357			-	0	1	4	0	30	120
62828	bot-364	alpha	P00r-4310	tick	-82.62	46.46	186	2.27	1.08	3.70	1	squad	squad-15	1	bot-358			-	0	1	4	0	30	120
62828	bot-365	bravo	P00r-4410	tick	18.58	89.27	279	2.50	1.15	2.25	1	squad	squad-35	2	bot-357			-	0	30	120	0	20	101
62828	bot-366	alpha	P00r-4410	tick	-82.26	6.06	182	2.47	1.07		15	patrol	squad-36	0	bot-366			-	0	30	120	0	7	35
62828	bot-367	bravo	P00m-4420	tick	30.09	90.37	288	1.19	1.01	4.19	1	squad	squad-35	6	bot-357			-	0	20	101	0	7	35
62828	bot-368	alpha	P00m-4420	tick	-87.30	25.23	176	1.76	1.00	9.60	2	squad	squad-36	6	bot-366			-	0	20	101	0	7	35
62828	bot-369	bravo	P00r-4410	tick	22.45	88.08	282	1.38	0.93	4.43	1	squad	squad-35	3	bot-357			-	0	30	120	0	20	101
62828	bot-370	alpha	P00r-4410	tick	-79.32	11.33	170	1.98	1.00	2.86	1	squad	squad-36	1	bot-366			-	0	30	120	0	7	35
62828	bot-371	alpha	P00r-4410	tick	-83.48	14.16	164	2.95	1.23	4.72	1	squad	squad-36	2	bot-366			-	0	30	120	0	20	101
62828	bot-372	alpha	P00r-4410	tick	-76.50	18.13	181	1.66	0.87	8.51	2	squad	squad-36	3	bot-366			-	0	30	120	0	7	35
62828	bot-373	alpha	P00m-4420	tick	-79.13	28.08	199	2.76	1.22	21.86	2	squad	squad-36	7	bot-366			-	0	20	101	0	7	35
62828	bot-374	alpha	P00r-4410	tick	-85.64	19.95	183	1.87	1.00	7.91	1	squad	squad-36	4	bot-366			-	0	30	120	0	7	35
62828	bot-375	alpha	P00r-4410	tick	-76.88	23.62	165	2.43	1.16	11.80	3	squad	squad-36	5	bot-366			-	0	30	120	0	20	101
62828	bot-376	alpha	P00r-4410	tick	90.42	-68.17	341	2.10	1.04		22	patrol	squad-37	0	bot-376			-	0	1	30	0	7	35
62828	bot-377	alpha	P00m-4420	tick	89.56	-85.04	51	2.38	1.22	3.54	1	squad	squad-37	6	bot-376			-	0	20	101	0	7	35
62828	bot-378	alpha	P00r-4410	tick	90.43	-72.94	30	1.72	1.01	1.42	1	squad	squad-37	1	bot-376			-	0	1	4	0	30	120
62828	bot-379	alpha	P00r-4410	tick	90.35	-75.21	14	0.91	0.52	1.27	1	squad	squad-37	2	bot-376			-	0	30	120	0	20	101
62828	bot-380	alpha	P00r-4410	tick	90.66	-76.61	38	2.28	1.12	1.47	1	squad	squad-37	3	bot-376			-	0	30	120	0	7	35
63047	bot-384	alpha	P00r-4410	tick	63.47	5.71	139	2.25	1.32		13	patrol	squad-38	0	bot-384			-	0	30	120	0	7	35
63128	bot-383	alpha	P00r-4410	tick	91.34	-81.27	37	2.44	1.29	1.99	1	squad	squad-37	5	bot-376			-	0	30	120	0	20	101
63207	bot-262	bravo	P00m-0300	tick	4.62	39.19	194	2.58	1.32	44.79	20	patrol	squad-27	0	bot-262			-	0	0	0	0	0	0
63207	bot-381	alpha	P00m-4420	tick	85.58	-85.58	93	2.14	0.99	8.10	2	squad	squad-37	7	bot-376			-	0	20	101	0	7	35
63207	bot-382	alpha	P00r-4410	tick	91.03	-78.60	59	2.12	1.10	1.17	1	squad	squad-37	4	bot-376			-	0	30	120	0	7	35
64107	bot-256	bravo	P00r-3320	tick	42.09	89.98	264	2.34	1.66	1.95	1	squad	squad-4	1	bot-305			-	0	22	100	0	7	35
64107	bot-281	alpha	P00m-4200	tick	-60.10	-78.33	147	2.33	1.64	18.94	3	squad	squad-1	2	bot-338			-	0	20	69	0	7	35
64107	bot-305	bravo	P00r-4320	tick	36.86	90.09	295	2.81	1.85		18	patrol	squad-4	0	bot-305			-	0	1	1	0	30	120
64107	bot-317	bravo	P00r-2320	tick	44.65	89.88	291	2.26	1.76	2.30	1	squad	squad-4	2	bot-305			-	0	11	120	0	20	101
64107	bot-323	bravo	P00r-4320	tick	48.52	90.22	285	2.48	1.89	4.12	1	squad	squad-4	3	bot-305			-	0	1	3	0	30	120
64107	bot-325	bravo	P00r-2320	tick	52.54	90.09	280	2.30	1.50	5.87	1	squad	squad-4	4	bot-305			-	0	15	120	0	20	101
64107	bot-331	bravo	P00r-2410	tick	12.22	88.83	271	3.07	1.92		14	patrol	squad-2	0	bot-331			-	0	13	120	0	20	101
64107	bot-332	alpha	P00r-4410	tick	-49.01	-84.04	74	2.37	1.78	5.79	2	squad	squad-1	1	bot-338			-	0	30	120	0	7	35
64107	bot-335	bravo	P00m-3310	tick	30.29	90.08	261	2.14	1.69	5.30	1	squad	squad-2	5	bot-331			-	0	14	101	0	7	35
64107	bot-338	alpha	P00r-4310	tick	-40.70	-85.15	112	1.73	1.20		18	patrol	squad-1	0	bot-338			-	0	24	120	0	7	35
64107	bot-339	bravo	P00r-4410	tick	17.73	88.32	254	2.13	1.49	2.47	1	squad	squad-2	1	bot-331			-	0	23	120	0	20	101
64107	bot-341	bravo	P00r-4410	tick	33.00	89.98	285	2.27	1.77	5.58	1	squad	squad-2	6	bot-331			-	0	1	30	0	20	101
64107	bot-343	bravo	P00m-4420	tick	34.44	89.79	247	2.42	1.79	21.53	4	squad	squad-2	7	bot-331			-	0	20	101	0	7	35
64107	bot-345	bravo	P00r-4420	tick	20.80	88.94	258	2.40	1.57	2.90	1	squad	squad-2	2	bot-331			-	0	1	4	0	30	120
64107	bot-347	bravo	P00r-4410	tick	24.01	89.50	276	0.83	1.58	3.75	2	squad	squad-2	3	bot-331			-	0	30	120	0	20	101
64107	bot-349	bravo	P00r-4410	tick	26.65	89.75	283	2.42	1.77	4.21	1	squad	squad-2	4	bot-331			-	0	30	120	0	20	101
64107	bot-351	bravo	P00m-4430	tick	58.32	89.20	277	2.64	1.94	4.57	1	squad	squad-4	7	bot-305			-	0	20	101	0	7	35
64107	bot-352	alpha	P00m-4420	tick	-71.17	-82.96	109	1.48	1.22	29.75	4	squad	squad-1	3	bot-338			-	0	20	101	0	7	35
64107	bot-353	bravo	P00r-4410	tick	54.59	90.07	255	1.52	1.25	4.68	1	squad	squad-4	5	bot-305			-	0	30	120	0	20	101
64107	bot-355	bravo	P00r-4410	tick	57.57	90.53	252	2.75	1.89	5.89	1	squad	squad-4	6	bot-305			-	0	30	120	0	20	101
64107	bot-357	bravo	P00r-4410	tick	9.30	88.84	253	1.42	1.23		14	patrol	squad-35	0	bot-357			-	0	30	120	0	20	101
64107	bot-358	alpha	P00r-4320	tick	-84.58	38.62	159	2.19	1.66		19	patrol	squad-15	0	bot-358			-	0	30	120	0	7	35
64107	bot-359	bravo	P00m-4420	tick	22.85	88.53	264	2.54	1.65	3.09	1	squad	squad-35	4	bot-357			-	0	20	101	0	7	35
64107	bot-361	bravo	P00r-4410	tick	29.64	88.78	274	1.50	1.00	8.11	2	squad	squad-35	5	bot-357			-	0	1	30	0	20	101
64107	bot-362	alpha	P00r-4320	tick	-87.09	44.44	194	2.31	1.57	2.29	1	squad	squad-15	2	bot-358			-	0	1	30	0	7	35
64107	bot-363	bravo	P00r-4410	tick	14.54	88.99	283	2.62	1.64	1.96	1	squad	squad-35	1	bot-357			-	0	1	4	0	30	120
64107	bot-364	alpha	P00r-4310	tick	-82.59	45.06	189	2.02	1.39	3.35	1	squad	squad-15	1	bot-358			-	0	1	4	0	30	120
64107	bot-365	bravo	P00r-4410	tick	17.04	89.51	277	2.20	1.55	2.78	1	squad	squad-35	2	bot-357			-	0	30	120	0	20	101
64107	bot-366	alpha	P00r-4410	tick	-82.58	4.55	224	1.68	1.54		15	patrol	squad-36	0	bot-366			-	0	30	120	0	7	35
64107	bot-367	bravo	P00m-4420	tick	28.49	90.07	245	2.42	1.63	4.66	1	squad	squad-35	6	bot-357			-	0	20	101	0	7	35
64107	bot-368	alpha	P00m-4420	tick	-87.11	23.76	158	2.11	1.48	9.61	2	squad	squad-36	6	bot-366			-	0	20	101	0	7	35
64107	bot-369	bravo	P00r-4410	tick	20.84	87.75	237	2.00	1.64	3.96	1	squad	squad-35	3	bot-357			-	0	30	120	0	20	101
64107	bot-370	alpha	P00r-4410	tick	-79.35	9.66	161	2.57	1.66	3.31	1	squad	squad-36	1	bot-366			-	0	30	120	0	7	35
64107	bot-371	alpha	P00r-4410	tick	-83.61	12.36	207	1.56	1.81	4.03	1	squad	squad-36	2	bot-366			-	0	30	120	0	20	101
64107	bot-372	alpha	P00r-4410	tick	-76.44	16.70	202	2.42	1.43	9.22	2	squad	squad-36	3	bot-366			-	0	30	120	0	7	35
64107	bot-373	alpha	P00m-4420	tick	-78.90	26.26	140	2.56	1.84	18.29	3	squad	squad-36	7	bot-366			-	0	20	101	0	7	35
64107	bot-374	alpha	P00r-4410	tick	-85.55	18.50	153	2.00	1.46	7.47	1	squad	squad-36	4	bot-366			-	0	30	120	0	7	35
64107	bot-375	alpha	P00r-4410	tick	-76.21	22.00	162	2.39	1.75	14.36	2	squad	squad-36	5	bot-366			-	0	30	120	0	20	101
64107	bot-376	alpha	P00r-4410	tick	90.40	-66.60	18	1.95	1.57		21	patrol	squad-37	0	bot-376			-	0	1	30	0	7	35
64107	bot-377	alpha	P00m-4420	tick	90.70	-83.89	20	2.18	1.62	2.63	1	squad	squad-37	6	bot-376			-	0	20	101	0	7	35
64107	bot-378	alpha	P00r-4410	tick	90.63	-71.36	348	2.23	1.59	1.93	1	squad	squad-37	1	bot-376			-	0	1	4	0	30	120
64107	bot-379	alpha	P00r-4410	tick	90.62	-74.11	358	2.05	1.13	2.43	1	squad	squad-37	2	bot-376			-	0	30	120	0	20	101
64107	bot-380	alpha	P00r-4410	tick	91.50	-75.55	23	0.99	1.35	1.58	1	squad	squad-37	3	bot-376			-	0	30	120	0	7	35
64107	bot-384	alpha	P00r-4410	tick	63.89	4.63	165	1.96	1.16		13	patrol	squad-38	0	bot-384			-	0	30	120	0	7	35
64140	bot-383	alpha	P00r-4410	tick	91.43	-80.09	10	2.55	1.18	0.94	1	squad	squad-37	5	bot-376			-	0	30	120	0	20	101
64297	bot-262	bravo	P00m-0300	tick	4.44	37.81	163	2.41	1.40	44.93	20	patrol	squad-27	0	bot-262			-	0	0	0	0	0	0
64297	bot-381	alpha	P00m-4420	tick	86.87	-85.28	88	2.63	1.32	4.98	1	squad	squad-37	7	bot-376			-	0	20	101	0	7	35
64297	bot-382	alpha	P00r-4410	tick	91.50	-77.56	12	2.69	1.14	1.26	1	squad	squad-37	4	bot-376			-	0	30	120	0	7	35
65141	bot-256	bravo	P00r-3320	tick	40.18	89.81	283	2.43	1.92	2.14	1	squad	squad-4	1	bot-305			-	0	22	100	0	7	35
65141	bot-281	alpha	P00m-4200	tick	-58.67	-79.53	115	2.11	1.87	17.98	3	squad	squad-1	2	bot-338			-	0	20	69	0	7	35
65141	bot-305	bravo	P00r-4320	tick	34.92	90.19	258	2.42	1.94		17	patrol	squad-4	0	bot-305			-	0	1	1	0	30	120
65141	bot-317	bravo	P00r-2320	tick	42.97	89.58	254	2.25	1.70	2.77	1	squad	squad-4	2	bot-305			-	0	11	120	0	20	101
65141	bot-323	bravo	P00r-4320	tick	46.63	89.83	236	2.43	1.93	4.27	1	squad	squad-4	3	bot-305			-	0	1	3	0	30	120
65141	bot-325	bravo	P00r-2320	tick	50.77	89.75	258	2.42	1.80	6.29	1	squad	squad-4	4	bot-305			-	0	15	120	0	20	101
65141	bot-331	bravo	P00r-2410	tick	10.34	88.76	292	1.99	1.88		14	patrol	squad-2	0	bot-331			-	0	13	120	0	20	101
65141	bot-332	alpha	P00r-4410	tick	-47.17	-84.10	117	2.28	1.84	5.14	2	squad	squad-1	1	bot-338			-	0	30	120	0	7	35
65141	bot-335	bravo	P00m-3310	tick	28.65	89.98	265	2.42	1.65	5.81	1	squad	squad-2	5	bot-331			-	0	14	101	0	7	35
65141	bot-338	alpha	P00r-4310	tick	-39.19	-85.12	74	1.93	1.51		18	patrol	squad-1	0	bot-338			-	0	24	120	0	7	35
65141	bot-339	bravo	P00r-4410	tick	16.34	88.41	303	2.03	1.40	3.16	1	squad	squad-2	1	bot-331			-	0	23	120	0	20	101
65141	bot-341	bravo	P00r-4410	tick	31.13	89.78	262	2.42	1.88	5.86	1	squad	squad-2	6	bot-331			-	0	1	30	0	20	101
65141	bot-343	bravo	P00m-4420	tick	32.64	89.79	265	2.27	1.80	21.86	3	squad	squad-2	7	bot-331			-	0	20	101	0	7	35
65141	bot-345	bravo	P00r-4420	tick	19.03	89.19	267	2.45	1.79	3.29	1	squad	squad-2	2	bot-331			-	0	1	4	0	30	120
65141	bot-347	bravo	P00r-4410	tick	22.33	89.06	219	2.41	1.74	4.18	2	squad	squad-2	3	bot-331			-	0	30	120	0	20	101
65141	bot-349	bravo	P00r-4410	tick	25.22	89.47	252	2.20	1.46	4.87	2	squad	squad-2	4	bot-331			-	0	30	120	0	20	101
65141	bot-351	bravo	P00m-4430	tick	57.06	89.02	273	1.80	1.28	22.07	3	squad	squad-4	7	bot-305			-	0	20	101	0	7	35
65141	bot-352	alpha	P00m-4420	tick	-70.41	-82.52	70	0.93	0.87	31.16	5	squad	squad-1	3	bot-338			-	0	20	101	0	7	35
65141	bot-353	bravo	P00r-4410	tick	53.30	89.97	273	2.01	1.30	6.75	1	squad	squad-4	5	bot-305			-	0	30	120	0	20	101
65141	bot-355	bravo	P00r-4410	tick	56.22	90.45	264	1.16	1.35	7.63	2	squad	squad-4	6	bot-305			-	0	30	120	0	20	101
65141	bot-357	bravo	P00r-4410	tick	8.08	88.98	257	1.38	1.23		14	patrol	squad-35	0	bot-357			-	0	30	120	0	20	101
65141	bot-358	alpha	P00r-4320	tick	-84.67	36.80	204	2.42	1.82		19	patrol	squad-15	0	bot-358			-	0	30	120	0	7	35
65141	bot-359	bravo	P00m-4420	tick	21.02	88.42	247	2.39	1.83	3.37	1	squad	squad-35	4	bot-357			-	0	20	101	0	7	35
65141	bot-361	bravo	P00r-4410	tick	28.05	88.60	242	2.43	1.60	7.76	2	squad	squad-35	5	bot-357			-	0	1	30	0	20	101
65141	bot-362	alpha	P00r-4320	tick	-86.85	42.94	171	1.74	1.52	2.87	1	squad	squad-15	2	bot-358			-	0	1	30	0	7	35
65141	bot-363	bravo	P00r-4410	tick	12.62	88.90	285	2.52	1.92	2.09	1	squad	squad-35	1	bot-357			-	0	1	4	0	30	120
65141	bot-364	alpha	P00r-4310	tick	-82.45	43.38	144	2.36	1.69	3.95	1	squad	squad-15	1	bot-358			-	0	1	4	0	30	120
65141	bot-365	bravo	P00r-4410	tick	15.47	89.68	282	1.72	1.59	2.37	1	squad	squad-35	2	bot-357			-	0	30	120	0	20	101
65141	bot-366	alpha	P00r-4410	tick	-82.51	3.11	179	1.91	1.45		14	patrol	squad-36	0	bot-366			-	0	30	120	0	7	35
65141	bot-367	bravo	P00m-4420	tick	26.62	89.92	285	2.24	1.87	3.89	1	squad	squad-35	6	bot-357			-	0	20	101	0	7	35
65141	bot-368	alpha	P00m-4420	tick	-86.59	22.31	211	2.10	1.55	11.97	2	squad	squad-36	6	bot-366			-	0	20	101	0	7	35
65141	bot-369	bravo	P00r-4410	tick	19.12	87.80	276	2.23	1.73	3.36	1	squad	squad-35	3	bot-357			-	0	30	120	0	20	101
65141	bot-370	alpha	P00r-4410	tick	-79.24	8.03	223	1.06	1.64	2.56	1	squad	squad-36	1	bot-366			-	0	30	120	0	7	35
65141	bot-371	alpha	P00r-4410	tick	-83.54	11.67	198	0.45	0.70	5.99	1	squad	squad-36	2	bot-366			-	0	30	120	0	20	101
65141	bot-372	alpha	P00r-4410	tick	-76.71	14.66	171	2.50	2.05	6.66	1	squad	squad-36	3	bot-366			-	0	30	120	0	7	35
65141	bot-373	alpha	P00m-4420	tick	-78.40	24.86	131	2.06	1.48	22.07	4	squad	squad-36	7	bot-366			-	0	20	101	0	7	35
65141	bot-374	alpha	P00r-4410	tick	-85.71	16.64	203	2.49	1.86	8.55	2	squad	squad-36	4	bot-366			-	0	30	120	0	7	35
65141	bot-375	alpha	P00r-4410	tick	-75.99	20.20	196	2.42	1.81	9.45	2	squad	squad-36	5	bot-366			-	0	30	120	0	20	101
65141	bot-376	alpha	P00r-4410	tick	90.24	-64.94	348	2.10	1.67		21	patrol	squad-37	0	bot-376			-	0	1	30	0	7	35
65141	bot-377	alpha	P00m-4420	tick	91.23	-82.06	353	2.45	1.91	1.83	1	squad	squad-37	6	bot-376			-	0	20	101	0	7	35
65141	bot-378	alpha	P00r-4410	tick	90.78	-69.47	359	2.31	1.89	1.08	1	squad	squad-37	1	bot-376			-	0	1	4	0	30	120
65141	bot-379	alpha	P00r-4410	tick	90.69	-72.45	30	2.25	1.66	1.96	1	squad	squad-37	2	bot-376			-	0	30	120	0	20	101
65141	bot-380	alpha	P00r-4410	tick	91.24	-75.08	358	0.88	0.53	2.10	1	squad	squad-37	3	bot-376			-	0	30	120	0	7	35
65141	bot-383	alpha	P00r-4410	tick	91.18	-78.50	1	2.48	1.61	1.53	1	squad	squad-37	5	bot-376			-	0	30	120	0	20	101
65141	bot-384	alpha	P00r-4410	tick	64.27	3.16	193	2.05	1.52		13	patrol	squad-38	0	bot-384			-	0	30	120	0	7	35
65332	bot-262	bravo	P00m-0300	tick	4.14	35.89	195	2.40	1.94	45.11	19	patrol	squad-27	0	bot-262			-	0	0	0	0	0	0
65332	bot-381	alpha	P00m-4420	tick	88.64	-84.30	28	2.03	2.03	3.89	1	squad	squad-37	7	bot-376			-	0	20	101	0	7	35
65332	bot-382	alpha	P00r-4410	tick	91.28	-75.69	350	0.92	1.88	0.52	1	squad	squad-37	4	bot-376			-	0	30	120	0	7	35
66144	bot-256	bravo	P00r-3320	tick	37.99	90.03	260	2.45	2.20	1.73	1	squad	squad-4	1	bot-305			-	0	22	100	0	7	35
66144	bot-281	alpha	P00m-4200	tick	-57.71	-80.61	112	2.04	1.45	18.60	3	squad	squad-1	2	bot-338			-	0	20	69	0	7	35
66144	bot-305	bravo	P00r-4320	tick	32.75	90.13	258	1.57	2.17		17	patrol	squad-4	0	bot-305			-	0	1	1	0	30	120
66144	bot-317	bravo	P00r-2320	tick	40.96	89.75	264	2.40	2.02	2.65	1	squad	squad-4	2	bot-305			-	0	11	120	0	20	101
66144	bot-323	bravo	P00r-4320	tick	44.51	89.79	263	2.21	2.12	3.79	1	squad	squad-4	3	bot-305			-	0	1	3	0	30	120
66144	bot-325	bravo	P00r-2320	tick	48.61	89.85	244	2.81	2.17	5.48	1	squad	squad-4	4	bot-305			-	0	15	120	0	20	101
66144	bot-331	bravo	P00r-2410	tick	8.85	88.84	259	1.75	1.50		14	patrol	squad-2	0	bot-331			-	0	13	120	0	20	101
66144	bot-332	alpha	P00r-4410	tick	-45.16	-83.86	76	2.40	2.03	5.25	1	squad	squad-1	1	bot-338			-	0	30	120	0	7	35
66144	bot-335	bravo	P00m-3310	tick	26.48	89.90	298	1.75	2.17	4.75	1	squad	squad-2	5	bot-331			-	0	14	101	0	7	35
66144	bot-338	alpha	P00r-4310	tick	-37.46	-85.34	100	1.91	1.75		18	patrol	squad-1	0	bot-338			-	0	24	120	0	7	35
66144	bot-339	bravo	P00r-4410	tick	14.31	88.74	267	2.78	2.06	2.17	1	squad	squad-2	1	bot-331			-	0	23	120	0	20	101
66144	bot-341	bravo	P00r-4410	tick	29.38	89.67	237	1.85	1.76	5.19	1	squad	squad-2	6	bot-331			-	0	1	30	0	20	101
66144	bot-343	bravo	P00m-4420	tick	30.54	89.54	283	1.90	2.11	4.85	1	squad	squad-2	7	bot-331			-	0	20	101	0	7	35
66144	bot-345	bravo	P00r-4420	tick	17.07	89.57	290	2.16	2.00	2.53	1	squad	squad-2	2	bot-331			-	0	1	4	0	30	120
66144	bot-347	bravo	P00r-4410	tick	20.26	88.92	264	2.40	2.08	3.20	1	squad	squad-2	3	bot-331			-	0	30	120	0	20	101
66144	bot-349	bravo	P00r-4410	tick	23.20	89.11	243	2.35	2.06	3.87	2	squad	squad-2	4	bot-331			-	0	30	120	0	20	101
66144	bot-351	bravo	P00m-4430	tick	55.66	89.41	253	1.57	1.45	21.69	3	squad	squad-4	7	bot-305			-	0	20	101	0	7	35
66144	bot-352	alpha	P00m-4420	tick	-69.27	-82.09	74	1.27	1.21	31.24	5	squad	squad-1	3	bot-338			-	0	20	101	0	7	35
66144	bot-353	bravo	P00r-4410	tick	51.30	89.96	266	1.32	2.00	5.77	1	squad	squad-4	5	bot-305			-	0	30	120	0	20	101
66144	bot-355	bravo	P00r-4410	tick	54.90	90.72	296	0.76	1.34	7.03	2	squad	squad-4	6	bot-305			-	0	30	120	0	20	101
66144	bot-357	bravo	P00r-4410	tick	6.41	89.10	277	1.68	1.67		14	patrol	squad-35	0	bot-357			-	0	30	120	0	20	101
66144	bot-358	alpha	P00r-4320	tick	-84.69	34.65	190	2.41	2.15		18	patrol	squad-15	0	bot-358			-	0	30	120	0	7	35
66144	bot-359	bravo	P00m-4420	tick	18.96	88.94	305	2.38	2.13	4.14	1	squad	squad-35	4	bot-357			-	0	20	101	0	7	35
66144	bot-361	bravo	P00r-4410	tick	25.85	88.69	268	2.73	2.21	7.82	2	squad	squad-35	5	bot-357			-	0	1	30	0	20	101
66144	bot-362	alpha	P00r-4320	tick	-85.69	41.62	134	1.95	1.76	1.94	1	squad	squad-15	2	bot-358			-	0	1	30	0	7	35
66144	bot-363	bravo	P00r-4410	tick	10.51	89.47	263	1.79	2.19	0.93	1	squad	squad-35	1	bot-357			-	0	1	4	0	30	120
66144	bot-364	alpha	P00r-4310	tick	-82.80	41.23	210	2.44	2.18	3.81	1	squad	squad-15	1	bot-358			-	0	1	4	0	30	120
66144	bot-365	bravo	P00r-4410	tick	13.40	90.01	279	2.44	2.09	2.14	1	squad	squad-35	2	bot-357			-	0	30	120	0	20	101
66144	bot-366	alpha	P00r-4410	tick	-82.56	1.36	159	1.94	1.75		14	patrol	squad-36	0	bot-366			-	0	30	120	0	7	35
66144	bot-367	bravo	P00m-4420	tick	24.96	90.12	300	2.11	1.67	4.80	1	squad	squad-35	6	bot-357			-	0	20	101	0	7	35
66144	bot-368	alpha	P00m-4420	tick	-86.49	20.54	203	1.95	1.77	11.30	2	squad	squad-36	6	bot-366			-	0	20	101	0	7	35
66144	bot-369	bravo	P00r-4410	tick	17.36	88.38	306	2.16	1.85	3.87	1	squad	squad-35	3	bot-357			-	0	30	120	0	20	101
66144	bot-370	alpha	P00r-4410	tick	-79.67	6.49	200	2.04	1.60	2.00	1	squad	squad-36	1	bot-366			-	0	30	120	0	7	35
66144	bot-371	alpha	P00r-4410	tick	-83.62	10.16	166	1.91	1.51	5.50	1	squad	squad-36	2	bot-366			-	0	30	120	0	20	101
66144	bot-372	alpha	P00r-4410	tick	-76.96	12.87	180	1.95	1.81	5.90	1	squad	squad-36	3	bot-366			-	0	30	120	0	7	35
66144	bot-373	alpha	P00m-4420	tick	-79.63	23.23	204	2.36	2.05	21.32	3	squad	squad-36	7	bot-366			-	0	20	101	0	7	35
66144	bot-374	alpha	P00r-4410	tick	-86.10	14.02	202	3.18	2.65	6.94	1	squad	squad-36	4	bot-366			-	0	30	120	0	7	35
66144	bot-375	alpha	P00r-4410	tick	-75.97	18.29	164	2.10	1.91	9.68	2	squad	squad-36	5	bot-366			-	0	30	120	0	20	101
66144	bot-376	alpha	P00r-4410	tick	90.01	-62.78	337	2.60	2.17		21	patrol	squad-37	0	bot-376			-	0	1	30	0	7	35
66144	bot-377	alpha	P00m-4420	tick	91.17	-79.64	12	2.43	2.41	1.46	1	squad	squad-37	6	bot-376			-	0	20	101	0	7	35
66144	bot-378	alpha	P00r-4410	tick	90.65	-67.64	10	1.95	1.84	1.35	1	squad	squad-37	1	bot-376			-	0	1	4	0	30	120
66144	bot-379	alpha	P00r-4410	tick	90.70	-70.39	346	2.28	2.06	2.00	1	squad	squad-37	2	bot-376			-	0	30	120	0	20	101
66144	bot-380	alpha	P00r-4410	tick	90.94	-73.54	330	2.26	1.56	2.64	1	squad	squad-37	3	bot-376			-	0	30	120	0	7	35
66144	bot-383	alpha	P00r-4410	tick	91.23	-76.04	350	2.30	2.47	0.28	1	squad	squad-37	5	bot-376			-	0	30	120	0	20	101
66144	bot-384	alpha	P00r-4410	tick	64.69	1.55	166	1.88	1.66		13	patrol	squad-38	0	bot-384			-	0	30	120	0	7	35
66360	bot-262	bravo	P00m-0300	tick	3.58	33.65	215	2.40	2.31	45.25	19	patrol	squad-27	0	bot-262			-	0	0	0	0	0	0
66360	bot-381	alpha	P00m-4420	tick	90.02	-82.47	21	2.43	2.29	2.92	1	squad	squad-37	7	bot-376			-	0	20	101	0	7	35
66360	bot-382	alpha	P00r-4410	tick	91.15	-74.93	21	1.52	0.77	3.10	1	squad	squad-37	4	bot-376			-	0	30	120	0	7	35
67167	bot-256	bravo	P00r-3320	tick	35.45	90.17	265	2.44	2.54	2.34	1	squad	squad-4	1	bot-305			-	0	22	100	0	7	35
67167	bot-281	alpha	P00m-4200	tick	-55.77	-82.04	137	2.43	2.41	18.91	3	squad	squad-1	2	bot-338			-	0	20	69	0	7	35
67167	bot-305	bravo	P00r-4320	tick	30.38	90.15	291	2.00	2.37		17	patrol	squad-4	0	bot-305			-	0	1	1	0	30	120
67167	bot-317	bravo	P00r-2320	tick	38.43	89.93	294	2.56	2.54	2.35	1	squad	squad-4	2	bot-305			-	0	11	120	0	20	101
67167	bot-323	bravo	P00r-4320	tick	42.23	89.77	288	2.33	2.28	3.75	1	squad	squad-4	3	bot-305			-	0	1	3	0	30	120
67167	bot-325	bravo	P00r-2320	tick	46.05	89.91	269	2.48	2.55	5.17	1	squad	squad-4	4	bot-305			-	0	15	120	0	20	101
67167	bot-331	bravo	P00r-2410	tick	6.85	88.95	248	2.10	2.00		14	patrol	squad-2	0	bot-331			-	0	13	120	0	20	101
67167	bot-332	alpha	P00r-4410	tick	-42.83	-83.39	55	1.90	2.37	4.96	1	squad	squad-1	1	bot-338			-	0	30	120	0	7	35
67167	bot-335	bravo	P00m-3310	tick	24.47	89.87	266	2.37	2.01	4.72	2	squad	squad-2	5	bot-331			-	0	14	101	0	7	35
67167	bot-338	alpha	P00r-4310	tick	-35.37	-85.71	116	2.31	2.13		17	patrol	squad-1	0	bot-338			-	0	24	120	0	7	35
67167	bot-339	bravo	P00r-4410	tick	11.70	88.95	242	2.48	2.62	1.65	1	squad	squad-2	1	bot-331			-	0	23	120	0	20	101
67167	bot-341	bravo	P00r-4410	tick	26.97	89.87	268	2.34	2.42	5.77	1	squad	squad-2	6	bot-331			-	0	1	30	0	20	101
67167	bot-343	bravo	P00m-4420	tick	28.52	89.61	274	2.58	2.02	5.02	1	squad	squad-2	7	bot-331			-	0	20	101	0	7	35
67167	bot-345	bravo	P00r-4420	tick	14.83	89.99	288	2.56	2.28	2.41	1	squad	squad-2	2	bot-331			-	0	1	4	0	30	120
67167	bot-347	bravo	P00r-4410	tick	17.97	88.86	310	2.17	2.29	3.99	1	squad	squad-2	3	bot-331			-	0	30	120	0	20	101
67167	bot-349	bravo	P00r-4410	tick	20.79	88.81	282	2.40	2.43	3.60	2	squad	squad-2	4	bot-331			-	0	30	120	0	20	101
67167	bot-351	bravo	P00m-4430	tick	53.87	89.60	266	1.93	1.80	22.44	3	squad	squad-4	7	bot-305			-	0	20	101	0	7	35
67167	bot-352	alpha	P00m-4420	tick	-67.65	-81.81	115	1.92	1.64	31.81	5	squad	squad-1	3	bot-338			-	0	20	101	0	7	35
67167	bot-353	bravo	P00r-4410	tick	48.74	89.92	246	2.78	2.57	5.45	1	squad	squad-4	5	bot-305			-	0	30	120	0	20	101
67167	bot-355	bravo	P00r-4410	tick	53.06	90.94	252	1.70	1.86	21.64	3	squad	squad-4	6	bot-305			-	0	30	120	0	20	101
67167	bot-357	bravo	P00r-4410	tick	5.06	89.04	269	1.80	1.35		13	patrol	squad-35	0	bot-357			-	0	30	120	0	20	101
67167	bot-358	alpha	P00r-4320	tick	-84.69	32.20	157	2.48	2.45		18	patrol	squad-15	0	bot-358			-	0	30	120	0	7	35
67167	bot-359	bravo	P00m-4420	tick	17.12	90.44	319	2.13	2.38	2.64	1	squad	squad-35	4	bot-357			-	0	20	101	0	7	35
67167	bot-361	bravo	P00r-4410	tick	23.62	89.06	273	2.38	2.26	6.20	2	squad	squad-35	5	bot-357			-	0	1	30	0	20	101
67167	bot-362	alpha	P00r-4320	tick	-86.00	39.49	210	2.48	2.15	4.23	1	squad	squad-15	2	bot-358			-	0	1	30	0	7	35
67167	bot-363	bravo	P00r-4410	tick	8.51	89.99	292	2.43	2.07	0.97	1	squad	squad-35	1	bot-357			-	0	1	4	0	30	120
67167	bot-364	alpha	P00r-4310	tick	-82.92	38.99	190	2.15	2.24	4.18	1	squad	squad-15	1	bot-358			-	0	1	4	0	30	120
67167	bot-365	bravo	P00r-4410	tick	10.99	90.16	226	2.43	2.41	1.36	1	squad	squad-35	2	bot-357			-	0	30	120	0	20	101
67167	bot-366	alpha	P00r-4410	tick	-82.61	-0.80	193	2.29	2.17		14	patrol	squad-36	0	bot-366			-	0	30	120	0	7	35
67167	bot-367	bravo	P00m-4420	tick	23.11	90.63	233	2.61	1.92	3.61	2	squad	squad-35	6	bot-357			-	0	20	101	0	7	35
67167	bot-368	alpha	P00m-4420	tick	-86.87	18.50	168	2.09	2.08	11.23	2	squad	squad-36	6	bot-366			-	0	20	101	0	7	35
67167	bot-369	bravo	P00r-4410	tick	15.27	89.34	294	2.45	2.30	5.37	1	squad	squad-35	3	bot-357			-	0	30	120	0	20	101
67167	bot-370	alpha	P00r-4410	tick	-80.02	4.05	161	2.66	2.46	1.70	1	squad	squad-36	1	bot-366			-	0	30	120	0	7	35
67167	bot-371	alpha	P00r-4410	tick	-83.77	7.92	192	2.41	2.24	5.30	1	squad	squad-36	2	bot-366			-	0	30	120	0	20	101
67167	bot-372	alpha	P00r-4410	tick	-77.11	10.82	211	2.28	2.05	5.94	1	squad	squad-36	3	bot-366			-	0	30	120	0	7	35
67167	bot-373	alpha	P00m-4420	tick	-79.30	20.91	160	2.46	2.35	13.43	2	squad	squad-36	7	bot-366			-	0	20	101	0	7	35
67167	bot-374	alpha	P00r-4410	tick	-86.19	12.44	168	1.34	1.58	7.44	1	squad	squad-36	4	bot-366			-	0	30	120	0	7	35
67167	bot-375	alpha	P00r-4410	tick	-75.91	15.99	168	2.49	2.30	9.60	2	squad	squad-36	5	bot-366			-	0	30	120	0	20	101
67167	bot-376	alpha	P00r-4410	tick	89.79	-60.05	12	2.68	2.74		21	patrol	squad-37	0	bot-376			-	0	1	30	0	7	35
67167	bot-377	alpha	P00m-4420	tick	90.87	-76.99	13	3.07	2.67	2.10	1	squad	squad-37	6	bot-376			-	0	20	101	0	7	35
67167	bot-378	alpha	P00r-4410	tick	90.40	-65.50	349	2.18	2.15	2.52	1	squad	squad-37	1	bot-376			-	0	1	4	0	30	120
67167	bot-379	alpha	P00r-4410	tick	90.61	-68.11	331	2.14	2.28	3.05	1	squad	squad-37	2	bot-376			-	0	30	120	0	20	101
67167	bot-380	alpha	P00r-4410	tick	90.73	-71.21	354	2.29	2.34	3.64	1	squad	squad-37	3	bot-376			-	0	30	120	0	7	35
67167	bot-383	alpha	P00r-4410	tick	90.75	-75.11	8	1.39	1.04	1.95	1	squad	squad-37	5	bot-376			-	0	30	120	0	20	101
67167	bot-384	alpha	P00r-4410	tick	65.08	-0.57	138	2.47	2.15		12	patrol	squad-38	0	bot-384			-	0	30	120	0	7	35
67364	bot-262	bravo	P00m-0300	tick	3.01	31.31	184	2.41	2.41	45.52	19	patrol	squad-27	0	bot-262			-	0	0	0	0	0	0
67364	bot-381	alpha	P00m-4420	tick	90.52	-79.93	42	2.53	2.59	2.54	1	squad	squad-37	7	bot-376			-	0	20	101	0	7	35
67364	bot-382	alpha	P00r-4410	tick	90.87	-72.94	352	2.30	2.01	3.72	1	squad	squad-37	4	bot-376			-	0	30	120	0	7	35
68175	bot-256	bravo	P00r-3320	tick	33.02	90.21	296	2.39	2.44	1.95	1	squad	squad-4	1	bot-305			-	0	22	100	0	7	35
68175	bot-281	alpha	P00m-4200	tick	-53.51	-83.14	112	2.40	2.51	18.47	3	squad	squad-1	2	bot-338			-	0	20	69	0	7	35
68175	bot-305	bravo	P00r-4320	tick	28.12	90.27	274	2.41	2.26		17	patrol	squad-4	0	bot-305			-	0	1	1	0	30	120
68175	bot-317	bravo	P00r-2320	tick	35.91	89.96	287	2.42	2.52	1.94	1	squad	squad-4	2	bot-305			-	0	11	120	0	20	101
68175	bot-323	bravo	P00r-4320	tick	39.79	89.71	283	2.52	2.44	4.46	1	squad	squad-4	3	bot-305			-	0	1	3	0	30	120
68175	bot-325	bravo	P00r-2320	tick	43.72	89.86	299	2.30	2.33	4.95	1	squad	squad-4	4	bot-305			-	0	15	120	0	20	101
68175	bot-331	bravo	P00r-2410	tick	5.64	89.09	253	0.47	1.22		14	patrol	squad-2	0	bot-331			-	0	13	120	0	20	101
68175	bot-332	alpha	P00r-4410	tick	-40.81	-83.09	95	1.88	2.05	5.04	1	squad	squad-1	1	bot-338			-	0	30	120	0	7	35
68175	bot-335	bravo	P00m-3310	tick	22.43	90.86	262	2.54	2.27	5.39	1	squad	squad-2	5	bot-331			-	0	14	101	0	7	35
68175	bot-338	alpha	P00r-4310	tick	-32.91	-85.73	83	2.40	2.45		17	patrol	squad-1	0	bot-338			-	0	24	120	0	7	35
68175	bot-339	bravo	P00r-4410	tick	9.60	88.76	287	1.62	2.10	1.86	1	squad	squad-2	1	bot-331			-	0	23	120	0	20	101
68175	bot-341	bravo	P00r-4410	tick	25.19	90.11	322	0.01	1.79		0		squad-2	6	bot-331			-	0	1	30	0	20	101
68175	bot-343	bravo	P00m-4420	tick	26.52	90.67	288	0.19	2.26		0		squad-2	7	bot-331			-	0	20	101	0	7	35
68175	bot-345	bravo	P00r-4420	tick	12.43	90.64	273	2.59	2.49	2.70	1	squad	squad-2	2	bot-331			-	0	1	4	0	30	120
68175	bot-347	bravo	P00r-4410	tick	15.96	89.57	301	2.37	2.13	4.66	1	squad	squad-2	3	bot-331			-	0	30	120	0	20	101
68175	bot-349	bravo	P00r-4410	tick	18.59	89.62	316	2.40	2.35	7.36	1	squad	squad-2	4	bot-331			-	0	30	120	0	20	101
68175	bot-351	bravo	P00m-4430	tick	51.64	89.68	298	2.38	2.23	22.46	3	squad	squad-4	7	bot-305			-	0	20	101	0	7	35
68175	bot-352	alpha	P00m-4420	tick	-65.68	-81.96	113	2.30	1.98	32.02	5	squad	squad-1	3	bot-338			-	0	20	101	0	7	35
68175	bot-353	bravo	P00r-4410	tick	46.22	90.03	286	2.51	2.52	6.06	1	squad	squad-4	5	bot-305			-	0	30	120	0	20	101
68175	bot-355	bravo	P00r-4410	tick	50.73	91.11	263	2.51	2.33	21.56	3	squad	squad-4	6	bot-305			-	0	30	120	0	20	101
68175	bot-357	bravo	P00r-4410	tick	3.41	89.26	239	1.69	1.67		13	patrol	squad-35	0	bot-357			-	0	30	120	0	20	101
68175	bot-358	alpha	P00r-4320	tick	-84.74	29.69	179	2.44	2.52		18	patrol	squad-15	0	bot-358			-	0	30	120	0	7	35
68175	bot-359	bravo	P00m-4420	tick	14.98	90.22	253	2.40	2.15	1.41	1	squad	squad-35	4	bot-357			-	0	20	101	0	7	35
68175	bot-361	bravo	P00r-4410	tick	21.40	88.25	269	2.34	2.36	6.19	2	squad	squad-35	5	bot-357			-	0	1	30	0	20	101
68175	bot-362	alpha	P00r-4320	tick	-86.45	37.16	203	1.91	2.37	4.10	1	squad	squad-15	2	bot-358			-	0	1	30	0	7	35
68175	bot-363	bravo	P00r-4410	tick	7.05	89.44	261	1.76	1.56	0.37	1	squad	squad-35	1	bot-357			-	0	1	4	0	30	120
68175	bot-364	alpha	P00r-4310	tick	-82.35	37.02	163	2.16	2.06	4.31	2	squad	squad-15	1	bot-358			-	0	1	4	0	30	120
68175	bot-365	bravo	P00r-4410	tick	9.44	89.77	301	2.09	1.60	1.10	1	squad	squad-35	2	bot-357			-	0	30	120	0	20	101
68175	bot-366	alpha	P00r-4410	tick	-82.64	-3.03	204	2.34	2.23		14	patrol	squad-36	0	bot-366			-	0	30	120	0	7	35
68175	bot-367	bravo	P00m-4420	tick	21.95	88.95	209	2.38	2.04	4.39	2	squad	squad-35	6	bot-357			-	0	20	101	0	7	35
68175	bot-368	alpha	P00m-4420	tick	-87.37	15.80	192	3.44	2.75	10.46	2	squad	squad-36	6	bot-366			-	0	20	101	0	7	35
68175	bot-369	bravo	P00r-4410	tick	12.96	89.24	268	2.64	2.31	1.86	1	squad	squad-35	3	bot-357			-	0	30	120	0	20	101
68175	bot-370	alpha	P00r-4410	tick	-79.98	2.28	182	2.14	1.77	3.11	1	squad	squad-36	1	bot-366			-	0	30	120	0	7	35
68175	bot-371	alpha	P00r-4410	tick	-83.68	5.52	215	1.96	2.40	5.27	1	squad	squad-36	2	bot-366			-	0	30	120	0	20	101
68175	bot-372	alpha	P00r-4410	tick	-77.16	8.37	181	2.44	2.45	6.95	1	squad	squad-36	3	bot-366			-	0	30	120	0	7	35
68175	bot-373	alpha	P00m-4420	tick	-79.09	18.75	168	2.10	2.17	22.00	3	squad	squad-36	7	bot-366			-	0	20	101	0	7	35
68175	bot-374	alpha	P00r-4410	tick	-86.11	10.85	167	1.60	1.59	8.01	2	squad	squad-36	4	bot-366			-	0	30	120	0	7	35
68175	bot-375	alpha	P00r-4410	tick	-75.90	13.43	193	2.34	2.57	9.95	2	squad	squad-36	5	bot-366			-	0	30	120	0	20	101
68175	bot-376	alpha	P00r-4410	tick	89.51	-57.78	5	1.36	2.29		20	patrol	squad-37	0	bot-376			-	0	1	30	0	7	35
68175	bot-377	alpha	P00m-4420	tick	91.17	-75.43	346	1.15	1.59	2.82	1	squad	squad-37	6	bot-376			-	0	20	101	0	7	35
68175	bot-378	alpha	P00r-4410	tick	90.01	-63.20	336	2.61	2.33	2.44	1	squad	squad-37	1	bot-376			-	0	1	4	0	30	120
68175	bot-379	alpha	P00r-4410	tick	90.48	-66.01	6	2.08	2.11	3.18	1	squad	squad-37	2	bot-376			-	0	30	120	0	20	101
68175	bot-380	alpha	P00r-4410	tick	90.86	-68.82	15	1.72	2.39	3.66	1	squad	squad-37	3	bot-376			-	0	30	120	0	7	35
68175	bot-383	alpha	P00r-4410	tick	90.70	-73.23	27	1.82	1.88	3.02	1	squad	squad-37	5	bot-376			-	0	30	120	0	20	101
68175	bot-384	alpha	P00r-4410	tick	66.41	-2.67	172	2.23	2.48		12	patrol	squad-38	0	bot-384			-	0	30	120	0	7	35
68387	bot-262	bravo	P00m-0300	tick	2.41	28.91	179	2.42	2.48	45.93	19	patrol	squad-27	0	bot-262			-	0	0	0	0	0	0
68387	bot-381	alpha	P00m-4420	tick	91.02	-77.39	10	2.63	2.59	2.58	1	squad	squad-37	7	bot-376			-	0	20	101	0	7	35
68387	bot-382	alpha	P00r-4410	tick	90.83	-70.59	333	2.47	2.35	2.68	1	squad	squad-37	4	bot-376			-	0	30	120	0	7	35