t_ms	bot_id	team	code	changed_slots	x	z	yaw_deg	speed	moved	goal_dist	path_len	path_mode	squad_id	squad_rank	leader_id	target_id	target_dist	vis_gate	nav_region	mag	reserve
23392	bot-1	alpha	P00r-4410	initial	-8.29	-28.75	356	2.40		25.36	4	patrol		-1				-	0	7	35
28394	bot-1	alpha	P00r-4410	tick	-8.53	-28.75	330	2.40	0.24		0			-1				-	0	7	35
28394	bot-2	bravo	P00r-4410	initial	22.59	31.57	334	2.40		85.56	10	patrol		-1				-	0	7	35
30095	bot-1	alpha	P00r-4410	tick	-7.31	-28.75	92	2.40	1.22	40.81	6	patrol		-1				-	0	7	35
30095	bot-2	bravo	P00r-4410	tick	21.79	30.65	203	2.40	1.22	84.33	10	patrol		-1				-	0	7	35
31108	bot-1	alpha	P00r-4410	tick	-4.88	-28.75	63	2.40	2.43	38.39	6	patrol		-1				-	0	7	35
31108	bot-2	bravo	P00r-4410	tick	20.19	28.82	220	2.40	2.43	81.90	10	patrol		-1				-	0	7	35
32127	bot-1	alpha	P00r-4410	tick	-2.43	-28.75	95	2.40	2.44	35.96	6	patrol		-1				-	0	7	35
32127	bot-2	bravo	P00r-4410	tick	18.58	26.98	247	2.40	2.44	79.46	10	patrol		-1				-	0	7	35
33128	bot-1	alpha	P00r-4410	tick	-0.03	-28.75	110	2.40	2.40	33.58	5	patrol		-1				-	0	7	35
33128	bot-2	bravo	P00r-4410	tick	16.99	25.17	215	2.40	2.40	77.06	10	patrol		-1				-	0	7	35
34141	bot-1	alpha	P00r-4410	tick	2.40	-28.75	78	2.40	2.43	31.17	5	patrol		-1				-	0	7	35
34141	bot-2	bravo	P00r-4410	tick	15.70	23.17	179	2.40	2.39	74.69	9	patrol		-1				-	0	7	35
35141	bot-1	alpha	P00r-4410	tick	4.81	-28.75	76	2.40	2.40	28.80	5	patrol		-1				-	0	7	35
35141	bot-2	bravo	P00r-4410	tick	14.94	20.89	211	2.40	2.40	72.48	9	patrol		-1				-	0	7	35
36142	bot-1	alpha	P00r-4410	tick	7.21	-28.75	108	2.40	2.40	26.43	4	patrol		-1				-	0	7	35
36142	bot-2	bravo	P00r-4410	tick	14.19	18.61	211	2.40	2.40	70.28	9	patrol		-1				-	0	7	35
37142	bot-1	alpha	P00r-4410	tick	9.61	-28.75	97	2.40	2.40	24.07	4	patrol		-1				-	0	7	35
37142	bot-2	bravo	P00r-4410	tick	13.44	16.33	179	2.40	2.40	68.10	9	patrol		-1				-	0	7	35
38145	bot-1	alpha	P00r-4410	tick	12.01	-28.75	65	2.40	2.41	21.71	4	patrol		-1				-	0	7	35
38145	bot-2	bravo	P00r-4410	tick	11.86	14.54	218	2.40	2.38	65.72	8	patrol		-1				-	0	7	35
39158	bot-1	alpha	P00r-4410	tick	14.44	-28.75	90	2.40	2.43	19.34	4	patrol		-1				-	0	7	35
39158	bot-2	bravo	P00r-4410	tick	10.17	12.80	250	2.40	2.43	63.29	8	patrol		-1				-	0	7	35
40174	bot-1	alpha	P00r-4410	tick	16.88	-28.75	115	2.40	2.44	16.97	3	patrol		-1				-	0	7	35
40174	bot-2	bravo	P00r-4410	tick	8.46	11.05	223	2.40	2.44	60.85	8	patrol		-1				-	0	7	35
41178	bot-1	alpha	P00r-4410	tick	19.29	-28.75	83	2.40	2.41	14.66	3	patrol		-1				-	0	7	35
41178	bot-2	bravo	P00r-4410	tick	6.78	9.33	200	2.40	2.41	58.44	8	patrol		-1				-	0	7	35
42192	bot-1	alpha	P00r-4410	tick	21.72	-28.75	72	2.40	2.43	12.37	3	patrol		-1				-	0	7	35
42192	bot-2	bravo	P00r-4410	tick	5.08	7.59	233	2.40	2.43	56.01	7	patrol		-1				-	0	7	35
43192	bot-1	alpha	P00r-4410	tick	24.03	-29.21	126	2.40	2.35	10.07	2	patrol		-1				-	0	7	35
43192	bot-2	bravo	P00r-4410	tick	3.39	5.89	243	2.40	2.40	53.61	7	patrol		-1				-	0	7	35
44209	bot-1	alpha	P00r-4410	tick	26.28	-30.16	124	2.40	2.44	7.62	2	patrol		-1				-	0	7	35
44209	bot-2	bravo	P00r-4410	tick	1.66	4.16	210	2.40	2.44	51.17	7	patrol		-1				-	0	7	35
44524	bot-2	bravo	A00r-4410	state	1.18	3.68	195	0.00	0.68		0			-1		bot-1	42.72	y	0	7	35
44543	bot-2	bravo	A00r-441G	latches	1.18	3.68	195	0.00	0.00		0			-1		bot-1	42.79	w	0	7	35
44777	bot-2	bravo	S00r-4410	state+latches	1.19	3.66	191	1.32	0.02	42.46	5	seek		-1		bot-1	43.28	w	0	7	35
44924	bot-2	bravo	A00r-4410	state	1.28	3.52	161	0.00	0.17		0			-1		bot-1	43.39	y	0	7	35
45224	bot-1	alpha	P00r-4410	tick	28.53	-31.10	92	2.40	2.44	5.19	2	patrol		-1				-	0	7	35
45308	bot-2	bravo	A00r-441G	latches	1.28	3.52	142	0.00	0.00		0			-1		bot-1	44.20	w	0	7	35
45557	bot-2	bravo	S00r-4410	state+latches	1.30	3.50	142	1.32	0.02	44.29	5	seek		-1		bot-1	44.72	w	0	7	35
46241	bot-1	alpha	P00r-4410	tick	30.78	-32.05	109	2.40	2.44	2.75	2	patrol		-1				-	0	7	35
46558	bot-2	bravo	S00r-4410	tick	2.46	1.67	147	2.40	2.17	42.13	5	seek		-1		bot-1	44.73	w	0	7	35
47244	bot-1	alpha	P00r-4410	tick	32.94	-33.10	144	2.40	2.41	0.34	1	patrol		-1				-	0	7	35
47575	bot-2	bravo	S00r-4410	tick	3.78	-0.38	141	2.40	2.44	39.70	5	seek		-1		bot-1	43.37	w	0	7	35
48258	bot-1	alpha	P00r-4410	tick	32.89	-30.74	356	2.40	2.36	63.99	9	patrol		-1				-	0	7	35
48592	bot-2	bravo	S00r-4410	tick	5.09	-2.44	147	2.40	2.44	37.28	5	seek		-1		bot-1	39.30	w	0	7	35
49269	bot-1	alpha	P00r-4410	tick	32.83	-28.31	336	2.40	2.43	61.56	9	patrol		-1				-	0	7	35
49607	bot-2	bravo	S00r-4410	tick	6.23	-4.57	140	2.40	2.42	34.91	4	seek		-1		bot-1	35.16	w	0	7	35
50291	bot-1	alpha	P00r-4410	tick	32.77	-25.86	9	2.40	2.45	59.11	9	patrol		-1				-	0	7	35
50607	bot-2	bravo	S00r-4410	tick	6.84	-6.89	165	2.40	2.40	32.76	4	seek		-1		bot-1	31.73	w	0	7	35
51297	bot-1	alpha	P00r-4410	tick	32.76	-23.45	15	2.40	2.41	56.70	8	patrol		-1				-	0	7	35
51297	bot-2	bravo	P00r-4410	state	7.22	-8.48	141	2.40	1.64	31.34	7	patrol		-1		bot-1	29.61	w	0	7	35
52298	bot-1	alpha	P00r-4410	tick	32.75	-21.04	343	2.40	2.40	54.29	8	patrol		-1				-	0	7	35
52298	bot-2	bravo	P00r-4410	tick	5.53	-10.19	212	2.40	2.40	31.35	7	patrol		-1				-	0	7	35
53308	bot-1	alpha	P00r-4410	tick	32.75	-18.62	352	2.40	2.42	51.87	8	patrol		-1				-	0	7	35
53308	bot-2	bravo	P00r-4410	tick	3.78	-11.86	244	2.40	2.42	31.62	7	patrol		-1				-	0	7	35
54319	bot-1	alpha	P00r-4410	tick	32.75	-16.19	24	2.40	2.43	49.45	7	patrol		-1				-	0	7	35
54319	bot-2	bravo	P00r-4410	tick	2.02	-13.54	234	2.40	2.43	32.07	7	patrol		-1				-	0	7	35
55324	bot-1	alpha	P00r-4410	tick	32.75	-13.78	1	2.40	2.41	47.03	7	patrol		-1				-	0	7	35
55324	bot-2	bravo	P00r-4410	tick	0.89	-15.50	162	2.40	2.27	32.00	6	patrol		-1				-	0	7	35
56147	bot-1	alpha	A00r-4410	state	32.75	-11.86	331	0.00	1.92		0			-1		bot-2	33.24	y	0	7	35
56329	bot-2	bravo	P00r-4410	tick	-0.59	-16.94	250	2.40	2.06	32.64	5	patrol		-1				-	0	7	35
56774	bot-1	alpha	F00r-4410	state	32.75	-11.86	261	0.00	0.00		0			-1		bot-2	34.74	y	0	6	35
56795	bot-1	alpha	A00r-4410	state	32.75	-11.86	261	0.00	0.00		0			-1		bot-2	34.78	y	0	6	35
57124	bot-1	alpha	F00r-3410	state+ammo	32.75	-11.86	261	0.00	0.00		0			-1		bot-2	35.53	y	0	5	35
57124	bot-2	bravo	S00r-4310	state+health	-2.25	-17.54	282	2.40	1.77	35.48	6	seek		-1				-	0	7	35
57167	bot-1	alpha	A00r-3410	state	32.75	-11.86	261	0.00	0.00		0			-1		bot-2	35.46	y	0	5	35
57469	bot-1	alpha	F00r-3410	state	32.75	-11.86	261	0.00	0.00		0			-1		bot-2	34.74	y	0	4	35
57510	bot-1	alpha	A00r-3410	state	32.75	-11.86	261	0.00	0.00		0			-1		bot-2	34.65	y	0	4	35
57510	bot-2	bravo	A00r-4310	state	-1.42	-17.56	20	0.00	0.83		0			-1		bot-1	34.66	y	0	7	35
57842	bot-1	alpha	F00r-2410	state+ammo	32.75	-11.86	261	0.00	0.00		0			-1		bot-2	34.65	y	0	3	35
57883	bot-1	alpha	A00r-2410	state	32.75	-11.86	261	0.00	0.00		0			-1		bot-2	34.65	y	0	3	35
57950	bot-2	bravo	F00r-4310	state	-1.42	-17.56	81	0.00	0.00		0			-1		bot-1	34.65	y	0	6	35
57973	bot-1	alpha	A10r-2410	tier	32.75	-11.86	261	0.00	0.00		0			-1		bot-2	34.65	y	0	3	35
57973	bot-2	bravo	A00r-4310	state	-1.42	-17.56	81	0.00	0.00		0			-1		bot-1	34.65	y	0	6	35
58203	bot-1	alpha	F10r-2410	state	32.75	-11.86	261	0.00	0.00	0.51	1	muzzleRecovery		-1		bot-2	34.65	y	0	2	35
58236	bot-1	alpha	P10r-2410	state	32.71	-11.85	267	1.32	0.04	0.47	1	muzzleRecovery		-1		bot-2	34.65	y	0	2	35
58304	bot-2	bravo	F00r-3310	state+ammo	-1.42	-17.56	80	0.00	0.00		0			-1		bot-1	34.55	y	0	5	35
58331	bot-2	bravo	A00r-3310	state	-1.42	-17.56	80	0.00	0.00		0			-1		bot-1	34.52	y	0	5	35
58363	bot-1	alpha	A10r-2410	state	32.59	-11.82	276	0.00	0.13		0			-1		bot-2	34.49	y	0	2	35
58558	bot-1	alpha	F10r-1410	state+ammo	32.59	-11.82	260	0.00	0.00		0			-1		bot-2	34.49	y	0	1	35
58558	bot-2	bravo	A00r-3110	health	-1.42	-17.56	80	0.00	0.00		0			-1		bot-1	34.49	y	0	5	35
58590	bot-1	alpha	A10r-1410	state	32.59	-11.82	260	0.00	0.00		0			-1		bot-2	34.49	y	0	1	35
58647	bot-2	bravo	F00r-3110	state	-1.42	-17.56	80	0.00	0.00		0			-1		bot-1	34.49	y	0	4	35
58678	bot-2	bravo	A00r-3110	state	-1.42	-17.56	80	0.00	0.00		0			-1		bot-1	34.49	y	0	4	35
58919	bot-1	alpha	A10r-4410	ammo	32.59	-11.82	260	0.00	0.00		0			-1		bot-2	34.49	y	0	20	101
58919	bot-2	bravo	A10r-3110	tier	-1.42	-17.56	80	0.00	0.00		0			-1		bot-1	34.49	y	0	4	35
59033	bot-2	bravo	F10r-2110	state+ammo	-1.42	-17.56	80	0.00	0.00		0			-1		bot-1	34.49	y	0	3	35
59065	bot-2	bravo	A10r-2110	state	-1.42	-17.56	80	0.00	0.00		0			-1		bot-1	34.49	y	0	3	35
59392	bot-2	bravo	F10r-2110	state	-1.42	-17.56	80	0.00	0.00	0.38	1	muzzleRecovery		-1		bot-1	34.49	y	0	2	35
59425	bot-2	bravo	P10r-2110	state	-1.46	-17.58	87	1.32	0.04	0.33	1	muzzleRecovery		-1		bot-1	34.49	y	0	2	35
59474	bot-1	alpha	F10r-4410	state	32.59	-11.82	260	0.00	0.00		0			-1		bot-2	34.53	y	0	19	101
59474	bot-2	bravo	A10r-2110	state	-1.46	-17.58	80	0.00	0.00		0			-1		bot-1	34.53	y	0	2	35
59511	bot-1	alpha	A10r-4410	state	32.59	-11.82	260	0.00	0.00		0			-1		bot-2	34.53	y	0	19	101
59634	bot-1	alpha	F10r-4410	state	32.59	-11.82	260	0.00	0.00	0.67	1	muzzleRecovery		-1		bot-2	34.53	y	0	18	101
59658	bot-1	alpha	P10r-4410	state	32.62	-11.82	255	1.32	0.03	0.64	1	muzzleRecovery		-1		bot-2	34.53	y	0	18	101
59750	bot-2	bravo	F10r-1110	state+ammo	-1.46	-17.58	80	0.00	0.00		0			-1		bot-1	34.65	y	0	1	35
59772	bot-2	bravo	A10r-1110	state	-1.46	-17.58	80	0.00	0.00		0			-1		bot-1	34.69	y	0	1	35
59914	bot-1	alpha	A10r-4410	state	32.93	-11.79	210	0.00	0.31		0			-1		bot-2	34.88	y	0	18	101
60102	bot-2	bravo	A10r-4110	ammo	-1.46	-17.58	80	0.00	0.00		0			-1		bot-1	34.88	y	0	20	101
60176	bot-1	alpha	F10r-4410	state	32.93	-11.79	260	0.00	0.00		0			-1		bot-2	34.88	y	0	17	101
60208	bot-1	alpha	U10r-4410	state	32.89	-11.79	260	1.32	0.04	28.99	4	pursue		-1		bot-2	34.88	y	0	17	101
60429	bot-2	bravo	A10r-4210	health	-1.46	-17.58	80	0.00	0.00		0			-1		bot-1	34.57	y	0	20	101
60675	bot-2	bravo	F10r-4210	state	-1.46	-17.58	80	0.00	0.00		0			-1		bot-1	33.64	y	0	19	101
60705	bot-1	alpha	U10r-4310	health	31.41	-11.78	260	4.08	1.48	27.53	4	pursue		-1		bot-2	33.51	y	0	17	101
60705	bot-2	bravo	A10r-4210	state	-1.46	-17.58	80	0.00	0.00		0			-1		bot-1	33.50	y	0	19	101
60837	bot-2	bravo	F10r-4210	state	-1.46	-17.58	80	0.00	0.00		0			-1		bot-1	32.94	y	0	18	101
60863	bot-2	bravo	A10r-4210	state	-1.46	-17.58	80	0.00	0.00		0			-1		bot-1	32.85	y	0	18	101
60987	bot-2	bravo	F10r-4210	state	-1.46	-17.58	80	0.00	0.00		0			-1		bot-1	32.31	y	0	17	101
61020	bot-2	bravo	A10r-4210	state	-1.46	-17.58	80	0.00	0.00		0			-1		bot-1	32.25	y	0	17	101
61132	bot-2	bravo	F10r-4210	state	-1.46	-17.58	79	0.00	0.00		0			-1		bot-1	31.77	y	0	16	101
61151	bot-2	bravo	A00r-4210	state+tier	-1.46	-17.58	79	0.00	0.00		0			-1		bot-1	31.67	y	0	16	101
61274	bot-2	bravo	F00r-3210	state+ammo	-1.46	-17.58	79	0.00	0.00		0			-1		bot-1	31.17	y	0	15	101
61292	bot-2	bravo	A00r-3210	state	-1.46	-17.58	79	0.00	0.00		0			-1		bot-1	31.10	y	0	15	101
61423	bot-2	bravo	F00r-3210	state	-1.46	-17.58	79	0.00	0.00		0			-1		bot-1	30.63	y	0	14	101
61441	bot-2	bravo	A00r-3210	state	-1.46	-17.58	79	0.00	0.00		0			-1		bot-1	30.50	y	0	14	101
61574	bot-2	bravo	F00r-3210	state	-1.46	-17.58	79	0.00	0.00		0			-1		bot-1	29.97	y	0	13	101
61593	bot-2	bravo	A00r-3210	state	-1.46	-17.58	79	0.00	0.00		0			-1		bot-1	29.90	y	0	13	101
61707	bot-1	alpha	U10r-4310	tick	27.32	-11.76	259	4.08	4.09	23.52	4	pursue		-1		bot-2	29.46	y	0	17	101
61724	bot-2	bravo	F00r-3210	state	-1.46	-17.58	79	0.00	0.00		0			-1		bot-1	29.37	y	0	12	101
61741	bot-2	bravo	A00r-3210	state	-1.46	-17.58	79	0.00	0.00		0			-1		bot-1	29.30	y	0	12	101
61874	bot-2	bravo	F00r-3210	state	-1.46	-17.58	78	0.00	0.00		0			-1		bot-1	28.80	y	0	11	101
61908	bot-1	alpha	F10r-4210	state+health	26.64	-11.76	258	0.00	0.68	0.50	1	muzzleRecovery		-1		bot-2	28.71	y	0	16	101
61908	bot-2	bravo	A10r-3210	state+tier	-1.46	-17.58	78	0.00	0.00		0			-1		bot-1	28.70	y	0	11	101
61925	bot-1	alpha	P10r-4210	state	26.65	-11.78	255	1.32	0.02	0.48	1	muzzleRecovery		-1		bot-2	28.71	y	0	16	101
62026	bot-2	bravo	F10r-2210	state+ammo	-1.46	-17.58	79	0.00	0.00		0			-1		bot-1	28.70	y	0	10	101
62103	bot-2	bravo	A10r-2210	state	-1.46	-17.58	79	0.00	0.00		0			-1		bot-1	28.70	y	0	10	101
62169	bot-1	alpha	A10r-4210	state	26.70	-12.01	231	0.00	0.24		0			-1		bot-2	28.71	y	0	16	101
62169	bot-2	bravo	F10r-2210	state	-1.46	-17.58	79	0.00	0.00		0			-1		bot-1	28.71	y	0	9	101
62197	bot-2	bravo	A10r-2210	state	-1.46	-17.58	79	0.00	0.00		0			-1		bot-1	28.71	y	0	9	101
62357	bot-1	alpha	F10r-3210	state+ammo	26.70	-12.01	259	0.00	0.00		0			-1		bot-2	28.71	y	0	15	101
62357	bot-2	bravo	F10r-2210	state	-1.46	-17.58	79	0.00	0.00		0			-1		bot-1	28.71	y	0	8	101
62373	bot-1	alpha	A10r-3210	state	26.70	-12.01	259	0.00	0.00		0			-1		bot-2	28.71	y	0	15	101
62373	bot-2	bravo	A10r-2210	state	-1.46	-17.58	79	0.00	0.00		0			-1		bot-1	28.71	y	0	8	101
62440	bot-1	alpha	U10r-3310	state+health	26.67	-12.01	259	1.32	0.02	22.83	3	pursue		-1		bot-2	28.71	y	0	15	101
62507	bot-2	bravo	F10r-2210	state	-1.46	-17.58	79	0.00	0.00		0			-1		bot-1	28.68	y	0	7	101
62565	bot-2	bravo	A10r-2210	state	-1.46	-17.58	79	0.00	0.00		0			-1		bot-1	28.60	y	0	7	101
62665	bot-2	bravo	F10r-2210	state	-1.46	-17.58	79	0.00	0.00		0			-1		bot-1	28.49	y	0	6	101
62694	bot-2	bravo	A10r-2210	state	-1.46	-17.58	79	0.00	0.00		0			-1		bot-1	28.18	y	0	6	101
62820	bot-2	bravo	F10r-1210	state+ammo	-1.46	-17.58	78	0.00	0.00		0			-1		bot-1	27.76	y	0	5	101
62863	bot-1	alpha	F10r-3210	state+health	25.53	-12.05	258	0.00	1.14		0			-1		bot-2	27.56	y	0	14	101
62863	bot-2	bravo	A10r-1210	state	-1.46	-17.58	78	0.00	0.00		0			-1		bot-1	27.56	y	0	5	101
62897	bot-1	alpha	A10r-3210	state	25.53	-12.05	258	0.00	0.00		0			-1		bot-2	27.56	y	0	14	101
62966	bot-2	bravo	F10r-1210	state	-1.46	-17.58	78	0.00	0.00		0			-1		bot-1	27.56	y	0	4	101
63003	bot-1	alpha	F10r-3210	state	25.53	-12.05	258	0.00	0.00		0			-1		bot-2	27.56	y	0	13	101
63003	bot-2	bravo	A10r-1210	state	-1.46	-17.58	78	0.00	0.00		0			-1		bot-1	27.56	y	0	4	101
63047	bot-1	alpha	A10r-3210	state	25.53	-12.05	258	0.00	0.00		0			-1		bot-2	27.56	y	0	13	101
63129	bot-2	bravo	F10r-1210	state	-1.46	-17.58	78	0.00	0.00		0			-1		bot-1	27.56	y	0	3	101
63166	bot-1	alpha	F10r-3210	state	25.53	-12.05	258	0.00	0.00		0			-1		bot-2	27.56	y	0	12	101
63166	bot-2	bravo	A10r-1210	state	-1.46	-17.58	78	0.00	0.00		0			-1		bot-1	27.56	y	0	3	101
63198	bot-1	alpha	A10r-3210	state	25.53	-12.05	258	0.00	0.00		0			-1		bot-2	27.56	y	0	12	101
63271	bot-2	bravo	F10r-1210	state	-1.46	-17.58	78	0.00	0.00		0			-1		bot-1	27.56	y	0	2	101
63329	bot-1	alpha	F10r-3210	state	25.53	-12.05	258	0.00	0.00		0			-1		bot-2	27.56	y	0	11	101
63329	bot-2	bravo	A10r-1210	state	-1.46	-17.58	78	0.00	0.00		0			-1		bot-1	27.56	y	0	2	101
63369	bot-1	alpha	A10r-3210	state	25.53	-12.05	258	0.00	0.00		0			-1		bot-2	27.56	y	0	11	101
63446	bot-2	bravo	F10r-1210	state	-1.46	-17.58	78	0.00	0.00		0			-1		bot-1	27.56	y	0	1	101
63525	bot-1	alpha	F10r-2210	state+ammo	25.53	-12.05	258	0.00	0.00		0			-1		bot-2	27.56	y	0	10	101
63525	bot-2	bravo	A10r-1210	state	-1.46	-17.58	78	0.00	0.00		0			-1		bot-1	27.56	y	0	1	101
63572	bot-1	alpha	A10r-2210	state	25.53	-12.05	258	0.00	0.00		0			-1		bot-2	27.56	y	0	10	101
63627	bot-2	bravo	A10r-R210	ammo	-1.46	-17.58	78	0.00	0.00		0			-1		bot-1	27.56	y	0	0	101
63672	bot-1	alpha	F10r-2210	state	25.53	-12.05	258	0.00	0.00		0			-1		bot-2	27.56	y	0	9	101
63672	bot-2	bravo	E10r-R110	state+health	-1.51	-17.64	78	1.64	0.07	5.23	1	flee		-1		bot-1	27.56	y	0	0	101
63709	bot-1	alpha	A10r-2210	state	25.53	-12.05	258	0.00	0.00		0			-1		bot-2	27.61	y	0	9	101
63709	bot-2	bravo	E10r-R119	latches	-1.55	-17.69	78	1.64	0.06	5.17	1	flee		-1		bot-1	27.61	y	0	0	101
63864	bot-1	alpha	F10r-2210	state	25.53	-12.05	258	0.00	0.00		0			-1		bot-2	27.73	y	0	8	101
64069	bot-1	alpha	A10r-2210	state	25.53	-12.05	257	0.00	0.00		0			-1		bot-2	28.25	y	0	7	101
64181	bot-1	alpha	F10r-2210	state	25.53	-12.05	256	0.00	0.00		0			-1		bot-2	28.71	y	0	6	101
64181	bot-2	bravo	E10r-R019	health	-2.46	-18.84	76	5.06	1.47	3.70	1	flee		-1		bot-1	28.72	y	0	0	101
64232	bot-1	alpha	A10r-2210	state	25.53	-12.05	256	0.00	0.00		0			-1		bot-2	28.80	y	0	6	101
64326	bot-1	alpha	F10r-1210	state+ammo	25.53	-12.05	256	0.00	0.00		0			-1		bot-2	29.00	y	0	5	101
64370	bot-1	alpha	A10r-1210	state	25.53	-12.05	255	0.00	0.00		0			-1		bot-2	29.37	y	0	5	101
64473	bot-1	alpha	F10r-1210	state	25.53	-12.05	255	0.00	0.00		0			-1		bot-2	29.56	y	0	4	101
64515	bot-1	alpha	A10r-1210	state	25.53	-12.05	255	0.00	0.00		0			-1		bot-2	29.96	y	0	4	101
64553	bot-2	bravo	E10r-R119	health	-3.61	-20.30	74	5.06	1.86	1.85	1	flee		-1		bot-1	30.14	y	0	0	101
64631	bot-1	alpha	F10r-1210	state	25.53	-12.05	254	0.00	0.00	0.37	1	muzzleRecovery		-1		bot-2	30.29	y	0	3	101
64656	bot-1	alpha	P10r-1210	state	25.55	-12.02	260	1.32	0.04	0.33	1	muzzleRecovery		-1		bot-2	30.60	y	0	3	101
64690	bot-1	alpha	A10r-1210	state	25.55	-12.02	254	0.00	0.00		0			-1		bot-2	30.74	y	0	3	101
64841	bot-1	alpha	F10r-1210	state	25.55	-12.02	253	0.00	0.00		0			-1		bot-2	31.10	y	0	2	101
64871	bot-1	alpha	A10r-1210	state	25.55	-12.02	253	0.00	0.00		0			-1		bot-2	31.51	y	0	2	101
64970	bot-2	bravo	E10r-R110	latches	-4.60	-21.56	72	0.00	1.61		0			-1		bot-1	31.64	y	0	0	101
65077	bot-1	alpha	F10r-1210	state	25.55	-12.02	252	0.00	0.00		0			-1		bot-2	31.63	y	0	1	101
65103	bot-1	alpha	A10r-1210	state	25.55	-12.02	252	0.00	0.00		0			-1		bot-2	31.63	y	0	1	101
65174	bot-1	alpha	A00r-1210	tier	25.55	-12.02	252	0.00	0.00		0			-1		bot-2	31.63	y	0	1	101
65226	bot-1	alpha	A00r-R210	ammo	25.55	-12.02	252	0.00	0.00		0			-1		bot-2	31.63	y	0	0	101
65226	bot-2	bravo	D00r--000	state+tier+ammo+health+packs	-4.60	-21.56	72	0.00	0.00		0			-1		bot-1	31.64	y	0	0	101
65330	bot-1	alpha	P00r-R210	state	25.56	-11.88	273	1.32	0.13	45.79	7	patrol		-1				-	0	0	101
66228	bot-2	bravo	D00r--000	tick	-4.60	-21.56	72	0.00	0.00		0			-1		bot-1	31.64	y	0	0	101
66338	bot-1	alpha	P00r-R210	tick	25.61	-9.70	356	2.40	2.19	43.62	7	patrol		-1				-	0	0	101
66539	bot-1	alpha	S00r-R310	state+health	25.56	-9.29	343	2.40	0.41	28.11	4	seek		-1				-	0	0	101
67031	bot-1	alpha	S00r-4310	ammo	24.39	-9.51	252	2.40	1.18	26.94	4	seek		-1				-	0	20	81
67232	bot-2	bravo	D00r--000	tick	-4.60	-21.56	72	0.00	0.00		0			-1		bot-1	31.64	y	0	0	101
68115	bot-1	alpha	S00r-4310	tick	21.84	-9.99	259	2.40	2.60	24.36	4	seek		-1				-	0	20	81
68279	bot-2	bravo	D00r--000	tick	-4.60	-21.56	72	0.00	0.00		0			-1		bot-1	31.64	y	0	0	101
68833	bot-1	alpha	P00r-4310	state	20.32	-10.13	267	2.40	1.53	22.87	6	patrol		-1				-	0	20	81
69260	bot-2	bravo	P00r-0410	state+ammo+health+packs	22.75	31.75	0	0.00	59.92		0			-1				-	0	0	35
69310	bot-2	bravo	S00r-R410	state+ammo	22.70	31.64	13	2.40	0.12	44.00	8	seek		-1				-	0	0	35
69846	bot-1	alpha	P00r-4310	tick	20.74	-7.77	8	2.40	2.40	24.15	6	patrol		-1				-	0	20	81
70315	bot-2	bravo	S00r-R410	tick	21.63	29.52	175	2.40	2.38	41.97	8	seek		-1				-	0	0	35
70556	bot-1	alpha	P00r-4410	health	21.05	-6.10	345	2.40	1.71	25.16	6	patrol		-1				-	0	20	81
70802	bot-1	alpha	P00r-R410	ammo	21.16	-5.52	346	2.40	0.59	25.53	6	patrol		-1				-	0	0	35
71115	bot-2	bravo	S00r-4410	ammo	20.78	27.80	207	2.40	1.92	40.36	8	seek		-1				-	0	7	28
71818	bot-1	alpha	P00r-R410	tick	21.59	-3.12	18	2.40	2.44	27.13	6	patrol		-1				-	0	0	35
72125	bot-2	bravo	S00r-4410	tick	19.69	25.63	171	2.40	2.42	38.36	7	seek		-1				-	0	7	28
72621	bot-1	alpha	P00r-4410	ammo	22.53	-1.49	62	2.40	1.88	28.81	5	patrol		-1				-	0	7	28
73149	bot-2	bravo	S00r-4410	tick	18.61	23.43	208	2.40	2.46	36.39	7	seek		-1				-	0	7	28
73275	bot-2	bravo	P00r-4410	state	18.37	23.25	240	2.40	0.30	36.26	10	patrol		-1				-	0	7	28
73640	bot-1	alpha	P00r-4410	tick	24.03	0.44	29	2.40	2.44	31.15	5	patrol		-1				-	0	7	28
74292	bot-2	bravo	P00r-4410	tick	16.63	21.54	223	2.40	2.44	35.00	10	patrol		-1				-	0	7	28
74403	bot-1	alpha	A00r-4410	state	25.11	1.84	6	0.00	1.76		0			-1		bot-2	21.38	y	0	7	28
74403	bot-2	bravo	A00r-4410	state	16.49	21.40	215	0.00	0.20		0			-1		bot-1	21.38	y	0	7	28
74733	bot-2	bravo	F00r-4410	state	16.49	21.40	156	0.00	0.00		0			-1		bot-1	21.37	y	0	6	28
74760	bot-2	bravo	A00r-4410	state	16.49	21.40	156	0.00	0.00		0			-1		bot-1	21.37	y	0	6	28
74846	bot-1	alpha	F00r-4410	state	25.11	1.84	336	0.00	0.00		0			-1		bot-2	21.37	y	0	6	28
74846	bot-2	bravo	A10r-4410	tier	16.49	21.40	156	0.00	0.00		0			-1		bot-1	21.37	y	0	6	28
74871	bot-1	alpha	A00r-4410	state	25.11	1.84	336	0.00	0.00		0			-1		bot-2	21.37	y	0	6	28
75092	bot-2	bravo	F10r-3410	state+ammo	16.49	21.40	156	0.00	0.00	0.69	1	muzzleRecovery		-1		bot-1	21.37	y	0	5	28
75118	bot-2	bravo	P10r-3410	state	16.48	21.37	161	1.32	0.03	0.66	1	muzzleRecovery		-1		bot-1	21.37	y	0	5	28
75193	bot-1	alpha	F00r-3410	state+ammo	25.11	1.84	336	0.00	0.00		0			-1		bot-2	21.31	y	0	5	28
75230	bot-1	alpha	A00r-3410	state	25.11	1.84	336	0.00	0.00		0			-1		bot-2	21.28	y	0	5	28
75399	bot-2	bravo	A10r-3410	state	16.36	21.06	194	0.00	0.33		0			-1		bot-1	21.11	y	0	5	28
75554	bot-1	alpha	F00r-3410	state	25.11	1.84	336	0.00	0.00		0			-1		bot-2	21.11	y	0	4	28
75554	bot-2	bravo	A10r-3310	health	16.36	21.06	162	0.00	0.00		0			-1		bot-1	21.11	y	0	5	28
75591	bot-1	alpha	A00r-3410	state	25.11	1.84	336	0.00	0.00		0			-1		bot-2	21.11	y	0	4	28
75622	bot-2	bravo	F10r-3310	state	16.36	21.06	156	0.00	0.00		0			-1		bot-1	21.11	y	0	4	28
75653	bot-2	bravo	A10r-3310	state	16.36	21.06	156	0.00	0.00		0			-1		bot-1	21.11	y	0	4	28
75918	bot-1	alpha	F00r-2410	state+ammo	25.11	1.84	336	0.00	0.00		0			-1		bot-2	21.11	y	0	3	28
75947	bot-1	alpha	A00r-2410	state	25.11	1.84	336	0.00	0.00		0			-1		bot-2	21.11	y	0	3	28
75970	bot-2	bravo	F10r-2310	state+ammo	16.36	21.06	156	0.00	0.00	0.64	1	muzzleRecovery		-1		bot-1	21.11	y	0	3	28
76023	bot-1	alpha	A10r-2410	tier	25.11	1.84	336	0.00	0.00		0			-1		bot-2	21.11	y	0	3	28
76023	bot-2	bravo	P10r-2310	state	16.30	21.08	166	1.32	0.07	0.57	1	muzzleRecovery		-1		bot-1	21.11	y	0	3	28
76234	bot-2	bravo	A10r-2310	state	16.06	21.15	200	0.00	0.25		0			-1		bot-1	21.33	y	0	3	28
76340	bot-1	alpha	F10r-2410	state	25.11	1.84	335	0.00	0.00		0			-1		bot-2	21.33	y	0	2	28
76340	bot-2	bravo	E10r-2110	state+health	16.04	21.29	179	1.64	0.14	5.02	1	flee		-1		bot-1	21.33	y	0	3	28
76366	bot-1	alpha	A10r-2410	state	25.11	1.84	335	0.00	0.00		0			-1		bot-2	21.46	y	0	2	28
76366	bot-2	bravo	E10r-2119	latches	16.03	21.33	173	1.64	0.04	4.98	1	flee		-1		bot-1	21.46	y	0	3	28
76719	bot-1	alpha	F10r-1410	state+ammo	25.11	1.84	336	0.00	0.00		0			-1		bot-2	22.43	y	0	1	28
76750	bot-1	alpha	A10r-1410	state	25.11	1.84	336	0.00	0.00		0			-1		bot-2	22.66	y	0	1	28
76885	bot-1	alpha	A10r-R41G	ammo+latches	25.11	1.84	336	0.00	0.00		0			-1		bot-2	23.33	w	0	1	28
76885	bot-2	bravo	E10r-R11P	ammo+latches	15.71	23.34	156	5.06	2.03	2.95	1	flee		-1		bot-1	23.34	w	0	2	28
77133	bot-1	alpha	S10r-R410	state+latches	25.11	1.84	302	0.00	0.00		0			-1		bot-2	24.55	w	0	1	28
77133	bot-2	bravo	E10r-R119	latches	15.52	24.58	156	5.06	1.26	1.69	1	flee		-1		bot-1	24.56	w	0	2	28
77505	bot-2	bravo	E10r-R110	latches	15.30	25.94	156	0.00	1.38		0			-1		bot-1	26.23	w	0	2	28
78043	bot-1	alpha	S00r-R410	tier	25.81	1.63	241	4.69	0.73	23.85	4	seek		-1		bot-2	27.65	f	0	1	28
78112	bot-1	alpha	P00r-R410	state	25.83	1.91	259	4.69	0.29	23.60	5	patrol		-1				-	0	1	28
78112	bot-2	bravo	D00r--000	state+tier+ammo+health+packs	14.32	26.86	241	4.08	1.34	4.21	1	grenade		-1		bot-1	27.62	f	0	2	28
78708	bot-1	alpha	P00r-4410	ammo	26.89	3.74	28	2.40	2.11	22.46	5	patrol		-1				-	0	7	22
79132	bot-2	bravo	D00r--000	tick	14.32	26.86	241	4.08	0.00	4.21	1	grenade		-1		bot-1	27.62	f	0	2	28
79723	bot-1	alpha	P00r-4410	tick	28.02	5.90	52	2.40	2.43	21.25	4	patrol		-1				-	0	7	22
80140	bot-2	bravo	D00r--000	tick	14.32	26.86	241	4.08	0.00	4.21	1	grenade		-1		bot-1	27.62	f	0	2	28
80740	bot-1	alpha	P00r-4410	tick	29.05	8.11	20	2.40	2.44	20.15	4	patrol		-1				-	0	7	22
81140	bot-2	bravo	D00r--000	tick	14.32	26.86	241	4.08	0.00	4.21	1	grenade		-1		bot-1	27.62	f	0	2	28
81746	bot-1	alpha	P00r-4410	tick	30.07	10.30	5	2.40	2.41	19.31	4	patrol		-1				-	0	7	22
82141	bot-2	bravo	P00r-2410	state+ammo+health+packs	22.75	31.75	0	0.00	9.74		0			-1				-	0	2	28
82158	bot-2	bravo	S00r-R410	state+ammo	22.73	31.72	4	2.40	0.04	30.12	5	seek		-1				-	0	2	28
82756	bot-1	alpha	P00r-4410	tick	30.62	12.61	13	2.40	2.37	18.29	3	patrol		-1				-	0	7	22
83158	bot-2	bravo	S00r-R410	tick	21.66	29.57	172	2.40	2.40	28.12	5	seek		-1				-	0	2	28
83758	bot-1	alpha	P00r-4410	tick	30.67	15.01	14	2.40	2.40	17.04	3	patrol		-1				-	0	7	22
83977	bot-2	bravo	S00r-4410	ammo	20.78	27.81	207	2.40	1.96	26.53	5	seek		-1				-	0	7	23
84773	bot-1	alpha	P00r-4410	tick	30.71	17.44	342	2.40	2.43	16.05	3	patrol		-1				-	0	7	22
84989	bot-2	bravo	S00r-4410	tick	19.69	25.64	166	2.40	2.43	24.64	4	seek		-1				-	0	7	23
85773	bot-1	alpha	P00r-4410	tick	30.74	19.84	354	2.40	2.40	15.38	2	patrol		-1				-	0	7	22
86006	bot-2	bravo	S00r-4410	tick	18.62	23.45	208	2.40	2.44	22.84	4	seek		-1				-	0	7	23
86089	bot-2	bravo	P00r-4410	state	18.49	23.31	219	2.40	0.18	22.75	10	patrol		-1				-	0	7	23
86773	bot-1	alpha	P00r-4410	tick	30.75	22.24	26	2.40	2.40	15.03	2	patrol		-1				-	0	7	22
87106	bot-2	bravo	P00r-4410	tick	16.90	24.03	319	2.40	1.75	3.46	1	packseek		-1				-	0	7	23
87789	bot-1	alpha	P00r-4410	tick	30.75	24.68	359	2.40	2.44	15.07	2	patrol		-1				-	0	7	22
88111	bot-2	bravo	P00r-4410	tick	15.40	25.92	298	2.40	2.41	1.05	1	packseek		-1				-	0	7	23
88197	bot-2	bravo	P00r-4420	packs	15.29	26.02	296	1.32	0.15	0.90	10	patrol		-1				-	0	7	23
88243	bot-1	alpha	A00r-4410	state	30.75	25.72	341	0.00	1.04		0			-1		bot-2	15.48	y	0	7	22
88703	bot-1	alpha	F00r-4410	state	30.75	25.72	269	0.00	0.00		0			-1		bot-2	15.83	y	0	6	22
88703	bot-2	bravo	P10r-4420	tier	14.90	25.48	211	1.32	0.67	1.28	10	patrol		-1				-	0	7	23
88726	bot-1	alpha	A00r-4410	state	30.75	25.72	269	0.00	0.00		0			-1		bot-2	15.85	y	0	6	22
89052	bot-1	alpha	F00r-3410	state+ammo	30.75	25.72	268	0.00	0.00		0			-1		bot-2	16.11	y	0	5	22
89073	bot-1	alpha	A00r-3410	state	30.75	25.72	268	0.00	0.00		0			-1		bot-2	16.14	y	0	5	22
89405	bot-1	alpha	F00r-3410	state	30.75	25.72	266	0.00	0.00	0.47	1	muzzleRecovery		-1		bot-2	16.64	y	0	4	22
89434	bot-1	alpha	P00r-3410	state	30.75	25.68	260	1.32	0.04	0.43	1	muzzleRecovery		-1		bot-2	16.68	y	0	4	22
89535	bot-1	alpha	A00r-3410	state	30.75	25.60	254	0.00	0.08		0			-1		bot-2	16.81	y	0	4	22
89706	bot-2	bravo	P10r-4420	tick	13.71	23.81	243	2.40	2.05	3.12	10	patrol		-1				-	0	7	23
89756	bot-1	alpha	F00r-2410	state+ammo	30.75	25.60	264	0.00	0.00		0			-1		bot-2	17.19	y	0	3	22
89773	bot-1	alpha	U00r-2410	state	30.73	25.60	264	1.32	0.02	13.17	2	pursue		-1		bot-2	17.22	y	0	3	22
90706	bot-2	bravo	P10r-4420	tick	12.32	21.85	213	2.40	2.40	5.47	10	patrol		-1				-	0	7	23
90789	bot-1	alpha	U00r-2410	tick	27.24	26.21	253	4.08	3.54	12.10	2	pursue		-1		bot-2	15.74	y	0	3	22
91272	bot-2	bravo	P00r-4420	tier	11.69	20.95	176	1.32	1.10	70.41	10	patrol		-1				-	0	7	23
91806	bot-1	alpha	U00r-2410	tick	23.22	25.92	243	4.08	4.04	7.29	2	pursue		-1		bot-2	13.29	y	0	3	22
92289	bot-2	bravo	P00r-4420	tick	11.06	18.84	192	2.40	2.21	68.39	10	patrol		-1				-	0	7	23
92823	bot-1	alpha	U00r-2410	tick	19.57	23.95	235	4.08	4.14	2.68	1	pursue		-1		bot-2	10.97	y	0	3	22
93318	bot-2	bravo	P00r-4420	tick	10.36	16.47	225	2.40	2.47	66.14	10	patrol		-1				-	0	7	23
93834	bot-1	alpha	U00r-2410	tick	16.94	21.92	226	0.00	3.33		0			-1		bot-2	9.55	y	0	3	22
94329	bot-2	bravo	P00r-4420	tick	9.66	14.15	194	2.40	2.43	63.94	10	patrol		-1				-	0	7	23
94840	bot-1	alpha	U00r-2410	tick	15.48	20.48	219	0.00	2.05		0			-1		bot-2	9.67	y	0	3	22
95343	bot-2	bravo	P00r-4420	tick	9.05	11.85	193	2.40	2.38	61.83	8	patrol		-1				-	0	7	23
95856	bot-1	alpha	U00r-2410	tick	13.94	18.47	217	0.00	2.53		0			-1		bot-2	9.41	y	0	3	22
96355	bot-2	bravo	P00r-4420	tick	7.36	10.10	234	2.40	2.43	59.40	8	patrol		-1				-	0	7	23
96856	bot-1	alpha	U00r-2410	tick	12.46	16.96	217	0.00	2.11		0			-1		bot-2	9.67	y	0	3	22
97356	bot-2	bravo	P00r-4420	tick	5.70	8.37	239	2.40	2.40	57.00	8	patrol		-1				-	0	7	23
97857	bot-1	alpha	U00r-2410	tick	10.94	14.98	219	0.00	2.50		0			-1		bot-2	9.60	y	0	3	22
98361	bot-2	bravo	P00r-4420	tick	4.02	6.63	207	2.40	2.41	54.59	8	patrol		-1				-	0	7	23
98869	bot-1	alpha	U00r-2410	tick	9.41	13.03	221	0.00	2.48		0			-1		bot-2	9.52	y	0	3	22
99019	bot-1	alpha	U00r-241G	latches	9.34	13.56	219	4.08	0.53	5.99	3	pursue		-1		bot-2	10.19	w	0	3	22
99251	bot-1	alpha	S00r-2410	state+latches	8.87	13.91	212	2.40	0.59	10.20	3	seek		-1		bot-2	10.82	w	0	3	22
99364	bot-2	bravo	P00r-4420	tick	2.35	4.90	215	2.40	2.41	52.18	8	patrol		-1				-	0	7	23
99625	bot-1	alpha	U00r-2410	state	9.13	13.03	181	4.08	0.91	3.62	2	pursue		-1		bot-2	11.23	y	0	3	22
100376	bot-2	bravo	P00r-4420	tick	0.66	3.16	248	2.40	2.43	49.76	7	patrol		-1				-	0	7	23
100639	bot-1	alpha	U00r-2410	tick	6.93	9.91	223	4.08	3.83	0.91	1	pursue		-1		bot-2	9.87	y	0	3	22
101389	bot-2	bravo	P00r-4420	tick	-1.06	1.44	227	2.40	2.43	47.33	7	patrol		-1				-	0	7	23
101655	bot-1	alpha	U00r-2410	tick	5.32	7.93	225	4.08	2.56	0.73	1	pursue		-1		bot-2	9.77	y	0	3	22
102389	bot-2	bravo	P00r-4420	tick	-2.76	-0.25	198	2.40	2.40	44.93	7	patrol		-1				-	0	7	23
102655	bot-1	alpha	U00r-2410	tick	3.47	5.97	225	4.08	2.69	0.32	1	pursue		-1		bot-2	9.48	y	0	3	22
103415	bot-2	bravo	P00r-4420	tick	-4.50	-1.99	231	2.40	2.46	42.47	7	patrol		-1				-	0	7	23
103678	bot-1	alpha	U00r-2410	tick	1.94	4.44	225	4.08	2.16	0.61	1	pursue		-1		bot-2	9.78	y	0	3	22
104435	bot-2	bravo	P00r-4420	tick	-6.23	-3.73	244	2.40	2.45	40.02	7	patrol		-1				-	0	7	23
104694	bot-1	alpha	U00r-2410	tick	-0.01	2.49	225	4.08	2.76	0.23	1	pursue		-1		bot-2	9.45	y	0	3	22
105439	bot-2	bravo	P00r-4420	tick	-8.10	-5.24	219	2.40	2.41	37.64	6	patrol		-1				-	0	7	23
105705	bot-1	alpha	U00r-2410	tick	-1.55	0.95	227	0.00	2.18		0			-1		bot-2	9.59	y	0	3	22
106272	bot-1	alpha	U00r-241G	latches	-2.48	0.41	231	0.00	1.08		0			-1		bot-2	9.61	w	0	3	22
106455	bot-2	bravo	P00r-4420	tick	-10.43	-5.65	255	2.40	2.37	35.81	5	patrol		-1				-	0	7	23
106522	bot-1	alpha	S00r-2410	state+latches	-2.51	0.38	230	2.40	0.04	9.49	2	seek		-1		bot-2	10.10	w	0	3	22
107455	bot-2	bravo	P00r-4420	tick	-12.57	-6.10	245	1.50	2.18	34.13	4	patrol		-1				-	0	7	23
107526	bot-1	alpha	S00r-2410	tick	-4.23	-1.31	231	2.40	2.41	7.09	2	seek		-1		bot-2	9.76	w	0	3	22
108461	bot-2	bravo	P00r-4420	tick	-14.29	-7.69	230	2.40	2.35	31.82	4	patrol		-1				-	0	7	23
108526	bot-1	alpha	S00r-2410	tick	-5.94	-2.99	231	2.40	2.40	4.71	2	seek		-1		bot-2	9.74	w	0	3	22
109476	bot-2	bravo	P00r-4420	tick	-16.00	-9.43	198	2.40	2.44	29.41	4	patrol		-1				-	0	7	23
109542	bot-1	alpha	S00r-2410	tick	-7.14	-4.17	239	1.32	1.69	3.05	2	seek		-1		bot-2	10.44	w	0	3	22
110529	bot-2	bravo	P00r-4420	tick	-17.77	-11.23	227	2.40	2.53	26.91	4	patrol		-1				-	0	7	23
110564	bot-1	alpha	S00r-2410	tick	-8.10	-5.12	233	1.32	1.35	1.76	2	seek		-1		bot-2	11.50	w	0	3	22
111538	bot-2	bravo	P00r-4420	tick	-19.47	-12.96	247	2.40	2.42	24.52	4	patrol		-1				-	0	7	23
111589	bot-1	alpha	S00r-2410	tick	-9.28	-5.66	259	1.32	1.30	0.48	1	seek		-1		bot-2	12.63	w	0	3	22
112272	bot-1	alpha	P00r-2410	state	-10.00	-5.89	235	1.32	0.75	0.44	7	patrol		-1		bot-2	13.40	w	0	3	22
112538	bot-2	bravo	P00r-4420	tick	-20.63	-15.02	193	2.40	2.36	22.17	3	patrol		-1				-	0	7	23
113291	bot-1	alpha	P00r-2410	tick	-8.02	-5.22	36	2.40	2.09	2.46	6	patrol		-1				-	0	3	22
113599	bot-2	bravo	P00r-4420	tick	-21.60	-17.37	188	2.40	2.55	19.69	3	patrol		-1				-	0	7	23
114300	bot-1	alpha	P00r-2410	tick	-6.27	-3.54	31	2.40	2.42	4.81	6	patrol		-1				-	0	3	22
114615	bot-2	bravo	P00r-4420	tick	-23.27	-19.14	243	2.40	2.43	17.29	2	patrol		-1				-	0	7	23
115305	bot-1	alpha	P00r-2410	tick	-4.53	-1.87	63	2.40	2.41	7.20	6	patrol		-1				-	0	3	22
115636	bot-2	bravo	P00r-4420	tick	-24.99	-20.89	231	2.40	2.45	14.87	2	patrol		-1				-	0	7	23
116322	bot-1	alpha	P00r-2410	tick	-2.77	-0.18	54	2.40	2.44	9.63	6	patrol		-1				-	0	3	22
116643	bot-2	bravo	P00r-4420	tick	-26.68	-22.61	199	2.40	2.42	12.50	2	patrol		-1				-	0	7	23
117346	bot-1	alpha	P00r-2410	tick	-1.00	1.53	21	2.40	2.46	12.08	6	patrol		-1				-	0	3	22
117652	bot-2	bravo	P00r-4420	tick	-28.37	-24.34	225	2.40	2.42	10.15	2	patrol		-1				-	0	7	23
118364	bot-1	alpha	P00r-2410	tick	0.74	3.24	45	2.40	2.44	14.52	5	patrol		-1				-	0	3	22
118680	bot-2	bravo	P00r-4420	tick	-29.88	-26.26	230	2.40	2.44	7.76	1	patrol		-1				-	0	7	23
119375	bot-1	alpha	P00r-2410	tick	2.45	4.96	70	2.40	2.43	16.94	5	patrol		-1				-	0	3	22
119692	bot-2	bravo	P00r-4420	tick	-30.94	-28.45	198	2.40	2.43	5.33	1	patrol		-1				-	0	7	23
120391	bot-1	alpha	P00r-2410	tick	4.18	6.68	38	2.40	2.44	19.37	5	patrol		-1				-	0	3	22
120704	bot-2	bravo	P00r-4420	tick	-31.99	-30.63	189	2.40	2.43	2.90	1	patrol		-1				-	0	7	23
121393	bot-1	alpha	P00r-2410	tick	5.88	8.38	27	2.40	2.40	21.78	5	patrol		-1				-	0	3	22
121705	bot-2	bravo	P00r-4420	tick	-33.03	-32.80	221	2.40	2.40	0.50	1	patrol		-1				-	0	7	23
122393	bot-1	alpha	P00r-2410	tick	7.58	10.08	57	2.40	2.40	24.17	4	patrol		-1				-	0	3	22
122721	bot-2	bravo	P00r-4420	tick	-31.01	-32.93	98	2.40	2.03	64.26	10	patrol		-1				-	0	7	23
123396	bot-1	alpha	P00r-2410	tick	9.22	11.83	55	2.40	2.41	26.58	4	patrol		-1				-	0	3	22
123749	bot-2	bravo	P00r-4420	tick	-28.54	-32.85	66	2.40	2.47	61.79	10	patrol		-1				-	0	7	23
124418	bot-1	alpha	P00r-2410	tick	10.90	13.62	23	2.40	2.45	29.02	4	patrol		-1				-	0	3	22
124775	bot-2	bravo	P00r-4420	tick	-26.08	-32.78	86	2.40	2.46	59.34	10	patrol		-1				-	0	7	23
125439	bot-1	alpha	P00r-2410	tick	12.58	15.41	39	2.40	2.45	31.47	4	patrol		-1				-	0	3	22
125792	bot-2	bravo	P00r-4420	tick	-23.64	-32.76	117	2.40	2.44	56.89	9	patrol		-1				-	0	7	23
126470	bot-1	alpha	P00r-2410	tick	14.27	17.21	72	2.40	2.47	33.94	4	patrol		-1				-	0	3	22
126809	bot-2	bravo	P00r-4420	tick	-21.20	-32.75	85	2.40	2.44	54.45	9	patrol		-1				-	0	7	23
127494	bot-1	alpha	P00r-2410	tick	15.79	19.14	30	2.40	2.45	36.37	3	patrol		-1				-	0	3	22
127828	bot-2	bravo	P00r-4420	tick	-18.76	-32.75	70	2.40	2.44	52.01	9	patrol		-1				-	0	7	23
128496	bot-1	alpha	P00r-2410	tick	17.14	21.13	13	2.40	2.40	38.72	3	patrol		-1				-	0	3	22
128841	bot-2	bravo	P00r-4420	tick	-16.32	-32.75	103	2.40	2.43	49.58	8	patrol		-1				-	0	7	23
129502	bot-1	alpha	P00r-2410	tick	18.49	23.13	45	2.40	2.41	41.10	3	patrol		-1				-	0	3	22
129869	bot-2	bravo	P00r-4420	tick	-13.86	-32.75	102	2.40	2.47	47.11	8	patrol		-1				-	0	7	23
130515	bot-1	alpha	P00r-2410	tick	20.15	24.87	65	2.40	2.41	43.50	2	patrol		-1				-	0	3	22
130896	bot-2	bravo	P00r-4420	tick	-11.39	-32.75	69	2.40	2.47	44.65	8	patrol		-1				-	0	7	23
131550	bot-1	alpha	P00r-2410	tick	22.06	26.45	32	2.40	2.48	45.97	2	patrol		-1				-	0	3	22
131903	bot-2	bravo	P00r-4420	tick	-8.97	-32.75	86	2.40	2.42	42.23	7	patrol		-1				-	0	7	23
132561	bot-1	alpha	P00r-2410	tick	23.93	28.00	44	2.40	2.43	48.39	2	patrol		-1				-	0	3	22
132905	bot-2	bravo	P00r-4420	tick	-6.57	-32.75	118	2.40	2.40	39.82	7	patrol		-1				-	0	7	23
133578	bot-1	alpha	P00r-2410	tick	25.81	29.56	76	2.40	2.44	50.82	2	patrol		-1				-	0	3	22
133920	bot-2	bravo	P00r-4420	tick	-4.13	-32.75	87	2.40	2.43	37.39	7	patrol		-1				-	0	7	23
134591	bot-1	alpha	P00r-2410	tick	27.82	30.89	66	2.40	2.41	53.19	1	patrol		-1				-	0	3	22
134938	bot-2	bravo	P00r-4420	tick	-1.69	-32.75	68	2.40	2.44	34.94	7	patrol		-1				-	0	7	23
135604	bot-1	alpha	P00r-2410	tick	30.05	31.86	42	2.40	2.43	55.47	1	patrol		-1				-	0	3	22
135971	bot-2	bravo	P00r-4420	tick	0.41	-34.03	133	2.40	2.46	32.85	6	patrol		-1				-	0	7	23
136605	bot-1	alpha	P00r-2410	tick	32.25	32.82	74	2.40	2.40	57.73	1	patrol		-1				-	0	3	22
136991	bot-2	bravo	P00r-4420	tick	2.84	-34.13	105	2.40	2.43	30.42	5	patrol		-1				-	0	7	23
137607	bot-1	alpha	P00r-2410	tick	31.38	33.14	289	2.40	0.93	57.32	11	patrol		-1				-	0	3	22
138005	bot-2	bravo	P00r-4420	tick	5.27	-34.18	73	2.40	2.43	27.99	5	patrol		-1				-	0	7	23
138621	bot-1	alpha	P00r-2410	tick	28.95	33.18	256	2.40	2.43	55.60	11	patrol		-1				-	0	3	22
139031	bot-2	bravo	P00r-4420	tick	7.74	-34.23	84	2.40	2.46	25.53	5	patrol		-1				-	0	7	23
139622	bot-1	alpha	P00r-2410	tick	26.55	33.22	260	2.40	2.40	53.96	11	patrol		-1				-	0	3	22
140034	bot-2	bravo	P00r-4420	tick	10.14	-34.24	115	2.40	2.41	23.13	4	patrol		-1				-	0	7	23
140634	bot-1	alpha	P00r-2410	tick	24.12	33.25	291	2.40	2.43	52.36	10	patrol		-1				-	0	3	22
141037	bot-2	bravo	P00r-4420	tick	12.55	-34.25	90	2.40	2.41	20.72	4	patrol		-1				-	0	7	23
141666	bot-1	alpha	P00r-2410	tick	21.64	33.25	273	2.40	2.48	50.77	10	patrol		-1				-	0	3	22
142068	bot-2	bravo	P00r-4420	tick	15.03	-34.25	66	2.40	2.47	18.25	4	patrol		-1				-	0	7	23
142676	bot-1	alpha	P00r-2410	tick	19.22	33.25	242	2.40	2.42	49.28	10	patrol		-1				-	0	3	22
143070	bot-2	bravo	P00r-4420	tick	17.43	-34.25	97	2.40	2.41	15.85	3	patrol		-1				-	0	7	23
143682	bot-1	alpha	P00r-2410	tick	16.80	33.25	274	2.40	2.41	47.88	9	patrol		-1				-	0	3	22
143972	bot-3	alpha	P00m-4420	initial	2.19	-25.25	353	2.40		36.33	5	patrol		-1				-	0	20	101
144676	bot-2	bravo	P00r-4420	tick	19.83	-34.25	89	2.40	2.40	13.45	3	patrol		-1				-	0	7	23
144700	bot-1	alpha	P00r-2410	tick	15.81	33.25	291	2.40	0.99	47.32	9	patrol		-1				-	0	3	22
144908	bot-1	alpha	A00r-2410	state	15.40	33.25	278	0.00	0.41		0			-1		bot-4	20.10	y	0	3	22
144908	bot-4	bravo	A00r-4410	initial	-3.25	25.75	7	0.00			0			-1		bot-1	20.10	y	0	7	35
144988	bot-3	alpha	P00m-4420	tick	1.20	-25.25	286	2.40	0.99	35.37	5	patrol		-1				-	0	20	101
145426	bot-4	bravo	F00r-4410	state	-3.25	25.75	68	0.00	0.00		0			-1		bot-1	20.10	y	0	6	35
145453	bot-1	alpha	A10r-2410	tier	15.40	33.25	248	0.00	0.00		0			-1		bot-4	20.10	y	0	3	22
145453	bot-4	bravo	A00r-4410	state	-3.25	25.75	68	0.00	0.00		0			-1		bot-1	20.10	y	0	6	35
145528	bot-1	alpha	F10r-2410	state	15.40	33.25	248	0.00	0.00		0			-1		bot-4	20.10	y	0	2	22
145528	bot-4	bravo	A00r-4310	health	-3.25	25.75	68	0.00	0.00		0			-1		bot-1	20.10	y	0	6	35
145571	bot-1	alpha	A10r-2410	state	15.40	33.25	248	0.00	0.00		0			-1		bot-4	20.10	y	0	2	22
145684	bot-2	bravo	P00r-4420	tick	22.25	-34.25	66	2.40	2.42	11.04	3	patrol		-1				-	0	7	23
145754	bot-5	alpha	P00r-4410	initial	7.15	-33.27	349	2.40		40.40	6	patrol		-1				-	0	7	35
145779	bot-4	bravo	F00r-3310	state+ammo	-3.25	25.75	68	0.00	0.00		0			-1		bot-1	20.10	y	0	5	35
145801	bot-4	bravo	A00r-3310	state	-3.25	25.75	68	0.00	0.00		0			-1		bot-1	20.10	y	0	5	35
145878	bot-1	alpha	F10r-1410	state+ammo	15.40	33.25	248	0.00	0.00		0			-1		bot-4	20.10	y	0	1	22
145878	bot-4	bravo	E00r-3110	state+health	-3.27	25.77	68	1.64	0.03	7.04	1	flee		-1		bot-1	20.10	y	0	5	35
145897	bot-1	alpha	A10r-1410	state	15.40	33.25	248	0.00	0.00		0			-1		bot-4	20.11	y	0	1	22
145897	bot-4	bravo	E00r-3119	latches	-3.29	25.79	68	1.64	0.03	7.01	1	flee		-1		bot-1	20.11	y	0	5	35
146010	bot-3	alpha	P00m-4420	tick	-0.04	-25.77	211	2.40	1.34	6.95	1	cohesion		-1				-	0	20	101
146143	bot-3	alpha	A00m-4420	state	0.15	-25.97	178	0.00	0.27		0			-1		bot-2	24.60	y	0	20	101
146143	bot-5	alpha	S00r-4410	state	6.32	-33.43	287	2.40	0.85	20.48	3	seek		-1				-	0	7	35
146228	bot-1	alpha	A10r-4410	ammo	15.40	33.25	251	0.00	0.00		0			-1		bot-4	20.50	y	0	20	81
146228	bot-4	bravo	D00r--000	state+ammo+health+packs+latches	-3.93	26.43	70	5.06	0.91	6.10	1	flee		-1		bot-1	20.42	y	0	4	35
146250	bot-1	alpha	P10r-4410	state	15.37	33.25	246	1.32	0.03	48.62	9	patrol		-1				-	0	20	81
146521	bot-5	alpha	A00r-4410	state	7.17	-33.41	23	0.00	0.85		0			-1		bot-2	17.06	y	0	7	35
146684	bot-3	alpha	F00m-4420	state	0.15	-25.97	109	0.00	0.00		0			-1		bot-2	25.82	y	0	19	101
146703	bot-2	bravo	P10r-4420	tier	24.70	-34.23	95	2.40	2.44	8.61	2	patrol		-1				-	0	7	23
146703	bot-3	alpha	A00m-4420	state	0.15	-25.97	109	0.00	0.00		0			-1		bot-2	25.86	y	0	19	101
146825	bot-3	alpha	F00m-4420	state	0.15	-25.97	108	0.00	0.00		0			-1		bot-2	26.13	y	0	18	101
146842	bot-2	bravo	S10r-4320	state+health	24.95	-34.21	95	2.40	0.25	26.11	4	seek		-1				-	0	7	23
146842	bot-3	alpha	A00m-4420	state	0.15	-25.97	108	0.00	0.00		0			-1		bot-2	26.18	y	0	18	101
146971	bot-3	alpha	F00m-4420	state	0.15	-25.97	109	0.00	0.00		0			-1		bot-2	25.91	y	0	17	101
146987	bot-3	alpha	A00m-4420	state	0.15	-25.97	109	0.00	0.00		0			-1		bot-2	25.84	y	0	17	101
147006	bot-5	alpha	F00r-4410	state	7.17	-33.41	93	0.00	0.00		0			-1		bot-2	17.46	y	0	6	35
147037	bot-2	bravo	P10r-4220	state+health	24.63	-34.18	60	2.40	0.32	25.80	2	patrol		-1				-	0	7	23
147037	bot-5	alpha	A00r-4410	state	7.17	-33.41	93	0.00	0.00		0			-1		bot-2	17.41	y	0	6	35
147121	bot-3	alpha	F00m-4420	state	0.15	-25.97	108	0.00	0.00		0			-1		bot-2	25.97	y	0	16	101
147154	bot-3	alpha	A00m-4420	state	0.15	-25.97	108	0.00	0.00		0			-1		bot-2	26.01	y	0	16	101
147237	bot-4	bravo	D00r--000	tick	-3.93	26.43	70	5.06	0.00	6.10	1	flee		-1		bot-1	20.42	y	0	4	35
147255	bot-1	alpha	P10r-4410	tick	13.17	33.25	273	2.40	2.20	46.42	9	patrol		-1				-	0	20	81
147281	bot-1	alpha	P00r-4410	tier	13.10	33.25	274	2.40	0.06	46.35	9	patrol		-1				-	0	20	81
147281	bot-3	alpha	F00m-3420	state+ammo	0.15	-25.97	108	0.00	0.00		0			-1		bot-2	26.30	y	0	15	101
147321	bot-3	alpha	U00m-3420	state	0.20	-25.97	108	1.32	0.05	22.22	3	pursue		-1		bot-2	26.36	y	0	15	101
147354	bot-5	alpha	F00r-3410	state+ammo	7.17	-33.41	92	0.00	0.00		0			-1		bot-2	18.16	y	0	5	35
147378	bot-5	alpha	A00r-3410	state	7.17	-33.41	92	0.00	0.00		0			-1		bot-2	18.23	y	0	5	35
147613	bot-1	alpha	A00r-4410	state	12.36	33.25	279	0.00	0.75		0			-1		bot-6	8.60	y	0	20	81
147613	bot-6	bravo	C34r-4410	initial	4.70	29.33	5	4.57		3.26	2	cover		-1		bot-1	8.60	y	0	7	35
147629	bot-6	bravo	C34r-4412	latches	4.66	29.40	10	4.57	0.07	3.18	2	cover		-1		bot-1	8.61	y	0	7	35
147699	bot-5	alpha	F00r-3410	state	7.17	-33.41	92	0.00	0.00		0			-1		bot-2	18.99	y	0	4	35
147721	bot-2	bravo	E10r-4020	state+health	26.32	-34.01	101	5.06	1.70	4.93	1	flee		-1				-	0	7	23
147721	bot-5	alpha	A00r-3410	state	7.17	-33.41	92	0.00	0.00		0			-1		bot-2	19.05	y	0	4	35
147738	bot-2	bravo	E10r-4029	latches	26.41	-34.01	101	5.06	0.08	4.85	1	flee		-1				-	0	7	23
147789	bot-1	alpha	F00r-4410	state	12.36	33.25	248	0.00	0.00		0			-1		bot-6	8.69	y	0	19	81
147789	bot-6	bravo	C35r-4312	score+health	4.28	30.03	51	4.57	0.73	2.45	2	cover		-1		bot-1	8.71	y	0	7	35
147817	bot-1	alpha	A00r-4410	state	12.36	33.25	248	0.00	0.00		0			-1		bot-6	8.70	y	0	19	81
147954	bot-1	alpha	F00r-4410	state	12.36	33.25	252	0.00	0.00		0			-1		bot-6	8.82	y	0	18	81
147954	bot-6	bravo	C36r-4212	score+health	3.90	30.67	72	4.57	0.75	1.71	2	cover		-1		bot-1	8.84	y	0	7	35
147971	bot-1	alpha	A00r-4410	state	12.36	33.25	253	0.00	0.00		0			-1		bot-6	8.85	y	0	18	81
148054	bot-1	alpha	A10r-4410	tier	12.36	33.25	255	0.00	0.00		0			-1		bot-6	8.95	y	0	18	81
148054	bot-5	alpha	F00r-2410	state+ammo	7.17	-33.41	92	0.00	0.00		0			-1		bot-2	20.76	y	0	3	35
148075	bot-5	alpha	A00r-2410	state	7.17	-33.41	92	0.00	0.00		0			-1		bot-2	20.85	y	0	3	35
148104	bot-1	alpha	F10r-4410	state	12.36	33.25	256	0.00	0.00		0			-1		bot-6	9.00	y	0	17	81
148104	bot-6	bravo	E37r-4110	state+score+health+latches	3.48	31.19	76	5.06	0.67	4.98	1	flee		-1		bot-1	9.03	y	0	6	35
148121	bot-1	alpha	A10r-4410	state	12.36	33.25	257	0.00	0.00		0			-1		bot-6	9.13	y	0	17	81
148121	bot-6	bravo	E37r-4119	latches	3.39	31.22	77	5.06	0.09	4.89	1	flee		-1		bot-1	9.15	y	0	6	35
148238	bot-4	bravo	D00r--000	tick	-3.93	26.43	70	5.06	0.00	6.10	1	flee		-1		bot-1	20.42	y	0	4	35
148256	bot-1	alpha	F10r-4410	state	12.36	33.25	259	0.00	0.00		0			-1		bot-6	9.71	y	0	16	81
148277	bot-1	alpha	A10r-4410	state	12.36	33.25	259	0.00	0.00		0			-1		bot-6	9.79	y	0	16	81
148337	bot-3	alpha	U00m-3420	tick	3.69	-26.60	106	4.08	3.54	24.45	4	pursue		-1		bot-2	26.81	y	0	15	101
148387	bot-6	bravo	E37r-3119	ammo	2.11	31.64	81	5.06	1.34	3.54	1	flee		-1		bot-1	10.25	y	0	5	35
148421	bot-1	alpha	F10r-3410	state+ammo	12.36	33.25	261	0.00	0.00		0			-1		bot-6	10.38	y	0	15	81
148421	bot-5	alpha	F00r-2410	state	7.17	-33.41	92	0.00	0.00		0			-1		bot-2	22.53	y	0	2	35
148421	bot-6	bravo	E38r-3019	score+health	1.95	31.69	81	5.06	0.17	3.37	1	flee		-1		bot-1	10.40	y	0	5	35
148437	bot-1	alpha	A10r-341G	state+latches	12.36	33.25	261	0.00	0.00		0			-1		bot-6	10.53	w	0	15	81
148437	bot-5	alpha	A00r-2410	state	7.17	-33.41	92	0.00	0.00		0			-1		bot-2	22.70	y	0	2	35
148437	bot-6	bravo	E38r-301P	latches	1.87	31.72	81	5.06	0.08	3.29	1	flee		-1		bot-1	10.55	w	0	5	35
148546	bot-6	bravo	E37r-301P	score	1.35	31.89	81	5.06	0.55	2.74	1	flee		-1		bot-1	11.00	w	0	5	35
148674	bot-1	alpha	S10r-3410	state+latches	12.33	33.24	257	1.32	0.03	10.19	3	seek		-1		bot-6	11.60	w	0	15	81
148674	bot-6	bravo	E37r-3019	latches	0.73	32.09	81	5.06	0.65	2.09	1	flee		-1		bot-1	11.62	w	0	5	35
148698	bot-2	bravo	E10r-4020	latches	31.04	-34.24	101	0.00	4.63		0			-1				-	0	7	23
148771	bot-5	alpha	F00r-1410	state+ammo	7.17	-33.41	92	0.00	0.00		0			-1		bot-2	23.89	y	0	1	35
148792	bot-5	alpha	A00r-1410	state	7.17	-33.41	92	0.00	0.00		0			-1		bot-2	23.89	y	0	1	35
148889	bot-6	bravo	E36r-3019	score	-0.30	32.44	81	5.06	1.09	1.00	1	flee		-1		bot-1	12.28	w	0	5	35
149084	bot-6	bravo	E36r-3010	latches	-0.97	32.66	81	0.00	0.70		0			-1		bot-1	12.65	w	0	5	35
149113	bot-5	alpha	A00r-4410	ammo	7.17	-33.41	92	0.00	0.00		0			-1		bot-2	23.89	y	0	20	101
149215	bot-2	bravo	E10r-4120	health	31.04	-34.24	101	0.00	0.00		0			-1				-	0	7	23
149215	bot-6	bravo	E36r-3110	health	-0.97	32.66	81	0.00	0.00		0			-1		bot-1	12.37	w	0	5	35
149243	bot-4	bravo	D00r--000	tick	-3.93	26.43	70	5.06	0.00	6.10	1	flee		-1		bot-1	20.42	y	0	4	35
149361	bot-3	alpha	U00m-3420	tick	7.81	-27.31	107	4.08	4.17	18.39	3	pursue		-1		bot-2	24.38	y	0	15	101
149622	bot-2	bravo	H10r-4120	state	31.04	-34.24	91	0.00	0.00		0			-1				-	0	7	23
149672	bot-5	alpha	F00r-4410	state	7.17	-33.41	92	0.00	0.00		0			-1		bot-2	23.88	y	0	19	101
149745	bot-1	alpha	S10r-3410	tick	10.08	32.61	262	2.40	2.34	7.88	3	seek		-1		bot-6	11.22	w	0	15	81
149745	bot-5	alpha	U00r-4410	state	7.27	-33.41	92	1.32	0.10	17.93	3	pursue		-1		bot-2	23.88	y	0	19	101
149888	bot-1	alpha	S00r-3410	tier	9.75	32.52	264	2.40	0.34	7.54	3	seek		-1		bot-6	10.78	w	0	15	81
150010	bot-6	bravo	H36r-3110	state	-0.97	32.66	75	0.00	0.00		0			-1		bot-1	10.51	w	0	5	35
150226	bot-2	bravo	H10r-4220	health	31.04	-34.24	326	0.00	0.00		0			-1		bot-3	20.87	y	0	7	23
150257	bot-4	bravo	P00r-3410	state+ammo+health+packs	-3.25	25.75	0	0.00	0.97		0			-1				-	0	4	35
150289	bot-1	alpha	A00r-3410	state	8.90	32.28	259	0.00	0.89		0			-1		bot-4	13.79	y	0	15	81
150289	bot-4	bravo	A36r-3420	state+tier+score+packs	-3.25	25.75	7	0.00	0.00		0			-1		bot-1	13.79	y	0	4	35
150383	bot-3	alpha	U00m-3420	tick	11.93	-27.96	108	4.08	4.17	14.27	3	pursue		-1		bot-2	20.25	y	0	15	101
150416	bot-1	alpha	F00r-3410	state	8.90	32.28	242	0.00	0.00		0			-1		bot-4	13.79	y	0	14	81
150447	bot-1	alpha	A00r-3410	state	8.90	32.28	242	0.00	0.00		0			-1		bot-4	13.79	y	0	14	81
150557	bot-1	alpha	F00r-3410	state	8.90	32.28	242	0.00	0.00	0.55	1	muzzleRecovery		-1		bot-4	13.79	y	0	13	81
150590	bot-1	alpha	P00r-3410	state	8.89	32.23	235	1.32	0.05	0.50	1	muzzleRecovery		-1		bot-4	13.79	y	0	13	81
150681	bot-4	bravo	F36r-2420	state+ammo	-3.25	25.75	62	0.00	0.00		0			-1		bot-1	13.70	y	0	3	35
150706	bot-1	alpha	P00r-3310	health	8.85	32.09	211	1.32	0.15	0.35	1	muzzleRecovery		-1		bot-4	13.68	y	0	13	81
150706	bot-4	bravo	A36r-2420	state	-3.25	25.75	62	0.00	0.00		0			-1		bot-1	13.68	y	0	3	35
150729	bot-1	alpha	A00r-3310	state	8.85	32.09	215	0.00	0.00		0			-1		bot-4	13.66	y	0	13	81
150750	bot-5	alpha	U00r-4410	tick	10.79	-33.34	93	4.08	3.52	14.42	3	pursue		-1		bot-2	20.37	y	0	19	101
150774	bot-6	bravo	H36r-3210	health	-0.97	32.66	83	0.00	0.00		0			-1		bot-1	9.83	w	0	5	35
150806	bot-4	bravo	A35r-2420	score	-3.25	25.75	62	0.00	0.00		0			-1		bot-1	13.66	y	0	3	35
150806	bot-6	bravo	H35r-3210	score	-0.97	32.66	86	0.00	0.00		0			-1		bot-1	9.83	w	0	5	35
150930	bot-1	alpha	F00r-3310	state	8.85	32.09	242	0.00	0.00		0			-1		bot-4	13.66	y	0	12	81
150930	bot-4	bravo	A36r-2320	score+health	-3.25	25.75	62	0.00	0.00		0			-1		bot-1	13.66	y	0	3	35
150930	bot-6	bravo	H36r-3210	score	-0.97	32.66	95	0.00	0.00		0			-1		bot-1	9.83	w	0	5	35
150966	bot-1	alpha	A00r-3310	state	8.85	32.09	242	0.00	0.00		0			-1		bot-4	13.66	y	0	12	81
150966	bot-4	bravo	A35r-2320	score	-3.25	25.75	62	0.00	0.00		0			-1		bot-1	13.66	y	0	3	35
150966	bot-6	bravo	H35r-3210	score	-0.97	32.66	98	0.00	0.00		0			-1		bot-1	9.83	w	0	5	35
151055	bot-2	bravo	H10r-4320	health	31.04	-34.24	218	0.00	0.00		0			-1		bot-3	17.76	y	0	7	23
151055	bot-4	bravo	F35r-2320	state	-3.25	25.75	62	0.00	0.00		0			-1		bot-1	13.66	y	0	2	35
151076	bot-1	alpha	E00r-3110	state+health	8.85	32.12	242	1.64	0.03	2.66	1	flee		-1		bot-4	13.66	y	0	11	81
151076	bot-4	bravo	A35r-2320	state	-3.25	25.75	62	0.00	0.00		0			-1		bot-1	13.66	y	0	2	35
151103	bot-1	alpha	E00r-3119	latches	8.86	32.16	242	1.64	0.04	2.62	1	flee		-1		bot-4	13.68	y	0	11	81
151143	bot-4	bravo	A34r-2320	score	-3.25	25.75	62	0.00	0.00		0			-1		bot-1	13.70	y	0	2	35
151143	bot-6	bravo	H34r-3210	score	-0.97	32.66	112	0.00	0.00		0			-1		bot-1	9.84	w	0	5	35
151211	bot-2	bravo	H00r-4320	tier	31.04	-34.24	235	0.00	0.00		0			-1		bot-3	16.95	y	0	7	23
151211	bot-4	bravo	A34r-2420	health	-3.25	25.75	62	0.00	0.00		0			-1		bot-1	13.76	y	0	2	35
151211	bot-6	bravo	H34r-3310	health	-0.97	32.66	117	0.00	0.00		0			-1		bot-1	9.85	w	0	5	35
151238	bot-1	alpha	E00r-2119	ammo	8.89	32.38	241	1.64	0.22	2.40	1	muzzleRecovery		-1		bot-4	13.81	y	0	10	81
151267	bot-1	alpha	E00r-2110	latches	8.90	32.43	241	1.64	0.05	2.35	1	flee		-1		bot-4	13.83	y	0	10	81
151304	bot-1	alpha	E00r-2119	latches	8.93	32.62	241	5.06	0.19	2.16	1	flee		-1		bot-4	13.86	y	0	10	81
151388	bot-3	alpha	U00m-3420	tick	15.89	-28.96	109	4.08	4.09	10.20	2	pursue		-1		bot-2	16.26	y	0	15	101
151408	bot-4	bravo	F34r-1420	state+ammo	-3.25	25.75	59	0.00	0.00		0			-1		bot-1	14.25	y	0	1	35
151428	bot-1	alpha	D00r--000	state+ammo+health+packs+latches	9.00	33.14	239	5.06	0.53	1.63	1	flee		-1		bot-4	14.25	y	0	9	81
151428	bot-4	bravo	S10r-R420	state+tier+score+ammo	-3.23	25.76	60	1.32	0.03	14.30	2	seek		-1				-	0	1	35
151428	bot-6	bravo	H33r-3310	score	-0.97	32.66	137	0.00	0.00		0			-1				-	0	5	35
151453	bot-2	bravo	H00r-4420	health	31.04	-34.24	265	0.00	0.00		0			-1		bot-3	15.88	y	0	7	23
151453	bot-4	bravo	C10r-R420	state	-3.25	25.79	60	1.48	0.04	4.96	2	cover		-1				-	0	1	35
151478	bot-4	bravo	C10r-R422	latches	-3.28	25.82	60	1.48	0.04	4.93	2	cover		-1				-	0	1	35
151673	bot-2	bravo	A00r-4420	state	31.04	-34.24	286	0.00	0.00		0			-1		bot-3	14.99	y	0	7	23
151722	bot-2	bravo	F00r-4420	state	31.04	-34.24	289	0.00	0.00		0			-1		bot-3	14.80	y	0	6	23
151722	bot-3	alpha	U10m-3420	tier	17.20	-29.36	109	4.08	1.36	8.84	2	pursue		-1		bot-2	14.81	y	0	15	101
151745	bot-2	bravo	A00r-4420	state	31.04	-34.24	289	0.00	0.00		0			-1		bot-3	14.68	y	0	6	23
151808	bot-5	alpha	U00r-4410	tick	15.11	-33.25	93	4.08	4.32	10.12	3	pursue		-1		bot-2	16.24	y	0	19	101
151985	bot-6	bravo	H33r-3410	health	-0.97	32.66	112	0.00	0.00		0			-1				-	0	5	35
152063	bot-2	bravo	F00r-4420	state	31.04	-34.24	290	0.00	0.00		0			-1		bot-3	13.40	y	0	6	23
152086	bot-2	bravo	F00r-3420	ammo	31.04	-34.24	290	0.00	0.00		0			-1		bot-3	13.29	y	0	5	23
152106	bot-2	bravo	A00r-3420	state	31.04	-34.24	290	0.00	0.00		0			-1		bot-3	13.20	y	0	5	23
152223	bot-6	bravo	C33r-3410	state	-0.99	32.65	99	1.48	0.03	4.35	1	cover		-1				-	0	5	35
152240	bot-6	bravo	C33r-3412	latches	-1.02	32.65	102	1.48	0.03	4.33	1	cover		-1				-	0	5	35
152403	bot-4	bravo	C33r-R422	tier+score	-5.70	28.62	74	4.57	3.71	1.25	2	cover		-1				-	0	1	35
152437	bot-1	alpha	D00r--000	tick	9.00	33.14	239	5.06	0.00	1.63	1	flee		-1		bot-4	14.25	y	0	9	81
152437	bot-2	bravo	F00r-3420	state	31.04	-34.24	290	0.00	0.00		0			-1		bot-3	11.84	y	0	4	23
152454	bot-2	bravo	A00r-3420	state	31.04	-34.24	290	0.00	0.00		0			-1		bot-3	11.77	y	0	4	23
152616	bot-4	bravo	G33r-R422	state	-6.18	29.53	82	0.00	1.03		0			-1				-	0	1	35
152739	bot-3	alpha	U10m-3420	tick	21.16	-30.57	110	4.08	4.15	4.72	2	pursue		-1		bot-2	10.64	y	0	15	101
152804	bot-2	bravo	F00r-2420	state+ammo	31.04	-34.24	290	0.00	0.00		0			-1		bot-3	10.43	y	0	3	23
152821	bot-2	bravo	A00r-2420	state	31.04	-34.24	290	0.00	0.00		0			-1		bot-3	10.28	y	0	3	23
152821	bot-5	alpha	U00r-4410	tick	19.24	-33.25	95	4.08	4.13	6.00	2	pursue		-1		bot-2	11.94	y	0	19	101
153171	bot-2	bravo	F00r-2420	state	31.04	-34.24	289	0.00	0.00		0			-1		bot-3	8.93	y	0	2	23
153171	bot-3	alpha	U10m-3320	health	22.73	-31.37	109	4.08	1.76	2.96	1	pursue		-1		bot-2	8.95	y	0	15	101
153171	bot-5	alpha	U21r-4410	tier+score	20.66	-33.25	95	4.08	1.43	4.59	2	pursue		-1		bot-2	10.58	y	0	19	101
153189	bot-2	bravo	A00r-2420	state	31.04	-34.24	289	0.00	0.00		0			-1		bot-3	8.80	y	0	2	23
153189	bot-3	alpha	U21m-3320	tier+score	22.80	-31.40	109	4.08	0.08	2.89	1	pursue		-1		bot-2	8.83	y	0	15	101
153241	bot-4	bravo	G33r-4422	ammo	-6.25	29.75	39	0.00	0.23		0			-1				-	0	7	29
153241	bot-6	bravo	G33r-3412	state	-4.95	31.81	262	0.00	4.02		0			-1				-	0	5	35
153454	bot-1	alpha	D00r--000	tick	9.00	33.14	239	5.06	0.00	1.63	1	flee		-1		bot-4	14.25	y	0	9	81
153520	bot-2	bravo	F00r-1420	state+ammo	31.04	-34.24	287	0.00	0.00		0			-1		bot-3	7.47	y	0	1	23
153520	bot-3	alpha	C32m-3120	state+tier+score+health	23.88	-31.96	107	4.57	1.22	9.09	2	cover		-1		bot-2	7.50	y	0	14	101
153520	bot-5	alpha	U32r-4410	tier+score	22.09	-33.25	96	4.08	1.43	3.20	2	pursue		-1		bot-2	9.10	y	0	19	101
153539	bot-2	bravo	A10r-1420	state+tier	31.04	-34.24	288	0.00	0.00		0			-1		bot-3	7.53	y	0	1	23
153539	bot-3	alpha	C32m-3122	latches	23.84	-31.88	108	4.57	0.09	9.00	2	cover		-1		bot-2	7.55	y	0	14	101
153855	bot-2	bravo	A10r-1320	health	31.04	-34.24	294	0.00	0.00		0			-1		bot-3	8.61	y	0	1	23
153888	bot-2	bravo	A10r-R320	ammo	31.04	-34.24	294	0.00	0.00		0			-1		bot-3	8.74	y	0	0	23
153888	bot-3	alpha	D00m--000	state+tier+score+ammo+health+packs+latches	23.08	-30.66	114	4.57	1.44	7.59	2	cover		-1		bot-2	8.63	y	0	12	101
153888	bot-5	alpha	U34r-4410	score	23.54	-33.47	96	4.08	1.47	1.74	1	pursue		-1		bot-2	7.70	y	0	19	101
153937	bot-4	bravo	S00r-4420	state+tier+score+latches	-6.25	29.46	75	1.32	0.29	16.33	3	seek		-1				-	0	7	29
153937	bot-6	bravo	G32r-3412	score	-5.25	31.75	45	0.00	0.30		0			-1				-	0	5	35
153971	bot-4	bravo	C32r-4420	state+tier+score	-6.25	29.51	80	1.48	0.05	16.32	3	seek		-1				-	0	7	29
153994	bot-4	bravo	G32r-4422	state+latches	-6.25	29.70	85	0.00	0.19		0			-1				-	0	7	29
154271	bot-4	bravo	S00r-4420	state+tier+score+latches	-6.25	29.68	78	1.32	0.02	16.39	4	seek		-1				-	0	7	29
154271	bot-6	bravo	G00r-3412	tier+score	-6.25	30.75	100	0.00	1.41		0			-1				-	0	5	35
154459	bot-1	alpha	D00r--000	tick	9.00	33.14	239	5.06	0.00	1.63	1	flee		-1		bot-4	14.25	y	0	9	81
154459	bot-4	bravo	P00r-4420	state	-6.25	29.43	87	1.32	0.25	16.45	8	patrol		-1				-	0	7	29
154889	bot-2	bravo	A10r-R320	tick	31.04	-34.24	271	0.00	0.00		0			-1		bot-5	6.08	y	0	0	23
154889	bot-3	alpha	D00m--000	tick	23.08	-30.66	114	4.57	0.00	7.59	2	cover		-1		bot-2	8.63	y	0	12	101
154889	bot-5	alpha	U34r-4410	tick	24.97	-34.12	91	0.00	1.56		0			-1		bot-2	6.08	y	0	19	101
155224	bot-2	bravo	A00r-R420	tier+health	31.04	-34.24	271	0.00	0.00		0			-1		bot-5	6.08	y	0	0	23
155322	bot-6	bravo	G00r-3412	tick	-6.25	30.75	94	0.00	0.00		0			-1				-	0	5	35
155411	bot-6	bravo	S00r-3410	state+latches	-6.25	30.84	81	2.40	0.09	15.50	4	seek		-1				-	0	5	35
155457	bot-1	alpha	P00r-0410	state+ammo+health+packs	-8.25	-28.75	0	0.00	64.25		0			-1				-	0	0	22
155538	bot-1	alpha	S00r-2410	state+ammo	-8.15	-28.59	5	2.40	0.19	54.56	8	seek		-1				-	0	9	81
155538	bot-4	bravo	P00r-4420	tick	-6.41	26.87	157	2.40	2.56	17.37	8	patrol		-1				-	0	7	29
155710	bot-2	bravo	F00r-4420	state+ammo	31.04	-34.24	271	0.00	0.00		0			-1		bot-5	6.08	y	0	6	16
155710	bot-5	alpha	U35r-4310	score+health	24.97	-34.12	91	0.00	0.00		0			-1		bot-2	6.08	y	0	19	101
155751	bot-2	bravo	A00r-4420	state	31.04	-34.24	271	0.00	0.00		0			-1		bot-5	6.08	y	0	6	16
155973	bot-3	alpha	D00m--000	tick	23.08	-30.66	114	4.57	0.00	7.59	2	cover		-1		bot-2	8.63	y	0	12	101
156071	bot-2	bravo	F00r-3420	state+ammo	31.04	-34.24	271	0.00	0.00		0			-1		bot-5	6.08	y	0	5	16
156071	bot-5	alpha	E36r-4110	state+score+health	24.81	-33.97	91	5.06	0.22	6.92	1	flee		-1		bot-2	6.08	y	0	18	101
156104	bot-2	bravo	A10r-3420	state+tier	31.04	-34.24	272	0.00	0.00		0			-1		bot-5	6.24	y	0	5	16
156104	bot-5	alpha	E36r-4119	latches	24.68	-33.86	92	5.06	0.17	6.75	1	flee		-1		bot-2	6.24	y	0	18	101
156226	bot-5	alpha	E35r-4119	score	24.24	-33.44	95	5.06	0.61	6.14	1	flee		-1		bot-2	6.57	y	0	17	101
156262	bot-2	bravo	A10r-3320	health	31.04	-34.24	277	0.00	0.00		0			-1		bot-5	6.85	y	0	5	16
156434	bot-2	bravo	F10r-3320	state	31.04	-34.24	281	0.00	0.00		0			-1		bot-5	7.60	y	0	4	16
156434	bot-6	bravo	S00r-3410	tick	-4.53	31.80	77	2.40	1.97	13.60	3	seek		-1				-	0	5	35
156471	bot-2	bravo	A10r-3320	state	31.04	-34.24	281	0.00	0.00		0			-1		bot-5	7.73	y	0	4	16
156522	bot-5	alpha	E34r-3119	score+ammo	23.14	-32.42	102	5.06	1.50	4.64	1	flee		-1		bot-2	7.89	y	0	15	101
156567	bot-1	alpha	S00r-2410	tick	-6.90	-26.60	4	2.40	2.35	52.47	8	seek		-1				-	0	9	81
156567	bot-4	bravo	P00r-4420	tick	-6.55	24.53	190	2.40	2.35	18.48	8	patrol		-1				-	0	7	29
156791	bot-2	bravo	F10r-2320	state+ammo	31.04	-34.24	287	0.00	0.00		0			-1		bot-5	9.19	y	0	3	16
156854	bot-2	bravo	A10r-2320	state	31.04	-34.24	287	0.00	0.00		0			-1		bot-5	9.32	y	0	3	16
156880	bot-1	alpha	A00r-2410	state	-6.54	-26.01	38	0.00	0.69		0			-1		bot-2	38.47	y	0	9	81
156973	bot-3	alpha	D00m--000	tick	23.08	-30.66	114	4.57	0.00	7.59	2	cover		-1		bot-2	8.63	y	0	12	101
157134	bot-2	bravo	F10r-2320	state	31.04	-34.24	291	0.00	0.00		0			-1		bot-5	10.78	y	0	2	16
157159	bot-2	bravo	A10r-2320	state	31.04	-34.24	291	0.00	0.00		0			-1		bot-5	10.91	y	0	2	16
157339	bot-5	alpha	E34r-2119	ammo	20.12	-29.60	113	5.06	4.14	0.51	1	flee		-1		bot-2	11.70	y	0	10	101
157397	bot-1	alpha	F00r-2410	state	-6.54	-26.01	102	0.00	0.00		0			-1		bot-2	38.47	y	0	8	81
157419	bot-1	alpha	A00r-2410	state	-6.54	-26.01	102	0.00	0.00		0			-1		bot-2	38.47	y	0	8	81
157419	bot-6	bravo	P00r-3410	state	-2.29	32.27	83	2.40	2.29	11.31	9	patrol		-1				-	0	5	35
157456	bot-5	alpha	E34r-2110	latches	19.90	-29.39	114	0.00	0.29		0			-1		bot-2	12.17	y	0	10	101
157486	bot-2	bravo	F10r-1320	state+ammo	31.04	-34.24	294	0.00	0.00		0			-1		bot-5	12.15	y	0	1	16
157486	bot-5	alpha	D00r--000	state+tier+score+ammo+health+packs	19.90	-29.39	114	0.00	0.00		0			-1		bot-2	12.17	y	0	10	101
157514	bot-2	bravo	A10r-1320	state	31.04	-34.24	288	0.00	0.00		0			-1		bot-1	38.47	y	0	1	16
157544	bot-1	alpha	F00r-2410	state	-6.54	-26.01	102	0.00	0.00		0			-1		bot-2	38.47	y	0	7	81
157576	bot-1	alpha	A00r-2410	state	-6.54	-26.01	102	0.00	0.00		0			-1		bot-2	38.47	y	0	7	81
157576	bot-4	bravo	P00r-4420	tick	-6.70	22.12	202	2.40	2.42	19.86	8	patrol		-1				-	0	7	29
157700	bot-1	alpha	F00r-2410	state	-6.54	-26.01	102	0.00	0.00		0			-1		bot-2	38.47	y	0	6	81
157723	bot-1	alpha	A00r-2410	state	-6.54	-26.01	102	0.00	0.00		0			-1		bot-2	38.47	y	0	6	81
157851	bot-1	alpha	F00r-1410	state+ammo	-6.54	-26.01	102	0.00	0.00	0.77	1	muzzleRecovery		-1		bot-2	38.47	y	0	5	81
157851	bot-2	bravo	A10r-R320	ammo	31.04	-34.24	282	0.00	0.00		0			-1		bot-1	38.47	y	0	0	16
157868	bot-1	alpha	P00r-1410	state	-6.55	-26.04	106	1.32	0.02	0.74	1	muzzleRecovery		-1		bot-2	38.47	y	0	5	81
157913	bot-3	alpha	P00m-3420	state+ammo+health+packs	2.25	-25.25	0	0.00	21.52		0			-1				-	0	12	101
157948	bot-3	alpha	S00m-3420	state	2.33	-25.25	9	2.40	0.08	31.21	5	seek		-1				-	0	12	101
158078	bot-3	alpha	A00m-3420	state	2.60	-25.25	42	0.00	0.26		0			-1		bot-2	29.84	y	0	12	101
158196	bot-1	alpha	U00r-1410	state	-6.63	-26.43	166	1.32	0.40	32.62	4	pursue		-1		bot-2	38.50	y	0	5	81
158424	bot-6	bravo	P00r-3410	tick	-2.72	29.90	189	2.40	2.41	12.46	9	patrol		-1				-	0	5	35
158462	bot-3	alpha	F00m-3420	state	2.60	-25.25	108	0.00	0.00		0			-1		bot-2	29.83	y	0	11	101
158488	bot-3	alpha	A00m-3420	state	2.60	-25.25	108	0.00	0.00		0			-1		bot-2	29.83	y	0	11	101
158488	bot-5	alpha	D00r--000	tick	19.90	-29.39	114	0.00	0.00		0			-1		bot-2	12.17	y	0	10	101
158593	bot-4	bravo	P00r-4420	tick	-6.73	19.67	166	2.40	2.45	21.36	7	patrol		-1				-	0	7	29
158619	bot-3	alpha	F00m-2420	state+ammo	2.60	-25.25	108	0.00	0.00		0			-1		bot-2	29.83	y	0	10	101
158640	bot-3	alpha	A00m-2420	state	2.60	-25.25	108	0.00	0.00		0			-1		bot-2	29.83	y	0	10	101
158775	bot-3	alpha	F00m-2420	state	2.60	-25.25	108	0.00	0.00		0			-1		bot-2	29.83	y	0	9	101
158796	bot-3	alpha	U00m-2420	state	2.63	-25.25	108	1.32	0.03	23.95	3	pursue		-1		bot-2	29.83	y	0	9	101
158870	bot-2	bravo	A10r-R320	tick	31.04	-34.24	282	0.00	0.00		0			-1		bot-1	36.45	y	0	0	16
159214	bot-1	alpha	U00r-1410	tick	-3.06	-26.35	103	4.08	3.57	29.16	4	pursue		-1		bot-2	35.11	y	0	5	81
159238	bot-2	bravo	A10r-R420	health	31.04	-34.24	283	0.00	0.00		0			-1		bot-1	35.01	y	0	0	16
159441	bot-6	bravo	P00r-3410	tick	-3.16	27.50	217	2.40	2.44	13.94	9	patrol		-1				-	0	5	35
159515	bot-5	alpha	D00r--000	tick	19.90	-29.39	114	0.00	0.00		0			-1		bot-2	12.17	y	0	10	101
159639	bot-4	bravo	P00r-4420	tick	-6.74	17.17	170	2.40	2.51	23.04	7	patrol		-1				-	0	7	29
159698	bot-2	bravo	F10r-4420	state+ammo	31.04	-34.24	284	0.00	0.00	0.55	1	muzzleRecovery		-1		bot-1	33.33	y	0	6	9
159698	bot-3	alpha	U10m-2420	tier	5.65	-25.81	108	4.08	3.07	20.90	3	pursue		-1		bot-2	27.00	y	0	9	101
159746	bot-1	alpha	U10r-1410	tier	-0.90	-26.30	104	4.08	2.17	27.06	4	pursue		-1		bot-2	33.11	y	0	5	81
159746	bot-2	bravo	P10r-4420	state	31.06	-34.30	274	1.32	0.06	0.49	1	muzzleRecovery		-1		bot-1	33.10	y	0	6	9
159908	bot-2	bravo	A10r-4420	state	31.13	-34.45	256	0.00	0.16		0			-1		bot-1	32.56	y	0	6	9
159962	bot-4	bravo	A00r-4420	state	-6.74	16.52	171	0.00	0.65		0			-1		bot-1	43.29	y	0	7	29
159962	bot-6	bravo	S00r-3410	state	-3.36	26.26	188	2.40	1.25	52.61	7	seek		-1				-	0	5	35
160057	bot-4	bravo	A00r-442G	latches	-6.74	16.52	171	0.00	0.00		0			-1		bot-1	43.32	w	0	7	29
160196	bot-2	bravo	F10r-3420	state+ammo	31.13	-34.45	285	0.00	0.00		0			-1		bot-1	31.83	y	0	5	9
160252	bot-2	bravo	A10r-3420	state	31.13	-34.45	285	0.00	0.00		0			-1		bot-1	31.44	y	0	5	9
160252	bot-4	bravo	S00r-4420	state+latches	-6.74	16.45	180	1.32	0.07	43.34	7	seek		-1		bot-1	43.44	w	0	7	29
160302	bot-2	bravo	A00r-3420	tier	31.13	-34.45	285	0.00	0.00		0			-1		bot-1	31.22	y	0	5	9
160302	bot-4	bravo	A00r-4420	state	-6.74	16.45	169	0.00	0.00		0			-1		bot-3	45.02	y	0	7	29
160531	bot-3	alpha	U34m-2420	tier+score	8.83	-26.40	110	4.08	3.24	17.70	3	pursue		-1		bot-2	24.09	y	0	9	101
160531	bot-5	alpha	D00r--000	tick	19.90	-29.39	114	0.00	0.00		0			-1		bot-2	12.17	y	0	10	101
160562	bot-2	bravo	F00r-3420	state	31.13	-34.45	286	0.00	0.00		0			-1		bot-1	30.12	y	0	4	9
160562	bot-3	alpha	M35m-2420	state+score	8.69	-26.39	110	4.49	0.14	6.42	1	medic		-1		bot-2	23.71	y	0	8	101
160604	bot-1	alpha	U10r-1310	health	2.45	-26.25	106	4.08	3.34	23.85	3	pursue		-1		bot-2	30.01	y	0	5	81
160604	bot-2	bravo	A00r-3420	state	31.13	-34.45	286	0.00	0.00		0			-1		bot-1	30.00	y	0	4	9
160705	bot-1	alpha	U33r-1310	tier+score	2.85	-26.25	106	4.08	0.41	23.46	3	pursue		-1		bot-2	29.65	y	0	5	81
160705	bot-4	bravo	F00r-4420	state	-6.74	16.45	161	0.00	0.00		0			-1		bot-3	45.39	y	0	6	29
160785	bot-4	bravo	A00r-4420	state	-6.74	16.45	161	0.00	0.00		0			-1		bot-3	45.31	y	0	6	29
160948	bot-1	alpha	U33r-1314	latches	3.54	-26.25	107	0.00	0.69		0			-1		bot-2	28.79	y	0	4	81
160948	bot-2	bravo	F00r-2420	state+ammo	31.13	-34.45	287	0.00	0.00		0			-1		bot-1	28.78	y	0	3	9
160984	bot-2	bravo	A00r-2420	state	31.13	-34.45	287	0.00	0.00		0			-1		bot-1	28.78	y	0	3	9
160984	bot-4	bravo	A00r-442G	latches	-6.74	16.45	162	0.00	0.00		0			-1		bot-3	44.94	w	0	6	29
160984	bot-6	bravo	S00r-3410	tick	-3.33	23.90	176	2.40	2.36	50.25	7	seek		-1				-	0	5	35
161139	bot-3	alpha	M35m-1420	ammo	6.10	-26.32	108	4.49	2.59	2.56	1	medic		-1		bot-2	26.03	y	0	5	101
161212	bot-2	bravo	A10r-2420	tier	31.13	-34.45	287	0.00	0.00		0			-1		bot-1	28.78	y	0	3	9
161212	bot-4	bravo	S00r-4420	state+latches	-6.73	16.35	166	1.32	0.10	44.48	6	seek		-1		bot-3	44.66	w	0	6	29
161297	bot-2	bravo	F10r-2420	state	31.13	-34.45	287	0.00	0.00		0			-1		bot-1	28.78	y	0	2	9
161297	bot-3	alpha	M34m-1420	score	5.40	-26.30	108	4.49	0.71	1.86	1	medic		-1		bot-2	26.83	y	0	4	101
161297	bot-6	bravo	A00r-3410	state	-3.32	23.25	172	0.00	0.66		0			-1		bot-1	49.98	y	0	5	35
161335	bot-1	alpha	A34r-1110	state+score+health+latches	3.54	-26.25	107	0.00	0.00		0			-1		bot-2	28.78	y	0	2	81
161335	bot-2	bravo	A10r-2420	state	31.13	-34.45	287	0.00	0.00		0			-1		bot-1	28.78	y	0	2	9
161475	bot-1	alpha	F34r-1110	state	3.54	-26.25	107	0.00	0.00		0			-1		bot-2	28.78	y	0	1	81
161529	bot-1	alpha	A34r-1110	state	3.54	-26.25	107	0.00	0.00		0			-1		bot-2	28.78	y	0	1	81
161529	bot-3	alpha	P34m-1420	state	4.73	-26.45	121	4.08	0.68	1.21	1	muzzleRecovery		-1		bot-2	27.77	y	0	3	101
161529	bot-5	alpha	P00r-0410	state+ammo+health+packs	7.25	-33.25	0	0.00	13.23		0			-1				-	0	0	35
161576	bot-1	alpha	A44rb1110	tier+element	3.54	-26.25	107	0.00	0.00		0			-1		bot-2	28.78	y	0	1	81
161576	bot-3	alpha	M44mb1420	state+tier+element	4.73	-26.45	111	0.00	0.00		0			-1		bot-2	27.59	y	0	3	101
161576	bot-5	alpha	C46rm2410	state+tier+score+element+ammo	7.04	-33.29	12	4.57	0.21	6.79	3	cover		-1				-	0	10	101
161642	bot-1	alpha	A44rbR110	ammo	3.54	-26.25	107	0.00	0.00		0			-1		bot-2	28.78	y	0	0	81
161642	bot-2	bravo	F10r-1420	state+ammo	31.13	-34.45	287	0.00	0.00		0			-1		bot-1	28.78	y	0	1	9
161642	bot-3	alpha	U47mb1324	state+score+health+latches	4.73	-26.45	107	0.00	0.00		0			-1		bot-2	27.58	y	0	3	101
161642	bot-5	alpha	C49rb2412	score+element+latches	7.04	-33.29	26	0.00	0.00		0			-1				-	0	10	101
161683	bot-1	alpha	D00r--000	state+tier+score+element+ammo+health+packs	3.54	-26.25	107	0.00	0.00		0			-1		bot-2	28.78	y	0	0	81
161683	bot-2	bravo	A10r-1420	state	31.13	-34.45	278	0.00	0.00		0			-1		bot-5	24.11	y	0	1	9
161683	bot-3	alpha	U37m-1324	tier+element	4.73	-26.45	107	0.00	0.00		0			-1		bot-2	27.58	y	0	2	101
161683	bot-5	alpha	A39r-2410	state+tier+element+latches	7.04	-33.29	34	0.00	0.00		0			-1		bot-2	24.12	y	0	10	101
161683	bot-6	bravo	S00r-3410	state	-3.32	23.19	180	1.32	0.06	47.52	7	seek		-1				-	0	5	35
161900	bot-5	alpha	A37r-2410	score	7.04	-33.29	79	0.00	0.00		0			-1		bot-2	24.11	y	0	10	101
162004	bot-3	alpha	U37m-4324	ammo	4.73	-26.45	107	0.00	0.00		0			-1		bot-2	27.58	y	0	7	35
162004	bot-6	bravo	A00r-3410	state	-3.31	22.82	171	0.00	0.37		0			-1		bot-3	49.92	y	0	5	35
162135	bot-5	alpha	F37r-2410	state	7.04	-33.29	93	0.00	0.00		0			-1		bot-2	24.11	y	0	9	101
162181	bot-3	alpha	U37m-4320	latches	4.79	-26.46	107	1.32	0.06	18.43	3	pursue		-1		bot-2	27.58	y	0	7	35
162181	bot-5	alpha	A37r-2410	state	7.04	-33.29	93	0.00	0.00		0			-1		bot-2	24.11	y	0	9	101
162220	bot-4	bravo	S00r-4420	tick	-6.33	14.20	166	2.40	2.19	42.29	6	seek		-1		bot-3	42.24	w	0	6	29
162298	bot-5	alpha	F37r-2410	state	7.04	-33.29	92	0.00	0.00		0			-1		bot-2	24.31	y	0	8	101
162333	bot-5	alpha	A37r-2410	state	7.04	-33.29	92	0.00	0.00		0			-1		bot-2	24.41	y	0	8	101
162365	bot-6	bravo	A00r-341G	latches	-3.31	22.82	170	0.00	0.00		0			-1		bot-3	50.00	r	0	5	35
162438	bot-5	alpha	F37r-2410	state	7.04	-33.29	91	0.00	0.00		0			-1		bot-2	24.66	y	0	7	101
162469	bot-5	alpha	A37r-2410	state	6.92	-33.26	85	4.08	0.13	3.80	1	grenade		-1		bot-2	24.78	y	0	7	101
162583	bot-6	bravo	S00r-3410	state+latches	-3.31	22.79	171	1.32	0.03	47.15	7	seek		-1		bot-3	50.10	r	0	5	35
162637	bot-6	bravo	F00r-3410	state	-3.31	22.79	170	0.00	0.00		0			-1		bot-3	49.99	y	0	4	35
162660	bot-6	bravo	A00r-3410	state	-3.31	22.79	170	0.00	0.00		0			-1		bot-3	49.81	y	0	4	35
162688	bot-1	alpha	D00r--000	tick	3.54	-26.25	107	0.00	0.00		0			-1		bot-2	28.78	y	0	0	81
162688	bot-2	bravo	A10r-1420	tick	32.13	-33.28	286	0.00	1.54		0			-1		bot-5	25.97	y	0	1	9
162790	bot-2	bravo	A10r-R420	ammo	32.13	-33.28	271	0.00	0.00		0			-1		bot-5	26.35	y	0	0	9
162790	bot-5	alpha	A37r-241G	latches	5.65	-32.91	2	4.08	1.31	2.49	1	grenade		-1		bot-2	26.35	f	0	7	101
162873	bot-3	alpha	E39m-4020	state+score+health	4.68	-25.49	15	5.82	0.97	4.76	1	flee		-1		bot-6	49.14	y	0	7	35
162873	bot-5	alpha	E39r-201G	state+score+health	5.28	-32.78	349	5.82	0.40	5.03	3	flee		-1		bot-2	26.68	f	0	7	101
162901	bot-3	alpha	E39m-4029	latches	4.67	-25.33	8	5.82	0.16	4.60	1	flee		-1		bot-6	48.94	y	0	7	35
162901	bot-5	alpha	E39r-201P	latches	5.13	-32.72	349	5.82	0.16	4.88	3	flee		-1		bot-2	26.86	f	0	7	101
163000	bot-6	bravo	F00r-2410	state+ammo	-3.31	22.79	171	0.00	0.00		0			-1		bot-3	48.39	y	0	3	35
163023	bot-5	alpha	E39r-2019	latches	4.47	-32.45	349	5.82	0.71	4.23	3	flee		-1		bot-2	27.55	f	0	7	101
163023	bot-6	bravo	A00r-2410	state	-3.31	22.79	171	0.00	0.00		0			-1		bot-3	48.20	y	0	3	35
163234	bot-4	bravo	S00r-4420	tick	-5.90	11.80	170	2.40	2.44	39.86	6	seek		-1		bot-3	36.96	w	0	6	29
163347	bot-6	bravo	F00r-2410	state	-3.31	22.79	170	0.00	0.00		0			-1		bot-3	46.38	y	0	2	35
163372	bot-6	bravo	U00r-2410	state	-3.31	22.76	170	1.32	0.03	28.01	4	pursue		-1		bot-3	46.19	y	0	2	35
163416	bot-3	alpha	E39m-3029	ammo	4.39	-22.34	350	5.82	3.00	1.60	1	muzzleRecovery		-1		bot-6	45.86	y	0	5	35
163439	bot-3	alpha	E39m-3020	latches	4.32	-22.26	350	5.06	0.12	6.78	1	flee		-1		bot-6	45.70	y	0	5	35
163462	bot-3	alpha	E39m-3029	latches	4.24	-22.17	350	5.06	0.12	6.66	1	flee		-1		bot-6	45.58	y	0	5	35
163483	bot-5	alpha	E37r-2019	score	1.96	-31.82	349	5.06	2.59	1.94	2	flee		-1		bot-2	30.11	f	0	7	101
163580	bot-3	alpha	E38m-3029	score	3.83	-21.73	351	5.06	0.60	6.06	1	flee		-1		bot-6	44.94	y	0	5	35
163580	bot-5	alpha	E36r-2019	score	1.47	-31.80	349	5.06	0.49	1.54	2	flee		-1		bot-2	30.58	f	0	7	101
163663	bot-3	alpha	E36m-3029	score	3.55	-21.42	351	5.06	0.42	5.64	1	flee		-1		bot-6	44.30	y	0	5	35
163691	bot-1	alpha	D00r--000	tick	3.54	-26.25	107	0.00	0.00		0			-1		bot-2	28.78	y	0	0	81
163810	bot-2	bravo	A10r-R420	tick	32.13	-33.28	273	0.00	0.00		0			-1		bot-5	31.61	y	0	0	9
163890	bot-4	bravo	A00r-4420	state	-5.62	10.31	170	0.00	1.51		0			-1		bot-5	43.04	y	0	6	29
163921	bot-2	bravo	A10r-R42G	latches	32.13	-33.28	272	0.00	0.00		0			-1		bot-5	31.78	w	0	0	9
163945	bot-2	bravo	A00r-R42G	tier	32.13	-33.28	272	0.00	0.00		0			-1		bot-5	31.78	w	0	0	9
163945	bot-5	alpha	E36r-2010	latches	0.36	-32.42	352	0.00	1.26		0			-1		bot-4	43.15	y	0	7	101
164139	bot-3	alpha	E36m-2029	ammo	1.93	-19.64	352	5.06	2.40	3.24	1	flee		-1		bot-6	40.38	y	0	3	35
164173	bot-2	bravo	S00r-R420	state+latches	32.09	-33.28	272	1.32	0.04	31.85	6	seek		-1		bot-5	31.78	w	0	0	9
164201	bot-5	alpha	E36r-1010	ammo	0.36	-32.42	352	0.00	0.00		0			-1		bot-4	43.15	y	0	5	101
164229	bot-3	alpha	E36m-202P	latches	1.63	-19.31	353	5.06	0.45	2.78	1	flee		-1		bot-6	39.68	w	0	3	35
164229	bot-6	bravo	U00r-R41G	ammo+latches	-3.29	19.84	173	4.08	2.92	26.55	7	pursue		-1		bot-3	39.68	w	0	2	35
164258	bot-4	bravo	F00r-3420	state+ammo	-5.62	10.31	172	0.00	0.00		0			-1		bot-5	43.15	y	0	5	29
164291	bot-4	bravo	A00r-3420	state	-5.62	10.31	172	0.00	0.00		0			-1		bot-5	43.15	y	0	5	29
164336	bot-3	alpha	E35m-202P	score	1.26	-18.91	353	5.06	0.54	2.24	1	flee		-1		bot-6	38.95	w	0	3	35
164336	bot-5	alpha	E35r-1010	score	0.36	-32.42	352	0.00	0.00		0			-1		bot-4	43.16	y	0	5	101
164476	bot-3	alpha	E35m-2029	latches	0.78	-18.38	353	5.06	0.71	1.53	1	flee		-1		bot-6	37.85	w	0	3	35
164476	bot-6	bravo	S00r-R410	state+latches	-3.29	18.91	180	2.40	0.92	35.95	5	seek		-1		bot-3	37.85	w	0	2	35
164592	bot-2	bravo	S00r-4420	ammo	31.31	-33.28	272	2.40	0.78	31.07	6	seek		-1		bot-5	31.09	w	0	7	2
164643	bot-3	alpha	E34m-2029	score	0.21	-17.76	353	5.06	0.84	0.69	1	flee		-1		bot-6	36.77	w	0	3	35
164643	bot-4	bravo	F00r-3420	state	-5.62	10.31	172	0.00	0.00		0			-1		bot-5	43.15	y	0	4	29
164643	bot-5	alpha	E34r-1010	score	0.36	-32.42	352	0.00	0.00		0			-1		bot-4	43.16	y	0	3	101
164695	bot-1	alpha	D00r--000	tick	3.54	-26.25	107	0.00	0.00		0			-1		bot-2	28.78	y	0	0	81
164695	bot-4	bravo	A00r-3420	state	-5.62	10.31	172	0.00	0.00		0			-1		bot-5	43.15	y	0	4	29
164847	bot-3	alpha	E34m-2020	latches	-0.13	-17.39	353	0.00	0.50		0			-1		bot-6	35.70	w	0	3	35
164847	bot-5	alpha	H34r-1010	state	0.36	-32.42	5	0.00	0.00		0			-1		bot-4	43.16	y	0	2	101
165023	bot-4	bravo	F00r-2420	state+ammo	-5.62	10.31	172	0.00	0.00		0			-1		bot-5	43.15	y	0	3	29
165070	bot-4	bravo	A00r-2420	state	-5.62	10.31	172	0.00	0.00		0			-1		bot-5	43.15	y	0	3	29
165122	bot-5	alpha	H34r-1110	health	0.36	-32.42	61	0.00	0.00		0			-1		bot-4	43.15	y	0	2	101
165303	bot-5	alpha	H34r-R11G	ammo+latches	0.36	-32.42	98	0.00	0.00		0			-1		bot-4	43.15	f	0	2	101
165359	bot-3	alpha	E34m-2120	health	-0.13	-17.39	353	0.00	0.00		0			-1		bot-6	34.47	w	0	3	35
165404	bot-4	bravo	F00r-2420	state	-5.62	10.31	172	0.00	0.00		0			-1		bot-5	43.15	y	0	2	29
165457	bot-4	bravo	U00r-2420	state	-5.61	10.24	172	1.32	0.07	33.99	5	pursue		-1		bot-5	43.15	y	0	2	29
165513	bot-5	alpha	H34r-R110	latches	0.36	-32.42	98	0.00	0.00		0			-1		bot-4	43.08	f	0	2	101
165513	bot-6	bravo	S00r-R410	tick	-3.28	16.44	172	2.40	2.48	33.50	5	seek		-1		bot-3	34.11	w	0	2	35
165584	bot-2	bravo	A00r-4420	state	29.11	-33.27	285	0.00	2.20		0			-1		bot-3	33.27	y	0	7	2
165584	bot-5	alpha	H34r-R210	health	0.36	-32.42	92	0.00	0.00		0			-1		bot-4	43.01	f	0	2	101
165692	bot-1	alpha	P00r-0410	state+ammo+health+packs	-8.25	-28.75	0	0.00	12.05		0			-1				-	0	0	22
165763	bot-1	alpha	C00r-R410	state+ammo	-7.97	-28.92	18	4.57	0.33	9.53	2	cover		-1				-	0	0	22
165763	bot-2	bravo	F00r-4420	state	29.11	-33.27	299	0.00	0.00	0.50	1	muzzleRecovery		-1		bot-3	33.27	y	0	6	2
165763	bot-3	alpha	H34m-2120	state	-0.13	-17.39	11	0.00	0.00		0			-1		bot-6	33.56	w	0	3	35
165832	bot-1	alpha	C00r-R412	latches	-7.71	-29.09	36	4.57	0.31	9.22	2	cover		-1				-	0	0	22
165832	bot-2	bravo	P00r-4420	state	29.13	-33.36	284	1.32	0.09	0.41	1	muzzleRecovery		-1		bot-3	33.27	y	0	6	2
165878	bot-1	alpha	A00r-R410	state+latches	-7.71	-29.09	46	0.00	0.00		0			-1		bot-2	37.10	y	0	0	22
165878	bot-3	alpha	H32m-2120	score	-0.13	-17.39	41	0.00	0.00		0			-1		bot-6	33.23	w	0	3	35
165878	bot-5	alpha	H32r-R210	score	0.36	-32.42	71	0.00	0.00		0			-1		bot-4	41.94	f	0	2	101
165927	bot-2	bravo	A00r-4420	state	29.15	-33.42	285	0.00	0.06		0			-1		bot-3	33.38	y	0	6	2
166039	bot-6	bravo	S00r-4410	ammo	-3.27	15.19	172	2.40	1.24	32.26	5	seek		-1		bot-3	32.84	w	0	7	30
166188	bot-2	bravo	F00r-3420	state+ammo	29.15	-33.42	299	0.00	0.00		0			-1		bot-3	33.38	y	0	5	2
166238	bot-2	bravo	A00r-3420	state	29.15	-33.42	299	0.00	0.00		0			-1		bot-3	33.38	y	0	5	2
166238	bot-4	bravo	U00r-R42G	ammo+latches	-5.14	7.48	172	4.08	2.80	31.19	5	pursue		-1		bot-5	40.49	w	0	2	29
166238	bot-5	alpha	H32r-R21G	latches	0.36	-32.42	43	0.00	0.00		0			-1		bot-4	40.48	w	0	2	101
166373	bot-5	alpha	H32r-R31G	health	0.36	-32.42	46	0.00	0.00		0			-1		bot-4	39.88	w	0	2	101
166409	bot-3	alpha	H32m-2220	health	-0.13	-17.39	137	0.00	0.00		0			-1		bot-2	33.39	y	0	3	35
166442	bot-4	bravo	S00r-R420	state+latches	-5.03	6.71	181	2.40	0.78	39.52	7	seek		-1		bot-5	39.59	w	0	2	29
166442	bot-5	alpha	H32r-R310	latches	0.36	-32.42	51	0.00	0.00		0			-1		bot-4	39.58	w	0	2	101
166573	bot-2	bravo	F00r-3420	state	29.15	-33.42	299	0.00	0.00	0.43	1	muzzleRecovery		-1		bot-3	33.38	y	0	4	2
166573	bot-4	bravo	U00r-R420	state	-4.91	6.33	172	4.08	0.40	30.02	5	pursue		-1		bot-5	39.34	y	0	2	29
166614	bot-2	bravo	P00r-3420	state	29.10	-33.40	293	1.32	0.05	0.38	1	muzzleRecovery		-1		bot-3	33.38	y	0	4	2
166614	bot-4	bravo	U00r-R42G	latches	-4.83	6.18	172	4.08	0.17	29.86	5	pursue		-1		bot-5	39.11	w	0	2	29
166614	bot-5	alpha	H32r-R31G	latches	0.36	-32.42	65	0.00	0.00		0			-1		bot-4	39.11	w	0	2	101
166716	bot-2	bravo	A00r-3420	state	29.03	-33.37	299	0.00	0.08		0			-1		bot-3	33.25	y	0	4	2
166843	bot-4	bravo	S00r-R420	state+latches	-4.41	5.42	162	2.40	0.87	38.21	6	seek		-1		bot-5	38.23	w	0	2	29
166843	bot-5	alpha	H32r-R310	latches	0.36	-32.42	82	0.00	0.00		0			-1		bot-4	38.23	f	0	2	101
166906	bot-1	alpha	A00r-R410	tick	-7.71	-29.09	97	0.00	0.00		0			-1		bot-2	36.99	y	0	0	22
166948	bot-2	bravo	F00r-2420	state+ammo	29.03	-33.37	299	0.00	0.00		0			-1		bot-3	33.25	y	0	3	2
166991	bot-2	bravo	A00r-2420	state	29.03	-33.37	299	0.00	0.00		0			-1		bot-3	33.25	y	0	3	2
167065	bot-6	bravo	S00r-4410	tick	-3.26	12.73	180	2.40	2.46	29.82	5	seek		-1		bot-3	30.36	w	0	7	30
167133	bot-5	alpha	H32r-4310	ammo	0.36	-32.42	105	0.00	0.00		0			-1		bot-4	37.58	f	0	20	83
167179	bot-5	alpha	H32r-4410	health	0.36	-32.42	109	0.00	0.00		0			-1		bot-4	37.51	f	0	20	83
167222	bot-3	alpha	H32m-2320	health	-0.13	-17.39	146	0.00	0.00		0			-1		bot-2	33.26	y	0	3	35
167304	bot-2	bravo	F00r-2420	state	29.03	-33.37	299	0.00	0.00	0.47	1	muzzleRecovery		-1		bot-3	33.25	y	0	2	2
167348	bot-2	bravo	P00r-2420	state	29.00	-33.41	290	1.32	0.06	0.42	1	muzzleRecovery		-1		bot-3	33.25	y	0	2	2
167399	bot-5	alpha	S32r-4410	state	0.36	-32.35	111	1.32	0.07	37.23	5	seek		-1		bot-4	37.04	f	0	20	83
167453	bot-5	alpha	A32r-4410	state	0.36	-32.35	100	0.00	0.00		0			-1		bot-2	28.61	y	0	20	83
167500	bot-2	bravo	U00r-2420	state	28.86	-33.49	278	1.32	0.15	24.07	3	pursue		-1		bot-3	33.23	y	0	2	2
167581	bot-1	alpha	F00r-4410	state+ammo	-7.71	-29.09	97	0.00	0.00		0			-1		bot-2	36.79	y	0	6	15
167581	bot-2	bravo	U00r-2320	health	28.77	-33.43	295	1.32	0.11	23.96	3	pursue		-1		bot-3	33.11	y	0	2	2
167581	bot-5	alpha	F32r-4410	state	0.36	-32.35	92	0.00	0.00		0			-1		bot-2	28.48	y	0	19	83
167643	bot-1	alpha	A00r-4410	state	-7.71	-29.09	97	0.00	0.00		0			-1		bot-2	36.74	y	0	6	15
167643	bot-2	bravo	U10r-2320	tier	28.70	-33.39	299	1.32	0.08	23.88	3	pursue		-1		bot-3	33.06	y	0	2	2
167643	bot-3	alpha	H32m-2420	health	-0.13	-17.39	113	0.00	0.00		0			-1		bot-2	33.06	y	0	3	35
167643	bot-5	alpha	A32r-4410	state	0.36	-32.35	92	0.00	0.00		0			-1		bot-2	28.43	y	0	19	83
167766	bot-5	alpha	F32r-4410	state	0.36	-32.35	92	0.00	0.00		0			-1		bot-2	28.28	y	0	18	83
167825	bot-5	alpha	A32r-4410	state	0.36	-32.35	92	0.00	0.00		0			-1		bot-2	28.08	y	0	18	83
167874	bot-3	alpha	A32m-2420	state	-0.13	-17.39	109	0.00	0.00		0			-1		bot-2	32.42	y	0	3	35
167874	bot-4	bravo	S00r-R420	tick	-3.10	3.33	179	2.34	2.47	36.08	6	seek		-1		bot-5	35.96	w	0	2	29
167921	bot-5	alpha	F32r-4410	state	0.36	-32.35	91	0.00	0.00		0			-1		bot-2	27.71	y	0	17	83
167973	bot-1	alpha	F00r-3410	state+ammo	-7.71	-29.09	96	0.00	0.00		0			-1		bot-2	35.81	y	0	5	15
167973	bot-3	alpha	F32m-2420	state	-0.13	-17.39	119	0.00	0.00		0			-1		bot-2	32.02	y	0	2	35
167973	bot-5	alpha	A32r-4410	state	0.36	-32.35	91	0.00	0.00		0			-1		bot-2	27.54	y	0	17	83
168024	bot-1	alpha	A00r-3410	state	-7.71	-29.09	96	0.00	0.00		0			-1		bot-2	35.62	y	0	5	15
168024	bot-2	bravo	E10r-1120	state+ammo+health	27.98	-32.81	299	5.06	0.93	4.86	1	flee		-1		bot-3	31.82	y	0	1	2
168024	bot-3	alpha	A32m-2420	state	-0.13	-17.39	119	0.00	0.00		0			-1		bot-2	31.81	y	0	2	35
168067	bot-2	bravo	E10r-1129	latches	28.19	-32.85	299	5.06	0.22	4.64	1	flee		-1		bot-3	32.07	y	0	1	2
168067	bot-4	bravo	S00r-4420	ammo	-2.86	2.94	180	2.35	0.46	35.69	6	seek		-1		bot-5	35.53	w	0	7	24
168067	bot-5	alpha	F32r-4410	state	0.36	-32.35	91	0.00	0.00	0.62	1	muzzleRecovery		-1		bot-2	27.62	y	0	16	83
168067	bot-6	bravo	S00r-4410	tick	-3.25	10.33	171	2.40	2.40	27.45	4	seek		-1		bot-3	28.00	w	0	7	30
168112	bot-5	alpha	P32r-4410	state	0.31	-32.34	82	1.32	0.06	0.56	1	muzzleRecovery		-1		bot-2	27.84	y	0	16	83
168196	bot-3	alpha	A32m-R42G	ammo+latches	-0.13	-17.39	119	0.00	0.00		0			-1		bot-2	32.69	w	0	2	35
168362	bot-1	alpha	F00r-3410	state	-7.71	-29.09	96	0.00	0.00		0			-1		bot-2	37.21	y	0	4	15
168362	bot-5	alpha	A32r-4410	state	0.08	-32.31	61	0.00	0.23		0			-1		bot-2	29.22	y	0	16	83
168418	bot-1	alpha	A00r-3410	state	-7.71	-29.09	96	0.00	0.00		0			-1		bot-2	37.58	y	0	4	15
168418	bot-2	bravo	E10r-R129	ammo	29.94	-33.19	272	5.06	1.78	2.87	1	flee		-1		bot-5	29.60	y	0	0	2
168418	bot-3	alpha	S33m-R420	state+score+latches	-0.07	-17.43	119	1.32	0.08	32.19	4	seek		-1		bot-2	33.69	w	0	2	35
168418	bot-5	alpha	A33r-4410	score	0.08	-32.31	73	0.00	0.00		0			-1		bot-2	29.59	y	0	16	83
168487	bot-1	alpha	A00r-3310	health	-7.71	-29.09	96	0.00	0.00		0			-1		bot-2	37.87	y	0	4	15
168597	bot-5	alpha	F33r-3410	state+ammo	0.08	-32.31	92	0.00	0.00		0			-1		bot-2	30.64	y	0	15	83
168626	bot-5	alpha	U33r-3410	state	0.09	-32.27	92	1.32	0.04	24.90	5	pursue		-1		bot-2	30.77	y	0	15	83
168704	bot-1	alpha	F00r-2310	state+ammo	-7.71	-29.09	96	0.00	0.00		0			-1		bot-2	39.05	y	0	3	15
168750	bot-1	alpha	A00r-2310	state	-7.71	-29.09	96	0.00	0.00		0			-1		bot-2	39.31	y	0	3	15
169002	bot-2	bravo	E10r-R120	latches	32.49	-33.70	273	0.00	2.60		0			-1		bot-5	31.75	y	0	0	2
169055	bot-1	alpha	F00r-2310	state	-7.71	-29.09	97	0.00	0.00		0			-1		bot-2	40.46	y	0	2	15
169055	bot-3	alpha	M33m-R420	state	0.72	-18.31	132	4.49	1.18	13.68	2	medic		-1		bot-2	35.23	w	0	2	35
169104	bot-1	alpha	U00r-2310	state	-7.64	-29.09	97	1.32	0.06	31.30	4	pursue		-1		bot-2	40.46	y	0	2	15
169104	bot-4	bravo	S00r-4420	tick	-1.58	0.80	149	2.40	2.49	33.57	6	seek		-1		bot-5	33.19	w	0	7	24
169104	bot-6	bravo	S00r-4410	tick	-3.25	7.84	180	2.40	2.49	25.00	4	seek		-1		bot-3	26.57	w	0	7	30
169184	bot-2	bravo	E10r-R12G	latches	32.49	-33.70	272	0.00	0.00		0			-1		bot-5	32.01	w	0	0	2
169184	bot-5	alpha	U33r-341G	latches	0.41	-32.58	92	4.08	0.45	26.24	6	pursue		-1		bot-2	32.01	w	0	15	83
169245	bot-2	bravo	E10r-R120	latches	32.49	-33.70	277	0.00	0.00		0			-1		bot-1	40.25	y	0	0	2
169276	bot-5	alpha	U33r-3410	latches	0.34	-32.21	92	4.08	0.38	26.33	5	pursue		-1		bot-2	32.15	y	0	15	83
169308	bot-3	alpha	S33m-R420	state	0.14	-19.07	181	2.40	0.96	31.71	5	seek		-1		bot-2	35.57	w	0	2	35
169678	bot-3	alpha	S00m-R420	tier+score	1.01	-19.25	102	2.40	0.89	30.85	5	seek		-1		bot-2	34.73	w	0	2	35
169678	bot-5	alpha	U00r-3410	tier+score	1.82	-32.02	93	4.08	1.50	24.86	4	pursue		-1		bot-2	30.88	y	0	15	83
169928	bot-2	bravo	H10r-R120	state	32.49	-33.70	289	0.00	0.00		0			-1		bot-1	37.84	y	0	0	2
169968	bot-4	bravo	A00r-4420	state	-0.56	-0.89	176	0.00	1.98		0			-1		bot-5	31.27	y	0	7	24
170009	bot-2	bravo	H10r-R220	health	32.49	-33.70	305	0.00	0.00		0			-1		bot-1	37.45	y	0	0	2
170009	bot-3	alpha	S00m-4420	ammo	1.79	-19.41	102	2.40	0.80	30.08	5	seek		-1		bot-2	33.96	w	0	7	30
170141	bot-1	alpha	U00r-2310	tick	-3.98	-29.16	97	4.08	3.67	27.65	4	pursue		-1		bot-2	36.96	y	0	2	15
170141	bot-6	bravo	S00r-4410	tick	-3.25	5.35	169	2.40	2.49	22.55	4	seek		-1		bot-3	25.47	w	0	7	30
170220	bot-2	bravo	H10r-2220	ammo	32.49	-33.70	311	0.00	0.00		0			-1		bot-1	36.59	y	0	2	0
170269	bot-4	bravo	F00r-4420	state	-0.56	-0.89	171	0.00	0.00		0			-1		bot-3	18.84	y	0	6	24
170311	bot-3	alpha	S10m-4420	tier	2.50	-19.56	102	2.40	0.72	29.38	5	seek		-1		bot-2	33.26	w	0	7	30
170311	bot-4	bravo	A00r-4420	state	-0.56	-0.89	171	0.00	0.00		0			-1		bot-3	18.89	y	0	6	24
170351	bot-6	bravo	P00r-4410	state	-3.07	4.89	179	2.40	0.50	48.64	0			-1				-	0	7	30
170615	bot-2	bravo	H00r-2220	tier	32.49	-33.70	300	0.00	0.00		0			-1		bot-1	35.11	y	0	2	0
170684	bot-5	alpha	U00r-3410	tick	5.92	-31.85	94	4.08	4.10	20.78	4	pursue		-1		bot-2	26.92	y	0	15	83
170771	bot-3	alpha	A10m-4420	state	3.37	-19.74	15	0.00	0.89		0			-1		bot-4	19.27	y	0	7	30
170850	bot-2	bravo	H00r-2320	health	32.49	-33.70	282	0.00	0.00		0			-1		bot-1	34.06	y	0	2	0
171000	bot-3	alpha	F10m-4420	state	3.37	-19.74	348	0.00	0.00		0			-1		bot-4	19.26	y	0	6	30
171000	bot-4	bravo	A00r-4320	health	-0.69	-0.76	125	4.08	0.18	5.71	1	grenade		-1		bot-3	19.26	y	0	6	24
171000	bot-6	bravo	P21r-4410	tier+score	-4.21	4.01	240	4.08	1.44	5.51	1	grenade		-1				-	0	7	30
171076	bot-3	alpha	A10m-4420	state	3.59	-19.97	4	4.08	0.31	5.27	1	grenade		-1		bot-4	19.41	y	0	6	30
171076	bot-4	bravo	A21r-4320	tier+score	-0.91	-0.55	105	4.08	0.31	5.40	1	grenade		-1		bot-3	19.41	y	0	6	24
171213	bot-1	alpha	U00r-2310	tick	0.38	-29.25	98	4.08	4.36	23.33	3	pursue		-1		bot-2	32.73	y	0	2	15
171213	bot-3	alpha	A10m-442G	latches	3.98	-20.37	39	4.08	0.56	4.70	1	grenade		-1		bot-4	20.37	w	0	6	30
171213	bot-4	bravo	A21r-432G	latches	-1.31	-0.15	69	4.08	0.56	4.83	1	grenade		-1		bot-3	20.37	f	0	6	24
171378	bot-1	alpha	U00r-2410	health	0.27	-29.58	127	4.08	0.35	5.09	1	grenade		-1		bot-2	32.39	y	0	2	15
171378	bot-2	bravo	H00r-2420	health	32.49	-33.70	224	0.00	0.00		0			-1		bot-1	32.38	y	0	2	0
171410	bot-3	alpha	S10m-4420	state+latches	4.54	-20.95	90	4.08	0.80	3.90	1	grenade		-1		bot-4	21.68	f	0	6	30
171410	bot-4	bravo	S21r-4320	state+latches	-1.38	-0.12	64	4.69	0.07	20.24	4	seek		-1		bot-3	21.68	f	0	6	24
171457	bot-1	alpha	E33r-2110	state+tier+score+health	0.19	-29.95	123	5.82	0.38	4.92	2	flee		-1		bot-2	32.56	y	0	2	15
171457	bot-3	alpha	E33m-4020	state+tier+score+health	4.81	-21.01	90	5.82	0.27	5.10	1	flee		-1		bot-4	21.65	f	0	6	30
171457	bot-5	alpha	A33r-3210	state+tier+score+health	8.84	-31.84	95	0.00	2.92		0			-1		bot-2	23.73	y	0	15	83
171528	bot-1	alpha	E33r-2119	latches	0.19	-30.35	105	5.82	0.41	4.52	2	flee		-1		bot-2	32.52	y	0	2	15
171528	bot-2	bravo	A00r-2420	state	32.49	-33.70	244	0.00	0.00		0			-1		bot-1	32.52	y	0	2	0
171528	bot-3	alpha	E33m-4029	latches	5.20	-21.11	90	5.82	0.41	4.69	1	flee		-1		bot-4	21.58	f	0	6	30
171528	bot-5	alpha	F33r-3210	state	8.84	-31.84	95	0.00	0.00		0			-1		bot-2	23.73	y	0	14	83
171566	bot-4	bravo	A00r-4320	state+tier+score	-1.07	-0.58	104	0.00	0.55		0			-1		bot-3	21.47	y	0	6	24
171566	bot-5	alpha	A33r-3210	state	8.84	-31.84	95	0.00	0.00		0			-1		bot-2	23.73	y	0	14	83
171644	bot-1	alpha	E33r-1119	ammo	0.20	-31.02	96	5.82	0.67	3.87	2	flee		-1		bot-2	32.45	y	0	1	15
171687	bot-5	alpha	F33r-3210	state	8.84	-31.84	95	0.00	0.00		0			-1		bot-2	23.73	y	0	13	83
171732	bot-2	bravo	F00r-1420	state+ammo	32.49	-33.70	274	0.00	0.00		0			-1		bot-1	32.37	y	0	1	0
171732	bot-3	alpha	E35m-4029	score	6.36	-21.40	90	5.82	1.19	3.50	1	flee		-1		bot-4	21.96	f	0	6	30
171732	bot-5	alpha	A35r-3210	state+score	8.84	-31.84	95	0.00	0.00		0			-1		bot-2	23.73	y	0	13	83
171773	bot-1	alpha	D00r--000	state+tier+score+ammo+health+packs+latches	0.21	-31.55	94	5.82	0.52	3.37	2	flee		-1		bot-2	32.38	y	0	1	15
171773	bot-2	bravo	A00r-1420	state	32.49	-33.70	275	0.00	0.00		0			-1		bot-5	23.72	y	0	1	0
171841	bot-4	bravo	F00r-3320	state+ammo	-1.07	-0.58	159	0.00	0.00		0			-1		bot-3	22.36	y	0	5	24
171841	bot-5	alpha	F35r-3210	state	8.84	-31.84	95	0.00	0.00		0			-1		bot-2	23.73	y	0	12	83
171880	bot-4	bravo	A00r-3320	state	-1.07	-0.58	159	0.00	0.00		0			-1		bot-3	22.47	y	0	5	24
171880	bot-5	alpha	A35r-3210	state	8.84	-31.84	95	0.00	0.00		0			-1		bot-2	23.73	y	0	12	83
172011	bot-5	alpha	F35r-3210	state	8.84	-31.84	95	0.00	0.00		0			-1		bot-2	23.73	y	0	11	83
172011	bot-6	bravo	P21r-4410	tick	-6.66	2.48	148	0.00	2.89		0			-1				-	0	7	30
172047	bot-5	alpha	A35r-3210	state	8.84	-31.84	95	0.00	0.00		0			-1		bot-2	23.72	y	0	11	83
172083	bot-2	bravo	A00r-0420	ammo	32.49	-33.70	275	0.00	0.00		0			-1		bot-5	23.72	y	0	0	0
172162	bot-5	alpha	F35r-2210	state+ammo	8.84	-31.84	95	0.00	0.00		0			-1		bot-2	23.72	y	0	10	83
172197	bot-2	bravo	A10r-0420	tier	32.49	-33.70	275	0.00	0.00		0			-1		bot-5	23.72	y	0	0	0
172197	bot-4	bravo	F00r-3320	state	-1.07	-0.58	156	0.00	0.00		0			-1		bot-3	23.50	y	0	4	24
172197	bot-5	alpha	A37r-2210	state+score	8.84	-31.84	95	0.00	0.00		0			-1		bot-2	23.72	y	0	10	83
172235	bot-3	alpha	D00m--000	state+tier+score+ammo+packs+latches	8.81	-22.01	90	5.06	2.52	0.97	1	flee		-1		bot-4	23.51	f	0	6	30
172235	bot-4	bravo	A00r-3320	state	-1.07	-0.58	162	0.00	0.00		0			-1		bot-5	32.79	y	0	4	24
172311	bot-5	alpha	F37r-2210	state	8.84	-31.84	95	0.00	0.00		0			-1		bot-2	23.72	y	0	9	83
172367	bot-5	alpha	A37r-2210	state	8.84	-31.84	95	0.00	0.00		0			-1		bot-2	23.72	y	0	9	83
172467	bot-5	alpha	F37r-2210	state	8.84	-31.84	95	0.00	0.00		0			-1		bot-2	23.72	y	0	8	83
172510	bot-5	alpha	A37r-2210	state	8.84	-31.84	95	0.00	0.00		0			-1		bot-2	23.72	y	0	8	83
172510	bot-6	bravo	P00r-4410	tier+score	-6.70	2.44	155	1.32	0.06	44.49	5	patrolReentry		-1				-	0	7	30
172554	bot-4	bravo	F00r-2320	state+ammo	-1.07	-0.58	162	0.00	0.00		0			-1		bot-5	32.79	y	0	3	24
172592	bot-4	bravo	A00r-2320	state	-1.07	-0.58	162	0.00	0.00		0			-1		bot-5	32.79	y	0	3	24
172631	bot-5	alpha	F37r-2210	state	8.84	-31.84	95	0.00	0.00		0			-1		bot-2	23.72	y	0	7	83
172677	bot-5	alpha	A37r-2210	state	8.84	-31.84	95	0.00	0.00		0			-1		bot-2	23.72	y	0	7	83
172779	bot-1	alpha	D00r--000	tick	0.21	-31.55	94	5.82	0.00	3.37	2	flee		-1		bot-2	32.38	y	0	1	15
172779	bot-5	alpha	F37r-2210	state	8.84	-31.84	95	0.00	0.00		0			-1		bot-2	23.72	y	0	6	83
172815	bot-5	alpha	A37r-2210	state	8.84	-31.84	95	0.00	0.00		0			-1		bot-2	23.72	y	0	6	83
172955	bot-4	bravo	F00r-2320	state	-1.07	-0.58	162	0.00	0.00		0			-1		bot-5	32.79	y	0	2	24
172955	bot-5	alpha	F37r-1210	state+ammo	8.84	-31.84	95	0.00	0.00		0			-1		bot-2	23.72	y	0	5	83
172987	bot-4	bravo	A00r-2320	state	-1.07	-0.58	162	0.00	0.00		0			-1		bot-5	32.79	y	0	2	24
172987	bot-5	alpha	A37r-1210	state	8.84	-31.84	95	0.00	0.00		0			-1		bot-2	23.72	y	0	5	83
173115	bot-5	alpha	F37r-1210	state	8.84	-31.84	95	0.00	0.00		0			-1		bot-2	23.72	y	0	4	83
173145	bot-5	alpha	A37r-1210	state	8.84	-31.84	95	0.00	0.00		0			-1		bot-2	23.72	y	0	4	83
173238	bot-2	bravo	A10r-0420	tick	32.49	-33.70	275	0.00	0.00		0			-1		bot-5	23.72	y	0	0	0
173238	bot-3	alpha	D00m--000	tick	8.81	-22.01	90	5.06	0.00	0.97	1	flee		-1		bot-4	23.51	f	0	6	30
173312	bot-4	bravo	F00r-1320	state+ammo	-1.07	-0.58	162	0.00	0.00		0			-1		bot-5	32.79	y	0	1	24
173312	bot-5	alpha	F37r-1210	state	8.84	-31.84	95	0.00	0.00	0.42	1	muzzleRecovery		-1		bot-2	23.72	y	0	3	83
173341	bot-4	bravo	A00r-1420	state+health	-1.07	-0.58	162	0.00	0.00		0			-1		bot-5	32.79	y	0	1	24
173341	bot-5	alpha	P37r-1210	state	8.83	-31.87	101	1.32	0.04	0.38	1	muzzleRecovery		-1		bot-2	23.72	y	0	3	83
173421	bot-5	alpha	A37r-1210	state	8.83	-31.91	96	0.00	0.04		0			-1		bot-2	23.73	y	0	3	83
173456	bot-5	alpha	F37r-1210	state	8.83	-31.91	94	0.00	0.00		0			-1		bot-2	23.73	y	0	2	83
173489	bot-5	alpha	A37r-1210	state	8.83	-31.91	94	0.00	0.00		0			-1		bot-2	23.73	y	0	2	83
173522	bot-6	bravo	P00r-4410	tick	-8.37	0.99	250	2.40	2.21	42.33	5	patrolReentry		-1				-	0	7	30
173600	bot-5	alpha	F37r-1210	state	8.83	-31.91	94	0.00	0.00		0			-1		bot-2	23.73	y	0	1	83
173638	bot-5	alpha	A37r-1210	state	8.83	-31.91	94	0.00	0.00		0			-1		bot-2	23.73	y	0	1	83
173675	bot-4	bravo	A00r-4420	ammo	-1.07	-0.58	162	0.00	0.00		0			-1		bot-5	32.86	y	0	20	101
173715	bot-4	bravo	U00r-4420	state	-1.04	-0.62	162	1.32	0.05	26.96	4	pursue		-1		bot-5	32.86	y	0	20	101
173762	bot-5	alpha	A37r-R210	ammo	8.83	-31.91	94	0.00	0.00		0			-1		bot-2	23.73	y	0	0	83
173793	bot-1	alpha	D00r--000	tick	0.21	-31.55	94	5.82	0.00	3.37	2	flee		-1		bot-2	32.38	y	0	1	15
174305	bot-2	bravo	A10r-0420	tick	32.49	-33.70	274	0.00	0.00		0			-1		bot-5	23.73	y	0	0	0
174305	bot-3	alpha	D00m--000	tick	8.81	-22.01	90	5.06	0.00	0.97	1	flee		-1		bot-4	23.51	f	0	6	30
174491	bot-5	alpha	A34r-R210	score	8.83	-31.91	94	0.00	0.00		0			-1		bot-2	23.73	y	0	0	83
174574	bot-6	bravo	P00r-4410	tick	-10.23	-0.62	232	2.40	2.46	39.93	5	patrolReentry		-1				-	0	7	30
174824	bot-1	alpha	D00r--000	tick	0.21	-31.55	94	5.82	0.00	3.37	2	flee		-1		bot-2	32.38	y	0	1	15
174824	bot-4	bravo	U00r-4420	tick	0.74	-3.65	164	4.08	3.51	23.55	3	pursue		-1		bot-5	29.80	y	0	20	101
175372	bot-2	bravo	A00r-0420	tier	32.49	-33.70	274	0.00	0.00		0			-1		bot-5	23.73	y	0	0	0
175372	bot-3	alpha	D00m--000	tick	8.81	-22.01	90	5.06	0.00	0.97	1	flee		-1		bot-4	23.51	f	0	6	30
175372	bot-6	bravo	S00r-4410	state	-11.04	-1.64	185	2.40	1.31	36.03	7	seek		-1				-	0	7	30
175502	bot-5	alpha	A34r-R210	tick	8.83	-31.91	94	0.00	0.00		0			-1		bot-2	23.73	y	0	0	83
175571	bot-5	alpha	U34r-4310	state+ammo+health	8.92	-31.91	94	1.32	0.09	17.79	3	pursue		-1		bot-2	23.73	y	0	20	63
175786	bot-1	alpha	P00r-1410	state+ammo+health+packs	-8.25	-28.75	0	0.00	8.91		0			-1				-	0	1	15
175843	bot-1	alpha	S00r-R410	state+ammo	-8.11	-28.75	15	2.40	0.14	40.67	6	seek		-1				-	0	1	15
175843	bot-4	bravo	U00r-4420	tick	0.94	-7.29	162	4.08	3.65	20.33	3	pursue		-1		bot-5	26.20	y	0	20	101
175917	bot-1	alpha	C00r-R410	state	-7.81	-28.90	34	4.57	0.34	9.16	2	cover		-1				-	0	1	15
176010	bot-1	alpha	A00r-R410	state	-7.81	-28.90	53	0.00	0.00		0			-1		bot-2	40.59	y	0	1	15
176316	bot-3	alpha	P00m-0420	state+ammo+health+packs	2.25	-25.25	0	0.00	7.31		0			-1				-	0	0	101
176362	bot-3	alpha	A34m-4420	state+tier+score+ammo	2.25	-25.25	357	0.00	0.00		0			-1		bot-4	16.26	y	0	6	30
176452	bot-2	bravo	A00r-0420	tick	32.49	-33.70	261	0.00	0.00		0			-1		bot-5	21.12	y	0	0	0
176452	bot-4	bravo	A00r-4420	state	1.62	-9.18	175	0.00	2.01		0			-1		bot-3	16.09	y	0	20	101
176452	bot-6	bravo	S00r-4410	tick	-9.00	-2.98	148	2.40	2.44	33.81	7	seek		-1				-	0	7	30
176585	bot-4	bravo	F00r-4420	state	1.62	-9.18	178	0.00	0.00		0			-1		bot-3	16.08	y	0	19	101
176585	bot-5	alpha	U34r-4310	tick	12.36	-31.84	95	4.08	3.44	14.36	3	pursue		-1		bot-2	20.36	y	0	20	63
176617	bot-4	bravo	A00r-4420	state	1.62	-9.18	178	0.00	0.00		0			-1		bot-3	16.08	y	0	19	101
176734	bot-4	bravo	F00r-4420	state	1.62	-9.18	178	0.00	0.00		0			-1		bot-3	16.08	y	0	18	101
176776	bot-4	bravo	A00r-4420	state	1.62	-9.18	178	0.00	0.00		0			-1		bot-3	16.08	y	0	18	101
176891	bot-4	bravo	F00r-4420	state	1.62	-9.18	178	0.00	0.00		0			-1		bot-3	16.08	y	0	17	101
176926	bot-3	alpha	F34m-3420	state+ammo	2.25	-25.25	358	0.00	0.00		0			-1		bot-4	16.08	y	0	5	30
176926	bot-4	bravo	A10r-4420	state+tier	1.62	-9.18	178	0.00	0.00		0			-1		bot-3	16.08	y	0	17	101
176961	bot-3	alpha	A34m-3420	state	2.25	-25.25	358	0.00	0.00		0			-1		bot-4	16.08	y	0	5	30
177033	bot-1	alpha	A00r-R410	tick	-7.81	-28.90	96	0.00	0.00		0			-1		bot-2	40.75	y	0	1	15
177033	bot-4	bravo	F10r-4420	state	1.62	-9.18	178	0.00	0.00		0			-1		bot-3	16.08	y	0	16	101
177068	bot-4	bravo	U10r-4420	state	1.62	-9.23	178	1.32	0.05	10.18	2	pursue		-1		bot-3	16.08	y	0	16	101
177292	bot-3	alpha	F34m-3420	state	2.25	-25.25	358	0.00	0.00	0.50	1	muzzleRecovery		-1		bot-4	15.78	y	0	4	30
177326	bot-3	alpha	P34m-3420	state	2.25	-25.29	351	1.32	0.04	0.46	1	muzzleRecovery		-1		bot-4	15.66	y	0	4	30
177358	bot-5	alpha	A34r-4310	state	13.04	-30.73	2	4.08	1.30	4.08	1	grenade		-1		bot-4	24.03	y	0	20	63
177453	bot-2	bravo	A00r-0420	tick	33.30	-32.28	287	0.00	1.64		0			-1		bot-5	20.52	y	0	0	0
177453	bot-3	alpha	A34m-3420	state	2.17	-25.33	325	4.08	0.09	5.66	1	grenade		-1		bot-4	15.30	y	0	4	30
177453	bot-6	bravo	S00r-4410	tick	-7.21	-4.54	150	2.40	2.37	31.55	6	seek		-1				-	0	7	30
177486	bot-1	alpha	A35r-R410	tier+score	-7.81	-28.90	95	0.00	0.00		0			-1		bot-2	41.25	y	0	1	15
177486	bot-3	alpha	A37m-3220	score+health	2.17	-25.33	333	0.00	0.00		0			-1		bot-4	15.09	y	0	4	30
177486	bot-5	alpha	D00r--000	state+tier+score+ammo+health+packs	12.77	-30.46	338	4.08	0.39	5.47	1	grenade		-1		bot-4	23.29	y	0	20	63
177654	bot-1	alpha	F35r-4410	state+ammo	-7.81	-28.90	95	0.00	0.00		0			-1		bot-2	41.25	y	0	6	9
177654	bot-2	bravo	A10r-0420	tier	33.30	-32.28	283	0.00	0.00		0			-1		bot-3	31.90	y	0	0	0
177654	bot-3	alpha	F37m-2220	state+ammo	2.17	-25.33	358	0.00	0.00		0			-1		bot-4	14.49	y	0	3	30
177723	bot-1	alpha	A35r-4410	state	-7.81	-28.90	95	0.00	0.00		0			-1		bot-2	41.25	y	0	6	9
177723	bot-3	alpha	A37m-2220	state	2.17	-25.33	357	0.00	0.00		0			-1		bot-4	14.28	y	0	3	30
177895	bot-3	alpha	C37m-2220	state	2.12	-25.51	357	5.26	0.18	8.78	3	cover		-1		bot-4	13.45	y	0	3	30
177924	bot-3	alpha	A37m-2220	state	2.12	-25.51	357	0.00	0.00		0			-1		bot-4	13.48	y	0	3	30
178011	bot-1	alpha	F35r-3410	state+ammo	-7.81	-28.90	95	0.00	0.00		0			-1		bot-2	41.25	y	0	5	9
178011	bot-3	alpha	F37m-2220	state	2.12	-25.51	357	0.00	0.00		0			-1		bot-4	13.08	y	0	2	30
178047	bot-1	alpha	A35r-3410	state	-7.81	-28.90	95	0.00	0.00		0			-1		bot-2	41.25	y	0	5	9
178047	bot-3	alpha	A37m-2220	state	2.12	-25.51	357	0.00	0.00		0			-1		bot-4	13.01	y	0	2	30
178081	bot-4	bravo	U10r-4420	tick	1.45	-12.81	177	4.08	3.59	6.69	1	pursue		-1		bot-3	12.86	y	0	16	101
178374	bot-3	alpha	F37m-1220	state+ammo	2.12	-25.51	357	0.00	0.00		0			-1		bot-4	11.67	y	0	1	30
178403	bot-3	alpha	A37m-1220	state	2.12	-25.51	357	0.00	0.00		0			-1		bot-4	11.53	y	0	1	30
178438	bot-1	alpha	F35r-3410	state	-7.81	-28.90	32	0.00	0.00		0			-1		bot-4	17.48	y	0	4	9
178438	bot-4	bravo	U10r-4320	health	1.52	-14.26	177	4.08	1.46	5.24	1	pursue		-1		bot-3	11.43	y	0	16	101
178438	bot-6	bravo	S21r-4410	tier+score	-5.51	-6.02	151	2.40	2.25	29.42	5	seek		-1				-	0	7	30
178480	bot-1	alpha	A35r-3410	state	-7.81	-28.90	33	0.00	0.00		0			-1		bot-4	17.37	y	0	4	9
178534	bot-5	alpha	D00r--000	tick	12.77	-30.46	338	4.08	0.00	5.47	1	grenade		-1		bot-4	23.29	y	0	20	63
178687	bot-2	bravo	A10r-0420	tick	33.30	-32.28	282	0.00	0.00		0			-1		bot-3	31.91	y	0	0	0
178713	bot-3	alpha	C37m-1220	state	2.11	-25.55	357	1.48	0.04	8.74	3	cover		-1		bot-4	10.26	y	0	1	30
178742	bot-3	alpha	C37m-R222	ammo+latches	2.10	-25.59	357	1.48	0.04	8.70	3	cover		-1		bot-4	10.19	y	0	0	30
178792	bot-1	alpha	F35r-2410	state+ammo	-7.81	-28.90	35	0.00	0.00		0			-1		bot-4	16.29	y	0	3	9
178792	bot-4	bravo	E10r-3120	state+ammo+health	1.65	-15.48	177	5.06	1.22	6.95	2	flee		-1		bot-3	10.07	y	0	15	101
178792	bot-6	bravo	C32r-4410	state+tier+score	-4.86	-6.10	108	4.57	0.66	3.11	3	cover		-1				-	0	7	30
178819	bot-1	alpha	A35r-2410	state	-7.81	-28.90	35	0.00	0.00		0			-1		bot-4	16.43	y	0	3	9
178819	bot-4	bravo	E10r-3129	latches	1.72	-15.36	178	5.06	0.14	6.82	2	flee		-1		bot-3	10.22	y	0	15	101
178819	bot-6	bravo	C32r-4412	latches	-4.98	-6.10	115	4.51	0.12	3.15	3	cover		-1				-	0	7	30
178959	bot-4	bravo	E10r-3120	latches	2.09	-14.76	180	5.06	0.71	7.19	2	flee		-1		bot-3	11.09	y	0	14	101
178986	bot-4	bravo	E10r-3129	latches	2.16	-14.64	181	5.06	0.14	7.06	2	flee		-1		bot-3	11.28	y	0	14	101
179143	bot-1	alpha	F35r-2410	state	-7.81	-28.90	35	0.00	0.00		0			-1		bot-4	18.05	y	0	2	9
179173	bot-1	alpha	A35r-2410	state	-7.81	-28.90	35	0.00	0.00		0			-1		bot-4	18.20	y	0	2	9
179173	bot-2	bravo	A00r-0420	tier	33.30	-32.28	280	0.00	0.00		0			-1		bot-3	31.99	y	0	0	0
179281	bot-4	bravo	E10r-3120	latches	2.95	-13.37	185	5.06	1.49	6.33	2	flee		-1		bot-3	13.92	y	0	12	101
179303	bot-4	bravo	E10r-3129	latches	3.00	-13.28	185	5.06	0.11	6.22	2	flee		-1		bot-3	14.14	y	0	12	101
179329	bot-3	alpha	A37m-R220	state+latches	1.60	-27.54	6	0.00	2.01		0			-1		bot-4	14.33	y	0	0	30
179329	bot-6	bravo	C00r-4412	tier+score	-5.69	-4.32	44	4.57	1.92	2.08	2	cover		-1				-	0	7	30
179486	bot-1	alpha	F35r-1410	state+ammo	-7.81	-28.90	35	0.00	0.00	0.35	1	muzzleRecovery		-1		bot-4	19.85	y	0	1	9
179503	bot-1	alpha	P35r-1410	state	-7.81	-28.92	38	1.32	0.02	0.33	1	muzzleRecovery		-1		bot-4	19.94	y	0	1	9
179532	bot-1	alpha	A35r-1410	state	-7.81	-28.92	34	0.00	0.00		0			-1		bot-4	20.04	y	0	1	9
179532	bot-3	alpha	U37m-R320	state+health	1.60	-27.50	7	1.32	0.04	9.48	2	pursue		-1		bot-4	15.25	y	0	0	30
179560	bot-4	bravo	E10r-2129	ammo	3.69	-12.17	188	5.06	1.30	5.00	2	flee		-1		bot-3	15.36	y	0	10	101
179560	bot-5	alpha	D00r--000	tick	12.77	-30.46	338	4.08	0.00	5.47	1	grenade		-1		bot-4	23.29	y	0	20	63
179684	bot-6	bravo	G00r-4412	state	-4.75	-3.75	69	0.00	1.10		0			-1				-	0	7	30
179748	bot-1	alpha	A34r-1410	score	-7.81	-28.92	34	0.00	0.00		0			-1		bot-4	21.15	y	0	1	9
179748	bot-3	alpha	A36m-R120	state+score+health	1.66	-27.26	9	0.00	0.25		0			-1		bot-4	15.99	y	0	0	30
179841	bot-1	alpha	A34r-R410	ammo	-7.81	-28.92	35	0.00	0.00		0			-1		bot-4	21.58	y	0	0	9
180015	bot-3	alpha	A36m-R12G	latches	1.66	-27.26	12	0.00	0.00		0			-1		bot-4	16.85	w	0	0	30
180187	bot-2	bravo	A00r-0420	tick	33.30	-32.28	279	0.00	0.00		0			-1		bot-3	32.04	y	0	0	0
180212	bot-1	alpha	A32r-R410	score	-7.81	-28.92	11	0.00	0.00		0			-1		bot-4	23.31	y	0	0	9
180212	bot-3	alpha	A34m-R12G	score	1.66	-27.26	12	0.00	0.00		0			-1		bot-4	17.59	w	0	0	30
180237	bot-3	alpha	P34m-R120	state+latches	1.62	-27.26	6	1.32	0.03	6.07	1	cohesion		-1		bot-4	17.68	w	0	0	30
180288	bot-1	alpha	A32r-R41G	latches	-7.81	-28.92	359	0.00	0.00		0			-1		bot-4	23.66	w	0	0	9
180288	bot-4	bravo	E10r-212P	latches	6.56	-9.98	217	5.06	3.61	1.40	1	flee		-1		bot-1	23.67	w	0	7	101
180307	bot-6	bravo	S00r-4410	state+latches	-4.77	-3.75	167	1.32	0.02	31.76	7	seek		-1				-	0	7	30
180419	bot-3	alpha	A34m-R120	state	1.41	-27.30	337	0.00	0.22		0			-1		bot-4	18.50	y	0	0	30
180446	bot-4	bravo	E10r-2129	latches	7.24	-9.56	210	5.06	0.80	0.60	1	flee		-1		bot-3	18.58	y	0	7	101
180469	bot-1	alpha	A00r-R41G	tier+score	-7.81	-28.92	345	0.00	0.00		0			-1		bot-4	24.53	w	0	0	9
180469	bot-3	alpha	A33m-R120	score	1.41	-27.30	347	0.00	0.00		0			-1		bot-4	18.68	y	0	0	30
180527	bot-1	alpha	S00r-R410	state+latches	-7.81	-28.92	346	0.00	0.00		0			-1		bot-4	24.76	w	0	0	9
180574	bot-3	alpha	A33m-4120	ammo	1.41	-27.30	9	0.00	0.00		0			-1		bot-4	18.99	y	0	7	23
180574	bot-5	alpha	D00r--000	tick	12.77	-30.46	338	4.08	0.00	5.47	1	grenade		-1		bot-4	23.29	y	0	20	63
180612	bot-4	bravo	E10r-2120	latches	7.59	-9.35	199	0.00	0.41	0.43	1	muzzleRecovery		-1		bot-3	19.00	y	0	6	101
180723	bot-4	bravo	E10r-1120	ammo	7.59	-9.35	198	0.00	0.00	0.43	1	muzzleRecovery		-1		bot-3	18.60	y	0	5	101
181137	bot-3	alpha	A33m-41A0	packs	3.00	-26.44	79	4.08	1.80	5.35	1	grenade		-1		bot-4	18.65	y	0	7	23
181166	bot-1	alpha	S33r-R410	tier+score	-8.13	-29.21	316	4.69	0.43	23.80	4	seek		-1				-	0	0	9
181166	bot-3	alpha	D00m--000	state+tier+score+ammo+health+packs	3.00	-26.44	79	4.08	0.00	5.35	1	grenade		-1		bot-4	18.65	y	0	7	23
181166	bot-4	bravo	D00r--000	state+tier+ammo+health+packs	8.49	-8.46	118	4.08	1.27	4.57	1	grenade		-1		bot-3	18.65	y	0	5	101
181166	bot-6	bravo	P00r-4210	state+health	-6.22	-3.89	211	4.69	1.46	5.07	6	patrolReentry		-1				-	0	7	30
181203	bot-2	bravo	A00r-0420	tick	33.30	-32.28	274	0.00	0.00		0			-1		bot-1	41.55	y	0	0	0
181420	bot-1	alpha	A33r-R410	state	-7.35	-28.42	21	0.00	1.11		0			-1		bot-2	40.84	y	0	0	9
181503	bot-5	alpha	P00r-0410	state+ammo+health+packs	7.25	-33.25	0	0.00	6.19		0			-1				-	0	0	35
181520	bot-5	alpha	C35r-4410	state+tier+score+ammo	7.17	-33.26	4	4.57	0.08	3.95	1	cover		-1				-	0	20	63
181538	bot-5	alpha	C35r-4412	latches	7.09	-33.27	9	4.57	0.08	3.87	1	cover		-1				-	0	20	63
181570	bot-5	alpha	A35r-4410	state+latches	7.09	-33.27	16	0.00	0.00		0			-1		bot-2	26.24	y	0	20	63
181647	bot-1	alpha	A33r-4410	ammo	-7.35	-28.42	74	0.00	0.00		0			-1		bot-2	40.84	y	0	7	2
181788	bot-1	alpha	F33r-4410	state	-7.35	-28.42	95	0.00	0.00	0.43	1	muzzleRecovery		-1		bot-2	40.83	y	0	6	2
181819	bot-1	alpha	P33r-4410	state	-7.39	-28.40	89	1.32	0.04	0.39	1	muzzleRecovery		-1		bot-2	40.83	y	0	6	2
181896	bot-1	alpha	A33r-4410	state	-7.45	-28.38	83	0.00	0.07		0			-1		bot-2	40.94	y	0	6	2
182080	bot-5	alpha	F35r-4410	state	7.09	-33.27	88	0.00	0.00		0			-1		bot-2	26.23	y	0	19	63
182119	bot-5	alpha	A35r-4410	state	7.09	-33.27	88	0.00	0.00		0			-1		bot-2	26.23	y	0	19	63
182181	bot-1	alpha	F33r-3410	state+ammo	-7.45	-28.38	95	0.00	0.00		0			-1		bot-2	40.94	y	0	5	2
182181	bot-2	bravo	A10r-0420	tier	33.30	-32.28	268	0.00	0.00		0			-1		bot-5	26.23	y	0	0	0
182181	bot-3	alpha	D00m--000	tick	3.00	-26.44	79	4.08	0.00	5.35	1	grenade		-1		bot-4	18.65	y	0	7	23
182181	bot-4	bravo	D00r--000	tick	8.49	-8.46	118	4.08	0.00	4.57	1	grenade		-1		bot-3	18.65	y	0	5	101
182181	bot-6	bravo	P00r-4210	tick	-8.22	-5.36	224	2.40	2.48	5.33	6	patrolReentry		-1				-	0	7	30
182203	bot-1	alpha	A33r-3410	state	-7.45	-28.38	95	0.00	0.00		0			-1		bot-2	40.94	y	0	5	2
182227	bot-5	alpha	F35r-4410	state	7.09	-33.27	88	0.00	0.00		0			-1		bot-2	26.23	y	0	18	63
182252	bot-5	alpha	A35r-4410	state	7.09	-33.27	88	0.00	0.00		0			-1		bot-2	26.23	y	0	18	63
182369	bot-5	alpha	F35r-4410	state	7.09	-33.27	88	0.00	0.00		0			-1		bot-2	26.23	y	0	17	63
182397	bot-5	alpha	A35r-4410	state	7.09	-33.27	88	0.00	0.00		0			-1		bot-2	26.23	y	0	17	63
182519	bot-5	alpha	F35r-4410	state	7.09	-33.27	88	0.00	0.00		0			-1		bot-2	26.23	y	0	16	63
182536	bot-1	alpha	F33r-3410	state	-7.45	-28.38	95	0.00	0.00		0			-1		bot-2	40.94	y	0	4	2
182536	bot-2	bravo	A10r-0320	health	33.30	-32.28	268	0.00	0.00		0			-1		bot-5	26.23	y	0	0	0
182536	bot-5	alpha	A35r-4410	state	7.09	-33.27	88	0.00	0.00		0			-1		bot-2	26.23	y	0	16	63
182553	bot-1	alpha	A33r-3410	state	-7.45	-28.38	95	0.00	0.00		0			-1		bot-2	40.94	y	0	4	2
182669	bot-5	alpha	F35r-3410	state+ammo	7.09	-33.27	88	0.00	0.00		0			-1		bot-2	26.23	y	0	15	63
182687	bot-5	alpha	A35r-3410	state	7.09	-33.27	88	0.00	0.00		0			-1		bot-2	26.23	y	0	15	63
182746	bot-1	alpha	A32r-3410	score	-7.45	-28.38	95	0.00	0.00		0			-1		bot-2	40.94	y	0	4	2
182746	bot-5	alpha	A34r-3410	score	7.09	-33.27	88	0.00	0.00		0			-1		bot-2	26.23	y	0	15	63
182822	bot-5	alpha	F34r-3410	state	7.09	-33.27	88	0.00	0.00		0			-1		bot-2	26.23	y	0	14	63
182850	bot-5	alpha	A34r-3410	state	7.09	-33.27	88	0.00	0.00		0			-1		bot-2	26.23	y	0	14	63
182886	bot-1	alpha	F32r-2410	state+ammo	-7.45	-28.38	95	0.00	0.00		0			-1		bot-2	40.94	y	0	3	2
182886	bot-2	bravo	A10r-0220	health	33.30	-32.28	268	0.00	0.00		0			-1		bot-5	26.23	y	0	0	0
182914	bot-1	alpha	A32r-2410	state	-7.45	-28.38	95	0.00	0.00		0			-1		bot-2	40.94	y	0	3	2
182973	bot-5	alpha	F34r-3410	state	7.09	-33.27	88	0.00	0.00		0			-1		bot-2	26.23	y	0	13	63
183003	bot-5	alpha	A34r-3410	state	7.09	-33.27	88	0.00	0.00		0			-1		bot-2	26.23	y	0	13	63
183136	bot-5	alpha	F34r-3410	state	7.09	-33.27	88	0.00	0.00		0			-1		bot-2	26.23	y	0	12	63
183153	bot-5	alpha	A34r-3410	state	7.09	-33.27	88	0.00	0.00		0			-1		bot-2	26.23	y	0	12	63
183186	bot-3	alpha	D00m--000	tick	3.00	-26.44	79	4.08	0.00	5.35	1	grenade		-1		bot-4	18.65	y	0	7	23
183186	bot-4	bravo	D00r--000	tick	8.49	-8.46	118	4.08	0.00	4.57	1	grenade		-1		bot-3	18.65	y	0	5	101
183186	bot-6	bravo	P00r-4210	tick	-10.57	-5.66	252	2.40	2.37	5.47	5	patrolReentry		-1				-	0	7	30
183236	bot-1	alpha	F32r-2410	state	-7.45	-28.38	95	0.00	0.00		0			-1		bot-2	40.94	y	0	2	2
183253	bot-1	alpha	A32r-2410	state	-7.45	-28.38	95	0.00	0.00		0			-1		bot-2	40.94	y	0	2	2
183286	bot-5	alpha	F34r-3410	state	7.09	-33.27	88	0.00	0.00		0			-1		bot-2	26.23	y	0	11	63
183312	bot-5	alpha	U34r-3410	state	7.12	-33.27	88	1.32	0.03	20.35	3	pursue		-1		bot-2	26.23	y	0	11	63
183537	bot-6	bravo	S00r-4310	state+health	-11.40	-5.71	267	2.40	0.84	23.75	6	seek		-1				-	0	7	30
183586	bot-1	alpha	F32r-1410	state+ammo	-7.45	-28.38	95	0.00	0.00		0			-1		bot-2	40.94	y	0	1	2
183625	bot-1	alpha	A32r-1410	state	-7.45	-28.38	95	0.00	0.00		0			-1		bot-2	40.94	y	0	1	2
183886	bot-2	bravo	A10r-0220	tick	33.30	-32.28	268	0.00	0.00		0			-1		bot-5	24.47	y	0	0	0
183936	bot-1	alpha	A32r-R410	ammo	-7.45	-28.38	95	0.00	0.00		0			-1		bot-2	40.94	y	0	0	2
184199	bot-3	alpha	D00m--000	tick	3.00	-26.44	79	4.08	0.00	5.35	1	grenade		-1		bot-4	18.65	y	0	7	23
184199	bot-4	bravo	D00r--000	tick	8.49	-8.46	118	4.08	0.00	4.57	1	grenade		-1		bot-3	18.65	y	0	5	101
184328	bot-5	alpha	U34r-3410	tick	10.73	-33.26	88	4.08	3.61	16.74	3	pursue		-1		bot-2	22.70	y	0	11	63
184537	bot-6	bravo	S00r-4310	tick	-12.00	-7.54	170	2.31	1.93	22.03	5	seek		-1				-	0	7	30
184806	bot-2	bravo	A00r-0220	tier	33.30	-32.28	267	0.00	0.00		0			-1		bot-5	20.78	y	0	0	0
184924	bot-5	alpha	U00r-3410	tier+score	13.16	-33.26	87	4.08	2.43	14.32	3	pursue		-1		bot-2	20.36	y	0	11	63
184966	bot-1	alpha	A32r-R410	tick	-7.45	-28.38	95	0.00	0.00		0			-1		bot-2	40.94	y	0	0	2
185188	bot-3	alpha	P00m-0420	state+ammo+health+packs	2.25	-25.25	0	0.00	1.41		0			-1				-	0	0	101
185188	bot-4	bravo	P00r-0410	state+ammo+health+packs	-3.25	25.75	0	0.00	36.17		0			-1				-	0	0	24
185231	bot-3	alpha	C34m-4420	state+tier+score+ammo	2.20	-25.44	349	4.57	0.19	8.05	2	cover		-1				-	0	7	23
185231	bot-4	bravo	S00r-R410	state+ammo	-3.25	25.65	349	2.40	0.10	55.62	8	seek		-1				-	0	5	101
185299	bot-3	alpha	C34m-4422	latches	2.12	-25.74	331	4.57	0.31	7.74	2	cover		-1				-	0	7	23
185469	bot-3	alpha	C00m-4422	tier+score	1.92	-26.49	287	4.57	0.78	6.96	2	cover		-1				-	0	7	23
185536	bot-2	bravo	A00r-0320	health	33.30	-32.28	267	0.00	0.00		0			-1		bot-5	17.80	y	0	0	0
185560	bot-6	bravo	S00r-4310	tick	-12.00	-9.84	175	2.20	2.29	19.77	5	seek		-1				-	0	7	30
185678	bot-3	alpha	S00m-4420	state+latches	1.61	-27.18	258	2.40	0.75	8.36	2	seek		-1				-	0	7	23
185742	bot-1	alpha	F32r-1410	state+ammo	-7.45	-28.38	95	0.00	0.00		0			-1		bot-2	40.94	y	0	1	0
185762	bot-1	alpha	U32r-1410	state	-7.43	-28.38	95	1.32	0.03	31.82	4	pursue		-1		bot-2	40.94	y	0	1	0
185952	bot-5	alpha	U00r-3410	tick	17.36	-33.25	87	4.08	4.20	10.13	2	pursue		-1		bot-2	16.14	y	0	11	63
186239	bot-4	bravo	S00r-R410	tick	-3.25	23.23	185	2.40	2.42	53.21	8	seek		-1				-	0	5	101
186327	bot-3	alpha	C32m-4420	state+tier+score	0.13	-27.26	256	4.57	1.48	7.20	2	cover		-1				-	0	7	23
186346	bot-3	alpha	C32m-4422	latches	0.17	-27.33	256	4.57	0.08	7.12	2	cover		-1				-	0	7	23
186538	bot-2	bravo	A00r-0320	tick	33.30	-32.28	266	0.00	0.00		0			-1		bot-5	13.66	y	0	0	0
186573	bot-6	bravo	S00r-4310	tick	-12.00	-11.89	168	1.77	2.05	17.76	5	seek		-1				-	0	7	30
186759	bot-3	alpha	A32m-4420	state+latches	1.13	-28.86	172	0.00	1.80		0			-1		bot-2	32.36	y	0	7	23
186778	bot-1	alpha	U32r-1410	tick	-3.88	-28.32	96	4.08	3.54	28.30	4	pursue		-1		bot-2	37.48	y	0	1	0
186952	bot-5	alpha	U00r-3410	tick	21.44	-33.25	85	4.08	4.08	6.06	2	pursue		-1		bot-2	12.06	y	0	11	63
187036	bot-4	bravo	S00r-4410	ammo	-3.25	21.31	180	2.40	1.91	51.31	8	seek		-1				-	0	20	86
187145	bot-3	alpha	F32m-4420	state	1.13	-28.86	96	0.00	0.00		0			-1		bot-2	32.35	y	0	6	23
187145	bot-6	bravo	P00r-4310	state	-12.00	-12.73	172	1.68	0.84	16.94	3	patrolReentry		-1				-	0	7	30
187173	bot-2	bravo	A10r-0320	tier	33.30	-32.28	265	0.00	0.00		0			-1		bot-5	11.13	y	0	0	0
187173	bot-3	alpha	A32m-4420	state	1.13	-28.86	96	0.00	0.00		0			-1		bot-2	32.35	y	0	6	23
187515	bot-3	alpha	F32m-3420	state+ammo	1.13	-28.86	96	0.00	0.00		0			-1		bot-2	32.35	y	0	5	23
187543	bot-3	alpha	A32m-3420	state	1.13	-28.86	96	0.00	0.00		0			-1		bot-2	32.35	y	0	5	23
187543	bot-6	bravo	P00r-4410	health	-12.00	-13.38	237	1.60	0.65	16.30	3	patrolReentry		-1				-	0	7	30
187790	bot-1	alpha	U32r-1410	tick	0.23	-28.17	97	4.08	4.12	24.24	4	pursue		-1		bot-2	33.46	y	0	1	0
187862	bot-3	alpha	F32m-3420	state	1.13	-28.86	96	0.00	0.00		0			-1		bot-2	32.35	y	0	4	23
187879	bot-3	alpha	U32m-3420	state	1.15	-28.87	96	1.32	0.02	25.72	4	pursue		-1		bot-2	32.35	y	0	4	23
187957	bot-5	alpha	U00r-3410	tick	25.47	-32.66	87	4.08	4.08	1.99	1	pursue		-1		bot-2	7.95	y	0	11	63
188053	bot-4	bravo	S00r-4410	tick	-3.25	18.87	186	2.40	2.44	48.38	7	seek		-1				-	0	20	86
188184	bot-2	bravo	A10r-0320	tick	33.30	-32.28	268	0.00	0.00		0			-1		bot-5	7.04	y	0	0	0
188536	bot-4	bravo	A00r-4410	state	-3.25	17.76	176	0.00	1.12		0			-1		bot-1	45.90	y	0	20	86
188552	bot-6	bravo	P00r-4410	tick	-12.00	-14.28	288	0.05	0.89	15.44	4	patrolReentry		-1				-	0	7	30
188802	bot-1	alpha	U32r-1410	tick	4.24	-27.81	99	4.08	4.02	20.34	3	pursue		-1		bot-2	29.47	y	0	1	0
188902	bot-3	alpha	U32m-3420	tick	4.65	-29.36	96	4.08	3.54	19.70	3	pursue		-1		bot-2	28.91	y	0	4	23
188986	bot-5	alpha	U00r-3410	tick	26.98	-32.31	90	0.00	1.55		0			-1		bot-2	6.33	y	0	11	63
189004	bot-4	bravo	F00r-4410	state	-3.25	17.76	170	0.00	0.00		0			-1		bot-1	46.34	y	0	19	86
189020	bot-4	bravo	A00r-4410	state	-3.25	17.76	170	0.00	0.00		0			-1		bot-1	46.36	y	0	19	86
189152	bot-1	alpha	U00r-1410	tier+score	5.65	-27.92	99	4.08	1.42	18.92	3	pursue		-1		bot-2	28.12	y	0	1	0
189152	bot-3	alpha	U00m-3420	tier+score	5.66	-29.41	96	4.08	1.01	18.70	3	pursue		-1		bot-2	27.92	y	0	4	23
189152	bot-4	bravo	F00r-4410	state	-3.25	17.76	169	0.00	0.00		0			-1		bot-1	46.50	y	0	18	86
189169	bot-1	alpha	U10r-1410	tier	5.72	-27.90	99	4.08	0.07	18.86	3	pursue		-1		bot-2	27.99	y	0	1	0
189169	bot-3	alpha	U10m-3420	tier	5.73	-29.41	96	4.08	0.07	18.63	3	pursue		-1		bot-2	27.79	y	0	4	23
189169	bot-4	bravo	A00r-4410	state	-3.25	17.76	169	0.00	0.00		0			-1		bot-1	46.54	y	0	18	86
189186	bot-2	bravo	A10r-0320	tick	33.30	-32.28	270	0.00	0.00		0			-1		bot-5	6.33	y	0	0	0
189292	bot-4	bravo	F00r-4410	state	-3.25	17.76	168	0.00	0.00		0			-1		bot-1	46.63	y	0	17	86
189318	bot-4	bravo	A00r-4410	state	-3.25	17.76	168	0.00	0.00		0			-1		bot-1	46.63	y	0	17	86
189372	bot-2	bravo	A00r-0320	tier	33.30	-32.28	270	0.00	0.00		0			-1		bot-5	6.33	y	0	0	0
189436	bot-4	bravo	F00r-4410	state	-3.25	17.76	168	0.00	0.00	0.51	1	muzzleRecovery		-1		bot-1	46.78	y	0	16	86
189455	bot-4	bravo	P00r-4410	state	-3.25	17.73	172	1.32	0.03	0.48	1	muzzleRecovery		-1		bot-1	46.78	y	0	16	86
189536	bot-2	bravo	A00r-0420	health	33.30	-32.28	270	0.00	0.00		0			-1		bot-5	6.33	y	0	0	0
189553	bot-6	bravo	P00r-4410	tick	-12.00	-14.29	256	0.08	0.01	15.43	4	patrolReentry		-1				-	0	7	30
189586	bot-4	bravo	U00r-4410	state	-3.25	17.56	177	1.32	0.17	43.10	6	pursue		-1		bot-1	46.78	y	0	16	86
190020	bot-5	alpha	U00r-3410	tick	26.98	-32.31	90	0.00	0.00		0			-1		bot-2	6.33	y	0	11	63
190050	bot-4	bravo	U00r-441G	latches	-3.20	16.19	165	4.08	1.37	41.05	5	pursue		-1		bot-1	46.00	w	0	16	86
190185	bot-1	alpha	U10r-1410	tick	9.81	-28.00	100	4.08	4.09	14.79	2	pursue		-1		bot-2	23.98	y	0	1	0
190185	bot-3	alpha	U10m-3420	tick	9.80	-29.51	97	4.08	4.07	14.58	2	pursue		-1		bot-2	23.77	y	0	4	23
190275	bot-4	bravo	S00r-4410	state+latches	-3.06	15.34	165	2.40	0.87	45.16	7	seek		-1		bot-1	45.36	w	0	16	86
190567	bot-2	bravo	A00r-0420	tick	33.30	-32.28	270	0.00	0.00		0			-1		bot-5	6.33	y	0	0	0
190567	bot-6	bravo	P00r-4410	tick	-12.00	-14.32	264	0.67	0.04	15.39	4	patrolReentry		-1				-	0	7	30
190613	bot-4	bravo	U00r-4410	state	-3.06	14.49	161	4.08	0.85	40.49	5	pursue		-1		bot-1	45.07	y	0	16	86
190670	bot-1	alpha	U00r-1410	tier	11.75	-28.19	101	4.08	1.95	12.85	2	pursue		-1		bot-2	22.07	y	0	1	0
190670	bot-3	alpha	U00m-3420	tier	11.74	-29.70	97	4.08	1.95	12.63	2	pursue		-1		bot-2	21.84	y	0	4	23
190895	bot-3	alpha	U00m-3430	packs	12.57	-29.86	97	1.32	0.84	11.79	2	pursue		-1		bot-2	20.91	y	0	4	23
191020	bot-5	alpha	U00r-3410	tick	26.98	-32.31	90	0.00	0.00		0			-1		bot-2	6.33	y	0	11	63
191574	bot-2	bravo	A00r-0420	tick	33.30	-32.28	270	0.00	0.00		0			-1		bot-5	6.33	y	0	0	0
191574	bot-6	bravo	P00r-4410	tick	-12.00	-14.31	295	0.11	0.02	28.46	4	patrol		-1				-	0	7	30
191636	bot-4	bravo	U00r-4410	tick	-1.89	10.50	157	4.08	4.16	39.99	6	pursue		-1		bot-1	43.51	y	0	16	86
191671	bot-1	alpha	U00r-1410	tick	15.58	-29.42	99	4.08	4.02	8.86	2	pursue		-1		bot-2	18.02	y	0	1	0
191898	bot-3	alpha	U00m-3430	tick	14.41	-29.66	98	4.08	1.86	9.99	2	pursue		-1		bot-2	19.15	y	0	4	23
192031	bot-5	alpha	U00r-3410	tick	26.98	-32.31	90	0.00	0.00		0			-1		bot-2	6.33	y	0	11	63
192526	bot-4	bravo	U00r-441G	latches	-0.48	7.16	153	4.08	3.63	40.83	5	pursue		-1		bot-1	42.01	w	0	16	86
192586	bot-2	bravo	A00r-0420	tick	33.30	-32.28	270	0.00	0.00		0			-1		bot-5	6.33	y	0	0	0
192586	bot-6	bravo	P00r-4410	tick	-12.00	-14.31	275	0.69	0.00	28.46	4	patrol		-1				-	0	7	30
192619	bot-4	bravo	A00r-4410	state+latches	-0.37	6.94	154	0.00	0.24		0			-1		bot-3	40.03	y	0	16	86
192685	bot-1	alpha	U00r-1410	tick	19.64	-30.11	99	4.08	4.12	4.74	1	pursue		-1		bot-2	13.95	y	0	1	0
192845	bot-4	bravo	F00r-3410	state+ammo	-0.37	6.94	153	0.00	0.00		0			-1		bot-3	40.60	y	0	15	86
192864	bot-4	bravo	A00r-3410	state	-0.37	6.94	153	0.00	0.00		0			-1		bot-3	40.66	y	0	15	86
192906	bot-3	alpha	U00m-3430	tick	18.44	-29.27	101	4.08	4.05	6.07	1	pursue		-1		bot-2	15.25	y	0	4	23
192952	bot-4	bravo	A00r-341G	latches	-0.37	6.94	153	0.00	0.00		0			-1		bot-3	40.88	w	0	15	86
193035	bot-5	alpha	U00r-3410	tick	26.98	-32.31	90	0.00	0.00		0			-1		bot-2	6.33	y	0	11	63
193169	bot-3	alpha	U00m-34B0	packs	19.45	-29.44	102	1.32	1.02	5.04	1	pursue		-1		bot-2	14.16	y	0	4	23
193169	bot-4	bravo	A00r-3410	latches	-0.37	6.94	150	0.00	0.00		0			-1		bot-1	43.26	y	0	15	86
193269	bot-1	alpha	U00r-1420	packs	21.95	-30.43	99	1.32	2.34	2.41	1	pursue		-1		bot-2	11.52	y	0	1	0
193535	bot-4	bravo	F00r-3410	state	-0.37	6.94	149	0.00	0.00		0			-1		bot-1	43.73	y	0	14	86
193553	bot-4	bravo	A00r-3410	state	-0.37	6.94	149	0.00	0.00		0			-1		bot-1	43.75	y	0	14	86
193636	bot-2	bravo	A00r-0420	tick	33.30	-32.28	270	0.00	0.00		0			-1		bot-5	6.33	y	0	0	0
193636	bot-6	bravo	P00r-4410	tick	-12.00	-14.47	236	0.31	0.17	49.00	8	patrol		-1				-	0	7	30
193685	bot-4	bravo	F00r-3410	state	-0.37	6.94	149	0.00	0.00	0.70	1	muzzleRecovery		-1		bot-1	43.86	y	0	13	86
193703	bot-4	bravo	P00r-3410	state	-0.37	6.91	152	1.32	0.02	0.67	1	muzzleRecovery		-1		bot-1	43.88	y	0	13	86
193969	bot-4	bravo	A00r-3410	state	-0.31	6.59	166	0.00	0.33		0			-1		bot-1	43.77	y	0	13	86
194035	bot-5	alpha	U00r-3410	tick	26.98	-32.31	90	0.00	0.00		0			-1		bot-2	6.33	y	0	11	63
194069	bot-4	bravo	F00r-3410	state	-0.31	6.59	148	0.00	0.00		0			-1		bot-1	43.86	y	0	12	86
194086	bot-4	bravo	A00r-3410	state	-0.31	6.59	148	0.00	0.00		0			-1		bot-1	43.87	y	0	12	86
194171	bot-3	alpha	U00m-34B0	tick	21.26	-29.75	102	4.08	1.84	3.21	1	pursue		-1		bot-2	12.37	y	0	4	23
194222	bot-4	bravo	F00r-3410	state	-0.31	6.59	147	0.00	0.00		0			-1		bot-1	44.20	y	0	11	86
194242	bot-4	bravo	U00r-3410	state	-0.30	6.57	147	1.32	0.03	41.42	5	pursue		-1		bot-1	44.25	y	0	11	86
194282	bot-1	alpha	U00r-1420	tick	23.81	-30.69	99	4.08	1.88	0.53	1	pursue		-1		bot-2	9.71	y	0	1	0
194577	bot-3	alpha	U00m-34C0	packs	22.84	-29.98	102	1.32	1.59	1.63	1	pursue		-1		bot-2	10.74	y	0	4	23
194636	bot-2	bravo	A00r-0420	tick	33.30	-32.28	270	0.00	0.00		0			-1		bot-5	6.33	y	0	0	0
194636	bot-6	bravo	P00r-4410	tick	-12.00	-14.66	273	0.10	0.18	48.93	8	patrol		-1				-	0	7	30
195048	bot-5	alpha	U00r-3410	tick	26.98	-32.31	90	0.00	0.00		0			-1		bot-2	6.33	y	0	11	63
195254	bot-4	bravo	U00r-3410	tick	1.60	3.57	147	4.08	3.55	35.05	5	pursue		-1		bot-1	41.00	y	0	11	86
195304	bot-1	alpha	U00r-1420	tick	23.92	-30.70	100	0.00	0.11		0			-1		bot-2	9.51	y	0	1	0
195578	bot-3	alpha	U00m-34C0	tick	24.15	-29.96	104	0.00	1.31		0			-1		bot-2	9.44	y	0	4	23
195653	bot-2	bravo	A00r-0420	tick	33.30	-32.28	270	0.00	0.00		0			-1		bot-5	6.33	y	0	0	0
195653	bot-6	bravo	P00r-4410	tick	-12.00	-14.72	289	0.04	0.06	48.90	8	patrol		-1				-	0	7	30
196069	bot-5	alpha	U00r-3410	tick	26.98	-32.31	90	0.00	0.00		0			-1		bot-2	6.33	y	0	11	63
196270	bot-4	bravo	U00r-3410	tick	3.80	0.06	147	4.08	4.14	30.91	5	pursue		-1		bot-1	36.89	y	0	11	86
196312	bot-1	alpha	U00r-1420	tick	23.92	-30.70	100	0.00	0.00		0			-1		bot-2	9.51	y	0	1	0
196580	bot-3	alpha	U00m-34C0	tick	24.15	-29.96	104	0.00	0.00		0			-1		bot-2	9.44	y	0	4	23
196670	bot-2	bravo	A00r-0420	tick	33.30	-32.28	270	0.00	0.00		0			-1		bot-5	6.33	y	0	0	0
196670	bot-6	bravo	P00r-4410	tick	-12.00	-14.74	257	0.01	0.02	48.89	8	patrol		-1				-	0	7	30
197069	bot-5	alpha	U00r-3410	tick	26.98	-32.31	90	0.00	0.00		0			-1		bot-2	6.33	y	0	11	63
197286	bot-4	bravo	U00r-3410	tick	5.53	-3.66	146	4.08	4.10	26.86	4	pursue		-1		bot-1	32.82	y	0	11	86
197329	bot-1	alpha	U00r-1420	tick	23.92	-30.70	100	0.00	0.00		0			-1		bot-2	9.51	y	0	1	0
197586	bot-3	alpha	U00m-34C0	tick	24.15	-29.96	104	0.00	0.00		0			-1		bot-2	9.44	y	0	4	23
197685	bot-2	bravo	A00r-0420	tick	33.30	-32.28	270	0.00	0.00		0			-1		bot-5	6.33	y	0	0	0
197685	bot-6	bravo	P00r-4410	tick	-12.00	-14.30	262	0.18	0.44	65.64	10	patrol		-1				-	0	7	30
198085	bot-5	alpha	U00r-3410	tick	26.98	-32.31	90	0.00	0.00		0			-1		bot-2	6.33	y	0	11	63
198287	bot-4	bravo	U00r-3410	tick	6.56	-7.61	143	4.08	4.08	23.06	4	pursue		-1		bot-1	28.99	y	0	11	86
198350	bot-1	alpha	U00r-1420	tick	23.92	-30.70	100	0.00	0.00		0			-1		bot-2	9.51	y	0	1	0
198587	bot-3	alpha	U00m-34C0	tick	24.15	-29.96	104	0.00	0.00		0			-1		bot-2	9.44	y	0	4	23
198691	bot-2	bravo	A00r-0420	tick	33.30	-32.28	270	0.00	0.00		0			-1		bot-5	6.33	y	0	0	0
198691	bot-6	bravo	P00r-4410	tick	-12.00	-14.29	293	0.12	0.02	65.63	10	patrol		-1				-	0	7	30
199102	bot-5	alpha	U00r-3410	tick	26.98	-32.31	90	0.00	0.00		0			-1		bot-2	6.33	y	0	11	63
199302	bot-4	bravo	U00r-3410	tick	8.36	-11.19	141	4.08	4.01	19.14	3	pursue		-1		bot-1	25.03	y	0	11	86
199352	bot-1	alpha	U00r-1420	tick	23.92	-30.70	100	0.00	0.00		0			-1		bot-2	9.51	y	0	1	0
199592	bot-3	alpha	U00m-34C0	tick	24.15	-29.96	104	0.00	0.00		0			-1		bot-2	9.44	y	0	4	23
199705	bot-2	bravo	A00r-0420	tick	33.30	-32.28	270	0.00	0.00		0			-1		bot-5	6.33	y	0	0	0
199705	bot-6	bravo	P00r-4410	tick	-12.00	-14.30	279	0.63	0.01	65.64	10	patrol		-1				-	0	7	30
200127	bot-5	alpha	U00r-3410	tick	26.98	-32.31	90	0.00	0.00		0			-1		bot-2	6.33	y	0	11	63
200320	bot-4	bravo	U00r-3410	tick	11.26	-14.16	143	4.08	4.15	15.01	3	pursue		-1		bot-1	20.95	y	0	11	86
200373	bot-1	alpha	U00r-1420	tick	23.92	-30.70	100	0.00	0.00		0			-1		bot-2	9.51	y	0	1	0
200611	bot-3	alpha	U00m-34C0	tick	24.15	-29.96	104	0.00	0.00		0			-1		bot-2	9.44	y	0	4	23
200716	bot-2	bravo	A00r-0420	tick	33.30	-32.28	270	0.00	0.00		0			-1		bot-5	6.33	y	0	0	0
200716	bot-6	bravo	P00r-4410	tick	-12.00	-13.00	284	1.58	1.30	50.89	7	patrol		-1				-	0	7	30
201141	bot-5	alpha	U00r-3410	tick	26.98	-32.31	90	0.00	0.00		0			-1		bot-2	6.33	y	0	11	63
201329	bot-4	bravo	U00r-3410	tick	14.14	-17.11	144	4.08	4.12	10.91	3	pursue		-1		bot-1	16.84	y	0	11	86
201390	bot-1	alpha	U00r-1420	tick	23.92	-30.70	100	0.00	0.00		0			-1		bot-2	9.51	y	0	1	0
201636	bot-3	alpha	U00m-34C0	tick	24.15	-29.96	104	0.00	0.00		0			-1		bot-2	9.44	y	0	4	23
201719	bot-2	bravo	A00r-0420	tick	33.30	-32.28	270	0.00	0.00		0			-1		bot-5	6.33	y	0	0	0
201719	bot-6	bravo	P00r-4410	tick	-12.00	-11.50	306	1.36	1.50	49.54	7	patrol		-1				-	0	7	30
202152	bot-5	alpha	U00r-3410	tick	26.98	-32.31	90	0.00	0.00		0			-1		bot-2	6.33	y	0	11	63
202335	bot-4	bravo	U00r-3410	tick	16.74	-20.28	145	4.08	4.10	6.81	2	pursue		-1		bot-1	12.73	y	0	11	86
202394	bot-1	alpha	U00r-1420	tick	23.92	-30.70	100	0.00	0.00		0			-1		bot-2	9.51	y	0	1	0
202647	bot-3	alpha	U00m-34C0	tick	24.15	-29.96	104	0.00	0.00		0			-1		bot-2	9.44	y	0	4	23
202722	bot-2	bravo	A00r-0420	tick	33.30	-32.28	270	0.00	0.00		0			-1		bot-5	6.33	y	0	0	0
202722	bot-6	bravo	P00r-4410	tick	-12.00	-10.27	321	1.11	1.23	48.43	7	patrol		-1				-	0	7	30
203168	bot-5	alpha	U00r-3410	tick	26.98	-32.31	90	0.00	0.00		0			-1		bot-2	6.33	y	0	11	63
203346	bot-4	bravo	U00r-3410	tick	19.20	-23.59	146	4.08	4.12	2.69	1	pursue		-1		bot-1	8.66	y	0	11	86
203414	bot-1	alpha	U00r-1420	tick	23.92	-30.70	100	0.00	0.00		0			-1		bot-2	9.51	y	0	1	0
203651	bot-3	alpha	U00m-34C0	tick	24.15	-29.96	104	0.00	0.00		0			-1		bot-2	9.44	y	0	4	23
203735	bot-2	bravo	A00r-0420	tick	33.30	-32.28	270	0.00	0.00		0			-1		bot-5	6.33	y	0	0	0
203735	bot-6	bravo	P00r-4410	tick	-12.00	-9.19	282	0.86	1.08	47.46	7	patrol		-1				-	0	7	30
204169	bot-5	alpha	U00r-3410	tick	26.98	-32.31	90	0.00	0.00		0			-1		bot-2	6.33	y	0	11	63
204352	bot-4	bravo	U00r-3410	tick	20.56	-25.49	147	0.00	2.34		0			-1		bot-1	6.21	y	0	11	86
204419	bot-1	alpha	U00r-1420	tick	23.92	-30.70	100	0.00	0.00		0			-1		bot-2	9.51	y	0	1	0
204671	bot-3	alpha	U00m-34C0	tick	24.15	-29.96	104	0.00	0.00		0			-1		bot-2	9.44	y	0	4	23
204752	bot-2	bravo	A00r-0420	tick	33.30	-32.28	270	0.00	0.00		0			-1		bot-5	6.33	y	0	0	0
204752	bot-6	bravo	P00r-4410	tick	-12.00	-8.43	269	0.65	0.76	46.78	7	patrol		-1				-	0	7	30
205192	bot-5	alpha	U00r-3410	tick	26.98	-32.31	90	0.00	0.00		0			-1		bot-2	6.33	y	0	11	63
205368	bot-4	bravo	U00r-3410	tick	20.56	-25.49	147	0.00	0.00		0			-1		bot-1	6.21	y	0	11	86
205428	bot-1	alpha	U00r-1420	tick	23.92	-30.70	100	0.00	0.00		0			-1		bot-2	9.51	y	0	1	0
205687	bot-3	alpha	U00m-34C0	tick	24.15	-29.96	104	0.00	0.00		0			-1		bot-2	9.44	y	0	4	23
205762	bot-2	bravo	A00r-0420	tick	33.30	-32.28	270	0.00	0.00		0			-1		bot-5	6.33	y	0	0	0
205762	bot-6	bravo	P00r-4410	tick	-12.00	-7.86	298	0.49	0.57	46.27	7	patrol		-1				-	0	7	30
206198	bot-5	alpha	U00r-3410	tick	26.98	-32.31	90	0.00	0.00		0			-1		bot-2	6.33	y	0	11	63
206377	bot-4	bravo	U00r-3410	tick	20.56	-25.49	147	0.00	0.00		0			-1		bot-1	6.21	y	0	11	86
206436	bot-1	alpha	U00r-1420	tick	23.92	-30.70	100	0.00	0.00		0			-1		bot-2	9.51	y	0	1	0
206691	bot-3	alpha	U00m-34C0	tick	24.15	-29.96	104	0.00	0.00		0			-1		bot-2	9.44	y	0	4	23
206768	bot-2	bravo	A00r-0420	tick	33.30	-32.28	270	0.00	0.00		0			-1		bot-5	6.33	y	0	0	0
206768	bot-6	bravo	P00r-4410	tick	-12.00	-7.43	288	0.36	0.43	45.89	7	patrol		-1				-	0	7	30
207217	bot-5	alpha	U00r-3410	tick	26.98	-32.31	90	0.00	0.00		0			-1		bot-2	6.33	y	0	11	63
207386	bot-4	bravo	U00r-3410	tick	20.56	-25.49	147	0.00	0.00		0			-1		bot-1	6.21	y	0	11	86
207451	bot-1	alpha	U00r-1420	tick	23.92	-30.70	100	0.00	0.00		0			-1		bot-2	9.51	y	0	1	0
207696	bot-3	alpha	U00m-34C0	tick	24.15	-29.96	104	0.00	0.00		0			-1		bot-2	9.44	y	0	4	23
207775	bot-2	bravo	A00r-0420	tick	33.30	-32.28	270	0.00	0.00		0			-1		bot-5	6.33	y	0	0	0
207775	bot-6	bravo	P00r-4410	tick	-12.00	-7.11	254	0.27	0.31	45.61	7	patrol		-1				-	0	7	30
208218	bot-5	alpha	U00r-3410	tick	26.98	-32.31	90	0.00	0.00		0			-1		bot-2	6.33	y	0	11	63
208392	bot-4	bravo	U00r-3410	tick	20.56	-25.49	147	0.00	0.00		0			-1		bot-1	6.21	y	0	11	86
208452	bot-1	alpha	U00r-1420	tick	23.92	-30.70	100	0.00	0.00		0			-1		bot-2	9.51	y	0	1	0
208719	bot-3	alpha	U00m-34C0	tick	24.15	-29.96	104	0.00	0.00		0			-1		bot-2	9.44	y	0	4	23
208781	bot-2	bravo	A00r-0420	tick	33.30	-32.28	270	0.00	0.00		0			-1		bot-5	6.33	y	0	0	0
208781	bot-6	bravo	P00r-4410	tick	-12.00	-6.88	272	0.20	0.23	45.41	7	patrol		-1				-	0	7	30
209218	bot-5	alpha	U00r-3410	tick	26.98	-32.31	90	0.00	0.00		0			-1		bot-2	6.33	y	0	11	63
209409	bot-4	bravo	U00r-3410	tick	20.56	-25.49	147	0.00	0.00		0			-1		bot-1	6.21	y	0	11	86
209453	bot-1	alpha	U00r-1420	tick	23.92	-30.70	100	0.00	0.00		0			-1		bot-2	9.51	y	0	1	0
209720	bot-3	alpha	U00m-34C0	tick	24.15	-29.96	104	0.00	0.00		0			-1		bot-2	9.44	y	0	4	23
209785	bot-2	bravo	A00r-0420	tick	33.30	-32.28	270	0.00	0.00		0			-1		bot-5	6.33	y	0	0	0
209785	bot-6	bravo	P00r-4410	tick	-12.00	-6.71	302	0.25	0.18	45.25	7	patrol		-1				-	0	7	30
210224	bot-5	alpha	U00r-3410	tick	26.98	-32.31	90	0.00	0.00		0			-1		bot-2	6.33	y	0	11	63
210422	bot-4	bravo	U00r-3410	tick	20.56	-25.49	147	0.00	0.00		0			-1		bot-1	6.21	y	0	11	86
210477	bot-1	alpha	U00r-1420	tick	23.92	-30.70	100	0.00	0.00		0			-1		bot-2	9.51	y	0	1	0
210748	bot-3	alpha	U00m-34C0	tick	24.15	-29.96	104	0.00	0.00		0			-1		bot-2	9.44	y	0	4	23
210799	bot-2	bravo	A00r-0420	tick	33.30	-32.28	270	0.00	0.00		0			-1		bot-5	6.33	y	0	0	0
210799	bot-6	bravo	P00r-4410	tick	-12.00	-6.43	267	0.06	0.28	45.01	7	patrol		-1				-	0	7	30
211246	bot-5	alpha	U00r-3410	tick	26.98	-32.31	90	0.00	0.00		0			-1		bot-2	6.33	y	0	11	63
211445	bot-4	bravo	U00r-3410	tick	20.56	-25.49	147	0.00	0.00		0			-1		bot-1	6.21	y	0	11	86
211500	bot-1	alpha	U00r-1420	tick	23.92	-30.70	100	0.00	0.00		0			-1		bot-2	9.51	y	0	1	0
211762	bot-3	alpha	U00m-34C0	tick	24.15	-29.96	104	0.00	0.00		0			-1		bot-2	9.44	y	0	4	23
211835	bot-2	bravo	A00r-0420	tick	33.30	-32.28	270	0.00	0.00		0			-1		bot-5	6.33	y	0	0	0
211835	bot-6	bravo	P00r-4410	tick	-12.48	-6.10	249	2.40	0.57	44.50	7	patrol		-1				-	0	7	30
212255	bot-5	alpha	U00r-3410	tick	26.98	-32.31	90	0.00	0.00		0			-1		bot-2	6.33	y	0	11	63
212452	bot-4	bravo	U00r-3410	tick	20.56	-25.49	147	0.00	0.00		0			-1		bot-1	6.21	y	0	11	86
212508	bot-1	alpha	U00r-1420	tick	23.92	-30.70	100	0.00	0.00		0			-1		bot-2	9.51	y	0	1	0
212769	bot-3	alpha	U00m-34C0	tick	24.15	-29.96	104	0.00	0.00		0			-1		bot-2	9.44	y	0	4	23
212852	bot-2	bravo	A00r-0420	tick	33.30	-32.28	270	0.00	0.00		0			-1		bot-5	6.33	y	0	0	0
212852	bot-6	bravo	P00r-4410	tick	-14.92	-6.15	281	2.40	2.44	43.46	7	patrol		-1				-	0	7	30
213287	bot-5	alpha	U00r-3410	tick	26.98	-32.31	90	0.00	0.00		0			-1		bot-2	6.33	y	0	11	63
213475	bot-4	bravo	U00r-3410	tick	20.56	-25.49	147	0.00	0.00		0			-1		bot-1	6.21	y	0	11	86
213518	bot-1	alpha	U00r-1420	tick	23.92	-30.70	100	0.00	0.00		0			-1		bot-2	9.51	y	0	1	0
213769	bot-3	alpha	U00m-34C0	tick	24.15	-29.96	104	0.00	0.00		0			-1		bot-2	9.44	y	0	4	23
213874	bot-2	bravo	A00r-0420	tick	33.30	-32.28	270	0.00	0.00		0			-1		bot-5	6.33	y	0	0	0
213874	bot-6	bravo	P00r-4410	tick	-17.37	-6.20	281	2.40	2.45	42.53	7	patrol		-1				-	0	7	30
214301	bot-5	alpha	U00r-3410	tick	26.98	-32.31	90	0.00	0.00		0			-1		bot-2	6.33	y	0	11	63
214485	bot-4	bravo	U00r-3410	tick	20.56	-25.49	147	0.00	0.00		0			-1		bot-1	6.21	y	0	11	86
214535	bot-1	alpha	U00r-1420	tick	23.92	-30.70	100	0.00	0.00		0			-1		bot-2	9.51	y	0	1	0
214797	bot-3	alpha	U00m-34C0	tick	24.15	-29.96	104	0.00	0.00		0			-1		bot-2	9.44	y	0	4	23
214883	bot-2	bravo	A00r-0420	tick	33.30	-32.28	270	0.00	0.00		0			-1		bot-5	6.33	y	0	0	0
214883	bot-6	bravo	P00r-4410	tick	-19.69	-6.01	291	2.40	2.33	41.53	6	patrol		-1				-	0	7	30
215315	bot-5	alpha	U00r-3410	tick	26.98	-32.31	90	0.00	0.00		0			-1		bot-2	6.33	y	0	11	63
215491	bot-4	bravo	U00r-3410	tick	20.56	-25.49	147	0.00	0.00		0			-1		bot-1	6.21	y	0	11	86
215547	bot-1	alpha	U00r-1420	tick	23.92	-30.70	100	0.00	0.00		0			-1		bot-2	9.51	y	0	1	0
215835	bot-3	alpha	U00m-34C0	tick	24.15	-29.96	104	0.00	0.00		0			-1		bot-2	9.44	y	0	4	23
215893	bot-2	bravo	A00r-0420	tick	33.30	-32.28	270	0.00	0.00		0			-1		bot-5	6.33	y	0	0	0
215893	bot-6	bravo	P00r-4410	tick	-21.44	-4.33	308	2.40	2.42	39.39	6	patrol		-1				-	0	7	30
216351	bot-5	alpha	U00r-3410	tick	26.98	-32.31	90	0.00	0.00		0			-1		bot-2	6.33	y	0	11	63
216516	bot-4	bravo	U00r-3410	tick	20.56	-25.49	147	0.00	0.00		0			-1		bot-1	6.21	y	0	11	86
216552	bot-1	alpha	U00r-1420	tick	23.92	-30.70	100	0.00	0.00		0			-1		bot-2	9.51	y	0	1	0
216851	bot-3	alpha	U00m-34C0	tick	24.15	-29.96	104	0.00	0.00		0			-1		bot-2	9.44	y	0	4	23
216908	bot-2	bravo	A00r-0420	tick	33.30	-32.28	270	0.00	0.00		0			-1		bot-5	6.33	y	0	0	0
216908	bot-6	bravo	P00r-4410	tick	-23.19	-2.64	341	2.40	2.43	37.27	6	patrol		-1				-	0	7	30
217357	bot-5	alpha	U00r-3410	tick	26.98	-32.31	90	0.00	0.00		0			-1		bot-2	6.33	y	0	11	63
217532	bot-4	bravo	U00r-3410	tick	20.56	-25.49	147	0.00	0.00		0			-1		bot-1	6.21	y	0	11	86
217574	bot-1	alpha	U00r-1420	tick	23.92	-30.70	100	0.00	0.00		0			-1		bot-2	9.51	y	0	1	0
217879	bot-3	alpha	U00m-34C0	tick	24.15	-29.96	104	0.00	0.00		0			-1		bot-2	9.44	y	0	4	23
217913	bot-2	bravo	A00r-0420	tick	33.30	-32.28	270	0.00	0.00		0			-1		bot-5	6.33	y	0	0	0
217913	bot-6	bravo	P00r-4410	tick	-24.93	-0.96	313	2.40	2.41	35.21	6	patrol		-1				-	0	7	30
218371	bot-5	alpha	U00r-3410	tick	26.98	-32.31	90	0.00	0.00		0			-1		bot-2	6.33	y	0	11	63
218550	bot-4	bravo	U00r-3410	tick	20.56	-25.49	147	0.00	0.00		0			-1		bot-1	6.21	y	0	11	86
218585	bot-1	alpha	U00r-1420	tick	23.92	-30.70	100	0.00	0.00		0			-1		bot-2	9.51	y	0	1	0
218887	bot-3	alpha	U00m-34C0	tick	24.15	-29.96	104	0.00	0.00		0			-1		bot-2	9.44	y	0	4	23
218920	bot-2	bravo	A00r-0420	tick	33.30	-32.28	270	0.00	0.00		0			-1		bot-5	6.33	y	0	0	0
218920	bot-6	bravo	P00r-4410	tick	-26.67	0.71	290	2.40	2.42	33.19	6	patrol		-1				-	0	7	30
219397	bot-5	alpha	U00r-3410	tick	26.98	-32.31	90	0.00	0.00		0			-1		bot-2	6.33	y	0	11	63
219551	bot-4	bravo	U00r-3410	tick	20.56	-25.49	147	0.00	0.00		0			-1		bot-1	6.21	y	0	11	86
219591	bot-1	alpha	U00r-1420	tick	23.92	-30.70	100	0.00	0.00		0			-1		bot-2	9.51	y	0	1	0
219897	bot-3	alpha	U00m-34C0	tick	24.15	-29.96	104	0.00	0.00		0			-1		bot-2	9.44	y	0	4	23
219951	bot-2	bravo	A00r-0420	tick	33.30	-32.28	270	0.00	0.00		0			-1		bot-5	6.33	y	0	0	0
219951	bot-6	bravo	P00r-4410	tick	-28.36	2.52	329	2.40	2.47	31.12	5	patrol		-1				-	0	7	30
220415	bot-5	alpha	U00r-3410	tick	26.98	-32.31	90	0.00	0.00		0			-1		bot-2	6.33	y	0	11	63
220574	bot-4	bravo	U00r-3410	tick	20.56	-25.49	147	0.00	0.00		0			-1		bot-1	6.21	y	0	11	86
220608	bot-1	alpha	U00r-1420	tick	23.92	-30.70	100	0.00	0.00		0			-1		bot-2	9.51	y	0	1	0
220932	bot-3	alpha	U00m-34C0	tick	24.15	-29.96	104	0.00	0.00		0			-1		bot-2	9.44	y	0	4	23
220967	bot-2	bravo	A00r-0420	tick	33.30	-32.28	270	0.00	0.00		0			-1		bot-5	6.33	y	0	0	0
220967	bot-6	bravo	P00r-4410	tick	-29.94	4.38	336	2.40	2.44	29.06	5	patrol		-1				-	0	7	30
221441	bot-5	alpha	U00r-3410	tick	26.98	-32.31	90	0.00	0.00		0			-1		bot-2	6.33	y	0	11	63
221595	bot-4	bravo	U00r-3410	tick	20.56	-25.49	147	0.00	0.00		0			-1		bot-1	6.21	y	0	11	86
221630	bot-1	alpha	U00r-1420	tick	23.92	-30.70	100	0.00	0.00		0			-1		bot-2	9.51	y	0	1	0
221976	bot-2	bravo	A00r-0420	tick	33.30	-32.28	270	0.00	0.00		0			-1		bot-5	6.33	y	0	0	0
221976	bot-3	alpha	U00m-34C0	tick	24.15	-29.96	104	0.00	0.00		0			-1		bot-2	9.44	y	0	4	23
221976	bot-6	bravo	P00r-4410	tick	-30.10	6.76	342	2.40	2.39	26.68	4	patrol		-1				-	0	7	30
222451	bot-5	alpha	U00r-3410	tick	26.98	-32.31	90	0.00	0.00		0			-1		bot-2	6.33	y	0	11	63
222617	bot-4	bravo	U00r-3410	tick	20.56	-25.49	147	0.00	0.00		0			-1		bot-1	6.21	y	0	11	86
222648	bot-1	alpha	U00r-1420	tick	23.92	-30.70	100	0.00	0.00		0			-1		bot-2	9.51	y	0	1	0
222980	bot-2	bravo	A00r-0420	tick	33.30	-32.28	270	0.00	0.00		0			-1		bot-5	6.33	y	0	0	0
222980	bot-3	alpha	U00m-34C0	tick	24.15	-29.96	104	0.00	0.00		0			-1		bot-2	9.44	y	0	4	23
222980	bot-6	bravo	P00r-4410	tick	-30.16	9.17	349	2.40	2.41	24.28	4	patrol		-1				-	0	7	30
223465	bot-5	alpha	U00r-3410	tick	26.98	-32.31	90	0.00	0.00		0			-1		bot-2	6.33	y	0	11	63
223634	bot-4	bravo	U00r-3410	tick	20.56	-25.49	147	0.00	0.00		0			-1		bot-1	6.21	y	0	11	86
223659	bot-1	alpha	U00r-1420	tick	23.92	-30.70	100	0.00	0.00		0			-1		bot-2	9.51	y	0	1	0
224011	bot-2	bravo	A00r-0420	tick	33.30	-32.28	270	0.00	0.00		0			-1		bot-5	6.33	y	0	0	0
224011	bot-3	alpha	U00m-34C0	tick	24.15	-29.96	104	0.00	0.00		0			-1		bot-2	9.44	y	0	4	23
224011	bot-6	bravo	P00r-4410	tick	-30.22	11.65	22	2.40	2.48	21.81	4	patrol		-1				-	0	7	30
224479	bot-5	alpha	U00r-3410	tick	26.98	-32.31	90	0.00	0.00		0			-1		bot-2	6.33	y	0	11	63
224645	bot-4	bravo	U00r-3410	tick	20.56	-25.49	147	0.00	0.00		0			-1		bot-1	6.21	y	0	11	86
224663	bot-1	alpha	U00r-1420	tick	23.92	-30.70	100	0.00	0.00		0			-1		bot-2	9.51	y	0	1	0
225031	bot-2	bravo	A00r-0420	tick	33.30	-32.28	270	0.00	0.00		0			-1		bot-5	6.33	y	0	0	0
225031	bot-3	alpha	U00m-34C0	tick	24.15	-29.96	104	0.00	0.00		0			-1		bot-2	9.44	y	0	4	23
225031	bot-6	bravo	P00r-4410	tick	-30.24	14.09	1	2.40	2.45	19.39	3	patrol		-1				-	0	7	30
225487	bot-5	alpha	U00r-3410	tick	26.98	-32.31	90	0.00	0.00		0			-1		bot-2	6.33	y	0	11	63
225680	bot-1	alpha	U00r-1420	tick	23.92	-30.70	100	0.00	0.00		0			-1		bot-2	9.51	y	0	1	0
225680	bot-4	bravo	U00r-3410	tick	20.56	-25.49	147	0.00	0.00		0			-1		bot-1	6.21	y	0	11	86
226032	bot-2	bravo	A00r-0420	tick	33.30	-32.28	270	0.00	0.00		0			-1		bot-5	6.33	y	0	0	0
226032	bot-3	alpha	U00m-34C0	tick	24.15	-29.96	104	0.00	0.00		0			-1		bot-2	9.44	y	0	4	23
226032	bot-6	bravo	P00r-4410	tick	-30.25	16.50	333	2.40	2.40	17.02	3	patrol		-1				-	0	7	30
226515	bot-5	alpha	U00r-3410	tick	26.98	-32.31	90	0.00	0.00		0			-1		bot-2	6.33	y	0	11	63
226711	bot-1	alpha	U00r-1420	tick	23.92	-30.70	100	0.00	0.00		0			-1		bot-2	9.51	y	0	1	0
226711	bot-4	bravo	U00r-3410	tick	20.56	-25.49	147	0.00	0.00		0			-1		bot-1	6.21	y	0	11	86
227034	bot-2	bravo	A00r-0420	tick	33.30	-32.28	270	0.00	0.00		0			-1		bot-5	6.33	y	0	0	0
227034	bot-3	alpha	U00m-34C0	tick	24.15	-29.96	104	0.00	0.00		0			-1		bot-2	9.44	y	0	4	23
227034	bot-6	bravo	P00r-4410	tick	-30.25	18.90	5	2.40	2.40	14.66	3	patrol		-1				-	0	7	30
227552	bot-5	alpha	U00r-3410	tick	26.98	-32.31	90	0.00	0.00		0			-1		bot-2	6.33	y	0	11	63
227735	bot-1	alpha	U00r-1420	tick	23.92	-30.70	100	0.00	0.00		0			-1		bot-2	9.51	y	0	1	0
227735	bot-4	bravo	U00r-3410	tick	20.56	-25.49	147	0.00	0.00		0			-1		bot-1	6.21	y	0	11	86
228055	bot-2	bravo	A00r-0420	tick	33.30	-32.28	270	0.00	0.00		0			-1		bot-5	6.33	y	0	0	0
228055	bot-3	alpha	U00m-34C0	tick	24.15	-29.96	104	0.00	0.00		0			-1		bot-2	9.44	y	0	4	23
228055	bot-6	bravo	P00r-4410	tick	-30.36	21.34	13	2.40	2.45	12.25	2	patrol		-1				-	0	7	30
228582	bot-5	alpha	U00r-3410	tick	26.98	-32.31	90	0.00	0.00		0			-1		bot-2	6.33	y	0	11	63
228741	bot-1	alpha	U00r-1420	tick	23.92	-30.70	100	0.00	0.00		0			-1		bot-2	9.51	y	0	1	0
228741	bot-4	bravo	U00r-3410	tick	20.56	-25.49	147	0.00	0.00		0			-1		bot-1	6.21	y	0	11	86
229086	bot-2	bravo	A00r-0420	tick	33.30	-32.28	270	0.00	0.00		0			-1		bot-5	6.33	y	0	0	0
229086	bot-3	alpha	U00m-34C0	tick	24.15	-29.96	104	0.00	0.00		0			-1		bot-2	9.44	y	0	4	23
229086	bot-6	bravo	P00r-4410	tick	-30.66	23.80	340	2.40	2.47	9.80	2	patrol		-1				-	0	7	30
229604	bot-5	alpha	U00r-3410	tick	26.98	-32.31	90	0.00	0.00		0			-1		bot-2	6.33	y	0	11	63
229781	bot-1	alpha	U00r-1420	tick	23.92	-30.70	100	0.00	0.00		0			-1		bot-2	9.51	y	0	1	0
229781	bot-4	bravo	U00r-3410	tick	20.56	-25.49	147	0.00	0.00		0			-1		bot-1	6.21	y	0	11	86
230105	bot-2	bravo	A00r-0420	tick	33.30	-32.28	270	0.00	0.00		0			-1		bot-5	6.33	y	0	0	0
230105	bot-3	alpha	U00m-34C0	tick	24.15	-29.96	104	0.00	0.00		0			-1		bot-2	9.44	y	0	4	23
230105	bot-6	bravo	P00r-4410	tick	-30.95	26.23	342	2.40	2.45	7.39	2	patrol		-1				-	0	7	30
230628	bot-5	alpha	U00r-3410	tick	26.98	-32.31	90	0.00	0.00		0			-1		bot-2	6.33	y	0	11	63
230784	bot-1	alpha	U00r-1420	tick	23.92	-30.70	100	0.00	0.00		0			-1		bot-2	9.51	y	0	1	0
230784	bot-4	bravo	U00r-3410	tick	20.56	-25.49	147	0.00	0.00		0			-1		bot-1	6.21	y	0	11	86
231125	bot-2	bravo	A00r-0420	tick	33.30	-32.28	270	0.00	0.00		0			-1		bot-5	6.33	y	0	0	0
231125	bot-3	alpha	U00m-34C0	tick	24.15	-29.96	104	0.00	0.00		0			-1		bot-2	9.44	y	0	4	23
231125	bot-6	bravo	P00r-4410	tick	-31.30	28.64	358	2.40	2.44	5.00	1	patrol		-1				-	0	7	30
231665	bot-5	alpha	U00r-3410	tick	26.98	-32.31	90	0.00	0.00		0			-1		bot-2	6.33	y	0	11	63
231794	bot-1	alpha	U00r-1420	tick	23.92	-30.70	100	0.00	0.00		0			-1		bot-2	9.51	y	0	1	0
231794	bot-4	bravo	U00r-3410	tick	20.56	-25.49	147	0.00	0.00		0			-1		bot-1	6.21	y	0	11	86
232154	bot-2	bravo	A00r-0420	tick	33.30	-32.28	270	0.00	0.00		0			-1		bot-5	6.33	y	0	0	0
232154	bot-3	alpha	U00m-34C0	tick	24.15	-29.96	104	0.00	0.00		0			-1		bot-2	9.44	y	0	4	23
232154	bot-6	bravo	P00r-4410	tick	-32.26	30.92	341	2.40	2.47	2.53	1	patrol		-1				-	0	7	30
232693	bot-5	alpha	U00r-3410	tick	26.98	-32.31	90	0.00	0.00		0			-1		bot-2	6.33	y	0	11	63
232813	bot-1	alpha	U00r-1420	tick	23.92	-30.70	100	0.00	0.00		0			-1		bot-2	9.51	y	0	1	0
232813	bot-4	bravo	U00r-3410	tick	20.56	-25.49	147	0.00	0.00		0			-1		bot-1	6.21	y	0	11	86
233168	bot-2	bravo	A00r-0420	tick	33.30	-32.28	270	0.00	0.00		0			-1		bot-5	6.33	y	0	0	0
233168	bot-3	alpha	U00m-34C0	tick	24.15	-29.96	104	0.00	0.00		0			-1		bot-2	9.44	y	0	4	23
233168	bot-6	bravo	P00r-4410	tick	-33.09	32.86	308	2.40	2.12	0.42	1	patrol		-1				-	0	7	30
233708	bot-5	alpha	U00r-3410	tick	26.98	-32.31	90	0.00	0.00		0			-1		bot-2	6.33	y	0	11	63
233826	bot-1	alpha	U00r-1420	tick	23.92	-30.70	100	0.00	0.00		0			-1		bot-2	9.51	y	0	1	0
233826	bot-4	bravo	U00r-3410	tick	20.56	-25.49	147	0.00	0.00		0			-1		bot-1	6.21	y	0	11	86
234172	bot-2	bravo	A00r-0420	tick	33.30	-32.28	270	0.00	0.00		0			-1		bot-5	6.33	y	0	0	0
234172	bot-3	alpha	U00m-34C0	tick	24.15	-29.96	104	0.00	0.00		0			-1		bot-2	9.44	y	0	4	23
234172	bot-6	bravo	P00r-4410	tick	-33.03	30.77	181	2.40	2.10	64.02	9	patrol		-1				-	0	7	30
234734	bot-5	alpha	U00r-3410	tick	26.98	-32.31	90	0.00	0.00		0			-1		bot-2	6.33	y	0	11	63
234834	bot-1	alpha	U00r-1420	tick	23.92	-30.70	100	0.00	0.00		0			-1		bot-2	9.51	y	0	1	0
234834	bot-4	bravo	U00r-3410	tick	20.56	-25.49	147	0.00	0.00		0			-1		bot-1	6.21	y	0	11	86
235184	bot-2	bravo	A00r-0420	tick	33.30	-32.28	270	0.00	0.00		0			-1		bot-5	6.33	y	0	0	0
235184	bot-3	alpha	U00m-34C0	tick	24.15	-29.96	104	0.00	0.00		0			-1		bot-2	9.44	y	0	4	23
235184	bot-6	bravo	P00r-4410	tick	-32.92	28.34	199	2.40	2.43	61.59	9	patrol		-1				-	0	7	30
235746	bot-5	alpha	U00r-3410	tick	26.98	-32.31	90	0.00	0.00		0			-1		bot-2	6.33	y	0	11	63
235850	bot-1	alpha	U00r-1420	tick	23.92	-30.70	100	0.00	0.00		0			-1		bot-2	9.51	y	0	1	0
235850	bot-4	bravo	U00r-3410	tick	20.56	-25.49	147	0.00	0.00		0			-1		bot-1	6.21	y	0	11	86
236213	bot-2	bravo	A00r-0420	tick	33.30	-32.28	270	0.00	0.00		0			-1		bot-5	6.33	y	0	0	0
236213	bot-3	alpha	U00m-34C0	tick	24.15	-29.96	104	0.00	0.00		0			-1		bot-2	9.44	y	0	4	23
236213	bot-6	bravo	P00r-4410	tick	-32.80	25.87	166	2.40	2.47	59.13	9	patrol		-1				-	0	7	30
236750	bot-5	alpha	U00r-3410	tick	26.98	-32.31	90	0.00	0.00		0			-1		bot-2	6.33	y	0	11	63
236862	bot-1	alpha	U00r-1420	tick	23.92	-30.70	100	0.00	0.00		0			-1		bot-2	9.51	y	0	1	0
236862	bot-4	bravo	U00r-3410	tick	20.56	-25.49	147	0.00	0.00		0			-1		bot-1	6.21	y	0	11	86
237218	bot-2	bravo	A00r-0420	tick	33.30	-32.28	270	0.00	0.00		0			-1		bot-5	6.33	y	0	0	0
237218	bot-3	alpha	U00m-34C0	tick	24.15	-29.96	104	0.00	0.00		0			-1		bot-2	9.44	y	0	4	23
237218	bot-6	bravo	P00r-4410	tick	-32.76	23.46	166	2.40	2.41	56.72	8	patrol		-1				-	0	7	30
237755	bot-5	alpha	U00r-3410	tick	26.98	-32.31	90	0.00	0.00		0			-1		bot-2	6.33	y	0	11	63
237867	bot-1	alpha	U00r-1420	tick	23.92	-30.70	100	0.00	0.00		0			-1		bot-2	9.51	y	0	1	0
237867	bot-4	bravo	U00r-3410	tick	20.56	-25.49	147	0.00	0.00		0			-1		bot-1	6.21	y	0	11	86
238237	bot-2	bravo	A00r-0420	tick	33.30	-32.28	270	0.00	0.00		0			-1		bot-5	6.33	y	0	0	0
238237	bot-3	alpha	U00m-34C0	tick	24.15	-29.96	104	0.00	0.00		0			-1		bot-2	9.44	y	0	4	23
238237	bot-6	bravo	P00r-4410	tick	-32.76	21.02	198	2.40	2.45	54.27	8	patrol		-1				-	0	7	30
272135	bot-1	alpha	U00r-1420	tick	23.92	-30.70	100	0.00	0.00		0			-1		bot-2	9.51	y	0	1	0
272135	bot-2	bravo	A00r-0420	tick	33.30	-32.28	270	0.00	0.00		0			-1		bot-5	6.33	y	0	0	0
272135	bot-3	alpha	U00m-34C0	tick	24.15	-29.96	104	0.00	0.00		0			-1		bot-2	9.44	y	0	4	23
272135	bot-4	bravo	U00r-3410	tick	20.56	-25.49	147	0.00	0.00		0			-1		bot-1	6.21	y	0	11	86
272135	bot-5	alpha	U00r-3410	tick	26.98	-32.31	90	0.00	0.00		0			-1		bot-2	6.33	y	0	11	63
272135	bot-6	bravo	P00r-4410	tick	-32.75	19.67	179	2.40	1.34		0			-1				-	0	7	30
273150	bot-1	alpha	U00r-1420	tick	23.92	-30.70	100	0.00	0.00		0			-1		bot-2	9.51	y	0	1	0
273150	bot-2	bravo	A00r-0420	tick	33.30	-32.28	270	0.00	0.00		0			-1		bot-5	6.33	y	0	0	0
273150	bot-3	alpha	U00m-34C0	tick	24.15	-29.96	104	0.00	0.00		0			-1		bot-2	9.44	y	0	4	23
273150	bot-4	bravo	U00r-3410	tick	20.56	-25.49	147	0.00	0.00		0			-1		bot-1	6.21	y	0	11	86
273150	bot-5	alpha	U00r-3410	tick	26.98	-32.31	90	0.00	0.00		0			-1		bot-2	6.33	y	0	11	63
273150	bot-6	bravo	P00r-4410	tick	-30.32	19.54	76	2.40	2.43	82.64	10	patrol		-1				-	0	7	30
274172	bot-1	alpha	U00r-1420	tick	23.92	-30.70	100	0.00	0.00		0			-1		bot-2	9.51	y	0	1	0
274172	bot-2	bravo	A00r-0420	tick	33.30	-32.28	270	0.00	0.00		0			-1		bot-5	6.33	y	0	0	0
274172	bot-3	alpha	U00m-34C0	tick	24.15	-29.96	104	0.00	0.00		0			-1		bot-2	9.44	y	0	4	23
274172	bot-4	bravo	U00r-3410	tick	20.56	-25.49	147	0.00	0.00		0			-1		bot-1	6.21	y	0	11	86
274172	bot-5	alpha	U00r-3410	tick	26.98	-32.31	90	0.00	0.00		0			-1		bot-2	6.33	y	0	11	63
274172	bot-6	bravo	P00r-4410	tick	-27.87	19.41	109	2.40	2.45	80.68	10	patrol		-1				-	0	7	30
275186	bot-1	alpha	U00r-1420	tick	23.92	-30.70	100	0.00	0.00		0			-1		bot-2	9.51	y	0	1	0
275186	bot-2	bravo	A00r-0420	tick	33.30	-32.28	270	0.00	0.00		0			-1		bot-5	6.33	y	0	0	0
275186	bot-3	alpha	U00m-34C0	tick	24.15	-29.96	104	0.00	0.00		0			-1		bot-2	9.44	y	0	4	23
275186	bot-4	bravo	U00r-3410	tick	20.56	-25.49	147	0.00	0.00		0			-1		bot-1	6.21	y	0	11	86
275186	bot-5	alpha	U00r-3410	tick	26.98	-32.31	90	0.00	0.00		0			-1		bot-2	6.33	y	0	11	63
275186	bot-6	bravo	P00r-4410	tick	-25.44	19.29	102	2.40	2.43	78.77	10	patrol		-1				-	0	7	30
276200	bot-1	alpha	U00r-1420	tick	23.92	-30.70	100	0.00	0.00		0			-1		bot-2	9.51	y	0	1	0
276200	bot-2	bravo	A00r-0420	tick	33.30	-32.28	270	0.00	0.00		0			-1		bot-5	6.33	y	0	0	0
276200	bot-3	alpha	U00m-34C0	tick	24.15	-29.96	104	0.00	0.00		0			-1		bot-2	9.44	y	0	4	23
276200	bot-4	bravo	U00r-3410	tick	20.56	-25.49	147	0.00	0.00		0			-1		bot-1	6.21	y	0	11	86
276200	bot-5	alpha	U00r-3410	tick	26.98	-32.31	90	0.00	0.00		0			-1		bot-2	6.33	y	0	11	63
276200	bot-6	bravo	P00r-4410	tick	-23.01	19.26	67	2.40	2.43	76.96	9	patrol		-1				-	0	7	30
277202	bot-1	alpha	U00r-1420	tick	23.92	-30.70	100	0.00	0.00		0			-1		bot-2	9.51	y	0	1	0
277202	bot-2	bravo	A00r-0420	tick	33.30	-32.28	270	0.00	0.00		0			-1		bot-5	6.33	y	0	0	0
277202	bot-3	alpha	U00m-34C0	tick	24.15	-29.96	104	0.00	0.00		0			-1		bot-2	9.44	y	0	4	23
277202	bot-4	bravo	U00r-3410	tick	20.56	-25.49	147	0.00	0.00		0			-1		bot-1	6.21	y	0	11	86
277202	bot-5	alpha	U00r-3410	tick	26.98	-32.31	90	0.00	0.00		0			-1		bot-2	6.33	y	0	11	63
277202	bot-6	bravo	P00r-4410	tick	-20.61	19.26	88	2.40	2.40	75.22	9	patrol		-1				-	0	7	30
278214	bot-1	alpha	U00r-1420	tick	23.92	-30.70	100	0.00	0.00		0			-1		bot-2	9.51	y	0	1	0
278214	bot-2	bravo	A00r-0420	tick	33.30	-32.28	270	0.00	0.00		0			-1		bot-5	6.33	y	0	0	0
278214	bot-3	alpha	U00m-34C0	tick	24.15	-29.96	104	0.00	0.00		0			-1		bot-2	9.44	y	0	4	23
278214	bot-4	bravo	U00r-3410	tick	20.56	-25.49	147	0.00	0.00		0			-1		bot-1	6.21	y	0	11	86
278214	bot-5	alpha	U00r-3410	tick	26.98	-32.31	90	0.00	0.00		0			-1		bot-2	6.33	y	0	11	63
278214	bot-6	bravo	P00r-4410	tick	-18.17	19.25	117	2.40	2.43	73.49	9	patrol		-1				-	0	7	30
279222	bot-1	alpha	U00r-1420	tick	23.92	-30.70	100	0.00	0.00		0			-1		bot-2	9.51	y	0	1	0
279222	bot-2	bravo	A00r-0420	tick	33.30	-32.28	270	0.00	0.00		0			-1		bot-5	6.33	y	0	0	0
279222	bot-3	alpha	U00m-34C0	tick	24.15	-29.96	104	0.00	0.00		0			-1		bot-2	9.44	y	0	4	23
279222	bot-4	bravo	U00r-3410	tick	20.56	-25.49	147	0.00	0.00		0			-1		bot-1	6.21	y	0	11	86
279222	bot-5	alpha	U00r-3410	tick	26.98	-32.31	90	0.00	0.00		0			-1		bot-2	6.33	y	0	11	63
279222	bot-6	bravo	P00r-4410	tick	-16.13	18.33	129	2.40	2.25	71.40	8	patrol		-1				-	0	7	30
280234	bot-1	alpha	U00r-1420	tick	23.92	-30.70	100	0.00	0.00		0			-1		bot-2	9.51	y	0	1	0
280234	bot-2	bravo	A00r-0420	tick	33.30	-32.28	270	0.00	0.00		0			-1		bot-5	6.33	y	0	0	0
280234	bot-3	alpha	U00m-34C0	tick	24.15	-29.96	104	0.00	0.00		0			-1		bot-2	9.44	y	0	4	23
280234	bot-4	bravo	U00r-3410	tick	20.56	-25.49	147	0.00	0.00		0			-1		bot-1	6.21	y	0	11	86
280234	bot-5	alpha	U00r-3410	tick	26.98	-32.31	90	0.00	0.00		0			-1		bot-2	6.33	y	0	11	63
280234	bot-6	bravo	P00r-4410	tick	-14.38	16.65	114	2.40	2.42	68.98	8	patrol		-1				-	0	7	30
281239	bot-1	alpha	U00r-1420	tick	23.92	-30.70	100	0.00	0.00		0			-1		bot-2	9.51	y	0	1	0
281239	bot-2	bravo	A00r-0420	tick	33.30	-32.28	270	0.00	0.00		0			-1		bot-5	6.33	y	0	0	0
281239	bot-3	alpha	U00m-34C0	tick	24.15	-29.96	104	0.00	0.00		0			-1		bot-2	9.44	y	0	4	23
281239	bot-4	bravo	U00r-3410	tick	20.56	-25.49	147	0.00	0.00		0			-1		bot-1	6.21	y	0	11	86
281239	bot-5	alpha	U00r-3410	tick	26.98	-32.31	90	0.00	0.00		0			-1		bot-2	6.33	y	0	11	63
281239	bot-6	bravo	P00r-4410	tick	-12.63	14.98	146	2.40	2.42	66.57	8	patrol		-1				-	0	7	30
282263	bot-1	alpha	U00r-1420	tick	23.92	-30.70	100	0.00	0.00		0			-1		bot-2	9.51	y	0	1	0
282263	bot-2	bravo	A00r-0420	tick	33.30	-32.28	270	0.00	0.00		0			-1		bot-5	6.33	y	0	0	0
282263	bot-3	alpha	U00m-34C0	tick	24.15	-29.96	104	0.00	0.00		0			-1		bot-2	9.44	y	0	4	23
282263	bot-4	bravo	U00r-3410	tick	20.56	-25.49	147	0.00	0.00		0			-1		bot-1	6.21	y	0	11	86
282263	bot-5	alpha	U00r-3410	tick	26.98	-32.31	90	0.00	0.00		0			-1		bot-2	6.33	y	0	11	63
282263	bot-6	bravo	P00r-4410	tick	-10.86	13.28	147	2.40	2.46	64.11	8	patrol		-1				-	0	7	30
283282	bot-1	alpha	U00r-1420	tick	23.92	-30.70	100	0.00	0.00		0			-1		bot-2	9.51	y	0	1	0
283282	bot-2	bravo	A00r-0420	tick	33.30	-32.28	270	0.00	0.00		0			-1		bot-5	6.33	y	0	0	0
283282	bot-3	alpha	U00m-34C0	tick	24.15	-29.96	104	0.00	0.00		0			-1		bot-2	9.44	y	0	4	23
283282	bot-4	bravo	U00r-3410	tick	20.56	-25.49	147	0.00	0.00		0			-1		bot-1	6.21	y	0	11	86
283282	bot-5	alpha	U00r-3410	tick	26.98	-32.31	90	0.00	0.00		0			-1		bot-2	6.33	y	0	11	63
283282	bot-6	bravo	P00r-4410	tick	-9.10	11.58	114	2.40	2.45	61.67	8	patrol		-1				-	0	7	30
284293	bot-1	alpha	U00r-1420	tick	23.92	-30.70	100	0.00	0.00		0			-1		bot-2	9.51	y	0	1	0
284293	bot-2	bravo	A00r-0420	tick	33.30	-32.28	270	0.00	0.00		0			-1		bot-5	6.33	y	0	0	0
284293	bot-3	alpha	U00m-34C0	tick	24.15	-29.96	104	0.00	0.00		0			-1		bot-2	9.44	y	0	4	23
284293	bot-4	bravo	U00r-3410	tick	20.56	-25.49	147	0.00	0.00		0			-1		bot-1	6.21	y	0	11	86
284293	bot-5	alpha	U00r-3410	tick	26.98	-32.31	90	0.00	0.00		0			-1		bot-2	6.33	y	0	11	63
284293	bot-6	bravo	P00r-4410	tick	-7.38	9.87	129	2.40	2.43	59.24	7	patrol		-1				-	0	7	30
284679	bot-6	bravo	A00r-4410	state	-6.79	9.29	142	0.00	0.83		0			-1		bot-3	49.98	y	0	7	30
285318	bot-1	alpha	U00r-1420	tick	23.92	-30.70	100	0.00	0.00		0			-1		bot-2	9.51	y	0	1	0
285318	bot-2	bravo	A00r-0420	tick	33.30	-32.28	270	0.00	0.00		0			-1		bot-5	6.33	y	0	0	0
285318	bot-3	alpha	U00m-34C0	tick	24.15	-29.96	104	0.00	0.00		0			-1		bot-2	9.44	y	0	4	23
285318	bot-4	bravo	U00r-3410	tick	20.56	-25.49	147	0.00	0.00		0			-1		bot-1	6.21	y	0	11	86
285318	bot-5	alpha	U00r-3410	tick	26.98	-32.31	90	0.00	0.00		0			-1		bot-2	6.33	y	0	11	63
285449	bot-6	bravo	F00r-4410	state	-6.79	9.29	142	0.00	0.00	0.54	1	muzzleRecovery		-1		bot-3	49.98	y	0	6	30
285466	bot-6	bravo	P00r-4410	state	-6.79	9.26	145	1.32	0.02	0.51	1	muzzleRecovery		-1		bot-3	49.98	y	0	6	30
285616	bot-6	bravo	A00r-4410	state	-6.78	9.09	169	0.00	0.18		0			-1		bot-3	49.81	y	0	6	30
285795	bot-6	bravo	F00r-3410	state+ammo	-6.78	9.09	142	0.00	0.00		0			-1		bot-3	49.81	y	0	5	30
285812	bot-6	bravo	A00r-3410	state	-6.78	9.09	142	0.00	0.00		0			-1		bot-3	49.81	y	0	5	30
286150	bot-6	bravo	F00r-3410	state	-6.78	9.09	142	0.00	0.00		0			-1		bot-3	49.81	y	0	4	30
286175	bot-6	bravo	U00r-3410	state	-6.75	9.06	142	1.32	0.03	40.69	4	pursue		-1		bot-3	49.81	y	0	4	30
286333	bot-1	alpha	U00r-1420	tick	23.92	-30.70	100	0.00	0.00		0			-1		bot-2	9.51	y	0	1	0
286333	bot-2	bravo	A00r-0420	tick	33.30	-32.28	270	0.00	0.00		0			-1		bot-5	6.33	y	0	0	0
286333	bot-3	alpha	U00m-34C0	tick	24.15	-29.96	104	0.00	0.00		0			-1		bot-2	9.44	y	0	4	23
286333	bot-4	bravo	U00r-3410	tick	20.56	-25.49	147	0.00	0.00		0			-1		bot-1	6.21	y	0	11	86
286333	bot-5	alpha	U00r-3410	tick	26.98	-32.31	90	0.00	0.00		0			-1		bot-2	6.33	y	0	11	63
287205	bot-6	bravo	U00r-3410	tick	-4.24	6.45	142	4.08	3.62	37.08	4	pursue		-1		bot-3	46.30	y	0	4	30
287337	bot-1	alpha	U00r-1420	tick	23.92	-30.70	100	0.00	0.00		0			-1		bot-2	9.51	y	0	1	0
287337	bot-2	bravo	A00r-0420	tick	33.30	-32.28	270	0.00	0.00		0			-1		bot-5	6.33	y	0	0	0
287337	bot-3	alpha	U00m-34C0	tick	24.15	-29.96	104	0.00	0.00		0			-1		bot-2	9.44	y	0	4	23
287337	bot-4	bravo	U00r-3410	tick	20.56	-25.49	147	0.00	0.00		0			-1		bot-1	6.21	y	0	11	86
287337	bot-5	alpha	U00r-3410	tick	26.98	-32.31	90	0.00	0.00		0			-1		bot-2	6.33	y	0	11	63
288229	bot-6	bravo	U00r-3410	tick	-1.35	3.44	143	4.08	4.18	32.93	4	pursue		-1		bot-3	42.17	y	0	4	30
288351	bot-1	alpha	U00r-1420	tick	23.92	-30.70	100	0.00	0.00		0			-1		bot-2	9.51	y	0	1	0
288351	bot-2	bravo	A00r-0420	tick	33.30	-32.28	270	0.00	0.00		0			-1		bot-5	6.33	y	0	0	0
288351	bot-3	alpha	U00m-34C0	tick	24.15	-29.96	104	0.00	0.00		0			-1		bot-2	9.44	y	0	4	23
288351	bot-4	bravo	U00r-3410	tick	20.56	-25.49	147	0.00	0.00		0			-1		bot-1	6.21	y	0	11	86
288351	bot-5	alpha	U00r-3410	tick	26.98	-32.31	90	0.00	0.00		0			-1		bot-2	6.33	y	0	11	63
289234	bot-6	bravo	U00r-3410	tick	1.11	0.22	143	4.08	4.05	28.88	3	pursue		-1		bot-3	38.08	y	0	4	30
289363	bot-1	alpha	U00r-1420	tick	23.92	-30.70	100	0.00	0.00		0			-1		bot-2	9.51	y	0	1	0
289363	bot-2	bravo	A00r-0420	tick	33.30	-32.28	270	0.00	0.00		0			-1		bot-5	6.33	y	0	0	0
289363	bot-3	alpha	U00m-34C0	tick	24.15	-29.96	104	0.00	0.00		0			-1		bot-2	9.44	y	0	4	23
289363	bot-4	bravo	U00r-3410	tick	20.56	-25.49	147	0.00	0.00		0			-1		bot-1	6.21	y	0	11	86
289363	bot-5	alpha	U00r-3410	tick	26.98	-32.31	90	0.00	0.00		0			-1		bot-2	6.33	y	0	11	63
290237	bot-6	bravo	U00r-3410	tick	2.79	-3.51	141	4.08	4.09	24.91	3	pursue		-1		bot-3	34.08	y	0	4	30
290366	bot-1	alpha	U00r-1420	tick	23.92	-30.70	100	0.00	0.00		0			-1		bot-2	9.51	y	0	1	0
290366	bot-2	bravo	A00r-0420	tick	33.30	-32.28	270	0.00	0.00		0			-1		bot-5	6.33	y	0	0	0
290366	bot-3	alpha	U00m-34C0	tick	24.15	-29.96	104	0.00	0.00		0			-1		bot-2	9.44	y	0	4	23
290366	bot-4	bravo	U00r-3410	tick	20.56	-25.49	147	0.00	0.00		0			-1		bot-1	6.21	y	0	11	86
290366	bot-5	alpha	U00r-3410	tick	26.98	-32.31	90	0.00	0.00		0			-1		bot-2	6.33	y	0	11	63
291240	bot-6	bravo	U00r-3410	tick	4.69	-7.09	140	4.08	4.06	20.94	2	pursue		-1		bot-3	30.12	y	0	4	30
291391	bot-1	alpha	U00r-1420	tick	23.92	-30.70	100	0.00	0.00		0			-1		bot-2	9.51	y	0	1	0
291391	bot-2	bravo	A00r-0420	tick	33.30	-32.28	270	0.00	0.00		0			-1		bot-5	6.33	y	0	0	0
291391	bot-3	alpha	U00m-34C0	tick	24.15	-29.96	104	0.00	0.00		0			-1		bot-2	9.44	y	0	4	23
291391	bot-4	bravo	U00r-3410	tick	20.56	-25.49	147	0.00	0.00		0			-1		bot-1	6.21	y	0	11	86
291391	bot-5	alpha	U00r-3410	tick	26.98	-32.31	90	0.00	0.00		0			-1		bot-2	6.33	y	0	11	63
292258	bot-6	bravo	U00r-3410	tick	7.51	-10.15	140	4.08	4.15	16.79	2	pursue		-1		bot-3	25.96	y	0	4	30
292394	bot-1	alpha	U00r-1420	tick	23.92	-30.70	100	0.00	0.00		0			-1		bot-2	9.51	y	0	1	0
292394	bot-2	bravo	A00r-0420	tick	33.30	-32.28	270	0.00	0.00		0			-1		bot-5	6.33	y	0	0	0
292394	bot-3	alpha	U00m-34C0	tick	24.15	-29.96	104	0.00	0.00		0			-1		bot-2	9.44	y	0	4	23
292394	bot-4	bravo	U00r-3410	tick	20.56	-25.49	147	0.00	0.00		0			-1		bot-1	6.21	y	0	11	86
292394	bot-5	alpha	U00r-3410	tick	26.98	-32.31	90	0.00	0.00		0			-1		bot-2	6.33	y	0	11	63
293280	bot-6	bravo	U00r-3410	tick	10.33	-13.21	140	4.08	4.17	12.63	2	pursue		-1		bot-3	21.89	y	0	4	30
293415	bot-1	alpha	U00r-1420	tick	23.92	-30.70	100	0.00	0.00		0			-1		bot-2	9.51	y	0	1	0
293415	bot-2	bravo	A00r-0420	tick	33.30	-32.28	270	0.00	0.00		0			-1		bot-5	6.33	y	0	0	0
293415	bot-3	alpha	U00m-34C0	tick	24.15	-29.96	104	0.00	0.00		0			-1		bot-2	9.44	y	0	4	23
293415	bot-4	bravo	U00r-3410	tick	20.56	-25.49	147	0.00	0.00		0			-1		bot-1	6.21	y	0	11	86
293415	bot-5	alpha	U00r-3410	tick	26.98	-32.31	90	0.00	0.00		0			-1		bot-2	6.33	y	0	11	63
294290	bot-6	bravo	U00r-3410	tick	13.08	-16.28	141	4.08	4.12	8.51	1	pursue		-1		bot-3	17.71	y	0	4	30
294426	bot-1	alpha	U00r-1420	tick	23.92	-30.70	100	0.00	0.00		0			-1		bot-2	9.51	y	0	1	0
294426	bot-2	bravo	A00r-0420	tick	33.30	-32.28	270	0.00	0.00		0			-1		bot-5	6.33	y	0	0	0
294426	bot-3	alpha	U00m-34C0	tick	24.15	-29.96	104	0.00	0.00		0			-1		bot-2	9.44	y	0	4	23
294426	bot-4	bravo	U00r-3410	tick	20.56	-25.49	147	0.00	0.00		0			-1		bot-1	6.21	y	0	11	86
294426	bot-5	alpha	U00r-3410	tick	26.98	-32.31	90	0.00	0.00		0			-1		bot-2	6.33	y	0	11	63
295304	bot-6	bravo	U00r-3410	tick	15.79	-19.37	142	4.08	4.11	4.40	1	pursue		-1		bot-3	13.57	y	0	4	30
295428	bot-1	alpha	U00r-1420	tick	23.92	-30.70	100	0.00	0.00		0			-1		bot-2	9.51	y	0	1	0
295428	bot-2	bravo	A00r-0420	tick	33.30	-32.28	270	0.00	0.00		0			-1		bot-5	6.33	y	0	0	0
295428	bot-3	alpha	U00m-34C0	tick	24.15	-29.96	104	0.00	0.00		0			-1		bot-2	9.44	y	0	4	23
295428	bot-4	bravo	U00r-3410	tick	20.56	-25.49	147	0.00	0.00		0			-1		bot-1	6.21	y	0	11	86
295428	bot-5	alpha	U00r-3410	tick	26.98	-32.31	90	0.00	0.00		0			-1		bot-2	6.33	y	0	11	63
296306	bot-6	bravo	U00r-3410	tick	18.48	-22.45	143	4.08	4.09	0.39	1	pursue		-1		bot-3	9.49	y	0	4	30
296442	bot-1	alpha	U00r-1420	tick	23.92	-30.70	100	0.00	0.00		0			-1		bot-2	9.51	y	0	1	0
296442	bot-2	bravo	A00r-0420	tick	33.30	-32.28	270	0.00	0.00		0			-1		bot-5	6.33	y	0	0	0
296442	bot-3	alpha	U00m-34C0	tick	24.15	-29.96	104	0.00	0.00		0			-1		bot-2	9.44	y	0	4	23
296442	bot-4	bravo	U00r-3410	tick	20.56	-25.49	147	0.00	0.00		0			-1		bot-1	6.21	y	0	11	86
296442	bot-5	alpha	U00r-3410	tick	26.98	-32.31	90	0.00	0.00		0			-1		bot-2	6.33	y	0	11	63
297368	bot-6	bravo	U00r-3410	tick	18.54	-22.51	143	0.00	0.09		0			-1		bot-3	9.33	y	0	4	30
297516	bot-1	alpha	U00r-1420	tick	23.92	-30.70	100	0.00	0.00		0			-1		bot-2	9.51	y	0	1	0
297516	bot-2	bravo	A00r-0420	tick	33.30	-32.28	270	0.00	0.00		0			-1		bot-5	6.33	y	0	0	0
297516	bot-3	alpha	U00m-34C0	tick	24.15	-29.96	104	0.00	0.00		0			-1		bot-2	9.44	y	0	4	23
297516	bot-4	bravo	U00r-3410	tick	20.56	-25.49	147	0.00	0.00		0			-1		bot-1	6.21	y	0	11	86
297516	bot-5	alpha	U00r-3410	tick	26.98	-32.31	90	0.00	0.00		0			-1		bot-2	6.33	y	0	11	63
298400	bot-6	bravo	U00r-3410	tick	18.54	-22.51	143	0.00	0.00		0			-1		bot-3	9.33	y	0	4	30
298525	bot-1	alpha	U00r-1420	tick	23.92	-30.70	100	0.00	0.00		0			-1		bot-2	9.51	y	0	1	0
298525	bot-2	bravo	A00r-0420	tick	33.30	-32.28	270	0.00	0.00		0			-1		bot-5	6.33	y	0	0	0
298525	bot-3	alpha	U00m-34C0	tick	24.15	-29.96	104	0.00	0.00		0			-1		bot-2	9.44	y	0	4	23
298525	bot-4	bravo	U00r-3410	tick	20.56	-25.49	147	0.00	0.00		0			-1		bot-1	6.21	y	0	11	86
298525	bot-5	alpha	U00r-3410	tick	26.98	-32.31	90	0.00	0.00		0			-1		bot-2	6.33	y	0	11	63
299442	bot-6	bravo	U00r-3410	tick	18.54	-22.51	143	0.00	0.00		0			-1		bot-3	9.33	y	0	4	30
299529	bot-1	alpha	U00r-1420	tick	23.92	-30.70	100	0.00	0.00		0			-1		bot-2	9.51	y	0	1	0
299529	bot-2	bravo	A00r-0420	tick	33.30	-32.28	270	0.00	0.00		0			-1		bot-5	6.33	y	0	0	0
299529	bot-3	alpha	U00m-34C0	tick	24.15	-29.96	104	0.00	0.00		0			-1		bot-2	9.44	y	0	4	23
299529	bot-4	bravo	U00r-3410	tick	20.56	-25.49	147	0.00	0.00		0			-1		bot-1	6.21	y	0	11	86
299529	bot-5	alpha	U00r-3410	tick	26.98	-32.31	90	0.00	0.00		0			-1		bot-2	6.33	y	0	11	63
300479	bot-6	bravo	U00r-3410	tick	18.54	-22.51	143	0.00	0.00		0			-1		bot-3	9.33	y	0	4	30
300588	bot-1	alpha	U00r-1420	tick	23.92	-30.70	100	0.00	0.00		0			-1		bot-2	9.51	y	0	1	0
300588	bot-2	bravo	A00r-0420	tick	33.30	-32.28	270	0.00	0.00		0			-1		bot-5	6.33	y	0	0	0
300588	bot-3	alpha	U00m-34C0	tick	24.15	-29.96	104	0.00	0.00		0			-1		bot-2	9.44	y	0	4	23
300588	bot-4	bravo	U00r-3410	tick	20.56	-25.49	147	0.00	0.00		0			-1		bot-1	6.21	y	0	11	86
300588	bot-5	alpha	U00r-3410	tick	26.98	-32.31	90	0.00	0.00		0			-1		bot-2	6.33	y	0	11	63
301563	bot-6	bravo	U00r-3410	tick	18.54	-22.51	143	0.00	0.00		0			-1		bot-3	9.33	y	0	4	30
301622	bot-1	alpha	U00r-1420	tick	23.92	-30.70	100	0.00	0.00		0			-1		bot-2	9.51	y	0	1	0
301622	bot-2	bravo	A00r-0420	tick	33.30	-32.28	270	0.00	0.00		0			-1		bot-5	6.33	y	0	0	0
301622	bot-3	alpha	U00m-34C0	tick	24.15	-29.96	104	0.00	0.00		0			-1		bot-2	9.44	y	0	4	23
301622	bot-4	bravo	U00r-3410	tick	20.56	-25.49	147	0.00	0.00		0			-1		bot-1	6.21	y	0	11	86
301622	bot-5	alpha	U00r-3410	tick	26.98	-32.31	90	0.00	0.00		0			-1		bot-2	6.33	y	0	11	63
302638	bot-1	alpha	U00r-1420	tick	23.92	-30.70	100	0.00	0.00		0			-1		bot-2	9.51	y	0	1	0
302638	bot-2	bravo	A00r-0420	tick	33.30	-32.28	270	0.00	0.00		0			-1		bot-5	6.33	y	0	0	0
302638	bot-3	alpha	U00m-34C0	tick	24.15	-29.96	104	0.00	0.00		0			-1		bot-2	9.44	y	0	4	23
302638	bot-4	bravo	U00r-3410	tick	20.56	-25.49	147	0.00	0.00		0			-1		bot-1	6.21	y	0	11	86
302638	bot-5	alpha	U00r-3410	tick	26.98	-32.31	90	0.00	0.00		0			-1		bot-2	6.33	y	0	11	63
302638	bot-6	bravo	U00r-3410	tick	18.54	-22.51	143	0.00	0.00		0			-1		bot-3	9.33	y	0	4	30
303652	bot-1	alpha	U00r-1420	tick	23.92	-30.70	100	0.00	0.00		0			-1		bot-2	9.51	y	0	1	0
303652	bot-2	bravo	A00r-0420	tick	33.30	-32.28	270	0.00	0.00		0			-1		bot-5	6.33	y	0	0	0
303652	bot-3	alpha	U00m-34C0	tick	24.15	-29.96	104	0.00	0.00		0			-1		bot-2	9.44	y	0	4	23
303652	bot-4	bravo	U00r-3410	tick	20.56	-25.49	147	0.00	0.00		0			-1		bot-1	6.21	y	0	11	86
303652	bot-5	alpha	U00r-3410	tick	26.98	-32.31	90	0.00	0.00		0			-1		bot-2	6.33	y	0	11	63
303652	bot-6	bravo	U00r-3410	tick	18.54	-22.51	143	0.00	0.00		0			-1		bot-3	9.33	y	0	4	30
304665	bot-1	alpha	U00r-1420	tick	23.92	-30.70	100	0.00	0.00		0			-1		bot-2	9.51	y	0	1	0
304665	bot-2	bravo	A00r-0420	tick	33.30	-32.28	270	0.00	0.00		0			-1		bot-5	6.33	y	0	0	0
304665	bot-3	alpha	U00m-34C0	tick	24.15	-29.96	104	0.00	0.00		0			-1		bot-2	9.44	y	0	4	23
304665	bot-4	bravo	U00r-3410	tick	20.56	-25.49	147	0.00	0.00		0			-1		bot-1	6.21	y	0	11	86
304665	bot-5	alpha	U00r-3410	tick	26.98	-32.31	90	0.00	0.00		0			-1		bot-2	6.33	y	0	11	63
304665	bot-6	bravo	U00r-3410	tick	18.54	-22.51	143	0.00	0.00		0			-1		bot-3	9.33	y	0	4	30
305665	bot-1	alpha	U00r-1420	tick	23.92	-30.70	100	0.00	0.00		0			-1		bot-2	9.51	y	0	1	0
305665	bot-2	bravo	A00r-0420	tick	33.30	-32.28	270	0.00	0.00		0			-1		bot-5	6.33	y	0	0	0
305665	bot-3	alpha	U00m-34C0	tick	24.15	-29.96	104	0.00	0.00		0			-1		bot-2	9.44	y	0	4	23
305665	bot-4	bravo	U00r-3410	tick	20.56	-25.49	147	0.00	0.00		0			-1		bot-1	6.21	y	0	11	86
305665	bot-5	alpha	U00r-3410	tick	26.98	-32.31	90	0.00	0.00		0			-1		bot-2	6.33	y	0	11	63
305665	bot-6	bravo	U00r-3410	tick	18.54	-22.51	143	0.00	0.00		0			-1		bot-3	9.33	y	0	4	30
306676	bot-1	alpha	U00r-1420	tick	23.92	-30.70	100	0.00	0.00		0			-1		bot-2	9.51	y	0	1	0
306676	bot-2	bravo	A00r-0420	tick	33.30	-32.28	270	0.00	0.00		0			-1		bot-5	6.33	y	0	0	0
306676	bot-3	alpha	U00m-34C0	tick	24.15	-29.96	104	0.00	0.00		0			-1		bot-2	9.44	y	0	4	23
306676	bot-4	bravo	U00r-3410	tick	20.56	-25.49	147	0.00	0.00		0			-1		bot-1	6.21	y	0	11	86
306676	bot-5	alpha	U00r-3410	tick	26.98	-32.31	90	0.00	0.00		0			-1		bot-2	6.33	y	0	11	63
306676	bot-6	bravo	U00r-3410	tick	18.54	-22.51	143	0.00	0.00		0			-1		bot-3	9.33	y	0	4	30
307682	bot-1	alpha	U00r-1420	tick	23.92	-30.70	100	0.00	0.00		0			-1		bot-2	9.51	y	0	1	0
307682	bot-2	bravo	A00r-0420	tick	33.30	-32.28	270	0.00	0.00		0			-1		bot-5	6.33	y	0	0	0
307682	bot-3	alpha	U00m-34C0	tick	24.15	-29.96	104	0.00	0.00		0			-1		bot-2	9.44	y	0	4	23
307682	bot-4	bravo	U00r-3410	tick	20.56	-25.49	147	0.00	0.00		0			-1		bot-1	6.21	y	0	11	86
307682	bot-5	alpha	U00r-3410	tick	26.98	-32.31	90	0.00	0.00		0			-1		bot-2	6.33	y	0	11	63
307682	bot-6	bravo	U00r-3410	tick	18.54	-22.51	143	0.00	0.00		0			-1		bot-3	9.33	y	0	4	30
308698	bot-1	alpha	U00r-1420	tick	23.92	-30.70	100	0.00	0.00		0			-1		bot-2	9.51	y	0	1	0
308698	bot-2	bravo	A00r-0420	tick	33.30	-32.28	270	0.00	0.00		0			-1		bot-5	6.33	y	0	0	0
308698	bot-3	alpha	U00m-34C0	tick	24.15	-29.96	104	0.00	0.00		0			-1		bot-2	9.44	y	0	4	23
308698	bot-4	bravo	U00r-3410	tick	20.56	-25.49	147	0.00	0.00		0			-1		bot-1	6.21	y	0	11	86
308698	bot-5	alpha	U00r-3410	tick	26.98	-32.31	90	0.00	0.00		0			-1		bot-2	6.33	y	0	11	63
308698	bot-6	bravo	U00r-3410	tick	18.54	-22.51	143	0.00	0.00		0			-1		bot-3	9.33	y	0	4	30
309715	bot-1	alpha	U00r-1420	tick	23.92	-30.70	100	0.00	0.00		0			-1		bot-2	9.51	y	0	1	0
309715	bot-2	bravo	A00r-0420	tick	33.30	-32.28	270	0.00	0.00		0			-1		bot-5	6.33	y	0	0	0
309715	bot-3	alpha	U00m-34C0	tick	24.15	-29.96	104	0.00	0.00		0			-1		bot-2	9.44	y	0	4	23
309715	bot-4	bravo	U00r-3410	tick	20.56	-25.49	147	0.00	0.00		0			-1		bot-1	6.21	y	0	11	86
309715	bot-5	alpha	U00r-3410	tick	26.98	-32.31	90	0.00	0.00		0			-1		bot-2	6.33	y	0	11	63
309715	bot-6	bravo	U00r-3410	tick	18.54	-22.51	143	0.00	0.00		0			-1		bot-3	9.33	y	0	4	30
310720	bot-1	alpha	U00r-1420	tick	23.92	-30.70	100	0.00	0.00		0			-1		bot-2	9.51	y	0	1	0
310720	bot-2	bravo	A00r-0420	tick	33.30	-32.28	270	0.00	0.00		0			-1		bot-5	6.33	y	0	0	0
310720	bot-3	alpha	U00m-34C0	tick	24.15	-29.96	104	0.00	0.00		0			-1		bot-2	9.44	y	0	4	23
310720	bot-4	bravo	U00r-3410	tick	20.56	-25.49	147	0.00	0.00		0			-1		bot-1	6.21	y	0	11	86
310720	bot-5	alpha	U00r-3410	tick	26.98	-32.31	90	0.00	0.00		0			-1		bot-2	6.33	y	0	11	63
310720	bot-6	bravo	U00r-3410	tick	18.54	-22.51	143	0.00	0.00		0			-1		bot-3	9.33	y	0	4	30
311724	bot-1	alpha	U00r-1420	tick	23.92	-30.70	100	0.00	0.00		0			-1		bot-2	9.51	y	0	1	0
311724	bot-2	bravo	A00r-0420	tick	33.30	-32.28	270	0.00	0.00		0			-1		bot-5	6.33	y	0	0	0
311724	bot-3	alpha	U00m-34C0	tick	24.15	-29.96	104	0.00	0.00		0			-1		bot-2	9.44	y	0	4	23
311724	bot-4	bravo	U00r-3410	tick	20.56	-25.49	147	0.00	0.00		0			-1		bot-1	6.21	y	0	11	86
311724	bot-5	alpha	U00r-3410	tick	26.98	-32.31	90	0.00	0.00		0			-1		bot-2	6.33	y	0	11	63
311724	bot-6	bravo	U00r-3410	tick	18.54	-22.51	143	0.00	0.00		0			-1		bot-3	9.33	y	0	4	30
312758	bot-1	alpha	U00r-1420	tick	23.92	-30.70	100	0.00	0.00		0			-1		bot-2	9.51	y	0	1	0
312758	bot-2	bravo	A00r-0420	tick	33.30	-32.28	270	0.00	0.00		0			-1		bot-5	6.33	y	0	0	0
312758	bot-3	alpha	U00m-34C0	tick	24.15	-29.96	104	0.00	0.00		0			-1		bot-2	9.44	y	0	4	23
312758	bot-4	bravo	U00r-3410	tick	20.56	-25.49	147	0.00	0.00		0			-1		bot-1	6.21	y	0	11	86
312758	bot-5	alpha	U00r-3410	tick	26.98	-32.31	90	0.00	0.00		0			-1		bot-2	6.33	y	0	11	63
312758	bot-6	bravo	U00r-3410	tick	18.54	-22.51	143	0.00	0.00		0			-1		bot-3	9.33	y	0	4	30
313764	bot-1	alpha	U00r-1420	tick	23.92	-30.70	100	0.00	0.00		0			-1		bot-2	9.51	y	0	1	0
313764	bot-2	bravo	A00r-0420	tick	33.30	-32.28	270	0.00	0.00		0			-1		bot-5	6.33	y	0	0	0
313764	bot-3	alpha	U00m-34C0	tick	24.15	-29.96	104	0.00	0.00		0			-1		bot-2	9.44	y	0	4	23
313764	bot-4	bravo	U00r-3410	tick	20.56	-25.49	147	0.00	0.00		0			-1		bot-1	6.21	y	0	11	86
313764	bot-5	alpha	U00r-3410	tick	26.98	-32.31	90	0.00	0.00		0			-1		bot-2	6.33	y	0	11	63
313764	bot-6	bravo	U00r-3410	tick	18.54	-22.51	143	0.00	0.00		0			-1		bot-3	9.33	y	0	4	30
314764	bot-1	alpha	U00r-1420	tick	23.92	-30.70	100	0.00	0.00		0			-1		bot-2	9.51	y	0	1	0
314764	bot-2	bravo	A00r-0420	tick	33.30	-32.28	270	0.00	0.00		0			-1		bot-5	6.33	y	0	0	0
314764	bot-3	alpha	U00m-34C0	tick	24.15	-29.96	104	0.00	0.00		0			-1		bot-2	9.44	y	0	4	23
314764	bot-4	bravo	U00r-3410	tick	20.56	-25.49	147	0.00	0.00		0			-1		bot-1	6.21	y	0	11	86
314764	bot-5	alpha	U00r-3410	tick	26.98	-32.31	90	0.00	0.00		0			-1		bot-2	6.33	y	0	11	63
314764	bot-6	bravo	U00r-3410	tick	18.54	-22.51	143	0.00	0.00		0			-1		bot-3	9.33	y	0	4	30
315781	bot-1	alpha	U00r-1420	tick	23.92	-30.70	100	0.00	0.00		0			-1		bot-2	9.51	y	0	1	0
315781	bot-2	bravo	A00r-0420	tick	33.30	-32.28	270	0.00	0.00		0			-1		bot-5	6.33	y	0	0	0
315781	bot-3	alpha	U00m-34C0	tick	24.15	-29.96	104	0.00	0.00		0			-1		bot-2	9.44	y	0	4	23
315781	bot-4	bravo	U00r-3410	tick	20.56	-25.49	147	0.00	0.00		0			-1		bot-1	6.21	y	0	11	86
315781	bot-5	alpha	U00r-3410	tick	26.98	-32.31	90	0.00	0.00		0			-1		bot-2	6.33	y	0	11	63
315781	bot-6	bravo	U00r-3410	tick	18.54	-22.51	143	0.00	0.00		0			-1		bot-3	9.33	y	0	4	30
316783	bot-1	alpha	U00r-1420	tick	23.92	-30.70	100	0.00	0.00		0			-1		bot-2	9.51	y	0	1	0
316783	bot-2	bravo	A00r-0420	tick	33.30	-32.28	270	0.00	0.00		0			-1		bot-5	6.33	y	0	0	0
316783	bot-3	alpha	U00m-34C0	tick	24.15	-29.96	104	0.00	0.00		0			-1		bot-2	9.44	y	0	4	23
316783	bot-4	bravo	U00r-3410	tick	20.56	-25.49	147	0.00	0.00		0			-1		bot-1	6.21	y	0	11	86
316783	bot-5	alpha	U00r-3410	tick	26.98	-32.31	90	0.00	0.00		0			-1		bot-2	6.33	y	0	11	63
316783	bot-6	bravo	U00r-3410	tick	18.54	-22.51	143	0.00	0.00		0			-1		bot-3	9.33	y	0	4	30
317838	bot-1	alpha	U00r-1420	tick	23.92	-30.70	100	0.00	0.00		0			-1		bot-2	9.51	y	0	1	0
317838	bot-2	bravo	A00r-0420	tick	33.30	-32.28	270	0.00	0.00		0			-1		bot-5	6.33	y	0	0	0
317838	bot-3	alpha	U00m-34C0	tick	24.15	-29.96	104	0.00	0.00		0			-1		bot-2	9.44	y	0	4	23
317838	bot-4	bravo	U00r-3410	tick	20.56	-25.49	147	0.00	0.00		0			-1		bot-1	6.21	y	0	11	86
317838	bot-5	alpha	U00r-3410	tick	26.98	-32.31	90	0.00	0.00		0			-1		bot-2	6.33	y	0	11	63
317838	bot-6	bravo	U00r-3410	tick	18.54	-22.51	143	0.00	0.00		0			-1		bot-3	9.33	y	0	4	30
318850	bot-1	alpha	U00r-1420	tick	23.92	-30.70	100	0.00	0.00		0			-1		bot-2	9.51	y	0	1	0
318850	bot-2	bravo	A00r-0420	tick	33.30	-32.28	270	0.00	0.00		0			-1		bot-5	6.33	y	0	0	0
318850	bot-3	alpha	U00m-34C0	tick	24.15	-29.96	104	0.00	0.00		0			-1		bot-2	9.44	y	0	4	23
318850	bot-4	bravo	U00r-3410	tick	20.56	-25.49	147	0.00	0.00		0			-1		bot-1	6.21	y	0	11	86
318850	bot-5	alpha	U00r-3410	tick	26.98	-32.31	90	0.00	0.00		0			-1		bot-2	6.33	y	0	11	63
318850	bot-6	bravo	U00r-3410	tick	18.54	-22.51	143	0.00	0.00		0			-1		bot-3	9.33	y	0	4	30
319864	bot-1	alpha	U00r-1420	tick	23.92	-30.70	100	0.00	0.00		0			-1		bot-2	9.51	y	0	1	0
319864	bot-2	bravo	A00r-0420	tick	33.30	-32.28	270	0.00	0.00		0			-1		bot-5	6.33	y	0	0	0
319864	bot-3	alpha	U00m-34C0	tick	24.15	-29.96	104	0.00	0.00		0			-1		bot-2	9.44	y	0	4	23
319864	bot-4	bravo	U00r-3410	tick	20.56	-25.49	147	0.00	0.00		0			-1		bot-1	6.21	y	0	11	86
319864	bot-5	alpha	U00r-3410	tick	26.98	-32.31	90	0.00	0.00		0			-1		bot-2	6.33	y	0	11	63
319864	bot-6	bravo	U00r-3410	tick	18.54	-22.51	143	0.00	0.00		0			-1		bot-3	9.33	y	0	4	30
320869	bot-1	alpha	U00r-1420	tick	23.92	-30.70	100	0.00	0.00		0			-1		bot-2	9.51	y	0	1	0
320869	bot-2	bravo	A00r-0420	tick	33.30	-32.28	270	0.00	0.00		0			-1		bot-5	6.33	y	0	0	0
320869	bot-3	alpha	U00m-34C0	tick	24.15	-29.96	104	0.00	0.00		0			-1		bot-2	9.44	y	0	4	23
320869	bot-4	bravo	U00r-3410	tick	20.56	-25.49	147	0.00	0.00		0			-1		bot-1	6.21	y	0	11	86
320869	bot-5	alpha	U00r-3410	tick	26.98	-32.31	90	0.00	0.00		0			-1		bot-2	6.33	y	0	11	63
320869	bot-6	bravo	U00r-3410	tick	18.54	-22.51	143	0.00	0.00		0			-1		bot-3	9.33	y	0	4	30
321886	bot-1	alpha	U00r-1420	tick	23.92	-30.70	100	0.00	0.00		0			-1		bot-2	9.51	y	0	1	0
321886	bot-2	bravo	A00r-0420	tick	33.30	-32.28	270	0.00	0.00		0			-1		bot-5	6.33	y	0	0	0
321886	bot-3	alpha	U00m-34C0	tick	24.15	-29.96	104	0.00	0.00		0			-1		bot-2	9.44	y	0	4	23
321886	bot-4	bravo	U00r-3410	tick	20.56	-25.49	147	0.00	0.00		0			-1		bot-1	6.21	y	0	11	86
321886	bot-5	alpha	U00r-3410	tick	26.98	-32.31	90	0.00	0.00		0			-1		bot-2	6.33	y	0	11	63
321886	bot-6	bravo	U00r-3410	tick	18.54	-22.51	143	0.00	0.00		0			-1		bot-3	9.33	y	0	4	30
322890	bot-1	alpha	U00r-1420	tick	23.92	-30.70	100	0.00	0.00		0			-1		bot-2	9.51	y	0	1	0
322890	bot-2	bravo	A00r-0420	tick	33.30	-32.28	270	0.00	0.00		0			-1		bot-5	6.33	y	0	0	0
322890	bot-3	alpha	U00m-34C0	tick	24.15	-29.96	104	0.00	0.00		0			-1		bot-2	9.44	y	0	4	23
322890	bot-4	bravo	U00r-3410	tick	20.56	-25.49	147	0.00	0.00		0			-1		bot-1	6.21	y	0	11	86
322890	bot-5	alpha	U00r-3410	tick	26.98	-32.31	90	0.00	0.00		0			-1		bot-2	6.33	y	0	11	63
322890	bot-6	bravo	U00r-3410	tick	18.54	-22.51	143	0.00	0.00		0			-1		bot-3	9.33	y	0	4	30
323901	bot-1	alpha	U00r-1420	tick	23.92	-30.70	100	0.00	0.00		0			-1		bot-2	9.51	y	0	1	0
323901	bot-2	bravo	A00r-0420	tick	33.30	-32.28	270	0.00	0.00		0			-1		bot-5	6.33	y	0	0	0
323901	bot-3	alpha	U00m-34C0	tick	24.15	-29.96	104	0.00	0.00		0			-1		bot-2	9.44	y	0	4	23
323901	bot-4	bravo	U00r-3410	tick	20.56	-25.49	147	0.00	0.00		0			-1		bot-1	6.21	y	0	11	86
323901	bot-5	alpha	U00r-3410	tick	26.98	-32.31	90	0.00	0.00		0			-1		bot-2	6.33	y	0	11	63
323901	bot-6	bravo	U00r-3410	tick	18.54	-22.51	143	0.00	0.00		0			-1		bot-3	9.33	y	0	4	30
324931	bot-1	alpha	U00r-1420	tick	23.92	-30.70	100	0.00	0.00		0			-1		bot-2	9.51	y	0	1	0
324931	bot-2	bravo	A00r-0420	tick	33.30	-32.28	270	0.00	0.00		0			-1		bot-5	6.33	y	0	0	0
324931	bot-3	alpha	U00m-34C0	tick	24.15	-29.96	104	0.00	0.00		0			-1		bot-2	9.44	y	0	4	23
324931	bot-4	bravo	U00r-3410	tick	20.56	-25.49	147	0.00	0.00		0			-1		bot-1	6.21	y	0	11	86
324931	bot-5	alpha	U00r-3410	tick	26.98	-32.31	90	0.00	0.00		0			-1		bot-2	6.33	y	0	11	63
324931	bot-6	bravo	U00r-3410	tick	18.54	-22.51	143	0.00	0.00		0			-1		bot-3	9.33	y	0	4	30
325947	bot-1	alpha	U00r-1420	tick	23.92	-30.70	100	0.00	0.00		0			-1		bot-2	9.51	y	0	1	0
325947	bot-2	bravo	A00r-0420	tick	33.30	-32.28	270	0.00	0.00		0			-1		bot-5	6.33	y	0	0	0
325947	bot-3	alpha	U00m-34C0	tick	24.15	-29.96	104	0.00	0.00		0			-1		bot-2	9.44	y	0	4	23
325947	bot-4	bravo	U00r-3410	tick	20.56	-25.49	147	0.00	0.00		0			-1		bot-1	6.21	y	0	11	86
325947	bot-5	alpha	U00r-3410	tick	26.98	-32.31	90	0.00	0.00		0			-1		bot-2	6.33	y	0	11	63
325947	bot-6	bravo	U00r-3410	tick	18.54	-22.51	143	0.00	0.00		0			-1		bot-3	9.33	y	0	4	30
326964	bot-1	alpha	U00r-1420	tick	23.92	-30.70	100	0.00	0.00		0			-1		bot-2	9.51	y	0	1	0
326964	bot-2	bravo	A00r-0420	tick	33.30	-32.28	270	0.00	0.00		0			-1		bot-5	6.33	y	0	0	0
326964	bot-3	alpha	U00m-34C0	tick	24.15	-29.96	104	0.00	0.00		0			-1		bot-2	9.44	y	0	4	23
326964	bot-4	bravo	U00r-3410	tick	20.56	-25.49	147	0.00	0.00		0			-1		bot-1	6.21	y	0	11	86
326964	bot-5	alpha	U00r-3410	tick	26.98	-32.31	90	0.00	0.00		0			-1		bot-2	6.33	y	0	11	63
326964	bot-6	bravo	U00r-3410	tick	18.54	-22.51	143	0.00	0.00		0			-1		bot-3	9.33	y	0	4	30
327968	bot-1	alpha	U00r-1420	tick	23.92	-30.70	100	0.00	0.00		0			-1		bot-2	9.51	y	0	1	0
327968	bot-2	bravo	A00r-0420	tick	33.30	-32.28	270	0.00	0.00		0			-1		bot-5	6.33	y	0	0	0
327968	bot-3	alpha	U00m-34C0	tick	24.15	-29.96	104	0.00	0.00		0			-1		bot-2	9.44	y	0	4	23
327968	bot-4	bravo	U00r-3410	tick	20.56	-25.49	147	0.00	0.00		0			-1		bot-1	6.21	y	0	11	86
327968	bot-5	alpha	U00r-3410	tick	26.98	-32.31	90	0.00	0.00		0			-1		bot-2	6.33	y	0	11	63
327968	bot-6	bravo	U00r-3410	tick	18.54	-22.51	143	0.00	0.00		0			-1		bot-3	9.33	y	0	4	30
328981	bot-1	alpha	U00r-1420	tick	23.92	-30.70	100	0.00	0.00		0			-1		bot-2	9.51	y	0	1	0
328981	bot-2	bravo	A00r-0420	tick	33.30	-32.28	270	0.00	0.00		0			-1		bot-5	6.33	y	0	0	0
328981	bot-3	alpha	U00m-34C0	tick	24.15	-29.96	104	0.00	0.00		0			-1		bot-2	9.44	y	0	4	23
328981	bot-4	bravo	U00r-3410	tick	20.56	-25.49	147	0.00	0.00		0			-1		bot-1	6.21	y	0	11	86
328981	bot-5	alpha	U00r-3410	tick	26.98	-32.31	90	0.00	0.00		0			-1		bot-2	6.33	y	0	11	63
328981	bot-6	bravo	U00r-3410	tick	18.54	-22.51	143	0.00	0.00		0			-1		bot-3	9.33	y	0	4	30
329998	bot-1	alpha	U00r-1420	tick	23.92	-30.70	100	0.00	0.00		0			-1		bot-2	9.51	y	0	1	0
329998	bot-2	bravo	A00r-0420	tick	33.30	-32.28	270	0.00	0.00		0			-1		bot-5	6.33	y	0	0	0
329998	bot-3	alpha	U00m-34C0	tick	24.15	-29.96	104	0.00	0.00		0			-1		bot-2	9.44	y	0	4	23
329998	bot-4	bravo	U00r-3410	tick	20.56	-25.49	147	0.00	0.00		0			-1		bot-1	6.21	y	0	11	86
329998	bot-5	alpha	U00r-3410	tick	26.98	-32.31	90	0.00	0.00		0			-1		bot-2	6.33	y	0	11	63
329998	bot-6	bravo	U00r-3410	tick	18.54	-22.51	143	0.00	0.00		0			-1		bot-3	9.33	y	0	4	30
331014	bot-1	alpha	U00r-1420	tick	23.92	-30.70	100	0.00	0.00		0			-1		bot-2	9.51	y	0	1	0
331014	bot-2	bravo	A00r-0420	tick	33.30	-32.28	270	0.00	0.00		0			-1		bot-5	6.33	y	0	0	0
331014	bot-3	alpha	U00m-34C0	tick	24.15	-29.96	104	0.00	0.00		0			-1		bot-2	9.44	y	0	4	23
331014	bot-4	bravo	U00r-3410	tick	20.56	-25.49	147	0.00	0.00		0			-1		bot-1	6.21	y	0	11	86
331014	bot-5	alpha	U00r-3410	tick	26.98	-32.31	90	0.00	0.00		0			-1		bot-2	6.33	y	0	11	63
331014	bot-6	bravo	U00r-3410	tick	18.54	-22.51	143	0.00	0.00		0			-1		bot-3	9.33	y	0	4	30
332032	bot-1	alpha	U00r-1420	tick	23.92	-30.70	100	0.00	0.00		0			-1		bot-2	9.51	y	0	1	0
332032	bot-2	bravo	A00r-0420	tick	33.30	-32.28	270	0.00	0.00		0			-1		bot-5	6.33	y	0	0	0
332032	bot-3	alpha	U00m-34C0	tick	24.15	-29.96	104	0.00	0.00		0			-1		bot-2	9.44	y	0	4	23
332032	bot-4	bravo	U00r-3410	tick	20.56	-25.49	147	0.00	0.00		0			-1		bot-1	6.21	y	0	11	86
332032	bot-5	alpha	U00r-3410	tick	26.98	-32.31	90	0.00	0.00		0			-1		bot-2	6.33	y	0	11	63
332032	bot-6	bravo	U00r-3410	tick	18.54	-22.51	143	0.00	0.00		0			-1		bot-3	9.33	y	0	4	30
333036	bot-1	alpha	U00r-1420	tick	23.92	-30.70	100	0.00	0.00		0			-1		bot-2	9.51	y	0	1	0
333036	bot-2	bravo	A00r-0420	tick	33.30	-32.28	270	0.00	0.00		0			-1		bot-5	6.33	y	0	0	0
333036	bot-3	alpha	U00m-34C0	tick	24.15	-29.96	104	0.00	0.00		0			-1		bot-2	9.44	y	0	4	23
333036	bot-4	bravo	U00r-3410	tick	20.56	-25.49	147	0.00	0.00		0			-1		bot-1	6.21	y	0	11	86
333036	bot-5	alpha	U00r-3410	tick	26.98	-32.31	90	0.00	0.00		0			-1		bot-2	6.33	y	0	11	63
333036	bot-6	bravo	U00r-3410	tick	18.54	-22.51	143	0.00	0.00		0			-1		bot-3	9.33	y	0	4	30
334047	bot-1	alpha	U00r-1420	tick	23.92	-30.70	100	0.00	0.00		0			-1		bot-2	9.51	y	0	1	0
334047	bot-2	bravo	A00r-0420	tick	33.30	-32.28	270	0.00	0.00		0			-1		bot-5	6.33	y	0	0	0
334047	bot-3	alpha	U00m-34C0	tick	24.15	-29.96	104	0.00	0.00		0			-1		bot-2	9.44	y	0	4	23
334047	bot-4	bravo	U00r-3410	tick	20.56	-25.49	147	0.00	0.00		0			-1		bot-1	6.21	y	0	11	86
334047	bot-5	alpha	U00r-3410	tick	26.98	-32.31	90	0.00	0.00		0			-1		bot-2	6.33	y	0	11	63
334047	bot-6	bravo	U00r-3410	tick	18.54	-22.51	143	0.00	0.00		0			-1		bot-3	9.33	y	0	4	30
335062	bot-1	alpha	U00r-1420	tick	23.92	-30.70	100	0.00	0.00		0			-1		bot-2	9.51	y	0	1	0
335062	bot-2	bravo	A00r-0420	tick	33.30	-32.28	270	0.00	0.00		0			-1		bot-5	6.33	y	0	0	0
335062	bot-3	alpha	U00m-34C0	tick	24.15	-29.96	104	0.00	0.00		0			-1		bot-2	9.44	y	0	4	23
335062	bot-4	bravo	U00r-3410	tick	20.56	-25.49	147	0.00	0.00		0			-1		bot-1	6.21	y	0	11	86
335062	bot-5	alpha	U00r-3410	tick	26.98	-32.31	90	0.00	0.00		0			-1		bot-2	6.33	y	0	11	63
335062	bot-6	bravo	U00r-3410	tick	18.54	-22.51	143	0.00	0.00		0			-1		bot-3	9.33	y	0	4	30
336065	bot-1	alpha	U00r-1420	tick	23.92	-30.70	100	0.00	0.00		0			-1		bot-2	9.51	y	0	1	0
336065	bot-2	bravo	A00r-0420	tick	33.30	-32.28	270	0.00	0.00		0			-1		bot-5	6.33	y	0	0	0
336065	bot-3	alpha	U00m-34C0	tick	24.15	-29.96	104	0.00	0.00		0			-1		bot-2	9.44	y	0	4	23
336065	bot-4	bravo	U00r-3410	tick	20.56	-25.49	147	0.00	0.00		0			-1		bot-1	6.21	y	0	11	86
336065	bot-5	alpha	U00r-3410	tick	26.98	-32.31	90	0.00	0.00		0			-1		bot-2	6.33	y	0	11	63
336065	bot-6	bravo	U00r-3410	tick	18.54	-22.51	143	0.00	0.00		0			-1		bot-3	9.33	y	0	4	30
337080	bot-1	alpha	U00r-1420	tick	23.92	-30.70	100	0.00	0.00		0			-1		bot-2	9.51	y	0	1	0
337080	bot-2	bravo	A00r-0420	tick	33.30	-32.28	270	0.00	0.00		0			-1		bot-5	6.33	y	0	0	0
337080	bot-3	alpha	U00m-34C0	tick	24.15	-29.96	104	0.00	0.00		0			-1		bot-2	9.44	y	0	4	23
337080	bot-4	bravo	U00r-3410	tick	20.56	-25.49	147	0.00	0.00		0			-1		bot-1	6.21	y	0	11	86
337080	bot-5	alpha	U00r-3410	tick	26.98	-32.31	90	0.00	0.00		0			-1		bot-2	6.33	y	0	11	63
337080	bot-6	bravo	U00r-3410	tick	18.54	-22.51	143	0.00	0.00		0			-1		bot-3	9.33	y	0	4	30
338081	bot-1	alpha	U00r-1420	tick	23.92	-30.70	100	0.00	0.00		0			-1		bot-2	9.51	y	0	1	0
338081	bot-2	bravo	A00r-0420	tick	33.30	-32.28	270	0.00	0.00		0			-1		bot-5	6.33	y	0	0	0
338081	bot-3	alpha	U00m-34C0	tick	24.15	-29.96	104	0.00	0.00		0			-1		bot-2	9.44	y	0	4	23
338081	bot-4	bravo	U00r-3410	tick	20.56	-25.49	147	0.00	0.00		0			-1		bot-1	6.21	y	0	11	86
338081	bot-5	alpha	U00r-3410	tick	26.98	-32.31	90	0.00	0.00		0			-1		bot-2	6.33	y	0	11	63
338081	bot-6	bravo	U00r-3410	tick	18.54	-22.51	143	0.00	0.00		0			-1		bot-3	9.33	y	0	4	30
339097	bot-1	alpha	U00r-1420	tick	23.92	-30.70	100	0.00	0.00		0			-1		bot-2	9.51	y	0	1	0
339097	bot-2	bravo	A00r-0420	tick	33.30	-32.28	270	0.00	0.00		0			-1		bot-5	6.33	y	0	0	0
339097	bot-3	alpha	U00m-34C0	tick	24.15	-29.96	104	0.00	0.00		0			-1		bot-2	9.44	y	0	4	23
339097	bot-4	bravo	U00r-3410	tick	20.56	-25.49	147	0.00	0.00		0			-1		bot-1	6.21	y	0	11	86
339097	bot-5	alpha	U00r-3410	tick	26.98	-32.31	90	0.00	0.00		0			-1		bot-2	6.33	y	0	11	63
339097	bot-6	bravo	U00r-3410	tick	18.54	-22.51	143	0.00	0.00		0			-1		bot-3	9.33	y	0	4	30
340099	bot-1	alpha	U00r-1420	tick	23.92	-30.70	100	0.00	0.00		0			-1		bot-2	9.51	y	0	1	0
340099	bot-2	bravo	A00r-0420	tick	33.30	-32.28	270	0.00	0.00		0			-1		bot-5	6.33	y	0	0	0
340099	bot-3	alpha	U00m-34C0	tick	24.15	-29.96	104	0.00	0.00		0			-1		bot-2	9.44	y	0	4	23
340099	bot-4	bravo	U00r-3410	tick	20.56	-25.49	147	0.00	0.00		0			-1		bot-1	6.21	y	0	11	86
340099	bot-5	alpha	U00r-3410	tick	26.98	-32.31	90	0.00	0.00		0			-1		bot-2	6.33	y	0	11	63
340099	bot-6	bravo	U00r-3410	tick	18.54	-22.51	143	0.00	0.00		0			-1		bot-3	9.33	y	0	4	30
341113	bot-1	alpha	U00r-1420	tick	23.92	-30.70	100	0.00	0.00		0			-1		bot-2	9.51	y	0	1	0
341113	bot-2	bravo	A00r-0420	tick	33.30	-32.28	270	0.00	0.00		0			-1		bot-5	6.33	y	0	0	0
341113	bot-3	alpha	U00m-34C0	tick	24.15	-29.96	104	0.00	0.00		0			-1		bot-2	9.44	y	0	4	23
341113	bot-4	bravo	U00r-3410	tick	20.56	-25.49	147	0.00	0.00		0			-1		bot-1	6.21	y	0	11	86
341113	bot-5	alpha	U00r-3410	tick	26.98	-32.31	90	0.00	0.00		0			-1		bot-2	6.33	y	0	11	63
341113	bot-6	bravo	U00r-3410	tick	18.54	-22.51	143	0.00	0.00		0			-1		bot-3	9.33	y	0	4	30
342114	bot-1	alpha	U00r-1420	tick	23.92	-30.70	100	0.00	0.00		0			-1		bot-2	9.51	y	0	1	0
342114	bot-2	bravo	A00r-0420	tick	33.30	-32.28	270	0.00	0.00		0			-1		bot-5	6.33	y	0	0	0
342114	bot-3	alpha	U00m-34C0	tick	24.15	-29.96	104	0.00	0.00		0			-1		bot-2	9.44	y	0	4	23
342114	bot-4	bravo	U00r-3410	tick	20.56	-25.49	147	0.00	0.00		0			-1		bot-1	6.21	y	0	11	86
342114	bot-5	alpha	U00r-3410	tick	26.98	-32.31	90	0.00	0.00		0			-1		bot-2	6.33	y	0	11	63
342114	bot-6	bravo	U00r-3410	tick	18.54	-22.51	143	0.00	0.00		0			-1		bot-3	9.33	y	0	4	30
343133	bot-1	alpha	U00r-1420	tick	23.92	-30.70	100	0.00	0.00		0			-1		bot-2	9.51	y	0	1	0
343133	bot-2	bravo	A00r-0420	tick	33.30	-32.28	270	0.00	0.00		0			-1		bot-5	6.33	y	0	0	0
343133	bot-3	alpha	U00m-34C0	tick	24.15	-29.96	104	0.00	0.00		0			-1		bot-2	9.44	y	0	4	23
343133	bot-4	bravo	U00r-3410	tick	20.56	-25.49	147	0.00	0.00		0			-1		bot-1	6.21	y	0	11	86
343133	bot-5	alpha	U00r-3410	tick	26.98	-32.31	90	0.00	0.00		0			-1		bot-2	6.33	y	0	11	63
343133	bot-6	bravo	U00r-3410	tick	18.54	-22.51	143	0.00	0.00		0			-1		bot-3	9.33	y	0	4	30
344155	bot-1	alpha	U00r-1420	tick	23.92	-30.70	100	0.00	0.00		0			-1		bot-2	9.51	y	0	1	0
344155	bot-2	bravo	A00r-0420	tick	33.30	-32.28	270	0.00	0.00		0			-1		bot-5	6.33	y	0	0	0
344155	bot-3	alpha	U00m-34C0	tick	24.15	-29.96	104	0.00	0.00		0			-1		bot-2	9.44	y	0	4	23
344155	bot-4	bravo	U00r-3410	tick	20.56	-25.49	147	0.00	0.00		0			-1		bot-1	6.21	y	0	11	86
344155	bot-5	alpha	U00r-3410	tick	26.98	-32.31	90	0.00	0.00		0			-1		bot-2	6.33	y	0	11	63
344155	bot-6	bravo	U00r-3410	tick	18.54	-22.51	143	0.00	0.00		0			-1		bot-3	9.33	y	0	4	30
345188	bot-1	alpha	U00r-1420	tick	23.92	-30.70	100	0.00	0.00		0			-1		bot-2	9.51	y	0	1	0
345188	bot-2	bravo	A00r-0420	tick	33.30	-32.28	270	0.00	0.00		0			-1		bot-5	6.33	y	0	0	0
345188	bot-3	alpha	U00m-34C0	tick	24.15	-29.96	104	0.00	0.00		0			-1		bot-2	9.44	y	0	4	23
345188	bot-4	bravo	U00r-3410	tick	20.56	-25.49	147	0.00	0.00		0			-1		bot-1	6.21	y	0	11	86
345188	bot-5	alpha	U00r-3410	tick	26.98	-32.31	90	0.00	0.00		0			-1		bot-2	6.33	y	0	11	63
345188	bot-6	bravo	U00r-3410	tick	18.54	-22.51	143	0.00	0.00		0			-1		bot-3	9.33	y	0	4	30
346201	bot-1	alpha	U00r-1420	tick	23.92	-30.70	100	0.00	0.00		0			-1		bot-2	9.51	y	0	1	0
346201	bot-2	bravo	A00r-0420	tick	33.30	-32.28	270	0.00	0.00		0			-1		bot-5	6.33	y	0	0	0
346201	bot-3	alpha	U00m-34C0	tick	24.15	-29.96	104	0.00	0.00		0			-1		bot-2	9.44	y	0	4	23
346201	bot-4	bravo	U00r-3410	tick	20.56	-25.49	147	0.00	0.00		0			-1		bot-1	6.21	y	0	11	86
346201	bot-5	alpha	U00r-3410	tick	26.98	-32.31	90	0.00	0.00		0			-1		bot-2	6.33	y	0	11	63
346201	bot-6	bravo	U00r-3410	tick	18.54	-22.51	143	0.00	0.00		0			-1		bot-3	9.33	y	0	4	30
347219	bot-1	alpha	U00r-1420	tick	23.92	-30.70	100	0.00	0.00		0			-1		bot-2	9.51	y	0	1	0
347219	bot-2	bravo	A00r-0420	tick	33.30	-32.28	270	0.00	0.00		0			-1		bot-5	6.33	y	0	0	0
347219	bot-3	alpha	U00m-34C0	tick	24.15	-29.96	104	0.00	0.00		0			-1		bot-2	9.44	y	0	4	23
347219	bot-4	bravo	U00r-3410	tick	20.56	-25.49	147	0.00	0.00		0			-1		bot-1	6.21	y	0	11	86
347219	bot-5	alpha	U00r-3410	tick	26.98	-32.31	90	0.00	0.00		0			-1		bot-2	6.33	y	0	11	63
347219	bot-6	bravo	U00r-3410	tick	18.54	-22.51	143	0.00	0.00		0			-1		bot-3	9.33	y	0	4	30
348243	bot-1	alpha	U00r-1420	tick	23.92	-30.70	100	0.00	0.00		0			-1		bot-2	9.51	y	0	1	0
348243	bot-2	bravo	A00r-0420	tick	33.30	-32.28	270	0.00	0.00		0			-1		bot-5	6.33	y	0	0	0
348243	bot-3	alpha	U00m-34C0	tick	24.15	-29.96	104	0.00	0.00		0			-1		bot-2	9.44	y	0	4	23
348243	bot-4	bravo	U00r-3410	tick	20.56	-25.49	147	0.00	0.00		0			-1		bot-1	6.21	y	0	11	86
348243	bot-5	alpha	U00r-3410	tick	26.98	-32.31	90	0.00	0.00		0			-1		bot-2	6.33	y	0	11	63
348243	bot-6	bravo	U00r-3410	tick	18.54	-22.51	143	0.00	0.00		0			-1		bot-3	9.33	y	0	4	30
349256	bot-1	alpha	U00r-1420	tick	23.92	-30.70	100	0.00	0.00		0			-1		bot-2	9.51	y	0	1	0
349256	bot-2	bravo	A00r-0420	tick	33.30	-32.28	270	0.00	0.00		0			-1		bot-5	6.33	y	0	0	0
349256	bot-3	alpha	U00m-34C0	tick	24.15	-29.96	104	0.00	0.00		0			-1		bot-2	9.44	y	0	4	23
349256	bot-4	bravo	U00r-3410	tick	20.56	-25.49	147	0.00	0.00		0			-1		bot-1	6.21	y	0	11	86
349256	bot-5	alpha	U00r-3410	tick	26.98	-32.31	90	0.00	0.00		0			-1		bot-2	6.33	y	0	11	63
349256	bot-6	bravo	U00r-3410	tick	18.54	-22.51	143	0.00	0.00		0			-1		bot-3	9.33	y	0	4	30
350276	bot-1	alpha	U00r-1420	tick	23.92	-30.70	100	0.00	0.00		0			-1		bot-2	9.51	y	0	1	0
350276	bot-2	bravo	A00r-0420	tick	33.30	-32.28	270	0.00	0.00		0			-1		bot-5	6.33	y	0	0	0
350276	bot-3	alpha	U00m-34C0	tick	24.15	-29.96	104	0.00	0.00		0			-1		bot-2	9.44	y	0	4	23
350276	bot-4	bravo	U00r-3410	tick	20.56	-25.49	147	0.00	0.00		0			-1		bot-1	6.21	y	0	11	86
350276	bot-5	alpha	U00r-3410	tick	26.98	-32.31	90	0.00	0.00		0			-1		bot-2	6.33	y	0	11	63
350276	bot-6	bravo	U00r-3410	tick	18.54	-22.51	143	0.00	0.00		0			-1		bot-3	9.33	y	0	4	30
351296	bot-1	alpha	U00r-1420	tick	23.92	-30.70	100	0.00	0.00		0			-1		bot-2	9.51	y	0	1	0
351296	bot-2	bravo	A00r-0420	tick	33.30	-32.28	270	0.00	0.00		0			-1		bot-5	6.33	y	0	0	0
351296	bot-3	alpha	U00m-34C0	tick	24.15	-29.96	104	0.00	0.00		0			-1		bot-2	9.44	y	0	4	23
351296	bot-4	bravo	U00r-3410	tick	20.56	-25.49	147	0.00	0.00		0			-1		bot-1	6.21	y	0	11	86
351296	bot-5	alpha	U00r-3410	tick	26.98	-32.31	90	0.00	0.00		0			-1		bot-2	6.33	y	0	11	63
351296	bot-6	bravo	U00r-3410	tick	18.54	-22.51	143	0.00	0.00		0			-1		bot-3	9.33	y	0	4	30
352315	bot-1	alpha	U00r-1420	tick	23.92	-30.70	100	0.00	0.00		0			-1		bot-2	9.51	y	0	1	0
352315	bot-2	bravo	A00r-0420	tick	33.30	-32.28	270	0.00	0.00		0			-1		bot-5	6.33	y	0	0	0
352315	bot-3	alpha	U00m-34C0	tick	24.15	-29.96	104	0.00	0.00		0			-1		bot-2	9.44	y	0	4	23
352315	bot-4	bravo	U00r-3410	tick	20.56	-25.49	147	0.00	0.00		0			-1		bot-1	6.21	y	0	11	86
352315	bot-5	alpha	U00r-3410	tick	26.98	-32.31	90	0.00	0.00		0			-1		bot-2	6.33	y	0	11	63
352315	bot-6	bravo	U00r-3410	tick	18.54	-22.51	143	0.00	0.00		0			-1		bot-3	9.33	y	0	4	30
353347	bot-1	alpha	U00r-1420	tick	23.92	-30.70	100	0.00	0.00		0			-1		bot-2	9.51	y	0	1	0
353347	bot-2	bravo	A00r-0420	tick	33.30	-32.28	270	0.00	0.00		0			-1		bot-5	6.33	y	0	0	0
353347	bot-3	alpha	U00m-34C0	tick	24.15	-29.96	104	0.00	0.00		0			-1		bot-2	9.44	y	0	4	23
353347	bot-4	bravo	U00r-3410	tick	20.56	-25.49	147	0.00	0.00		0			-1		bot-1	6.21	y	0	11	86
353347	bot-5	alpha	U00r-3410	tick	26.98	-32.31	90	0.00	0.00		0			-1		bot-2	6.33	y	0	11	63
353347	bot-6	bravo	U00r-3410	tick	18.54	-22.51	143	0.00	0.00		0			-1		bot-3	9.33	y	0	4	30
354351	bot-1	alpha	U00r-1420	tick	23.92	-30.70	100	0.00	0.00		0			-1		bot-2	9.51	y	0	1	0
354351	bot-2	bravo	A00r-0420	tick	33.30	-32.28	270	0.00	0.00		0			-1		bot-5	6.33	y	0	0	0
354351	bot-3	alpha	U00m-34C0	tick	24.15	-29.96	104	0.00	0.00		0			-1		bot-2	9.44	y	0	4	23
354351	bot-4	bravo	U00r-3410	tick	20.56	-25.49	147	0.00	0.00		0			-1		bot-1	6.21	y	0	11	86
354351	bot-5	alpha	U00r-3410	tick	26.98	-32.31	90	0.00	0.00		0			-1		bot-2	6.33	y	0	11	63
354351	bot-6	bravo	U00r-3410	tick	18.54	-22.51	143	0.00	0.00		0			-1		bot-3	9.33	y	0	4	30
355372	bot-1	alpha	U00r-1420	tick	23.92	-30.70	100	0.00	0.00		0			-1		bot-2	9.51	y	0	1	0
355372	bot-2	bravo	A00r-0420	tick	33.30	-32.28	270	0.00	0.00		0			-1		bot-5	6.33	y	0	0	0
355372	bot-3	alpha	U00m-34C0	tick	24.15	-29.96	104	0.00	0.00		0			-1		bot-2	9.44	y	0	4	23
355372	bot-4	bravo	U00r-3410	tick	20.56	-25.49	147	0.00	0.00		0			-1		bot-1	6.21	y	0	11	86
355372	bot-5	alpha	U00r-3410	tick	26.98	-32.31	90	0.00	0.00		0			-1		bot-2	6.33	y	0	11	63
355372	bot-6	bravo	U00r-3410	tick	18.54	-22.51	143	0.00	0.00		0			-1		bot-3	9.33	y	0	4	30
356379	bot-1	alpha	U00r-1420	tick	23.92	-30.70	100	0.00	0.00		0			-1		bot-2	9.51	y	0	1	0
356379	bot-2	bravo	A00r-0420	tick	33.30	-32.28	270	0.00	0.00		0			-1		bot-5	6.33	y	0	0	0
356379	bot-3	alpha	U00m-34C0	tick	24.15	-29.96	104	0.00	0.00		0			-1		bot-2	9.44	y	0	4	23
356379	bot-4	bravo	U00r-3410	tick	20.56	-25.49	147	0.00	0.00		0			-1		bot-1	6.21	y	0	11	86
356379	bot-5	alpha	U00r-3410	tick	26.98	-32.31	90	0.00	0.00		0			-1		bot-2	6.33	y	0	11	63
356379	bot-6	bravo	U00r-3410	tick	18.54	-22.51	143	0.00	0.00		0			-1		bot-3	9.33	y	0	4	30
357380	bot-1	alpha	U00r-1420	tick	23.92	-30.70	100	0.00	0.00		0			-1		bot-2	9.51	y	0	1	0
357380	bot-2	bravo	A00r-0420	tick	33.30	-32.28	270	0.00	0.00		0			-1		bot-5	6.33	y	0	0	0
357380	bot-3	alpha	U00m-34C0	tick	24.15	-29.96	104	0.00	0.00		0			-1		bot-2	9.44	y	0	4	23
357380	bot-4	bravo	U00r-3410	tick	20.56	-25.49	147	0.00	0.00		0			-1		bot-1	6.21	y	0	11	86
357380	bot-5	alpha	U00r-3410	tick	26.98	-32.31	90	0.00	0.00		0			-1		bot-2	6.33	y	0	11	63
357380	bot-6	bravo	U00r-3410	tick	18.54	-22.51	143	0.00	0.00		0			-1		bot-3	9.33	y	0	4	30
358420	bot-1	alpha	U00r-1420	tick	23.92	-30.70	100	0.00	0.00		0			-1		bot-2	9.51	y	0	1	0
358420	bot-2	bravo	A00r-0420	tick	33.30	-32.28	270	0.00	0.00		0			-1		bot-5	6.33	y	0	0	0
358420	bot-3	alpha	U00m-34C0	tick	24.15	-29.96	104	0.00	0.00		0			-1		bot-2	9.44	y	0	4	23
358420	bot-4	bravo	U00r-3410	tick	20.56	-25.49	147	0.00	0.00		0			-1		bot-1	6.21	y	0	11	86
358420	bot-5	alpha	U00r-3410	tick	26.98	-32.31	90	0.00	0.00		0			-1		bot-2	6.33	y	0	11	63
358420	bot-6	bravo	U00r-3410	tick	18.54	-22.51	143	0.00	0.00		0			-1		bot-3	9.33	y	0	4	30
359436	bot-1	alpha	U00r-1420	tick	23.92	-30.70	100	0.00	0.00		0			-1		bot-2	9.51	y	0	1	0
359436	bot-2	bravo	A00r-0420	tick	33.30	-32.28	270	0.00	0.00		0			-1		bot-5	6.33	y	0	0	0
359436	bot-3	alpha	U00m-34C0	tick	24.15	-29.96	104	0.00	0.00		0			-1		bot-2	9.44	y	0	4	23
359436	bot-4	bravo	U00r-3410	tick	20.56	-25.49	147	0.00	0.00		0			-1		bot-1	6.21	y	0	11	86
359436	bot-5	alpha	U00r-3410	tick	26.98	-32.31	90	0.00	0.00		0			-1		bot-2	6.33	y	0	11	63
359436	bot-6	bravo	U00r-3410	tick	18.54	-22.51	143	0.00	0.00		0			-1		bot-3	9.33	y	0	4	30
360439	bot-1	alpha	U00r-1420	tick	23.92	-30.70	100	0.00	0.00		0			-1		bot-2	9.51	y	0	1	0
360439	bot-2	bravo	A00r-0420	tick	33.30	-32.28	270	0.00	0.00		0			-1		bot-5	6.33	y	0	0	0
360439	bot-3	alpha	U00m-34C0	tick	24.15	-29.96	104	0.00	0.00		0			-1		bot-2	9.44	y	0	4	23
360439	bot-4	bravo	U00r-3410	tick	20.56	-25.49	147	0.00	0.00		0			-1		bot-1	6.21	y	0	11	86
360439	bot-5	alpha	U00r-3410	tick	26.98	-32.31	90	0.00	0.00		0			-1		bot-2	6.33	y	0	11	63
360439	bot-6	bravo	U00r-3410	tick	18.54	-22.51	143	0.00	0.00		0			-1		bot-3	9.33	y	0	4	30
361439	bot-1	alpha	U00r-1420	tick	23.92	-30.70	100	0.00	0.00		0			-1		bot-2	9.51	y	0	1	0
361439	bot-2	bravo	A00r-0420	tick	33.30	-32.28	270	0.00	0.00		0			-1		bot-5	6.33	y	0	0	0
361439	bot-3	alpha	U00m-34C0	tick	24.15	-29.96	104	0.00	0.00		0			-1		bot-2	9.44	y	0	4	23
361439	bot-4	bravo	U00r-3410	tick	20.56	-25.49	147	0.00	0.00		0			-1		bot-1	6.21	y	0	11	86
361439	bot-5	alpha	U00r-3410	tick	26.98	-32.31	90	0.00	0.00		0			-1		bot-2	6.33	y	0	11	63
361439	bot-6	bravo	U00r-3410	tick	18.54	-22.51	143	0.00	0.00		0			-1		bot-3	9.33	y	0	4	30
362440	bot-1	alpha	U00r-1420	tick	23.92	-30.70	100	0.00	0.00		0			-1		bot-2	9.51	y	0	1	0
362440	bot-2	bravo	A00r-0420	tick	33.30	-32.28	270	0.00	0.00		0			-1		bot-5	6.33	y	0	0	0
362440	bot-3	alpha	U00m-34C0	tick	24.15	-29.96	104	0.00	0.00		0			-1		bot-2	9.44	y	0	4	23
362440	bot-4	bravo	U00r-3410	tick	20.56	-25.49	147	0.00	0.00		0			-1		bot-1	6.21	y	0	11	86
362440	bot-5	alpha	U00r-3410	tick	26.98	-32.31	90	0.00	0.00		0			-1		bot-2	6.33	y	0	11	63
362440	bot-6	bravo	U00r-3410	tick	18.54	-22.51	143	0.00	0.00		0			-1		bot-3	9.33	y	0	4	30
363489	bot-1	alpha	U00r-1420	tick	23.92	-30.70	100	0.00	0.00		0			-1		bot-2	9.51	y	0	1	0
363489	bot-2	bravo	A00r-0420	tick	33.30	-32.28	270	0.00	0.00		0			-1		bot-5	6.33	y	0	0	0
363489	bot-3	alpha	U00m-34C0	tick	24.15	-29.96	104	0.00	0.00		0			-1		bot-2	9.44	y	0	4	23
363489	bot-4	bravo	U00r-3410	tick	20.56	-25.49	147	0.00	0.00		0			-1		bot-1	6.21	y	0	11	86
363489	bot-5	alpha	U00r-3410	tick	26.98	-32.31	90	0.00	0.00		0			-1		bot-2	6.33	y	0	11	63
363489	bot-6	bravo	U00r-3410	tick	18.54	-22.51	143	0.00	0.00		0			-1		bot-3	9.33	y	0	4	30
364496	bot-1	alpha	U00r-1420	tick	23.92	-30.70	100	0.00	0.00		0			-1		bot-2	9.51	y	0	1	0
364496	bot-2	bravo	A00r-0420	tick	33.30	-32.28	270	0.00	0.00		0			-1		bot-5	6.33	y	0	0	0
364496	bot-3	alpha	U00m-34C0	tick	24.15	-29.96	104	0.00	0.00		0			-1		bot-2	9.44	y	0	4	23
364496	bot-4	bravo	U00r-3410	tick	20.56	-25.49	147	0.00	0.00		0			-1		bot-1	6.21	y	0	11	86
364496	bot-5	alpha	U00r-3410	tick	26.98	-32.31	90	0.00	0.00		0			-1		bot-2	6.33	y	0	11	63
364496	bot-6	bravo	U00r-3410	tick	18.54	-22.51	143	0.00	0.00		0			-1		bot-3	9.33	y	0	4	30
365502	bot-1	alpha	U00r-1420	tick	23.92	-30.70	100	0.00	0.00		0			-1		bot-2	9.51	y	0	1	0
365502	bot-2	bravo	A00r-0420	tick	33.30	-32.28	270	0.00	0.00		0			-1		bot-5	6.33	y	0	0	0
365502	bot-3	alpha	U00m-34C0	tick	24.15	-29.96	104	0.00	0.00		0			-1		bot-2	9.44	y	0	4	23
365502	bot-4	bravo	U00r-3410	tick	20.56	-25.49	147	0.00	0.00		0			-1		bot-1	6.21	y	0	11	86
365502	bot-5	alpha	U00r-3410	tick	26.98	-32.31	90	0.00	0.00		0			-1		bot-2	6.33	y	0	11	63
365502	bot-6	bravo	U00r-3410	tick	18.54	-22.51	143	0.00	0.00		0			-1		bot-3	9.33	y	0	4	30
366518	bot-1	alpha	U00r-1420	tick	23.92	-30.70	100	0.00	0.00		0			-1		bot-2	9.51	y	0	1	0
366518	bot-2	bravo	A00r-0420	tick	33.30	-32.28	270	0.00	0.00		0			-1		bot-5	6.33	y	0	0	0
366518	bot-3	alpha	U00m-34C0	tick	24.15	-29.96	104	0.00	0.00		0			-1		bot-2	9.44	y	0	4	23
366518	bot-4	bravo	U00r-3410	tick	20.56	-25.49	147	0.00	0.00		0			-1		bot-1	6.21	y	0	11	86
366518	bot-5	alpha	U00r-3410	tick	26.98	-32.31	90	0.00	0.00		0			-1		bot-2	6.33	y	0	11	63
366518	bot-6	bravo	U00r-3410	tick	18.54	-22.51	143	0.00	0.00		0			-1		bot-3	9.33	y	0	4	30
367557	bot-1	alpha	U00r-1420	tick	23.92	-30.70	100	0.00	0.00		0			-1		bot-2	9.51	y	0	1	0
367557	bot-2	bravo	A00r-0420	tick	33.30	-32.28	270	0.00	0.00		0			-1		bot-5	6.33	y	0	0	0
367557	bot-3	alpha	U00m-34C0	tick	24.15	-29.96	104	0.00	0.00		0			-1		bot-2	9.44	y	0	4	23
367557	bot-4	bravo	U00r-3410	tick	20.56	-25.49	147	0.00	0.00		0			-1		bot-1	6.21	y	0	11	86
367557	bot-5	alpha	U00r-3410	tick	26.98	-32.31	90	0.00	0.00		0			-1		bot-2	6.33	y	0	11	63
367557	bot-6	bravo	U00r-3410	tick	18.54	-22.51	143	0.00	0.00		0			-1		bot-3	9.33	y	0	4	30
368595	bot-1	alpha	U00r-1420	tick	23.92	-30.70	100	0.00	0.00		0			-1		bot-2	9.51	y	0	1	0
368595	bot-2	bravo	A00r-0420	tick	33.30	-32.28	270	0.00	0.00		0			-1		bot-5	6.33	y	0	0	0
368595	bot-3	alpha	U00m-34C0	tick	24.15	-29.96	104	0.00	0.00		0			-1		bot-2	9.44	y	0	4	23
368595	bot-4	bravo	U00r-3410	tick	20.56	-25.49	147	0.00	0.00		0			-1		bot-1	6.21	y	0	11	86
368595	bot-5	alpha	U00r-3410	tick	26.98	-32.31	90	0.00	0.00		0			-1		bot-2	6.33	y	0	11	63
368595	bot-6	bravo	U00r-3410	tick	18.54	-22.51	143	0.00	0.00		0			-1		bot-3	9.33	y	0	4	30
369597	bot-1	alpha	U00r-1420	tick	23.92	-30.70	100	0.00	0.00		0			-1		bot-2	9.51	y	0	1	0
369597	bot-2	bravo	A00r-0420	tick	33.30	-32.28	270	0.00	0.00		0			-1		bot-5	6.33	y	0	0	0
369597	bot-3	alpha	U00m-34C0	tick	24.15	-29.96	104	0.00	0.00		0			-1		bot-2	9.44	y	0	4	23
369597	bot-4	bravo	U00r-3410	tick	20.56	-25.49	147	0.00	0.00		0			-1		bot-1	6.21	y	0	11	86
369597	bot-5	alpha	U00r-3410	tick	26.98	-32.31	90	0.00	0.00		0			-1		bot-2	6.33	y	0	11	63
369597	bot-6	bravo	U00r-3410	tick	18.54	-22.51	143	0.00	0.00		0			-1		bot-3	9.33	y	0	4	30
370617	bot-1	alpha	U00r-1420	tick	23.92	-30.70	100	0.00	0.00		0			-1		bot-2	9.51	y	0	1	0
370617	bot-2	bravo	A00r-0420	tick	33.30	-32.28	270	0.00	0.00		0			-1		bot-5	6.33	y	0	0	0
370617	bot-3	alpha	U00m-34C0	tick	24.15	-29.96	104	0.00	0.00		0			-1		bot-2	9.44	y	0	4	23
370617	bot-4	bravo	U00r-3410	tick	20.56	-25.49	147	0.00	0.00		0			-1		bot-1	6.21	y	0	11	86
370617	bot-5	alpha	U00r-3410	tick	26.98	-32.31	90	0.00	0.00		0			-1		bot-2	6.33	y	0	11	63
370617	bot-6	bravo	U00r-3410	tick	18.54	-22.51	143	0.00	0.00		0			-1		bot-3	9.33	y	0	4	30
371635	bot-1	alpha	U00r-1420	tick	23.92	-30.70	100	0.00	0.00		0			-1		bot-2	9.51	y	0	1	0
371635	bot-2	bravo	A00r-0420	tick	33.30	-32.28	270	0.00	0.00		0			-1		bot-5	6.33	y	0	0	0
371635	bot-3	alpha	U00m-34C0	tick	24.15	-29.96	104	0.00	0.00		0			-1		bot-2	9.44	y	0	4	23
371635	bot-4	bravo	U00r-3410	tick	20.56	-25.49	147	0.00	0.00		0			-1		bot-1	6.21	y	0	11	86
371635	bot-5	alpha	U00r-3410	tick	26.98	-32.31	90	0.00	0.00		0			-1		bot-2	6.33	y	0	11	63
371635	bot-6	bravo	U00r-3410	tick	18.54	-22.51	143	0.00	0.00		0			-1		bot-3	9.33	y	0	4	30
372646	bot-1	alpha	U00r-1420	tick	23.92	-30.70	100	0.00	0.00		0			-1		bot-2	9.51	y	0	1	0
372646	bot-2	bravo	A00r-0420	tick	33.30	-32.28	270	0.00	0.00		0			-1		bot-5	6.33	y	0	0	0
372646	bot-3	alpha	U00m-34C0	tick	24.15	-29.96	104	0.00	0.00		0			-1		bot-2	9.44	y	0	4	23
372646	bot-4	bravo	U00r-3410	tick	20.56	-25.49	147	0.00	0.00		0			-1		bot-1	6.21	y	0	11	86
372646	bot-5	alpha	U00r-3410	tick	26.98	-32.31	90	0.00	0.00		0			-1		bot-2	6.33	y	0	11	63
372646	bot-6	bravo	U00r-3410	tick	18.54	-22.51	143	0.00	0.00		0			-1		bot-3	9.33	y	0	4	30
373673	bot-1	alpha	U00r-1420	tick	23.92	-30.70	100	0.00	0.00		0			-1		bot-2	9.51	y	0	1	0
373673	bot-2	bravo	A00r-0420	tick	33.30	-32.28	270	0.00	0.00		0			-1		bot-5	6.33	y	0	0	0
373673	bot-3	alpha	U00m-34C0	tick	24.15	-29.96	104	0.00	0.00		0			-1		bot-2	9.44	y	0	4	23
373673	bot-4	bravo	U00r-3410	tick	20.56	-25.49	147	0.00	0.00		0			-1		bot-1	6.21	y	0	11	86
373673	bot-5	alpha	U00r-3410	tick	26.98	-32.31	90	0.00	0.00		0			-1		bot-2	6.33	y	0	11	63
373673	bot-6	bravo	U00r-3410	tick	18.54	-22.51	143	0.00	0.00		0			-1		bot-3	9.33	y	0	4	30
374679	bot-1	alpha	U00r-1420	tick	23.92	-30.70	100	0.00	0.00		0			-1		bot-2	9.51	y	0	1	0
374679	bot-2	bravo	A00r-0420	tick	33.30	-32.28	270	0.00	0.00		0			-1		bot-5	6.33	y	0	0	0
374679	bot-3	alpha	U00m-34C0	tick	24.15	-29.96	104	0.00	0.00		0			-1		bot-2	9.44	y	0	4	23
374679	bot-4	bravo	U00r-3410	tick	20.56	-25.49	147	0.00	0.00		0			-1		bot-1	6.21	y	0	11	86
374679	bot-5	alpha	U00r-3410	tick	26.98	-32.31	90	0.00	0.00		0			-1		bot-2	6.33	y	0	11	63
374679	bot-6	bravo	U00r-3410	tick	18.54	-22.51	143	0.00	0.00		0			-1		bot-3	9.33	y	0	4	30
375686	bot-1	alpha	U00r-1420	tick	23.92	-30.70	100	0.00	0.00		0			-1		bot-2	9.51	y	0	1	0
375686	bot-2	bravo	A00r-0420	tick	33.30	-32.28	270	0.00	0.00		0			-1		bot-5	6.33	y	0	0	0
375686	bot-3	alpha	U00m-34C0	tick	24.15	-29.96	104	0.00	0.00		0			-1		bot-2	9.44	y	0	4	23
375686	bot-4	bravo	U00r-3410	tick	20.56	-25.49	147	0.00	0.00		0			-1		bot-1	6.21	y	0	11	86
375686	bot-5	alpha	U00r-3410	tick	26.98	-32.31	90	0.00	0.00		0			-1		bot-2	6.33	y	0	11	63
375686	bot-6	bravo	U00r-3410	tick	18.54	-22.51	143	0.00	0.00		0			-1		bot-3	9.33	y	0	4	30
376698	bot-1	alpha	U00r-1420	tick	23.92	-30.70	100	0.00	0.00		0			-1		bot-2	9.51	y	0	1	0
376698	bot-2	bravo	A00r-0420	tick	33.30	-32.28	270	0.00	0.00		0			-1		bot-5	6.33	y	0	0	0
376698	bot-3	alpha	U00m-34C0	tick	24.15	-29.96	104	0.00	0.00		0			-1		bot-2	9.44	y	0	4	23
376698	bot-4	bravo	U00r-3410	tick	20.56	-25.49	147	0.00	0.00		0			-1		bot-1	6.21	y	0	11	86
376698	bot-5	alpha	U00r-3410	tick	26.98	-32.31	90	0.00	0.00		0			-1		bot-2	6.33	y	0	11	63
376698	bot-6	bravo	U00r-3410	tick	18.54	-22.51	143	0.00	0.00		0			-1		bot-3	9.33	y	0	4	30
377712	bot-1	alpha	U00r-1420	tick	23.92	-30.70	100	0.00	0.00		0			-1		bot-2	9.51	y	0	1	0
377712	bot-2	bravo	A00r-0420	tick	33.30	-32.28	270	0.00	0.00		0			-1		bot-5	6.33	y	0	0	0
377712	bot-3	alpha	U00m-34C0	tick	24.15	-29.96	104	0.00	0.00		0			-1		bot-2	9.44	y	0	4	23
377712	bot-4	bravo	U00r-3410	tick	20.56	-25.49	147	0.00	0.00		0			-1		bot-1	6.21	y	0	11	86
377712	bot-5	alpha	U00r-3410	tick	26.98	-32.31	90	0.00	0.00		0			-1		bot-2	6.33	y	0	11	63
377712	bot-6	bravo	U00r-3410	tick	18.54	-22.51	143	0.00	0.00		0			-1		bot-3	9.33	y	0	4	30
378743	bot-1	alpha	U00r-1420	tick	23.92	-30.70	100	0.00	0.00		0			-1		bot-2	9.51	y	0	1	0
378743	bot-2	bravo	A00r-0420	tick	33.30	-32.28	270	0.00	0.00		0			-1		bot-5	6.33	y	0	0	0
378743	bot-3	alpha	U00m-34C0	tick	24.15	-29.96	104	0.00	0.00		0			-1		bot-2	9.44	y	0	4	23
378743	bot-4	bravo	U00r-3410	tick	20.56	-25.49	147	0.00	0.00		0			-1		bot-1	6.21	y	0	11	86
378743	bot-5	alpha	U00r-3410	tick	26.98	-32.31	90	0.00	0.00		0			-1		bot-2	6.33	y	0	11	63
378743	bot-6	bravo	U00r-3410	tick	18.54	-22.51	143	0.00	0.00		0			-1		bot-3	9.33	y	0	4	30
379752	bot-1	alpha	U00r-1420	tick	23.92	-30.70	100	0.00	0.00		0			-1		bot-2	9.51	y	0	1	0
379752	bot-2	bravo	A00r-0420	tick	33.30	-32.28	270	0.00	0.00		0			-1		bot-5	6.33	y	0	0	0
379752	bot-3	alpha	U00m-34C0	tick	24.15	-29.96	104	0.00	0.00		0			-1		bot-2	9.44	y	0	4	23
379752	bot-4	bravo	U00r-3410	tick	20.56	-25.49	147	0.00	0.00		0			-1		bot-1	6.21	y	0	11	86
379752	bot-5	alpha	U00r-3410	tick	26.98	-32.31	90	0.00	0.00		0			-1		bot-2	6.33	y	0	11	63
379752	bot-6	bravo	U00r-3410	tick	18.54	-22.51	143	0.00	0.00		0			-1		bot-3	9.33	y	0	4	30
380762	bot-1	alpha	U00r-1420	tick	23.92	-30.70	100	0.00	0.00		0			-1		bot-2	9.51	y	0	1	0
380762	bot-2	bravo	A00r-0420	tick	33.30	-32.28	270	0.00	0.00		0			-1		bot-5	6.33	y	0	0	0
380762	bot-3	alpha	U00m-34C0	tick	24.15	-29.96	104	0.00	0.00		0			-1		bot-2	9.44	y	0	4	23
380762	bot-4	bravo	U00r-3410	tick	20.56	-25.49	147	0.00	0.00		0			-1		bot-1	6.21	y	0	11	86
380762	bot-5	alpha	U00r-3410	tick	26.98	-32.31	90	0.00	0.00		0			-1		bot-2	6.33	y	0	11	63
380762	bot-6	bravo	U00r-3410	tick	18.54	-22.51	143	0.00	0.00		0			-1		bot-3	9.33	y	0	4	30
381763	bot-1	alpha	U00r-1420	tick	23.92	-30.70	100	0.00	0.00		0			-1		bot-2	9.51	y	0	1	0
381763	bot-2	bravo	A00r-0420	tick	33.30	-32.28	270	0.00	0.00		0			-1		bot-5	6.33	y	0	0	0
381763	bot-3	alpha	U00m-34C0	tick	24.15	-29.96	104	0.00	0.00		0			-1		bot-2	9.44	y	0	4	23
381763	bot-4	bravo	U00r-3410	tick	20.56	-25.49	147	0.00	0.00		0			-1		bot-1	6.21	y	0	11	86
381763	bot-5	alpha	U00r-3410	tick	26.98	-32.31	90	0.00	0.00		0			-1		bot-2	6.33	y	0	11	63
381763	bot-6	bravo	U00r-3410	tick	18.54	-22.51	143	0.00	0.00		0			-1		bot-3	9.33	y	0	4	30
382779	bot-1	alpha	U00r-1420	tick	23.92	-30.70	100	0.00	0.00		0			-1		bot-2	9.51	y	0	1	0
382779	bot-2	bravo	A00r-0420	tick	33.30	-32.28	270	0.00	0.00		0			-1		bot-5	6.33	y	0	0	0
382779	bot-3	alpha	U00m-34C0	tick	24.15	-29.96	104	0.00	0.00		0			-1		bot-2	9.44	y	0	4	23
382779	bot-4	bravo	U00r-3410	tick	20.56	-25.49	147	0.00	0.00		0			-1		bot-1	6.21	y	0	11	86
382779	bot-5	alpha	U00r-3410	tick	26.98	-32.31	90	0.00	0.00		0			-1		bot-2	6.33	y	0	11	63
382779	bot-6	bravo	U00r-3410	tick	18.54	-22.51	143	0.00	0.00		0			-1		bot-3	9.33	y	0	4	30
383794	bot-1	alpha	U00r-1420	tick	23.92	-30.70	100	0.00	0.00		0			-1		bot-2	9.51	y	0	1	0
383794	bot-2	bravo	A00r-0420	tick	33.30	-32.28	270	0.00	0.00		0			-1		bot-5	6.33	y	0	0	0
383794	bot-3	alpha	U00m-34C0	tick	24.15	-29.96	104	0.00	0.00		0			-1		bot-2	9.44	y	0	4	23
383794	bot-4	bravo	U00r-3410	tick	20.56	-25.49	147	0.00	0.00		0			-1		bot-1	6.21	y	0	11	86
383794	bot-5	alpha	U00r-3410	tick	26.98	-32.31	90	0.00	0.00		0			-1		bot-2	6.33	y	0	11	63
383794	bot-6	bravo	U00r-3410	tick	18.54	-22.51	143	0.00	0.00		0			-1		bot-3	9.33	y	0	4	30
384795	bot-1	alpha	U00r-1420	tick	23.92	-30.70	100	0.00	0.00		0			-1		bot-2	9.51	y	0	1	0
384795	bot-2	bravo	A00r-0420	tick	33.30	-32.28	270	0.00	0.00		0			-1		bot-5	6.33	y	0	0	0
384795	bot-3	alpha	U00m-34C0	tick	24.15	-29.96	104	0.00	0.00		0			-1		bot-2	9.44	y	0	4	23
384795	bot-4	bravo	U00r-3410	tick	20.56	-25.49	147	0.00	0.00		0			-1		bot-1	6.21	y	0	11	86
384795	bot-5	alpha	U00r-3410	tick	26.98	-32.31	90	0.00	0.00		0			-1		bot-2	6.33	y	0	11	63
384795	bot-6	bravo	U00r-3410	tick	18.54	-22.51	143	0.00	0.00		0			-1		bot-3	9.33	y	0	4	30
385796	bot-1	alpha	U00r-1420	tick	23.92	-30.70	100	0.00	0.00		0			-1		bot-2	9.51	y	0	1	0
385796	bot-2	bravo	A00r-0420	tick	33.30	-32.28	270	0.00	0.00		0			-1		bot-5	6.33	y	0	0	0
385796	bot-3	alpha	U00m-34C0	tick	24.15	-29.96	104	0.00	0.00		0			-1		bot-2	9.44	y	0	4	23
385796	bot-4	bravo	U00r-3410	tick	20.56	-25.49	147	0.00	0.00		0			-1		bot-1	6.21	y	0	11	86
385796	bot-5	alpha	U00r-3410	tick	26.98	-32.31	90	0.00	0.00		0			-1		bot-2	6.33	y	0	11	63
385796	bot-6	bravo	U00r-3410	tick	18.54	-22.51	143	0.00	0.00		0			-1		bot-3	9.33	y	0	4	30
468051	bot-1	alpha	U00r-1420	tick	23.92	-30.70	100	0.00	0.00		0			-1		bot-2	9.51	y	0	1	0
468051	bot-2	bravo	A00r-0420	tick	33.30	-32.28	270	0.00	0.00		0			-1		bot-5	6.33	y	0	0	0
468051	bot-3	alpha	U00m-34C0	tick	24.15	-29.96	104	0.00	0.00		0			-1		bot-2	9.44	y	0	4	23
468051	bot-4	bravo	U00r-3410	tick	20.56	-25.49	147	0.00	0.00		0			-1		bot-1	6.21	y	0	11	86
468051	bot-5	alpha	U00r-3410	tick	26.98	-32.31	90	0.00	0.00		0			-1		bot-2	6.33	y	0	11	63
468051	bot-6	bravo	U00r-3410	tick	18.54	-22.51	143	0.00	0.00		0			-1		bot-3	9.33	y	0	4	30
469075	bot-1	alpha	U00r-1420	tick	23.92	-30.70	100	0.00	0.00		0			-1		bot-2	9.51	y	0	1	0
469075	bot-2	bravo	A00r-0420	tick	33.30	-32.28	270	0.00	0.00		0			-1		bot-5	6.33	y	0	0	0
469075	bot-3	alpha	U00m-34C0	tick	24.15	-29.96	104	0.00	0.00		0			-1		bot-2	9.44	y	0	4	23
469075	bot-4	bravo	U00r-3410	tick	20.56	-25.49	147	0.00	0.00		0			-1		bot-1	6.21	y	0	11	86
469075	bot-5	alpha	U00r-3410	tick	26.98	-32.31	90	0.00	0.00		0			-1		bot-2	6.33	y	0	11	63
469075	bot-6	bravo	U00r-3410	tick	18.54	-22.51	143	0.00	0.00		0			-1		bot-3	9.33	y	0	4	30
470119	bot-1	alpha	U00r-1420	tick	23.92	-30.70	100	0.00	0.00		0			-1		bot-2	9.51	y	0	1	0
470119	bot-2	bravo	A00r-0420	tick	33.30	-32.28	270	0.00	0.00		0			-1		bot-5	6.33	y	0	0	0
470119	bot-3	alpha	U00m-34C0	tick	24.15	-29.96	104	0.00	0.00		0			-1		bot-2	9.44	y	0	4	23
470119	bot-4	bravo	U00r-3410	tick	20.56	-25.49	147	0.00	0.00		0			-1		bot-1	6.21	y	0	11	86
470119	bot-5	alpha	U00r-3410	tick	26.98	-32.31	90	0.00	0.00		0			-1		bot-2	6.33	y	0	11	63
470119	bot-6	bravo	U00r-3410	tick	18.54	-22.51	143	0.00	0.00		0			-1		bot-3	9.33	y	0	4	30
471130	bot-1	alpha	U00r-1420	tick	23.92	-30.70	100	0.00	0.00		0			-1		bot-2	9.51	y	0	1	0
471130	bot-2	bravo	A00r-0420	tick	33.30	-32.28	270	0.00	0.00		0			-1		bot-5	6.33	y	0	0	0
471130	bot-3	alpha	U00m-34C0	tick	24.15	-29.96	104	0.00	0.00		0			-1		bot-2	9.44	y	0	4	23
471130	bot-4	bravo	U00r-3410	tick	20.56	-25.49	147	0.00	0.00		0			-1		bot-1	6.21	y	0	11	86
471130	bot-5	alpha	U00r-3410	tick	26.98	-32.31	90	0.00	0.00		0			-1		bot-2	6.33	y	0	11	63
471130	bot-6	bravo	U00r-3410	tick	18.54	-22.51	143	0.00	0.00		0			-1		bot-3	9.33	y	0	4	30
472132	bot-1	alpha	U00r-1420	tick	23.92	-30.70	100	0.00	0.00		0			-1		bot-2	9.51	y	0	1	0
472132	bot-2	bravo	A00r-0420	tick	33.30	-32.28	270	0.00	0.00		0			-1		bot-5	6.33	y	0	0	0
472132	bot-3	alpha	U00m-34C0	tick	24.15	-29.96	104	0.00	0.00		0			-1		bot-2	9.44	y	0	4	23
472132	bot-4	bravo	U00r-3410	tick	20.56	-25.49	147	0.00	0.00		0			-1		bot-1	6.21	y	0	11	86
472132	bot-5	alpha	U00r-3410	tick	26.98	-32.31	90	0.00	0.00		0			-1		bot-2	6.33	y	0	11	63
472132	bot-6	bravo	U00r-3410	tick	18.54	-22.51	143	0.00	0.00		0			-1		bot-3	9.33	y	0	4	30
473154	bot-1	alpha	U00r-1420	tick	23.92	-30.70	100	0.00	0.00		0			-1		bot-2	9.51	y	0	1	0
473154	bot-2	bravo	A00r-0420	tick	33.30	-32.28	270	0.00	0.00		0			-1		bot-5	6.33	y	0	0	0
473154	bot-3	alpha	U00m-34C0	tick	24.15	-29.96	104	0.00	0.00		0			-1		bot-2	9.44	y	0	4	23
473154	bot-4	bravo	U00r-3410	tick	20.56	-25.49	147	0.00	0.00		0			-1		bot-1	6.21	y	0	11	86
473154	bot-5	alpha	U00r-3410	tick	26.98	-32.31	90	0.00	0.00		0			-1		bot-2	6.33	y	0	11	63
473154	bot-6	bravo	U00r-3410	tick	18.54	-22.51	143	0.00	0.00		0			-1		bot-3	9.33	y	0	4	30
474155	bot-1	alpha	U00r-1420	tick	23.92	-30.70	100	0.00	0.00		0			-1		bot-2	9.51	y	0	1	0
474155	bot-2	bravo	A00r-0420	tick	33.30	-32.28	270	0.00	0.00		0			-1		bot-5	6.33	y	0	0	0
474155	bot-3	alpha	U00m-34C0	tick	24.15	-29.96	104	0.00	0.00		0			-1		bot-2	9.44	y	0	4	23
474155	bot-4	bravo	U00r-3410	tick	20.56	-25.49	147	0.00	0.00		0			-1		bot-1	6.21	y	0	11	86
474155	bot-5	alpha	U00r-3410	tick	26.98	-32.31	90	0.00	0.00		0			-1		bot-2	6.33	y	0	11	63
474155	bot-6	bravo	U00r-3410	tick	18.54	-22.51	143	0.00	0.00		0			-1		bot-3	9.33	y	0	4	30
475195	bot-1	alpha	U00r-1420	tick	23.92	-30.70	100	0.00	0.00		0			-1		bot-2	9.51	y	0	1	0
475195	bot-2	bravo	A00r-0420	tick	33.30	-32.28	270	0.00	0.00		0			-1		bot-5	6.33	y	0	0	0
475195	bot-3	alpha	U00m-34C0	tick	24.15	-29.96	104	0.00	0.00		0			-1		bot-2	9.44	y	0	4	23
475195	bot-4	bravo	U00r-3410	tick	20.56	-25.49	147	0.00	0.00		0			-1		bot-1	6.21	y	0	11	86
475195	bot-5	alpha	U00r-3410	tick	26.98	-32.31	90	0.00	0.00		0			-1		bot-2	6.33	y	0	11	63
475195	bot-6	bravo	U00r-3410	tick	18.54	-22.51	143	0.00	0.00		0			-1		bot-3	9.33	y	0	4	30
476198	bot-1	alpha	U00r-1420	tick	23.92	-30.70	100	0.00	0.00		0			-1		bot-2	9.51	y	0	1	0
476198	bot-2	bravo	A00r-0420	tick	33.30	-32.28	270	0.00	0.00		0			-1		bot-5	6.33	y	0	0	0
476198	bot-3	alpha	U00m-34C0	tick	24.15	-29.96	104	0.00	0.00		0			-1		bot-2	9.44	y	0	4	23
476198	bot-4	bravo	U00r-3410	tick	20.56	-25.49	147	0.00	0.00		0			-1		bot-1	6.21	y	0	11	86
476198	bot-5	alpha	U00r-3410	tick	26.98	-32.31	90	0.00	0.00		0			-1		bot-2	6.33	y	0	11	63
476198	bot-6	bravo	U00r-3410	tick	18.54	-22.51	143	0.00	0.00		0			-1		bot-3	9.33	y	0	4	30
477212	bot-1	alpha	U00r-1420	tick	23.92	-30.70	100	0.00	0.00		0			-1		bot-2	9.51	y	0	1	0
477212	bot-2	bravo	A00r-0420	tick	33.30	-32.28	270	0.00	0.00		0			-1		bot-5	6.33	y	0	0	0
477212	bot-3	alpha	U00m-34C0	tick	24.15	-29.96	104	0.00	0.00		0			-1		bot-2	9.44	y	0	4	23
477212	bot-4	bravo	U00r-3410	tick	20.56	-25.49	147	0.00	0.00		0			-1		bot-1	6.21	y	0	11	86
477212	bot-5	alpha	U00r-3410	tick	26.98	-32.31	90	0.00	0.00		0			-1		bot-2	6.33	y	0	11	63
477212	bot-6	bravo	U00r-3410	tick	18.54	-22.51	143	0.00	0.00		0			-1		bot-3	9.33	y	0	4	30
478215	bot-1	alpha	U00r-1420	tick	23.92	-30.70	100	0.00	0.00		0			-1		bot-2	9.51	y	0	1	0
478215	bot-2	bravo	A00r-0420	tick	33.30	-32.28	270	0.00	0.00		0			-1		bot-5	6.33	y	0	0	0
478215	bot-3	alpha	U00m-34C0	tick	24.15	-29.96	104	0.00	0.00		0			-1		bot-2	9.44	y	0	4	23
478215	bot-4	bravo	U00r-3410	tick	20.56	-25.49	147	0.00	0.00		0			-1		bot-1	6.21	y	0	11	86
478215	bot-5	alpha	U00r-3410	tick	26.98	-32.31	90	0.00	0.00		0			-1		bot-2	6.33	y	0	11	63
478215	bot-6	bravo	U00r-3410	tick	18.54	-22.51	143	0.00	0.00		0			-1		bot-3	9.33	y	0	4	30
479225	bot-1	alpha	U00r-1420	tick	23.92	-30.70	100	0.00	0.00		0			-1		bot-2	9.51	y	0	1	0
479225	bot-2	bravo	A00r-0420	tick	33.30	-32.28	270	0.00	0.00		0			-1		bot-5	6.33	y	0	0	0
479225	bot-3	alpha	U00m-34C0	tick	24.15	-29.96	104	0.00	0.00		0			-1		bot-2	9.44	y	0	4	23
479225	bot-4	bravo	U00r-3410	tick	20.56	-25.49	147	0.00	0.00		0			-1		bot-1	6.21	y	0	11	86
479225	bot-5	alpha	U00r-3410	tick	26.98	-32.31	90	0.00	0.00		0			-1		bot-2	6.33	y	0	11	63
479225	bot-6	bravo	U00r-3410	tick	18.54	-22.51	143	0.00	0.00		0			-1		bot-3	9.33	y	0	4	30
480245	bot-1	alpha	U00r-1420	tick	23.92	-30.70	100	0.00	0.00		0			-1		bot-2	9.51	y	0	1	0
480245	bot-2	bravo	A00r-0420	tick	33.30	-32.28	270	0.00	0.00		0			-1		bot-5	6.33	y	0	0	0
480245	bot-3	alpha	U00m-34C0	tick	24.15	-29.96	104	0.00	0.00		0			-1		bot-2	9.44	y	0	4	23
480245	bot-4	bravo	U00r-3410	tick	20.56	-25.49	147	0.00	0.00		0			-1		bot-1	6.21	y	0	11	86
480245	bot-5	alpha	U00r-3410	tick	26.98	-32.31	90	0.00	0.00		0			-1		bot-2	6.33	y	0	11	63
480245	bot-6	bravo	U00r-3410	tick	18.54	-22.51	143	0.00	0.00		0			-1		bot-3	9.33	y	0	4	30
481246	bot-1	alpha	U00r-1420	tick	23.92	-30.70	100	0.00	0.00		0			-1		bot-2	9.51	y	0	1	0
481246	bot-2	bravo	A00r-0420	tick	33.30	-32.28	270	0.00	0.00		0			-1		bot-5	6.33	y	0	0	0
481246	bot-3	alpha	U00m-34C0	tick	24.15	-29.96	104	0.00	0.00		0			-1		bot-2	9.44	y	0	4	23
481246	bot-4	bravo	U00r-3410	tick	20.56	-25.49	147	0.00	0.00		0			-1		bot-1	6.21	y	0	11	86
481246	bot-5	alpha	U00r-3410	tick	26.98	-32.31	90	0.00	0.00		0			-1		bot-2	6.33	y	0	11	63
481246	bot-6	bravo	U00r-3410	tick	18.54	-22.51	143	0.00	0.00		0			-1		bot-3	9.33	y	0	4	30
482260	bot-1	alpha	U00r-1420	tick	23.92	-30.70	100	0.00	0.00		0			-1		bot-2	9.51	y	0	1	0
482260	bot-2	bravo	A00r-0420	tick	33.30	-32.28	270	0.00	0.00		0			-1		bot-5	6.33	y	0	0	0
482260	bot-3	alpha	U00m-34C0	tick	24.15	-29.96	104	0.00	0.00		0			-1		bot-2	9.44	y	0	4	23
482260	bot-4	bravo	U00r-3410	tick	20.56	-25.49	147	0.00	0.00		0			-1		bot-1	6.21	y	0	11	86
482260	bot-5	alpha	U00r-3410	tick	26.98	-32.31	90	0.00	0.00		0			-1		bot-2	6.33	y	0	11	63
482260	bot-6	bravo	U00r-3410	tick	18.54	-22.51	143	0.00	0.00		0			-1		bot-3	9.33	y	0	4	30