t_ms	type	attacker	attacker_team	victim	victim_team	weapon	cause	amount	victim_health	ax	az	vx	vz	dist
2997	damage	bot-1	alpha	bot-4	bravo	cz_805_bren	bullet	24.00	76.00	-47.14	43.93	-13.05	42.61	34.12
3122	damage	bot-1	alpha	bot-4	bravo	cz_805_bren	bullet	24.00	52.00	-47.14	43.93	-12.75	42.89	34.41
3237	damage	bot-1	alpha	bot-4	bravo	cz_805_bren	bullet	24.00	28.00	-47.14	43.93	-12.51	43.11	34.64
3348	damage	bot-1	alpha	bot-4	bravo	cz_805_bren	bullet	24.00	4.00	-47.14	43.93	-12.25	43.33	34.90
3472	kill	bot-1	alpha	bot-4	bravo	cz_805_bren	bullet	24.00	0.00	-47.14	43.93	-11.98	43.60	35.17
4286	damage	bot-1	alpha	bot-2	bravo	cz_805_bren	bullet	24.00	76.00	-47.45	43.83	-12.65	45.34	34.84
4399	damage	bot-1	alpha	bot-2	bravo	cz_805_bren	bullet	24.00	52.00	-47.45	43.83	-12.41	45.58	35.09
4748	damage	bot-1	alpha	bot-6	bravo	cz_805_bren	bullet	24.00	16.52	-47.45	43.83	-10.65	45.49	36.84
10271	damage	bot-3	alpha	bot-6	bravo	cz_805_bren	bullet	24.00	48.26	-32.36	37.03	-6.66	49.55	28.59
20708	damage	bot-6	bravo	bot-3	alpha	cz_805_bren	bullet	24.00	76.00	-6.83	49.92	-24.19	42.36	18.93
21044	damage	bot-6	bravo	bot-10	alpha	cz_805_bren	bullet	24.00	76.00	-6.83	49.92	-32.42	40.00	27.45
27534	damage	bot-9	bravo	bot-10	alpha	five_seven	bullet	20.00	2.81	-12.79	11.94	-9.39	1.67	10.81
27686	kill	bot-9	bravo	bot-10	alpha	five_seven	bullet	20.00	0.00	-12.79	11.94	-8.97	1.26	11.34
27842	damage	bot-1	alpha	bot-6	bravo	cz_805_bren	bullet	24.00	48.76	-2.42	30.74	-26.02	28.88	23.67
27957	damage	bot-1	alpha	bot-6	bravo	cz_805_bren	bullet	24.00	24.76	-2.42	30.74	-26.59	28.98	24.23
28075	damage	bot-1	alpha	bot-6	bravo	cz_805_bren	bullet	24.00	0.76	-2.42	30.74	-27.08	29.03	24.72
28199	kill	bot-1	alpha	bot-6	bravo	cz_805_bren	bullet	24.00	0.00	-2.42	30.74	-27.48	29.03	25.12
31722	damage	bot-7	bravo	bot-12	alpha	five_seven	bullet	20.00	80.00	16.48	12.20	39.24	33.10	30.90
31873	damage	bot-7	bravo	bot-12	alpha	five_seven	bullet	20.00	60.00	16.48	12.20	39.24	33.10	30.90
32984	damage	bot-8	alpha	bot-9	bravo	five_seven	bullet	20.00	80.00	-8.20	-17.95	-11.90	9.07	27.27
33394	kill	bot-9	bravo	bot-8	alpha	m24	bullet	95.00	0.00	-11.87	8.99	-8.17	-17.95	27.19
36681	damage	bot-7	bravo	bot-12	alpha	five_seven	bullet	20.00	52.23	21.02	15.94	39.78	35.71	27.25
38405	damage	bot-7	bravo	bot-12	alpha	five_seven	bullet	20.00	37.68	22.44	17.01	39.77	39.17	28.14
38547	damage	bot-7	bravo	bot-12	alpha	five_seven	bullet	20.00	20.25	22.44	17.00	39.77	39.17	28.14
44279	damage	bot-7	bravo	bot-12	alpha	five_seven	bullet	20.00	52.51	30.92	13.05	36.54	36.39	24.00
47115	damage	bot-16	alpha	bot-9	bravo	five_seven	bullet	20.00	60.00	-10.22	13.22	5.73	6.85	17.17
47276	damage	bot-16	alpha	bot-9	bravo	five_seven	bullet	20.00	40.00	-10.22	13.22	6.19	6.36	17.78
47457	damage	bot-16	alpha	bot-9	bravo	five_seven	bullet	20.00	20.00	-10.22	13.22	6.68	5.82	18.44
47606	kill	bot-16	alpha	bot-9	bravo	five_seven	bullet	20.00	0.00	-10.22	13.22	7.17	5.32	19.10
66942	damage	bot-15	bravo	bot-12	alpha	five_seven	bullet	20.00	52.40	47.14	0.29	49.37	13.61	13.51
77934	damage	bot-16	alpha	bot-17	bravo	five_seven	bullet	20.00	52.04	2.12	12.72	39.51	1.02	39.18
78100	damage	bot-16	alpha	bot-17	bravo	five_seven	bullet	20.00	32.04	2.12	12.69	39.92	1.41	39.45
78161	damage	bot-13	alpha	bot-17	bravo	cz_805_bren	bullet	24.00	8.04	10.94	8.96	40.03	1.51	30.03
78730	kill	bot-13	alpha	bot-19	bravo	cz_805_bren	bullet	24.00	0.00	10.75	8.92	42.52	-1.31	33.37
83084	damage	bot-12	alpha	bot-21	bravo	cz_805_bren	bullet	24.00	76.00	49.48	12.89	44.74	8.24	6.64
84607	damage	bot-16	alpha	bot-21	bravo	five_seven	bullet	20.00	56.00	8.02	7.59	43.75	8.31	35.74
85040	damage	bot-16	alpha	bot-21	bravo	five_seven	bullet	20.00	36.00	8.01	7.58	45.17	7.98	37.16
86340	damage	bot-12	alpha	bot-21	bravo	cz_805_bren	bullet	24.00	17.11	49.37	13.61	47.34	7.45	6.48
86456	kill	bot-12	alpha	bot-21	bravo	cz_805_bren	bullet	24.00	0.00	49.37	13.61	47.53	7.45	6.42
88308	damage	bot-23	bravo	bot-1	alpha	five_seven	bullet	20.00	52.03	3.65	-32.65	14.17	-8.54	26.30
88475	damage	bot-23	bravo	bot-1	alpha	five_seven	bullet	20.00	32.03	3.65	-32.65	14.46	-8.22	26.71
88646	damage	bot-23	bravo	bot-1	alpha	five_seven	bullet	20.00	12.03	3.65	-32.65	14.85	-7.83	27.23
88803	kill	bot-23	bravo	bot-1	alpha	five_seven	bullet	20.00	0.00	3.65	-32.65	15.27	-7.39	27.80
89060	damage	bot-14	bravo	bot-12	alpha	cz_805_bren	bullet	24.00	36.00	59.30	10.53	50.02	12.68	9.52
89172	damage	bot-12	alpha	bot-14	bravo	cz_805_bren	bullet	24.00	50.59	49.97	12.61	59.30	10.53	9.56
89172	damage	bot-14	bravo	bot-12	alpha	cz_805_bren	bullet	24.00	12.00	59.30	10.53	49.96	12.58	9.56
89228	damage	bot-23	bravo	bot-3	alpha	five_seven	bullet	20.00	75.05	3.65	-32.65	14.45	8.27	42.31
89293	damage	bot-12	alpha	bot-14	bravo	cz_805_bren	bullet	24.00	26.59	49.90	12.44	59.46	10.64	9.73
89293	kill	bot-14	bravo	bot-12	alpha	cz_805_bren	bullet	24.00	0.00	59.46	10.64	49.89	12.41	9.73
91602	damage	bot-23	bravo	bot-13	alpha	five_seven	bullet	20.00	54.99	4.43	-30.50	32.05	8.40	47.70
91747	damage	bot-23	bravo	bot-13	alpha	five_seven	bullet	20.00	34.99	4.43	-30.50	32.19	9.12	48.37
91898	damage	bot-23	bravo	bot-13	alpha	five_seven	bullet	20.00	14.99	4.43	-30.50	32.32	9.89	49.08
92063	kill	bot-23	bravo	bot-13	alpha	five_seven	bullet	20.00	0.00	4.43	-30.50	32.48	10.71	49.85
98839	damage	bot-16	alpha	bot-14	bravo	five_seven	bullet	20.00	52.33	25.14	1.31	52.41	11.04	28.95
98990	damage	bot-16	alpha	bot-14	bravo	five_seven	bullet	20.00	32.33	25.14	1.31	53.09	11.39	29.71
99146	damage	bot-16	alpha	bot-14	bravo	five_seven	bullet	20.00	12.33	25.14	1.31	53.79	11.77	30.50
123343	kill	bot-24	alpha	bot-14	bravo	five_seven	bullet	20.00	0.00	76.93	8.19	42.08	11.94	35.05
146328	damage	bot-33	bravo	bot-32	alpha	m24	bullet	95.00	5.00	-15.30	-22.18	38.50	9.89	62.64
147889	damage	bot-24	alpha	bot-29	bravo	five_seven	bullet	20.00	80.00	31.93	4.54	-0.05	-31.57	48.23
148040	damage	bot-24	alpha	bot-29	bravo	five_seven	bullet	20.00	60.00	31.93	4.54	0.14	-31.59	48.12
148201	damage	bot-24	alpha	bot-29	bravo	five_seven	bullet	20.00	40.00	31.93	4.55	0.01	-31.70	48.30
148357	damage	bot-24	alpha	bot-29	bravo	five_seven	bullet	20.00	20.00	31.93	4.55	-0.45	-32.09	48.89
148547	kill	bot-24	alpha	bot-29	bravo	five_seven	bullet	20.00	0.00	31.93	4.55	-0.99	-32.57	49.61
158833	damage	bot-32	alpha	bot-31	bravo	five_seven	bullet	20.00	65.03	35.49	1.06	-3.83	-13.65	41.98
158913	damage	bot-24	alpha	bot-31	bravo	five_seven	bullet	20.00	45.03	30.46	-0.54	-3.66	-13.55	36.52
159062	damage	bot-24	alpha	bot-31	bravo	five_seven	bullet	20.00	25.03	30.46	-0.54	-4.28	-12.97	36.90
159129	damage	bot-32	alpha	bot-31	bravo	five_seven	bullet	20.00	5.03	35.49	1.05	-4.63	-12.65	42.39
159448	kill	bot-32	alpha	bot-31	bravo	five_seven	bullet	20.00	0.00	35.49	1.05	-6.05	-12.23	43.61
163304	damage	bot-38	alpha	bot-33	bravo	cz_805_bren	bullet	24.00	76.00	26.11	-4.88	-13.11	-19.78	41.96
163528	damage	bot-24	alpha	bot-33	bravo	five_seven	bullet	20.00	56.00	26.15	-2.94	-12.51	-19.27	41.97
163597	damage	bot-32	alpha	bot-33	bravo	five_seven	bullet	20.00	36.00	30.63	-1.05	-12.79	-19.44	47.15
163699	damage	bot-24	alpha	bot-33	bravo	five_seven	bullet	20.00	16.00	26.15	-2.94	-13.04	-19.58	42.58
163699	kill	bot-38	alpha	bot-33	bravo	cz_805_bren	bullet	24.00	0.00	26.11	-4.88	-13.23	-19.70	42.04
164062	damage	bot-24	alpha	bot-25	bravo	five_seven	bullet	20.00	80.00	26.15	-2.94	-15.12	-25.06	46.82
164219	damage	bot-24	alpha	bot-25	bravo	five_seven	bullet	20.00	60.00	26.15	-2.94	-14.62	-24.54	46.15
164219	damage	bot-30	alpha	bot-25	bravo	cz_805_bren	bullet	24.00	36.00	21.40	-6.30	-14.61	-24.63	40.40
164368	damage	bot-24	alpha	bot-25	bravo	five_seven	bullet	20.00	16.00	26.15	-2.94	-14.59	-25.17	46.41
167220	damage	bot-32	alpha	bot-37	bravo	five_seven	bullet	20.00	80.00	27.25	-3.34	-0.03	-20.93	32.46
168620	damage	bot-39	bravo	bot-40	alpha	five_seven	bullet	20.00	80.00	-57.99	21.38	-19.04	41.82	43.99
169114	damage	bot-30	alpha	bot-37	bravo	cz_805_bren	bullet	24.00	21.43	19.51	-6.99	-6.00	-25.86	31.74
169242	kill	bot-30	alpha	bot-37	bravo	cz_805_bren	bullet	24.00	0.00	19.51	-6.99	-6.29	-26.03	32.07
170222	damage	bot-24	alpha	bot-25	bravo	m1911	bullet	33.00	39.03	20.71	-5.05	-13.36	-26.25	40.13
170568	damage	bot-24	alpha	bot-25	bravo	m1911	bullet	33.00	6.03	20.71	-5.05	-14.11	-27.41	41.38
173560	damage	bot-39	bravo	bot-40	alpha	five_seven	bullet	20.00	60.00	-49.34	24.01	-27.93	36.38	24.73
175509	damage	bot-32	alpha	bot-25	bravo	five_seven	bullet	20.00	30.00	14.97	-11.39	-16.35	-30.91	36.90
176731	damage	bot-39	bravo	bot-40	alpha	five_seven	bullet	20.00	10.25	-45.49	24.51	-19.90	44.93	32.73
176886	kill	bot-39	bravo	bot-40	alpha	five_seven	bullet	20.00	0.00	-45.49	24.51	-19.76	45.62	33.28
178370	damage	bot-32	alpha	bot-25	bravo	five_seven	bullet	20.00	10.00	13.29	-12.98	-14.34	-21.23	28.84
178520	kill	bot-32	alpha	bot-25	bravo	five_seven	bullet	20.00	0.00	13.29	-12.98	-14.78	-21.66	29.38
178789	damage	bot-42	alpha	bot-27	bravo	m24	bullet	95.00	0.07	15.22	-16.92	-11.87	-21.49	27.47
178874	kill	bot-41	bravo	bot-36	alpha	m24	bullet	95.00	0.00	-49.29	17.53	23.55	3.92	74.09
179815	damage	bot-32	alpha	bot-35	bravo	five_seven	bullet	20.00	52.25	10.83	-13.47	-5.73	-14.36	16.58
179989	damage	bot-30	alpha	bot-35	bravo	cz_805_bren	bullet	24.00	0.57	6.01	-16.45	-6.09	-14.70	12.22
180698	damage	bot-34	alpha	bot-39	bravo	m24	bullet	95.00	5.00	19.58	-16.16	-40.76	22.90	71.88
184660	damage	bot-38	alpha	bot-35	bravo	cz_805_bren	bullet	24.00	22.31	-4.09	-13.13	-7.14	-21.43	8.84
184792	kill	bot-38	alpha	bot-35	bravo	cz_805_bren	bullet	24.00	0.00	-4.09	-13.13	-7.62	-21.90	9.45
186756	damage	bot-34	alpha	bot-41	bravo	m24	bullet	95.00	5.00	18.52	-14.46	-49.29	17.53	74.97
189123	damage	bot-38	alpha	bot-43	bravo	cz_805_bren	bullet	24.00	76.00	-6.18	-12.11	-35.57	25.88	48.03
189239	damage	bot-38	alpha	bot-43	bravo	cz_805_bren	bullet	24.00	52.00	-6.18	-12.11	-35.57	25.88	48.03
192809	kill	bot-34	alpha	bot-39	bravo	m24	bullet	95.00	0.00	18.52	-14.46	-32.47	22.39	62.91
203477	kill	bot-34	alpha	bot-41	bravo	m24	bullet	95.00	0.00	13.70	-4.56	-49.20	18.37	66.95
206620	damage	bot-45	bravo	bot-32	alpha	cz_805_bren	bullet	24.00	48.04	-5.46	-39.69	-10.24	-17.43	22.77
206886	damage	bot-45	bravo	bot-32	alpha	cz_805_bren	bullet	24.00	24.04	-5.46	-39.70	-11.01	-16.65	23.71
207011	damage	bot-45	bravo	bot-32	alpha	cz_805_bren	bullet	24.00	0.04	-5.47	-39.70	-11.37	-16.28	24.16
207132	kill	bot-45	bravo	bot-32	alpha	cz_805_bren	bullet	24.00	0.00	-5.47	-39.70	-11.76	-15.89	24.63
208633	damage	bot-47	bravo	bot-30	alpha	five_seven	bullet	20.00	52.24	0.50	-37.12	1.78	-25.19	12.00
208790	damage	bot-47	bravo	bot-30	alpha	five_seven	bullet	20.00	32.24	0.50	-37.12	2.18	-24.73	12.51
208936	damage	bot-47	bravo	bot-30	alpha	five_seven	bullet	20.00	12.24	0.50	-37.12	2.55	-24.32	12.97
209089	kill	bot-47	bravo	bot-30	alpha	five_seven	bullet	20.00	0.00	0.50	-37.12	2.96	-23.86	13.50
232538	kill	bot-50	alpha	bot-47	bravo	m24	bullet	95.00	0.00	73.45	-17.68	5.94	-25.95	68.02
279089	damage	bot-53	bravo	bot-42	alpha	cz_805_bren	bullet	24.00	76.00	-6.51	-44.52	4.27	-18.89	27.80
283796	damage	bot-45	bravo	bot-28	alpha	cz_805_bren	bullet	24.00	71.39	-10.85	-42.87	-17.85	-10.05	33.55
285868	kill	bot-34	alpha	bot-45	bravo	m24	bullet	95.00	0.00	12.16	-13.07	-15.78	-47.33	44.21
290494	damage	bot-61	bravo	bot-28	alpha	five_seven	bullet	20.00	43.13	0.24	-44.91	-18.80	-11.18	38.73
290910	damage	bot-61	bravo	bot-28	alpha	five_seven	bullet	20.00	23.13	0.22	-44.90	-21.08	-10.94	40.09
291052	damage	bot-61	bravo	bot-28	alpha	five_seven	bullet	20.00	3.13	0.22	-44.92	-21.80	-10.87	40.56
291215	kill	bot-61	bravo	bot-28	alpha	five_seven	bullet	20.00	0.00	0.22	-44.92	-22.62	-10.78	41.08
292039	damage	bot-55	bravo	bot-42	alpha	five_seven	bullet	20.00	52.40	-15.80	-40.72	5.29	-16.50	32.11
292526	damage	bot-61	bravo	bot-44	alpha	five_seven	bullet	20.00	30.97	-0.27	-44.27	1.36	-22.86	21.48
294849	damage	bot-61	bravo	bot-42	alpha	five_seven	bullet	20.00	32.40	-1.08	-41.93	14.30	-7.81	37.43
294991	damage	bot-61	bravo	bot-42	alpha	five_seven	bullet	20.00	12.40	-1.08	-41.93	14.29	-7.81	37.42
295132	kill	bot-61	bravo	bot-42	alpha	five_seven	bullet	20.00	0.00	-1.08	-41.94	14.29	-7.81	37.43
295804	damage	bot-61	bravo	bot-34	alpha	five_seven	bullet	20.00	38.39	-1.12	-41.34	14.76	-13.34	32.19
296009	damage	bot-53	bravo	bot-34	alpha	cz_805_bren	bullet	24.00	14.82	-0.30	-39.92	14.76	-13.34	30.55
296111	kill	bot-61	bravo	bot-34	alpha	five_seven	bullet	20.00	0.00	-1.12	-41.34	14.76	-13.34	32.19
297296	damage	bot-53	bravo	bot-26	alpha	cz_805_bren	bullet	24.00	75.82	-0.42	-38.36	-2.10	-12.90	25.52
297423	damage	bot-53	bravo	bot-26	alpha	cz_805_bren	bullet	24.00	51.82	-0.42	-38.36	-1.68	-13.23	25.17
297560	damage	bot-53	bravo	bot-26	alpha	cz_805_bren	bullet	24.00	27.82	-0.42	-38.36	-1.35	-12.59	25.79
313303	damage	bot-55	bravo	bot-26	alpha	five_seven	bullet	20.00	52.13	-6.35	-30.74	4.05	-5.69	27.12
314568	damage	bot-61	bravo	bot-26	alpha	five_seven	bullet	20.00	32.13	4.17	-29.95	9.71	-6.49	24.11
314716	damage	bot-61	bravo	bot-26	alpha	five_seven	bullet	20.00	12.13	4.17	-29.95	10.17	-6.03	24.67
314865	kill	bot-61	bravo	bot-26	alpha	five_seven	bullet	20.00	0.00	4.17	-29.95	10.52	-5.69	25.08
317805	kill	bot-57	bravo	bot-20	alpha	m24	bullet	95.00	0.00	-85.28	-17.43	-31.72	32.07	72.93
322098	damage	bot-48	alpha	bot-55	bravo	five_seven	bullet	20.00	43.73	-16.59	34.34	-7.20	-14.61	49.84
325204	damage	bot-48	alpha	bot-55	bravo	five_seven	bullet	20.00	47.75	-15.13	29.90	-6.58	-19.34	49.98
325358	damage	bot-48	alpha	bot-55	bravo	five_seven	bullet	20.00	30.50	-15.13	29.90	-6.58	-19.34	49.98
325500	damage	bot-48	alpha	bot-55	bravo	five_seven	bullet	20.00	13.29	-15.13	29.90	-6.58	-19.34	49.98
325681	kill	bot-48	alpha	bot-55	bravo	five_seven	bullet	20.00	0.00	-15.13	29.90	-6.58	-19.34	49.98
326619	damage	bot-48	alpha	bot-49	bravo	five_seven	bullet	20.00	68.87	-14.90	28.86	-13.91	-19.75	48.63
326791	damage	bot-48	alpha	bot-49	bravo	five_seven	bullet	20.00	48.87	-14.90	28.86	-13.92	-19.12	47.99
327124	damage	bot-48	alpha	bot-49	bravo	five_seven	bullet	20.00	28.87	-14.90	28.86	-15.13	-20.23	49.09
328116	damage	bot-48	alpha	bot-62	bravo	five_seven	bullet	20.00	80.00	-14.90	28.86	-7.49	-17.80	47.25
328286	damage	bot-48	alpha	bot-62	bravo	five_seven	bullet	20.00	60.00	-14.90	28.86	-7.49	-17.32	46.77
328458	damage	bot-48	alpha	bot-62	bravo	five_seven	bullet	20.00	40.00	-14.90	28.86	-7.49	-17.75	47.20
328627	damage	bot-48	alpha	bot-62	bravo	five_seven	bullet	20.00	20.00	-14.90	28.86	-7.48	-18.43	47.88
328712	damage	bot-46	alpha	bot-66	bravo	cz_805_bren	bullet	24.00	76.00	63.94	47.94	52.77	46.87	11.22
328777	kill	bot-48	alpha	bot-62	bravo	five_seven	bullet	20.00	0.00	-14.90	28.86	-7.48	-19.12	48.55
328830	damage	bot-46	alpha	bot-66	bravo	cz_805_bren	bullet	24.00	52.00	63.93	47.95	53.00	46.90	10.99
328830	damage	bot-54	alpha	bot-66	bravo	cz_805_bren	bullet	24.00	28.00	71.79	48.62	53.00	46.90	18.87
329069	damage	bot-46	alpha	bot-66	bravo	cz_805_bren	bullet	24.00	4.00	63.93	47.97	52.51	46.39	11.53
329069	kill	bot-54	alpha	bot-66	bravo	cz_805_bren	bullet	24.00	0.00	71.79	48.62	52.51	46.39	19.41
330462	damage	bot-48	alpha	bot-53	bravo	five_seven	bullet	20.00	52.04	-15.03	29.16	5.22	1.06	34.64
330619	damage	bot-48	alpha	bot-53	bravo	five_seven	bullet	20.00	32.04	-15.03	29.16	5.47	0.12	35.55
332423	damage	bot-67	alpha	bot-64	bravo	five_seven	bullet	20.00	80.00	-20.60	27.67	6.87	0.96	38.31
332600	damage	bot-67	alpha	bot-64	bravo	five_seven	bullet	20.00	60.00	-20.60	27.69	6.87	0.96	38.32
332806	damage	bot-67	alpha	bot-64	bravo	five_seven	bullet	20.00	40.00	-20.60	27.69	7.00	1.08	38.33
333104	damage	bot-67	alpha	bot-64	bravo	five_seven	bullet	20.00	20.00	-20.60	27.69	7.65	1.58	38.47
333235	damage	bot-16	alpha	bot-61	bravo	five_seven	bullet	20.00	80.00	-17.33	33.14	6.71	-3.40	43.73
333517	kill	bot-67	alpha	bot-64	bravo	five_seven	bullet	20.00	0.00	-20.60	27.69	8.63	2.31	38.71
333573	damage	bot-16	alpha	bot-61	bravo	five_seven	bullet	20.00	60.00	-17.33	33.14	6.70	-3.13	43.51
333739	damage	bot-16	alpha	bot-61	bravo	five_seven	bullet	20.00	40.00	-17.33	33.14	7.25	-3.84	44.40
333932	damage	bot-16	alpha	bot-61	bravo	five_seven	bullet	20.00	20.00	-17.33	33.14	7.66	-4.65	45.30
334616	damage	bot-67	alpha	bot-53	bravo	five_seven	bullet	20.00	52.56	-20.31	27.77	5.92	-3.30	40.66
334889	damage	bot-67	alpha	bot-53	bravo	five_seven	bullet	20.00	32.56	-20.31	27.77	5.73	-3.51	40.70
335101	damage	bot-67	alpha	bot-53	bravo	five_seven	bullet	20.00	12.56	-20.31	27.76	5.34	-3.97	40.81
335267	kill	bot-67	alpha	bot-53	bravo	five_seven	bullet	20.00	0.00	-20.31	27.76	4.93	-4.44	40.92
335604	kill	bot-67	alpha	bot-61	bravo	five_seven	bullet	20.00	0.00	-20.29	27.76	10.83	-9.52	48.56
344524	damage	bot-67	alpha	bot-59	bravo	five_seven	bullet	20.00	80.00	-14.81	20.99	-59.65	7.19	46.92
344676	damage	bot-67	alpha	bot-59	bravo	five_seven	bullet	20.00	60.00	-14.81	20.99	-59.65	7.19	46.92
345601	damage	bot-67	alpha	bot-49	bravo	five_seven	bullet	20.00	52.63	-14.81	20.99	-16.18	-13.60	34.62
348464	damage	bot-48	alpha	bot-51	bravo	five_seven	bullet	20.00	80.00	-9.69	22.60	-56.37	12.09	47.85
348505	damage	bot-65	alpha	bot-51	bravo	cz_805_bren	bullet	24.00	56.00	-8.71	23.28	-56.37	12.09	48.96
350030	damage	bot-67	alpha	bot-51	bravo	five_seven	bullet	20.00	36.00	-19.74	20.40	-62.20	10.54	43.59
355043	damage	bot-65	alpha	bot-49	bravo	cz_805_bren	bullet	24.00	48.43	-16.17	21.16	-20.82	-14.80	36.25
355372	damage	bot-48	alpha	bot-49	bravo	five_seven	bullet	20.00	28.43	-14.95	20.22	-21.21	-15.18	35.95
355372	damage	bot-67	alpha	bot-49	bravo	five_seven	bullet	20.00	8.43	-21.40	18.63	-21.40	-15.36	33.99
355524	kill	bot-67	alpha	bot-49	bravo	five_seven	bullet	20.00	0.00	-21.40	18.63	-21.93	-15.88	34.51
355958	damage	bot-67	alpha	bot-60	bravo	five_seven	bullet	20.00	80.00	-21.64	18.59	-48.01	10.88	27.47
356113	damage	bot-67	alpha	bot-60	bravo	five_seven	bullet	20.00	60.00	-21.64	18.59	-47.60	11.10	27.02
356204	damage	bot-48	alpha	bot-60	bravo	five_seven	bullet	20.00	40.00	-14.82	20.28	-47.85	10.86	34.34
356348	damage	bot-48	alpha	bot-60	bravo	five_seven	bullet	20.00	20.00	-14.82	20.28	-48.47	10.26	35.10
358978	damage	bot-48	alpha	bot-59	bravo	five_seven	bullet	20.00	52.14	-15.73	20.26	-51.58	12.31	36.72
359386	damage	bot-48	alpha	bot-59	bravo	five_seven	bullet	20.00	32.14	-15.73	20.27	-51.91	11.26	37.28
360947	damage	bot-67	alpha	bot-57	bravo	five_seven	bullet	20.00	80.00	-23.89	18.37	-65.44	2.55	44.47
361111	damage	bot-67	alpha	bot-57	bravo	five_seven	bullet	20.00	60.00	-23.89	18.37	-64.96	2.93	43.88
361286	damage	bot-67	alpha	bot-57	bravo	five_seven	bullet	20.00	40.00	-23.89	18.37	-65.13	2.04	44.35
361369	damage	bot-3	alpha	bot-57	bravo	cz_805_bren	bullet	24.00	16.00	-31.20	34.53	-65.19	1.74	47.23
361430	kill	bot-67	alpha	bot-57	bravo	five_seven	bullet	20.00	0.00	-23.89	18.37	-65.27	1.32	44.76
361589	damage	bot-16	alpha	bot-51	bravo	five_seven	bullet	20.00	52.65	-29.17	33.47	-56.41	13.32	33.89
361797	damage	bot-70	bravo	bot-46	alpha	m24	bullet	95.00	5.00	96.27	-44.86	69.56	10.37	61.34
362958	damage	bot-48	alpha	bot-51	bravo	five_seven	bullet	20.00	32.65	-18.96	19.74	-60.31	9.61	42.57
363032	damage	bot-67	alpha	bot-51	bravo	five_seven	bullet	20.00	12.65	-26.31	18.21	-60.52	9.41	35.32
363268	damage	bot-69	alpha	bot-72	bravo	m24	bullet	95.00	5.00	60.49	28.53	91.23	-38.00	73.30
363354	kill	bot-48	alpha	bot-51	bravo	five_seven	bullet	20.00	0.00	-18.96	19.74	-60.82	9.10	43.19
365363	damage	bot-50	alpha	bot-70	bravo	m24	bullet	95.00	5.00	64.32	18.80	96.27	-44.86	71.23
370781	damage	bot-48	alpha	bot-60	bravo	five_seven	bullet	20.00	52.18	-28.82	17.98	-51.01	-0.65	28.97
370885	kill	bot-69	alpha	bot-68	bravo	m24	bullet	95.00	0.00	64.35	18.96	93.79	-48.65	73.74
375692	damage	bot-3	alpha	bot-59	bravo	cz_805_bren	bullet	24.00	48.34	-40.06	24.29	-64.30	-0.54	34.70
375810	damage	bot-3	alpha	bot-59	bravo	cz_805_bren	bullet	24.00	24.34	-40.06	24.29	-64.22	-0.92	34.92
379373	damage	bot-48	alpha	bot-59	bravo	five_seven	bullet	20.00	7.81	-38.01	11.24	-59.18	-4.05	26.12
380174	damage	bot-65	alpha	bot-60	bravo	cz_805_bren	bullet	24.00	48.00	-37.70	14.89	-57.23	-8.80	30.70
381343	kill	bot-67	alpha	bot-59	bravo	five_seven	bullet	20.00	0.00	-31.01	18.53	-64.45	0.91	37.80
383046	damage	bot-74	bravo	bot-56	alpha	cz_805_bren	bullet	24.00	65.76	89.46	-37.92	65.57	4.41	48.61
383344	damage	bot-60	bravo	bot-63	alpha	cz_805_bren	bullet	24.00	76.00	-59.36	-13.33	-48.00	18.43	33.74
383493	damage	bot-60	bravo	bot-63	alpha	cz_805_bren	bullet	24.00	52.00	-59.36	-13.33	-48.00	18.43	33.74
383726	damage	bot-56	alpha	bot-74	bravo	five_seven	bullet	20.00	45.15	65.66	4.21	89.38	-37.80	48.24
383936	damage	bot-56	alpha	bot-74	bravo	five_seven	bullet	20.00	25.15	65.66	4.21	89.49	-37.68	48.19
383936	damage	bot-74	bravo	bot-56	alpha	cz_805_bren	bullet	24.00	41.76	89.49	-37.68	65.66	4.21	48.19
384145	damage	bot-56	alpha	bot-74	bravo	five_seven	bullet	20.00	5.15	65.60	4.27	89.73	-37.44	48.18
388021	damage	bot-54	alpha	bot-70	bravo	cz_805_bren	bullet	24.00	48.02	69.96	-12.80	95.96	-46.41	42.49
388136	damage	bot-54	alpha	bot-70	bravo	cz_805_bren	bullet	24.00	24.02	69.96	-12.80	95.96	-46.59	42.63
388428	damage	bot-54	alpha	bot-70	bravo	cz_805_bren	bullet	24.00	0.02	69.96	-12.80	95.97	-47.00	42.97
388577	kill	bot-54	alpha	bot-70	bravo	cz_805_bren	bullet	24.00	0.00	69.96	-12.80	95.97	-47.49	43.36
389281	damage	bot-74	bravo	bot-54	alpha	cz_805_bren	bullet	24.00	48.24	95.92	-33.63	69.97	-12.91	33.21
389402	damage	bot-74	bravo	bot-54	alpha	cz_805_bren	bullet	24.00	24.24	95.92	-33.63	69.85	-12.79	33.38
389546	damage	bot-74	bravo	bot-54	alpha	cz_805_bren	bullet	24.00	0.24	95.92	-33.62	69.79	-12.73	33.46
389733	kill	bot-77	bravo	bot-54	alpha	m24	bullet	95.00	0.00	89.98	-32.61	69.23	-12.19	29.12
392040	damage	bot-74	bravo	bot-52	alpha	cz_805_bren	bullet	24.00	48.17	94.73	-32.56	74.84	-10.90	29.40
399393	damage	bot-60	bravo	bot-67	alpha	cz_805_bren	bullet	24.00	54.23	-51.50	-11.13	-46.28	-3.70	9.08
399449	damage	bot-67	alpha	bot-60	bravo	five_seven	bullet	20.00	34.01	-46.23	-3.65	-51.50	-11.14	9.15
399533	damage	bot-60	bravo	bot-67	alpha	cz_805_bren	bullet	24.00	30.23	-51.66	-11.19	-46.12	-3.56	9.44
400915	damage	bot-60	bravo	bot-65	alpha	cz_805_bren	bullet	24.00	48.64	-56.85	-10.84	-57.07	-4.05	6.79
401968	damage	bot-60	bravo	bot-63	alpha	cz_805_bren	bullet	24.00	71.32	-59.37	-14.44	-55.17	2.71	17.66
402086	damage	bot-60	bravo	bot-63	alpha	cz_805_bren	bullet	24.00	47.32	-59.37	-14.44	-55.58	2.64	17.49
406198	damage	bot-56	alpha	bot-78	bravo	five_seven	bullet	20.00	80.00	63.27	-10.28	58.59	-23.33	13.86
406345	damage	bot-56	alpha	bot-78	bravo	five_seven	bullet	20.00	60.00	63.27	-10.28	58.68	-22.96	13.48
409749	damage	bot-56	alpha	bot-80	bravo	five_seven	bullet	20.00	80.00	60.15	-15.46	31.49	-34.13	34.21
409928	damage	bot-56	alpha	bot-80	bravo	five_seven	bullet	20.00	60.00	60.15	-15.46	31.49	-34.13	34.21
410070	damage	bot-56	alpha	bot-80	bravo	five_seven	bullet	20.00	40.00	60.15	-15.46	31.64	-34.31	34.18
410128	damage	bot-73	alpha	bot-80	bravo	cz_805_bren	bullet	24.00	16.00	65.23	-13.68	31.67	-34.35	39.41
410248	kill	bot-73	alpha	bot-80	bravo	cz_805_bren	bullet	24.00	0.00	65.23	-13.68	31.95	-34.70	39.36
427357	damage	bot-81	bravo	bot-63	alpha	five_seven	bullet	20.00	52.23	-86.61	-0.10	-64.36	-0.43	22.25
427625	damage	bot-81	bravo	bot-63	alpha	five_seven	bullet	20.00	32.23	-86.62	-0.10	-64.36	-0.43	22.26
427783	damage	bot-81	bravo	bot-63	alpha	five_seven	bullet	20.00	12.23	-86.62	-0.10	-63.92	-0.78	22.71
432944	kill	bot-82	bravo	bot-3	alpha	m24	bullet	95.00	0.00	-34.84	6.02	-70.38	13.61	36.34
434749	damage	bot-67	alpha	bot-82	bravo	five_seven	bullet	20.00	80.00	-70.50	-2.20	-34.71	6.85	36.91
442765	damage	bot-65	alpha	bot-83	bravo	cz_805_bren	bullet	24.00	76.00	-63.00	5.78	-29.40	15.69	35.03
442890	damage	bot-65	alpha	bot-83	bravo	cz_805_bren	bullet	24.00	52.00	-63.00	5.78	-29.68	15.70	34.76
445936	damage	bot-81	bravo	bot-65	alpha	five_seven	bullet	20.00	55.35	-83.47	7.62	-61.02	8.30	22.46
446124	damage	bot-81	bravo	bot-65	alpha	five_seven	bullet	20.00	35.35	-83.47	7.62	-61.17	8.52	22.32
446274	damage	bot-81	bravo	bot-65	alpha	five_seven	bullet	20.00	15.35	-83.47	7.62	-61.41	8.48	22.08
446415	kill	bot-81	bravo	bot-65	alpha	five_seven	bullet	20.00	0.00	-83.47	7.62	-61.37	8.41	22.12
451132	damage	bot-81	bravo	bot-86	alpha	five_seven	bullet	20.00	80.00	-83.44	8.59	-39.97	21.95	45.48
451276	damage	bot-81	bravo	bot-86	alpha	five_seven	bullet	20.00	60.00	-83.44	8.59	-40.16	21.92	45.29
451427	damage	bot-81	bravo	bot-86	alpha	five_seven	bullet	20.00	40.00	-83.45	8.59	-40.07	21.98	45.40
451464	damage	bot-86	alpha	bot-81	bravo	cz_805_bren	bullet	24.00	48.83	-40.05	22.00	-83.45	8.59	45.42
451893	damage	bot-85	bravo	bot-86	alpha	cz_805_bren	bullet	24.00	16.00	-22.31	11.40	-39.11	22.84	20.32
452021	kill	bot-85	bravo	bot-86	alpha	cz_805_bren	bullet	24.00	0.00	-22.31	11.40	-38.66	23.27	20.20
463300	damage	bot-85	bravo	bot-79	alpha	cz_805_bren	bullet	24.00	40.45	-30.72	-1.61	-38.05	-13.50	13.97
463443	damage	bot-85	bravo	bot-79	alpha	cz_805_bren	bullet	24.00	16.45	-30.72	-1.61	-37.88	-13.69	14.04
464287	damage	bot-67	alpha	bot-82	bravo	five_seven	bullet	20.00	39.65	-73.02	8.03	-35.72	9.48	37.32
464433	damage	bot-67	alpha	bot-82	bravo	five_seven	bullet	20.00	19.65	-73.02	8.03	-35.72	9.48	37.32
464660	kill	bot-67	alpha	bot-82	bravo	five_seven	bullet	20.00	0.00	-73.00	8.04	-35.72	9.49	37.31
464888	damage	bot-67	alpha	bot-85	bravo	five_seven	bullet	20.00	80.00	-73.00	8.04	-31.13	-2.85	43.27
465160	damage	bot-81	bravo	bot-67	alpha	five_seven	bullet	20.00	51.95	-87.14	2.20	-73.00	8.04	15.30
466018	damage	bot-81	bravo	bot-67	alpha	five_seven	bullet	20.00	31.95	-87.03	2.17	-72.61	10.69	16.75
466159	damage	bot-81	bravo	bot-67	alpha	five_seven	bullet	20.00	11.95	-87.03	2.17	-72.78	11.25	16.89
466305	kill	bot-81	bravo	bot-67	alpha	five_seven	bullet	20.00	0.00	-87.03	2.17	-72.64	11.86	17.35
466645	damage	bot-88	alpha	bot-81	bravo	five_seven	bullet	20.00	52.04	-72.04	11.03	-86.85	2.26	17.22
466893	damage	bot-48	alpha	bot-85	bravo	five_seven	bullet	20.00	60.00	-50.67	-2.27	-31.82	-2.77	18.87
467265	damage	bot-87	bravo	bot-88	alpha	five_seven	bullet	20.00	80.00	-32.82	13.06	-72.14	10.90	39.38
467418	damage	bot-87	bravo	bot-88	alpha	five_seven	bullet	20.00	60.00	-32.82	13.06	-72.24	10.81	39.48
467515	damage	bot-48	alpha	bot-85	bravo	five_seven	bullet	20.00	40.00	-50.50	-2.28	-30.21	-1.01	20.33
467609	damage	bot-87	bravo	bot-88	alpha	five_seven	bullet	20.00	40.00	-32.83	13.07	-72.62	10.40	39.88
468510	damage	bot-48	alpha	bot-87	bravo	five_seven	bullet	20.00	80.00	-50.08	-1.94	-32.37	10.80	21.81
470276	damage	bot-48	alpha	bot-83	bravo	five_seven	bullet	20.00	52.06	-49.47	-1.18	-33.13	14.72	22.80
470660	damage	bot-79	alpha	bot-89	bravo	five_seven	bullet	20.00	80.00	-32.50	-16.41	-25.57	-10.08	9.39
470831	damage	bot-79	alpha	bot-89	bravo	five_seven	bullet	20.00	60.00	-32.50	-16.41	-25.56	-10.05	9.41
471028	damage	bot-79	alpha	bot-89	bravo	five_seven	bullet	20.00	40.00	-32.50	-16.41	-25.29	-10.09	9.59
471028	damage	bot-89	bravo	bot-79	alpha	five_seven	bullet	20.00	52.30	-25.29	-10.09	-32.50	-16.41	9.59
471212	damage	bot-79	alpha	bot-89	bravo	five_seven	bullet	20.00	20.00	-32.59	-16.37	-24.87	-10.15	9.91
471405	kill	bot-79	alpha	bot-89	bravo	five_seven	bullet	20.00	0.00	-32.79	-16.28	-24.15	-10.25	10.54
471982	damage	bot-88	alpha	bot-83	bravo	five_seven	bullet	20.00	32.06	-76.43	7.58	-27.90	19.52	49.98
473419	damage	bot-81	bravo	bot-16	alpha	five_seven	bullet	20.00	7.65	-86.99	2.76	-47.54	0.33	39.52
473562	kill	bot-81	bravo	bot-16	alpha	five_seven	bullet	20.00	0.00	-86.99	2.76	-47.92	-0.10	39.17
473562	damage	bot-88	alpha	bot-83	bravo	five_seven	bullet	20.00	28.02	-75.73	8.07	-27.25	20.14	49.96
474181	damage	bot-88	alpha	bot-83	bravo	five_seven	bullet	20.00	14.01	-75.71	8.10	-27.25	20.14	49.93
474335	kill	bot-88	alpha	bot-83	bravo	five_seven	bullet	20.00	0.00	-75.71	8.10	-27.42	20.16	49.77
474844	damage	bot-81	bravo	bot-88	alpha	five_seven	bullet	20.00	52.35	-86.01	3.21	-74.94	8.57	12.30
474985	damage	bot-81	bravo	bot-88	alpha	five_seven	bullet	20.00	32.35	-86.01	3.21	-74.46	8.83	12.85
475138	damage	bot-81	bravo	bot-88	alpha	five_seven	bullet	20.00	12.35	-86.01	3.21	-73.84	9.16	13.55
475293	kill	bot-81	bravo	bot-88	alpha	five_seven	bullet	20.00	0.00	-86.01	3.21	-73.25	9.46	14.21
476580	damage	bot-81	bravo	bot-84	alpha	five_seven	bullet	20.00	80.00	-85.11	3.21	-63.01	17.72	26.43
476751	damage	bot-81	bravo	bot-84	alpha	five_seven	bullet	20.00	60.00	-85.11	3.21	-62.90	17.71	26.53
477226	damage	bot-81	bravo	bot-63	alpha	five_seven	bullet	20.00	52.28	-85.11	3.21	-59.62	-6.13	27.16
477375	damage	bot-81	bravo	bot-63	alpha	five_seven	bullet	20.00	32.28	-85.11	3.21	-58.95	-6.44	27.89
477529	damage	bot-81	bravo	bot-63	alpha	five_seven	bullet	20.00	12.28	-85.11	3.21	-58.22	-6.78	28.69
477675	kill	bot-81	bravo	bot-63	alpha	five_seven	bullet	20.00	0.00	-85.11	3.21	-57.63	-7.16	29.37
482953	damage	bot-87	bravo	bot-48	alpha	five_seven	bullet	20.00	52.09	-41.32	9.66	-60.27	-5.51	24.27
483099	damage	bot-87	bravo	bot-48	alpha	five_seven	bullet	20.00	32.09	-41.32	9.66	-60.61	-6.07	24.89
483247	damage	bot-87	bravo	bot-48	alpha	five_seven	bullet	20.00	12.09	-41.32	9.66	-60.96	-6.67	25.55
483310	kill	bot-81	bravo	bot-84	alpha	m1911	bullet	33.00	0.00	-81.62	11.42	-67.76	24.08	18.78
483396	kill	bot-87	bravo	bot-48	alpha	five_seven	bullet	20.00	0.00	-41.32	9.66	-61.31	-7.30	26.22
484173	damage	bot-79	alpha	bot-85	bravo	five_seven	bullet	20.00	63.57	-25.11	-18.59	-26.58	-9.23	9.48
485835	damage	bot-85	bravo	bot-92	alpha	cz_805_bren	bullet	24.00	54.58	-29.79	-8.82	-22.50	-11.38	7.72
486183	damage	bot-92	alpha	bot-85	bravo	cz_805_bren	bullet	24.00	29.80	-21.27	-12.66	-29.00	-7.14	9.50
486317	damage	bot-92	alpha	bot-85	bravo	cz_805_bren	bullet	24.00	5.80	-21.02	-12.90	-28.77	-6.68	9.94
486592	damage	bot-85	bravo	bot-92	alpha	cz_805_bren	bullet	24.00	30.58	-28.52	-6.20	-20.16	-13.79	11.29
486623	kill	bot-92	alpha	bot-85	bravo	cz_805_bren	bullet	24.00	0.00	-19.98	-13.98	-28.52	-6.20	11.56
487502	damage	bot-90	alpha	bot-81	bravo	m1911	bullet	33.00	39.05	-82.25	21.38	-73.76	9.46	14.64
488125	damage	bot-90	alpha	bot-81	bravo	m1911	bullet	33.00	6.05	-82.12	21.38	-75.20	7.94	15.12
488639	kill	bot-90	alpha	bot-81	bravo	m1911	bullet	33.00	0.00	-81.97	21.38	-76.85	6.16	16.06
490736	damage	bot-93	bravo	bot-75	alpha	cz_805_bren	bullet	24.00	76.00	92.49	42.87	84.62	46.09	8.51
490851	damage	bot-93	bravo	bot-75	alpha	cz_805_bren	bullet	24.00	52.00	92.49	42.87	84.92	46.08	8.23
491091	damage	bot-93	bravo	bot-75	alpha	cz_805_bren	bullet	24.00	28.00	92.49	42.87	85.86	46.94	7.78
491917	damage	bot-93	bravo	bot-69	alpha	cz_805_bren	bullet	24.00	76.00	92.46	42.65	84.11	47.81	9.82
492059	damage	bot-93	bravo	bot-69	alpha	cz_805_bren	bullet	24.00	52.00	92.46	42.65	84.11	47.82	9.82
492175	damage	bot-93	bravo	bot-69	alpha	cz_805_bren	bullet	24.00	28.00	92.46	42.65	84.00	47.84	9.93
492208	damage	bot-69	alpha	bot-93	bravo	five_seven	bullet	20.00	80.00	84.00	47.84	92.46	42.65	9.93
492317	damage	bot-93	bravo	bot-69	alpha	cz_805_bren	bullet	24.00	4.00	92.30	42.63	83.78	47.86	10.00
492378	damage	bot-69	alpha	bot-93	bravo	five_seven	bullet	20.00	60.00	83.68	47.87	92.20	42.62	10.01
492528	damage	bot-69	alpha	bot-93	bravo	five_seven	bullet	20.00	40.00	83.20	47.88	92.51	42.92	10.54
492705	kill	bot-93	bravo	bot-69	alpha	cz_805_bren	bullet	24.00	0.00	92.99	43.37	82.46	47.91	11.47
492802	damage	bot-56	alpha	bot-93	bravo	five_seven	bullet	20.00	20.00	81.04	46.19	93.25	43.62	12.48
492964	damage	bot-93	bravo	bot-56	alpha	cz_805_bren	bullet	24.00	48.29	93.73	44.09	81.04	46.20	12.86
493109	kill	bot-56	alpha	bot-93	bravo	five_seven	bullet	20.00	0.00	80.86	46.27	94.14	44.51	13.40
511175	damage	bot-92	alpha	bot-97	bravo	cz_805_bren	bullet	24.00	76.00	-12.63	-24.92	-16.49	-37.16	12.83
511262	damage	bot-97	bravo	bot-92	alpha	five_seven	bullet	20.00	11.20	-16.49	-37.17	-12.61	-24.88	12.89
511334	damage	bot-92	alpha	bot-97	bravo	cz_805_bren	bullet	24.00	52.00	-12.61	-24.88	-16.49	-37.17	12.89
511414	kill	bot-97	bravo	bot-92	alpha	five_seven	bullet	20.00	0.00	-16.48	-37.23	-12.59	-24.83	12.99
515301	damage	bot-87	bravo	bot-94	alpha	five_seven	bullet	20.00	80.00	-40.95	-10.62	-73.21	-0.08	33.94
515442	damage	bot-87	bravo	bot-94	alpha	five_seven	bullet	20.00	60.00	-40.95	-10.62	-72.81	-0.41	33.46
515613	damage	bot-87	bravo	bot-94	alpha	five_seven	bullet	20.00	40.00	-40.95	-10.62	-73.50	0.04	34.24
515768	damage	bot-87	bravo	bot-94	alpha	five_seven	bullet	20.00	20.00	-40.95	-10.62	-74.24	0.47	35.08
515923	kill	bot-87	bravo	bot-94	alpha	five_seven	bullet	20.00	0.00	-40.95	-10.62	-74.83	0.77	35.74
532374	damage	bot-87	bravo	bot-100	alpha	five_seven	bullet	20.00	80.00	-62.86	-30.31	-88.23	-1.36	38.50
533977	damage	bot-97	bravo	bot-102	alpha	m24	bullet	95.00	5.00	-29.20	-27.13	-30.09	18.90	46.04
536772	damage	bot-96	alpha	bot-91	bravo	five_seven	bullet	20.00	80.00	-85.04	-8.99	-95.63	-46.31	38.79
536932	damage	bot-96	alpha	bot-91	bravo	five_seven	bullet	20.00	60.00	-85.04	-8.99	-95.61	-45.92	38.42
537850	damage	bot-96	alpha	bot-91	bravo	five_seven	bullet	20.00	40.00	-85.04	-9.50	-92.82	-47.58	38.86
538873	damage	bot-96	alpha	bot-87	bravo	five_seven	bullet	20.00	52.80	-85.02	-10.39	-65.89	-26.31	24.89
539025	damage	bot-96	alpha	bot-87	bravo	five_seven	bullet	20.00	32.80	-85.02	-10.39	-65.34	-26.86	25.66
539173	damage	bot-96	alpha	bot-87	bravo	five_seven	bullet	20.00	12.80	-85.02	-10.39	-64.82	-27.41	26.41
539323	kill	bot-96	alpha	bot-87	bravo	five_seven	bullet	20.00	0.00	-85.02	-10.39	-64.30	-27.97	27.17
544911	damage	bot-103	bravo	bot-104	alpha	five_seven	bullet	20.00	62.62	-33.65	-13.11	-41.42	21.62	35.59
545062	damage	bot-103	bravo	bot-104	alpha	five_seven	bullet	20.00	42.62	-33.65	-13.11	-40.60	20.84	34.66
546170	kill	bot-103	bravo	bot-102	alpha	five_seven	bullet	20.00	0.00	-33.64	-12.29	-41.68	21.76	34.99
549636	damage	bot-103	bravo	bot-104	alpha	five_seven	bullet	20.00	52.32	-33.66	-5.32	-40.52	18.07	24.37
550740	damage	bot-103	bravo	bot-104	alpha	five_seven	bullet	20.00	32.32	-33.84	-4.61	-37.86	21.40	26.32
551042	damage	bot-103	bravo	bot-104	alpha	five_seven	bullet	20.00	12.32	-33.84	-4.61	-37.57	21.98	26.85
551224	kill	bot-103	bravo	bot-104	alpha	five_seven	bullet	20.00	0.00	-33.84	-4.61	-37.35	22.37	27.20
551436	damage	bot-103	bravo	bot-106	alpha	five_seven	bullet	20.00	80.00	-33.84	-4.61	-38.53	15.73	20.87
551582	damage	bot-103	bravo	bot-106	alpha	five_seven	bullet	20.00	60.00	-33.84	-4.61	-38.16	15.50	20.57
551756	damage	bot-103	bravo	bot-106	alpha	five_seven	bullet	20.00	40.00	-33.84	-4.61	-38.16	15.50	20.56
551904	damage	bot-103	bravo	bot-106	alpha	five_seven	bullet	20.00	20.00	-33.84	-4.61	-38.16	15.50	20.56
552045	kill	bot-103	bravo	bot-106	alpha	five_seven	bullet	20.00	0.00	-33.84	-4.61	-38.23	15.58	20.66
561777	damage	bot-97	bravo	bot-108	alpha	m24	bullet	95.00	5.00	-40.78	-8.99	-74.51	-39.63	45.57
577091	damage	bot-109	bravo	bot-100	alpha	cz_805_bren	bullet	24.00	48.03	-89.97	-40.41	-94.95	-11.57	29.27
577755	damage	bot-101	bravo	bot-98	alpha	cz_805_bren	bullet	24.00	76.00	-51.30	6.41	-71.62	-23.14	35.86
577873	damage	bot-101	bravo	bot-98	alpha	cz_805_bren	bullet	24.00	52.00	-51.30	6.40	-71.62	-23.14	35.86
578187	damage	bot-101	bravo	bot-98	alpha	cz_805_bren	bullet	24.00	28.00	-51.30	6.40	-71.52	-23.32	35.95
581047	damage	bot-103	bravo	bot-90	alpha	five_seven	bullet	20.00	56.92	-58.74	-7.05	-71.68	-9.58	13.18
581868	damage	bot-109	bravo	bot-100	alpha	cz_805_bren	bullet	24.00	48.31	-90.95	-36.80	-91.27	-8.13	28.68
581979	damage	bot-109	bravo	bot-100	alpha	cz_805_bren	bullet	24.00	24.31	-90.95	-36.80	-91.40	-8.01	28.79
582112	damage	bot-109	bravo	bot-100	alpha	cz_805_bren	bullet	24.00	0.31	-90.95	-36.80	-91.52	-7.89	28.91
582496	kill	bot-109	bravo	bot-100	alpha	cz_805_bren	bullet	24.00	0.00	-90.96	-36.79	-92.09	-7.35	29.46
585956	damage	bot-96	alpha	bot-99	bravo	five_seven	bullet	20.00	52.52	-87.49	-24.62	-55.60	-17.10	32.77
588070	damage	bot-109	bravo	bot-96	alpha	cz_805_bren	bullet	24.00	55.18	-92.58	-30.90	-86.97	-24.37	8.61
588679	damage	bot-103	bravo	bot-96	alpha	five_seven	bullet	20.00	35.18	-68.91	-9.44	-85.02	-24.06	21.76
589005	damage	bot-96	alpha	bot-111	bravo	five_seven	bullet	20.00	80.00	-83.68	-23.79	-83.99	-33.35	9.56
589113	damage	bot-111	bravo	bot-96	alpha	five_seven	bullet	20.00	15.18	-84.00	-33.30	-83.21	-23.76	9.57
589182	damage	bot-96	alpha	bot-111	bravo	five_seven	bullet	20.00	60.00	-83.21	-23.76	-84.00	-33.29	9.56
591919	damage	bot-109	bravo	bot-96	alpha	cz_805_bren	bullet	24.00	25.55	-91.44	-29.35	-82.32	-23.76	10.69
592063	damage	bot-109	bravo	bot-96	alpha	cz_805_bren	bullet	24.00	4.14	-91.44	-29.35	-82.32	-23.76	10.69
592199	kill	bot-109	bravo	bot-96	alpha	cz_805_bren	bullet	24.00	0.00	-91.44	-29.35	-82.32	-23.76	10.69
595782	damage	bot-103	bravo	bot-90	alpha	five_seven	bullet	20.00	10.03	-68.50	-13.63	-69.74	-5.38	8.34
595938	kill	bot-103	bravo	bot-90	alpha	five_seven	bullet	20.00	0.00	-68.50	-13.63	-69.19	-4.82	8.83
598173	damage	bot-101	bravo	bot-114	alpha	cz_805_bren	bullet	24.00	24.80	-66.55	-14.87	-71.02	-7.59	8.55
598338	damage	bot-103	bravo	bot-114	alpha	five_seven	bullet	20.00	4.80	-68.92	-13.76	-70.59	-7.15	6.82
598490	kill	bot-103	bravo	bot-114	alpha	five_seven	bullet	20.00	0.00	-68.88	-13.77	-70.18	-6.75	7.14
599221	damage	bot-110	alpha	bot-109	bravo	cz_805_bren	bullet	24.00	76.00	-96.30	8.86	-88.57	-17.42	27.39
599346	damage	bot-110	alpha	bot-109	bravo	cz_805_bren	bullet	24.00	52.00	-96.30	8.86	-88.55	-17.40	27.38
600338	damage	bot-110	alpha	bot-109	bravo	cz_805_bren	bullet	24.00	28.00	-96.68	8.88	-85.95	-19.84	30.66
600448	damage	bot-110	alpha	bot-109	bravo	cz_805_bren	bullet	24.00	4.00	-96.68	8.88	-85.50	-20.21	31.17
605241	kill	bot-105	bravo	bot-46	alpha	m24	bullet	95.00	0.00	-65.64	-14.39	-28.18	45.06	70.27
605721	damage	bot-75	alpha	bot-97	bravo	five_seven	bullet	20.00	65.32	-5.91	46.30	-18.23	18.41	30.49
605867	damage	bot-75	alpha	bot-97	bravo	five_seven	bullet	20.00	45.32	-5.91	46.30	-18.39	18.76	30.23
606152	damage	bot-75	alpha	bot-97	bravo	five_seven	bullet	20.00	25.32	-5.91	46.30	-19.04	17.97	31.22
606305	damage	bot-75	alpha	bot-97	bravo	five_seven	bullet	20.00	5.32	-5.91	46.30	-19.79	17.41	32.05
607582	damage	bot-110	alpha	bot-107	bravo	cz_805_bren	bullet	24.00	48.06	-96.11	-0.12	-93.16	-32.81	32.82
607741	damage	bot-110	alpha	bot-107	bravo	cz_805_bren	bullet	24.00	24.06	-96.11	-0.12	-93.33	-32.97	32.97
607897	damage	bot-110	alpha	bot-107	bravo	cz_805_bren	bullet	24.00	0.06	-96.11	-0.12	-93.62	-33.26	33.23
608021	kill	bot-110	alpha	bot-107	bravo	cz_805_bren	bullet	24.00	0.00	-96.11	-0.12	-94.05	-33.69	33.63
608611	damage	bot-110	alpha	bot-115	bravo	cz_805_bren	bullet	24.00	76.00	-96.10	0.05	-85.10	-32.14	34.02
608855	damage	bot-110	alpha	bot-115	bravo	cz_805_bren	bullet	24.00	52.00	-96.10	0.05	-85.10	-32.14	34.02
610926	damage	bot-110	alpha	bot-111	bravo	cz_805_bren	bullet	24.00	48.46	-95.26	-1.47	-84.07	-31.92	32.44
611045	damage	bot-110	alpha	bot-111	bravo	cz_805_bren	bullet	24.00	24.46	-95.26	-1.47	-83.56	-31.96	32.66
611178	damage	bot-110	alpha	bot-111	bravo	cz_805_bren	bullet	24.00	0.46	-95.26	-1.47	-83.23	-32.00	32.82
614532	kill	bot-58	alpha	bot-97	bravo	m24	bullet	95.00	0.00	-10.45	38.24	-20.10	16.01	24.24
614763	damage	bot-110	alpha	bot-115	bravo	cz_805_bren	bullet	24.00	48.02	-92.69	-2.55	-84.97	-33.26	31.66
618831	damage	bot-118	bravo	bot-117	alpha	cz_805_bren	bullet	24.00	76.00	-83.27	-32.09	-92.79	-1.21	32.30
618945	damage	bot-118	bravo	bot-117	alpha	cz_805_bren	bullet	24.00	52.00	-83.27	-32.08	-92.78	-1.23	32.29
619230	damage	bot-118	bravo	bot-117	alpha	cz_805_bren	bullet	24.00	28.00	-83.27	-32.08	-92.80	-0.98	32.53
619373	damage	bot-118	bravo	bot-117	alpha	cz_805_bren	bullet	24.00	4.00	-83.27	-32.08	-92.85	-0.50	33.01
619488	kill	bot-118	bravo	bot-117	alpha	cz_805_bren	bullet	24.00	0.00	-83.27	-32.08	-92.97	-0.00	33.51
619854	damage	bot-118	bravo	bot-110	alpha	cz_805_bren	bullet	24.00	54.23	-83.27	-32.08	-92.28	-9.79	24.04
620131	damage	bot-118	bravo	bot-110	alpha	cz_805_bren	bullet	24.00	30.23	-83.27	-32.08	-92.90	-8.82	25.18
620260	damage	bot-118	bravo	bot-110	alpha	cz_805_bren	bullet	24.00	6.23	-83.27	-32.08	-93.23	-8.30	25.79
620379	kill	bot-118	bravo	bot-110	alpha	cz_805_bren	bullet	24.00	0.00	-83.27	-32.08	-93.56	-7.78	26.39
622675	damage	bot-119	alpha	bot-101	bravo	five_seven	bullet	20.00	59.43	-48.50	-39.14	-67.50	-9.62	35.10
622831	damage	bot-119	alpha	bot-101	bravo	five_seven	bullet	20.00	39.43	-48.50	-39.14	-67.33	-9.46	35.15
625988	damage	bot-119	alpha	bot-105	bravo	five_seven	bullet	20.00	75.74	-49.68	-37.72	-68.59	-3.66	38.95
626152	damage	bot-119	alpha	bot-105	bravo	five_seven	bullet	20.00	55.74	-49.68	-37.72	-68.84	-3.68	39.06
626303	damage	bot-119	alpha	bot-105	bravo	five_seven	bullet	20.00	35.74	-49.68	-37.71	-68.29	-3.10	39.29
627459	kill	bot-113	bravo	bot-56	alpha	m24	bullet	95.00	0.00	46.63	47.52	-19.62	17.80	72.61
629974	damage	bot-119	alpha	bot-118	bravo	five_seven	bullet	20.00	80.00	-51.48	-34.73	-88.24	-27.95	37.38
632244	damage	bot-119	alpha	bot-109	bravo	five_seven	bullet	20.00	52.50	-52.05	-34.64	-88.45	-20.26	39.14
632670	kill	bot-121	alpha	bot-101	bravo	m24	bullet	95.00	0.00	-56.77	-31.72	-65.92	-1.14	31.92
633041	damage	bot-122	bravo	bot-58	alpha	m24	bullet	95.00	5.00	-73.00	0.38	-26.07	19.70	50.75
633880	damage	bot-119	alpha	bot-122	bravo	five_seven	bullet	20.00	80.00	-52.05	-34.64	-73.00	0.39	40.82
634031	damage	bot-119	alpha	bot-122	bravo	five_seven	bullet	20.00	60.00	-52.05	-34.64	-73.00	0.40	40.82
634242	damage	bot-119	alpha	bot-122	bravo	five_seven	bullet	20.00	40.00	-52.05	-34.64	-72.72	0.40	40.68
635077	damage	bot-119	alpha	bot-122	bravo	five_seven	bullet	20.00	20.00	-51.84	-34.63	-70.54	2.41	41.49
639117	damage	bot-119	alpha	bot-118	bravo	five_seven	bullet	20.00	60.00	-56.36	-29.41	-72.17	-26.05	16.16
640479	damage	bot-119	alpha	bot-122	bravo	five_seven	bullet	20.00	52.37	-57.21	-29.26	-72.14	5.22	37.57
640633	damage	bot-119	alpha	bot-122	bravo	five_seven	bullet	20.00	32.37	-57.21	-29.26	-72.67	5.87	38.38
640786	damage	bot-119	alpha	bot-122	bravo	five_seven	bullet	20.00	12.37	-57.21	-29.26	-73.20	6.48	39.16
640868	kill	bot-73	alpha	bot-122	bravo	cz_805_bren	bullet	24.00	0.00	-28.73	16.39	-73.49	6.83	45.77
642194	damage	bot-105	bravo	bot-121	alpha	five_seven	bullet	20.00	80.00	-61.33	-17.63	-55.00	-31.92	15.63
642369	damage	bot-105	bravo	bot-121	alpha	five_seven	bullet	20.00	60.00	-61.33	-17.63	-54.46	-32.28	16.18
642523	damage	bot-105	bravo	bot-121	alpha	five_seven	bullet	20.00	40.00	-61.33	-17.63	-53.95	-32.64	16.73
642664	damage	bot-105	bravo	bot-121	alpha	five_seven	bullet	20.00	20.00	-61.33	-17.63	-53.38	-33.04	17.34
642873	kill	bot-120	bravo	bot-121	alpha	five_seven	bullet	20.00	0.00	-88.19	-16.03	-52.62	-33.59	39.68
643486	damage	bot-120	bravo	bot-123	alpha	five_seven	bullet	20.00	23.96	-88.19	-16.03	-51.97	-31.59	39.43
645065	damage	bot-105	bravo	bot-119	alpha	five_seven	bullet	20.00	17.49	-61.30	-17.01	-59.60	-29.00	12.11
645221	kill	bot-105	bravo	bot-119	alpha	five_seven	bullet	20.00	0.00	-61.30	-17.01	-60.06	-28.54	11.60
656926	kill	bot-50	alpha	bot-111	bravo	m24	bullet	95.00	0.00	-34.09	3.43	-85.26	-14.10	54.09
663353	damage	bot-99	bravo	bot-127	alpha	cz_805_bren	bullet	24.00	45.75	-79.43	-9.65	-71.53	-44.27	35.50
663484	damage	bot-99	bravo	bot-127	alpha	cz_805_bren	bullet	24.00	21.75	-79.43	-9.65	-71.79	-44.75	35.92
664469	damage	bot-128	bravo	bot-75	alpha	five_seven	bullet	20.00	52.42	6.99	17.82	-39.86	14.30	46.98
665057	damage	bot-128	bravo	bot-75	alpha	five_seven	bullet	20.00	32.42	6.98	17.80	-42.03	13.22	49.23
666113	damage	bot-128	bravo	bot-58	alpha	five_seven	bullet	20.00	44.95	6.97	17.77	-40.23	13.38	47.40
666312	damage	bot-128	bravo	bot-58	alpha	five_seven	bullet	20.00	24.95	6.97	17.77	-40.47	13.14	47.66
666454	damage	bot-128	bravo	bot-58	alpha	five_seven	bullet	20.00	4.95	6.97	17.77	-40.95	12.69	48.18
666622	kill	bot-128	bravo	bot-58	alpha	five_seven	bullet	20.00	0.00	6.97	17.77	-41.58	12.10	48.89
667258	damage	bot-124	bravo	bot-75	alpha	cz_805_bren	bullet	24.00	19.54	-50.67	3.37	-44.83	9.62	8.55
667376	kill	bot-124	bravo	bot-75	alpha	cz_805_bren	bullet	24.00	0.00	-50.67	3.37	-44.83	9.62	8.55
667617	damage	bot-128	bravo	bot-50	alpha	five_seven	bullet	20.00	40.71	6.62	17.85	-19.92	11.10	27.38
667791	damage	bot-128	bravo	bot-50	alpha	five_seven	bullet	20.00	20.71	6.62	17.85	-20.18	11.19	27.62
667935	damage	bot-128	bravo	bot-50	alpha	five_seven	bullet	20.00	0.71	6.63	17.85	-20.68	11.36	28.06
668097	kill	bot-128	bravo	bot-50	alpha	five_seven	bullet	20.00	0.00	6.63	17.85	-21.44	11.62	28.75
668698	damage	bot-73	alpha	bot-128	bravo	cz_805_bren	bullet	24.00	76.00	-39.42	9.69	6.63	17.85	46.76
668855	damage	bot-73	alpha	bot-128	bravo	cz_805_bren	bullet	24.00	52.00	-39.42	9.69	6.65	17.87	46.79
668855	damage	bot-128	bravo	bot-73	alpha	five_seven	bullet	20.00	74.41	6.65	17.87	-39.42	9.69	46.79
668972	damage	bot-73	alpha	bot-128	bravo	cz_805_bren	bullet	24.00	28.00	-39.42	9.69	6.81	18.04	46.98
671840	damage	bot-73	alpha	bot-113	bravo	cz_805_bren	bullet	24.00	76.00	-36.60	12.55	-7.24	20.02	30.29
671977	damage	bot-73	alpha	bot-113	bravo	cz_805_bren	bullet	24.00	52.00	-36.60	12.55	-7.24	20.02	30.29
672118	damage	bot-73	alpha	bot-113	bravo	cz_805_bren	bullet	24.00	28.00	-36.60	12.55	-7.03	20.20	30.55
674529	damage	bot-73	alpha	bot-113	bravo	cz_805_bren	bullet	24.00	5.53	-34.58	13.70	-2.60	23.73	33.51
674752	kill	bot-73	alpha	bot-113	bravo	cz_805_bren	bullet	24.00	0.00	-34.58	13.70	-2.60	23.73	33.51
677596	damage	bot-128	bravo	bot-73	alpha	five_seven	bullet	20.00	54.41	8.67	23.70	-33.46	14.26	43.17
677753	damage	bot-128	bravo	bot-73	alpha	five_seven	bullet	20.00	34.41	8.67	23.70	-33.64	14.41	43.32
677902	damage	bot-128	bravo	bot-73	alpha	five_seven	bullet	20.00	14.41	8.67	23.70	-34.00	14.71	43.61
682781	damage	bot-118	bravo	bot-71	alpha	cz_805_bren	bullet	24.00	48.72	-51.93	-3.35	-43.94	22.80	27.34
687002	damage	bot-127	alpha	bot-99	bravo	five_seven	bullet	20.00	17.88	-75.43	-37.95	-77.15	-27.11	10.97
687102	damage	bot-99	bravo	bot-127	alpha	cz_805_bren	bullet	24.00	48.36	-77.23	-27.04	-75.43	-37.95	11.06
692386	damage	bot-127	alpha	bot-109	bravo	five_seven	bullet	20.00	52.50	-74.96	-41.17	-73.59	-33.66	7.63
692534	damage	bot-127	alpha	bot-109	bravo	five_seven	bullet	20.00	32.50	-74.97	-41.17	-73.96	-33.06	8.18
693492	damage	bot-109	bravo	bot-131	alpha	cz_805_bren	bullet	24.00	76.00	-76.48	-29.27	-76.07	-40.00	10.74
695718	damage	bot-118	bravo	bot-71	alpha	cz_805_bren	bullet	24.00	48.09	-48.73	18.86	-45.91	35.12	16.50
695829	damage	bot-118	bravo	bot-71	alpha	cz_805_bren	bullet	24.00	24.09	-48.73	18.85	-45.92	35.54	16.93
696568	damage	bot-126	bravo	bot-131	alpha	cz_805_bren	bullet	24.00	52.00	-75.18	-31.55	-72.51	-45.63	14.33
698004	damage	bot-118	bravo	bot-71	alpha	cz_805_bren	bullet	24.00	10.86	-47.09	19.92	-46.06	39.50	19.60
699467	damage	bot-128	bravo	bot-71	alpha	five_seven	bullet	20.00	17.20	-29.52	19.84	-46.06	39.50	25.70
699985	damage	bot-128	bravo	bot-71	alpha	five_seven	bullet	20.00	6.50	-29.61	19.82	-46.06	39.50	25.65
700144	kill	bot-128	bravo	bot-71	alpha	five_seven	bullet	20.00	0.00	-29.60	19.82	-46.06	39.50	25.66
703812	damage	bot-135	alpha	bot-115	bravo	five_seven	bullet	20.00	52.36	-72.55	-43.98	-74.79	-27.19	16.94
704290	damage	bot-135	alpha	bot-115	bravo	five_seven	bullet	20.00	32.36	-72.55	-43.98	-76.02	-26.03	18.28
704452	damage	bot-135	alpha	bot-115	bravo	five_seven	bullet	20.00	12.36	-72.55	-43.98	-76.40	-25.63	18.76
704594	kill	bot-135	alpha	bot-115	bravo	five_seven	bullet	20.00	0.00	-72.55	-43.99	-76.84	-25.25	19.23
706203	damage	bot-109	bravo	bot-135	alpha	cz_805_bren	bullet	24.00	76.00	-77.46	-28.35	-72.73	-41.17	13.66
706348	damage	bot-109	bravo	bot-135	alpha	cz_805_bren	bullet	24.00	52.00	-77.46	-28.35	-72.73	-41.17	13.66
706348	damage	bot-135	alpha	bot-109	bravo	five_seven	bullet	20.00	52.09	-72.73	-41.17	-77.46	-28.35	13.66
709759	damage	bot-109	bravo	bot-133	alpha	cz_805_bren	bullet	24.00	70.63	-81.85	-23.37	-73.83	-33.48	12.91
709898	damage	bot-109	bravo	bot-133	alpha	cz_805_bren	bullet	24.00	46.63	-81.85	-23.37	-73.92	-33.34	12.74
710018	damage	bot-109	bravo	bot-133	alpha	cz_805_bren	bullet	24.00	22.63	-81.85	-23.37	-74.02	-33.67	12.95
710018	damage	bot-133	alpha	bot-109	bravo	cz_805_bren	bullet	24.00	48.35	-74.02	-33.67	-81.85	-23.37	12.95
723573	damage	bot-128	bravo	bot-139	alpha	five_seven	bullet	20.00	80.00	-57.09	44.08	-57.41	31.17	12.92
723606	damage	bot-136	bravo	bot-139	alpha	five_seven	bullet	20.00	60.00	-52.39	45.17	-57.41	31.17	14.88
723731	damage	bot-128	bravo	bot-139	alpha	five_seven	bullet	20.00	40.00	-57.09	44.08	-57.32	30.99	13.09
723752	damage	bot-136	bravo	bot-139	alpha	five_seven	bullet	20.00	20.00	-52.38	45.17	-57.31	30.97	15.03
723824	kill	bot-134	bravo	bot-139	alpha	cz_805_bren	bullet	24.00	0.00	-62.48	43.30	-57.26	30.86	13.49
769343	damage	bot-136	bravo	bot-141	alpha	five_seven	bullet	20.00	80.00	-37.56	34.20	-4.00	45.35	35.37
769645	damage	bot-136	bravo	bot-141	alpha	five_seven	bullet	20.00	60.00	-37.57	34.20	-4.00	45.35	35.37
770043	damage	bot-125	alpha	bot-136	bravo	cz_805_bren	bullet	24.00	76.00	-5.94	45.71	-37.57	34.20	33.65
771470	kill	bot-130	bravo	bot-141	alpha	m24	bullet	95.00	0.00	-38.80	46.77	2.37	46.84	41.16
771829	damage	bot-137	alpha	bot-148	bravo	five_seven	bullet	20.00	80.00	6.28	46.03	5.74	32.96	13.08
772049	damage	bot-137	alpha	bot-148	bravo	five_seven	bullet	20.00	60.00	6.28	46.03	5.76	33.27	12.77
772513	damage	bot-136	bravo	bot-125	alpha	five_seven	bullet	20.00	80.00	-37.82	33.70	-8.09	43.49	31.30
772556	damage	bot-137	alpha	bot-142	bravo	five_seven	bullet	20.00	80.00	6.28	46.03	5.85	33.12	12.91
772735	damage	bot-136	bravo	bot-125	alpha	five_seven	bullet	20.00	60.00	-37.82	33.70	-8.68	42.98	30.59
772735	damage	bot-137	alpha	bot-142	bravo	five_seven	bullet	20.00	60.00	6.28	46.03	5.78	33.15	12.88
772857	damage	bot-142	bravo	bot-137	alpha	cz_805_bren	bullet	24.00	76.00	5.82	33.14	6.28	46.03	12.89
772876	damage	bot-136	bravo	bot-125	alpha	five_seven	bullet	20.00	40.00	-37.82	33.70	-8.44	43.31	30.92
772876	damage	bot-137	alpha	bot-142	bravo	five_seven	bullet	20.00	41.10	6.28	46.03	5.85	33.11	12.93
773020	damage	bot-136	bravo	bot-125	alpha	five_seven	bullet	20.00	20.00	-37.82	33.70	-8.14	43.61	31.29
773020	damage	bot-137	alpha	bot-142	bravo	five_seven	bullet	20.00	21.10	6.28	46.03	5.98	32.91	13.12
773020	damage	bot-142	bravo	bot-137	alpha	cz_805_bren	bullet	24.00	52.00	5.98	32.91	6.28	46.03	13.12
773167	kill	bot-136	bravo	bot-125	alpha	five_seven	bullet	20.00	0.00	-37.82	33.70	-7.82	43.93	31.70
773167	damage	bot-137	alpha	bot-142	bravo	five_seven	bullet	20.00	2.16	6.34	46.08	6.22	32.60	13.47
773167	damage	bot-142	bravo	bot-137	alpha	cz_805_bren	bullet	24.00	28.00	6.22	32.60	6.42	46.13	13.53
773315	damage	bot-142	bravo	bot-137	alpha	cz_805_bren	bullet	24.00	4.00	6.54	31.98	6.74	46.38	14.39
778261	damage	bot-127	alpha	bot-124	bravo	five_seven	bullet	20.00	23.84	-70.64	-31.28	-70.08	9.38	40.67
778423	kill	bot-133	alpha	bot-124	bravo	cz_805_bren	bullet	24.00	0.00	-75.93	-39.45	-70.31	9.66	49.43
780150	damage	bot-127	alpha	bot-132	bravo	five_seven	bullet	20.00	46.45	-70.69	-30.91	-68.60	10.13	41.09
780298	damage	bot-127	alpha	bot-132	bravo	five_seven	bullet	20.00	28.66	-70.70	-30.92	-68.60	10.13	41.11
780448	damage	bot-127	alpha	bot-132	bravo	five_seven	bullet	20.00	11.61	-70.70	-30.93	-68.60	10.13	41.11
780615	kill	bot-127	alpha	bot-132	bravo	five_seven	bullet	20.00	0.00	-70.70	-30.93	-68.60	10.13	41.11
781762	kill	bot-145	alpha	bot-105	bravo	m24	bullet	95.00	0.00	-75.98	-37.02	-67.67	11.31	49.04
790330	kill	bot-138	bravo	bot-131	alpha	m24	bullet	95.00	0.00	-17.98	44.95	-71.47	-5.64	73.62
801602	kill	bot-145	alpha	bot-136	bravo	m24	bullet	95.00	0.00	-72.42	-5.61	-33.84	29.25	52.00
805953	damage	bot-135	alpha	bot-128	bravo	five_seven	bullet	20.00	52.41	-71.60	-3.17	-33.91	29.19	49.67
806098	damage	bot-135	alpha	bot-128	bravo	five_seven	bullet	20.00	32.41	-71.60	-3.17	-34.28	29.67	49.71
806464	damage	bot-135	alpha	bot-128	bravo	five_seven	bullet	20.00	12.41	-71.60	-3.17	-35.06	30.70	49.82
806923	damage	bot-151	alpha	bot-152	bravo	five_seven	bullet	20.00	79.28	43.64	9.12	9.06	44.82	49.70
807069	damage	bot-151	alpha	bot-152	bravo	five_seven	bullet	20.00	59.28	43.64	9.12	9.12	44.75	49.61
807555	damage	bot-154	bravo	bot-133	alpha	m24	bullet	95.00	0.20	-10.97	25.85	-60.80	-6.83	59.59
808478	damage	bot-135	alpha	bot-156	bravo	five_seven	bullet	20.00	80.00	-69.73	-1.21	-62.23	8.36	12.17
808565	damage	bot-133	alpha	bot-156	bravo	cz_805_bren	bullet	24.00	56.00	-64.71	-9.29	-62.33	8.22	17.67
808627	damage	bot-135	alpha	bot-156	bravo	five_seven	bullet	20.00	36.00	-69.73	-1.21	-62.02	8.56	12.44
808785	damage	bot-135	alpha	bot-156	bravo	five_seven	bullet	20.00	16.00	-69.73	-1.21	-61.54	9.10	13.17
808947	kill	bot-133	alpha	bot-156	bravo	cz_805_bren	bullet	24.00	0.00	-65.88	-10.03	-61.02	9.69	20.30
810334	damage	bot-135	alpha	bot-130	bravo	five_seven	bullet	20.00	80.00	-68.99	-0.41	-32.03	33.23	49.97
810497	damage	bot-135	alpha	bot-130	bravo	five_seven	bullet	20.00	60.00	-68.99	-0.41	-32.03	33.23	49.97
810714	damage	bot-149	alpha	bot-146	bravo	cz_805_bren	bullet	24.00	71.91	42.70	11.88	8.85	45.54	47.74
812516	damage	bot-135	alpha	bot-134	bravo	five_seven	bullet	20.00	80.00	-67.81	1.60	-31.21	35.50	49.89
812637	damage	bot-149	alpha	bot-146	bravo	cz_805_bren	bullet	24.00	47.91	42.49	11.79	8.94	45.59	47.62
812831	damage	bot-135	alpha	bot-134	bravo	five_seven	bullet	20.00	60.00	-67.81	1.59	-30.71	35.02	49.94
813238	damage	bot-151	alpha	bot-146	bravo	five_seven	bullet	20.00	27.91	41.20	12.29	9.34	46.23	46.55
813391	damage	bot-151	alpha	bot-146	bravo	five_seven	bullet	20.00	7.91	41.20	12.29	9.36	46.28	46.57
813546	kill	bot-151	alpha	bot-146	bravo	five_seven	bullet	20.00	0.00	41.20	12.29	9.35	46.30	46.60
814830	damage	bot-149	alpha	bot-150	bravo	cz_805_bren	bullet	24.00	48.71	42.36	12.20	19.30	34.87	32.34
815063	damage	bot-149	alpha	bot-150	bravo	cz_805_bren	bullet	24.00	24.71	42.36	12.20	18.40	35.72	33.57
815180	damage	bot-149	alpha	bot-150	bravo	cz_805_bren	bullet	24.00	0.71	42.36	12.20	17.99	36.14	34.16
815297	kill	bot-149	alpha	bot-150	bravo	cz_805_bren	bullet	24.00	0.00	42.36	12.20	17.58	36.58	34.76
815917	damage	bot-151	alpha	bot-152	bravo	five_seven	bullet	20.00	52.77	41.01	12.54	9.28	46.55	46.51
816013	damage	bot-135	alpha	bot-134	bravo	five_seven	bullet	20.00	52.41	-64.97	4.95	-26.17	36.34	49.91
818869	damage	bot-151	alpha	bot-152	bravo	five_seven	bullet	20.00	52.41	37.61	15.68	9.33	46.65	41.95
820888	damage	bot-151	alpha	bot-152	bravo	five_seven	bullet	20.00	52.13	36.23	17.01	9.65	46.94	40.03
820975	damage	bot-135	alpha	bot-130	bravo	five_seven	bullet	20.00	52.12	-59.85	7.44	-28.53	35.98	42.37
821035	damage	bot-151	alpha	bot-152	bravo	five_seven	bullet	20.00	32.13	36.23	17.01	8.95	46.72	40.34
821471	damage	bot-152	bravo	bot-151	alpha	five_seven	bullet	20.00	80.00	7.00	46.76	36.17	17.07	41.62
821601	damage	bot-135	alpha	bot-130	bravo	five_seven	bullet	20.00	32.12	-59.85	7.44	-27.67	35.07	42.41
821671	damage	bot-151	alpha	bot-152	bravo	five_seven	bullet	20.00	12.13	36.17	17.07	6.21	46.77	42.19
821706	damage	bot-127	alpha	bot-148	bravo	five_seven	bullet	20.00	52.75	-57.38	7.18	-26.93	43.29	47.23
821744	damage	bot-135	alpha	bot-130	bravo	five_seven	bullet	20.00	12.12	-59.85	7.44	-27.67	35.07	42.41
821930	kill	bot-135	alpha	bot-130	bravo	five_seven	bullet	20.00	0.00	-59.85	7.44	-27.67	35.07	42.41
822000	kill	bot-151	alpha	bot-152	bravo	five_seven	bullet	20.00	0.00	36.18	17.08	5.33	46.93	42.92
822077	damage	bot-127	alpha	bot-148	bravo	five_seven	bullet	20.00	32.75	-57.38	7.18	-26.59	43.98	47.98
823196	damage	bot-135	alpha	bot-140	bravo	five_seven	bullet	20.00	80.00	-59.77	7.59	-27.60	36.20	43.05
823656	damage	bot-135	alpha	bot-140	bravo	five_seven	bullet	20.00	60.00	-59.76	7.59	-27.60	36.21	43.05
823875	damage	bot-135	alpha	bot-140	bravo	five_seven	bullet	20.00	40.00	-59.76	7.57	-27.29	36.23	43.30
824000	damage	bot-127	alpha	bot-140	bravo	five_seven	bullet	20.00	20.00	-56.54	7.67	-26.84	36.08	41.11
824000	kill	bot-143	alpha	bot-140	bravo	five_seven	bullet	20.00	0.00	-57.33	7.43	-26.71	36.04	41.90
824174	damage	bot-151	alpha	bot-154	bravo	five_seven	bullet	20.00	52.08	33.91	19.25	-9.84	31.16	45.34
824963	damage	bot-142	bravo	bot-153	alpha	cz_805_bren	bullet	24.00	46.72	-3.24	18.93	-4.14	14.18	4.84
825088	damage	bot-142	bravo	bot-153	alpha	cz_805_bren	bullet	24.00	22.72	-3.16	19.57	-4.31	13.42	6.25
825209	kill	bot-142	bravo	bot-153	alpha	cz_805_bren	bullet	24.00	0.00	-3.10	20.12	-4.45	12.76	7.48
825552	damage	bot-143	alpha	bot-138	bravo	five_seven	bullet	20.00	80.00	-56.73	7.91	-28.94	36.70	40.02
826103	damage	bot-143	alpha	bot-138	bravo	five_seven	bullet	20.00	60.00	-56.62	8.06	-28.94	36.70	39.83
826360	damage	bot-135	alpha	bot-134	bravo	five_seven	bullet	20.00	52.81	-59.34	7.81	-27.56	36.27	42.66
826515	damage	bot-135	alpha	bot-134	bravo	five_seven	bullet	20.00	32.81	-59.34	7.81	-26.81	36.31	43.25
826671	damage	bot-135	alpha	bot-134	bravo	five_seven	bullet	20.00	12.81	-59.34	7.81	-26.05	36.38	43.87
827141	damage	bot-135	alpha	bot-138	bravo	five_seven	bullet	20.00	40.00	-59.34	7.81	-26.91	35.48	42.63
827300	damage	bot-135	alpha	bot-138	bravo	five_seven	bullet	20.00	20.00	-59.34	7.81	-26.70	35.40	42.74
828987	damage	bot-160	alpha	bot-134	bravo	five_seven	bullet	20.00	12.93	-33.49	31.37	-22.79	36.39	11.82
829144	kill	bot-160	alpha	bot-134	bravo	five_seven	bullet	20.00	0.00	-33.49	31.37	-22.79	36.39	11.82
830113	damage	bot-160	alpha	bot-138	bravo	five_seven	bullet	20.00	30.90	-33.26	31.77	-24.31	34.49	9.36
830268	damage	bot-160	alpha	bot-138	bravo	five_seven	bullet	20.00	13.70	-33.26	31.77	-24.31	34.49	9.36
830431	kill	bot-160	alpha	bot-138	bravo	five_seven	bullet	20.00	0.00	-33.26	31.77	-24.31	34.49	9.36
831949	damage	bot-143	alpha	bot-142	bravo	five_seven	bullet	20.00	74.29	-51.65	14.63	-6.56	17.19	45.16
832565	damage	bot-127	alpha	bot-142	bravo	five_seven	bullet	20.00	54.29	-50.16	13.36	-6.73	17.30	43.61
832587	damage	bot-143	alpha	bot-142	bravo	five_seven	bullet	20.00	34.29	-51.41	14.79	-6.65	17.27	44.83
833220	damage	bot-127	alpha	bot-142	bravo	five_seven	bullet	20.00	14.29	-49.85	13.39	-4.70	16.60	45.26
833385	kill	bot-127	alpha	bot-142	bravo	five_seven	bullet	20.00	0.00	-49.85	13.40	-4.07	16.36	45.87
833715	damage	bot-133	alpha	bot-157	bravo	cz_805_bren	bullet	24.00	76.00	-39.03	11.08	9.63	-0.29	49.97
833828	damage	bot-133	alpha	bot-157	bravo	cz_805_bren	bullet	24.00	52.00	-39.03	11.08	9.63	-0.29	49.97
834152	damage	bot-158	alpha	bot-154	bravo	cz_805_bren	bullet	24.00	48.42	20.04	29.87	-6.77	31.67	26.87
834418	kill	bot-133	alpha	bot-154	bravo	cz_805_bren	bullet	24.00	0.00	-38.95	11.13	-7.21	32.11	38.04
834887	damage	bot-158	alpha	bot-159	bravo	cz_805_bren	bullet	24.00	76.00	20.02	29.71	10.44	3.68	27.73
835248	damage	bot-133	alpha	bot-159	bravo	cz_805_bren	bullet	24.00	52.00	-38.52	11.41	9.86	2.05	49.27
836803	damage	bot-159	bravo	bot-149	alpha	five_seven	bullet	20.00	48.14	11.96	-3.02	6.55	27.51	31.01
838946	damage	bot-133	alpha	bot-157	bravo	cz_805_bren	bullet	24.00	48.05	-34.30	10.53	10.18	-4.76	47.04
842407	damage	bot-143	alpha	bot-161	bravo	five_seven	bullet	20.00	80.00	-32.02	14.85	6.70	-5.89	43.93
845631	damage	bot-135	alpha	bot-161	bravo	five_seven	bullet	20.00	60.00	-26.35	10.86	5.80	-5.22	35.95
845679	damage	bot-143	alpha	bot-161	bravo	five_seven	bullet	20.00	40.00	-29.90	13.83	5.94	-5.35	40.65
848291	damage	bot-149	alpha	bot-157	bravo	cz_805_bren	bullet	24.00	71.25	12.03	21.12	7.54	-6.22	27.70
848441	damage	bot-149	alpha	bot-157	bravo	cz_805_bren	bullet	24.00	47.25	12.03	21.12	7.91	-6.58	28.00
849121	damage	bot-135	alpha	bot-163	bravo	five_seven	bullet	20.00	80.00	-22.37	10.32	11.51	-3.10	36.44
849254	damage	bot-143	alpha	bot-163	bravo	five_seven	bullet	20.00	60.00	-26.81	12.55	11.70	-2.90	41.50
849312	damage	bot-127	alpha	bot-163	bravo	five_seven	bullet	20.00	40.00	-19.35	10.43	11.75	-2.84	33.82
849312	damage	bot-135	alpha	bot-163	bravo	five_seven	bullet	20.00	20.00	-22.37	10.32	11.75	-2.84	36.58
849312	kill	bot-158	alpha	bot-163	bravo	cz_805_bren	bullet	24.00	0.00	14.33	16.25	11.75	-2.84	19.27
849979	damage	bot-143	alpha	bot-161	bravo	five_seven	bullet	20.00	20.12	-26.49	12.42	13.81	-12.77	47.52
850383	damage	bot-160	alpha	bot-159	bravo	five_seven	bullet	20.00	12.01	-13.54	23.69	11.98	-10.95	43.02
850532	kill	bot-160	alpha	bot-159	bravo	five_seven	bullet	20.00	0.00	-13.54	23.69	11.98	-10.95	43.02
851401	damage	bot-160	alpha	bot-161	bravo	five_seven	bullet	20.00	25.28	-13.49	23.22	13.79	-12.73	45.13
851545	damage	bot-160	alpha	bot-161	bravo	five_seven	bullet	20.00	7.81	-13.49	23.22	13.79	-12.73	45.13
851719	kill	bot-160	alpha	bot-161	bravo	five_seven	bullet	20.00	0.00	-13.48	23.22	13.79	-12.73	45.13
860357	damage	bot-165	bravo	bot-162	alpha	cz_805_bren	bullet	24.00	71.31	6.19	23.64	-4.26	14.00	14.22
860612	damage	bot-165	bravo	bot-162	alpha	cz_805_bren	bullet	24.00	47.31	6.19	23.64	-4.02	12.84	14.86
861692	damage	bot-165	bravo	bot-160	alpha	cz_805_bren	bullet	24.00	37.38	6.85	24.27	-9.07	15.94	17.97
861804	damage	bot-165	bravo	bot-160	alpha	cz_805_bren	bullet	24.00	13.38	6.85	24.27	-9.64	15.98	18.46
867487	damage	bot-166	alpha	bot-165	bravo	cz_805_bren	bullet	24.00	76.00	17.78	1.12	-0.31	23.00	28.39
867632	damage	bot-166	alpha	bot-165	bravo	cz_805_bren	bullet	24.00	52.00	17.78	1.12	-0.68	22.82	28.49
867793	damage	bot-166	alpha	bot-165	bravo	cz_805_bren	bullet	24.00	28.00	17.78	1.12	-0.74	23.02	28.69
867909	damage	bot-166	alpha	bot-165	bravo	cz_805_bren	bullet	24.00	4.00	17.78	1.12	-0.84	23.25	28.92
868169	kill	bot-166	alpha	bot-165	bravo	cz_805_bren	bullet	24.00	0.00	17.78	1.12	-0.95	23.53	29.21
871882	damage	bot-167	bravo	bot-166	alpha	five_seven	bullet	20.00	47.80	47.80	-42.73	19.01	-3.78	48.43
872046	damage	bot-167	bravo	bot-166	alpha	five_seven	bullet	20.00	27.80	47.80	-42.73	19.02	-3.53	48.62
872913	damage	bot-167	bravo	bot-151	alpha	five_seven	bullet	20.00	52.20	47.75	-42.74	15.18	-12.31	44.58
873283	damage	bot-167	bravo	bot-151	alpha	five_seven	bullet	20.00	32.20	47.75	-42.74	14.12	-12.17	45.45
875676	damage	bot-167	bravo	bot-149	alpha	five_seven	bullet	20.00	52.43	47.04	-42.39	14.71	-11.75	44.54
875738	damage	bot-127	alpha	bot-167	bravo	five_seven	bullet	20.00	80.00	15.33	-16.31	47.04	-42.39	41.06
876797	damage	bot-167	bravo	bot-127	alpha	five_seven	bullet	20.00	52.38	47.01	-42.37	14.26	-12.98	44.01
880130	kill	bot-168	bravo	bot-158	alpha	m24	bullet	95.00	0.00	46.00	-41.12	7.42	8.46	62.82
881899	damage	bot-167	bravo	bot-166	alpha	five_seven	bullet	20.00	52.47	42.50	-39.28	18.69	-2.88	43.49
882062	damage	bot-167	bravo	bot-166	alpha	five_seven	bullet	20.00	32.47	42.50	-39.28	18.63	-2.67	43.70
882090	damage	bot-166	alpha	bot-167	bravo	cz_805_bren	bullet	24.00	56.00	18.63	-2.67	42.50	-39.28	43.70
885658	damage	bot-151	alpha	bot-167	bravo	five_seven	bullet	20.00	52.01	14.37	-12.35	46.69	-39.07	41.94
888268	damage	bot-151	alpha	bot-168	bravo	five_seven	bullet	20.00	80.00	14.76	-13.05	45.92	-41.03	41.88
888427	damage	bot-151	alpha	bot-168	bravo	five_seven	bullet	20.00	60.00	14.75	-13.05	45.92	-41.03	41.88
888581	damage	bot-151	alpha	bot-168	bravo	five_seven	bullet	20.00	40.00	14.75	-13.05	45.87	-41.27	42.01
888742	damage	bot-151	alpha	bot-168	bravo	five_seven	bullet	20.00	20.00	14.75	-13.05	45.78	-41.77	42.28
888892	kill	bot-151	alpha	bot-168	bravo	five_seven	bullet	20.00	0.00	14.75	-13.05	45.64	-42.58	42.73
890204	damage	bot-151	alpha	bot-167	bravo	five_seven	bullet	20.00	52.03	14.98	-13.30	43.25	-43.73	41.54
890506	damage	bot-151	alpha	bot-167	bravo	five_seven	bullet	20.00	32.03	14.98	-13.30	43.50	-44.23	42.08
895103	damage	bot-166	alpha	bot-167	bravo	cz_805_bren	bullet	24.00	48.19	22.53	-4.68	46.17	-48.56	49.84
896339	damage	bot-167	bravo	bot-127	alpha	five_seven	bullet	20.00	52.36	41.34	-48.62	26.71	-25.08	27.71
896528	damage	bot-167	bravo	bot-127	alpha	five_seven	bullet	20.00	32.36	41.34	-48.62	26.81	-24.81	27.89
897960	damage	bot-151	alpha	bot-167	bravo	five_seven	bullet	20.00	49.61	23.64	-21.44	41.35	-48.60	32.42
898109	damage	bot-151	alpha	bot-167	bravo	five_seven	bullet	20.00	32.01	23.64	-21.44	41.36	-48.60	32.42
898276	damage	bot-151	alpha	bot-167	bravo	five_seven	bullet	20.00	14.91	23.64	-21.45	41.36	-48.60	32.42
898454	kill	bot-151	alpha	bot-167	bravo	five_seven	bullet	20.00	0.00	23.64	-21.45	41.36	-48.59	32.41
932897	damage	bot-162	alpha	bot-169	bravo	m24	bullet	95.00	5.00	47.93	-7.83	-8.98	18.08	62.53
940032	damage	bot-160	alpha	bot-173	bravo	five_seven	bullet	20.00	80.00	23.20	5.34	3.01	19.98	24.93
941175	damage	bot-135	alpha	bot-169	bravo	five_seven	bullet	20.00	75.07	30.65	4.68	-11.44	18.86	44.41
941667	damage	bot-160	alpha	bot-171	bravo	five_seven	bullet	20.00	80.00	21.85	5.37	-3.39	23.31	30.97
941825	damage	bot-160	alpha	bot-171	bravo	five_seven	bullet	20.00	60.00	21.85	5.37	-3.84	23.59	31.49
941859	damage	bot-143	alpha	bot-171	bravo	five_seven	bullet	20.00	40.00	19.82	6.14	-3.95	23.67	29.54
941980	damage	bot-160	alpha	bot-171	bravo	five_seven	bullet	20.00	20.00	21.85	5.39	-4.34	23.95	32.10
942012	kill	bot-143	alpha	bot-171	bravo	five_seven	bullet	20.00	0.00	19.82	6.14	-4.41	24.00	30.10
942130	damage	bot-135	alpha	bot-172	bravo	five_seven	bullet	20.00	80.00	30.21	4.80	-10.35	19.21	43.04
942130	damage	bot-172	bravo	bot-135	alpha	five_seven	bullet	20.00	52.10	-10.35	19.21	30.21	4.80	43.04
942229	damage	bot-160	alpha	bot-173	bravo	five_seven	bullet	20.00	19.43	21.85	5.39	-1.24	25.14	30.39
942273	kill	bot-143	alpha	bot-173	bravo	five_seven	bullet	20.00	0.00	19.82	6.14	-1.35	25.34	28.58
943142	damage	bot-172	bravo	bot-160	alpha	five_seven	bullet	20.00	52.89	-9.91	19.32	23.68	4.20	36.84
943292	damage	bot-172	bravo	bot-160	alpha	five_seven	bullet	20.00	32.89	-9.91	19.32	24.14	3.85	37.40
943663	damage	bot-172	bravo	bot-160	alpha	five_seven	bullet	20.00	12.89	-9.91	19.32	25.31	2.93	38.85
943842	kill	bot-172	bravo	bot-160	alpha	five_seven	bullet	20.00	0.00	-9.91	19.32	25.89	2.46	39.58
956185	damage	bot-143	alpha	bot-176	bravo	five_seven	bullet	20.00	80.00	11.78	9.23	-29.08	-8.72	44.64
956330	kill	bot-162	alpha	bot-169	bravo	m24	bullet	95.00	0.00	27.51	2.87	-13.65	25.89	47.16
958337	damage	bot-176	bravo	bot-143	alpha	five_seven	bullet	20.00	80.00	-27.83	-8.68	9.54	7.83	40.86
958496	damage	bot-176	bravo	bot-143	alpha	five_seven	bullet	20.00	60.00	-27.83	-8.68	9.53	7.71	40.80
958666	damage	bot-176	bravo	bot-143	alpha	five_seven	bullet	20.00	40.00	-27.83	-8.68	9.73	7.90	41.06
958817	damage	bot-176	bravo	bot-143	alpha	five_seven	bullet	20.00	20.00	-27.83	-8.68	10.07	8.26	41.51
958969	kill	bot-176	bravo	bot-143	alpha	five_seven	bullet	20.00	0.00	-27.83	-8.68	10.60	8.82	42.23
960329	damage	bot-176	bravo	bot-133	alpha	five_seven	bullet	20.00	75.49	-27.04	-8.73	5.24	12.76	38.79
960365	damage	bot-133	alpha	bot-176	bravo	cz_805_bren	bullet	24.00	56.00	5.24	12.76	-27.04	-8.73	38.79
960475	damage	bot-133	alpha	bot-176	bravo	cz_805_bren	bullet	24.00	32.00	5.24	12.76	-27.09	-8.86	38.90
960475	damage	bot-176	bravo	bot-133	alpha	five_seven	bullet	20.00	55.49	-27.09	-8.86	5.24	12.76	38.90
960588	damage	bot-133	alpha	bot-176	bravo	cz_805_bren	bullet	24.00	8.00	5.30	12.82	-27.15	-8.99	39.11
968389	damage	bot-176	bravo	bot-147	alpha	m1911	bullet	33.00	67.00	-31.58	-13.29	7.65	2.01	42.11
969081	damage	bot-176	bravo	bot-147	alpha	m1911	bullet	33.00	34.00	-31.50	-13.27	7.61	1.94	41.96
1021255	damage	bot-185	bravo	bot-179	alpha	cz_805_bren	bullet	24.00	76.00	-65.85	39.95	-64.95	42.59	2.80
1021760	damage	bot-179	alpha	bot-185	bravo	cz_805_bren	bullet	24.00	76.00	-65.97	43.48	-66.86	38.94	4.63
1021934	damage	bot-179	alpha	bot-185	bravo	cz_805_bren	bullet	24.00	52.00	-66.34	43.80	-67.14	38.60	5.27
1022077	damage	bot-179	alpha	bot-185	bravo	cz_805_bren	bullet	24.00	28.00	-66.88	44.27	-67.61	38.12	6.19
1022273	damage	bot-185	bravo	bot-179	alpha	cz_805_bren	bullet	24.00	52.00	-68.32	37.87	-67.10	44.11	6.37
1023256	damage	bot-179	alpha	bot-185	bravo	cz_805_bren	bullet	24.00	4.00	-71.63	43.93	-72.43	36.68	7.30
1023393	kill	bot-164	alpha	bot-185	bravo	cz_805_bren	bullet	24.00	0.00	-82.18	37.50	-73.07	36.51	9.16
1075548	damage	bot-189	bravo	bot-179	alpha	cz_805_bren	bullet	24.00	48.04	-68.44	-43.17	-91.39	1.19	49.94
1081187	damage	bot-189	bravo	bot-179	alpha	cz_805_bren	bullet	24.00	48.82	-71.89	-35.45	-92.32	1.84	42.52
1083293	damage	bot-190	bravo	bot-177	alpha	five_seven	bullet	20.00	80.00	-73.52	-37.30	-90.99	1.50	42.54
1083460	damage	bot-190	bravo	bot-177	alpha	five_seven	bullet	20.00	60.00	-73.52	-37.30	-90.99	1.50	42.54
1083619	damage	bot-190	bravo	bot-177	alpha	five_seven	bullet	20.00	40.00	-73.52	-37.30	-91.17	1.66	42.77
1083894	kill	bot-189	bravo	bot-164	alpha	cz_805_bren	bullet	24.00	0.00	-73.13	-33.48	-89.95	-10.68	28.33
1090368	kill	bot-191	bravo	bot-179	alpha	m24	bullet	95.00	0.00	-71.22	-34.90	-91.35	0.04	40.32
1097198	kill	bot-177	alpha	bot-189	bravo	m24	bullet	95.00	0.00	-90.70	-0.18	-72.60	-26.95	32.31
1099891	damage	bot-187	bravo	bot-192	alpha	m24	bullet	95.00	5.00	-87.50	-29.62	-44.79	5.16	55.07
1112812	damage	bot-197	bravo	bot-196	alpha	five_seven	bullet	20.00	80.00	-54.81	4.21	-51.39	-4.34	9.21
1113922	damage	bot-190	bravo	bot-195	alpha	five_seven	bullet	20.00	80.00	-75.35	-21.00	-91.69	1.65	27.93
1114068	damage	bot-190	bravo	bot-195	alpha	five_seven	bullet	20.00	60.00	-75.35	-21.00	-91.59	1.52	27.76
1114093	damage	bot-197	bravo	bot-196	alpha	five_seven	bullet	20.00	60.00	-55.23	4.22	-53.50	-4.93	9.31
1114291	damage	bot-190	bravo	bot-195	alpha	five_seven	bullet	20.00	40.00	-75.35	-21.00	-91.82	1.78	28.11
1114291	damage	bot-197	bravo	bot-196	alpha	five_seven	bullet	20.00	40.00	-55.23	4.22	-53.75	-5.37	9.71
1114524	damage	bot-190	bravo	bot-195	alpha	five_seven	bullet	20.00	20.00	-75.35	-21.00	-92.35	2.39	28.91
1114524	damage	bot-197	bravo	bot-196	alpha	five_seven	bullet	20.00	20.00	-55.23	4.22	-54.07	-6.08	10.37
1114638	damage	bot-196	alpha	bot-197	bravo	m1911	bullet	33.00	67.00	-54.11	-6.19	-55.23	4.22	10.47
1114764	kill	bot-197	bravo	bot-196	alpha	five_seven	bullet	20.00	0.00	-55.23	4.22	-54.31	-6.60	10.87
1115146	kill	bot-190	bravo	bot-195	alpha	five_seven	bullet	20.00	0.00	-75.35	-21.00	-93.70	4.09	31.08
1116703	damage	bot-190	bravo	bot-166	alpha	five_seven	bullet	20.00	52.72	-75.90	-20.49	-93.25	2.70	28.96
1116850	damage	bot-190	bravo	bot-166	alpha	five_seven	bullet	20.00	32.72	-75.90	-20.49	-93.38	2.92	29.22
1117046	damage	bot-190	bravo	bot-166	alpha	five_seven	bullet	20.00	12.72	-75.90	-20.49	-93.73	3.49	29.88
1117195	kill	bot-190	bravo	bot-166	alpha	five_seven	bullet	20.00	0.00	-75.90	-20.49	-94.11	4.10	30.60
1118539	damage	bot-149	alpha	bot-197	bravo	cz_805_bren	bullet	24.00	43.00	-81.70	11.22	-52.49	-2.72	32.37
1121674	damage	bot-190	bravo	bot-155	alpha	m1911	bullet	33.00	67.00	-75.96	-20.79	-90.68	-0.11	25.39
1122077	damage	bot-190	bravo	bot-155	alpha	m1911	bullet	33.00	34.00	-75.96	-20.79	-90.68	-0.11	25.39
1122437	damage	bot-190	bravo	bot-155	alpha	m1911	bullet	33.00	1.00	-75.96	-20.79	-91.28	0.57	26.29
1122784	kill	bot-190	bravo	bot-155	alpha	m1911	bullet	33.00	0.00	-75.96	-20.79	-92.68	1.69	28.02
1126255	damage	bot-190	bravo	bot-170	alpha	m1911	bullet	33.00	67.00	-74.50	-25.63	-68.86	15.12	41.13
1126616	damage	bot-190	bravo	bot-170	alpha	m1911	bullet	33.00	34.00	-74.50	-25.63	-68.57	14.87	40.92
1126718	damage	bot-149	alpha	bot-194	bravo	cz_805_bren	bullet	24.00	76.00	-77.26	5.96	-52.50	3.61	24.87
1126830	damage	bot-149	alpha	bot-194	bravo	cz_805_bren	bullet	24.00	52.00	-77.26	5.96	-52.28	3.57	25.09
1126957	damage	bot-190	bravo	bot-170	alpha	m1911	bullet	33.00	1.00	-74.50	-25.63	-67.94	15.57	41.72
1127071	damage	bot-149	alpha	bot-194	bravo	cz_805_bren	bullet	24.00	28.00	-77.26	5.96	-51.08	3.49	26.29
1127197	damage	bot-149	alpha	bot-194	bravo	cz_805_bren	bullet	24.00	4.00	-77.26	5.96	-50.66	3.46	26.71
1127369	kill	bot-190	bravo	bot-170	alpha	m1911	bullet	33.00	0.00	-74.50	-25.63	-66.71	17.02	43.35
1127512	damage	bot-194	bravo	bot-192	alpha	cz_805_bren	bullet	24.00	48.49	-49.58	3.59	-39.74	2.45	9.91
1128051	damage	bot-133	alpha	bot-197	bravo	cz_805_bren	bullet	24.00	48.31	-38.29	42.23	-51.54	-2.82	46.96
1128633	damage	bot-194	bravo	bot-198	alpha	cz_805_bren	bullet	24.00	76.00	-48.41	4.29	-41.66	2.95	6.88
1128928	damage	bot-194	bravo	bot-198	alpha	cz_805_bren	bullet	24.00	52.00	-47.85	4.25	-41.66	2.95	6.33
1129059	damage	bot-192	alpha	bot-186	bravo	cz_805_bren	bullet	24.00	72.60	-36.86	-0.63	-84.79	-10.77	48.99
1129059	damage	bot-194	bravo	bot-198	alpha	cz_805_bren	bullet	24.00	28.00	-47.64	4.25	-41.48	2.77	6.33
1129252	kill	bot-198	alpha	bot-194	bravo	cz_805_bren	bullet	24.00	0.00	-41.12	2.41	-47.09	4.20	6.23
1134350	damage	bot-190	bravo	bot-151	alpha	m1911	bullet	33.00	11.72	-75.26	-19.98	-96.47	6.68	34.06
1134830	kill	bot-190	bravo	bot-151	alpha	m1911	bullet	33.00	0.00	-75.26	-19.98	-96.47	6.68	34.06
1136701	damage	bot-192	alpha	bot-199	bravo	cz_805_bren	bullet	24.00	76.00	-32.67	3.08	-6.35	20.10	31.35
1137380	damage	bot-190	bravo	bot-149	alpha	m1911	bullet	33.00	62.10	-74.13	-17.62	-73.25	-0.26	17.38
1138431	damage	bot-190	bravo	bot-198	alpha	m1911	bullet	33.00	39.13	-74.13	-17.62	-45.69	5.04	36.36
1138808	damage	bot-190	bravo	bot-198	alpha	m1911	bullet	33.00	6.13	-74.13	-17.62	-45.21	4.57	36.45
1140532	damage	bot-133	alpha	bot-188	bravo	cz_805_bren	bullet	24.00	71.03	-36.43	26.53	-71.73	-6.65	48.45
1140710	damage	bot-133	alpha	bot-188	bravo	cz_805_bren	bullet	24.00	47.03	-36.43	26.53	-71.73	-6.65	48.45
1140778	damage	bot-135	alpha	bot-188	bravo	five_seven	bullet	20.00	27.03	-34.85	25.61	-71.91	-6.84	49.27
1141368	damage	bot-192	alpha	bot-201	bravo	cz_805_bren	bullet	24.00	1.85	-30.36	5.10	-4.80	22.67	31.02
1141580	kill	bot-192	alpha	bot-201	bravo	cz_805_bren	bullet	24.00	0.00	-30.36	5.10	-4.46	22.88	31.42
1141818	damage	bot-188	bravo	bot-149	alpha	cz_805_bren	bullet	24.00	38.10	-73.61	-8.56	-70.44	0.07	9.19
1141916	damage	bot-149	alpha	bot-188	bravo	cz_805_bren	bullet	24.00	3.03	-70.68	0.09	-73.94	-8.92	9.58
1142019	damage	bot-188	bravo	bot-149	alpha	cz_805_bren	bullet	24.00	14.10	-74.09	-9.07	-71.12	0.12	9.66
1142143	kill	bot-149	alpha	bot-188	bravo	cz_805_bren	bullet	24.00	0.00	-71.12	0.12	-74.27	-9.27	9.90
1142318	kill	bot-192	alpha	bot-199	bravo	cz_805_bren	bullet	24.00	0.00	-30.41	5.13	-2.88	22.68	32.65
1148765	damage	bot-190	bravo	bot-192	alpha	m1911	bullet	33.00	39.21	-77.17	-7.25	-36.05	5.45	43.04
1153102	damage	bot-192	alpha	bot-190	bravo	cz_805_bren	bullet	24.00	48.01	-32.17	9.21	-73.48	-4.74	43.60
1153217	damage	bot-192	alpha	bot-190	bravo	cz_805_bren	bullet	24.00	24.01	-32.17	9.21	-73.93	-5.18	44.17
1153331	damage	bot-192	alpha	bot-190	bravo	cz_805_bren	bullet	24.00	0.01	-32.17	9.21	-74.37	-5.61	44.72
1153468	kill	bot-192	alpha	bot-190	bravo	cz_805_bren	bullet	24.00	0.00	-32.17	9.21	-74.87	-6.09	45.36
1154316	damage	bot-133	alpha	bot-193	bravo	cz_805_bren	bullet	24.00	76.00	-49.18	17.67	-70.67	-27.46	49.98
1154500	damage	bot-133	alpha	bot-193	bravo	cz_805_bren	bullet	24.00	52.00	-49.18	17.67	-70.66	-27.46	49.98
1154500	kill	bot-145	alpha	bot-193	bravo	m24	bullet	95.00	0.00	-45.31	23.17	-70.66	-27.46	56.62
1154832	damage	bot-205	bravo	bot-135	alpha	five_seven	bullet	20.00	52.57	-1.03	26.02	-39.35	11.02	41.15
1154992	damage	bot-205	bravo	bot-135	alpha	five_seven	bullet	20.00	32.57	-1.02	26.03	-39.76	10.82	41.62
1155147	damage	bot-205	bravo	bot-135	alpha	five_seven	bullet	20.00	12.57	-1.02	26.05	-40.18	10.49	42.14
1156803	damage	bot-205	bravo	bot-204	alpha	five_seven	bullet	20.00	80.00	-1.64	25.52	-42.02	12.55	42.42
1156951	damage	bot-192	alpha	bot-203	bravo	cz_805_bren	bullet	24.00	76.00	-35.50	8.38	-6.85	18.59	30.42
1157117	damage	bot-203	bravo	bot-147	alpha	cz_805_bren	bullet	24.00	48.32	-6.89	18.60	-50.07	12.90	43.56
1157201	damage	bot-192	alpha	bot-203	bravo	cz_805_bren	bullet	24.00	52.00	-35.50	8.38	-6.87	18.60	30.40
1157321	damage	bot-192	alpha	bot-203	bravo	cz_805_bren	bullet	24.00	28.00	-35.50	8.38	-6.76	18.78	30.56
1157460	damage	bot-192	alpha	bot-203	bravo	cz_805_bren	bullet	24.00	4.00	-35.50	8.38	-6.64	18.97	30.75
1157571	kill	bot-192	alpha	bot-203	bravo	cz_805_bren	bullet	24.00	0.00	-35.50	8.38	-6.28	19.57	31.29
1157571	damage	bot-204	alpha	bot-205	bravo	m24	bullet	95.00	5.00	-41.98	12.55	-1.89	25.20	42.04
1164188	damage	bot-205	bravo	bot-204	alpha	five_seven	bullet	20.00	60.00	2.89	30.15	-34.52	13.99	40.76
1164411	damage	bot-205	bravo	bot-204	alpha	five_seven	bullet	20.00	40.00	2.89	30.15	-34.75	13.91	41.00
1164461	damage	bot-192	alpha	bot-148	bravo	cz_805_bren	bullet	24.00	48.22	-39.69	5.15	0.44	23.18	44.00
1164692	damage	bot-192	alpha	bot-148	bravo	cz_805_bren	bullet	24.00	24.22	-39.69	5.15	1.04	23.80	44.80
1165140	damage	bot-192	alpha	bot-148	bravo	cz_805_bren	bullet	24.00	0.22	-39.69	5.15	2.05	24.75	46.11
1165422	kill	bot-192	alpha	bot-148	bravo	cz_805_bren	bullet	24.00	0.00	-39.69	5.15	2.56	25.22	46.77
1165762	damage	bot-186	bravo	bot-149	alpha	five_seven	bullet	20.00	75.92	-74.97	-6.27	-75.50	-1.62	4.67
1165910	damage	bot-186	bravo	bot-149	alpha	five_seven	bullet	20.00	55.92	-74.97	-6.27	-75.50	-1.62	4.67
1166243	damage	bot-147	alpha	bot-206	bravo	cz_805_bren	bullet	24.00	32.39	-43.41	14.85	-2.03	23.39	42.25
1166366	damage	bot-147	alpha	bot-206	bravo	cz_805_bren	bullet	24.00	8.39	-43.40	14.85	-1.62	23.63	42.69
1166464	damage	bot-200	alpha	bot-205	bravo	cz_805_bren	bullet	24.00	48.32	-19.78	17.68	0.78	26.70	22.46
1166496	kill	bot-147	alpha	bot-206	bravo	cz_805_bren	bullet	24.00	0.00	-43.40	14.85	-1.31	23.80	43.03
1167045	kill	bot-162	alpha	bot-205	bravo	m24	bullet	95.00	0.00	-33.00	11.37	2.13	27.72	38.75
1169370	damage	bot-186	bravo	bot-147	alpha	five_seven	bullet	20.00	52.60	-73.93	-5.05	-36.53	15.26	42.56
1171719	damage	bot-186	bravo	bot-133	alpha	five_seven	bullet	20.00	52.58	-73.37	-4.77	-52.88	13.72	27.61
1171867	damage	bot-186	bravo	bot-133	alpha	five_seven	bullet	20.00	32.58	-73.37	-4.77	-52.42	14.17	28.25
1172013	damage	bot-186	bravo	bot-133	alpha	five_seven	bullet	20.00	12.58	-73.37	-4.77	-51.97	14.65	28.90
1172159	kill	bot-186	bravo	bot-133	alpha	five_seven	bullet	20.00	0.00	-73.37	-4.77	-51.49	15.15	29.59
1172832	damage	bot-186	bravo	bot-127	alpha	five_seven	bullet	20.00	16.47	-73.32	-4.76	-47.74	18.98	34.90
1173400	damage	bot-186	bravo	bot-204	alpha	five_seven	bullet	20.00	75.05	-73.32	-4.77	-38.69	13.01	38.93
1173450	damage	bot-149	alpha	bot-186	bravo	cz_805_bren	bullet	24.00	48.60	-79.70	-1.54	-73.32	-4.77	7.14
1173570	damage	bot-149	alpha	bot-186	bravo	cz_805_bren	bullet	24.00	24.60	-79.70	-1.54	-73.17	-4.93	7.35
1175672	damage	bot-200	alpha	bot-208	bravo	cz_805_bren	bullet	24.00	76.00	-8.58	21.56	1.91	21.44	10.49
1175795	damage	bot-200	alpha	bot-208	bravo	cz_805_bren	bullet	24.00	52.00	-8.58	21.55	2.07	21.63	10.66
1175910	damage	bot-200	alpha	bot-208	bravo	cz_805_bren	bullet	24.00	28.00	-8.58	21.55	2.29	21.08	10.89
1186690	damage	bot-186	bravo	bot-149	alpha	five_seven	bullet	20.00	53.33	-75.44	-4.53	-70.90	-0.04	6.39
1191561	damage	bot-135	alpha	bot-186	bravo	five_seven	bullet	20.00	52.09	-32.10	18.53	-74.69	-4.61	48.48
1194272	damage	bot-212	bravo	bot-127	alpha	five_seven	bullet	20.00	52.03	-83.76	-4.49	-65.62	13.17	25.32
1197397	kill	bot-212	bravo	bot-149	alpha	five_seven	bullet	20.00	0.00	-82.06	-4.41	-76.16	3.92	10.20
1199381	damage	bot-211	alpha	bot-174	bravo	five_seven	bullet	20.00	80.00	1.94	27.43	47.64	47.69	49.99
1199559	damage	bot-211	alpha	bot-174	bravo	five_seven	bullet	20.00	60.00	1.94	27.43	47.63	47.70	49.98
1199751	damage	bot-211	alpha	bot-174	bravo	five_seven	bullet	20.00	40.00	1.94	27.43	47.41	47.85	49.85
1202657	damage	bot-135	alpha	bot-186	bravo	five_seven	bullet	20.00	50.34	-46.12	16.38	-74.16	-5.05	35.29
1202805	damage	bot-135	alpha	bot-186	bravo	five_seven	bullet	20.00	30.34	-46.12	16.38	-74.70	-5.56	36.03
1203289	damage	bot-207	alpha	bot-213	bravo	cz_805_bren	bullet	24.00	76.00	-66.85	-1.88	-78.50	-2.63	11.68
1203420	damage	bot-207	alpha	bot-213	bravo	cz_805_bren	bullet	24.00	52.00	-66.85	-1.88	-78.50	-2.63	11.68
1203528	damage	bot-135	alpha	bot-213	bravo	five_seven	bullet	20.00	32.00	-46.24	16.34	-78.63	-2.76	37.60
1203543	damage	bot-147	alpha	bot-213	bravo	cz_805_bren	bullet	24.00	8.00	-54.95	10.18	-78.65	-2.78	27.01
1203543	kill	bot-207	alpha	bot-213	bravo	cz_805_bren	bullet	24.00	0.00	-66.85	-1.88	-78.65	-2.78	11.84
1204631	damage	bot-202	alpha	bot-212	bravo	five_seven	bullet	20.00	80.00	-81.32	7.05	-80.60	-4.16	11.23
1204681	damage	bot-212	bravo	bot-202	alpha	five_seven	bullet	20.00	52.02	-80.59	-4.18	-81.32	7.05	11.25
1206076	damage	bot-212	bravo	bot-207	alpha	five_seven	bullet	20.00	44.09	-80.65	-4.13	-68.05	-2.79	12.67
1206556	damage	bot-212	bravo	bot-127	alpha	five_seven	bullet	20.00	52.11	-80.65	-4.13	-68.24	-1.85	12.62
1206964	damage	bot-127	alpha	bot-186	bravo	five_seven	bullet	20.00	50.09	-66.99	-0.73	-79.65	-9.96	15.67
1207137	damage	bot-127	alpha	bot-186	bravo	five_seven	bullet	20.00	32.98	-66.41	-0.16	-79.65	-9.96	16.47
1208207	damage	bot-202	alpha	bot-212	bravo	five_seven	bullet	20.00	60.00	-78.03	9.41	-80.90	-3.61	13.33
1213425	damage	bot-212	bravo	bot-216	alpha	m1911	bullet	33.00	67.00	-90.82	-13.45	-79.16	-4.41	14.75
1213765	damage	bot-212	bravo	bot-216	alpha	m1911	bullet	33.00	34.00	-90.82	-13.45	-79.31	-3.85	14.99
1213800	damage	bot-215	bravo	bot-216	alpha	cz_805_bren	bullet	24.00	10.00	-77.99	-10.13	-79.25	-3.78	6.47
1214117	kill	bot-212	bravo	bot-216	alpha	m1911	bullet	33.00	0.00	-90.82	-13.45	-78.60	-3.09	16.02
1215125	damage	bot-135	alpha	bot-186	bravo	five_seven	bullet	20.00	52.52	-65.20	1.15	-72.53	-5.58	9.95
1215277	damage	bot-135	alpha	bot-186	bravo	five_seven	bullet	20.00	32.52	-65.20	1.15	-73.32	-5.82	10.70
1215308	damage	bot-202	alpha	bot-212	bravo	five_seven	bullet	20.00	52.23	-80.23	-1.20	-90.52	-13.09	15.73
1215560	damage	bot-202	alpha	bot-212	bravo	five_seven	bullet	20.00	32.23	-80.22	-1.19	-90.87	-13.43	16.23
1215722	damage	bot-202	alpha	bot-212	bravo	five_seven	bullet	20.00	12.23	-80.22	-1.19	-91.48	-14.04	17.09
1215863	kill	bot-202	alpha	bot-212	bravo	five_seven	bullet	20.00	0.00	-80.22	-1.19	-91.69	-14.25	17.38
1216690	damage	bot-210	bravo	bot-200	alpha	cz_805_bren	bullet	24.00	48.24	15.99	-23.19	-11.52	18.49	49.94
1218408	kill	bot-181	bravo	bot-200	alpha	cz_805_bren	bullet	24.00	0.00	30.74	37.46	-13.51	25.42	45.86
1218408	damage	bot-192	alpha	bot-180	bravo	cz_805_bren	bullet	24.00	76.00	-10.22	14.69	26.26	26.81	38.44
1218518	damage	bot-192	alpha	bot-180	bravo	cz_805_bren	bullet	24.00	52.00	-10.22	14.69	26.26	26.81	38.44
1218566	damage	bot-210	bravo	bot-209	alpha	cz_805_bren	bullet	24.00	16.22	13.89	-21.06	-12.05	21.17	49.56
1218633	damage	bot-192	alpha	bot-180	bravo	cz_805_bren	bullet	24.00	28.00	-10.22	14.69	26.45	26.81	38.62
1218665	damage	bot-135	alpha	bot-186	bravo	five_seven	bullet	20.00	48.67	-67.92	-2.03	-77.24	-7.08	10.60
1218733	damage	bot-209	alpha	bot-210	bravo	cz_805_bren	bullet	24.00	76.00	-12.05	21.17	13.89	-21.06	49.56
1218749	damage	bot-192	alpha	bot-180	bravo	cz_805_bren	bullet	24.00	4.00	-10.22	14.69	26.64	26.81	38.80
1218854	damage	bot-209	alpha	bot-210	bravo	cz_805_bren	bullet	24.00	52.00	-12.05	21.17	13.95	-21.07	49.60
1219204	damage	bot-135	alpha	bot-186	bravo	five_seven	bullet	20.00	38.40	-68.14	-2.17	-77.24	-7.08	10.34
1219589	damage	bot-192	alpha	bot-174	bravo	cz_805_bren	bullet	24.00	48.22	-10.22	14.69	14.97	39.75	35.54
1219701	damage	bot-192	alpha	bot-174	bravo	cz_805_bren	bullet	24.00	24.22	-10.22	14.69	15.51	39.56	35.79
1219820	damage	bot-135	alpha	bot-186	bravo	five_seven	bullet	20.00	29.14	-68.19	-2.21	-77.24	-7.08	10.27
1219968	damage	bot-135	alpha	bot-186	bravo	five_seven	bullet	20.00	11.66	-68.19	-2.21	-77.24	-7.08	10.27
1220114	kill	bot-135	alpha	bot-186	bravo	five_seven	bullet	20.00	0.00	-68.19	-2.21	-77.24	-7.08	10.27
1221899	damage	bot-135	alpha	bot-215	bravo	five_seven	bullet	20.00	80.00	-68.27	-2.79	-80.84	-6.43	13.09
1222363	damage	bot-135	alpha	bot-215	bravo	five_seven	bullet	20.00	60.00	-68.28	-2.79	-80.85	-6.33	13.05
1222508	damage	bot-135	alpha	bot-215	bravo	five_seven	bullet	20.00	40.00	-68.28	-2.79	-80.94	-6.42	13.17
1222651	damage	bot-135	alpha	bot-215	bravo	five_seven	bullet	20.00	7.48	-68.16	-2.65	-81.25	-6.73	13.71
1223393	kill	bot-135	alpha	bot-215	bravo	five_seven	bullet	20.00	0.00	-65.44	-0.72	-83.49	-8.87	19.80
1223849	damage	bot-217	bravo	bot-162	alpha	cz_805_bren	bullet	24.00	48.34	-81.02	-4.71	-53.32	-7.13	27.80
1223980	damage	bot-217	bravo	bot-162	alpha	cz_805_bren	bullet	24.00	24.34	-81.02	-4.71	-52.80	-6.90	28.30
1224136	damage	bot-217	bravo	bot-162	alpha	cz_805_bren	bullet	24.00	0.34	-81.02	-4.71	-52.10	-6.60	28.98
1224325	damage	bot-218	alpha	bot-175	bravo	cz_805_bren	bullet	24.00	76.00	-11.22	17.70	23.62	35.56	39.16
1224346	damage	bot-175	bravo	bot-218	alpha	cz_805_bren	bullet	24.00	76.00	23.62	35.56	-11.22	17.70	39.16
1224407	damage	bot-210	bravo	bot-218	alpha	cz_805_bren	bullet	24.00	52.00	16.37	-23.88	-11.22	17.70	49.90
1224478	damage	bot-175	bravo	bot-218	alpha	cz_805_bren	bullet	24.00	28.00	23.62	35.56	-11.23	17.82	39.11
1224478	damage	bot-218	alpha	bot-175	bravo	cz_805_bren	bullet	24.00	52.00	-11.23	17.82	23.62	35.56	39.11
1224625	damage	bot-218	alpha	bot-175	bravo	cz_805_bren	bullet	24.00	28.00	-11.25	18.01	23.81	35.63	39.24
1224942	damage	bot-192	alpha	bot-174	bravo	cz_805_bren	bullet	24.00	48.47	0.32	21.26	21.02	39.47	27.57
1225079	damage	bot-192	alpha	bot-174	bravo	cz_805_bren	bullet	24.00	24.47	0.32	21.26	21.42	39.52	27.90
1225248	damage	bot-192	alpha	bot-174	bravo	cz_805_bren	bullet	24.00	0.47	0.32	21.26	21.77	39.55	28.19
1225365	kill	bot-192	alpha	bot-174	bravo	cz_805_bren	bullet	24.00	0.00	0.32	21.26	22.01	39.57	28.39
1225878	damage	bot-192	alpha	bot-175	bravo	cz_805_bren	bullet	24.00	8.09	0.32	21.26	27.84	33.46	30.11
1226018	kill	bot-192	alpha	bot-175	bravo	cz_805_bren	bullet	24.00	0.00	0.32	21.26	27.84	33.47	30.11
1226565	damage	bot-192	alpha	bot-182	bravo	cz_805_bren	bullet	24.00	76.00	0.32	21.26	27.87	33.17	30.02
1226681	damage	bot-192	alpha	bot-182	bravo	cz_805_bren	bullet	24.00	52.00	0.32	21.26	27.80	33.21	29.97
1226810	damage	bot-192	alpha	bot-182	bravo	cz_805_bren	bullet	24.00	28.00	0.32	21.26	28.27	33.26	30.42
1226929	damage	bot-192	alpha	bot-182	bravo	cz_805_bren	bullet	24.00	4.00	0.32	21.26	28.88	33.31	31.00
1227010	damage	bot-209	alpha	bot-210	bravo	cz_805_bren	bullet	24.00	48.27	-9.27	22.04	13.99	-21.81	49.63
1227059	kill	bot-192	alpha	bot-182	bravo	cz_805_bren	bullet	24.00	0.00	0.32	21.26	29.35	33.65	31.56
1227131	damage	bot-209	alpha	bot-210	bravo	cz_805_bren	bullet	24.00	24.27	-9.27	22.04	14.14	-21.95	49.83
1227131	damage	bot-210	bravo	bot-209	alpha	cz_805_bren	bullet	24.00	36.70	14.14	-21.95	-9.27	22.04	49.83
1227509	damage	bot-181	bravo	bot-209	alpha	cz_805_bren	bullet	24.00	12.70	20.43	33.08	-8.52	21.73	31.09
1227604	damage	bot-209	alpha	bot-180	bravo	cz_805_bren	bullet	24.00	48.31	-8.66	21.80	30.20	30.09	39.74
1227949	damage	bot-209	alpha	bot-180	bravo	cz_805_bren	bullet	24.00	24.31	-9.06	22.11	31.05	30.16	40.90
1228074	damage	bot-209	alpha	bot-180	bravo	cz_805_bren	bullet	24.00	0.31	-9.29	22.21	31.68	30.21	41.74
1229105	damage	bot-192	alpha	bot-178	bravo	cz_805_bren	bullet	24.00	76.00	0.25	21.18	37.63	32.39	39.03
1229184	damage	bot-135	alpha	bot-217	bravo	five_seven	bullet	20.00	80.00	-68.53	-2.81	-76.35	-7.80	9.27
1229217	damage	bot-192	alpha	bot-178	bravo	cz_805_bren	bullet	24.00	52.00	0.25	21.18	37.55	32.37	38.95
1229331	damage	bot-192	alpha	bot-178	bravo	cz_805_bren	bullet	24.00	28.00	0.25	21.18	37.64	32.38	39.03
1229460	damage	bot-192	alpha	bot-178	bravo	cz_805_bren	bullet	24.00	4.00	0.25	21.18	37.73	32.39	39.12
1229600	kill	bot-192	alpha	bot-178	bravo	cz_805_bren	bullet	24.00	0.00	0.25	21.18	38.18	32.45	39.58
1230609	damage	bot-217	bravo	bot-127	alpha	cz_805_bren	bullet	24.00	28.64	-75.62	-7.63	-69.28	-1.75	8.65
1230678	damage	bot-127	alpha	bot-217	bravo	five_seven	bullet	20.00	60.00	-69.26	-1.67	-75.62	-7.63	8.72
1233256	damage	bot-192	alpha	bot-181	bravo	cz_805_bren	bullet	24.00	76.00	-5.91	20.52	9.30	30.57	18.22
1233381	damage	bot-192	alpha	bot-181	bravo	cz_805_bren	bullet	24.00	52.00	-5.91	20.52	9.06	30.39	17.93
1233508	damage	bot-192	alpha	bot-181	bravo	cz_805_bren	bullet	24.00	28.00	-5.91	20.52	9.44	30.91	18.54
1233619	damage	bot-192	alpha	bot-181	bravo	cz_805_bren	bullet	24.00	4.00	-5.91	20.52	9.78	31.36	19.07
1233731	kill	bot-192	alpha	bot-181	bravo	cz_805_bren	bullet	24.00	0.00	-5.91	20.52	10.12	31.82	19.61
1235407	damage	bot-192	alpha	bot-183	bravo	cz_805_bren	bullet	24.00	76.00	-4.37	21.05	43.50	33.48	49.46
1235540	damage	bot-192	alpha	bot-183	bravo	cz_805_bren	bullet	24.00	52.00	-4.37	21.05	43.50	33.48	49.46
1236221	damage	bot-192	alpha	bot-184	bravo	cz_805_bren	bullet	24.00	76.00	-4.25	21.10	29.31	34.11	35.99
1236730	damage	bot-209	alpha	bot-184	bravo	cz_805_bren	bullet	24.00	52.00	-12.17	28.57	29.31	34.12	41.85
1238449	damage	bot-209	alpha	bot-210	bravo	cz_805_bren	bullet	24.00	48.16	-16.82	23.59	7.48	-19.66	49.60
1238449	damage	bot-217	bravo	bot-202	alpha	cz_805_bren	bullet	24.00	48.26	-75.28	-9.90	-75.50	-1.62	8.28
1239583	damage	bot-127	alpha	bot-217	bravo	five_seven	bullet	20.00	52.25	-70.73	-1.97	-75.31	-9.50	8.82
1239843	damage	bot-127	alpha	bot-217	bravo	five_seven	bullet	20.00	32.25	-70.73	-1.97	-75.72	-9.91	9.37
1239996	damage	bot-127	alpha	bot-217	bravo	five_seven	bullet	20.00	12.25	-70.73	-1.97	-76.28	-10.47	10.15
1240139	kill	bot-127	alpha	bot-217	bravo	five_seven	bullet	20.00	0.00	-70.73	-1.97	-76.72	-10.95	10.80
1241936	damage	bot-192	alpha	bot-219	bravo	cz_805_bren	bullet	24.00	76.00	6.03	23.84	6.57	-22.92	46.76
1242190	damage	bot-209	alpha	bot-219	bravo	cz_805_bren	bullet	24.00	52.00	-15.81	21.38	6.56	-22.80	49.51
1242319	damage	bot-209	alpha	bot-219	bravo	cz_805_bren	bullet	24.00	28.00	-15.82	21.37	6.64	-22.92	49.66
1242444	damage	bot-209	alpha	bot-219	bravo	cz_805_bren	bullet	24.00	4.00	-15.84	21.36	6.76	-23.08	49.86
1244093	damage	bot-210	bravo	bot-209	alpha	cz_805_bren	bullet	24.00	48.60	6.81	-23.35	-14.59	19.68	48.06
1244220	damage	bot-210	bravo	bot-209	alpha	cz_805_bren	bullet	24.00	24.60	6.81	-23.35	-14.68	19.87	48.27
1244348	damage	bot-210	bravo	bot-209	alpha	cz_805_bren	bullet	24.00	0.60	6.81	-23.35	-14.80	20.13	48.55
1244483	kill	bot-210	bravo	bot-209	alpha	cz_805_bren	bullet	24.00	0.00	6.81	-23.35	-15.45	19.99	48.72
1246566	damage	bot-210	bravo	bot-222	alpha	cz_805_bren	bullet	24.00	76.00	4.43	-23.52	-19.35	20.15	49.72
1246716	damage	bot-210	bravo	bot-222	alpha	cz_805_bren	bullet	24.00	52.00	4.43	-23.52	-19.34	20.15	49.71
1250640	damage	bot-192	alpha	bot-210	bravo	cz_805_bren	bullet	24.00	71.49	6.89	1.24	5.16	-17.77	19.09
1250763	damage	bot-192	alpha	bot-210	bravo	cz_805_bren	bullet	24.00	47.49	6.89	1.24	5.15	-17.43	18.75
1250911	damage	bot-192	alpha	bot-210	bravo	cz_805_bren	bullet	24.00	23.49	6.89	1.24	4.95	-17.96	19.30
1251060	kill	bot-192	alpha	bot-210	bravo	cz_805_bren	bullet	24.00	0.00	6.89	1.24	4.70	-18.62	19.98
1252958	damage	bot-192	alpha	bot-219	bravo	cz_805_bren	bullet	24.00	48.15	6.77	1.10	5.57	-25.95	27.08
1253099	damage	bot-192	alpha	bot-219	bravo	cz_805_bren	bullet	24.00	24.15	6.77	1.10	5.29	-26.50	27.63
1253289	damage	bot-192	alpha	bot-219	bravo	cz_805_bren	bullet	24.00	0.15	6.77	1.10	5.01	-27.07	28.23
1253625	damage	bot-192	alpha	bot-221	bravo	cz_805_bren	bullet	24.00	76.00	6.77	1.10	8.77	-25.99	27.16
1253923	damage	bot-192	alpha	bot-221	bravo	cz_805_bren	bullet	24.00	52.00	6.77	1.10	8.77	-25.99	27.16
1254065	damage	bot-192	alpha	bot-221	bravo	cz_805_bren	bullet	24.00	28.00	6.77	1.10	8.60	-26.17	27.33
1254185	damage	bot-192	alpha	bot-221	bravo	cz_805_bren	bullet	24.00	4.00	6.77	1.10	8.39	-26.40	27.55
1254566	kill	bot-192	alpha	bot-221	bravo	cz_805_bren	bullet	24.00	0.00	6.72	1.05	7.02	-27.79	28.85
1258664	damage	bot-220	alpha	bot-223	bravo	five_seven	bullet	20.00	80.00	-14.66	19.59	2.67	-25.89	48.66
1261445	damage	bot-192	alpha	bot-184	bravo	cz_805_bren	bullet	24.00	47.35	9.77	-0.72	16.50	30.82	32.25
1261556	damage	bot-192	alpha	bot-184	bravo	cz_805_bren	bullet	24.00	23.35	9.77	-0.72	15.95	30.96	32.28
1261669	kill	bot-192	alpha	bot-184	bravo	cz_805_bren	bullet	24.00	0.00	9.77	-0.72	15.42	31.10	32.32
1263101	damage	bot-192	alpha	bot-223	bravo	cz_805_bren	bullet	24.00	56.00	8.41	-0.43	3.14	-25.75	25.86
1263248	damage	bot-192	alpha	bot-223	bravo	cz_805_bren	bullet	24.00	32.00	8.41	-0.43	2.82	-26.03	26.20
1263359	damage	bot-192	alpha	bot-223	bravo	cz_805_bren	bullet	24.00	8.00	8.41	-0.43	2.30	-26.43	26.70
1263498	kill	bot-192	alpha	bot-223	bravo	cz_805_bren	bullet	24.00	0.00	8.41	-0.43	1.69	-26.92	27.33
1274380	kill	bot-222	alpha	bot-219	bravo	m24	bullet	95.00	0.00	-17.99	25.37	6.49	-21.07	52.50
1275979	damage	bot-225	bravo	bot-222	alpha	cz_805_bren	bullet	24.00	48.08	-4.68	3.37	-19.26	27.32	28.03
1276113	damage	bot-225	bravo	bot-222	alpha	cz_805_bren	bullet	24.00	24.08	-4.69	3.37	-19.63	27.72	28.57
1276224	damage	bot-225	bravo	bot-222	alpha	cz_805_bren	bullet	24.00	0.08	-4.69	3.37	-19.94	28.06	29.02
1284629	damage	bot-229	bravo	bot-224	alpha	m24	bullet	95.00	5.00	9.00	12.37	38.76	33.33	36.39
1289936	damage	bot-225	bravo	bot-228	alpha	cz_805_bren	bullet	24.00	76.00	15.71	16.43	44.18	37.92	35.67
1290076	damage	bot-225	bravo	bot-228	alpha	cz_805_bren	bullet	24.00	52.00	15.71	16.43	43.99	37.75	35.41
1292483	damage	bot-192	alpha	bot-229	bravo	m1911	bullet	33.00	27.08	13.59	11.19	11.42	14.41	3.89
1292901	damage	bot-226	alpha	bot-229	bravo	cz_805_bren	bullet	24.00	3.08	50.06	37.91	10.42	15.41	45.58
1293028	kill	bot-226	alpha	bot-229	bravo	cz_805_bren	bullet	24.00	0.00	50.06	37.91	9.97	15.87	45.75
1294289	damage	bot-192	alpha	bot-227	bravo	m1911	bullet	33.00	67.00	15.40	12.81	-2.84	-11.36	30.27
1294629	damage	bot-192	alpha	bot-227	bravo	m1911	bullet	33.00	34.00	15.40	12.81	-2.35	-10.66	29.42
1294979	damage	bot-192	alpha	bot-227	bravo	m1911	bullet	33.00	1.00	15.40	12.81	-3.42	-11.67	30.87
1295329	kill	bot-192	alpha	bot-227	bravo	m1911	bullet	33.00	0.00	15.40	12.81	-4.56	-12.77	32.44
1296033	damage	bot-192	alpha	bot-231	bravo	m1911	bullet	33.00	67.00	15.40	12.81	1.01	-18.55	34.51
1301236	damage	bot-192	alpha	bot-231	bravo	m1911	bullet	33.00	34.00	10.62	5.12	1.20	-18.87	25.78
1302395	damage	bot-192	alpha	bot-231	bravo	m1911	bullet	33.00	10.02	10.11	3.95	1.08	-19.31	24.95
1302745	kill	bot-192	alpha	bot-231	bravo	m1911	bullet	33.00	0.00	10.11	3.95	1.08	-19.31	24.95
1320573	damage	bot-234	bravo	bot-224	alpha	five_seven	bullet	20.00	52.27	51.01	0.54	37.44	10.80	17.01
1322096	damage	bot-234	bravo	bot-226	alpha	five_seven	bullet	20.00	80.00	50.55	0.80	38.91	9.53	14.54
1322295	damage	bot-234	bravo	bot-226	alpha	five_seven	bullet	20.00	60.00	50.55	0.80	39.08	9.35	14.29
1322524	damage	bot-234	bravo	bot-226	alpha	five_seven	bullet	20.00	40.00	50.55	0.80	38.58	9.30	14.67
1323328	damage	bot-234	bravo	bot-218	alpha	five_seven	bullet	20.00	52.82	50.48	0.83	38.52	11.24	15.86
1323629	damage	bot-234	bravo	bot-218	alpha	five_seven	bullet	20.00	32.82	50.48	0.83	37.43	10.76	16.40
1323786	damage	bot-234	bravo	bot-218	alpha	five_seven	bullet	20.00	12.82	50.48	0.83	36.68	10.69	16.96
1323934	kill	bot-234	bravo	bot-218	alpha	five_seven	bullet	20.00	0.00	50.48	0.83	35.96	10.57	17.48
1324644	damage	bot-234	bravo	bot-228	alpha	five_seven	bullet	20.00	32.00	49.79	1.25	35.45	10.31	16.97
1325711	damage	bot-234	bravo	bot-224	alpha	five_seven	bullet	20.00	52.24	49.02	1.74	32.99	11.77	18.91
1326445	damage	bot-234	bravo	bot-232	alpha	five_seven	bullet	20.00	80.00	48.99	1.75	49.37	13.61	11.86
1335197	damage	bot-237	bravo	bot-232	alpha	cz_805_bren	bullet	24.00	56.00	42.78	4.74	49.28	12.13	9.85
1335311	damage	bot-237	bravo	bot-232	alpha	cz_805_bren	bullet	24.00	32.00	42.78	4.74	49.48	12.68	10.39
1335427	damage	bot-232	alpha	bot-237	bravo	cz_805_bren	bullet	24.00	76.00	49.67	13.15	42.78	4.74	10.87
1335427	damage	bot-237	bravo	bot-232	alpha	cz_805_bren	bullet	24.00	8.00	42.78	4.74	49.70	13.23	10.95
1350867	damage	bot-237	bravo	bot-224	alpha	cz_805_bren	bullet	24.00	48.34	37.20	10.73	28.74	19.93	12.50
1350977	damage	bot-237	bravo	bot-224	alpha	cz_805_bren	bullet	24.00	24.34	37.20	10.73	28.61	20.05	12.68
1351681	damage	bot-239	bravo	bot-224	alpha	cz_805_bren	bullet	24.00	0.34	49.67	1.35	26.33	22.20	31.30
1351793	kill	bot-239	bravo	bot-224	alpha	cz_805_bren	bullet	24.00	0.00	49.67	1.35	25.92	22.59	31.87
1375897	damage	bot-240	alpha	bot-245	bravo	m24	bullet	95.00	5.00	-72.85	-40.94	-84.89	-2.55	40.24
1376183	kill	bot-244	alpha	bot-245	bravo	cz_805_bren	bullet	24.00	0.00	-67.45	-38.51	-85.45	-2.12	40.60
1386035	damage	bot-127	alpha	bot-239	bravo	five_seven	bullet	20.00	80.00	0.42	-33.41	13.78	13.09	48.37
1393694	damage	bot-233	bravo	bot-162	alpha	cz_805_bren	bullet	24.00	71.30	7.67	16.08	-12.55	-26.11	46.79
1394008	damage	bot-233	bravo	bot-162	alpha	cz_805_bren	bullet	24.00	47.30	7.67	16.08	-12.17	-25.01	45.63
1394127	damage	bot-233	bravo	bot-162	alpha	cz_805_bren	bullet	24.00	23.30	7.67	16.08	-12.26	-24.95	45.61
1394255	kill	bot-233	bravo	bot-162	alpha	cz_805_bren	bullet	24.00	0.00	7.67	16.08	-12.45	-25.11	45.84
1396388	damage	bot-241	bravo	bot-204	alpha	five_seven	bullet	20.00	55.05	-6.35	17.13	-13.51	-29.50	47.18
1396711	damage	bot-241	bravo	bot-204	alpha	five_seven	bullet	20.00	35.05	-6.35	17.13	-14.78	-28.51	46.41
1398530	damage	bot-233	bravo	bot-202	alpha	cz_805_bren	bullet	24.00	48.84	7.48	14.03	-17.36	-25.88	47.01
1402439	damage	bot-241	bravo	bot-207	alpha	five_seven	bullet	20.00	75.34	-6.70	13.22	4.75	-30.10	44.81
1402586	damage	bot-241	bravo	bot-207	alpha	five_seven	bullet	20.00	55.34	-6.70	13.22	4.75	-30.10	44.81
1403377	damage	bot-233	bravo	bot-207	alpha	cz_805_bren	bullet	24.00	31.34	7.50	8.11	6.33	-31.76	39.89
1403377	damage	bot-246	bravo	bot-207	alpha	cz_805_bren	bullet	24.00	7.34	7.19	15.74	6.33	-31.76	47.51
1403438	damage	bot-192	alpha	bot-247	bravo	m1911	bullet	33.00	67.00	40.96	-45.14	56.90	0.20	48.05
1403494	kill	bot-235	bravo	bot-207	alpha	m24	bullet	95.00	0.00	5.19	8.24	6.68	-32.13	40.40
1403853	damage	bot-192	alpha	bot-247	bravo	m1911	bullet	33.00	34.00	40.96	-45.14	56.88	0.14	47.99
1404301	damage	bot-192	alpha	bot-247	bravo	m1911	bullet	33.00	1.00	40.96	-45.14	56.37	0.80	48.45
1404676	kill	bot-192	alpha	bot-247	bravo	m1911	bullet	33.00	0.00	40.96	-45.14	55.96	1.36	48.85
1405827	damage	bot-147	alpha	bot-249	bravo	cz_805_bren	bullet	24.00	76.00	46.77	-41.51	35.98	0.58	43.45
1405993	damage	bot-147	alpha	bot-249	bravo	cz_805_bren	bullet	24.00	52.00	46.77	-41.51	36.10	0.36	43.21
1406212	damage	bot-147	alpha	bot-249	bravo	cz_805_bren	bullet	24.00	28.00	46.77	-41.51	35.64	0.44	43.40
1406482	damage	bot-147	alpha	bot-249	bravo	cz_805_bren	bullet	24.00	4.00	46.77	-41.51	34.57	0.77	44.00
1406482	damage	bot-204	alpha	bot-246	bravo	m24	bullet	95.00	5.00	-16.21	-23.15	7.09	14.86	44.58
1406627	kill	bot-147	alpha	bot-249	bravo	cz_805_bren	bullet	24.00	0.00	46.77	-41.54	33.91	0.96	44.40
1409342	damage	bot-192	alpha	bot-233	bravo	m1911	bullet	33.00	39.20	38.43	-34.62	5.88	2.55	49.42
1410399	damage	bot-192	alpha	bot-237	bravo	m1911	bullet	33.00	42.92	38.21	-34.48	3.46	-0.44	48.64
1411414	damage	bot-192	alpha	bot-243	bravo	m1911	bullet	33.00	39.34	38.06	-34.38	5.54	2.54	49.20
1411795	damage	bot-202	alpha	bot-243	bravo	five_seven	bullet	20.00	19.34	-14.60	-15.47	4.26	3.77	26.94
1412365	damage	bot-202	alpha	bot-235	bravo	five_seven	bullet	20.00	75.32	-14.61	-15.47	-3.02	13.30	31.02
1412508	damage	bot-202	alpha	bot-235	bravo	five_seven	bullet	20.00	55.32	-14.61	-15.47	-2.91	13.53	31.27
1412688	damage	bot-202	alpha	bot-235	bravo	five_seven	bullet	20.00	35.32	-14.62	-15.47	-2.64	13.83	31.66
1412832	damage	bot-202	alpha	bot-235	bravo	five_seven	bullet	20.00	15.32	-14.62	-15.47	-2.01	14.53	32.54
1412998	kill	bot-202	alpha	bot-235	bravo	five_seven	bullet	20.00	0.00	-14.62	-15.47	-1.50	15.10	33.27
1415777	damage	bot-192	alpha	bot-243	bravo	m1911	bullet	33.00	62.13	32.66	-30.62	1.29	8.04	49.79
1418208	damage	bot-192	alpha	bot-246	bravo	m1911	bullet	33.00	39.36	32.60	-30.79	12.69	12.47	47.62
1418568	damage	bot-192	alpha	bot-246	bravo	m1911	bullet	33.00	6.36	32.60	-30.79	13.96	13.93	48.45
1418934	kill	bot-192	alpha	bot-246	bravo	m1911	bullet	33.00	0.00	32.60	-30.79	15.13	15.34	49.33
1419213	damage	bot-147	alpha	bot-251	bravo	cz_805_bren	bullet	24.00	76.00	53.37	-16.27	57.60	33.53	49.98
1419329	damage	bot-147	alpha	bot-251	bravo	cz_805_bren	bullet	24.00	52.00	53.37	-16.27	57.60	33.53	49.98
1419658	damage	bot-202	alpha	bot-237	bravo	five_seven	bullet	20.00	52.10	-21.37	-15.49	0.47	11.44	34.68
1420238	damage	bot-202	alpha	bot-237	bravo	five_seven	bullet	20.00	32.10	-21.19	-15.23	1.72	12.60	36.05
1420402	damage	bot-202	alpha	bot-237	bravo	five_seven	bullet	20.00	12.10	-21.18	-15.23	2.18	13.06	36.69
1420569	kill	bot-202	alpha	bot-237	bravo	five_seven	bullet	20.00	0.00	-21.18	-15.23	2.77	13.65	37.53
1422157	kill	bot-243	bravo	bot-204	alpha	m24	bullet	95.00	0.00	1.29	8.04	-20.91	-13.16	30.70
1423433	damage	bot-202	alpha	bot-241	bravo	five_seven	bullet	20.00	80.00	-18.98	-13.43	1.74	7.53	29.47
1424011	damage	bot-202	alpha	bot-241	bravo	five_seven	bullet	20.00	60.00	-18.73	-13.22	1.74	7.53	29.15
1424682	damage	bot-202	alpha	bot-241	bravo	five_seven	bullet	20.00	40.00	-18.57	-13.14	3.52	8.82	31.15
1424835	damage	bot-202	alpha	bot-241	bravo	five_seven	bullet	20.00	20.00	-18.57	-13.14	3.93	9.30	31.78
1425047	kill	bot-202	alpha	bot-241	bravo	five_seven	bullet	20.00	0.00	-18.57	-13.14	4.34	9.79	32.41
1426978	damage	bot-202	alpha	bot-243	bravo	five_seven	bullet	20.00	42.13	-18.72	-12.86	0.31	7.10	27.58
1427278	damage	bot-202	alpha	bot-243	bravo	five_seven	bullet	20.00	22.13	-18.72	-12.86	0.78	7.53	28.21
1427425	damage	bot-202	alpha	bot-243	bravo	five_seven	bullet	20.00	2.13	-18.72	-12.86	1.22	7.94	28.81
1427573	kill	bot-202	alpha	bot-243	bravo	five_seven	bullet	20.00	0.00	-18.72	-12.86	1.62	8.31	29.36
1428919	damage	bot-233	bravo	bot-202	alpha	cz_805_bren	bullet	24.00	45.24	-13.65	-7.73	-20.65	-13.12	8.83
1429054	damage	bot-233	bravo	bot-202	alpha	cz_805_bren	bullet	24.00	21.24	-13.65	-7.73	-20.82	-13.32	9.09
1431226	damage	bot-192	alpha	bot-253	bravo	m1911	bullet	33.00	67.00	43.81	-14.17	56.59	16.53	33.25
1431569	damage	bot-192	alpha	bot-253	bravo	m1911	bullet	33.00	34.00	43.81	-14.17	56.16	15.85	32.46
1431916	damage	bot-192	alpha	bot-253	bravo	m1911	bullet	33.00	1.00	43.81	-14.17	56.11	17.26	33.75
1432259	kill	bot-192	alpha	bot-253	bravo	m1911	bullet	33.00	0.00	43.81	-14.17	56.06	18.75	35.13
1433402	damage	bot-192	alpha	bot-251	bravo	m1911	bullet	33.00	39.26	44.36	-13.62	50.67	13.16	27.51
1433763	damage	bot-192	alpha	bot-251	bravo	m1911	bullet	33.00	6.26	44.36	-13.62	50.55	12.24	26.59
1438652	damage	bot-233	bravo	bot-240	alpha	cz_805_bren	bullet	24.00	76.00	-18.23	-9.82	-47.18	-28.56	34.49
1438740	damage	bot-192	alpha	bot-251	bravo	m1911	bullet	33.00	43.55	44.46	-8.11	54.23	15.08	25.17
1438796	damage	bot-233	bravo	bot-240	alpha	cz_805_bren	bullet	24.00	52.00	-18.22	-9.81	-46.64	-28.38	33.94
1439176	damage	bot-233	bravo	bot-240	alpha	cz_805_bren	bullet	24.00	28.00	-18.22	-9.81	-47.28	-27.82	34.18
1439291	damage	bot-233	bravo	bot-240	alpha	cz_805_bren	bullet	24.00	4.00	-18.22	-9.81	-47.27	-27.82	34.18
1441180	damage	bot-248	alpha	bot-233	bravo	five_seven	bullet	20.00	52.07	-44.39	-29.66	-18.28	-9.97	32.70
1441389	damage	bot-248	alpha	bot-233	bravo	five_seven	bullet	20.00	32.07	-44.39	-29.66	-18.01	-9.52	33.19
1442098	damage	bot-236	alpha	bot-233	bravo	cz_805_bren	bullet	24.00	8.07	-24.93	-10.96	-16.95	-7.72	8.62
1442550	kill	bot-236	alpha	bot-233	bravo	cz_805_bren	bullet	24.00	0.00	-23.16	-10.72	-15.98	-6.30	8.43
1484728	damage	bot-202	alpha	bot-258	bravo	five_seven	bullet	20.00	80.00	44.88	21.23	72.33	44.34	35.88
1484879	damage	bot-202	alpha	bot-258	bravo	five_seven	bullet	20.00	60.00	44.88	21.23	72.32	44.35	35.88
1485021	damage	bot-202	alpha	bot-258	bravo	five_seven	bullet	20.00	40.00	44.88	21.23	72.44	44.52	36.08
1485058	damage	bot-259	bravo	bot-202	alpha	cz_805_bren	bullet	24.00	33.86	74.14	45.71	44.88	21.23	38.15
1485176	damage	bot-259	bravo	bot-202	alpha	cz_805_bren	bullet	24.00	9.86	74.14	45.71	44.69	21.24	38.29
1528272	damage	bot-250	alpha	bot-258	bravo	m24	bullet	95.00	0.31	3.65	-29.34	65.20	-3.31	66.83
1533259	damage	bot-256	alpha	bot-251	bravo	five_seven	bullet	20.00	75.97	11.03	-23.09	59.85	-12.56	49.94
1533408	damage	bot-256	alpha	bot-251	bravo	five_seven	bullet	20.00	55.97	11.04	-23.09	59.85	-12.56	49.94
1534123	damage	bot-259	bravo	bot-256	alpha	cz_805_bren	bullet	24.00	76.00	47.80	2.60	11.03	-23.03	44.82
1534247	damage	bot-259	bravo	bot-256	alpha	cz_805_bren	bullet	24.00	52.00	47.80	2.60	11.03	-22.96	44.79
1534358	damage	bot-259	bravo	bot-256	alpha	cz_805_bren	bullet	24.00	28.00	47.80	2.60	10.91	-23.09	44.96
1534433	damage	bot-256	alpha	bot-259	bravo	five_seven	bullet	20.00	80.00	10.85	-23.15	47.80	2.60	45.04
1534480	damage	bot-259	bravo	bot-256	alpha	cz_805_bren	bullet	24.00	4.00	47.80	2.60	10.77	-23.23	45.15
1534599	kill	bot-259	bravo	bot-256	alpha	cz_805_bren	bullet	24.00	0.00	47.80	2.60	10.35	-23.66	45.74
1536979	damage	bot-254	alpha	bot-259	bravo	cz_805_bren	bullet	24.00	56.00	14.33	-20.01	43.79	2.35	36.99
1537095	damage	bot-254	alpha	bot-259	bravo	cz_805_bren	bullet	24.00	32.00	14.33	-20.01	43.94	2.40	37.13
1537262	damage	bot-254	alpha	bot-259	bravo	cz_805_bren	bullet	24.00	8.00	14.33	-20.01	44.05	2.43	37.25
1537382	kill	bot-254	alpha	bot-259	bravo	cz_805_bren	bullet	24.00	0.00	14.33	-20.01	44.37	2.53	37.56
1538739	damage	bot-254	alpha	bot-267	bravo	cz_805_bren	bullet	24.00	76.00	14.87	-19.77	58.43	-17.87	43.61
1538850	damage	bot-254	alpha	bot-267	bravo	cz_805_bren	bullet	24.00	52.00	14.87	-19.77	58.43	-17.87	43.61
1538978	damage	bot-254	alpha	bot-267	bravo	cz_805_bren	bullet	24.00	28.00	14.87	-19.77	58.63	-17.92	43.81
1543004	damage	bot-255	bravo	bot-254	alpha	five_seven	bullet	20.00	80.00	55.49	2.34	25.97	-17.31	35.47
1543184	damage	bot-255	bravo	bot-254	alpha	five_seven	bullet	20.00	60.00	55.49	2.34	26.69	-17.12	34.76
1543681	damage	bot-255	bravo	bot-254	alpha	five_seven	bullet	20.00	40.00	55.49	2.34	24.95	-16.64	35.96
1543828	damage	bot-255	bravo	bot-254	alpha	five_seven	bullet	20.00	20.00	55.49	2.34	24.48	-16.98	36.53
1543984	kill	bot-255	bravo	bot-254	alpha	five_seven	bullet	20.00	0.00	55.49	2.34	23.93	-17.34	37.20
1548311	damage	bot-270	alpha	bot-267	bravo	cz_805_bren	bullet	24.00	48.01	10.52	-29.02	57.08	-17.07	48.07
1548445	damage	bot-270	alpha	bot-267	bravo	cz_805_bren	bullet	24.00	24.01	10.52	-29.02	57.24	-16.91	48.26
1548610	damage	bot-270	alpha	bot-267	bravo	cz_805_bren	bullet	24.00	0.01	10.51	-29.02	57.52	-16.63	48.62
1548731	kill	bot-270	alpha	bot-267	bravo	cz_805_bren	bullet	24.00	0.00	10.51	-29.02	57.94	-16.21	49.12
1548759	damage	bot-255	bravo	bot-270	alpha	five_seven	bullet	20.00	80.00	52.90	-3.86	10.51	-29.02	49.29
1548912	damage	bot-255	bravo	bot-270	alpha	five_seven	bullet	20.00	60.00	52.90	-3.86	10.51	-29.02	49.30
1549059	damage	bot-255	bravo	bot-270	alpha	five_seven	bullet	20.00	40.00	52.90	-3.86	10.31	-28.91	49.40
1553515	damage	bot-255	bravo	bot-270	alpha	five_seven	bullet	20.00	52.60	49.57	-6.65	7.75	-24.68	45.54
1553661	damage	bot-255	bravo	bot-270	alpha	five_seven	bullet	20.00	32.60	49.57	-6.65	7.51	-24.42	45.66
1554512	damage	bot-255	bravo	bot-270	alpha	five_seven	bullet	20.00	12.60	49.66	-6.64	4.76	-23.62	48.00
1556708	damage	bot-255	bravo	bot-250	alpha	m1911	bullet	33.00	67.00	49.16	-7.16	7.05	-26.66	46.41
1557415	damage	bot-255	bravo	bot-250	alpha	m1911	bullet	33.00	34.00	49.17	-7.15	9.03	-24.88	43.88
1559991	damage	bot-255	bravo	bot-262	alpha	m1911	bullet	33.00	67.00	49.12	-7.23	9.72	-25.02	43.24
1560349	damage	bot-255	bravo	bot-262	alpha	m1911	bullet	33.00	34.00	49.12	-7.23	10.69	-24.22	42.02
1560751	damage	bot-255	bravo	bot-262	alpha	m1911	bullet	33.00	1.00	49.13	-7.21	10.30	-23.83	42.24
1561094	kill	bot-255	bravo	bot-262	alpha	m1911	bullet	33.00	0.00	49.13	-7.21	9.74	-23.29	42.54
1563405	damage	bot-270	alpha	bot-251	bravo	cz_805_bren	bullet	24.00	48.05	3.47	-25.85	50.11	-13.37	48.28
1563531	damage	bot-270	alpha	bot-251	bravo	cz_805_bren	bullet	24.00	24.05	3.46	-25.84	50.21	-13.28	48.41
1563599	kill	bot-261	bravo	bot-250	alpha	m24	bullet	95.00	0.00	46.05	5.04	4.89	-20.79	48.60
1563654	damage	bot-270	alpha	bot-251	bravo	cz_805_bren	bullet	24.00	0.05	3.46	-25.84	50.30	-13.20	48.52
1565032	damage	bot-270	alpha	bot-255	bravo	cz_805_bren	bullet	24.00	76.00	3.97	-25.85	50.05	-9.32	48.96
1568107	damage	bot-255	bravo	bot-270	alpha	m1911	bullet	33.00	39.88	52.21	-8.55	5.48	-25.97	49.87
1570552	damage	bot-255	bravo	bot-268	alpha	m1911	bullet	33.00	67.00	51.69	-8.68	1.91	-4.28	49.97
1571321	damage	bot-255	bravo	bot-268	alpha	m1911	bullet	33.00	34.00	51.69	-8.68	1.90	-4.28	49.98
1572620	kill	bot-261	bravo	bot-270	alpha	m24	bullet	95.00	0.00	42.86	4.10	2.29	-25.25	50.07
1588157	damage	bot-255	bravo	bot-275	alpha	m1911	bullet	33.00	67.00	28.11	-5.05	1.29	-11.76	27.64
1589227	damage	bot-255	bravo	bot-275	alpha	m1911	bullet	33.00	34.00	28.11	-5.05	1.11	-15.34	28.89
1589933	damage	bot-273	alpha	bot-257	bravo	five_seven	bullet	20.00	80.00	5.48	-3.08	25.83	-7.13	20.75
1590102	damage	bot-273	alpha	bot-257	bravo	five_seven	bullet	20.00	60.00	5.48	-3.08	25.94	-7.73	20.98
1594463	damage	bot-271	bravo	bot-275	alpha	five_seven	bullet	20.00	52.38	29.51	-27.97	0.16	-18.61	30.80
1594628	damage	bot-271	bravo	bot-275	alpha	five_seven	bullet	20.00	32.38	29.51	-27.97	0.07	-18.44	30.94
1595528	damage	bot-271	bravo	bot-275	alpha	five_seven	bullet	20.00	12.38	29.15	-27.57	-1.78	-15.04	33.38
1595682	kill	bot-271	bravo	bot-275	alpha	five_seven	bullet	20.00	0.00	29.15	-27.57	-2.40	-14.74	34.06
1598216	damage	bot-271	bravo	bot-236	alpha	five_seven	bullet	20.00	52.42	27.96	-26.65	-17.30	-45.30	48.95
1599626	damage	bot-230	alpha	bot-264	bravo	m24	bullet	95.00	5.00	-9.10	-43.32	18.10	23.42	72.07
1600356	damage	bot-127	alpha	bot-276	bravo	five_seven	bullet	20.00	80.00	5.58	-41.07	25.08	-31.49	21.72
1600557	damage	bot-127	alpha	bot-276	bravo	five_seven	bullet	20.00	60.00	5.58	-41.07	25.69	-31.50	22.27
1606723	damage	bot-278	bravo	bot-238	alpha	five_seven	bullet	20.00	80.00	30.06	-30.50	-17.74	-41.56	49.06
1606879	damage	bot-278	bravo	bot-238	alpha	five_seven	bullet	20.00	60.00	30.06	-30.50	-17.74	-41.56	49.06
1607115	damage	bot-278	bravo	bot-238	alpha	five_seven	bullet	20.00	40.00	30.06	-30.50	-17.92	-41.68	49.27
1607262	damage	bot-278	bravo	bot-238	alpha	five_seven	bullet	20.00	20.00	30.06	-30.50	-18.39	-42.04	49.81
1607571	damage	bot-278	bravo	bot-236	alpha	five_seven	bullet	20.00	75.73	30.07	-30.49	-16.95	-42.14	48.44
1607930	damage	bot-278	bravo	bot-236	alpha	five_seven	bullet	20.00	55.73	30.07	-30.49	-17.01	-41.99	48.46
1608104	damage	bot-127	alpha	bot-255	bravo	five_seven	bullet	20.00	52.23	5.59	-41.07	29.86	-19.61	32.40
1608333	damage	bot-278	bravo	bot-236	alpha	five_seven	bullet	20.00	39.03	30.07	-30.49	-17.66	-42.09	49.12
1608496	damage	bot-278	bravo	bot-236	alpha	five_seven	bullet	20.00	21.23	30.11	-30.48	-18.27	-42.34	49.81
1610482	damage	bot-127	alpha	bot-272	bravo	five_seven	bullet	20.00	77.22	5.61	-41.07	18.83	-43.42	13.43
1610649	damage	bot-127	alpha	bot-272	bravo	five_seven	bullet	20.00	57.22	5.61	-41.07	18.87	-43.41	13.46
1610799	damage	bot-127	alpha	bot-272	bravo	five_seven	bullet	20.00	37.22	5.61	-41.07	19.05	-43.59	13.68
1610799	damage	bot-244	alpha	bot-280	bravo	cz_805_bren	bullet	24.00	76.00	-11.27	-38.51	6.91	-21.25	25.06
1610962	damage	bot-127	alpha	bot-272	bravo	five_seven	bullet	20.00	17.22	5.61	-41.07	19.31	-43.85	13.98
1610962	damage	bot-244	alpha	bot-280	bravo	cz_805_bren	bullet	24.00	52.00	-11.27	-38.51	7.21	-20.95	25.49
1611040	damage	bot-269	bravo	bot-273	alpha	cz_805_bren	bullet	24.00	31.99	13.40	11.07	0.12	1.18	16.56
1611126	kill	bot-127	alpha	bot-272	bravo	five_seven	bullet	20.00	0.00	5.61	-41.07	19.90	-44.45	14.69
1611221	damage	bot-244	alpha	bot-280	bravo	cz_805_bren	bullet	24.00	28.00	-11.27	-38.51	7.87	-20.24	26.45
1611257	damage	bot-265	bravo	bot-273	alpha	five_seven	bullet	20.00	16.16	13.93	9.74	0.12	1.18	16.24
1611738	damage	bot-265	bravo	bot-273	alpha	five_seven	bullet	20.00	3.45	13.89	9.69	0.12	1.18	16.19
1611878	kill	bot-269	bravo	bot-273	alpha	cz_805_bren	bullet	24.00	0.00	13.32	10.97	0.12	1.18	16.43
1614525	damage	bot-269	bravo	bot-244	alpha	cz_805_bren	bullet	24.00	48.28	13.80	7.75	-10.95	-35.02	49.42
1623572	damage	bot-264	bravo	bot-252	alpha	cz_805_bren	bullet	24.00	24.40	24.97	2.15	-1.14	-40.45	49.97
1623714	damage	bot-264	bravo	bot-252	alpha	cz_805_bren	bullet	24.00	0.40	24.97	2.15	-1.14	-40.45	49.97
1623998	kill	bot-264	bravo	bot-252	alpha	cz_805_bren	bullet	24.00	0.00	24.97	2.15	-1.14	-40.45	49.97
1624290	damage	bot-276	bravo	bot-238	alpha	cz_805_bren	bullet	24.00	48.66	30.67	-22.50	-2.37	-39.17	37.01
1624507	damage	bot-238	alpha	bot-264	bravo	five_seven	bullet	20.00	75.54	-2.43	-39.33	24.97	2.15	49.72
1624507	damage	bot-264	bravo	bot-238	alpha	cz_805_bren	bullet	24.00	24.66	24.97	2.15	-2.45	-39.41	49.80
1628076	damage	bot-269	bravo	bot-230	alpha	cz_805_bren	bullet	24.00	47.79	19.26	4.01	-4.28	-38.94	48.98
1628791	damage	bot-248	alpha	bot-264	bravo	five_seven	bullet	20.00	55.54	-9.51	-37.33	23.30	-1.00	48.95
1628943	damage	bot-248	alpha	bot-264	bravo	five_seven	bullet	20.00	35.54	-9.51	-37.33	23.08	-0.69	49.04
1630459	damage	bot-278	bravo	bot-244	alpha	five_seven	bullet	20.00	75.48	31.01	-23.75	-5.33	-35.43	38.16
1630886	damage	bot-269	bravo	bot-268	alpha	cz_805_bren	bullet	24.00	48.26	18.89	3.04	2.54	9.69	17.65
1631023	damage	bot-269	bravo	bot-268	alpha	cz_805_bren	bullet	24.00	24.26	18.89	3.04	2.48	9.74	17.72
1631138	damage	bot-269	bravo	bot-268	alpha	cz_805_bren	bullet	24.00	0.26	18.89	3.04	2.37	9.83	17.86
1631374	kill	bot-269	bravo	bot-268	alpha	cz_805_bren	bullet	24.00	0.00	18.89	3.04	2.15	10.05	18.15
1631886	damage	bot-278	bravo	bot-244	alpha	five_seven	bullet	20.00	53.64	30.97	-23.78	-5.73	-35.54	38.54
1632111	damage	bot-244	alpha	bot-281	bravo	cz_805_bren	bullet	24.00	76.00	-5.64	-35.66	-31.73	-9.16	37.18
1632698	damage	bot-278	bravo	bot-244	alpha	five_seven	bullet	20.00	33.64	30.95	-23.79	-4.78	-37.43	38.25
1638380	damage	bot-276	bravo	bot-240	alpha	cz_805_bren	bullet	24.00	71.53	30.41	-22.40	-13.51	-31.16	44.79
1638572	damage	bot-276	bravo	bot-240	alpha	cz_805_bren	bullet	24.00	47.53	30.48	-22.40	-13.28	-31.57	44.71
1639402	damage	bot-276	bravo	bot-240	alpha	cz_805_bren	bullet	24.00	23.53	30.48	-22.40	-14.59	-29.74	45.66
1639775	damage	bot-286	bravo	bot-240	alpha	five_seven	bullet	20.00	3.53	-32.36	-13.24	-15.31	-28.75	23.05
1639949	kill	bot-286	bravo	bot-240	alpha	five_seven	bullet	20.00	0.00	-32.36	-13.23	-15.58	-28.35	22.58
1644202	damage	bot-286	bravo	bot-244	alpha	five_seven	bullet	20.00	45.11	-26.68	-15.10	-2.26	-40.75	35.42
1644240	kill	bot-257	bravo	bot-244	alpha	m24	bullet	95.00	0.00	16.13	-18.66	-2.20	-40.92	28.83
1644410	damage	bot-248	alpha	bot-286	bravo	five_seven	bullet	20.00	80.00	-5.95	-43.15	-26.59	-15.15	34.78
1645020	damage	bot-271	bravo	bot-230	alpha	five_seven	bullet	20.00	75.61	19.09	-17.55	-8.17	-45.77	39.24
1645162	damage	bot-271	bravo	bot-230	alpha	five_seven	bullet	20.00	55.61	19.09	-17.55	-8.82	-45.87	39.76
1645464	damage	bot-271	bravo	bot-230	alpha	five_seven	bullet	20.00	35.61	19.09	-17.55	-9.95	-46.03	40.68
1645650	damage	bot-271	bravo	bot-230	alpha	five_seven	bullet	20.00	15.61	19.09	-17.55	-10.35	-46.52	41.30
1645833	kill	bot-271	bravo	bot-230	alpha	five_seven	bullet	20.00	0.00	19.09	-17.55	-10.62	-47.39	42.11
1646162	damage	bot-260	bravo	bot-277	alpha	five_seven	bullet	20.00	80.00	22.51	3.19	69.66	7.98	47.40
1646386	damage	bot-260	bravo	bot-277	alpha	five_seven	bullet	20.00	60.00	22.51	3.19	69.67	7.98	47.41
1646968	damage	bot-260	bravo	bot-277	alpha	five_seven	bullet	20.00	40.00	22.55	3.18	71.06	6.82	48.65
1648449	damage	bot-284	bravo	bot-248	alpha	cz_805_bren	bullet	24.00	55.32	-17.69	-26.40	-4.11	-44.90	22.95
1649288	damage	bot-276	bravo	bot-238	alpha	cz_805_bren	bullet	24.00	48.01	20.85	-24.59	9.92	-44.77	22.95
1655858	damage	bot-238	alpha	bot-278	bravo	five_seven	bullet	20.00	28.92	6.14	-48.09	20.30	-23.78	28.12
1656004	damage	bot-238	alpha	bot-278	bravo	five_seven	bullet	20.00	10.26	6.14	-48.09	20.30	-23.78	28.12
1656113	damage	bot-260	bravo	bot-279	alpha	five_seven	bullet	20.00	80.00	33.61	4.08	66.80	6.80	33.30
1656175	kill	bot-238	alpha	bot-278	bravo	five_seven	bullet	20.00	0.00	6.14	-48.09	20.30	-23.78	28.12
1656741	damage	bot-260	bravo	bot-279	alpha	five_seven	bullet	20.00	60.00	33.69	4.10	64.87	6.23	31.26
1656883	damage	bot-260	bravo	bot-279	alpha	five_seven	bullet	20.00	40.00	33.69	4.10	65.41	6.09	31.78
1657122	damage	bot-260	bravo	bot-279	alpha	five_seven	bullet	20.00	20.00	33.69	4.10	66.01	5.93	32.37
1657992	kill	bot-261	bravo	bot-238	alpha	m24	bullet	95.00	0.00	30.42	-22.79	7.28	-47.20	33.63
1660810	damage	bot-127	alpha	bot-284	bravo	five_seven	bullet	20.00	80.00	5.61	-41.06	-7.44	-41.71	13.07
1660979	damage	bot-127	alpha	bot-284	bravo	five_seven	bullet	20.00	60.00	5.61	-41.06	-7.21	-42.00	12.85
1663454	damage	bot-260	bravo	bot-277	alpha	five_seven	bullet	20.00	52.10	38.78	4.51	65.83	4.64	27.05
1664229	damage	bot-127	alpha	bot-251	bravo	five_seven	bullet	20.00	59.52	5.61	-41.07	10.53	-31.92	10.39
1664606	damage	bot-127	alpha	bot-251	bravo	five_seven	bullet	20.00	39.52	5.61	-41.07	8.98	-31.98	9.70
1667750	damage	bot-260	bravo	bot-289	alpha	five_seven	bullet	20.00	80.00	40.64	4.40	85.98	-16.54	49.94
1667884	damage	bot-289	alpha	bot-260	bravo	five_seven	bullet	20.00	49.11	85.98	-16.54	40.64	4.40	49.94
1668512	damage	bot-279	alpha	bot-260	bravo	cz_805_bren	bullet	24.00	25.11	66.82	3.75	38.86	5.27	28.00
1668649	damage	bot-279	alpha	bot-260	bravo	cz_805_bren	bullet	24.00	1.11	66.82	3.75	38.65	5.40	28.22
1668928	kill	bot-279	alpha	bot-260	bravo	cz_805_bren	bullet	24.00	0.00	66.82	3.75	37.61	6.07	29.31
1668986	damage	bot-127	alpha	bot-263	bravo	five_seven	bullet	20.00	52.40	5.61	-41.07	8.12	-35.52	6.10
1669213	damage	bot-127	alpha	bot-263	bravo	five_seven	bullet	20.00	32.40	5.61	-41.07	8.76	-34.88	6.94
1669382	damage	bot-127	alpha	bot-263	bravo	five_seven	bullet	20.00	12.40	5.61	-41.07	9.34	-34.30	7.73
1669516	damage	bot-279	alpha	bot-266	bravo	cz_805_bren	bullet	24.00	45.38	66.82	3.75	23.69	3.28	43.14
1669558	kill	bot-127	alpha	bot-263	bravo	five_seven	bullet	20.00	0.00	5.61	-41.07	9.77	-33.87	8.32
1669626	damage	bot-279	alpha	bot-266	bravo	cz_805_bren	bullet	24.00	21.38	66.82	3.75	23.54	3.29	43.29
1669758	kill	bot-279	alpha	bot-266	bravo	cz_805_bren	bullet	24.00	0.00	66.82	3.75	23.33	3.30	43.50
1669846	damage	bot-255	bravo	bot-291	alpha	five_seven	bullet	20.00	80.00	6.84	-20.27	3.04	8.42	28.94
1670077	damage	bot-255	bravo	bot-291	alpha	five_seven	bullet	20.00	60.00	6.84	-20.27	3.10	8.05	28.56
1672078	damage	bot-127	alpha	bot-264	bravo	m1911	bullet	33.00	62.61	5.61	-41.07	8.57	-34.91	6.84
1672430	damage	bot-127	alpha	bot-264	bravo	m1911	bullet	33.00	29.61	5.61	-41.07	8.61	-35.63	6.21
1673133	kill	bot-127	alpha	bot-264	bravo	m1911	bullet	33.00	0.00	5.61	-41.07	10.58	-33.63	8.95
1675483	damage	bot-279	alpha	bot-271	bravo	cz_805_bren	bullet	24.00	54.21	65.06	2.82	22.39	-15.36	46.39
1676204	damage	bot-279	alpha	bot-271	bravo	cz_805_bren	bullet	24.00	30.21	65.06	2.82	20.56	-17.15	48.78
1676343	damage	bot-279	alpha	bot-271	bravo	cz_805_bren	bullet	24.00	6.21	65.06	2.82	20.15	-17.55	49.32
1679690	damage	bot-127	alpha	bot-251	bravo	m1911	bullet	33.00	39.54	5.61	-41.07	7.28	-37.20	4.22
1680115	damage	bot-127	alpha	bot-251	bravo	m1911	bullet	33.00	6.54	5.61	-41.06	8.19	-36.31	5.41
1680477	kill	bot-127	alpha	bot-251	bravo	m1911	bullet	33.00	0.00	5.61	-41.07	9.44	-35.08	7.11
1681215	damage	bot-279	alpha	bot-276	bravo	cz_805_bren	bullet	24.00	71.92	58.85	0.18	22.26	-29.09	46.86
1682213	damage	bot-279	alpha	bot-276	bravo	cz_805_bren	bullet	24.00	47.92	58.65	0.13	22.46	-28.83	46.35
1682410	kill	bot-288	bravo	bot-277	alpha	m24	bullet	95.00	0.00	-5.51	-15.24	59.63	-0.84	66.71
1687042	damage	bot-127	alpha	bot-255	bravo	m1911	bullet	33.00	23.03	5.61	-41.06	3.35	-29.37	11.91
1687848	damage	bot-127	alpha	bot-294	bravo	m1911	bullet	33.00	67.00	5.61	-41.06	9.54	-35.83	6.54
1688333	damage	bot-127	alpha	bot-294	bravo	m1911	bullet	33.00	34.00	5.61	-41.06	9.93	-35.69	6.90
1688725	damage	bot-127	alpha	bot-294	bravo	m1911	bullet	33.00	1.00	5.61	-41.06	10.17	-35.37	7.29
1689101	kill	bot-127	alpha	bot-294	bravo	m1911	bullet	33.00	0.00	5.61	-41.06	10.68	-34.29	8.45
1689382	damage	bot-279	alpha	bot-276	bravo	cz_805_bren	bullet	24.00	48.75	53.70	-3.40	16.00	-35.60	49.57
1692214	damage	bot-127	alpha	bot-276	bravo	m1911	bullet	33.00	15.75	5.61	-41.06	12.17	-39.37	6.77
1692695	kill	bot-127	alpha	bot-276	bravo	m1911	bullet	33.00	0.00	5.61	-41.06	11.13	-40.44	5.56
1695122	damage	bot-295	alpha	bot-271	bravo	cz_805_bren	bullet	24.00	23.32	63.88	-11.20	17.33	-21.77	47.74
1695376	kill	bot-295	alpha	bot-271	bravo	cz_805_bren	bullet	24.00	0.00	63.88	-11.19	17.33	-21.77	47.75
1699610	damage	bot-295	alpha	bot-257	bravo	cz_805_bren	bullet	24.00	71.71	60.36	-12.52	12.91	-19.37	47.94
1699745	damage	bot-295	alpha	bot-257	bravo	cz_805_bren	bullet	24.00	47.71	60.36	-12.51	13.34	-19.30	47.50
1699872	damage	bot-295	alpha	bot-257	bravo	cz_805_bren	bullet	24.00	23.71	60.36	-12.51	12.93	-18.91	47.86
1705354	damage	bot-295	alpha	bot-286	bravo	cz_805_bren	bullet	24.00	56.00	54.29	-12.57	4.64	-7.96	49.86
1705577	damage	bot-295	alpha	bot-286	bravo	cz_805_bren	bullet	24.00	32.00	54.29	-12.57	4.60	-7.35	49.96
1707458	damage	bot-295	alpha	bot-292	bravo	cz_805_bren	bullet	24.00	76.00	53.60	-12.55	6.85	-20.08	47.35
1707589	damage	bot-295	alpha	bot-292	bravo	cz_805_bren	bullet	24.00	52.00	53.60	-12.55	7.19	-20.06	47.01
1707715	damage	bot-295	alpha	bot-292	bravo	cz_805_bren	bullet	24.00	28.00	53.60	-12.55	6.69	-20.48	47.57
1710147	damage	bot-297	bravo	bot-300	alpha	cz_805_bren	bullet	24.00	76.00	3.04	-47.92	1.19	-43.35	4.92
1710412	damage	bot-297	bravo	bot-300	alpha	cz_805_bren	bullet	24.00	52.00	3.60	-48.33	1.17	-43.31	5.57
1710551	damage	bot-297	bravo	bot-300	alpha	cz_805_bren	bullet	24.00	28.00	3.78	-48.46	1.25	-43.32	5.74
1710766	damage	bot-297	bravo	bot-300	alpha	cz_805_bren	bullet	24.00	4.00	4.22	-48.48	1.65	-43.33	5.75
1710885	kill	bot-297	bravo	bot-300	alpha	cz_805_bren	bullet	24.00	0.00	4.83	-48.52	2.39	-43.39	5.69
1713266	damage	bot-288	bravo	bot-287	alpha	m24	bullet	95.00	5.00	14.76	-9.76	54.86	4.46	42.55
1718000	damage	bot-257	bravo	bot-283	alpha	five_seven	bullet	20.00	80.00	14.91	-7.36	71.90	-5.93	57.01
1718140	damage	bot-298	alpha	bot-284	bravo	five_seven	bullet	20.00	52.14	58.01	-14.29	25.64	-37.81	40.01
1718230	damage	bot-257	bravo	bot-283	alpha	five_seven	bullet	20.00	60.00	14.91	-7.36	71.90	-5.93	57.01
1718343	damage	bot-298	alpha	bot-284	bravo	five_seven	bullet	20.00	32.14	58.01	-14.29	25.14	-37.74	40.39
1718497	damage	bot-298	alpha	bot-284	bravo	five_seven	bullet	20.00	12.14	58.01	-14.29	24.43	-37.65	40.91
1719079	damage	bot-255	bravo	bot-289	alpha	five_seven	bullet	20.00	60.00	7.83	-24.40	55.33	-13.06	48.83
1719256	damage	bot-255	bravo	bot-289	alpha	five_seven	bullet	20.00	40.00	7.83	-24.40	55.60	-13.07	49.09
1719256	damage	bot-257	bravo	bot-293	alpha	five_seven	bullet	20.00	52.16	15.21	-7.29	54.80	-14.89	40.31
1719448	damage	bot-255	bravo	bot-289	alpha	five_seven	bullet	20.00	20.00	7.83	-24.40	56.26	-13.09	49.73
1719739	damage	bot-257	bravo	bot-282	alpha	five_seven	bullet	20.00	52.40	15.21	-7.29	56.73	-16.44	42.51
1719888	damage	bot-255	bravo	bot-293	alpha	five_seven	bullet	20.00	32.16	7.83	-24.40	55.91	-13.20	49.36
1719888	damage	bot-282	alpha	bot-257	bravo	five_seven	bullet	20.00	45.21	57.57	-16.28	15.21	-7.29	43.30
1720100	damage	bot-257	bravo	bot-282	alpha	five_seven	bullet	20.00	32.40	15.15	-7.19	58.31	-16.01	44.05
1720634	damage	bot-255	bravo	bot-298	alpha	five_seven	bullet	20.00	52.05	7.83	-24.40	55.60	-13.24	49.05
1720794	damage	bot-255	bravo	bot-298	alpha	five_seven	bullet	20.00	32.05	7.83	-24.40	56.11	-13.21	49.56
1721046	damage	bot-289	alpha	bot-288	bravo	m1911	bullet	33.00	67.00	63.49	-12.36	18.78	-9.60	44.80
1721556	damage	bot-299	bravo	bot-298	alpha	cz_805_bren	bullet	24.00	8.05	40.83	13.68	59.01	-13.36	32.58
1722541	damage	bot-302	bravo	bot-287	alpha	five_seven	bullet	20.00	52.01	47.43	15.65	55.83	7.90	11.43
1722685	damage	bot-302	bravo	bot-287	alpha	five_seven	bullet	20.00	32.01	47.43	15.65	56.24	7.89	11.74
1723123	damage	bot-298	alpha	bot-288	bravo	m1911	bullet	33.00	34.00	64.30	-12.18	25.14	-10.03	39.22
1723479	damage	bot-298	alpha	bot-288	bravo	m1911	bullet	33.00	1.00	64.30	-12.18	24.04	-9.61	40.35
1723748	damage	bot-287	alpha	bot-299	bravo	cz_805_bren	bullet	24.00	76.00	59.69	7.90	41.04	13.00	19.33
1723993	damage	bot-287	alpha	bot-299	bravo	cz_805_bren	bullet	24.00	52.00	59.69	7.90	40.81	12.92	19.53
1724126	damage	bot-287	alpha	bot-299	bravo	cz_805_bren	bullet	24.00	28.00	59.69	7.90	40.63	13.03	19.73
1724545	damage	bot-255	bravo	bot-293	alpha	five_seven	bullet	20.00	36.30	11.13	-22.05	59.91	-12.14	49.77
1724687	damage	bot-255	bravo	bot-293	alpha	five_seven	bullet	20.00	16.30	11.12	-22.08	60.11	-12.18	49.98
1725171	damage	bot-299	bravo	bot-282	alpha	cz_805_bren	bullet	24.00	48.34	37.52	16.21	60.62	-13.07	37.29
1725693	damage	bot-255	bravo	bot-285	alpha	five_seven	bullet	20.00	52.51	11.64	-21.67	60.20	-10.40	49.85
1726870	damage	bot-255	bravo	bot-282	alpha	five_seven	bullet	20.00	28.34	11.65	-21.69	59.76	-18.40	48.22
1726963	damage	bot-284	bravo	bot-282	alpha	cz_805_bren	bullet	24.00	4.34	24.36	-37.09	60.49	-18.50	40.64
1727131	kill	bot-255	bravo	bot-282	alpha	five_seven	bullet	20.00	0.00	11.66	-21.69	60.70	-18.52	49.15
1728093	kill	bot-284	bravo	bot-293	alpha	cz_805_bren	bullet	24.00	0.00	24.65	-37.11	64.85	-13.28	46.73
1728281	damage	bot-287	alpha	bot-302	bravo	cz_805_bren	bullet	24.00	76.00	58.86	9.00	51.44	10.61	7.59
1728748	damage	bot-298	alpha	bot-284	bravo	m1911	bullet	33.00	39.59	64.33	-12.04	24.59	-37.33	47.10
1728976	damage	bot-287	alpha	bot-302	bravo	cz_805_bren	bullet	24.00	52.00	59.17	9.90	53.71	10.40	5.48
1729217	damage	bot-287	alpha	bot-302	bravo	cz_805_bren	bullet	24.00	28.00	59.67	10.32	53.16	10.74	6.52
1729217	damage	bot-298	alpha	bot-284	bravo	m1911	bullet	33.00	6.59	64.33	-12.04	23.58	-37.77	48.20
1729217	damage	bot-302	bravo	bot-287	alpha	five_seven	bullet	20.00	45.00	53.16	10.74	59.84	10.47	6.69
1729327	damage	bot-287	alpha	bot-302	bravo	cz_805_bren	bullet	24.00	4.00	60.12	10.70	52.66	11.04	7.46
1729471	kill	bot-287	alpha	bot-302	bravo	cz_805_bren	bullet	24.00	0.00	60.55	11.05	52.20	11.31	8.35
1729643	damage	bot-255	bravo	bot-298	alpha	five_seven	bullet	20.00	52.81	15.08	-20.45	64.33	-12.02	49.96
1730154	damage	bot-289	alpha	bot-286	bravo	m1911	bullet	33.00	39.22	66.67	-12.52	20.20	-4.75	47.12
1730669	damage	bot-257	bravo	bot-298	alpha	five_seven	bullet	20.00	32.81	17.67	-4.59	67.67	-11.59	50.48
1730858	damage	bot-257	bravo	bot-298	alpha	five_seven	bullet	20.00	12.81	17.67	-4.59	68.17	-11.74	51.00
1731037	kill	bot-257	bravo	bot-298	alpha	five_seven	bullet	20.00	0.00	17.67	-4.59	68.65	-12.06	51.52
1731037	damage	bot-289	alpha	bot-286	bravo	m1911	bullet	33.00	6.22	66.67	-12.50	17.85	-6.47	49.19
1732202	damage	bot-257	bravo	bot-285	alpha	five_seven	bullet	20.00	52.04	16.38	-5.38	63.73	-13.57	48.05
1732515	damage	bot-257	bravo	bot-285	alpha	five_seven	bullet	20.00	33.68	16.38	-5.39	64.38	-12.95	48.59
1732710	damage	bot-287	alpha	bot-296	bravo	cz_805_bren	bullet	24.00	76.00	60.58	11.13	41.23	10.49	19.36
1732830	damage	bot-287	alpha	bot-296	bravo	cz_805_bren	bullet	24.00	52.00	60.58	11.13	41.13	10.43	19.46
1732971	damage	bot-287	alpha	bot-296	bravo	cz_805_bren	bullet	24.00	28.00	60.58	11.13	41.04	10.51	19.54
1733258	damage	bot-255	bravo	bot-285	alpha	five_seven	bullet	20.00	20.68	20.08	-19.85	65.75	-11.42	46.45
1733258	damage	bot-287	alpha	bot-296	bravo	cz_805_bren	bullet	24.00	4.00	60.58	11.13	40.62	10.94	19.96
1733588	damage	bot-255	bravo	bot-285	alpha	five_seven	bullet	20.00	2.15	20.08	-19.85	65.75	-11.42	46.45
1733950	kill	bot-255	bravo	bot-285	alpha	five_seven	bullet	20.00	0.00	20.07	-19.87	65.75	-11.42	46.45
1734155	damage	bot-287	alpha	bot-304	bravo	cz_805_bren	bullet	24.00	76.00	60.30	11.01	40.85	10.95	19.45
1734266	damage	bot-287	alpha	bot-304	bravo	cz_805_bren	bullet	24.00	52.00	60.30	11.02	40.61	10.78	19.70
1734445	damage	bot-287	alpha	bot-304	bravo	cz_805_bren	bullet	24.00	28.00	60.30	11.03	40.16	11.23	20.14
1734821	damage	bot-255	bravo	bot-289	alpha	five_seven	bullet	20.00	52.01	20.23	-19.97	65.77	-11.84	46.27
1735643	damage	bot-292	bravo	bot-289	alpha	cz_805_bren	bullet	24.00	28.01	26.83	-24.77	68.22	-12.09	43.29
1735869	damage	bot-292	bravo	bot-289	alpha	cz_805_bren	bullet	24.00	4.01	26.83	-24.77	68.55	-12.09	43.61
1735993	kill	bot-292	bravo	bot-289	alpha	cz_805_bren	bullet	24.00	0.00	26.83	-24.77	68.67	-12.07	43.73
1738720	damage	bot-255	bravo	bot-283	alpha	m1911	bullet	33.00	39.40	23.94	-19.34	71.34	-4.76	49.59
1748459	damage	bot-257	bravo	bot-303	alpha	five_seven	bullet	20.00	80.00	18.84	-12.65	11.65	42.23	55.35
1748608	damage	bot-257	bravo	bot-303	alpha	five_seven	bullet	20.00	60.00	18.84	-12.65	11.84	42.05	55.15
1749719	damage	bot-257	bravo	bot-305	alpha	five_seven	bullet	20.00	80.00	18.90	-12.66	15.74	38.09	50.84
1750080	damage	bot-257	bravo	bot-305	alpha	five_seven	bullet	20.00	60.00	18.90	-12.66	15.31	38.48	51.26
1750790	damage	bot-299	bravo	bot-305	alpha	five_seven	bullet	20.00	40.00	36.35	19.27	14.04	39.76	30.29
1750935	damage	bot-299	bravo	bot-305	alpha	five_seven	bullet	20.00	20.00	36.35	19.27	13.83	39.98	30.60
1751083	kill	bot-299	bravo	bot-305	alpha	five_seven	bullet	20.00	0.00	36.35	19.27	13.53	40.31	31.04
1751844	damage	bot-299	bravo	bot-301	alpha	five_seven	bullet	20.00	80.00	36.33	19.34	20.75	43.99	29.16
1753604	damage	bot-287	alpha	bot-299	bravo	five_seven	bullet	20.00	52.28	47.08	8.14	36.12	19.66	15.90
1753849	damage	bot-287	alpha	bot-299	bravo	five_seven	bullet	20.00	32.28	47.02	8.19	35.94	19.84	16.07
1755951	damage	bot-287	alpha	bot-299	bravo	five_seven	bullet	20.00	12.28	42.63	11.66	32.01	23.81	16.14
1756919	damage	bot-308	bravo	bot-307	alpha	cz_805_bren	bullet	24.00	76.00	33.64	24.51	26.60	44.72	21.40
1757258	damage	bot-308	bravo	bot-307	alpha	cz_805_bren	bullet	24.00	52.00	33.64	24.51	26.31	44.27	21.08
1757661	damage	bot-308	bravo	bot-307	alpha	cz_805_bren	bullet	24.00	28.00	33.64	24.51	25.75	44.81	21.79
1758848	kill	bot-303	alpha	bot-299	bravo	cz_805_bren	bullet	24.00	0.00	5.96	48.65	29.74	23.56	34.57
1759000	kill	bot-308	bravo	bot-287	alpha	cz_805_bren	bullet	24.00	0.00	35.01	24.28	42.01	19.95	8.23
1770466	kill	bot-288	bravo	bot-303	alpha	m24	bullet	95.00	0.00	43.82	5.88	8.54	45.02	52.70
1773973	damage	bot-257	bravo	bot-309	alpha	five_seven	bullet	20.00	67.46	47.28	-14.84	22.66	36.75	57.17
1774151	damage	bot-257	bravo	bot-309	alpha	five_seven	bullet	20.00	47.46	47.28	-14.84	22.80	36.63	56.99
1774311	damage	bot-257	bravo	bot-309	alpha	five_seven	bullet	20.00	27.46	47.28	-14.84	22.71	36.90	57.28
1774457	damage	bot-257	bravo	bot-309	alpha	five_seven	bullet	20.00	7.46	47.27	-14.85	22.54	37.38	57.79
1774606	kill	bot-257	bravo	bot-309	alpha	five_seven	bullet	20.00	0.00	47.27	-14.85	22.29	38.11	58.56
1781552	damage	bot-283	alpha	bot-284	bravo	five_seven	bullet	20.00	52.10	69.88	1.51	64.73	-4.11	7.62
1781923	damage	bot-283	alpha	bot-306	bravo	five_seven	bullet	20.00	51.84	69.88	1.51	69.17	-6.22	7.76
1782007	damage	bot-306	bravo	bot-283	alpha	cz_805_bren	bullet	24.00	11.94	68.86	-6.51	69.88	1.51	8.09
1782638	kill	bot-255	bravo	bot-283	alpha	five_seven	bullet	20.00	0.00	64.10	-3.77	71.45	2.94	9.95
1783902	damage	bot-281	bravo	bot-311	alpha	cz_805_bren	bullet	24.00	45.95	32.33	15.93	8.29	45.67	38.24
1784388	damage	bot-281	bravo	bot-313	alpha	cz_805_bren	bullet	24.00	76.00	32.33	15.93	14.64	44.38	33.50
1784520	damage	bot-281	bravo	bot-313	alpha	cz_805_bren	bullet	24.00	52.00	32.33	15.93	14.33	44.68	33.92
1784520	kill	bot-308	bravo	bot-311	alpha	cz_805_bren	bullet	24.00	0.00	41.92	22.15	6.45	47.11	43.38
1784648	damage	bot-281	bravo	bot-313	alpha	cz_805_bren	bullet	24.00	28.00	32.33	15.93	14.04	45.00	34.34
1784803	damage	bot-281	bravo	bot-313	alpha	cz_805_bren	bullet	24.00	4.00	32.33	15.93	13.70	45.36	34.83
1784920	kill	bot-281	bravo	bot-313	alpha	cz_805_bren	bullet	24.00	0.00	32.33	15.93	13.29	45.81	35.43
1792159	damage	bot-281	bravo	bot-315	alpha	cz_805_bren	bullet	24.00	76.00	27.36	24.29	12.47	47.07	27.22
1804899	damage	bot-288	bravo	bot-301	alpha	m1911	bullet	33.00	39.10	29.21	22.80	10.81	46.77	30.22
1810487	kill	bot-281	bravo	bot-301	alpha	cz_805_bren	bullet	24.00	0.00	22.76	31.73	20.45	48.90	17.33
1813597	damage	bot-257	bravo	bot-318	alpha	five_seven	bullet	20.00	48.92	43.74	7.09	-0.25	-40.86	65.07
1813738	damage	bot-257	bravo	bot-318	alpha	five_seven	bullet	20.00	28.92	43.74	7.09	-0.64	-41.42	65.75
1831936	damage	bot-292	bravo	bot-320	alpha	cz_805_bren	bullet	24.00	76.00	84.14	-38.77	84.99	-44.12	5.42
1832091	damage	bot-292	bravo	bot-320	alpha	cz_805_bren	bullet	24.00	52.00	84.14	-38.77	84.99	-44.12	5.42
1832242	damage	bot-320	alpha	bot-292	bravo	m1911	bullet	33.00	47.36	85.16	-44.25	84.14	-38.77	5.57
1832805	damage	bot-284	bravo	bot-320	alpha	cz_805_bren	bullet	24.00	28.00	86.53	-37.97	85.50	-44.55	6.66
1833349	damage	bot-286	bravo	bot-320	alpha	five_seven	bullet	20.00	8.00	71.48	-32.02	86.02	-45.02	19.50
1833592	kill	bot-286	bravo	bot-320	alpha	five_seven	bullet	20.00	0.00	71.48	-32.02	86.19	-45.17	19.73
1848844	kill	bot-312	bravo	bot-319	alpha	m24	bullet	95.00	0.00	35.86	1.93	17.74	-36.59	42.57
1858955	damage	bot-257	bravo	bot-318	alpha	five_seven	bullet	20.00	52.12	22.43	-14.85	-16.85	-48.27	51.57
1869265	damage	bot-318	alpha	bot-316	bravo	cz_805_bren	bullet	24.00	18.20	-17.91	-42.67	9.88	-33.81	29.17
1872704	kill	bot-324	alpha	bot-292	bravo	m24	bullet	95.00	0.00	94.54	-25.49	42.91	-42.68	54.42
1873638	damage	bot-257	bravo	bot-315	alpha	five_seven	bullet	20.00	52.22	2.31	3.96	-38.62	24.80	45.94
1873792	damage	bot-257	bravo	bot-315	alpha	five_seven	bullet	20.00	32.22	2.31	3.96	-38.99	25.43	46.55
1874057	kill	bot-288	bravo	bot-315	alpha	m1911	bullet	33.00	0.00	12.70	-3.97	-39.63	26.56	60.59
1878944	kill	bot-288	bravo	bot-321	alpha	m1911	bullet	33.00	0.00	5.91	2.08	-31.13	21.39	41.77
1883648	damage	bot-318	alpha	bot-316	bravo	cz_805_bren	bullet	24.00	48.59	-14.30	-43.74	12.06	-40.73	26.53
1884026	damage	bot-318	alpha	bot-255	bravo	cz_805_bren	bullet	24.00	48.29	-14.30	-43.74	18.23	-44.76	32.54
1886570	damage	bot-318	alpha	bot-297	bravo	cz_805_bren	bullet	24.00	18.18	-14.38	-43.02	7.52	-23.98	29.02
1886691	kill	bot-318	alpha	bot-297	bravo	cz_805_bren	bullet	24.00	0.00	-14.38	-43.02	7.15	-24.47	28.41
1887780	damage	bot-281	bravo	bot-318	alpha	cz_805_bren	bullet	24.00	15.51	25.59	-18.17	-14.44	-42.94	47.07
1887877	damage	bot-257	bravo	bot-322	alpha	five_seven	bullet	20.00	80.00	-20.81	17.35	-54.41	23.50	34.16
1888031	damage	bot-257	bravo	bot-322	alpha	five_seven	bullet	20.00	60.00	-20.81	17.35	-54.07	23.46	33.82
1888184	damage	bot-257	bravo	bot-322	alpha	five_seven	bullet	20.00	40.00	-20.81	17.34	-54.78	23.27	34.48
1888318	kill	bot-281	bravo	bot-318	alpha	cz_805_bren	bullet	24.00	0.00	25.56	-18.33	-15.42	-42.03	47.33
1888335	damage	bot-257	bravo	bot-322	alpha	five_seven	bullet	20.00	20.00	-20.81	17.34	-55.44	23.10	35.10
1888476	kill	bot-257	bravo	bot-322	alpha	five_seven	bullet	20.00	0.00	-20.81	17.34	-55.97	22.95	35.60
1894264	damage	bot-281	bravo	bot-327	alpha	cz_805_bren	bullet	24.00	76.00	13.65	-21.08	-21.75	-46.23	43.43
1894399	damage	bot-281	bravo	bot-327	alpha	cz_805_bren	bullet	24.00	52.00	13.65	-21.08	-22.08	-46.43	43.81
1894525	damage	bot-281	bravo	bot-327	alpha	cz_805_bren	bullet	24.00	28.00	13.65	-21.08	-22.41	-46.61	44.19
1894651	damage	bot-281	bravo	bot-327	alpha	cz_805_bren	bullet	24.00	4.00	13.65	-21.08	-22.85	-46.85	44.68
1894683	kill	bot-316	bravo	bot-327	alpha	cz_805_bren	bullet	24.00	0.00	1.60	-45.30	-22.92	-46.89	24.57
1902752	damage	bot-284	bravo	bot-324	alpha	cz_805_bren	bullet	24.00	76.00	62.81	-36.66	77.30	-34.36	14.67
1903195	damage	bot-255	bravo	bot-329	alpha	five_seven	bullet	20.00	80.00	-6.96	-45.54	-38.14	-43.86	31.22
1905710	damage	bot-284	bravo	bot-324	alpha	cz_805_bren	bullet	24.00	52.00	63.95	-37.42	72.40	-38.82	8.57
1905938	damage	bot-284	bravo	bot-324	alpha	cz_805_bren	bullet	24.00	28.00	63.95	-37.42	72.62	-39.56	8.94
1906465	damage	bot-324	alpha	bot-284	bravo	m1911	bullet	33.00	62.16	73.07	-41.34	63.67	-37.08	10.32
1907404	kill	bot-324	alpha	bot-284	bravo	m24	bullet	95.00	0.00	73.49	-43.39	64.70	-37.54	10.56
1910523	damage	bot-255	bravo	bot-329	alpha	five_seven	bullet	20.00	49.95	-14.09	-45.74	-41.25	-38.82	28.03
1910754	damage	bot-255	bravo	bot-329	alpha	five_seven	bullet	20.00	32.62	-14.09	-45.74	-41.25	-38.82	28.03
1910931	damage	bot-255	bravo	bot-329	alpha	five_seven	bullet	20.00	15.13	-14.09	-45.74	-41.25	-38.82	28.03
1911074	kill	bot-255	bravo	bot-329	alpha	five_seven	bullet	20.00	0.00	-14.09	-45.74	-41.25	-38.82	28.03
1911587	damage	bot-316	bravo	bot-325	alpha	cz_805_bren	bullet	24.00	53.58	-13.56	-44.66	-18.32	-41.65	5.63
1911705	damage	bot-316	bravo	bot-325	alpha	cz_805_bren	bullet	24.00	29.58	-13.04	-45.00	-18.07	-41.65	6.05
1911836	damage	bot-316	bravo	bot-325	alpha	cz_805_bren	bullet	24.00	5.58	-12.52	-45.43	-17.76	-41.65	6.46
1911888	damage	bot-325	alpha	bot-255	bravo	cz_805_bren	bullet	24.00	48.12	-17.71	-41.65	-11.66	-46.44	7.72
1912138	damage	bot-325	alpha	bot-255	bravo	cz_805_bren	bullet	24.00	24.12	-16.97	-41.65	-10.45	-46.43	8.09
1912252	damage	bot-325	alpha	bot-255	bravo	cz_805_bren	bullet	24.00	0.12	-16.74	-41.50	-9.90	-46.26	8.34
1912372	kill	bot-325	alpha	bot-255	bravo	cz_805_bren	bullet	24.00	0.00	-16.72	-41.31	-9.30	-46.20	8.89
1912452	kill	bot-257	bravo	bot-325	alpha	five_seven	bullet	20.00	0.00	-10.10	-25.24	-16.71	-41.19	17.27
1916817	damage	bot-286	bravo	bot-331	alpha	five_seven	bullet	20.00	80.00	0.15	-45.13	-29.15	-43.21	29.36
1916976	damage	bot-286	bravo	bot-331	alpha	five_seven	bullet	20.00	60.00	0.15	-45.13	-28.73	-43.07	28.95
1917136	damage	bot-286	bravo	bot-331	alpha	five_seven	bullet	20.00	40.00	0.15	-45.13	-29.09	-42.79	29.33
1917488	damage	bot-286	bravo	bot-331	alpha	five_seven	bullet	20.00	20.00	0.15	-45.13	-29.94	-42.15	30.24
1917749	kill	bot-286	bravo	bot-331	alpha	five_seven	bullet	20.00	0.00	0.15	-45.13	-30.39	-41.79	30.72
1933519	damage	bot-335	alpha	bot-290	bravo	cz_805_bren	bullet	24.00	54.96	89.60	-27.76	60.57	-36.63	30.35
1933638	damage	bot-335	alpha	bot-290	bravo	cz_805_bren	bullet	24.00	30.96	89.60	-27.76	60.10	-36.26	30.71
1946207	damage	bot-337	alpha	bot-290	bravo	five_seven	bullet	20.00	52.16	63.94	-33.01	51.54	-31.11	12.54
1946382	damage	bot-337	alpha	bot-290	bravo	five_seven	bullet	20.00	32.16	63.94	-33.01	51.01	-30.80	13.11
1947627	damage	bot-337	alpha	bot-290	bravo	five_seven	bullet	20.00	12.16	62.86	-33.06	48.25	-29.11	15.14
1948326	kill	bot-337	alpha	bot-290	bravo	five_seven	bullet	20.00	0.00	62.54	-33.07	46.79	-28.28	16.46
1950567	damage	bot-257	bravo	bot-333	alpha	five_seven	bullet	20.00	80.00	-29.77	-41.64	-48.40	-6.02	40.19
1966006	damage	bot-338	alpha	bot-312	bravo	m1911	bullet	33.00	39.55	-80.96	19.97	-83.63	23.98	4.82
1966085	damage	bot-312	bravo	bot-338	alpha	m1911	bullet	33.00	67.00	-83.83	24.02	-80.93	19.58	5.30
1966358	damage	bot-338	alpha	bot-339	bravo	m1911	bullet	33.00	63.02	-81.47	19.08	-80.64	31.24	12.18
1966792	kill	bot-308	bravo	bot-338	alpha	cz_805_bren	bullet	24.00	0.00	-92.92	14.03	-82.49	18.12	11.20
1991065	damage	bot-342	alpha	bot-306	bravo	five_seven	bullet	20.00	52.00	-59.47	6.53	-83.90	-1.46	25.70
1991613	damage	bot-288	bravo	bot-340	alpha	m1911	bullet	33.00	65.57	-0.31	-36.58	26.42	-32.87	26.99
1992364	damage	bot-288	bravo	bot-340	alpha	m1911	bullet	33.00	32.57	-0.31	-36.58	26.42	-32.87	26.99
1993595	damage	bot-326	bravo	bot-343	alpha	five_seven	bullet	20.00	80.00	-82.54	11.77	-65.88	1.47	19.60
1994198	damage	bot-288	bravo	bot-324	alpha	m1911	bullet	33.00	39.74	-0.31	-36.58	30.90	-30.51	31.79
1994691	damage	bot-308	bravo	bot-343	alpha	cz_805_bren	bullet	24.00	56.00	-73.06	8.09	-63.88	0.23	12.09
1994830	damage	bot-308	bravo	bot-343	alpha	cz_805_bren	bullet	24.00	32.00	-73.06	8.09	-63.63	0.28	12.24
1994927	damage	bot-288	bravo	bot-337	alpha	m1911	bullet	33.00	67.00	-0.31	-36.58	41.20	2.13	56.75
1995288	damage	bot-288	bravo	bot-337	alpha	m1911	bullet	33.00	34.00	-0.31	-36.58	40.36	1.97	56.03
1995656	damage	bot-288	bravo	bot-337	alpha	m1911	bullet	33.00	1.00	-0.31	-36.58	41.62	2.89	57.59
1995999	kill	bot-288	bravo	bot-337	alpha	m1911	bullet	33.00	0.00	-0.31	-36.58	42.80	3.77	59.05
2000214	damage	bot-310	bravo	bot-342	alpha	five_seven	bullet	20.00	80.00	-68.49	5.21	-62.60	-0.09	7.92
2000362	damage	bot-310	bravo	bot-342	alpha	five_seven	bullet	20.00	60.00	-68.49	5.21	-62.85	-0.14	7.77
2000526	damage	bot-310	bravo	bot-342	alpha	five_seven	bullet	20.00	40.00	-68.49	5.21	-62.27	-0.74	8.61
2000526	damage	bot-342	alpha	bot-308	bravo	five_seven	bullet	20.00	52.22	-62.27	-0.74	-70.77	-1.28	8.52
2000676	damage	bot-342	alpha	bot-308	bravo	five_seven	bullet	20.00	32.22	-61.67	-1.35	-71.10	-1.92	9.44
2000758	damage	bot-343	alpha	bot-308	bravo	five_seven	bullet	20.00	12.22	-61.82	1.60	-71.28	-2.27	10.22
2000928	kill	bot-343	alpha	bot-308	bravo	five_seven	bullet	20.00	0.00	-61.82	1.60	-71.62	-2.96	10.81
2001021	damage	bot-330	bravo	bot-342	alpha	cz_805_bren	bullet	24.00	16.00	-70.75	4.13	-60.66	-2.32	11.97
2001582	damage	bot-342	alpha	bot-330	bravo	five_seven	bullet	20.00	78.02	-59.56	-3.65	-70.68	4.11	13.56
2001818	kill	bot-326	bravo	bot-342	alpha	five_seven	bullet	20.00	0.00	-73.81	5.88	-59.05	-4.34	17.95
2005595	damage	bot-316	bravo	bot-340	alpha	cz_805_bren	bullet	24.00	21.89	13.55	-36.26	37.80	-42.40	25.01
2005846	damage	bot-316	bravo	bot-340	alpha	cz_805_bren	bullet	24.00	1.97	13.53	-36.27	37.80	-42.40	25.02
2006007	kill	bot-316	bravo	bot-340	alpha	cz_805_bren	bullet	24.00	0.00	13.53	-36.27	37.80	-42.40	25.02
2007370	damage	bot-330	bravo	bot-343	alpha	cz_805_bren	bullet	24.00	71.52	-69.97	4.15	-62.72	2.20	7.50
2007495	damage	bot-330	bravo	bot-343	alpha	cz_805_bren	bullet	24.00	47.52	-69.97	4.15	-62.71	2.20	7.52
2007495	damage	bot-343	alpha	bot-330	bravo	five_seven	bullet	20.00	58.02	-62.71	2.20	-69.97	4.15	7.52
2007616	damage	bot-330	bravo	bot-343	alpha	cz_805_bren	bullet	24.00	23.52	-70.03	4.21	-62.41	1.93	7.95
2015711	damage	bot-310	bravo	bot-343	alpha	five_seven	bullet	20.00	52.30	-64.13	7.89	-59.76	-1.27	10.15
2015711	damage	bot-343	alpha	bot-310	bravo	five_seven	bullet	20.00	57.61	-59.76	-1.27	-64.13	7.89	10.15
2016114	damage	bot-326	bravo	bot-343	alpha	five_seven	bullet	20.00	32.30	-68.06	3.97	-59.09	-2.37	10.99
2016114	damage	bot-334	bravo	bot-343	alpha	five_seven	bullet	20.00	12.30	-67.30	4.14	-59.09	-2.37	10.48
2016284	kill	bot-326	bravo	bot-343	alpha	five_seven	bullet	20.00	0.00	-68.06	3.97	-58.86	-2.81	11.44
2023471	damage	bot-288	bravo	bot-324	alpha	m1911	bullet	33.00	35.14	31.32	-31.71	34.50	-21.13	11.05
2023834	damage	bot-288	bravo	bot-324	alpha	m1911	bullet	33.00	2.14	31.32	-31.71	34.51	-19.23	12.88
2024199	kill	bot-288	bravo	bot-324	alpha	m1911	bullet	33.00	0.00	31.32	-31.71	35.19	-17.96	14.28
2045485	damage	bot-326	bravo	bot-349	alpha	five_seven	bullet	20.00	80.00	-70.38	-16.22	-95.96	-1.56	29.49
2062722	damage	bot-316	bravo	bot-344	alpha	cz_805_bren	bullet	24.00	76.00	37.53	16.78	6.79	32.83	34.68
2062766	damage	bot-345	bravo	bot-344	alpha	cz_805_bren	bullet	24.00	52.00	34.39	17.05	6.92	32.72	31.63
2062854	damage	bot-316	bravo	bot-344	alpha	cz_805_bren	bullet	24.00	28.00	37.53	16.78	6.69	32.54	34.64
2062983	damage	bot-316	bravo	bot-344	alpha	cz_805_bren	bullet	24.00	4.00	37.54	16.79	6.15	32.16	34.95
2063119	kill	bot-316	bravo	bot-344	alpha	cz_805_bren	bullet	24.00	0.00	37.54	16.79	5.65	31.82	35.25
2064336	damage	bot-310	bravo	bot-346	alpha	five_seven	bullet	20.00	46.47	-75.76	-30.25	-91.20	1.95	35.71
2064736	damage	bot-351	alpha	bot-339	bravo	five_seven	bullet	20.00	30.48	-92.54	1.57	-83.11	-10.66	15.44
2064889	damage	bot-351	alpha	bot-339	bravo	five_seven	bullet	20.00	10.48	-92.54	1.57	-82.55	-11.27	16.27
2065007	damage	bot-341	alpha	bot-286	bravo	cz_805_bren	bullet	24.00	33.78	-4.49	27.39	39.84	15.70	45.84
2065407	damage	bot-288	bravo	bot-335	alpha	m1911	bullet	33.00	67.00	30.11	20.72	-4.77	28.05	35.64
2065801	damage	bot-341	alpha	bot-288	bravo	cz_805_bren	bullet	24.00	48.81	-4.69	27.33	30.09	20.69	35.41
2065925	damage	bot-341	alpha	bot-288	bravo	cz_805_bren	bullet	24.00	24.81	-4.69	27.33	30.29	20.62	35.61
2066046	damage	bot-341	alpha	bot-288	bravo	cz_805_bren	bullet	24.00	0.81	-4.69	27.33	30.40	20.53	35.74
2066046	damage	bot-346	alpha	bot-334	bravo	cz_805_bren	bullet	24.00	31.65	-95.87	5.73	-78.53	-3.23	19.52
2067745	damage	bot-345	bravo	bot-341	alpha	cz_805_bren	bullet	24.00	76.00	30.10	18.58	-3.66	27.36	34.88
2067862	damage	bot-345	bravo	bot-341	alpha	cz_805_bren	bullet	24.00	52.00	30.10	18.58	-3.66	27.36	34.88
2067886	damage	bot-341	alpha	bot-345	bravo	cz_805_bren	bullet	24.00	72.02	-3.66	27.36	30.10	18.58	34.88
2067993	damage	bot-345	bravo	bot-341	alpha	cz_805_bren	bullet	24.00	28.00	30.10	18.58	-3.81	27.51	35.06
2068024	damage	bot-341	alpha	bot-345	bravo	cz_805_bren	bullet	24.00	48.02	-3.81	27.51	30.10	18.58	35.06
2070831	damage	bot-351	alpha	bot-310	bravo	five_seven	bullet	20.00	52.32	-90.18	-0.62	-78.61	-26.41	28.26
2071334	damage	bot-347	alpha	bot-336	bravo	five_seven	bullet	20.00	55.30	-87.99	2.83	-78.54	-1.72	10.49
2071540	damage	bot-347	alpha	bot-336	bravo	five_seven	bullet	20.00	35.30	-87.99	2.83	-78.06	-2.16	11.11
2071697	damage	bot-347	alpha	bot-336	bravo	five_seven	bullet	20.00	15.30	-87.99	2.83	-77.53	-2.68	11.81
2071858	kill	bot-347	alpha	bot-336	bravo	five_seven	bullet	20.00	0.00	-87.99	2.83	-77.16	-3.04	12.31
2072322	damage	bot-316	bravo	bot-335	alpha	cz_805_bren	bullet	24.00	43.00	25.18	19.55	1.26	27.08	25.08
2072322	damage	bot-335	alpha	bot-316	bravo	cz_805_bren	bullet	24.00	46.67	1.26	27.08	25.18	19.55	25.08
2072449	damage	bot-335	alpha	bot-316	bravo	cz_805_bren	bullet	24.00	22.67	1.18	27.22	25.38	19.55	25.39
2075723	damage	bot-334	bravo	bot-347	alpha	five_seven	bullet	20.00	52.29	-78.39	4.33	-86.77	-0.84	9.85
2075880	damage	bot-334	bravo	bot-347	alpha	five_seven	bullet	20.00	32.29	-78.39	4.33	-87.25	-1.29	10.49
2076592	damage	bot-351	alpha	bot-330	bravo	five_seven	bullet	20.00	75.35	-89.73	-4.30	-80.22	-5.01	9.53
2077122	damage	bot-351	alpha	bot-330	bravo	five_seven	bullet	20.00	55.35	-89.64	-4.34	-79.56	-4.18	10.08
2077283	damage	bot-351	alpha	bot-330	bravo	five_seven	bullet	20.00	35.35	-89.64	-4.34	-79.40	-3.90	10.26
2077347	damage	bot-330	bravo	bot-347	alpha	cz_805_bren	bullet	24.00	8.29	-79.40	-3.90	-91.78	-5.21	12.45
2077449	damage	bot-351	alpha	bot-330	bravo	five_seven	bullet	20.00	15.35	-89.64	-4.34	-79.27	-3.70	10.39
2077538	kill	bot-332	bravo	bot-347	alpha	cz_805_bren	bullet	24.00	0.00	-79.22	-5.05	-92.38	-5.95	13.20
2077632	damage	bot-341	alpha	bot-257	bravo	cz_805_bren	bullet	24.00	48.17	-4.31	29.91	24.61	22.27	29.91
2077632	kill	bot-351	alpha	bot-330	bravo	five_seven	bullet	20.00	0.00	-89.64	-4.34	-78.92	-3.34	10.77
2079460	damage	bot-334	bravo	bot-350	alpha	five_seven	bullet	20.00	75.65	-78.95	5.74	-89.06	2.88	10.51
2079460	damage	bot-352	alpha	bot-334	bravo	m1911	bullet	33.00	39.01	-90.52	-0.32	-78.95	5.74	13.06
2079672	damage	bot-341	alpha	bot-345	bravo	cz_805_bren	bullet	24.00	48.16	-2.73	29.19	30.91	20.15	34.84
2079878	damage	bot-352	alpha	bot-332	bravo	m1911	bullet	33.00	59.42	-90.52	-0.32	-80.16	-2.24	10.53
2079986	damage	bot-350	alpha	bot-332	bravo	cz_805_bren	bullet	24.00	35.42	-89.49	1.34	-80.43	-1.95	9.64
2080224	damage	bot-341	alpha	bot-316	bravo	cz_805_bren	bullet	24.00	48.65	-2.73	29.19	27.74	18.77	32.20
2080224	damage	bot-350	alpha	bot-332	bravo	cz_805_bren	bullet	24.00	11.42	-89.49	1.34	-80.72	-1.64	9.27
2080224	kill	bot-352	alpha	bot-332	bravo	m1911	bullet	33.00	0.00	-90.52	-0.32	-80.72	-1.64	9.89
2080362	damage	bot-341	alpha	bot-316	bravo	cz_805_bren	bullet	24.00	24.65	-2.73	29.18	27.95	18.78	32.40
2080526	damage	bot-341	alpha	bot-316	bravo	cz_805_bren	bullet	24.00	0.65	-2.73	29.18	28.20	18.79	32.63
2081648	damage	bot-350	alpha	bot-339	bravo	cz_805_bren	bullet	24.00	71.20	-88.53	1.40	-80.72	-0.39	8.01
2082630	damage	bot-288	bravo	bot-335	alpha	m1911	bullet	33.00	39.08	33.03	19.81	4.10	27.19	29.86
2082630	damage	bot-350	alpha	bot-310	bravo	cz_805_bren	bullet	24.00	48.26	-89.59	1.20	-84.72	-21.29	23.01
2082714	damage	bot-341	alpha	bot-288	bravo	cz_805_bren	bullet	24.00	17.77	-0.33	28.24	33.03	19.81	34.40
2082831	kill	bot-341	alpha	bot-288	bravo	cz_805_bren	bullet	24.00	0.00	-0.32	28.25	33.14	19.69	34.54
2083961	damage	bot-339	bravo	bot-352	alpha	cz_805_bren	bullet	24.00	76.00	-80.68	-1.49	-93.12	-0.07	12.52
2084579	damage	bot-326	bravo	bot-354	alpha	five_seven	bullet	20.00	80.00	-83.68	-12.09	-90.28	-0.70	13.16
2084738	damage	bot-326	bravo	bot-354	alpha	five_seven	bullet	20.00	60.00	-83.68	-12.09	-90.28	-0.37	13.46
2086195	damage	bot-350	alpha	bot-326	bravo	cz_805_bren	bullet	24.00	48.26	-91.77	0.37	-83.77	-11.69	14.48
2088013	damage	bot-341	alpha	bot-257	bravo	cz_805_bren	bullet	24.00	48.45	4.27	26.31	12.11	25.91	7.85
2088127	damage	bot-341	alpha	bot-257	bravo	cz_805_bren	bullet	24.00	24.45	4.27	26.31	12.53	26.33	8.26
2090623	kill	bot-352	alpha	bot-339	bravo	m1911	bullet	33.00	0.00	-92.81	-5.28	-83.27	5.21	14.18
2090713	damage	bot-335	alpha	bot-345	bravo	cz_805_bren	bullet	24.00	48.53	8.68	26.55	28.21	20.73	20.37
2090940	damage	bot-335	alpha	bot-345	bravo	cz_805_bren	bullet	24.00	24.53	8.68	26.57	28.48	20.57	20.68
2091140	damage	bot-335	alpha	bot-345	bravo	cz_805_bren	bullet	24.00	0.53	8.68	26.59	28.91	20.30	21.18
2095041	damage	bot-341	alpha	bot-257	bravo	cz_805_bren	bullet	24.00	48.21	5.85	28.88	14.79	29.63	8.96
2095919	damage	bot-310	bravo	bot-351	alpha	five_seven	bullet	20.00	80.00	-84.43	-15.67	-92.44	-4.67	13.60
2096270	damage	bot-310	bravo	bot-351	alpha	five_seven	bullet	20.00	60.00	-84.43	-15.67	-92.59	-3.99	14.24
2096460	damage	bot-310	bravo	bot-351	alpha	five_seven	bullet	20.00	40.00	-84.43	-15.67	-92.63	-3.43	14.73
2096967	damage	bot-326	bravo	bot-351	alpha	five_seven	bullet	20.00	20.00	-83.49	-11.55	-92.84	-1.58	13.68
2097684	damage	bot-316	bravo	bot-335	alpha	cz_805_bren	bullet	24.00	48.82	31.22	19.29	10.33	29.45	23.23
2097873	damage	bot-351	alpha	bot-334	bravo	five_seven	bullet	20.00	10.81	-92.55	1.56	-72.74	14.17	23.48
2098076	damage	bot-335	alpha	bot-257	bravo	cz_805_bren	bullet	24.00	28.71	9.42	29.05	19.84	25.02	11.17
2098076	kill	bot-351	alpha	bot-334	bravo	five_seven	bullet	20.00	0.00	-92.64	1.71	-72.74	14.17	23.47
2098329	damage	bot-335	alpha	bot-257	bravo	cz_805_bren	bullet	24.00	8.97	8.31	28.73	19.84	25.02	12.11
2102600	damage	bot-310	bravo	bot-348	alpha	five_seven	bullet	20.00	52.29	-87.55	-15.63	-95.15	-2.51	15.16
2102836	damage	bot-310	bravo	bot-348	alpha	five_seven	bullet	20.00	32.29	-87.55	-15.63	-95.08	-2.41	15.21
2102836	damage	bot-326	bravo	bot-348	alpha	five_seven	bullet	20.00	12.29	-88.13	-15.00	-95.08	-2.41	14.38
2102946	damage	bot-335	alpha	bot-257	bravo	cz_805_bren	bullet	24.00	32.24	4.76	27.00	19.78	25.08	15.14
2103371	damage	bot-335	alpha	bot-316	bravo	cz_805_bren	bullet	24.00	41.17	4.83	27.38	24.38	23.26	19.98
2103503	damage	bot-335	alpha	bot-316	bravo	cz_805_bren	bullet	24.00	17.17	4.83	27.38	24.71	23.53	20.24
2103628	kill	bot-310	bravo	bot-348	alpha	five_seven	bullet	20.00	0.00	-87.52	-15.79	-93.42	-0.19	16.68
2103628	kill	bot-335	alpha	bot-316	bravo	cz_805_bren	bullet	24.00	0.00	4.83	27.38	25.14	23.91	20.60
2103819	damage	bot-335	alpha	bot-353	bravo	cz_805_bren	bullet	24.00	76.00	4.83	27.38	25.87	22.13	21.68
2103999	damage	bot-335	alpha	bot-353	bravo	cz_805_bren	bullet	24.00	52.00	4.83	27.38	25.67	22.23	21.46
2104177	damage	bot-335	alpha	bot-353	bravo	cz_805_bren	bullet	24.00	28.00	4.83	27.38	25.88	22.37	21.64
2105441	damage	bot-335	alpha	bot-353	bravo	cz_805_bren	bullet	24.00	4.00	4.92	27.16	28.93	23.18	24.34
2105614	damage	bot-345	bravo	bot-341	alpha	cz_805_bren	bullet	24.00	48.30	25.19	19.57	8.66	26.19	17.81
2105734	damage	bot-335	alpha	bot-345	bravo	cz_805_bren	bullet	24.00	71.59	4.92	27.16	25.19	19.57	21.65
2105734	damage	bot-345	bravo	bot-341	alpha	cz_805_bren	bullet	24.00	24.30	25.19	19.57	8.49	26.38	18.04
2105848	damage	bot-335	alpha	bot-345	bravo	cz_805_bren	bullet	24.00	47.59	4.92	27.16	25.22	19.58	21.67
2105974	damage	bot-345	bravo	bot-341	alpha	cz_805_bren	bullet	24.00	0.30	25.38	19.56	8.00	26.97	18.89
2107154	damage	bot-335	alpha	bot-257	bravo	five_seven	bullet	20.00	30.07	5.53	27.10	19.61	25.39	14.19
2107436	kill	bot-335	alpha	bot-353	bravo	five_seven	bullet	20.00	0.00	5.54	27.09	33.87	22.96	28.64
2110881	damage	bot-341	alpha	bot-286	bravo	cz_805_bren	bullet	24.00	17.63	-6.75	32.42	33.99	23.12	41.79
2111682	damage	bot-335	alpha	bot-345	bravo	five_seven	bullet	20.00	29.01	7.79	26.75	35.75	18.87	29.05
2111845	damage	bot-335	alpha	bot-345	bravo	five_seven	bullet	20.00	9.01	7.79	26.75	35.88	18.72	29.21
2111999	kill	bot-335	alpha	bot-345	bravo	five_seven	bullet	20.00	0.00	7.79	26.75	36.23	18.36	29.65
2112570	kill	bot-335	alpha	bot-286	bravo	five_seven	bullet	20.00	0.00	7.83	26.68	39.32	17.16	32.90
2116492	damage	bot-335	alpha	bot-257	bravo	five_seven	bullet	20.00	15.35	16.25	25.39	32.16	18.93	17.17
2116795	damage	bot-335	alpha	bot-257	bravo	five_seven	bullet	20.00	1.54	16.25	25.39	33.10	18.65	18.15
2116950	kill	bot-335	alpha	bot-257	bravo	five_seven	bullet	20.00	0.00	16.25	25.39	33.82	18.94	18.72
2117114	damage	bot-335	alpha	bot-361	bravo	five_seven	bullet	20.00	80.00	16.25	25.39	33.17	18.19	18.39
2117257	damage	bot-335	alpha	bot-361	bravo	five_seven	bullet	20.00	60.00	16.25	25.39	33.17	18.19	18.39
2117417	damage	bot-335	alpha	bot-361	bravo	five_seven	bullet	20.00	40.00	16.25	25.39	33.34	18.03	18.61
2117567	damage	bot-335	alpha	bot-361	bravo	five_seven	bullet	20.00	20.00	16.25	25.39	33.71	17.65	19.10
2120462	damage	bot-335	alpha	bot-361	bravo	five_seven	bullet	20.00	18.61	21.46	23.83	38.30	13.11	19.96
2120606	damage	bot-335	alpha	bot-361	bravo	five_seven	bullet	20.00	1.39	21.47	23.83	38.30	13.11	19.95
2120756	kill	bot-335	alpha	bot-361	bravo	five_seven	bullet	20.00	0.00	21.47	23.83	38.30	13.11	19.95
2123599	damage	bot-341	alpha	bot-359	bravo	cz_805_bren	bullet	24.00	76.00	-26.75	34.38	-68.14	14.73	45.82
2123711	damage	bot-341	alpha	bot-359	bravo	cz_805_bren	bullet	24.00	52.00	-26.75	34.38	-67.97	14.90	45.59
2123711	kill	bot-360	alpha	bot-306	bravo	m24	bullet	95.00	0.00	92.56	-27.09	47.03	-47.62	49.95
2123737	damage	bot-351	alpha	bot-326	bravo	five_seven	bullet	20.00	52.44	-90.47	-1.72	-56.82	-31.44	44.90
2123884	damage	bot-351	alpha	bot-326	bravo	five_seven	bullet	20.00	32.44	-90.46	-1.70	-56.35	-31.67	45.41
2123936	damage	bot-341	alpha	bot-359	bravo	cz_805_bren	bullet	24.00	28.00	-26.75	34.38	-67.23	15.65	44.60
2124026	damage	bot-351	alpha	bot-326	bravo	five_seven	bullet	20.00	12.44	-90.46	-1.70	-55.89	-31.98	45.96
2124196	kill	bot-351	alpha	bot-326	bravo	five_seven	bullet	20.00	0.00	-90.46	-1.70	-55.36	-32.32	46.59
2125065	damage	bot-341	alpha	bot-357	bravo	cz_805_bren	bullet	24.00	76.00	-27.18	34.37	-63.91	15.15	41.45
2125303	damage	bot-341	alpha	bot-357	bravo	cz_805_bren	bullet	24.00	9.27	-27.18	34.37	-62.70	15.75	40.10
2125419	kill	bot-341	alpha	bot-357	bravo	cz_805_bren	bullet	24.00	0.00	-27.18	34.37	-62.10	15.98	39.47
2125773	damage	bot-341	alpha	bot-362	bravo	cz_805_bren	bullet	24.00	64.24	-27.18	34.37	-61.73	20.16	37.35
2125870	kill	bot-362	bravo	bot-341	alpha	m24	bullet	95.00	0.00	-61.73	20.16	-27.18	34.37	37.35
2127646	damage	bot-351	alpha	bot-310	bravo	five_seven	bullet	20.00	52.23	-87.04	-0.48	-59.00	-24.67	37.04
2128228	damage	bot-351	alpha	bot-310	bravo	five_seven	bullet	20.00	32.23	-86.96	-0.58	-57.76	-23.69	37.24
2128526	damage	bot-351	alpha	bot-310	bravo	five_seven	bullet	20.00	12.23	-86.97	-0.58	-56.59	-22.80	37.64
2133265	damage	bot-351	alpha	bot-359	bravo	five_seven	bullet	20.00	52.40	-79.65	-3.61	-62.93	17.81	27.17
2133417	damage	bot-351	alpha	bot-359	bravo	five_seven	bullet	20.00	32.40	-79.65	-3.61	-63.37	18.42	27.40
2134239	damage	bot-351	alpha	bot-359	bravo	five_seven	bullet	20.00	12.40	-79.33	-3.63	-65.88	21.98	28.92
2135350	kill	bot-352	alpha	bot-310	bravo	m24	bullet	95.00	0.00	-88.26	-3.56	-50.08	-22.84	42.78
2136016	damage	bot-351	alpha	bot-364	bravo	five_seven	bullet	20.00	80.00	-79.33	-3.63	-63.83	19.06	27.48
2136175	damage	bot-351	alpha	bot-364	bravo	five_seven	bullet	20.00	60.00	-79.33	-3.63	-63.83	19.06	27.48
2144114	damage	bot-335	alpha	bot-359	bravo	cz_805_bren	bullet	24.00	19.24	-21.97	18.76	-71.93	18.39	49.96
2144712	kill	bot-335	alpha	bot-359	bravo	cz_805_bren	bullet	24.00	0.00	-22.10	18.71	-71.90	17.55	49.81
2148745	kill	bot-352	alpha	bot-362	bravo	m24	bullet	95.00	0.00	-74.52	-4.05	-38.60	29.85	49.38
2150045	kill	bot-328	bravo	bot-358	alpha	m24	bullet	95.00	0.00	18.88	-36.41	83.44	-37.63	64.57
2162696	damage	bot-367	alpha	bot-364	bravo	five_seven	bullet	20.00	52.36	-27.64	20.17	-74.39	10.09	47.82
2166263	damage	bot-370	bravo	bot-371	alpha	m24	bullet	95.00	5.00	12.42	4.94	-30.54	17.63	44.80
2166331	damage	bot-366	bravo	bot-367	alpha	cz_805_bren	bullet	24.00	51.29	13.44	10.24	-33.33	19.60	47.70
2168572	damage	bot-335	alpha	bot-370	bravo	cz_805_bren	bullet	24.00	76.00	-34.34	19.59	12.42	4.94	49.00
2168710	damage	bot-335	alpha	bot-370	bravo	cz_805_bren	bullet	24.00	52.00	-34.34	19.59	12.42	4.94	49.00
2168753	damage	bot-367	alpha	bot-355	bravo	five_seven	bullet	20.00	52.72	-38.39	23.36	-58.04	37.69	24.32
2168933	damage	bot-367	alpha	bot-355	bravo	five_seven	bullet	20.00	32.72	-38.39	23.36	-58.43	38.10	24.88
2169075	damage	bot-335	alpha	bot-370	bravo	cz_805_bren	bullet	24.00	28.00	-34.32	19.62	12.29	4.43	49.03
2169075	damage	bot-367	alpha	bot-355	bravo	five_seven	bullet	20.00	12.72	-38.39	23.36	-58.57	38.25	25.08
2169218	damage	bot-335	alpha	bot-370	bravo	cz_805_bren	bullet	24.00	4.00	-34.32	19.62	12.18	3.91	49.09
2170931	damage	bot-366	bravo	bot-335	alpha	cz_805_bren	bullet	24.00	71.96	13.20	11.18	-30.75	15.73	44.19
2174828	kill	bot-328	bravo	bot-192	alpha	m24	bullet	95.00	0.00	23.33	-37.18	81.07	-31.61	58.01
2176356	damage	bot-335	alpha	bot-370	bravo	five_seven	bullet	20.00	76.02	-16.27	1.24	12.12	-0.31	28.44
2176393	damage	bot-368	bravo	bot-335	alpha	m1911	bullet	33.00	23.21	10.78	1.18	-16.12	1.11	26.90
2176534	damage	bot-373	alpha	bot-368	bravo	cz_805_bren	bullet	24.00	76.00	-18.66	9.33	10.78	1.18	30.55
2176654	damage	bot-373	alpha	bot-368	bravo	cz_805_bren	bullet	24.00	52.00	-18.66	9.33	10.78	1.18	30.55
2176750	kill	bot-368	bravo	bot-335	alpha	m1911	bullet	33.00	0.00	10.86	1.10	-15.22	0.19	26.09
2176783	damage	bot-373	alpha	bot-368	bravo	cz_805_bren	bullet	24.00	28.00	-18.66	9.33	10.91	1.05	30.71
2176899	damage	bot-373	alpha	bot-368	bravo	cz_805_bren	bullet	24.00	4.00	-18.66	9.33	11.01	0.92	30.84
2178121	damage	bot-373	alpha	bot-366	bravo	cz_805_bren	bullet	24.00	76.00	-18.29	9.34	8.02	12.19	26.46
2178251	damage	bot-373	alpha	bot-366	bravo	cz_805_bren	bullet	24.00	52.00	-18.29	9.34	7.53	12.25	25.98
2178573	damage	bot-366	bravo	bot-371	alpha	cz_805_bren	bullet	24.00	48.48	8.11	13.06	-28.39	11.91	36.51
2178573	damage	bot-373	alpha	bot-366	bravo	cz_805_bren	bullet	24.00	28.00	-18.29	9.34	8.26	13.26	26.84
2178751	damage	bot-373	alpha	bot-366	bravo	cz_805_bren	bullet	24.00	4.00	-18.29	9.34	8.65	13.74	27.29
2178870	kill	bot-373	alpha	bot-366	bravo	cz_805_bren	bullet	24.00	0.00	-18.29	9.34	9.03	14.24	27.75
2182578	kill	bot-328	bravo	bot-356	alpha	m24	bullet	95.00	0.00	37.27	-40.34	84.84	-30.55	48.57
2196820	damage	bot-374	bravo	bot-363	alpha	cz_805_bren	bullet	24.00	38.77	54.16	-41.09	68.60	-32.46	16.82
2207033	damage	bot-373	alpha	bot-355	bravo	cz_805_bren	bullet	24.00	48.37	5.42	6.55	-38.58	24.48	47.51
2207162	damage	bot-373	alpha	bot-355	bravo	cz_805_bren	bullet	24.00	24.37	5.42	6.55	-38.77	24.67	47.76
2207242	damage	bot-375	alpha	bot-355	bravo	five_seven	bullet	20.00	4.37	-2.22	8.40	-38.96	24.86	40.26
2207348	kill	bot-373	alpha	bot-355	bravo	cz_805_bren	bullet	24.00	0.00	5.42	6.55	-39.15	25.04	48.25
2207778	damage	bot-376	bravo	bot-365	alpha	five_seven	bullet	20.00	77.27	63.33	-35.45	77.89	-32.34	14.88
2207929	damage	bot-376	bravo	bot-365	alpha	five_seven	bullet	20.00	57.27	63.35	-35.46	77.98	-32.30	14.97
2208083	damage	bot-376	bravo	bot-365	alpha	five_seven	bullet	20.00	37.27	63.37	-35.46	78.06	-32.19	15.05
2208289	damage	bot-376	bravo	bot-365	alpha	five_seven	bullet	20.00	17.27	63.38	-35.47	78.23	-31.94	15.27
2215425	damage	bot-376	bravo	bot-365	alpha	five_seven	bullet	20.00	43.57	69.98	-34.30	81.45	-27.37	13.39
2215575	damage	bot-376	bravo	bot-365	alpha	five_seven	bullet	20.00	26.27	69.98	-34.30	81.45	-27.37	13.40
2215751	damage	bot-376	bravo	bot-365	alpha	five_seven	bullet	20.00	8.93	69.98	-34.30	81.45	-27.38	13.40
2215909	kill	bot-376	bravo	bot-365	alpha	five_seven	bullet	20.00	0.00	70.01	-34.31	81.45	-27.38	13.38
2217675	damage	bot-377	alpha	bot-378	bravo	five_seven	bullet	20.00	80.00	-30.28	20.61	-31.53	30.37	9.84
2217825	damage	bot-377	alpha	bot-378	bravo	five_seven	bullet	20.00	60.00	-30.28	20.61	-31.51	30.45	9.91
2217970	damage	bot-377	alpha	bot-378	bravo	five_seven	bullet	20.00	40.00	-30.28	20.61	-31.37	31.25	10.69
2218090	damage	bot-378	bravo	bot-377	alpha	m1911	bullet	33.00	67.00	-31.27	31.80	-30.28	20.61	11.24
2218145	damage	bot-377	alpha	bot-378	bravo	five_seven	bullet	20.00	20.00	-30.28	20.61	-31.25	31.94	11.37
2218332	kill	bot-377	alpha	bot-378	bravo	five_seven	bullet	20.00	0.00	-30.28	20.61	-31.20	32.84	12.26
2220198	damage	bot-377	alpha	bot-380	bravo	five_seven	bullet	20.00	80.00	-30.96	23.05	-30.00	33.38	10.37
2220357	damage	bot-377	alpha	bot-380	bravo	five_seven	bullet	20.00	60.00	-30.96	23.08	-30.00	33.38	10.33
2221714	damage	bot-328	bravo	bot-379	alpha	m24	bullet	95.00	5.00	70.74	-25.23	23.96	-32.66	47.36
2224130	damage	bot-377	alpha	bot-380	bravo	five_seven	bullet	20.00	52.03	-31.00	30.03	-28.27	38.37	8.77
2224282	damage	bot-377	alpha	bot-380	bravo	five_seven	bullet	20.00	32.03	-31.00	30.03	-27.65	39.02	9.59
2226274	damage	bot-377	alpha	bot-380	bravo	five_seven	bullet	20.00	12.03	-30.95	31.13	-22.19	44.00	15.57
2226448	kill	bot-377	alpha	bot-380	bravo	five_seven	bullet	20.00	0.00	-30.95	31.13	-22.19	43.99	15.56
2227719	damage	bot-377	alpha	bot-382	bravo	five_seven	bullet	20.00	80.00	-31.00	31.42	-23.57	41.74	12.72
2227873	damage	bot-377	alpha	bot-382	bravo	five_seven	bullet	20.00	60.00	-31.00	31.42	-23.79	41.89	12.71
2228045	damage	bot-377	alpha	bot-382	bravo	five_seven	bullet	20.00	40.00	-31.00	31.42	-23.19	42.45	13.52
2228205	damage	bot-377	alpha	bot-382	bravo	five_seven	bullet	20.00	20.00	-31.00	31.42	-22.80	42.80	14.02
2228363	kill	bot-377	alpha	bot-382	bravo	five_seven	bullet	20.00	0.00	-31.00	31.42	-22.24	43.29	14.76
2233062	damage	bot-383	alpha	bot-376	bravo	five_seven	bullet	20.00	79.96	23.71	-32.71	53.29	-34.59	29.64
2234376	damage	bot-376	bravo	bot-383	alpha	five_seven	bullet	20.00	80.00	53.27	-34.61	23.88	-32.73	29.45
2234525	damage	bot-376	bravo	bot-383	alpha	five_seven	bullet	20.00	60.00	53.27	-34.61	24.04	-32.74	29.30
2234675	damage	bot-376	bravo	bot-383	alpha	five_seven	bullet	20.00	40.00	53.27	-34.61	23.63	-32.78	29.70
2234816	damage	bot-376	bravo	bot-383	alpha	five_seven	bullet	20.00	20.00	53.27	-34.61	22.89	-32.86	30.43
2234995	kill	bot-376	bravo	bot-383	alpha	five_seven	bullet	20.00	0.00	53.27	-34.61	22.15	-32.94	31.17
2235688	damage	bot-376	bravo	bot-379	alpha	five_seven	bullet	20.00	52.03	53.26	-34.61	27.28	-31.72	26.15
2235833	damage	bot-376	bravo	bot-379	alpha	five_seven	bullet	20.00	32.03	53.26	-34.61	27.02	-31.71	26.40
2235978	damage	bot-376	bravo	bot-379	alpha	five_seven	bullet	20.00	12.03	53.26	-34.61	26.52	-31.69	26.90
2236128	kill	bot-376	bravo	bot-379	alpha	five_seven	bullet	20.00	0.00	53.26	-34.61	25.82	-31.66	27.60
2236563	damage	bot-376	bravo	bot-352	alpha	five_seven	bullet	20.00	52.04	53.02	-34.61	36.16	-37.53	17.12
2236717	damage	bot-376	bravo	bot-352	alpha	five_seven	bullet	20.00	32.04	53.02	-34.61	35.57	-38.04	17.79
2241584	damage	bot-376	bravo	bot-385	alpha	five_seven	bullet	20.00	24.90	52.60	-34.91	27.92	-42.33	25.78
2241907	damage	bot-374	bravo	bot-385	alpha	cz_805_bren	bullet	24.00	0.90	59.31	-18.67	26.88	-41.45	39.63
2242420	kill	bot-374	bravo	bot-385	alpha	cz_805_bren	bullet	24.00	0.00	59.37	-18.82	26.69	-41.28	39.66
2243093	damage	bot-376	bravo	bot-352	alpha	five_seven	bullet	20.00	31.51	52.29	-36.94	25.57	-46.94	28.53
2243243	damage	bot-376	bravo	bot-352	alpha	five_seven	bullet	20.00	11.51	52.30	-36.94	25.10	-47.15	29.06
2243388	kill	bot-376	bravo	bot-352	alpha	five_seven	bullet	20.00	0.00	52.30	-36.94	24.58	-47.37	29.61
2244958	damage	bot-381	alpha	bot-372	bravo	cz_805_bren	bullet	24.00	48.45	39.54	-21.91	45.89	-33.67	13.36
2245073	damage	bot-381	alpha	bot-372	bravo	cz_805_bren	bullet	24.00	24.45	39.54	-21.91	46.32	-34.08	13.93
2246734	damage	bot-374	bravo	bot-387	alpha	cz_805_bren	bullet	24.00	76.00	55.16	-21.07	44.52	-23.11	10.83
2246850	damage	bot-374	bravo	bot-387	alpha	cz_805_bren	bullet	24.00	52.00	55.14	-21.11	44.52	-23.11	10.80
2249322	damage	bot-376	bravo	bot-387	alpha	five_seven	bullet	20.00	52.29	46.44	-35.93	45.32	-22.97	13.01
2249486	damage	bot-376	bravo	bot-387	alpha	five_seven	bullet	20.00	32.29	46.44	-35.93	44.75	-22.40	13.63
2250744	damage	bot-376	bravo	bot-381	alpha	five_seven	bullet	20.00	80.00	46.21	-35.37	38.58	-21.21	16.08
2250890	damage	bot-376	bravo	bot-381	alpha	five_seven	bullet	20.00	60.00	46.21	-35.36	38.36	-20.57	16.74
2251034	damage	bot-376	bravo	bot-381	alpha	five_seven	bullet	20.00	40.00	46.21	-35.36	38.14	-19.95	17.39
2251186	damage	bot-376	bravo	bot-381	alpha	five_seven	bullet	20.00	20.00	46.21	-35.35	37.87	-19.19	18.18
2252659	damage	bot-376	bravo	bot-387	alpha	five_seven	bullet	20.00	23.83	47.33	-36.45	40.45	-16.11	21.47
2271829	damage	bot-389	alpha	bot-376	bravo	cz_805_bren	bullet	24.00	42.03	23.90	-6.60	31.40	-21.31	16.52
2272233	damage	bot-389	alpha	bot-376	bravo	cz_805_bren	bullet	24.00	18.03	23.90	-6.60	32.81	-21.33	17.21
2272310	damage	bot-376	bravo	bot-391	alpha	five_seven	bullet	20.00	80.00	33.06	-21.33	28.32	-15.64	7.41
2272477	damage	bot-376	bravo	bot-391	alpha	five_seven	bullet	20.00	60.00	33.81	-21.29	28.70	-15.71	7.57
2272698	kill	bot-391	alpha	bot-376	bravo	five_seven	bullet	20.00	0.00	28.55	-14.80	34.95	-21.24	9.08
2277546	damage	bot-392	bravo	bot-393	alpha	five_seven	bullet	20.00	80.00	-57.01	-28.19	-33.44	-9.07	30.34
2277747	damage	bot-392	bravo	bot-393	alpha	five_seven	bullet	20.00	60.00	-57.01	-28.19	-33.74	-9.37	29.92
2277902	damage	bot-384	bravo	bot-393	alpha	five_seven	bullet	20.00	40.00	-68.73	-27.56	-33.69	-9.12	39.59
2278109	damage	bot-392	bravo	bot-393	alpha	five_seven	bullet	20.00	20.00	-57.01	-28.19	-33.60	-8.60	30.52
2278275	kill	bot-392	bravo	bot-393	alpha	five_seven	bullet	20.00	0.00	-57.01	-28.19	-33.55	-8.35	30.72
2288038	damage	bot-390	bravo	bot-395	alpha	cz_805_bren	bullet	24.00	76.00	-50.25	-21.59	-52.94	16.09	37.78
2288881	damage	bot-391	alpha	bot-394	bravo	five_seven	bullet	20.00	80.00	32.73	-24.12	31.95	-13.08	11.08
2289031	damage	bot-391	alpha	bot-394	bravo	five_seven	bullet	20.00	60.00	32.73	-24.12	31.95	-12.84	11.31
2289188	damage	bot-391	alpha	bot-394	bravo	five_seven	bullet	20.00	40.00	32.73	-24.12	31.70	-12.26	11.91
2289222	damage	bot-394	bravo	bot-389	alpha	m1911	bullet	33.00	67.00	31.60	-12.03	33.62	-20.61	8.81
2289332	damage	bot-391	alpha	bot-394	bravo	five_seven	bullet	20.00	20.00	32.73	-24.12	31.40	-11.57	12.63
2289492	kill	bot-391	alpha	bot-394	bravo	five_seven	bullet	20.00	0.00	32.73	-24.12	30.93	-10.86	13.38
2298556	damage	bot-397	alpha	bot-388	bravo	cz_805_bren	bullet	24.00	60.09	-46.91	-11.01	-50.61	-8.14	4.68
2298691	damage	bot-397	alpha	bot-388	bravo	cz_805_bren	bullet	24.00	36.09	-46.62	-11.35	-50.58	-7.77	5.34
2298802	damage	bot-397	alpha	bot-388	bravo	cz_805_bren	bullet	24.00	12.09	-46.37	-11.63	-50.72	-7.38	6.07
2298932	kill	bot-397	alpha	bot-388	bravo	cz_805_bren	bullet	24.00	0.00	-46.15	-11.88	-51.37	-7.35	6.92
2301135	damage	bot-384	bravo	bot-397	alpha	five_seven	bullet	20.00	80.00	-49.51	-21.17	-44.12	-9.24	13.09
2301276	damage	bot-384	bravo	bot-397	alpha	five_seven	bullet	20.00	60.00	-49.51	-21.17	-44.10	-8.86	13.44
2301398	damage	bot-397	alpha	bot-386	bravo	cz_805_bren	bullet	24.00	43.89	-43.70	-8.27	-43.76	2.85	11.12
2301433	damage	bot-384	bravo	bot-397	alpha	five_seven	bullet	20.00	40.00	-49.51	-21.17	-43.64	-8.19	14.25
2301518	damage	bot-397	alpha	bot-386	bravo	cz_805_bren	bullet	24.00	19.89	-43.35	-7.77	-43.47	3.37	11.14
2301574	damage	bot-384	bravo	bot-397	alpha	five_seven	bullet	20.00	20.00	-49.51	-21.17	-43.19	-7.54	15.02
2301721	kill	bot-384	bravo	bot-397	alpha	five_seven	bullet	20.00	0.00	-49.51	-21.17	-42.74	-6.88	15.82
2309073	damage	bot-389	alpha	bot-398	bravo	cz_805_bren	bullet	24.00	76.00	42.27	-3.84	53.41	8.06	16.30
2312059	damage	bot-391	alpha	bot-396	bravo	five_seven	bullet	20.00	52.25	44.22	-6.27	51.50	-5.13	7.37
2312150	damage	bot-396	bravo	bot-391	alpha	cz_805_bren	bullet	24.00	48.89	51.60	-5.02	44.20	-6.29	7.51
2313889	damage	bot-398	bravo	bot-389	alpha	cz_805_bren	bullet	24.00	43.00	50.83	7.30	42.31	-4.03	14.17
2318385	damage	bot-386	bravo	bot-399	alpha	m24	bullet	95.00	5.00	-43.19	-8.08	10.68	6.73	55.87
2321069	damage	bot-391	alpha	bot-400	bravo	five_seven	bullet	20.00	80.00	41.31	-7.98	50.57	-6.90	9.33
2322466	damage	bot-389	alpha	bot-398	bravo	cz_805_bren	bullet	24.00	52.00	39.83	-6.19	42.92	8.42	14.94
2322590	damage	bot-389	alpha	bot-398	bravo	cz_805_bren	bullet	24.00	28.00	39.83	-6.19	43.14	9.12	15.67
2329536	damage	bot-400	bravo	bot-389	alpha	five_seven	bullet	20.00	75.16	47.09	-4.48	40.80	5.65	11.92
2331860	damage	bot-391	alpha	bot-398	bravo	five_seven	bullet	20.00	52.19	42.52	3.64	49.26	11.91	10.67
2332239	damage	bot-391	alpha	bot-398	bravo	five_seven	bullet	20.00	32.19	42.50	3.58	49.78	13.35	12.18
2332412	damage	bot-391	alpha	bot-398	bravo	five_seven	bullet	20.00	12.19	42.50	3.58	50.07	14.07	12.93
2333735	damage	bot-400	bravo	bot-391	alpha	five_seven	bullet	20.00	52.13	47.45	-3.70	43.29	4.85	9.51
2333939	damage	bot-396	bravo	bot-391	alpha	cz_805_bren	bullet	24.00	28.13	50.33	-3.08	42.60	5.48	11.54
2334945	damage	bot-384	bravo	bot-401	alpha	five_seven	bullet	20.00	80.00	-27.29	0.11	22.53	3.31	49.92
2335101	damage	bot-384	bravo	bot-401	alpha	five_seven	bullet	20.00	60.00	-27.29	0.11	22.52	3.30	49.92
2338239	damage	bot-405	alpha	bot-402	bravo	cz_805_bren	bullet	24.00	76.00	-36.49	22.87	-40.31	36.04	13.71
2338474	damage	bot-405	alpha	bot-402	bravo	cz_805_bren	bullet	24.00	52.00	-36.49	22.87	-40.23	35.78	13.44
2338656	damage	bot-405	alpha	bot-402	bravo	cz_805_bren	bullet	24.00	28.00	-36.49	22.87	-40.47	35.92	13.64
2338809	damage	bot-405	alpha	bot-402	bravo	cz_805_bren	bullet	24.00	4.00	-36.49	22.87	-40.59	36.00	13.76
2339114	kill	bot-405	alpha	bot-402	bravo	cz_805_bren	bullet	24.00	0.00	-36.49	22.87	-40.94	36.33	14.18
2342371	damage	bot-391	alpha	bot-400	bravo	five_seven	bullet	20.00	60.00	38.96	8.31	46.36	-1.63	12.39
2342517	damage	bot-391	alpha	bot-400	bravo	five_seven	bullet	20.00	40.00	38.96	8.31	46.41	-1.70	12.48
2342517	damage	bot-400	bravo	bot-391	alpha	five_seven	bullet	20.00	52.46	46.41	-1.70	38.96	8.31	12.48
2342747	damage	bot-391	alpha	bot-400	bravo	five_seven	bullet	20.00	20.00	38.96	8.31	46.46	-1.77	12.57
2348836	damage	bot-392	bravo	bot-405	alpha	five_seven	bullet	20.00	34.84	-16.97	-1.02	-25.06	11.89	15.24
2348995	damage	bot-392	bravo	bot-405	alpha	five_seven	bullet	20.00	14.84	-16.97	-1.02	-24.92	11.73	15.03
2349157	kill	bot-392	bravo	bot-405	alpha	five_seven	bullet	20.00	0.00	-16.97	-1.02	-24.78	11.59	14.83
2350537	damage	bot-407	alpha	bot-384	bravo	five_seven	bullet	20.00	52.32	-20.66	13.05	-11.61	0.42	15.54
2351793	damage	bot-392	bravo	bot-407	alpha	five_seven	bullet	20.00	35.00	-13.38	1.62	-16.74	9.13	8.22
2351856	damage	bot-407	alpha	bot-392	bravo	five_seven	bullet	20.00	61.49	-16.46	8.84	-13.38	1.62	7.84
2351949	damage	bot-392	bravo	bot-407	alpha	five_seven	bullet	20.00	15.00	-13.38	1.62	-16.09	8.48	7.37
2352095	kill	bot-392	bravo	bot-407	alpha	five_seven	bullet	20.00	0.00	-13.38	1.62	-15.55	7.94	6.68
2358446	damage	bot-408	alpha	bot-400	bravo	m1911	bullet	33.00	39.25	57.74	-8.06	50.68	-2.69	8.87
2358500	damage	bot-373	alpha	bot-386	bravo	cz_805_bren	bullet	24.00	48.08	-61.14	-39.23	-36.15	-12.90	36.31
2359167	damage	bot-408	alpha	bot-396	bravo	m1911	bullet	33.00	39.02	56.68	-7.73	51.50	-5.13	5.80
2360252	damage	bot-408	alpha	bot-396	bravo	m1911	bullet	33.00	6.02	55.17	-7.16	48.75	-2.08	8.19
2360867	damage	bot-396	bravo	bot-401	alpha	cz_805_bren	bullet	24.00	66.05	46.74	-1.22	42.50	-1.62	4.26
2361001	damage	bot-396	bravo	bot-401	alpha	cz_805_bren	bullet	24.00	42.05	46.41	-0.99	42.50	-1.62	3.97
2361025	kill	bot-401	alpha	bot-396	bravo	five_seven	bullet	20.00	0.00	42.40	-1.52	46.28	-0.89	3.93
2361181	damage	bot-391	alpha	bot-398	bravo	five_seven	bullet	20.00	48.00	48.95	11.65	50.77	16.79	5.46
2361233	damage	bot-398	bravo	bot-391	alpha	cz_805_bren	bullet	24.00	28.46	50.67	17.00	48.95	11.65	5.63
2361347	damage	bot-391	alpha	bot-398	bravo	five_seven	bullet	20.00	28.00	48.63	11.35	50.46	17.47	6.39
2363239	damage	bot-398	bravo	bot-389	alpha	cz_805_bren	bullet	24.00	51.16	54.54	22.79	56.58	7.63	15.30
2363601	damage	bot-398	bravo	bot-389	alpha	cz_805_bren	bullet	24.00	27.16	55.61	23.81	57.32	6.78	17.12
2364056	damage	bot-400	bravo	bot-389	alpha	five_seven	bullet	20.00	7.16	47.29	-1.19	57.78	5.61	12.50
2364199	kill	bot-400	bravo	bot-389	alpha	five_seven	bullet	20.00	0.00	47.29	-1.19	57.90	5.13	12.35
2365826	damage	bot-399	alpha	bot-400	bravo	five_seven	bullet	20.00	52.44	39.95	0.70	46.81	-1.21	7.12
2365936	damage	bot-391	alpha	bot-400	bravo	five_seven	bullet	20.00	32.44	46.52	7.78	46.98	-1.55	9.33
2367652	damage	bot-400	bravo	bot-408	alpha	five_seven	bullet	20.00	80.00	52.31	-5.83	53.37	-5.00	1.35
2368178	damage	bot-400	bravo	bot-408	alpha	five_seven	bullet	20.00	60.00	54.52	-7.03	53.37	-4.87	2.45
2368335	damage	bot-400	bravo	bot-408	alpha	five_seven	bullet	20.00	40.00	55.21	-7.28	52.90	-4.52	3.59
2368626	damage	bot-400	bravo	bot-408	alpha	five_seven	bullet	20.00	20.00	56.54	-7.77	51.72	-3.65	6.34
2368776	kill	bot-400	bravo	bot-408	alpha	five_seven	bullet	20.00	0.00	57.18	-8.00	51.11	-3.26	7.70
2372407	damage	bot-398	bravo	bot-391	alpha	cz_805_bren	bullet	24.00	4.46	54.83	23.18	52.98	6.20	17.08
2372651	kill	bot-398	bravo	bot-391	alpha	cz_805_bren	bullet	24.00	0.00	54.83	23.18	53.33	6.28	16.96
2373207	damage	bot-401	alpha	bot-400	bravo	five_seven	bullet	20.00	52.23	44.03	0.93	50.40	-2.99	7.47
2373356	damage	bot-401	alpha	bot-400	bravo	five_seven	bullet	20.00	32.23	43.85	0.80	51.15	-3.08	8.27
2373479	damage	bot-400	bravo	bot-401	alpha	five_seven	bullet	20.00	75.26	51.46	-3.44	43.38	0.48	8.98
2375044	damage	bot-399	alpha	bot-400	bravo	five_seven	bullet	20.00	13.13	42.31	-1.83	53.91	-7.46	12.89
2375338	damage	bot-398	bravo	bot-403	alpha	cz_805_bren	bullet	24.00	76.00	54.82	17.82	54.89	10.85	6.97
2375461	damage	bot-398	bravo	bot-403	alpha	cz_805_bren	bullet	24.00	52.00	54.82	17.82	55.53	10.74	7.12
2375576	damage	bot-398	bravo	bot-403	alpha	cz_805_bren	bullet	24.00	28.00	54.82	17.82	56.06	10.36	7.56
2376327	damage	bot-384	bravo	bot-369	alpha	five_seven	bullet	20.00	71.55	-29.12	-7.37	-52.47	-22.96	28.08
2376490	damage	bot-384	bravo	bot-369	alpha	five_seven	bullet	20.00	51.55	-29.02	-7.12	-52.48	-22.29	27.94
2376870	damage	bot-399	alpha	bot-400	bravo	five_seven	bullet	20.00	25.61	42.52	-2.30	53.91	-7.46	12.51
2377351	damage	bot-399	alpha	bot-400	bravo	five_seven	bullet	20.00	14.23	42.52	-2.35	53.91	-7.46	12.48
2377494	kill	bot-399	alpha	bot-400	bravo	five_seven	bullet	20.00	0.00	42.52	-2.35	53.91	-7.46	12.49
2378250	damage	bot-398	bravo	bot-403	alpha	cz_805_bren	bullet	24.00	26.21	54.30	15.24	59.26	8.09	8.70
2378371	damage	bot-398	bravo	bot-403	alpha	cz_805_bren	bullet	24.00	4.68	54.30	15.24	59.26	8.09	8.70
2378863	kill	bot-398	bravo	bot-403	alpha	cz_805_bren	bullet	24.00	0.00	54.33	14.62	59.74	7.67	8.80
2379770	damage	bot-410	alpha	bot-384	bravo	cz_805_bren	bullet	24.00	48.14	-32.96	-9.19	-29.27	-7.98	3.88
2380548	damage	bot-410	alpha	bot-409	bravo	cz_805_bren	bullet	24.00	49.33	-34.09	-8.88	-32.02	-0.90	8.24
2380659	damage	bot-410	alpha	bot-409	bravo	cz_805_bren	bullet	24.00	25.33	-34.10	-8.91	-31.69	-0.45	8.79
2380691	damage	bot-409	bravo	bot-410	alpha	five_seven	bullet	20.00	74.60	-31.69	-0.45	-34.10	-8.91	8.79
2380780	damage	bot-410	alpha	bot-409	bravo	cz_805_bren	bullet	24.00	1.33	-34.10	-8.91	-31.41	0.12	9.42
2380833	damage	bot-409	bravo	bot-410	alpha	five_seven	bullet	20.00	54.60	-31.34	0.24	-34.10	-8.91	9.56
2381263	kill	bot-410	alpha	bot-409	bravo	cz_805_bren	bullet	24.00	0.00	-33.94	-10.28	-30.23	2.39	13.20
2382036	damage	bot-413	alpha	bot-406	bravo	cz_805_bren	bullet	24.00	76.00	32.01	47.39	31.64	16.21	31.18
2382148	damage	bot-413	alpha	bot-406	bravo	cz_805_bren	bullet	24.00	52.00	32.01	47.39	31.68	15.94	31.45
2382277	damage	bot-413	alpha	bot-406	bravo	cz_805_bren	bullet	24.00	28.00	32.01	47.39	31.65	15.29	32.10
2382399	damage	bot-413	alpha	bot-406	bravo	cz_805_bren	bullet	24.00	4.00	31.99	47.39	31.61	14.67	32.72
2382513	kill	bot-413	alpha	bot-406	bravo	cz_805_bren	bullet	24.00	0.00	31.99	47.39	31.58	14.11	33.28
2382861	damage	bot-413	alpha	bot-404	bravo	cz_805_bren	bullet	24.00	73.36	31.99	47.39	30.91	12.38	35.02
2383059	damage	bot-413	alpha	bot-404	bravo	cz_805_bren	bullet	24.00	49.36	31.99	47.39	30.91	12.38	35.02
2383176	damage	bot-413	alpha	bot-404	bravo	cz_805_bren	bullet	24.00	25.36	31.99	47.39	30.85	12.54	34.87
2383301	damage	bot-413	alpha	bot-404	bravo	cz_805_bren	bullet	24.00	1.36	31.99	47.39	30.75	12.78	34.63
2383728	damage	bot-413	alpha	bot-412	bravo	cz_805_bren	bullet	24.00	76.00	31.97	47.39	31.40	13.42	33.97
2383976	damage	bot-413	alpha	bot-412	bravo	cz_805_bren	bullet	24.00	52.00	31.97	47.39	31.41	13.92	33.47
2384110	damage	bot-413	alpha	bot-412	bravo	cz_805_bren	bullet	24.00	28.00	31.97	47.39	31.43	13.70	33.69
2384229	damage	bot-413	alpha	bot-412	bravo	cz_805_bren	bullet	24.00	4.00	31.97	47.39	31.45	13.51	33.88
2384343	kill	bot-413	alpha	bot-412	bravo	cz_805_bren	bullet	24.00	0.00	31.96	47.39	31.46	13.32	34.07
2389549	damage	bot-384	bravo	bot-377	alpha	five_seven	bullet	20.00	47.00	-32.50	-0.78	-50.99	-34.07	38.07
2390532	damage	bot-399	alpha	bot-398	bravo	five_seven	bullet	20.00	8.00	48.21	0.15	50.10	14.23	14.21
2393009	damage	bot-410	alpha	bot-384	bravo	cz_805_bren	bullet	24.00	48.18	-32.60	-8.78	-32.54	-3.63	5.16
2393032	damage	bot-384	bravo	bot-410	alpha	five_seven	bullet	20.00	52.84	-32.54	-3.63	-32.47	-8.84	5.21
2393099	damage	bot-375	alpha	bot-384	bravo	five_seven	bullet	20.00	28.18	-52.22	-22.35	-32.29	-3.38	27.52
2393123	kill	bot-369	alpha	bot-384	bravo	m24	bullet	95.00	0.00	-63.50	-33.63	-32.22	-3.31	43.56
2393987	damage	bot-373	alpha	bot-392	bravo	cz_805_bren	bullet	24.00	48.22	-29.00	-7.46	-29.52	1.16	8.63
2394116	damage	bot-373	alpha	bot-392	bravo	cz_805_bren	bullet	24.00	24.22	-29.00	-7.45	-29.94	0.85	8.35
2394237	damage	bot-373	alpha	bot-392	bravo	cz_805_bren	bullet	24.00	0.22	-29.00	-7.45	-30.39	0.50	8.08
2394620	kill	bot-373	alpha	bot-392	bravo	cz_805_bren	bullet	24.00	0.00	-29.02	-7.47	-31.71	-0.49	7.48
2397096	damage	bot-414	bravo	bot-401	alpha	cz_805_bren	bullet	24.00	46.24	32.09	-9.90	21.74	-11.38	10.46
2397868	damage	bot-414	bravo	bot-401	alpha	cz_805_bren	bullet	24.00	35.86	32.13	-9.83	21.74	-11.38	10.51
2398625	damage	bot-414	bravo	bot-401	alpha	cz_805_bren	bullet	24.00	24.63	32.14	-9.81	21.74	-11.37	10.51
2398741	damage	bot-414	bravo	bot-401	alpha	cz_805_bren	bullet	24.00	2.66	32.14	-9.81	21.74	-11.37	10.51
2399321	kill	bot-414	bravo	bot-401	alpha	cz_805_bren	bullet	24.00	0.00	31.84	-9.92	21.74	-11.37	10.20
2400924	damage	bot-415	alpha	bot-404	bravo	five_seven	bullet	20.00	52.72	30.08	21.33	31.49	12.11	9.33
2401102	damage	bot-415	alpha	bot-404	bravo	five_seven	bullet	20.00	32.72	30.08	21.33	31.49	11.86	9.58
2401301	damage	bot-415	alpha	bot-404	bravo	five_seven	bullet	20.00	12.72	30.08	21.33	31.49	11.10	10.33
2401533	kill	bot-415	alpha	bot-404	bravo	five_seven	bullet	20.00	0.00	30.08	21.33	31.49	10.35	11.08
2403841	damage	bot-399	alpha	bot-414	bravo	five_seven	bullet	20.00	72.18	41.92	9.69	25.75	-9.77	25.30
2403996	damage	bot-399	alpha	bot-414	bravo	five_seven	bullet	20.00	52.18	41.93	9.71	25.45	-9.72	25.47
2404168	damage	bot-399	alpha	bot-414	bravo	five_seven	bullet	20.00	32.18	41.93	9.71	25.00	-10.17	26.12
2405287	damage	bot-398	bravo	bot-399	alpha	cz_805_bren	bullet	24.00	48.11	50.01	12.60	41.12	8.66	9.73
2405501	damage	bot-398	bravo	bot-399	alpha	cz_805_bren	bullet	24.00	24.11	50.01	12.60	40.54	8.61	10.27
2405630	damage	bot-398	bravo	bot-399	alpha	cz_805_bren	bullet	24.00	0.11	50.01	12.60	40.03	8.57	10.75
2405696	damage	bot-399	alpha	bot-416	bravo	five_seven	bullet	20.00	80.00	39.78	8.55	34.15	8.27	5.63
2405751	kill	bot-398	bravo	bot-399	alpha	cz_805_bren	bullet	24.00	0.00	50.06	12.74	39.53	8.53	11.34
2424214	damage	bot-398	bravo	bot-415	alpha	cz_805_bren	bullet	24.00	76.00	44.19	11.36	13.74	39.74	41.63
2424352	damage	bot-398	bravo	bot-415	alpha	cz_805_bren	bullet	24.00	52.00	44.19	11.36	13.82	39.65	41.51
2602002	damage	bot-398	bravo	bot-415	alpha	cz_805_bren	bullet	24.00	28.00	44.08	11.42	12.60	41.45	43.50
2602463	damage	bot-398	bravo	bot-415	alpha	cz_805_bren	bullet	24.00	4.00	44.03	11.46	12.06	42.18	44.34
2602995	kill	bot-416	bravo	bot-415	alpha	five_seven	bullet	20.00	0.00	37.19	9.61	11.04	43.54	42.83
2607022	kill	bot-417	alpha	bot-414	bravo	m24	bullet	95.00	0.00	-21.70	46.85	20.32	1.76	61.63
2616010	damage	bot-398	bravo	bot-413	alpha	cz_805_bren	bullet	24.00	76.00	25.51	25.56	-6.90	31.63	32.98
2616944	damage	bot-416	bravo	bot-421	alpha	five_seven	bullet	20.00	9.47	21.27	27.48	-10.32	30.32	31.71
2617298	kill	bot-416	bravo	bot-421	alpha	five_seven	bullet	20.00	0.00	21.28	27.51	-11.21	29.34	32.54
2620014	damage	bot-398	bravo	bot-423	alpha	cz_805_bren	bullet	24.00	61.57	18.23	25.40	-11.13	29.14	29.59
2620134	damage	bot-398	bravo	bot-423	alpha	cz_805_bren	bullet	24.00	37.57	18.23	25.40	-11.13	29.14	29.59
2620255	damage	bot-398	bravo	bot-423	alpha	cz_805_bren	bullet	24.00	13.57	18.23	25.40	-10.98	29.39	29.48
2621809	damage	bot-422	bravo	bot-427	alpha	cz_805_bren	bullet	24.00	76.00	-84.12	33.55	-80.71	35.89	4.14
2621935	damage	bot-422	bravo	bot-427	alpha	cz_805_bren	bullet	24.00	52.00	-84.80	33.47	-80.25	36.41	5.41
2622328	damage	bot-427	alpha	bot-422	bravo	cz_805_bren	bullet	24.00	48.18	-79.35	35.20	-85.26	33.39	6.18
2622474	damage	bot-427	alpha	bot-422	bravo	cz_805_bren	bullet	24.00	24.18	-78.95	34.65	-85.81	33.22	7.01
2622592	damage	bot-427	alpha	bot-422	bravo	cz_805_bren	bullet	24.00	0.18	-78.60	34.17	-86.05	32.86	7.57
2627299	kill	bot-426	bravo	bot-373	alpha	m24	bullet	95.00	0.00	-44.79	-5.84	-72.00	33.77	48.05
2629281	damage	bot-398	bravo	bot-377	alpha	cz_805_bren	bullet	24.00	42.53	13.72	18.35	-5.43	-13.27	36.97
2629388	damage	bot-422	bravo	bot-427	alpha	cz_805_bren	bullet	24.00	48.12	-88.65	30.86	-84.43	34.14	5.35
2629594	damage	bot-427	alpha	bot-422	bravo	cz_805_bren	bullet	24.00	32.90	-83.60	34.01	-88.13	30.97	5.46
2634150	damage	bot-410	alpha	bot-429	bravo	cz_805_bren	bullet	24.00	76.00	-86.11	32.90	-86.37	27.86	5.04
2634258	damage	bot-417	alpha	bot-420	bravo	m24	bullet	95.00	5.00	-10.01	43.05	17.29	-20.60	69.26
2634286	damage	bot-410	alpha	bot-429	bravo	cz_805_bren	bullet	24.00	52.00	-85.81	33.75	-86.33	28.50	5.28
2634338	damage	bot-429	bravo	bot-410	alpha	cz_805_bren	bullet	24.00	48.06	-86.37	28.28	-85.69	34.11	5.87
2634433	damage	bot-410	alpha	bot-429	bravo	cz_805_bren	bullet	24.00	28.00	-85.53	34.43	-86.48	27.76	6.74
2634450	damage	bot-429	bravo	bot-410	alpha	cz_805_bren	bullet	24.00	24.06	-86.51	27.64	-85.41	34.59	7.04
2634556	damage	bot-410	alpha	bot-429	bravo	cz_805_bren	bullet	24.00	4.00	-85.08	34.89	-86.62	27.10	7.94
2634778	damage	bot-429	bravo	bot-427	alpha	cz_805_bren	bullet	24.00	48.35	-86.87	25.96	-85.96	32.34	6.44
2635816	kill	bot-398	bravo	bot-377	alpha	cz_805_bren	bullet	24.00	0.00	12.40	12.89	-8.15	-6.37	28.17
2642380	damage	bot-431	bravo	bot-375	alpha	cz_805_bren	bullet	24.00	3.85	-67.00	13.38	-79.06	34.93	24.70
2642502	kill	bot-431	bravo	bot-375	alpha	cz_805_bren	bullet	24.00	0.00	-67.00	13.38	-79.70	34.99	25.07
2643130	damage	bot-430	alpha	bot-420	bravo	five_seven	bullet	20.00	52.01	33.24	9.67	24.83	-29.38	39.95
2643280	damage	bot-430	alpha	bot-420	bravo	five_seven	bullet	20.00	32.01	33.24	9.67	24.85	-29.62	40.18
2643434	damage	bot-430	alpha	bot-420	bravo	five_seven	bullet	20.00	12.01	33.24	9.67	24.88	-30.12	40.66
2643734	kill	bot-430	alpha	bot-420	bravo	five_seven	bullet	20.00	0.00	33.24	9.67	25.12	-31.48	41.95
2644361	damage	bot-416	bravo	bot-430	alpha	five_seven	bullet	20.00	80.00	16.29	7.78	33.23	8.62	16.96
2644962	kill	bot-430	alpha	bot-416	bravo	five_seven	bullet	20.00	0.00	33.26	8.04	19.31	6.54	14.03
2652144	damage	bot-429	bravo	bot-427	alpha	cz_805_bren	bullet	24.00	48.73	-86.09	33.16	-94.58	34.07	8.53
2652264	damage	bot-429	bravo	bot-427	alpha	cz_805_bren	bullet	24.00	24.73	-86.09	33.16	-94.76	33.79	8.69
2652374	damage	bot-429	bravo	bot-427	alpha	cz_805_bren	bullet	24.00	0.73	-86.09	33.16	-94.97	33.51	8.88
2652493	kill	bot-429	bravo	bot-427	alpha	cz_805_bren	bullet	24.00	0.00	-86.09	33.16	-95.29	33.08	9.20
2655444	damage	bot-398	bravo	bot-432	alpha	cz_805_bren	bullet	24.00	76.00	-9.42	8.74	25.66	-18.51	44.42
2655564	damage	bot-398	bravo	bot-432	alpha	cz_805_bren	bullet	24.00	52.00	-9.42	8.74	25.53	-18.39	44.24
2656781	damage	bot-398	bravo	bot-430	alpha	cz_805_bren	bullet	24.00	56.00	-9.25	8.33	26.69	-18.59	44.91
2657413	damage	bot-398	bravo	bot-430	alpha	cz_805_bren	bullet	24.00	32.00	-9.13	8.23	28.63	-19.15	46.64
2667829	damage	bot-410	alpha	bot-426	bravo	cz_805_bren	bullet	24.00	76.00	-91.01	30.65	-84.78	30.23	6.24
2667949	damage	bot-410	alpha	bot-426	bravo	cz_805_bren	bullet	24.00	52.00	-91.00	30.65	-85.19	30.28	5.82
2670686	damage	bot-426	bravo	bot-410	alpha	m1911	bullet	33.00	39.06	-80.64	35.58	-89.12	31.18	9.56
2672232	damage	bot-410	alpha	bot-431	bravo	cz_805_bren	bullet	24.00	76.00	-92.73	30.05	-85.93	31.98	7.07
2673056	damage	bot-436	alpha	bot-398	bravo	cz_805_bren	bullet	24.00	48.02	47.53	-35.60	13.63	-4.25	46.18
2673358	damage	bot-436	alpha	bot-398	bravo	cz_805_bren	bullet	24.00	24.02	47.53	-35.60	12.46	-4.65	46.77
2673757	damage	bot-436	alpha	bot-398	bravo	cz_805_bren	bullet	24.00	0.02	47.53	-35.60	11.23	-4.67	47.70
2673808	damage	bot-426	bravo	bot-410	alpha	m1911	bullet	33.00	6.06	-80.86	35.48	-93.39	25.53	16.00
2680132	damage	bot-398	bravo	bot-417	alpha	cz_805_bren	bullet	24.00	46.96	10.82	-5.16	-18.12	20.32	38.55
2680255	damage	bot-398	bravo	bot-417	alpha	cz_805_bren	bullet	24.00	22.96	10.82	-5.16	-18.77	20.32	39.05
2680514	kill	bot-398	bravo	bot-417	alpha	cz_805_bren	bullet	24.00	0.00	10.82	-5.16	-19.98	20.34	39.98
2683137	kill	bot-438	alpha	bot-398	bravo	five_seven	bullet	20.00	0.00	44.49	-37.12	11.03	-3.47	47.45
2687701	damage	bot-426	bravo	bot-410	alpha	m1911	bullet	33.00	11.19	-89.45	26.33	-87.12	31.96	6.10
2688397	kill	bot-426	bravo	bot-410	alpha	m1911	bullet	33.00	0.00	-88.63	25.57	-84.84	34.59	9.78
2693118	damage	bot-435	bravo	bot-440	alpha	m24	bullet	95.00	5.00	-57.64	7.83	-14.36	22.07	45.55
2693588	kill	bot-439	bravo	bot-440	alpha	cz_805_bren	bullet	24.00	0.00	-37.62	11.65	-12.90	23.51	27.42
2694670	damage	bot-428	alpha	bot-441	bravo	cz_805_bren	bullet	24.00	76.00	22.06	-19.60	-7.02	17.64	47.25
2694670	damage	bot-430	alpha	bot-441	bravo	five_seven	bullet	20.00	56.00	19.09	-10.62	-7.02	17.64	38.48
2694778	damage	bot-436	alpha	bot-441	bravo	cz_805_bren	bullet	24.00	32.00	18.78	-16.31	-6.76	18.12	42.87
2694827	damage	bot-430	alpha	bot-441	bravo	five_seven	bullet	20.00	12.00	19.09	-10.62	-6.61	18.39	38.75
2694942	kill	bot-436	alpha	bot-441	bravo	cz_805_bren	bullet	24.00	0.00	18.78	-16.31	-6.41	18.75	43.17
2696869	damage	bot-432	alpha	bot-439	bravo	m24	bullet	95.00	5.00	22.22	-9.61	-36.49	14.46	63.45
2697296	kill	bot-435	bravo	bot-430	alpha	m24	bullet	95.00	0.00	-55.84	13.65	14.84	-7.19	73.69
2708631	damage	bot-433	bravo	bot-436	alpha	five_seven	bullet	20.00	80.00	-27.73	17.71	12.52	-7.57	47.53
2708787	damage	bot-433	bravo	bot-436	alpha	five_seven	bullet	20.00	60.00	-27.73	17.71	12.25	-7.29	47.15
2708787	damage	bot-439	bravo	bot-436	alpha	cz_805_bren	bullet	24.00	36.00	-29.68	16.05	12.16	-7.39	47.96
2725001	damage	bot-447	bravo	bot-444	alpha	cz_805_bren	bullet	24.00	76.00	58.70	41.40	55.14	17.47	24.19
2725257	damage	bot-447	bravo	bot-444	alpha	cz_805_bren	bullet	24.00	52.00	58.70	41.40	55.76	16.88	24.70
2727090	damage	bot-446	alpha	bot-445	bravo	five_seven	bullet	20.00	80.00	21.30	-4.29	12.58	-6.85	9.08
2727318	damage	bot-445	bravo	bot-428	alpha	cz_805_bren	bullet	24.00	48.03	12.58	-6.85	24.34	-6.83	11.76
2733446	damage	bot-446	alpha	bot-435	bravo	five_seven	bullet	20.00	80.00	25.18	-7.46	4.98	-1.45	21.08
2733581	damage	bot-449	bravo	bot-444	alpha	five_seven	bullet	20.00	52.27	56.68	21.48	59.50	11.59	10.29
2733726	damage	bot-449	bravo	bot-444	alpha	five_seven	bullet	20.00	32.27	56.68	21.48	59.57	10.86	11.01
2733877	damage	bot-449	bravo	bot-444	alpha	five_seven	bullet	20.00	12.27	56.67	21.48	59.64	10.10	11.76
2734018	kill	bot-449	bravo	bot-444	alpha	five_seven	bullet	20.00	0.00	56.67	21.48	59.71	9.41	12.44
2738740	damage	bot-439	bravo	bot-428	alpha	cz_805_bren	bullet	24.00	71.27	13.06	5.44	23.86	-4.84	14.91
2741494	damage	bot-445	bravo	bot-428	alpha	cz_805_bren	bullet	24.00	47.27	12.75	-8.34	23.34	-3.83	11.51
2741494	damage	bot-446	alpha	bot-439	bravo	five_seven	bullet	20.00	45.72	21.19	-5.60	14.38	3.99	11.76
2741566	damage	bot-432	alpha	bot-439	bravo	m1911	bullet	33.00	12.72	22.77	-6.75	14.38	3.99	13.63
2741670	damage	bot-445	bravo	bot-428	alpha	cz_805_bren	bullet	24.00	23.27	12.75	-8.34	23.71	-4.17	11.72
2742014	damage	bot-445	bravo	bot-446	alpha	cz_805_bren	bullet	24.00	76.00	12.75	-8.34	22.28	-4.68	10.21
2745281	damage	bot-432	alpha	bot-445	bravo	m1911	bullet	33.00	0.49	22.26	-6.50	11.16	-9.50	11.50
2745390	kill	bot-445	bravo	bot-432	alpha	cz_805_bren	bullet	24.00	0.00	11.16	-9.50	22.26	-6.50	11.50
2748010	damage	bot-446	alpha	bot-437	bravo	five_seven	bullet	20.00	16.28	25.71	-7.12	7.36	14.91	28.68
2748161	kill	bot-446	alpha	bot-437	bravo	five_seven	bullet	20.00	0.00	25.71	-7.12	7.93	14.40	27.92
2748421	kill	bot-446	alpha	bot-433	bravo	five_seven	bullet	20.00	0.00	25.54	-7.08	6.45	11.37	26.55
2750961	damage	bot-428	alpha	bot-447	bravo	cz_805_bren	bullet	24.00	76.00	24.46	-5.45	63.80	3.64	40.38
2751096	damage	bot-428	alpha	bot-447	bravo	cz_805_bren	bullet	24.00	52.00	24.46	-5.45	63.53	3.66	40.11
2751330	damage	bot-428	alpha	bot-447	bravo	cz_805_bren	bullet	24.00	28.00	24.46	-5.45	63.66	3.94	40.31
2751443	damage	bot-428	alpha	bot-447	bravo	cz_805_bren	bullet	24.00	4.00	24.46	-5.45	63.90	4.45	40.67
2751699	damage	bot-446	alpha	bot-445	bravo	five_seven	bullet	20.00	52.22	24.46	-7.00	15.27	-8.75	9.35
2754444	damage	bot-428	alpha	bot-453	bravo	cz_805_bren	bullet	24.00	76.00	25.97	-4.75	73.35	10.84	49.88
2754565	damage	bot-428	alpha	bot-453	bravo	cz_805_bren	bullet	24.00	52.00	25.97	-4.75	73.35	10.84	49.88
2754677	damage	bot-428	alpha	bot-453	bravo	cz_805_bren	bullet	24.00	28.00	25.97	-4.75	73.36	10.67	49.83
2754821	damage	bot-428	alpha	bot-453	bravo	cz_805_bren	bullet	24.00	4.00	25.97	-4.75	73.36	10.48	49.78
2757416	damage	bot-446	alpha	bot-445	bravo	five_seven	bullet	20.00	52.28	22.81	-6.73	11.67	-10.13	11.64
2759142	damage	bot-446	alpha	bot-445	bravo	five_seven	bullet	20.00	32.28	21.37	-6.86	6.73	-14.89	16.70
2761327	damage	bot-447	bravo	bot-434	alpha	cz_805_bren	bullet	24.00	65.36	64.74	7.10	26.90	-19.69	46.36
2761607	damage	bot-446	alpha	bot-445	bravo	five_seven	bullet	20.00	47.48	20.39	-7.25	6.74	-14.88	15.64
2761753	damage	bot-446	alpha	bot-445	bravo	five_seven	bullet	20.00	30.11	20.39	-7.25	6.74	-14.88	15.64
2761904	damage	bot-446	alpha	bot-445	bravo	five_seven	bullet	20.00	12.83	20.39	-7.25	6.74	-14.88	15.64
2762061	kill	bot-446	alpha	bot-445	bravo	five_seven	bullet	20.00	0.00	20.39	-7.25	6.74	-14.88	15.64
2763521	damage	bot-446	alpha	bot-455	bravo	five_seven	bullet	20.00	80.00	21.77	-6.62	62.72	4.88	42.54
2763820	damage	bot-446	alpha	bot-455	bravo	five_seven	bullet	20.00	60.00	21.77	-6.62	62.72	4.88	42.54
2763970	damage	bot-446	alpha	bot-455	bravo	five_seven	bullet	20.00	40.00	21.77	-6.62	62.89	5.04	42.74
2764127	damage	bot-446	alpha	bot-455	bravo	five_seven	bullet	20.00	20.00	21.77	-6.62	63.26	5.36	43.19
2764271	kill	bot-446	alpha	bot-455	bravo	five_seven	bullet	20.00	0.00	21.77	-6.62	63.72	5.97	43.80
2764815	damage	bot-439	bravo	bot-450	alpha	cz_805_bren	bullet	24.00	48.18	-16.54	24.70	-23.14	23.83	6.65
2764953	damage	bot-439	bravo	bot-450	alpha	cz_805_bren	bullet	24.00	24.18	-16.54	24.70	-23.11	23.35	6.70
2767872	damage	bot-426	bravo	bot-454	alpha	m24	bullet	95.00	5.00	-84.94	-43.17	-21.98	-48.11	63.15
2769075	damage	bot-449	bravo	bot-428	alpha	five_seven	bullet	20.00	75.20	68.51	7.26	45.02	-9.82	29.04
2770558	damage	bot-447	bravo	bot-446	alpha	cz_805_bren	bullet	24.00	44.77	70.79	11.96	28.91	-2.28	44.24
2770680	damage	bot-447	bravo	bot-446	alpha	cz_805_bren	bullet	24.00	20.77	70.79	11.96	29.31	-2.16	43.82
2770735	damage	bot-446	alpha	bot-447	bravo	five_seven	bullet	20.00	75.68	29.31	-2.16	70.79	11.96	43.82
2770820	kill	bot-447	bravo	bot-446	alpha	cz_805_bren	bullet	24.00	0.00	70.79	11.96	29.31	-2.16	43.82
2772116	damage	bot-439	bravo	bot-450	alpha	cz_805_bren	bullet	24.00	48.18	-19.43	24.23	-22.85	22.39	3.89
2772243	damage	bot-439	bravo	bot-450	alpha	cz_805_bren	bullet	24.00	24.18	-19.03	24.66	-23.05	21.76	4.96
2772243	damage	bot-450	alpha	bot-439	bravo	cz_805_bren	bullet	24.00	48.13	-23.05	21.76	-18.94	24.72	5.07
2773007	kill	bot-443	bravo	bot-454	alpha	m24	bullet	95.00	0.00	-73.83	-41.87	-17.22	-48.11	56.96
2773909	damage	bot-439	bravo	bot-450	alpha	cz_805_bren	bullet	24.00	0.18	-14.41	21.18	-26.82	17.54	12.94
2773909	damage	bot-450	alpha	bot-439	bravo	cz_805_bren	bullet	24.00	24.13	-26.82	17.54	-14.40	21.26	12.97
2774179	kill	bot-439	bravo	bot-450	alpha	cz_805_bren	bullet	24.00	0.00	-14.32	21.80	-26.82	17.54	13.20
2774308	damage	bot-428	alpha	bot-457	bravo	cz_805_bren	bullet	24.00	76.00	47.11	-8.80	76.82	18.31	40.22
2774433	damage	bot-428	alpha	bot-457	bravo	cz_805_bren	bullet	24.00	52.00	47.11	-8.80	76.88	18.35	40.29
2774559	damage	bot-428	alpha	bot-457	bravo	cz_805_bren	bullet	24.00	28.00	47.09	-8.81	77.33	18.67	40.86
2774686	damage	bot-428	alpha	bot-457	bravo	cz_805_bren	bullet	24.00	4.00	47.09	-8.81	77.73	18.96	41.35
2774874	kill	bot-428	alpha	bot-457	bravo	cz_805_bren	bullet	24.00	0.00	47.09	-8.81	78.35	19.40	42.10
2778993	damage	bot-447	bravo	bot-428	alpha	cz_805_bren	bullet	24.00	51.20	71.11	17.34	51.37	-5.67	30.32
2779130	damage	bot-447	bravo	bot-428	alpha	cz_805_bren	bullet	24.00	27.20	71.11	17.34	51.22	-5.79	30.50
2779252	damage	bot-447	bravo	bot-428	alpha	cz_805_bren	bullet	24.00	3.20	71.11	17.34	50.93	-5.99	30.84
2779629	kill	bot-447	bravo	bot-428	alpha	cz_805_bren	bullet	24.00	0.00	71.16	17.36	49.50	-6.99	32.59
2780398	damage	bot-452	alpha	bot-451	bravo	cz_805_bren	bullet	24.00	76.00	-89.17	-9.78	-65.82	-45.59	42.76
2780531	damage	bot-452	alpha	bot-451	bravo	cz_805_bren	bullet	24.00	52.00	-89.16	-9.77	-65.49	-45.60	42.94
2780646	damage	bot-452	alpha	bot-451	bravo	cz_805_bren	bullet	24.00	28.00	-89.16	-9.76	-65.72	-46.08	43.23
2786545	damage	bot-452	alpha	bot-451	bravo	cz_805_bren	bullet	24.00	48.21	-87.54	-12.82	-65.39	-47.62	41.25
2786706	damage	bot-452	alpha	bot-451	bravo	cz_805_bren	bullet	24.00	24.21	-87.54	-12.82	-65.61	-47.99	41.44
2788225	damage	bot-452	alpha	bot-418	bravo	cz_805_bren	bullet	24.00	76.00	-87.03	-13.71	-65.69	-42.82	36.10
2788399	damage	bot-452	alpha	bot-418	bravo	cz_805_bren	bullet	24.00	52.00	-87.03	-13.71	-65.67	-42.85	36.13
2800915	damage	bot-460	alpha	bot-459	bravo	cz_805_bren	bullet	24.00	76.00	-14.43	-44.09	-36.00	-40.62	21.85
2801138	damage	bot-460	alpha	bot-459	bravo	cz_805_bren	bullet	24.00	52.00	-14.40	-44.09	-36.00	-40.62	21.87
2802273	damage	bot-452	alpha	bot-451	bravo	cz_805_bren	bullet	24.00	48.52	-78.94	-25.87	-65.81	-46.19	24.20
2802467	damage	bot-431	bravo	bot-458	alpha	cz_805_bren	bullet	24.00	76.00	-21.24	-45.06	-13.94	-45.37	7.31
2802724	damage	bot-452	alpha	bot-451	bravo	cz_805_bren	bullet	24.00	24.52	-78.85	-26.01	-63.58	-46.41	25.48
2804538	damage	bot-449	bravo	bot-434	alpha	five_seven	bullet	20.00	52.52	66.98	3.97	21.39	-2.37	46.02
2804925	damage	bot-462	alpha	bot-459	bravo	five_seven	bullet	20.00	52.12	-58.86	-34.29	-40.72	-35.80	18.20
2804983	damage	bot-426	bravo	bot-452	alpha	m1911	bullet	33.00	67.00	-84.00	-31.63	-77.87	-27.32	7.49
2805098	damage	bot-462	alpha	bot-459	bravo	five_seven	bullet	20.00	32.12	-58.86	-34.29	-40.48	-36.03	18.46
2805253	damage	bot-462	alpha	bot-459	bravo	five_seven	bullet	20.00	12.12	-58.86	-34.26	-39.92	-36.57	19.08
2805393	kill	bot-462	alpha	bot-459	bravo	five_seven	bullet	20.00	0.00	-58.86	-34.26	-39.38	-37.13	19.69
2805905	damage	bot-426	bravo	bot-452	alpha	m1911	bullet	33.00	34.00	-84.00	-31.63	-78.06	-27.31	7.34
2807280	damage	bot-418	bravo	bot-462	alpha	m1911	bullet	33.00	67.00	-61.41	-47.64	-59.32	-35.36	12.46
2808133	damage	bot-462	alpha	bot-443	bravo	five_seven	bullet	20.00	80.00	-60.15	-35.03	-56.59	-44.21	9.85
2808408	damage	bot-462	alpha	bot-443	bravo	five_seven	bullet	20.00	60.00	-60.15	-35.02	-56.74	-43.74	9.37
2808555	damage	bot-462	alpha	bot-443	bravo	five_seven	bullet	20.00	40.00	-60.15	-35.02	-56.47	-43.54	9.29
2808700	damage	bot-426	bravo	bot-448	alpha	m1911	bullet	33.00	67.00	-83.80	-31.62	-79.51	-23.76	8.95
2808700	damage	bot-462	alpha	bot-443	bravo	five_seven	bullet	20.00	20.00	-60.15	-35.02	-56.14	-43.30	9.20
2808905	kill	bot-462	alpha	bot-443	bravo	five_seven	bullet	20.00	0.00	-60.15	-35.02	-55.73	-43.00	9.12
2809042	damage	bot-426	bravo	bot-448	alpha	m1911	bullet	33.00	34.00	-83.80	-31.62	-79.06	-24.37	8.66
2809077	damage	bot-462	alpha	bot-451	bravo	five_seven	bullet	20.00	12.00	-60.15	-35.02	-54.85	-47.54	13.60
2809243	kill	bot-462	alpha	bot-451	bravo	five_seven	bullet	20.00	0.00	-60.16	-35.01	-54.86	-47.55	13.61
2810216	damage	bot-431	bravo	bot-460	alpha	cz_805_bren	bullet	24.00	76.00	-17.58	-42.45	-8.55	-45.79	9.63
2810232	damage	bot-418	bravo	bot-462	alpha	m1911	bullet	33.00	34.00	-60.95	-43.86	-60.18	-35.36	8.54
2810253	damage	bot-462	alpha	bot-418	bravo	five_seven	bullet	20.00	52.16	-60.24	-35.29	-60.95	-43.87	8.60
2810331	damage	bot-431	bravo	bot-460	alpha	cz_805_bren	bullet	24.00	52.00	-17.58	-42.45	-8.19	-46.27	10.13
2814087	damage	bot-460	alpha	bot-465	bravo	cz_805_bren	bullet	24.00	76.00	-7.61	-46.76	-14.57	-39.85	9.81
2814208	damage	bot-460	alpha	bot-465	bravo	cz_805_bren	bullet	24.00	52.00	-7.61	-46.76	-14.77	-39.80	9.99
2814270	damage	bot-465	bravo	bot-456	alpha	five_seven	bullet	20.00	80.00	-14.83	-39.79	-7.05	-35.19	9.03
2814328	damage	bot-460	alpha	bot-465	bravo	cz_805_bren	bullet	24.00	28.00	-7.61	-46.76	-14.87	-39.78	10.08
2814398	damage	bot-458	alpha	bot-465	bravo	cz_805_bren	bullet	24.00	4.00	-8.88	-45.88	-14.94	-39.76	8.61
2814440	damage	bot-465	bravo	bot-456	alpha	five_seven	bullet	20.00	60.00	-14.95	-39.76	-7.05	-34.50	9.50
2814519	kill	bot-458	alpha	bot-465	bravo	cz_805_bren	bullet	24.00	0.00	-8.88	-45.88	-15.24	-39.72	8.85
2814974	damage	bot-439	bravo	bot-456	alpha	cz_805_bren	bullet	24.00	36.00	-4.77	14.66	-5.48	-32.57	47.23
2815086	damage	bot-439	bravo	bot-456	alpha	cz_805_bren	bullet	24.00	12.00	-4.77	14.66	-5.25	-32.28	46.94
2815214	kill	bot-439	bravo	bot-456	alpha	cz_805_bren	bullet	24.00	0.00	-4.77	14.66	-4.84	-31.80	46.45
2816936	damage	bot-452	alpha	bot-418	bravo	cz_805_bren	bullet	24.00	48.14	-71.82	-29.52	-51.21	-34.82	21.29
2817060	damage	bot-452	alpha	bot-418	bravo	cz_805_bren	bullet	24.00	24.14	-71.82	-29.52	-50.77	-35.27	21.82
2817139	damage	bot-462	alpha	bot-418	bravo	five_seven	bullet	20.00	4.14	-60.76	-35.31	-50.48	-35.55	10.28
2817178	kill	bot-452	alpha	bot-418	bravo	cz_805_bren	bullet	24.00	0.00	-71.82	-29.52	-50.35	-35.69	22.35
2820173	kill	bot-426	bravo	bot-448	alpha	m24	bullet	95.00	0.00	-85.81	-29.53	-72.13	-32.80	14.06
2825496	damage	bot-462	alpha	bot-431	bravo	five_seven	bullet	20.00	56.00	-50.35	-35.88	-18.90	-44.52	32.61
2825638	damage	bot-462	alpha	bot-431	bravo	five_seven	bullet	20.00	36.00	-50.35	-35.88	-18.59	-43.90	32.75
2826843	damage	bot-460	alpha	bot-431	bravo	cz_805_bren	bullet	24.00	12.00	-6.92	-28.07	-15.37	-43.78	17.84
2828563	kill	bot-462	alpha	bot-431	bravo	five_seven	bullet	20.00	0.00	-46.73	-37.02	-9.14	-46.06	38.66
2830810	damage	bot-426	bravo	bot-466	alpha	m24	bullet	95.00	5.00	-75.66	-26.46	-64.43	-40.80	18.21
2841221	kill	bot-426	bravo	bot-462	alpha	m24	bullet	95.00	0.00	-75.74	-16.85	-58.78	-44.32	32.28
2845136	damage	bot-468	alpha	bot-471	bravo	cz_805_bren	bullet	24.00	76.00	75.97	-41.37	78.85	-16.14	25.40
2845255	damage	bot-468	alpha	bot-471	bravo	cz_805_bren	bullet	24.00	52.00	75.97	-41.37	78.85	-16.21	25.32
2845381	damage	bot-468	alpha	bot-471	bravo	cz_805_bren	bullet	24.00	28.00	75.97	-41.37	79.03	-16.06	25.50
2845515	damage	bot-468	alpha	bot-471	bravo	cz_805_bren	bullet	24.00	4.00	75.97	-41.37	79.36	-15.73	25.86
2845599	kill	bot-470	alpha	bot-471	bravo	five_seven	bullet	20.00	0.00	79.30	-40.09	79.68	-15.41	24.68
2862048	damage	bot-439	bravo	bot-464	alpha	cz_805_bren	bullet	24.00	76.00	-18.77	-8.59	-48.50	-44.13	46.33
2862271	damage	bot-439	bravo	bot-464	alpha	cz_805_bren	bullet	24.00	52.00	-18.77	-8.59	-48.50	-44.12	46.34
2862446	damage	bot-439	bravo	bot-464	alpha	cz_805_bren	bullet	24.00	28.00	-18.77	-8.59	-48.50	-44.34	46.50
2862598	damage	bot-439	bravo	bot-464	alpha	cz_805_bren	bullet	24.00	4.00	-18.77	-8.59	-48.50	-44.69	46.77
2863081	kill	bot-439	bravo	bot-464	alpha	cz_805_bren	bullet	24.00	0.00	-18.85	-8.69	-49.74	-45.41	47.99
2887006	damage	bot-473	bravo	bot-452	alpha	five_seven	bullet	20.00	52.31	-69.95	-45.56	-82.00	-43.16	12.28
2887720	damage	bot-473	bravo	bot-466	alpha	five_seven	bullet	20.00	51.51	-70.21	-45.41	-81.12	-43.95	11.01
2887896	damage	bot-473	bravo	bot-466	alpha	five_seven	bullet	20.00	31.51	-70.20	-45.41	-81.42	-43.17	11.43
2893604	damage	bot-452	alpha	bot-473	bravo	cz_805_bren	bullet	24.00	76.00	-81.53	-40.04	-81.27	-44.14	4.11
2893835	damage	bot-452	alpha	bot-473	bravo	cz_805_bren	bullet	24.00	52.00	-81.72	-39.63	-81.88	-44.15	4.52
2893943	damage	bot-473	bravo	bot-466	alpha	five_seven	bullet	20.00	52.57	-82.33	-44.54	-81.86	-40.76	3.82
2894065	damage	bot-466	alpha	bot-473	bravo	cz_805_bren	bullet	24.00	28.00	-81.89	-40.43	-82.71	-44.90	4.55
2894085	damage	bot-473	bravo	bot-466	alpha	five_seven	bullet	20.00	32.57	-82.85	-45.03	-81.94	-40.18	4.93
2894245	damage	bot-452	alpha	bot-473	bravo	cz_805_bren	bullet	24.00	4.00	-80.17	-39.92	-83.30	-45.45	6.35
2894308	damage	bot-473	bravo	bot-452	alpha	five_seven	bullet	20.00	52.32	-83.56	-45.67	-79.92	-40.27	6.52
2894366	kill	bot-452	alpha	bot-473	bravo	cz_805_bren	bullet	24.00	0.00	-79.96	-40.15	-83.80	-45.88	6.90
2895138	damage	bot-452	alpha	bot-475	bravo	cz_805_bren	bullet	24.00	76.00	-79.17	-39.15	-81.94	-44.38	5.91
2895323	damage	bot-452	alpha	bot-475	bravo	cz_805_bren	bullet	24.00	52.00	-78.94	-38.93	-82.52	-44.29	6.44
2895643	damage	bot-452	alpha	bot-475	bravo	cz_805_bren	bullet	24.00	28.00	-78.57	-38.61	-83.43	-44.36	7.52
2895764	damage	bot-452	alpha	bot-475	bravo	cz_805_bren	bullet	24.00	4.00	-78.36	-38.43	-83.81	-44.68	8.29
2895890	kill	bot-452	alpha	bot-475	bravo	cz_805_bren	bullet	24.00	0.00	-78.24	-38.32	-84.07	-44.90	8.80
2899259	damage	bot-452	alpha	bot-477	bravo	cz_805_bren	bullet	24.00	76.00	-79.94	-40.63	-81.46	-44.44	4.10
2899371	damage	bot-452	alpha	bot-477	bravo	cz_805_bren	bullet	24.00	52.00	-79.60	-40.28	-81.98	-44.46	4.81
2905766	damage	bot-452	alpha	bot-479	bravo	cz_805_bren	bullet	24.00	76.00	-80.11	-38.32	-82.63	-44.35	6.53
2907120	damage	bot-483	bravo	bot-452	alpha	five_seven	bullet	20.00	52.36	-81.85	-44.21	-80.93	-37.64	6.64
2907265	damage	bot-483	bravo	bot-452	alpha	five_seven	bullet	20.00	32.36	-81.85	-44.21	-80.94	-37.11	7.16
2907419	damage	bot-483	bravo	bot-452	alpha	five_seven	bullet	20.00	12.36	-81.85	-44.21	-80.96	-36.47	7.79
2907571	kill	bot-483	bravo	bot-452	alpha	five_seven	bullet	20.00	0.00	-81.85	-44.21	-80.96	-36.05	8.21
2913573	damage	bot-477	bravo	bot-466	alpha	cz_805_bren	bullet	24.00	48.67	-79.19	-45.51	-87.00	-43.67	8.02
2913573	damage	bot-479	bravo	bot-466	alpha	cz_805_bren	bullet	24.00	24.67	-89.74	-41.12	-87.00	-43.67	3.74
2913724	damage	bot-477	bravo	bot-466	alpha	cz_805_bren	bullet	24.00	0.67	-79.19	-45.51	-87.36	-43.37	8.44
2913792	kill	bot-479	bravo	bot-466	alpha	cz_805_bren	bullet	24.00	0.00	-89.94	-40.45	-87.61	-43.15	3.57
2942132	damage	bot-486	alpha	bot-469	bravo	five_seven	bullet	20.00	79.65	-23.83	18.29	-37.52	-14.62	35.65
2946609	damage	bot-486	alpha	bot-467	bravo	five_seven	bullet	20.00	80.00	-29.27	12.51	-35.81	-13.26	26.59
2946759	damage	bot-486	alpha	bot-467	bravo	five_seven	bullet	20.00	60.00	-29.27	12.51	-35.45	-12.73	25.99
2949856	damage	bot-484	alpha	bot-467	bravo	cz_805_bren	bullet	24.00	19.05	-30.99	4.44	-27.37	-17.92	22.65
2949994	kill	bot-484	alpha	bot-467	bravo	cz_805_bren	bullet	24.00	0.00	-30.99	4.44	-26.82	-18.47	23.28
2952378	damage	bot-463	bravo	bot-486	alpha	cz_805_bren	bullet	24.00	76.00	-24.29	-16.23	-35.96	9.35	28.12
2952507	damage	bot-463	bravo	bot-486	alpha	cz_805_bren	bullet	24.00	52.00	-24.29	-16.23	-35.79	8.84	27.58
2960850	damage	bot-486	alpha	bot-463	bravo	five_seven	bullet	20.00	80.00	-28.71	8.56	-28.22	-8.66	17.23
2961010	damage	bot-486	alpha	bot-463	bravo	five_seven	bullet	20.00	60.00	-28.70	8.57	-28.22	-8.66	17.24
2961152	damage	bot-486	alpha	bot-463	bravo	five_seven	bullet	20.00	40.00	-28.70	8.57	-28.22	-8.66	17.24
2962532	damage	bot-483	bravo	bot-488	alpha	m24	bullet	95.00	0.60	-58.42	-34.47	-39.20	14.86	52.94
2968034	kill	bot-487	alpha	bot-461	bravo	m24	bullet	95.00	0.00	-33.93	22.65	-26.22	-18.14	41.51
2969635	damage	bot-492	alpha	bot-463	bravo	five_seven	bullet	20.00	52.36	-30.37	17.28	-29.32	-13.80	31.10
2969843	damage	bot-492	alpha	bot-463	bravo	five_seven	bullet	20.00	32.36	-30.37	17.28	-29.49	-13.99	31.28
2977789	damage	bot-468	alpha	bot-494	bravo	cz_805_bren	bullet	24.00	76.00	75.29	47.43	36.24	43.90	39.20
2978004	damage	bot-468	alpha	bot-494	bravo	cz_805_bren	bullet	24.00	52.00	75.28	47.48	36.49	43.99	38.95
2979607	damage	bot-468	alpha	bot-494	bravo	cz_805_bren	bullet	24.00	28.00	75.65	47.48	32.77	46.89	42.89
2983633	damage	bot-492	alpha	bot-479	bravo	five_seven	bullet	20.00	30.41	-33.93	2.83	-55.59	-23.13	33.81
2985245	damage	bot-486	alpha	bot-485	bravo	five_seven	bullet	20.00	71.24	-30.54	-3.79	-49.86	-24.85	28.59
2986060	damage	bot-486	alpha	bot-485	bravo	five_seven	bullet	20.00	51.24	-30.74	-3.88	-49.67	-24.69	28.13
2986145	damage	bot-492	alpha	bot-479	bravo	five_seven	bullet	20.00	45.16	-34.14	2.06	-55.53	-23.12	33.04
2986211	damage	bot-486	alpha	bot-485	bravo	five_seven	bullet	20.00	31.24	-30.74	-3.88	-49.62	-24.89	28.25
2986899	damage	bot-486	alpha	bot-453	bravo	five_seven	bullet	20.00	52.42	-30.74	-3.85	-22.51	-15.88	14.57
2986960	damage	bot-492	alpha	bot-453	bravo	five_seven	bullet	20.00	32.42	-34.09	2.06	-22.30	-16.04	21.60
2987474	damage	bot-486	alpha	bot-485	bravo	five_seven	bullet	20.00	11.24	-30.73	-3.84	-48.56	-29.37	31.14
2987626	kill	bot-486	alpha	bot-485	bravo	five_seven	bullet	20.00	0.00	-30.73	-3.84	-48.56	-29.37	31.14
2988400	damage	bot-479	bravo	bot-492	alpha	cz_805_bren	bullet	24.00	76.00	-55.41	-23.04	-34.02	1.67	32.68
2988523	damage	bot-479	bravo	bot-492	alpha	cz_805_bren	bullet	24.00	29.22	-55.41	-23.04	-34.29	1.95	32.72
2988657	damage	bot-479	bravo	bot-492	alpha	cz_805_bren	bullet	24.00	5.22	-55.41	-23.04	-34.50	2.19	32.77
2988773	kill	bot-479	bravo	bot-492	alpha	cz_805_bren	bullet	24.00	0.00	-55.41	-23.04	-34.72	2.43	32.81
2993676	damage	bot-489	bravo	bot-468	alpha	cz_805_bren	bullet	24.00	60.72	66.49	14.90	50.56	47.70	36.47
2994842	damage	bot-468	alpha	bot-490	bravo	cz_805_bren	bullet	24.00	57.97	48.73	47.50	66.99	14.80	37.45
2996115	damage	bot-494	bravo	bot-468	alpha	cz_805_bren	bullet	24.00	36.72	40.15	47.17	49.22	46.75	9.09
2996225	damage	bot-491	alpha	bot-494	bravo	cz_805_bren	bullet	24.00	42.28	70.82	49.00	40.15	47.17	30.73
2996225	damage	bot-494	bravo	bot-468	alpha	cz_805_bren	bullet	24.00	12.72	40.15	47.17	49.70	46.97	9.56
2996381	kill	bot-494	bravo	bot-468	alpha	cz_805_bren	bullet	24.00	0.00	40.00	47.19	50.28	47.22	10.28
2996939	damage	bot-476	alpha	bot-494	bravo	cz_805_bren	bullet	24.00	18.28	60.56	48.80	41.52	47.03	19.12
2997131	kill	bot-476	alpha	bot-494	bravo	cz_805_bren	bullet	24.00	0.00	60.56	48.80	41.87	46.99	18.77
3005203	damage	bot-478	alpha	bot-490	bravo	five_seven	bullet	20.00	52.19	84.75	40.12	71.73	18.84	24.94
3005531	damage	bot-478	alpha	bot-490	bravo	five_seven	bullet	20.00	32.19	84.75	40.12	71.74	18.83	24.95
3006975	damage	bot-490	bravo	bot-476	alpha	five_seven	bullet	20.00	52.14	67.39	14.73	44.09	46.87	39.70
3007834	damage	bot-499	alpha	bot-481	bravo	cz_805_bren	bullet	24.00	48.64	-48.35	-36.64	-44.87	-14.17	22.74
3007944	damage	bot-499	alpha	bot-481	bravo	cz_805_bren	bullet	24.00	24.64	-48.35	-36.64	-44.66	-13.95	22.99
3008090	damage	bot-499	alpha	bot-481	bravo	cz_805_bren	bullet	24.00	0.64	-48.35	-36.64	-44.24	-13.57	23.43
3008219	kill	bot-499	alpha	bot-481	bravo	cz_805_bren	bullet	24.00	0.00	-48.35	-36.64	-43.90	-13.23	23.83
3008668	damage	bot-499	alpha	bot-453	bravo	cz_805_bren	bullet	24.00	48.03	-48.35	-36.63	-26.82	-10.64	33.75
3009416	damage	bot-499	alpha	bot-477	bravo	cz_805_bren	bullet	24.00	48.10	-48.37	-36.56	-48.32	1.27	37.83
3010151	damage	bot-490	bravo	bot-491	alpha	five_seven	bullet	20.00	58.70	57.87	5.36	48.44	47.38	43.06
3011332	damage	bot-476	alpha	bot-493	bravo	cz_805_bren	bullet	24.00	44.51	37.34	48.83	67.91	17.63	43.68
3011454	damage	bot-476	alpha	bot-493	bravo	cz_805_bren	bullet	24.00	20.51	37.34	48.83	68.24	17.68	43.88
3011598	kill	bot-476	alpha	bot-493	bravo	cz_805_bren	bullet	24.00	0.00	37.34	48.83	68.65	17.75	44.12
3011843	damage	bot-491	alpha	bot-496	bravo	cz_805_bren	bullet	24.00	66.36	48.83	48.11	67.13	16.45	36.57
3011945	damage	bot-476	alpha	bot-496	bravo	cz_805_bren	bullet	24.00	42.36	37.34	48.84	67.05	16.54	43.88
3012061	damage	bot-476	alpha	bot-496	bravo	cz_805_bren	bullet	24.00	18.36	37.34	48.84	67.34	15.99	44.49
3012404	kill	bot-491	alpha	bot-496	bravo	cz_805_bren	bullet	24.00	0.00	48.75	48.11	67.97	14.52	38.70
3017111	damage	bot-501	alpha	bot-453	bravo	five_seven	bullet	20.00	32.96	-51.67	-21.61	-30.67	-4.00	27.42
3017853	damage	bot-490	bravo	bot-470	alpha	five_seven	bullet	20.00	80.00	50.70	0.50	58.54	31.53	32.00
3018867	damage	bot-501	alpha	bot-479	bravo	five_seven	bullet	20.00	52.81	-50.77	-21.59	-39.46	14.43	37.75
3018925	damage	bot-499	alpha	bot-479	bravo	cz_805_bren	bullet	24.00	28.81	-47.52	-25.00	-39.27	14.65	40.50
3019047	damage	bot-501	alpha	bot-479	bravo	five_seven	bullet	20.00	8.81	-50.76	-21.59	-39.06	14.92	38.34
3020392	damage	bot-490	bravo	bot-480	alpha	five_seven	bullet	20.00	65.69	50.92	1.06	61.90	33.17	33.94
3020860	damage	bot-490	bravo	bot-480	alpha	five_seven	bullet	20.00	45.69	50.93	1.09	61.88	33.15	33.88
3021352	damage	bot-490	bravo	bot-470	alpha	five_seven	bullet	20.00	60.00	50.96	1.07	58.72	30.63	30.56
3021828	kill	bot-489	bravo	bot-478	alpha	cz_805_bren	bullet	24.00	0.00	75.09	22.70	92.01	46.98	29.59
3021983	damage	bot-501	alpha	bot-498	bravo	five_seven	bullet	20.00	80.00	-48.81	-19.96	-34.17	22.49	44.90
3022829	damage	bot-490	bravo	bot-472	alpha	five_seven	bullet	20.00	45.69	51.29	1.28	61.16	34.56	34.71
3023182	damage	bot-490	bravo	bot-472	alpha	five_seven	bullet	20.00	25.69	51.29	1.28	61.81	35.21	35.53
3027795	kill	bot-500	bravo	bot-501	alpha	m24	bullet	95.00	0.00	-39.15	13.33	-55.69	-27.39	43.95
3028416	damage	bot-479	bravo	bot-503	alpha	cz_805_bren	bullet	24.00	76.00	-35.70	19.18	-45.04	-8.95	29.64
3028562	damage	bot-479	bravo	bot-503	alpha	cz_805_bren	bullet	24.00	52.00	-35.70	19.18	-44.80	-8.68	29.30
3028706	damage	bot-479	bravo	bot-503	alpha	cz_805_bren	bullet	24.00	28.00	-35.70	19.18	-44.51	-8.36	28.91
3028706	damage	bot-483	bravo	bot-503	alpha	five_seven	bullet	20.00	8.00	-43.00	0.38	-44.51	-8.36	8.87
3034986	damage	bot-483	bravo	bot-499	alpha	five_seven	bullet	20.00	64.93	-42.83	-6.73	-39.95	-18.25	11.88
3035829	damage	bot-483	bravo	bot-499	alpha	five_seven	bullet	20.00	44.93	-42.75	-6.92	-39.96	-18.00	11.43
3036200	damage	bot-483	bravo	bot-499	alpha	five_seven	bullet	20.00	24.93	-42.74	-6.91	-39.60	-18.37	11.88
3036361	damage	bot-483	bravo	bot-499	alpha	five_seven	bullet	20.00	4.93	-42.74	-6.91	-39.12	-18.88	12.51
3036530	kill	bot-483	bravo	bot-499	alpha	five_seven	bullet	20.00	0.00	-42.74	-6.91	-38.74	-19.25	12.98
3036530	damage	bot-490	bravo	bot-491	alpha	five_seven	bullet	20.00	52.20	54.08	21.35	43.67	32.05	14.93
3039426	damage	bot-498	bravo	bot-505	alpha	five_seven	bullet	20.00	80.00	-39.76	10.40	-55.54	-2.02	20.09
3039617	damage	bot-498	bravo	bot-505	alpha	five_seven	bullet	20.00	60.00	-39.76	10.39	-55.40	-1.91	19.90
3039781	damage	bot-498	bravo	bot-505	alpha	five_seven	bullet	20.00	40.00	-39.76	10.39	-55.85	-2.67	20.73
3039945	damage	bot-498	bravo	bot-505	alpha	five_seven	bullet	20.00	20.00	-39.76	10.39	-56.16	-3.21	21.31
3040002	kill	bot-472	alpha	bot-490	bravo	m24	bullet	95.00	0.00	75.55	46.83	51.06	25.10	32.73
3040107	kill	bot-498	bravo	bot-505	alpha	five_seven	bullet	20.00	0.00	-39.76	10.39	-56.45	-3.67	21.82
3047061	damage	bot-498	bravo	bot-507	alpha	five_seven	bullet	20.00	80.00	-48.84	1.90	-61.11	-4.82	13.99
3047231	damage	bot-479	bravo	bot-507	alpha	cz_805_bren	bullet	24.00	56.00	-39.87	8.02	-61.13	-4.99	24.93
3047231	damage	bot-498	bravo	bot-507	alpha	five_seven	bullet	20.00	36.00	-48.84	1.91	-61.13	-4.99	14.10
3047315	damage	bot-506	bravo	bot-507	alpha	five_seven	bullet	20.00	16.00	-45.03	4.38	-61.15	-5.19	18.75
3047373	kill	bot-479	bravo	bot-507	alpha	cz_805_bren	bullet	24.00	0.00	-39.87	8.02	-61.17	-5.38	25.16
3047578	damage	bot-491	alpha	bot-508	bravo	cz_805_bren	bullet	24.00	76.00	48.17	36.64	82.23	46.22	35.38
3047723	damage	bot-491	alpha	bot-508	bravo	cz_805_bren	bullet	24.00	52.00	48.16	36.63	82.87	46.56	36.11
3054292	damage	bot-489	bravo	bot-491	alpha	cz_805_bren	bullet	24.00	48.50	80.18	48.30	58.78	41.85	22.35
3054422	damage	bot-489	bravo	bot-491	alpha	cz_805_bren	bullet	24.00	24.50	80.18	48.30	58.78	41.85	22.35
3054534	damage	bot-489	bravo	bot-491	alpha	cz_805_bren	bullet	24.00	0.50	80.18	48.30	58.77	41.86	22.35
3054650	kill	bot-489	bravo	bot-491	alpha	cz_805_bren	bullet	24.00	0.00	80.18	48.30	58.63	41.71	22.53
3056945	kill	bot-476	alpha	bot-489	bravo	cz_805_bren	bullet	24.00	0.00	61.64	34.16	82.77	46.98	24.71
3058541	damage	bot-453	bravo	bot-509	alpha	cz_805_bren	bullet	24.00	76.00	-51.38	-7.27	-68.07	15.61	28.31
3065923	damage	bot-509	alpha	bot-504	bravo	five_seven	bullet	20.00	47.62	-68.32	22.58	-61.57	8.07	16.00
3066081	damage	bot-509	alpha	bot-504	bravo	five_seven	bullet	20.00	27.62	-68.33	22.58	-60.98	7.49	16.78
3067048	damage	bot-506	bravo	bot-511	alpha	five_seven	bullet	20.00	80.00	-64.30	1.64	-63.12	21.54	19.93
3067189	damage	bot-506	bravo	bot-511	alpha	five_seven	bullet	20.00	60.00	-64.30	1.64	-63.18	21.40	19.80
3075414	damage	bot-506	bravo	bot-509	alpha	five_seven	bullet	20.00	52.19	-60.69	6.72	-66.11	17.33	11.92
3076773	damage	bot-506	bravo	bot-509	alpha	five_seven	bullet	20.00	32.19	-61.10	7.32	-69.59	20.97	16.08
3076979	damage	bot-506	bravo	bot-509	alpha	five_seven	bullet	20.00	12.19	-61.10	7.32	-69.81	21.19	16.38
3077128	kill	bot-506	bravo	bot-509	alpha	five_seven	bullet	20.00	0.00	-61.10	7.32	-70.34	21.71	17.10
3078224	damage	bot-514	bravo	bot-476	alpha	five_seven	bullet	20.00	75.15	94.67	41.19	78.36	40.60	16.32
3078395	damage	bot-514	bravo	bot-476	alpha	five_seven	bullet	20.00	55.15	94.67	41.19	78.34	40.15	16.36
3082491	damage	bot-511	alpha	bot-506	bravo	five_seven	bullet	20.00	68.45	-67.34	24.55	-64.44	13.57	11.35
3082606	damage	bot-506	bravo	bot-511	alpha	five_seven	bullet	20.00	52.71	-64.44	13.57	-67.35	24.55	11.36
3082648	damage	bot-511	alpha	bot-506	bravo	five_seven	bullet	20.00	48.45	-67.44	24.64	-64.44	13.56	11.48
3082748	damage	bot-506	bravo	bot-511	alpha	five_seven	bullet	20.00	32.71	-64.44	13.56	-67.47	24.66	11.50
3085227	damage	bot-504	bravo	bot-511	alpha	cz_805_bren	bullet	24.00	8.71	-61.44	5.92	-73.52	30.32	27.23
3085375	kill	bot-504	bravo	bot-511	alpha	cz_805_bren	bullet	24.00	0.00	-61.44	5.92	-73.83	30.60	27.62
3098734	damage	bot-512	bravo	bot-476	alpha	cz_805_bren	bullet	24.00	48.24	74.04	47.70	54.10	29.93	26.71
3101036	damage	bot-514	bravo	bot-480	alpha	five_seven	bullet	20.00	52.12	85.78	41.06	78.49	42.91	7.52
3101745	damage	bot-514	bravo	bot-480	alpha	five_seven	bullet	20.00	32.12	86.35	42.20	78.07	41.41	8.32
3104238	damage	bot-480	alpha	bot-512	bravo	m1911	bullet	33.00	67.00	72.21	40.94	70.06	45.72	5.24
3104618	damage	bot-480	alpha	bot-512	bravo	m1911	bullet	33.00	34.00	71.12	41.60	69.29	46.37	5.12
3104901	damage	bot-512	bravo	bot-480	alpha	cz_805_bren	bullet	24.00	8.12	68.86	46.60	70.42	42.02	4.83
3105073	damage	bot-480	alpha	bot-512	bravo	m1911	bullet	33.00	1.00	70.42	42.02	68.65	46.71	5.01
3105377	kill	bot-512	bravo	bot-480	alpha	cz_805_bren	bullet	24.00	0.00	67.87	47.11	69.36	42.66	4.70
3118220	damage	bot-515	alpha	bot-510	bravo	cz_805_bren	bullet	24.00	54.30	28.84	31.33	76.53	45.67	49.80
3118917	damage	bot-519	bravo	bot-518	alpha	m24	bullet	95.00	5.00	14.17	1.70	-16.79	-37.67	50.09
3119883	damage	bot-516	alpha	bot-514	bravo	five_seven	bullet	20.00	69.26	30.74	30.63	75.68	43.74	46.82
3120056	damage	bot-516	alpha	bot-514	bravo	five_seven	bullet	20.00	49.26	30.74	30.63	75.66	44.27	46.95
3121535	damage	bot-470	alpha	bot-519	bravo	five_seven	bullet	20.00	80.00	32.63	10.05	11.74	-0.57	23.43
3121695	damage	bot-470	alpha	bot-519	bravo	five_seven	bullet	20.00	60.00	32.63	10.05	11.48	-0.83	23.79
3123108	damage	bot-470	alpha	bot-479	bravo	five_seven	bullet	20.00	50.93	31.29	8.92	30.80	-38.63	47.56
3127608	kill	bot-508	bravo	bot-517	alpha	m24	bullet	95.00	0.00	70.02	46.61	39.30	31.05	34.43
3128380	damage	bot-514	bravo	bot-520	alpha	m1911	bullet	33.00	67.00	66.75	48.06	41.00	30.88	30.95
3128489	damage	bot-520	alpha	bot-510	bravo	cz_805_bren	bullet	24.00	48.35	41.00	30.88	65.94	46.67	29.51
3128621	damage	bot-520	alpha	bot-510	bravo	cz_805_bren	bullet	24.00	25.28	41.00	30.88	65.75	46.75	29.40
3128777	damage	bot-520	alpha	bot-510	bravo	cz_805_bren	bullet	24.00	1.28	41.00	30.88	65.38	46.89	29.17
3128923	damage	bot-470	alpha	bot-519	bravo	five_seven	bullet	20.00	52.12	30.67	-0.51	-0.35	-10.28	32.52
3129022	kill	bot-520	alpha	bot-510	bravo	cz_805_bren	bullet	24.00	0.00	41.00	30.88	64.31	47.47	28.61
3129079	damage	bot-470	alpha	bot-519	bravo	five_seven	bullet	20.00	32.12	30.67	-0.51	-1.03	-10.38	33.20
3129185	damage	bot-514	bravo	bot-520	alpha	m1911	bullet	33.00	34.00	65.60	47.88	41.00	30.88	29.90
3129221	damage	bot-470	alpha	bot-519	bravo	five_seven	bullet	20.00	12.12	30.67	-0.51	-1.59	-10.48	33.76
3129381	kill	bot-470	alpha	bot-519	bravo	five_seven	bullet	20.00	0.00	30.67	-0.51	-2.43	-10.60	34.61
3129550	damage	bot-514	bravo	bot-520	alpha	m1911	bullet	33.00	1.00	65.60	47.88	40.03	31.03	30.62
3133368	damage	bot-479	bravo	bot-472	alpha	cz_805_bren	bullet	24.00	10.41	30.34	-33.65	42.78	5.24	40.84
3133487	kill	bot-479	bravo	bot-472	alpha	cz_805_bren	bullet	24.00	0.00	30.34	-33.65	42.89	5.34	40.96
3134143	damage	bot-470	alpha	bot-479	bravo	five_seven	bullet	20.00	52.09	31.24	-7.95	31.22	-33.88	25.93
3136039	damage	bot-515	alpha	bot-508	bravo	cz_805_bren	bullet	24.00	7.18	43.90	39.75	76.68	45.27	33.24
3136277	kill	bot-515	alpha	bot-508	bravo	cz_805_bren	bullet	24.00	0.00	43.90	39.75	76.68	45.27	33.24
3136511	kill	bot-515	alpha	bot-514	bravo	cz_805_bren	bullet	24.00	0.00	43.90	39.75	74.14	45.50	30.78
3140706	damage	bot-453	bravo	bot-521	alpha	cz_805_bren	bullet	24.00	76.00	-24.31	-2.97	-15.39	-35.35	33.58
3142709	damage	bot-521	alpha	bot-453	bravo	five_seven	bullet	20.00	75.05	-13.02	-33.30	-21.91	-7.46	27.33
3142895	damage	bot-521	alpha	bot-453	bravo	five_seven	bullet	20.00	55.05	-13.02	-33.30	-21.69	-7.87	26.87
3143043	damage	bot-521	alpha	bot-453	bravo	five_seven	bullet	20.00	35.05	-13.02	-33.31	-21.50	-7.27	27.38
3147108	damage	bot-521	alpha	bot-479	bravo	five_seven	bullet	20.00	45.07	-11.87	-29.68	27.89	-32.86	39.88
3147140	damage	bot-470	alpha	bot-477	bravo	five_seven	bullet	20.00	52.27	26.84	-18.15	1.64	-12.14	25.90
3147739	damage	bot-477	bravo	bot-470	alpha	cz_805_bren	bullet	24.00	48.08	0.69	-11.19	26.81	-18.13	27.02
3150164	damage	bot-479	bravo	bot-470	alpha	cz_805_bren	bullet	24.00	24.08	37.11	-37.19	31.23	-14.84	23.11
3150317	damage	bot-479	bravo	bot-470	alpha	cz_805_bren	bullet	24.00	0.08	37.55	-37.17	30.68	-15.05	23.16
3151881	damage	bot-470	alpha	bot-479	bravo	five_seven	bullet	20.00	25.07	26.34	-13.23	42.78	-39.72	31.18
3152029	damage	bot-470	alpha	bot-479	bravo	five_seven	bullet	20.00	5.07	26.34	-13.23	43.29	-39.87	31.57
3152181	kill	bot-470	alpha	bot-479	bravo	five_seven	bullet	20.00	0.00	26.34	-13.23	43.91	-40.04	32.05
3158988	kill	bot-477	bravo	bot-470	alpha	cz_805_bren	bullet	24.00	0.00	4.73	-10.38	21.83	-15.99	18.00
3163324	damage	bot-477	bravo	bot-521	alpha	cz_805_bren	bullet	24.00	20.63	12.24	-11.30	4.89	-33.01	22.92
3169606	kill	bot-528	bravo	bot-518	alpha	m24	bullet	95.00	0.00	-80.00	3.21	-21.83	-16.39	61.38
3169770	damage	bot-521	alpha	bot-477	bravo	five_seven	bullet	20.00	27.22	4.89	-33.01	22.43	-1.08	36.42
3170095	damage	bot-521	alpha	bot-477	bravo	five_seven	bullet	20.00	7.22	4.89	-33.01	22.75	-0.84	36.79
3170245	kill	bot-521	alpha	bot-477	bravo	five_seven	bullet	20.00	0.00	4.89	-33.01	23.24	-0.47	37.35
3178719	damage	bot-529	alpha	bot-453	bravo	five_seven	bullet	20.00	52.13	7.02	-17.12	-4.40	0.04	20.61
3178895	damage	bot-529	alpha	bot-453	bravo	five_seven	bullet	20.00	32.13	7.02	-17.12	-4.39	0.07	20.63
3179054	damage	bot-529	alpha	bot-453	bravo	five_seven	bullet	20.00	12.13	7.02	-17.12	-4.84	0.45	21.20
3188526	damage	bot-453	bravo	bot-529	alpha	cz_805_bren	bullet	24.00	48.44	-6.12	2.57	12.44	-27.72	35.53
3189058	damage	bot-453	bravo	bot-529	alpha	cz_805_bren	bullet	24.00	24.44	-6.13	2.57	13.31	-28.53	36.68
3189556	damage	bot-521	alpha	bot-532	bravo	five_seven	bullet	20.00	80.00	21.10	-28.00	45.90	-25.51	24.92
3189707	damage	bot-521	alpha	bot-532	bravo	five_seven	bullet	20.00	60.00	21.10	-28.00	45.49	-25.56	24.51
3189861	damage	bot-521	alpha	bot-532	bravo	five_seven	bullet	20.00	40.00	21.10	-28.00	45.83	-25.90	24.82
3191283	kill	bot-528	bravo	bot-521	alpha	m24	bullet	95.00	0.00	-45.69	-8.95	22.74	-27.54	70.91
3197950	damage	bot-529	alpha	bot-532	bravo	five_seven	bullet	20.00	52.34	20.13	-31.53	48.36	-31.10	28.24
3198102	damage	bot-529	alpha	bot-532	bravo	five_seven	bullet	20.00	32.34	20.13	-31.53	48.81	-30.97	28.69
3202784	damage	bot-529	alpha	bot-453	bravo	five_seven	bullet	20.00	32.28	23.80	-30.34	12.70	7.41	39.35
3202940	damage	bot-529	alpha	bot-453	bravo	five_seven	bullet	20.00	12.28	23.80	-30.34	12.72	7.36	39.29
3203125	kill	bot-529	alpha	bot-453	bravo	five_seven	bullet	20.00	0.00	23.80	-30.34	13.07	7.09	38.93
3211235	damage	bot-534	alpha	bot-530	bravo	cz_805_bren	bullet	24.00	48.01	-32.99	-38.88	-27.84	-12.36	27.01
3213410	kill	bot-532	bravo	bot-529	alpha	cz_805_bren	bullet	24.00	0.00	50.43	-27.56	22.66	-14.32	30.76
3215343	damage	bot-523	alpha	bot-535	bravo	m24	bullet	95.00	5.00	34.13	46.67	49.56	-25.64	73.94
3216772	damage	bot-516	alpha	bot-526	bravo	five_seven	bullet	20.00	80.00	32.02	43.95	73.71	16.42	49.96
3216772	damage	bot-526	bravo	bot-516	alpha	five_seven	bullet	20.00	62.84	73.71	16.42	32.02	43.95	49.96
3216941	damage	bot-516	alpha	bot-526	bravo	five_seven	bullet	20.00	60.00	32.02	43.95	73.71	16.42	49.96
3217299	damage	bot-498	bravo	bot-534	alpha	five_seven	bullet	20.00	80.00	-53.60	-41.50	-33.32	-34.54	21.44
3217443	damage	bot-498	bravo	bot-534	alpha	five_seven	bullet	20.00	60.00	-53.60	-41.50	-33.75	-34.99	20.89
3217594	damage	bot-534	alpha	bot-506	bravo	cz_805_bren	bullet	24.00	48.59	-33.89	-35.53	-39.27	-36.19	5.42
3217865	damage	bot-534	alpha	bot-506	bravo	cz_805_bren	bullet	24.00	24.59	-32.97	-36.84	-40.26	-35.28	7.46
3218062	damage	bot-534	alpha	bot-506	bravo	cz_805_bren	bullet	24.00	0.59	-32.35	-37.71	-41.01	-34.30	9.30
3218360	damage	bot-534	alpha	bot-502	bravo	cz_805_bren	bullet	24.00	76.00	-31.46	-38.96	-40.10	-30.04	12.42
3218477	damage	bot-534	alpha	bot-502	bravo	cz_805_bren	bullet	24.00	52.00	-31.18	-39.35	-39.77	-30.37	12.43
3218709	damage	bot-534	alpha	bot-502	bravo	cz_805_bren	bullet	24.00	28.00	-31.18	-39.35	-40.04	-29.29	13.40
3221748	damage	bot-498	bravo	bot-534	alpha	five_seven	bullet	20.00	52.19	-49.09	-40.68	-33.14	-36.87	16.40
3222064	damage	bot-498	bravo	bot-534	alpha	five_seven	bullet	20.00	32.19	-49.09	-40.68	-32.17	-37.85	17.15
3222109	damage	bot-534	alpha	bot-502	bravo	cz_805_bren	bullet	24.00	22.76	-31.94	-38.00	-42.34	-24.91	16.72
3222256	damage	bot-536	alpha	bot-530	bravo	five_seven	bullet	20.00	40.11	-35.58	19.05	-13.21	3.69	27.13
3222409	damage	bot-536	alpha	bot-530	bravo	five_seven	bullet	20.00	22.87	-35.58	19.05	-13.21	3.69	27.13
3222559	damage	bot-536	alpha	bot-530	bravo	five_seven	bullet	20.00	5.57	-35.59	19.05	-13.21	3.69	27.14
3222715	damage	bot-526	bravo	bot-520	alpha	five_seven	bullet	20.00	75.33	73.82	18.00	26.72	33.73	49.65
3222715	kill	bot-536	alpha	bot-530	bravo	five_seven	bullet	20.00	0.00	-35.60	19.05	-13.21	3.69	27.15
3222804	damage	bot-520	alpha	bot-526	bravo	cz_805_bren	bullet	24.00	48.67	26.72	33.73	73.82	18.00	49.65
3227631	damage	bot-506	bravo	bot-534	alpha	five_seven	bullet	20.00	48.88	-37.84	-30.32	-31.66	-39.05	10.69
3227845	damage	bot-506	bravo	bot-534	alpha	five_seven	bullet	20.00	28.88	-37.43	-30.02	-31.62	-39.20	10.87
3227845	damage	bot-536	alpha	bot-504	bravo	five_seven	bullet	20.00	28.38	-38.96	12.51	-45.54	-36.25	49.19
3227999	damage	bot-536	alpha	bot-504	bravo	five_seven	bullet	20.00	10.08	-38.96	12.51	-45.94	-36.54	49.54
3228153	kill	bot-536	alpha	bot-504	bravo	five_seven	bullet	20.00	0.00	-38.96	12.51	-46.37	-36.79	49.85
3228450	damage	bot-506	bravo	bot-534	alpha	five_seven	bullet	20.00	8.88	-34.93	-28.35	-30.70	-41.68	13.98
3228756	kill	bot-523	alpha	bot-526	bravo	m24	bullet	95.00	0.00	23.72	40.48	78.17	13.41	60.81
3229243	damage	bot-536	alpha	bot-498	bravo	five_seven	bullet	20.00	52.61	-38.94	12.07	-46.28	-36.44	49.06
3229390	damage	bot-536	alpha	bot-498	bravo	five_seven	bullet	20.00	32.61	-38.94	12.07	-46.01	-35.74	48.33
3230986	damage	bot-506	bravo	bot-538	alpha	five_seven	bullet	20.00	80.00	-28.52	-21.93	-33.00	-39.63	18.26
3235235	damage	bot-536	alpha	bot-522	bravo	five_seven	bullet	20.00	75.25	-39.68	9.82	-46.25	-36.10	46.39
3235591	damage	bot-536	alpha	bot-522	bravo	five_seven	bullet	20.00	55.25	-39.68	9.82	-47.22	-35.84	46.28
3235951	damage	bot-536	alpha	bot-522	bravo	five_seven	bullet	20.00	35.25	-39.68	9.82	-47.71	-36.31	46.82
3236020	damage	bot-538	alpha	bot-522	bravo	m1911	bullet	33.00	2.25	-33.08	-34.19	-47.88	-36.47	14.97
3236165	kill	bot-536	alpha	bot-522	bravo	five_seven	bullet	20.00	0.00	-39.68	9.82	-48.15	-36.74	47.33
3237062	damage	bot-536	alpha	bot-498	bravo	five_seven	bullet	20.00	52.79	-39.87	9.59	-46.33	-36.30	46.34
3238227	damage	bot-498	bravo	bot-538	alpha	five_seven	bullet	20.00	60.00	-44.56	-33.54	-34.43	-31.74	10.29
3240408	damage	bot-534	alpha	bot-502	bravo	cz_805_bren	bullet	24.00	44.63	-26.21	-48.51	-51.68	-34.24	29.20
3240548	damage	bot-534	alpha	bot-502	bravo	cz_805_bren	bullet	24.00	20.63	-26.21	-48.51	-51.76	-34.25	29.26
3240710	kill	bot-534	alpha	bot-502	bravo	cz_805_bren	bullet	24.00	0.00	-26.21	-48.51	-51.84	-34.25	29.33
3242267	damage	bot-536	alpha	bot-506	bravo	five_seven	bullet	20.00	25.34	-41.84	6.56	-27.81	-22.60	32.35
3242419	damage	bot-536	alpha	bot-506	bravo	five_seven	bullet	20.00	5.34	-41.84	6.56	-27.00	-22.81	32.91
3245150	damage	bot-532	bravo	bot-520	alpha	cz_805_bren	bullet	24.00	51.33	41.93	3.13	40.80	21.34	18.24
3245758	damage	bot-532	bravo	bot-520	alpha	cz_805_bren	bullet	24.00	27.33	41.83	3.40	41.92	23.31	19.91
3247802	damage	bot-498	bravo	bot-538	alpha	five_seven	bullet	20.00	52.21	-39.82	-28.76	-30.94	-36.24	11.61
3247802	damage	bot-536	alpha	bot-539	bravo	five_seven	bullet	20.00	80.00	-38.19	-0.13	-27.50	-23.26	25.48
3248000	damage	bot-498	bravo	bot-538	alpha	five_seven	bullet	20.00	32.21	-39.82	-28.76	-30.95	-35.62	11.21
3248000	damage	bot-536	alpha	bot-539	bravo	five_seven	bullet	20.00	60.00	-38.19	-0.13	-27.68	-23.37	25.50
3248153	damage	bot-498	bravo	bot-538	alpha	five_seven	bullet	20.00	12.21	-39.82	-28.76	-30.97	-35.00	10.83
3248153	damage	bot-538	alpha	bot-498	bravo	m1911	bullet	33.00	39.06	-30.97	-35.00	-39.82	-28.76	10.83
3248303	kill	bot-498	bravo	bot-538	alpha	five_seven	bullet	20.00	0.00	-39.95	-28.63	-30.92	-34.38	10.71
3249760	damage	bot-500	bravo	bot-542	alpha	m1911	bullet	33.00	67.00	-55.45	-34.92	-45.42	-28.59	11.86
3249805	damage	bot-506	bravo	bot-542	alpha	five_seven	bullet	20.00	47.00	-26.93	-24.79	-45.42	-28.59	18.87
3249959	damage	bot-506	bravo	bot-542	alpha	five_seven	bullet	20.00	27.00	-26.93	-24.79	-45.61	-28.79	19.10
3250155	damage	bot-506	bravo	bot-542	alpha	five_seven	bullet	20.00	7.00	-26.93	-24.79	-45.89	-29.07	19.43
3250155	kill	bot-536	alpha	bot-506	bravo	five_seven	bullet	20.00	0.00	-37.52	-1.29	-26.93	-24.79	25.77
3251468	kill	bot-500	bravo	bot-542	alpha	m1911	bullet	33.00	0.00	-57.82	-36.84	-45.87	-29.10	14.24
3252233	damage	bot-535	bravo	bot-525	alpha	five_seven	bullet	20.00	49.23	33.90	5.22	53.61	39.43	39.48
3252956	damage	bot-527	alpha	bot-532	bravo	cz_805_bren	bullet	24.00	48.02	46.01	31.04	36.92	7.75	25.00
3253070	damage	bot-527	alpha	bot-532	bravo	cz_805_bren	bullet	24.00	24.02	46.01	31.04	36.50	7.34	25.54
3253200	damage	bot-527	alpha	bot-532	bravo	cz_805_bren	bullet	24.00	0.02	46.01	31.04	36.13	6.97	26.02
3253314	kill	bot-527	alpha	bot-532	bravo	cz_805_bren	bullet	24.00	0.00	46.01	31.04	35.79	6.64	26.45
3253508	damage	bot-527	alpha	bot-535	bravo	cz_805_bren	bullet	24.00	48.49	46.01	31.03	30.17	2.52	32.62
3253785	damage	bot-527	alpha	bot-535	bravo	cz_805_bren	bullet	24.00	24.49	46.01	31.03	29.44	2.15	33.30
3253970	damage	bot-527	alpha	bot-535	bravo	cz_805_bren	bullet	24.00	0.49	46.01	31.03	28.89	1.86	33.82
3257674	damage	bot-534	alpha	bot-539	bravo	cz_805_bren	bullet	24.00	48.09	-32.68	-33.77	-26.69	-16.43	18.34
3257821	damage	bot-534	alpha	bot-539	bravo	cz_805_bren	bullet	24.00	24.09	-32.68	-33.77	-26.25	-16.15	18.76
3257941	damage	bot-534	alpha	bot-539	bravo	cz_805_bren	bullet	24.00	0.09	-32.68	-33.77	-25.59	-15.71	19.40
3259897	damage	bot-544	alpha	bot-539	bravo	five_seven	bullet	20.00	4.35	-43.06	-31.15	-25.22	-15.49	23.73
3260049	kill	bot-544	alpha	bot-539	bravo	five_seven	bullet	20.00	0.00	-43.06	-31.15	-25.22	-15.49	23.73
3260200	damage	bot-543	bravo	bot-527	alpha	five_seven	bullet	20.00	46.33	35.54	4.94	43.85	26.98	23.55
3260344	damage	bot-543	bravo	bot-527	alpha	five_seven	bullet	20.00	26.33	35.54	4.94	44.53	27.44	24.22
3260495	damage	bot-543	bravo	bot-527	alpha	five_seven	bullet	20.00	6.33	35.54	4.94	45.25	27.92	24.95
3260838	kill	bot-543	bravo	bot-527	alpha	five_seven	bullet	20.00	0.00	35.54	4.94	46.41	28.85	26.27
3262720	damage	bot-543	bravo	bot-516	alpha	five_seven	bullet	20.00	52.82	32.13	6.89	46.71	28.60	26.15
3262915	damage	bot-543	bravo	bot-516	alpha	five_seven	bullet	20.00	32.82	32.13	6.89	47.41	29.01	26.88
3263067	damage	bot-543	bravo	bot-516	alpha	five_seven	bullet	20.00	12.82	32.13	6.89	47.84	29.27	27.35
3263716	kill	bot-543	bravo	bot-516	alpha	five_seven	bullet	20.00	0.00	32.27	7.24	50.62	30.87	29.91
3271859	damage	bot-543	bravo	bot-525	alpha	five_seven	bullet	20.00	52.24	39.68	20.16	61.90	24.57	22.65
3276622	damage	bot-541	bravo	bot-525	alpha	cz_805_bren	bullet	24.00	48.45	41.55	21.16	67.15	20.86	25.60
3276803	damage	bot-541	bravo	bot-525	alpha	cz_805_bren	bullet	24.00	24.45	41.55	21.15	67.27	21.04	25.72
3284851	damage	bot-546	alpha	bot-543	bravo	m24	bullet	95.00	5.00	11.39	-21.29	63.95	20.79	67.34
3285529	damage	bot-545	bravo	bot-525	alpha	five_seven	bullet	20.00	52.30	72.77	17.53	67.59	24.82	8.95
3285709	damage	bot-545	bravo	bot-525	alpha	five_seven	bullet	20.00	32.30	72.77	17.53	67.02	25.28	9.65
3285899	damage	bot-545	bravo	bot-525	alpha	five_seven	bullet	20.00	12.30	72.77	17.53	66.52	25.67	10.27
3286134	damage	bot-525	alpha	bot-545	bravo	cz_805_bren	bullet	24.00	76.00	66.52	25.67	72.77	17.55	10.25
3286134	kill	bot-545	bravo	bot-525	alpha	five_seven	bullet	20.00	0.00	72.77	17.55	66.35	25.86	10.50
3290166	damage	bot-549	bravo	bot-550	alpha	cz_805_bren	bullet	24.00	76.00	36.50	-36.16	10.23	-24.83	28.60
3290330	damage	bot-549	bravo	bot-550	alpha	cz_805_bren	bullet	24.00	52.00	36.49	-36.19	10.23	-24.83	28.61
3290558	damage	bot-549	bravo	bot-550	alpha	cz_805_bren	bullet	24.00	28.00	36.49	-36.19	10.12	-24.70	28.76
3290712	damage	bot-549	bravo	bot-550	alpha	cz_805_bren	bullet	24.00	4.00	36.49	-36.19	9.75	-24.37	29.23
3291128	kill	bot-549	bravo	bot-550	alpha	cz_805_bren	bullet	24.00	0.00	36.49	-36.19	9.02	-23.67	30.18
3295554	damage	bot-544	alpha	bot-500	bravo	five_seven	bullet	20.00	79.06	-44.78	-37.51	-57.50	-43.63	14.11
3295904	damage	bot-544	alpha	bot-500	bravo	five_seven	bullet	20.00	59.06	-44.78	-37.51	-57.54	-43.52	14.10
3296695	kill	bot-546	alpha	bot-541	bravo	m24	bullet	95.00	0.00	19.02	-14.21	70.04	22.26	62.71
3296895	damage	bot-545	bravo	bot-546	alpha	m24	bullet	95.00	5.00	69.20	23.93	19.01	-14.21	63.03
3297367	kill	bot-537	bravo	bot-546	alpha	m24	bullet	95.00	0.00	57.76	5.34	17.68	-13.52	44.29
3299940	damage	bot-544	alpha	bot-500	bravo	five_seven	bullet	20.00	52.03	-51.32	-40.03	-60.07	-46.64	10.97
3300293	damage	bot-544	alpha	bot-500	bravo	five_seven	bullet	20.00	32.03	-51.32	-40.03	-61.72	-46.63	12.32
3301240	damage	bot-552	alpha	bot-551	bravo	five_seven	bullet	20.00	80.00	16.47	-8.03	8.22	1.54	12.63
3301401	damage	bot-552	alpha	bot-551	bravo	five_seven	bullet	20.00	60.00	16.47	-8.03	8.30	1.43	12.50
3301772	damage	bot-552	alpha	bot-551	bravo	five_seven	bullet	20.00	40.00	16.47	-8.03	7.91	1.83	13.05
3301932	damage	bot-552	alpha	bot-551	bravo	five_seven	bullet	20.00	20.00	16.47	-8.03	7.55	2.20	13.57
3302111	kill	bot-552	alpha	bot-551	bravo	five_seven	bullet	20.00	0.00	16.47	-8.03	6.91	2.86	14.49
3303160	damage	bot-545	bravo	bot-548	alpha	m24	bullet	95.00	5.00	63.94	20.39	24.13	-9.17	49.59
3313911	damage	bot-552	alpha	bot-553	bravo	five_seven	bullet	20.00	80.00	18.80	-11.73	-0.98	-27.60	25.36
3316505	damage	bot-552	alpha	bot-553	bravo	five_seven	bullet	20.00	60.00	18.56	-12.28	-4.20	-24.37	25.77
3316650	damage	bot-552	alpha	bot-553	bravo	five_seven	bullet	20.00	40.00	18.56	-12.28	-4.60	-23.91	25.92
3316814	damage	bot-552	alpha	bot-553	bravo	five_seven	bullet	20.00	20.00	18.56	-12.28	-4.98	-23.50	26.08
3319799	damage	bot-543	bravo	bot-552	alpha	five_seven	bullet	20.00	80.00	35.21	2.70	22.47	-10.02	18.00
3319948	damage	bot-543	bravo	bot-552	alpha	five_seven	bullet	20.00	60.00	35.21	2.70	22.67	-10.05	17.88
3320089	damage	bot-543	bravo	bot-552	alpha	five_seven	bullet	20.00	40.00	35.21	2.70	22.49	-10.12	18.06
3320358	damage	bot-543	bravo	bot-554	alpha	five_seven	bullet	20.00	80.00	35.21	2.69	22.06	-7.26	16.49
3320536	damage	bot-543	bravo	bot-554	alpha	five_seven	bullet	20.00	60.00	35.21	2.69	22.04	-7.38	16.58
3320746	damage	bot-543	bravo	bot-554	alpha	five_seven	bullet	20.00	40.00	35.21	2.69	21.87	-7.59	16.85
3320937	damage	bot-543	bravo	bot-554	alpha	five_seven	bullet	20.00	20.00	35.21	2.69	21.65	-7.85	17.18
3321086	kill	bot-543	bravo	bot-554	alpha	five_seven	bullet	20.00	0.00	35.21	2.69	21.22	-8.36	17.83
3349892	damage	bot-558	alpha	bot-555	bravo	cz_805_bren	bullet	24.00	9.63	25.55	-8.14	54.13	6.06	31.92
3350029	kill	bot-558	alpha	bot-555	bravo	cz_805_bren	bullet	24.00	0.00	25.55	-8.14	54.55	6.48	32.48
3362243	damage	bot-547	bravo	bot-552	alpha	cz_805_bren	bullet	24.00	48.06	49.37	13.61	44.05	2.89	11.96
3384220	damage	bot-564	bravo	bot-552	alpha	cz_805_bren	bullet	24.00	48.36	74.10	44.59	41.33	23.23	39.11
3384347	damage	bot-564	bravo	bot-552	alpha	cz_805_bren	bullet	24.00	24.36	74.10	44.59	40.96	22.68	39.72
3384459	damage	bot-564	bravo	bot-552	alpha	cz_805_bren	bullet	24.00	0.36	74.10	44.59	40.71	22.23	40.18
3384580	kill	bot-564	bravo	bot-552	alpha	cz_805_bren	bullet	24.00	0.00	74.09	44.59	40.44	21.64	40.73
3384888	damage	bot-564	bravo	bot-548	alpha	cz_805_bren	bullet	24.00	7.43	74.09	44.59	49.83	26.64	30.18
3384943	damage	bot-558	alpha	bot-564	bravo	cz_805_bren	bullet	24.00	76.00	45.54	21.69	74.09	44.59	36.60
3385060	damage	bot-558	alpha	bot-564	bravo	cz_805_bren	bullet	24.00	52.00	45.54	21.69	74.09	44.59	36.60
3385184	damage	bot-558	alpha	bot-564	bravo	cz_805_bren	bullet	24.00	28.00	45.54	21.69	74.22	44.55	36.68
3385316	damage	bot-558	alpha	bot-564	bravo	cz_805_bren	bullet	24.00	4.00	45.54	21.69	74.43	44.49	36.80
3385356	kill	bot-564	bravo	bot-548	alpha	cz_805_bren	bullet	24.00	0.00	74.53	44.45	49.83	26.64	30.46
3385437	kill	bot-558	alpha	bot-564	bravo	cz_805_bren	bullet	24.00	0.00	45.54	21.69	74.93	44.38	37.13
3387614	damage	bot-559	bravo	bot-558	alpha	five_seven	bullet	20.00	51.19	77.12	46.38	45.98	21.99	39.56
3387764	damage	bot-559	bravo	bot-558	alpha	five_seven	bullet	20.00	31.19	77.12	46.38	45.76	21.96	39.76
3387916	damage	bot-559	bravo	bot-558	alpha	five_seven	bullet	20.00	11.19	77.12	46.38	45.41	21.90	40.06
3389601	damage	bot-557	bravo	bot-560	alpha	cz_805_bren	bullet	24.00	71.02	74.79	46.85	46.61	21.27	38.05
3389730	damage	bot-557	bravo	bot-560	alpha	cz_805_bren	bullet	24.00	47.02	74.79	46.85	45.80	21.29	38.64
3389840	damage	bot-557	bravo	bot-560	alpha	cz_805_bren	bullet	24.00	23.02	74.79	46.85	45.49	21.30	38.88
3389891	damage	bot-559	bravo	bot-560	alpha	five_seven	bullet	20.00	3.02	76.24	45.93	45.14	21.31	39.67
3393484	damage	bot-547	bravo	bot-556	alpha	cz_805_bren	bullet	24.00	52.19	49.17	20.37	53.40	27.03	7.89
3394758	damage	bot-559	bravo	bot-556	alpha	five_seven	bullet	20.00	32.19	74.43	45.05	49.68	30.70	28.61
3394923	damage	bot-559	bravo	bot-556	alpha	five_seven	bullet	20.00	12.19	74.43	45.05	49.68	30.70	28.61
3395066	kill	bot-559	bravo	bot-556	alpha	five_seven	bullet	20.00	0.00	74.43	45.05	49.68	30.70	28.61
3399450	damage	bot-560	alpha	bot-563	bravo	five_seven	bullet	20.00	80.00	41.66	20.68	63.58	40.00	29.22
3399597	damage	bot-558	alpha	bot-563	bravo	cz_805_bren	bullet	24.00	56.00	45.19	24.07	63.90	40.31	24.78
3399597	damage	bot-560	alpha	bot-563	bravo	five_seven	bullet	20.00	36.00	41.64	20.67	63.90	40.31	29.68
3399717	damage	bot-558	alpha	bot-563	bravo	cz_805_bren	bullet	24.00	12.00	45.19	24.07	64.06	40.48	25.01
3399762	kill	bot-560	alpha	bot-563	bravo	five_seven	bullet	20.00	0.00	41.64	20.67	64.20	40.63	30.12
3404152	damage	bot-559	bravo	bot-560	alpha	five_seven	bullet	20.00	52.12	66.72	39.81	44.18	23.45	27.84
3404498	damage	bot-559	bravo	bot-558	alpha	five_seven	bullet	20.00	52.00	66.71	39.82	47.33	25.89	23.87
3404645	damage	bot-559	bravo	bot-558	alpha	five_seven	bullet	20.00	32.00	66.71	39.82	47.16	25.74	24.09
3404704	damage	bot-565	bravo	bot-560	alpha	five_seven	bullet	20.00	32.12	68.40	42.55	42.74	22.00	32.88
3404902	damage	bot-559	bravo	bot-558	alpha	five_seven	bullet	20.00	12.00	66.71	39.83	46.70	25.35	24.69
3406179	kill	bot-557	bravo	bot-558	alpha	cz_805_bren	bullet	24.00	0.00	65.28	41.73	42.68	21.87	30.09
3423589	damage	bot-565	bravo	bot-560	alpha	five_seven	bullet	20.00	52.75	57.13	19.07	48.96	1.20	19.66
3423738	damage	bot-565	bravo	bot-560	alpha	five_seven	bullet	20.00	32.75	57.13	19.07	48.29	1.20	19.94
3426764	damage	bot-559	bravo	bot-560	alpha	five_seven	bullet	20.00	41.78	55.09	15.11	44.21	1.40	17.50
3426918	damage	bot-559	bravo	bot-560	alpha	five_seven	bullet	20.00	25.04	55.09	15.11	44.21	1.40	17.50
3427063	damage	bot-559	bravo	bot-560	alpha	five_seven	bullet	20.00	7.64	55.09	15.11	44.21	1.40	17.50
3427205	kill	bot-559	bravo	bot-560	alpha	five_seven	bullet	20.00	0.00	55.09	15.11	44.18	1.41	17.51
3433465	damage	bot-523	alpha	bot-573	bravo	m24	bullet	95.00	5.00	43.40	-29.47	-13.29	19.57	74.95
3445266	damage	bot-515	alpha	bot-561	bravo	cz_805_bren	bullet	24.00	48.02	46.51	-6.21	50.02	18.43	24.88
3450299	damage	bot-515	alpha	bot-569	bravo	cz_805_bren	bullet	24.00	76.00	47.74	2.73	20.28	27.08	36.70
3460434	damage	bot-571	bravo	bot-536	alpha	cz_805_bren	bullet	24.00	76.00	30.35	19.57	34.95	-6.28	26.25
3460583	damage	bot-571	bravo	bot-536	alpha	cz_805_bren	bullet	24.00	52.00	30.35	19.57	34.95	-6.28	26.25
3463652	damage	bot-579	alpha	bot-573	bravo	five_seven	bullet	20.00	52.23	5.97	-21.59	7.52	13.47	35.09
3463842	damage	bot-579	alpha	bot-573	bravo	five_seven	bullet	20.00	32.23	5.97	-21.59	7.52	14.38	36.00
3463989	damage	bot-579	alpha	bot-573	bravo	five_seven	bullet	20.00	12.23	5.97	-21.59	7.52	15.00	36.62
3464142	kill	bot-579	alpha	bot-573	bravo	five_seven	bullet	20.00	0.00	5.97	-21.59	7.52	15.74	37.36
3464812	damage	bot-524	bravo	bot-513	alpha	cz_805_bren	bullet	24.00	53.74	96.95	12.09	97.60	5.21	6.91
3464928	damage	bot-513	alpha	bot-524	bravo	cz_805_bren	bullet	24.00	76.00	97.41	5.18	96.95	12.09	6.93
3464928	damage	bot-524	bravo	bot-513	alpha	cz_805_bren	bullet	24.00	29.74	96.95	12.09	97.34	5.17	6.93
3465053	damage	bot-524	bravo	bot-513	alpha	cz_805_bren	bullet	24.00	5.74	96.95	12.09	97.07	5.18	6.91
3465203	damage	bot-513	alpha	bot-524	bravo	cz_805_bren	bullet	24.00	52.00	96.94	5.18	96.92	11.88	6.70
3465315	damage	bot-513	alpha	bot-524	bravo	cz_805_bren	bullet	24.00	28.00	96.59	5.19	96.72	12.36	7.17
3465448	damage	bot-513	alpha	bot-524	bravo	cz_805_bren	bullet	24.00	4.00	96.19	5.21	96.52	12.78	7.58
3465448	kill	bot-524	bravo	bot-513	alpha	cz_805_bren	bullet	24.00	0.00	96.52	12.78	96.12	5.21	7.58
3468727	damage	bot-579	alpha	bot-576	bravo	five_seven	bullet	20.00	80.00	8.26	-17.06	34.66	11.79	39.11
3468967	damage	bot-571	bravo	bot-523	alpha	cz_805_bren	bullet	24.00	48.69	31.43	7.60	27.33	-15.40	23.37
3469150	damage	bot-571	bravo	bot-523	alpha	cz_805_bren	bullet	24.00	24.69	31.43	7.60	27.16	-15.58	23.57
3469324	damage	bot-571	bravo	bot-523	alpha	cz_805_bren	bullet	24.00	0.69	31.43	7.60	26.95	-15.81	23.84
3469438	kill	bot-571	bravo	bot-523	alpha	cz_805_bren	bullet	24.00	0.00	31.43	7.60	26.88	-15.88	23.92
3472733	damage	bot-571	bravo	bot-579	alpha	cz_805_bren	bullet	24.00	76.00	32.04	6.15	7.81	-17.38	33.78
3472843	damage	bot-571	bravo	bot-579	alpha	cz_805_bren	bullet	24.00	52.00	32.04	6.15	7.58	-17.61	34.11
3472954	damage	bot-571	bravo	bot-579	alpha	cz_805_bren	bullet	24.00	28.00	32.04	6.15	7.42	-17.77	34.32
3473067	damage	bot-571	bravo	bot-579	alpha	cz_805_bren	bullet	24.00	4.00	32.04	6.15	7.30	-17.89	34.49
3473184	kill	bot-571	bravo	bot-579	alpha	cz_805_bren	bullet	24.00	0.00	32.04	6.15	6.97	-18.22	34.97
3474169	damage	bot-580	bravo	bot-577	alpha	five_seven	bullet	20.00	35.40	36.26	12.14	10.51	-17.59	39.33
3474529	damage	bot-571	bravo	bot-577	alpha	cz_805_bren	bullet	24.00	11.40	31.64	5.50	11.08	-18.24	31.40
3474529	kill	bot-580	bravo	bot-577	alpha	five_seven	bullet	20.00	0.00	36.26	12.14	11.20	-18.33	39.45
3504801	damage	bot-587	bravo	bot-566	alpha	cz_805_bren	bullet	24.00	76.00	1.23	-13.64	-15.44	-38.80	30.19
3504917	damage	bot-587	bravo	bot-566	alpha	cz_805_bren	bullet	24.00	52.00	1.23	-13.64	-15.44	-38.80	30.19
3505083	damage	bot-587	bravo	bot-566	alpha	cz_805_bren	bullet	24.00	28.00	1.23	-13.64	-15.47	-38.96	30.34
3505198	damage	bot-587	bravo	bot-566	alpha	cz_805_bren	bullet	24.00	4.00	1.23	-13.64	-15.49	-39.07	30.44
3505641	kill	bot-587	bravo	bot-566	alpha	cz_805_bren	bullet	24.00	0.00	1.23	-13.64	-15.66	-39.55	30.93
3507425	kill	bot-578	bravo	bot-574	alpha	cz_805_bren	bullet	24.00	0.00	-3.67	-12.75	-16.76	-42.36	32.38
3507707	damage	bot-570	alpha	bot-585	bravo	five_seven	bullet	20.00	80.00	-29.30	-26.24	-3.74	-14.47	28.14
3507883	damage	bot-570	alpha	bot-585	bravo	five_seven	bullet	20.00	60.00	-29.30	-26.24	-3.74	-14.47	28.14
3508315	damage	bot-570	alpha	bot-585	bravo	five_seven	bullet	20.00	40.00	-29.30	-26.24	-3.02	-13.34	29.27
3510636	damage	bot-578	bravo	bot-570	alpha	cz_805_bren	bullet	24.00	76.00	-5.38	-14.00	-28.62	-26.23	26.27
3510785	damage	bot-578	bravo	bot-570	alpha	cz_805_bren	bullet	24.00	52.00	-5.38	-14.00	-28.50	-26.23	26.15
3510910	damage	bot-587	bravo	bot-584	alpha	cz_805_bren	bullet	24.00	76.00	1.29	-13.94	-28.12	-18.87	29.82
3511036	damage	bot-587	bravo	bot-584	alpha	cz_805_bren	bullet	24.00	52.00	1.29	-13.94	-27.83	-18.61	29.49
3512276	damage	bot-568	alpha	bot-587	bravo	cz_805_bren	bullet	24.00	76.00	-11.38	-43.11	2.01	-13.69	32.32
3515441	damage	bot-587	bravo	bot-568	alpha	cz_805_bren	bullet	24.00	48.06	2.22	-14.89	-10.61	-41.28	29.35
3515578	damage	bot-587	bravo	bot-568	alpha	cz_805_bren	bullet	24.00	24.06	2.22	-14.89	-11.09	-41.71	29.95
3515722	damage	bot-578	bravo	bot-568	alpha	cz_805_bren	bullet	24.00	0.06	-8.17	-16.43	-11.67	-42.22	26.03
3516054	kill	bot-587	bravo	bot-568	alpha	cz_805_bren	bullet	24.00	0.00	2.06	-15.43	-12.75	-43.19	31.46
3516397	damage	bot-587	bravo	bot-572	alpha	cz_805_bren	bullet	24.00	48.05	1.94	-15.62	-17.80	-42.89	33.67
3516430	damage	bot-578	bravo	bot-572	alpha	cz_805_bren	bullet	24.00	24.05	-8.34	-17.03	-17.95	-43.00	27.69
3516509	damage	bot-587	bravo	bot-572	alpha	cz_805_bren	bullet	24.00	0.05	1.94	-15.62	-18.32	-43.19	34.22
3517346	damage	bot-589	bravo	bot-562	alpha	five_seven	bullet	20.00	52.12	-5.53	-15.62	-17.69	-41.65	28.74
3517364	damage	bot-587	bravo	bot-562	alpha	cz_805_bren	bullet	24.00	28.12	1.79	-15.86	-17.69	-41.65	32.33
3517495	kill	bot-575	bravo	bot-562	alpha	m24	bullet	95.00	0.00	4.47	-17.75	-17.70	-41.66	32.60
3521903	damage	bot-580	bravo	bot-570	alpha	five_seven	bullet	20.00	52.13	-13.33	-12.06	-52.70	-34.60	45.37
3522060	damage	bot-580	bravo	bot-570	alpha	five_seven	bullet	20.00	32.13	-13.33	-12.06	-51.91	-34.61	44.68
3522201	damage	bot-580	bravo	bot-570	alpha	five_seven	bullet	20.00	12.13	-13.33	-12.06	-51.26	-34.69	44.17
3522351	kill	bot-580	bravo	bot-570	alpha	five_seven	bullet	20.00	0.00	-13.33	-12.06	-51.21	-35.42	44.50
3525729	damage	bot-587	bravo	bot-572	alpha	cz_805_bren	bullet	24.00	26.85	-6.18	-28.07	-17.50	-41.63	17.66
3525857	damage	bot-587	bravo	bot-572	alpha	cz_805_bren	bullet	24.00	2.85	-6.18	-28.07	-17.71	-41.73	17.88
3526104	kill	bot-587	bravo	bot-572	alpha	cz_805_bren	bullet	24.00	0.00	-6.18	-28.07	-18.52	-42.13	18.71
3531832	damage	bot-580	bravo	bot-581	alpha	five_seven	bullet	20.00	52.04	-28.32	-14.90	-45.10	-35.10	26.26
3532012	damage	bot-580	bravo	bot-581	alpha	five_seven	bullet	20.00	32.04	-28.32	-14.90	-45.53	-35.50	26.84
3532175	damage	bot-580	bravo	bot-581	alpha	five_seven	bullet	20.00	12.04	-28.32	-14.90	-45.92	-35.90	27.40
3532334	kill	bot-580	bravo	bot-581	alpha	five_seven	bullet	20.00	0.00	-28.32	-14.90	-46.23	-36.22	27.84
3542648	damage	bot-531	alpha	bot-591	bravo	five_seven	bullet	20.00	80.00	-54.91	-37.03	-88.38	-21.25	37.00
3554644	kill	bot-589	bravo	bot-531	alpha	five_seven	bullet	20.00	0.00	-49.38	-31.35	-54.91	-37.03	7.92
3563049	damage	bot-575	bravo	bot-590	alpha	m24	bullet	95.00	5.00	-31.34	-33.18	-95.60	-1.17	71.79
3564537	damage	bot-593	alpha	bot-591	bravo	five_seven	bullet	20.00	60.00	-96.09	3.23	-83.86	-31.97	37.26
3564697	damage	bot-593	alpha	bot-591	bravo	five_seven	bullet	20.00	40.00	-96.09	3.23	-83.87	-32.19	37.47
3564851	damage	bot-593	alpha	bot-591	bravo	five_seven	bullet	20.00	20.00	-96.09	3.23	-83.89	-32.37	37.63
3565038	kill	bot-593	alpha	bot-591	bravo	five_seven	bullet	20.00	0.00	-96.09	3.23	-83.90	-32.77	38.01
3567485	damage	bot-592	alpha	bot-569	bravo	cz_805_bren	bullet	24.00	52.00	-96.18	-1.10	-58.71	-34.02	49.88
3570537	damage	bot-593	alpha	bot-587	bravo	five_seven	bullet	20.00	56.00	-95.58	-0.90	-55.15	-28.95	49.22
3570805	damage	bot-593	alpha	bot-587	bravo	five_seven	bullet	20.00	36.00	-95.58	-0.90	-54.77	-29.35	49.75
3572278	damage	bot-586	alpha	bot-576	bravo	five_seven	bullet	20.00	46.72	-95.21	-0.39	-59.74	-28.36	45.18
3572885	damage	bot-586	alpha	bot-576	bravo	five_seven	bullet	20.00	26.72	-94.99	-0.69	-58.03	-29.89	47.10
3573086	damage	bot-593	alpha	bot-567	bravo	five_seven	bullet	20.00	80.00	-94.79	-1.73	-53.05	-28.17	49.41
3573260	damage	bot-593	alpha	bot-567	bravo	five_seven	bullet	20.00	60.00	-94.77	-1.73	-53.05	-28.17	49.39
3573860	kill	bot-586	alpha	bot-571	bravo	five_seven	bullet	20.00	0.00	-95.17	-0.64	-61.82	-24.64	41.09
3575201	damage	bot-593	alpha	bot-585	bravo	five_seven	bullet	20.00	52.86	-94.65	-1.77	-56.54	-33.44	49.55
3575387	damage	bot-593	alpha	bot-585	bravo	five_seven	bullet	20.00	32.86	-94.65	-1.77	-56.39	-33.47	49.68
3575540	damage	bot-593	alpha	bot-585	bravo	five_seven	bullet	20.00	12.86	-94.65	-1.77	-56.04	-33.54	50.00
3592703	damage	bot-593	alpha	bot-569	bravo	five_seven	bullet	20.00	75.07	-93.19	-3.07	-58.36	-38.75	49.86
3592849	damage	bot-593	alpha	bot-569	bravo	five_seven	bullet	20.00	55.07	-93.19	-3.07	-58.36	-38.75	49.86
3592907	damage	bot-587	bravo	bot-593	alpha	cz_805_bren	bullet	24.00	76.00	-52.70	-31.70	-93.19	-3.07	49.58
3593275	damage	bot-587	bravo	bot-593	alpha	cz_805_bren	bullet	24.00	52.00	-52.70	-31.70	-93.19	-3.09	49.58
3593456	damage	bot-593	alpha	bot-587	bravo	five_seven	bullet	20.00	52.41	-93.21	-2.80	-52.70	-31.70	49.76
3594651	damage	bot-592	alpha	bot-589	bravo	cz_805_bren	bullet	24.00	76.00	-89.55	-8.89	-50.97	-33.54	45.78
3595674	damage	bot-524	bravo	bot-588	alpha	cz_805_bren	bullet	24.00	76.00	-50.68	-35.02	-89.81	-5.45	49.04
3603197	damage	bot-586	alpha	bot-585	bravo	five_seven	bullet	20.00	52.08	-89.11	-2.30	-51.36	-34.54	49.64
3603226	damage	bot-593	alpha	bot-585	bravo	five_seven	bullet	20.00	32.08	-87.78	-1.27	-51.32	-34.55	49.37
3603343	damage	bot-586	alpha	bot-585	bravo	five_seven	bullet	20.00	12.08	-89.11	-2.30	-51.22	-34.66	49.83
3604687	damage	bot-593	alpha	bot-524	bravo	five_seven	bullet	20.00	52.39	-87.29	-1.62	-64.09	-23.74	32.05
3604850	damage	bot-593	alpha	bot-524	bravo	five_seven	bullet	20.00	32.39	-87.29	-1.62	-63.54	-24.30	32.84
3604992	damage	bot-592	alpha	bot-524	bravo	cz_805_bren	bullet	24.00	8.39	-89.58	-9.87	-63.11	-24.75	30.37
3604992	kill	bot-593	alpha	bot-524	bravo	five_seven	bullet	20.00	0.00	-87.29	-1.62	-63.11	-24.75	33.46
3606163	damage	bot-593	alpha	bot-567	bravo	five_seven	bullet	20.00	54.40	-87.42	-1.37	-57.70	-27.22	39.39
3608392	damage	bot-593	alpha	bot-580	bravo	five_seven	bullet	20.00	51.67	-87.43	-1.37	-57.59	-39.09	48.09
3608522	damage	bot-592	alpha	bot-580	bravo	cz_805_bren	bullet	24.00	27.67	-89.55	-9.81	-57.34	-39.09	43.53
3608592	damage	bot-593	alpha	bot-580	bravo	five_seven	bullet	20.00	7.67	-87.43	-1.37	-57.34	-39.09	48.25
3608826	kill	bot-592	alpha	bot-580	bravo	cz_805_bren	bullet	24.00	0.00	-89.55	-9.81	-57.59	-39.10	43.36
3610658	damage	bot-593	alpha	bot-567	bravo	five_seven	bullet	20.00	42.03	-87.39	-1.84	-52.66	-31.94	45.96
3610824	damage	bot-593	alpha	bot-567	bravo	five_seven	bullet	20.00	23.83	-87.39	-1.84	-52.66	-31.93	45.95
3611148	damage	bot-593	alpha	bot-567	bravo	five_seven	bullet	20.00	6.53	-87.39	-1.84	-52.65	-31.91	45.95
3611474	kill	bot-593	alpha	bot-567	bravo	five_seven	bullet	20.00	0.00	-87.39	-1.84	-52.68	-31.86	45.89
3611965	damage	bot-592	alpha	bot-589	bravo	cz_805_bren	bullet	24.00	52.00	-88.79	-9.90	-52.21	-32.23	42.86
3612104	damage	bot-592	alpha	bot-589	bravo	cz_805_bren	bullet	24.00	28.00	-88.79	-9.90	-52.16	-32.33	42.95
3612285	damage	bot-592	alpha	bot-589	bravo	cz_805_bren	bullet	24.00	4.00	-88.79	-9.90	-52.07	-32.47	43.10
3612580	kill	bot-592	alpha	bot-589	bravo	cz_805_bren	bullet	24.00	0.00	-88.80	-9.88	-51.69	-33.24	43.85
3612646	damage	bot-587	bravo	bot-592	alpha	cz_805_bren	bullet	24.00	42.97	-50.76	-35.81	-88.80	-9.88	46.04
3612789	damage	bot-587	bravo	bot-592	alpha	cz_805_bren	bullet	24.00	18.97	-50.76	-35.81	-88.96	-9.81	46.21
3612990	kill	bot-587	bravo	bot-592	alpha	cz_805_bren	bullet	24.00	0.00	-50.76	-35.81	-89.34	-9.69	46.60
3613536	damage	bot-593	alpha	bot-587	bravo	five_seven	bullet	20.00	75.55	-87.48	-2.08	-50.79	-35.97	49.95
3613776	damage	bot-601	bravo	bot-603	alpha	five_seven	bullet	20.00	80.00	-55.85	46.26	-61.99	16.38	30.50
3613936	damage	bot-601	bravo	bot-603	alpha	five_seven	bullet	20.00	60.00	-55.85	46.26	-61.99	16.38	30.50
3614101	damage	bot-601	bravo	bot-603	alpha	five_seven	bullet	20.00	40.00	-55.85	46.25	-62.16	16.20	30.71
3614253	damage	bot-601	bravo	bot-603	alpha	five_seven	bullet	20.00	20.00	-55.85	46.25	-62.53	15.82	31.15
3614396	kill	bot-601	bravo	bot-603	alpha	five_seven	bullet	20.00	0.00	-55.86	46.24	-63.04	15.33	31.74
3615456	damage	bot-587	bravo	bot-593	alpha	cz_805_bren	bullet	24.00	48.22	-50.71	-35.98	-87.45	-2.13	49.96
3617295	damage	bot-587	bravo	bot-594	alpha	cz_805_bren	bullet	24.00	76.00	-50.79	-35.25	-88.48	-2.50	49.94
3617415	damage	bot-586	alpha	bot-587	bravo	m1911	bullet	33.00	42.55	-87.13	-7.28	-50.79	-35.25	45.87
3617770	damage	bot-586	alpha	bot-587	bravo	m1911	bullet	33.00	9.55	-87.14	-7.27	-50.05	-35.79	46.78
3618045	kill	bot-588	alpha	bot-587	bravo	m24	bullet	95.00	0.00	-92.77	-1.50	-49.10	-37.04	56.29
3620258	damage	bot-586	alpha	bot-569	bravo	m1911	bullet	33.00	39.64	-87.19	-7.24	-51.15	-34.89	45.42
3620658	damage	bot-586	alpha	bot-569	bravo	m1911	bullet	33.00	6.64	-87.19	-7.24	-50.46	-35.86	46.57
3621026	kill	bot-586	alpha	bot-569	bravo	m1911	bullet	33.00	0.00	-87.20	-7.23	-49.55	-37.02	48.02
3623811	damage	bot-601	bravo	bot-605	alpha	five_seven	bullet	20.00	80.00	-51.57	41.53	-53.29	27.37	14.27
3626161	damage	bot-601	bravo	bot-605	alpha	five_seven	bullet	20.00	60.00	-52.86	38.32	-52.74	28.45	9.88
3627590	damage	bot-605	alpha	bot-602	bravo	cz_805_bren	bullet	24.00	76.00	-56.46	24.87	-58.23	37.27	12.52
3628210	damage	bot-605	alpha	bot-602	bravo	cz_805_bren	bullet	24.00	52.00	-57.34	23.93	-58.03	36.18	12.27
3628741	kill	bot-602	bravo	bot-605	alpha	m1911	bullet	33.00	0.00	-57.26	37.17	-57.74	22.54	14.64
3631882	damage	bot-593	alpha	bot-575	bravo	five_seven	bullet	20.00	57.24	-87.98	-3.84	-56.76	-25.83	38.19
3632024	damage	bot-593	alpha	bot-575	bravo	five_seven	bullet	20.00	37.24	-87.98	-3.84	-56.23	-26.36	38.92
3632169	damage	bot-593	alpha	bot-575	bravo	five_seven	bullet	20.00	17.24	-87.99	-3.84	-55.70	-26.90	39.67
3632319	kill	bot-593	alpha	bot-575	bravo	five_seven	bullet	20.00	0.00	-87.99	-3.84	-55.28	-27.36	40.29
3633228	damage	bot-586	alpha	bot-585	bravo	five_seven	bullet	20.00	52.03	-89.10	-20.43	-54.59	-40.24	39.80
3633538	damage	bot-601	bravo	bot-607	alpha	five_seven	bullet	20.00	80.00	-56.39	34.04	-56.47	22.88	11.16
3633605	damage	bot-607	alpha	bot-601	bravo	five_seven	bullet	20.00	43.67	-56.47	22.88	-56.39	34.04	11.16
3633689	damage	bot-601	bravo	bot-607	alpha	five_seven	bullet	20.00	60.00	-56.32	34.12	-56.47	22.88	11.25
3633872	damage	bot-601	bravo	bot-607	alpha	five_seven	bullet	20.00	40.00	-56.22	34.31	-56.35	22.77	11.54
3634167	damage	bot-606	bravo	bot-607	alpha	cz_805_bren	bullet	24.00	16.00	-57.36	45.39	-55.75	22.18	23.27
3634290	kill	bot-606	bravo	bot-607	alpha	cz_805_bren	bullet	24.00	0.00	-57.36	45.39	-55.36	21.80	23.67
3634983	damage	bot-593	alpha	bot-585	bravo	five_seven	bullet	20.00	32.03	-85.31	-4.68	-50.73	-40.60	49.86
3641365	damage	bot-586	alpha	bot-585	bravo	five_seven	bullet	20.00	52.55	-78.58	-26.16	-55.92	-39.53	26.32
3641537	damage	bot-586	alpha	bot-585	bravo	five_seven	bullet	20.00	32.55	-78.58	-26.16	-55.20	-39.64	27.00
3643590	damage	bot-606	bravo	bot-609	alpha	cz_805_bren	bullet	24.00	76.00	-57.74	31.77	-59.66	28.28	3.99
3643710	damage	bot-606	bravo	bot-609	alpha	cz_805_bren	bullet	24.00	52.00	-57.45	32.33	-59.84	28.14	4.83
3643796	damage	bot-609	alpha	bot-606	bravo	five_seven	bullet	20.00	80.00	-60.22	28.10	-57.06	32.70	5.57
3643845	damage	bot-606	bravo	bot-609	alpha	cz_805_bren	bullet	24.00	28.00	-57.06	32.70	-60.28	28.09	5.61
3643984	damage	bot-606	bravo	bot-609	alpha	cz_805_bren	bullet	24.00	4.00	-56.59	32.95	-60.80	28.03	6.48
3644318	kill	bot-608	bravo	bot-609	alpha	five_seven	bullet	20.00	0.00	-54.31	33.76	-61.91	27.82	9.65
3646759	damage	bot-601	bravo	bot-590	alpha	five_seven	bullet	20.00	75.25	-57.44	24.25	-68.94	-22.66	48.30
3646922	damage	bot-601	bravo	bot-590	alpha	five_seven	bullet	20.00	55.25	-57.44	24.25	-68.82	-22.78	48.39
3647073	damage	bot-601	bravo	bot-590	alpha	five_seven	bullet	20.00	35.25	-57.44	24.25	-69.37	-23.20	48.93
3647224	damage	bot-601	bravo	bot-590	alpha	five_seven	bullet	20.00	15.25	-57.44	24.25	-69.83	-23.56	49.39
3647373	kill	bot-601	bravo	bot-590	alpha	five_seven	bullet	20.00	0.00	-57.44	24.25	-70.22	-23.89	49.80
3648991	kill	bot-594	alpha	bot-601	bravo	m24	bullet	95.00	0.00	-66.89	-23.79	-57.72	23.88	48.54
3657932	damage	bot-593	alpha	bot-597	bravo	five_seven	bullet	20.00	62.46	-73.46	-26.34	-54.64	18.50	48.63
3658403	kill	bot-602	bravo	bot-593	alpha	m24	bullet	95.00	0.00	-57.27	21.02	-73.40	-26.18	49.89
3662878	damage	bot-611	bravo	bot-586	alpha	five_seven	bullet	20.00	52.70	-67.52	-25.45	-71.99	-14.21	12.09
3663049	damage	bot-611	bravo	bot-586	alpha	five_seven	bullet	20.00	32.70	-67.52	-25.45	-72.55	-13.64	12.84
3663232	damage	bot-611	bravo	bot-586	alpha	five_seven	bullet	20.00	12.70	-67.52	-25.45	-73.07	-12.94	13.69
3663409	kill	bot-611	bravo	bot-586	alpha	five_seven	bullet	20.00	0.00	-67.52	-25.45	-72.96	-12.14	14.38
3676705	damage	bot-598	alpha	bot-615	bravo	five_seven	bullet	20.00	80.00	92.99	-3.32	51.30	-18.79	44.47
3676846	damage	bot-598	alpha	bot-615	bravo	five_seven	bullet	20.00	60.00	92.99	-3.32	51.47	-18.70	44.28
3678791	damage	bot-598	alpha	bot-613	bravo	five_seven	bullet	20.00	80.00	93.24	-3.26	58.29	-17.59	37.77
3679001	damage	bot-598	alpha	bot-613	bravo	five_seven	bullet	20.00	60.00	93.24	-3.26	58.29	-17.59	37.77
3679222	damage	bot-598	alpha	bot-613	bravo	five_seven	bullet	20.00	40.00	93.24	-3.26	58.18	-17.71	37.92
3680370	damage	bot-614	alpha	bot-597	bravo	five_seven	bullet	20.00	75.25	-28.37	34.10	-68.48	6.56	48.65
3680859	damage	bot-598	alpha	bot-613	bravo	five_seven	bullet	20.00	20.00	91.65	-4.71	53.68	-22.46	41.92
3681001	kill	bot-598	alpha	bot-613	bravo	five_seven	bullet	20.00	0.00	91.65	-4.71	53.68	-22.46	41.92
3681226	damage	bot-608	bravo	bot-614	alpha	five_seven	bullet	20.00	80.00	-70.40	10.18	-28.50	34.07	48.23
3681799	damage	bot-614	alpha	bot-608	bravo	five_seven	bullet	20.00	80.00	-28.68	34.01	-70.57	10.24	48.16
3682059	damage	bot-614	alpha	bot-608	bravo	five_seven	bullet	20.00	60.00	-28.68	34.01	-70.70	10.28	48.26
3682267	damage	bot-614	alpha	bot-608	bravo	five_seven	bullet	20.00	40.00	-28.67	34.03	-70.85	10.12	48.49
3682578	damage	bot-606	bravo	bot-588	alpha	cz_805_bren	bullet	24.00	48.02	-70.69	3.38	-73.55	-12.72	16.35
3682578	damage	bot-614	alpha	bot-608	bravo	five_seven	bullet	20.00	20.00	-28.67	34.03	-71.40	9.57	49.24
3693974	damage	bot-588	alpha	bot-611	bravo	m24	bullet	95.00	5.00	-74.22	-16.27	-65.71	-30.41	16.50
3696054	damage	bot-614	alpha	bot-597	bravo	five_seven	bullet	20.00	55.25	-40.74	27.73	-66.60	11.36	30.61
3696244	damage	bot-614	alpha	bot-597	bravo	five_seven	bullet	20.00	35.25	-40.74	27.73	-66.77	11.26	30.81
3696594	damage	bot-614	alpha	bot-597	bravo	five_seven	bullet	20.00	15.25	-40.74	27.73	-67.28	10.94	31.41
3696870	kill	bot-614	alpha	bot-597	bravo	five_seven	bullet	20.00	0.00	-40.74	27.73	-67.61	10.71	31.81
3699294	damage	bot-617	bravo	bot-612	alpha	five_seven	bullet	20.00	59.55	60.36	-12.56	75.63	-11.11	15.34
3699450	damage	bot-617	bravo	bot-612	alpha	five_seven	bullet	20.00	39.55	60.36	-12.56	75.82	-10.93	15.55
3699520	damage	bot-606	bravo	bot-588	alpha	cz_805_bren	bullet	24.00	48.86	-76.39	-1.35	-73.36	-21.75	20.62
3699520	damage	bot-615	bravo	bot-612	alpha	cz_805_bren	bullet	24.00	15.55	60.00	-14.93	76.02	-10.75	16.56
3699631	kill	bot-615	bravo	bot-612	alpha	cz_805_bren	bullet	24.00	0.00	60.00	-14.93	76.53	-10.53	17.11
3700192	damage	bot-588	alpha	bot-585	bravo	m1911	bullet	33.00	38.19	-73.00	-23.04	-68.91	-28.33	6.69
3700482	damage	bot-606	bravo	bot-588	alpha	cz_805_bren	bullet	24.00	24.86	-76.29	-1.41	-72.61	-23.44	22.33
3700638	damage	bot-606	bravo	bot-588	alpha	cz_805_bren	bullet	24.00	0.86	-76.29	-1.41	-72.21	-23.85	22.81
3700913	kill	bot-606	bravo	bot-588	alpha	cz_805_bren	bullet	24.00	0.00	-76.29	-1.41	-71.90	-24.17	23.18
3702506	damage	bot-614	alpha	bot-608	bravo	five_seven	bullet	20.00	52.36	-44.77	25.94	-79.34	2.38	41.84
3702656	damage	bot-614	alpha	bot-608	bravo	five_seven	bullet	20.00	32.36	-44.77	25.94	-79.16	2.21	41.79
3702805	damage	bot-614	alpha	bot-608	bravo	five_seven	bullet	20.00	12.36	-44.77	25.94	-78.93	1.97	41.74
3704451	damage	bot-617	bravo	bot-600	alpha	five_seven	bullet	20.00	44.05	66.15	-11.61	75.65	-8.61	9.96
3705795	damage	bot-614	alpha	bot-608	bravo	five_seven	bullet	20.00	13.71	-47.43	24.55	-75.64	-1.34	38.29
3705939	kill	bot-614	alpha	bot-608	bravo	five_seven	bullet	20.00	0.00	-47.43	24.55	-75.64	-1.34	38.29
3707058	damage	bot-619	bravo	bot-595	alpha	five_seven	bullet	20.00	50.90	70.00	-12.62	85.30	-7.81	16.04
3707232	damage	bot-619	bravo	bot-595	alpha	five_seven	bullet	20.00	33.83	70.00	-12.62	85.30	-7.81	16.04
3707390	damage	bot-619	bravo	bot-595	alpha	five_seven	bullet	20.00	15.94	70.00	-12.62	85.30	-7.81	16.04
3707537	kill	bot-619	bravo	bot-595	alpha	five_seven	bullet	20.00	0.00	70.00	-12.62	85.30	-7.81	16.04
3709324	damage	bot-619	bravo	bot-600	alpha	five_seven	bullet	20.00	52.13	70.93	-11.37	79.48	-6.39	9.90
3709454	damage	bot-600	alpha	bot-619	bravo	m1911	bullet	33.00	38.22	79.98	-6.26	70.93	-11.37	10.39
3709482	damage	bot-619	bravo	bot-600	alpha	five_seven	bullet	20.00	32.13	70.88	-11.38	80.26	-6.19	10.72
3709673	damage	bot-619	bravo	bot-600	alpha	five_seven	bullet	20.00	12.13	70.61	-11.38	80.58	-5.30	11.67
3712374	damage	bot-614	alpha	bot-611	bravo	five_seven	bullet	20.00	52.33	-53.71	15.90	-72.02	-30.19	49.60
3712374	damage	bot-620	alpha	bot-611	bravo	cz_805_bren	bullet	24.00	28.33	-55.16	16.67	-72.02	-30.19	49.80
3714308	damage	bot-620	alpha	bot-611	bravo	cz_805_bren	bullet	24.00	4.33	-56.07	14.59	-67.68	-33.99	49.94
3714439	kill	bot-620	alpha	bot-611	bravo	cz_805_bren	bullet	24.00	0.00	-56.07	14.59	-67.68	-33.99	49.94
3714978	damage	bot-617	bravo	bot-600	alpha	five_seven	bullet	20.00	18.83	68.53	-13.34	83.33	-6.13	16.47
3715342	kill	bot-617	bravo	bot-600	alpha	five_seven	bullet	20.00	0.00	68.53	-13.31	84.83	-6.93	17.51
3715428	damage	bot-618	alpha	bot-602	bravo	cz_805_bren	bullet	24.00	52.19	-57.15	25.95	-62.08	27.41	5.14
3715542	damage	bot-618	alpha	bot-602	bravo	cz_805_bren	bullet	24.00	28.19	-56.75	25.60	-62.61	27.73	6.24
3715638	damage	bot-602	bravo	bot-618	alpha	m1911	bullet	33.00	67.00	-62.92	27.92	-56.46	25.34	6.96
3717112	damage	bot-598	alpha	bot-623	bravo	five_seven	bullet	20.00	80.00	95.64	-1.46	72.55	-16.10	27.34
3717260	damage	bot-598	alpha	bot-623	bravo	five_seven	bullet	20.00	60.00	95.64	-1.46	73.11	-15.81	26.71
3717448	damage	bot-598	alpha	bot-623	bravo	five_seven	bullet	20.00	40.00	95.64	-1.46	72.62	-15.68	27.06
3717612	damage	bot-598	alpha	bot-623	bravo	five_seven	bullet	20.00	20.00	95.64	-1.46	71.95	-15.69	27.64
3717753	kill	bot-598	alpha	bot-623	bravo	five_seven	bullet	20.00	0.00	95.64	-1.46	71.19	-15.79	28.34
3717894	damage	bot-598	alpha	bot-617	bravo	five_seven	bullet	20.00	71.03	95.64	-1.46	72.89	-12.84	25.44
3717894	damage	bot-617	bravo	bot-598	alpha	five_seven	bullet	20.00	52.00	72.89	-12.84	95.64	-1.46	25.44
3723319	damage	bot-614	alpha	bot-606	bravo	five_seven	bullet	20.00	60.00	-65.77	0.09	-76.28	-4.45	11.45
3723648	damage	bot-617	bravo	bot-598	alpha	five_seven	bullet	20.00	36.74	83.14	-10.81	98.53	7.35	23.81
3723816	damage	bot-617	bravo	bot-598	alpha	five_seven	bullet	20.00	19.77	83.14	-10.81	98.53	7.35	23.81
3723982	damage	bot-617	bravo	bot-598	alpha	five_seven	bullet	20.00	2.74	83.14	-10.81	98.53	7.35	23.81
3724966	kill	bot-625	bravo	bot-598	alpha	five_seven	bullet	20.00	0.00	87.03	-16.63	98.53	7.35	26.60
3725689	damage	bot-602	bravo	bot-618	alpha	m1911	bullet	33.00	34.00	-63.39	27.53	-56.54	32.20	8.29
3726033	damage	bot-602	bravo	bot-618	alpha	m1911	bullet	33.00	1.00	-63.35	27.56	-54.90	32.76	9.93
3727152	damage	bot-602	bravo	bot-622	alpha	m1911	bullet	33.00	39.52	-60.95	28.74	-48.19	17.42	17.05
3727958	damage	bot-614	alpha	bot-621	bravo	five_seven	bullet	20.00	80.00	-68.51	3.22	-75.40	15.29	13.90
3728317	damage	bot-602	bravo	bot-622	alpha	m1911	bullet	33.00	6.52	-60.44	28.61	-44.05	18.52	19.24
3728670	kill	bot-602	bravo	bot-622	alpha	m1911	bullet	33.00	0.00	-60.44	28.63	-44.05	18.53	19.25
3730252	damage	bot-616	alpha	bot-606	bravo	m1911	bullet	33.00	39.54	-89.67	-5.26	-76.06	-4.13	13.66
3734024	damage	bot-614	alpha	bot-602	bravo	five_seven	bullet	20.00	52.41	-68.37	10.43	-53.17	23.81	20.25
3734189	damage	bot-614	alpha	bot-602	bravo	five_seven	bullet	20.00	32.41	-68.37	10.43	-52.78	23.70	20.48
3735047	damage	bot-614	alpha	bot-602	bravo	five_seven	bullet	20.00	12.41	-68.67	10.40	-49.14	22.59	23.02
3735352	damage	bot-606	bravo	bot-620	alpha	cz_805_bren	bullet	24.00	62.59	-70.58	1.10	-68.37	-9.40	10.73
3735473	damage	bot-606	bravo	bot-620	alpha	cz_805_bren	bullet	24.00	38.59	-70.58	1.10	-68.37	-9.40	10.73
3735677	damage	bot-606	bravo	bot-620	alpha	cz_805_bren	bullet	24.00	14.59	-70.58	1.10	-67.88	-9.98	11.41
3736285	damage	bot-614	alpha	bot-606	bravo	five_seven	bullet	20.00	52.41	-69.73	9.29	-72.11	-0.18	9.77
3736435	damage	bot-614	alpha	bot-606	bravo	five_seven	bullet	20.00	32.41	-69.73	9.29	-72.17	-0.90	10.48
3736465	kill	bot-606	bravo	bot-620	alpha	cz_805_bren	bullet	24.00	0.00	-72.17	-0.90	-65.51	-12.77	13.61
3737006	kill	bot-614	alpha	bot-606	bravo	m1911	bullet	33.00	0.00	-69.73	9.29	-72.48	-2.79	12.39
3739691	damage	bot-614	alpha	bot-627	bravo	m1911	bullet	33.00	19.20	-68.95	10.18	-37.70	2.53	32.17
3740059	kill	bot-614	alpha	bot-627	bravo	m1911	bullet	33.00	0.00	-68.93	10.22	-37.18	2.67	32.63
3749612	damage	bot-602	bravo	bot-618	alpha	m1911	bullet	33.00	39.56	-44.51	23.66	-55.38	32.95	14.29
3749971	damage	bot-602	bravo	bot-618	alpha	m1911	bullet	33.00	6.56	-44.51	23.66	-55.90	33.21	14.87
3750351	kill	bot-602	bravo	bot-618	alpha	m1911	bullet	33.00	0.00	-44.51	23.66	-57.33	33.91	16.42
3753739	damage	bot-624	alpha	bot-629	bravo	m24	bullet	95.00	5.00	-42.87	3.73	-86.20	-2.64	43.80
3759898	damage	bot-629	bravo	bot-616	alpha	cz_805_bren	bullet	24.00	76.00	-92.81	-9.14	-93.95	-0.46	8.75
3760133	damage	bot-629	bravo	bot-616	alpha	cz_805_bren	bullet	24.00	52.00	-93.65	-9.91	-94.27	0.49	10.42
3760264	damage	bot-629	bravo	bot-616	alpha	cz_805_bren	bullet	24.00	28.00	-94.20	-10.40	-93.89	1.06	11.47
3768093	kill	bot-616	alpha	bot-629	bravo	m24	bullet	95.00	0.00	-88.23	1.87	-94.94	-7.18	11.26
3770088	damage	bot-621	bravo	bot-624	alpha	cz_805_bren	bullet	24.00	76.00	-59.89	9.73	-67.24	0.37	11.90
3770734	damage	bot-621	bravo	bot-624	alpha	cz_805_bren	bullet	24.00	52.00	-59.98	9.63	-66.34	-1.03	12.41
3771742	damage	bot-631	bravo	bot-624	alpha	cz_805_bren	bullet	24.00	28.00	-83.72	-7.75	-68.72	-3.46	15.61
3771860	damage	bot-631	bravo	bot-624	alpha	cz_805_bren	bullet	24.00	4.00	-83.72	-7.75	-69.08	-3.81	15.17
3771990	kill	bot-631	bravo	bot-624	alpha	cz_805_bren	bullet	24.00	0.00	-83.72	-7.75	-69.46	-4.18	14.70
3785754	damage	bot-630	alpha	bot-637	bravo	five_seven	bullet	20.00	80.00	43.29	-43.43	50.71	-10.36	33.89
3785798	damage	bot-628	alpha	bot-637	bravo	cz_805_bren	bullet	24.00	56.00	50.74	-41.16	50.74	-10.44	30.72
3794720	damage	bot-602	bravo	bot-616	alpha	m1911	bullet	33.00	39.02	-79.91	5.65	-92.80	-0.08	14.10
3795497	kill	bot-632	alpha	bot-617	bravo	m24	bullet	95.00	0.00	42.38	-29.86	37.29	42.98	73.02
3804005	damage	bot-585	bravo	bot-616	alpha	cz_805_bren	bullet	24.00	48.39	-83.42	-6.74	-98.15	0.27	16.31
3804117	damage	bot-585	bravo	bot-616	alpha	cz_805_bren	bullet	24.00	24.39	-83.42	-6.74	-98.19	0.75	16.56
3806358	damage	bot-641	bravo	bot-616	alpha	five_seven	bullet	20.00	4.39	-86.26	4.38	-98.40	4.01	12.15
3806489	kill	bot-639	bravo	bot-616	alpha	cz_805_bren	bullet	24.00	0.00	-95.67	6.38	-98.16	3.93	3.49
3807025	damage	bot-625	bravo	bot-628	alpha	five_seven	bullet	20.00	80.00	49.47	30.06	51.37	-11.21	41.31
3807167	damage	bot-625	bravo	bot-628	alpha	five_seven	bullet	20.00	60.00	49.47	30.06	51.38	-10.77	40.87
3807370	damage	bot-625	bravo	bot-628	alpha	five_seven	bullet	20.00	40.00	49.47	30.08	51.31	-11.18	41.30
3808047	damage	bot-625	bravo	bot-636	alpha	five_seven	bullet	20.00	80.00	49.46	30.10	52.51	-13.00	43.21
3808214	damage	bot-625	bravo	bot-636	alpha	five_seven	bullet	20.00	60.00	49.46	30.11	52.51	-12.92	43.14
3808378	damage	bot-625	bravo	bot-636	alpha	five_seven	bullet	20.00	40.00	49.46	30.11	52.55	-13.16	43.38
3808536	damage	bot-625	bravo	bot-636	alpha	five_seven	bullet	20.00	20.00	49.46	30.11	52.62	-13.57	43.80
3808720	kill	bot-625	bravo	bot-636	alpha	five_seven	bullet	20.00	0.00	49.46	30.11	52.76	-14.33	44.56
3809639	damage	bot-625	bravo	bot-634	alpha	five_seven	bullet	20.00	80.00	49.46	30.11	49.51	-12.36	42.47
3809801	damage	bot-625	bravo	bot-634	alpha	five_seven	bullet	20.00	60.00	49.46	30.11	49.50	-12.36	42.47
3811247	damage	bot-625	bravo	bot-630	alpha	m1911	bullet	33.00	67.00	49.40	29.42	51.47	-11.79	41.25
3811624	damage	bot-625	bravo	bot-630	alpha	m1911	bullet	33.00	34.00	49.42	29.44	51.38	-12.85	42.33
3811978	damage	bot-625	bravo	bot-630	alpha	m1911	bullet	33.00	1.00	49.43	29.45	51.88	-14.03	43.55
3812344	kill	bot-625	bravo	bot-630	alpha	m1911	bullet	33.00	0.00	49.43	29.46	52.50	-15.69	45.25
3814556	damage	bot-625	bravo	bot-634	alpha	m1911	bullet	33.00	39.70	49.22	27.83	49.64	-10.84	38.67
3814915	damage	bot-625	bravo	bot-634	alpha	m1911	bullet	33.00	6.70	49.22	27.83	49.61	-11.80	39.63
3821696	damage	bot-638	alpha	bot-633	bravo	five_seven	bullet	20.00	80.00	49.73	-14.02	37.51	26.71	42.52
3822211	damage	bot-615	bravo	bot-642	alpha	cz_805_bren	bullet	24.00	76.00	2.94	27.59	-26.25	42.81	32.91
3822330	damage	bot-615	bravo	bot-642	alpha	cz_805_bren	bullet	24.00	52.00	2.97	27.57	-25.95	42.72	32.65
3822449	damage	bot-615	bravo	bot-642	alpha	cz_805_bren	bullet	24.00	28.00	2.97	27.57	-25.99	42.88	32.76
3822577	damage	bot-615	bravo	bot-642	alpha	cz_805_bren	bullet	24.00	4.00	2.97	27.57	-26.09	43.00	32.90
3822864	damage	bot-638	alpha	bot-633	bravo	five_seven	bullet	20.00	60.00	49.71	-13.79	37.58	26.40	41.98
3823043	damage	bot-638	alpha	bot-633	bravo	five_seven	bullet	20.00	40.00	49.71	-13.79	37.67	26.54	42.09
3823180	kill	bot-615	bravo	bot-642	alpha	cz_805_bren	bullet	24.00	0.00	2.78	27.48	-27.14	44.36	34.36
3823201	damage	bot-638	alpha	bot-633	bravo	five_seven	bullet	20.00	20.00	49.71	-13.79	37.85	26.78	42.27
3823369	kill	bot-638	alpha	bot-633	bravo	five_seven	bullet	20.00	0.00	49.71	-13.79	38.11	27.08	42.49
3825704	damage	bot-635	bravo	bot-640	alpha	five_seven	bullet	20.00	22.93	50.05	10.83	59.58	-2.13	16.08
3825975	damage	bot-635	bravo	bot-640	alpha	five_seven	bullet	20.00	2.93	50.04	10.81	60.35	-3.17	17.37
3829178	damage	bot-643	alpha	bot-644	bravo	cz_805_bren	bullet	24.00	76.00	-31.50	36.85	-0.74	27.75	32.07
3829309	damage	bot-643	alpha	bot-644	bravo	cz_805_bren	bullet	24.00	52.00	-31.49	36.84	-0.74	27.75	32.07
3829551	damage	bot-643	alpha	bot-644	bravo	cz_805_bren	bullet	24.00	28.00	-31.49	36.84	-0.51	27.50	32.36
3830935	damage	bot-635	bravo	bot-632	alpha	five_seven	bullet	20.00	80.00	43.25	10.80	37.23	7.81	6.72
3831098	damage	bot-635	bravo	bot-632	alpha	five_seven	bullet	20.00	60.00	43.25	10.80	37.24	7.80	6.72
3831140	damage	bot-632	alpha	bot-635	bravo	m1911	bullet	33.00	67.00	37.24	7.80	43.25	10.80	6.72
3833200	damage	bot-643	alpha	bot-615	bravo	cz_805_bren	bullet	24.00	48.03	-24.82	35.24	-17.72	33.26	7.36
3833314	damage	bot-643	alpha	bot-615	bravo	cz_805_bren	bullet	24.00	24.03	-24.82	35.24	-17.49	33.08	7.64
3833472	damage	bot-615	bravo	bot-643	alpha	cz_805_bren	bullet	24.00	76.00	-17.10	32.78	-24.82	35.24	8.11
3833472	damage	bot-643	alpha	bot-615	bravo	cz_805_bren	bullet	24.00	0.03	-24.82	35.24	-16.90	32.62	8.34
3833589	damage	bot-615	bravo	bot-643	alpha	cz_805_bren	bullet	24.00	52.00	-16.51	32.33	-24.82	35.24	8.81
3833589	kill	bot-643	alpha	bot-615	bravo	cz_805_bren	bullet	24.00	0.00	-24.82	35.24	-16.43	32.27	8.90
3834095	damage	bot-625	bravo	bot-634	alpha	m1911	bullet	33.00	52.67	48.46	11.75	38.00	4.89	12.50
3834322	damage	bot-634	alpha	bot-625	bravo	cz_805_bren	bullet	24.00	76.00	37.14	4.60	48.46	11.75	13.39
3834441	damage	bot-625	bravo	bot-634	alpha	m1911	bullet	33.00	19.67	48.46	11.75	36.48	4.35	14.07
3836921	damage	bot-625	bravo	bot-628	alpha	m1911	bullet	33.00	62.24	49.26	11.63	54.19	-13.93	26.04
3837869	damage	bot-643	alpha	bot-644	bravo	cz_805_bren	bullet	24.00	48.39	-22.81	34.89	-0.58	25.68	24.07
3845103	damage	bot-638	alpha	bot-635	bravo	five_seven	bullet	20.00	47.00	65.53	-4.70	48.51	14.56	25.70
3845262	damage	bot-638	alpha	bot-635	bravo	five_seven	bullet	20.00	5.63	65.53	-4.71	47.92	15.04	26.46
3845426	kill	bot-638	alpha	bot-635	bravo	five_seven	bullet	20.00	0.00	65.53	-4.71	47.15	15.60	27.39
3846909	damage	bot-619	bravo	bot-632	alpha	five_seven	bullet	20.00	52.17	41.32	16.14	29.01	11.96	12.99
3847027	damage	bot-632	alpha	bot-625	bravo	m1911	bullet	33.00	13.54	28.38	12.13	39.60	16.45	12.02
3847214	damage	bot-619	bravo	bot-632	alpha	five_seven	bullet	20.00	32.17	40.61	17.35	27.66	12.33	13.89
3847214	kill	bot-625	bravo	bot-632	alpha	m1911	bullet	33.00	0.00	39.36	17.02	27.66	12.33	12.60
3847791	kill	bot-647	alpha	bot-625	bravo	m24	bullet	95.00	0.00	-9.44	28.04	38.12	19.66	48.29
3848309	damage	bot-645	alpha	bot-619	bravo	five_seven	bullet	20.00	23.20	-9.99	30.32	37.29	21.19	48.15
3850423	damage	bot-645	alpha	bot-619	bravo	five_seven	bullet	20.00	24.40	-8.70	29.51	35.76	22.20	45.06
3850577	damage	bot-645	alpha	bot-619	bravo	five_seven	bullet	20.00	7.02	-8.70	29.51	35.76	22.20	45.06
3850749	kill	bot-645	alpha	bot-619	bravo	five_seven	bullet	20.00	0.00	-8.70	29.51	35.76	22.20	45.06
3886202	damage	bot-651	alpha	bot-631	bravo	cz_805_bren	bullet	24.00	76.00	-64.67	-41.97	-85.91	-19.33	31.04
3886962	damage	bot-631	bravo	bot-651	alpha	cz_805_bren	bullet	24.00	76.00	-85.68	-19.44	-64.75	-41.93	30.72
3889396	damage	bot-631	bravo	bot-653	alpha	cz_805_bren	bullet	24.00	76.00	-85.84	-19.83	-63.42	-41.61	31.26
3889645	damage	bot-631	bravo	bot-653	alpha	cz_805_bren	bullet	24.00	10.11	-85.84	-19.83	-63.99	-41.07	30.47
3896297	damage	bot-651	alpha	bot-585	bravo	cz_805_bren	bullet	24.00	48.42	-61.74	-42.42	-75.77	-29.63	18.99
3896477	damage	bot-651	alpha	bot-585	bravo	cz_805_bren	bullet	24.00	24.42	-61.74	-42.42	-76.05	-29.36	19.37
3898933	damage	bot-651	alpha	bot-631	bravo	cz_805_bren	bullet	24.00	35.42	-62.03	-42.79	-86.75	-17.96	35.03
3899054	damage	bot-651	alpha	bot-631	bravo	cz_805_bren	bullet	24.00	11.42	-62.03	-42.79	-87.09	-17.62	35.52
3915050	damage	bot-651	alpha	bot-602	bravo	cz_805_bren	bullet	24.00	48.37	-64.46	-41.89	-85.37	-17.37	32.22
3915421	kill	bot-655	alpha	bot-602	bravo	m24	bullet	95.00	0.00	-64.08	-40.35	-86.04	-17.92	31.39
3918076	damage	bot-660	alpha	bot-652	bravo	five_seven	bullet	20.00	80.00	89.02	-3.80	74.79	-19.56	21.23
3918229	damage	bot-660	alpha	bot-652	bravo	five_seven	bullet	20.00	60.00	89.02	-3.80	75.01	-19.34	20.92
3918372	damage	bot-660	alpha	bot-652	bravo	five_seven	bullet	20.00	40.00	89.02	-3.80	75.01	-19.35	20.93
3919428	damage	bot-651	alpha	bot-646	bravo	cz_805_bren	bullet	24.00	45.03	-65.13	-42.22	-83.22	-20.33	28.40
3924993	damage	bot-655	alpha	bot-646	bravo	m24	bullet	95.00	0.70	-62.39	-41.99	-87.12	-20.59	32.71
3926929	damage	bot-660	alpha	bot-658	bravo	five_seven	bullet	20.00	80.00	96.88	5.69	82.82	-11.60	22.28
3927746	damage	bot-661	bravo	bot-645	alpha	m24	bullet	95.00	5.00	63.53	-16.14	45.91	46.99	65.55
3928772	damage	bot-648	bravo	bot-655	alpha	cz_805_bren	bullet	24.00	46.24	-74.41	-30.01	-62.50	-45.35	19.42
3929588	damage	bot-658	bravo	bot-660	alpha	cz_805_bren	bullet	24.00	48.08	84.93	-9.20	95.93	3.73	16.98
3931631	damage	bot-650	bravo	bot-657	alpha	five_seven	bullet	20.00	52.56	-78.72	-24.29	-65.41	-39.33	20.08
3931675	damage	bot-657	alpha	bot-648	bravo	cz_805_bren	bullet	24.00	52.80	-65.27	-39.46	-73.46	-30.28	12.31
3931726	damage	bot-648	bravo	bot-657	alpha	cz_805_bren	bullet	24.00	28.56	-73.46	-30.28	-65.11	-39.62	12.53
3931819	damage	bot-657	alpha	bot-648	bravo	cz_805_bren	bullet	24.00	28.80	-64.80	-40.03	-73.55	-30.06	13.27
3931819	kill	bot-662	alpha	bot-631	bravo	m24	bullet	95.00	0.00	-63.58	-40.11	-88.75	-20.27	32.05
3931858	damage	bot-648	bravo	bot-657	alpha	cz_805_bren	bullet	24.00	4.56	-73.55	-30.06	-64.66	-40.24	13.51
3932033	kill	bot-648	bravo	bot-657	alpha	cz_805_bren	bullet	24.00	0.00	-73.69	-29.70	-64.29	-40.82	14.56
3932471	damage	bot-641	bravo	bot-662	alpha	five_seven	bullet	20.00	80.00	-87.12	-22.71	-62.54	-41.04	30.66
3934495	damage	bot-653	alpha	bot-650	bravo	five_seven	bullet	20.00	52.26	-64.54	-41.18	-74.62	-28.85	15.92
3934650	damage	bot-653	alpha	bot-650	bravo	five_seven	bullet	20.00	32.26	-64.54	-41.18	-74.93	-28.17	16.65
3934691	damage	bot-650	bravo	bot-653	alpha	five_seven	bullet	20.00	52.15	-74.96	-28.06	-64.54	-41.18	16.75
3937706	damage	bot-664	alpha	bot-658	bravo	cz_805_bren	bullet	24.00	56.00	94.59	-6.24	90.49	-3.63	4.86
3946081	damage	bot-659	bravo	bot-660	alpha	five_seven	bullet	20.00	52.63	90.30	2.24	95.96	-0.76	6.41
3950369	damage	bot-651	alpha	bot-641	bravo	cz_805_bren	bullet	24.00	63.20	-64.92	-42.08	-80.69	-22.76	24.94
3950983	damage	bot-650	bravo	bot-651	alpha	five_seven	bullet	20.00	50.46	-83.24	-17.82	-64.95	-42.03	30.34
3956849	damage	bot-638	alpha	bot-661	bravo	five_seven	bullet	20.00	80.00	48.78	34.31	59.48	2.50	33.56
3957093	damage	bot-638	alpha	bot-661	bravo	five_seven	bullet	20.00	60.00	48.78	34.31	59.34	2.63	33.39
3957811	damage	bot-638	alpha	bot-661	bravo	five_seven	bullet	20.00	40.00	48.87	34.08	61.60	0.84	35.60
3957811	damage	bot-666	alpha	bot-658	bravo	cz_805_bren	bullet	24.00	71.52	87.28	-1.43	90.00	-0.13	3.02
3957839	damage	bot-667	bravo	bot-666	alpha	five_seven	bullet	20.00	80.00	87.03	-17.62	87.14	-1.76	15.86
3957960	damage	bot-638	alpha	bot-661	bravo	five_seven	bullet	20.00	20.00	48.87	34.07	62.01	0.52	36.03
3957998	damage	bot-666	alpha	bot-658	bravo	cz_805_bren	bullet	24.00	47.52	87.03	-2.17	90.23	-0.81	3.48
3957998	damage	bot-667	bravo	bot-666	alpha	five_seven	bullet	20.00	60.00	87.03	-17.62	86.97	-2.33	15.29
3958155	damage	bot-667	bravo	bot-666	alpha	five_seven	bullet	20.00	40.00	87.03	-17.62	87.26	-1.60	16.02
3958286	kill	bot-638	alpha	bot-661	bravo	five_seven	bullet	20.00	0.00	48.87	34.07	62.82	-0.06	36.88
3958316	damage	bot-667	bravo	bot-666	alpha	five_seven	bullet	20.00	20.00	87.03	-17.62	87.53	-0.98	16.65
3958582	kill	bot-658	bravo	bot-666	alpha	cz_805_bren	bullet	24.00	0.00	90.04	0.82	87.99	-0.25	2.31
3959978	damage	bot-667	bravo	bot-660	alpha	five_seven	bullet	20.00	52.42	87.78	-16.90	96.54	-1.24	17.94
3960896	damage	bot-653	alpha	bot-646	bravo	five_seven	bullet	20.00	75.31	-55.84	-46.36	-77.46	-28.83	27.83
3961069	damage	bot-653	alpha	bot-646	bravo	five_seven	bullet	20.00	55.31	-55.84	-46.36	-77.94	-28.33	28.52
3965193	damage	bot-660	alpha	bot-665	bravo	five_seven	bullet	20.00	5.83	98.22	-1.41	93.70	-5.17	5.88
3965276	damage	bot-665	bravo	bot-660	alpha	cz_805_bren	bullet	24.00	2.81	93.97	-4.91	98.33	-0.83	5.97
3965349	kill	bot-660	alpha	bot-665	bravo	five_seven	bullet	20.00	0.00	98.35	-0.73	94.13	-4.77	5.84
3965899	damage	bot-660	alpha	bot-667	bravo	five_seven	bullet	20.00	29.36	98.56	1.10	95.95	-8.11	9.57
3965928	kill	bot-667	bravo	bot-660	alpha	five_seven	bullet	20.00	0.00	96.07	-7.92	98.56	1.10	9.36
3968311	damage	bot-659	bravo	bot-668	alpha	five_seven	bullet	20.00	80.00	84.68	-7.19	87.00	-5.44	2.91
3968818	damage	bot-659	bravo	bot-668	alpha	five_seven	bullet	20.00	60.00	83.69	-8.52	87.68	-4.17	5.90
3968979	damage	bot-659	bravo	bot-668	alpha	five_seven	bullet	20.00	40.00	83.98	-7.98	87.96	-3.42	6.06
3969057	damage	bot-668	alpha	bot-658	bravo	five_seven	bullet	20.00	66.88	88.08	-3.14	86.56	-9.38	6.42
3969220	damage	bot-668	alpha	bot-658	bravo	five_seven	bullet	20.00	46.88	88.41	-2.33	86.34	-9.96	7.90
3969756	damage	bot-668	alpha	bot-658	bravo	five_seven	bullet	20.00	26.88	88.94	-0.56	84.28	-10.84	11.28
3969908	damage	bot-650	bravo	bot-653	alpha	five_seven	bullet	20.00	52.06	-85.23	-18.69	-64.93	-39.50	29.07
3969908	damage	bot-668	alpha	bot-658	bravo	five_seven	bullet	20.00	6.88	88.85	-0.34	83.59	-11.15	12.02
3970025	damage	bot-653	alpha	bot-650	bravo	five_seven	bullet	20.00	52.48	-64.81	-39.63	-85.23	-18.69	29.24
3970377	damage	bot-668	alpha	bot-659	bravo	five_seven	bullet	20.00	56.88	88.68	0.32	84.96	-8.91	9.95
3970838	kill	bot-647	alpha	bot-658	bravo	m24	bullet	95.00	0.00	45.80	31.11	81.81	-11.97	56.14
3977341	damage	bot-638	alpha	bot-663	bravo	five_seven	bullet	20.00	80.00	50.51	25.87	74.16	-12.72	45.27
3977528	damage	bot-638	alpha	bot-663	bravo	five_seven	bullet	20.00	60.00	50.51	25.87	74.04	-12.63	45.12
3977681	damage	bot-638	alpha	bot-663	bravo	five_seven	bullet	20.00	40.00	50.51	25.87	74.33	-13.05	45.63
3978160	damage	bot-638	alpha	bot-659	bravo	five_seven	bullet	20.00	52.14	50.51	25.87	75.15	-10.33	43.79
3978321	damage	bot-638	alpha	bot-659	bravo	five_seven	bullet	20.00	32.14	50.51	25.87	75.19	-10.93	44.31
3978321	damage	bot-654	bravo	bot-670	alpha	cz_805_bren	bullet	24.00	76.00	89.50	-13.51	93.16	-8.34	6.34
3978489	damage	bot-638	alpha	bot-659	bravo	five_seven	bullet	20.00	12.14	50.51	25.87	75.19	-11.56	44.84
3978489	damage	bot-654	bravo	bot-670	alpha	cz_805_bren	bullet	24.00	52.00	89.17	-13.88	92.79	-8.00	6.90
3978634	kill	bot-638	alpha	bot-659	bravo	five_seven	bullet	20.00	0.00	50.51	25.87	75.17	-12.32	45.47
3978750	damage	bot-654	bravo	bot-670	alpha	cz_805_bren	bullet	24.00	28.00	88.42	-14.70	93.71	-7.23	9.15
3978858	damage	bot-653	alpha	bot-669	bravo	five_seven	bullet	20.00	80.00	-52.99	-40.87	-9.94	-16.34	49.55
3978947	damage	bot-645	alpha	bot-654	bravo	five_seven	bullet	20.00	80.00	48.76	6.20	87.92	-14.87	44.48
3979036	damage	bot-653	alpha	bot-669	bravo	five_seven	bullet	20.00	60.00	-52.99	-40.87	-9.93	-16.35	49.55
3979260	damage	bot-653	alpha	bot-669	bravo	five_seven	bullet	20.00	40.00	-52.99	-40.87	-9.68	-16.27	49.81
3979530	damage	bot-670	alpha	bot-654	bravo	m1911	bullet	33.00	47.00	95.90	-5.22	87.47	-14.27	12.36
3979646	damage	bot-654	bravo	bot-670	alpha	cz_805_bren	bullet	24.00	4.00	87.47	-14.27	95.93	-5.19	12.41
3979787	kill	bot-654	bravo	bot-670	alpha	cz_805_bren	bullet	24.00	0.00	87.31	-14.43	96.11	-5.04	12.87
3979995	damage	bot-645	alpha	bot-654	bravo	five_seven	bullet	20.00	27.00	49.16	6.33	87.25	-14.46	43.40
3980173	damage	bot-645	alpha	bot-654	bravo	five_seven	bullet	20.00	7.00	49.16	6.33	87.25	-14.46	43.40
3980334	kill	bot-645	alpha	bot-654	bravo	five_seven	bullet	20.00	0.00	49.16	6.33	87.25	-14.46	43.40
3989096	damage	bot-648	bravo	bot-662	alpha	cz_805_bren	bullet	24.00	61.79	-73.94	-33.41	-61.68	-46.92	18.24
3989096	damage	bot-653	alpha	bot-648	bravo	five_seven	bullet	20.00	28.26	-53.61	-40.11	-73.94	-33.41	21.40
3989302	damage	bot-653	alpha	bot-648	bravo	five_seven	bullet	20.00	8.26	-53.61	-40.11	-73.87	-33.40	21.34
3989365	damage	bot-648	bravo	bot-662	alpha	cz_805_bren	bullet	24.00	37.79	-73.87	-33.40	-61.58	-47.82	18.94
3992156	damage	bot-653	alpha	bot-672	bravo	five_seven	bullet	20.00	52.31	-50.98	-35.89	-67.28	-26.98	18.57
3992330	damage	bot-653	alpha	bot-672	bravo	five_seven	bullet	20.00	32.31	-50.98	-35.89	-67.91	-27.34	18.97
3992500	damage	bot-653	alpha	bot-672	bravo	five_seven	bullet	20.00	12.31	-50.98	-35.89	-68.41	-27.62	19.29
3992655	kill	bot-653	alpha	bot-672	bravo	five_seven	bullet	20.00	0.00	-50.98	-35.89	-68.97	-27.93	19.67
3994607	damage	bot-668	alpha	bot-667	bravo	five_seven	bullet	20.00	52.87	89.51	2.45	91.31	-6.91	9.54
3994765	damage	bot-668	alpha	bot-667	bravo	five_seven	bullet	20.00	32.87	89.51	2.45	91.88	-7.49	10.22
3995308	damage	bot-638	alpha	bot-663	bravo	five_seven	bullet	20.00	52.46	66.77	0.52	73.17	-14.33	16.17
3995455	damage	bot-638	alpha	bot-663	bravo	five_seven	bullet	20.00	32.46	66.77	0.52	73.25	-14.59	16.44
3995606	damage	bot-638	alpha	bot-663	bravo	five_seven	bullet	20.00	12.46	66.77	0.52	73.36	-14.99	16.86
3996103	kill	bot-647	alpha	bot-663	bravo	m24	bullet	95.00	0.00	63.46	15.07	74.02	-17.33	34.08
3996741	damage	bot-653	alpha	bot-641	bravo	five_seven	bullet	20.00	52.08	-54.04	-40.44	-87.93	-19.63	39.76
3996895	damage	bot-653	alpha	bot-641	bravo	five_seven	bullet	20.00	32.08	-54.04	-40.44	-87.89	-19.47	39.81
3997039	damage	bot-653	alpha	bot-641	bravo	five_seven	bullet	20.00	12.08	-54.04	-40.44	-87.83	-19.22	39.89
3997583	kill	bot-653	alpha	bot-641	bravo	five_seven	bullet	20.00	0.00	-54.23	-40.49	-88.06	-17.34	40.99
3998185	damage	bot-638	alpha	bot-674	bravo	five_seven	bullet	20.00	80.00	69.08	-2.64	61.51	-18.13	17.24
3998311	damage	bot-674	bravo	bot-649	alpha	five_seven	bullet	20.00	54.63	61.51	-18.13	70.33	-4.56	16.18
3998351	damage	bot-638	alpha	bot-674	bravo	five_seven	bullet	20.00	60.00	69.08	-2.64	61.51	-18.13	17.24
3998452	damage	bot-674	bravo	bot-649	alpha	five_seven	bullet	20.00	34.63	61.40	-18.16	70.90	-4.02	17.04
3998826	kill	bot-647	alpha	bot-674	bravo	m24	bullet	95.00	0.00	64.28	16.60	60.60	-18.36	35.15
4000009	damage	bot-668	alpha	bot-667	bravo	five_seven	bullet	20.00	52.06	89.40	-4.22	95.82	-11.32	9.57
4001694	damage	bot-668	alpha	bot-667	bravo	five_seven	bullet	20.00	32.06	89.74	-4.64	98.52	-18.88	16.74
4001840	damage	bot-668	alpha	bot-667	bravo	five_seven	bullet	20.00	12.06	89.74	-4.64	98.52	-19.28	17.07
4002011	kill	bot-668	alpha	bot-667	bravo	five_seven	bullet	20.00	0.00	89.74	-4.64	98.53	-19.77	17.50
4009590	kill	bot-669	bravo	bot-645	alpha	m24	bullet	95.00	0.00	14.11	6.06	60.15	-8.82	48.39
4013625	damage	bot-643	alpha	bot-671	bravo	cz_805_bren	bullet	24.00	48.15	54.51	-8.15	13.06	1.07	42.47
4014560	damage	bot-638	alpha	bot-676	bravo	five_seven	bullet	20.00	80.00	61.53	-20.61	69.81	25.93	47.28
4014711	damage	bot-638	alpha	bot-676	bravo	five_seven	bullet	20.00	60.00	61.54	-20.61	69.81	25.93	47.27
4014870	damage	bot-638	alpha	bot-676	bravo	five_seven	bullet	20.00	40.00	61.56	-20.60	70.00	26.11	47.46
4016775	damage	bot-643	alpha	bot-669	bravo	cz_805_bren	bullet	24.00	48.72	51.08	-7.91	18.77	0.71	33.44
4042811	damage	bot-643	alpha	bot-671	bravo	cz_805_bren	bullet	24.00	24.11	17.20	-4.66	-21.68	8.60	41.08
4042932	damage	bot-643	alpha	bot-671	bravo	cz_805_bren	bullet	24.00	0.11	17.20	-4.66	-22.12	8.67	41.52
4043073	kill	bot-643	alpha	bot-671	bravo	cz_805_bren	bullet	24.00	0.00	17.20	-4.66	-22.90	8.81	42.30
4044282	damage	bot-643	alpha	bot-682	bravo	cz_805_bren	bullet	24.00	61.99	17.05	-4.58	-20.44	8.42	39.68
4044341	damage	bot-682	bravo	bot-643	alpha	five_seven	bullet	20.00	75.47	-20.44	8.42	17.05	-4.58	39.68
4044504	damage	bot-682	bravo	bot-643	alpha	five_seven	bullet	20.00	55.47	-20.44	8.42	17.05	-4.58	39.68
4050225	damage	bot-682	bravo	bot-643	alpha	five_seven	bullet	20.00	52.19	-9.71	6.04	21.47	-8.15	34.26
4050383	damage	bot-682	bravo	bot-643	alpha	five_seven	bullet	20.00	32.19	-9.71	6.04	21.93	-8.60	34.86
4050543	damage	bot-682	bravo	bot-643	alpha	five_seven	bullet	20.00	12.19	-9.71	6.04	22.34	-9.00	35.40
4050692	kill	bot-682	bravo	bot-643	alpha	five_seven	bullet	20.00	0.00	-9.71	6.04	22.77	-9.43	35.98
4068471	kill	bot-683	bravo	bot-647	alpha	m24	bullet	95.00	0.00	10.59	-0.99	-13.78	21.24	32.98
4096379	damage	bot-687	alpha	bot-682	bravo	five_seven	bullet	20.00	52.08	13.03	11.68	-32.85	18.77	46.42
4096528	damage	bot-687	alpha	bot-682	bravo	five_seven	bullet	20.00	32.08	13.03	11.68	-33.39	19.26	47.04
4098590	damage	bot-686	bravo	bot-687	alpha	cz_805_bren	bullet	24.00	76.00	-27.04	20.47	12.71	11.73	40.70
4098590	damage	bot-687	alpha	bot-688	bravo	five_seven	bullet	20.00	80.00	12.71	11.73	-30.89	21.05	44.58
4098719	damage	bot-686	bravo	bot-687	alpha	cz_805_bren	bullet	24.00	52.00	-27.04	20.47	12.75	11.74	40.73
4111157	kill	bot-688	bravo	bot-687	alpha	five_seven	bullet	20.00	0.00	-27.44	20.26	13.81	9.68	42.58
4115257	kill	bot-690	bravo	bot-668	alpha	m24	bullet	95.00	0.00	56.14	-13.24	23.28	47.28	68.86
4127702	damage	bot-694	bravo	bot-693	alpha	five_seven	bullet	20.00	80.00	-23.06	-5.36	-10.64	42.91	49.85
4127848	damage	bot-694	bravo	bot-693	alpha	five_seven	bullet	20.00	60.00	-23.06	-5.36	-10.64	42.91	49.85
4133487	damage	bot-688	bravo	bot-675	alpha	five_seven	bullet	20.00	80.00	-50.09	-14.50	-74.18	-40.75	35.63
4133632	damage	bot-675	alpha	bot-688	bravo	cz_805_bren	bullet	24.00	48.06	-74.19	-40.75	-50.09	-14.50	35.63
4137458	damage	bot-653	alpha	bot-688	bravo	five_seven	bullet	20.00	28.06	-74.32	-42.06	-43.22	-6.84	46.99
4137616	damage	bot-653	alpha	bot-688	bravo	five_seven	bullet	20.00	8.06	-74.41	-42.11	-42.62	-6.24	47.93
4137771	kill	bot-653	alpha	bot-688	bravo	five_seven	bullet	20.00	0.00	-74.42	-42.12	-42.05	-5.55	48.84
4138044	damage	bot-686	bravo	bot-695	alpha	cz_805_bren	bullet	24.00	58.47	15.81	14.92	19.00	20.08	6.07
4147816	damage	bot-695	alpha	bot-686	bravo	cz_805_bren	bullet	24.00	66.28	22.50	21.80	17.64	18.68	5.78
4148047	damage	bot-695	alpha	bot-686	bravo	cz_805_bren	bullet	24.00	42.28	23.28	22.61	17.64	18.68	6.88
4148230	damage	bot-686	bravo	bot-695	alpha	cz_805_bren	bullet	24.00	48.52	17.12	18.51	23.85	23.20	8.21
4148291	damage	bot-695	alpha	bot-686	bravo	cz_805_bren	bullet	24.00	18.28	24.10	23.05	17.01	18.09	8.66
4148363	damage	bot-686	bravo	bot-695	alpha	cz_805_bren	bullet	24.00	24.52	16.97	17.90	24.41	22.88	8.96
4149618	kill	bot-690	bravo	bot-695	alpha	m1911	bullet	33.00	0.00	36.59	20.95	27.79	21.01	8.80
4154210	damage	bot-683	bravo	bot-685	alpha	five_seven	bullet	20.00	80.00	5.50	32.12	-3.74	29.72	9.55
4154322	damage	bot-685	alpha	bot-683	bravo	cz_805_bren	bullet	24.00	73.13	-3.74	29.72	5.50	32.12	9.55
4154381	damage	bot-683	bravo	bot-685	alpha	five_seven	bullet	20.00	60.00	5.50	32.12	-3.74	29.72	9.55
4154484	damage	bot-685	alpha	bot-683	bravo	cz_805_bren	bullet	24.00	49.13	-3.86	29.80	5.50	32.12	9.64
4154645	damage	bot-683	bravo	bot-685	alpha	five_seven	bullet	20.00	40.00	5.50	32.12	-3.92	29.84	9.69
4155766	damage	bot-694	bravo	bot-675	alpha	five_seven	bullet	20.00	60.00	-47.09	21.06	-65.70	-17.12	42.48
4155970	damage	bot-694	bravo	bot-675	alpha	five_seven	bullet	20.00	40.00	-47.09	21.06	-65.75	-17.54	42.88
4156321	damage	bot-694	bravo	bot-675	alpha	five_seven	bullet	20.00	20.00	-47.10	21.09	-65.93	-18.58	43.91
4157490	damage	bot-694	bravo	bot-681	alpha	five_seven	bullet	20.00	80.00	-47.06	20.72	-61.44	-9.06	33.07
4157634	damage	bot-684	bravo	bot-699	alpha	cz_805_bren	bullet	24.00	59.31	-20.69	16.00	-17.37	20.78	5.82
4157634	damage	bot-694	bravo	bot-681	alpha	five_seven	bullet	20.00	60.00	-47.06	20.72	-61.44	-9.05	33.06
4157707	damage	bot-700	bravo	bot-699	alpha	cz_805_bren	bullet	24.00	35.31	22.29	25.41	-17.05	21.14	39.58
4157895	damage	bot-684	bravo	bot-699	alpha	cz_805_bren	bullet	24.00	11.31	-20.70	15.96	-17.19	21.25	6.35
4158020	kill	bot-684	bravo	bot-699	alpha	cz_805_bren	bullet	24.00	0.00	-20.70	15.96	-17.16	21.49	6.58
4158583	damage	bot-694	bravo	bot-662	alpha	five_seven	bullet	20.00	52.46	-47.06	20.66	-62.06	-9.63	33.80
4158737	damage	bot-694	bravo	bot-662	alpha	five_seven	bullet	20.00	32.46	-47.06	20.66	-62.18	-9.81	34.02
4158881	damage	bot-694	bravo	bot-662	alpha	five_seven	bullet	20.00	12.46	-47.07	20.66	-62.28	-10.17	34.38
4159063	kill	bot-694	bravo	bot-662	alpha	five_seven	bullet	20.00	0.00	-47.07	20.66	-62.65	-10.39	34.74
4159868	damage	bot-694	bravo	bot-679	alpha	m1911	bullet	33.00	67.00	-47.08	20.66	-62.35	-10.86	35.03
4160211	damage	bot-694	bravo	bot-679	alpha	m1911	bullet	33.00	34.00	-47.08	20.67	-62.35	-10.86	35.03
4162430	damage	bot-694	bravo	bot-681	alpha	m1911	bullet	33.00	39.03	-47.07	21.10	-63.54	-13.55	38.37
4162771	damage	bot-694	bravo	bot-681	alpha	m1911	bullet	33.00	6.03	-47.07	21.10	-64.09	-14.14	39.14
4164598	damage	bot-694	bravo	bot-653	alpha	m1911	bullet	33.00	19.06	-47.09	21.13	-65.80	-17.95	43.32
4164974	kill	bot-694	bravo	bot-653	alpha	m1911	bullet	33.00	0.00	-47.09	21.13	-66.31	-18.59	44.12
4166997	damage	bot-685	alpha	bot-694	bravo	cz_805_bren	bullet	24.00	76.00	-11.80	43.28	-49.34	22.66	42.82
4167203	damage	bot-685	alpha	bot-694	bravo	cz_805_bren	bullet	24.00	52.00	-11.80	43.28	-49.07	22.76	42.54
4167365	damage	bot-685	alpha	bot-694	bravo	cz_805_bren	bullet	24.00	28.00	-11.80	43.27	-48.97	22.61	42.52
4168157	kill	bot-679	alpha	bot-694	bravo	m24	bullet	95.00	0.00	-62.03	-9.29	-48.53	19.92	32.18
4172292	damage	bot-686	bravo	bot-685	alpha	cz_805_bren	bullet	24.00	48.24	-0.95	25.03	-11.07	42.22	19.94
4174150	damage	bot-686	bravo	bot-685	alpha	cz_805_bren	bullet	24.00	24.24	-0.10	23.96	-14.35	45.95	26.21
4174272	damage	bot-686	bravo	bot-685	alpha	cz_805_bren	bullet	24.00	0.24	-0.10	23.96	-14.76	46.29	26.71
4174415	kill	bot-686	bravo	bot-685	alpha	cz_805_bren	bullet	24.00	0.00	-0.10	23.96	-15.18	46.59	27.19
4176234	damage	bot-682	bravo	bot-693	alpha	five_seven	bullet	20.00	13.12	-1.36	26.71	-29.37	36.84	29.79
4177029	damage	bot-682	bravo	bot-693	alpha	five_seven	bullet	20.00	1.91	-1.28	26.74	-29.35	36.86	29.84
4177170	kill	bot-682	bravo	bot-693	alpha	five_seven	bullet	20.00	0.00	-1.28	26.74	-29.34	36.85	29.82
4189938	damage	bot-677	alpha	bot-696	bravo	five_seven	bullet	20.00	52.46	-56.01	12.20	-7.63	20.17	49.03
4190022	damage	bot-700	bravo	bot-677	alpha	cz_805_bren	bullet	24.00	76.00	-16.94	21.39	-56.01	12.20	40.14
4190220	damage	bot-702	bravo	bot-673	alpha	five_seven	bullet	20.00	70.19	-86.76	-1.94	-44.22	6.05	43.28
4190413	damage	bot-702	bravo	bot-673	alpha	five_seven	bullet	20.00	50.19	-86.78	-1.94	-44.65	5.62	42.80
4190792	damage	bot-700	bravo	bot-677	alpha	cz_805_bren	bullet	24.00	52.00	-16.97	21.17	-56.01	12.56	39.98
4190792	damage	bot-702	bravo	bot-673	alpha	five_seven	bullet	20.00	30.19	-86.74	-1.94	-45.60	4.50	41.63
4192956	damage	bot-700	bravo	bot-679	alpha	cz_805_bren	bullet	24.00	26.03	-16.96	21.54	-49.00	-2.12	39.83
4193133	damage	bot-700	bravo	bot-679	alpha	cz_805_bren	bullet	24.00	2.03	-16.96	21.54	-49.43	-2.56	40.43
4193269	kill	bot-700	bravo	bot-679	alpha	cz_805_bren	bullet	24.00	0.00	-16.96	21.54	-49.95	-3.07	41.16
4197447	kill	bot-696	bravo	bot-677	alpha	m24	bullet	95.00	0.00	-7.29	19.43	-57.24	14.27	50.22
4204781	damage	bot-702	bravo	bot-681	alpha	five_seven	bullet	20.00	52.49	-74.66	6.11	-52.09	-5.08	25.20
4204928	damage	bot-702	bravo	bot-681	alpha	five_seven	bullet	20.00	32.49	-74.66	6.11	-51.68	-5.49	25.74
4205092	damage	bot-702	bravo	bot-681	alpha	five_seven	bullet	20.00	12.49	-74.66	6.11	-51.21	-5.96	26.37
4205239	kill	bot-702	bravo	bot-681	alpha	five_seven	bullet	20.00	0.00	-74.66	6.10	-50.78	-6.39	26.95
4208647	damage	bot-675	alpha	bot-702	bravo	cz_805_bren	bullet	24.00	56.26	-56.01	-9.72	-73.30	7.36	24.31
4208764	damage	bot-675	alpha	bot-702	bravo	cz_805_bren	bullet	24.00	32.26	-56.01	-9.72	-73.58	7.63	24.69
4208894	damage	bot-675	alpha	bot-702	bravo	cz_805_bren	bullet	24.00	8.26	-56.01	-9.74	-73.99	8.02	25.28
4209022	kill	bot-675	alpha	bot-702	bravo	cz_805_bren	bullet	24.00	0.00	-56.01	-9.74	-74.39	8.41	25.83
4213495	damage	bot-700	bravo	bot-675	alpha	cz_805_bren	bullet	24.00	41.86	-44.61	5.02	-58.04	-6.31	17.57
4222585	damage	bot-707	bravo	bot-675	alpha	cz_805_bren	bullet	24.00	48.85	-62.79	-5.11	-55.80	-7.15	7.28
4223410	damage	bot-675	alpha	bot-707	bravo	cz_805_bren	bullet	24.00	43.55	-54.00	-6.78	-62.24	-6.64	8.24
4229730	damage	bot-711	alpha	bot-710	bravo	five_seven	bullet	20.00	80.00	62.08	0.98	69.68	0.17	7.64
4229817	damage	bot-710	bravo	bot-711	alpha	cz_805_bren	bullet	24.00	76.00	69.68	0.17	62.08	1.00	7.65
4229913	damage	bot-711	alpha	bot-710	bravo	five_seven	bullet	20.00	60.00	62.08	1.00	69.68	0.17	7.65
4230062	damage	bot-710	bravo	bot-711	alpha	cz_805_bren	bullet	24.00	52.00	70.26	-0.18	62.08	1.00	8.26
4231076	damage	bot-710	bravo	bot-712	alpha	cz_805_bren	bullet	24.00	76.00	73.39	-2.05	64.80	1.36	9.25
4231240	damage	bot-710	bravo	bot-712	alpha	cz_805_bren	bullet	24.00	52.00	73.39	-2.05	64.80	1.29	9.22
4237969	damage	bot-711	alpha	bot-710	bravo	five_seven	bullet	20.00	52.52	63.37	-0.35	76.58	-5.20	14.07
4238122	damage	bot-711	alpha	bot-710	bravo	five_seven	bullet	20.00	32.52	63.37	-0.35	77.22	-5.62	14.82
4238270	damage	bot-711	alpha	bot-710	bravo	five_seven	bullet	20.00	12.52	63.37	-0.35	77.88	-5.96	15.55
4238413	kill	bot-711	alpha	bot-710	bravo	five_seven	bullet	20.00	0.00	63.37	-0.34	78.57	-6.00	16.22
4241750	damage	bot-714	bravo	bot-709	alpha	five_seven	bullet	20.00	80.00	32.49	-34.62	71.63	-7.63	47.54
4241901	damage	bot-714	bravo	bot-709	alpha	five_seven	bullet	20.00	60.00	32.49	-34.62	71.97	-7.63	47.83
4242046	damage	bot-714	bravo	bot-709	alpha	five_seven	bullet	20.00	40.00	32.49	-34.62	72.51	-7.09	48.57
4242201	damage	bot-714	bravo	bot-709	alpha	five_seven	bullet	20.00	20.00	32.49	-34.62	73.12	-6.48	49.43
4257755	damage	bot-706	alpha	bot-714	bravo	m24	bullet	95.00	5.00	40.09	47.00	27.68	-26.40	74.44
4264709	damage	bot-714	bravo	bot-712	alpha	five_seven	bullet	20.00	52.53	22.84	-28.56	65.37	-14.28	44.86
4265007	damage	bot-714	bravo	bot-712	alpha	five_seven	bullet	20.00	32.53	22.84	-28.56	65.79	-13.86	45.40
4265152	damage	bot-714	bravo	bot-712	alpha	five_seven	bullet	20.00	12.53	22.84	-28.56	66.25	-13.27	46.03
4265298	kill	bot-714	bravo	bot-712	alpha	five_seven	bullet	20.00	0.00	22.84	-28.56	66.64	-12.61	46.61
4265957	damage	bot-715	alpha	bot-714	bravo	cz_805_bren	bullet	24.00	48.19	65.39	-15.27	22.64	-28.39	44.72
4266068	damage	bot-715	alpha	bot-714	bravo	cz_805_bren	bullet	24.00	24.19	65.39	-15.27	22.50	-28.27	44.82
4266319	damage	bot-715	alpha	bot-714	bravo	cz_805_bren	bullet	24.00	0.19	65.39	-15.28	21.86	-27.68	45.26
4266446	damage	bot-714	bravo	bot-715	alpha	five_seven	bullet	20.00	80.00	21.52	-27.38	65.39	-15.28	45.50
4268457	damage	bot-714	bravo	bot-715	alpha	m1911	bullet	33.00	47.00	16.24	-22.36	64.86	-15.33	49.12
4274469	damage	bot-715	alpha	bot-714	bravo	cz_805_bren	bullet	24.00	48.46	67.06	-13.53	17.79	-21.77	49.96
4279952	damage	bot-715	alpha	bot-714	bravo	cz_805_bren	bullet	24.00	48.48	57.40	-13.32	15.72	-24.73	43.21
4282112	damage	bot-714	bravo	bot-717	alpha	m1911	bullet	33.00	67.00	10.74	-28.91	50.64	-27.47	39.93
4282145	damage	bot-715	alpha	bot-714	bravo	cz_805_bren	bullet	24.00	24.48	56.98	-13.35	10.74	-28.91	48.78
4282656	damage	bot-715	alpha	bot-714	bravo	cz_805_bren	bullet	24.00	8.82	56.89	-13.37	10.74	-28.91	48.70
4282825	kill	bot-715	alpha	bot-714	bravo	cz_805_bren	bullet	24.00	0.00	56.90	-13.36	10.74	-28.91	48.70
4299746	kill	bot-706	alpha	bot-686	bravo	m24	bullet	95.00	0.00	9.09	9.66	-44.08	-39.72	72.56
4301092	damage	bot-705	alpha	bot-719	bravo	five_seven	bullet	20.00	80.00	12.21	-3.52	-12.71	25.46	38.22
4301252	damage	bot-705	alpha	bot-719	bravo	five_seven	bullet	20.00	60.00	12.21	-3.52	-12.71	25.46	38.23
4301542	damage	bot-705	alpha	bot-719	bravo	five_seven	bullet	20.00	40.00	12.21	-3.52	-13.16	25.83	38.79
4304634	damage	bot-703	alpha	bot-720	bravo	cz_805_bren	bullet	24.00	38.36	8.69	-2.01	-11.50	20.88	30.52
4305468	damage	bot-709	alpha	bot-707	bravo	cz_805_bren	bullet	24.00	48.42	18.86	-33.04	-28.83	-44.17	48.96
4311916	damage	bot-703	alpha	bot-721	bravo	cz_805_bren	bullet	24.00	76.00	-1.38	7.39	-15.74	20.97	19.76
4312375	damage	bot-716	alpha	bot-707	bravo	five_seven	bullet	20.00	52.48	15.70	-34.46	-28.94	-42.99	45.45
4312519	damage	bot-716	alpha	bot-707	bravo	five_seven	bullet	20.00	32.48	15.70	-34.46	-29.11	-43.00	45.61
4312647	damage	bot-721	bravo	bot-701	alpha	cz_805_bren	bullet	24.00	76.00	-16.20	22.14	-1.07	12.38	18.00
4312779	damage	bot-721	bravo	bot-701	alpha	cz_805_bren	bullet	24.00	52.00	-16.20	22.14	-1.08	12.36	18.01
4312903	damage	bot-721	bravo	bot-701	alpha	cz_805_bren	bullet	24.00	28.00	-16.20	22.14	-1.00	12.38	18.06
4313123	damage	bot-721	bravo	bot-701	alpha	cz_805_bren	bullet	24.00	4.00	-16.20	22.14	-0.85	12.44	18.16
4313465	kill	bot-721	bravo	bot-701	alpha	cz_805_bren	bullet	24.00	0.00	-16.20	22.14	-0.48	12.64	18.36
4313625	damage	bot-684	bravo	bot-709	alpha	cz_805_bren	bullet	24.00	71.17	-17.93	-42.53	13.69	-33.92	32.77
4314072	damage	bot-684	bravo	bot-709	alpha	cz_805_bren	bullet	24.00	47.17	-17.93	-42.52	13.28	-33.94	32.37
4314239	damage	bot-684	bravo	bot-709	alpha	cz_805_bren	bullet	24.00	23.17	-17.94	-42.53	13.79	-33.89	32.89
4314239	damage	bot-721	bravo	bot-708	alpha	cz_805_bren	bullet	24.00	76.00	-16.36	22.95	-1.56	14.39	17.10
4314375	damage	bot-721	bravo	bot-708	alpha	cz_805_bren	bullet	24.00	52.00	-16.36	22.95	-1.07	14.87	17.29
4314765	damage	bot-721	bravo	bot-706	alpha	cz_805_bren	bullet	24.00	76.00	-16.36	22.96	-9.64	0.72	23.23
4316433	damage	bot-715	alpha	bot-691	bravo	cz_805_bren	bullet	24.00	76.00	10.90	-29.04	-17.80	-43.21	32.01
4316552	damage	bot-721	bravo	bot-706	alpha	cz_805_bren	bullet	24.00	52.00	-15.34	24.01	-7.89	-1.28	26.37
4316856	damage	bot-721	bravo	bot-706	alpha	cz_805_bren	bullet	24.00	28.00	-15.35	24.00	-7.20	-0.53	25.85
4317150	damage	bot-721	bravo	bot-706	alpha	cz_805_bren	bullet	24.00	4.00	-15.35	24.00	-6.71	-0.00	25.51
4317386	kill	bot-721	bravo	bot-706	alpha	cz_805_bren	bullet	24.00	0.00	-15.36	23.99	-6.18	0.55	25.18
4317792	damage	bot-691	bravo	bot-718	alpha	cz_805_bren	bullet	24.00	76.00	-17.67	-43.12	6.39	-36.15	25.05
4317989	damage	bot-691	bravo	bot-718	alpha	cz_805_bren	bullet	24.00	52.00	-17.69	-43.12	6.39	-36.14	25.07
4319791	damage	bot-721	bravo	bot-717	alpha	cz_805_bren	bullet	24.00	43.00	-15.62	23.85	18.93	-10.22	48.52
4320128	kill	bot-715	alpha	bot-684	bravo	cz_805_bren	bullet	24.00	0.00	7.18	-30.34	-23.14	-46.07	34.16
4321231	kill	bot-719	bravo	bot-709	alpha	m24	bullet	95.00	0.00	-19.98	28.02	13.55	-33.61	70.16
4322252	kill	bot-722	alpha	bot-697	bravo	cz_805_bren	bullet	24.00	0.00	-38.90	-45.54	-36.40	-40.07	6.02
4322330	damage	bot-682	bravo	bot-722	alpha	five_seven	bullet	20.00	80.00	-45.31	-45.36	-39.02	-45.66	6.29
4322474	damage	bot-682	bravo	bot-722	alpha	five_seven	bullet	20.00	60.00	-45.30	-45.35	-38.91	-45.55	6.39
4322643	damage	bot-682	bravo	bot-722	alpha	five_seven	bullet	20.00	40.00	-45.30	-45.35	-38.77	-45.40	6.53
4322743	damage	bot-696	bravo	bot-722	alpha	m1911	bullet	33.00	7.00	-53.08	-46.36	-38.47	-45.12	14.66
4322817	kill	bot-682	bravo	bot-722	alpha	five_seven	bullet	20.00	0.00	-45.30	-45.35	-38.30	-44.95	7.01
4325758	damage	bot-721	bravo	bot-705	alpha	cz_805_bren	bullet	24.00	76.00	-11.44	24.54	-0.68	12.58	16.09
4325892	damage	bot-721	bravo	bot-705	alpha	cz_805_bren	bullet	24.00	52.00	-11.49	24.54	-1.13	12.79	15.67
4326440	damage	bot-705	alpha	bot-721	bravo	five_seven	bullet	20.00	46.30	-0.86	11.17	-11.74	24.26	17.02
4326668	damage	bot-721	bravo	bot-708	alpha	cz_805_bren	bullet	24.00	48.58	-12.01	24.53	-2.16	15.47	13.38
4327059	damage	bot-721	bravo	bot-708	alpha	cz_805_bren	bullet	24.00	24.58	-13.28	25.88	-1.27	15.16	16.10
4327476	damage	bot-721	bravo	bot-708	alpha	cz_805_bren	bullet	24.00	0.58	-14.54	27.55	0.14	14.63	19.56
4327728	kill	bot-721	bravo	bot-708	alpha	cz_805_bren	bullet	24.00	0.00	-15.11	28.66	1.05	14.24	21.66
4327755	damage	bot-703	alpha	bot-692	bravo	cz_805_bren	bullet	24.00	48.59	-7.78	14.92	-28.44	-24.60	44.59
4327879	damage	bot-703	alpha	bot-692	bravo	cz_805_bren	bullet	24.00	24.59	-7.78	14.92	-29.00	-24.88	45.10
4331477	damage	bot-682	bravo	bot-718	alpha	five_seven	bullet	20.00	16.99	-35.85	-47.44	-15.57	-43.20	20.71
4331628	kill	bot-682	bravo	bot-718	alpha	five_seven	bullet	20.00	0.00	-35.85	-47.43	-16.01	-43.63	20.20
4334741	damage	bot-723	bravo	bot-717	alpha	five_seven	bullet	20.00	52.52	-20.81	27.78	11.50	-3.02	44.64
4334910	damage	bot-723	bravo	bot-717	alpha	five_seven	bullet	20.00	32.52	-20.81	27.78	11.36	-3.22	44.68
4335063	damage	bot-723	bravo	bot-717	alpha	five_seven	bullet	20.00	12.52	-20.81	27.78	11.06	-3.62	44.75
4336740	damage	bot-725	bravo	bot-716	alpha	m24	bullet	95.00	5.00	-19.07	27.14	6.97	-34.43	66.84
4338107	damage	bot-721	bravo	bot-703	alpha	cz_805_bren	bullet	24.00	76.00	-15.53	29.92	-11.45	-2.25	32.42
4340063	damage	bot-703	alpha	bot-721	bravo	cz_805_bren	bullet	24.00	48.55	-11.94	-2.36	-15.36	29.26	31.80
4340181	damage	bot-703	alpha	bot-721	bravo	cz_805_bren	bullet	24.00	24.55	-11.94	-2.36	-15.52	29.67	32.23
4340426	damage	bot-703	alpha	bot-721	bravo	cz_805_bren	bullet	24.00	0.55	-11.94	-2.36	-15.80	30.42	33.01
4340596	kill	bot-703	alpha	bot-721	bravo	cz_805_bren	bullet	24.00	0.00	-11.94	-2.36	-15.77	30.76	33.34
4340721	damage	bot-705	alpha	bot-725	bravo	five_seven	bullet	20.00	80.00	-3.91	5.37	-19.36	27.27	26.81
4340878	damage	bot-705	alpha	bot-725	bravo	five_seven	bullet	20.00	60.00	-3.91	5.37	-19.77	27.85	27.51
4341030	damage	bot-705	alpha	bot-725	bravo	five_seven	bullet	20.00	40.00	-3.91	5.37	-19.96	28.05	27.79
4352000	damage	bot-717	alpha	bot-727	bravo	m24	bullet	95.00	5.00	4.58	-0.37	-14.44	24.87	31.61
4352844	damage	bot-726	alpha	bot-729	bravo	m1911	bullet	33.00	67.00	80.13	-23.21	91.43	-24.10	11.34
4353195	damage	bot-724	alpha	bot-729	bravo	five_seven	bullet	20.00	47.00	81.31	-28.50	91.68	-23.99	11.31
4353195	damage	bot-726	alpha	bot-729	bravo	m1911	bullet	33.00	14.00	80.13	-23.21	91.68	-23.99	11.58
4353356	kill	bot-724	alpha	bot-729	bravo	five_seven	bullet	20.00	0.00	81.31	-28.49	91.88	-23.78	11.57
4357647	damage	bot-692	bravo	bot-716	alpha	cz_805_bren	bullet	24.00	48.86	-16.48	-23.79	-5.27	-30.38	13.00
4357833	damage	bot-692	bravo	bot-716	alpha	cz_805_bren	bullet	24.00	24.86	-16.48	-23.79	-5.37	-30.56	13.01
4358897	damage	bot-716	alpha	bot-692	bravo	five_seven	bullet	20.00	36.20	-6.15	-32.17	-16.48	-23.52	13.47
4359363	damage	bot-711	alpha	bot-700	bravo	five_seven	bullet	20.00	52.07	-14.72	-34.71	-17.28	-24.57	10.45
4359543	damage	bot-711	alpha	bot-700	bravo	five_seven	bullet	20.00	32.07	-14.69	-34.71	-17.47	-24.38	10.69
4359697	damage	bot-711	alpha	bot-700	bravo	five_seven	bullet	20.00	12.07	-14.69	-34.71	-17.67	-24.20	10.92
4359905	damage	bot-700	bravo	bot-711	alpha	cz_805_bren	bullet	24.00	48.17	-17.87	-24.03	-14.69	-34.71	11.14
4362342	damage	bot-682	bravo	bot-715	alpha	five_seven	bullet	20.00	75.07	-34.66	-31.16	-30.49	-43.03	12.58
4362519	damage	bot-682	bravo	bot-715	alpha	five_seven	bullet	20.00	55.07	-34.66	-31.16	-30.70	-42.91	12.40
4362707	damage	bot-682	bravo	bot-715	alpha	five_seven	bullet	20.00	35.07	-34.66	-31.16	-30.27	-43.23	12.84
4362945	damage	bot-682	bravo	bot-715	alpha	five_seven	bullet	20.00	15.07	-34.66	-31.16	-29.92	-43.44	13.16
4362945	damage	bot-730	bravo	bot-717	alpha	five_seven	bullet	20.00	52.08	11.96	0.92	-0.21	9.11	14.67
4363111	kill	bot-682	bravo	bot-715	alpha	five_seven	bullet	20.00	0.00	-34.66	-31.16	-29.26	-43.94	13.88
4363111	damage	bot-730	bravo	bot-717	alpha	five_seven	bullet	20.00	32.08	11.96	0.92	-0.80	9.68	15.48
4363281	damage	bot-730	bravo	bot-717	alpha	five_seven	bullet	20.00	12.08	11.96	0.92	-1.16	10.02	15.96
4363453	kill	bot-730	bravo	bot-717	alpha	five_seven	bullet	20.00	0.00	11.96	0.92	-1.65	10.46	16.62
4364013	damage	bot-730	bravo	bot-705	alpha	five_seven	bullet	20.00	52.29	11.94	0.95	-0.84	7.15	14.20
4364178	damage	bot-730	bravo	bot-705	alpha	five_seven	bullet	20.00	32.29	11.94	0.95	-1.43	7.73	14.99
4364343	damage	bot-730	bravo	bot-705	alpha	five_seven	bullet	20.00	12.29	11.94	0.95	-1.91	8.21	15.63
4364500	kill	bot-730	bravo	bot-705	alpha	five_seven	bullet	20.00	0.00	11.94	0.95	-2.41	8.69	16.30
4365051	damage	bot-730	bravo	bot-703	alpha	five_seven	bullet	20.00	52.77	11.94	0.95	-24.94	-0.12	36.89
4365239	damage	bot-730	bravo	bot-703	alpha	five_seven	bullet	20.00	32.77	11.92	0.98	-25.54	-0.11	37.48
4365383	damage	bot-730	bravo	bot-703	alpha	five_seven	bullet	20.00	12.77	11.91	0.98	-26.12	-0.10	38.04
4365527	kill	bot-730	bravo	bot-703	alpha	five_seven	bullet	20.00	0.00	11.91	0.98	-26.43	-0.08	38.35
4366802	kill	bot-716	alpha	bot-692	bravo	five_seven	bullet	20.00	0.00	-8.08	-35.21	-22.62	-12.65	26.84
4372338	damage	bot-716	alpha	bot-730	bravo	five_seven	bullet	20.00	80.00	-7.12	-28.88	4.82	-7.11	24.83
4372759	damage	bot-711	alpha	bot-727	bravo	five_seven	bullet	20.00	52.48	-13.36	-27.58	-13.11	22.08	49.66
4372909	damage	bot-711	alpha	bot-727	bravo	five_seven	bullet	20.00	32.48	-13.36	-27.58	-12.90	22.27	49.85
4373167	damage	bot-730	bravo	bot-716	alpha	five_seven	bullet	20.00	52.02	4.46	-7.48	-7.37	-29.16	24.71
4373316	damage	bot-730	bravo	bot-716	alpha	five_seven	bullet	20.00	32.02	4.46	-7.48	-7.78	-29.56	25.25
4373632	damage	bot-711	alpha	bot-727	bravo	five_seven	bullet	20.00	12.48	-14.20	-25.80	-10.97	24.08	49.99
4375724	damage	bot-682	bravo	bot-711	alpha	five_seven	bullet	20.00	52.12	-17.75	-38.99	-12.57	-23.31	16.51
4375919	damage	bot-711	alpha	bot-730	bravo	five_seven	bullet	20.00	27.26	-12.68	-23.09	8.27	-3.90	28.41
4376628	damage	bot-716	alpha	bot-682	bravo	five_seven	bullet	20.00	51.33	-5.01	-34.00	-17.34	-39.19	13.38
4376701	damage	bot-711	alpha	bot-730	bravo	five_seven	bullet	20.00	7.26	-13.97	-20.32	10.56	-1.59	30.86
4377337	kill	bot-711	alpha	bot-730	bravo	five_seven	bullet	20.00	0.00	-12.99	-17.51	12.36	0.32	30.99
4378786	damage	bot-723	bravo	bot-711	alpha	five_seven	bullet	20.00	32.12	-17.52	33.32	-8.06	-12.68	46.96
4378974	damage	bot-711	alpha	bot-723	bravo	five_seven	bullet	20.00	52.74	-8.06	-12.68	-17.52	33.32	46.96
4379135	damage	bot-711	alpha	bot-723	bravo	five_seven	bullet	20.00	32.74	-8.06	-12.68	-17.73	33.52	47.19
4379135	damage	bot-723	bravo	bot-711	alpha	five_seven	bullet	20.00	12.12	-17.73	33.52	-8.06	-12.68	47.19
4380574	kill	bot-719	bravo	bot-711	alpha	m24	bullet	95.00	0.00	-18.07	25.56	-8.06	-12.68	39.53
4382527	damage	bot-682	bravo	bot-716	alpha	five_seven	bullet	20.00	32.07	-19.67	-39.10	-12.29	-37.05	7.66
4382693	damage	bot-682	bravo	bot-716	alpha	five_seven	bullet	20.00	12.07	-19.77	-39.18	-11.97	-36.38	8.29
4382838	kill	bot-682	bravo	bot-716	alpha	five_seven	bullet	20.00	0.00	-19.81	-39.20	-11.80	-36.09	8.59
4383563	damage	bot-731	alpha	bot-733	bravo	cz_805_bren	bullet	24.00	76.00	91.63	-19.51	94.06	-26.14	7.06
4383618	damage	bot-733	bravo	bot-731	alpha	five_seven	bullet	20.00	76.04	94.06	-26.14	91.63	-19.51	7.06
4383681	damage	bot-731	alpha	bot-733	bravo	cz_805_bren	bullet	24.00	52.00	91.63	-19.51	94.06	-26.14	7.06
4383764	damage	bot-733	bravo	bot-731	alpha	five_seven	bullet	20.00	56.04	94.30	-26.54	91.63	-19.51	7.52
4383908	damage	bot-731	alpha	bot-733	bravo	cz_805_bren	bullet	24.00	28.00	92.02	-19.44	94.55	-27.03	8.00
4384694	kill	bot-734	alpha	bot-727	bravo	m24	bullet	95.00	0.00	-39.98	-38.27	-5.61	26.09	72.97
4387283	kill	bot-734	alpha	bot-719	bravo	m24	bullet	95.00	0.00	-39.06	-36.38	-9.70	24.83	67.89
4389880	damage	bot-733	bravo	bot-732	alpha	five_seven	bullet	20.00	72.33	96.25	-30.58	91.92	-21.03	10.48
4389934	damage	bot-732	alpha	bot-733	bravo	five_seven	bullet	20.00	52.22	91.92	-21.03	96.25	-30.58	10.48
4390312	damage	bot-732	alpha	bot-733	bravo	five_seven	bullet	20.00	32.22	91.92	-21.04	96.71	-31.73	11.71
4390458	damage	bot-732	alpha	bot-733	bravo	five_seven	bullet	20.00	12.22	91.93	-21.02	96.92	-32.21	12.24
4390573	damage	bot-733	bravo	bot-732	alpha	five_seven	bullet	20.00	52.33	97.11	-32.80	91.93	-21.02	12.87
4390624	kill	bot-732	alpha	bot-733	bravo	five_seven	bullet	20.00	0.00	91.96	-20.99	97.19	-33.04	13.14
4393163	damage	bot-736	bravo	bot-713	alpha	cz_805_bren	bullet	24.00	76.00	-11.00	-30.64	-35.77	-13.31	30.23
4393299	damage	bot-736	bravo	bot-713	alpha	cz_805_bren	bullet	24.00	52.00	-11.00	-30.65	-35.69	-13.21	30.23
4393413	damage	bot-736	bravo	bot-713	alpha	cz_805_bren	bullet	24.00	28.00	-11.00	-30.65	-35.62	-13.05	30.26
4393549	damage	bot-736	bravo	bot-713	alpha	cz_805_bren	bullet	24.00	4.00	-11.00	-30.65	-35.54	-12.86	30.31
4393674	kill	bot-736	bravo	bot-713	alpha	cz_805_bren	bullet	24.00	0.00	-11.00	-30.65	-35.29	-12.29	30.45
4410440	damage	bot-682	bravo	bot-734	alpha	five_seven	bullet	20.00	52.08	-33.76	-42.07	-28.00	-13.18	29.46
4410620	damage	bot-682	bravo	bot-734	alpha	five_seven	bullet	20.00	32.08	-33.76	-42.07	-27.33	-12.50	30.27
4410764	damage	bot-682	bravo	bot-734	alpha	five_seven	bullet	20.00	12.08	-33.76	-42.07	-26.74	-11.91	30.97
4410915	kill	bot-682	bravo	bot-734	alpha	five_seven	bullet	20.00	0.00	-33.76	-42.07	-26.33	-11.48	31.48
4413693	damage	bot-739	bravo	bot-740	alpha	five_seven	bullet	20.00	80.00	25.97	27.58	36.31	43.58	19.05
4413909	damage	bot-739	bravo	bot-740	alpha	five_seven	bullet	20.00	44.09	25.97	27.61	36.31	43.58	19.02
4413987	damage	bot-740	alpha	bot-735	bravo	five_seven	bullet	20.00	80.00	36.38	43.61	30.27	27.85	16.91
4414069	damage	bot-739	bravo	bot-740	alpha	five_seven	bullet	20.00	24.09	25.98	27.62	36.46	43.65	19.15
4414199	damage	bot-740	alpha	bot-735	bravo	five_seven	bullet	20.00	60.00	36.54	43.68	29.90	27.57	17.42
4414485	damage	bot-739	bravo	bot-740	alpha	five_seven	bullet	20.00	4.09	25.99	27.63	37.25	43.99	19.86
4414609	damage	bot-740	alpha	bot-735	bravo	five_seven	bullet	20.00	40.00	37.48	44.09	29.10	26.96	19.07
4414814	kill	bot-739	bravo	bot-740	alpha	five_seven	bullet	20.00	0.00	25.99	27.63	38.42	44.49	20.95
4425273	damage	bot-736	bravo	bot-742	alpha	cz_805_bren	bullet	24.00	76.00	-27.04	-17.75	5.83	18.88	49.21
4425384	damage	bot-736	bravo	bot-742	alpha	cz_805_bren	bullet	24.00	52.00	-27.04	-17.75	5.83	18.88	49.21
4425644	damage	bot-736	bravo	bot-742	alpha	cz_805_bren	bullet	24.00	28.00	-27.04	-17.75	5.54	19.22	49.28
4425885	damage	bot-736	bravo	bot-742	alpha	cz_805_bren	bullet	24.00	4.00	-27.04	-17.75	4.88	19.94	49.39
4447960	damage	bot-745	bravo	bot-742	alpha	cz_805_bren	bullet	24.00	48.04	35.11	45.01	-3.20	22.00	44.69
4449871	damage	bot-746	alpha	bot-682	bravo	cz_805_bren	bullet	24.00	48.34	-4.91	16.30	-28.08	-11.96	36.55
4449978	damage	bot-682	bravo	bot-742	alpha	m1911	bullet	33.00	15.04	-28.11	-12.03	-6.41	16.92	36.18
4450019	damage	bot-746	alpha	bot-682	bravo	cz_805_bren	bullet	24.00	24.34	-4.91	16.30	-28.18	-12.16	36.77
4450395	kill	bot-736	bravo	bot-742	alpha	cz_805_bren	bullet	24.00	0.00	-0.50	9.37	-7.30	16.06	9.54
4455268	damage	bot-745	bravo	bot-746	alpha	cz_805_bren	bullet	24.00	76.00	26.03	41.10	-3.74	20.81	36.02
4455396	damage	bot-745	bravo	bot-746	alpha	cz_805_bren	bullet	24.00	52.00	26.03	41.10	-3.74	20.81	36.03
4455549	damage	bot-745	bravo	bot-746	alpha	cz_805_bren	bullet	24.00	28.00	26.03	41.10	-3.21	20.68	35.66
4455814	damage	bot-745	bravo	bot-746	alpha	cz_805_bren	bullet	24.00	4.00	26.04	41.10	-3.17	20.20	35.91
4455943	kill	bot-745	bravo	bot-746	alpha	cz_805_bren	bullet	24.00	0.00	26.04	41.11	-3.10	19.44	36.31
4457634	damage	bot-745	bravo	bot-748	alpha	cz_805_bren	bullet	24.00	36.19	25.68	39.79	-2.88	19.68	34.93
4457747	damage	bot-682	bravo	bot-748	alpha	m1911	bullet	33.00	3.19	-28.54	-13.29	-2.93	19.20	41.37
4458692	kill	bot-682	bravo	bot-748	alpha	m1911	bullet	33.00	0.00	-28.28	-13.04	-5.80	16.74	37.31
4459056	damage	bot-747	bravo	bot-744	alpha	five_seven	bullet	20.00	74.76	12.87	15.06	-0.29	15.32	13.16
4459693	damage	bot-747	bravo	bot-744	alpha	five_seven	bullet	20.00	54.76	12.65	15.20	0.27	15.49	12.38
4459809	damage	bot-682	bravo	bot-744	alpha	m1911	bullet	33.00	21.76	-27.45	-12.27	0.10	15.33	38.99
4459836	damage	bot-747	bravo	bot-744	alpha	five_seven	bullet	20.00	1.76	12.66	15.19	-0.02	15.18	12.68
4459932	kill	bot-745	bravo	bot-744	alpha	cz_805_bren	bullet	24.00	0.00	23.59	38.35	-0.21	15.01	33.34
4497181	damage	bot-736	bravo	bot-724	alpha	cz_805_bren	bullet	24.00	76.00	22.19	5.88	66.83	-16.07	49.74
4497261	damage	bot-724	alpha	bot-736	bravo	five_seven	bullet	20.00	76.00	66.83	-16.07	22.19	5.88	49.74
4497553	damage	bot-736	bravo	bot-724	alpha	cz_805_bren	bullet	24.00	52.00	22.19	5.88	66.83	-16.07	49.74
4502114	damage	bot-724	alpha	bot-682	bravo	five_seven	bullet	20.00	52.63	72.00	-11.60	28.73	6.45	46.88
4502263	damage	bot-724	alpha	bot-682	bravo	five_seven	bullet	20.00	32.63	72.00	-11.60	27.98	6.38	47.55
4502429	damage	bot-724	alpha	bot-682	bravo	five_seven	bullet	20.00	12.63	72.00	-11.60	27.17	6.34	48.28
4502708	damage	bot-682	bravo	bot-724	alpha	five_seven	bullet	20.00	52.23	26.14	5.93	72.00	-11.60	49.09
4503554	kill	bot-731	alpha	bot-682	bravo	cz_805_bren	bullet	24.00	0.00	65.72	-13.54	24.11	4.46	45.33
4504831	damage	bot-755	alpha	bot-745	bravo	five_seven	bullet	20.00	80.00	-53.47	25.92	-62.92	39.74	16.74
4504895	damage	bot-745	bravo	bot-755	alpha	cz_805_bren	bullet	24.00	76.00	-62.92	39.74	-53.47	25.92	16.74
4504997	damage	bot-755	alpha	bot-745	bravo	five_seven	bullet	20.00	60.00	-53.47	25.92	-62.92	39.74	16.74
4505039	damage	bot-745	bravo	bot-755	alpha	cz_805_bren	bullet	24.00	52.00	-62.92	39.74	-53.47	25.92	16.74
4505210	damage	bot-745	bravo	bot-755	alpha	cz_805_bren	bullet	24.00	28.00	-62.94	39.83	-53.28	25.81	17.02
4505210	damage	bot-755	alpha	bot-745	bravo	five_seven	bullet	20.00	40.00	-53.28	25.81	-62.96	39.86	17.06
4508093	damage	bot-724	alpha	bot-751	bravo	five_seven	bullet	20.00	80.00	73.71	-12.28	29.09	5.78	48.14
4510126	damage	bot-736	bravo	bot-728	alpha	cz_805_bren	bullet	24.00	69.00	28.19	4.28	64.45	-14.29	40.74
4510467	damage	bot-724	alpha	bot-751	bravo	five_seven	bullet	20.00	60.00	72.72	-11.68	30.09	5.58	45.99
4510922	damage	bot-724	alpha	bot-751	bravo	five_seven	bullet	20.00	40.00	72.67	-11.66	29.24	5.59	46.72
4511089	damage	bot-724	alpha	bot-751	bravo	five_seven	bullet	20.00	20.00	72.68	-11.66	28.71	5.67	47.26
4511342	kill	bot-724	alpha	bot-751	bravo	five_seven	bullet	20.00	0.00	72.68	-11.66	28.06	5.77	47.90
4513623	damage	bot-755	alpha	bot-749	bravo	m24	bullet	95.00	5.00	-48.83	22.67	12.86	-3.70	67.09
4514348	damage	bot-745	bravo	bot-755	alpha	cz_805_bren	bullet	24.00	48.70	-69.43	41.62	-48.83	22.67	27.99
4514480	damage	bot-745	bravo	bot-755	alpha	cz_805_bren	bullet	24.00	24.70	-69.43	41.62	-48.63	22.68	28.13
4516007	damage	bot-756	bravo	bot-731	alpha	cz_805_bren	bullet	24.00	48.11	12.33	-36.08	52.93	-10.24	48.13
4516127	damage	bot-756	bravo	bot-731	alpha	cz_805_bren	bullet	24.00	24.11	12.32	-36.08	53.26	-9.91	48.58
4516158	kill	bot-724	alpha	bot-749	bravo	five_seven	bullet	20.00	0.00	66.04	-9.52	16.93	-0.75	49.89
4516319	damage	bot-756	bravo	bot-731	alpha	cz_805_bren	bullet	24.00	0.11	12.32	-36.08	53.56	-9.60	49.01
4518597	kill	bot-736	bravo	bot-731	alpha	cz_805_bren	bullet	24.00	0.00	32.44	2.19	58.17	-12.80	29.78
4520021	damage	bot-739	bravo	bot-755	alpha	five_seven	bullet	20.00	52.60	-46.74	36.12	-44.31	22.90	13.44
4520195	damage	bot-739	bravo	bot-755	alpha	five_seven	bullet	20.00	32.60	-46.74	36.12	-44.31	22.80	13.54
4520195	damage	bot-755	alpha	bot-739	bravo	five_seven	bullet	20.00	52.34	-44.31	22.80	-46.74	36.12	13.54
4521404	damage	bot-747	bravo	bot-755	alpha	five_seven	bullet	20.00	12.60	-55.80	34.80	-44.01	18.89	19.80
4521548	kill	bot-747	bravo	bot-755	alpha	five_seven	bullet	20.00	0.00	-55.80	34.82	-44.00	18.61	20.05
4529985	kill	bot-756	bravo	bot-728	alpha	cz_805_bren	bullet	24.00	0.00	28.45	-31.41	72.84	-14.35	47.56
4532797	damage	bot-756	bravo	bot-724	alpha	cz_805_bren	bullet	24.00	48.55	28.92	-31.05	69.11	-1.33	49.98
4533899	damage	bot-732	alpha	bot-756	bravo	five_seven	bullet	20.00	80.00	70.69	-3.69	29.90	-30.66	48.91
4535663	damage	bot-732	alpha	bot-761	bravo	five_seven	bullet	20.00	80.00	70.63	-3.65	29.98	-26.14	46.45
4546092	damage	bot-736	bravo	bot-737	alpha	cz_805_bren	bullet	24.00	52.10	43.50	-5.89	53.50	-8.59	10.36
4546265	damage	bot-736	bravo	bot-737	alpha	cz_805_bren	bullet	24.00	28.10	43.45	-5.94	53.58	-8.48	10.45
4546415	damage	bot-736	bravo	bot-737	alpha	cz_805_bren	bullet	24.00	4.10	43.41	-5.96	53.64	-8.41	10.52
4546707	damage	bot-737	alpha	bot-736	bravo	cz_805_bren	bullet	24.00	52.00	54.29	-7.60	43.71	-5.81	10.74
4546833	damage	bot-737	alpha	bot-736	bravo	cz_805_bren	bullet	24.00	28.00	54.45	-7.40	43.53	-5.63	11.07
4546976	damage	bot-737	alpha	bot-736	bravo	cz_805_bren	bullet	24.00	4.00	54.76	-7.00	43.13	-5.31	11.76
4547123	kill	bot-736	bravo	bot-737	alpha	cz_805_bren	bullet	24.00	0.00	42.76	-5.15	55.16	-6.51	12.48
4547447	damage	bot-762	alpha	bot-761	bravo	five_seven	bullet	20.00	60.00	15.73	-45.40	47.18	-17.85	41.81
4547602	damage	bot-762	alpha	bot-761	bravo	five_seven	bullet	20.00	40.00	15.73	-45.40	46.74	-17.40	41.79
4548094	damage	bot-762	alpha	bot-741	bravo	five_seven	bullet	20.00	45.23	15.73	-45.41	27.15	-1.37	45.49
4548429	damage	bot-762	alpha	bot-741	bravo	five_seven	bullet	20.00	25.23	15.73	-45.41	27.35	0.20	47.06
4548593	damage	bot-762	alpha	bot-741	bravo	five_seven	bullet	20.00	5.23	15.73	-45.41	27.46	0.98	47.85
4548749	kill	bot-762	alpha	bot-741	bravo	five_seven	bullet	20.00	0.00	15.73	-45.41	27.69	1.37	48.29
4549061	damage	bot-724	alpha	bot-743	bravo	five_seven	bullet	20.00	52.04	69.58	-0.16	44.24	-4.31	25.68
4550662	damage	bot-724	alpha	bot-756	bravo	five_seven	bullet	20.00	60.00	69.41	-0.03	45.42	-30.92	39.10
4554483	damage	bot-757	bravo	bot-724	alpha	five_seven	bullet	20.00	52.53	45.02	-11.07	68.86	-0.71	25.99
4555112	damage	bot-760	alpha	bot-739	bravo	cz_805_bren	bullet	24.00	15.99	-73.27	32.87	-59.86	40.06	15.22
4555112	damage	bot-764	alpha	bot-765	bravo	m1911	bullet	33.00	67.00	29.71	-42.25	41.73	-33.87	14.66
4556132	damage	bot-764	alpha	bot-765	bravo	m1911	bullet	33.00	34.00	29.55	-42.27	42.43	-33.21	15.75
4556992	damage	bot-764	alpha	bot-765	bravo	m1911	bullet	33.00	1.00	29.55	-42.28	43.58	-33.51	16.54
4557333	kill	bot-764	alpha	bot-765	bravo	m1911	bullet	33.00	0.00	29.55	-42.28	44.22	-33.22	17.24
4557762	damage	bot-759	bravo	bot-764	alpha	five_seven	bullet	20.00	80.00	33.85	-33.51	29.08	-42.70	10.35
4557962	damage	bot-759	bravo	bot-764	alpha	five_seven	bullet	20.00	60.00	33.85	-33.50	28.55	-43.20	11.06
4558119	damage	bot-759	bravo	bot-764	alpha	five_seven	bullet	20.00	40.00	33.85	-33.50	28.05	-43.71	11.74
4558289	damage	bot-759	bravo	bot-764	alpha	five_seven	bullet	20.00	20.00	33.85	-33.50	27.68	-44.09	12.26
4558452	kill	bot-759	bravo	bot-764	alpha	five_seven	bullet	20.00	0.00	33.85	-33.50	27.09	-44.69	13.08
4559932	damage	bot-739	bravo	bot-760	alpha	five_seven	bullet	20.00	80.00	-59.90	39.99	-73.50	35.37	14.36
4560079	damage	bot-739	bravo	bot-760	alpha	five_seven	bullet	20.00	60.00	-59.90	39.99	-73.50	35.37	14.36
4565339	damage	bot-738	alpha	bot-756	bravo	cz_805_bren	bullet	24.00	48.84	67.12	-10.17	48.76	-29.58	26.71
4565542	damage	bot-724	alpha	bot-756	bravo	five_seven	bullet	20.00	28.84	67.77	2.68	48.51	-29.87	37.83
4565542	damage	bot-738	alpha	bot-756	bravo	cz_805_bren	bullet	24.00	4.84	67.12	-10.17	48.51	-29.87	27.10
4565710	kill	bot-724	alpha	bot-756	bravo	five_seven	bullet	20.00	0.00	67.77	2.68	48.30	-30.12	38.15
4566230	damage	bot-739	bravo	bot-760	alpha	five_seven	bullet	20.00	52.25	-66.58	38.45	-74.52	31.19	10.76
4566372	damage	bot-739	bravo	bot-760	alpha	five_seven	bullet	20.00	32.25	-66.58	38.45	-74.95	30.81	11.33
4566536	damage	bot-739	bravo	bot-760	alpha	five_seven	bullet	20.00	12.25	-66.58	38.45	-75.37	30.45	11.89
4568637	damage	bot-724	alpha	bot-759	bravo	five_seven	bullet	20.00	68.35	66.61	0.72	33.50	-31.62	46.29
4573539	damage	bot-736	bravo	bot-724	alpha	cz_805_bren	bullet	24.00	48.63	45.26	-12.83	61.83	-1.22	20.24
4573657	damage	bot-724	alpha	bot-736	bravo	five_seven	bullet	20.00	75.98	61.83	-1.22	45.26	-12.83	20.24
4573819	damage	bot-724	alpha	bot-736	bravo	five_seven	bullet	20.00	55.98	61.98	-1.08	45.26	-12.83	20.43
4575543	damage	bot-743	bravo	bot-738	alpha	cz_805_bren	bullet	24.00	76.00	33.03	-14.25	63.30	-13.60	30.28
4575733	damage	bot-763	bravo	bot-738	alpha	cz_805_bren	bullet	24.00	52.00	41.42	-3.81	63.58	-13.86	24.32
4575733	damage	bot-768	alpha	bot-763	bravo	cz_805_bren	bullet	24.00	49.41	15.50	-41.62	41.42	-3.81	45.84
4576344	damage	bot-763	bravo	bot-738	alpha	cz_805_bren	bullet	24.00	28.00	42.04	-3.61	64.76	-14.99	25.41
4583900	damage	bot-768	alpha	bot-759	bravo	cz_805_bren	bullet	24.00	37.75	19.75	-34.30	42.55	-27.91	23.67
4584141	damage	bot-768	alpha	bot-759	bravo	cz_805_bren	bullet	24.00	13.75	19.75	-34.30	42.64	-28.01	23.73
4585326	damage	bot-736	bravo	bot-766	alpha	cz_805_bren	bullet	24.00	76.00	39.72	-37.39	17.33	-38.50	22.42
4585564	damage	bot-736	bravo	bot-766	alpha	cz_805_bren	bullet	24.00	52.00	39.72	-37.39	17.33	-38.50	22.42
4585690	damage	bot-736	bravo	bot-766	alpha	cz_805_bren	bullet	24.00	28.00	39.72	-37.39	17.19	-38.64	22.56
4585834	damage	bot-736	bravo	bot-766	alpha	cz_805_bren	bullet	24.00	4.00	39.70	-37.39	17.14	-38.69	22.60
4585935	damage	bot-724	alpha	bot-743	bravo	five_seven	bullet	20.00	52.32	66.60	1.58	31.96	-14.25	38.09
4586298	damage	bot-724	alpha	bot-743	bravo	five_seven	bullet	20.00	32.32	66.60	1.58	31.59	-14.33	38.45
4586298	kill	bot-736	bravo	bot-766	alpha	cz_805_bren	bullet	24.00	0.00	39.70	-37.39	16.45	-39.35	23.34
4586872	damage	bot-724	alpha	bot-743	bravo	five_seven	bullet	20.00	12.32	66.60	1.58	30.57	-14.41	39.42
4587425	kill	bot-724	alpha	bot-743	bravo	five_seven	bullet	20.00	0.00	66.60	1.58	29.72	-14.57	40.26
4587425	damage	bot-768	alpha	bot-757	bravo	cz_805_bren	bullet	24.00	43.41	20.47	-33.46	39.05	-32.33	18.61
4587870	damage	bot-768	alpha	bot-757	bravo	cz_805_bren	bullet	24.00	19.41	20.47	-33.46	38.92	-32.44	18.48
4588795	damage	bot-724	alpha	bot-736	bravo	five_seven	bullet	20.00	52.74	66.55	1.21	37.42	-36.03	47.29
4588939	damage	bot-724	alpha	bot-736	bravo	five_seven	bullet	20.00	32.74	66.55	1.21	36.86	-36.46	47.97
4589080	damage	bot-724	alpha	bot-736	bravo	five_seven	bullet	20.00	12.74	66.56	1.22	36.29	-36.91	48.68
4589227	kill	bot-724	alpha	bot-736	bravo	five_seven	bullet	20.00	0.00	66.56	1.22	35.96	-37.52	49.36
4590870	damage	bot-724	alpha	bot-759	bravo	five_seven	bullet	20.00	7.51	66.57	1.19	45.44	-37.94	44.47
4591010	kill	bot-724	alpha	bot-759	bravo	five_seven	bullet	20.00	0.00	66.57	1.19	45.44	-37.94	44.47
4591569	damage	bot-724	alpha	bot-757	bravo	five_seven	bullet	20.00	20.79	66.58	1.20	43.86	-37.50	44.87
4591734	damage	bot-724	alpha	bot-757	bravo	five_seven	bullet	20.00	3.98	66.59	1.20	43.86	-37.50	44.87
4591888	kill	bot-724	alpha	bot-757	bravo	five_seven	bullet	20.00	0.00	66.59	1.20	43.86	-37.50	44.87
4617436	kill	bot-750	alpha	bot-761	bravo	m24	bullet	95.00	0.00	60.47	-9.64	50.23	-24.48	18.03
4645035	damage	bot-739	bravo	bot-768	alpha	five_seven	bullet	20.00	80.00	15.56	-39.48	59.58	-40.17	44.03
4645185	damage	bot-739	bravo	bot-768	alpha	five_seven	bullet	20.00	60.00	15.56	-39.48	59.17	-40.16	43.62
4645336	damage	bot-739	bravo	bot-768	alpha	five_seven	bullet	20.00	40.00	15.56	-39.48	59.59	-39.96	44.04
4645481	damage	bot-739	bravo	bot-768	alpha	five_seven	bullet	20.00	20.00	15.56	-39.48	60.23	-39.69	44.67
4645637	kill	bot-739	bravo	bot-768	alpha	five_seven	bullet	20.00	0.00	15.56	-39.48	60.84	-39.43	45.28
4650708	kill	bot-767	bravo	bot-724	alpha	m24	bullet	95.00	0.00	-17.77	-42.56	2.86	26.34	71.92
4652758	damage	bot-773	alpha	bot-776	bravo	m24	bullet	95.00	5.00	-37.26	43.70	-32.49	-29.39	73.24
4655903	damage	bot-774	bravo	bot-779	alpha	m24	bullet	95.00	5.00	-35.97	-36.17	-36.35	36.51	72.69
4659351	damage	bot-739	bravo	bot-782	alpha	five_seven	bullet	20.00	80.00	42.26	-40.85	57.65	-36.81	15.91
4659510	damage	bot-739	bravo	bot-782	alpha	five_seven	bullet	20.00	60.00	42.26	-40.85	58.10	-36.84	16.34
4659698	damage	bot-739	bravo	bot-782	alpha	five_seven	bullet	20.00	40.00	42.26	-40.85	58.62	-36.18	17.01
4660011	damage	bot-739	bravo	bot-782	alpha	five_seven	bullet	20.00	20.00	42.23	-40.83	59.66	-34.82	18.43
4660155	kill	bot-739	bravo	bot-782	alpha	five_seven	bullet	20.00	0.00	42.23	-40.83	60.00	-34.37	18.91
4660597	damage	bot-772	bravo	bot-770	alpha	five_seven	bullet	20.00	80.00	-27.46	-20.07	-35.39	29.29	49.99
4660776	damage	bot-770	alpha	bot-772	bravo	five_seven	bullet	20.00	80.00	-35.39	29.29	-27.46	-20.07	49.99
4660776	damage	bot-772	bravo	bot-770	alpha	five_seven	bullet	20.00	60.00	-27.46	-20.07	-35.39	29.29	49.99
4663105	kill	bot-767	bravo	bot-753	alpha	m24	bullet	95.00	0.00	-15.13	-34.07	-5.05	28.61	63.48
4665594	damage	bot-772	bravo	bot-754	alpha	five_seven	bullet	20.00	80.00	-27.63	-11.84	-31.37	32.38	44.37
4665813	damage	bot-772	bravo	bot-754	alpha	five_seven	bullet	20.00	60.00	-27.63	-11.84	-31.37	32.38	44.37
4665888	damage	bot-754	alpha	bot-772	bravo	five_seven	bullet	20.00	60.00	-31.35	32.43	-27.63	-11.84	44.43
4668422	damage	bot-770	alpha	bot-772	bravo	five_seven	bullet	20.00	52.05	-37.53	28.75	-27.57	-16.60	46.43
4668590	damage	bot-770	alpha	bot-772	bravo	five_seven	bullet	20.00	32.05	-37.54	28.75	-27.26	-17.25	47.13
4668733	damage	bot-770	alpha	bot-772	bravo	five_seven	bullet	20.00	12.05	-37.54	28.75	-26.93	-17.89	47.83
4668893	kill	bot-770	alpha	bot-772	bravo	five_seven	bullet	20.00	0.00	-37.54	28.75	-26.55	-18.63	48.63
4681405	damage	bot-779	alpha	bot-767	bravo	five_seven	bullet	20.00	52.40	-31.78	19.47	-21.76	-16.82	37.64
4683219	damage	bot-770	alpha	bot-769	bravo	five_seven	bullet	20.00	52.17	-35.85	5.66	-23.11	-16.39	25.47
4688304	damage	bot-779	alpha	bot-769	bravo	five_seven	bullet	20.00	52.36	-31.32	6.72	-25.63	-16.14	23.56
4688676	damage	bot-779	alpha	bot-769	bravo	five_seven	bullet	20.00	32.36	-31.32	6.72	-26.29	-16.87	24.12
4688838	damage	bot-779	alpha	bot-769	bravo	five_seven	bullet	20.00	12.36	-31.32	6.72	-26.66	-17.25	24.42
4689007	kill	bot-779	alpha	bot-769	bravo	five_seven	bullet	20.00	0.00	-31.32	6.72	-27.01	-17.64	24.74
4689273	damage	bot-786	alpha	bot-785	bravo	five_seven	bullet	20.00	80.00	16.63	15.48	50.57	10.24	34.35
4689455	damage	bot-786	alpha	bot-785	bravo	five_seven	bullet	20.00	60.00	16.63	15.48	50.57	10.23	34.34
4690177	damage	bot-779	alpha	bot-767	bravo	five_seven	bullet	20.00	6.68	-31.90	6.38	-27.98	-22.21	28.85
4697068	damage	bot-779	alpha	bot-774	bravo	five_seven	bullet	20.00	74.94	-30.84	-1.07	-38.26	-13.75	14.69
4697145	damage	bot-754	alpha	bot-774	bravo	five_seven	bullet	20.00	54.94	-34.37	5.52	-38.06	-13.75	19.62
4700277	damage	bot-781	bravo	bot-784	alpha	five_seven	bullet	20.00	50.56	46.39	10.77	38.13	4.74	10.23
4700653	damage	bot-781	bravo	bot-784	alpha	five_seven	bullet	20.00	30.56	46.39	10.77	36.36	4.25	11.96
4701524	damage	bot-779	alpha	bot-774	bravo	five_seven	bullet	20.00	52.04	-32.59	-5.25	-35.59	-17.16	12.27
4702018	damage	bot-754	alpha	bot-780	bravo	five_seven	bullet	20.00	58.11	-34.16	0.29	-36.98	-29.17	29.59
4702118	damage	bot-779	alpha	bot-780	bravo	five_seven	bullet	20.00	38.11	-32.59	-5.25	-36.99	-29.60	24.74
4702186	damage	bot-754	alpha	bot-780	bravo	five_seven	bullet	20.00	18.11	-34.16	0.29	-37.15	-29.79	30.23
4702375	kill	bot-754	alpha	bot-780	bravo	five_seven	bullet	20.00	0.00	-34.16	0.29	-37.35	-30.27	30.72
4705426	damage	bot-784	alpha	bot-787	bravo	cz_805_bren	bullet	24.00	76.00	27.83	1.50	37.10	9.28	12.10
4705854	damage	bot-784	alpha	bot-787	bravo	cz_805_bren	bullet	24.00	52.00	26.79	-0.01	35.88	8.27	12.29
4706082	damage	bot-787	bravo	bot-784	alpha	cz_805_bren	bullet	24.00	17.22	36.86	8.29	26.05	-0.79	14.11
4706220	damage	bot-784	alpha	bot-787	bravo	cz_805_bren	bullet	24.00	28.00	25.90	-0.95	37.34	8.28	14.70
4706335	kill	bot-787	bravo	bot-784	alpha	cz_805_bren	bullet	24.00	0.00	37.85	8.29	25.40	-1.46	15.81
4708817	damage	bot-754	alpha	bot-774	bravo	five_seven	bullet	20.00	52.74	-34.06	-7.24	-33.18	-16.91	9.71
4708853	damage	bot-774	bravo	bot-779	alpha	m1911	bullet	33.00	39.17	-33.21	-17.18	-28.00	-11.24	7.90
4709049	damage	bot-754	alpha	bot-774	bravo	five_seven	bullet	20.00	32.74	-34.06	-7.24	-33.28	-17.89	10.68
4709422	damage	bot-754	alpha	bot-767	bravo	five_seven	bullet	20.00	71.37	-34.06	-7.24	-40.23	-29.69	23.28
4711640	damage	bot-754	alpha	bot-778	bravo	five_seven	bullet	20.00	52.43	-33.50	-7.21	-22.26	-16.57	14.63
4712150	damage	bot-754	alpha	bot-767	bravo	five_seven	bullet	20.00	13.72	-33.50	-7.21	-43.47	-35.16	29.68
4712303	kill	bot-754	alpha	bot-767	bravo	five_seven	bullet	20.00	0.00	-33.50	-7.21	-42.75	-34.58	28.90
4712468	damage	bot-779	alpha	bot-774	bravo	five_seven	bullet	20.00	15.32	-28.46	-5.10	-29.21	-17.39	12.32
4712622	kill	bot-779	alpha	bot-774	bravo	five_seven	bullet	20.00	0.00	-28.46	-5.10	-29.21	-17.39	12.32
4715970	damage	bot-773	alpha	bot-781	bravo	m24	bullet	95.00	5.00	-32.27	6.21	36.47	8.26	68.77
4722016	damage	bot-792	alpha	bot-785	bravo	cz_805_bren	bullet	24.00	37.62	14.43	11.56	19.32	16.29	6.81
4722270	damage	bot-785	bravo	bot-792	alpha	cz_805_bren	bullet	24.00	76.00	20.20	15.63	14.84	11.69	6.66
4724058	damage	bot-785	bravo	bot-792	alpha	cz_805_bren	bullet	24.00	52.00	24.62	13.58	14.75	15.79	10.11
4727949	damage	bot-778	bravo	bot-750	alpha	cz_805_bren	bullet	24.00	71.17	-30.65	-14.63	8.68	7.44	45.10
4728079	damage	bot-778	bravo	bot-750	alpha	cz_805_bren	bullet	24.00	47.17	-30.65	-14.63	8.69	7.43	45.10
4728196	damage	bot-778	bravo	bot-750	alpha	cz_805_bren	bullet	24.00	23.17	-30.65	-14.63	8.68	7.27	45.02
4728306	kill	bot-778	bravo	bot-750	alpha	cz_805_bren	bullet	24.00	0.00	-30.65	-14.63	8.60	7.07	44.85
4728866	damage	bot-779	alpha	bot-778	bravo	five_seven	bullet	20.00	52.23	-28.29	-6.04	-30.06	-15.41	9.53
4730462	damage	bot-789	bravo	bot-792	alpha	five_seven	bullet	20.00	52.17	58.54	38.08	15.11	17.83	47.91
4730604	damage	bot-789	bravo	bot-792	alpha	five_seven	bullet	20.00	32.17	58.54	38.08	14.64	17.30	48.57
4730770	damage	bot-789	bravo	bot-792	alpha	five_seven	bullet	20.00	12.17	58.54	38.08	14.33	16.97	48.99
4731009	kill	bot-781	bravo	bot-792	alpha	m24	bullet	95.00	0.00	30.88	12.17	13.64	16.16	17.69
4732726	damage	bot-779	alpha	bot-793	bravo	five_seven	bullet	20.00	52.30	-26.59	-10.87	-5.99	-37.86	33.95
4736342	damage	bot-787	bravo	bot-794	alpha	cz_805_bren	bullet	24.00	76.00	31.50	9.38	22.42	5.73	9.79
4736454	damage	bot-787	bravo	bot-794	alpha	cz_805_bren	bullet	24.00	52.00	31.50	9.38	22.57	5.62	9.68
4737204	damage	bot-754	alpha	bot-793	bravo	five_seven	bullet	20.00	52.22	-6.86	-17.10	-4.42	-40.19	23.22
4737430	damage	bot-794	alpha	bot-787	bravo	cz_805_bren	bullet	24.00	48.15	18.25	7.56	31.97	8.74	13.77
4737522	damage	bot-787	bravo	bot-794	alpha	cz_805_bren	bullet	24.00	28.00	32.02	8.77	17.96	7.82	14.10
4737671	damage	bot-787	bravo	bot-794	alpha	cz_805_bren	bullet	24.00	4.00	32.23	8.84	17.39	8.33	14.85
4737817	damage	bot-794	alpha	bot-787	bravo	cz_805_bren	bullet	24.00	24.15	16.92	8.76	32.83	9.24	15.92
4737854	damage	bot-754	alpha	bot-793	bravo	five_seven	bullet	20.00	38.15	-6.88	-17.65	-7.10	-41.34	23.69
4738042	damage	bot-754	alpha	bot-793	bravo	five_seven	bullet	20.00	18.15	-6.88	-17.65	-7.60	-41.46	23.82
4738269	kill	bot-786	alpha	bot-793	bravo	m1911	bullet	33.00	0.00	0.20	-13.19	-8.53	-41.66	29.78
4743346	damage	bot-794	alpha	bot-781	bravo	cz_805_bren	bullet	24.00	39.54	13.14	12.40	20.77	7.21	9.23
4743950	damage	bot-754	alpha	bot-796	bravo	five_seven	bullet	20.00	80.00	-1.68	-22.96	-7.71	-41.94	19.91
4747549	damage	bot-795	alpha	bot-796	bravo	five_seven	bullet	20.00	20.07	-6.37	-17.85	-8.62	-41.79	24.04
4749793	damage	bot-754	alpha	bot-796	bravo	five_seven	bullet	20.00	0.07	-5.36	-29.03	-10.11	-43.38	15.11
4750604	kill	bot-754	alpha	bot-796	bravo	five_seven	bullet	20.00	0.00	-5.38	-29.08	-13.02	-45.61	18.21
4751334	damage	bot-777	alpha	bot-797	bravo	cz_805_bren	bullet	24.00	76.00	-52.76	-45.25	-13.96	-47.59	38.87
4751507	damage	bot-777	alpha	bot-797	bravo	cz_805_bren	bullet	24.00	52.00	-52.76	-45.25	-13.96	-47.59	38.87
4751621	damage	bot-781	bravo	bot-794	alpha	five_seven	bullet	20.00	52.09	19.91	7.35	8.91	16.67	14.41
4751818	damage	bot-794	alpha	bot-781	bravo	cz_805_bren	bullet	24.00	47.97	9.19	17.72	19.91	7.35	14.92
4752280	damage	bot-777	alpha	bot-797	bravo	cz_805_bren	bullet	24.00	28.00	-52.65	-45.39	-10.95	-46.93	41.73
4752779	damage	bot-794	alpha	bot-791	bravo	cz_805_bren	bullet	24.00	48.50	9.90	20.56	21.91	-9.95	32.80
4753161	damage	bot-794	alpha	bot-791	bravo	cz_805_bren	bullet	24.00	24.50	9.86	20.53	23.38	-11.12	34.41
4756270	damage	bot-787	bravo	bot-786	alpha	cz_805_bren	bullet	24.00	48.60	31.21	-6.48	-0.13	-21.19	34.62
4758093	damage	bot-739	bravo	bot-794	alpha	five_seven	bullet	20.00	52.19	28.04	20.29	10.72	18.39	17.42
4758093	damage	bot-794	alpha	bot-739	bravo	cz_805_bren	bullet	24.00	48.66	10.72	18.39	28.03	20.27	17.41
4759324	damage	bot-797	bravo	bot-795	alpha	m24	bullet	95.00	5.00	-3.75	-46.14	-4.83	-29.78	16.39
4760194	damage	bot-739	bravo	bot-794	alpha	five_seven	bullet	20.00	32.19	32.83	23.27	5.98	18.82	27.21
4760398	damage	bot-739	bravo	bot-794	alpha	five_seven	bullet	20.00	12.19	32.83	23.27	5.69	18.48	27.56
4760523	damage	bot-789	bravo	bot-783	alpha	five_seven	bullet	20.00	80.00	39.80	11.12	2.15	-19.88	48.77
4760595	kill	bot-739	bravo	bot-794	alpha	five_seven	bullet	20.00	0.00	32.83	23.27	5.33	18.09	27.98
4760671	damage	bot-789	bravo	bot-783	alpha	five_seven	bullet	20.00	60.00	39.80	11.13	2.14	-19.87	48.77
4763609	damage	bot-754	alpha	bot-797	bravo	five_seven	bullet	20.00	52.23	-0.69	-21.81	-9.35	-37.42	17.85
4766761	damage	bot-787	bravo	bot-783	alpha	cz_805_bren	bullet	24.00	48.15	25.59	-10.18	-0.08	-20.66	27.72
4766902	damage	bot-787	bravo	bot-783	alpha	cz_805_bren	bullet	24.00	24.15	25.59	-10.18	-0.04	-20.18	27.51
4767176	damage	bot-787	bravo	bot-783	alpha	cz_805_bren	bullet	24.00	0.15	25.59	-10.18	0.00	-19.97	27.39
4767304	kill	bot-787	bravo	bot-783	alpha	cz_805_bren	bullet	24.00	0.00	25.59	-10.18	0.01	-19.97	27.39
4769214	damage	bot-739	bravo	bot-773	alpha	five_seven	bullet	20.00	44.52	23.74	22.81	5.85	9.68	22.19
4772516	damage	bot-801	bravo	bot-795	alpha	cz_805_bren	bullet	24.00	48.70	-8.19	-35.67	-5.03	-28.99	7.39
4772649	damage	bot-801	bravo	bot-795	alpha	cz_805_bren	bullet	24.00	24.70	-8.18	-35.67	-5.29	-29.14	7.15
4772763	damage	bot-795	alpha	bot-801	bravo	five_seven	bullet	20.00	80.00	-5.41	-29.23	-8.18	-35.67	7.02
4772763	damage	bot-801	bravo	bot-795	alpha	cz_805_bren	bullet	24.00	0.70	-8.18	-35.67	-5.52	-29.31	6.89
4772882	kill	bot-801	bravo	bot-795	alpha	cz_805_bren	bullet	24.00	0.00	-8.18	-35.67	-5.74	-29.46	6.68
4779206	damage	bot-797	bravo	bot-754	alpha	five_seven	bullet	20.00	52.67	-6.80	-34.51	-7.51	-17.34	17.18
4779408	damage	bot-797	bravo	bot-754	alpha	five_seven	bullet	20.00	32.67	-6.80	-34.51	-7.33	-17.16	17.36
4779435	damage	bot-801	bravo	bot-786	alpha	cz_805_bren	bullet	24.00	48.28	-7.17	-32.69	-2.47	-25.46	8.62
4779559	damage	bot-797	bravo	bot-754	alpha	five_seven	bullet	20.00	12.67	-6.80	-34.50	-7.01	-16.83	17.67
4779559	damage	bot-801	bravo	bot-786	alpha	cz_805_bren	bullet	24.00	24.28	-7.17	-32.69	-2.04	-25.80	8.59
4779726	kill	bot-797	bravo	bot-754	alpha	five_seven	bullet	20.00	0.00	-6.80	-34.50	-6.50	-16.29	18.22
4779855	damage	bot-786	alpha	bot-801	bravo	m1911	bullet	33.00	47.00	-1.20	-26.47	-7.17	-32.69	8.62
4781542	damage	bot-773	alpha	bot-739	bravo	five_seven	bullet	20.00	52.26	5.87	4.48	13.57	12.33	10.99
4781707	damage	bot-777	alpha	bot-801	bravo	cz_805_bren	bullet	24.00	23.00	-17.44	-42.44	-11.54	-38.20	7.27
4782143	damage	bot-739	bravo	bot-773	alpha	five_seven	bullet	20.00	52.82	12.73	13.56	6.07	4.69	11.09
4782461	kill	bot-777	alpha	bot-801	bravo	cz_805_bren	bullet	24.00	0.00	-16.93	-42.23	-12.75	-38.97	5.31
4782715	damage	bot-775	alpha	bot-797	bravo	cz_805_bren	bullet	24.00	48.75	-16.87	-41.52	-5.44	-35.33	13.00
4782833	damage	bot-775	alpha	bot-797	bravo	cz_805_bren	bullet	24.00	24.75	-16.87	-41.52	-5.39	-35.10	13.15
4782950	damage	bot-775	alpha	bot-797	bravo	cz_805_bren	bullet	24.00	0.75	-16.87	-41.52	-5.35	-34.91	13.28
4782974	kill	bot-779	alpha	bot-797	bravo	five_seven	bullet	20.00	0.00	-17.48	-26.71	-5.33	-34.81	14.60
4784459	damage	bot-802	alpha	bot-799	bravo	cz_805_bren	bullet	24.00	76.00	46.89	21.19	13.50	18.38	33.51
4784586	damage	bot-802	alpha	bot-799	bravo	cz_805_bren	bullet	24.00	52.00	46.89	21.19	13.49	18.25	33.53
4784729	damage	bot-802	alpha	bot-799	bravo	cz_805_bren	bullet	24.00	28.00	46.89	21.19	13.43	18.14	33.60
4784847	damage	bot-802	alpha	bot-799	bravo	cz_805_bren	bullet	24.00	4.00	46.89	21.19	13.19	17.88	33.86
4784994	kill	bot-802	alpha	bot-799	bravo	cz_805_bren	bullet	24.00	0.00	46.89	21.19	13.00	17.67	34.07
4785429	damage	bot-802	alpha	bot-739	bravo	cz_805_bren	bullet	24.00	48.35	46.89	21.19	11.45	17.91	35.60
4786237	damage	bot-779	alpha	bot-739	bravo	five_seven	bullet	20.00	28.35	-16.27	-25.43	8.90	15.32	47.89
4786565	damage	bot-779	alpha	bot-739	bravo	five_seven	bullet	20.00	8.35	-16.27	-25.43	8.14	14.54	46.83
4786604	kill	bot-773	alpha	bot-739	bravo	five_seven	bullet	20.00	0.00	3.17	7.66	8.03	14.42	8.33
4786865	damage	bot-786	alpha	bot-781	bravo	m1911	bullet	33.00	52.39	2.45	-24.35	22.31	-3.65	28.68
4787731	damage	bot-779	alpha	bot-781	bravo	five_seven	bullet	20.00	32.39	-15.97	-24.95	24.82	-4.67	45.55
4787884	damage	bot-779	alpha	bot-781	bravo	five_seven	bullet	20.00	12.39	-15.97	-24.95	25.43	-4.34	46.25
4788039	kill	bot-779	alpha	bot-781	bravo	five_seven	bullet	20.00	0.00	-15.97	-24.95	25.96	-4.05	46.85
4796981	damage	bot-779	alpha	bot-790	bravo	five_seven	bullet	20.00	52.43	-5.54	-15.17	26.50	-17.56	32.12
4797109	kill	bot-773	alpha	bot-790	bravo	m24	bullet	95.00	0.00	-4.23	-11.68	26.62	-17.47	31.39
4797651	damage	bot-779	alpha	bot-791	bravo	five_seven	bullet	20.00	22.71	-5.54	-15.17	21.56	-10.93	27.43
4797816	damage	bot-779	alpha	bot-791	bravo	five_seven	bullet	20.00	2.71	-5.54	-15.17	21.14	-11.48	26.93
4797968	kill	bot-779	alpha	bot-791	bravo	five_seven	bullet	20.00	0.00	-5.54	-15.17	20.61	-12.17	26.32
4802528	damage	bot-802	alpha	bot-789	bravo	cz_805_bren	bullet	24.00	48.52	35.35	11.61	42.08	-6.09	18.93
4802663	damage	bot-802	alpha	bot-789	bravo	cz_805_bren	bullet	24.00	24.52	35.35	11.61	42.37	-5.80	18.76
4802782	damage	bot-786	alpha	bot-789	bravo	five_seven	bullet	20.00	4.52	16.02	-10.64	42.55	-5.61	27.00
4802782	kill	bot-802	alpha	bot-789	bravo	cz_805_bren	bullet	24.00	0.00	35.35	11.61	42.60	-5.55	18.63
4833179	damage	bot-779	alpha	bot-809	bravo	five_seven	bullet	20.00	15.18	29.19	-27.23	60.47	-47.88	37.49
4833363	kill	bot-779	alpha	bot-809	bravo	five_seven	bullet	20.00	0.00	29.19	-27.23	61.04	-48.03	38.05
4838537	damage	bot-777	alpha	bot-810	bravo	cz_805_bren	bullet	24.00	76.00	44.24	-36.87	40.19	-43.67	7.91
4838723	damage	bot-775	alpha	bot-810	bravo	cz_805_bren	bullet	24.00	52.00	45.26	-37.95	39.67	-43.24	7.70
4838780	damage	bot-777	alpha	bot-810	bravo	cz_805_bren	bullet	24.00	28.00	44.24	-36.87	39.50	-43.10	7.83
4839974	damage	bot-810	bravo	bot-775	alpha	m1911	bullet	33.00	39.31	36.65	-41.02	44.28	-38.00	8.20
4840463	damage	bot-775	alpha	bot-810	bravo	cz_805_bren	bullet	24.00	4.00	44.16	-37.88	35.95	-40.79	8.71
4840463	damage	bot-810	bravo	bot-775	alpha	m1911	bullet	33.00	6.31	35.95	-40.79	43.93	-37.75	8.54
4840633	kill	bot-775	alpha	bot-810	bravo	cz_805_bren	bullet	24.00	0.00	43.93	-37.75	35.72	-40.67	8.71
4848348	damage	bot-777	alpha	bot-811	bravo	cz_805_bren	bullet	24.00	76.00	36.57	-40.12	30.91	-43.21	6.44
4848479	damage	bot-779	alpha	bot-811	bravo	five_seven	bullet	20.00	56.00	38.68	-39.23	30.57	-43.55	9.19
4848583	damage	bot-775	alpha	bot-811	bravo	cz_805_bren	bullet	24.00	32.00	39.95	-40.03	30.04	-43.44	10.48
4848583	damage	bot-811	bravo	bot-777	alpha	cz_805_bren	bullet	24.00	76.00	30.04	-43.44	37.64	-40.12	8.29
4848636	damage	bot-779	alpha	bot-811	bravo	five_seven	bullet	20.00	12.00	38.68	-39.23	29.77	-43.37	9.83
4848765	kill	bot-773	alpha	bot-811	bravo	five_seven	bullet	20.00	0.00	39.65	-42.50	29.37	-43.27	10.31
4868683	damage	bot-813	bravo	bot-779	alpha	five_seven	bullet	20.00	52.11	31.00	-38.13	41.30	-34.80	10.82
4868843	damage	bot-813	bravo	bot-779	alpha	five_seven	bullet	20.00	32.11	31.00	-38.13	41.79	-35.14	11.20
4868984	damage	bot-813	bravo	bot-779	alpha	five_seven	bullet	20.00	12.11	31.00	-38.13	42.20	-35.42	11.52
4869010	damage	bot-803	bravo	bot-777	alpha	five_seven	bullet	20.00	56.00	16.05	-47.65	43.64	-40.83	28.42
4869843	damage	bot-813	bravo	bot-773	alpha	five_seven	bullet	20.00	52.74	31.22	-38.10	44.83	-37.15	13.64
4869974	damage	bot-773	alpha	bot-813	bravo	five_seven	bullet	20.00	80.00	44.83	-37.15	31.22	-38.10	13.64
4869994	damage	bot-813	bravo	bot-773	alpha	five_seven	bullet	20.00	32.74	31.22	-38.10	44.92	-37.17	13.73
4870124	damage	bot-773	alpha	bot-813	bravo	five_seven	bullet	20.00	60.00	44.98	-37.18	31.22	-38.10	13.79
4870216	damage	bot-813	bravo	bot-773	alpha	five_seven	bullet	20.00	12.74	31.15	-38.13	45.22	-37.29	14.10
4875291	kill	bot-798	alpha	bot-808	bravo	m24	bullet	95.00	0.00	70.79	-44.33	11.09	-41.30	59.78
4878995	damage	bot-775	alpha	bot-814	bravo	cz_805_bren	bullet	24.00	43.23	38.79	-31.84	34.23	-38.64	8.19
4880147	kill	bot-814	bravo	bot-779	alpha	m1911	bullet	33.00	0.00	37.23	-41.63	45.66	-37.15	9.55
4883759	damage	bot-786	alpha	bot-814	bravo	five_seven	bullet	20.00	52.27	50.44	-38.87	37.75	-41.07	12.88
4884090	damage	bot-786	alpha	bot-814	bravo	five_seven	bullet	20.00	32.27	50.44	-38.87	36.51	-40.30	14.01
4884090	damage	bot-814	bravo	bot-786	alpha	m1911	bullet	33.00	39.02	36.51	-40.30	50.44	-38.87	14.01
4884237	damage	bot-786	alpha	bot-814	bravo	five_seven	bullet	20.00	12.27	50.39	-38.78	35.94	-39.95	14.49
4885058	kill	bot-775	alpha	bot-814	bravo	cz_805_bren	bullet	24.00	0.00	36.25	-34.75	32.82	-38.56	5.13
4888615	damage	bot-802	alpha	bot-815	bravo	cz_805_bren	bullet	24.00	76.00	47.29	-33.10	44.24	-38.08	5.84
4888663	damage	bot-786	alpha	bot-815	bravo	five_seven	bullet	20.00	56.00	47.48	-37.12	44.19	-38.14	3.45
4888740	damage	bot-802	alpha	bot-815	bravo	cz_805_bren	bullet	24.00	32.00	47.73	-32.60	43.79	-38.51	7.10
4888861	damage	bot-777	alpha	bot-815	bravo	cz_805_bren	bullet	24.00	8.00	56.72	-29.87	43.48	-38.81	15.98
4888861	kill	bot-786	alpha	bot-815	bravo	five_seven	bullet	20.00	0.00	48.13	-36.42	43.48	-38.81	5.22
4890531	damage	bot-805	bravo	bot-800	alpha	m24	bullet	95.00	5.00	5.65	-48.45	-48.87	-40.05	55.16
7406567	damage	bot-819	bravo	bot-798	alpha	five_seven	bullet	20.00	80.00	85.88	-43.63	50.65	-42.06	35.26
7406717	damage	bot-819	bravo	bot-798	alpha	five_seven	bullet	20.00	60.00	85.88	-43.63	50.59	-42.06	35.32
7406869	damage	bot-819	bravo	bot-798	alpha	five_seven	bullet	20.00	40.00	85.88	-43.61	50.43	-41.95	35.48
7408300	damage	bot-752	alpha	bot-805	bravo	cz_805_bren	bullet	24.00	63.95	46.39	-39.59	15.34	-48.75	32.37
7409840	damage	bot-752	alpha	bot-805	bravo	cz_805_bren	bullet	24.00	39.95	45.73	-40.14	15.02	-48.76	31.89
7410412	damage	bot-819	bravo	bot-752	alpha	five_seven	bullet	20.00	79.61	83.16	-44.07	45.56	-40.29	37.79
7410604	damage	bot-819	bravo	bot-752	alpha	five_seven	bullet	20.00	59.61	83.16	-44.07	45.28	-40.50	38.06
7410746	damage	bot-819	bravo	bot-752	alpha	five_seven	bullet	20.00	39.61	83.16	-44.07	44.79	-40.53	38.54
7410928	damage	bot-819	bravo	bot-752	alpha	five_seven	bullet	20.00	19.61	83.16	-44.07	43.94	-40.35	39.40
7411083	kill	bot-819	bravo	bot-752	alpha	five_seven	bullet	20.00	0.00	83.16	-44.07	43.28	-40.01	40.09
7411841	damage	bot-819	bravo	bot-798	alpha	five_seven	bullet	20.00	52.47	82.94	-44.08	44.58	-39.45	38.65
7414633	damage	bot-786	alpha	bot-807	bravo	five_seven	bullet	20.00	52.36	21.10	-45.88	15.69	-47.16	5.55
7414655	damage	bot-802	alpha	bot-807	bravo	cz_805_bren	bullet	24.00	28.36	21.74	-47.00	15.43	-47.11	6.31
7414783	damage	bot-786	alpha	bot-807	bravo	five_seven	bullet	20.00	8.36	21.10	-45.88	14.76	-46.98	6.43
7415107	damage	bot-821	alpha	bot-820	bravo	five_seven	bullet	20.00	80.00	84.31	-18.90	71.42	-43.39	27.68
7415261	damage	bot-821	alpha	bot-820	bravo	five_seven	bullet	20.00	60.00	84.31	-18.90	70.96	-43.36	27.87
7415347	damage	bot-818	alpha	bot-820	bravo	cz_805_bren	bullet	24.00	36.00	85.83	-9.67	70.71	-43.41	36.97
7415485	damage	bot-821	alpha	bot-820	bravo	five_seven	bullet	20.00	16.00	84.30	-18.89	70.37	-43.47	28.26
7415966	damage	bot-807	bravo	bot-802	alpha	cz_805_bren	bullet	24.00	76.00	10.67	-46.17	21.32	-47.78	10.77
7416520	kill	bot-786	alpha	bot-820	bravo	five_seven	bullet	20.00	0.00	22.63	-43.55	67.25	-44.06	44.62
7416685	damage	bot-821	alpha	bot-819	bravo	five_seven	bullet	20.00	80.00	84.40	-19.30	72.69	-44.15	27.47
7417069	damage	bot-821	alpha	bot-819	bravo	five_seven	bullet	20.00	60.00	84.40	-19.30	72.70	-44.15	27.47
7417209	damage	bot-821	alpha	bot-819	bravo	five_seven	bullet	20.00	40.00	84.40	-19.30	72.64	-44.23	27.56
7417373	damage	bot-821	alpha	bot-819	bravo	five_seven	bullet	20.00	20.00	84.40	-19.30	72.55	-44.36	27.72
7417515	kill	bot-821	alpha	bot-819	bravo	five_seven	bullet	20.00	0.00	84.40	-19.30	72.31	-44.69	28.13
7424920	damage	bot-786	alpha	bot-807	bravo	five_seven	bullet	20.00	52.61	20.18	-48.17	12.28	-46.30	8.11
7425064	damage	bot-786	alpha	bot-807	bravo	five_seven	bullet	20.00	32.61	20.18	-48.17	11.91	-46.09	8.53
7426596	damage	bot-786	alpha	bot-807	bravo	five_seven	bullet	20.00	12.61	20.32	-48.17	8.17	-44.48	12.70
7428600	damage	bot-786	alpha	bot-805	bravo	five_seven	bullet	20.00	52.12	19.97	-48.17	6.39	-44.27	14.13
7428750	damage	bot-786	alpha	bot-805	bravo	five_seven	bullet	20.00	32.12	19.97	-48.17	5.54	-44.34	14.93
7429551	damage	bot-786	alpha	bot-807	bravo	five_seven	bullet	20.00	18.55	19.83	-48.18	6.73	-43.73	13.84
7429746	damage	bot-786	alpha	bot-807	bravo	five_seven	bullet	20.00	1.03	19.83	-48.18	6.73	-43.73	13.84
7429896	kill	bot-786	alpha	bot-807	bravo	five_seven	bullet	20.00	0.00	19.83	-48.18	6.73	-43.73	13.84
7444460	damage	bot-806	alpha	bot-824	bravo	m24	bullet	95.00	5.00	-0.18	-41.59	-28.26	20.54	68.19
7455969	damage	bot-798	alpha	bot-826	bravo	m24	bullet	95.00	5.00	3.83	-31.80	-34.58	17.94	62.85
7466674	damage	bot-825	bravo	bot-786	alpha	five_seven	bullet	20.00	42.76	-36.83	18.93	-14.60	-20.61	45.36
7466848	damage	bot-825	bravo	bot-786	alpha	five_seven	bullet	20.00	22.76	-36.83	18.93	-14.64	-20.68	45.41
7467206	damage	bot-825	bravo	bot-786	alpha	five_seven	bullet	20.00	2.76	-36.83	18.93	-14.80	-20.98	45.59
7469161	damage	bot-825	bravo	bot-802	alpha	five_seven	bullet	20.00	56.00	-36.82	18.84	-7.23	-18.49	47.63
7475689	damage	bot-806	alpha	bot-829	bravo	m24	bullet	95.00	5.00	-10.17	-18.70	-21.03	-7.25	15.79
7475710	damage	bot-825	bravo	bot-828	alpha	five_seven	bullet	20.00	80.00	-35.59	9.97	-25.91	-14.43	26.25
7475810	kill	bot-786	alpha	bot-829	bravo	five_seven	bullet	20.00	0.00	-13.50	-30.92	-21.39	-7.56	24.66
7476014	damage	bot-825	bravo	bot-828	alpha	five_seven	bullet	20.00	60.00	-35.59	9.97	-25.91	-14.43	26.25
7476167	damage	bot-825	bravo	bot-828	alpha	five_seven	bullet	20.00	40.00	-35.59	9.97	-25.96	-14.67	26.46
7478649	damage	bot-775	alpha	bot-827	bravo	cz_805_bren	bullet	24.00	76.00	-15.92	-16.39	-18.25	-8.74	8.00
7478771	damage	bot-775	alpha	bot-827	bravo	cz_805_bren	bullet	24.00	52.00	-15.92	-16.39	-17.89	-8.69	7.95
7478893	damage	bot-806	alpha	bot-827	bravo	m1911	bullet	33.00	19.00	-10.40	-18.38	-18.32	-8.23	12.87
7478981	damage	bot-827	bravo	bot-806	alpha	cz_805_bren	bullet	24.00	46.28	-18.61	-7.92	-10.40	-18.38	13.29
7479694	damage	bot-826	bravo	bot-800	alpha	m24	bullet	95.00	0.39	-36.08	16.50	7.77	-37.36	69.46
7480118	kill	bot-828	alpha	bot-827	bravo	cz_805_bren	bullet	24.00	0.00	-27.43	-13.29	-22.76	-3.85	10.54
7488040	kill	bot-823	alpha	bot-826	bravo	m24	bullet	95.00	0.00	11.46	-33.58	-35.73	16.10	68.52
7490832	damage	bot-831	alpha	bot-824	bravo	cz_805_bren	bullet	24.00	71.11	-23.62	-7.79	-7.05	-12.18	17.14
7491315	damage	bot-824	bravo	bot-775	alpha	cz_805_bren	bullet	24.00	18.77	-7.18	-11.99	-18.53	-2.72	14.65
7491315	damage	bot-831	alpha	bot-824	bravo	cz_805_bren	bullet	24.00	47.11	-21.76	-6.00	-7.18	-11.99	15.76
7492419	damage	bot-786	alpha	bot-824	bravo	five_seven	bullet	20.00	27.11	-7.85	-32.81	-3.91	-13.62	19.59
7492744	damage	bot-831	alpha	bot-824	bravo	cz_805_bren	bullet	24.00	3.11	-16.15	-1.87	-2.44	-14.39	18.56
7492876	kill	bot-831	alpha	bot-824	bravo	cz_805_bren	bullet	24.00	0.00	-15.65	-1.35	-2.03	-14.85	19.18
7494216	damage	bot-817	bravo	bot-806	alpha	cz_805_bren	bullet	24.00	48.07	-57.52	-36.81	-12.52	-22.05	47.36
7501195	damage	bot-821	alpha	bot-817	bravo	five_seven	bullet	20.00	80.00	-12.86	-23.07	-53.43	-33.42	41.87
7513766	damage	bot-821	alpha	bot-817	bravo	five_seven	bullet	20.00	24.25	-26.30	-25.85	-45.81	-35.88	21.93
7513908	damage	bot-821	alpha	bot-817	bravo	five_seven	bullet	20.00	6.41	-26.30	-25.84	-45.81	-35.88	21.94
7514055	kill	bot-821	alpha	bot-817	bravo	five_seven	bullet	20.00	0.00	-26.29	-25.84	-45.81	-35.88	21.94
7518828	damage	bot-835	bravo	bot-833	alpha	cz_805_bren	bullet	24.00	76.00	4.86	33.48	0.50	-13.49	47.17
7519068	damage	bot-833	alpha	bot-835	bravo	five_seven	bullet	20.00	80.00	0.50	-13.49	4.86	33.48	47.16
7519094	damage	bot-835	bravo	bot-833	alpha	cz_805_bren	bullet	24.00	52.00	4.86	33.48	0.50	-13.48	47.16
7519214	damage	bot-835	bravo	bot-833	alpha	cz_805_bren	bullet	24.00	28.00	4.86	33.49	0.29	-13.48	47.19
7520631	damage	bot-816	alpha	bot-822	bravo	cz_805_bren	bullet	24.00	48.41	-28.05	-25.37	-31.00	-29.13	4.77
7520856	damage	bot-822	bravo	bot-816	alpha	cz_805_bren	bullet	24.00	43.93	-31.08	-29.37	-27.61	-24.50	5.98
7520990	damage	bot-822	bravo	bot-816	alpha	cz_805_bren	bullet	24.00	19.93	-31.21	-29.82	-27.47	-23.82	7.07
7521870	damage	bot-822	bravo	bot-806	alpha	cz_805_bren	bullet	24.00	48.05	-32.45	-33.72	-30.18	-26.68	7.39
7521995	damage	bot-822	bravo	bot-806	alpha	cz_805_bren	bullet	24.00	24.05	-32.80	-34.18	-29.85	-26.39	8.33
7522117	damage	bot-822	bravo	bot-806	alpha	cz_805_bren	bullet	24.00	0.05	-33.27	-34.63	-29.53	-26.07	9.35
7522234	kill	bot-822	bravo	bot-806	alpha	cz_805_bren	bullet	24.00	0.00	-33.68	-35.03	-29.24	-25.78	10.26
7528131	damage	bot-821	alpha	bot-822	bravo	five_seven	bullet	20.00	52.11	-27.24	-24.17	-36.31	-34.78	13.97
7528285	damage	bot-821	alpha	bot-822	bravo	five_seven	bullet	20.00	32.11	-27.24	-24.17	-36.35	-35.72	14.71
7529887	damage	bot-821	alpha	bot-822	bravo	five_seven	bullet	20.00	17.36	-28.26	-24.43	-36.46	-39.34	17.02
7530062	kill	bot-821	alpha	bot-822	bravo	five_seven	bullet	20.00	0.00	-28.27	-24.43	-36.46	-39.34	17.02
7534017	damage	bot-833	alpha	bot-836	bravo	five_seven	bullet	20.00	76.61	6.85	9.19	31.09	39.96	39.17
7537038	damage	bot-786	alpha	bot-838	bravo	five_seven	bullet	20.00	80.00	29.59	7.82	60.18	47.16	49.84
7537189	damage	bot-786	alpha	bot-838	bravo	five_seven	bullet	20.00	60.00	29.59	7.82	60.15	47.08	49.75
7537589	damage	bot-786	alpha	bot-838	bravo	five_seven	bullet	20.00	10.89	29.59	7.82	59.19	47.87	49.80
7537689	kill	bot-775	alpha	bot-838	bravo	cz_805_bren	bullet	24.00	0.00	20.05	20.75	58.83	48.17	47.50
7538702	damage	bot-836	bravo	bot-818	alpha	five_seven	bullet	20.00	52.37	30.39	38.86	30.55	7.20	31.66
7539047	damage	bot-836	bravo	bot-802	alpha	five_seven	bullet	20.00	52.24	30.39	38.86	30.53	8.57	30.29
7539898	damage	bot-836	bravo	bot-775	alpha	five_seven	bullet	20.00	52.18	30.55	38.03	23.80	22.15	17.25
7541529	damage	bot-831	alpha	bot-836	bravo	cz_805_bren	bullet	24.00	52.61	12.60	9.93	29.48	38.52	33.20
7541727	kill	bot-823	alpha	bot-836	bravo	m24	bullet	95.00	0.00	-14.07	-17.44	29.71	38.74	71.23
7546043	damage	bot-775	alpha	bot-839	bravo	cz_805_bren	bullet	24.00	76.00	24.71	23.20	50.40	35.74	28.59
7546147	damage	bot-802	alpha	bot-839	bravo	cz_805_bren	bullet	24.00	52.00	30.86	8.76	50.60	36.08	33.70
7546253	damage	bot-786	alpha	bot-839	bravo	five_seven	bullet	20.00	32.00	31.62	8.46	50.84	36.49	33.99
7546325	damage	bot-775	alpha	bot-839	bravo	cz_805_bren	bullet	24.00	8.00	24.71	23.20	50.92	36.64	29.46
7546325	kill	bot-802	alpha	bot-839	bravo	cz_805_bren	bullet	24.00	0.00	30.86	8.76	50.92	36.64	34.34
7547962	damage	bot-830	bravo	bot-818	alpha	five_seven	bullet	20.00	75.54	61.84	42.26	30.48	7.88	46.53
7551079	damage	bot-800	alpha	bot-832	bravo	cz_805_bren	bullet	24.00	76.00	41.36	33.88	72.68	46.67	33.83
7551175	damage	bot-830	bravo	bot-786	alpha	five_seven	bullet	20.00	10.49	60.80	41.31	32.97	9.86	41.99
7551321	damage	bot-786	alpha	bot-830	bravo	five_seven	bullet	20.00	80.00	32.91	9.66	60.80	41.31	42.18
7551321	kill	bot-830	bravo	bot-786	alpha	five_seven	bullet	20.00	0.00	60.80	41.31	32.90	9.64	42.20
7552605	damage	bot-818	alpha	bot-830	bravo	cz_805_bren	bullet	24.00	56.00	32.08	10.56	61.61	42.24	43.31
7552847	damage	bot-818	alpha	bot-830	bravo	cz_805_bren	bullet	24.00	32.00	32.08	10.56	62.16	43.12	44.33
7553032	damage	bot-800	alpha	bot-830	bravo	cz_805_bren	bullet	24.00	8.00	40.78	33.22	62.43	43.68	24.05
7553086	kill	bot-818	alpha	bot-830	bravo	cz_805_bren	bullet	24.00	0.00	32.08	10.56	62.30	43.82	44.94
7554586	damage	bot-802	alpha	bot-834	bravo	cz_805_bren	bullet	24.00	18.43	32.86	12.16	62.24	47.02	45.59
7554810	kill	bot-818	alpha	bot-834	bravo	cz_805_bren	bullet	24.00	0.00	31.77	10.49	63.21	47.44	48.52
7556994	damage	bot-840	bravo	bot-821	alpha	cz_805_bren	bullet	24.00	48.08	-21.94	30.23	2.70	-0.50	39.38
7557106	damage	bot-840	bravo	bot-821	alpha	cz_805_bren	bullet	24.00	24.08	-21.94	30.23	3.10	-0.36	39.53
7560795	damage	bot-840	bravo	bot-821	alpha	cz_805_bren	bullet	24.00	32.68	-19.11	26.67	7.22	0.35	37.22
7560949	damage	bot-840	bravo	bot-821	alpha	cz_805_bren	bullet	24.00	11.33	-19.11	26.67	7.22	0.35	37.22
7561061	kill	bot-840	bravo	bot-821	alpha	cz_805_bren	bullet	24.00	0.00	-19.11	26.66	7.22	0.36	37.21
7563622	damage	bot-840	bravo	bot-816	alpha	cz_805_bren	bullet	24.00	59.87	-16.66	25.70	-6.24	-14.00	41.04
7563761	damage	bot-840	bravo	bot-816	alpha	cz_805_bren	bullet	24.00	35.87	-16.66	25.70	-6.28	-14.59	41.61
7563884	damage	bot-840	bravo	bot-816	alpha	cz_805_bren	bullet	24.00	11.87	-16.66	25.70	-6.31	-15.21	42.20
7564020	kill	bot-840	bravo	bot-816	alpha	cz_805_bren	bullet	24.00	0.00	-16.66	25.70	-6.34	-15.82	42.78
7564402	damage	bot-840	bravo	bot-823	alpha	cz_805_bren	bullet	24.00	76.00	-16.66	25.70	-7.84	-10.13	36.90
7565487	damage	bot-823	alpha	bot-840	bravo	m24	bullet	95.00	5.00	-7.81	-9.14	-16.22	24.72	34.89
7567206	damage	bot-842	bravo	bot-823	alpha	five_seven	bullet	20.00	56.00	-11.14	12.42	-7.81	-9.14	21.82
7567349	damage	bot-842	bravo	bot-823	alpha	five_seven	bullet	20.00	36.00	-11.14	12.42	-7.65	-9.30	22.01
7567516	damage	bot-842	bravo	bot-823	alpha	five_seven	bullet	20.00	16.00	-11.14	12.42	-7.37	-9.59	22.34
7567657	kill	bot-842	bravo	bot-823	alpha	five_seven	bullet	20.00	0.00	-11.14	12.42	-6.89	-10.02	22.85
7576873	damage	bot-840	bravo	bot-845	alpha	cz_805_bren	bullet	24.00	76.00	-23.05	21.21	-55.46	13.38	33.34
7576982	damage	bot-845	alpha	bot-840	bravo	five_seven	bullet	20.00	52.05	-55.46	13.38	-23.05	21.21	33.34
7577015	damage	bot-840	bravo	bot-845	alpha	cz_805_bren	bullet	24.00	52.00	-23.05	21.21	-55.46	13.38	33.34
7578572	damage	bot-800	alpha	bot-844	bravo	cz_805_bren	bullet	24.00	76.00	42.21	46.20	12.90	12.70	44.51
7578688	damage	bot-800	alpha	bot-844	bravo	cz_805_bren	bullet	24.00	52.00	42.21	46.20	12.91	12.71	44.50
7578803	damage	bot-800	alpha	bot-844	bravo	cz_805_bren	bullet	24.00	28.00	42.21	46.20	12.84	12.58	44.65
7578929	damage	bot-800	alpha	bot-844	bravo	cz_805_bren	bullet	24.00	4.00	42.21	46.20	12.77	12.49	44.75
7579045	kill	bot-800	alpha	bot-844	bravo	cz_805_bren	bullet	24.00	0.00	42.21	46.20	12.47	12.03	45.30
7579203	kill	bot-837	alpha	bot-840	bravo	m24	bullet	95.00	0.00	50.52	36.54	-18.21	25.21	69.65
7584359	kill	bot-832	bravo	bot-775	alpha	m24	bullet	95.00	0.00	72.83	48.39	45.50	32.99	31.37
7585737	damage	bot-845	alpha	bot-842	bravo	five_seven	bullet	20.00	80.00	-50.56	16.72	-6.76	-1.47	47.43
7586311	damage	bot-845	alpha	bot-842	bravo	five_seven	bullet	20.00	60.00	-50.28	16.62	-7.08	-1.42	46.82
7586811	damage	bot-845	alpha	bot-842	bravo	five_seven	bullet	20.00	40.00	-50.17	16.58	-5.77	-0.37	47.52
7586841	kill	bot-832	bravo	bot-800	alpha	m24	bullet	95.00	0.00	72.11	48.34	25.09	46.03	47.07
7586957	damage	bot-845	alpha	bot-842	bravo	five_seven	bullet	20.00	20.00	-50.17	16.58	-5.18	0.08	47.92
7587258	kill	bot-847	alpha	bot-842	bravo	m24	bullet	95.00	0.00	-44.18	13.20	-3.79	0.03	42.48
7594350	damage	bot-802	alpha	bot-832	bravo	cz_805_bren	bullet	24.00	48.01	50.99	24.19	68.58	45.80	27.86
7595888	kill	bot-831	alpha	bot-832	bravo	cz_805_bren	bullet	24.00	0.00	52.15	30.87	64.97	42.25	17.14
7707561	damage	bot-802	alpha	bot-854	bravo	cz_805_bren	bullet	24.00	76.00	70.48	5.33	53.79	21.36	23.13
7707645	damage	bot-833	alpha	bot-854	bravo	five_seven	bullet	20.00	56.00	68.20	17.98	53.84	21.31	14.74
7707822	damage	bot-802	alpha	bot-854	bravo	cz_805_bren	bullet	24.00	32.00	70.48	5.33	53.11	21.32	23.61
7707822	damage	bot-833	alpha	bot-854	bravo	five_seven	bullet	20.00	12.00	68.20	17.98	53.11	21.32	15.46
7708018	kill	bot-833	alpha	bot-854	bravo	five_seven	bullet	20.00	0.00	68.20	17.98	52.24	21.33	16.31
7730611	damage	bot-845	alpha	bot-846	bravo	five_seven	bullet	20.00	31.92	59.05	28.08	76.39	-3.31	35.86
7730767	damage	bot-845	alpha	bot-846	bravo	five_seven	bullet	20.00	11.92	59.05	28.08	76.58	-3.97	36.53
7730912	kill	bot-845	alpha	bot-846	bravo	five_seven	bullet	20.00	0.00	59.05	28.08	76.78	-4.55	37.14
7736411	damage	bot-848	bravo	bot-831	alpha	cz_805_bren	bullet	24.00	48.04	80.71	7.00	62.46	10.87	18.66
7737071	damage	bot-848	bravo	bot-847	alpha	cz_805_bren	bullet	24.00	76.00	80.40	7.08	59.81	10.95	20.95
7738606	damage	bot-818	alpha	bot-848	bravo	cz_805_bren	bullet	24.00	48.00	65.67	10.47	81.26	6.94	15.99
7738729	damage	bot-818	alpha	bot-848	bravo	cz_805_bren	bullet	24.00	24.00	65.67	10.47	81.93	6.91	16.65
7738852	damage	bot-818	alpha	bot-848	bravo	cz_805_bren	bullet	24.00	0.00	65.67	10.47	82.50	6.90	17.20
7738995	kill	bot-818	alpha	bot-848	bravo	cz_805_bren	bullet	24.00	0.00	65.67	10.47	83.15	6.88	17.85
7758240	damage	bot-860	alpha	bot-856	bravo	five_seven	bullet	20.00	52.45	37.22	6.72	57.95	-21.20	34.78
7758462	damage	bot-860	alpha	bot-856	bravo	five_seven	bullet	20.00	32.45	37.22	6.72	58.06	-21.02	34.70
7758761	damage	bot-860	alpha	bot-856	bravo	five_seven	bullet	20.00	12.45	37.22	6.72	58.73	-19.91	34.24
7775698	damage	bot-860	alpha	bot-856	bravo	five_seven	bullet	20.00	52.14	54.00	-14.63	61.66	-19.87	9.28
7775846	damage	bot-860	alpha	bot-856	bravo	five_seven	bullet	20.00	32.14	54.01	-14.63	61.70	-20.06	9.42
7847096	damage	bot-850	bravo	bot-843	alpha	five_seven	bullet	20.00	80.00	-2.02	-38.12	23.25	-5.42	41.32
7847240	damage	bot-850	bravo	bot-843	alpha	five_seven	bullet	20.00	60.00	-2.02	-38.12	22.68	-5.32	41.06
7847811	damage	bot-850	bravo	bot-843	alpha	five_seven	bullet	20.00	40.00	-2.01	-38.28	25.13	-3.90	43.81
7847957	damage	bot-850	bravo	bot-843	alpha	five_seven	bullet	20.00	20.00	-2.01	-38.28	25.73	-3.55	44.45
7850981	damage	bot-850	bravo	bot-833	alpha	five_seven	bullet	20.00	52.36	1.56	-34.41	29.12	-2.83	41.91
7853498	damage	bot-850	bravo	bot-818	alpha	five_seven	bullet	20.00	55.54	3.55	-32.36	21.54	-8.84	29.61
7853718	damage	bot-850	bravo	bot-818	alpha	five_seven	bullet	20.00	35.54	3.55	-32.36	21.75	-8.25	30.21
7853853	damage	bot-818	alpha	bot-862	bravo	cz_805_bren	bullet	24.00	76.00	21.87	-7.92	2.17	-5.00	19.91
7853954	damage	bot-850	bravo	bot-818	alpha	five_seven	bullet	20.00	15.54	3.55	-32.36	21.99	-7.59	30.88
7854117	kill	bot-850	bravo	bot-818	alpha	five_seven	bullet	20.00	0.00	3.56	-32.36	22.18	-7.04	31.43
7856648	damage	bot-850	bravo	bot-833	alpha	five_seven	bullet	20.00	52.15	5.53	-30.52	22.31	-6.53	29.27
7856971	damage	bot-850	bravo	bot-833	alpha	five_seven	bullet	20.00	32.15	5.52	-30.54	23.06	-6.04	30.13
7857217	damage	bot-850	bravo	bot-833	alpha	five_seven	bullet	20.00	12.15	5.52	-30.54	23.57	-5.72	30.69
7862917	damage	bot-850	bravo	bot-843	alpha	five_seven	bullet	20.00	52.42	6.30	-29.31	26.47	-0.36	35.28
7863378	damage	bot-850	bravo	bot-843	alpha	five_seven	bullet	20.00	32.42	6.30	-29.31	26.21	0.26	35.65
7863531	damage	bot-850	bravo	bot-843	alpha	five_seven	bullet	20.00	12.42	6.30	-29.31	26.12	0.51	35.81
7866077	damage	bot-860	alpha	bot-862	bravo	five_seven	bullet	20.00	56.00	30.59	-22.77	2.98	-4.95	32.87
7866239	damage	bot-860	alpha	bot-862	bravo	five_seven	bullet	20.00	36.00	30.59	-22.77	2.85	-4.86	33.02
7866492	damage	bot-860	alpha	bot-862	bravo	five_seven	bullet	20.00	16.00	30.59	-22.77	2.75	-4.77	33.16
7867094	damage	bot-860	alpha	bot-850	bravo	five_seven	bullet	20.00	80.00	30.59	-22.77	7.92	-27.98	23.25
7867436	damage	bot-860	alpha	bot-850	bravo	five_seven	bullet	20.00	60.00	30.59	-22.77	8.10	-27.77	23.04
7867606	damage	bot-860	alpha	bot-850	bravo	five_seven	bullet	20.00	40.00	30.59	-22.77	8.02	-27.75	23.11
7867757	damage	bot-847	alpha	bot-852	bravo	m24	bullet	95.00	5.00	31.34	-24.07	-0.92	-33.27	33.54
7867757	damage	bot-860	alpha	bot-850	bravo	five_seven	bullet	20.00	20.00	30.59	-22.77	7.79	-27.67	23.32
7867898	kill	bot-860	alpha	bot-850	bravo	five_seven	bullet	20.00	0.00	30.59	-22.77	7.51	-27.58	23.58
7868315	damage	bot-860	alpha	bot-853	bravo	five_seven	bullet	20.00	80.00	30.59	-22.77	3.23	-31.17	28.62
7869379	damage	bot-860	alpha	bot-853	bravo	m1911	bullet	33.00	47.00	30.59	-22.77	3.29	-31.14	28.55
7870142	damage	bot-860	alpha	bot-853	bravo	m1911	bullet	33.00	14.00	30.59	-22.77	1.87	-32.65	30.37
7870860	kill	bot-860	alpha	bot-853	bravo	m1911	bullet	33.00	0.00	30.59	-22.77	1.00	-33.56	31.49
7872120	kill	bot-860	alpha	bot-852	bravo	m1911	bullet	33.00	0.00	30.59	-22.77	-5.86	-37.98	39.49
7882118	damage	bot-860	alpha	bot-328	bravo	five_seven	bullet	20.00	50.51	24.67	-16.25	-12.76	-14.14	37.49
7882279	damage	bot-860	alpha	bot-328	bravo	five_seven	bullet	20.00	30.51	24.67	-16.25	-12.96	-14.32	37.68
7882428	damage	bot-860	alpha	bot-328	bravo	five_seven	bullet	20.00	10.51	24.67	-16.25	-13.37	-14.67	38.07
7882720	kill	bot-860	alpha	bot-328	bravo	five_seven	bullet	20.00	0.00	24.67	-16.25	-14.54	-15.66	39.21
7883179	damage	bot-860	alpha	bot-862	bravo	five_seven	bullet	20.00	3.87	24.67	-16.25	-2.81	4.09	34.19
7883326	kill	bot-860	alpha	bot-862	bravo	five_seven	bullet	20.00	0.00	24.67	-16.25	-3.42	4.72	35.05
7886254	damage	bot-831	alpha	bot-867	bravo	cz_805_bren	bullet	24.00	76.00	31.50	-22.62	32.99	10.58	33.24
7886438	damage	bot-831	alpha	bot-867	bravo	cz_805_bren	bullet	24.00	52.00	31.50	-22.62	32.95	10.28	32.94
7886438	damage	bot-845	alpha	bot-867	bravo	five_seven	bullet	20.00	32.00	31.50	-21.62	32.95	10.28	31.94
7886757	damage	bot-831	alpha	bot-867	bravo	cz_805_bren	bullet	24.00	8.00	31.50	-22.62	32.15	11.39	34.03
7886797	kill	bot-845	alpha	bot-867	bravo	five_seven	bullet	20.00	0.00	31.50	-21.62	31.99	11.60	33.22
7893848	damage	bot-859	bravo	bot-866	alpha	five_seven	bullet	20.00	80.00	-73.25	-44.32	-64.53	4.90	49.98
7893990	damage	bot-859	bravo	bot-866	alpha	five_seven	bullet	20.00	60.00	-73.26	-44.32	-64.53	4.90	49.99
7894134	damage	bot-859	bravo	bot-866	alpha	five_seven	bullet	20.00	40.00	-73.26	-44.32	-64.31	4.79	49.92
7894627	damage	bot-859	bravo	bot-866	alpha	five_seven	bullet	20.00	20.00	-73.26	-44.32	-62.48	3.87	49.38
7898575	damage	bot-858	bravo	bot-863	alpha	cz_805_bren	bullet	24.00	76.00	-75.01	-40.54	-68.58	4.01	45.01
7900991	damage	bot-858	bravo	bot-863	alpha	cz_805_bren	bullet	24.00	52.00	-75.10	-40.49	-68.94	-4.63	36.39
7905869	damage	bot-861	bravo	bot-868	alpha	m24	bullet	95.00	5.00	-76.28	-38.83	-64.75	-8.07	32.85
7910360	damage	bot-859	bravo	bot-866	alpha	five_seven	bullet	20.00	75.06	-69.09	-32.64	-61.09	-5.47	28.32
7911371	damage	bot-802	alpha	bot-858	bravo	cz_805_bren	bullet	24.00	76.00	-27.29	-27.08	-75.19	-38.64	49.27
7911409	kill	bot-861	bravo	bot-802	alpha	m24	bullet	95.00	0.00	-75.30	-40.41	-27.29	-27.08	49.83
7912875	damage	bot-859	bravo	bot-863	alpha	five_seven	bullet	20.00	68.54	-69.20	-31.94	-67.04	-14.63	17.44
7913020	damage	bot-859	bravo	bot-863	alpha	five_seven	bullet	20.00	48.54	-69.20	-31.94	-67.04	-14.63	17.44
7913439	damage	bot-837	alpha	bot-859	bravo	m24	bullet	95.00	5.00	-11.31	-12.42	-69.21	-31.92	61.09
7917089	damage	bot-871	alpha	bot-857	bravo	m24	bullet	95.00	0.90	-62.73	-12.34	-74.79	-36.70	27.19
7922273	damage	bot-870	bravo	bot-831	alpha	cz_805_bren	bullet	24.00	57.80	34.30	16.17	30.98	9.10	7.81
7922502	damage	bot-831	alpha	bot-870	bravo	cz_805_bren	bullet	24.00	76.00	30.52	8.31	33.57	16.77	9.00
7922644	damage	bot-831	alpha	bot-870	bravo	cz_805_bren	bullet	24.00	52.00	30.17	7.69	33.36	17.20	10.04
7923231	damage	bot-831	alpha	bot-869	bravo	cz_805_bren	bullet	24.00	48.21	28.19	6.53	46.91	24.87	26.21
7923828	damage	bot-868	alpha	bot-861	bravo	five_seven	bullet	20.00	80.00	-60.87	-6.92	-75.04	-40.75	36.68
7926872	damage	bot-847	alpha	bot-872	bravo	five_seven	bullet	20.00	80.00	27.16	0.72	31.50	11.38	11.51
7927050	damage	bot-847	alpha	bot-872	bravo	five_seven	bullet	20.00	60.00	27.15	0.71	31.50	11.38	11.52
7927308	damage	bot-847	alpha	bot-872	bravo	five_seven	bullet	20.00	40.00	27.10	0.67	31.54	11.55	11.75
7927452	damage	bot-847	alpha	bot-872	bravo	five_seven	bullet	20.00	20.00	27.10	0.67	31.69	12.17	12.39
7927602	kill	bot-847	alpha	bot-872	bravo	five_seven	bullet	20.00	0.00	27.10	0.67	31.76	12.41	12.64
7928267	damage	bot-870	bravo	bot-873	alpha	cz_805_bren	bullet	24.00	76.00	27.82	19.46	33.72	20.70	6.03
7929044	damage	bot-873	alpha	bot-870	bravo	cz_805_bren	bullet	24.00	48.42	34.59	21.92	27.18	18.92	7.99
7929125	damage	bot-870	bravo	bot-873	alpha	cz_805_bren	bullet	24.00	52.00	26.90	18.95	34.83	22.17	8.56
7929256	damage	bot-873	alpha	bot-870	bravo	cz_805_bren	bullet	24.00	24.42	34.76	21.98	26.44	19.01	8.83
7929400	damage	bot-870	bravo	bot-873	alpha	cz_805_bren	bullet	24.00	28.00	26.00	19.08	34.52	21.34	8.81
7929400	damage	bot-873	alpha	bot-870	bravo	cz_805_bren	bullet	24.00	0.42	34.52	21.34	25.75	19.12	9.05
7929635	damage	bot-870	bravo	bot-873	alpha	cz_805_bren	bullet	24.00	4.00	24.69	19.24	34.06	20.14	9.41
7929635	kill	bot-873	alpha	bot-870	bravo	cz_805_bren	bullet	24.00	0.00	34.06	20.14	24.56	19.26	9.54
7936879	damage	bot-875	bravo	bot-831	alpha	five_seven	bullet	20.00	52.80	28.23	-6.87	26.28	2.77	9.83
7937036	damage	bot-875	bravo	bot-831	alpha	five_seven	bullet	20.00	32.80	28.23	-6.87	25.82	3.35	10.50
7937206	damage	bot-875	bravo	bot-831	alpha	five_seven	bullet	20.00	12.80	28.23	-6.87	25.25	3.99	11.26
7938045	damage	bot-875	bravo	bot-845	alpha	five_seven	bullet	20.00	52.62	28.23	-6.78	33.48	5.85	13.68
7938233	damage	bot-875	bravo	bot-845	alpha	five_seven	bullet	20.00	32.62	28.23	-6.78	33.73	5.60	13.55
7938608	damage	bot-875	bravo	bot-845	alpha	five_seven	bullet	20.00	12.62	28.23	-6.78	34.16	5.16	13.33
7938801	kill	bot-875	bravo	bot-845	alpha	five_seven	bullet	20.00	0.00	28.23	-6.78	34.44	4.87	13.20
7939047	damage	bot-875	bravo	bot-847	alpha	five_seven	bullet	20.00	47.50	28.23	-6.78	42.41	4.19	17.93
7939200	damage	bot-875	bravo	bot-847	alpha	five_seven	bullet	20.00	27.50	28.23	-6.78	42.32	4.35	17.96
7939373	damage	bot-868	alpha	bot-861	bravo	five_seven	bullet	20.00	60.00	-61.18	-7.62	-71.50	-30.63	25.21
7939431	damage	bot-876	alpha	bot-861	bravo	cz_805_bren	bullet	24.00	36.00	-60.00	-4.38	-71.50	-30.63	28.65
7939519	damage	bot-868	alpha	bot-861	bravo	five_seven	bullet	20.00	16.00	-61.18	-7.64	-71.50	-30.63	25.20
7939567	kill	bot-876	alpha	bot-861	bravo	cz_805_bren	bullet	24.00	0.00	-60.00	-4.38	-71.50	-30.63	28.65
7943791	damage	bot-863	alpha	bot-874	bravo	m24	bullet	95.00	5.00	-62.59	-14.40	-28.58	-48.12	47.89
7946871	damage	bot-851	alpha	bot-877	bravo	cz_805_bren	bullet	24.00	76.00	14.71	7.45	21.32	5.69	6.84
7947138	damage	bot-851	alpha	bot-877	bravo	cz_805_bren	bullet	24.00	52.00	14.71	7.45	20.92	5.32	6.57
7947138	damage	bot-877	bravo	bot-831	alpha	cz_805_bren	bullet	24.00	39.86	20.92	5.32	25.90	7.88	5.59
7947324	damage	bot-851	alpha	bot-877	bravo	cz_805_bren	bullet	24.00	28.00	14.71	7.45	21.36	5.13	7.05
7947451	damage	bot-851	alpha	bot-877	bravo	cz_805_bren	bullet	24.00	4.00	14.71	7.45	21.75	4.98	7.46
7947508	damage	bot-858	bravo	bot-868	alpha	cz_805_bren	bullet	24.00	48.55	-21.35	-47.76	-59.82	-17.63	48.87
7947622	kill	bot-851	alpha	bot-877	bravo	cz_805_bren	bullet	24.00	0.00	14.71	7.45	22.24	4.79	7.99
7956792	damage	bot-878	alpha	bot-858	bravo	five_seven	bullet	20.00	56.00	-47.68	-24.60	-29.16	-43.23	26.27
7956938	damage	bot-878	alpha	bot-858	bravo	five_seven	bullet	20.00	36.00	-47.68	-24.60	-28.70	-43.65	26.89
7959494	damage	bot-851	alpha	bot-875	bravo	cz_805_bren	bullet	24.00	76.00	31.29	9.11	25.78	-6.06	16.15
7959834	kill	bot-880	alpha	bot-874	bravo	m24	bullet	95.00	0.00	-55.77	-18.79	-23.49	-47.59	43.26
7960011	damage	bot-851	alpha	bot-875	bravo	cz_805_bren	bullet	24.00	52.00	31.36	9.66	26.22	-4.24	14.82
7960134	damage	bot-851	alpha	bot-875	bravo	cz_805_bren	bullet	24.00	28.00	31.36	9.66	26.39	-4.86	15.35
7960186	damage	bot-875	bravo	bot-851	alpha	five_seven	bullet	20.00	77.94	26.41	-4.95	31.36	9.66	15.42
7960294	damage	bot-851	alpha	bot-875	bravo	cz_805_bren	bullet	24.00	4.00	31.36	9.66	26.47	-5.19	15.64
7961749	damage	bot-837	alpha	bot-879	bravo	five_seven	bullet	20.00	80.00	16.20	-6.35	28.50	-1.63	13.18
7961927	damage	bot-837	alpha	bot-879	bravo	five_seven	bullet	20.00	60.00	16.20	-6.35	28.41	-1.61	13.10
7962098	damage	bot-837	alpha	bot-879	bravo	five_seven	bullet	20.00	40.00	16.20	-6.35	28.70	-1.61	13.37
7962403	damage	bot-837	alpha	bot-879	bravo	five_seven	bullet	20.00	20.00	16.20	-6.35	29.99	-1.62	14.58
7962571	kill	bot-837	alpha	bot-879	bravo	five_seven	bullet	20.00	0.00	16.20	-6.35	30.45	-1.46	15.06
7966830	damage	bot-831	alpha	bot-875	bravo	cz_805_bren	bullet	24.00	48.20	19.68	2.46	27.50	-8.78	13.69
7967170	damage	bot-851	alpha	bot-875	bravo	cz_805_bren	bullet	24.00	24.20	30.53	2.12	27.92	-9.54	11.95
7967284	damage	bot-851	alpha	bot-875	bravo	cz_805_bren	bullet	24.00	0.20	30.54	2.13	28.18	-10.01	12.37
7967706	kill	bot-831	alpha	bot-875	bravo	cz_805_bren	bullet	24.00	0.00	19.94	2.18	29.71	-10.72	16.18
7972963	damage	bot-881	bravo	bot-863	alpha	five_seven	bullet	20.00	46.07	-22.29	-48.12	-56.30	-17.31	45.89
7973115	damage	bot-881	bravo	bot-863	alpha	five_seven	bullet	20.00	28.63	-22.29	-48.12	-56.30	-17.30	45.90
7973286	damage	bot-881	bravo	bot-863	alpha	five_seven	bullet	20.00	11.47	-22.29	-48.12	-56.30	-17.30	45.90
7973476	kill	bot-881	bravo	bot-863	alpha	five_seven	bullet	20.00	0.00	-22.28	-48.12	-56.32	-17.30	45.91
7973713	damage	bot-881	bravo	bot-878	alpha	five_seven	bullet	20.00	52.63	-22.28	-48.12	-55.17	-17.97	44.61
7974608	damage	bot-881	bravo	bot-878	alpha	five_seven	bullet	20.00	32.63	-22.37	-47.92	-57.84	-18.52	46.07
7974780	damage	bot-881	bravo	bot-878	alpha	five_seven	bullet	20.00	12.63	-22.37	-47.92	-58.34	-18.33	46.58
7976161	damage	bot-881	bravo	bot-876	alpha	five_seven	bullet	20.00	52.04	-23.37	-47.58	-46.09	-24.87	32.12
7976364	damage	bot-881	bravo	bot-876	alpha	five_seven	bullet	20.00	32.04	-23.37	-47.58	-46.20	-24.69	32.33
7976575	damage	bot-881	bravo	bot-876	alpha	five_seven	bullet	20.00	12.04	-23.37	-47.58	-46.50	-24.18	32.91
7976776	kill	bot-881	bravo	bot-876	alpha	five_seven	bullet	20.00	0.00	-23.38	-47.57	-46.81	-23.58	33.53
7977366	damage	bot-865	bravo	bot-884	alpha	cz_805_bren	bullet	24.00	76.00	59.39	47.94	40.08	45.71	19.44
7977538	damage	bot-865	bravo	bot-884	alpha	cz_805_bren	bullet	24.00	52.00	59.39	47.94	39.95	45.59	19.58
7980755	damage	bot-868	alpha	bot-883	bravo	five_seven	bullet	20.00	80.00	-46.70	-20.87	-30.73	-41.28	25.92
7981960	damage	bot-884	alpha	bot-865	bravo	cz_805_bren	bullet	24.00	18.61	36.56	47.31	67.36	46.69	30.81
7982185	kill	bot-884	alpha	bot-865	bravo	cz_805_bren	bullet	24.00	0.00	36.56	47.31	67.81	47.05	31.25
7994928	damage	bot-858	bravo	bot-880	alpha	cz_805_bren	bullet	24.00	48.04	-29.83	-42.53	-51.23	-17.72	32.76
7995048	damage	bot-858	bravo	bot-880	alpha	cz_805_bren	bullet	24.00	24.04	-29.84	-42.53	-51.42	-17.69	32.91
7995183	damage	bot-858	bravo	bot-880	alpha	cz_805_bren	bullet	24.00	0.04	-29.84	-42.53	-51.76	-17.64	33.17
7997394	damage	bot-851	alpha	bot-883	bravo	cz_805_bren	bullet	24.00	71.26	13.47	-21.20	-28.22	-48.46	49.81
7997563	damage	bot-851	alpha	bot-883	bravo	cz_805_bren	bullet	24.00	47.26	13.47	-21.20	-28.22	-48.46	49.81
7997696	damage	bot-851	alpha	bot-883	bravo	cz_805_bren	bullet	24.00	23.26	13.47	-21.20	-28.45	-48.35	49.94
8002409	damage	bot-878	alpha	bot-858	bravo	m1911	bullet	33.00	38.87	-50.22	-17.12	-32.28	-39.17	28.43
8002751	damage	bot-878	alpha	bot-858	bravo	m1911	bullet	33.00	5.87	-50.22	-17.12	-31.59	-40.34	29.78
8003121	kill	bot-878	alpha	bot-858	bravo	m1911	bullet	33.00	0.00	-50.23	-17.08	-30.81	-41.32	31.06
8003506	damage	bot-851	alpha	bot-883	bravo	cz_805_bren	bullet	24.00	40.17	5.73	-27.42	-29.62	-48.48	41.15
8003674	damage	bot-851	alpha	bot-883	bravo	cz_805_bren	bullet	24.00	18.56	5.73	-27.42	-29.62	-48.48	41.15
8003824	kill	bot-851	alpha	bot-883	bravo	cz_805_bren	bullet	24.00	0.00	5.73	-27.42	-29.62	-48.48	41.15
8004776	damage	bot-878	alpha	bot-881	bravo	m1911	bullet	33.00	30.88	-49.84	-17.80	-35.21	-46.44	32.16
8004776	damage	bot-887	bravo	bot-831	alpha	cz_805_bren	bullet	24.00	71.47	67.91	-37.31	22.17	-24.02	47.63
8004839	damage	bot-831	alpha	bot-887	bravo	cz_805_bren	bullet	24.00	76.00	22.17	-24.02	67.91	-37.31	47.63
8006203	damage	bot-868	alpha	bot-881	bravo	five_seven	bullet	20.00	10.88	-57.89	-17.32	-29.91	-47.34	41.04
8006351	kill	bot-868	alpha	bot-881	bravo	five_seven	bullet	20.00	0.00	-57.89	-17.32	-29.30	-47.58	41.63
8007059	damage	bot-878	alpha	bot-885	bravo	m1911	bullet	33.00	27.28	-49.81	-18.03	-44.12	-39.11	21.83
8009178	damage	bot-851	alpha	bot-888	bravo	cz_805_bren	bullet	24.00	76.00	12.62	-34.31	33.02	4.43	43.79
8010094	damage	bot-851	alpha	bot-888	bravo	cz_805_bren	bullet	24.00	52.00	12.27	-34.25	33.52	4.40	44.11
8010225	damage	bot-851	alpha	bot-888	bravo	cz_805_bren	bullet	24.00	28.00	12.27	-34.25	33.55	4.57	44.27
8010225	damage	bot-888	bravo	bot-831	alpha	five_seven	bullet	20.00	51.47	33.55	4.57	31.60	-29.71	34.33
8010351	damage	bot-851	alpha	bot-888	bravo	cz_805_bren	bullet	24.00	4.00	12.25	-34.27	33.61	4.83	44.55
8010463	kill	bot-851	alpha	bot-888	bravo	cz_805_bren	bullet	24.00	0.00	12.25	-34.27	33.76	5.32	45.06
8017749	damage	bot-831	alpha	bot-889	bravo	cz_805_bren	bullet	24.00	76.00	43.74	-37.07	58.00	-24.52	18.99
8017901	damage	bot-831	alpha	bot-889	bravo	cz_805_bren	bullet	24.00	52.00	43.76	-37.06	57.78	-24.71	18.68
8018103	damage	bot-831	alpha	bot-889	bravo	cz_805_bren	bullet	24.00	28.00	43.76	-37.06	58.11	-25.19	18.63
8020174	damage	bot-837	alpha	bot-885	bravo	five_seven	bullet	20.00	33.98	-9.88	-36.55	-26.25	-48.50	20.26
8020326	damage	bot-837	alpha	bot-885	bravo	five_seven	bullet	20.00	14.88	-9.88	-36.55	-26.25	-48.50	20.26
8020483	kill	bot-837	alpha	bot-885	bravo	five_seven	bullet	20.00	0.00	-9.87	-36.54	-26.25	-48.50	20.27
8038053	damage	bot-878	alpha	bot-891	bravo	five_seven	bullet	20.00	80.00	-57.23	-18.97	-81.43	-3.37	28.79
8038223	damage	bot-878	alpha	bot-891	bravo	five_seven	bullet	20.00	60.00	-57.23	-18.97	-81.63	-3.70	28.78
8038397	damage	bot-878	alpha	bot-891	bravo	five_seven	bullet	20.00	40.00	-57.23	-18.97	-82.17	-4.29	28.93
8038554	damage	bot-878	alpha	bot-891	bravo	five_seven	bullet	20.00	20.00	-57.23	-18.97	-82.52	-4.68	29.05
8039351	kill	bot-878	alpha	bot-891	bravo	five_seven	bullet	20.00	0.00	-57.40	-18.85	-84.54	-6.69	29.73
8060582	damage	bot-892	bravo	bot-878	alpha	five_seven	bullet	20.00	52.53	-86.87	8.03	-80.04	13.10	8.51
8068242	damage	bot-878	alpha	bot-893	bravo	five_seven	bullet	20.00	80.00	-80.42	15.60	-82.34	10.05	5.88
8068399	damage	bot-878	alpha	bot-893	bravo	five_seven	bullet	20.00	60.00	-80.39	15.62	-82.22	10.07	5.84
8068907	damage	bot-894	bravo	bot-878	alpha	cz_805_bren	bullet	24.00	48.22	-84.55	5.56	-81.54	16.65	11.50
8069049	damage	bot-878	alpha	bot-890	bravo	five_seven	bullet	20.00	75.07	-81.08	17.19	-82.89	8.53	8.85
8071126	damage	bot-878	alpha	bot-890	bravo	five_seven	bullet	20.00	55.07	-78.07	20.58	-82.59	6.07	15.20
8079084	kill	bot-892	bravo	bot-878	alpha	five_seven	bullet	20.00	0.00	-82.52	11.54	-76.50	17.92	8.77
8079231	damage	bot-880	alpha	bot-894	bravo	m1911	bullet	33.00	1.07	-77.65	18.62	-84.95	16.50	7.60
8079469	kill	bot-892	bravo	bot-880	alpha	five_seven	bullet	20.00	0.00	-81.77	12.26	-76.82	19.30	8.61
8088994	damage	bot-897	alpha	bot-893	bravo	five_seven	bullet	20.00	52.29	-94.42	19.12	-83.97	17.85	10.53
8089338	damage	bot-897	alpha	bot-893	bravo	five_seven	bullet	20.00	32.29	-94.43	19.09	-82.56	18.57	11.88
8104980	damage	bot-897	alpha	bot-893	bravo	five_seven	bullet	20.00	76.03	-83.20	19.27	-78.34	15.96	5.88
8105123	damage	bot-897	alpha	bot-893	bravo	five_seven	bullet	20.00	56.03	-83.20	19.27	-78.26	15.95	5.95
8105343	damage	bot-897	alpha	bot-893	bravo	five_seven	bullet	20.00	36.03	-83.20	19.27	-78.83	17.01	4.92
8105375	damage	bot-893	bravo	bot-897	alpha	five_seven	bullet	20.00	80.00	-78.83	17.01	-83.20	19.27	4.92
8106032	damage	bot-893	bravo	bot-897	alpha	five_seven	bullet	20.00	60.00	-79.73	20.09	-81.12	19.74	1.43
8106251	damage	bot-893	bravo	bot-897	alpha	five_seven	bullet	20.00	40.00	-79.50	20.65	-81.03	20.74	1.53
8106304	damage	bot-897	alpha	bot-893	bravo	five_seven	bullet	20.00	27.64	-81.05	20.92	-79.57	20.79	1.48
8106479	damage	bot-897	alpha	bot-893	bravo	five_seven	bullet	20.00	11.29	-81.39	21.24	-79.98	21.28	1.41
8106541	damage	bot-893	bravo	bot-897	alpha	five_seven	bullet	20.00	20.00	-80.05	21.34	-81.53	21.31	1.48
8117308	damage	bot-897	alpha	bot-893	bravo	five_seven	bullet	20.00	52.22	-87.72	25.48	-82.63	22.51	5.89
8117452	damage	bot-897	alpha	bot-893	bravo	five_seven	bullet	20.00	32.22	-87.72	25.48	-81.88	22.45	6.57
8117477	damage	bot-893	bravo	bot-897	alpha	five_seven	bullet	20.00	52.19	-81.88	22.45	-87.72	25.48	6.57
8124044	damage	bot-893	bravo	bot-897	alpha	five_seven	bullet	20.00	52.49	-81.48	22.57	-89.56	26.48	8.98
8137743	damage	bot-893	bravo	bot-897	alpha	five_seven	bullet	20.00	52.15	-85.92	25.89	-88.83	25.53	2.93
8138255	damage	bot-897	alpha	bot-894	bravo	five_seven	bullet	20.00	69.79	-90.37	27.17	-88.80	25.09	2.61
8138457	damage	bot-897	alpha	bot-894	bravo	five_seven	bullet	20.00	49.79	-91.35	27.29	-89.19	25.47	2.83
8140504	damage	bot-893	bravo	bot-897	alpha	five_seven	bullet	20.00	40.00	-91.34	27.30	-93.30	25.24	2.84
8140598	damage	bot-897	alpha	bot-893	bravo	five_seven	bullet	20.00	52.59	-93.72	25.21	-90.87	27.32	3.55
8140657	damage	bot-893	bravo	bot-897	alpha	five_seven	bullet	20.00	20.00	-90.68	27.33	-94.02	25.19	3.97
8153680	damage	bot-837	alpha	bot-893	bravo	five_seven	bullet	20.00	33.04	-36.81	44.65	-86.52	15.27	57.75
8153871	damage	bot-837	alpha	bot-893	bravo	five_seven	bullet	20.00	13.04	-36.81	44.65	-87.05	14.70	58.49
8154032	kill	bot-837	alpha	bot-893	bravo	five_seven	bullet	20.00	0.00	-36.81	44.65	-87.39	14.35	58.96
8178537	damage	bot-897	alpha	bot-894	bravo	five_seven	bullet	20.00	52.08	-85.58	16.64	-76.67	17.72	8.98
8178636	damage	bot-831	alpha	bot-894	bravo	cz_805_bren	bullet	24.00	28.08	-60.87	28.40	-76.59	17.75	19.00
8178717	damage	bot-897	alpha	bot-894	bravo	five_seven	bullet	20.00	8.08	-85.58	16.64	-76.10	17.84	9.56
8178764	kill	bot-831	alpha	bot-894	bravo	cz_805_bren	bullet	24.00	0.00	-60.87	28.42	-76.10	17.84	18.55
8195894	damage	bot-896	bravo	bot-851	alpha	five_seven	bullet	20.00	9.15	97.14	6.09	96.52	15.57	9.51
8196039	kill	bot-896	bravo	bot-851	alpha	five_seven	bullet	20.00	0.00	96.56	5.76	96.35	15.33	9.57
8204759	damage	bot-890	bravo	bot-831	alpha	cz_805_bren	bullet	24.00	48.01	-79.32	-3.80	-81.69	-0.92	3.73
8236848	damage	bot-896	bravo	bot-873	alpha	five_seven	bullet	20.00	52.18	96.68	14.64	96.98	26.67	12.04
8236991	damage	bot-873	alpha	bot-896	bravo	cz_805_bren	bullet	24.00	48.02	96.93	26.80	96.83	14.65	12.14
8236991	damage	bot-896	bravo	bot-873	alpha	five_seven	bullet	20.00	32.18	96.83	14.65	96.91	26.83	12.18
8237115	damage	bot-873	alpha	bot-896	bravo	cz_805_bren	bullet	24.00	24.02	96.87	27.01	96.82	14.54	12.46
8237135	damage	bot-896	bravo	bot-873	alpha	five_seven	bullet	20.00	12.18	96.82	14.51	96.87	27.11	12.59
8237228	damage	bot-873	alpha	bot-896	bravo	cz_805_bren	bullet	24.00	0.02	96.87	27.26	96.82	14.41	12.85
8238100	kill	bot-873	alpha	bot-896	bravo	cz_805_bren	bullet	24.00	0.00	95.97	29.66	96.85	11.05	18.63
8255931	damage	bot-897	alpha	bot-890	bravo	five_seven	bullet	20.00	52.23	-76.59	0.29	-79.50	-3.63	4.88
8256084	damage	bot-897	alpha	bot-890	bravo	five_seven	bullet	20.00	32.23	-76.59	0.29	-79.94	-4.26	5.65
8256233	damage	bot-897	alpha	bot-890	bravo	five_seven	bullet	20.00	12.23	-76.59	0.29	-80.25	-5.03	6.46
8256783	kill	bot-897	alpha	bot-890	bravo	five_seven	bullet	20.00	0.00	-75.50	0.38	-81.73	-7.37	9.94
8273668	kill	bot-904	bravo	bot-873	alpha	m24	bullet	95.00	0.00	67.93	9.09	35.36	12.24	32.72
8308700	damage	bot-831	alpha	bot-909	bravo	cz_805_bren	bullet	24.00	76.00	4.17	-32.59	13.61	14.68	48.21
8308811	damage	bot-831	alpha	bot-909	bravo	cz_805_bren	bullet	24.00	52.00	4.17	-32.59	13.60	14.26	47.79
8308922	damage	bot-831	alpha	bot-909	bravo	cz_805_bren	bullet	24.00	28.00	4.17	-32.59	13.39	14.67	48.15
8309049	damage	bot-831	alpha	bot-909	bravo	cz_805_bren	bullet	24.00	4.00	4.17	-32.59	13.16	15.10	48.53
8309169	kill	bot-831	alpha	bot-909	bravo	cz_805_bren	bullet	24.00	0.00	4.17	-32.59	12.92	15.41	48.79
8309256	damage	bot-897	alpha	bot-895	bravo	five_seven	bullet	20.00	80.00	-11.25	-41.61	10.69	14.25	60.01
8309453	damage	bot-897	alpha	bot-895	bravo	five_seven	bullet	20.00	60.00	-11.25	-41.61	10.69	14.25	60.01
8309711	damage	bot-895	bravo	bot-831	alpha	cz_805_bren	bullet	24.00	48.01	10.69	14.25	4.30	-32.69	47.37
8313628	damage	bot-911	bravo	bot-899	alpha	five_seven	bullet	20.00	80.00	-41.65	-5.47	-27.92	-23.26	22.48
8315794	damage	bot-895	bravo	bot-884	alpha	cz_805_bren	bullet	24.00	48.15	6.71	14.71	-7.97	-29.51	46.60
8315922	damage	bot-895	bravo	bot-884	alpha	cz_805_bren	bullet	24.00	24.15	6.71	14.71	-8.43	-29.99	47.20
8316062	damage	bot-895	bravo	bot-884	alpha	cz_805_bren	bullet	24.00	0.15	6.71	14.71	-8.89	-30.46	47.80
8316211	damage	bot-831	alpha	bot-895	bravo	cz_805_bren	bullet	24.00	48.33	3.03	-34.46	6.70	14.69	49.28
8316211	kill	bot-895	bravo	bot-884	alpha	cz_805_bren	bullet	24.00	0.00	6.70	14.69	-9.42	-31.01	48.46
8316276	damage	bot-898	bravo	bot-907	alpha	m24	bullet	95.00	5.00	-4.18	15.77	-14.73	-32.67	49.58
8318080	damage	bot-831	alpha	bot-901	bravo	cz_805_bren	bullet	24.00	76.00	3.72	-34.12	19.16	2.83	40.05
8318221	damage	bot-831	alpha	bot-901	bravo	cz_805_bren	bullet	24.00	52.00	3.72	-34.12	19.07	2.23	39.46
8318371	damage	bot-831	alpha	bot-901	bravo	cz_805_bren	bullet	24.00	28.00	3.72	-34.12	19.43	2.41	39.77
8318487	damage	bot-831	alpha	bot-901	bravo	cz_805_bren	bullet	24.00	4.00	3.72	-34.12	20.06	2.76	40.33
8318778	kill	bot-831	alpha	bot-901	bravo	cz_805_bren	bullet	24.00	0.00	3.72	-34.12	21.10	3.01	41.00
8319322	damage	bot-897	alpha	bot-911	bravo	five_seven	bullet	20.00	80.00	-6.91	-23.40	-36.99	-7.49	34.03
8319466	damage	bot-897	alpha	bot-911	bravo	five_seven	bullet	20.00	60.00	-6.91	-23.40	-36.99	-7.73	33.92
8320306	damage	bot-831	alpha	bot-900	bravo	cz_805_bren	bullet	24.00	76.00	4.67	-34.54	9.44	6.41	41.22
8320475	damage	bot-831	alpha	bot-900	bravo	cz_805_bren	bullet	24.00	52.00	4.67	-34.54	9.44	6.41	41.22
8320638	damage	bot-831	alpha	bot-900	bravo	cz_805_bren	bullet	24.00	28.00	4.67	-34.54	9.40	6.46	41.27
8320768	damage	bot-831	alpha	bot-900	bravo	cz_805_bren	bullet	24.00	4.00	4.67	-34.54	9.13	6.74	41.52
8320986	kill	bot-831	alpha	bot-900	bravo	cz_805_bren	bullet	24.00	0.00	4.67	-34.54	8.86	7.03	41.78
8321139	damage	bot-897	alpha	bot-911	bravo	five_seven	bullet	20.00	40.00	-6.91	-23.40	-41.66	-5.72	38.98
8321307	damage	bot-897	alpha	bot-911	bravo	five_seven	bullet	20.00	20.00	-6.91	-23.40	-41.90	-5.63	39.24
8321534	kill	bot-897	alpha	bot-911	bravo	five_seven	bullet	20.00	0.00	-6.91	-23.40	-41.90	-5.62	39.25
8322699	damage	bot-913	alpha	bot-904	bravo	five_seven	bullet	20.00	80.00	-16.35	-26.80	14.60	9.24	47.50
8323295	damage	bot-913	alpha	bot-904	bravo	five_seven	bullet	20.00	60.00	-16.33	-26.68	14.57	9.14	47.30
8323909	damage	bot-913	alpha	bot-904	bravo	five_seven	bullet	20.00	40.00	-16.20	-26.50	15.25	10.50	48.56
8324875	damage	bot-897	alpha	bot-904	bravo	five_seven	bullet	20.00	20.00	-6.93	-22.45	16.49	13.21	42.66
8325466	damage	bot-831	alpha	bot-902	bravo	cz_805_bren	bullet	24.00	76.00	4.72	-33.78	11.73	15.00	49.28
8326981	damage	bot-897	alpha	bot-902	bravo	five_seven	bullet	20.00	56.00	-6.77	-22.45	15.04	14.64	43.03
8327144	damage	bot-831	alpha	bot-902	bravo	cz_805_bren	bullet	24.00	32.00	4.32	-33.66	15.18	14.65	49.51
8327144	damage	bot-897	alpha	bot-902	bravo	five_seven	bullet	20.00	12.00	-6.77	-22.45	15.18	14.65	43.10
8332211	damage	bot-915	alpha	bot-912	bravo	five_seven	bullet	20.00	80.00	-10.49	37.36	-6.93	46.37	9.69
8332397	damage	bot-915	alpha	bot-912	bravo	five_seven	bullet	20.00	60.00	-10.49	37.36	-7.01	46.05	9.36
8332668	damage	bot-915	alpha	bot-912	bravo	five_seven	bullet	20.00	40.00	-10.49	37.36	-7.05	46.54	9.80
8332832	damage	bot-915	alpha	bot-912	bravo	five_seven	bullet	20.00	20.00	-10.49	37.36	-7.01	47.15	10.39
8333385	damage	bot-895	bravo	bot-831	alpha	cz_805_bren	bullet	24.00	48.26	9.85	16.65	5.56	-28.54	45.40
8333641	damage	bot-897	alpha	bot-904	bravo	five_seven	bullet	20.00	52.02	-6.51	-15.15	18.10	14.21	38.32
8334458	damage	bot-897	alpha	bot-914	bravo	five_seven	bullet	20.00	80.00	-6.51	-15.15	31.29	-30.70	40.88
8334603	damage	bot-897	alpha	bot-914	bravo	five_seven	bullet	20.00	60.00	-6.51	-15.15	31.20	-30.72	40.80
8334746	damage	bot-897	alpha	bot-914	bravo	five_seven	bullet	20.00	40.00	-6.51	-15.15	31.43	-30.60	40.97
8334954	damage	bot-897	alpha	bot-914	bravo	five_seven	bullet	20.00	20.00	-6.51	-15.15	32.15	-30.20	41.48
8335225	kill	bot-897	alpha	bot-914	bravo	five_seven	bullet	20.00	0.00	-6.51	-15.15	32.64	-29.93	41.85
8338200	damage	bot-897	alpha	bot-902	bravo	five_seven	bullet	20.00	52.09	-5.32	-13.41	18.36	19.24	40.33
8338400	damage	bot-897	alpha	bot-902	bravo	five_seven	bullet	20.00	32.09	-5.32	-13.41	18.43	19.27	40.39
8338400	damage	bot-913	alpha	bot-895	bravo	five_seven	bullet	20.00	75.19	-8.34	-17.42	10.18	14.59	36.98
8338545	damage	bot-913	alpha	bot-895	bravo	five_seven	bullet	20.00	55.19	-8.34	-17.42	10.18	14.60	36.99
8338931	damage	bot-913	alpha	bot-895	bravo	five_seven	bullet	20.00	35.19	-8.34	-17.42	10.51	14.96	37.47
8339089	damage	bot-913	alpha	bot-895	bravo	five_seven	bullet	20.00	15.19	-8.34	-17.42	10.75	15.21	37.81
8339434	kill	bot-913	alpha	bot-895	bravo	five_seven	bullet	20.00	0.00	-8.32	-17.42	11.31	15.90	38.67
8342645	damage	bot-916	bravo	bot-907	alpha	cz_805_bren	bullet	24.00	48.16	-5.98	-44.12	-11.00	-36.63	9.02
8342859	damage	bot-916	bravo	bot-907	alpha	cz_805_bren	bullet	24.00	24.16	-5.98	-44.12	-11.00	-36.56	9.08
8343150	damage	bot-916	bravo	bot-907	alpha	cz_805_bren	bullet	24.00	0.16	-5.98	-44.12	-11.00	-36.32	9.28
8343280	kill	bot-916	bravo	bot-907	alpha	cz_805_bren	bullet	24.00	0.00	-5.98	-44.12	-11.00	-35.89	9.64
8343727	damage	bot-886	alpha	bot-916	bravo	five_seven	bullet	20.00	80.00	-17.50	-38.66	-6.10	-44.38	12.76
8343895	damage	bot-886	alpha	bot-916	bravo	five_seven	bullet	20.00	60.00	-17.50	-38.66	-6.20	-44.80	12.86
8344180	damage	bot-886	alpha	bot-916	bravo	five_seven	bullet	20.00	40.00	-17.49	-38.67	-6.15	-45.30	13.14
8344895	damage	bot-913	alpha	bot-916	bravo	five_seven	bullet	20.00	20.00	-10.36	-16.53	-6.56	-47.06	30.78
8345193	kill	bot-913	alpha	bot-916	bravo	five_seven	bullet	20.00	0.00	-10.36	-16.53	-6.63	-47.31	31.01
8345618	damage	bot-897	alpha	bot-904	bravo	five_seven	bullet	20.00	52.36	-1.70	-8.57	19.09	15.17	31.56
8349309	damage	bot-912	bravo	bot-915	alpha	m1911	bullet	33.00	67.00	-9.57	47.20	-15.24	37.66	11.10
8349634	damage	bot-897	alpha	bot-902	bravo	five_seven	bullet	20.00	52.69	-0.50	-7.03	18.05	19.27	32.18
8349683	damage	bot-912	bravo	bot-915	alpha	m1911	bullet	33.00	34.00	-9.57	47.20	-14.90	37.94	10.68
8352982	kill	bot-917	bravo	bot-886	alpha	five_seven	bullet	20.00	0.00	-1.53	-47.63	-11.25	-36.23	14.98
8356008	damage	bot-917	bravo	bot-906	alpha	five_seven	bullet	20.00	52.60	-4.13	-47.25	-17.82	-44.17	14.04
8356165	damage	bot-917	bravo	bot-906	alpha	five_seven	bullet	20.00	32.60	-4.13	-47.25	-18.58	-43.80	14.86
8356480	damage	bot-912	bravo	bot-918	alpha	m1911	bullet	33.00	67.00	-10.06	45.06	-20.82	39.10	12.30
8356791	damage	bot-897	alpha	bot-912	bravo	five_seven	bullet	20.00	52.57	2.42	-2.84	-10.06	45.06	49.50
8356887	damage	bot-912	bravo	bot-918	alpha	m1911	bullet	33.00	34.00	-10.12	45.12	-20.63	39.27	12.03
8356961	damage	bot-897	alpha	bot-912	bravo	five_seven	bullet	20.00	32.57	2.42	-2.84	-10.18	45.18	49.64
8362403	damage	bot-917	bravo	bot-906	alpha	five_seven	bullet	20.00	52.01	-13.92	-44.08	-18.83	-42.16	5.27
8362574	damage	bot-906	alpha	bot-917	bravo	m1911	bullet	33.00	67.00	-18.39	-42.05	-13.25	-44.28	5.60
8362891	damage	bot-917	bravo	bot-906	alpha	five_seven	bullet	20.00	32.01	-12.46	-44.41	-17.70	-41.90	5.81
8362933	damage	bot-906	alpha	bot-917	bravo	m1911	bullet	33.00	34.00	-17.65	-41.89	-12.46	-44.41	5.78
8363031	damage	bot-917	bravo	bot-906	alpha	five_seven	bullet	20.00	12.01	-11.99	-44.59	-17.33	-41.82	6.02
8363057	kill	bot-919	bravo	bot-906	alpha	five_seven	bullet	20.00	0.00	-21.82	-44.42	-17.25	-41.80	5.27
8363458	damage	bot-912	bravo	bot-920	alpha	m1911	bullet	33.00	67.00	-26.22	48.91	-16.43	47.02	9.97
8363817	damage	bot-912	bravo	bot-920	alpha	m1911	bullet	33.00	34.00	-26.20	48.92	-16.66	46.36	9.88
8363961	damage	bot-920	alpha	bot-912	bravo	cz_805_bren	bullet	24.00	19.99	-16.78	46.26	-26.20	48.92	9.79
8364202	damage	bot-920	alpha	bot-912	bravo	cz_805_bren	bullet	24.00	0.33	-17.22	45.78	-26.20	48.92	9.51
8364324	kill	bot-920	alpha	bot-912	bravo	cz_805_bren	bullet	24.00	0.00	-17.53	45.45	-26.20	48.92	9.34
8365045	damage	bot-902	bravo	bot-831	alpha	five_seven	bullet	20.00	52.48	32.01	12.65	32.82	-37.31	49.97
8368576	damage	bot-913	alpha	bot-902	bravo	five_seven	bullet	20.00	52.23	9.87	5.99	34.09	6.27	24.23
8369548	damage	bot-831	alpha	bot-902	bravo	cz_805_bren	bullet	24.00	28.23	36.52	-40.28	36.65	3.64	43.93
8373112	damage	bot-917	bravo	bot-899	alpha	five_seven	bullet	20.00	52.11	-17.01	-43.88	-62.82	-37.81	46.21
8378430	damage	bot-910	alpha	bot-919	bravo	cz_805_bren	bullet	24.00	76.00	-52.98	-33.54	-27.63	-44.21	27.51
8379006	damage	bot-910	alpha	bot-921	bravo	cz_805_bren	bullet	24.00	76.00	-52.98	-33.52	-22.24	-45.99	33.17
8379573	damage	bot-910	alpha	bot-921	bravo	cz_805_bren	bullet	24.00	52.00	-52.83	-33.55	-20.79	-46.87	34.71
8390068	damage	bot-923	bravo	bot-915	alpha	cz_805_bren	bullet	24.00	48.82	-42.34	25.17	-10.67	47.45	38.72
8390287	damage	bot-923	bravo	bot-915	alpha	cz_805_bren	bullet	24.00	24.82	-42.34	25.17	-10.02	47.51	39.28
8390561	damage	bot-923	bravo	bot-915	alpha	cz_805_bren	bullet	24.00	0.82	-42.34	25.17	-8.84	47.63	40.33
8394371	damage	bot-920	alpha	bot-923	bravo	cz_805_bren	bullet	24.00	76.00	-16.74	46.09	-40.60	26.33	30.98
8394533	damage	bot-920	alpha	bot-923	bravo	cz_805_bren	bullet	24.00	52.00	-16.73	46.10	-40.42	26.46	30.76
8394926	damage	bot-920	alpha	bot-923	bravo	cz_805_bren	bullet	24.00	28.00	-16.73	46.10	-40.10	25.86	30.92
8395340	damage	bot-913	alpha	bot-917	bravo	five_seven	bullet	20.00	52.05	-17.35	-8.92	-0.30	-36.60	32.52
8400485	damage	bot-831	alpha	bot-904	bravo	cz_805_bren	bullet	24.00	37.26	46.42	-7.60	30.36	7.81	22.26
8400736	kill	bot-920	alpha	bot-923	bravo	cz_805_bren	bullet	24.00	0.00	-21.24	43.55	-43.41	17.68	34.07
8400921	damage	bot-831	alpha	bot-904	bravo	cz_805_bren	bullet	24.00	13.26	46.40	-7.59	31.77	7.82	21.25
8401040	kill	bot-831	alpha	bot-904	bravo	cz_805_bren	bullet	24.00	0.00	46.40	-7.59	32.04	7.59	20.89
8402360	damage	bot-924	bravo	bot-913	alpha	five_seven	bullet	20.00	80.00	-8.84	-45.67	-16.09	-10.27	36.14
8403696	damage	bot-913	alpha	bot-924	bravo	five_seven	bullet	20.00	80.00	-15.96	-10.62	-8.94	-45.25	35.33
8404416	damage	bot-913	alpha	bot-924	bravo	five_seven	bullet	20.00	60.00	-15.88	-10.81	-8.98	-45.10	34.97
8404624	damage	bot-913	alpha	bot-924	bravo	five_seven	bullet	20.00	40.00	-15.88	-10.81	-8.77	-45.29	35.21
8407334	damage	bot-917	bravo	bot-913	alpha	five_seven	bullet	20.00	60.00	-6.81	-39.57	-15.64	-10.86	30.04
8410453	damage	bot-917	bravo	bot-913	alpha	five_seven	bullet	20.00	40.00	-6.80	-38.70	-22.07	-4.42	37.52
8410601	damage	bot-917	bravo	bot-913	alpha	five_seven	bullet	20.00	20.00	-6.80	-38.70	-22.45	-4.03	38.03
8417711	damage	bot-925	bravo	bot-926	alpha	m24	bullet	95.00	5.00	-10.02	-30.24	-12.87	44.56	74.86
8420660	damage	bot-917	bravo	bot-910	alpha	five_seven	bullet	20.00	52.13	-9.70	-28.76	-54.10	-22.66	44.82
8420805	damage	bot-917	bravo	bot-910	alpha	five_seven	bullet	20.00	32.13	-9.70	-28.76	-54.34	-23.04	45.01
8421039	damage	bot-917	bravo	bot-910	alpha	five_seven	bullet	20.00	12.13	-9.70	-28.76	-54.68	-23.53	45.29
8421250	kill	bot-917	bravo	bot-910	alpha	five_seven	bullet	20.00	0.00	-9.70	-28.76	-55.03	-24.04	45.58
8422882	damage	bot-917	bravo	bot-913	alpha	five_seven	bullet	20.00	52.23	-9.62	-27.59	-26.85	-0.35	32.23
8429303	damage	bot-926	alpha	bot-921	bravo	m24	bullet	95.00	1.04	-9.39	47.54	-14.07	-20.67	68.37
8429386	damage	bot-917	bravo	bot-928	alpha	five_seven	bullet	20.00	80.00	-12.61	-20.64	-14.53	29.22	49.90
8429546	damage	bot-917	bravo	bot-928	alpha	five_seven	bullet	20.00	60.00	-12.61	-20.64	-14.53	29.22	49.90
8436121	damage	bot-932	alpha	bot-925	bravo	five_seven	bullet	20.00	61.03	-31.45	18.99	-10.27	-26.27	49.97
8436262	damage	bot-932	alpha	bot-925	bravo	five_seven	bullet	20.00	41.03	-31.45	18.99	-10.27	-26.27	49.97
8437279	damage	bot-913	alpha	bot-925	bravo	five_seven	bullet	20.00	21.03	-8.91	1.95	-7.41	-29.19	31.17
8437424	damage	bot-913	alpha	bot-925	bravo	five_seven	bullet	20.00	1.03	-8.91	1.95	-6.87	-29.73	31.75
8438203	kill	bot-913	alpha	bot-925	bravo	five_seven	bullet	20.00	0.00	-8.96	2.09	-5.69	-30.95	33.21
8444336	damage	bot-920	alpha	bot-933	bravo	cz_805_bren	bullet	24.00	76.00	-12.25	15.25	-6.36	-20.43	36.17
8444367	damage	bot-922	alpha	bot-933	bravo	five_seven	bullet	20.00	56.00	-20.91	19.02	-6.36	-20.43	42.05
8444538	damage	bot-920	alpha	bot-933	bravo	cz_805_bren	bullet	24.00	32.00	-12.25	15.25	-6.27	-20.53	36.27
8444538	damage	bot-922	alpha	bot-933	bravo	five_seven	bullet	20.00	12.00	-20.91	19.02	-6.27	-20.53	42.17
8444696	kill	bot-920	alpha	bot-933	bravo	cz_805_bren	bullet	24.00	0.00	-12.25	15.25	-6.21	-20.58	36.34
8454514	damage	bot-913	alpha	bot-929	bravo	five_seven	bullet	20.00	80.00	12.71	7.67	50.81	8.92	38.12
8455103	damage	bot-934	bravo	bot-831	alpha	cz_805_bren	bullet	24.00	48.19	51.38	10.88	41.13	4.44	12.11
8455225	kill	bot-831	alpha	bot-934	bravo	cz_805_bren	bullet	24.00	0.00	41.07	4.38	51.12	11.31	12.20
8475958	damage	bot-913	alpha	bot-927	bravo	five_seven	bullet	20.00	40.78	49.33	11.35	50.50	15.00	3.83
8484515	damage	bot-913	alpha	bot-908	bravo	five_seven	bullet	20.00	80.00	49.21	11.66	53.26	47.16	35.73
8485547	damage	bot-913	alpha	bot-927	bravo	five_seven	bullet	20.00	52.07	50.23	11.09	47.96	15.65	5.09
8485677	damage	bot-927	bravo	bot-913	alpha	cz_805_bren	bullet	24.00	48.27	47.39	16.11	50.23	11.09	5.77
8485718	damage	bot-913	alpha	bot-927	bravo	five_seven	bullet	20.00	32.07	50.23	11.09	47.32	16.17	5.86
8487043	damage	bot-937	bravo	bot-831	alpha	five_seven	bullet	20.00	52.12	49.38	16.16	49.14	11.99	4.18
8487290	damage	bot-937	bravo	bot-913	alpha	five_seven	bullet	20.00	28.27	49.38	16.16	49.54	6.22	9.94
8487440	damage	bot-937	bravo	bot-913	alpha	five_seven	bullet	20.00	8.71	49.38	16.16	49.54	6.22	9.94
8487586	kill	bot-937	bravo	bot-913	alpha	five_seven	bullet	20.00	0.00	49.38	16.16	49.54	6.22	9.94
8490992	damage	bot-937	bravo	bot-831	alpha	five_seven	bullet	20.00	52.36	50.70	14.50	44.39	7.56	9.37
8492384	damage	bot-937	bravo	bot-831	alpha	five_seven	bullet	20.00	32.36	50.36	12.88	40.75	10.70	9.86
8492688	damage	bot-937	bravo	bot-831	alpha	five_seven	bullet	20.00	13.22	50.37	12.89	40.75	10.70	9.86
8492836	kill	bot-937	bravo	bot-831	alpha	five_seven	bullet	20.00	0.00	50.37	12.89	40.75	10.70	9.86
8534354	damage	bot-937	bravo	bot-940	alpha	m24	bullet	95.00	5.00	1.17	28.65	-33.63	-7.53	50.20
8544311	kill	bot-926	alpha	bot-931	bravo	m24	bullet	95.00	0.00	-53.86	-32.50	-8.92	25.76	73.58
8547728	damage	bot-943	alpha	bot-944	bravo	cz_805_bren	bullet	24.00	76.00	61.59	-5.99	36.45	10.81	30.23
8547842	damage	bot-943	alpha	bot-944	bravo	cz_805_bren	bullet	24.00	52.00	61.59	-5.99	36.59	10.34	29.85
8559727	damage	bot-932	alpha	bot-908	bravo	five_seven	bullet	20.00	60.00	-52.60	-21.84	-42.31	13.72	37.02
8559869	damage	bot-932	alpha	bot-908	bravo	five_seven	bullet	20.00	40.00	-52.60	-21.83	-42.40	13.89	37.15
8560011	damage	bot-932	alpha	bot-908	bravo	five_seven	bullet	20.00	20.00	-52.60	-21.81	-42.53	14.16	37.36
8560167	kill	bot-932	alpha	bot-908	bravo	five_seven	bullet	20.00	0.00	-52.60	-21.81	-42.84	14.75	37.84
8562258	damage	bot-937	bravo	bot-915	alpha	m24	bullet	95.00	0.44	-20.99	14.33	-27.24	-19.97	34.87
8566067	damage	bot-943	alpha	bot-944	bravo	cz_805_bren	bullet	24.00	37.69	50.91	1.79	30.00	18.86	27.00
8566304	damage	bot-945	alpha	bot-944	bravo	five_seven	bullet	20.00	17.69	51.92	4.87	29.56	19.05	26.48
8566381	kill	bot-943	alpha	bot-944	bravo	cz_805_bren	bullet	24.00	0.00	50.91	1.79	29.56	19.05	27.46
8568224	damage	bot-943	alpha	bot-941	bravo	cz_805_bren	bullet	24.00	48.17	48.45	3.05	36.46	23.12	23.38
8568344	damage	bot-943	alpha	bot-941	bravo	cz_805_bren	bullet	24.00	24.17	48.45	3.05	36.46	23.12	23.38
8568435	damage	bot-945	alpha	bot-942	bravo	five_seven	bullet	20.00	38.42	50.24	5.27	31.62	11.02	19.49
8568473	damage	bot-943	alpha	bot-941	bravo	cz_805_bren	bullet	24.00	0.17	48.44	3.05	36.07	23.48	23.88
8571562	damage	bot-922	alpha	bot-935	bravo	five_seven	bullet	20.00	47.24	-49.87	-3.56	-29.03	-1.66	20.92
8571781	damage	bot-922	alpha	bot-935	bravo	five_seven	bullet	20.00	27.24	-49.89	-3.57	-28.74	-1.36	21.27
8573370	damage	bot-942	bravo	bot-945	alpha	five_seven	bullet	20.00	34.52	30.72	8.06	60.61	0.27	30.89
8579286	kill	bot-942	bravo	bot-945	alpha	five_seven	bullet	20.00	0.00	33.55	7.22	68.27	-7.40	37.67
8580988	damage	bot-942	bravo	bot-943	alpha	five_seven	bullet	20.00	52.69	33.69	7.47	60.28	-8.72	31.13
8581741	damage	bot-943	alpha	bot-942	bravo	cz_805_bren	bullet	24.00	48.41	60.93	-9.99	33.53	8.59	33.11
8583699	damage	bot-941	bravo	bot-943	alpha	cz_805_bren	bullet	24.00	28.69	32.78	22.50	62.45	-13.78	46.87
8584035	damage	bot-941	bravo	bot-943	alpha	cz_805_bren	bullet	24.00	4.69	32.78	22.53	62.70	-14.60	47.67
8588502	kill	bot-936	bravo	bot-915	alpha	five_seven	bullet	20.00	0.00	-21.27	-7.16	-18.29	-25.43	18.51
8594598	damage	bot-943	alpha	bot-942	bravo	cz_805_bren	bullet	24.00	48.75	62.85	-15.43	31.48	19.26	46.77
8594772	damage	bot-943	alpha	bot-942	bravo	cz_805_bren	bullet	24.00	24.75	62.85	-15.43	31.10	19.24	47.01
8596612	damage	bot-943	alpha	bot-947	bravo	cz_805_bren	bullet	24.00	76.00	62.76	-15.42	36.55	19.18	43.41
8604361	kill	bot-938	alpha	bot-939	bravo	m24	bullet	95.00	0.00	-69.86	-30.59	-28.84	-0.82	50.69
8610825	damage	bot-942	bravo	bot-943	alpha	five_seven	bullet	20.00	33.34	31.40	18.67	69.27	-11.95	48.71
8610969	damage	bot-942	bravo	bot-943	alpha	five_seven	bullet	20.00	13.34	31.40	18.67	69.48	-12.74	49.36
8611311	damage	bot-926	alpha	bot-936	bravo	m1911	bullet	33.00	22.80	-40.19	7.42	-37.74	14.15	7.16
8611596	kill	bot-935	bravo	bot-926	alpha	cz_805_bren	bullet	24.00	0.00	-28.15	8.71	-39.66	8.08	11.53
8611912	kill	bot-930	alpha	bot-936	bravo	cz_805_bren	bullet	24.00	0.00	-46.49	-6.02	-40.12	14.56	21.54
8614623	damage	bot-948	alpha	bot-947	bravo	m1911	bullet	33.00	43.00	52.68	1.37	43.91	9.03	11.64
8616605	damage	bot-947	bravo	bot-949	alpha	cz_805_bren	bullet	24.00	76.00	42.42	11.38	56.44	-11.87	27.15
8618953	damage	bot-947	bravo	bot-949	alpha	cz_805_bren	bullet	24.00	52.00	35.95	21.02	56.44	-11.87	38.75
8620631	damage	bot-930	alpha	bot-937	bravo	cz_805_bren	bullet	24.00	48.06	-41.56	0.84	-35.53	6.59	8.33
8620658	damage	bot-937	bravo	bot-922	alpha	five_seven	bullet	20.00	52.80	-35.46	6.65	-39.59	2.31	5.99
8624389	damage	bot-935	bravo	bot-932	alpha	cz_805_bren	bullet	24.00	48.11	-32.02	10.76	-50.56	-1.08	22.00
8625059	damage	bot-937	bravo	bot-930	alpha	five_seven	bullet	20.00	52.71	-30.00	11.99	-36.43	4.56	9.82
8625100	damage	bot-935	bravo	bot-930	alpha	cz_805_bren	bullet	24.00	28.71	-32.12	11.13	-36.38	4.62	7.78
8625221	damage	bot-935	bravo	bot-930	alpha	cz_805_bren	bullet	24.00	4.71	-32.12	11.13	-36.16	4.83	7.49
8625221	kill	bot-937	bravo	bot-930	alpha	five_seven	bullet	20.00	0.00	-30.00	11.99	-36.16	4.83	9.45
8627419	damage	bot-947	bravo	bot-948	alpha	cz_805_bren	bullet	24.00	76.00	39.76	17.97	43.21	10.38	8.33
8627647	damage	bot-947	bravo	bot-948	alpha	cz_805_bren	bullet	24.00	52.00	39.83	18.07	42.69	9.67	8.87
8627791	damage	bot-948	alpha	bot-947	bravo	m1911	bullet	33.00	39.57	43.39	9.34	40.06	18.42	9.67
8630449	damage	bot-951	alpha	bot-947	bravo	cz_805_bren	bullet	24.00	37.15	45.57	4.51	39.08	22.60	19.22
8630682	damage	bot-951	alpha	bot-947	bravo	cz_805_bren	bullet	24.00	17.33	45.57	4.52	39.08	22.60	19.22
8630799	kill	bot-951	alpha	bot-947	bravo	cz_805_bren	bullet	24.00	0.00	45.58	4.52	39.08	22.60	19.22
8630818	damage	bot-942	bravo	bot-918	alpha	five_seven	bullet	20.00	52.16	7.74	16.19	-32.79	-6.52	46.46
8632211	damage	bot-941	bravo	bot-922	alpha	cz_805_bren	bullet	24.00	48.15	1.79	13.95	-36.55	-7.73	44.05
8632321	damage	bot-941	bravo	bot-922	alpha	cz_805_bren	bullet	24.00	24.15	1.79	13.95	-36.92	-8.17	44.58
8632444	damage	bot-941	bravo	bot-922	alpha	cz_805_bren	bullet	24.00	0.15	1.79	13.95	-37.35	-8.57	45.15
8632693	kill	bot-941	bravo	bot-922	alpha	cz_805_bren	bullet	24.00	0.00	1.79	13.95	-38.03	-9.33	46.12
8632693	damage	bot-950	bravo	bot-943	alpha	five_seven	bullet	20.00	52.82	66.30	48.30	48.97	1.76	49.66
8638369	damage	bot-950	bravo	bot-951	alpha	five_seven	bullet	20.00	80.00	60.10	41.11	29.46	6.86	45.96
8638574	damage	bot-950	bravo	bot-951	alpha	five_seven	bullet	20.00	60.00	60.10	41.11	29.01	6.86	46.26
8639559	damage	bot-950	bravo	bot-948	alpha	five_seven	bullet	20.00	52.05	59.80	41.01	35.19	13.22	37.12
8639722	damage	bot-950	bravo	bot-948	alpha	five_seven	bullet	20.00	32.05	59.80	41.01	35.28	13.06	37.18
8639874	damage	bot-950	bravo	bot-948	alpha	five_seven	bullet	20.00	12.05	59.80	41.01	35.46	12.76	37.29
8640028	kill	bot-950	bravo	bot-948	alpha	five_seven	bullet	20.00	0.00	59.80	41.01	35.73	12.31	37.45
8643870	damage	bot-950	bravo	bot-951	alpha	five_seven	bullet	20.00	52.06	54.54	41.94	29.36	7.62	42.56
8644096	damage	bot-950	bravo	bot-951	alpha	five_seven	bullet	20.00	32.06	54.56	41.95	29.19	7.52	42.76
8644326	damage	bot-950	bravo	bot-951	alpha	five_seven	bullet	20.00	12.06	54.56	41.95	28.99	7.37	43.01
8644888	damage	bot-943	alpha	bot-942	bravo	cz_805_bren	bullet	24.00	12.02	32.53	2.82	-8.10	17.21	43.11
8644988	damage	bot-941	bravo	bot-918	alpha	cz_805_bren	bullet	24.00	48.19	-13.04	18.78	-33.19	-7.53	33.14
8645043	kill	bot-943	alpha	bot-942	bravo	cz_805_bren	bullet	24.00	0.00	32.53	2.82	-8.50	17.50	43.58
8645386	damage	bot-950	bravo	bot-955	alpha	five_seven	bullet	20.00	80.00	54.59	41.96	33.23	5.07	42.63
8645821	damage	bot-950	bravo	bot-953	alpha	five_seven	bullet	20.00	80.00	54.59	41.96	31.23	5.24	43.52
8646168	damage	bot-950	bravo	bot-953	alpha	five_seven	bullet	20.00	60.00	54.59	41.96	30.00	5.25	44.19
8646648	damage	bot-943	alpha	bot-950	bravo	cz_805_bren	bullet	24.00	76.00	30.99	3.83	54.62	41.99	44.88
8646773	damage	bot-943	alpha	bot-950	bravo	cz_805_bren	bullet	24.00	52.00	30.99	3.83	54.62	41.99	44.88
8650817	damage	bot-952	bravo	bot-958	alpha	m24	bullet	95.00	5.00	-31.84	45.33	-28.46	-6.70	52.13
8658205	damage	bot-960	bravo	bot-959	alpha	m1911	bullet	33.00	67.00	-43.92	43.16	-29.85	48.56	15.08
8658823	damage	bot-960	bravo	bot-959	alpha	m1911	bullet	33.00	34.00	-43.92	43.16	-29.60	48.55	15.30
8659213	damage	bot-960	bravo	bot-959	alpha	m1911	bullet	33.00	1.00	-43.92	43.16	-28.78	48.63	16.10
8660554	damage	bot-957	bravo	bot-958	alpha	five_seven	bullet	20.00	21.63	-36.49	38.75	-23.79	-9.54	49.93
8660593	damage	bot-943	alpha	bot-950	bravo	cz_805_bren	bullet	24.00	24.69	33.89	13.56	54.97	42.72	35.98
8660770	damage	bot-943	alpha	bot-950	bravo	cz_805_bren	bullet	24.00	0.69	33.89	13.56	55.14	43.16	36.44
8660770	damage	bot-957	bravo	bot-958	alpha	five_seven	bullet	20.00	4.14	-36.48	38.76	-23.79	-9.54	49.94
8665810	damage	bot-950	bravo	bot-955	alpha	m1911	bullet	33.00	47.00	57.43	48.65	36.65	13.73	40.64
8667229	damage	bot-959	alpha	bot-952	bravo	cz_805_bren	bullet	24.00	76.00	-22.35	48.90	-32.54	44.23	11.21
8667613	damage	bot-959	alpha	bot-952	bravo	cz_805_bren	bullet	24.00	52.00	-22.11	48.90	-32.12	44.07	11.11
8670448	damage	bot-961	alpha	bot-952	bravo	five_seven	bullet	20.00	32.00	-15.74	47.65	-33.34	42.01	18.48
8671629	damage	bot-956	bravo	bot-961	alpha	cz_805_bren	bullet	24.00	27.98	-29.98	35.02	-13.10	48.57	21.66
8671744	damage	bot-956	bravo	bot-961	alpha	cz_805_bren	bullet	24.00	3.98	-29.98	35.02	-12.54	48.73	22.19
8671906	kill	bot-956	bravo	bot-961	alpha	cz_805_bren	bullet	24.00	0.00	-29.98	35.02	-12.21	48.82	22.51
8673483	damage	bot-943	alpha	bot-950	bravo	cz_805_bren	bullet	24.00	27.08	39.71	19.82	57.43	48.65	33.84
8676868	damage	bot-953	alpha	bot-950	bravo	five_seven	bullet	20.00	41.49	35.72	13.49	57.43	48.65	41.32
8677161	damage	bot-953	alpha	bot-950	bravo	five_seven	bullet	20.00	26.53	35.72	13.49	57.43	48.65	41.32
8677332	damage	bot-953	alpha	bot-950	bravo	five_seven	bullet	20.00	9.30	35.72	13.49	57.43	48.65	41.32
8677669	kill	bot-953	alpha	bot-950	bravo	five_seven	bullet	20.00	0.00	35.72	13.49	57.43	48.65	41.32
8686140	damage	bot-960	bravo	bot-938	alpha	m24	bullet	95.00	5.00	-17.73	45.91	6.59	-23.44	73.50
8692594	damage	bot-955	alpha	bot-962	bravo	m24	bullet	95.00	5.00	53.70	36.47	-13.52	27.43	67.82
8692632	kill	bot-938	alpha	bot-960	bravo	m24	bullet	95.00	0.00	7.50	-28.27	-15.96	42.81	74.85
8702713	damage	bot-966	alpha	bot-956	bravo	cz_805_bren	bullet	24.00	73.69	50.73	42.88	4.21	45.51	46.60
8703109	damage	bot-966	alpha	bot-956	bravo	cz_805_bren	bullet	24.00	49.69	50.73	42.88	4.20	45.51	46.60
8703563	damage	bot-966	alpha	bot-956	bravo	cz_805_bren	bullet	24.00	25.69	50.73	42.88	3.76	45.76	47.06
8705128	damage	bot-956	bravo	bot-949	alpha	cz_805_bren	bullet	24.00	48.26	0.75	47.78	48.50	39.11	48.53
8711072	damage	bot-966	alpha	bot-952	bravo	cz_805_bren	bullet	24.00	48.72	44.39	45.58	-2.81	47.08	47.23
8711255	damage	bot-966	alpha	bot-952	bravo	cz_805_bren	bullet	24.00	24.72	44.39	45.58	-3.18	46.89	47.59
8711407	damage	bot-966	alpha	bot-952	bravo	cz_805_bren	bullet	24.00	1.82	44.39	45.58	-3.37	46.79	47.78
8711617	kill	bot-966	alpha	bot-952	bravo	cz_805_bren	bullet	24.00	0.00	44.39	45.59	-3.88	46.48	48.28
8712194	damage	bot-966	alpha	bot-957	bravo	cz_805_bren	bullet	24.00	76.00	44.39	45.59	-4.20	46.53	48.59
8712471	damage	bot-966	alpha	bot-957	bravo	cz_805_bren	bullet	24.00	52.00	44.39	45.59	-4.19	46.53	48.59
8712613	damage	bot-966	alpha	bot-957	bravo	cz_805_bren	bullet	24.00	28.00	44.39	45.59	-4.63	46.24	49.03
8718952	kill	bot-968	bravo	bot-949	alpha	m24	bullet	95.00	0.00	74.04	-10.10	47.58	37.30	54.28
8726702	damage	bot-955	alpha	bot-968	bravo	m24	bullet	95.00	5.00	49.31	27.02	72.77	-8.77	42.79
8733100	damage	bot-969	alpha	bot-956	bravo	five_seven	bullet	20.00	32.31	15.10	26.67	8.55	44.91	19.38
8733943	damage	bot-953	alpha	bot-946	bravo	five_seven	bullet	20.00	12.35	17.70	35.35	7.50	45.31	14.26
8734381	kill	bot-953	alpha	bot-946	bravo	five_seven	bullet	20.00	0.00	17.70	35.35	8.31	45.07	13.52
8735073	damage	bot-969	alpha	bot-954	bravo	five_seven	bullet	20.00	30.32	14.44	28.30	8.34	44.84	17.63
8735261	damage	bot-969	alpha	bot-954	bravo	five_seven	bullet	20.00	10.32	14.44	28.30	8.44	44.30	17.09
8735475	kill	bot-969	alpha	bot-954	bravo	five_seven	bullet	20.00	0.00	14.44	28.30	8.56	43.70	16.49
8741875	damage	bot-938	alpha	bot-957	bravo	m1911	bullet	33.00	39.56	5.29	-17.61	6.31	45.22	62.83
8742244	damage	bot-938	alpha	bot-957	bravo	m1911	bullet	33.00	6.56	5.30	-17.61	6.68	46.59	64.22
8742261	kill	bot-951	alpha	bot-957	bravo	cz_805_bren	bullet	24.00	0.00	23.09	44.71	6.73	46.79	16.49
8744113	damage	bot-938	alpha	bot-970	bravo	m1911	bullet	33.00	67.00	6.02	-17.26	74.51	-9.32	68.94
8744473	damage	bot-938	alpha	bot-970	bravo	m1911	bullet	33.00	34.00	6.03	-17.26	74.52	-9.31	68.95
8748867	damage	bot-972	bravo	bot-955	alpha	cz_805_bren	bullet	24.00	71.37	71.10	-4.63	52.81	22.03	32.33
8750678	damage	bot-972	bravo	bot-955	alpha	cz_805_bren	bullet	24.00	47.37	70.90	-3.91	53.11	21.62	31.12
8758034	damage	bot-938	alpha	bot-972	bravo	m1911	bullet	33.00	67.00	27.24	-15.57	64.98	5.17	43.07
8760275	damage	bot-967	bravo	bot-955	alpha	five_seven	bullet	20.00	52.31	67.30	4.71	49.70	24.59	26.55
8760445	damage	bot-967	bravo	bot-955	alpha	five_seven	bullet	20.00	32.31	67.30	4.71	49.15	24.54	26.88
8765584	kill	bot-973	bravo	bot-938	alpha	five_seven	bullet	20.00	0.00	54.88	-2.81	30.90	-20.43	29.76
8769940	kill	bot-968	bravo	bot-955	alpha	m24	bullet	95.00	0.00	57.15	-13.33	47.05	26.36	40.95
8777019	damage	bot-963	alpha	bot-962	bravo	m24	bullet	95.00	0.16	-28.10	19.57	-94.69	36.92	68.81
8792396	damage	bot-969	alpha	bot-962	bravo	five_seven	bullet	20.00	59.04	-40.75	44.94	-89.13	33.48	49.71
8792583	damage	bot-969	alpha	bot-962	bravo	five_seven	bullet	20.00	39.04	-40.75	44.94	-88.95	33.50	49.54
8792765	damage	bot-969	alpha	bot-962	bravo	five_seven	bullet	20.00	19.04	-40.75	44.94	-88.61	33.49	49.21
8792996	kill	bot-969	alpha	bot-962	bravo	five_seven	bullet	20.00	0.00	-40.75	44.94	-88.10	33.48	48.71
8799446	kill	bot-975	bravo	bot-953	alpha	m24	bullet	95.00	0.00	-13.20	-24.34	-40.10	43.97	73.41
8800515	damage	bot-951	alpha	bot-965	bravo	cz_805_bren	bullet	24.00	76.00	-40.54	43.43	-86.25	32.74	46.94
8800657	damage	bot-965	bravo	bot-951	alpha	cz_805_bren	bullet	24.00	71.11	-86.25	32.74	-40.54	43.43	46.94
8800818	damage	bot-951	alpha	bot-965	bravo	cz_805_bren	bullet	24.00	52.00	-40.54	43.43	-86.25	32.74	46.94
8800963	damage	bot-965	bravo	bot-951	alpha	cz_805_bren	bullet	24.00	47.11	-86.25	32.63	-40.54	43.43	46.96
8801108	damage	bot-968	bravo	bot-976	alpha	m24	bullet	95.00	5.00	35.29	13.27	-39.10	16.35	74.45
8807425	damage	bot-951	alpha	bot-965	bravo	cz_805_bren	bullet	24.00	48.09	-42.86	43.37	-85.60	33.38	43.89
8807536	damage	bot-951	alpha	bot-965	bravo	cz_805_bren	bullet	24.00	24.09	-42.86	43.37	-85.91	33.11	44.26
8807664	damage	bot-951	alpha	bot-965	bravo	cz_805_bren	bullet	24.00	0.09	-42.86	43.37	-86.14	32.75	44.57
8809178	damage	bot-967	bravo	bot-977	alpha	five_seven	bullet	20.00	80.00	5.32	24.78	-41.24	14.58	47.66
8809334	damage	bot-967	bravo	bot-977	alpha	five_seven	bullet	20.00	60.00	5.32	24.78	-41.24	14.58	47.66
8810782	damage	bot-943	alpha	bot-965	bravo	cz_805_bren	bullet	24.00	26.20	-64.69	43.22	-90.33	30.54	28.61
8810912	damage	bot-943	alpha	bot-965	bravo	cz_805_bren	bullet	24.00	4.63	-64.69	43.22	-90.33	30.54	28.61
8811031	kill	bot-943	alpha	bot-965	bravo	cz_805_bren	bullet	24.00	0.00	-64.69	43.22	-90.33	30.54	28.61
8811822	damage	bot-976	alpha	bot-975	bravo	cz_805_bren	bullet	24.00	76.00	-36.96	11.04	-12.91	-21.85	40.75
8812865	damage	bot-967	bravo	bot-971	alpha	five_seven	bullet	20.00	80.00	0.75	22.98	-42.88	16.93	44.05
8813979	damage	bot-967	bravo	bot-976	alpha	five_seven	bullet	20.00	75.50	0.22	22.64	-34.86	8.61	37.78
8814372	damage	bot-977	alpha	bot-978	bravo	five_seven	bullet	20.00	8.85	-45.13	10.61	-24.97	-11.46	29.89
8814481	damage	bot-976	alpha	bot-975	bravo	cz_805_bren	bullet	24.00	52.00	-34.86	8.61	-13.08	-20.22	36.13
8814521	kill	bot-977	alpha	bot-978	bravo	five_seven	bullet	20.00	0.00	-45.14	10.59	-24.97	-11.46	29.89
8815652	damage	bot-967	bravo	bot-977	alpha	five_seven	bullet	20.00	52.36	-0.41	22.31	-44.83	10.48	45.97
8815803	damage	bot-977	alpha	bot-970	bravo	five_seven	bullet	20.00	75.38	-45.02	10.28	2.69	22.91	49.35
8815885	damage	bot-973	bravo	bot-971	alpha	five_seven	bullet	20.00	60.00	6.01	23.45	-42.88	16.93	49.33
8815970	damage	bot-967	bravo	bot-977	alpha	five_seven	bullet	20.00	32.36	-0.41	22.31	-45.47	9.79	46.76
8816027	damage	bot-973	bravo	bot-971	alpha	five_seven	bullet	20.00	40.00	6.01	23.45	-43.03	16.79	49.49
8817247	damage	bot-972	bravo	bot-971	alpha	cz_805_bren	bullet	24.00	16.00	-0.26	23.74	-46.92	12.95	47.90
8817378	kill	bot-972	bravo	bot-971	alpha	cz_805_bren	bullet	24.00	0.00	-0.26	23.74	-47.36	12.52	48.42
8817695	damage	bot-972	bravo	bot-974	alpha	cz_805_bren	bullet	24.00	76.00	-0.26	23.74	-34.73	8.10	37.86
8826038	damage	bot-976	alpha	bot-967	bravo	cz_805_bren	bullet	24.00	48.51	-22.19	16.57	-4.90	24.17	18.88
8832684	damage	bot-973	bravo	bot-976	alpha	five_seven	bullet	20.00	55.50	6.70	28.57	-16.69	14.99	27.05
8835422	damage	bot-973	bravo	bot-977	alpha	five_seven	bullet	20.00	52.40	5.01	27.32	-35.32	16.08	41.86
8839916	damage	bot-980	bravo	bot-974	alpha	cz_805_bren	bullet	24.00	48.54	-2.77	24.64	-30.95	18.16	28.91
8840032	damage	bot-980	bravo	bot-974	alpha	cz_805_bren	bullet	24.00	24.54	-2.77	24.64	-31.06	18.12	29.03
8840158	damage	bot-980	bravo	bot-974	alpha	cz_805_bren	bullet	24.00	0.54	-2.77	24.64	-31.43	17.87	29.45
8840268	kill	bot-980	bravo	bot-974	alpha	cz_805_bren	bullet	24.00	0.00	-2.77	24.64	-31.90	17.40	30.02
8841130	damage	bot-973	bravo	bot-977	alpha	five_seven	bullet	20.00	52.29	-2.16	24.12	-39.55	17.29	38.01
8841291	damage	bot-973	bravo	bot-977	alpha	five_seven	bullet	20.00	32.29	-2.15	24.12	-39.78	17.27	38.24
8841811	damage	bot-973	bravo	bot-964	alpha	five_seven	bullet	20.00	75.15	-2.14	24.11	-35.01	4.04	38.52
8842115	damage	bot-973	bravo	bot-964	alpha	five_seven	bullet	20.00	55.15	-2.14	24.11	-34.76	4.17	38.24
8842295	damage	bot-973	bravo	bot-964	alpha	five_seven	bullet	20.00	35.15	-2.14	24.11	-34.87	4.25	38.29
8843793	damage	bot-980	bravo	bot-964	alpha	cz_805_bren	bullet	24.00	11.15	-7.48	23.13	-38.84	6.60	35.46
8844471	damage	bot-973	bravo	bot-977	alpha	five_seven	bullet	20.00	28.70	-2.35	23.55	-45.33	16.90	43.49
8844595	kill	bot-980	bravo	bot-964	alpha	cz_805_bren	bullet	24.00	0.00	-7.71	23.21	-39.89	7.17	35.96
8844595	damage	bot-982	bravo	bot-977	alpha	five_seven	bullet	20.00	11.53	-6.85	23.05	-45.33	16.90	38.97
8844615	kill	bot-973	bravo	bot-977	alpha	five_seven	bullet	20.00	0.00	-2.35	23.55	-45.33	16.90	43.49
8845102	damage	bot-973	bravo	bot-963	alpha	five_seven	bullet	20.00	80.00	-2.35	23.55	-47.17	16.82	45.32
8845280	damage	bot-973	bravo	bot-963	alpha	five_seven	bullet	20.00	60.00	-2.35	23.55	-47.17	16.82	45.32
8845429	damage	bot-973	bravo	bot-963	alpha	five_seven	bullet	20.00	40.00	-2.35	23.55	-47.38	16.95	45.51
8845429	damage	bot-982	bravo	bot-963	alpha	five_seven	bullet	20.00	20.00	-7.42	22.62	-47.38	16.95	40.36
8845601	kill	bot-982	bravo	bot-963	alpha	five_seven	bullet	20.00	0.00	-7.42	22.62	-47.74	17.20	40.68
8850187	damage	bot-984	alpha	bot-975	bravo	cz_805_bren	bullet	24.00	48.02	-54.11	-29.36	-23.50	-15.95	33.42
8855150	damage	bot-968	bravo	bot-984	alpha	m1911	bullet	33.00	67.00	5.46	12.70	-49.40	-27.21	67.84
8855512	damage	bot-968	bravo	bot-984	alpha	m1911	bullet	33.00	34.00	5.46	12.70	-48.66	-26.88	67.04
8856497	damage	bot-968	bravo	bot-981	alpha	m1911	bullet	33.00	67.00	5.46	12.70	-47.70	-27.93	66.91
8856951	damage	bot-968	bravo	bot-981	alpha	m1911	bullet	33.00	34.00	5.46	12.70	-47.43	-28.31	66.92
8871705	damage	bot-984	alpha	bot-988	bravo	cz_805_bren	bullet	24.00	42.23	-49.64	-26.76	-22.10	-14.72	30.05
8871820	damage	bot-984	alpha	bot-988	bravo	cz_805_bren	bullet	24.00	18.23	-49.64	-26.76	-21.81	-14.44	30.44
8871945	kill	bot-984	alpha	bot-988	bravo	cz_805_bren	bullet	24.00	0.00	-49.64	-26.76	-21.45	-14.08	30.90
8873530	kill	bot-987	alpha	bot-975	bravo	m24	bullet	95.00	0.00	51.18	3.30	-15.57	-19.68	70.60
8884407	damage	bot-990	bravo	bot-981	alpha	five_seven	bullet	20.00	52.17	-20.79	-15.44	-39.99	-13.78	19.26
8884729	damage	bot-990	bravo	bot-981	alpha	five_seven	bullet	20.00	32.17	-20.83	-15.44	-40.18	-13.21	19.48
8884879	damage	bot-990	bravo	bot-981	alpha	five_seven	bullet	20.00	12.17	-20.83	-15.45	-40.36	-12.62	19.73
8884960	kill	bot-980	bravo	bot-981	alpha	cz_805_bren	bullet	24.00	0.00	-53.53	19.22	-40.44	-12.34	34.17
8885920	damage	bot-990	bravo	bot-979	alpha	five_seven	bullet	20.00	80.00	-21.41	-15.37	-36.20	-14.69	14.81
8886345	damage	bot-968	bravo	bot-987	alpha	m1911	bullet	33.00	67.00	-35.75	13.14	37.60	3.44	73.99
8886345	damage	bot-984	alpha	bot-986	bravo	cz_805_bren	bullet	24.00	48.03	-43.77	-14.32	-12.54	-20.68	31.87
8886716	damage	bot-968	bravo	bot-987	alpha	m1911	bullet	33.00	34.00	-35.75	13.14	37.60	3.44	73.99
8888742	damage	bot-990	bravo	bot-979	alpha	five_seven	bullet	20.00	60.00	-21.95	-15.68	-36.23	-14.27	14.34
8888894	damage	bot-990	bravo	bot-979	alpha	five_seven	bullet	20.00	40.00	-21.95	-15.68	-36.32	-14.11	14.45
8889045	damage	bot-990	bravo	bot-979	alpha	five_seven	bullet	20.00	20.00	-21.95	-15.68	-36.48	-13.86	14.64
8889216	kill	bot-990	bravo	bot-979	alpha	five_seven	bullet	20.00	0.00	-21.95	-15.68	-36.82	-13.23	15.07
8891950	damage	bot-990	bravo	bot-984	alpha	five_seven	bullet	20.00	52.66	-22.95	-15.63	-40.38	-14.00	17.51
8892115	damage	bot-990	bravo	bot-984	alpha	five_seven	bullet	20.00	32.66	-22.95	-15.63	-40.34	-13.84	17.49
8892201	damage	bot-987	alpha	bot-993	bravo	m24	bullet	95.00	5.00	37.81	1.00	-14.59	-21.28	56.94
8892373	damage	bot-990	bravo	bot-984	alpha	five_seven	bullet	20.00	12.66	-22.95	-15.63	-40.26	-13.44	17.45
8892769	damage	bot-984	alpha	bot-990	bravo	cz_805_bren	bullet	24.00	76.00	-40.26	-12.61	-22.10	-16.38	18.54
8892895	damage	bot-984	alpha	bot-990	bravo	cz_805_bren	bullet	24.00	52.00	-40.28	-12.48	-22.42	-16.32	18.27
8893018	damage	bot-984	alpha	bot-990	bravo	cz_805_bren	bullet	24.00	28.00	-40.32	-12.28	-22.19	-17.09	18.76
8893374	kill	bot-980	bravo	bot-984	alpha	cz_805_bren	bullet	24.00	0.00	-50.72	11.95	-40.42	-11.73	25.83
8902047	damage	bot-985	alpha	bot-993	bravo	five_seven	bullet	20.00	20.41	-50.68	-37.77	-27.10	-25.56	26.56
8902260	damage	bot-990	bravo	bot-985	alpha	m1911	bullet	33.00	67.00	-26.62	-24.65	-50.68	-37.77	27.40
8902415	damage	bot-943	alpha	bot-986	bravo	cz_805_bren	bullet	24.00	25.49	-48.52	-30.91	-27.20	-23.37	22.62
8902501	damage	bot-951	alpha	bot-986	bravo	cz_805_bren	bullet	24.00	1.49	-53.92	-33.16	-27.36	-23.53	28.25
8902501	damage	bot-992	alpha	bot-990	bravo	five_seven	bullet	20.00	17.83	-54.93	-31.62	-27.05	-25.09	28.64
8902903	kill	bot-987	alpha	bot-986	bravo	m24	bullet	95.00	0.00	21.23	-5.29	-28.57	-24.52	53.38
8903483	kill	bot-951	alpha	bot-993	bravo	cz_805_bren	bullet	24.00	0.00	-53.56	-31.30	-29.40	-25.53	24.84
8905726	damage	bot-968	bravo	bot-989	alpha	m1911	bullet	33.00	67.00	-3.39	9.82	18.09	-8.23	28.05
8906085	damage	bot-968	bravo	bot-989	alpha	m1911	bullet	33.00	34.00	-3.39	9.82	19.10	-9.23	29.47
8906353	kill	bot-994	alpha	bot-982	bravo	m24	bullet	95.00	0.00	-54.50	-36.05	-27.70	20.54	62.62
8906430	damage	bot-968	bravo	bot-989	alpha	m1911	bullet	33.00	1.00	-3.39	9.82	20.14	-10.26	30.93
8908880	damage	bot-980	bravo	bot-994	alpha	cz_805_bren	bullet	24.00	76.00	-35.21	-6.40	-54.50	-35.26	34.71
8909204	damage	bot-980	bravo	bot-994	alpha	cz_805_bren	bullet	24.00	52.00	-35.21	-6.40	-54.82	-35.41	35.02
8909322	damage	bot-980	bravo	bot-994	alpha	cz_805_bren	bullet	24.00	28.00	-35.21	-6.40	-55.07	-35.50	35.23
8909997	damage	bot-985	alpha	bot-980	bravo	five_seven	bullet	20.00	75.41	-44.17	-34.61	-33.51	-4.85	31.61
8910045	damage	bot-951	alpha	bot-980	bravo	cz_805_bren	bullet	24.00	51.41	-44.21	-28.25	-33.44	-4.78	25.83
8910154	damage	bot-985	alpha	bot-980	bravo	five_seven	bullet	20.00	31.41	-44.17	-34.60	-33.08	-4.40	32.18
8910177	damage	bot-951	alpha	bot-980	bravo	cz_805_bren	bullet	24.00	7.41	-44.21	-28.25	-33.08	-4.40	26.32
8910291	kill	bot-951	alpha	bot-980	bravo	cz_805_bren	bullet	24.00	0.00	-44.21	-28.25	-32.76	-4.07	26.76
8916801	damage	bot-996	bravo	bot-985	alpha	cz_805_bren	bullet	24.00	43.00	-26.31	-25.60	-51.62	-38.68	28.49
8917415	damage	bot-996	bravo	bot-985	alpha	cz_805_bren	bullet	24.00	19.00	-26.29	-25.57	-52.64	-40.16	30.12
8918102	kill	bot-996	bravo	bot-985	alpha	cz_805_bren	bullet	24.00	0.00	-26.29	-25.56	-53.32	-40.89	31.07
8923635	damage	bot-968	bravo	bot-951	alpha	m1911	bullet	33.00	39.12	11.02	-2.45	-35.72	-14.23	48.20
8926346	damage	bot-943	alpha	bot-983	bravo	cz_805_bren	bullet	24.00	48.25	-36.81	-14.30	-21.14	27.44	44.58
8926470	damage	bot-943	alpha	bot-983	bravo	cz_805_bren	bullet	24.00	24.25	-36.81	-14.30	-20.96	27.46	44.66
8928497	damage	bot-994	alpha	bot-996	bravo	m24	bullet	95.00	5.00	-52.49	-31.35	-24.40	-17.37	31.38
8928774	kill	bot-992	alpha	bot-996	bravo	five_seven	bullet	20.00	0.00	-47.99	-31.75	-24.19	-17.54	27.71
8932351	damage	bot-1001	alpha	bot-995	bravo	five_seven	bullet	20.00	70.91	-31.60	-13.60	-22.74	-16.46	9.31
8932492	damage	bot-1001	alpha	bot-995	bravo	five_seven	bullet	20.00	50.91	-31.60	-13.60	-22.71	-16.04	9.21
8932613	damage	bot-992	alpha	bot-995	bravo	five_seven	bullet	20.00	30.91	-43.72	-29.14	-22.49	-15.73	25.11
8932651	damage	bot-1001	alpha	bot-995	bravo	five_seven	bullet	20.00	10.91	-31.59	-13.59	-22.36	-15.52	9.44
8932775	kill	bot-992	alpha	bot-995	bravo	five_seven	bullet	20.00	0.00	-43.72	-29.14	-22.13	-15.19	25.71
8933147	damage	bot-943	alpha	bot-968	bravo	cz_805_bren	bullet	24.00	71.18	-33.86	-8.02	9.95	-11.03	43.91
8935160	damage	bot-1001	alpha	bot-1000	bravo	five_seven	bullet	20.00	80.00	-29.72	-15.82	-22.83	-17.55	7.10
8935311	damage	bot-1001	alpha	bot-1000	bravo	five_seven	bullet	20.00	60.00	-29.72	-15.83	-22.83	-17.56	7.11
8936868	damage	bot-1000	bravo	bot-999	alpha	m1911	bullet	33.00	67.00	-18.21	-22.41	-30.87	-9.55	18.05
8937128	damage	bot-999	alpha	bot-1000	bravo	cz_805_bren	bullet	24.00	36.00	-30.82	-9.56	-18.22	-22.41	18.00
8937263	damage	bot-999	alpha	bot-1000	bravo	cz_805_bren	bullet	24.00	12.00	-30.82	-9.56	-18.22	-22.41	18.00
8937382	kill	bot-999	alpha	bot-1000	bravo	cz_805_bren	bullet	24.00	0.00	-30.82	-9.56	-18.22	-22.41	18.00
8937459	kill	bot-983	bravo	bot-999	alpha	m24	bullet	95.00	0.00	-14.71	27.61	-30.77	-9.58	40.51
8939694	damage	bot-968	bravo	bot-943	alpha	m1911	bullet	33.00	62.54	5.48	-11.20	-30.57	-8.93	36.12
8940039	damage	bot-968	bravo	bot-943	alpha	m1911	bullet	33.00	29.54	5.48	-11.20	-29.60	-8.94	35.14
8940411	kill	bot-968	bravo	bot-943	alpha	m1911	bullet	33.00	0.00	5.48	-11.20	-31.47	-8.77	37.02
8945042	damage	bot-951	alpha	bot-1002	bravo	cz_805_bren	bullet	24.00	76.00	-27.68	-21.41	2.70	-10.17	32.40
8945176	damage	bot-951	alpha	bot-1002	bravo	cz_805_bren	bullet	24.00	52.00	-27.68	-21.41	2.33	-9.81	32.17
8945474	damage	bot-1001	alpha	bot-968	bravo	five_seven	bullet	20.00	51.18	-26.55	-25.89	2.56	-15.99	30.75
8945628	damage	bot-1001	alpha	bot-968	bravo	five_seven	bullet	20.00	31.18	-26.55	-25.89	2.02	-16.31	30.13
8945784	damage	bot-1001	alpha	bot-968	bravo	five_seven	bullet	20.00	11.18	-26.55	-25.89	1.48	-16.64	29.51
8945931	kill	bot-1001	alpha	bot-968	bravo	five_seven	bullet	20.00	0.00	-26.54	-25.88	1.10	-17.05	29.01
8956694	damage	bot-992	alpha	bot-1002	bravo	five_seven	bullet	20.00	52.27	-27.84	-13.22	-3.59	1.60	28.42
8956851	damage	bot-992	alpha	bot-1002	bravo	five_seven	bullet	20.00	32.27	-27.84	-13.22	-2.93	1.01	28.68
8957660	damage	bot-951	alpha	bot-983	bravo	cz_805_bren	bullet	24.00	48.80	-16.59	-13.85	-20.35	20.52	34.58
8958187	kill	bot-994	alpha	bot-983	bravo	m24	bullet	95.00	0.00	-26.52	-18.20	-22.81	20.54	38.92
8961567	damage	bot-1007	alpha	bot-1006	bravo	cz_805_bren	bullet	24.00	76.00	19.03	-8.11	-1.57	2.73	23.28
8961678	damage	bot-1007	alpha	bot-1006	bravo	cz_805_bren	bullet	24.00	52.00	19.03	-8.11	-1.26	3.06	23.15
8961804	damage	bot-1007	alpha	bot-1006	bravo	cz_805_bren	bullet	24.00	28.00	19.03	-8.11	-1.64	3.41	23.66
8961932	damage	bot-1007	alpha	bot-1006	bravo	cz_805_bren	bullet	24.00	4.00	19.03	-8.11	-2.02	3.76	24.16
8962066	kill	bot-1007	alpha	bot-1006	bravo	cz_805_bren	bullet	24.00	0.00	19.03	-8.11	-2.43	4.13	24.70
8962435	damage	bot-1007	alpha	bot-1002	bravo	cz_805_bren	bullet	24.00	64.91	19.03	-8.11	3.57	1.95	18.45
8962689	damage	bot-1007	alpha	bot-1002	bravo	cz_805_bren	bullet	24.00	40.91	19.03	-8.11	4.13	2.52	18.30
8962837	damage	bot-1007	alpha	bot-1002	bravo	cz_805_bren	bullet	24.00	16.91	19.03	-8.11	4.56	2.97	18.22
8966760	damage	bot-1004	bravo	bot-1007	alpha	cz_805_bren	bullet	24.00	76.00	-15.84	-0.40	12.67	-4.90	28.86
8966889	damage	bot-1004	bravo	bot-1007	alpha	cz_805_bren	bullet	24.00	52.00	-15.84	-0.40	12.18	-4.70	28.34
8967013	damage	bot-1004	bravo	bot-1007	alpha	cz_805_bren	bullet	24.00	28.00	-15.83	-0.39	12.24	-5.40	28.52
8970549	damage	bot-1004	bravo	bot-951	alpha	cz_805_bren	bullet	24.00	43.78	-13.33	-0.24	-12.96	-15.33	15.09
8972624	damage	bot-1004	bravo	bot-987	alpha	cz_805_bren	bullet	24.00	48.10	-13.30	-1.05	27.21	-18.35	44.05
8979529	damage	bot-1001	alpha	bot-1004	bravo	five_seven	bullet	20.00	35.45	-27.85	-9.13	-6.67	5.29	25.63
8981380	damage	bot-1001	alpha	bot-1004	bravo	five_seven	bullet	20.00	15.45	-27.88	-9.36	-3.70	8.20	29.88
8981528	kill	bot-1001	alpha	bot-1004	bravo	five_seven	bullet	20.00	0.00	-27.88	-9.36	-3.31	8.57	30.41
9851136	damage	bot-998	bravo	bot-997	alpha	five_seven	bullet	20.00	80.00	69.70	-1.03	46.11	-32.61	39.41
9851287	damage	bot-1011	bravo	bot-1005	alpha	five_seven	bullet	20.00	74.91	87.00	-5.40	68.97	-43.78	42.41
9855157	damage	bot-1015	bravo	bot-1005	alpha	five_seven	bullet	20.00	54.91	80.73	-48.15	69.22	-43.61	12.37
9855337	damage	bot-1015	bravo	bot-1005	alpha	five_seven	bullet	20.00	34.91	80.74	-48.15	69.07	-43.55	12.54
9855531	damage	bot-1015	bravo	bot-1005	alpha	five_seven	bullet	20.00	14.91	80.74	-48.15	68.53	-43.35	13.11
9855673	kill	bot-1015	bravo	bot-1005	alpha	five_seven	bullet	20.00	0.00	80.74	-48.15	67.86	-43.11	13.83
9856441	damage	bot-1015	bravo	bot-987	alpha	five_seven	bullet	20.00	50.69	80.55	-48.15	42.36	-37.04	39.77
9856620	damage	bot-1015	bravo	bot-987	alpha	five_seven	bullet	20.00	30.69	80.55	-48.15	42.17	-36.86	40.00
9856954	damage	bot-1015	bravo	bot-987	alpha	five_seven	bullet	20.00	10.69	80.55	-48.15	41.05	-35.71	41.40
9857117	kill	bot-1015	bravo	bot-987	alpha	five_seven	bullet	20.00	0.00	80.58	-48.16	40.55	-35.20	42.08
9865685	damage	bot-1015	bravo	bot-997	alpha	five_seven	bullet	20.00	60.00	75.76	-47.62	49.01	-29.78	32.15
9865877	damage	bot-1015	bravo	bot-997	alpha	five_seven	bullet	20.00	40.00	75.76	-47.62	48.83	-30.00	32.18
9866064	damage	bot-1015	bravo	bot-997	alpha	five_seven	bullet	20.00	20.00	75.76	-47.61	48.58	-30.27	32.24
9866384	kill	bot-1015	bravo	bot-997	alpha	five_seven	bullet	20.00	0.00	75.76	-47.60	48.25	-30.58	32.34
9868297	damage	bot-1015	bravo	bot-1007	alpha	five_seven	bullet	20.00	18.31	75.45	-47.64	46.89	-32.83	32.16
9868464	kill	bot-1015	bravo	bot-1007	alpha	five_seven	bullet	20.00	0.00	75.45	-47.64	46.47	-33.22	32.37
9883161	damage	bot-1001	alpha	bot-1015	bravo	five_seven	bullet	20.00	80.00	-1.46	-47.42	45.65	-48.27	47.12
9883311	damage	bot-1001	alpha	bot-1015	bravo	five_seven	bullet	20.00	60.00	-1.46	-47.42	45.03	-48.19	46.50
9883460	damage	bot-1001	alpha	bot-1015	bravo	five_seven	bullet	20.00	40.00	-1.46	-47.42	44.43	-47.67	45.89
9896187	damage	bot-1015	bravo	bot-1001	alpha	five_seven	bullet	20.00	77.73	24.27	-44.73	16.60	-48.33	8.47
9897751	damage	bot-1001	alpha	bot-1015	bravo	five_seven	bullet	20.00	52.26	16.08	-47.25	22.75	-45.23	6.96
9899046	damage	bot-1003	alpha	bot-1015	bravo	five_seven	bullet	20.00	32.26	13.82	-43.34	25.42	-42.66	11.62
9899355	damage	bot-1003	alpha	bot-1015	bravo	five_seven	bullet	20.00	12.26	13.82	-43.34	26.56	-41.55	12.87
9900972	damage	bot-1001	alpha	bot-1015	bravo	five_seven	bullet	20.00	6.17	16.53	-47.44	27.34	-40.41	12.90
9901120	kill	bot-1001	alpha	bot-1015	bravo	five_seven	bullet	20.00	0.00	16.52	-47.45	27.34	-40.41	12.91
9911672	damage	bot-1003	alpha	bot-1012	bravo	m24	bullet	95.00	5.00	17.22	-42.66	86.62	-36.72	69.65
9915084	damage	bot-1012	bravo	bot-951	alpha	m24	bullet	95.00	0.58	90.28	-33.80	18.68	-46.37	72.70
9915717	kill	bot-1003	alpha	bot-1014	bravo	m24	bullet	95.00	0.00	17.22	-42.66	90.12	-37.70	73.07
9916307	damage	bot-1011	bravo	bot-1001	alpha	five_seven	bullet	20.00	57.73	89.66	-34.55	42.38	-41.83	47.84
9921129	damage	bot-1012	bravo	bot-1003	alpha	m24	bullet	95.00	5.00	90.28	-33.80	17.19	-42.99	73.67
9927277	damage	bot-998	bravo	bot-1001	alpha	five_seven	bullet	20.00	43.92	68.92	-33.83	49.55	-46.91	23.37
9931036	damage	bot-1010	bravo	bot-994	alpha	cz_805_bren	bullet	24.00	44.48	68.02	-44.49	36.79	-40.54	31.48
9937198	damage	bot-1011	bravo	bot-992	alpha	five_seven	bullet	20.00	52.57	66.25	-39.36	39.13	-42.77	27.34
9937831	damage	bot-951	alpha	bot-1010	bravo	cz_805_bren	bullet	24.00	51.46	39.49	-45.54	64.30	-45.03	24.82
9937943	damage	bot-951	alpha	bot-1010	bravo	cz_805_bren	bullet	24.00	27.46	39.49	-45.54	64.88	-45.18	25.39
9938182	damage	bot-951	alpha	bot-1010	bravo	cz_805_bren	bullet	24.00	3.46	39.49	-45.54	65.89	-45.11	26.40
9942074	damage	bot-998	bravo	bot-951	alpha	five_seven	bullet	20.00	69.18	51.89	-37.29	37.59	-41.70	14.96
9942578	damage	bot-998	bravo	bot-951	alpha	five_seven	bullet	20.00	49.18	51.92	-37.33	36.47	-40.24	15.72
9942740	damage	bot-998	bravo	bot-951	alpha	five_seven	bullet	20.00	29.18	51.92	-37.33	35.76	-39.83	16.35
9943563	damage	bot-998	bravo	bot-1018	alpha	five_seven	bullet	20.00	72.94	51.53	-37.51	38.43	-42.48	14.01
9943732	damage	bot-998	bravo	bot-1018	alpha	five_seven	bullet	20.00	52.94	51.53	-37.51	38.00	-41.97	14.25
9943951	damage	bot-998	bravo	bot-1018	alpha	five_seven	bullet	20.00	32.94	51.53	-37.51	37.69	-41.66	14.45
9944205	damage	bot-998	bravo	bot-1018	alpha	five_seven	bullet	20.00	12.94	51.53	-37.51	37.35	-41.34	14.69
9944482	kill	bot-998	bravo	bot-1018	alpha	five_seven	bullet	20.00	0.00	51.53	-37.51	37.00	-41.00	14.95
9951538	damage	bot-992	alpha	bot-998	bravo	m1911	bullet	33.00	38.69	12.56	-42.17	50.35	-33.12	38.86
9958042	damage	bot-1025	bravo	bot-1024	alpha	cz_805_bren	bullet	24.00	76.00	-63.84	15.70	-42.42	10.09	22.14
9958242	damage	bot-951	alpha	bot-1013	bravo	cz_805_bren	bullet	24.00	48.61	23.66	-37.69	67.48	-44.43	44.33
9958295	damage	bot-1025	bravo	bot-1024	alpha	cz_805_bren	bullet	24.00	52.00	-63.84	15.70	-42.87	9.56	21.85
9958373	damage	bot-951	alpha	bot-1013	bravo	cz_805_bren	bullet	24.00	24.61	23.66	-37.69	67.70	-44.31	44.53
9958537	damage	bot-951	alpha	bot-1013	bravo	cz_805_bren	bullet	24.00	0.61	23.66	-37.69	67.81	-44.25	44.63
9958662	kill	bot-951	alpha	bot-1013	bravo	cz_805_bren	bullet	24.00	0.00	23.66	-37.69	68.42	-43.93	45.19
9958707	damage	bot-1025	bravo	bot-1024	alpha	cz_805_bren	bullet	24.00	28.00	-63.84	15.70	-43.55	8.80	21.43
9959199	damage	bot-1003	alpha	bot-1011	bravo	five_seven	bullet	20.00	70.14	12.73	-43.93	67.23	-39.40	54.69
9959370	damage	bot-1003	alpha	bot-1011	bravo	five_seven	bullet	20.00	50.14	12.73	-43.93	67.24	-39.17	54.72
9960640	damage	bot-1003	alpha	bot-1008	bravo	five_seven	bullet	20.00	52.25	12.73	-43.93	65.56	-42.42	52.86
9962179	damage	bot-1003	alpha	bot-1008	bravo	five_seven	bullet	20.00	32.25	12.75	-43.95	68.20	-43.07	55.45
9965142	damage	bot-1026	alpha	bot-1025	bravo	cz_805_bren	bullet	24.00	12.25	-37.53	3.35	-59.57	17.57	26.23
9965282	kill	bot-1026	alpha	bot-1025	bravo	cz_805_bren	bullet	24.00	0.00	-37.53	3.35	-59.76	18.20	26.73
9965928	damage	bot-1003	alpha	bot-1011	bravo	five_seven	bullet	20.00	52.11	16.10	-43.37	69.82	-40.06	53.82
9966085	damage	bot-1003	alpha	bot-1011	bravo	five_seven	bullet	20.00	32.11	16.09	-43.38	70.65	-40.27	54.64
9966846	damage	bot-1027	bravo	bot-1024	alpha	five_seven	bullet	20.00	52.34	-54.42	20.40	-48.30	0.98	20.36
9966995	damage	bot-1027	bravo	bot-1024	alpha	five_seven	bullet	20.00	32.34	-54.42	20.40	-48.33	0.82	20.51
9967143	damage	bot-1027	bravo	bot-1024	alpha	five_seven	bullet	20.00	12.34	-54.42	20.40	-48.38	0.49	20.80
9967294	kill	bot-1027	bravo	bot-1024	alpha	five_seven	bullet	20.00	0.00	-54.42	20.40	-48.48	-0.07	21.31
9967726	damage	bot-1003	alpha	bot-1008	bravo	five_seven	bullet	20.00	52.46	16.03	-43.82	68.76	-42.92	52.73
9967881	damage	bot-1003	alpha	bot-1008	bravo	five_seven	bullet	20.00	32.46	16.03	-43.81	69.64	-43.07	53.62
9968655	damage	bot-1003	alpha	bot-1008	bravo	five_seven	bullet	20.00	12.46	16.29	-43.78	72.07	-40.65	55.87
9970133	damage	bot-992	alpha	bot-1020	bravo	five_seven	bullet	20.00	61.35	0.84	-44.67	-17.66	-45.10	18.50
9970274	damage	bot-992	alpha	bot-1020	bravo	five_seven	bullet	20.00	41.35	0.84	-44.67	-17.39	-45.36	18.25
9970418	damage	bot-992	alpha	bot-1020	bravo	five_seven	bullet	20.00	21.35	0.84	-44.67	-17.13	-45.59	17.99
9970569	damage	bot-992	alpha	bot-1020	bravo	five_seven	bullet	20.00	1.35	0.84	-44.67	-16.83	-45.84	17.71
9970718	kill	bot-992	alpha	bot-1020	bravo	five_seven	bullet	20.00	0.00	0.84	-44.67	-16.47	-46.14	17.38
9971559	damage	bot-1026	alpha	bot-1021	bravo	cz_805_bren	bullet	24.00	25.54	-40.35	-8.46	-38.76	-37.75	29.34
9971955	damage	bot-1026	alpha	bot-1021	bravo	cz_805_bren	bullet	24.00	1.54	-40.35	-8.39	-39.77	-36.80	28.42
9972072	kill	bot-1026	alpha	bot-1021	bravo	cz_805_bren	bullet	24.00	0.00	-40.35	-8.38	-40.06	-36.54	28.15
9972551	damage	bot-1027	bravo	bot-1026	alpha	five_seven	bullet	20.00	76.45	-48.65	21.60	-39.63	-8.50	31.42
9974792	damage	bot-1027	bravo	bot-1029	alpha	five_seven	bullet	20.00	80.00	-47.61	19.88	-27.50	-2.12	29.81
9975124	damage	bot-1027	bravo	bot-1029	alpha	five_seven	bullet	20.00	60.00	-47.61	19.88	-27.50	-2.12	29.81
9975277	damage	bot-1027	bravo	bot-1029	alpha	five_seven	bullet	20.00	40.00	-47.61	19.88	-27.31	-1.94	29.81
9975336	damage	bot-1029	alpha	bot-1028	bravo	five_seven	bullet	20.00	80.00	-27.25	-1.88	-46.36	20.03	29.08
9975441	damage	bot-1027	bravo	bot-1029	alpha	five_seven	bullet	20.00	20.00	-47.61	19.88	-26.93	-1.60	29.82
9975517	damage	bot-1026	alpha	bot-1028	bravo	cz_805_bren	bullet	24.00	56.00	-38.81	-5.16	-46.60	20.66	26.97
9975649	damage	bot-1026	alpha	bot-1028	bravo	cz_805_bren	bullet	24.00	33.04	-38.82	-5.16	-46.90	21.23	27.61
9975870	damage	bot-1026	alpha	bot-1028	bravo	cz_805_bren	bullet	24.00	9.04	-38.82	-5.16	-47.74	22.06	28.65
9981374	damage	bot-1003	alpha	bot-1012	bravo	five_seven	bullet	20.00	75.49	42.30	-41.17	68.50	-36.63	26.59
9981521	damage	bot-1003	alpha	bot-1012	bravo	five_seven	bullet	20.00	55.49	42.30	-41.17	68.50	-36.62	26.59
9982349	damage	bot-1027	bravo	bot-1022	alpha	five_seven	bullet	20.00	52.23	-49.79	23.65	-36.06	6.84	21.71
9982491	damage	bot-1003	alpha	bot-1010	bravo	five_seven	bullet	20.00	75.23	42.64	-41.17	72.84	-42.96	30.25
9982491	damage	bot-1027	bravo	bot-1022	alpha	five_seven	bullet	20.00	32.23	-49.79	23.65	-36.25	6.66	21.73
9984173	damage	bot-1003	alpha	bot-1010	bravo	five_seven	bullet	20.00	55.23	43.26	-41.17	72.18	-42.96	28.97
9984324	damage	bot-1003	alpha	bot-1010	bravo	five_seven	bullet	20.00	35.23	43.26	-41.17	72.64	-42.50	29.41
9985160	damage	bot-1027	bravo	bot-1031	alpha	five_seven	bullet	20.00	80.00	-46.68	21.70	-44.41	5.98	15.88
9990675	damage	bot-1027	bravo	bot-1026	alpha	five_seven	bullet	20.00	40.10	-44.79	17.64	-41.52	1.16	16.80
9990850	damage	bot-1027	bravo	bot-1026	alpha	five_seven	bullet	20.00	20.10	-44.79	17.64	-41.50	0.54	17.41
9990990	damage	bot-1027	bravo	bot-1026	alpha	five_seven	bullet	20.00	0.10	-44.79	17.64	-41.61	0.10	17.83
9991099	damage	bot-1031	alpha	bot-1028	bravo	five_seven	bullet	20.00	75.05	-50.60	9.94	-50.85	21.91	11.98
9991205	damage	bot-1003	alpha	bot-1012	bravo	five_seven	bullet	20.00	52.17	55.93	-38.59	69.07	-37.56	13.18
9991291	damage	bot-1031	alpha	bot-1028	bravo	five_seven	bullet	20.00	55.05	-50.60	9.94	-50.84	21.93	11.99
9991348	damage	bot-1003	alpha	bot-1012	bravo	five_seven	bullet	20.00	32.17	55.94	-38.59	69.35	-37.29	13.47
9991570	damage	bot-1010	bravo	bot-994	alpha	cz_805_bren	bullet	24.00	42.31	73.58	-39.73	69.15	-45.17	7.01
9992071	damage	bot-1031	alpha	bot-1027	bravo	five_seven	bullet	20.00	52.02	-50.68	10.11	-47.00	20.37	10.90
9992198	damage	bot-1027	bravo	bot-1031	alpha	five_seven	bullet	20.00	60.00	-47.24	20.84	-50.68	10.10	11.28
9992220	damage	bot-1031	alpha	bot-1027	bravo	five_seven	bullet	20.00	32.02	-50.71	10.07	-47.35	21.06	11.49
9995144	damage	bot-1011	bravo	bot-951	alpha	five_seven	bullet	20.00	75.08	69.75	-33.09	66.30	-46.11	13.46
9995233	damage	bot-1003	alpha	bot-1008	bravo	five_seven	bullet	20.00	8.03	61.39	-36.87	68.70	-33.47	8.06
9995343	damage	bot-1011	bravo	bot-951	alpha	five_seven	bullet	20.00	55.08	69.75	-33.09	66.47	-46.31	13.62
9995395	kill	bot-1003	alpha	bot-1008	bravo	five_seven	bullet	20.00	0.00	61.39	-36.87	69.25	-33.48	8.56
9997655	damage	bot-1003	alpha	bot-1012	bravo	five_seven	bullet	20.00	52.33	62.26	-35.54	68.81	-33.75	6.79
9997791	damage	bot-1012	bravo	bot-1003	alpha	m1911	bullet	33.00	56.59	69.57	-33.84	62.26	-35.54	7.51
9997821	damage	bot-1003	alpha	bot-1012	bravo	five_seven	bullet	20.00	32.33	62.26	-35.54	69.68	-33.82	7.61
9998049	damage	bot-1029	alpha	bot-1030	bravo	five_seven	bullet	20.00	80.00	-35.47	9.95	-39.29	18.11	9.01
9998427	damage	bot-951	alpha	bot-1010	bravo	cz_805_bren	bullet	24.00	48.13	67.50	-46.13	68.04	-31.91	14.23
9998555	damage	bot-951	alpha	bot-1010	bravo	cz_805_bren	bullet	24.00	24.13	67.50	-46.13	68.24	-32.44	13.71
9998668	damage	bot-951	alpha	bot-1010	bravo	cz_805_bren	bullet	24.00	0.13	67.50	-46.13	68.68	-32.96	13.22
9999414	damage	bot-1032	bravo	bot-1029	alpha	cz_805_bren	bullet	24.00	48.32	-46.38	22.98	-34.10	9.62	18.14
9999770	damage	bot-1027	bravo	bot-1029	alpha	five_seven	bullet	20.00	28.32	-47.48	19.28	-32.79	8.66	18.12
10000741	damage	bot-951	alpha	bot-1011	bravo	cz_805_bren	bullet	24.00	31.18	67.38	-44.64	68.71	-32.60	12.12
10000897	damage	bot-951	alpha	bot-1011	bravo	cz_805_bren	bullet	24.00	7.18	67.38	-44.64	68.41	-32.67	12.02
10001078	kill	bot-951	alpha	bot-1011	bravo	cz_805_bren	bullet	24.00	0.00	67.38	-44.64	68.47	-32.84	11.85
10002099	kill	bot-951	alpha	bot-1010	bravo	cz_805_bren	bullet	24.00	0.00	67.32	-43.85	71.18	-28.03	16.28
10004429	damage	bot-1029	alpha	bot-1030	bravo	five_seven	bullet	20.00	60.00	-28.93	5.81	-35.84	21.25	16.91
10004591	damage	bot-1029	alpha	bot-1030	bravo	five_seven	bullet	20.00	40.00	-28.93	5.81	-35.64	21.45	17.01
10006904	damage	bot-1012	bravo	bot-994	alpha	m1911	bullet	33.00	39.27	70.75	-29.59	69.23	-48.40	18.87
10007244	damage	bot-1012	bravo	bot-994	alpha	m1911	bullet	33.00	6.27	70.75	-29.59	68.74	-48.55	19.07
10012426	damage	bot-1026	alpha	bot-1027	bravo	cz_805_bren	bullet	24.00	45.38	-44.35	-1.04	-49.22	17.71	19.37
10013113	damage	bot-1029	alpha	bot-1027	bravo	five_seven	bullet	20.00	25.38	-33.85	10.56	-48.42	16.95	15.92
10013378	damage	bot-1029	alpha	bot-1027	bravo	five_seven	bullet	20.00	5.38	-33.85	10.58	-48.16	16.69	15.56
10013641	kill	bot-1029	alpha	bot-1027	bravo	five_seven	bullet	20.00	0.00	-33.85	10.59	-47.89	16.41	15.20
10033421	damage	bot-1017	alpha	bot-1012	bravo	five_seven	bullet	20.00	52.27	61.32	-26.80	70.44	-23.66	9.64
10033566	damage	bot-1017	alpha	bot-1012	bravo	five_seven	bullet	20.00	32.27	61.32	-26.80	70.71	-23.02	10.12
10033889	damage	bot-1012	bravo	bot-951	alpha	m1911	bullet	33.00	39.03	71.30	-21.57	70.63	-27.89	6.35
10034108	damage	bot-951	alpha	bot-1012	bravo	cz_805_bren	bullet	24.00	8.27	69.77	-27.78	71.34	-21.66	6.32
10036991	damage	bot-1032	bravo	bot-1035	alpha	cz_805_bren	bullet	24.00	3.13	-57.37	27.39	-48.41	14.27	15.89
10038291	kill	bot-1033	bravo	bot-1035	alpha	five_seven	bullet	20.00	0.00	-30.79	-9.55	-50.82	16.72	33.03
10040840	damage	bot-1033	bravo	bot-1029	alpha	five_seven	bullet	20.00	4.65	-33.06	-8.05	-50.60	14.08	28.24
10041040	kill	bot-1033	bravo	bot-1029	alpha	five_seven	bullet	20.00	0.00	-33.06	-8.05	-50.79	14.61	28.77
10042176	damage	bot-1037	bravo	bot-1026	alpha	cz_805_bren	bullet	24.00	62.42	-34.50	-11.45	-56.50	11.93	32.10
10042671	damage	bot-1033	bravo	bot-1026	alpha	five_seven	bullet	20.00	42.42	-33.66	-6.96	-56.38	11.61	29.34
10042849	damage	bot-1033	bravo	bot-1026	alpha	five_seven	bullet	20.00	22.42	-33.66	-6.96	-56.91	12.24	30.15
10043539	damage	bot-1033	bravo	bot-1026	alpha	five_seven	bullet	20.00	2.42	-33.77	-6.79	-59.01	14.49	33.01
10043640	kill	bot-1034	bravo	bot-1026	alpha	m24	bullet	95.00	0.00	-30.77	-9.26	-59.32	14.79	37.33
10047771	damage	bot-1012	bravo	bot-992	alpha	m1911	bullet	33.00	39.90	70.77	-25.07	70.52	-30.47	5.40
10048100	damage	bot-992	alpha	bot-1012	bravo	five_seven	bullet	20.00	52.21	71.19	-32.01	69.97	-24.76	7.35
10048176	damage	bot-1012	bravo	bot-992	alpha	m1911	bullet	33.00	6.90	69.88	-24.75	71.38	-32.37	7.77
10048311	damage	bot-1017	alpha	bot-1012	bravo	five_seven	bullet	20.00	32.21	64.94	-24.97	69.05	-24.63	4.13
10048452	damage	bot-1017	alpha	bot-1012	bravo	five_seven	bullet	20.00	12.21	64.94	-24.97	68.36	-24.53	3.45
10048844	kill	bot-1003	alpha	bot-1012	bravo	five_seven	bullet	20.00	0.00	61.33	-27.43	66.61	-24.72	5.93
10057740	damage	bot-1032	bravo	bot-1038	alpha	cz_805_bren	bullet	24.00	76.00	-53.07	14.66	-88.39	42.10	44.73
10057894	damage	bot-1032	bravo	bot-1038	alpha	cz_805_bren	bullet	24.00	52.00	-53.07	14.66	-88.16	41.88	44.41
10058007	damage	bot-1032	bravo	bot-1038	alpha	cz_805_bren	bullet	24.00	28.00	-53.07	14.66	-88.62	41.34	44.45
10058126	damage	bot-1032	bravo	bot-1038	alpha	cz_805_bren	bullet	24.00	4.00	-53.07	14.66	-89.04	40.85	44.50
10065121	damage	bot-951	alpha	bot-1041	bravo	cz_805_bren	bullet	24.00	76.00	67.09	-24.44	38.72	-40.03	32.37
10066699	damage	bot-1032	bravo	bot-1042	alpha	cz_805_bren	bullet	24.00	76.00	-63.34	20.67	-61.93	39.19	18.57
10066840	damage	bot-1032	bravo	bot-1042	alpha	cz_805_bren	bullet	24.00	52.00	-63.34	20.67	-61.98	38.92	18.29
10067424	damage	bot-951	alpha	bot-1041	bravo	cz_805_bren	bullet	24.00	52.00	65.70	-24.60	39.34	-39.34	30.20
10067668	damage	bot-951	alpha	bot-1041	bravo	cz_805_bren	bullet	24.00	28.00	65.70	-24.60	38.32	-39.94	31.38
10067807	damage	bot-951	alpha	bot-1041	bravo	cz_805_bren	bullet	24.00	4.00	65.70	-24.60	37.73	-40.02	31.94
10067844	kill	bot-1003	alpha	bot-1041	bravo	five_seven	bullet	20.00	0.00	67.83	-24.16	37.51	-40.03	34.23
10068425	damage	bot-1039	bravo	bot-1042	alpha	five_seven	bullet	20.00	32.00	-58.69	22.84	-56.76	39.19	16.46
10068524	damage	bot-1037	bravo	bot-1042	alpha	cz_805_bren	bullet	24.00	8.00	-61.10	18.60	-56.54	39.40	21.30
10068624	kill	bot-1039	bravo	bot-1042	alpha	five_seven	bullet	20.00	0.00	-58.69	22.84	-56.47	39.47	16.78
10068738	damage	bot-1038	alpha	bot-1039	bravo	cz_805_bren	bullet	24.00	76.00	-83.23	33.50	-58.69	22.84	26.76
10068908	damage	bot-1038	alpha	bot-1039	bravo	cz_805_bren	bullet	24.00	52.00	-83.23	33.50	-58.69	22.84	26.76
10069056	damage	bot-1038	alpha	bot-1039	bravo	cz_805_bren	bullet	24.00	28.00	-83.23	33.50	-58.49	22.96	26.90
10069232	damage	bot-1038	alpha	bot-1039	bravo	cz_805_bren	bullet	24.00	4.00	-83.23	33.50	-58.08	23.20	27.18
10069373	kill	bot-1038	alpha	bot-1039	bravo	cz_805_bren	bullet	24.00	0.00	-83.23	33.50	-57.32	23.57	27.74
10070894	damage	bot-1038	alpha	bot-1032	bravo	cz_805_bren	bullet	24.00	65.94	-83.87	34.45	-63.42	21.43	24.24
10071022	damage	bot-1038	alpha	bot-1032	bravo	cz_805_bren	bullet	24.00	41.94	-83.87	34.44	-63.16	21.15	24.60
10071142	damage	bot-1038	alpha	bot-1032	bravo	cz_805_bren	bullet	24.00	17.94	-83.87	34.45	-62.91	20.92	24.95
10071253	kill	bot-1038	alpha	bot-1032	bravo	cz_805_bren	bullet	24.00	0.00	-83.86	34.45	-62.67	20.69	25.27
10072061	damage	bot-1038	alpha	bot-1034	bravo	cz_805_bren	bullet	24.00	76.00	-83.79	34.45	-52.55	15.18	36.70
10078309	damage	bot-1003	alpha	bot-1043	bravo	five_seven	bullet	20.00	80.00	49.58	-32.95	8.33	-0.12	52.73
10078456	damage	bot-1003	alpha	bot-1043	bravo	five_seven	bullet	20.00	60.00	49.59	-32.94	8.61	-0.35	52.36
10078627	damage	bot-1003	alpha	bot-1043	bravo	five_seven	bullet	20.00	40.00	49.59	-32.94	8.02	0.25	53.19
10078705	kill	bot-1028	bravo	bot-1038	alpha	m24	bullet	95.00	0.00	-49.53	14.46	-76.57	30.27	31.32
10078799	damage	bot-1003	alpha	bot-1043	bravo	five_seven	bullet	20.00	20.00	49.59	-32.94	7.53	0.76	53.89
10078939	kill	bot-1003	alpha	bot-1043	bravo	five_seven	bullet	20.00	0.00	49.59	-32.94	6.92	1.38	54.76
10088431	damage	bot-1017	alpha	bot-1045	bravo	m24	bullet	95.00	5.00	43.64	-38.68	56.13	1.50	42.07
10088631	kill	bot-1046	alpha	bot-1045	bravo	cz_805_bren	bullet	24.00	0.00	42.08	-37.53	56.57	1.89	42.00
10160623	kill	bot-1049	bravo	bot-951	alpha	m24	bullet	95.00	0.00	-0.02	22.60	68.27	47.91	72.82
10177015	damage	bot-992	alpha	bot-1049	bravo	five_seven	bullet	20.00	80.00	64.41	38.00	19.25	27.99	46.26
10177156	damage	bot-992	alpha	bot-1049	bravo	five_seven	bullet	20.00	60.00	64.41	38.00	19.74	28.17	45.74
10177304	damage	bot-992	alpha	bot-1049	bravo	five_seven	bullet	20.00	40.00	64.41	38.00	19.23	27.75	46.33
10177445	damage	bot-992	alpha	bot-1049	bravo	five_seven	bullet	20.00	20.00	64.41	38.00	18.60	27.24	47.06
10177904	damage	bot-992	alpha	bot-1050	bravo	five_seven	bullet	20.00	80.00	64.41	38.00	15.31	28.98	49.92
10178061	damage	bot-992	alpha	bot-1050	bravo	five_seven	bullet	20.00	60.00	64.41	38.00	15.31	28.98	49.92
10178311	damage	bot-1033	bravo	bot-1051	alpha	five_seven	bullet	20.00	80.00	-70.17	-46.10	-78.94	-20.30	27.25
10178476	damage	bot-1033	bravo	bot-1051	alpha	five_seven	bullet	20.00	60.00	-70.16	-46.10	-78.94	-20.30	27.25
10178635	damage	bot-1033	bravo	bot-1051	alpha	five_seven	bullet	20.00	40.00	-70.16	-46.10	-79.14	-20.12	27.48
10178786	damage	bot-1033	bravo	bot-1051	alpha	five_seven	bullet	20.00	20.00	-70.16	-46.10	-79.51	-19.77	27.94
10178936	kill	bot-1033	bravo	bot-1051	alpha	five_seven	bullet	20.00	0.00	-70.15	-46.09	-80.13	-19.19	28.69
10184357	kill	bot-1049	bravo	bot-1003	alpha	m24	bullet	95.00	0.00	18.19	25.80	76.54	47.28	62.18
10208306	kill	bot-1055	bravo	bot-1017	alpha	cz_805_bren	bullet	24.00	0.00	7.61	34.32	49.35	38.84	41.99
10208726	damage	bot-1048	alpha	bot-1055	bravo	five_seven	bullet	20.00	80.00	56.10	39.79	7.66	34.32	48.74
10208893	damage	bot-1048	alpha	bot-1055	bravo	five_seven	bullet	20.00	60.00	56.10	39.79	7.73	34.31	48.68
10209052	damage	bot-1048	alpha	bot-1055	bravo	five_seven	bullet	20.00	40.00	56.10	39.79	7.49	34.32	48.92
10209208	damage	bot-1048	alpha	bot-1055	bravo	five_seven	bullet	20.00	20.00	56.10	39.80	6.80	34.35	49.60
10210126	damage	bot-1048	alpha	bot-1049	bravo	five_seven	bullet	20.00	52.03	55.80	39.74	8.68	28.32	48.48
10216916	damage	bot-1046	alpha	bot-1049	bravo	cz_805_bren	bullet	24.00	40.63	52.57	39.21	6.78	25.61	47.76
10217030	damage	bot-1046	alpha	bot-1049	bravo	cz_805_bren	bullet	24.00	16.63	52.57	39.22	6.61	25.60	47.94
10219322	damage	bot-1046	alpha	bot-1055	bravo	cz_805_bren	bullet	24.00	48.32	51.17	38.29	7.04	34.41	44.30
10219449	damage	bot-1046	alpha	bot-1055	bravo	cz_805_bren	bullet	24.00	24.32	51.17	38.29	6.73	33.81	44.66
10225375	damage	bot-1046	alpha	bot-1049	bravo	cz_805_bren	bullet	24.00	6.86	41.57	33.62	4.64	25.20	37.88
10225514	kill	bot-1046	alpha	bot-1049	bravo	cz_805_bren	bullet	24.00	0.00	41.57	33.62	4.38	25.18	38.14
10266013	damage	bot-1046	alpha	bot-1057	bravo	cz_805_bren	bullet	24.00	76.00	-15.79	45.08	-53.32	12.68	49.57
10266133	damage	bot-1046	alpha	bot-1057	bravo	cz_805_bren	bullet	24.00	52.00	-15.79	45.08	-53.10	12.90	49.27
10266262	damage	bot-1046	alpha	bot-1057	bravo	cz_805_bren	bullet	24.00	28.00	-15.79	45.08	-53.34	12.54	49.69
10269527	damage	bot-1046	alpha	bot-1057	bravo	cz_805_bren	bullet	24.00	30.12	-20.91	43.19	-56.34	8.02	49.92
10269644	damage	bot-1046	alpha	bot-1057	bravo	cz_805_bren	bullet	24.00	8.22	-20.91	43.19	-56.33	8.01	49.92
10281434	damage	bot-1057	bravo	bot-1046	alpha	five_seven	bullet	20.00	79.99	-52.20	13.21	-33.30	33.65	27.84
10281595	damage	bot-1057	bravo	bot-1046	alpha	five_seven	bullet	20.00	59.99	-52.20	13.21	-33.80	33.28	27.23
10281749	damage	bot-1057	bravo	bot-1046	alpha	five_seven	bullet	20.00	39.99	-52.20	13.21	-33.37	33.69	27.82
10281939	damage	bot-1057	bravo	bot-1046	alpha	five_seven	bullet	20.00	21.09	-52.20	13.20	-32.43	33.79	28.54
10282084	damage	bot-1057	bravo	bot-1046	alpha	five_seven	bullet	20.00	2.19	-52.20	13.20	-31.86	34.04	29.12
10282248	kill	bot-1057	bravo	bot-1046	alpha	five_seven	bullet	20.00	0.00	-52.20	13.20	-31.27	34.63	29.95
10282876	damage	bot-1057	bravo	bot-1044	alpha	five_seven	bullet	20.00	79.04	-52.00	13.42	-31.06	34.03	29.38
10283545	damage	bot-1057	bravo	bot-1044	alpha	five_seven	bullet	20.00	59.04	-51.84	13.58	-31.21	33.71	28.83
10283837	damage	bot-1057	bravo	bot-1048	alpha	five_seven	bullet	20.00	80.00	-51.84	13.58	-30.64	34.42	29.73
10283986	damage	bot-1057	bravo	bot-1048	alpha	five_seven	bullet	20.00	60.00	-51.84	13.58	-30.53	34.46	29.84
10288478	damage	bot-1048	alpha	bot-1057	bravo	five_seven	bullet	20.00	52.05	-26.03	35.82	-51.72	14.65	33.29
10289055	damage	bot-1048	alpha	bot-1057	bravo	five_seven	bullet	20.00	32.05	-26.19	35.85	-53.28	13.03	35.42
10289237	damage	bot-1048	alpha	bot-1057	bravo	five_seven	bullet	20.00	12.05	-26.19	35.85	-53.78	12.52	36.13
10289385	kill	bot-1048	alpha	bot-1057	bravo	five_seven	bullet	20.00	0.00	-26.19	35.85	-54.31	11.92	36.92
10299596	kill	bot-1059	bravo	bot-1044	alpha	m24	bullet	95.00	0.00	-74.45	-30.38	-44.23	21.78	60.28
10315839	damage	bot-1055	bravo	bot-1053	alpha	cz_805_bren	bullet	24.00	76.00	-62.47	5.90	-32.28	44.89	49.31
10315963	damage	bot-1055	bravo	bot-1053	alpha	cz_805_bren	bullet	24.00	52.00	-62.47	5.90	-32.28	44.90	49.32
10316075	damage	bot-1055	bravo	bot-1053	alpha	cz_805_bren	bullet	24.00	28.00	-62.47	5.90	-32.12	44.99	49.49
10323316	damage	bot-1048	alpha	bot-1055	bravo	five_seven	bullet	20.00	52.00	-63.08	24.57	-54.10	13.37	14.35
10328491	damage	bot-1048	alpha	bot-1055	bravo	five_seven	bullet	20.00	52.43	-60.20	21.17	-47.34	9.79	17.17
10328632	damage	bot-1048	alpha	bot-1055	bravo	five_seven	bullet	20.00	32.43	-60.20	21.17	-47.00	9.38	17.70
10328854	damage	bot-1048	alpha	bot-1055	bravo	five_seven	bullet	20.00	12.43	-60.20	21.17	-46.67	8.98	18.21
10329178	kill	bot-1048	alpha	bot-1055	bravo	five_seven	bullet	20.00	0.00	-60.20	21.17	-46.28	8.34	18.93
10364737	damage	bot-1048	alpha	bot-1059	bravo	five_seven	bullet	20.00	80.00	-57.31	9.91	-46.84	9.34	10.49
10365630	damage	bot-1059	bravo	bot-1048	alpha	five_seven	bullet	20.00	52.33	-46.84	9.65	-57.00	9.49	10.16
10365761	damage	bot-1048	alpha	bot-1061	bravo	five_seven	bullet	20.00	80.00	-56.91	9.35	-50.83	10.05	6.12
10365784	damage	bot-1059	bravo	bot-1048	alpha	five_seven	bullet	20.00	32.33	-46.84	9.65	-56.77	9.17	9.94
10365904	damage	bot-1048	alpha	bot-1061	bravo	five_seven	bullet	20.00	60.00	-56.51	8.83	-50.83	10.05	5.81
10365926	damage	bot-1059	bravo	bot-1048	alpha	five_seven	bullet	20.00	12.33	-46.84	9.65	-56.35	8.64	9.56
10366052	damage	bot-1048	alpha	bot-1061	bravo	five_seven	bullet	20.00	40.00	-55.99	8.18	-50.83	10.05	5.49
10366069	kill	bot-1059	bravo	bot-1048	alpha	five_seven	bullet	20.00	0.00	-46.84	9.65	-55.87	8.02	9.17
10371372	damage	bot-1040	alpha	bot-1059	bravo	five_seven	bullet	20.00	60.00	-37.51	12.55	-42.33	4.06	9.76
10371517	damage	bot-1040	alpha	bot-1059	bravo	five_seven	bullet	20.00	40.00	-37.51	12.55	-42.98	3.79	10.32
10371708	damage	bot-1040	alpha	bot-1059	bravo	five_seven	bullet	20.00	20.00	-37.49	12.56	-43.83	3.44	11.11
10376184	damage	bot-1059	bravo	bot-1040	alpha	five_seven	bullet	20.00	80.00	-43.95	-0.33	-41.91	9.02	9.57
10376327	damage	bot-1059	bravo	bot-1040	alpha	five_seven	bullet	20.00	60.00	-43.95	-0.33	-41.91	9.05	9.59
10376482	damage	bot-1059	bravo	bot-1040	alpha	five_seven	bullet	20.00	40.00	-43.95	-0.33	-41.73	9.22	9.80
10378402	damage	bot-1059	bravo	bot-1053	alpha	five_seven	bullet	20.00	46.88	-43.98	0.95	-46.12	16.88	16.08
10379060	damage	bot-1059	bravo	bot-1040	alpha	five_seven	bullet	20.00	33.48	-43.98	1.15	-38.15	12.68	12.92
10379240	damage	bot-1059	bravo	bot-1040	alpha	five_seven	bullet	20.00	14.38	-43.98	1.15	-38.15	12.68	12.92
10379394	kill	bot-1059	bravo	bot-1040	alpha	five_seven	bullet	20.00	0.00	-43.98	1.15	-38.15	12.68	12.92
10382308	damage	bot-1062	alpha	bot-1061	bravo	five_seven	bullet	20.00	52.39	0.01	14.84	-44.75	6.03	45.61
10384593	kill	bot-1063	alpha	bot-1061	bravo	m24	bullet	95.00	0.00	-6.13	11.21	-49.28	10.60	43.16
10400965	damage	bot-1067	bravo	bot-1063	alpha	five_seven	bullet	20.00	80.00	9.23	21.02	-29.44	18.00	38.79
10401510	damage	bot-1067	bravo	bot-1063	alpha	five_seven	bullet	20.00	60.00	9.23	21.02	-28.96	17.99	38.30
10401709	damage	bot-1067	bravo	bot-1063	alpha	five_seven	bullet	20.00	40.00	9.23	21.02	-29.34	18.25	38.66
10404148	damage	bot-1067	bravo	bot-1063	alpha	five_seven	bullet	20.00	33.20	7.63	21.36	-34.16	21.09	41.79
10404531	damage	bot-1067	bravo	bot-1063	alpha	five_seven	bullet	20.00	15.20	7.63	21.36	-34.16	21.09	41.79
10404723	kill	bot-1067	bravo	bot-1063	alpha	five_seven	bullet	20.00	0.00	7.63	21.36	-34.16	21.09	41.79
10415018	damage	bot-1066	alpha	bot-1067	bravo	cz_805_bren	bullet	24.00	76.00	-30.79	21.05	1.11	18.06	32.04
10417030	damage	bot-1066	alpha	bot-1067	bravo	cz_805_bren	bullet	24.00	52.00	-28.70	20.61	-6.70	18.44	22.12
10417271	damage	bot-1066	alpha	bot-1067	bravo	cz_805_bren	bullet	24.00	28.00	-28.70	20.61	-6.06	19.60	22.66
10427498	damage	bot-1067	bravo	bot-1064	alpha	five_seven	bullet	20.00	72.77	-6.28	20.92	-6.67	12.58	8.35
10427652	damage	bot-1067	bravo	bot-1064	alpha	five_seven	bullet	20.00	52.77	-6.26	20.88	-6.08	12.17	8.71
10428776	damage	bot-1047	bravo	bot-1066	alpha	five_seven	bullet	20.00	52.15	32.84	32.67	-13.26	18.07	48.36
10428940	damage	bot-1047	bravo	bot-1066	alpha	five_seven	bullet	20.00	32.15	32.84	32.67	-13.47	17.79	48.64
10431700	damage	bot-1062	alpha	bot-1067	bravo	five_seven	bullet	20.00	52.15	-34.29	13.73	-6.84	20.11	28.19
10435069	damage	bot-1033	bravo	bot-1064	alpha	five_seven	bullet	20.00	52.41	4.50	25.29	-5.07	13.67	15.05
10435209	damage	bot-1033	bravo	bot-1064	alpha	five_seven	bullet	20.00	32.41	4.50	25.29	-5.61	13.00	15.91
10435294	damage	bot-1037	bravo	bot-1064	alpha	cz_805_bren	bullet	24.00	8.41	8.58	29.70	-5.85	12.72	22.28
10435361	kill	bot-1033	bravo	bot-1064	alpha	five_seven	bullet	20.00	0.00	4.50	25.29	-5.97	12.58	16.47
10435775	damage	bot-1033	bravo	bot-1066	alpha	five_seven	bullet	20.00	75.09	4.35	25.22	-15.35	16.83	21.41
10435952	damage	bot-1033	bravo	bot-1066	alpha	five_seven	bullet	20.00	55.09	4.35	25.22	-15.25	16.98	21.26
10436167	damage	bot-1033	bravo	bot-1066	alpha	five_seven	bullet	20.00	35.09	4.35	25.22	-15.40	17.14	21.33
10436167	damage	bot-1066	alpha	bot-1033	bravo	cz_805_bren	bullet	24.00	38.46	-15.40	17.14	4.35	25.22	21.33
10436323	damage	bot-1033	bravo	bot-1066	alpha	five_seven	bullet	20.00	15.09	4.51	25.38	-15.68	17.49	21.67
10437504	damage	bot-1037	bravo	bot-1068	alpha	cz_805_bren	bullet	24.00	74.44	10.08	24.75	-15.44	17.32	26.58
10439807	damage	bot-1067	bravo	bot-1068	alpha	five_seven	bullet	20.00	54.44	-6.43	20.84	-15.23	17.89	9.28
10440547	damage	bot-1067	bravo	bot-1066	alpha	five_seven	bullet	20.00	52.62	-6.69	20.62	-15.90	17.69	9.66
10441726	damage	bot-1067	bravo	bot-1069	alpha	five_seven	bullet	20.00	77.60	-6.72	20.46	-20.27	17.52	13.87
10442525	damage	bot-1069	alpha	bot-1067	bravo	five_seven	bullet	20.00	52.77	-20.20	17.56	-6.88	20.35	13.60
10442562	damage	bot-1067	bravo	bot-1069	alpha	five_seven	bullet	20.00	57.60	-6.88	20.35	-20.20	17.58	13.60
10443779	damage	bot-1067	bravo	bot-1068	alpha	five_seven	bullet	20.00	52.59	-3.64	22.82	-21.24	19.67	17.87
10444154	damage	bot-1068	alpha	bot-1067	bravo	five_seven	bullet	20.00	32.77	-22.31	18.29	-2.81	23.60	20.21
10444179	damage	bot-1066	alpha	bot-1067	bravo	cz_805_bren	bullet	24.00	8.77	-21.33	20.34	-2.81	23.60	18.81
10444343	kill	bot-1066	alpha	bot-1067	bravo	cz_805_bren	bullet	24.00	0.00	-21.33	20.34	-2.55	23.85	19.11
10448956	damage	bot-1062	alpha	bot-1037	bravo	five_seven	bullet	20.00	75.03	-17.18	19.83	13.55	26.74	31.50
10449795	damage	bot-1062	alpha	bot-1037	bravo	five_seven	bullet	20.00	55.03	-16.80	19.82	12.27	26.63	29.86
10449959	damage	bot-1062	alpha	bot-1037	bravo	five_seven	bullet	20.00	35.03	-16.80	19.82	12.71	27.02	30.37
10450654	damage	bot-1028	bravo	bot-1066	alpha	m1911	bullet	33.00	39.76	13.05	36.29	-16.95	21.13	33.61
10451035	damage	bot-1028	bravo	bot-1066	alpha	m1911	bullet	33.00	6.76	13.05	36.29	-17.83	20.62	34.63
10453219	damage	bot-1028	bravo	bot-1070	alpha	m1911	bullet	33.00	66.41	13.05	36.29	-8.54	11.52	32.86
10453573	damage	bot-1028	bravo	bot-1070	alpha	m1911	bullet	33.00	33.41	13.05	36.29	-8.51	11.74	32.68
10454319	damage	bot-1028	bravo	bot-1070	alpha	m1911	bullet	33.00	0.41	13.05	36.29	-8.53	10.28	33.80
10454388	kill	bot-1071	bravo	bot-1066	alpha	m24	bullet	95.00	0.00	45.55	3.32	-21.43	17.13	68.39
10456350	damage	bot-1062	alpha	bot-1036	bravo	five_seven	bullet	20.00	52.28	-13.40	20.47	10.15	26.39	24.28
10456793	damage	bot-1062	alpha	bot-1036	bravo	five_seven	bullet	20.00	32.28	-13.40	20.47	10.15	26.39	24.28
10456934	damage	bot-1062	alpha	bot-1036	bravo	five_seven	bullet	20.00	12.28	-13.40	20.47	10.15	26.39	24.28
10457177	kill	bot-1062	alpha	bot-1036	bravo	five_seven	bullet	20.00	0.00	-13.40	20.47	10.15	26.39	24.28
10459247	kill	bot-1028	bravo	bot-1070	alpha	m1911	bullet	33.00	0.00	15.16	38.76	-13.37	5.53	43.80
10463809	damage	bot-1073	alpha	bot-1074	bravo	cz_805_bren	bullet	24.00	76.00	-12.90	26.84	28.36	36.54	42.39
10464622	damage	bot-1047	bravo	bot-1062	alpha	five_seven	bullet	20.00	51.23	16.74	33.13	-9.57	22.20	28.48
10464786	damage	bot-1047	bravo	bot-1062	alpha	five_seven	bullet	20.00	31.23	16.74	33.13	-9.61	22.21	28.51
10464949	damage	bot-1047	bravo	bot-1062	alpha	five_seven	bullet	20.00	11.23	16.74	33.13	-9.26	22.22	28.19
10465221	kill	bot-1047	bravo	bot-1062	alpha	five_seven	bullet	20.00	0.00	16.74	33.13	-8.90	22.31	27.83
10465625	damage	bot-1028	bravo	bot-1068	alpha	m1911	bullet	33.00	39.24	11.06	34.31	-9.36	11.14	30.88
10466395	damage	bot-1028	bravo	bot-1068	alpha	m1911	bullet	33.00	6.24	11.06	34.31	-10.16	10.39	31.98
10467151	kill	bot-1028	bravo	bot-1068	alpha	m1911	bullet	33.00	0.00	11.06	34.31	-10.97	9.70	33.03
10468504	damage	bot-1073	alpha	bot-1074	bravo	cz_805_bren	bullet	24.00	52.00	-11.44	26.67	29.49	34.12	41.60
10468967	damage	bot-1028	bravo	bot-1073	alpha	m1911	bullet	33.00	67.00	11.06	33.93	-11.44	26.67	23.64
10469330	damage	bot-1028	bravo	bot-1073	alpha	m1911	bullet	33.00	34.00	11.06	33.93	-11.12	26.70	23.32
10469672	damage	bot-1028	bravo	bot-1073	alpha	m1911	bullet	33.00	1.00	11.06	33.93	-12.48	27.97	24.28
10470390	kill	bot-1028	bravo	bot-1073	alpha	m1911	bullet	33.00	0.00	11.06	33.93	-14.77	30.15	26.10
10472382	damage	bot-1037	bravo	bot-1069	alpha	cz_805_bren	bullet	24.00	48.44	8.82	28.72	-12.96	17.02	24.72
10472603	damage	bot-1047	bravo	bot-1069	alpha	five_seven	bullet	20.00	28.44	9.21	29.81	-12.36	16.39	25.41
10472621	damage	bot-1037	bravo	bot-1069	alpha	cz_805_bren	bullet	24.00	4.44	8.82	28.72	-12.30	16.31	24.49
10472759	kill	bot-1047	bravo	bot-1069	alpha	five_seven	bullet	20.00	0.00	9.21	29.81	-11.91	15.90	25.29
10486645	damage	bot-1028	bravo	bot-897	alpha	m1911	bullet	33.00	32.54	-10.61	17.40	25.28	-5.06	42.34
10487026	kill	bot-1028	bravo	bot-897	alpha	m1911	bullet	33.00	0.00	-10.61	17.40	26.97	-6.05	44.29
10494228	damage	bot-1034	bravo	bot-1076	alpha	m24	bullet	95.00	5.00	-9.79	18.68	-83.23	9.66	73.99
10497587	damage	bot-1037	bravo	bot-1077	alpha	cz_805_bren	bullet	24.00	76.00	-29.72	16.90	-74.19	17.84	44.48
10498340	damage	bot-1047	bravo	bot-1077	alpha	five_seven	bullet	20.00	56.00	-30.51	18.26	-74.13	17.93	43.62
10498623	damage	bot-1028	bravo	bot-1052	alpha	m1911	bullet	33.00	39.44	-28.67	16.29	-60.01	-39.77	64.22
10499737	damage	bot-1028	bravo	bot-1052	alpha	m1911	bullet	33.00	6.44	-28.90	15.90	-64.18	-43.73	69.28
10500089	kill	bot-1028	bravo	bot-1052	alpha	m1911	bullet	33.00	0.00	-28.90	15.90	-64.82	-44.43	70.21
10508234	damage	bot-1037	bravo	bot-1076	alpha	cz_805_bren	bullet	24.00	48.13	-40.94	16.57	-83.51	10.13	43.05
10509954	damage	bot-1078	alpha	bot-1047	bravo	cz_805_bren	bullet	24.00	52.63	-85.32	18.21	-44.40	18.01	40.92
10511325	damage	bot-1078	alpha	bot-1074	bravo	cz_805_bren	bullet	24.00	48.13	-84.74	18.31	-35.38	18.11	49.36
10511447	damage	bot-1078	alpha	bot-1074	bravo	cz_805_bren	bullet	24.00	24.13	-84.75	18.31	-35.27	18.24	49.48
10511576	damage	bot-1078	alpha	bot-1074	bravo	cz_805_bren	bullet	24.00	0.13	-84.75	18.31	-35.19	18.40	49.56
10511717	kill	bot-1078	alpha	bot-1074	bravo	cz_805_bren	bullet	24.00	0.00	-84.75	18.31	-34.91	18.94	49.84
10511844	kill	bot-1071	bravo	bot-1053	alpha	m24	bullet	95.00	0.00	-34.35	-13.56	-58.56	-38.39	34.68
10515313	damage	bot-1028	bravo	bot-1078	alpha	m1911	bullet	33.00	67.00	-43.05	15.40	-77.98	14.47	34.94
10516337	damage	bot-1079	alpha	bot-1047	bravo	five_seven	bullet	20.00	52.81	-83.13	10.06	-35.23	18.63	48.66
10516486	damage	bot-1037	bravo	bot-1079	alpha	cz_805_bren	bullet	24.00	76.00	-54.11	16.66	-83.13	10.06	29.76
10516940	damage	bot-1028	bravo	bot-1078	alpha	m1911	bullet	33.00	34.00	-44.94	15.63	-77.50	14.37	32.58
10517655	damage	bot-1028	bravo	bot-1078	alpha	m1911	bullet	33.00	1.00	-44.94	15.63	-79.76	16.08	34.81
10517865	damage	bot-1037	bravo	bot-1079	alpha	cz_805_bren	bullet	24.00	52.00	-53.79	16.80	-81.87	11.55	28.56
10517993	damage	bot-1037	bravo	bot-1079	alpha	cz_805_bren	bullet	24.00	28.00	-53.79	16.80	-82.51	11.59	29.19
10518122	damage	bot-1037	bravo	bot-1079	alpha	cz_805_bren	bullet	24.00	4.00	-53.79	16.80	-83.24	11.64	29.89
10518616	damage	bot-1075	alpha	bot-1072	bravo	five_seven	bullet	20.00	80.00	-71.30	-47.80	-39.31	-16.44	44.80
10519914	damage	bot-1075	alpha	bot-1072	bravo	five_seven	bullet	20.00	60.00	-71.18	-47.83	-39.52	-16.65	44.43
10520065	damage	bot-1075	alpha	bot-1072	bravo	five_seven	bullet	20.00	40.00	-71.18	-47.83	-39.32	-16.80	44.47
10520216	damage	bot-1075	alpha	bot-1072	bravo	five_seven	bullet	20.00	20.00	-71.18	-47.83	-38.93	-17.12	44.53
10520432	damage	bot-1028	bravo	bot-1077	alpha	m1911	bullet	33.00	39.20	-45.93	16.06	-81.30	18.54	35.46
10521678	damage	bot-1075	alpha	bot-1071	bravo	five_seven	bullet	20.00	80.00	-71.08	-47.41	-43.37	-22.48	37.28
10522500	damage	bot-1075	alpha	bot-1071	bravo	five_seven	bullet	20.00	60.00	-71.10	-47.40	-43.48	-22.64	37.09
10522911	damage	bot-1075	alpha	bot-1071	bravo	five_seven	bullet	20.00	40.00	-71.12	-47.42	-42.31	-23.11	37.70
10523067	damage	bot-1075	alpha	bot-1071	bravo	five_seven	bullet	20.00	20.00	-71.12	-47.42	-41.57	-23.40	38.08
10523222	kill	bot-1075	alpha	bot-1071	bravo	five_seven	bullet	20.00	0.00	-71.12	-47.42	-40.84	-23.69	38.47
10526003	damage	bot-1037	bravo	bot-1078	alpha	cz_805_bren	bullet	24.00	48.23	-63.29	22.68	-82.18	17.03	19.72
10526133	damage	bot-1037	bravo	bot-1078	alpha	cz_805_bren	bullet	24.00	24.23	-63.31	22.68	-82.64	17.01	20.14
10526258	damage	bot-1037	bravo	bot-1078	alpha	cz_805_bren	bullet	24.00	0.23	-63.35	22.69	-83.21	17.00	20.66
10539117	damage	bot-1078	alpha	bot-1037	bravo	cz_805_bren	bullet	24.00	48.15	-81.20	19.03	-54.65	19.05	26.55
10539252	damage	bot-1078	alpha	bot-1037	bravo	cz_805_bren	bullet	24.00	24.15	-81.20	19.03	-54.96	18.70	26.23
10539374	damage	bot-1078	alpha	bot-1037	bravo	cz_805_bren	bullet	24.00	0.15	-81.20	19.03	-55.25	18.39	25.95
10540985	damage	bot-1079	alpha	bot-1034	bravo	five_seven	bullet	20.00	52.02	-74.16	17.59	-25.60	19.48	48.59
10547652	damage	bot-1034	bravo	bot-1082	alpha	m24	bullet	95.00	5.00	-25.25	20.06	-74.55	11.31	50.07
10551727	damage	bot-1079	alpha	bot-1034	bravo	five_seven	bullet	20.00	52.25	-62.79	19.26	-26.87	19.64	35.92
10551882	damage	bot-1078	alpha	bot-1034	bravo	cz_805_bren	bullet	24.00	28.25	-58.60	20.12	-26.75	19.65	31.86
10552035	damage	bot-1078	alpha	bot-1034	bravo	cz_805_bren	bullet	24.00	4.25	-58.60	20.12	-26.50	19.71	32.10
10552035	kill	bot-1079	alpha	bot-1034	bravo	five_seven	bullet	20.00	0.00	-62.79	19.26	-26.50	19.71	36.29
10552114	damage	bot-1065	bravo	bot-1085	alpha	cz_805_bren	bullet	24.00	76.00	94.01	-28.51	48.32	-48.55	49.89
10552427	damage	bot-1065	bravo	bot-1085	alpha	cz_805_bren	bullet	24.00	52.00	94.01	-28.51	48.64	-48.61	49.63
10552587	damage	bot-1065	bravo	bot-1085	alpha	cz_805_bren	bullet	24.00	28.00	94.01	-28.51	48.80	-48.61	49.48
10552981	damage	bot-1065	bravo	bot-1085	alpha	cz_805_bren	bullet	24.00	4.00	94.01	-28.51	49.67	-48.63	48.69
10553063	kill	bot-1081	bravo	bot-1085	alpha	five_seven	bullet	20.00	0.00	94.83	-34.82	49.95	-48.66	46.97
10562714	damage	bot-1088	alpha	bot-1084	bravo	five_seven	bullet	20.00	80.00	72.00	-47.12	80.62	-42.42	9.82
10562786	damage	bot-1065	bravo	bot-1088	alpha	cz_805_bren	bullet	24.00	76.00	82.33	-39.40	72.00	-47.12	12.90
10562786	damage	bot-1081	bravo	bot-1088	alpha	five_seven	bullet	20.00	56.00	83.47	-43.54	72.00	-47.12	12.02
10562860	damage	bot-1086	bravo	bot-1088	alpha	cz_805_bren	bullet	24.00	32.00	83.05	-41.44	71.93	-47.07	12.46
10562860	damage	bot-1088	alpha	bot-1084	bravo	five_seven	bullet	20.00	60.00	71.93	-47.07	80.62	-42.42	9.85
10562930	damage	bot-1065	bravo	bot-1088	alpha	cz_805_bren	bullet	24.00	8.00	82.33	-39.40	71.87	-47.01	12.94
10562930	kill	bot-1081	bravo	bot-1088	alpha	five_seven	bullet	20.00	0.00	83.47	-43.54	71.87	-47.01	12.11
10580054	damage	bot-1065	bravo	bot-1058	alpha	cz_805_bren	bullet	24.00	48.33	62.74	-44.14	15.19	-35.39	48.34
10580174	damage	bot-1065	bravo	bot-1058	alpha	cz_805_bren	bullet	24.00	24.33	62.74	-44.14	15.05	-35.25	48.51
10585227	damage	bot-1090	bravo	bot-1075	alpha	m24	bullet	95.00	5.00	35.75	20.22	14.37	-34.33	58.59
10591680	damage	bot-1075	alpha	bot-1083	bravo	five_seven	bullet	20.00	80.00	12.44	-38.30	48.80	-37.81	36.36
10592292	damage	bot-1075	alpha	bot-1083	bravo	five_seven	bullet	20.00	60.00	12.52	-38.30	48.68	-37.80	36.16
10592472	damage	bot-1075	alpha	bot-1083	bravo	five_seven	bullet	20.00	40.00	12.52	-38.30	48.96	-37.79	36.44
10592624	damage	bot-1075	alpha	bot-1083	bravo	five_seven	bullet	20.00	20.00	12.52	-38.30	49.53	-37.82	37.02
10593769	damage	bot-1075	alpha	bot-1081	bravo	five_seven	bullet	20.00	58.83	12.61	-38.29	61.19	-46.11	49.20
10594524	damage	bot-1087	bravo	bot-1075	alpha	five_seven	bullet	20.00	13.14	61.83	-43.58	12.64	-38.28	49.47
10600095	damage	bot-1075	alpha	bot-1086	bravo	five_seven	bullet	20.00	75.18	8.81	-39.23	47.79	-41.13	39.03
10600238	damage	bot-1075	alpha	bot-1086	bravo	five_seven	bullet	20.00	55.18	8.81	-39.23	47.07	-41.13	38.31
10600387	damage	bot-1075	alpha	bot-1086	bravo	five_seven	bullet	20.00	35.18	8.81	-39.23	47.53	-41.66	38.80
10600535	damage	bot-1075	alpha	bot-1086	bravo	five_seven	bullet	20.00	15.18	8.81	-39.23	48.06	-42.26	39.37
10601284	kill	bot-1092	bravo	bot-1075	alpha	cz_805_bren	bullet	24.00	0.00	51.88	-35.71	9.17	-39.11	42.85
10602905	damage	bot-1087	bravo	bot-1058	alpha	five_seven	bullet	20.00	52.14	51.25	-42.09	17.06	-35.48	34.82
10610397	damage	bot-1086	bravo	bot-1058	alpha	cz_805_bren	bullet	24.00	48.08	51.61	-38.05	18.30	-30.16	34.23
10610522	damage	bot-1086	bravo	bot-1058	alpha	cz_805_bren	bullet	24.00	24.08	51.61	-38.05	17.78	-30.52	34.66
10616523	damage	bot-1087	bravo	bot-1058	alpha	five_seven	bullet	20.00	52.88	24.72	-37.57	13.71	-33.47	11.75
10616674	damage	bot-1087	bravo	bot-1058	alpha	five_seven	bullet	20.00	32.88	24.72	-37.57	13.54	-33.31	11.96
10617820	damage	bot-1086	bravo	bot-1058	alpha	cz_805_bren	bullet	24.00	8.88	37.78	-34.42	9.62	-29.65	28.56
10617937	kill	bot-1086	bravo	bot-1058	alpha	cz_805_bren	bullet	24.00	0.00	37.78	-34.42	9.18	-29.25	29.07
10639733	damage	bot-1083	bravo	bot-1094	alpha	m24	bullet	95.00	5.00	24.84	-36.99	67.01	1.74	57.26
10650892	damage	bot-1087	bravo	bot-1094	alpha	five_seven	bullet	20.00	52.38	30.35	-19.89	68.69	2.02	44.16
10660465	damage	bot-1090	bravo	bot-1077	alpha	m1911	bullet	33.00	43.52	-17.27	-2.96	-21.80	-14.01	11.94
10663195	damage	bot-1078	alpha	bot-1090	bravo	cz_805_bren	bullet	24.00	48.29	-13.97	-22.14	-22.93	-1.99	22.05
10674554	kill	bot-1080	alpha	bot-1083	bravo	m24	bullet	95.00	0.00	0.33	-20.40	52.30	-11.64	52.70
10674614	kill	bot-1096	alpha	bot-1090	bravo	m24	bullet	95.00	0.00	12.98	-15.63	-31.22	9.05	50.62
10675875	damage	bot-1092	bravo	bot-1076	alpha	cz_805_bren	bullet	24.00	48.33	49.82	-10.62	7.88	-19.79	42.93
10676254	damage	bot-1092	bravo	bot-1076	alpha	cz_805_bren	bullet	24.00	24.33	49.82	-10.62	7.12	-18.97	43.52
10676394	damage	bot-1092	bravo	bot-1076	alpha	cz_805_bren	bullet	24.00	0.33	49.82	-10.62	6.67	-18.49	43.87
10676521	kill	bot-1092	bravo	bot-1076	alpha	cz_805_bren	bullet	24.00	0.00	49.82	-10.62	6.32	-18.09	44.14
10684224	damage	bot-1097	bravo	bot-1082	alpha	five_seven	bullet	20.00	52.08	-12.31	-21.01	-10.33	-17.91	3.68
10684445	damage	bot-1097	bravo	bot-1082	alpha	five_seven	bullet	20.00	32.08	-12.54	-21.26	-9.95	-17.56	4.52
10684969	damage	bot-1097	bravo	bot-1082	alpha	five_seven	bullet	20.00	12.08	-13.23	-21.93	-9.01	-16.65	6.75
10685415	kill	bot-1097	bravo	bot-1082	alpha	five_seven	bullet	20.00	0.00	-13.78	-22.43	-8.16	-15.83	8.66
10686625	damage	bot-1086	bravo	bot-1080	alpha	cz_805_bren	bullet	24.00	76.00	52.03	-4.67	10.44	-19.47	44.14
10686836	damage	bot-1086	bravo	bot-1080	alpha	cz_805_bren	bullet	24.00	52.00	52.03	-4.67	10.61	-19.44	43.98
10687188	damage	bot-1086	bravo	bot-1080	alpha	cz_805_bren	bullet	24.00	28.00	52.03	-4.67	9.86	-20.03	44.88
10687691	damage	bot-1086	bravo	bot-1080	alpha	cz_805_bren	bullet	24.00	4.00	52.03	-4.67	8.50	-21.01	46.50
10688069	kill	bot-1086	bravo	bot-1080	alpha	cz_805_bren	bullet	24.00	0.00	52.03	-4.67	7.27	-21.81	47.93
10688705	damage	bot-1097	bravo	bot-1079	alpha	five_seven	bullet	20.00	52.10	-14.83	-21.79	5.25	-22.50	20.10
10688886	damage	bot-1097	bravo	bot-1079	alpha	five_seven	bullet	20.00	32.10	-14.83	-21.79	5.79	-21.99	20.62
10689035	damage	bot-1097	bravo	bot-1079	alpha	five_seven	bullet	20.00	12.10	-14.83	-21.79	6.19	-21.60	21.02
10689225	kill	bot-1097	bravo	bot-1079	alpha	five_seven	bullet	20.00	0.00	-14.83	-21.79	6.33	-21.45	21.16
10689949	damage	bot-1097	bravo	bot-1078	alpha	five_seven	bullet	20.00	64.14	-14.83	-21.79	2.10	-10.67	20.25
10692056	damage	bot-1097	bravo	bot-1078	alpha	five_seven	bullet	20.00	28.71	-14.93	-21.46	1.64	-8.78	20.86
10692256	damage	bot-1097	bravo	bot-1078	alpha	five_seven	bullet	20.00	8.71	-14.93	-21.46	2.16	-8.44	21.48
10692436	kill	bot-1097	bravo	bot-1078	alpha	five_seven	bullet	20.00	0.00	-14.93	-21.46	2.46	-8.24	21.84
10702063	damage	bot-1091	bravo	bot-1096	alpha	cz_805_bren	bullet	24.00	55.53	26.84	-13.34	11.93	-3.62	17.79
10702208	damage	bot-1087	bravo	bot-1096	alpha	five_seven	bullet	20.00	35.53	39.47	-5.60	12.01	-3.55	27.53
10704458	damage	bot-1100	bravo	bot-1093	alpha	m24	bullet	95.00	5.00	-6.35	-22.83	-15.04	45.12	68.50
10713417	damage	bot-1101	alpha	bot-1087	bravo	five_seven	bullet	20.00	55.59	-28.44	-22.98	18.52	-6.05	49.92
10713656	damage	bot-1087	bravo	bot-1101	alpha	five_seven	bullet	20.00	80.00	18.26	-5.90	-28.44	-22.98	49.73
10713717	damage	bot-1101	alpha	bot-1087	bravo	five_seven	bullet	20.00	35.59	-28.44	-22.98	17.94	-5.78	49.47
10713857	damage	bot-1101	alpha	bot-1087	bravo	five_seven	bullet	20.00	15.59	-28.44	-22.98	17.29	-5.52	48.95
10714011	kill	bot-1101	alpha	bot-1087	bravo	five_seven	bullet	20.00	0.00	-28.44	-22.98	16.60	-5.25	48.41
10717088	damage	bot-1101	alpha	bot-1081	bravo	five_seven	bullet	20.00	52.15	-29.28	-21.87	16.22	-5.15	48.48
10720104	damage	bot-1089	alpha	bot-1103	bravo	five_seven	bullet	20.00	80.00	-31.24	-24.58	-26.41	-25.91	5.00
10720251	damage	bot-1101	alpha	bot-1103	bravo	five_seven	bullet	20.00	60.00	-29.52	-21.62	-26.78	-25.94	5.11
10720387	damage	bot-1103	bravo	bot-1101	alpha	cz_805_bren	bullet	24.00	56.00	-27.15	-26.04	-29.52	-21.62	5.01
10720513	damage	bot-1103	bravo	bot-1101	alpha	cz_805_bren	bullet	24.00	32.00	-27.73	-26.21	-30.00	-21.14	5.55
10720567	damage	bot-1101	alpha	bot-1103	bravo	five_seven	bullet	20.00	40.00	-30.12	-21.01	-28.00	-26.28	5.68
10720615	damage	bot-1089	alpha	bot-1103	bravo	five_seven	bullet	20.00	20.00	-31.10	-26.29	-28.23	-26.35	2.87
10720729	kill	bot-1101	alpha	bot-1103	bravo	five_seven	bullet	20.00	0.00	-30.68	-20.48	-28.75	-26.49	6.32
10725579	damage	bot-1101	alpha	bot-1097	bravo	five_seven	bullet	20.00	52.26	-29.41	-21.69	-13.80	-23.97	15.78
10725878	damage	bot-1095	alpha	bot-1100	bravo	five_seven	bullet	20.00	52.22	-37.34	-35.10	-16.42	-9.70	32.90
10726068	damage	bot-1095	alpha	bot-1100	bravo	five_seven	bullet	20.00	32.22	-37.34	-35.10	-15.67	-9.00	33.92
10726173	damage	bot-1101	alpha	bot-1097	bravo	five_seven	bullet	20.00	32.26	-29.30	-21.67	-14.17	-25.80	15.69
10726628	damage	bot-1101	alpha	bot-1097	bravo	five_seven	bullet	20.00	12.26	-29.32	-21.68	-14.49	-27.88	16.07
10726954	kill	bot-1101	alpha	bot-1097	bravo	five_seven	bullet	20.00	0.00	-29.32	-21.69	-14.77	-29.45	16.49
10727887	damage	bot-1105	bravo	bot-1104	alpha	cz_805_bren	bullet	24.00	76.00	-23.08	-17.82	-29.54	-23.12	8.35
10728123	damage	bot-1105	bravo	bot-1104	alpha	cz_805_bren	bullet	24.00	52.00	-22.71	-17.38	-29.35	-23.37	8.95
10728243	damage	bot-1105	bravo	bot-1104	alpha	cz_805_bren	bullet	24.00	28.00	-22.70	-17.39	-29.95	-23.66	9.58
10732556	damage	bot-1105	bravo	bot-1101	alpha	cz_805_bren	bullet	24.00	48.25	-24.27	-21.23	-28.64	-16.18	6.68
10733706	damage	bot-1095	alpha	bot-1100	bravo	five_seven	bullet	20.00	52.51	-29.58	-22.80	-17.16	-9.20	18.42
10734545	damage	bot-1105	bravo	bot-1095	alpha	cz_805_bren	bullet	24.00	76.00	-25.29	-25.21	-29.14	-22.08	4.96
10734929	damage	bot-1105	bravo	bot-1095	alpha	cz_805_bren	bullet	24.00	52.00	-24.27	-26.31	-28.80	-21.52	6.59
10735229	damage	bot-1095	alpha	bot-1105	bravo	five_seven	bullet	20.00	80.00	-30.13	-20.89	-25.03	-26.55	7.63
10736661	damage	bot-1098	alpha	bot-1105	bravo	cz_805_bren	bullet	24.00	56.00	-30.72	-23.40	-25.97	-26.40	5.61
10736661	damage	bot-1104	alpha	bot-1105	bravo	cz_805_bren	bullet	24.00	32.00	-31.00	-28.13	-25.97	-26.40	5.32
10736779	damage	bot-1098	alpha	bot-1105	bravo	cz_805_bren	bullet	24.00	8.00	-31.21	-23.05	-25.44	-25.94	6.46
10736779	damage	bot-1105	bravo	bot-1098	alpha	cz_805_bren	bullet	24.00	76.00	-25.44	-25.94	-31.25	-22.92	6.55
10737230	damage	bot-1107	bravo	bot-1089	alpha	five_seven	bullet	20.00	80.00	-64.59	1.30	-29.84	-21.93	41.80
10737377	damage	bot-1107	bravo	bot-1089	alpha	five_seven	bullet	20.00	60.00	-64.59	1.30	-29.79	-21.92	41.83
10737522	damage	bot-1107	bravo	bot-1089	alpha	five_seven	bullet	20.00	40.00	-64.59	1.30	-29.76	-22.05	41.93
10737670	damage	bot-1107	bravo	bot-1089	alpha	five_seven	bullet	20.00	20.00	-64.59	1.30	-29.59	-22.30	42.21
10737832	kill	bot-1107	bravo	bot-1089	alpha	five_seven	bullet	20.00	0.00	-64.59	1.30	-29.29	-22.68	42.68
10740880	damage	bot-1101	alpha	bot-1081	bravo	five_seven	bullet	20.00	52.21	-30.16	-16.55	-11.01	-13.81	19.35
10741030	damage	bot-1101	alpha	bot-1081	bravo	five_seven	bullet	20.00	32.21	-30.16	-16.55	-10.45	-13.22	20.00
10742218	damage	bot-1101	alpha	bot-1092	bravo	five_seven	bullet	20.00	52.29	-30.02	-16.49	1.23	-14.66	31.31
10742376	damage	bot-1101	alpha	bot-1092	bravo	five_seven	bullet	20.00	32.29	-30.02	-16.49	1.51	-14.84	31.57
10742524	damage	bot-1101	alpha	bot-1092	bravo	five_seven	bullet	20.00	12.29	-30.02	-16.49	2.12	-14.96	32.18
10742678	kill	bot-1101	alpha	bot-1092	bravo	five_seven	bullet	20.00	0.00	-30.02	-16.49	2.68	-14.40	32.77
10743321	damage	bot-1099	alpha	bot-1100	bravo	cz_805_bren	bullet	24.00	46.05	-38.25	-30.00	-19.78	-11.77	25.95
10743321	damage	bot-1100	bravo	bot-1101	alpha	m1911	bullet	33.00	23.87	-19.78	-11.77	-29.18	-16.83	10.68
10743646	kill	bot-1105	bravo	bot-1101	alpha	cz_805_bren	bullet	24.00	0.00	-16.73	-17.31	-27.96	-17.31	11.23
10743804	damage	bot-1099	alpha	bot-1100	bravo	cz_805_bren	bullet	24.00	22.05	-38.25	-30.00	-19.64	-12.72	25.40
10743927	kill	bot-1099	alpha	bot-1100	bravo	cz_805_bren	bullet	24.00	0.00	-38.25	-30.00	-20.24	-12.86	24.87
10744742	damage	bot-1104	alpha	bot-1109	bravo	cz_805_bren	bullet	24.00	76.00	-29.44	-26.71	-24.58	-14.25	13.38
10744780	damage	bot-1105	bravo	bot-1104	alpha	cz_805_bren	bullet	24.00	8.97	-18.13	-20.65	-29.20	-26.60	12.57
10744904	damage	bot-1081	bravo	bot-1093	alpha	five_seven	bullet	20.00	52.26	-3.50	-8.62	-15.37	32.55	42.86
10744904	damage	bot-1099	alpha	bot-1109	bravo	cz_805_bren	bullet	24.00	52.00	-38.15	-30.03	-24.58	-14.25	20.82
10744904	kill	bot-1105	bravo	bot-1104	alpha	cz_805_bren	bullet	24.00	0.00	-18.13	-20.65	-28.86	-26.45	12.20
10745043	damage	bot-1099	alpha	bot-1109	bravo	cz_805_bren	bullet	24.00	28.00	-38.15	-30.05	-24.37	-14.19	21.02
10745081	damage	bot-1081	bravo	bot-1093	alpha	five_seven	bullet	20.00	32.26	-3.50	-8.62	-14.86	33.28	43.42
10745154	damage	bot-1099	alpha	bot-1109	bravo	cz_805_bren	bullet	24.00	4.00	-38.15	-30.06	-24.18	-14.13	21.18
10745273	kill	bot-1099	alpha	bot-1109	bravo	cz_805_bren	bullet	24.00	0.00	-38.15	-30.06	-23.54	-13.94	21.75
10746913	damage	bot-1107	bravo	bot-1108	alpha	five_seven	bullet	20.00	80.00	-75.54	-14.51	-86.73	-21.96	13.44
10747729	damage	bot-1107	bravo	bot-1108	alpha	five_seven	bullet	20.00	60.00	-75.82	-14.71	-86.54	-21.95	12.94
10747729	damage	bot-1108	alpha	bot-1107	bravo	five_seven	bullet	20.00	80.00	-86.54	-21.95	-75.82	-14.71	12.94
10752843	damage	bot-1091	bravo	bot-1093	alpha	cz_805_bren	bullet	24.00	41.00	4.42	-16.67	-12.04	30.54	49.99
10753350	damage	bot-1105	bravo	bot-1099	alpha	cz_805_bren	bullet	24.00	76.00	-14.71	-23.77	-39.10	-30.08	25.19
10753925	damage	bot-1108	alpha	bot-1107	bravo	five_seven	bullet	20.00	60.00	-86.35	-22.50	-83.50	-17.63	5.65
10754071	damage	bot-1108	alpha	bot-1107	bravo	five_seven	bullet	20.00	40.00	-86.35	-22.50	-83.33	-17.46	5.88
10754090	damage	bot-1107	bravo	bot-1108	alpha	five_seven	bullet	20.00	52.37	-83.33	-17.46	-86.35	-22.50	5.88
10754761	damage	bot-1095	alpha	bot-1111	bravo	five_seven	bullet	20.00	80.00	-37.82	-30.09	-35.57	-28.82	2.59
10754761	damage	bot-1099	alpha	bot-1111	bravo	cz_805_bren	bullet	24.00	56.00	-38.17	-30.74	-35.57	-28.82	3.24
10754893	damage	bot-1099	alpha	bot-1111	bravo	cz_805_bren	bullet	24.00	32.00	-38.73	-30.82	-35.67	-28.65	3.75
10754940	damage	bot-1095	alpha	bot-1111	bravo	five_seven	bullet	20.00	12.00	-38.51	-30.11	-35.69	-28.61	3.19
10755012	kill	bot-1099	alpha	bot-1111	bravo	cz_805_bren	bullet	24.00	0.00	-39.22	-30.71	-35.76	-28.51	4.10
10757091	damage	bot-1091	bravo	bot-1093	alpha	cz_805_bren	bullet	24.00	17.00	2.62	-9.11	-18.18	34.06	47.92
10757211	kill	bot-1091	bravo	bot-1093	alpha	cz_805_bren	bullet	24.00	0.00	2.62	-9.11	-18.61	34.45	48.46
10763024	damage	bot-1095	alpha	bot-1107	bravo	five_seven	bullet	20.00	52.55	-36.83	-34.61	-80.58	-17.67	46.93
10763236	damage	bot-1095	alpha	bot-1107	bravo	five_seven	bullet	20.00	32.55	-36.83	-34.61	-80.24	-18.02	46.47
10763453	damage	bot-1095	alpha	bot-1107	bravo	five_seven	bullet	20.00	12.55	-36.83	-34.61	-79.84	-18.46	45.95
10763776	kill	bot-1095	alpha	bot-1107	bravo	five_seven	bullet	20.00	0.00	-36.83	-34.61	-79.70	-18.89	45.67
10766060	damage	bot-1081	bravo	bot-1113	alpha	five_seven	bullet	20.00	80.00	17.14	-19.99	21.29	-12.22	8.80
10766249	damage	bot-1081	bravo	bot-1113	alpha	five_seven	bullet	20.00	60.00	17.14	-19.99	21.25	-12.26	8.75
10766438	damage	bot-1081	bravo	bot-1113	alpha	five_seven	bullet	20.00	40.00	17.16	-19.99	21.44	-12.08	9.00
10766438	damage	bot-1091	bravo	bot-1113	alpha	cz_805_bren	bullet	24.00	16.00	12.46	-17.35	21.44	-12.08	10.41
10766629	kill	bot-1091	bravo	bot-1113	alpha	cz_805_bren	bullet	24.00	0.00	12.46	-17.35	21.63	-11.90	10.67
10770971	damage	bot-1112	bravo	bot-1099	alpha	cz_805_bren	bullet	24.00	52.00	-25.53	-24.07	-28.88	-27.22	4.60
10797075	damage	bot-1099	alpha	bot-1116	bravo	cz_805_bren	bullet	24.00	76.00	-29.08	-21.63	1.93	-14.85	31.74
10797206	damage	bot-1099	alpha	bot-1116	bravo	cz_805_bren	bullet	24.00	52.00	-29.08	-21.63	1.93	-14.85	31.75
10797665	damage	bot-1099	alpha	bot-1116	bravo	cz_805_bren	bullet	24.00	28.00	-29.08	-21.63	2.98	-13.76	33.01
10797782	damage	bot-1099	alpha	bot-1116	bravo	cz_805_bren	bullet	24.00	4.00	-29.08	-21.63	3.40	-13.32	33.53
10809257	kill	bot-1115	bravo	bot-1098	alpha	five_seven	bullet	20.00	0.00	2.30	-10.35	-23.43	-14.46	26.05
10817405	damage	bot-1102	alpha	bot-1119	bravo	m24	bullet	95.00	5.00	-73.98	-41.89	-5.67	-13.23	74.08
10825757	damage	bot-1095	alpha	bot-1116	bravo	five_seven	bullet	20.00	75.09	-28.49	-18.41	3.02	-16.30	31.58
10826351	damage	bot-1095	alpha	bot-1116	bravo	five_seven	bullet	20.00	55.09	-28.49	-18.41	2.54	-15.74	31.14
10826516	damage	bot-1095	alpha	bot-1116	bravo	five_seven	bullet	20.00	35.09	-28.49	-18.41	2.13	-15.32	30.77
10826665	damage	bot-1095	alpha	bot-1116	bravo	five_seven	bullet	20.00	15.09	-28.49	-18.41	1.68	-14.86	30.37
10826807	kill	bot-1095	alpha	bot-1116	bravo	five_seven	bullet	20.00	0.00	-28.49	-18.41	1.25	-14.43	30.01
10832703	damage	bot-1115	bravo	bot-1121	alpha	five_seven	bullet	20.00	80.00	-3.56	-6.21	16.70	-24.78	27.48
10835843	damage	bot-1095	alpha	bot-1122	bravo	five_seven	bullet	20.00	80.00	-15.22	-14.60	-3.82	-13.16	11.49
10836495	damage	bot-1095	alpha	bot-1119	bravo	five_seven	bullet	20.00	75.28	-15.07	-14.61	1.04	-11.35	16.43
10836661	damage	bot-1095	alpha	bot-1119	bravo	five_seven	bullet	20.00	55.28	-15.07	-14.61	1.31	-11.53	16.67
10836801	damage	bot-1095	alpha	bot-1119	bravo	five_seven	bullet	20.00	36.64	-15.08	-14.62	1.98	-11.32	17.38
10837256	damage	bot-1095	alpha	bot-1115	bravo	five_seven	bullet	20.00	80.00	-15.09	-14.63	1.80	-10.56	17.37
10837463	damage	bot-1095	alpha	bot-1115	bravo	five_seven	bullet	20.00	60.00	-15.09	-14.63	1.80	-10.56	17.37
10837611	damage	bot-1095	alpha	bot-1115	bravo	five_seven	bullet	20.00	40.00	-15.09	-14.63	2.24	-10.14	17.90
10838777	kill	bot-1102	alpha	bot-1122	bravo	m24	bullet	95.00	0.00	-48.99	-37.18	-2.55	-12.25	52.71
10839681	damage	bot-1095	alpha	bot-1115	bravo	five_seven	bullet	20.00	20.00	-14.85	-14.84	8.78	-3.29	26.30
10839835	kill	bot-1095	alpha	bot-1115	bravo	five_seven	bullet	20.00	0.00	-14.85	-14.84	8.77	-3.30	26.29
10840326	damage	bot-1118	bravo	bot-1095	alpha	cz_805_bren	bullet	24.00	48.00	-7.28	-11.64	-13.80	-14.80	7.24
10840399	damage	bot-1095	alpha	bot-1118	bravo	five_seven	bullet	20.00	80.00	-14.02	-15.01	-7.28	-11.64	7.53
10840445	damage	bot-1118	bravo	bot-1095	alpha	cz_805_bren	bullet	24.00	24.00	-7.28	-11.64	-14.26	-15.22	7.84
10844554	damage	bot-1119	bravo	bot-1121	alpha	cz_805_bren	bullet	24.00	33.06	1.83	-11.63	11.18	-21.31	13.46
10844669	damage	bot-1119	bravo	bot-1121	alpha	cz_805_bren	bullet	24.00	11.15	1.83	-11.63	11.18	-21.31	13.46
10845534	damage	bot-1119	bravo	bot-1121	alpha	cz_805_bren	bullet	24.00	2.75	2.18	-11.72	11.18	-21.31	13.15
10846011	kill	bot-1119	bravo	bot-1121	alpha	cz_805_bren	bullet	24.00	0.00	2.31	-12.00	11.18	-21.31	12.86
10846360	damage	bot-1095	alpha	bot-1118	bravo	five_seven	bullet	20.00	60.00	-16.29	-16.82	-12.21	-11.59	6.63
10846609	damage	bot-1123	bravo	bot-1120	alpha	m24	bullet	95.00	5.00	88.34	-20.11	24.11	-15.57	64.40
10847324	kill	bot-1119	bravo	bot-1120	alpha	cz_805_bren	bullet	24.00	0.00	1.18	-12.54	22.00	-14.34	20.89
10850181	damage	bot-1095	alpha	bot-1119	bravo	five_seven	bullet	20.00	52.19	-14.96	-14.85	0.01	-13.25	15.05
10850208	damage	bot-1108	alpha	bot-1119	bravo	five_seven	bullet	20.00	32.19	-29.29	-24.38	0.05	-13.27	31.38
10850342	damage	bot-1095	alpha	bot-1119	bravo	five_seven	bullet	20.00	12.19	-14.96	-14.85	0.41	-13.54	15.42
10850381	kill	bot-1108	alpha	bot-1119	bravo	five_seven	bullet	20.00	0.00	-29.30	-24.38	0.51	-13.63	31.69
10851299	damage	bot-1095	alpha	bot-1118	bravo	five_seven	bullet	20.00	52.37	-14.40	-14.69	-3.68	-8.59	12.33
10851719	damage	bot-1095	alpha	bot-1118	bravo	five_seven	bullet	20.00	32.37	-14.36	-14.67	-2.89	-7.79	13.38
10851873	damage	bot-1095	alpha	bot-1118	bravo	five_seven	bullet	20.00	12.37	-14.37	-14.68	-2.26	-7.16	14.25
10852024	kill	bot-1095	alpha	bot-1118	bravo	five_seven	bullet	20.00	0.00	-14.37	-14.68	-1.76	-6.68	14.93
10861057	damage	bot-1110	alpha	bot-1124	bravo	m24	bullet	95.00	5.00	-13.86	-12.19	58.90	-15.62	72.83
10864295	damage	bot-1091	bravo	bot-1125	alpha	cz_805_bren	bullet	24.00	52.31	63.71	35.91	46.51	-10.32	49.33
10864409	damage	bot-1091	bravo	bot-1125	alpha	cz_805_bren	bullet	24.00	28.31	63.71	35.91	46.57	-10.40	49.38
10864520	damage	bot-1091	bravo	bot-1125	alpha	cz_805_bren	bullet	24.00	4.31	63.71	35.91	46.66	-10.50	49.45
10864668	kill	bot-1091	bravo	bot-1125	alpha	cz_805_bren	bullet	24.00	0.00	63.71	35.91	46.97	-10.87	49.69
10874130	kill	bot-1110	alpha	bot-1086	bravo	m24	bullet	95.00	0.00	-11.17	-12.07	24.66	44.39	66.87
10876018	damage	bot-1114	alpha	bot-1127	bravo	cz_805_bren	bullet	24.00	76.00	12.71	-26.50	50.83	-27.31	38.13
10876416	damage	bot-1114	alpha	bot-1128	bravo	cz_805_bren	bullet	24.00	76.00	12.69	-26.50	57.22	-16.12	45.72
10876655	damage	bot-1117	alpha	bot-1127	bravo	five_seven	bullet	20.00	56.00	7.30	-26.42	50.70	-27.33	43.41
10876981	damage	bot-1106	alpha	bot-1124	bravo	cz_805_bren	bullet	24.00	48.28	12.85	-24.94	61.52	-19.40	48.99
10877846	damage	bot-1114	alpha	bot-1128	bravo	cz_805_bren	bullet	24.00	52.00	12.54	-26.46	58.83	-18.63	46.94
10877885	damage	bot-1106	alpha	bot-1128	bravo	cz_805_bren	bullet	24.00	28.00	12.77	-24.98	58.96	-18.63	46.63
10877988	damage	bot-1114	alpha	bot-1128	bravo	cz_805_bren	bullet	24.00	4.00	12.54	-26.46	59.52	-18.63	47.63
10878014	kill	bot-1106	alpha	bot-1128	bravo	cz_805_bren	bullet	24.00	0.00	12.77	-24.98	59.70	-18.63	47.36
10878874	damage	bot-1106	alpha	bot-1123	bravo	cz_805_bren	bullet	24.00	76.00	12.84	-24.85	62.14	-18.93	49.65
10879613	damage	bot-1114	alpha	bot-1123	bravo	cz_805_bren	bullet	24.00	52.00	12.77	-26.81	62.14	-18.93	49.99
10884036	damage	bot-1127	bravo	bot-1106	alpha	cz_805_bren	bullet	24.00	43.42	48.96	-29.88	20.97	-24.60	28.48
10890019	damage	bot-1095	alpha	bot-1127	bravo	five_seven	bullet	20.00	52.04	28.31	-16.39	50.66	-32.17	27.36
10890300	damage	bot-1095	alpha	bot-1127	bravo	five_seven	bullet	20.00	32.04	28.32	-16.38	50.87	-32.33	27.62
10890472	damage	bot-1095	alpha	bot-1127	bravo	five_seven	bullet	20.00	12.04	28.32	-16.37	50.97	-32.43	27.76
10890937	kill	bot-1095	alpha	bot-1127	bravo	five_seven	bullet	20.00	0.00	28.32	-16.37	51.38	-32.84	28.33
10897309	damage	bot-1091	bravo	bot-1110	alpha	cz_805_bren	bullet	24.00	50.63	16.60	45.77	9.97	-0.80	47.04
10897309	damage	bot-1108	alpha	bot-1131	bravo	five_seven	bullet	20.00	80.00	29.74	-15.67	57.89	-20.61	28.58
10897467	damage	bot-1091	bravo	bot-1110	alpha	cz_805_bren	bullet	24.00	26.63	16.60	45.77	9.82	-1.28	47.54
10897467	damage	bot-1108	alpha	bot-1131	bravo	five_seven	bullet	20.00	60.00	29.74	-15.67	57.89	-20.61	28.58
10897625	damage	bot-1108	alpha	bot-1131	bravo	five_seven	bullet	20.00	40.00	29.74	-15.67	57.97	-20.51	28.64
10899401	damage	bot-1106	alpha	bot-1131	bravo	cz_805_bren	bullet	24.00	16.00	14.46	-13.83	60.68	-17.48	46.36
10899401	kill	bot-1114	alpha	bot-1131	bravo	cz_805_bren	bullet	24.00	0.00	31.72	-27.54	60.68	-17.48	30.65
10900052	damage	bot-1114	alpha	bot-1123	bravo	cz_805_bren	bullet	24.00	48.63	31.72	-27.54	63.08	-18.53	32.63
10902020	damage	bot-1114	alpha	bot-1130	bravo	cz_805_bren	bullet	24.00	76.00	31.67	-27.39	65.26	-14.98	35.81
10902233	damage	bot-1114	alpha	bot-1130	bravo	cz_805_bren	bullet	24.00	52.00	31.67	-27.39	65.51	-14.72	36.14
10902436	damage	bot-1114	alpha	bot-1130	bravo	cz_805_bren	bullet	24.00	28.00	31.67	-27.39	65.76	-14.47	36.46
10902620	damage	bot-1114	alpha	bot-1130	bravo	cz_805_bren	bullet	24.00	4.00	31.67	-27.39	66.03	-14.20	36.81
10903162	damage	bot-1114	alpha	bot-1124	bravo	cz_805_bren	bullet	24.00	8.11	31.67	-27.39	65.40	-26.47	33.75
10913115	kill	bot-1117	alpha	bot-1124	bravo	five_seven	bullet	20.00	0.00	24.26	-6.74	61.95	-18.65	39.53
10916908	damage	bot-1117	alpha	bot-1134	bravo	five_seven	bullet	20.00	80.00	30.76	-8.38	59.50	-21.82	31.73
10916993	damage	bot-1114	alpha	bot-1134	bravo	cz_805_bren	bullet	24.00	56.00	52.88	-23.58	59.50	-21.95	6.82
10917059	damage	bot-1117	alpha	bot-1134	bravo	five_seven	bullet	20.00	36.00	30.76	-8.38	59.50	-21.79	31.72
10917116	damage	bot-1106	alpha	bot-1134	bravo	cz_805_bren	bullet	24.00	12.00	40.64	-14.21	59.50	-21.50	20.22
10917116	kill	bot-1114	alpha	bot-1134	bravo	cz_805_bren	bullet	24.00	0.00	52.88	-23.58	59.50	-21.50	6.94
10923138	damage	bot-1091	bravo	bot-1102	alpha	cz_805_bren	bullet	24.00	48.16	13.46	18.28	15.15	-17.05	35.38
10923264	damage	bot-1091	bravo	bot-1102	alpha	cz_805_bren	bullet	24.00	24.16	13.46	18.28	15.43	-17.34	35.68
10923379	damage	bot-1091	bravo	bot-1102	alpha	cz_805_bren	bullet	24.00	0.16	13.46	18.28	15.75	-17.68	36.04
10923641	kill	bot-1091	bravo	bot-1102	alpha	cz_805_bren	bullet	24.00	0.00	13.46	18.28	16.48	-18.46	36.87
10924306	damage	bot-1095	alpha	bot-1132	bravo	five_seven	bullet	20.00	74.31	52.06	-19.62	61.50	-19.63	9.44
10927314	damage	bot-1117	alpha	bot-1135	bravo	five_seven	bullet	20.00	80.00	50.14	-14.47	52.41	-8.73	6.18
10927455	damage	bot-1095	alpha	bot-1132	bravo	five_seven	bullet	20.00	54.31	57.87	-25.03	60.50	-27.13	3.36
10927455	damage	bot-1117	alpha	bot-1135	bravo	five_seven	bullet	20.00	60.00	50.14	-14.48	52.18	-8.51	6.31
10927609	damage	bot-1117	alpha	bot-1135	bravo	five_seven	bullet	20.00	40.00	50.20	-14.50	52.76	-7.91	7.07
10927756	damage	bot-1132	bravo	bot-1095	alpha	cz_805_bren	bullet	24.00	48.18	61.56	-27.13	57.77	-25.89	3.98
10927756	damage	bot-1135	bravo	bot-1117	alpha	five_seven	bullet	20.00	80.00	53.33	-7.33	50.81	-14.62	7.72
10927867	damage	bot-1095	alpha	bot-1132	bravo	five_seven	bullet	20.00	34.31	57.48	-25.52	62.12	-27.13	4.91
10927867	damage	bot-1132	bravo	bot-1095	alpha	cz_805_bren	bullet	24.00	24.18	62.12	-27.13	57.44	-25.47	4.96
10927906	damage	bot-1135	bravo	bot-1117	alpha	five_seven	bullet	20.00	60.00	53.87	-6.79	51.34	-14.72	8.32
10928056	damage	bot-1117	alpha	bot-1135	bravo	five_seven	bullet	20.00	20.00	51.84	-15.08	54.39	-6.27	9.17
10928056	damage	bot-1135	bravo	bot-1117	alpha	five_seven	bullet	20.00	40.00	54.39	-6.27	51.90	-15.12	9.19
10928205	kill	bot-1117	alpha	bot-1135	bravo	five_seven	bullet	20.00	0.00	52.41	-15.46	54.92	-5.74	10.04
10928753	damage	bot-1091	bravo	bot-1106	alpha	cz_805_bren	bullet	24.00	71.09	14.83	10.78	56.34	-13.21	47.95
10928857	damage	bot-1106	alpha	bot-1091	bravo	cz_805_bren	bullet	24.00	71.37	56.31	-13.20	14.83	10.78	47.91
10928896	damage	bot-1091	bravo	bot-1106	alpha	cz_805_bren	bullet	24.00	47.09	14.83	10.78	56.31	-13.20	47.91
10929033	damage	bot-1091	bravo	bot-1106	alpha	cz_805_bren	bullet	24.00	23.09	14.83	10.78	56.55	-13.18	48.11
10929096	damage	bot-1106	alpha	bot-1091	bravo	cz_805_bren	bullet	24.00	47.37	56.64	-13.18	14.83	10.78	48.19
10934126	damage	bot-1095	alpha	bot-1132	bravo	five_seven	bullet	20.00	52.87	56.76	-21.95	59.62	-27.32	6.08
10934214	damage	bot-1132	bravo	bot-1095	alpha	cz_805_bren	bullet	24.00	48.17	59.97	-27.34	56.76	-21.95	6.27
10934273	damage	bot-1095	alpha	bot-1132	bravo	five_seven	bullet	20.00	32.87	56.85	-21.86	60.29	-27.36	6.49
10934331	damage	bot-1132	bravo	bot-1095	alpha	cz_805_bren	bullet	24.00	24.17	60.55	-27.38	57.09	-21.56	6.76
10934685	damage	bot-1117	alpha	bot-1132	bravo	five_seven	bullet	20.00	12.87	61.57	-19.44	62.30	-27.49	8.08
10935426	kill	bot-1117	alpha	bot-1132	bravo	five_seven	bullet	20.00	0.00	61.36	-18.74	64.18	-27.59	9.29
10937366	damage	bot-1114	alpha	bot-1091	bravo	cz_805_bren	bullet	24.00	71.14	56.14	-12.52	16.12	10.20	46.02
10937483	damage	bot-1114	alpha	bot-1091	bravo	cz_805_bren	bullet	24.00	47.14	56.14	-12.52	16.12	10.20	46.02
10950964	damage	bot-1138	bravo	bot-1114	alpha	cz_805_bren	bullet	24.00	61.31	23.28	22.95	55.97	3.35	38.11
10951243	damage	bot-1138	bravo	bot-1114	alpha	cz_805_bren	bullet	24.00	37.31	23.28	22.95	55.75	3.41	37.89
10951382	damage	bot-1138	bravo	bot-1114	alpha	cz_805_bren	bullet	24.00	13.31	23.28	22.95	55.97	3.46	38.06
10951525	kill	bot-1138	bravo	bot-1114	alpha	cz_805_bren	bullet	24.00	0.00	23.28	22.95	56.20	3.51	38.23
10960023	damage	bot-1095	alpha	bot-1091	bravo	five_seven	bullet	20.00	75.25	55.56	-23.65	29.07	6.61	40.22
10960368	damage	bot-1139	bravo	bot-1106	alpha	five_seven	bullet	20.00	75.27	38.74	-10.03	61.18	-18.14	23.86
10960622	damage	bot-1139	bravo	bot-1106	alpha	five_seven	bullet	20.00	55.27	38.74	-10.03	61.39	-18.16	24.07
10963320	damage	bot-1091	bravo	bot-1095	alpha	cz_805_bren	bullet	24.00	48.09	29.30	6.44	57.18	-22.65	40.29
10963476	damage	bot-1091	bravo	bot-1095	alpha	cz_805_bren	bullet	24.00	24.09	29.30	6.44	57.32	-23.17	40.77
10963631	damage	bot-1091	bravo	bot-1095	alpha	cz_805_bren	bullet	24.00	0.09	29.30	6.44	57.46	-23.70	41.25
10964191	damage	bot-1138	bravo	bot-1106	alpha	cz_805_bren	bullet	24.00	31.27	34.10	17.96	66.88	-16.19	47.34
10967798	damage	bot-1138	bravo	bot-1110	alpha	cz_805_bren	bullet	24.00	48.28	36.09	15.62	55.73	6.27	21.76
10968635	damage	bot-1117	alpha	bot-1091	bravo	five_seven	bullet	20.00	55.25	52.61	-25.69	31.56	5.00	37.21
10969120	damage	bot-1106	alpha	bot-1091	bravo	cz_805_bren	bullet	24.00	31.25	65.46	-15.37	30.17	4.70	40.60
10969210	damage	bot-1117	alpha	bot-1091	bravo	five_seven	bullet	20.00	11.25	52.57	-25.56	29.73	4.62	37.86
10969397	kill	bot-1106	alpha	bot-1091	bravo	cz_805_bren	bullet	24.00	0.00	65.46	-15.38	28.76	4.48	41.73
10969579	damage	bot-1139	bravo	bot-1106	alpha	five_seven	bullet	20.00	52.23	29.56	-2.85	65.44	-15.38	38.00
10969670	damage	bot-1106	alpha	bot-1139	bravo	cz_805_bren	bullet	24.00	48.87	65.47	-15.44	29.56	-2.85	38.05
10969751	damage	bot-1139	bravo	bot-1106	alpha	five_seven	bullet	20.00	32.23	29.45	-2.78	65.57	-15.63	38.33
10970081	damage	bot-1139	bravo	bot-1106	alpha	five_seven	bullet	20.00	12.23	28.55	-2.17	66.42	-16.81	40.60
10970238	kill	bot-1139	bravo	bot-1106	alpha	five_seven	bullet	20.00	0.00	27.88	-1.71	66.93	-17.40	42.08
10973669	damage	bot-1136	alpha	bot-1141	bravo	cz_805_bren	bullet	24.00	76.00	79.52	18.18	44.71	21.38	34.96
10973785	damage	bot-1136	alpha	bot-1141	bravo	cz_805_bren	bullet	24.00	52.00	79.52	18.18	44.71	21.38	34.96
10973900	damage	bot-1136	alpha	bot-1141	bravo	cz_805_bren	bullet	24.00	28.00	79.52	18.18	44.52	21.38	35.15
10974030	damage	bot-1136	alpha	bot-1141	bravo	cz_805_bren	bullet	24.00	4.00	79.52	18.18	44.21	21.38	35.45
10974153	kill	bot-1136	alpha	bot-1141	bravo	cz_805_bren	bullet	24.00	0.00	79.52	18.18	43.56	21.38	36.11
10975164	damage	bot-1139	bravo	bot-1117	alpha	five_seven	bullet	20.00	52.36	22.00	1.88	51.90	-18.72	36.31
10975274	damage	bot-1117	alpha	bot-1139	bravo	five_seven	bullet	20.00	52.02	51.97	-18.80	22.00	1.88	36.41
10975420	damage	bot-1138	bravo	bot-1110	alpha	cz_805_bren	bullet	24.00	48.19	31.35	14.00	57.96	10.50	26.84
10975627	damage	bot-1095	alpha	bot-1139	bravo	five_seven	bullet	20.00	32.02	53.29	-19.66	21.31	2.59	38.95
10978478	damage	bot-1142	bravo	bot-1110	alpha	cz_805_bren	bullet	24.00	44.09	58.68	7.67	63.38	11.56	6.10
10978595	damage	bot-1142	bravo	bot-1110	alpha	cz_805_bren	bullet	24.00	20.09	58.38	7.36	63.90	11.40	6.84
10978706	damage	bot-1110	alpha	bot-1142	bravo	m1911	bullet	33.00	67.00	64.24	11.30	58.18	7.15	7.35
10978828	kill	bot-1142	bravo	bot-1110	alpha	cz_805_bren	bullet	24.00	0.00	57.86	6.81	65.02	11.07	8.34
10978979	damage	bot-1117	alpha	bot-1138	bravo	five_seven	bullet	20.00	80.00	55.77	-23.19	36.57	13.20	41.14
10979520	damage	bot-1117	alpha	bot-1138	bravo	five_seven	bullet	20.00	60.00	55.71	-22.97	36.78	12.95	40.60
10981385	damage	bot-1117	alpha	bot-1137	bravo	five_seven	bullet	20.00	80.00	55.36	-21.85	43.02	8.99	33.22
10981722	damage	bot-1117	alpha	bot-1137	bravo	five_seven	bullet	20.00	60.00	55.34	-21.79	43.05	8.96	33.12
10983201	damage	bot-1095	alpha	bot-1137	bravo	five_seven	bullet	20.00	40.00	50.13	-13.53	46.27	11.69	25.51
10983449	damage	bot-1139	bravo	bot-1095	alpha	five_seven	bullet	20.00	52.48	24.14	5.21	50.13	-13.53	32.04
10983989	damage	bot-1139	bravo	bot-1095	alpha	five_seven	bullet	20.00	32.48	24.50	5.15	50.06	-15.60	32.93
10984604	damage	bot-1139	bravo	bot-1117	alpha	five_seven	bullet	20.00	52.13	24.63	5.11	53.54	-17.61	36.77
10984954	damage	bot-1139	bravo	bot-1117	alpha	five_seven	bullet	20.00	32.13	24.66	5.11	53.82	-18.50	37.52
10985117	damage	bot-1139	bravo	bot-1117	alpha	five_seven	bullet	20.00	12.13	24.66	5.13	54.33	-19.06	38.28
10985257	kill	bot-1139	bravo	bot-1117	alpha	five_seven	bullet	20.00	0.00	24.66	5.13	54.68	-19.60	38.89
10986019	damage	bot-1139	bravo	bot-1095	alpha	five_seven	bullet	20.00	33.20	25.04	5.00	49.99	-17.32	33.48
10986172	damage	bot-1139	bravo	bot-1095	alpha	five_seven	bullet	20.00	15.95	25.04	5.00	49.99	-17.32	33.48
10986316	kill	bot-1139	bravo	bot-1095	alpha	five_seven	bullet	20.00	0.00	25.04	5.00	49.99	-17.31	33.48
10992115	damage	bot-1136	alpha	bot-1142	bravo	cz_805_bren	bullet	24.00	33.68	52.80	36.08	68.60	15.06	26.30
10992226	damage	bot-1136	alpha	bot-1142	bravo	cz_805_bren	bullet	24.00	9.68	52.80	36.08	68.88	14.79	26.68
10992352	kill	bot-1136	alpha	bot-1142	bravo	cz_805_bren	bullet	24.00	0.00	52.80	36.08	69.19	14.49	27.11
10998220	damage	bot-1136	alpha	bot-1139	bravo	cz_805_bren	bullet	24.00	48.23	58.80	28.57	45.21	-11.10	41.94
10998459	damage	bot-1136	alpha	bot-1139	bravo	cz_805_bren	bullet	24.00	24.23	58.80	28.57	44.09	-11.64	42.82
11007192	damage	bot-1126	alpha	bot-1137	bravo	five_seven	bullet	20.00	52.37	19.61	-43.85	45.25	-12.97	40.14
11007468	damage	bot-1126	alpha	bot-1137	bravo	five_seven	bullet	20.00	32.37	19.61	-43.85	45.28	-12.86	40.24
11010057	damage	bot-1126	alpha	bot-1139	bravo	five_seven	bullet	20.00	52.37	20.73	-43.67	46.50	-9.65	42.68
11015421	damage	bot-1139	bravo	bot-1144	alpha	m1911	bullet	33.00	29.44	42.99	-4.73	31.87	-37.72	34.81
11015784	damage	bot-1139	bravo	bot-1144	alpha	m1911	bullet	33.00	4.40	42.99	-4.73	30.81	-39.41	36.76
11016023	damage	bot-1144	alpha	bot-1138	bravo	cz_805_bren	bullet	24.00	48.30	30.60	-40.38	32.19	-28.17	12.31
11017168	kill	bot-1139	bravo	bot-1144	alpha	m1911	bullet	33.00	0.00	42.97	-4.81	28.68	-41.71	39.57
11029542	damage	bot-1146	bravo	bot-1126	alpha	five_seven	bullet	20.00	52.75	3.07	-12.41	11.62	-43.53	32.27
11033581	damage	bot-1148	alpha	bot-1137	bravo	five_seven	bullet	20.00	57.26	32.16	-39.42	47.22	-20.14	24.46
11033796	damage	bot-1148	alpha	bot-1137	bravo	five_seven	bullet	20.00	37.26	32.16	-39.42	47.39	-19.95	24.71
11033968	damage	bot-1148	alpha	bot-1137	bravo	five_seven	bullet	20.00	17.26	32.16	-39.42	47.88	-19.42	25.44
11034129	kill	bot-1148	alpha	bot-1137	bravo	five_seven	bullet	20.00	0.00	32.16	-39.42	48.42	-18.83	26.24
11035497	damage	bot-1148	alpha	bot-1138	bravo	five_seven	bullet	20.00	52.57	32.56	-38.48	35.42	-32.44	6.67
11035658	damage	bot-1148	alpha	bot-1138	bravo	five_seven	bullet	20.00	32.57	32.56	-38.48	35.78	-31.58	7.61
11037221	damage	bot-1145	bravo	bot-1148	alpha	cz_805_bren	bullet	24.00	48.97	8.22	-21.05	32.27	-36.59	28.64
11040544	damage	bot-1148	alpha	bot-1151	bravo	five_seven	bullet	20.00	80.00	31.69	-42.16	7.36	-34.88	25.40
11040610	damage	bot-1140	alpha	bot-1153	bravo	five_seven	bullet	20.00	80.00	30.81	-36.12	11.69	-20.04	24.99
11041815	damage	bot-1129	alpha	bot-1138	bravo	five_seven	bullet	20.00	52.07	28.62	-37.57	37.20	-33.60	9.45
11041928	damage	bot-1138	bravo	bot-1140	alpha	cz_805_bren	bullet	24.00	48.10	37.55	-33.92	29.82	-34.95	7.80
11042005	kill	bot-1149	bravo	bot-1136	alpha	m24	bullet	95.00	0.00	-0.64	-11.93	15.35	15.62	31.84
11042043	damage	bot-1138	bravo	bot-1140	alpha	cz_805_bren	bullet	24.00	24.10	37.93	-34.28	29.84	-35.14	8.14
11042149	damage	bot-1129	alpha	bot-1138	bravo	five_seven	bullet	20.00	32.07	28.62	-37.57	38.06	-34.40	9.96
11042149	damage	bot-1148	alpha	bot-1138	bravo	five_seven	bullet	20.00	12.07	31.21	-41.96	38.23	-34.55	10.20
11042302	kill	bot-1129	alpha	bot-1138	bravo	five_seven	bullet	20.00	0.00	28.62	-37.57	38.58	-34.88	10.31
11043505	damage	bot-1140	alpha	bot-1151	bravo	five_seven	bullet	20.00	60.00	26.87	-39.20	8.23	-39.27	18.64
11045240	damage	bot-1126	alpha	bot-1151	bravo	five_seven	bullet	20.00	40.00	-2.68	-42.01	3.82	-44.04	6.81
11045388	damage	bot-1126	alpha	bot-1151	bravo	five_seven	bullet	20.00	20.00	-2.68	-42.01	3.27	-44.10	6.30
11045551	kill	bot-1126	alpha	bot-1151	bravo	five_seven	bullet	20.00	0.00	-2.68	-42.01	3.27	-44.10	6.31
11047437	damage	bot-1126	alpha	bot-1146	bravo	five_seven	bullet	20.00	67.31	-1.01	-42.49	11.71	-39.73	13.02
11049101	damage	bot-1155	alpha	bot-1146	bravo	cz_805_bren	bullet	24.00	43.31	6.35	-43.63	11.91	-39.85	6.73
11049657	damage	bot-1126	alpha	bot-1145	bravo	five_seven	bullet	20.00	52.21	-0.82	-41.66	8.79	-16.20	27.21
11049812	damage	bot-1126	alpha	bot-1145	bravo	five_seven	bullet	20.00	32.21	-0.82	-41.66	8.71	-15.96	27.42
11051909	damage	bot-1139	bravo	bot-1148	alpha	five_seven	bullet	20.00	28.97	45.61	-19.71	26.19	-42.12	29.66
11052587	damage	bot-1126	alpha	bot-1146	bravo	five_seven	bullet	20.00	38.65	-0.63	-39.53	6.24	-33.85	8.92
11052739	damage	bot-1126	alpha	bot-1146	bravo	five_seven	bullet	20.00	21.08	-0.62	-39.53	6.24	-33.85	8.91
11052892	damage	bot-1126	alpha	bot-1146	bravo	five_seven	bullet	20.00	4.20	-0.62	-39.51	6.24	-33.85	8.90
11053056	kill	bot-1126	alpha	bot-1146	bravo	five_seven	bullet	20.00	0.00	-0.61	-39.50	6.24	-33.85	8.88
11054952	kill	bot-1152	alpha	bot-1139	bravo	cz_805_bren	bullet	24.00	0.00	49.20	-8.13	47.96	-15.43	7.40
11057921	damage	bot-1126	alpha	bot-1149	bravo	five_seven	bullet	20.00	80.00	-0.85	-35.49	11.70	-4.75	33.20
11058077	damage	bot-1126	alpha	bot-1149	bravo	five_seven	bullet	20.00	47.01	-0.85	-35.49	12.02	-4.40	33.65
11058293	damage	bot-1155	alpha	bot-1149	bravo	cz_805_bren	bullet	24.00	23.01	8.33	-39.16	12.53	-3.93	35.48
11058423	kill	bot-1155	alpha	bot-1149	bravo	cz_805_bren	bullet	24.00	0.00	8.33	-39.16	12.74	-3.74	35.69
11059833	damage	bot-1156	bravo	bot-1152	alpha	m24	bullet	95.00	5.00	32.42	47.50	45.54	-7.42	56.46
11060164	damage	bot-1147	alpha	bot-1145	bravo	cz_805_bren	bullet	24.00	4.23	17.22	-39.73	15.69	-5.77	33.99
11060183	kill	bot-1155	alpha	bot-1145	bravo	cz_805_bren	bullet	24.00	0.00	8.44	-36.74	15.73	-5.70	31.88
11063855	damage	bot-1156	bravo	bot-1150	alpha	m24	bullet	95.00	5.00	32.57	44.18	44.86	3.15	42.83
11063931	kill	bot-1154	bravo	bot-1150	alpha	five_seven	bullet	20.00	0.00	34.18	35.87	45.15	2.92	34.73
11065335	damage	bot-1154	bravo	bot-1152	alpha	five_seven	bullet	20.00	40.43	34.50	34.08	51.29	-12.94	49.93
11065641	damage	bot-1154	bravo	bot-1152	alpha	five_seven	bullet	20.00	25.92	34.50	34.08	51.29	-12.94	49.93
11065796	damage	bot-1154	bravo	bot-1152	alpha	five_seven	bullet	20.00	8.72	34.50	34.08	51.29	-12.94	49.93
11065942	kill	bot-1154	bravo	bot-1152	alpha	five_seven	bullet	20.00	0.00	34.50	34.08	51.29	-12.94	49.93
11066030	damage	bot-1155	alpha	bot-1153	bravo	cz_805_bren	bullet	24.00	48.06	10.30	-25.78	-0.44	-3.20	25.01
11069830	damage	bot-1126	alpha	bot-1153	bravo	five_seven	bullet	20.00	13.58	7.01	-18.51	-10.04	-1.03	24.42
11074783	damage	bot-1126	alpha	bot-1157	bravo	five_seven	bullet	20.00	80.00	12.30	-23.74	36.87	19.53	49.76
11074939	damage	bot-1126	alpha	bot-1157	bravo	five_seven	bullet	20.00	60.00	12.30	-23.74	36.87	19.53	49.76
11075093	damage	bot-1126	alpha	bot-1157	bravo	five_seven	bullet	20.00	40.00	12.30	-23.74	36.72	19.72	49.85
11081718	damage	bot-1159	bravo	bot-1147	alpha	cz_805_bren	bullet	24.00	48.02	37.81	22.23	18.57	-20.62	46.98
11091175	damage	bot-1140	alpha	bot-1154	bravo	five_seven	bullet	20.00	80.00	14.29	-21.24	31.52	10.63	36.24
11091276	damage	bot-1154	bravo	bot-1140	alpha	five_seven	bullet	20.00	52.57	31.52	10.63	14.29	-21.25	36.24
11091316	damage	bot-1140	alpha	bot-1154	bravo	five_seven	bullet	20.00	60.00	14.31	-21.28	31.52	10.63	36.25
11091735	damage	bot-1126	alpha	bot-1159	bravo	five_seven	bullet	20.00	80.00	9.94	-27.96	32.30	9.91	43.98
11091886	damage	bot-1126	alpha	bot-1159	bravo	five_seven	bullet	20.00	60.00	9.94	-27.96	32.26	9.57	43.66
11092036	damage	bot-1126	alpha	bot-1159	bravo	five_seven	bullet	20.00	40.00	9.94	-27.96	32.44	9.63	43.81
11092036	damage	bot-1140	alpha	bot-1159	bravo	five_seven	bullet	20.00	20.00	14.71	-20.08	32.44	9.63	34.59
11092198	kill	bot-1126	alpha	bot-1159	bravo	five_seven	bullet	20.00	0.00	9.94	-27.96	32.87	9.78	44.15
11094780	damage	bot-1126	alpha	bot-1154	bravo	five_seven	bullet	20.00	16.91	12.34	-23.63	36.64	20.02	49.96
11094932	kill	bot-1126	alpha	bot-1154	bravo	five_seven	bullet	20.00	0.00	12.34	-23.63	36.64	20.02	49.96
11095987	damage	bot-1126	alpha	bot-1157	bravo	five_seven	bullet	20.00	66.45	12.61	-22.94	37.34	20.30	49.82
11096132	damage	bot-1126	alpha	bot-1157	bravo	five_seven	bullet	20.00	46.45	12.61	-22.94	37.34	20.30	49.82
11096286	damage	bot-1126	alpha	bot-1157	bravo	five_seven	bullet	20.00	26.45	12.61	-22.94	37.21	20.52	49.95
11096462	damage	bot-1147	alpha	bot-1157	bravo	cz_805_bren	bullet	24.00	2.45	22.69	-12.03	36.87	21.11	36.05
11097597	damage	bot-1148	alpha	bot-1161	bravo	five_seven	bullet	20.00	41.39	31.54	-3.91	33.46	16.08	20.09
11098763	damage	bot-1126	alpha	bot-1161	bravo	five_seven	bullet	20.00	21.39	14.29	-20.56	36.60	19.17	45.57
11098909	damage	bot-1126	alpha	bot-1161	bravo	five_seven	bullet	20.00	1.39	14.29	-20.58	37.11	19.60	46.21
11099058	kill	bot-1126	alpha	bot-1161	bravo	five_seven	bullet	20.00	0.00	14.29	-20.58	37.79	19.96	46.86
11101194	damage	bot-1148	alpha	bot-1157	bravo	five_seven	bullet	20.00	39.39	31.65	-1.60	35.15	24.13	25.97
11101678	damage	bot-1148	alpha	bot-1157	bravo	five_seven	bullet	20.00	28.10	31.65	-1.37	35.15	24.13	25.74
11102406	damage	bot-1148	alpha	bot-1157	bravo	five_seven	bullet	20.00	20.87	31.65	-1.28	35.15	24.13	25.65
11102548	damage	bot-1148	alpha	bot-1157	bravo	five_seven	bullet	20.00	3.55	31.65	-1.28	35.15	24.13	25.65
11102697	kill	bot-1148	alpha	bot-1157	bravo	five_seven	bullet	20.00	0.00	31.66	-1.28	35.15	24.13	25.65
11102939	damage	bot-1129	alpha	bot-1162	bravo	m24	bullet	95.00	5.00	22.12	-20.34	35.23	25.31	47.50
11103028	kill	bot-1148	alpha	bot-1162	bravo	five_seven	bullet	20.00	0.00	31.67	-1.20	35.15	25.48	26.90
11103569	damage	bot-1148	alpha	bot-1156	bravo	five_seven	bullet	20.00	60.06	31.68	-0.89	30.47	11.97	12.92
11104043	damage	bot-1148	alpha	bot-1156	bravo	five_seven	bullet	20.00	40.06	31.71	-0.76	30.51	12.24	13.06
11108739	damage	bot-1140	alpha	bot-1156	bravo	five_seven	bullet	20.00	52.15	32.13	10.56	28.01	13.67	5.16
11108882	damage	bot-1140	alpha	bot-1156	bravo	five_seven	bullet	20.00	32.15	32.13	10.56	28.48	14.24	5.18
11108980	damage	bot-1156	bravo	bot-1140	alpha	m1911	bullet	33.00	39.20	28.79	14.62	32.13	10.56	5.26
11109041	damage	bot-1140	alpha	bot-1156	bravo	five_seven	bullet	20.00	12.15	32.27	10.69	28.72	14.81	5.44
11109642	damage	bot-1140	alpha	bot-1163	bravo	five_seven	bullet	20.00	80.00	34.56	11.86	28.56	23.02	12.68
11109672	kill	bot-1148	alpha	bot-1156	bravo	five_seven	bullet	20.00	0.00	32.28	10.75	26.97	16.66	7.94
11110222	damage	bot-1140	alpha	bot-1163	bravo	five_seven	bullet	20.00	60.00	34.68	11.40	27.92	25.37	15.51
11110519	damage	bot-1140	alpha	bot-1163	bravo	five_seven	bullet	20.00	40.00	33.61	10.46	27.01	26.65	17.49
11114458	damage	bot-1147	alpha	bot-1163	bravo	cz_805_bren	bullet	24.00	48.37	33.55	9.15	26.74	29.44	21.40
11114584	damage	bot-1147	alpha	bot-1163	bravo	cz_805_bren	bullet	24.00	24.37	33.55	9.15	26.58	29.56	21.57
11119762	kill	bot-1140	alpha	bot-1163	bravo	five_seven	bullet	20.00	0.00	31.55	16.69	13.70	37.02	27.05
11120396	damage	bot-1140	alpha	bot-1164	bravo	five_seven	bullet	20.00	80.00	31.54	17.24	12.11	30.88	23.74
11121531	damage	bot-1164	bravo	bot-1147	alpha	cz_805_bren	bullet	24.00	48.04	11.30	31.61	34.03	15.92	27.62
11121648	damage	bot-1164	bravo	bot-1147	alpha	cz_805_bren	bullet	24.00	24.04	11.31	31.61	34.36	15.58	28.07
11121767	damage	bot-1164	bravo	bot-1147	alpha	cz_805_bren	bullet	24.00	0.04	11.31	31.61	34.69	15.25	28.54
11121892	kill	bot-1164	bravo	bot-1147	alpha	cz_805_bren	bullet	24.00	0.00	11.31	31.61	35.03	14.90	29.02
11127049	damage	bot-1164	bravo	bot-1140	alpha	cz_805_bren	bullet	24.00	40.44	20.90	27.88	40.42	7.50	28.22
11127696	damage	bot-1164	bravo	bot-1140	alpha	cz_805_bren	bullet	24.00	28.08	21.16	27.88	40.42	7.50	28.04
11127810	damage	bot-1164	bravo	bot-1140	alpha	cz_805_bren	bullet	24.00	6.14	21.16	27.88	40.42	7.50	28.04
11127925	kill	bot-1164	bravo	bot-1140	alpha	cz_805_bren	bullet	24.00	0.00	21.16	27.87	40.42	7.50	28.03
11131927	damage	bot-1165	bravo	bot-1148	alpha	five_seven	bullet	20.00	10.81	12.67	6.89	47.67	-23.32	46.23
11132407	kill	bot-1165	bravo	bot-1148	alpha	five_seven	bullet	20.00	0.00	12.69	6.85	47.86	-25.62	47.87
11149153	damage	bot-1165	bravo	bot-1129	alpha	five_seven	bullet	20.00	65.76	30.15	12.80	43.70	-34.86	49.55
11149453	damage	bot-1165	bravo	bot-1129	alpha	five_seven	bullet	20.00	45.76	30.15	12.80	43.70	-34.74	49.44
11154010	damage	bot-1129	alpha	bot-1167	bravo	five_seven	bullet	20.00	80.00	51.09	-28.60	61.50	-28.63	10.41
11155625	damage	bot-1126	alpha	bot-1167	bravo	five_seven	bullet	20.00	60.00	94.98	-43.02	63.36	-29.99	34.20
11155767	damage	bot-1126	alpha	bot-1167	bravo	five_seven	bullet	20.00	40.00	94.98	-43.01	62.75	-29.98	34.77
11155790	damage	bot-1164	bravo	bot-1143	alpha	cz_805_bren	bullet	24.00	76.00	47.12	-9.30	16.54	-47.56	48.98
11155903	damage	bot-1164	bravo	bot-1143	alpha	cz_805_bren	bullet	24.00	52.00	47.12	-9.30	16.54	-47.56	48.98
11156328	damage	bot-1129	alpha	bot-1167	bravo	five_seven	bullet	20.00	20.00	54.37	-31.09	61.13	-27.72	7.55
11156472	kill	bot-1129	alpha	bot-1167	bravo	five_seven	bullet	20.00	0.00	54.52	-31.29	60.48	-27.48	7.07
11157143	damage	bot-1155	alpha	bot-1169	bravo	cz_805_bren	bullet	24.00	76.00	88.99	-44.73	71.49	-31.93	21.68
11157260	damage	bot-1155	alpha	bot-1169	bravo	cz_805_bren	bullet	24.00	52.00	88.99	-44.73	71.49	-31.93	21.68
11157372	damage	bot-1155	alpha	bot-1169	bravo	cz_805_bren	bullet	24.00	28.00	88.99	-44.73	71.44	-31.98	21.69
11157488	damage	bot-1155	alpha	bot-1169	bravo	cz_805_bren	bullet	24.00	4.00	88.99	-44.73	71.13	-32.32	21.75
11157645	kill	bot-1126	alpha	bot-1169	bravo	five_seven	bullet	20.00	0.00	94.50	-40.11	70.74	-32.76	24.87
11164168	kill	bot-1143	alpha	bot-1164	bravo	m24	bullet	95.00	0.00	16.28	-41.62	47.87	-25.39	35.51
11178318	damage	bot-1165	bravo	bot-1143	alpha	five_seven	bullet	20.00	52.31	45.33	-27.10	24.50	-42.63	25.98
11182564	damage	bot-1165	bravo	bot-1143	alpha	five_seven	bullet	20.00	50.21	43.04	-29.75	18.89	-44.40	28.26
11182858	damage	bot-1165	bravo	bot-1143	alpha	five_seven	bullet	20.00	30.21	43.04	-29.75	18.14	-45.14	29.28
11183009	damage	bot-1165	bravo	bot-1143	alpha	five_seven	bullet	20.00	10.21	43.04	-29.75	17.69	-45.57	29.88
11183167	kill	bot-1165	bravo	bot-1143	alpha	five_seven	bullet	20.00	0.00	43.04	-29.75	17.18	-45.97	30.54
11202737	damage	bot-1126	alpha	bot-1165	bravo	five_seven	bullet	20.00	80.00	55.22	-15.16	59.62	2.45	18.15
11202892	damage	bot-1126	alpha	bot-1165	bravo	five_seven	bullet	20.00	60.00	55.22	-15.16	59.47	2.07	17.74
11204230	damage	bot-1155	alpha	bot-1165	bravo	cz_805_bren	bullet	24.00	36.00	54.79	-15.06	64.18	0.49	18.17
11204346	damage	bot-1126	alpha	bot-1165	bravo	five_seven	bullet	20.00	16.00	55.22	-14.37	64.18	0.49	17.35
11204346	kill	bot-1155	alpha	bot-1165	bravo	cz_805_bren	bullet	24.00	0.00	54.79	-15.06	64.18	0.49	18.17
11206358	damage	bot-1176	bravo	bot-1166	alpha	cz_805_bren	bullet	24.00	76.00	-72.20	-46.34	-28.97	-43.69	43.31
11206478	damage	bot-1176	bravo	bot-1166	alpha	cz_805_bren	bullet	24.00	52.00	-72.20	-46.34	-29.22	-43.60	43.07
11207206	damage	bot-1176	bravo	bot-1168	alpha	cz_805_bren	bullet	24.00	76.00	-72.20	-46.34	-30.25	-44.01	42.01
11207328	damage	bot-1176	bravo	bot-1168	alpha	cz_805_bren	bullet	24.00	52.00	-72.20	-46.34	-30.36	-44.02	41.90
11215202	damage	bot-1168	alpha	bot-1173	bravo	cz_805_bren	bullet	24.00	76.00	-29.03	-42.00	-71.13	-45.28	42.24
11215320	damage	bot-1168	alpha	bot-1173	bravo	cz_805_bren	bullet	24.00	52.00	-29.03	-42.00	-71.13	-45.28	42.24
11215499	damage	bot-1172	bravo	bot-1170	alpha	five_seven	bullet	20.00	80.00	-58.75	-38.15	-31.84	-42.19	27.21
11215696	damage	bot-1170	alpha	bot-1172	bravo	five_seven	bullet	20.00	80.00	-31.84	-42.19	-58.74	-38.13	27.21
11215997	damage	bot-1170	alpha	bot-1172	bravo	five_seven	bullet	20.00	60.00	-31.84	-42.19	-58.65	-38.32	27.08
11216146	damage	bot-1170	alpha	bot-1172	bravo	five_seven	bullet	20.00	40.00	-31.84	-42.19	-58.91	-38.25	27.36
11216146	damage	bot-1172	bravo	bot-1170	alpha	five_seven	bullet	20.00	60.00	-58.91	-38.25	-31.84	-42.19	27.36
11216301	damage	bot-1170	alpha	bot-1172	bravo	five_seven	bullet	20.00	20.00	-31.68	-42.15	-59.35	-38.14	27.96
11219286	damage	bot-1168	alpha	bot-1171	bravo	cz_805_bren	bullet	24.00	49.54	-29.55	-42.85	-60.98	-39.26	31.64
11219534	damage	bot-1168	alpha	bot-1171	bravo	cz_805_bren	bullet	24.00	25.54	-29.55	-42.85	-61.37	-38.63	32.10
11219661	damage	bot-1168	alpha	bot-1171	bravo	cz_805_bren	bullet	24.00	1.54	-29.55	-42.85	-61.66	-38.36	32.43
11219788	kill	bot-1168	alpha	bot-1171	bravo	cz_805_bren	bullet	24.00	0.00	-29.55	-42.85	-61.54	-38.11	32.34
11220105	damage	bot-1170	alpha	bot-1174	bravo	five_seven	bullet	20.00	80.00	-31.20	-42.52	-63.42	-38.27	32.50
11220252	damage	bot-1170	alpha	bot-1174	bravo	five_seven	bullet	20.00	60.00	-31.20	-42.52	-63.18	-38.04	32.29
11220445	damage	bot-1170	alpha	bot-1174	bravo	five_seven	bullet	20.00	40.00	-31.20	-42.52	-62.98	-37.86	32.12
11220590	damage	bot-1170	alpha	bot-1174	bravo	five_seven	bullet	20.00	20.00	-31.20	-42.52	-62.69	-37.59	31.87
11229817	damage	bot-1177	bravo	bot-1158	alpha	five_seven	bullet	20.00	80.00	-60.28	-42.69	-50.58	-40.44	9.97
11230637	damage	bot-1158	alpha	bot-1176	bravo	five_seven	bullet	20.00	75.14	-50.82	-40.44	-61.20	-46.94	12.25
11250871	damage	bot-1177	bravo	bot-1166	alpha	five_seven	bullet	20.00	55.81	-64.78	-33.34	-47.45	-27.07	18.43
11250982	damage	bot-1168	alpha	bot-1177	bravo	cz_805_bren	bullet	24.00	48.24	-28.69	-30.60	-64.78	-33.34	36.19
11251046	damage	bot-1177	bravo	bot-1166	alpha	five_seven	bullet	20.00	35.81	-64.76	-33.40	-47.27	-26.90	18.66
11251182	damage	bot-1168	alpha	bot-1177	bravo	cz_805_bren	bullet	24.00	24.24	-28.69	-30.60	-64.73	-33.47	36.16
11251466	damage	bot-1168	alpha	bot-1177	bravo	cz_805_bren	bullet	24.00	0.24	-28.69	-30.60	-64.71	-33.54	36.14
11251466	damage	bot-1177	bravo	bot-1166	alpha	five_seven	bullet	20.00	15.81	-64.71	-33.54	-46.91	-26.56	19.13
11251775	kill	bot-1177	bravo	bot-1166	alpha	five_seven	bullet	20.00	0.00	-64.64	-33.72	-46.73	-26.38	19.36
11252390	kill	bot-1177	bravo	bot-1182	alpha	five_seven	bullet	20.00	0.00	-64.76	-34.18	-48.85	-28.24	16.99
11257136	damage	bot-1168	alpha	bot-1173	bravo	cz_805_bren	bullet	24.00	48.71	-30.42	-31.54	-72.36	-45.53	44.21
11259974	kill	bot-1179	bravo	bot-1158	alpha	m24	bullet	95.00	0.00	-23.27	-48.58	-43.78	-27.28	29.57
11265771	damage	bot-1177	bravo	bot-1168	alpha	five_seven	bullet	20.00	49.82	-62.51	-38.86	-30.83	-41.52	31.79
11266179	damage	bot-1177	bravo	bot-1168	alpha	five_seven	bullet	20.00	29.82	-62.38	-38.89	-29.71	-42.76	32.90
11267631	kill	bot-1168	alpha	bot-1179	bravo	cz_805_bren	bullet	24.00	0.00	-24.77	-46.77	-8.09	-45.32	16.75
11267903	damage	bot-1183	bravo	bot-1168	alpha	five_seven	bullet	20.00	9.82	-8.66	-46.03	-23.88	-47.07	15.26
11268053	kill	bot-1183	bravo	bot-1168	alpha	five_seven	bullet	20.00	0.00	-8.23	-46.42	-23.25	-47.25	15.05
11276327	damage	bot-1184	alpha	bot-1176	bravo	five_seven	bullet	20.00	52.41	-40.90	-6.59	-52.45	-40.42	35.74
11276487	damage	bot-1184	alpha	bot-1176	bravo	five_seven	bullet	20.00	32.41	-40.90	-6.59	-52.70	-40.66	36.06
11282567	damage	bot-1183	bravo	bot-1187	alpha	five_seven	bullet	20.00	80.00	-25.55	-48.62	3.62	-30.63	34.27
11282721	damage	bot-1183	bravo	bot-1187	alpha	five_seven	bullet	20.00	60.00	-25.55	-48.62	3.62	-30.63	34.27
11282871	damage	bot-1183	bravo	bot-1187	alpha	five_seven	bullet	20.00	40.00	-25.55	-48.62	3.60	-30.39	34.37
11284547	kill	bot-1186	bravo	bot-1187	alpha	m24	bullet	95.00	0.00	-22.86	-48.73	6.46	-24.46	38.05
11286064	damage	bot-1184	alpha	bot-1177	bravo	five_seven	bullet	20.00	52.32	-39.40	-8.92	-61.02	-32.25	31.80
11287988	damage	bot-1184	alpha	bot-1176	bravo	five_seven	bullet	20.00	75.15	-39.11	-9.34	-52.28	-40.11	33.47
11288161	damage	bot-1184	alpha	bot-1176	bravo	five_seven	bullet	20.00	55.15	-39.11	-9.34	-52.28	-40.11	33.47
11288246	damage	bot-1176	bravo	bot-1184	alpha	cz_805_bren	bullet	24.00	42.01	-52.28	-40.11	-39.11	-9.34	33.47
11300008	damage	bot-1185	alpha	bot-1177	bravo	five_seven	bullet	20.00	52.23	-46.32	-11.09	-51.89	-23.78	13.86
11309195	damage	bot-1184	alpha	bot-1186	bravo	five_seven	bullet	20.00	50.22	-36.01	-8.72	-10.88	-29.81	32.81
11309750	damage	bot-1181	bravo	bot-1184	alpha	cz_805_bren	bullet	24.00	48.56	-35.85	-34.01	-35.83	-8.75	25.25
11310252	damage	bot-1181	bravo	bot-1184	alpha	cz_805_bren	bullet	24.00	24.56	-35.88	-33.89	-34.85	-7.63	26.28
11310364	damage	bot-1181	bravo	bot-1184	alpha	cz_805_bren	bullet	24.00	0.56	-35.88	-33.89	-34.50	-7.21	26.72
11310484	kill	bot-1181	bravo	bot-1184	alpha	cz_805_bren	bullet	24.00	0.00	-35.88	-33.89	-34.15	-6.83	27.12
11315509	damage	bot-1181	bravo	bot-1185	alpha	cz_805_bren	bullet	24.00	51.11	-36.60	-34.10	-50.77	-10.90	27.19
11315739	damage	bot-1181	bravo	bot-1185	alpha	cz_805_bren	bullet	24.00	27.11	-36.60	-34.10	-51.92	-11.02	27.70
11322107	damage	bot-1176	bravo	bot-1185	alpha	cz_805_bren	bullet	24.00	48.27	-49.65	-23.31	-50.56	-10.29	13.05
11322107	damage	bot-1177	bravo	bot-1185	alpha	five_seven	bullet	20.00	28.27	-50.49	-14.38	-50.56	-10.29	4.09
11322305	damage	bot-1177	bravo	bot-1185	alpha	five_seven	bullet	20.00	8.27	-50.49	-14.38	-50.54	-9.62	4.76
11322305	damage	bot-1185	alpha	bot-1177	bravo	five_seven	bullet	20.00	52.20	-50.54	-9.62	-50.49	-14.38	4.76
11322371	kill	bot-1176	bravo	bot-1185	alpha	cz_805_bren	bullet	24.00	0.00	-49.65	-23.31	-50.53	-9.37	13.97
11337952	damage	bot-1186	bravo	bot-1190	alpha	m24	bullet	95.00	5.00	-44.11	-12.84	-0.34	13.69	51.18
11352202	damage	bot-1190	alpha	bot-1176	bravo	five_seven	bullet	20.00	52.25	-4.35	4.07	-28.48	-9.19	27.54
11353669	damage	bot-1181	bravo	bot-1194	alpha	cz_805_bren	bullet	24.00	76.00	-35.60	-4.08	-2.41	5.39	34.51
11354434	damage	bot-1181	bravo	bot-1194	alpha	cz_805_bren	bullet	24.00	52.00	-35.38	-4.04	-2.57	5.46	34.16
11359093	damage	bot-1193	alpha	bot-1177	bravo	cz_805_bren	bullet	24.00	23.10	-29.29	-7.11	-37.34	-13.57	10.32
11359256	damage	bot-1193	alpha	bot-1177	bravo	cz_805_bren	bullet	24.00	1.35	-29.29	-7.11	-37.34	-13.57	10.32
11359384	kill	bot-1193	alpha	bot-1177	bravo	cz_805_bren	bullet	24.00	0.00	-29.29	-7.12	-37.34	-13.57	10.31
11359805	damage	bot-1176	bravo	bot-1193	alpha	cz_805_bren	bullet	24.00	76.00	-37.55	-12.93	-28.88	-7.84	10.05
11360937	damage	bot-1193	alpha	bot-1181	bravo	cz_805_bren	bullet	24.00	48.24	-30.02	-5.35	-36.68	-5.43	6.66
11361063	damage	bot-1181	bravo	bot-1193	alpha	cz_805_bren	bullet	24.00	52.00	-36.80	-5.76	-30.02	-5.35	6.79
11361176	damage	bot-1181	bravo	bot-1193	alpha	cz_805_bren	bullet	24.00	28.00	-37.04	-6.40	-29.64	-5.91	7.42
11361875	damage	bot-1173	bravo	bot-1193	alpha	five_seven	bullet	20.00	8.00	-39.53	-10.79	-27.86	-8.68	11.85
11361910	kill	bot-1181	bravo	bot-1193	alpha	cz_805_bren	bullet	24.00	0.00	-38.38	-8.95	-27.70	-8.74	10.68
11363301	damage	bot-1155	alpha	bot-1195	bravo	cz_805_bren	bullet	24.00	76.00	-5.15	45.45	-13.52	30.86	16.82
11363419	damage	bot-1155	alpha	bot-1195	bravo	cz_805_bren	bullet	24.00	52.00	-5.15	45.45	-13.52	30.86	16.82
11363555	damage	bot-1126	alpha	bot-1195	bravo	five_seven	bullet	20.00	32.00	-9.61	44.97	-13.47	30.80	14.68
11363555	damage	bot-1155	alpha	bot-1195	bravo	cz_805_bren	bullet	24.00	8.00	-5.15	45.45	-13.47	30.80	16.85
11363555	damage	bot-1195	bravo	bot-1196	alpha	five_seven	bullet	20.00	80.00	-13.47	30.80	-14.06	44.53	13.74
11363693	kill	bot-1155	alpha	bot-1195	bravo	cz_805_bren	bullet	24.00	0.00	-5.15	45.45	-13.42	30.75	16.87
11371967	damage	bot-1181	bravo	bot-1190	alpha	cz_805_bren	bullet	24.00	3.76	-35.41	-6.83	9.84	14.40	49.98
11372157	kill	bot-1181	bravo	bot-1190	alpha	cz_805_bren	bullet	24.00	0.00	-35.41	-6.83	9.84	14.40	49.98
11372596	kill	bot-1175	alpha	bot-1191	bravo	m24	bullet	95.00	0.00	-4.91	45.17	-29.81	-8.52	59.18
11377609	damage	bot-1176	bravo	bot-1126	alpha	cz_805_bren	bullet	24.00	48.18	-30.15	-8.84	-12.96	31.95	44.26
11377723	damage	bot-1176	bravo	bot-1126	alpha	cz_805_bren	bullet	24.00	24.18	-30.15	-8.84	-12.97	32.13	44.43
11377843	damage	bot-1176	bravo	bot-1126	alpha	cz_805_bren	bullet	24.00	0.18	-30.15	-8.84	-12.99	32.33	44.60
11378528	kill	bot-1196	alpha	bot-1176	bravo	five_seven	bullet	20.00	0.00	-12.88	31.03	-30.15	-8.84	43.45
11380322	damage	bot-1196	alpha	bot-1181	bravo	five_seven	bullet	20.00	52.65	-13.02	30.19	-32.18	-13.60	47.79
11380486	damage	bot-1196	alpha	bot-1181	bravo	five_seven	bullet	20.00	32.65	-13.02	30.19	-32.38	-13.73	48.00
11381163	damage	bot-1188	alpha	bot-1181	bravo	cz_805_bren	bullet	24.00	8.65	-73.27	-42.28	-35.14	-15.57	46.56
11381282	kill	bot-1188	alpha	bot-1181	bravo	cz_805_bren	bullet	24.00	0.00	-73.23	-42.26	-35.68	-15.92	45.87
11382725	damage	bot-1188	alpha	bot-1173	bravo	cz_805_bren	bullet	24.00	48.39	-72.42	-41.45	-35.53	-8.45	49.49
11388646	damage	bot-1155	alpha	bot-1197	bravo	cz_805_bren	bullet	24.00	76.00	-8.37	47.18	38.32	45.32	46.73
11388777	damage	bot-1155	alpha	bot-1197	bravo	cz_805_bren	bullet	24.00	52.00	-8.37	47.18	37.98	45.37	46.39
11388893	damage	bot-1155	alpha	bot-1197	bravo	cz_805_bren	bullet	24.00	28.00	-8.37	47.18	38.70	45.37	47.10
11389011	damage	bot-1155	alpha	bot-1197	bravo	cz_805_bren	bullet	24.00	4.00	-8.37	47.18	39.15	45.37	47.55
11389282	damage	bot-1126	alpha	bot-1189	bravo	five_seven	bullet	20.00	80.00	-16.08	30.72	-17.12	23.04	7.75
11389438	damage	bot-1126	alpha	bot-1189	bravo	five_seven	bullet	20.00	60.00	-16.08	30.72	-17.08	22.26	8.51
11389588	damage	bot-1126	alpha	bot-1189	bravo	five_seven	bullet	20.00	40.00	-16.08	30.72	-17.04	21.53	9.23
11389710	damage	bot-1189	bravo	bot-1126	alpha	cz_805_bren	bullet	24.00	48.02	-17.21	21.00	-16.08	30.72	9.79
11389734	damage	bot-1126	alpha	bot-1189	bravo	five_seven	bullet	20.00	20.00	-16.08	30.72	-17.29	20.92	9.87
11389837	damage	bot-1189	bravo	bot-1126	alpha	cz_805_bren	bullet	24.00	24.02	-17.68	20.55	-15.92	30.71	10.32
11389879	kill	bot-1126	alpha	bot-1189	bravo	five_seven	bullet	20.00	0.00	-15.89	30.71	-17.83	20.41	10.48
11390926	damage	bot-1155	alpha	bot-1199	bravo	cz_805_bren	bullet	24.00	45.35	-5.05	47.25	43.87	45.50	48.96
11391160	damage	bot-1155	alpha	bot-1199	bravo	cz_805_bren	bullet	24.00	21.35	-5.05	47.25	44.78	46.33	49.85
11393793	damage	bot-1175	alpha	bot-1201	bravo	m24	bullet	95.00	5.00	3.86	45.92	44.38	42.35	40.68
11396525	damage	bot-1126	alpha	bot-1173	bravo	five_seven	bullet	20.00	52.10	-17.15	21.08	-36.01	-3.07	30.64
11404072	damage	bot-1129	alpha	bot-1203	bravo	five_seven	bullet	20.00	80.00	9.81	46.63	47.81	47.37	38.01
11404182	damage	bot-1203	bravo	bot-1155	alpha	five_seven	bullet	20.00	52.67	47.81	47.37	11.91	46.55	35.91
11404378	damage	bot-1129	alpha	bot-1203	bravo	five_seven	bullet	20.00	60.00	9.81	46.63	47.81	47.37	38.01
11404528	damage	bot-1129	alpha	bot-1203	bravo	five_seven	bullet	20.00	40.00	9.81	46.63	47.95	47.45	38.15
11404859	damage	bot-1155	alpha	bot-1201	bravo	cz_805_bren	bullet	24.00	48.88	13.89	48.75	35.63	40.92	23.11
11404982	damage	bot-1155	alpha	bot-1201	bravo	cz_805_bren	bullet	24.00	24.88	13.89	48.74	35.63	40.86	23.12
11405100	damage	bot-1155	alpha	bot-1201	bravo	cz_805_bren	bullet	24.00	0.88	13.89	48.74	35.63	40.84	23.13
11413014	damage	bot-1126	alpha	bot-1173	bravo	five_seven	bullet	20.00	40.47	-37.46	23.88	-41.78	0.50	23.77
11413266	damage	bot-1126	alpha	bot-1173	bravo	five_seven	bullet	20.00	20.47	-37.46	23.88	-41.78	0.50	23.77
11413424	damage	bot-1126	alpha	bot-1173	bravo	five_seven	bullet	20.00	0.47	-37.46	23.88	-41.78	0.50	23.77
11413571	kill	bot-1126	alpha	bot-1173	bravo	five_seven	bullet	20.00	0.00	-37.46	23.88	-41.46	0.15	24.06
11414774	damage	bot-1129	alpha	bot-1199	bravo	five_seven	bullet	20.00	52.37	3.02	46.22	40.39	46.98	37.38
11415249	damage	bot-1129	alpha	bot-1199	bravo	five_seven	bullet	20.00	32.37	3.05	46.21	42.03	46.94	38.99
11415408	damage	bot-1129	alpha	bot-1199	bravo	five_seven	bullet	20.00	12.37	3.05	46.21	42.85	46.92	39.81
11415560	kill	bot-1129	alpha	bot-1199	bravo	five_seven	bullet	20.00	0.00	3.05	46.21	43.57	46.85	40.52
11418063	damage	bot-1129	alpha	bot-1205	bravo	five_seven	bullet	20.00	80.00	3.50	46.54	44.49	47.14	40.99
11418212	damage	bot-1129	alpha	bot-1205	bravo	five_seven	bullet	20.00	60.00	3.50	46.54	44.49	47.14	40.99
11418360	damage	bot-1129	alpha	bot-1205	bravo	five_seven	bullet	20.00	40.00	3.50	46.54	44.69	47.27	41.20
11420174	damage	bot-1129	alpha	bot-1203	bravo	five_seven	bullet	20.00	52.05	4.12	46.35	43.60	44.80	39.52
11420320	damage	bot-1129	alpha	bot-1203	bravo	five_seven	bullet	20.00	32.05	4.12	46.35	44.00	45.11	39.90
11420465	damage	bot-1129	alpha	bot-1203	bravo	five_seven	bullet	20.00	12.05	4.11	46.35	44.59	45.73	40.49
11420609	kill	bot-1129	alpha	bot-1203	bravo	five_seven	bullet	20.00	0.00	4.11	46.35	44.94	46.16	40.83
11422035	damage	bot-1129	alpha	bot-1201	bravo	five_seven	bullet	20.00	72.75	4.52	46.38	36.53	40.79	32.50
11422183	damage	bot-1129	alpha	bot-1201	bravo	five_seven	bullet	20.00	52.75	4.52	46.38	36.38	40.84	32.34
11422331	damage	bot-1129	alpha	bot-1201	bravo	five_seven	bullet	20.00	32.75	4.52	46.38	36.65	40.46	32.67
11422477	damage	bot-1129	alpha	bot-1201	bravo	five_seven	bullet	20.00	12.75	4.52	46.38	36.88	40.86	32.83
11422627	kill	bot-1129	alpha	bot-1201	bravo	five_seven	bullet	20.00	0.00	4.51	46.38	37.19	41.02	33.12
11422996	kill	bot-1205	bravo	bot-1129	alpha	m24	bullet	95.00	0.00	45.00	47.54	4.68	46.38	40.34
11431482	damage	bot-1204	alpha	bot-1205	bravo	five_seven	bullet	20.00	52.30	40.20	18.51	34.67	46.97	28.98
11431631	damage	bot-1204	alpha	bot-1205	bravo	five_seven	bullet	20.00	32.30	40.20	18.52	34.08	47.18	29.31
11431785	damage	bot-1204	alpha	bot-1205	bravo	five_seven	bullet	20.00	12.30	40.20	18.52	33.38	47.44	29.72
11431946	kill	bot-1204	alpha	bot-1205	bravo	five_seven	bullet	20.00	0.00	40.20	18.52	32.57	47.73	30.20
11438830	damage	bot-1209	bravo	bot-1206	alpha	cz_805_bren	bullet	24.00	76.00	66.54	0.13	47.03	33.53	38.69
11438966	damage	bot-1209	bravo	bot-1206	alpha	cz_805_bren	bullet	24.00	52.00	66.54	0.13	47.03	33.73	38.86
11439239	damage	bot-1209	bravo	bot-1206	alpha	cz_805_bren	bullet	24.00	28.00	66.54	0.13	46.00	33.98	39.60
11439417	damage	bot-1209	bravo	bot-1206	alpha	cz_805_bren	bullet	24.00	4.00	66.54	0.13	45.45	34.11	40.00
11439640	kill	bot-1209	bravo	bot-1206	alpha	cz_805_bren	bullet	24.00	0.00	66.54	0.13	45.07	34.21	40.28
11461954	damage	bot-1204	alpha	bot-1207	bravo	five_seven	bullet	20.00	52.19	48.95	26.49	65.40	9.57	23.60
11462102	damage	bot-1204	alpha	bot-1207	bravo	five_seven	bullet	20.00	32.19	48.95	26.49	65.76	9.22	24.10
11467647	damage	bot-1211	alpha	bot-1207	bravo	cz_805_bren	bullet	24.00	48.43	42.00	34.48	71.09	4.47	41.79
11472374	damage	bot-1211	alpha	bot-1207	bravo	cz_805_bren	bullet	24.00	48.08	45.17	31.79	70.11	-0.16	40.54
11473481	damage	bot-1211	alpha	bot-1207	bravo	cz_805_bren	bullet	24.00	24.08	45.50	31.44	71.77	-4.41	44.45
11473580	damage	bot-1204	alpha	bot-1207	bravo	five_seven	bullet	20.00	4.08	49.55	26.69	71.88	-4.72	38.54
11473601	kill	bot-1211	alpha	bot-1207	bravo	cz_805_bren	bullet	24.00	0.00	45.50	31.44	71.90	-4.79	44.83
11483315	damage	bot-1210	bravo	bot-1211	alpha	five_seven	bullet	20.00	52.24	23.12	-10.60	61.19	15.65	46.24
11483465	damage	bot-1210	bravo	bot-1211	alpha	five_seven	bullet	20.00	32.24	23.12	-10.59	61.66	15.49	46.53
11484762	damage	bot-1210	bravo	bot-1204	alpha	five_seven	bullet	20.00	52.01	23.60	-9.99	62.40	13.63	45.42
11485239	damage	bot-1210	bravo	bot-1204	alpha	five_seven	bullet	20.00	32.01	23.60	-9.99	62.42	15.73	46.56
11485384	damage	bot-1210	bravo	bot-1204	alpha	five_seven	bullet	20.00	12.01	23.60	-9.99	62.71	16.34	47.14
11496645	damage	bot-1217	alpha	bot-1214	bravo	five_seven	bullet	20.00	80.00	70.97	20.91	41.81	3.48	33.97
11496703	damage	bot-1214	bravo	bot-1217	alpha	cz_805_bren	bullet	24.00	76.00	41.81	3.48	70.97	20.91	33.97
11496797	damage	bot-1217	alpha	bot-1214	bravo	five_seven	bullet	20.00	60.00	70.97	20.91	41.81	3.47	33.98
11496934	damage	bot-1214	bravo	bot-1217	alpha	cz_805_bren	bullet	24.00	52.00	41.69	3.34	70.97	20.91	34.15
11497138	damage	bot-1217	alpha	bot-1214	bravo	five_seven	bullet	20.00	40.00	71.31	20.90	41.15	2.76	35.20
11500659	damage	bot-1217	alpha	bot-1212	bravo	five_seven	bullet	20.00	80.00	75.17	20.50	42.79	-4.95	41.19
11501410	damage	bot-1217	alpha	bot-1212	bravo	five_seven	bullet	20.00	60.00	74.78	20.32	42.77	-4.89	40.75
11507318	damage	bot-1217	alpha	bot-1213	bravo	five_seven	bullet	20.00	80.00	66.05	16.81	39.24	5.34	29.16
11507493	damage	bot-1217	alpha	bot-1213	bravo	five_seven	bullet	20.00	60.00	66.05	16.81	39.24	5.34	29.16
11507731	damage	bot-1217	alpha	bot-1213	bravo	five_seven	bullet	20.00	40.00	66.05	16.81	39.05	5.15	29.41
11507908	damage	bot-1217	alpha	bot-1213	bravo	five_seven	bullet	20.00	20.00	66.05	16.81	38.68	4.80	29.89
11508062	kill	bot-1217	alpha	bot-1213	bravo	five_seven	bullet	20.00	0.00	66.05	16.81	38.15	4.30	30.58
11512032	damage	bot-1215	bravo	bot-1217	alpha	five_seven	bullet	20.00	52.04	41.64	3.18	63.30	16.57	25.47
11512301	damage	bot-1215	bravo	bot-1217	alpha	five_seven	bullet	20.00	32.04	41.64	3.18	63.31	16.56	25.47
11512605	damage	bot-1215	bravo	bot-1217	alpha	five_seven	bullet	20.00	12.04	41.64	3.18	63.26	16.36	25.32
11546807	kill	bot-1188	alpha	bot-1223	bravo	cz_805_bren	bullet	24.00	0.00	5.98	-24.31	4.89	-5.09	19.25
11558213	damage	bot-1224	bravo	bot-1202	alpha	m24	bullet	95.00	5.00	-32.36	27.96	-28.09	-27.23	55.36
11566616	damage	bot-1224	bravo	bot-1220	alpha	m24	bullet	95.00	5.00	-32.31	21.59	2.13	13.48	35.39
11567024	kill	bot-1212	bravo	bot-1188	alpha	m24	bullet	95.00	0.00	94.58	-30.22	42.54	-40.10	52.97
11583323	damage	bot-1214	bravo	bot-1219	alpha	cz_805_bren	bullet	24.00	76.00	68.41	-18.65	18.53	-21.85	49.99
11583443	damage	bot-1214	bravo	bot-1219	alpha	cz_805_bren	bullet	24.00	52.00	68.41	-18.65	18.53	-21.85	49.99
11590954	damage	bot-1212	bravo	bot-1219	alpha	m24	bullet	95.00	0.26	62.42	-33.19	14.78	-19.31	49.62
11601903	damage	bot-1198	alpha	bot-1218	bravo	m24	bullet	95.00	5.00	-26.11	-27.12	47.99	-28.09	74.10
11611576	damage	bot-1126	alpha	bot-1212	bravo	five_seven	bullet	20.00	52.27	3.56	-31.01	51.25	-34.68	47.83
11611813	damage	bot-1126	alpha	bot-1212	bravo	five_seven	bullet	20.00	32.27	3.56	-31.01	51.80	-35.19	48.42
11611972	damage	bot-1126	alpha	bot-1212	bravo	five_seven	bullet	20.00	12.27	3.56	-31.01	52.04	-35.39	48.67
11612128	kill	bot-1126	alpha	bot-1212	bravo	five_seven	bullet	20.00	0.00	3.56	-31.01	52.32	-35.66	48.98
11616072	damage	bot-1215	bravo	bot-1202	alpha	five_seven	bullet	20.00	75.37	49.13	-31.67	0.31	-27.49	48.99
11616215	damage	bot-1215	bravo	bot-1202	alpha	five_seven	bullet	20.00	55.37	49.13	-31.67	0.61	-27.63	48.68
11616371	damage	bot-1215	bravo	bot-1202	alpha	five_seven	bullet	20.00	35.37	49.13	-31.67	-0.06	-27.19	49.39
11616842	damage	bot-1222	alpha	bot-1227	bravo	cz_805_bren	bullet	24.00	3.06	-48.03	24.35	-65.07	34.49	19.83
11616960	kill	bot-1222	alpha	bot-1227	bravo	cz_805_bren	bullet	24.00	0.00	-48.03	24.35	-65.44	34.81	20.32
11619378	damage	bot-1215	bravo	bot-1175	alpha	five_seven	bullet	20.00	77.00	46.52	-32.18	1.30	-18.97	47.11
11619547	damage	bot-1215	bravo	bot-1175	alpha	five_seven	bullet	20.00	57.00	46.52	-32.18	1.30	-18.97	47.11
11619701	damage	bot-1215	bravo	bot-1175	alpha	five_seven	bullet	20.00	37.00	46.52	-32.18	0.69	-18.59	47.81
11619854	damage	bot-1215	bravo	bot-1175	alpha	five_seven	bullet	20.00	17.00	46.52	-32.18	0.15	-18.13	48.45
11621943	damage	bot-1215	bravo	bot-1202	alpha	five_seven	bullet	20.00	52.87	45.26	-32.26	0.15	-19.56	46.86
11622084	damage	bot-1215	bravo	bot-1202	alpha	five_seven	bullet	20.00	32.87	45.26	-32.26	0.03	-19.03	47.12
11622254	damage	bot-1215	bravo	bot-1202	alpha	five_seven	bullet	20.00	12.87	45.26	-32.26	-0.03	-19.16	47.15
11622297	damage	bot-1126	alpha	bot-1214	bravo	five_seven	bullet	20.00	76.09	7.79	-32.46	25.32	-17.14	23.28
11622402	kill	bot-1215	bravo	bot-1202	alpha	five_seven	bullet	20.00	0.00	45.26	-32.26	-0.02	-19.80	46.96
11622452	damage	bot-1126	alpha	bot-1214	bravo	five_seven	bullet	20.00	56.09	7.79	-32.46	25.32	-17.13	23.28
11622598	damage	bot-1126	alpha	bot-1214	bravo	five_seven	bullet	20.00	36.09	7.79	-32.46	26.08	-16.76	24.10
11623373	damage	bot-1215	bravo	bot-1219	alpha	five_seven	bullet	20.00	59.18	44.93	-32.30	12.71	-6.78	41.10
11624021	damage	bot-1215	bravo	bot-1219	alpha	five_seven	bullet	20.00	39.18	44.93	-32.30	9.08	-6.14	44.38
11624171	damage	bot-1215	bravo	bot-1219	alpha	five_seven	bullet	20.00	19.18	44.93	-32.30	8.57	-5.98	44.89
11624754	kill	bot-1215	bravo	bot-1219	alpha	m1911	bullet	33.00	0.00	44.93	-32.30	7.80	-5.73	45.66
11627006	damage	bot-1126	alpha	bot-1221	bravo	five_seven	bullet	20.00	79.18	9.63	-33.29	22.63	-17.00	20.83
11627157	damage	bot-1126	alpha	bot-1221	bravo	five_seven	bullet	20.00	59.18	9.63	-33.29	22.30	-17.24	20.44
11627298	damage	bot-1126	alpha	bot-1221	bravo	five_seven	bullet	20.00	39.18	9.63	-33.29	22.86	-16.69	21.23
11627450	damage	bot-1126	alpha	bot-1221	bravo	five_seven	bullet	20.00	19.18	9.63	-33.29	23.42	-16.14	22.01
11628791	damage	bot-1215	bravo	bot-1200	alpha	m1911	bullet	33.00	59.65	37.53	-33.07	5.69	-29.76	32.01
11629140	damage	bot-1215	bravo	bot-1200	alpha	m1911	bullet	33.00	26.65	37.53	-33.07	5.29	-29.46	32.44
11629866	kill	bot-1215	bravo	bot-1200	alpha	m1911	bullet	33.00	0.00	37.53	-33.07	2.51	-27.36	35.48
11630208	kill	bot-1215	bravo	bot-1126	alpha	m1911	bullet	33.00	0.00	37.53	-33.07	10.93	-33.81	26.61
11636887	kill	bot-1228	alpha	bot-1218	bravo	m24	bullet	95.00	0.00	13.13	-43.33	45.19	-33.42	33.56
11636940	damage	bot-1215	bravo	bot-1198	alpha	m1911	bullet	33.00	39.44	40.58	-35.27	-4.76	-30.52	45.59
11637289	damage	bot-1215	bravo	bot-1198	alpha	m1911	bullet	33.00	6.44	40.58	-35.27	-6.18	-31.56	46.91
11637636	kill	bot-1215	bravo	bot-1198	alpha	m1911	bullet	33.00	0.00	40.58	-35.27	-7.64	-32.64	48.29
11638325	damage	bot-1215	bravo	bot-1228	alpha	m1911	bullet	33.00	28.96	40.48	-35.20	14.18	-46.52	28.63
11639046	kill	bot-1215	bravo	bot-1228	alpha	m1911	bullet	33.00	0.00	40.48	-35.20	11.28	-47.71	31.77
11641286	damage	bot-1215	bravo	bot-1230	alpha	m1911	bullet	33.00	67.00	38.83	-34.55	-9.10	-44.35	48.93
11641977	damage	bot-1215	bravo	bot-1230	alpha	m1911	bullet	33.00	34.00	38.83	-34.55	-8.64	-44.22	48.45
11647035	damage	bot-1215	bravo	bot-1230	alpha	m1911	bullet	33.00	39.39	30.54	-37.51	-11.61	-46.53	43.10
11647392	damage	bot-1215	bravo	bot-1230	alpha	m1911	bullet	33.00	6.39	30.54	-37.51	-13.14	-47.20	44.74
11647743	kill	bot-1215	bravo	bot-1230	alpha	m1911	bullet	33.00	0.00	30.54	-37.51	-14.37	-47.80	46.07
11648270	damage	bot-1215	bravo	bot-1231	alpha	m1911	bullet	33.00	67.00	30.50	-37.34	-15.16	-43.32	46.06
11648615	damage	bot-1215	bravo	bot-1231	alpha	m1911	bullet	33.00	34.00	30.50	-37.34	-15.58	-41.87	46.30
11648977	damage	bot-1215	bravo	bot-1231	alpha	m1911	bullet	33.00	1.00	30.50	-37.34	-16.22	-40.34	46.82
11656206	damage	bot-1215	bravo	bot-1231	alpha	m1911	bullet	33.00	39.78	20.03	-36.89	-19.76	-38.55	39.82
11656563	damage	bot-1215	bravo	bot-1231	alpha	m1911	bullet	33.00	6.78	20.03	-36.89	-21.78	-38.62	41.84
11656907	kill	bot-1215	bravo	bot-1231	alpha	m1911	bullet	33.00	0.00	20.03	-36.89	-23.64	-38.64	43.70
11667377	damage	bot-1235	alpha	bot-1226	bravo	m24	bullet	95.00	5.00	62.00	-42.63	7.29	-26.29	57.10
11682501	kill	bot-1235	alpha	bot-1216	bravo	m24	bullet	95.00	0.00	46.18	-41.12	-16.11	-29.94	63.29
11694766	damage	bot-1237	alpha	bot-1214	bravo	cz_805_bren	bullet	24.00	48.17	26.16	-37.56	-8.37	-29.81	35.39
11696160	damage	bot-1222	alpha	bot-1214	bravo	cz_805_bren	bullet	24.00	24.17	-56.58	-25.85	-8.25	-24.34	48.35
11696706	damage	bot-1222	alpha	bot-1214	bravo	cz_805_bren	bullet	24.00	0.17	-56.56	-25.87	-8.09	-23.83	48.51
11699429	damage	bot-1237	alpha	bot-1226	bravo	cz_805_bren	bullet	24.00	48.25	23.59	-38.52	-2.33	-33.94	26.32
11703087	damage	bot-1237	alpha	bot-1214	bravo	cz_805_bren	bullet	24.00	31.70	22.36	-37.93	-7.97	-23.86	33.44
11703330	damage	bot-1237	alpha	bot-1214	bravo	cz_805_bren	bullet	24.00	10.73	22.36	-37.93	-8.63	-23.79	34.06
11703447	kill	bot-1237	alpha	bot-1214	bravo	cz_805_bren	bullet	24.00	0.00	22.36	-37.93	-8.26	-23.86	33.69
11706487	damage	bot-1215	bravo	bot-1236	alpha	m1911	bullet	33.00	66.52	-11.36	-22.17	20.92	-36.84	35.45
11706841	damage	bot-1215	bravo	bot-1236	alpha	m1911	bullet	33.00	33.52	-11.36	-22.17	20.92	-36.84	35.45
11708674	damage	bot-1215	bravo	bot-1239	alpha	m1911	bullet	33.00	67.00	-10.49	-23.45	4.52	-43.44	24.99
11709022	damage	bot-1215	bravo	bot-1239	alpha	m1911	bullet	33.00	34.00	-10.49	-23.45	3.89	-43.23	24.46
11713092	damage	bot-1215	bravo	bot-1235	alpha	m1911	bullet	33.00	39.21	-7.08	-27.45	24.50	-42.63	35.04
11713436	damage	bot-1215	bravo	bot-1235	alpha	m1911	bullet	33.00	6.21	-7.08	-27.45	25.95	-43.71	36.82
11721022	damage	bot-1215	bravo	bot-1235	alpha	five_seven	bullet	20.00	52.26	0.99	-31.58	31.78	-45.98	33.99
11721177	damage	bot-1215	bravo	bot-1235	alpha	five_seven	bullet	20.00	32.26	0.99	-31.58	32.36	-45.91	34.48
11721356	damage	bot-1215	bravo	bot-1235	alpha	five_seven	bullet	20.00	12.26	0.99	-31.58	32.60	-45.88	34.69
11721505	kill	bot-1215	bravo	bot-1235	alpha	five_seven	bullet	20.00	0.00	0.99	-31.58	33.21	-45.84	35.23
11723923	damage	bot-1215	bravo	bot-1237	alpha	five_seven	bullet	20.00	52.53	5.98	-31.92	24.50	-42.63	21.39
11724070	damage	bot-1215	bravo	bot-1237	alpha	five_seven	bullet	20.00	32.53	5.98	-31.92	25.05	-42.99	22.05
11724222	damage	bot-1215	bravo	bot-1237	alpha	five_seven	bullet	20.00	12.53	5.98	-31.92	25.69	-43.39	22.80
11724377	kill	bot-1215	bravo	bot-1237	alpha	five_seven	bullet	20.00	0.00	5.98	-31.92	26.37	-43.81	23.61
11728074	damage	bot-1243	alpha	bot-1234	bravo	cz_805_bren	bullet	24.00	76.00	-14.52	-13.64	-15.70	20.45	34.11
11728252	damage	bot-1229	bravo	bot-1243	alpha	five_seven	bullet	20.00	80.00	-31.42	19.72	-14.52	-13.64	37.40
11728252	damage	bot-1241	bravo	bot-1243	alpha	five_seven	bullet	20.00	60.00	-14.30	20.66	-14.52	-13.64	34.31
11728279	damage	bot-1238	bravo	bot-1243	alpha	cz_805_bren	bullet	24.00	36.00	-17.18	20.57	-14.58	-13.70	34.38
11728491	damage	bot-1229	bravo	bot-1243	alpha	five_seven	bullet	20.00	16.00	-31.42	19.72	-14.72	-13.86	37.50
11728491	kill	bot-1238	bravo	bot-1243	alpha	cz_805_bren	bullet	24.00	0.00	-17.18	20.57	-14.72	-13.86	34.52
11729262	damage	bot-1233	alpha	bot-1229	bravo	five_seven	bullet	20.00	80.00	-20.65	-15.15	-31.36	19.38	36.16
11729375	damage	bot-1225	alpha	bot-1226	bravo	five_seven	bullet	20.00	52.03	-19.88	-38.94	16.08	-44.68	36.42
11730176	damage	bot-1233	alpha	bot-1229	bravo	five_seven	bullet	20.00	60.00	-20.73	-14.96	-31.37	19.14	35.73
11730291	damage	bot-1229	bravo	bot-1233	alpha	five_seven	bullet	20.00	73.85	-31.37	19.14	-20.73	-14.96	35.73
11730334	damage	bot-1233	alpha	bot-1229	bravo	five_seven	bullet	20.00	40.00	-20.72	-14.97	-31.48	19.14	35.77
11730500	damage	bot-1233	alpha	bot-1229	bravo	five_seven	bullet	20.00	20.00	-20.72	-14.97	-31.61	19.15	35.81
11731399	damage	bot-1229	bravo	bot-1233	alpha	five_seven	bullet	20.00	53.85	-32.68	19.11	-20.58	-15.00	36.19
11734268	kill	bot-1232	bravo	bot-1225	alpha	m24	bullet	95.00	0.00	-11.86	34.00	-16.73	-39.05	73.21
11735842	damage	bot-1241	bravo	bot-1240	alpha	five_seven	bullet	20.00	80.00	-13.96	13.71	-3.78	-35.10	49.86
11738488	damage	bot-1241	bravo	bot-1240	alpha	five_seven	bullet	20.00	60.00	-14.11	13.40	-2.60	-35.08	49.83
11748126	kill	bot-1232	bravo	bot-1222	alpha	m24	bullet	95.00	0.00	-12.48	27.90	-23.50	-15.60	44.87
11748842	damage	bot-1233	alpha	bot-1232	bravo	five_seven	bullet	20.00	80.00	-19.86	-13.99	-12.48	27.90	42.54
11749782	damage	bot-1233	alpha	bot-1232	bravo	five_seven	bullet	20.00	60.00	-19.78	-13.82	-12.48	27.90	42.36
11749926	damage	bot-1233	alpha	bot-1232	bravo	five_seven	bullet	20.00	40.00	-19.78	-13.82	-12.35	28.04	42.52
11750170	damage	bot-1233	alpha	bot-1238	bravo	five_seven	bullet	20.00	80.00	-19.78	-13.83	-24.24	-1.93	12.70
11750366	damage	bot-1233	alpha	bot-1238	bravo	five_seven	bullet	20.00	60.00	-19.78	-13.83	-24.71	-2.06	12.75
11750516	damage	bot-1233	alpha	bot-1238	bravo	five_seven	bullet	20.00	40.00	-19.78	-13.83	-25.34	-2.23	12.86
11750651	damage	bot-1238	bravo	bot-1233	alpha	cz_805_bren	bullet	24.00	48.34	-25.96	-2.39	-19.78	-13.83	13.00
11756110	kill	bot-1246	alpha	bot-1232	bravo	m24	bullet	95.00	0.00	26.78	31.61	-7.91	31.75	34.69
11757134	damage	bot-1233	alpha	bot-1241	bravo	five_seven	bullet	20.00	80.00	-21.66	-15.14	-20.51	-7.52	7.71
11757277	damage	bot-1233	alpha	bot-1241	bravo	five_seven	bullet	20.00	60.00	-21.66	-15.14	-20.45	-7.67	7.58
11757348	damage	bot-1241	bravo	bot-1233	alpha	five_seven	bullet	20.00	52.09	-20.75	-7.69	-21.83	-15.07	7.46
11757450	damage	bot-1244	alpha	bot-1241	bravo	five_seven	bullet	20.00	40.00	-19.11	-20.63	-21.29	-7.73	13.07
11757499	damage	bot-1241	bravo	bot-1233	alpha	five_seven	bullet	20.00	32.09	-21.39	-7.74	-22.38	-15.46	7.78
11757563	damage	bot-1233	alpha	bot-1241	bravo	five_seven	bullet	20.00	20.00	-22.42	-15.48	-21.65	-7.77	7.75
11757621	kill	bot-1244	alpha	bot-1241	bravo	five_seven	bullet	20.00	0.00	-19.11	-20.63	-22.06	-7.81	13.15
11761467	damage	bot-1233	alpha	bot-1229	bravo	five_seven	bullet	20.00	22.08	-21.93	-15.87	-29.60	17.92	34.65
11762185	damage	bot-1233	alpha	bot-1229	bravo	five_seven	bullet	20.00	2.08	-22.01	-15.80	-30.84	20.98	37.83
11762739	kill	bot-1233	alpha	bot-1229	bravo	five_seven	bullet	20.00	0.00	-22.02	-15.80	-30.97	22.06	38.90
11764722	kill	bot-1245	bravo	bot-1240	alpha	m24	bullet	95.00	0.00	-36.19	16.63	-9.79	-31.54	54.93
11765993	damage	bot-1244	alpha	bot-1234	bravo	five_seven	bullet	20.00	56.00	-26.80	-10.58	-30.27	2.45	13.48
11766138	damage	bot-1244	alpha	bot-1234	bravo	five_seven	bullet	20.00	36.00	-26.80	-10.58	-30.76	2.26	13.43
11766291	damage	bot-1244	alpha	bot-1234	bravo	five_seven	bullet	20.00	16.00	-26.80	-10.58	-31.34	2.03	13.40
11766595	kill	bot-1244	alpha	bot-1234	bravo	five_seven	bullet	20.00	0.00	-26.80	-10.59	-32.60	1.53	13.43
11767049	damage	bot-1233	alpha	bot-1248	bravo	five_seven	bullet	20.00	39.79	-21.86	-11.15	-19.24	0.86	12.29
11767198	damage	bot-1233	alpha	bot-1248	bravo	five_seven	bullet	20.00	19.79	-21.86	-11.15	-19.64	0.45	11.81
11767340	kill	bot-1233	alpha	bot-1248	bravo	five_seven	bullet	20.00	0.00	-21.86	-11.15	-20.06	0.03	11.32
11768212	damage	bot-1233	alpha	bot-1249	bravo	five_seven	bullet	20.00	80.00	-22.26	-10.23	-11.31	-8.34	11.11
11768361	damage	bot-1233	alpha	bot-1249	bravo	five_seven	bullet	20.00	60.00	-22.25	-10.23	-11.24	-8.60	11.13
11768521	damage	bot-1233	alpha	bot-1249	bravo	five_seven	bullet	20.00	40.00	-22.25	-10.22	-11.05	-8.42	11.34
11768683	damage	bot-1233	alpha	bot-1249	bravo	five_seven	bullet	20.00	20.00	-22.24	-10.22	-10.63	-8.02	11.81
11768828	kill	bot-1233	alpha	bot-1249	bravo	five_seven	bullet	20.00	0.00	-22.24	-10.22	-10.16	-7.57	12.37
11769949	damage	bot-1244	alpha	bot-1245	bravo	five_seven	bullet	20.00	52.25	-28.76	-8.28	-37.07	15.44	25.12
11770091	damage	bot-1244	alpha	bot-1245	bravo	five_seven	bullet	20.00	32.25	-28.76	-8.28	-37.38	15.75	25.53
11770238	damage	bot-1244	alpha	bot-1245	bravo	five_seven	bullet	20.00	12.25	-28.76	-8.28	-37.73	16.10	25.98
11770392	kill	bot-1244	alpha	bot-1245	bravo	five_seven	bullet	20.00	0.00	-28.76	-8.28	-38.10	16.48	26.45
11828910	damage	bot-1215	bravo	bot-1252	alpha	five_seven	bullet	20.00	80.00	-72.80	37.30	-76.07	39.24	3.80
11831250	damage	bot-1258	bravo	bot-1256	alpha	five_seven	bullet	20.00	80.00	-23.80	20.28	-46.08	-7.79	35.84
11832135	damage	bot-1215	bravo	bot-1252	alpha	five_seven	bullet	20.00	60.00	-70.50	34.49	-75.74	36.60	5.65
11832279	damage	bot-1215	bravo	bot-1252	alpha	five_seven	bullet	20.00	40.00	-70.50	34.49	-75.94	36.78	5.90
11833266	damage	bot-1215	bravo	bot-1252	alpha	five_seven	bullet	20.00	20.00	-70.50	34.38	-79.33	39.64	10.28
11833426	kill	bot-1215	bravo	bot-1252	alpha	five_seven	bullet	20.00	0.00	-70.50	34.38	-79.79	39.90	10.81
11833463	damage	bot-1258	bravo	bot-1256	alpha	five_seven	bullet	20.00	60.00	-23.83	20.24	-45.86	-7.16	35.17
11833722	kill	bot-1246	alpha	bot-1251	bravo	m24	bullet	95.00	0.00	-87.51	43.47	-34.13	25.52	56.31
11833795	damage	bot-1258	bravo	bot-1256	alpha	five_seven	bullet	20.00	40.00	-23.83	20.24	-46.44	-7.78	36.01
11833828	damage	bot-1215	bravo	bot-1242	alpha	five_seven	bullet	20.00	80.00	-70.50	34.12	-81.99	34.41	11.50
11833981	damage	bot-1215	bravo	bot-1242	alpha	five_seven	bullet	20.00	60.00	-70.50	34.12	-81.23	34.21	10.73
11843518	damage	bot-1258	bravo	bot-1261	alpha	five_seven	bullet	20.00	80.00	-35.22	6.42	-43.34	-1.64	11.45
11844637	damage	bot-1258	bravo	bot-1256	alpha	five_seven	bullet	20.00	52.32	-35.57	6.50	-60.71	1.19	25.69
11845866	damage	bot-1261	alpha	bot-1260	bravo	cz_805_bren	bullet	24.00	59.21	-44.00	1.69	-37.41	15.38	15.19
11845904	kill	bot-1254	alpha	bot-1260	bravo	m24	bullet	95.00	0.00	-67.78	33.57	-37.46	15.44	35.34
11850337	kill	bot-1254	alpha	bot-1259	bravo	m24	bullet	95.00	0.00	-71.11	33.16	-31.62	21.31	41.22
11856200	damage	bot-1233	alpha	bot-1262	bravo	five_seven	bullet	20.00	80.00	-50.52	23.97	-42.17	10.05	16.23
11856381	damage	bot-1233	alpha	bot-1262	bravo	five_seven	bullet	20.00	60.00	-50.52	23.99	-42.48	10.37	15.81
11856539	damage	bot-1233	alpha	bot-1262	bravo	five_seven	bullet	20.00	7.01	-50.52	23.99	-42.73	10.66	15.44
11856785	kill	bot-1263	alpha	bot-1262	bravo	five_seven	bullet	20.00	0.00	-52.09	6.66	-43.33	9.20	9.12
11870150	kill	bot-1263	alpha	bot-1253	bravo	five_seven	bullet	20.00	0.00	-45.46	6.17	-17.86	13.53	28.56
11872681	damage	bot-1264	bravo	bot-1244	alpha	five_seven	bullet	20.00	80.00	-84.22	7.09	-59.53	21.68	28.68
11872830	damage	bot-1264	bravo	bot-1244	alpha	five_seven	bullet	20.00	60.00	-84.22	7.09	-59.26	21.44	28.79
11872974	damage	bot-1264	bravo	bot-1244	alpha	five_seven	bullet	20.00	40.00	-84.22	7.09	-59.79	21.93	28.59
11873140	damage	bot-1264	bravo	bot-1244	alpha	five_seven	bullet	20.00	20.00	-84.22	7.09	-60.38	22.48	28.38
11876288	damage	bot-1264	bravo	bot-1266	alpha	five_seven	bullet	20.00	80.00	-83.65	7.01	-38.00	0.48	46.12
11879614	damage	bot-1264	bravo	bot-1244	alpha	five_seven	bullet	20.00	52.54	-83.79	6.68	-61.18	23.61	28.25
11879766	damage	bot-1264	bravo	bot-1244	alpha	five_seven	bullet	20.00	32.54	-83.79	6.68	-60.73	24.13	28.92
11879907	damage	bot-1264	bravo	bot-1244	alpha	five_seven	bullet	20.00	12.54	-83.79	6.68	-60.27	24.66	29.61
11880056	kill	bot-1264	bravo	bot-1244	alpha	five_seven	bullet	20.00	0.00	-83.79	6.68	-59.76	25.24	30.36
11881268	damage	bot-1264	bravo	bot-1242	alpha	five_seven	bullet	20.00	58.66	-83.88	7.07	-40.90	17.62	44.26
11888471	damage	bot-1264	bravo	bot-1263	alpha	five_seven	bullet	20.00	80.00	-83.42	8.82	-74.82	5.31	9.29
11889219	damage	bot-1263	alpha	bot-1264	bravo	five_seven	bullet	20.00	52.63	-76.16	5.29	-83.30	8.74	7.94
11889367	damage	bot-1263	alpha	bot-1264	bravo	five_seven	bullet	20.00	32.63	-76.16	5.29	-83.97	9.27	8.77
11889367	damage	bot-1264	bravo	bot-1263	alpha	five_seven	bullet	20.00	60.00	-83.97	9.27	-76.12	5.33	8.78
11897712	damage	bot-1268	bravo	bot-1256	alpha	cz_805_bren	bullet	24.00	48.35	49.92	-26.53	7.01	-1.04	49.91
11900802	damage	bot-1263	alpha	bot-1264	bravo	five_seven	bullet	20.00	52.02	-85.75	12.63	-94.55	18.99	10.85
11900958	damage	bot-1263	alpha	bot-1264	bravo	five_seven	bullet	20.00	32.02	-85.75	12.63	-94.65	19.19	11.05
11901110	damage	bot-1263	alpha	bot-1264	bravo	five_seven	bullet	20.00	12.02	-85.76	12.62	-94.84	19.56	11.43
11901273	kill	bot-1263	alpha	bot-1264	bravo	five_seven	bullet	20.00	0.00	-85.76	12.62	-95.22	20.10	12.06
11901346	damage	bot-1270	bravo	bot-1269	alpha	five_seven	bullet	20.00	80.00	47.41	-25.37	15.58	-5.85	37.34
11907859	damage	bot-1268	bravo	bot-1269	alpha	cz_805_bren	bullet	24.00	56.00	48.14	-23.98	25.86	-11.96	25.31
11908332	damage	bot-1268	bravo	bot-1269	alpha	cz_805_bren	bullet	24.00	32.00	48.03	-23.87	25.24	-11.45	25.95
11908452	damage	bot-1268	bravo	bot-1269	alpha	cz_805_bren	bullet	24.00	8.00	48.03	-23.87	24.87	-11.16	26.41
11908582	kill	bot-1268	bravo	bot-1269	alpha	cz_805_bren	bullet	24.00	0.00	48.03	-23.87	24.41	-10.80	26.99
11919573	kill	bot-1272	alpha	bot-1268	bravo	cz_805_bren	bullet	24.00	0.00	21.57	-9.18	40.33	-21.12	22.23
11921272	kill	bot-1271	bravo	bot-1256	alpha	m24	bullet	95.00	0.00	51.09	-26.78	16.42	-6.44	40.20
11921600	damage	bot-1272	alpha	bot-1271	bravo	cz_805_bren	bullet	24.00	76.00	22.33	-9.72	51.39	-26.76	33.69
11921725	damage	bot-1272	alpha	bot-1271	bravo	cz_805_bren	bullet	24.00	52.00	22.34	-9.71	51.97	-26.97	34.30
11925604	damage	bot-1272	alpha	bot-1267	bravo	cz_805_bren	bullet	24.00	7.33	26.08	-12.79	53.82	-24.14	29.97
11925718	kill	bot-1272	alpha	bot-1267	bravo	cz_805_bren	bullet	24.00	0.00	26.08	-12.79	54.17	-23.74	30.15
11930331	damage	bot-1274	bravo	bot-1247	alpha	cz_805_bren	bullet	24.00	76.00	-97.00	30.77	-96.54	38.36	7.61
11930462	damage	bot-1247	alpha	bot-1274	bravo	cz_805_bren	bullet	24.00	76.00	-96.54	38.36	-97.00	30.77	7.61
11930462	damage	bot-1274	bravo	bot-1247	alpha	cz_805_bren	bullet	24.00	52.00	-97.00	30.77	-96.51	38.36	7.61
11930680	damage	bot-1247	alpha	bot-1274	bravo	cz_805_bren	bullet	24.00	52.00	-96.32	38.19	-97.00	30.77	7.45
11931092	damage	bot-1247	alpha	bot-1274	bravo	cz_805_bren	bullet	24.00	28.00	-95.56	37.51	-97.30	29.68	8.03
11931365	damage	bot-1247	alpha	bot-1274	bravo	cz_805_bren	bullet	24.00	4.00	-95.03	37.05	-97.14	29.09	8.24
11931545	kill	bot-1247	alpha	bot-1274	bravo	cz_805_bren	bullet	24.00	0.00	-94.63	36.69	-96.86	28.67	8.33
11950392	damage	bot-1272	alpha	bot-1273	bravo	cz_805_bren	bullet	24.00	48.69	48.16	-23.51	52.03	-26.73	5.03
11950456	damage	bot-1275	alpha	bot-1277	bravo	five_seven	bullet	20.00	80.00	48.84	-19.17	46.51	-27.57	8.72
11950614	damage	bot-1275	alpha	bot-1277	bravo	five_seven	bullet	20.00	60.00	48.84	-19.17	46.51	-27.57	8.72
11950679	damage	bot-1277	bravo	bot-1272	alpha	five_seven	bullet	20.00	63.17	46.32	-27.72	47.14	-22.40	5.39
11950758	damage	bot-1272	alpha	bot-1277	bravo	cz_805_bren	bullet	24.00	36.00	47.03	-22.28	46.13	-27.91	5.71
11950868	damage	bot-1272	alpha	bot-1277	bravo	cz_805_bren	bullet	24.00	12.00	46.61	-21.82	45.69	-28.31	6.56
11950984	damage	bot-1277	bravo	bot-1272	alpha	five_seven	bullet	20.00	43.17	45.34	-28.67	46.19	-21.35	7.37
11951534	damage	bot-1277	bravo	bot-1272	alpha	five_seven	bullet	20.00	27.03	43.36	-30.56	47.59	-19.56	11.79
11951635	kill	bot-1272	alpha	bot-1277	bravo	cz_805_bren	bullet	24.00	0.00	47.53	-19.29	43.06	-30.87	12.41
11960650	damage	bot-1275	alpha	bot-1276	bravo	five_seven	bullet	20.00	80.00	44.49	-29.06	58.19	-29.24	13.70
11960808	damage	bot-1275	alpha	bot-1276	bravo	five_seven	bullet	20.00	60.00	44.49	-29.06	58.19	-29.24	13.70
11960952	damage	bot-1275	alpha	bot-1276	bravo	five_seven	bullet	20.00	40.00	44.49	-29.06	58.35	-29.08	13.87
11960952	damage	bot-1276	bravo	bot-1275	alpha	five_seven	bullet	20.00	77.96	58.35	-29.08	44.49	-29.06	13.87
11961132	damage	bot-1275	alpha	bot-1276	bravo	five_seven	bullet	20.00	20.00	44.49	-29.06	58.71	-28.77	14.22
11961277	kill	bot-1275	alpha	bot-1276	bravo	five_seven	bullet	20.00	0.00	44.49	-29.06	59.15	-28.36	14.68
11961443	damage	bot-1275	alpha	bot-1273	bravo	five_seven	bullet	20.00	75.01	44.47	-29.05	61.37	-27.11	17.01
11964725	damage	bot-1275	alpha	bot-1273	bravo	five_seven	bullet	20.00	55.01	44.64	-28.86	61.49	-26.45	17.02
11964935	damage	bot-1275	alpha	bot-1273	bravo	five_seven	bullet	20.00	35.01	44.63	-28.85	61.71	-26.26	17.28
11974512	damage	bot-1242	alpha	bot-1279	bravo	cz_805_bren	bullet	24.00	62.57	-98.00	-7.63	-96.79	8.55	16.22
11974635	damage	bot-1242	alpha	bot-1279	bravo	cz_805_bren	bullet	24.00	38.57	-97.99	-7.67	-96.77	8.38	16.10
11976708	damage	bot-1271	bravo	bot-1275	alpha	five_seven	bullet	20.00	57.96	52.79	-32.04	44.18	-29.92	8.87
11976852	damage	bot-1271	bravo	bot-1275	alpha	five_seven	bullet	20.00	37.96	52.79	-32.04	43.84	-29.29	9.37
11979156	damage	bot-1271	bravo	bot-1266	alpha	five_seven	bullet	20.00	60.00	49.20	-30.81	43.50	-29.62	5.82
11979414	damage	bot-1279	bravo	bot-1247	alpha	cz_805_bren	bullet	24.00	48.46	-97.73	10.12	-91.04	-5.32	16.82
11980728	damage	bot-1242	alpha	bot-1282	bravo	cz_805_bren	bullet	24.00	76.00	-98.04	-5.38	-94.32	-2.51	4.70
11981319	damage	bot-1242	alpha	bot-1282	bravo	cz_805_bren	bullet	24.00	52.00	-98.20	-7.12	-93.71	-1.17	7.45
11982544	damage	bot-1263	alpha	bot-1271	bravo	five_seven	bullet	20.00	52.80	10.65	-2.92	48.59	-30.02	46.63
11988340	damage	bot-1275	alpha	bot-1273	bravo	five_seven	bullet	20.00	35.41	44.38	-26.85	55.56	-23.15	11.77
11988544	damage	bot-1272	alpha	bot-1273	bravo	cz_805_bren	bullet	24.00	11.41	36.77	-36.74	55.70	-22.99	23.40
11988544	kill	bot-1275	alpha	bot-1273	bravo	five_seven	bullet	20.00	0.00	44.38	-26.85	55.84	-22.83	12.14
11989637	damage	bot-1242	alpha	bot-1278	bravo	cz_805_bren	bullet	24.00	1.29	-98.43	-10.76	-96.03	5.78	16.71
11989758	kill	bot-1242	alpha	bot-1278	bravo	cz_805_bren	bullet	24.00	0.00	-98.43	-10.76	-96.21	5.23	16.15
11992923	damage	bot-1242	alpha	bot-1282	bravo	cz_805_bren	bullet	24.00	36.78	-98.70	-7.84	-93.70	-0.26	9.08
11992923	damage	bot-1282	bravo	bot-1242	alpha	five_seven	bullet	20.00	52.40	-93.70	-0.26	-98.70	-7.84	9.08
11993061	damage	bot-1242	alpha	bot-1282	bravo	cz_805_bren	bullet	24.00	12.78	-98.70	-7.84	-93.63	-0.22	9.15
11993191	kill	bot-1242	alpha	bot-1282	bravo	cz_805_bren	bullet	24.00	0.00	-98.72	-7.91	-93.56	-0.18	9.30
11996815	damage	bot-1275	alpha	bot-1271	bravo	five_seven	bullet	20.00	52.65	43.65	-28.60	48.86	-30.30	5.48
11997282	damage	bot-1271	bravo	bot-1275	alpha	five_seven	bullet	20.00	52.44	50.54	-31.43	43.56	-28.68	7.50
11998098	damage	bot-1242	alpha	bot-1283	bravo	cz_805_bren	bullet	24.00	76.00	-98.46	-3.97	-95.45	-5.24	3.26
11998427	damage	bot-1283	bravo	bot-1242	alpha	five_seven	bullet	20.00	51.37	-95.45	-5.24	-98.47	-5.91	3.09
12001518	damage	bot-1271	bravo	bot-1284	alpha	five_seven	bullet	20.00	80.00	53.41	-35.20	41.15	-36.70	12.36
12002055	damage	bot-1271	bravo	bot-1284	alpha	five_seven	bullet	20.00	60.00	53.29	-35.23	41.28	-36.67	12.10
12002205	damage	bot-1271	bravo	bot-1284	alpha	five_seven	bullet	20.00	40.00	53.30	-35.23	40.77	-36.13	12.56
12002357	damage	bot-1271	bravo	bot-1284	alpha	five_seven	bullet	20.00	20.00	53.30	-35.23	40.20	-35.53	13.10
12004307	damage	bot-1271	bravo	bot-1272	alpha	five_seven	bullet	20.00	75.26	52.50	-35.19	36.66	-37.12	15.96
12004461	damage	bot-1271	bravo	bot-1272	alpha	five_seven	bullet	20.00	55.26	52.52	-35.19	36.56	-37.12	16.07
12004603	damage	bot-1271	bravo	bot-1272	alpha	five_seven	bullet	20.00	35.26	52.52	-35.19	36.38	-37.26	16.27
12004744	damage	bot-1271	bravo	bot-1272	alpha	five_seven	bullet	20.00	15.26	52.52	-35.19	35.86	-37.66	16.84
12004888	kill	bot-1271	bravo	bot-1272	alpha	five_seven	bullet	20.00	0.00	52.52	-35.19	35.27	-38.08	17.49
12007132	damage	bot-1242	alpha	bot-1283	bravo	cz_805_bren	bullet	24.00	52.00	-98.42	-10.34	-97.55	-5.34	5.07
12007398	damage	bot-1242	alpha	bot-1283	bravo	cz_805_bren	bullet	24.00	28.00	-98.50	-11.36	-96.89	-4.58	6.96
12007398	damage	bot-1283	bravo	bot-1242	alpha	five_seven	bullet	20.00	52.24	-96.89	-4.58	-98.30	-11.31	6.87
12009528	damage	bot-1271	bravo	bot-1275	alpha	five_seven	bullet	20.00	52.03	50.40	-28.08	43.58	-31.53	7.64
12009528	damage	bot-1275	alpha	bot-1271	bravo	five_seven	bullet	20.00	52.43	43.58	-31.53	50.40	-28.08	7.65
12009680	damage	bot-1271	bravo	bot-1275	alpha	five_seven	bullet	20.00	32.03	50.93	-27.65	42.66	-31.47	9.11
12011261	damage	bot-1271	bravo	bot-1284	alpha	m24	bullet	95.00	0.68	55.31	-23.85	36.50	-36.25	22.53
12011293	damage	bot-1285	bravo	bot-1250	alpha	cz_805_bren	bullet	24.00	76.00	-52.64	39.86	-48.50	41.37	4.41
12011617	damage	bot-1250	alpha	bot-1285	bravo	cz_805_bren	bullet	24.00	76.00	-48.34	41.58	-53.52	40.41	5.32
12012271	damage	bot-1250	alpha	bot-1287	bravo	cz_805_bren	bullet	24.00	76.00	-46.61	43.20	-53.02	42.87	6.42
12012402	damage	bot-1250	alpha	bot-1287	bravo	cz_805_bren	bullet	24.00	52.00	-46.48	43.47	-52.79	42.84	6.34
12012519	damage	bot-1287	bravo	bot-1250	alpha	cz_805_bren	bullet	24.00	52.00	-53.01	42.28	-46.62	43.44	6.50
12012716	damage	bot-1250	alpha	bot-1285	bravo	cz_805_bren	bullet	24.00	52.00	-46.29	43.29	-53.78	42.86	7.50
12013267	damage	bot-1250	alpha	bot-1287	bravo	cz_805_bren	bullet	24.00	28.00	-45.23	43.17	-54.92	38.73	10.66
12013267	damage	bot-1271	bravo	bot-1266	alpha	five_seven	bullet	20.00	76.07	54.97	-24.08	43.85	-30.44	12.80
12013293	damage	bot-1266	alpha	bot-1271	bravo	m1911	bullet	33.00	39.39	43.85	-30.44	54.97	-24.08	12.80
12013417	damage	bot-1271	bravo	bot-1266	alpha	five_seven	bullet	20.00	56.07	55.10	-23.95	43.85	-30.44	12.98
12013515	damage	bot-1250	alpha	bot-1287	bravo	cz_805_bren	bullet	24.00	4.00	-44.55	43.15	-55.80	38.67	12.11
12013653	kill	bot-1250	alpha	bot-1287	bravo	cz_805_bren	bullet	24.00	0.00	-44.30	43.13	-55.80	38.67	12.33
12013717	damage	bot-1266	alpha	bot-1271	bravo	m1911	bullet	33.00	6.39	43.26	-30.58	55.66	-23.38	14.34
12013848	damage	bot-1250	alpha	bot-1285	bravo	cz_805_bren	bullet	24.00	28.00	-44.09	43.12	-56.99	39.04	13.53
12013971	damage	bot-1250	alpha	bot-1285	bravo	cz_805_bren	bullet	24.00	4.00	-44.09	43.12	-56.99	39.04	13.53
12015203	kill	bot-1275	alpha	bot-1271	bravo	five_seven	bullet	20.00	0.00	39.78	-30.97	58.77	-19.95	21.95
12020004	damage	bot-1250	alpha	bot-1285	bravo	cz_805_bren	bullet	24.00	48.31	-47.51	42.17	-56.83	32.83	13.19
12020142	damage	bot-1250	alpha	bot-1285	bravo	cz_805_bren	bullet	24.00	24.31	-47.51	42.17	-57.02	32.24	13.75
12020502	damage	bot-1250	alpha	bot-1285	bravo	cz_805_bren	bullet	24.00	0.31	-47.67	42.48	-57.56	30.41	15.61
12020616	kill	bot-1250	alpha	bot-1285	bravo	cz_805_bren	bullet	24.00	0.00	-47.67	42.48	-57.72	29.89	16.11
12062840	kill	bot-1250	alpha	bot-1293	bravo	cz_805_bren	bullet	24.00	0.00	31.62	46.88	68.94	46.50	37.33
12063161	damage	bot-1292	bravo	bot-1250	alpha	cz_805_bren	bullet	24.00	49.20	77.18	48.15	31.67	46.96	45.52
12101510	damage	bot-1297	bravo	bot-1263	alpha	cz_805_bren	bullet	24.00	48.11	68.96	37.58	96.55	29.46	28.76
12101555	damage	bot-1263	alpha	bot-1292	bravo	five_seven	bullet	20.00	52.53	96.55	29.43	69.64	38.91	28.53
12101622	damage	bot-1297	bravo	bot-1263	alpha	cz_805_bren	bullet	24.00	24.11	68.96	37.58	96.56	29.33	28.81
12106873	damage	bot-1284	alpha	bot-1297	bravo	cz_805_bren	bullet	24.00	75.71	96.84	27.12	72.38	39.30	27.33
12106999	damage	bot-1284	alpha	bot-1297	bravo	cz_805_bren	bullet	24.00	51.71	96.84	27.12	72.65	39.16	27.03
12107127	damage	bot-1284	alpha	bot-1297	bravo	cz_805_bren	bullet	24.00	27.71	96.84	27.12	72.19	39.62	27.64
12107252	damage	bot-1284	alpha	bot-1297	bravo	cz_805_bren	bullet	24.00	3.71	96.84	27.12	71.75	40.07	28.24
12107369	kill	bot-1284	alpha	bot-1297	bravo	cz_805_bren	bullet	24.00	0.00	96.84	27.12	71.33	40.50	28.81
12108204	damage	bot-1284	alpha	bot-1292	bravo	cz_805_bren	bullet	24.00	48.06	96.78	27.73	74.56	36.81	24.01
12108447	damage	bot-1284	alpha	bot-1292	bravo	cz_805_bren	bullet	24.00	24.06	96.78	27.73	73.69	37.66	25.13
12108703	damage	bot-1284	alpha	bot-1292	bravo	cz_805_bren	bullet	24.00	0.06	96.77	27.84	72.79	38.56	26.26
12108830	kill	bot-1284	alpha	bot-1292	bravo	cz_805_bren	bullet	24.00	0.00	96.75	27.92	72.44	38.91	26.68
12109199	damage	bot-1284	alpha	bot-1290	bravo	cz_805_bren	bullet	24.00	47.95	96.73	27.99	83.64	46.24	22.46
12109327	damage	bot-1284	alpha	bot-1290	bravo	cz_805_bren	bullet	24.00	23.95	96.69	28.08	83.32	46.46	22.73
12111977	damage	bot-1284	alpha	bot-1290	bravo	cz_805_bren	bullet	24.00	17.02	97.11	21.81	77.79	48.80	33.19
12112206	kill	bot-1284	alpha	bot-1290	bravo	cz_805_bren	bullet	24.00	0.00	97.11	21.81	77.79	48.80	33.19
12116202	damage	bot-1299	bravo	bot-1296	alpha	five_seven	bullet	20.00	80.00	52.11	-47.44	35.50	-44.77	16.82
12116702	damage	bot-1299	bravo	bot-1296	alpha	five_seven	bullet	20.00	60.00	52.00	-47.45	35.70	-42.84	16.94
12116851	damage	bot-1299	bravo	bot-1296	alpha	five_seven	bullet	20.00	40.00	52.00	-47.45	35.47	-42.17	17.35
12117207	kill	bot-1299	bravo	bot-1242	alpha	five_seven	bullet	20.00	0.00	52.01	-47.45	42.39	-46.51	9.66
12117351	damage	bot-1299	bravo	bot-1296	alpha	five_seven	bullet	20.00	20.00	52.01	-47.45	34.71	-39.83	18.90
12117508	kill	bot-1299	bravo	bot-1296	alpha	five_seven	bullet	20.00	0.00	52.01	-47.45	34.47	-39.07	19.44
12117922	damage	bot-1299	bravo	bot-1298	alpha	five_seven	bullet	20.00	80.00	51.92	-47.46	35.75	-42.54	16.90
12118098	damage	bot-1299	bravo	bot-1298	alpha	five_seven	bullet	20.00	60.00	51.92	-47.46	35.81	-41.79	17.07
12121903	damage	bot-1299	bravo	bot-1281	alpha	five_seven	bullet	20.00	49.51	51.79	-46.72	31.79	-44.20	20.16
12122052	damage	bot-1299	bravo	bot-1281	alpha	five_seven	bullet	20.00	29.51	51.79	-46.72	31.65	-44.97	20.22
12125172	damage	bot-1299	bravo	bot-1298	alpha	five_seven	bullet	20.00	29.79	47.16	-47.15	24.16	-30.33	28.49
12125493	damage	bot-1299	bravo	bot-1298	alpha	five_seven	bullet	20.00	15.58	47.16	-47.15	24.16	-30.33	28.49
12125649	kill	bot-1299	bravo	bot-1298	alpha	five_seven	bullet	20.00	0.00	47.16	-47.14	24.16	-30.33	28.49
12127241	damage	bot-1284	alpha	bot-1291	bravo	cz_805_bren	bullet	24.00	16.22	90.48	33.31	63.24	44.11	29.30
12127361	kill	bot-1284	alpha	bot-1291	bravo	cz_805_bren	bullet	24.00	0.00	90.48	33.31	63.24	44.11	29.30
12127871	damage	bot-1299	bravo	bot-1281	alpha	five_seven	bullet	20.00	52.13	45.89	-47.09	32.22	-47.97	13.70
12128118	damage	bot-1299	bravo	bot-1281	alpha	five_seven	bullet	20.00	32.13	45.89	-47.09	31.72	-47.96	14.19
12128281	damage	bot-1299	bravo	bot-1281	alpha	five_seven	bullet	20.00	12.13	45.89	-47.09	30.92	-48.07	15.01
12128426	kill	bot-1299	bravo	bot-1281	alpha	five_seven	bullet	20.00	0.00	45.89	-47.09	30.25	-48.17	15.68
12155303	damage	bot-1299	bravo	bot-1304	alpha	five_seven	bullet	20.00	80.00	42.74	-45.92	82.02	-45.00	39.29
12156499	damage	bot-1299	bravo	bot-1304	alpha	five_seven	bullet	20.00	60.00	43.27	-46.02	81.04	-45.10	37.78
12156967	damage	bot-1299	bravo	bot-1304	alpha	five_seven	bullet	20.00	40.00	43.36	-46.04	82.10	-46.20	38.74
12168435	damage	bot-1299	bravo	bot-1306	alpha	five_seven	bullet	20.00	80.00	57.40	-47.79	68.80	-40.19	13.69
13324735	damage	bot-1294	bravo	bot-1307	alpha	m24	bullet	95.00	5.00	23.34	-44.56	72.00	-6.97	61.48
13328449	damage	bot-1284	alpha	bot-1028	bravo	cz_805_bren	bullet	24.00	67.60	65.98	-3.71	40.61	-35.64	40.78
13328595	damage	bot-1284	alpha	bot-1028	bravo	cz_805_bren	bullet	24.00	43.60	65.98	-3.71	40.44	-36.06	41.21
13328820	damage	bot-1284	alpha	bot-1028	bravo	cz_805_bren	bullet	24.00	19.60	65.98	-3.71	39.41	-36.61	42.28
13328990	kill	bot-1284	alpha	bot-1028	bravo	cz_805_bren	bullet	24.00	0.00	65.98	-3.71	38.69	-36.72	42.82
13329384	damage	bot-1286	alpha	bot-1303	bravo	five_seven	bullet	20.00	54.66	66.44	-1.58	32.80	-38.34	49.83
13330319	damage	bot-1275	alpha	bot-1295	bravo	five_seven	bullet	20.00	80.00	66.79	-0.11	36.17	-37.33	48.19
13331051	damage	bot-1284	alpha	bot-1215	bravo	cz_805_bren	bullet	24.00	48.50	65.95	-3.75	51.07	-24.07	25.19
13331161	damage	bot-1275	alpha	bot-1295	bravo	five_seven	bullet	20.00	60.00	66.90	0.08	36.17	-37.33	48.41
13331182	damage	bot-1284	alpha	bot-1215	bravo	cz_805_bren	bullet	24.00	24.50	65.95	-3.75	50.37	-24.08	25.61
13331310	damage	bot-1275	alpha	bot-1295	bravo	five_seven	bullet	20.00	40.00	66.90	0.08	36.02	-37.54	48.67
13331561	damage	bot-1284	alpha	bot-1215	bravo	cz_805_bren	bullet	24.00	0.50	65.95	-3.75	48.31	-24.10	26.94
13331582	damage	bot-1300	alpha	bot-1295	bravo	five_seven	bullet	20.00	20.00	70.96	-5.12	35.31	-38.56	48.88
13331678	kill	bot-1284	alpha	bot-1215	bravo	cz_805_bren	bullet	24.00	0.00	65.95	-3.75	47.70	-24.11	27.34
13331731	kill	bot-1300	alpha	bot-1295	bravo	five_seven	bullet	20.00	0.00	70.96	-5.12	34.87	-39.17	49.61
13332824	damage	bot-1294	bravo	bot-1302	alpha	m24	bullet	95.00	5.00	25.34	-43.80	54.30	5.90	57.53
13334220	damage	bot-1284	alpha	bot-1303	bravo	cz_805_bren	bullet	24.00	71.07	64.26	-6.53	31.42	-42.36	48.61
13334453	damage	bot-1284	alpha	bot-1303	bravo	cz_805_bren	bullet	24.00	47.07	64.26	-6.53	31.75	-42.00	48.12
13334639	damage	bot-1284	alpha	bot-1303	bravo	cz_805_bren	bullet	24.00	23.07	64.26	-6.53	31.40	-42.27	48.55
13334755	kill	bot-1284	alpha	bot-1303	bravo	cz_805_bren	bullet	24.00	0.00	64.26	-6.53	30.81	-42.72	49.29
13336109	damage	bot-1284	alpha	bot-1299	bravo	cz_805_bren	bullet	24.00	38.72	63.97	-7.29	34.24	-39.19	43.61
13336182	damage	bot-1286	alpha	bot-1299	bravo	five_seven	bullet	20.00	18.72	58.25	-9.72	33.98	-39.43	38.36
13336252	kill	bot-1284	alpha	bot-1299	bravo	cz_805_bren	bullet	24.00	0.00	63.97	-7.29	33.71	-39.69	44.33
13338783	damage	bot-1284	alpha	bot-1294	bravo	cz_805_bren	bullet	24.00	76.00	62.72	-9.53	30.00	-41.04	45.44
13338823	damage	bot-1286	alpha	bot-1309	bravo	five_seven	bullet	20.00	80.00	56.92	-11.03	34.75	-29.08	28.58
13338914	damage	bot-1284	alpha	bot-1294	bravo	cz_805_bren	bullet	24.00	52.00	62.72	-9.53	30.00	-41.04	45.44
13339045	damage	bot-1284	alpha	bot-1294	bravo	cz_805_bren	bullet	24.00	28.00	62.72	-9.53	29.75	-40.99	45.57
13339282	damage	bot-1284	alpha	bot-1294	bravo	cz_805_bren	bullet	24.00	4.00	62.72	-9.53	29.03	-40.84	46.00
13339410	damage	bot-1286	alpha	bot-1309	bravo	five_seven	bullet	20.00	60.00	56.71	-11.20	34.76	-29.08	28.31
13339588	damage	bot-1286	alpha	bot-1309	bravo	five_seven	bullet	20.00	40.00	56.71	-11.19	34.60	-29.27	28.56
13339755	damage	bot-1286	alpha	bot-1309	bravo	five_seven	bullet	20.00	20.00	56.71	-11.19	34.22	-29.67	29.12
13339907	kill	bot-1286	alpha	bot-1309	bravo	five_seven	bullet	20.00	0.00	56.71	-11.19	33.75	-30.18	29.80
13340317	kill	bot-1286	alpha	bot-1294	bravo	five_seven	bullet	20.00	0.00	56.71	-11.19	26.27	-40.19	42.04
13344502	damage	bot-1300	alpha	bot-1305	bravo	five_seven	bullet	20.00	52.09	57.58	-19.23	22.50	-41.11	41.34
13346104	damage	bot-1286	alpha	bot-1305	bravo	five_seven	bullet	20.00	32.09	47.89	-18.26	18.56	-45.00	39.68
13346243	damage	bot-1300	alpha	bot-1305	bravo	five_seven	bullet	20.00	12.09	56.85	-19.92	18.17	-45.28	46.25
13346269	kill	bot-1286	alpha	bot-1305	bravo	five_seven	bullet	20.00	0.00	47.89	-18.26	17.98	-45.42	40.40
13347042	damage	bot-1275	alpha	bot-1310	bravo	five_seven	bullet	20.00	80.00	58.14	3.78	49.05	6.43	9.47
13347213	damage	bot-1275	alpha	bot-1310	bravo	five_seven	bullet	20.00	60.00	58.14	3.78	48.80	6.88	9.84
13347252	damage	bot-1302	alpha	bot-1310	bravo	m1911	bullet	33.00	27.00	55.17	5.89	48.61	7.10	6.67
13347366	damage	bot-1275	alpha	bot-1310	bravo	five_seven	bullet	20.00	7.00	58.14	3.78	48.20	7.52	10.62
13347515	kill	bot-1275	alpha	bot-1310	bravo	five_seven	bullet	20.00	0.00	58.14	3.78	47.65	8.10	11.34
13359068	damage	bot-1284	alpha	bot-1301	bravo	cz_805_bren	bullet	24.00	76.00	43.37	-23.00	19.46	-34.83	26.67
13366148	damage	bot-1301	bravo	bot-1302	alpha	m24	bullet	95.00	0.03	19.99	-33.84	47.27	-5.57	39.28
13389212	damage	bot-1266	alpha	bot-1313	bravo	m24	bullet	95.00	5.00	28.74	-27.89	-32.44	-14.47	62.64
13389398	damage	bot-1284	alpha	bot-1314	bravo	cz_805_bren	bullet	24.00	76.00	41.87	-20.77	65.11	-12.38	24.71
13389524	damage	bot-1284	alpha	bot-1314	bravo	cz_805_bren	bullet	24.00	52.00	41.87	-20.77	65.11	-12.37	24.71
13389649	damage	bot-1284	alpha	bot-1314	bravo	cz_805_bren	bullet	24.00	28.00	41.87	-20.77	65.25	-12.22	24.89
13389778	damage	bot-1284	alpha	bot-1314	bravo	cz_805_bren	bullet	24.00	4.00	41.87	-20.77	65.45	-12.00	25.16
13389915	kill	bot-1284	alpha	bot-1314	bravo	cz_805_bren	bullet	24.00	0.00	41.87	-20.77	65.95	-11.44	25.83
13397093	damage	bot-1313	bravo	bot-1307	alpha	five_seven	bullet	20.00	52.33	-33.05	-9.66	9.03	-31.37	47.35
13397242	damage	bot-1313	bravo	bot-1307	alpha	five_seven	bullet	20.00	32.33	-33.05	-9.66	9.27	-31.41	47.58
13397410	damage	bot-1313	bravo	bot-1307	alpha	five_seven	bullet	20.00	12.33	-33.05	-9.66	9.78	-31.51	48.09
13397558	kill	bot-1313	bravo	bot-1307	alpha	five_seven	bullet	20.00	0.00	-33.05	-9.66	10.47	-31.65	48.76
13398934	damage	bot-1313	bravo	bot-1266	alpha	five_seven	bullet	20.00	45.13	-33.33	-9.90	8.66	-24.36	44.42
13399381	damage	bot-1313	bravo	bot-1266	alpha	five_seven	bullet	20.00	25.13	-33.33	-9.90	9.68	-25.36	45.71
13399545	damage	bot-1313	bravo	bot-1266	alpha	five_seven	bullet	20.00	5.13	-33.33	-9.90	10.27	-25.94	46.46
13400501	damage	bot-1313	bravo	bot-1300	alpha	five_seven	bullet	20.00	64.14	-32.65	-9.90	10.27	-31.48	48.04
13400880	damage	bot-1313	bravo	bot-1300	alpha	five_seven	bullet	20.00	44.14	-32.65	-9.88	10.29	-31.49	48.07
13401040	damage	bot-1313	bravo	bot-1300	alpha	five_seven	bullet	20.00	24.14	-32.65	-9.88	10.54	-31.71	48.40
13401110	damage	bot-1300	alpha	bot-1313	bravo	five_seven	bullet	20.00	52.04	10.57	-31.74	-32.65	-9.88	48.44
13405534	damage	bot-1284	alpha	bot-1312	bravo	cz_805_bren	bullet	24.00	76.00	18.53	-15.13	-22.41	-27.06	42.65
13405660	damage	bot-1284	alpha	bot-1312	bravo	cz_805_bren	bullet	24.00	52.00	18.53	-15.13	-22.11	-27.06	42.36
13405802	damage	bot-1284	alpha	bot-1312	bravo	cz_805_bren	bullet	24.00	28.00	18.53	-15.13	-22.31	-26.88	42.50
13405932	damage	bot-1284	alpha	bot-1312	bravo	cz_805_bren	bullet	24.00	4.00	18.53	-15.13	-22.69	-26.53	42.77
13407435	damage	bot-1312	bravo	bot-1266	alpha	cz_805_bren	bullet	24.00	48.21	-26.23	-23.31	12.32	-29.20	38.99
13408668	damage	bot-1313	bravo	bot-1300	alpha	five_seven	bullet	20.00	52.23	-32.70	-8.46	10.37	-31.99	49.07
13408812	damage	bot-1313	bravo	bot-1300	alpha	five_seven	bullet	20.00	32.23	-32.70	-8.46	11.02	-32.07	49.69
13411657	kill	bot-1266	alpha	bot-1313	bravo	m24	bullet	95.00	0.00	15.89	-26.61	-27.73	-9.74	46.77
13413865	damage	bot-1286	alpha	bot-1315	bravo	five_seven	bullet	20.00	80.00	59.53	-12.42	59.93	-38.08	25.66
13414011	damage	bot-1286	alpha	bot-1315	bravo	five_seven	bullet	20.00	60.00	59.53	-12.42	59.93	-38.08	25.66
13414156	damage	bot-1286	alpha	bot-1315	bravo	five_seven	bullet	20.00	40.00	59.53	-12.42	60.05	-38.21	25.79
13418913	damage	bot-1275	alpha	bot-1315	bravo	five_seven	bullet	20.00	18.11	76.31	-16.57	69.85	-46.60	30.71
13419056	damage	bot-1275	alpha	bot-1315	bravo	five_seven	bullet	20.00	0.74	76.31	-16.58	69.85	-46.60	30.71
13419056	damage	bot-1300	alpha	bot-1312	bravo	five_seven	bullet	20.00	52.47	8.32	-31.67	-16.56	-24.99	25.76
13419209	kill	bot-1275	alpha	bot-1315	bravo	five_seven	bullet	20.00	0.00	76.31	-16.58	69.85	-46.60	30.71
13419209	damage	bot-1300	alpha	bot-1312	bravo	five_seven	bullet	20.00	32.47	8.32	-31.67	-16.95	-24.60	26.24
13420897	damage	bot-1275	alpha	bot-1316	bravo	five_seven	bullet	20.00	26.57	77.69	-18.91	69.93	-40.31	22.77
13421076	damage	bot-1275	alpha	bot-1316	bravo	five_seven	bullet	20.00	9.56	77.69	-18.91	69.93	-40.31	22.76
13421258	kill	bot-1275	alpha	bot-1316	bravo	five_seven	bullet	20.00	0.00	77.69	-18.91	69.93	-40.31	22.76
13424758	damage	bot-1284	alpha	bot-1312	bravo	cz_805_bren	bullet	24.00	40.00	-11.50	-22.63	-19.25	-22.50	7.75
13425140	damage	bot-1284	alpha	bot-1312	bravo	cz_805_bren	bullet	24.00	16.00	-11.50	-22.63	-20.79	-21.18	9.40
13429510	damage	bot-1284	alpha	bot-1319	bravo	cz_805_bren	bullet	24.00	76.00	-11.50	-22.46	-25.44	-15.90	15.40
13429600	damage	bot-1300	alpha	bot-1319	bravo	five_seven	bullet	20.00	56.00	-7.12	-30.34	-25.33	-15.96	23.20
13429789	damage	bot-1300	alpha	bot-1319	bravo	five_seven	bullet	20.00	36.00	-7.12	-30.34	-25.34	-15.44	23.53
13430766	damage	bot-1300	alpha	bot-1319	bravo	m1911	bullet	33.00	3.00	-7.13	-30.32	-25.42	-13.31	24.98
13431474	kill	bot-1300	alpha	bot-1319	bravo	m1911	bullet	33.00	0.00	-7.13	-30.29	-25.47	-12.07	25.85
13432668	kill	bot-1300	alpha	bot-1312	bravo	m1911	bullet	33.00	0.00	-7.20	-30.26	-25.64	-20.70	20.78
13444648	damage	bot-1284	alpha	bot-1318	bravo	cz_805_bren	bullet	24.00	76.00	-27.39	-21.54	-71.03	-40.67	47.64
13444772	damage	bot-1284	alpha	bot-1318	bravo	cz_805_bren	bullet	24.00	52.00	-27.39	-21.54	-70.71	-40.56	47.31
13444892	damage	bot-1284	alpha	bot-1318	bravo	cz_805_bren	bullet	24.00	28.00	-27.39	-21.54	-70.97	-40.85	47.66
13445003	damage	bot-1284	alpha	bot-1318	bravo	cz_805_bren	bullet	24.00	4.00	-27.39	-21.54	-71.25	-41.18	48.06
13445120	kill	bot-1284	alpha	bot-1318	bravo	cz_805_bren	bullet	24.00	0.00	-27.39	-21.54	-71.46	-41.41	48.34
13450953	damage	bot-1302	alpha	bot-1320	bravo	m24	bullet	95.00	5.00	50.88	-11.99	32.97	41.67	56.57
13467836	damage	bot-1275	alpha	bot-1320	bravo	five_seven	bullet	20.00	52.28	40.67	2.42	32.96	46.62	44.87
13468965	damage	bot-1286	alpha	bot-1320	bravo	five_seven	bullet	20.00	32.28	43.03	11.34	28.25	48.76	40.23
13469049	kill	bot-1323	bravo	bot-1266	alpha	m24	bullet	95.00	0.00	-44.98	-35.06	-11.64	-15.46	38.68
13469132	damage	bot-1286	alpha	bot-1320	bravo	five_seven	bullet	20.00	12.28	43.03	11.34	28.25	48.76	40.23
13469287	kill	bot-1286	alpha	bot-1320	bravo	five_seven	bullet	20.00	0.00	43.03	11.34	28.25	48.76	40.23
13516191	damage	bot-1286	alpha	bot-1329	bravo	five_seven	bullet	20.00	80.00	77.66	47.96	92.18	48.13	14.52
13516479	damage	bot-1286	alpha	bot-1329	bravo	five_seven	bullet	20.00	60.00	77.66	47.96	92.11	48.16	14.46
13516560	damage	bot-1329	bravo	bot-1286	alpha	five_seven	bullet	20.00	52.16	92.24	48.13	77.66	47.96	14.59
13517443	damage	bot-1284	alpha	bot-1329	bravo	cz_805_bren	bullet	24.00	36.00	77.01	46.24	95.79	47.42	18.82
13517711	damage	bot-1284	alpha	bot-1329	bravo	cz_805_bren	bullet	24.00	12.00	77.01	46.24	95.79	47.42	18.82
13517827	kill	bot-1284	alpha	bot-1329	bravo	cz_805_bren	bullet	24.00	0.00	77.01	46.24	95.79	47.42	18.82
17385895	damage	bot-1327	bravo	bot-1288	alpha	five_seven	bullet	20.00	77.11	97.03	-15.83	96.85	12.30	28.13
17386047	damage	bot-1327	bravo	bot-1288	alpha	five_seven	bullet	20.00	57.11	97.03	-15.83	96.85	12.30	28.13
17386206	damage	bot-1327	bravo	bot-1288	alpha	five_seven	bullet	20.00	37.11	97.04	-15.83	96.84	12.50	28.34
17386349	damage	bot-1327	bravo	bot-1288	alpha	five_seven	bullet	20.00	17.11	97.04	-15.83	96.81	12.86	28.69
17386512	kill	bot-1327	bravo	bot-1288	alpha	five_seven	bullet	20.00	0.00	97.04	-15.83	96.59	13.48	29.31
17530715	kill	bot-1331	alpha	bot-1327	bravo	m24	bullet	95.00	0.00	92.34	-45.75	96.56	13.39	59.29
19790462	damage	bot-1300	alpha	bot-1330	bravo	five_seven	bullet	20.00	52.38	67.58	-45.06	34.30	-40.59	33.58
19790491	damage	bot-1286	alpha	bot-1330	bravo	five_seven	bullet	20.00	32.38	68.50	-46.23	34.07	-40.47	34.91
19790524	damage	bot-1328	alpha	bot-1330	bravo	five_seven	bullet	20.00	12.38	71.32	-45.45	33.97	-40.37	37.70
19796346	damage	bot-1284	alpha	bot-1330	bravo	cz_805_bren	bullet	24.00	71.80	69.95	-40.57	31.75	-37.41	38.34
19796486	damage	bot-1284	alpha	bot-1330	bravo	cz_805_bren	bullet	24.00	47.80	69.95	-40.57	31.95	-37.53	38.13
19796933	damage	bot-1284	alpha	bot-1330	bravo	cz_805_bren	bullet	24.00	23.80	69.94	-40.50	30.32	-37.30	39.75
19798054	damage	bot-1328	alpha	bot-1330	bravo	five_seven	bullet	20.00	11.19	60.07	-43.68	27.26	-37.65	33.36
19798202	kill	bot-1328	alpha	bot-1330	bravo	five_seven	bullet	20.00	0.00	60.06	-43.67	27.26	-37.65	33.35
19813951	damage	bot-1284	alpha	bot-1311	bravo	cz_805_bren	bullet	24.00	48.08	46.90	-46.00	4.52	-43.99	42.43
19814081	damage	bot-1284	alpha	bot-1311	bravo	cz_805_bren	bullet	24.00	24.08	46.90	-46.00	3.96	-44.30	42.98
19814203	damage	bot-1284	alpha	bot-1311	bravo	cz_805_bren	bullet	24.00	0.08	46.90	-46.00	3.42	-44.61	43.50
19818320	damage	bot-1284	alpha	bot-1324	bravo	cz_805_bren	bullet	24.00	76.00	40.66	-43.34	3.92	-44.38	36.76
19818438	damage	bot-1284	alpha	bot-1324	bravo	cz_805_bren	bullet	24.00	52.00	40.66	-43.34	4.16	-44.21	36.52
19819296	damage	bot-1275	alpha	bot-1322	bravo	five_seven	bullet	20.00	46.98	46.17	-40.27	-0.19	-44.78	46.58
19819399	damage	bot-1284	alpha	bot-1322	bravo	cz_805_bren	bullet	24.00	22.98	40.32	-43.23	-0.69	-44.82	41.05
19819615	damage	bot-1275	alpha	bot-1322	bravo	five_seven	bullet	20.00	2.98	46.17	-40.27	-1.75	-45.56	48.21
19821622	damage	bot-1302	alpha	bot-1326	bravo	m1911	bullet	33.00	67.00	44.82	-35.35	-7.66	-47.56	53.88
19821981	damage	bot-1302	alpha	bot-1326	bravo	m1911	bullet	33.00	34.00	44.82	-35.35	-7.66	-47.56	53.88
19822403	damage	bot-1284	alpha	bot-1321	bravo	cz_805_bren	bullet	24.00	71.63	36.70	-42.97	-12.35	-44.14	49.06
19822403	damage	bot-1286	alpha	bot-1332	bravo	five_seven	bullet	20.00	80.00	27.27	-32.70	-17.18	-38.77	44.86
19822542	damage	bot-1284	alpha	bot-1321	bravo	cz_805_bren	bullet	24.00	47.63	36.70	-42.97	-11.85	-44.48	48.57
19822581	damage	bot-1286	alpha	bot-1332	bravo	five_seven	bullet	20.00	60.00	27.27	-32.70	-17.43	-38.75	45.11
19822670	damage	bot-1284	alpha	bot-1321	bravo	cz_805_bren	bullet	24.00	23.63	36.70	-42.97	-12.39	-44.89	49.13
19822731	damage	bot-1286	alpha	bot-1332	bravo	five_seven	bullet	20.00	40.00	27.27	-32.70	-16.93	-38.95	44.64
19827065	damage	bot-1286	alpha	bot-1324	bravo	five_seven	bullet	20.00	52.30	23.64	-31.77	8.86	-43.67	18.98
19827206	kill	bot-1286	alpha	bot-1324	bravo	five_seven	bullet	20.00	0.00	23.64	-31.77	8.10	-43.68	19.58
19827646	kill	bot-1286	alpha	bot-1311	bravo	five_seven	bullet	20.00	0.00	23.64	-31.77	10.11	-42.49	17.27
19828426	damage	bot-1331	alpha	bot-1333	bravo	m24	bullet	95.00	5.00	20.35	47.36	-24.28	-10.37	72.97
19829265	damage	bot-1284	alpha	bot-1323	bravo	cz_805_bren	bullet	24.00	71.83	21.22	-43.06	-9.52	-45.68	30.85
19829380	damage	bot-1284	alpha	bot-1323	bravo	cz_805_bren	bullet	24.00	47.83	21.22	-43.06	-9.23	-45.68	30.56
19829516	damage	bot-1284	alpha	bot-1323	bravo	cz_805_bren	bullet	24.00	23.83	21.22	-43.06	-9.78	-45.98	31.13
19829605	damage	bot-1322	bravo	bot-1286	alpha	five_seven	bullet	20.00	52.19	4.67	-42.23	21.37	-32.91	19.13
19829752	kill	bot-1284	alpha	bot-1323	bravo	cz_805_bren	bullet	24.00	0.00	21.22	-43.06	-10.69	-45.85	32.03
19829752	damage	bot-1322	bravo	bot-1286	alpha	five_seven	bullet	20.00	32.19	4.67	-42.23	21.61	-32.88	19.36
19830112	damage	bot-1284	alpha	bot-1321	bravo	cz_805_bren	bullet	24.00	48.16	21.22	-43.06	-9.43	-46.40	30.84
19835491	kill	bot-1331	alpha	bot-1333	bravo	m24	bullet	95.00	0.00	13.55	37.73	-22.11	-13.05	62.05
19837748	damage	bot-1328	alpha	bot-1322	bravo	five_seven	bullet	20.00	52.45	20.02	-44.39	7.68	-43.63	12.36
19838295	damage	bot-1328	alpha	bot-1322	bravo	five_seven	bullet	20.00	32.45	19.83	-44.38	7.76	-43.73	12.08
19838651	damage	bot-1302	alpha	bot-1332	bravo	m1911	bullet	33.00	39.07	24.48	-37.70	-11.54	-35.84	36.07
19838769	damage	bot-1328	alpha	bot-1326	bravo	five_seven	bullet	20.00	52.17	19.78	-44.39	5.00	-43.63	14.80
19838911	damage	bot-1328	alpha	bot-1326	bravo	five_seven	bullet	20.00	32.17	19.80	-44.38	4.74	-43.12	15.11
19839128	damage	bot-1328	alpha	bot-1326	bravo	five_seven	bullet	20.00	12.17	19.80	-44.38	4.63	-42.89	15.25
19839298	damage	bot-1326	bravo	bot-1328	alpha	cz_805_bren	bullet	24.00	69.50	4.64	-42.89	19.80	-44.38	15.23
19839298	kill	bot-1328	alpha	bot-1326	bravo	five_seven	bullet	20.00	0.00	19.80	-44.38	4.64	-42.89	15.23
19839500	damage	bot-1328	alpha	bot-1322	bravo	five_seven	bullet	20.00	12.45	19.77	-44.42	4.55	-44.35	15.22
19839651	kill	bot-1328	alpha	bot-1322	bravo	five_seven	bullet	20.00	0.00	19.77	-44.42	3.89	-44.47	15.88
19840070	damage	bot-1284	alpha	bot-1332	bravo	cz_805_bren	bullet	24.00	15.07	16.18	-44.79	-15.29	-38.98	32.01
19840341	kill	bot-1284	alpha	bot-1332	bravo	cz_805_bren	bullet	24.00	0.00	16.18	-44.79	-15.29	-38.98	32.01
19845325	damage	bot-1284	alpha	bot-1321	bravo	cz_805_bren	bullet	24.00	48.19	27.67	-44.68	2.56	-44.85	25.11
19846767	damage	bot-1284	alpha	bot-1321	bravo	cz_805_bren	bullet	24.00	24.19	27.51	-44.65	-2.28	-48.46	30.04
19846882	damage	bot-1284	alpha	bot-1321	bravo	cz_805_bren	bullet	24.00	0.19	27.51	-44.65	-2.28	-48.46	30.04
19847000	kill	bot-1284	alpha	bot-1321	bravo	cz_805_bren	bullet	24.00	0.00	27.51	-44.65	-2.28	-48.46	30.04
19877552	damage	bot-1339	bravo	bot-1331	alpha	five_seven	bullet	20.00	60.28	-45.55	34.18	-33.69	35.51	11.94
19877712	damage	bot-1339	bravo	bot-1331	alpha	five_seven	bullet	20.00	40.28	-45.55	34.18	-33.68	35.51	11.94
19877794	damage	bot-1331	alpha	bot-1339	bravo	five_seven	bullet	20.00	80.00	-33.61	35.57	-45.55	34.18	12.02
19887116	damage	bot-1339	bravo	bot-1331	alpha	five_seven	bullet	20.00	52.11	-42.10	35.22	-33.25	36.00	8.88
19894674	damage	bot-1331	alpha	bot-1339	bravo	five_seven	bullet	20.00	60.00	-32.14	38.77	-40.26	35.75	8.65
19896960	damage	bot-1341	bravo	bot-1331	alpha	cz_805_bren	bullet	24.00	48.12	-39.97	35.90	-34.52	38.40	5.99
19902191	damage	bot-1331	alpha	bot-1341	bravo	five_seven	bullet	20.00	80.00	-30.97	41.89	-37.65	34.06	10.30
19902666	damage	bot-1339	bravo	bot-1331	alpha	five_seven	bullet	20.00	52.37	-39.31	36.35	-31.11	41.72	9.80
19902925	damage	bot-1339	bravo	bot-1331	alpha	five_seven	bullet	20.00	32.37	-39.31	36.34	-30.61	41.74	10.24
19903065	damage	bot-1339	bravo	bot-1331	alpha	five_seven	bullet	20.00	12.37	-39.31	36.34	-29.89	41.76	10.86
19903217	kill	bot-1339	bravo	bot-1331	alpha	five_seven	bullet	20.00	0.00	-39.31	36.34	-29.09	41.82	11.60
19907078	damage	bot-1339	bravo	bot-1343	alpha	five_seven	bullet	20.00	80.00	-35.78	38.77	-29.40	43.46	7.92
19907232	damage	bot-1339	bravo	bot-1343	alpha	five_seven	bullet	20.00	60.00	-35.78	38.77	-28.78	43.23	8.30
19907395	damage	bot-1339	bravo	bot-1343	alpha	five_seven	bullet	20.00	40.00	-35.78	38.77	-28.19	43.88	9.15
19907550	damage	bot-1339	bravo	bot-1343	alpha	five_seven	bullet	20.00	20.00	-35.78	38.77	-27.68	44.48	9.92
19907711	kill	bot-1339	bravo	bot-1343	alpha	five_seven	bullet	20.00	0.00	-35.78	38.77	-27.09	45.17	10.80
19913103	damage	bot-1335	alpha	bot-1339	bravo	cz_805_bren	bullet	24.00	48.35	-26.58	48.29	-28.75	42.20	6.46
19913233	damage	bot-1335	alpha	bot-1339	bravo	cz_805_bren	bullet	24.00	24.35	-26.58	48.29	-28.83	42.05	6.64
19913295	damage	bot-1339	bravo	bot-1335	alpha	five_seven	bullet	20.00	80.00	-28.86	42.00	-26.58	48.29	6.70
19913344	damage	bot-1335	alpha	bot-1339	bravo	cz_805_bren	bullet	24.00	0.35	-26.58	48.29	-28.91	41.90	6.81
19913828	kill	bot-1335	alpha	bot-1339	bravo	cz_805_bren	bullet	24.00	0.00	-26.60	48.22	-29.45	40.85	7.90
19917134	damage	bot-1337	bravo	bot-1345	alpha	cz_805_bren	bullet	24.00	76.00	-28.36	41.61	-23.47	45.69	6.37
19917249	damage	bot-1337	bravo	bot-1345	alpha	cz_805_bren	bullet	24.00	52.00	-28.33	41.60	-23.53	45.67	6.30
19917361	damage	bot-1337	bravo	bot-1345	alpha	cz_805_bren	bullet	24.00	28.00	-28.33	41.59	-23.09	45.95	6.82
19917477	damage	bot-1337	bravo	bot-1345	alpha	cz_805_bren	bullet	24.00	4.00	-28.33	41.59	-22.55	46.30	7.45
19917477	kill	bot-1340	bravo	bot-1345	alpha	cz_805_bren	bullet	24.00	0.00	-27.50	39.37	-22.55	46.30	8.51
19917567	damage	bot-1335	alpha	bot-1337	bravo	cz_805_bren	bullet	24.00	52.07	-26.43	48.28	-28.33	41.59	6.95
19917639	damage	bot-1337	bravo	bot-1335	alpha	cz_805_bren	bullet	24.00	56.00	-28.51	41.29	-26.43	48.28	7.29
19917698	damage	bot-1335	alpha	bot-1337	bravo	cz_805_bren	bullet	24.00	28.07	-26.26	48.30	-28.66	41.09	7.59
19917814	damage	bot-1335	alpha	bot-1337	bravo	cz_805_bren	bullet	24.00	4.07	-25.68	48.37	-28.97	40.65	8.39
19917984	damage	bot-1337	bravo	bot-1335	alpha	cz_805_bren	bullet	24.00	32.00	-29.44	39.89	-24.78	48.50	9.79
19918974	damage	bot-1337	bravo	bot-1335	alpha	cz_805_bren	bullet	24.00	8.00	-32.55	36.99	-22.26	48.93	15.76
19923198	kill	bot-1341	bravo	bot-1335	alpha	cz_805_bren	bullet	24.00	0.00	-24.59	43.57	-23.11	48.73	5.37
19930094	damage	bot-1342	bravo	bot-1347	alpha	five_seven	bullet	20.00	80.00	8.62	12.38	-9.48	-23.59	40.27
19930245	damage	bot-1342	bravo	bot-1347	alpha	five_seven	bullet	20.00	60.00	8.62	12.38	-9.39	-23.33	40.00
19930391	damage	bot-1342	bravo	bot-1347	alpha	five_seven	bullet	20.00	40.00	8.62	12.38	-9.54	-23.46	40.17
19930532	damage	bot-1342	bravo	bot-1347	alpha	five_seven	bullet	20.00	20.00	8.62	12.38	-9.76	-23.65	40.45
19930853	kill	bot-1342	bravo	bot-1347	alpha	five_seven	bullet	20.00	0.00	8.62	12.38	-10.71	-24.51	41.64
19932505	damage	bot-1302	alpha	bot-1346	bravo	m1911	bullet	33.00	67.00	-47.51	-40.26	8.92	7.20	73.73
19933921	damage	bot-1302	alpha	bot-1342	bravo	m1911	bullet	33.00	67.00	-47.46	-40.29	7.88	7.19	72.92
19941493	damage	bot-1302	alpha	bot-1342	bravo	m1911	bullet	33.00	34.00	-40.81	-34.53	0.49	14.66	64.24
19953760	damage	bot-1284	alpha	bot-1349	bravo	cz_805_bren	bullet	24.00	76.00	-28.73	-19.62	-5.02	2.91	32.71
19953892	damage	bot-1284	alpha	bot-1349	bravo	cz_805_bren	bullet	24.00	52.00	-28.73	-19.62	-5.26	2.67	32.37
19954003	damage	bot-1284	alpha	bot-1349	bravo	cz_805_bren	bullet	24.00	28.00	-28.73	-19.62	-5.42	2.14	31.89
19954130	damage	bot-1284	alpha	bot-1349	bravo	cz_805_bren	bullet	24.00	4.00	-28.73	-19.62	-5.42	2.14	31.89
19954688	kill	bot-1284	alpha	bot-1349	bravo	m1911	bullet	33.00	0.00	-28.70	-19.49	-5.42	2.14	31.78
19963426	damage	bot-1302	alpha	bot-1341	bravo	m1911	bullet	33.00	62.58	-21.83	-13.07	17.03	46.97	71.51
19963775	damage	bot-1302	alpha	bot-1341	bravo	m1911	bullet	33.00	29.58	-21.83	-13.07	16.83	46.55	71.05
19964137	kill	bot-1302	alpha	bot-1341	bravo	m1911	bullet	33.00	0.00	-21.83	-13.07	18.59	45.99	71.56
19965709	damage	bot-1302	alpha	bot-1351	bravo	m1911	bullet	33.00	67.00	-21.26	-13.05	22.10	32.14	62.63
19966064	damage	bot-1302	alpha	bot-1351	bravo	m1911	bullet	33.00	34.00	-21.26	-13.05	23.34	32.56	63.79
19968466	damage	bot-1302	alpha	bot-1344	bravo	m1911	bullet	33.00	67.00	-20.55	-12.41	28.36	26.73	62.64
19969487	damage	bot-1302	alpha	bot-1346	bravo	m1911	bullet	33.00	34.00	-20.54	-12.38	29.28	33.65	67.83
19969876	damage	bot-1302	alpha	bot-1346	bravo	m1911	bullet	33.00	1.00	-20.54	-12.38	30.52	35.19	69.79
19970320	kill	bot-1302	alpha	bot-1346	bravo	m1911	bullet	33.00	0.00	-20.54	-12.38	31.82	36.77	71.82
19971184	damage	bot-1302	alpha	bot-1353	bravo	m1911	bullet	33.00	67.00	-20.54	-12.38	28.20	32.30	66.12
19973580	damage	bot-1302	alpha	bot-1353	bravo	m1911	bullet	33.00	34.00	-20.18	-12.09	29.28	33.65	67.37
19973934	damage	bot-1302	alpha	bot-1353	bravo	m1911	bullet	33.00	1.00	-20.18	-12.09	30.47	35.12	69.25
19975368	damage	bot-1302	alpha	bot-1342	bravo	m1911	bullet	33.00	39.15	-19.85	-12.18	30.88	35.54	69.64
19975711	damage	bot-1302	alpha	bot-1342	bravo	m1911	bullet	33.00	6.15	-19.85	-12.18	32.03	36.92	71.42
19977710	damage	bot-1302	alpha	bot-1352	bravo	m1911	bullet	33.00	67.00	-19.10	-11.44	19.94	20.39	50.37
19981775	damage	bot-1284	alpha	bot-1351	bravo	m1911	bullet	33.00	39.40	-5.86	-0.25	13.14	14.56	24.09
19982120	damage	bot-1284	alpha	bot-1351	bravo	m1911	bullet	33.00	6.40	-5.86	-0.25	14.01	16.09	25.73
19982466	kill	bot-1284	alpha	bot-1351	bravo	m1911	bullet	33.00	0.00	-5.86	-0.25	15.32	16.84	27.21
19985689	damage	bot-1300	alpha	bot-1352	bravo	five_seven	bullet	20.00	47.00	-13.44	-12.70	13.48	13.49	37.56
19986193	damage	bot-1300	alpha	bot-1352	bravo	five_seven	bullet	20.00	27.00	-13.26	-12.52	14.53	14.90	39.05
19986349	damage	bot-1300	alpha	bot-1352	bravo	five_seven	bullet	20.00	7.00	-13.26	-12.52	15.14	15.39	39.82
19991159	damage	bot-1300	alpha	bot-1344	bravo	five_seven	bullet	20.00	47.00	-9.28	-9.29	12.89	13.66	31.91
19991159	kill	bot-1344	bravo	bot-1300	alpha	m24	bullet	95.00	0.00	12.89	13.66	-9.28	-9.29	31.91
19996714	damage	bot-1328	alpha	bot-1352	bravo	five_seven	bullet	20.00	52.44	7.34	7.44	18.69	15.03	13.65
19997419	damage	bot-1328	alpha	bot-1344	bravo	five_seven	bullet	20.00	52.09	7.46	7.47	15.83	13.03	10.05
19997604	damage	bot-1328	alpha	bot-1344	bravo	five_seven	bullet	20.00	32.09	7.47	7.46	16.46	13.75	10.97
19997764	damage	bot-1328	alpha	bot-1344	bravo	five_seven	bullet	20.00	12.09	7.49	7.45	17.01	14.16	11.65
19997974	kill	bot-1328	alpha	bot-1344	bravo	five_seven	bullet	20.00	0.00	7.49	7.45	17.74	14.28	12.31
19998689	damage	bot-1284	alpha	bot-1354	bravo	m1911	bullet	33.00	67.00	8.11	12.20	16.03	38.57	27.53
19999064	damage	bot-1284	alpha	bot-1354	bravo	m1911	bullet	33.00	34.00	8.11	12.20	15.69	37.75	26.65
19999430	damage	bot-1284	alpha	bot-1354	bravo	m1911	bullet	33.00	1.00	8.11	12.20	14.56	39.13	27.69
19999628	damage	bot-1328	alpha	bot-1342	bravo	five_seven	bullet	20.00	52.01	7.73	7.68	10.07	43.45	35.84
19999780	kill	bot-1284	alpha	bot-1354	bravo	m1911	bullet	33.00	0.00	8.11	12.20	13.52	40.41	28.72
20001657	damage	bot-1284	alpha	bot-1353	bravo	m1911	bullet	33.00	39.10	8.11	12.20	10.11	39.60	27.47
20002324	damage	bot-1284	alpha	bot-1352	bravo	m1911	bullet	33.00	39.27	8.06	12.19	18.68	14.18	10.81
20002324	kill	bot-1355	bravo	bot-1317	alpha	five_seven	bullet	20.00	0.00	30.39	-30.49	9.52	9.31	44.94
20003709	damage	bot-1356	alpha	bot-1340	bravo	five_seven	bullet	20.00	15.64	50.33	33.65	71.51	43.87	23.52
20004205	kill	bot-1356	alpha	bot-1340	bravo	five_seven	bullet	20.00	0.00	50.37	33.63	72.93	42.80	24.34
20006480	damage	bot-1356	alpha	bot-1353	bravo	five_seven	bullet	20.00	52.02	51.17	35.84	13.09	47.37	39.79
20006641	damage	bot-1356	alpha	bot-1353	bravo	five_seven	bullet	20.00	32.02	51.17	35.84	12.96	47.27	39.89
20006792	damage	bot-1356	alpha	bot-1353	bravo	five_seven	bullet	20.00	12.02	51.18	35.84	12.71	47.05	40.07
20006934	kill	bot-1356	alpha	bot-1353	bravo	five_seven	bullet	20.00	0.00	51.18	35.84	12.35	46.71	40.32
20007215	damage	bot-1284	alpha	bot-1355	bravo	m1911	bullet	33.00	67.00	8.00	9.18	23.09	-29.71	41.71
20007566	damage	bot-1284	alpha	bot-1355	bravo	m1911	bullet	33.00	34.00	8.00	9.18	22.87	-29.51	41.45
20008391	damage	bot-1342	bravo	bot-1356	alpha	five_seven	bullet	20.00	80.00	9.17	46.25	50.55	36.01	42.63
20008577	damage	bot-1284	alpha	bot-1357	bravo	m1911	bullet	33.00	67.00	8.07	8.99	12.95	-23.57	32.92
20008919	damage	bot-1284	alpha	bot-1357	bravo	m1911	bullet	33.00	34.00	8.07	8.99	13.56	-24.18	33.62
20009027	damage	bot-1342	bravo	bot-1356	alpha	five_seven	bullet	20.00	60.00	9.36	46.31	50.37	36.07	42.27
20011347	damage	bot-1342	bravo	bot-1356	alpha	five_seven	bullet	20.00	40.27	11.27	46.80	54.84	31.51	46.18
20011964	damage	bot-1284	alpha	bot-1352	bravo	m1911	bullet	33.00	39.15	11.65	12.20	14.91	12.51	3.27
20013585	damage	bot-1356	alpha	bot-1342	bravo	five_seven	bullet	20.00	52.50	54.84	31.48	12.64	47.23	45.04
20013733	damage	bot-1356	alpha	bot-1342	bravo	five_seven	bullet	20.00	32.50	54.84	31.48	12.46	47.17	45.18
20016059	damage	bot-1284	alpha	bot-1342	bravo	m1911	bullet	33.00	23.06	15.18	16.36	11.65	46.19	30.04
20016420	kill	bot-1284	alpha	bot-1342	bravo	m1911	bullet	33.00	0.00	15.18	16.36	12.17	46.38	30.17
20017281	damage	bot-1284	alpha	bot-1355	bravo	m1911	bullet	33.00	39.30	15.16	15.52	19.54	-29.60	45.33
20017638	damage	bot-1284	alpha	bot-1355	bravo	m1911	bullet	33.00	6.30	15.16	15.52	17.93	-30.55	46.16
20018010	kill	bot-1284	alpha	bot-1355	bravo	m1911	bullet	33.00	0.00	15.16	15.52	17.26	-30.95	46.52
20021172	damage	bot-1284	alpha	bot-1352	bravo	m1911	bullet	33.00	39.38	17.00	14.88	28.17	13.38	11.27
20021520	damage	bot-1284	alpha	bot-1352	bravo	m1911	bullet	33.00	6.38	17.00	14.88	29.82	12.96	12.97
20023928	kill	bot-1357	bravo	bot-1302	alpha	m24	bullet	95.00	0.00	21.11	-37.12	2.59	-10.49	32.44
20028927	damage	bot-1362	alpha	bot-1352	bravo	cz_805_bren	bullet	24.00	48.41	65.00	-2.14	29.14	18.78	41.52
20030729	damage	bot-1358	alpha	bot-1359	bravo	m1911	bullet	33.00	67.00	-4.42	-8.69	5.43	-16.37	12.48
20035003	damage	bot-1357	bravo	bot-1362	alpha	m24	bullet	95.00	5.00	14.13	-34.68	54.03	3.88	55.49
20047802	damage	bot-1364	alpha	bot-1363	bravo	five_seven	bullet	20.00	80.00	56.29	6.28	29.17	-21.76	39.01
20047949	damage	bot-1364	alpha	bot-1363	bravo	five_seven	bullet	20.00	60.00	56.29	6.28	29.17	-21.76	39.01
20048074	damage	bot-1363	bravo	bot-1362	alpha	five_seven	bullet	20.00	75.52	29.27	-21.88	53.68	6.72	37.60
20048196	damage	bot-1364	alpha	bot-1363	bravo	five_seven	bullet	20.00	40.00	56.29	6.28	29.45	-22.09	39.05
20048348	damage	bot-1364	alpha	bot-1363	bravo	five_seven	bullet	20.00	20.00	56.29	6.28	29.97	-22.69	39.14
20048653	kill	bot-1364	alpha	bot-1363	bravo	five_seven	bullet	20.00	0.00	56.29	6.28	29.88	-23.92	40.12
20049149	kill	bot-1365	bravo	bot-1362	alpha	m24	bullet	95.00	0.00	23.01	-20.66	51.92	5.39	38.92
20050754	damage	bot-1364	alpha	bot-1365	bravo	five_seven	bullet	20.00	80.00	55.82	6.36	23.16	-20.64	42.37
20051072	damage	bot-1364	alpha	bot-1365	bravo	five_seven	bullet	20.00	60.00	55.82	6.36	23.16	-20.64	42.37
20051244	damage	bot-1364	alpha	bot-1365	bravo	five_seven	bullet	20.00	40.00	55.82	6.36	23.08	-20.61	42.42
20051551	damage	bot-1364	alpha	bot-1365	bravo	five_seven	bullet	20.00	20.00	55.82	6.36	22.25	-20.24	42.83
20051708	kill	bot-1364	alpha	bot-1365	bravo	five_seven	bullet	20.00	0.00	55.82	6.40	22.25	-20.26	42.87
20053385	damage	bot-1364	alpha	bot-1357	bravo	five_seven	bullet	20.00	52.27	55.61	6.43	27.96	-22.68	40.15
20053533	damage	bot-1364	alpha	bot-1357	bravo	five_seven	bullet	20.00	32.27	55.61	6.43	28.09	-22.81	40.15
20053980	damage	bot-1364	alpha	bot-1357	bravo	five_seven	bullet	20.00	12.27	55.61	6.43	29.09	-23.80	40.21
20054147	kill	bot-1364	alpha	bot-1357	bravo	five_seven	bullet	20.00	0.00	55.61	6.43	29.28	-23.98	40.23
20055742	damage	bot-1364	alpha	bot-1361	bravo	five_seven	bullet	20.00	80.00	54.21	5.79	42.29	-4.06	15.46
20055909	damage	bot-1364	alpha	bot-1361	bravo	five_seven	bullet	20.00	60.00	54.21	5.80	42.69	-4.23	15.28
20056052	damage	bot-1364	alpha	bot-1361	bravo	five_seven	bullet	20.00	40.00	54.21	5.80	42.21	-4.89	16.07
20056193	damage	bot-1364	alpha	bot-1361	bravo	five_seven	bullet	20.00	20.00	54.21	5.80	41.77	-5.50	16.81
20056949	damage	bot-1350	alpha	bot-1352	bravo	cz_805_bren	bullet	24.00	33.70	54.50	42.13	9.76	38.92	44.85
20057073	damage	bot-1350	alpha	bot-1352	bravo	cz_805_bren	bullet	24.00	9.70	54.50	42.13	9.73	38.93	44.88
20057217	kill	bot-1350	alpha	bot-1352	bravo	cz_805_bren	bullet	24.00	0.00	54.51	42.14	9.73	38.93	44.89
20063489	damage	bot-1364	alpha	bot-1361	bravo	five_seven	bullet	20.00	52.57	48.54	4.01	43.08	-5.48	10.95
20063668	damage	bot-1364	alpha	bot-1361	bravo	five_seven	bullet	20.00	32.57	48.54	4.01	42.40	-6.18	11.89
20064991	kill	bot-1366	alpha	bot-1361	bravo	m1911	bullet	33.00	0.00	47.57	6.11	38.12	-10.48	19.09
20078690	damage	bot-1364	alpha	bot-1367	bravo	five_seven	bullet	20.00	52.39	23.55	-4.64	12.94	-8.44	11.27
20078831	damage	bot-1364	alpha	bot-1367	bravo	five_seven	bullet	20.00	32.39	23.55	-4.63	12.44	-8.94	11.92
20078972	damage	bot-1364	alpha	bot-1367	bravo	five_seven	bullet	20.00	12.39	23.55	-4.63	11.93	-9.45	12.58
20079134	kill	bot-1364	alpha	bot-1367	bravo	five_seven	bullet	20.00	0.00	23.55	-4.63	11.47	-9.88	13.17
20080610	damage	bot-1364	alpha	bot-1359	bravo	five_seven	bullet	20.00	52.29	21.48	-5.18	11.99	-7.85	9.86
20080753	damage	bot-1364	alpha	bot-1359	bravo	five_seven	bullet	20.00	32.29	21.48	-5.18	11.46	-8.35	10.51
20080916	damage	bot-1364	alpha	bot-1359	bravo	five_seven	bullet	20.00	12.29	21.48	-5.18	10.85	-8.91	11.26
20081076	kill	bot-1364	alpha	bot-1359	bravo	five_seven	bullet	20.00	0.00	21.48	-5.18	10.25	-9.44	12.01
20082559	damage	bot-1370	bravo	bot-1364	alpha	five_seven	bullet	20.00	80.00	54.45	-6.60	18.55	-6.06	35.91
20084638	damage	bot-1364	alpha	bot-1370	bravo	five_seven	bullet	20.00	80.00	18.18	-6.40	52.51	-6.98	34.33
20084800	damage	bot-1364	alpha	bot-1370	bravo	five_seven	bullet	20.00	60.00	18.18	-6.40	52.01	-7.20	33.84
20084951	damage	bot-1364	alpha	bot-1370	bravo	five_seven	bullet	20.00	40.00	18.17	-6.39	52.59	-7.68	34.44
20085104	damage	bot-1364	alpha	bot-1370	bravo	five_seven	bullet	20.00	20.00	18.17	-6.39	53.25	-8.04	35.12
20085104	damage	bot-1370	bravo	bot-1364	alpha	five_seven	bullet	20.00	60.00	53.25	-8.04	18.17	-6.39	35.12
20085264	kill	bot-1364	alpha	bot-1370	bravo	five_seven	bullet	20.00	0.00	18.03	-6.46	53.79	-8.32	35.80
20122472	damage	bot-1374	bravo	bot-1360	alpha	five_seven	bullet	20.00	80.00	-7.76	47.62	-48.39	25.16	46.43
20122622	damage	bot-1374	bravo	bot-1360	alpha	five_seven	bullet	20.00	60.00	-7.76	47.62	-48.04	25.18	46.11
20122769	damage	bot-1374	bravo	bot-1360	alpha	five_seven	bullet	20.00	40.00	-7.76	47.62	-48.12	24.49	46.53
20122916	damage	bot-1374	bravo	bot-1360	alpha	five_seven	bullet	20.00	20.00	-7.76	47.62	-48.20	23.82	46.93
20123063	kill	bot-1374	bravo	bot-1360	alpha	five_seven	bullet	20.00	0.00	-7.75	47.62	-48.28	23.20	47.32
20150964	damage	bot-1378	bravo	bot-1366	alpha	cz_805_bren	bullet	24.00	76.00	74.98	-42.12	92.88	-25.53	24.41
20151076	damage	bot-1378	bravo	bot-1366	alpha	cz_805_bren	bullet	24.00	52.00	74.98	-42.12	93.07	-25.34	24.68
20151190	damage	bot-1378	bravo	bot-1366	alpha	cz_805_bren	bullet	24.00	28.00	74.98	-42.12	93.25	-25.15	24.94
20151312	damage	bot-1378	bravo	bot-1366	alpha	cz_805_bren	bullet	24.00	4.00	74.98	-42.12	93.46	-24.92	25.25
20151451	kill	bot-1378	bravo	bot-1366	alpha	cz_805_bren	bullet	24.00	0.00	74.98	-42.12	93.73	-24.64	25.64
20165822	damage	bot-1376	alpha	bot-1378	bravo	cz_805_bren	bullet	24.00	76.00	84.01	-26.96	68.44	-34.41	17.26
20165938	damage	bot-1376	alpha	bot-1378	bravo	cz_805_bren	bullet	24.00	52.00	84.01	-26.96	68.44	-34.41	17.26
20166060	damage	bot-1376	alpha	bot-1378	bravo	cz_805_bren	bullet	24.00	28.00	84.01	-26.96	68.35	-34.45	17.36
20166208	damage	bot-1376	alpha	bot-1378	bravo	cz_805_bren	bullet	24.00	4.00	84.01	-26.96	68.21	-34.52	17.51
20166507	kill	bot-1376	alpha	bot-1378	bravo	cz_805_bren	bullet	24.00	0.00	84.01	-26.96	67.35	-35.03	18.51
20166932	damage	bot-1376	alpha	bot-1379	bravo	cz_805_bren	bullet	24.00	76.00	83.81	-27.17	66.78	-35.17	18.81
20167092	damage	bot-1376	alpha	bot-1379	bravo	cz_805_bren	bullet	24.00	52.00	83.81	-27.17	66.78	-35.17	18.81
20167227	damage	bot-1376	alpha	bot-1379	bravo	cz_805_bren	bullet	24.00	28.00	83.81	-27.17	66.78	-35.17	18.81
20168475	damage	bot-1364	alpha	bot-1379	bravo	five_seven	bullet	20.00	8.00	74.18	-32.31	62.45	-36.60	12.49
20168702	kill	bot-1364	alpha	bot-1379	bravo	five_seven	bullet	20.00	0.00	74.18	-32.31	62.30	-36.61	12.64
20199621	damage	bot-1350	alpha	bot-1383	bravo	cz_805_bren	bullet	24.00	49.24	18.31	38.74	6.52	34.57	12.50
20200579	damage	bot-1350	alpha	bot-1382	bravo	cz_805_bren	bullet	24.00	58.02	17.84	38.54	-1.71	28.02	22.20
20208494	damage	bot-1384	bravo	bot-1350	alpha	five_seven	bullet	20.00	80.00	-3.42	27.23	10.85	28.66	14.34
20210462	damage	bot-1384	bravo	bot-1350	alpha	five_seven	bullet	20.00	60.00	-1.48	26.38	9.96	25.87	11.45
20210547	damage	bot-1350	alpha	bot-1384	bravo	cz_805_bren	bullet	24.00	76.00	10.12	25.87	-1.48	26.38	11.61
20210614	damage	bot-1384	bravo	bot-1350	alpha	five_seven	bullet	20.00	40.00	-1.49	26.35	10.62	25.88	12.11
20210806	damage	bot-1350	alpha	bot-1384	bravo	cz_805_bren	bullet	24.00	52.00	11.27	26.37	-1.49	26.28	12.76
20210905	damage	bot-1386	bravo	bot-1350	alpha	m1911	bullet	33.00	7.00	-3.33	24.48	11.73	26.80	15.24
20211455	kill	bot-1384	bravo	bot-1350	alpha	five_seven	bullet	20.00	0.00	-2.93	28.18	13.81	28.70	16.74
20220157	damage	bot-1386	bravo	bot-1348	alpha	m24	bullet	95.00	5.00	-5.36	24.09	-12.96	-25.27	49.95
20233841	kill	bot-1386	bravo	bot-1348	alpha	m24	bullet	95.00	0.00	-5.42	26.46	-15.55	-33.02	60.33
20239658	damage	bot-1385	alpha	bot-1382	bravo	five_seven	bullet	20.00	31.96	-7.28	12.68	3.66	19.18	12.73
20241007	damage	bot-1385	alpha	bot-1382	bravo	five_seven	bullet	20.00	27.63	-6.89	12.72	3.64	19.16	12.34
20242205	damage	bot-1385	alpha	bot-1382	bravo	five_seven	bullet	20.00	28.86	-6.36	12.88	3.64	19.16	11.81
20242905	damage	bot-1385	alpha	bot-1382	bravo	five_seven	bullet	20.00	21.42	-6.01	13.00	3.64	19.16	11.45
20246370	damage	bot-1385	alpha	bot-1382	bravo	five_seven	bullet	20.00	51.08	-4.64	13.36	3.64	19.16	10.11
20256073	damage	bot-1364	alpha	bot-1386	bravo	five_seven	bullet	20.00	80.00	47.94	47.33	3.98	30.51	47.06
20256132	damage	bot-1385	alpha	bot-1386	bravo	five_seven	bullet	20.00	60.00	0.36	12.02	4.16	30.62	18.98
20256225	damage	bot-1364	alpha	bot-1386	bravo	five_seven	bullet	20.00	40.00	47.94	47.33	4.65	30.88	46.31
20256388	damage	bot-1364	alpha	bot-1386	bravo	five_seven	bullet	20.00	20.00	47.94	47.33	5.24	31.36	45.58
20256542	kill	bot-1364	alpha	bot-1386	bravo	five_seven	bullet	20.00	0.00	47.94	47.33	5.34	32.10	45.24
20261129	damage	bot-1385	alpha	bot-1383	bravo	five_seven	bullet	20.00	52.29	4.84	11.59	18.76	14.06	14.14
20261221	damage	bot-1383	bravo	bot-1385	alpha	cz_805_bren	bullet	24.00	76.00	18.86	14.06	4.84	11.59	14.23
20261346	damage	bot-1385	alpha	bot-1383	bravo	five_seven	bullet	20.00	32.29	4.84	11.59	19.22	14.08	14.60
20261519	damage	bot-1385	alpha	bot-1383	bravo	five_seven	bullet	20.00	12.29	4.84	11.59	20.06	14.13	15.43
20261616	damage	bot-1390	bravo	bot-1385	alpha	cz_805_bren	bullet	24.00	52.00	6.00	-28.12	4.84	11.59	39.73
20261755	damage	bot-1390	bravo	bot-1385	alpha	cz_805_bren	bullet	24.00	28.00	6.00	-28.12	4.90	11.72	39.85
20261895	damage	bot-1390	bravo	bot-1385	alpha	cz_805_bren	bullet	24.00	4.00	6.00	-28.12	5.01	11.97	40.10
20262068	kill	bot-1390	bravo	bot-1385	alpha	cz_805_bren	bullet	24.00	0.00	6.00	-28.12	5.31	12.62	40.75
20269999	damage	bot-1364	alpha	bot-1383	bravo	five_seven	bullet	20.00	52.04	25.42	31.68	14.23	13.28	21.53
20270147	damage	bot-1364	alpha	bot-1383	bravo	five_seven	bullet	20.00	32.04	25.42	31.68	14.38	12.54	22.09
20274882	damage	bot-1364	alpha	bot-1383	bravo	five_seven	bullet	20.00	29.24	21.54	23.97	12.43	10.45	16.30
20275037	damage	bot-1364	alpha	bot-1383	bravo	five_seven	bullet	20.00	9.24	21.54	23.97	12.53	9.72	16.86
20276510	kill	bot-1364	alpha	bot-1383	bravo	five_seven	bullet	20.00	0.00	19.95	23.25	12.95	6.56	18.09
20284513	damage	bot-1364	alpha	bot-1390	bravo	five_seven	bullet	20.00	25.99	12.41	15.86	-32.18	0.23	47.25
20284820	damage	bot-1364	alpha	bot-1390	bravo	five_seven	bullet	20.00	5.99	12.42	15.86	-32.64	-0.25	47.85
20285013	kill	bot-1364	alpha	bot-1390	bravo	five_seven	bullet	20.00	0.00	12.42	15.86	-32.92	-0.53	48.21
20293423	damage	bot-1388	alpha	bot-1381	bravo	cz_805_bren	bullet	24.00	76.00	4.88	6.12	-15.58	-35.81	46.66
20293565	damage	bot-1388	alpha	bot-1381	bravo	cz_805_bren	bullet	24.00	52.00	4.86	6.11	-15.54	-35.23	46.09
20293676	damage	bot-1388	alpha	bot-1381	bravo	cz_805_bren	bullet	24.00	28.00	4.86	6.11	-15.67	-35.73	46.60
20293789	damage	bot-1388	alpha	bot-1381	bravo	cz_805_bren	bullet	24.00	4.00	4.86	6.11	-15.82	-36.27	47.15
20294026	kill	bot-1388	alpha	bot-1381	bravo	cz_805_bren	bullet	24.00	0.00	4.86	6.11	-16.02	-36.97	47.87
20294547	damage	bot-1393	bravo	bot-1364	alpha	five_seven	bullet	20.00	52.14	-9.69	21.85	-4.18	11.96	11.32
20294763	damage	bot-1393	bravo	bot-1364	alpha	five_seven	bullet	20.00	32.14	-9.69	21.85	-3.77	11.61	11.83
20297831	damage	bot-1388	alpha	bot-1393	bravo	cz_805_bren	bullet	24.00	76.00	3.39	3.23	-11.50	20.88	23.09
20297943	damage	bot-1388	alpha	bot-1393	bravo	cz_805_bren	bullet	24.00	52.00	3.39	3.23	-11.50	20.88	23.09
20306671	damage	bot-1364	alpha	bot-1393	bravo	five_seven	bullet	20.00	52.25	-8.71	14.23	-13.14	25.70	12.30
20306996	damage	bot-1364	alpha	bot-1393	bravo	five_seven	bullet	20.00	32.25	-8.71	14.23	-13.13	26.44	12.98
20307158	damage	bot-1364	alpha	bot-1393	bravo	five_seven	bullet	20.00	12.25	-8.71	14.23	-13.11	27.12	13.63
20308171	kill	bot-1364	alpha	bot-1393	bravo	five_seven	bullet	20.00	0.00	-9.50	14.81	-13.02	30.60	16.18
20313237	damage	bot-1395	bravo	bot-1387	alpha	cz_805_bren	bullet	24.00	76.00	6.12	-34.04	-16.95	-7.71	35.00
20314392	damage	bot-1395	bravo	bot-1380	alpha	cz_805_bren	bullet	24.00	63.10	5.69	-33.60	-12.87	-11.62	28.77
20314672	damage	bot-1395	bravo	bot-1380	alpha	cz_805_bren	bullet	24.00	39.10	5.70	-33.59	-12.88	-11.59	28.79
20314801	damage	bot-1395	bravo	bot-1380	alpha	cz_805_bren	bullet	24.00	15.10	5.70	-33.59	-12.96	-11.40	28.99
20316927	damage	bot-1376	alpha	bot-1395	bravo	cz_805_bren	bullet	24.00	76.00	-16.79	-9.39	5.15	-32.90	32.16
20317376	damage	bot-1376	alpha	bot-1395	bravo	cz_805_bren	bullet	24.00	52.00	-16.79	-9.39	4.70	-32.34	31.45
20317511	damage	bot-1376	alpha	bot-1395	bravo	cz_805_bren	bullet	24.00	28.00	-16.79	-9.39	5.26	-32.73	32.11
20317626	damage	bot-1376	alpha	bot-1395	bravo	cz_805_bren	bullet	24.00	4.00	-16.79	-9.38	5.74	-33.04	32.67
20317746	kill	bot-1376	alpha	bot-1395	bravo	cz_805_bren	bullet	24.00	0.00	-16.79	-9.38	6.27	-33.39	33.29
20319038	damage	bot-1375	bravo	bot-1376	alpha	five_seven	bullet	20.00	52.50	-29.46	-17.20	-18.57	-10.40	12.84
20319184	damage	bot-1375	bravo	bot-1376	alpha	five_seven	bullet	20.00	32.50	-29.46	-17.20	-18.25	-9.69	13.50
20319314	damage	bot-1392	bravo	bot-1376	alpha	five_seven	bullet	20.00	12.50	-29.47	-18.44	-17.58	-9.33	14.98
20319343	kill	bot-1375	bravo	bot-1376	alpha	five_seven	bullet	20.00	0.00	-29.46	-17.20	-17.58	-9.33	14.26
20320239	damage	bot-1391	alpha	bot-1373	bravo	five_seven	bullet	20.00	52.36	-73.63	-42.82	-30.08	-21.45	48.51
20320405	damage	bot-1391	alpha	bot-1373	bravo	five_seven	bullet	20.00	32.36	-73.63	-42.82	-30.49	-21.85	47.96
20320553	damage	bot-1391	alpha	bot-1373	bravo	five_seven	bullet	20.00	12.36	-73.63	-42.82	-30.35	-22.21	47.94
20320704	kill	bot-1391	alpha	bot-1373	bravo	five_seven	bullet	20.00	0.00	-73.63	-42.82	-29.93	-22.41	48.23
20323042	damage	bot-1391	alpha	bot-1375	bravo	five_seven	bullet	20.00	80.00	-73.48	-42.71	-31.35	-18.20	48.74
20323360	damage	bot-1391	alpha	bot-1375	bravo	five_seven	bullet	20.00	60.00	-73.47	-42.71	-31.35	-18.20	48.73
20323966	damage	bot-1391	alpha	bot-1375	bravo	five_seven	bullet	20.00	40.00	-73.50	-42.80	-30.31	-20.16	48.76
20324272	damage	bot-1391	alpha	bot-1375	bravo	five_seven	bullet	20.00	20.00	-73.50	-42.80	-29.40	-20.83	49.27
20324418	kill	bot-1391	alpha	bot-1375	bravo	five_seven	bullet	20.00	0.00	-73.50	-42.80	-29.09	-21.05	49.45
20330998	damage	bot-1380	alpha	bot-1392	bravo	five_seven	bullet	20.00	52.24	-28.69	-11.10	-38.22	-24.63	16.55
20331151	damage	bot-1380	alpha	bot-1392	bravo	five_seven	bullet	20.00	32.24	-28.61	-11.13	-38.51	-25.32	17.31
20331304	damage	bot-1380	alpha	bot-1392	bravo	five_seven	bullet	20.00	12.24	-28.61	-11.13	-38.78	-25.94	17.96
20331459	kill	bot-1380	alpha	bot-1392	bravo	five_seven	bullet	20.00	0.00	-28.61	-11.13	-39.08	-26.65	18.73
20332765	kill	bot-1398	bravo	bot-1380	alpha	m24	bullet	95.00	0.00	11.07	34.43	-29.37	-13.54	62.74
20338552	damage	bot-1396	bravo	bot-1364	alpha	five_seven	bullet	20.00	52.13	7.01	27.36	-31.70	-4.05	49.86
20339424	damage	bot-1396	bravo	bot-1368	alpha	five_seven	bullet	20.00	52.47	7.01	27.36	-36.17	2.80	49.68
20342517	damage	bot-1396	bravo	bot-1388	alpha	five_seven	bullet	20.00	80.00	2.56	24.53	-29.62	-13.66	49.94
20342821	damage	bot-1396	bravo	bot-1388	alpha	five_seven	bullet	20.00	60.00	2.56	24.53	-29.62	-13.66	49.94
20349735	damage	bot-1396	bravo	bot-1368	alpha	five_seven	bullet	20.00	52.45	-6.80	20.09	-36.34	-10.28	42.37
20350385	damage	bot-1396	bravo	bot-1364	alpha	five_seven	bullet	20.00	52.14	-6.90	19.99	-33.35	-7.35	38.04
20353081	damage	bot-1388	alpha	bot-1401	bravo	cz_805_bren	bullet	24.00	76.00	-30.34	-8.61	-9.31	24.99	39.64
20353194	damage	bot-1388	alpha	bot-1401	bravo	cz_805_bren	bullet	24.00	52.00	-30.34	-8.61	-9.31	24.99	39.64
20353313	damage	bot-1388	alpha	bot-1401	bravo	cz_805_bren	bullet	24.00	28.00	-30.34	-8.61	-9.20	25.13	39.82
20353398	damage	bot-1364	alpha	bot-1401	bravo	five_seven	bullet	20.00	8.00	-36.38	-10.96	-9.12	25.22	45.30
20353462	kill	bot-1388	alpha	bot-1401	bravo	cz_805_bren	bullet	24.00	0.00	-30.34	-8.61	-9.08	25.27	40.01
20353816	damage	bot-1364	alpha	bot-1396	bravo	five_seven	bullet	20.00	80.00	-36.26	-10.75	-8.58	20.11	41.46
20354828	damage	bot-1388	alpha	bot-1396	bravo	cz_805_bren	bullet	24.00	56.00	-29.79	-8.39	-9.05	19.44	34.71
20354943	damage	bot-1388	alpha	bot-1396	bravo	cz_805_bren	bullet	24.00	32.00	-29.79	-8.39	-8.73	19.58	35.01
20355071	damage	bot-1388	alpha	bot-1396	bravo	cz_805_bren	bullet	24.00	8.00	-29.79	-8.39	-8.71	19.94	35.32
20356514	kill	bot-1402	alpha	bot-1396	bravo	cz_805_bren	bullet	24.00	0.00	-0.77	20.65	-7.13	23.13	6.83
20357068	damage	bot-1364	alpha	bot-1399	bravo	five_seven	bullet	20.00	80.00	-36.22	-9.92	-8.09	19.23	40.51
20357309	damage	bot-1364	alpha	bot-1399	bravo	five_seven	bullet	20.00	60.00	-36.22	-9.92	-8.09	19.23	40.51
20357482	damage	bot-1364	alpha	bot-1399	bravo	five_seven	bullet	20.00	40.00	-36.22	-9.92	-7.86	19.13	40.59
20359773	damage	bot-1399	bravo	bot-1400	alpha	cz_805_bren	bullet	24.00	76.00	0.18	19.72	-3.39	12.65	7.93
20359900	damage	bot-1399	bravo	bot-1400	alpha	cz_805_bren	bullet	24.00	52.00	0.40	19.82	-3.39	12.69	8.07
20362497	damage	bot-1402	alpha	bot-1403	bravo	cz_805_bren	bullet	24.00	76.00	-5.21	18.62	4.74	19.44	9.98
20362615	damage	bot-1388	alpha	bot-1403	bravo	cz_805_bren	bullet	24.00	52.00	-27.53	0.30	4.28	19.76	37.28
20362739	damage	bot-1388	alpha	bot-1403	bravo	cz_805_bren	bullet	24.00	28.00	-27.53	0.30	4.19	20.27	37.48
20362739	damage	bot-1403	bravo	bot-1402	alpha	five_seven	bullet	20.00	80.00	4.19	20.27	-5.21	18.62	9.54
20362798	damage	bot-1364	alpha	bot-1403	bravo	five_seven	bullet	20.00	8.00	-30.90	-3.67	4.15	20.52	42.59
20362896	kill	bot-1388	alpha	bot-1403	bravo	cz_805_bren	bullet	24.00	0.00	-27.53	0.30	4.07	21.03	37.79
20363273	kill	bot-1397	alpha	bot-1398	bravo	m24	bullet	95.00	0.00	-23.63	-13.56	13.69	37.58	63.31
20412606	damage	bot-1399	bravo	bot-1388	alpha	cz_805_bren	bullet	24.00	62.07	2.50	41.38	5.04	34.65	7.19
20414585	damage	bot-1399	bravo	bot-1388	alpha	cz_805_bren	bullet	24.00	38.07	2.50	41.38	4.92	34.70	7.10
20436609	damage	bot-1284	alpha	bot-1399	bravo	knife	knife	50.00	22.27	1.42	37.72	0.57	39.42	1.90
20448985	damage	bot-1409	alpha	bot-1405	bravo	five_seven	bullet	20.00	80.00	95.23	39.26	97.79	29.41	10.19
20449142	damage	bot-1409	alpha	bot-1405	bravo	five_seven	bullet	20.00	60.00	95.23	39.26	98.15	28.90	10.76
20449240	damage	bot-1405	bravo	bot-1409	alpha	cz_805_bren	bullet	24.00	76.00	97.97	28.57	95.23	39.26	11.04
20451246	damage	bot-1409	alpha	bot-1405	bravo	five_seven	bullet	20.00	52.29	95.56	38.75	97.35	27.95	10.95
20451472	damage	bot-1404	bravo	bot-1409	alpha	m1911	bullet	33.00	43.00	96.51	29.63	95.56	38.77	9.18
20458035	damage	bot-1405	bravo	bot-1411	alpha	cz_805_bren	bullet	24.00	12.05	96.29	28.97	90.72	32.27	6.48
20458158	kill	bot-1405	bravo	bot-1411	alpha	cz_805_bren	bullet	24.00	0.00	96.21	29.21	90.58	32.45	6.50
20458759	damage	bot-1404	bravo	bot-1409	alpha	m1911	bullet	33.00	6.25	97.50	27.38	90.71	43.66	17.64
20458759	damage	bot-1409	alpha	bot-1405	bravo	five_seven	bullet	20.00	31.26	90.71	43.66	95.66	29.62	14.88
20458920	damage	bot-1409	alpha	bot-1405	bravo	five_seven	bullet	20.00	11.26	90.72	43.65	95.22	29.96	14.41
20459079	kill	bot-1409	alpha	bot-1405	bravo	five_seven	bullet	20.00	0.00	90.72	43.65	94.68	30.57	13.67
20459118	kill	bot-1404	bravo	bot-1409	alpha	m1911	bullet	33.00	0.00	97.50	27.38	90.72	43.65	17.63
20473913	damage	bot-1413	bravo	bot-1414	alpha	cz_805_bren	bullet	24.00	76.00	-73.50	-42.03	-52.91	-18.31	31.41
20482806	kill	bot-1408	bravo	bot-1412	alpha	m24	bullet	95.00	0.00	-72.71	-43.91	-49.94	-21.85	31.69
20494687	damage	bot-1406	bravo	bot-1415	alpha	cz_805_bren	bullet	24.00	76.00	87.41	42.55	80.68	46.06	7.59
20505267	damage	bot-1406	bravo	bot-1415	alpha	cz_805_bren	bullet	24.00	52.00	84.79	47.05	81.10	42.36	5.97
20509876	damage	bot-1368	alpha	bot-1406	bravo	cz_805_bren	bullet	24.00	51.50	77.68	45.04	85.10	45.57	7.44
20510014	damage	bot-1368	alpha	bot-1406	bravo	cz_805_bren	bullet	24.00	27.50	77.68	45.04	85.34	45.82	7.70
20510014	damage	bot-1406	bravo	bot-1368	alpha	cz_805_bren	bullet	24.00	48.33	85.34	45.82	77.68	45.04	7.70
20511490	damage	bot-1404	bravo	bot-1284	alpha	m1911	bullet	33.00	39.10	86.56	40.19	81.27	41.36	5.41
20511858	damage	bot-1404	bravo	bot-1284	alpha	m1911	bullet	33.00	6.10	86.56	40.19	80.10	42.61	6.90
20512204	kill	bot-1404	bravo	bot-1284	alpha	m1911	bullet	33.00	0.00	86.56	40.19	79.83	44.22	7.84
20516474	damage	bot-1402	alpha	bot-1406	bravo	cz_805_bren	bullet	24.00	71.63	82.94	36.95	86.01	45.57	9.15
20517034	damage	bot-1397	alpha	bot-1406	bravo	five_seven	bullet	20.00	51.63	78.80	48.37	84.90	46.47	6.39
20517145	damage	bot-1406	bravo	bot-1397	alpha	cz_805_bren	bullet	24.00	44.03	85.18	45.94	78.35	48.13	7.17
20517686	damage	bot-1402	alpha	bot-1406	bravo	cz_805_bren	bullet	24.00	36.97	83.06	37.53	87.56	44.76	8.51
20517800	damage	bot-1402	alpha	bot-1406	bravo	cz_805_bren	bullet	24.00	15.04	83.06	37.53	87.99	44.37	8.43
20518147	damage	bot-1406	bravo	bot-1402	alpha	cz_805_bren	bullet	24.00	48.02	89.02	42.98	83.05	37.42	8.16
20518284	damage	bot-1406	bravo	bot-1402	alpha	cz_805_bren	bullet	24.00	24.02	89.42	42.35	82.90	37.27	8.27
20518352	kill	bot-1402	alpha	bot-1406	bravo	cz_805_bren	bullet	24.00	0.00	82.87	37.23	89.58	42.09	8.29
20546792	kill	bot-1416	alpha	bot-1394	bravo	m24	bullet	95.00	0.00	96.47	-42.86	33.08	-35.90	63.77
20561284	damage	bot-1413	bravo	bot-1416	alpha	cz_805_bren	bullet	24.00	48.11	41.87	-34.84	86.34	-44.57	45.52
20566894	kill	bot-1419	bravo	bot-1416	alpha	m24	bullet	95.00	0.00	46.83	-39.84	89.59	-48.08	43.55
20577588	damage	bot-1407	bravo	bot-1420	alpha	five_seven	bullet	20.00	80.00	62.68	-43.70	93.59	-48.42	31.26
20577667	damage	bot-1418	bravo	bot-1420	alpha	five_seven	bullet	20.00	60.00	65.91	-48.29	93.93	-48.45	28.02
20577747	damage	bot-1407	bravo	bot-1420	alpha	five_seven	bullet	20.00	40.00	62.68	-43.70	94.23	-48.46	31.91
20577859	damage	bot-1418	bravo	bot-1420	alpha	five_seven	bullet	20.00	20.00	65.91	-48.29	94.51	-48.47	28.59
20577888	kill	bot-1407	bravo	bot-1420	alpha	five_seven	bullet	20.00	0.00	62.68	-43.70	94.71	-48.48	32.38
20582373	damage	bot-1422	alpha	bot-1421	bravo	five_seven	bullet	20.00	80.00	-37.24	40.62	-57.81	41.77	20.61
20585308	damage	bot-1415	alpha	bot-1419	bravo	five_seven	bullet	20.00	80.00	55.83	-22.86	42.65	-14.87	15.41
20585462	damage	bot-1415	alpha	bot-1419	bravo	five_seven	bullet	20.00	60.00	55.83	-22.86	42.94	-15.34	14.93
20585671	damage	bot-1415	alpha	bot-1419	bravo	five_seven	bullet	20.00	40.00	55.83	-22.86	42.58	-14.96	15.43
20586529	damage	bot-1415	alpha	bot-1419	bravo	five_seven	bullet	20.00	20.00	55.80	-22.86	40.37	-12.65	18.49
20586685	kill	bot-1415	alpha	bot-1419	bravo	five_seven	bullet	20.00	0.00	55.80	-22.86	39.94	-12.20	19.11
20615622	damage	bot-1421	bravo	bot-1423	alpha	cz_805_bren	bullet	24.00	48.11	-54.32	38.80	-48.42	41.12	6.34
20615763	damage	bot-1421	bravo	bot-1423	alpha	cz_805_bren	bullet	24.00	24.11	-54.32	38.80	-47.93	41.63	6.98
20615958	damage	bot-1423	alpha	bot-1421	bravo	five_seven	bullet	20.00	52.39	-47.27	42.35	-54.16	37.92	8.19
20617156	damage	bot-1423	alpha	bot-1421	bravo	five_seven	bullet	20.00	32.39	-45.30	44.38	-58.75	40.83	13.91
20625303	damage	bot-1423	alpha	bot-1424	bravo	five_seven	bullet	20.00	62.66	-41.70	42.43	-50.15	46.26	9.28
20625454	damage	bot-1423	alpha	bot-1424	bravo	five_seven	bullet	20.00	42.66	-41.70	42.43	-50.47	45.76	9.38
20625921	damage	bot-1424	bravo	bot-1422	alpha	cz_805_bren	bullet	24.00	48.15	-52.10	44.65	-43.98	47.63	8.64
20626050	damage	bot-1424	bravo	bot-1422	alpha	cz_805_bren	bullet	24.00	24.15	-52.58	44.31	-43.81	47.74	9.42
20626156	damage	bot-1422	alpha	bot-1424	bravo	five_seven	bullet	20.00	22.66	-43.70	47.80	-52.95	44.06	9.97
20626224	damage	bot-1424	bravo	bot-1422	alpha	cz_805_bren	bullet	24.00	0.15	-53.08	43.98	-43.45	47.98	10.43
20626309	damage	bot-1422	alpha	bot-1424	bravo	five_seven	bullet	20.00	2.66	-43.45	47.98	-53.27	43.85	10.66
20626456	kill	bot-1422	alpha	bot-1424	bravo	five_seven	bullet	20.00	0.00	-42.71	48.43	-53.96	43.38	12.33
20627908	damage	bot-1391	alpha	bot-1421	bravo	five_seven	bullet	20.00	43.70	-25.80	17.10	-51.24	41.65	35.35
20628066	damage	bot-1391	alpha	bot-1421	bravo	five_seven	bullet	20.00	23.70	-25.80	17.10	-51.54	42.38	36.08
20628233	damage	bot-1391	alpha	bot-1421	bravo	five_seven	bullet	20.00	3.70	-25.80	17.10	-51.94	43.03	36.81
20628387	kill	bot-1391	alpha	bot-1421	bravo	five_seven	bullet	20.00	0.00	-25.80	17.09	-52.62	43.18	37.41
20636566	damage	bot-1425	bravo	bot-1423	alpha	five_seven	bullet	20.00	75.21	-53.47	36.03	-54.61	40.86	4.96
20636714	damage	bot-1425	bravo	bot-1423	alpha	five_seven	bullet	20.00	55.21	-53.47	36.03	-54.75	40.85	4.99
20636857	damage	bot-1425	bravo	bot-1423	alpha	five_seven	bullet	20.00	35.21	-53.47	36.03	-54.58	40.93	5.02
20637009	damage	bot-1425	bravo	bot-1423	alpha	five_seven	bullet	20.00	15.21	-53.48	35.90	-54.49	41.11	5.30
20637237	damage	bot-1422	alpha	bot-1425	bravo	five_seven	bullet	20.00	80.00	-59.60	45.57	-53.49	34.86	12.33
20637413	damage	bot-1422	alpha	bot-1425	bravo	five_seven	bullet	20.00	60.00	-59.61	45.56	-53.24	34.58	12.69
20637453	damage	bot-1423	alpha	bot-1425	bravo	five_seven	bullet	20.00	40.00	-53.85	42.53	-53.18	34.55	8.01
20637566	damage	bot-1422	alpha	bot-1425	bravo	five_seven	bullet	20.00	20.00	-59.61	45.56	-53.02	34.46	12.91
20637593	kill	bot-1423	alpha	bot-1425	bravo	five_seven	bullet	20.00	0.00	-53.73	42.94	-52.97	34.44	8.53
20660458	damage	bot-1364	alpha	bot-1427	bravo	five_seven	bullet	20.00	80.00	-80.58	-29.42	-70.98	-31.70	9.87
20660541	damage	bot-1426	bravo	bot-1391	alpha	m1911	bullet	33.00	49.18	-72.86	-33.87	-72.67	-26.73	7.14
20660743	damage	bot-1391	alpha	bot-1426	bravo	five_seven	bullet	20.00	80.00	-72.23	-26.20	-72.86	-33.87	7.69
20660931	damage	bot-1391	alpha	bot-1426	bravo	five_seven	bullet	20.00	60.00	-71.76	-25.74	-72.86	-33.87	8.20
20660931	damage	bot-1426	bravo	bot-1391	alpha	m1911	bullet	33.00	16.18	-72.86	-33.87	-71.60	-25.58	8.38
20661031	damage	bot-1364	alpha	bot-1427	bravo	five_seven	bullet	20.00	60.00	-80.42	-29.39	-71.24	-32.14	9.58
20661149	damage	bot-1391	alpha	bot-1426	bravo	five_seven	bullet	20.00	40.00	-71.33	-25.25	-72.67	-34.03	8.89
20662066	kill	bot-1427	bravo	bot-1391	alpha	cz_805_bren	bullet	24.00	0.00	-68.53	-34.84	-71.76	-21.77	13.46
20662270	kill	bot-1397	alpha	bot-1427	bravo	m24	bullet	95.00	0.00	-58.24	20.59	-67.99	-35.41	56.84
20663657	damage	bot-1364	alpha	bot-1426	bravo	five_seven	bullet	20.00	35.48	-77.73	-29.47	-69.48	-37.23	11.33
20663815	damage	bot-1364	alpha	bot-1426	bravo	five_seven	bullet	20.00	18.21	-77.73	-29.47	-69.48	-37.23	11.33
20663963	damage	bot-1364	alpha	bot-1426	bravo	five_seven	bullet	20.00	0.48	-77.73	-29.47	-69.48	-37.23	11.33
20664132	kill	bot-1364	alpha	bot-1426	bravo	five_seven	bullet	20.00	0.00	-77.73	-29.47	-69.48	-37.23	11.33
20717978	damage	bot-1413	bravo	bot-1364	alpha	cz_805_bren	bullet	24.00	39.61	-47.72	23.65	-95.81	37.09	49.93
20719518	damage	bot-1413	bravo	bot-1429	alpha	cz_805_bren	bullet	24.00	48.28	-47.67	23.93	-95.56	37.89	49.88
20719638	damage	bot-1413	bravo	bot-1429	alpha	cz_805_bren	bullet	24.00	24.28	-47.67	23.93	-95.68	37.79	49.96
20720995	damage	bot-1422	alpha	bot-1418	bravo	five_seven	bullet	20.00	80.00	-94.88	33.34	-45.40	39.81	49.90
20721094	kill	bot-1423	alpha	bot-1407	bravo	m24	bullet	95.00	0.00	-85.07	19.50	-47.16	25.36	38.36
20721138	damage	bot-1422	alpha	bot-1418	bravo	five_seven	bullet	20.00	60.00	-94.88	33.35	-45.40	39.81	49.90
20721446	damage	bot-1402	alpha	bot-1418	bravo	cz_805_bren	bullet	24.00	36.00	-85.48	17.70	-45.07	39.44	45.89
20721729	damage	bot-1402	alpha	bot-1418	bravo	cz_805_bren	bullet	24.00	12.00	-85.48	17.70	-44.36	38.55	46.11
20721872	kill	bot-1402	alpha	bot-1418	bravo	cz_805_bren	bullet	24.00	0.00	-85.48	17.70	-43.91	38.03	46.28
20722525	damage	bot-1413	bravo	bot-1364	alpha	cz_805_bren	bullet	24.00	48.78	-49.66	23.90	-96.11	37.06	48.28
20728099	damage	bot-1415	alpha	bot-1408	bravo	five_seven	bullet	20.00	48.23	-3.66	45.87	-33.26	34.88	31.57
20728730	damage	bot-1415	alpha	bot-1408	bravo	five_seven	bullet	20.00	28.23	-3.72	45.84	-34.86	34.65	33.09
20728887	damage	bot-1415	alpha	bot-1408	bravo	five_seven	bullet	20.00	8.23	-3.72	45.84	-35.48	34.56	33.70
20729065	kill	bot-1415	alpha	bot-1408	bravo	five_seven	bullet	20.00	0.00	-3.72	45.84	-36.13	34.50	34.34
20731933	damage	bot-1364	alpha	bot-1413	bravo	five_seven	bullet	20.00	16.40	-84.66	33.32	-52.43	28.06	32.66
20742038	damage	bot-1364	alpha	bot-1413	bravo	five_seven	bullet	20.00	48.53	-74.05	29.84	-47.20	30.34	26.85
20742183	damage	bot-1364	alpha	bot-1413	bravo	five_seven	bullet	20.00	28.53	-74.05	29.83	-47.73	29.92	26.32
20742976	damage	bot-1364	alpha	bot-1413	bravo	five_seven	bullet	20.00	8.53	-73.76	29.79	-50.01	27.91	23.82
20743158	kill	bot-1364	alpha	bot-1413	bravo	five_seven	bullet	20.00	0.00	-73.76	29.79	-50.52	27.48	23.35
20765264	damage	bot-1415	alpha	bot-1436	bravo	five_seven	bullet	20.00	80.00	-40.11	24.23	-33.00	11.70	14.41
20765418	damage	bot-1415	alpha	bot-1436	bravo	five_seven	bullet	20.00	60.00	-40.11	24.25	-33.00	11.69	14.43
20765561	damage	bot-1415	alpha	bot-1436	bravo	five_seven	bullet	20.00	40.00	-40.11	24.25	-32.92	11.48	14.65
20765711	damage	bot-1415	alpha	bot-1436	bravo	five_seven	bullet	20.00	20.00	-40.11	24.25	-32.77	11.10	15.06
20765867	kill	bot-1415	alpha	bot-1436	bravo	five_seven	bullet	20.00	0.00	-40.11	24.25	-32.45	10.30	15.91
20767704	damage	bot-1397	alpha	bot-1437	bravo	m24	bullet	95.00	5.00	-61.49	20.93	-9.41	42.87	56.51
20775233	kill	bot-1423	alpha	bot-1437	bravo	m24	bullet	95.00	0.00	-54.59	19.51	-6.72	46.12	54.77
20777584	damage	bot-1438	bravo	bot-1415	alpha	cz_805_bren	bullet	24.00	48.14	6.40	12.89	-38.17	21.86	45.47
20777721	damage	bot-1438	bravo	bot-1415	alpha	cz_805_bren	bullet	24.00	24.14	6.40	12.89	-38.28	21.93	45.59
20777789	damage	bot-1415	alpha	bot-1438	bravo	five_seven	bullet	20.00	80.00	-38.30	21.95	6.40	12.89	45.61
20777856	damage	bot-1438	bravo	bot-1415	alpha	cz_805_bren	bullet	24.00	0.14	6.40	12.89	-38.46	22.06	45.79
20777981	kill	bot-1438	bravo	bot-1415	alpha	cz_805_bren	bullet	24.00	0.00	6.40	12.89	-38.77	22.33	46.15
20779240	damage	bot-1402	alpha	bot-1438	bravo	cz_805_bren	bullet	24.00	56.00	-36.47	12.63	5.33	12.98	41.81
20786428	damage	bot-1438	bravo	bot-1429	alpha	cz_805_bren	bullet	24.00	48.61	7.86	16.66	-36.42	15.01	44.31
20786580	damage	bot-1438	bravo	bot-1429	alpha	cz_805_bren	bullet	24.00	24.61	7.86	16.66	-36.58	14.89	44.48
20786708	damage	bot-1438	bravo	bot-1429	alpha	cz_805_bren	bullet	24.00	0.61	7.86	16.66	-36.76	14.80	44.66
20786994	kill	bot-1438	bravo	bot-1429	alpha	cz_805_bren	bullet	24.00	0.00	7.86	16.66	-37.86	14.22	45.78
20790374	damage	bot-1438	bravo	bot-1397	alpha	cz_805_bren	bullet	24.00	48.21	7.75	16.66	-31.79	21.20	39.80
20801894	damage	bot-1422	alpha	bot-1428	bravo	five_seven	bullet	20.00	64.44	-47.10	14.40	-1.77	24.46	46.43
20802058	damage	bot-1422	alpha	bot-1428	bravo	five_seven	bullet	20.00	44.44	-47.10	14.41	-1.79	24.58	46.43
20802215	damage	bot-1422	alpha	bot-1428	bravo	five_seven	bullet	20.00	24.44	-47.09	14.42	-1.65	24.68	46.58
20802380	damage	bot-1422	alpha	bot-1428	bravo	five_seven	bullet	20.00	4.44	-47.09	14.43	-1.42	24.91	46.86
20802642	damage	bot-1364	alpha	bot-1432	bravo	five_seven	bullet	20.00	78.76	-28.28	20.52	13.01	14.33	41.75
20804860	damage	bot-1364	alpha	bot-1432	bravo	five_seven	bullet	20.00	58.76	-28.02	20.50	12.82	14.18	41.33
20805028	damage	bot-1364	alpha	bot-1432	bravo	five_seven	bullet	20.00	38.76	-28.03	20.49	13.30	14.72	41.73
20806171	damage	bot-1434	bravo	bot-1422	alpha	cz_805_bren	bullet	24.00	4.36	3.79	27.57	-40.91	11.71	47.44
20811529	damage	bot-1438	bravo	bot-1397	alpha	cz_805_bren	bullet	24.00	71.40	9.33	24.13	-21.95	19.83	31.57
20811769	damage	bot-1434	bravo	bot-1364	alpha	cz_805_bren	bullet	24.00	48.64	-0.70	24.59	-20.03	19.16	20.08
20811906	damage	bot-1434	bravo	bot-1364	alpha	cz_805_bren	bullet	24.00	24.64	-0.69	24.59	-20.39	18.82	20.53
20812022	damage	bot-1434	bravo	bot-1364	alpha	cz_805_bren	bullet	24.00	0.64	-0.69	24.59	-20.73	18.49	20.95
20812137	kill	bot-1434	bravo	bot-1364	alpha	cz_805_bren	bullet	24.00	0.00	-0.69	24.59	-21.07	18.18	21.36
20812381	damage	bot-1435	bravo	bot-1397	alpha	five_seven	bullet	20.00	51.40	1.82	26.78	-24.27	17.56	27.67
20812416	damage	bot-1434	bravo	bot-1397	alpha	cz_805_bren	bullet	24.00	27.40	-0.69	24.58	-24.38	17.45	24.74
20812525	damage	bot-1435	bravo	bot-1397	alpha	five_seven	bullet	20.00	7.40	1.82	26.78	-24.71	17.13	28.23
20812560	kill	bot-1434	bravo	bot-1397	alpha	cz_805_bren	bullet	24.00	0.00	-0.69	24.58	-24.81	17.02	25.28
20812963	damage	bot-1434	bravo	bot-1423	alpha	cz_805_bren	bullet	24.00	48.14	-0.68	24.58	-26.05	9.08	29.73
20817210	damage	bot-1422	alpha	bot-1433	bravo	five_seven	bullet	20.00	80.00	-40.88	9.34	8.13	15.34	49.38
20817719	damage	bot-1422	alpha	bot-1433	bravo	five_seven	bullet	20.00	60.00	-40.81	9.40	7.98	15.34	49.16
20817876	damage	bot-1422	alpha	bot-1433	bravo	five_seven	bullet	20.00	40.00	-40.81	9.40	7.85	15.56	49.05
20818027	damage	bot-1422	alpha	bot-1433	bravo	five_seven	bullet	20.00	20.00	-40.81	9.40	7.58	15.95	48.84
20818317	kill	bot-1422	alpha	bot-1433	bravo	five_seven	bullet	20.00	0.00	-40.81	9.40	6.96	16.89	48.35
20824363	damage	bot-1435	bravo	bot-1402	alpha	five_seven	bullet	20.00	16.22	-2.15	19.74	-3.53	13.04	6.84
20824493	kill	bot-1438	bravo	bot-1402	alpha	cz_805_bren	bullet	24.00	0.00	-0.76	21.16	-3.52	13.31	8.32
20825931	damage	bot-1439	alpha	bot-1428	bravo	five_seven	bullet	20.00	75.28	-12.43	-24.93	-10.81	24.46	49.42
20826540	damage	bot-1422	alpha	bot-1428	bravo	five_seven	bullet	20.00	55.28	-38.78	10.65	-10.95	24.05	30.89
20826711	damage	bot-1422	alpha	bot-1428	bravo	five_seven	bullet	20.00	35.28	-38.78	10.65	-10.86	24.14	31.00
20826872	damage	bot-1422	alpha	bot-1428	bravo	five_seven	bullet	20.00	15.28	-38.78	10.65	-10.60	24.44	31.37
20827029	kill	bot-1422	alpha	bot-1428	bravo	five_seven	bullet	20.00	0.00	-38.78	10.65	-10.09	25.00	32.07
20828180	damage	bot-1422	alpha	bot-1432	bravo	five_seven	bullet	20.00	75.14	-38.38	11.67	4.58	23.08	44.45
20828337	damage	bot-1422	alpha	bot-1432	bravo	five_seven	bullet	20.00	55.14	-38.38	11.67	4.58	23.08	44.45
20828480	damage	bot-1422	alpha	bot-1432	bravo	five_seven	bullet	20.00	35.14	-38.38	11.67	4.64	23.03	44.49
20828646	damage	bot-1422	alpha	bot-1432	bravo	five_seven	bullet	20.00	15.14	-38.37	11.67	4.80	22.90	44.61
20828800	kill	bot-1422	alpha	bot-1432	bravo	five_seven	bullet	20.00	0.00	-38.37	11.67	5.09	22.66	44.83
20828906	damage	bot-1431	alpha	bot-1438	bravo	cz_805_bren	bullet	24.00	48.12	-6.69	-20.14	-5.40	22.98	43.14
20829024	damage	bot-1431	alpha	bot-1438	bravo	cz_805_bren	bullet	24.00	24.12	-6.69	-20.14	-5.25	23.07	43.24
20829155	damage	bot-1431	alpha	bot-1438	bravo	cz_805_bren	bullet	24.00	0.12	-6.69	-20.14	-5.08	23.22	43.39
20829452	kill	bot-1431	alpha	bot-1438	bravo	cz_805_bren	bullet	24.00	0.00	-6.69	-20.14	-4.67	23.65	43.84
20831713	damage	bot-1434	bravo	bot-1422	alpha	cz_805_bren	bullet	24.00	8.20	-6.91	20.22	-38.06	12.48	32.10
20832048	kill	bot-1434	bravo	bot-1422	alpha	cz_805_bren	bullet	24.00	0.00	-6.89	20.20	-38.51	11.96	32.68
20832756	kill	bot-1440	alpha	bot-1434	bravo	m24	bullet	95.00	0.00	-15.44	-35.81	-7.22	20.38	56.79
20835502	damage	bot-1439	alpha	bot-1435	bravo	five_seven	bullet	20.00	52.26	-8.57	-15.50	-5.81	17.17	32.79
20837343	damage	bot-1435	bravo	bot-1439	alpha	five_seven	bullet	20.00	80.00	-4.43	22.69	-8.31	-14.76	37.66
20837410	damage	bot-1439	alpha	bot-1435	bravo	five_seven	bullet	20.00	32.26	-8.31	-14.76	-4.27	22.83	37.81
20837488	damage	bot-1435	bravo	bot-1439	alpha	five_seven	bullet	20.00	60.00	-4.27	22.83	-8.31	-14.76	37.81
20837634	damage	bot-1435	bravo	bot-1439	alpha	five_seven	bullet	20.00	40.00	-4.27	22.80	-8.23	-14.97	37.98
20837659	damage	bot-1442	alpha	bot-1435	bravo	cz_805_bren	bullet	24.00	8.26	-6.50	-14.79	-4.27	22.80	37.65
20837806	damage	bot-1435	bravo	bot-1439	alpha	five_seven	bullet	20.00	20.00	-4.27	22.80	-8.15	-15.34	38.34
20841496	damage	bot-1430	bravo	bot-1440	alpha	five_seven	bullet	20.00	80.00	-5.92	16.88	-13.62	-25.30	42.88
20842227	damage	bot-1430	bravo	bot-1439	alpha	five_seven	bullet	20.00	32.32	-5.94	16.77	-5.59	-24.79	41.56
20842685	damage	bot-1430	bravo	bot-1439	alpha	five_seven	bullet	20.00	20.34	-5.94	16.77	-5.58	-24.78	41.56
20842837	damage	bot-1430	bravo	bot-1439	alpha	five_seven	bullet	20.00	3.13	-5.94	16.77	-5.58	-24.78	41.56
20843680	kill	bot-1430	bravo	bot-1439	alpha	five_seven	bullet	20.00	0.00	-5.92	16.75	-5.58	-24.78	41.53
20844548	damage	bot-1442	alpha	bot-1430	bravo	cz_805_bren	bullet	24.00	48.04	-6.50	-3.97	-6.29	17.08	21.06
20845672	damage	bot-1445	alpha	bot-1444	bravo	five_seven	bullet	20.00	80.00	-23.00	20.81	-59.19	17.75	36.32
20845839	damage	bot-1445	alpha	bot-1444	bravo	five_seven	bullet	20.00	60.00	-23.00	20.81	-59.19	17.75	36.32
20845998	damage	bot-1445	alpha	bot-1444	bravo	five_seven	bullet	20.00	40.00	-23.00	20.81	-59.33	17.87	36.44
20846120	damage	bot-1435	bravo	bot-1445	alpha	five_seven	bullet	20.00	80.00	-6.62	18.95	-23.00	20.81	16.49
20846520	damage	bot-1445	alpha	bot-1444	bravo	five_seven	bullet	20.00	20.00	-23.00	20.81	-60.87	19.52	37.89
20847416	damage	bot-1435	bravo	bot-1445	alpha	five_seven	bullet	20.00	60.00	-6.73	19.03	-23.44	20.73	16.79
20847986	damage	bot-1435	bravo	bot-1445	alpha	five_seven	bullet	20.00	40.00	-6.79	19.10	-23.49	21.03	16.81
20848545	damage	bot-1435	bravo	bot-1445	alpha	five_seven	bullet	20.00	27.01	-6.81	19.12	-23.49	21.03	16.80
20848961	damage	bot-1435	bravo	bot-1445	alpha	five_seven	bullet	20.00	14.48	-6.80	19.13	-23.58	21.02	16.88
20849482	damage	bot-1435	bravo	bot-1445	alpha	five_seven	bullet	20.00	2.65	-6.81	19.13	-23.58	21.02	16.87
20849868	kill	bot-1435	bravo	bot-1445	alpha	five_seven	bullet	20.00	0.00	-6.80	19.14	-23.42	21.15	16.74
20849894	damage	bot-1430	bravo	bot-1440	alpha	five_seven	bullet	20.00	60.00	-5.97	17.02	-10.07	-17.98	35.24
20850409	damage	bot-1430	bravo	bot-1440	alpha	five_seven	bullet	20.00	40.00	-5.97	16.93	-11.02	-19.01	36.30
20850892	damage	bot-1430	bravo	bot-1440	alpha	five_seven	bullet	20.00	20.00	-5.95	16.92	-12.17	-20.26	37.70
20851314	kill	bot-1430	bravo	bot-1440	alpha	five_seven	bullet	20.00	0.00	-5.93	16.93	-13.33	-21.60	39.24
20852067	damage	bot-1442	alpha	bot-1435	bravo	cz_805_bren	bullet	24.00	48.41	-7.03	-3.62	-7.23	19.53	23.15
20855794	damage	bot-1435	bravo	bot-1446	alpha	five_seven	bullet	20.00	80.00	-3.19	21.86	-1.76	12.54	9.43
20855990	damage	bot-1435	bravo	bot-1446	alpha	five_seven	bullet	20.00	60.00	-3.19	21.82	-1.84	12.65	9.27
20856133	damage	bot-1435	bravo	bot-1446	alpha	five_seven	bullet	20.00	40.00	-3.19	21.82	-2.27	12.27	9.60
20860161	damage	bot-1444	bravo	bot-1441	alpha	m24	bullet	95.00	4.93	-60.13	20.25	-1.61	11.92	59.10
20866424	damage	bot-1430	bravo	bot-1448	alpha	five_seven	bullet	20.00	80.00	-7.69	20.54	-2.90	12.04	9.75
20866569	damage	bot-1430	bravo	bot-1448	alpha	five_seven	bullet	20.00	60.00	-7.69	20.54	-3.00	12.37	9.42
20866724	damage	bot-1430	bravo	bot-1448	alpha	five_seven	bullet	20.00	40.00	-7.69	20.54	-2.50	11.87	10.11
20867353	damage	bot-1430	bravo	bot-1441	alpha	five_seven	bullet	20.00	52.32	-7.71	20.36	-1.46	12.40	10.12
20867495	damage	bot-1430	bravo	bot-1441	alpha	five_seven	bullet	20.00	32.32	-7.71	20.36	-1.23	11.60	10.90
20867521	damage	bot-1449	bravo	bot-1441	alpha	cz_805_bren	bullet	24.00	8.32	-47.13	17.62	-1.15	11.33	46.41
20867641	kill	bot-1430	bravo	bot-1441	alpha	five_seven	bullet	20.00	0.00	-7.82	20.47	-1.00	10.80	11.84
20868094	damage	bot-1430	bravo	bot-1431	alpha	five_seven	bullet	20.00	80.00	-8.17	21.04	-9.93	12.78	8.45
20868390	damage	bot-1430	bravo	bot-1431	alpha	five_seven	bullet	20.00	60.00	-8.89	22.18	-10.15	13.68	8.59
20868514	damage	bot-1435	bravo	bot-1450	alpha	five_seven	bullet	20.00	80.00	-4.99	23.16	-10.78	17.71	7.95
20868662	damage	bot-1435	bravo	bot-1450	alpha	five_seven	bullet	20.00	60.00	-5.20	23.52	-11.00	18.37	7.76
20868974	damage	bot-1430	bravo	bot-1450	alpha	five_seven	bullet	20.00	40.00	-9.96	24.05	-12.32	17.56	6.91
20868974	kill	bot-1450	alpha	bot-1430	bravo	cz_805_bren	bullet	24.00	0.00	-12.32	17.56	-9.79	24.00	6.92
20869257	damage	bot-1451	bravo	bot-1450	alpha	five_seven	bullet	20.00	20.00	-59.32	17.35	-13.43	16.50	45.90
20869398	kill	bot-1451	bravo	bot-1450	alpha	five_seven	bullet	20.00	0.00	-59.32	17.35	-13.96	15.96	45.38
20870323	damage	bot-1449	bravo	bot-1446	alpha	cz_805_bren	bullet	24.00	48.22	-46.82	17.98	-8.63	12.72	38.54
20870480	damage	bot-1449	bravo	bot-1446	alpha	cz_805_bren	bullet	24.00	24.22	-46.82	17.98	-8.46	12.64	38.73
20876905	damage	bot-1451	bravo	bot-1448	alpha	five_seven	bullet	20.00	52.23	-51.18	20.02	-2.05	13.14	49.61
20877374	damage	bot-1431	alpha	bot-1435	bravo	cz_805_bren	bullet	24.00	48.53	-14.58	13.94	-9.78	23.98	11.13
20877524	damage	bot-1431	alpha	bot-1435	bravo	cz_805_bren	bullet	24.00	24.53	-14.58	13.94	-9.55	24.43	11.63
20878215	damage	bot-1431	alpha	bot-1435	bravo	cz_805_bren	bullet	24.00	0.53	-14.80	14.32	-7.62	26.77	14.38
20878769	damage	bot-1451	bravo	bot-1431	alpha	five_seven	bullet	20.00	52.19	-49.59	19.37	-15.02	15.09	34.83
20880929	kill	bot-1444	bravo	bot-1442	alpha	m24	bullet	95.00	0.00	-46.01	17.82	-6.29	9.09	40.67
20887341	damage	bot-1435	bravo	bot-1431	alpha	five_seven	bullet	20.00	52.31	-8.08	27.28	-15.87	14.01	15.39
20888363	damage	bot-1451	bravo	bot-1448	alpha	five_seven	bullet	20.00	52.27	-35.81	19.56	0.50	9.71	37.63
20888853	damage	bot-1451	bravo	bot-1448	alpha	five_seven	bullet	20.00	32.27	-35.74	19.57	1.14	8.08	38.63
20889238	damage	bot-1451	bravo	bot-1448	alpha	five_seven	bullet	20.00	12.27	-35.74	19.57	1.71	6.69	39.61
20889399	kill	bot-1451	bravo	bot-1448	alpha	five_seven	bullet	20.00	0.00	-35.74	19.57	2.03	5.94	40.16
20891957	damage	bot-1435	bravo	bot-1431	alpha	five_seven	bullet	20.00	52.10	-11.35	21.13	-13.39	9.23	12.08
20892124	damage	bot-1435	bravo	bot-1431	alpha	five_seven	bullet	20.00	32.10	-11.35	21.15	-14.01	8.63	12.80
20892287	damage	bot-1435	bravo	bot-1431	alpha	five_seven	bullet	20.00	12.10	-11.35	21.15	-14.60	8.05	13.49
20892448	kill	bot-1435	bravo	bot-1431	alpha	five_seven	bullet	20.00	0.00	-11.35	21.15	-15.19	7.49	14.19
20893571	damage	bot-1446	alpha	bot-1453	bravo	m24	bullet	95.00	5.00	-4.34	10.74	-35.69	13.91	31.51
20894944	damage	bot-1446	alpha	bot-1435	bravo	m1911	bullet	33.00	12.46	-4.43	11.19	-13.88	17.22	11.21
20895019	damage	bot-1449	bravo	bot-1446	alpha	cz_805_bren	bullet	24.00	48.03	-37.81	17.80	-4.43	11.19	34.03
20895139	damage	bot-1449	bravo	bot-1446	alpha	cz_805_bren	bullet	24.00	24.03	-37.81	17.80	-4.30	11.02	34.19
20895251	damage	bot-1449	bravo	bot-1446	alpha	cz_805_bren	bullet	24.00	0.03	-37.81	17.80	-4.17	10.84	34.36
20897595	kill	bot-1453	bravo	bot-1446	alpha	m24	bullet	95.00	0.00	-40.46	17.75	4.08	4.23	46.55
20911195	damage	bot-1454	alpha	bot-1451	bravo	m24	bullet	95.00	0.27	48.73	-11.76	-15.74	16.72	70.48
20928728	damage	bot-1451	bravo	bot-1456	alpha	five_seven	bullet	20.00	80.00	-1.68	14.73	30.96	3.95	34.38
20930936	damage	bot-1451	bravo	bot-1456	alpha	five_seven	bullet	20.00	60.00	-0.58	14.71	31.01	3.94	33.37
20931610	damage	bot-1451	bravo	bot-1456	alpha	five_seven	bullet	20.00	40.00	-0.27	14.74	31.92	2.99	34.27
20943690	damage	bot-1435	bravo	bot-1454	alpha	five_seven	bullet	20.00	52.33	4.02	17.00	44.41	-7.43	47.21
20944863	damage	bot-1435	bravo	bot-1456	alpha	five_seven	bullet	20.00	52.17	4.27	16.72	47.47	-7.45	49.50
20944992	damage	bot-1451	bravo	bot-1456	alpha	five_seven	bullet	20.00	32.17	4.72	15.17	48.17	-7.47	48.99
20945652	damage	bot-1449	bravo	bot-1454	alpha	cz_805_bren	bullet	24.00	48.06	5.60	17.16	44.11	-8.31	46.16
20945783	damage	bot-1449	bravo	bot-1454	alpha	cz_805_bren	bullet	24.00	24.06	5.60	17.16	44.27	-8.36	46.33
20945909	damage	bot-1449	bravo	bot-1454	alpha	cz_805_bren	bullet	24.00	0.06	5.60	17.16	44.49	-8.44	46.56
20946020	kill	bot-1449	bravo	bot-1454	alpha	cz_805_bren	bullet	24.00	0.00	5.60	17.16	44.92	-8.58	47.00
20959221	damage	bot-1451	bravo	bot-1456	alpha	five_seven	bullet	20.00	46.58	29.15	2.36	54.30	-9.71	27.90
20959365	damage	bot-1451	bravo	bot-1456	alpha	five_seven	bullet	20.00	26.58	29.15	2.36	54.00	-10.02	27.76
20959510	damage	bot-1451	bravo	bot-1456	alpha	five_seven	bullet	20.00	6.58	29.15	2.36	53.76	-10.26	27.65
20959650	kill	bot-1451	bravo	bot-1456	alpha	five_seven	bullet	20.00	0.00	29.15	2.36	53.44	-10.59	27.52
20964454	damage	bot-1463	alpha	bot-1444	bravo	five_seven	bullet	20.00	52.63	70.40	22.16	28.66	-1.41	47.94
20965896	damage	bot-1463	alpha	bot-1451	bravo	five_seven	bullet	20.00	52.65	70.03	21.72	30.38	-1.42	45.91
20966063	damage	bot-1463	alpha	bot-1451	bravo	five_seven	bullet	20.00	32.65	70.03	21.72	29.59	-1.47	46.62
20966228	damage	bot-1463	alpha	bot-1451	bravo	five_seven	bullet	20.00	12.65	70.03	21.72	28.76	-1.53	47.37
20971089	damage	bot-1463	alpha	bot-1455	bravo	five_seven	bullet	20.00	52.42	60.90	19.09	25.25	-9.58	45.75
20981226	damage	bot-1463	alpha	bot-1449	bravo	five_seven	bullet	20.00	70.74	47.29	6.73	42.00	-3.80	11.79
20981326	damage	bot-1435	bravo	bot-1461	alpha	five_seven	bullet	20.00	80.00	42.77	-6.12	73.63	-14.38	31.94
20982291	damage	bot-1457	alpha	bot-1455	bravo	cz_805_bren	bullet	24.00	48.79	74.41	-9.67	28.25	-1.79	46.82
20982363	damage	bot-1459	alpha	bot-1455	bravo	five_seven	bullet	20.00	28.79	72.40	-17.59	27.85	-1.70	47.30
20982529	damage	bot-1459	alpha	bot-1455	bravo	five_seven	bullet	20.00	8.79	72.40	-17.59	27.08	-1.18	48.19
20982670	kill	bot-1459	alpha	bot-1455	bravo	five_seven	bullet	20.00	0.00	72.40	-17.59	26.49	-0.71	48.91
20985904	kill	bot-1460	alpha	bot-1453	bravo	m24	bullet	95.00	0.00	71.18	-14.86	31.48	17.20	51.02
20986993	damage	bot-1459	alpha	bot-1444	bravo	five_seven	bullet	20.00	52.20	66.52	-14.55	32.67	-0.59	36.62
20987158	damage	bot-1459	alpha	bot-1444	bravo	five_seven	bullet	20.00	32.20	66.51	-14.58	32.24	-1.04	36.85
20987318	damage	bot-1459	alpha	bot-1444	bravo	five_seven	bullet	20.00	12.20	66.51	-14.59	31.88	-0.53	37.38
20987462	kill	bot-1459	alpha	bot-1444	bravo	five_seven	bullet	20.00	0.00	66.51	-14.59	31.48	0.04	37.97
21012221	damage	bot-1464	alpha	bot-1458	bravo	m24	bullet	95.00	5.00	43.40	6.05	-7.63	-40.80	69.28
21020604	damage	bot-1452	alpha	bot-1467	bravo	five_seven	bullet	20.00	80.00	21.34	-10.52	-1.97	-35.02	33.82
21021266	damage	bot-1452	alpha	bot-1467	bravo	five_seven	bullet	20.00	60.00	21.10	-10.67	-1.87	-34.90	33.39
21021733	damage	bot-1452	alpha	bot-1467	bravo	five_seven	bullet	20.00	43.81	21.10	-10.66	-3.06	-35.74	34.82
21021733	damage	bot-1458	bravo	bot-1462	alpha	cz_805_bren	bullet	24.00	76.00	-5.81	-35.61	22.30	-12.48	36.40
21021857	damage	bot-1458	bravo	bot-1462	alpha	cz_805_bren	bullet	24.00	52.00	-5.81	-35.61	21.99	-12.75	35.99
21021883	damage	bot-1452	alpha	bot-1467	bravo	five_seven	bullet	20.00	24.26	21.10	-10.66	-3.64	-36.22	35.57
21021982	damage	bot-1458	bravo	bot-1462	alpha	cz_805_bren	bullet	24.00	28.00	-5.81	-35.61	21.73	-12.27	36.10
21022035	damage	bot-1452	alpha	bot-1467	bravo	five_seven	bullet	20.00	5.53	21.10	-10.66	-4.24	-36.48	36.17
21022111	damage	bot-1458	bravo	bot-1462	alpha	cz_805_bren	bullet	24.00	4.62	-5.81	-35.61	21.20	-11.76	36.03
21022243	kill	bot-1458	bravo	bot-1462	alpha	cz_805_bren	bullet	24.00	0.00	-5.81	-35.61	20.77	-11.24	36.06
21022527	damage	bot-1452	alpha	bot-1465	bravo	five_seven	bullet	20.00	80.00	21.10	-10.66	-3.65	-35.88	35.33
21022683	damage	bot-1452	alpha	bot-1465	bravo	five_seven	bullet	20.00	60.00	21.10	-10.66	-4.33	-36.29	36.11
21022995	damage	bot-1458	bravo	bot-1459	alpha	cz_805_bren	bullet	24.00	76.00	-5.88	-35.44	22.34	-12.05	36.65
21023133	damage	bot-1458	bravo	bot-1459	alpha	cz_805_bren	bullet	24.00	52.00	-5.88	-35.44	22.25	-12.06	36.58
21023250	damage	bot-1458	bravo	bot-1459	alpha	cz_805_bren	bullet	24.00	28.00	-5.88	-35.44	22.59	-11.74	37.05
21025091	damage	bot-1458	bravo	bot-1457	alpha	cz_805_bren	bullet	24.00	76.00	-5.15	-34.94	20.55	-13.58	33.41
21025363	damage	bot-1458	bravo	bot-1457	alpha	cz_805_bren	bullet	24.00	52.00	-5.15	-34.95	20.54	-13.78	33.29
21025497	damage	bot-1458	bravo	bot-1457	alpha	cz_805_bren	bullet	24.00	28.00	-5.15	-34.95	20.52	-13.56	33.42
21025553	damage	bot-1468	bravo	bot-1457	alpha	cz_805_bren	bullet	24.00	4.00	-4.38	-33.35	20.51	-13.47	31.86
21025618	kill	bot-1458	bravo	bot-1457	alpha	cz_805_bren	bullet	24.00	0.00	-5.16	-34.95	20.50	-13.35	33.54
21026225	damage	bot-1458	bravo	bot-1452	alpha	cz_805_bren	bullet	24.00	48.24	-5.22	-34.99	21.03	-11.58	35.18
21026455	damage	bot-1458	bravo	bot-1452	alpha	cz_805_bren	bullet	24.00	24.24	-5.22	-34.99	21.02	-11.65	35.12
21026580	damage	bot-1458	bravo	bot-1452	alpha	cz_805_bren	bullet	24.00	0.24	-5.22	-34.99	21.03	-11.63	35.14
21026659	damage	bot-1452	alpha	bot-1458	bravo	five_seven	bullet	20.00	75.09	21.03	-11.63	-5.22	-34.99	35.14
21026709	kill	bot-1458	bravo	bot-1452	alpha	cz_805_bren	bullet	24.00	0.00	-5.22	-34.99	20.95	-11.70	35.03
21026765	damage	bot-1468	bravo	bot-1461	alpha	cz_805_bren	bullet	24.00	56.00	-4.10	-33.25	21.75	-11.71	33.64
21027029	kill	bot-1464	alpha	bot-1458	bravo	m24	bullet	95.00	0.00	43.24	5.85	-5.15	-34.95	63.30
21028833	damage	bot-1468	bravo	bot-1460	alpha	cz_805_bren	bullet	24.00	76.00	-4.17	-33.18	22.00	-14.75	32.02
21029570	damage	bot-1468	bravo	bot-1460	alpha	cz_805_bren	bullet	24.00	52.00	-4.11	-33.35	22.00	-14.75	32.07
21030865	damage	bot-1470	bravo	bot-1459	alpha	five_seven	bullet	20.00	52.14	-2.00	-38.12	20.99	-10.81	35.70
21031025	damage	bot-1470	bravo	bot-1459	alpha	five_seven	bullet	20.00	32.14	-2.00	-38.12	21.18	-10.01	36.44
21031170	damage	bot-1470	bravo	bot-1459	alpha	five_seven	bullet	20.00	12.14	-2.00	-38.12	21.38	-9.22	37.18
21031338	kill	bot-1470	bravo	bot-1459	alpha	five_seven	bullet	20.00	0.00	-2.00	-38.12	21.58	-8.38	37.96
21033332	damage	bot-1468	bravo	bot-1469	alpha	cz_805_bren	bullet	24.00	76.00	-2.89	-31.94	-20.89	11.83	47.32
21033459	damage	bot-1468	bravo	bot-1469	alpha	cz_805_bren	bullet	24.00	52.00	-2.89	-31.94	-20.66	11.59	47.02
21033580	damage	bot-1468	bravo	bot-1469	alpha	cz_805_bren	bullet	24.00	28.00	-2.89	-31.94	-20.90	12.03	47.51
21034253	damage	bot-1470	bravo	bot-1461	alpha	five_seven	bullet	20.00	65.09	0.15	-35.77	20.57	-9.61	33.19
21035489	damage	bot-1470	bravo	bot-1461	alpha	five_seven	bullet	20.00	45.09	0.66	-35.23	20.32	-10.07	31.93
21035903	damage	bot-1470	bravo	bot-1463	alpha	five_seven	bullet	20.00	52.56	0.66	-35.23	22.59	-14.31	30.31
21036222	damage	bot-1470	bravo	bot-1463	alpha	five_seven	bullet	20.00	32.56	0.66	-35.23	23.56	-12.95	31.95
21042366	damage	bot-1470	bravo	bot-1464	alpha	five_seven	bullet	20.00	52.30	6.87	-28.06	43.38	5.82	49.81
21042513	damage	bot-1470	bravo	bot-1464	alpha	five_seven	bullet	20.00	32.30	6.87	-28.07	43.61	5.74	49.93
21043617	kill	bot-1472	bravo	bot-1464	alpha	m24	bullet	95.00	0.00	3.77	-26.59	48.20	3.99	53.94
21044335	damage	bot-1465	bravo	bot-1461	alpha	five_seven	bullet	20.00	52.23	-1.88	-36.13	23.57	-9.89	36.55
21050284	damage	bot-1463	alpha	bot-1468	bravo	five_seven	bullet	20.00	63.35	25.34	-9.61	-15.41	-3.94	41.15
21051359	damage	bot-1473	alpha	bot-1468	bravo	five_seven	bullet	20.00	43.35	-30.03	10.25	-17.28	-0.82	16.89
21051554	damage	bot-1468	bravo	bot-1469	alpha	cz_805_bren	bullet	24.00	48.17	-16.97	-1.09	-25.12	12.73	16.04
21051554	damage	bot-1473	alpha	bot-1468	bravo	five_seven	bullet	20.00	23.35	-30.03	10.25	-16.82	-1.24	17.51
21051823	damage	bot-1468	bravo	bot-1469	alpha	cz_805_bren	bullet	24.00	24.17	-16.15	-1.88	-25.27	14.10	18.40
21054547	damage	bot-1465	bravo	bot-1463	alpha	five_seven	bullet	20.00	52.46	-0.53	-32.47	22.30	-10.75	31.51
21055331	damage	bot-1465	bravo	bot-1463	alpha	five_seven	bullet	20.00	32.46	-0.26	-32.21	23.59	-9.80	32.73
21055331	damage	bot-1470	bravo	bot-1463	alpha	five_seven	bullet	20.00	12.46	3.07	-31.61	23.59	-9.80	29.94
21055490	kill	bot-1465	bravo	bot-1463	alpha	five_seven	bullet	20.00	0.00	-0.26	-32.21	23.94	-9.44	33.23
21066706	damage	bot-1460	alpha	bot-1470	bravo	m1911	bullet	33.00	39.45	24.64	-14.17	14.31	-19.82	11.77
21072536	damage	bot-1466	bravo	bot-1460	alpha	m1911	bullet	33.00	7.00	12.67	-7.69	22.08	-6.73	9.45
21072721	kill	bot-1465	bravo	bot-1460	alpha	five_seven	bullet	20.00	0.00	13.32	-21.25	22.77	-6.32	17.67
21081778	damage	bot-1477	alpha	bot-1478	bravo	cz_805_bren	bullet	24.00	76.00	-80.69	-21.61	-66.30	-0.51	25.55
21081967	kill	bot-1475	alpha	bot-1478	bravo	m24	bullet	95.00	0.00	-87.17	-25.51	-66.40	-0.71	32.35
21083762	damage	bot-1477	alpha	bot-1468	bravo	cz_805_bren	bullet	24.00	48.29	-79.64	-21.31	-30.30	-14.69	49.78
21083934	damage	bot-1470	bravo	bot-1461	alpha	five_seven	bullet	20.00	67.23	17.58	-5.70	30.35	-8.40	13.05
21084097	damage	bot-1470	bravo	bot-1461	alpha	five_seven	bullet	20.00	47.23	17.58	-5.70	30.35	-8.40	13.05
21092588	damage	bot-1468	bravo	bot-1477	alpha	cz_805_bren	bullet	24.00	55.35	-33.86	-9.82	-65.17	-23.37	34.12
21092706	damage	bot-1468	bravo	bot-1477	alpha	cz_805_bren	bullet	24.00	31.35	-33.87	-9.82	-65.47	-23.26	34.34
21092828	damage	bot-1468	bravo	bot-1477	alpha	cz_805_bren	bullet	24.00	7.35	-33.87	-9.82	-65.97	-23.08	34.73
21092950	kill	bot-1468	bravo	bot-1477	alpha	cz_805_bren	bullet	24.00	0.00	-33.87	-9.82	-66.49	-22.84	35.12
21100385	damage	bot-1480	bravo	bot-1476	alpha	five_seven	bullet	20.00	52.17	-41.22	-38.06	-70.73	-24.30	32.56
21104030	damage	bot-1468	bravo	bot-1479	alpha	cz_805_bren	bullet	24.00	76.00	-50.18	-16.05	-73.99	-22.28	24.61
21104148	damage	bot-1468	bravo	bot-1479	alpha	cz_805_bren	bullet	24.00	52.00	-50.18	-16.05	-73.65	-22.22	24.27
21104274	damage	bot-1468	bravo	bot-1479	alpha	cz_805_bren	bullet	24.00	28.00	-50.18	-16.05	-73.95	-21.59	24.41
21104410	damage	bot-1468	bravo	bot-1479	alpha	cz_805_bren	bullet	24.00	4.00	-50.18	-16.05	-74.22	-21.15	24.58
21104528	kill	bot-1468	bravo	bot-1479	alpha	cz_805_bren	bullet	24.00	0.00	-50.18	-16.05	-74.50	-20.76	24.77
21105812	damage	bot-1468	bravo	bot-1481	alpha	cz_805_bren	bullet	24.00	76.00	-51.47	-16.99	-71.59	-30.53	24.25
21105923	damage	bot-1468	bravo	bot-1481	alpha	cz_805_bren	bullet	24.00	52.00	-51.47	-16.99	-71.59	-30.53	24.25
21106087	damage	bot-1468	bravo	bot-1481	alpha	cz_805_bren	bullet	24.00	28.00	-51.47	-16.99	-71.59	-30.53	24.25
21106229	damage	bot-1468	bravo	bot-1481	alpha	cz_805_bren	bullet	24.00	4.00	-51.47	-16.99	-71.84	-30.31	24.34
21106382	kill	bot-1468	bravo	bot-1481	alpha	cz_805_bren	bullet	24.00	0.00	-51.47	-16.99	-72.24	-29.92	24.47
21107050	damage	bot-1471	alpha	bot-1468	bravo	cz_805_bren	bullet	24.00	48.11	-72.60	-24.35	-51.72	-17.04	22.12
21108964	damage	bot-1471	alpha	bot-1470	bravo	cz_805_bren	bullet	24.00	48.08	-71.78	-23.88	-28.85	-12.95	44.30
21113629	damage	bot-1470	bravo	bot-1476	alpha	five_seven	bullet	20.00	75.21	-27.54	-15.82	-72.97	-20.94	45.71
21113780	damage	bot-1470	bravo	bot-1476	alpha	five_seven	bullet	20.00	55.21	-27.54	-15.82	-72.97	-20.94	45.71
21113974	damage	bot-1480	bravo	bot-1471	alpha	five_seven	bullet	20.00	80.00	-50.83	-36.11	-71.11	-24.40	23.42
21114707	damage	bot-1470	bravo	bot-1476	alpha	five_seven	bullet	20.00	35.21	-27.49	-15.47	-75.65	-22.07	48.61
21114812	damage	bot-1468	bravo	bot-1471	alpha	cz_805_bren	bullet	24.00	56.00	-49.35	-15.37	-72.04	-23.87	24.23
21114859	damage	bot-1470	bravo	bot-1476	alpha	five_seven	bullet	20.00	15.21	-27.49	-15.47	-76.25	-22.62	49.27
21115019	kill	bot-1470	bravo	bot-1476	alpha	five_seven	bullet	20.00	0.00	-27.49	-15.47	-76.74	-23.14	49.84
21121604	damage	bot-1468	bravo	bot-1482	alpha	cz_805_bren	bullet	24.00	76.00	-61.53	-19.21	-72.99	-28.80	14.95
21121949	damage	bot-1483	alpha	bot-1468	bravo	cz_805_bren	bullet	24.00	0.90	-77.99	-26.65	-60.33	-18.70	19.37
21122593	damage	bot-1468	bravo	bot-1483	alpha	cz_805_bren	bullet	24.00	40.84	-57.47	-17.95	-78.22	-26.45	22.42
21133089	damage	bot-1483	alpha	bot-1467	bravo	cz_805_bren	bullet	24.00	41.12	-78.05	-28.50	-54.35	-42.07	27.31
21137901	damage	bot-1470	bravo	bot-1483	alpha	five_seven	bullet	20.00	52.16	-60.01	-17.47	-72.69	-26.73	15.70
21138043	damage	bot-1470	bravo	bot-1483	alpha	five_seven	bullet	20.00	32.16	-60.01	-17.47	-73.14	-26.89	16.16
21146962	damage	bot-1470	bravo	bot-1483	alpha	five_seven	bullet	20.00	52.40	-61.78	-8.56	-73.83	-23.74	19.38
21147797	damage	bot-1470	bravo	bot-1483	alpha	five_seven	bullet	20.00	32.40	-61.91	-8.71	-75.69	-22.12	19.24
21147915	damage	bot-1483	alpha	bot-1470	bravo	cz_805_bren	bullet	24.00	48.22	-75.90	-21.95	-61.91	-8.71	19.27
21148053	damage	bot-1483	alpha	bot-1470	bravo	cz_805_bren	bullet	24.00	24.22	-76.07	-21.82	-61.86	-8.53	19.45
21148165	damage	bot-1470	bravo	bot-1483	alpha	five_seven	bullet	20.00	12.40	-61.83	-8.39	-76.29	-21.66	19.63
21149506	damage	bot-1480	bravo	bot-1475	alpha	five_seven	bullet	20.00	52.22	-39.73	-31.70	-71.03	-30.85	31.31
21149656	damage	bot-1480	bravo	bot-1475	alpha	five_seven	bullet	20.00	32.22	-39.73	-31.70	-71.49	-30.45	31.79
21149813	damage	bot-1480	bravo	bot-1475	alpha	five_seven	bullet	20.00	12.22	-39.73	-31.69	-72.03	-29.95	32.35
21149955	kill	bot-1480	bravo	bot-1475	alpha	five_seven	bullet	20.00	0.00	-39.73	-31.69	-72.58	-29.45	32.92
21164147	damage	bot-1489	alpha	bot-1487	bravo	cz_805_bren	bullet	24.00	39.53	35.02	10.66	24.77	3.53	12.49
21164260	damage	bot-1489	alpha	bot-1487	bravo	cz_805_bren	bullet	24.00	15.53	35.02	10.66	24.14	3.49	13.03
21164808	kill	bot-1489	alpha	bot-1487	bravo	cz_805_bren	bullet	24.00	0.00	35.41	10.17	21.74	2.54	15.65
21164947	damage	bot-1489	alpha	bot-1485	bravo	cz_805_bren	bullet	24.00	3.20	35.41	10.17	20.24	-5.34	21.70
21165068	kill	bot-1489	alpha	bot-1485	bravo	cz_805_bren	bullet	24.00	0.00	35.41	10.17	19.84	-5.76	22.27
21169304	damage	bot-1470	bravo	bot-1483	alpha	five_seven	bullet	20.00	20.84	-67.39	-30.39	-85.83	-25.15	19.17
21169445	damage	bot-1470	bravo	bot-1483	alpha	five_seven	bullet	20.00	0.84	-67.38	-30.39	-86.20	-25.45	19.45
21169602	kill	bot-1470	bravo	bot-1483	alpha	five_seven	bullet	20.00	0.00	-67.38	-30.39	-86.72	-25.85	19.86
21173502	damage	bot-1491	bravo	bot-1489	alpha	cz_805_bren	bullet	24.00	76.00	40.66	-17.34	23.49	-0.20	24.25
21173613	damage	bot-1491	bravo	bot-1489	alpha	cz_805_bren	bullet	24.00	52.00	40.66	-17.34	23.21	0.09	24.67
21173730	damage	bot-1491	bravo	bot-1489	alpha	cz_805_bren	bullet	24.00	28.00	40.65	-17.34	22.87	0.40	25.11
21173856	damage	bot-1491	bravo	bot-1489	alpha	cz_805_bren	bullet	24.00	4.00	40.65	-17.34	22.50	0.73	25.61
21173978	kill	bot-1491	bravo	bot-1489	alpha	cz_805_bren	bullet	24.00	0.00	40.65	-17.34	22.13	1.05	26.10
21174786	damage	bot-1484	alpha	bot-1491	bravo	five_seven	bullet	20.00	80.00	35.15	10.16	40.58	-16.93	27.62
21175914	damage	bot-1484	alpha	bot-1491	bravo	five_seven	bullet	20.00	60.00	35.14	10.16	40.45	-16.31	26.99
21182521	damage	bot-1484	alpha	bot-1493	bravo	five_seven	bullet	20.00	80.00	33.46	0.20	45.24	-16.40	20.36
21182824	damage	bot-1484	alpha	bot-1493	bravo	five_seven	bullet	20.00	39.64	33.46	0.20	46.25	-16.32	20.90
21182969	damage	bot-1484	alpha	bot-1493	bravo	five_seven	bullet	20.00	19.64	33.46	0.20	46.82	-16.84	21.66
21183154	kill	bot-1484	alpha	bot-1493	bravo	five_seven	bullet	20.00	0.00	33.46	0.20	47.43	-17.39	22.47
21189383	damage	bot-1491	bravo	bot-1484	alpha	cz_805_bren	bullet	24.00	48.02	36.62	-17.54	30.71	-11.33	8.58
21192451	damage	bot-1488	alpha	bot-1495	bravo	cz_805_bren	bullet	24.00	76.00	35.51	-9.03	33.97	-15.08	6.25
21192571	damage	bot-1488	alpha	bot-1495	bravo	cz_805_bren	bullet	24.00	52.00	34.93	-9.06	33.48	-15.04	6.15
21192708	damage	bot-1488	alpha	bot-1495	bravo	cz_805_bren	bullet	24.00	28.00	34.22	-9.11	32.78	-15.05	6.11
21192854	damage	bot-1488	alpha	bot-1495	bravo	cz_805_bren	bullet	24.00	4.00	34.77	-9.11	32.04	-15.06	6.55
21193375	damage	bot-1495	bravo	bot-1488	alpha	five_seven	bullet	20.00	11.29	29.54	-14.80	35.58	-9.10	8.30
21195783	damage	bot-1495	bravo	bot-1488	alpha	five_seven	bullet	20.00	6.42	25.95	-20.80	30.17	-4.47	16.87
21196931	damage	bot-1495	bravo	bot-1486	alpha	m24	bullet	95.00	0.35	28.32	-24.83	37.32	8.32	34.36
21201542	damage	bot-1484	alpha	bot-1495	bravo	five_seven	bullet	20.00	52.15	32.02	-4.53	28.54	-24.50	20.26
21203613	damage	bot-1496	alpha	bot-1495	bravo	cz_805_bren	bullet	24.00	28.15	31.50	-0.28	23.62	-29.31	30.08
21203736	damage	bot-1496	alpha	bot-1495	bravo	cz_805_bren	bullet	24.00	5.91	31.50	-0.28	23.60	-29.30	30.07
21203836	damage	bot-1488	alpha	bot-1491	bravo	cz_805_bren	bullet	24.00	48.07	30.63	-5.95	33.03	-16.73	11.04
21203948	damage	bot-1488	alpha	bot-1491	bravo	cz_805_bren	bullet	24.00	24.07	30.63	-5.95	32.57	-17.17	11.38
21203948	damage	bot-1496	alpha	bot-1491	bravo	cz_805_bren	bullet	24.00	0.07	31.50	-0.28	32.51	-17.24	16.99
21204047	damage	bot-1491	bravo	bot-1488	alpha	cz_805_bren	bullet	24.00	62.57	32.31	-17.48	30.63	-5.95	11.65
21204098	kill	bot-1488	alpha	bot-1491	bravo	cz_805_bren	bullet	24.00	0.00	30.63	-5.95	32.25	-17.55	11.70
21209261	kill	bot-1466	bravo	bot-1486	alpha	m24	bullet	95.00	0.00	-28.38	-27.13	37.56	8.12	74.76
21213146	damage	bot-1480	bravo	bot-1484	alpha	five_seven	bullet	20.00	52.14	-15.80	-26.54	28.40	-18.02	45.01
21218182	damage	bot-1496	alpha	bot-1472	bravo	cz_805_bren	bullet	24.00	71.23	25.45	-17.09	-16.73	-25.08	42.94
21228451	damage	bot-1480	bravo	bot-1496	alpha	five_seven	bullet	20.00	49.16	0.47	-29.78	29.00	-17.93	30.90
21229702	kill	bot-1499	alpha	bot-1498	bravo	m24	bullet	95.00	0.00	40.51	-6.26	30.09	-38.14	33.54
21230511	kill	bot-1470	bravo	bot-1484	alpha	five_seven	bullet	20.00	0.00	-15.40	-14.36	24.43	-2.35	41.61
21231097	damage	bot-1470	bravo	bot-1488	alpha	five_seven	bullet	20.00	25.68	-15.29	-14.39	20.15	-6.53	36.31
21231239	damage	bot-1470	bravo	bot-1488	alpha	five_seven	bullet	20.00	8.33	-15.29	-14.39	20.15	-6.53	36.31
21231379	kill	bot-1470	bravo	bot-1488	alpha	five_seven	bullet	20.00	0.00	-15.29	-14.39	20.15	-6.53	36.31
21243964	damage	bot-1480	bravo	bot-1499	alpha	five_seven	bullet	20.00	33.40	9.07	-20.55	41.89	-2.40	37.50
21244115	damage	bot-1480	bravo	bot-1499	alpha	five_seven	bullet	20.00	13.40	9.07	-20.55	42.23	-2.61	37.70
21244258	kill	bot-1480	bravo	bot-1499	alpha	five_seven	bullet	20.00	0.00	9.07	-20.55	42.51	-2.78	37.87
21254702	damage	bot-1472	bravo	bot-1496	alpha	m1911	bullet	33.00	32.40	16.70	-9.69	30.35	-10.32	13.66
21254997	damage	bot-1496	alpha	bot-1472	bravo	cz_805_bren	bullet	24.00	47.23	31.44	-10.17	16.70	-9.69	14.74
21255736	damage	bot-1480	bravo	bot-1496	alpha	five_seven	bullet	20.00	12.40	15.30	-17.41	34.52	-9.76	20.68
21255881	kill	bot-1480	bravo	bot-1496	alpha	five_seven	bullet	20.00	0.00	15.30	-17.41	35.09	-9.68	21.25
21276771	damage	bot-1480	bravo	bot-1505	alpha	five_seven	bullet	20.00	80.00	46.98	-11.45	87.32	-20.49	41.33
21277297	damage	bot-1480	bravo	bot-1505	alpha	five_seven	bullet	20.00	60.00	47.07	-11.47	87.32	-20.49	41.24
21277548	damage	bot-1480	bravo	bot-1505	alpha	five_seven	bullet	20.00	40.00	47.07	-11.47	87.67	-20.85	41.67
21277709	damage	bot-1480	bravo	bot-1505	alpha	five_seven	bullet	20.00	20.00	47.07	-11.47	88.24	-21.43	42.36
21287111	kill	bot-1506	bravo	bot-1505	alpha	m24	bullet	95.00	0.00	75.52	-21.02	92.24	-25.20	17.24
21329675	damage	bot-1501	bravo	bot-1504	alpha	cz_805_bren	bullet	24.00	76.00	-41.68	36.62	-88.47	36.76	46.78
21329838	damage	bot-1501	bravo	bot-1504	alpha	cz_805_bren	bullet	24.00	52.00	-41.68	36.62	-88.25	36.86	46.57
21329991	damage	bot-1501	bravo	bot-1504	alpha	cz_805_bren	bullet	24.00	28.00	-41.68	36.62	-88.90	36.45	47.22
21330149	damage	bot-1501	bravo	bot-1504	alpha	cz_805_bren	bullet	24.00	4.00	-41.68	36.62	-89.54	36.05	47.86
21330262	kill	bot-1501	bravo	bot-1504	alpha	cz_805_bren	bullet	24.00	0.00	-41.68	36.62	-89.75	35.92	48.07
21331304	damage	bot-1492	alpha	bot-1501	bravo	m24	bullet	95.00	5.00	-91.93	38.72	-42.11	36.88	49.85
21335528	damage	bot-1497	alpha	bot-1503	bravo	five_seven	bullet	20.00	80.00	-85.87	39.55	-38.44	35.98	47.56
21335674	damage	bot-1497	alpha	bot-1503	bravo	five_seven	bullet	20.00	60.00	-85.87	39.55	-38.71	36.21	47.27
21335822	damage	bot-1497	alpha	bot-1503	bravo	five_seven	bullet	20.00	40.00	-85.87	39.54	-38.94	36.43	47.03
21335989	damage	bot-1497	alpha	bot-1503	bravo	five_seven	bullet	20.00	20.00	-85.87	39.54	-39.21	36.71	46.75
21336181	kill	bot-1502	alpha	bot-1503	bravo	cz_805_bren	bullet	24.00	0.00	-87.14	37.70	-39.57	37.06	47.57
21373362	damage	bot-1470	bravo	bot-1508	alpha	five_seven	bullet	20.00	80.00	56.40	5.76	35.22	-0.21	22.01
21373945	damage	bot-1470	bravo	bot-1508	alpha	five_seven	bullet	20.00	60.00	56.05	5.71	35.22	-0.21	21.66
21374063	damage	bot-1508	alpha	bot-1474	bravo	cz_805_bren	bullet	24.00	48.38	35.64	-0.64	45.27	3.41	10.45
21374209	damage	bot-1474	bravo	bot-1508	alpha	cz_805_bren	bullet	24.00	36.00	45.74	3.05	36.17	-1.20	10.47
21374443	damage	bot-1508	alpha	bot-1474	bravo	cz_805_bren	bullet	24.00	24.38	36.98	-2.04	46.67	2.33	10.63
21374569	damage	bot-1508	alpha	bot-1474	bravo	cz_805_bren	bullet	24.00	0.38	37.42	-2.49	47.13	1.95	10.68
21374685	damage	bot-1474	bravo	bot-1508	alpha	cz_805_bren	bullet	24.00	12.00	47.47	1.68	37.78	-2.87	10.70
21381587	damage	bot-1474	bravo	bot-1508	alpha	cz_805_bren	bullet	24.00	48.19	51.10	-2.72	42.58	-3.99	8.62
21381712	damage	bot-1474	bravo	bot-1508	alpha	cz_805_bren	bullet	24.00	24.19	51.10	-2.72	42.13	-4.50	9.14
21381744	damage	bot-1508	alpha	bot-1472	bravo	cz_805_bren	bullet	24.00	48.14	42.01	-4.64	47.50	-1.63	6.27
21381838	damage	bot-1474	bravo	bot-1508	alpha	cz_805_bren	bullet	24.00	0.19	51.10	-2.72	41.74	-4.96	9.63
21389879	damage	bot-1470	bravo	bot-1508	alpha	five_seven	bullet	20.00	19.99	45.27	-3.56	39.43	-10.35	8.96
21389901	kill	bot-1472	bravo	bot-1508	alpha	m1911	bullet	33.00	0.00	46.42	-4.72	39.41	-10.37	9.00
21409329	damage	bot-1511	alpha	bot-1474	bravo	five_seven	bullet	20.00	75.31	62.66	-36.56	47.76	-13.50	27.46
21409491	damage	bot-1511	alpha	bot-1474	bravo	five_seven	bullet	20.00	55.31	62.66	-36.56	47.29	-13.04	28.10
21409639	damage	bot-1511	alpha	bot-1474	bravo	five_seven	bullet	20.00	35.31	62.66	-36.56	46.86	-12.61	28.69
21416624	damage	bot-1511	alpha	bot-1466	bravo	five_seven	bullet	20.00	52.24	53.15	-35.88	47.78	-9.81	26.61
21417712	damage	bot-1511	alpha	bot-1466	bravo	five_seven	bullet	20.00	32.24	53.12	-35.45	44.54	-6.66	30.04
21417858	damage	bot-1511	alpha	bot-1466	bravo	five_seven	bullet	20.00	12.24	53.12	-35.45	44.05	-6.21	30.62
21418021	kill	bot-1511	alpha	bot-1466	bravo	five_seven	bullet	20.00	0.00	53.12	-35.45	43.57	-5.74	31.21
21418789	damage	bot-1472	bravo	bot-1511	alpha	m24	bullet	95.00	5.00	45.35	-17.02	52.42	-35.60	19.88
21421816	kill	bot-1506	bravo	bot-1511	alpha	m1911	bullet	33.00	0.00	44.13	-31.50	56.80	-39.92	15.21
21448137	damage	bot-1510	bravo	bot-1513	alpha	cz_805_bren	bullet	24.00	76.00	-6.51	45.12	-43.33	44.05	36.85
21448262	damage	bot-1510	bravo	bot-1513	alpha	cz_805_bren	bullet	24.00	52.00	-6.51	45.12	-43.33	44.05	36.85
21449347	damage	bot-1470	bravo	bot-1490	alpha	five_seven	bullet	20.00	80.00	62.12	-43.31	15.49	-47.87	46.86
21450709	damage	bot-1490	alpha	bot-1470	bravo	five_seven	bullet	20.00	52.30	16.06	-47.99	61.34	-42.96	45.56
21451083	damage	bot-1490	alpha	bot-1470	bravo	five_seven	bullet	20.00	32.30	16.12	-48.00	62.08	-42.24	46.32
21452497	damage	bot-1490	alpha	bot-1506	bravo	five_seven	bullet	20.00	74.96	16.13	-48.34	61.77	-44.32	45.81
21452662	damage	bot-1490	alpha	bot-1506	bravo	five_seven	bullet	20.00	54.96	16.13	-48.34	61.77	-44.32	45.81
21452808	damage	bot-1490	alpha	bot-1506	bravo	five_seven	bullet	20.00	34.96	16.13	-48.34	61.94	-44.15	45.99
21453013	damage	bot-1490	alpha	bot-1506	bravo	five_seven	bullet	20.00	14.96	16.13	-48.34	62.19	-43.90	46.27
21453196	kill	bot-1490	alpha	bot-1506	bravo	five_seven	bullet	20.00	0.00	16.13	-48.34	62.67	-43.43	46.80
21454089	damage	bot-1490	alpha	bot-1514	bravo	five_seven	bullet	20.00	80.00	16.35	-48.31	48.29	-37.67	33.67
21454255	damage	bot-1490	alpha	bot-1514	bravo	five_seven	bullet	20.00	60.00	16.35	-48.31	48.28	-37.67	33.65
21454418	damage	bot-1490	alpha	bot-1514	bravo	five_seven	bullet	20.00	40.00	16.35	-48.31	48.47	-37.48	33.90
21456380	kill	bot-1514	bravo	bot-1494	alpha	m24	bullet	95.00	0.00	53.35	-32.71	13.99	-39.89	40.01
21456747	damage	bot-1490	alpha	bot-1470	bravo	five_seven	bullet	20.00	22.72	21.38	-43.26	66.40	-38.23	45.29
21462382	damage	bot-1490	alpha	bot-1470	bravo	five_seven	bullet	20.00	52.30	21.40	-43.25	65.78	-38.72	44.61
21462529	damage	bot-1490	alpha	bot-1470	bravo	five_seven	bullet	20.00	32.30	21.40	-43.25	66.15	-38.36	45.02
21464107	damage	bot-1490	alpha	bot-1472	bravo	five_seven	bullet	20.00	64.46	22.53	-43.04	51.76	-38.71	29.54
21466199	damage	bot-1516	alpha	bot-1509	bravo	cz_805_bren	bullet	24.00	49.29	-45.64	34.82	-48.96	39.72	5.92
21466483	damage	bot-1516	alpha	bot-1509	bravo	cz_805_bren	bullet	24.00	25.29	-45.19	34.28	-49.59	40.07	7.27
21466782	damage	bot-1516	alpha	bot-1509	bravo	cz_805_bren	bullet	24.00	1.29	-44.34	33.27	-50.76	40.74	9.86
21466927	kill	bot-1516	alpha	bot-1509	bravo	cz_805_bren	bullet	24.00	0.00	-44.17	33.08	-50.89	41.37	10.67
21467119	damage	bot-1516	alpha	bot-1515	bravo	cz_805_bren	bullet	24.00	76.00	-44.40	33.06	-47.45	41.93	9.38
21467389	damage	bot-1516	alpha	bot-1515	bravo	cz_805_bren	bullet	24.00	52.00	-44.40	33.07	-47.66	42.08	9.58
21467534	damage	bot-1515	bravo	bot-1516	alpha	cz_805_bren	bullet	24.00	76.00	-47.70	42.12	-44.40	33.07	9.63
21467534	damage	bot-1516	alpha	bot-1515	bravo	cz_805_bren	bullet	24.00	28.00	-44.40	33.07	-47.75	42.19	9.71
21467650	damage	bot-1516	alpha	bot-1515	bravo	cz_805_bren	bullet	24.00	4.00	-44.40	33.07	-47.96	42.46	10.04
21467774	damage	bot-1515	bravo	bot-1516	alpha	cz_805_bren	bullet	24.00	52.00	-48.22	42.79	-44.46	33.05	10.43
21467774	kill	bot-1516	alpha	bot-1515	bravo	cz_805_bren	bullet	24.00	0.00	-44.46	33.05	-48.36	42.95	10.64
21468168	damage	bot-1490	alpha	bot-1472	bravo	five_seven	bullet	20.00	44.46	27.26	-42.18	51.26	-37.88	24.38
21468423	damage	bot-1490	alpha	bot-1472	bravo	five_seven	bullet	20.00	24.46	27.26	-42.18	51.80	-37.91	24.90
21470068	damage	bot-1512	bravo	bot-1516	alpha	five_seven	bullet	20.00	52.10	-33.08	35.64	-45.71	32.51	13.01
21470703	damage	bot-1512	bravo	bot-1513	alpha	five_seven	bullet	20.00	52.10	-33.15	35.61	-48.87	32.50	16.03
21472019	damage	bot-1502	alpha	bot-1514	bravo	cz_805_bren	bullet	24.00	48.45	15.06	-41.30	51.68	-32.44	37.68
21472133	damage	bot-1502	alpha	bot-1514	bravo	cz_805_bren	bullet	24.00	24.45	15.06	-41.30	51.80	-32.53	37.77
21472372	damage	bot-1502	alpha	bot-1514	bravo	cz_805_bren	bullet	24.00	0.45	15.05	-41.30	52.31	-33.00	38.17
21472484	kill	bot-1502	alpha	bot-1514	bravo	cz_805_bren	bullet	24.00	0.00	15.05	-41.30	52.73	-33.40	38.50
21473912	damage	bot-1512	bravo	bot-1516	alpha	five_seven	bullet	20.00	52.70	-35.15	35.27	-50.55	38.90	15.83
21474066	damage	bot-1512	bravo	bot-1516	alpha	five_seven	bullet	20.00	32.70	-35.14	35.26	-51.36	38.62	16.56
21474232	damage	bot-1512	bravo	bot-1516	alpha	five_seven	bullet	20.00	12.70	-35.14	35.26	-52.15	38.35	17.28
21476663	damage	bot-1490	alpha	bot-1470	bravo	five_seven	bullet	20.00	52.34	41.65	-41.10	53.04	-33.87	13.49
21480385	damage	bot-1490	alpha	bot-1470	bravo	five_seven	bullet	20.00	41.84	41.85	-41.91	60.89	-27.16	24.08
21481318	damage	bot-1490	alpha	bot-1470	bravo	five_seven	bullet	20.00	21.84	42.12	-41.85	63.21	-25.35	26.77
21485291	damage	bot-1512	bravo	bot-1513	alpha	five_seven	bullet	20.00	29.80	-49.07	32.62	-56.00	29.88	7.46
21485445	damage	bot-1512	bravo	bot-1513	alpha	five_seven	bullet	20.00	9.80	-49.07	32.62	-56.44	29.29	8.09
21486413	damage	bot-1513	alpha	bot-1510	bravo	five_seven	bullet	20.00	80.00	-58.93	30.86	-51.69	38.84	10.77
21486712	damage	bot-1513	alpha	bot-1510	bravo	five_seven	bullet	20.00	60.00	-59.76	32.27	-51.46	39.04	10.71
21486998	damage	bot-1513	alpha	bot-1510	bravo	five_seven	bullet	20.00	40.00	-60.18	32.00	-50.18	38.37	11.86
21488204	damage	bot-1513	alpha	bot-1512	bravo	five_seven	bullet	20.00	52.47	-60.96	29.72	-52.74	37.73	11.48
21488354	damage	bot-1513	alpha	bot-1512	bravo	five_seven	bullet	20.00	32.47	-60.65	29.46	-52.00	37.79	12.00
21488422	damage	bot-1490	alpha	bot-1472	bravo	five_seven	bullet	20.00	47.54	55.48	-40.21	68.88	-33.04	15.20
21488518	damage	bot-1513	alpha	bot-1512	bravo	five_seven	bullet	20.00	12.47	-60.26	29.16	-51.25	38.03	12.64
21488579	damage	bot-1490	alpha	bot-1472	bravo	five_seven	bullet	20.00	27.54	55.48	-40.20	69.75	-33.06	15.96
21488672	kill	bot-1513	alpha	bot-1512	bravo	five_seven	bullet	20.00	0.00	-59.82	28.81	-50.58	38.27	13.22
21492829	damage	bot-1510	bravo	bot-1519	alpha	cz_805_bren	bullet	24.00	76.00	-42.21	34.20	-53.70	27.99	13.06
21493003	damage	bot-1519	alpha	bot-1510	bravo	cz_805_bren	bullet	24.00	48.61	-53.70	27.99	-42.64	34.26	12.72
21493322	damage	bot-1510	bravo	bot-1519	alpha	cz_805_bren	bullet	24.00	52.00	-41.88	35.32	-53.54	27.97	13.79
21493523	damage	bot-1510	bravo	bot-1519	alpha	cz_805_bren	bullet	24.00	28.00	-41.60	35.72	-53.94	27.81	14.66
21494711	damage	bot-1519	alpha	bot-1510	bravo	cz_805_bren	bullet	24.00	24.61	-59.21	28.34	-39.91	37.63	21.42
21494822	damage	bot-1519	alpha	bot-1510	bravo	cz_805_bren	bullet	24.00	0.61	-59.19	28.37	-39.59	37.98	21.83
21494909	damage	bot-1490	alpha	bot-1472	bravo	five_seven	bullet	20.00	52.14	64.75	-34.73	73.84	-33.05	9.25
21494966	damage	bot-1472	bravo	bot-1490	alpha	m1911	bullet	33.00	39.32	73.87	-33.03	64.75	-34.73	9.28
21495410	damage	bot-1490	alpha	bot-1472	bravo	five_seven	bullet	20.00	32.14	63.71	-35.48	75.02	-31.99	11.84
21495554	damage	bot-1490	alpha	bot-1472	bravo	five_seven	bullet	20.00	12.14	62.99	-35.62	75.41	-31.63	13.04
21498961	damage	bot-1517	bravo	bot-1492	alpha	cz_805_bren	bullet	24.00	76.00	0.63	-29.75	47.82	-36.09	47.61
21499213	damage	bot-1517	bravo	bot-1492	alpha	cz_805_bren	bullet	24.00	52.00	0.63	-29.75	48.36	-36.03	48.14
21499340	damage	bot-1517	bravo	bot-1492	alpha	cz_805_bren	bullet	24.00	28.00	0.63	-29.75	48.81	-36.43	48.64
21501730	damage	bot-1472	bravo	bot-1507	alpha	m1911	bullet	33.00	67.00	72.43	-33.36	64.75	-36.38	8.25
21502087	damage	bot-1472	bravo	bot-1507	alpha	m1911	bullet	33.00	34.00	72.43	-33.36	65.74	-35.01	6.89
21502087	kill	bot-1510	bravo	bot-1513	alpha	cz_805_bren	bullet	24.00	0.00	-33.33	38.28	-52.31	29.97	20.71
21502654	kill	bot-1507	alpha	bot-1472	bravo	cz_805_bren	bullet	24.00	0.00	63.10	-35.58	71.62	-32.26	9.15
21511071	damage	bot-1517	bravo	bot-1492	alpha	cz_805_bren	bullet	24.00	71.58	19.90	-36.82	65.86	-37.43	45.96
21511207	damage	bot-1517	bravo	bot-1492	alpha	cz_805_bren	bullet	24.00	47.58	19.90	-36.82	65.55	-37.43	45.66
21511329	damage	bot-1517	bravo	bot-1492	alpha	cz_805_bren	bullet	24.00	23.58	19.90	-36.82	66.01	-37.03	46.11
21512063	damage	bot-1522	alpha	bot-1521	bravo	five_seven	bullet	20.00	80.00	-56.83	29.84	-48.30	32.43	8.92
21514193	damage	bot-1510	bravo	bot-1522	alpha	cz_805_bren	bullet	24.00	76.00	-50.06	23.50	-56.58	30.03	9.23
21514314	damage	bot-1510	bravo	bot-1522	alpha	cz_805_bren	bullet	24.00	52.00	-50.06	23.50	-56.58	30.03	9.23
21514455	damage	bot-1522	alpha	bot-1510	bravo	five_seven	bullet	20.00	48.00	-56.78	30.07	-50.23	23.88	9.01
21515131	damage	bot-1510	bravo	bot-1519	alpha	cz_805_bren	bullet	24.00	48.79	-47.80	23.45	-61.67	29.93	15.31
21515482	damage	bot-1510	bravo	bot-1519	alpha	cz_805_bren	bullet	24.00	24.79	-47.01	22.59	-62.21	29.81	16.82
21515603	damage	bot-1519	alpha	bot-1510	bravo	cz_805_bren	bullet	24.00	24.00	-62.65	29.57	-46.53	22.09	17.77
21515720	damage	bot-1510	bravo	bot-1519	alpha	cz_805_bren	bullet	24.00	0.79	-46.30	21.83	-63.12	29.34	18.42
21515720	damage	bot-1519	alpha	bot-1510	bravo	cz_805_bren	bullet	24.00	0.00	-63.12	29.34	-46.21	21.74	18.54
21516296	damage	bot-1522	alpha	bot-1521	bravo	five_seven	bullet	20.00	60.00	-62.10	35.83	-50.08	33.07	12.33
21516375	damage	bot-1520	bravo	bot-1522	alpha	m1911	bullet	33.00	19.00	-46.84	32.26	-62.33	36.03	15.94
21516457	kill	bot-1521	bravo	bot-1522	alpha	cz_805_bren	bullet	24.00	0.00	-49.68	32.88	-62.54	36.24	13.29
21523121	damage	bot-1490	alpha	bot-1518	bravo	five_seven	bullet	20.00	80.00	62.18	-36.49	34.95	-33.18	27.42
21523121	damage	bot-1497	alpha	bot-1518	bravo	five_seven	bullet	20.00	60.00	64.66	-37.16	34.95	-33.18	29.97
21534001	damage	bot-1525	alpha	bot-1523	bravo	five_seven	bullet	20.00	52.32	-63.82	28.52	-56.03	36.92	11.46
21534307	damage	bot-1523	bravo	bot-1525	alpha	cz_805_bren	bullet	24.00	76.00	-55.22	36.15	-63.82	28.52	11.50
21534307	damage	bot-1525	alpha	bot-1523	bravo	five_seven	bullet	20.00	32.32	-63.82	28.52	-55.14	36.09	11.51
21534548	damage	bot-1523	bravo	bot-1525	alpha	cz_805_bren	bullet	24.00	52.00	-54.44	35.48	-63.82	28.52	11.68
21534607	damage	bot-1525	alpha	bot-1523	bravo	five_seven	bullet	20.00	12.32	-63.85	28.44	-54.11	35.19	11.85
21536856	kill	bot-1527	bravo	bot-1490	alpha	m24	bullet	95.00	0.00	86.00	-47.14	70.71	-40.60	16.62
21536890	damage	bot-1497	alpha	bot-1517	bravo	five_seven	bullet	20.00	47.74	52.93	-34.39	40.92	-41.47	13.93
21537329	damage	bot-1497	alpha	bot-1517	bravo	five_seven	bullet	20.00	27.74	52.85	-34.44	38.69	-40.86	15.55
21537472	damage	bot-1497	alpha	bot-1517	bravo	five_seven	bullet	20.00	7.74	52.86	-34.44	37.97	-40.66	16.13
21537619	kill	bot-1497	alpha	bot-1517	bravo	five_seven	bullet	20.00	0.00	52.86	-34.44	37.30	-40.52	16.69
21542095	damage	bot-1524	bravo	bot-1526	alpha	five_seven	bullet	20.00	80.00	-46.22	32.34	-73.15	18.45	30.31
21542599	damage	bot-1524	bravo	bot-1526	alpha	five_seven	bullet	20.00	60.00	-45.64	32.69	-73.87	17.72	31.95
21542748	damage	bot-1524	bravo	bot-1526	alpha	five_seven	bullet	20.00	40.00	-45.64	32.69	-74.42	17.26	32.66
21542901	damage	bot-1524	bravo	bot-1526	alpha	five_seven	bullet	20.00	20.00	-45.64	32.69	-74.89	16.84	33.27
21547027	damage	bot-1502	alpha	bot-1528	bravo	cz_805_bren	bullet	24.00	76.00	71.44	-39.52	86.00	-46.64	16.20
21547156	damage	bot-1502	alpha	bot-1528	bravo	cz_805_bren	bullet	24.00	52.00	71.44	-39.52	86.00	-46.64	16.20
21549445	damage	bot-1525	alpha	bot-1523	bravo	five_seven	bullet	20.00	75.50	-54.68	25.53	-50.55	33.97	9.40
21549589	damage	bot-1525	alpha	bot-1523	bravo	five_seven	bullet	20.00	55.50	-54.68	25.53	-50.50	33.92	9.38
21549729	damage	bot-1523	bravo	bot-1525	alpha	cz_805_bren	bullet	24.00	48.10	-50.76	33.96	-54.68	25.53	9.30
21554003	damage	bot-1524	bravo	bot-1525	alpha	five_seven	bullet	20.00	52.13	-55.15	30.09	-58.94	21.01	9.84
21554147	damage	bot-1524	bravo	bot-1525	alpha	five_seven	bullet	20.00	32.13	-55.15	30.09	-59.13	20.83	10.08
21554309	damage	bot-1524	bravo	bot-1525	alpha	five_seven	bullet	20.00	12.13	-55.15	30.10	-59.48	20.47	10.55
21554478	kill	bot-1524	bravo	bot-1525	alpha	five_seven	bullet	20.00	0.00	-55.15	30.10	-60.04	19.90	11.31
21555460	damage	bot-1500	alpha	bot-1528	bravo	cz_805_bren	bullet	24.00	48.18	38.47	-39.20	86.81	-47.51	49.05
21556983	damage	bot-1500	alpha	bot-1531	bravo	cz_805_bren	bullet	24.00	76.00	35.68	-41.48	40.71	-41.67	5.03
21557100	damage	bot-1500	alpha	bot-1531	bravo	cz_805_bren	bullet	24.00	52.00	36.25	-41.21	40.15	-41.46	3.91
21557226	damage	bot-1500	alpha	bot-1531	bravo	cz_805_bren	bullet	24.00	28.00	36.83	-40.93	39.89	-40.87	3.06
21557588	damage	bot-1500	alpha	bot-1531	bravo	cz_805_bren	bullet	24.00	5.72	38.29	-40.00	39.36	-39.14	1.37
21557670	kill	bot-1492	alpha	bot-1531	bravo	m1911	bullet	33.00	0.00	36.96	-36.66	39.31	-38.86	3.22
21569760	damage	bot-1533	bravo	bot-1492	alpha	five_seven	bullet	20.00	48.28	84.67	-44.59	42.11	-39.35	42.88
21571538	damage	bot-1533	bravo	bot-1529	alpha	five_seven	bullet	20.00	52.28	83.88	-44.98	58.53	-42.49	25.47
21572468	damage	bot-1533	bravo	bot-1529	alpha	five_seven	bullet	20.00	32.28	83.80	-45.00	56.29	-40.36	27.90
21572644	damage	bot-1533	bravo	bot-1529	alpha	five_seven	bullet	20.00	12.28	83.81	-45.00	55.45	-40.14	28.77
21574929	damage	bot-1533	bravo	bot-1500	alpha	five_seven	bullet	20.00	52.64	82.34	-46.16	33.75	-41.64	48.81
21577705	kill	bot-1535	bravo	bot-1529	alpha	m24	bullet	95.00	0.00	83.99	-43.00	43.65	-30.66	42.19
21577806	damage	bot-1533	bravo	bot-1507	alpha	five_seven	bullet	20.00	17.55	79.49	-46.23	50.31	-37.01	30.60
21577948	kill	bot-1533	bravo	bot-1507	alpha	five_seven	bullet	20.00	0.00	79.49	-46.23	50.31	-37.01	30.60
21585740	damage	bot-1530	alpha	bot-1523	bravo	five_seven	bullet	20.00	52.09	5.52	25.95	-35.69	7.88	44.99
21587057	damage	bot-1530	alpha	bot-1523	bravo	five_seven	bullet	20.00	38.86	5.17	25.78	-39.50	7.73	48.18
21588269	damage	bot-1500	alpha	bot-1533	bravo	cz_805_bren	bullet	24.00	76.00	39.72	-45.06	64.92	-44.32	25.21
21588380	damage	bot-1500	alpha	bot-1533	bravo	cz_805_bren	bullet	24.00	52.00	39.72	-45.06	65.33	-44.19	25.62
21588500	damage	bot-1500	alpha	bot-1533	bravo	cz_805_bren	bullet	24.00	28.00	39.72	-45.06	65.70	-44.09	26.00
21594998	damage	bot-1500	alpha	bot-1535	bravo	cz_805_bren	bullet	24.00	76.00	43.62	-45.53	69.00	-43.12	25.50
21595112	damage	bot-1500	alpha	bot-1535	bravo	cz_805_bren	bullet	24.00	52.00	43.62	-45.53	69.00	-43.13	25.50
21595246	damage	bot-1500	alpha	bot-1535	bravo	cz_805_bren	bullet	24.00	28.00	43.60	-45.53	69.71	-43.12	26.22
21595387	damage	bot-1500	alpha	bot-1535	bravo	cz_805_bren	bullet	24.00	4.00	43.60	-45.53	70.27	-42.80	26.81
21595551	kill	bot-1500	alpha	bot-1535	bravo	cz_805_bren	bullet	24.00	0.00	43.60	-45.53	70.76	-42.51	27.33
21596060	damage	bot-1500	alpha	bot-1528	bravo	cz_805_bren	bullet	24.00	44.95	43.74	-45.58	69.42	-40.24	26.23
21596621	damage	bot-1536	alpha	bot-1524	bravo	cz_805_bren	bullet	24.00	76.00	-8.17	19.99	-36.68	12.15	29.56
21596962	damage	bot-1536	alpha	bot-1524	bravo	cz_805_bren	bullet	24.00	52.00	-8.14	20.00	-36.68	12.15	29.59
21597246	damage	bot-1523	bravo	bot-1536	alpha	cz_805_bren	bullet	24.00	76.00	-37.48	12.16	-8.14	20.00	30.37
21597385	damage	bot-1523	bravo	bot-1536	alpha	cz_805_bren	bullet	24.00	52.00	-37.48	12.16	-8.14	20.00	30.37
21597517	damage	bot-1523	bravo	bot-1536	alpha	cz_805_bren	bullet	24.00	28.00	-37.48	12.16	-7.98	20.21	30.57
21597936	damage	bot-1523	bravo	bot-1530	alpha	cz_805_bren	bullet	24.00	76.00	-37.47	12.16	-7.42	19.24	30.88
21598182	damage	bot-1523	bravo	bot-1530	alpha	cz_805_bren	bullet	24.00	52.00	-37.47	12.16	-7.11	19.52	31.24
21598329	damage	bot-1523	bravo	bot-1530	alpha	cz_805_bren	bullet	24.00	28.00	-37.45	12.16	-6.62	19.86	31.77
21599013	damage	bot-1500	alpha	bot-1538	bravo	cz_805_bren	bullet	24.00	76.00	44.32	-45.02	80.93	-47.52	36.70
21599149	damage	bot-1500	alpha	bot-1538	bravo	cz_805_bren	bullet	24.00	52.00	44.32	-45.02	80.93	-47.52	36.70
21604093	damage	bot-1537	alpha	bot-1527	bravo	five_seven	bullet	20.00	80.00	64.28	-46.46	77.49	-47.32	13.23
21604212	damage	bot-1527	bravo	bot-1537	alpha	five_seven	bullet	20.00	80.00	77.49	-47.32	64.28	-46.46	13.23
21604242	damage	bot-1537	alpha	bot-1527	bravo	five_seven	bullet	20.00	60.00	64.28	-46.46	77.49	-47.32	13.23
21604388	damage	bot-1537	alpha	bot-1527	bravo	five_seven	bullet	20.00	40.00	64.28	-46.46	77.70	-47.43	13.45
21605585	damage	bot-1537	alpha	bot-1538	bravo	five_seven	bullet	20.00	52.07	65.43	-46.37	80.60	-47.59	15.23
21605747	damage	bot-1537	alpha	bot-1538	bravo	five_seven	bullet	20.00	32.07	65.43	-46.37	79.87	-47.48	14.48
21605914	damage	bot-1537	alpha	bot-1538	bravo	five_seven	bullet	20.00	12.07	65.43	-46.37	79.20	-47.39	13.81
21606071	kill	bot-1537	alpha	bot-1538	bravo	five_seven	bullet	20.00	0.00	65.42	-46.37	78.49	-47.49	13.12
21606427	damage	bot-1500	alpha	bot-1527	bravo	cz_805_bren	bullet	24.00	32.28	54.31	-47.74	79.69	-48.54	25.40
21606657	damage	bot-1537	alpha	bot-1527	bravo	five_seven	bullet	20.00	16.48	65.99	-46.35	79.69	-48.54	13.87
21606821	kill	bot-1537	alpha	bot-1527	bravo	five_seven	bullet	20.00	0.00	65.99	-46.35	79.69	-48.54	13.87
21607755	damage	bot-1530	alpha	bot-1520	bravo	five_seven	bullet	20.00	52.29	-6.61	21.40	-30.97	20.89	24.36
21608263	kill	bot-1540	alpha	bot-1520	bravo	m24	bullet	95.00	0.00	-31.90	40.60	-32.35	22.28	18.32
21609446	damage	bot-1530	alpha	bot-1539	bravo	five_seven	bullet	20.00	56.71	-8.05	20.23	-36.36	13.84	29.03
21609593	damage	bot-1528	bravo	bot-1537	alpha	cz_805_bren	bullet	24.00	56.00	71.78	-36.54	72.18	-46.17	9.63
21609593	damage	bot-1530	alpha	bot-1539	bravo	five_seven	bullet	20.00	36.71	-8.05	20.23	-36.52	13.96	29.15
21611440	damage	bot-1530	alpha	bot-1524	bravo	five_seven	bullet	20.00	45.09	-8.08	20.15	-39.86	13.25	32.52
21611634	damage	bot-1530	alpha	bot-1524	bravo	five_seven	bullet	20.00	25.09	-8.08	20.15	-40.78	13.37	33.40
21611793	damage	bot-1530	alpha	bot-1524	bravo	five_seven	bullet	20.00	5.09	-8.08	20.15	-41.59	13.46	34.17
21611950	kill	bot-1530	alpha	bot-1524	bravo	five_seven	bullet	20.00	0.00	-8.07	20.15	-42.25	13.53	34.81
21612384	damage	bot-1530	alpha	bot-1539	bravo	five_seven	bullet	20.00	16.71	-8.07	20.12	-47.24	12.00	40.00
21612839	kill	bot-1530	alpha	bot-1539	bravo	five_seven	bullet	20.00	0.00	-8.06	20.12	-48.89	10.38	41.98
21613574	damage	bot-1523	bravo	bot-1536	alpha	cz_805_bren	bullet	24.00	48.32	-35.28	9.05	-14.89	20.35	23.32
21613712	damage	bot-1523	bravo	bot-1536	alpha	cz_805_bren	bullet	24.00	24.32	-35.28	9.05	-15.20	20.95	23.34
21613830	damage	bot-1523	bravo	bot-1536	alpha	cz_805_bren	bullet	24.00	0.32	-35.28	9.06	-15.44	21.40	23.36
21613952	kill	bot-1523	bravo	bot-1536	alpha	cz_805_bren	bullet	24.00	0.00	-35.27	9.06	-15.68	21.87	23.40
21614738	damage	bot-1537	alpha	bot-1528	bravo	five_seven	bullet	20.00	52.43	72.01	-48.18	73.37	-38.24	10.04
21614883	damage	bot-1537	alpha	bot-1528	bravo	five_seven	bullet	20.00	32.43	72.01	-48.18	73.08	-38.25	10.00
21615019	damage	bot-1528	bravo	bot-1537	alpha	cz_805_bren	bullet	24.00	48.66	73.01	-38.24	72.01	-48.18	10.00
21615072	damage	bot-1537	alpha	bot-1528	bravo	five_seven	bullet	20.00	12.43	71.93	-48.19	72.78	-38.18	10.05
21615217	kill	bot-1537	alpha	bot-1528	bravo	five_seven	bullet	20.00	0.00	71.63	-48.23	72.44	-38.12	10.14
21620717	damage	bot-1530	alpha	bot-1541	bravo	five_seven	bullet	20.00	80.00	-1.32	25.77	-30.99	15.48	31.40
21620874	damage	bot-1530	alpha	bot-1541	bravo	five_seven	bullet	20.00	60.00	-1.32	25.77	-30.99	15.48	31.40
21621019	damage	bot-1530	alpha	bot-1541	bravo	five_seven	bullet	20.00	40.00	-1.32	25.77	-31.16	15.40	31.59
21621224	damage	bot-1530	alpha	bot-1541	bravo	five_seven	bullet	20.00	20.00	-1.32	25.77	-31.64	15.20	32.11
21621404	kill	bot-1530	alpha	bot-1541	bravo	five_seven	bullet	20.00	0.00	-1.32	25.77	-32.09	15.01	32.60
21634066	damage	bot-1530	alpha	bot-1543	bravo	five_seven	bullet	20.00	80.00	-7.33	32.48	-20.20	18.21	19.21
21635397	damage	bot-1523	bravo	bot-1540	alpha	cz_805_bren	bullet	24.00	76.00	-36.00	10.38	-30.99	26.98	17.34
21645644	damage	bot-1530	alpha	bot-1543	bravo	five_seven	bullet	20.00	60.00	-15.84	22.04	-26.75	17.65	11.76
21646817	damage	bot-1530	alpha	bot-1543	bravo	five_seven	bullet	20.00	40.00	-16.61	21.47	-31.30	19.31	14.85
21646979	damage	bot-1530	alpha	bot-1543	bravo	five_seven	bullet	20.00	20.00	-16.61	21.47	-31.30	19.31	14.85
21647068	kill	bot-1540	alpha	bot-1543	bravo	m1911	bullet	33.00	0.00	-31.24	31.78	-31.30	19.31	12.48
21651322	damage	bot-1500	alpha	bot-1545	bravo	cz_805_bren	bullet	24.00	41.72	75.11	-7.82	60.48	14.74	26.89
21651438	damage	bot-1500	alpha	bot-1545	bravo	cz_805_bren	bullet	24.00	17.72	75.11	-7.82	60.67	14.97	26.98
21652518	damage	bot-1545	bravo	bot-1500	alpha	cz_805_bren	bullet	24.00	5.30	61.92	18.08	79.01	-7.71	30.94
21653093	damage	bot-1530	alpha	bot-1523	bravo	five_seven	bullet	20.00	52.05	-26.67	17.37	-41.37	9.56	16.64
21653348	damage	bot-1530	alpha	bot-1523	bravo	five_seven	bullet	20.00	32.05	-26.67	17.36	-41.73	9.19	17.13
21653500	damage	bot-1530	alpha	bot-1523	bravo	five_seven	bullet	20.00	12.05	-26.67	17.36	-42.25	8.64	17.86
21653671	kill	bot-1530	alpha	bot-1523	bravo	five_seven	bullet	20.00	0.00	-26.67	17.36	-42.66	8.15	18.45
21659514	damage	bot-1545	bravo	bot-1492	alpha	cz_805_bren	bullet	24.00	48.07	62.64	16.86	79.09	-7.31	29.24
21659630	damage	bot-1545	bravo	bot-1492	alpha	cz_805_bren	bullet	24.00	24.07	62.64	16.86	79.27	-7.38	29.40
21659758	damage	bot-1545	bravo	bot-1492	alpha	cz_805_bren	bullet	24.00	0.07	62.64	16.86	79.47	-7.45	29.57
21678672	damage	bot-1546	bravo	bot-1550	alpha	five_seven	bullet	20.00	80.00	78.43	-7.36	72.55	2.79	11.73
21678833	damage	bot-1546	bravo	bot-1550	alpha	five_seven	bullet	20.00	60.00	78.43	-7.36	72.60	2.68	11.61
21680228	damage	bot-1546	bravo	bot-1550	alpha	five_seven	bullet	20.00	40.00	78.17	-6.53	75.85	6.67	13.40
21680657	damage	bot-1546	bravo	bot-1550	alpha	five_seven	bullet	20.00	24.10	78.15	-6.50	75.85	6.67	13.37
21680800	damage	bot-1546	bravo	bot-1550	alpha	five_seven	bullet	20.00	6.62	78.15	-6.50	75.85	6.67	13.37
21680964	kill	bot-1546	bravo	bot-1550	alpha	five_seven	bullet	20.00	0.00	78.15	-6.50	75.85	6.67	13.37
21702069	damage	bot-1549	bravo	bot-1554	alpha	m24	bullet	95.00	5.00	-30.15	1.59	-32.77	45.04	43.53
21709716	damage	bot-1556	alpha	bot-1551	bravo	five_seven	bullet	20.00	80.00	-33.98	45.36	-31.72	-0.40	45.81
21709861	damage	bot-1556	alpha	bot-1551	bravo	five_seven	bullet	20.00	60.00	-33.98	45.36	-31.72	-0.40	45.81
21710179	damage	bot-1556	alpha	bot-1551	bravo	five_seven	bullet	20.00	40.00	-33.98	45.36	-32.09	-0.79	46.19
21710326	damage	bot-1556	alpha	bot-1551	bravo	five_seven	bullet	20.00	20.00	-33.98	45.36	-32.38	-1.12	46.50
21710482	kill	bot-1556	alpha	bot-1551	bravo	five_seven	bullet	20.00	0.00	-33.98	45.35	-32.68	-1.46	46.83
21710823	damage	bot-1556	alpha	bot-1549	bravo	five_seven	bullet	20.00	80.00	-33.97	45.36	-31.24	11.10	34.37
21710983	damage	bot-1556	alpha	bot-1549	bravo	five_seven	bullet	20.00	60.00	-33.97	45.36	-31.20	11.68	33.79
21711148	damage	bot-1556	alpha	bot-1549	bravo	five_seven	bullet	20.00	40.00	-33.97	45.36	-30.64	11.03	34.49
21711294	damage	bot-1556	alpha	bot-1549	bravo	five_seven	bullet	20.00	20.00	-33.97	45.36	-30.11	10.44	35.14
21711441	kill	bot-1556	alpha	bot-1549	bravo	five_seven	bullet	20.00	0.00	-33.97	45.37	-29.64	9.91	35.72
21730949	damage	bot-1556	alpha	bot-1558	bravo	five_seven	bullet	20.00	80.00	-36.18	10.91	4.78	10.89	40.96
21731673	damage	bot-1556	alpha	bot-1558	bravo	five_seven	bullet	20.00	60.00	-36.11	10.68	4.78	10.89	40.89
21731820	damage	bot-1556	alpha	bot-1558	bravo	five_seven	bullet	20.00	40.00	-36.11	10.68	4.83	10.96	40.94
21731970	damage	bot-1556	alpha	bot-1558	bravo	five_seven	bullet	20.00	20.00	-36.11	10.68	4.94	11.10	41.05
21732117	kill	bot-1556	alpha	bot-1558	bravo	five_seven	bullet	20.00	0.00	-36.11	10.68	5.16	11.40	41.27
21753835	damage	bot-1556	alpha	bot-1544	bravo	five_seven	bullet	20.00	75.23	-5.59	14.13	20.70	44.87	40.45
21754273	damage	bot-1556	alpha	bot-1544	bravo	five_seven	bullet	20.00	55.23	-5.59	14.13	20.70	44.87	40.45
21754434	damage	bot-1556	alpha	bot-1544	bravo	five_seven	bullet	20.00	35.23	-5.59	14.13	20.89	44.92	40.61
21754635	damage	bot-1556	alpha	bot-1544	bravo	five_seven	bullet	20.00	15.23	-5.59	14.13	21.40	45.10	41.08
21756465	damage	bot-1556	alpha	bot-1553	bravo	five_seven	bullet	20.00	80.00	-5.69	14.34	24.27	42.47	41.10
21756615	damage	bot-1553	bravo	bot-1556	alpha	cz_805_bren	bullet	24.00	62.56	24.28	42.49	-5.69	14.34	41.12
21756615	damage	bot-1556	alpha	bot-1553	bravo	five_seven	bullet	20.00	60.00	-5.69	14.34	24.28	42.49	41.12
21756786	damage	bot-1556	alpha	bot-1553	bravo	five_seven	bullet	20.00	40.00	-5.69	14.34	24.50	42.63	41.38
21756956	damage	bot-1556	alpha	bot-1553	bravo	five_seven	bullet	20.00	20.00	-5.69	14.34	25.06	42.72	41.85
21760224	damage	bot-1556	alpha	bot-1546	bravo	five_seven	bullet	20.00	80.00	-4.78	13.60	28.86	42.75	44.52
21760407	damage	bot-1556	alpha	bot-1546	bravo	five_seven	bullet	20.00	60.00	-4.78	13.60	29.15	42.81	44.77
21762548	damage	bot-1556	alpha	bot-1544	bravo	five_seven	bullet	20.00	75.31	-5.15	13.46	23.89	44.47	42.48
21762700	damage	bot-1556	alpha	bot-1544	bravo	five_seven	bullet	20.00	55.31	-5.15	13.46	23.89	44.47	42.48
21762987	damage	bot-1556	alpha	bot-1555	bravo	five_seven	bullet	20.00	80.00	-5.15	13.46	23.77	43.59	41.75
21763499	damage	bot-1556	alpha	bot-1555	bravo	five_seven	bullet	20.00	60.00	-5.15	13.46	24.77	45.08	43.53
21763860	damage	bot-1556	alpha	bot-1555	bravo	five_seven	bullet	20.00	40.00	-5.15	13.46	26.13	46.13	45.23
21766645	damage	bot-1556	alpha	bot-1557	bravo	five_seven	bullet	20.00	80.00	-4.72	14.02	29.27	33.74	39.30
21768428	damage	bot-1556	alpha	bot-1557	bravo	five_seven	bullet	20.00	60.00	-4.65	14.09	29.09	33.46	38.90
21768595	damage	bot-1556	alpha	bot-1557	bravo	five_seven	bullet	20.00	40.00	-4.65	14.09	29.31	33.64	39.18
21768737	damage	bot-1556	alpha	bot-1557	bravo	five_seven	bullet	20.00	20.00	-4.65	14.09	29.53	33.83	39.47
21769002	kill	bot-1556	alpha	bot-1557	bravo	five_seven	bullet	20.00	0.00	-4.65	14.09	30.21	34.39	40.34
21770320	damage	bot-1556	alpha	bot-1544	bravo	five_seven	bullet	20.00	52.10	-4.24	13.95	21.22	45.29	40.38
21770632	damage	bot-1556	alpha	bot-1544	bravo	five_seven	bullet	20.00	32.10	-4.24	13.94	21.85	45.94	41.29
21774061	damage	bot-1556	alpha	bot-1553	bravo	five_seven	bullet	20.00	52.13	-3.34	14.31	25.66	39.79	38.61
21774206	damage	bot-1556	alpha	bot-1553	bravo	five_seven	bullet	20.00	32.13	-3.34	14.31	25.84	39.83	38.77
21774351	damage	bot-1556	alpha	bot-1553	bravo	five_seven	bullet	20.00	12.13	-3.34	14.31	26.28	39.75	39.05
21774497	kill	bot-1556	alpha	bot-1553	bravo	five_seven	bullet	20.00	0.00	-3.34	14.31	26.97	39.95	39.70
21774707	damage	bot-1556	alpha	bot-1555	bravo	five_seven	bullet	20.00	52.49	-3.34	14.31	26.17	40.47	39.44
21774865	damage	bot-1555	bravo	bot-1556	alpha	five_seven	bullet	20.00	42.56	26.30	40.63	-3.34	14.31	39.65
21775431	damage	bot-1556	alpha	bot-1545	bravo	m1911	bullet	33.00	39.46	-1.63	13.89	19.38	26.81	24.66
21775785	damage	bot-1556	alpha	bot-1545	bravo	m1911	bullet	33.00	6.46	-0.15	13.55	18.28	28.08	23.47
21775970	damage	bot-1555	bravo	bot-1556	alpha	five_seven	bullet	20.00	22.56	29.73	44.51	0.84	13.29	42.53
21776506	kill	bot-1556	alpha	bot-1545	bravo	m1911	bullet	33.00	0.00	3.32	12.65	15.90	30.83	22.10
21776532	kill	bot-1555	bravo	bot-1556	alpha	m1911	bullet	33.00	0.00	30.33	45.19	3.54	12.60	42.19
21795692	damage	bot-1546	bravo	bot-1563	alpha	five_seven	bullet	20.00	80.00	19.83	31.76	52.29	4.58	42.34
21795833	damage	bot-1546	bravo	bot-1563	alpha	five_seven	bullet	20.00	60.00	19.83	31.76	52.29	4.58	42.34
21795979	damage	bot-1546	bravo	bot-1563	alpha	five_seven	bullet	20.00	40.00	19.83	31.76	52.47	4.43	42.58
21796291	damage	bot-1546	bravo	bot-1563	alpha	five_seven	bullet	20.00	20.00	19.83	31.76	53.58	3.52	44.00
21796457	kill	bot-1546	bravo	bot-1563	alpha	five_seven	bullet	20.00	0.00	19.83	31.76	54.15	3.05	44.74
21811185	damage	bot-1565	alpha	bot-1555	bravo	cz_805_bren	bullet	24.00	48.43	48.72	-12.09	31.82	11.95	29.39
21811483	damage	bot-1565	alpha	bot-1555	bravo	cz_805_bren	bullet	24.00	24.43	48.72	-12.09	30.99	12.33	30.18
21811624	damage	bot-1565	alpha	bot-1555	bravo	cz_805_bren	bullet	24.00	0.43	48.72	-12.09	30.32	12.50	30.72
21811839	kill	bot-1565	alpha	bot-1555	bravo	cz_805_bren	bullet	24.00	0.00	48.72	-12.09	29.87	12.71	31.16
21821114	damage	bot-1566	bravo	bot-1565	alpha	cz_805_bren	bullet	24.00	76.00	41.73	3.61	59.04	-10.35	22.24
21821482	damage	bot-1566	bravo	bot-1565	alpha	cz_805_bren	bullet	24.00	52.00	41.73	3.61	59.16	-10.37	22.34
21821673	damage	bot-1566	bravo	bot-1565	alpha	cz_805_bren	bullet	24.00	28.00	41.73	3.61	59.27	-10.75	22.67
21821873	damage	bot-1546	bravo	bot-1565	alpha	five_seven	bullet	20.00	8.00	35.14	2.76	59.49	-11.12	28.03
21830447	damage	bot-1547	alpha	bot-1546	bravo	cz_805_bren	bullet	24.00	48.25	24.90	-45.73	45.90	-7.50	43.62
21830604	damage	bot-1544	bravo	bot-1552	alpha	cz_805_bren	bullet	24.00	76.00	42.17	-3.75	19.55	-48.07	49.75
21830604	damage	bot-1547	alpha	bot-1546	bravo	cz_805_bren	bullet	24.00	24.25	24.90	-45.73	45.97	-7.42	43.73
21831274	damage	bot-1547	alpha	bot-1546	bravo	cz_805_bren	bullet	24.00	0.25	24.94	-45.84	46.83	-6.22	45.27
21831717	damage	bot-1548	alpha	bot-1544	bravo	five_seven	bullet	20.00	75.23	14.14	-43.94	42.12	-3.56	49.12
21831896	damage	bot-1548	alpha	bot-1544	bravo	five_seven	bullet	20.00	55.23	14.14	-43.94	42.05	-3.44	49.19
21832070	damage	bot-1548	alpha	bot-1544	bravo	five_seven	bullet	20.00	35.23	14.14	-43.94	42.05	-3.43	49.20
21834774	damage	bot-1530	alpha	bot-1544	bravo	five_seven	bullet	20.00	15.23	32.67	-43.05	47.71	2.07	47.56
21834924	kill	bot-1530	alpha	bot-1544	bravo	five_seven	bullet	20.00	0.00	32.67	-43.05	47.79	2.16	47.67
21842130	kill	bot-1562	bravo	bot-1542	alpha	m24	bullet	95.00	0.00	69.07	-12.61	22.48	-38.69	53.39
21843783	damage	bot-1566	bravo	bot-1530	alpha	cz_805_bren	bullet	24.00	36.35	65.34	-16.14	22.70	-38.94	48.36
21844071	damage	bot-1566	bravo	bot-1530	alpha	cz_805_bren	bullet	24.00	12.35	65.34	-16.14	21.88	-39.06	49.13
21844201	kill	bot-1566	bravo	bot-1530	alpha	cz_805_bren	bullet	24.00	0.00	65.34	-16.14	21.35	-39.22	49.67
21846564	damage	bot-1547	alpha	bot-1561	bravo	cz_805_bren	bullet	24.00	76.00	30.81	-39.15	62.93	-14.85	40.27
21846686	damage	bot-1547	alpha	bot-1561	bravo	cz_805_bren	bullet	24.00	52.00	30.81	-39.15	62.55	-15.18	39.77
21846798	damage	bot-1547	alpha	bot-1561	bravo	cz_805_bren	bullet	24.00	28.00	30.81	-39.15	63.09	-15.37	40.09
21847073	damage	bot-1547	alpha	bot-1561	bravo	cz_805_bren	bullet	24.00	4.00	30.81	-39.15	64.39	-15.14	41.28
21847340	kill	bot-1547	alpha	bot-1561	bravo	cz_805_bren	bullet	24.00	0.00	30.81	-39.15	65.59	-15.21	42.23
21849233	damage	bot-1546	bravo	bot-1547	alpha	five_seven	bullet	20.00	48.91	45.39	-14.04	33.58	-37.46	26.23
21849233	damage	bot-1566	bravo	bot-1547	alpha	cz_805_bren	bullet	24.00	24.91	60.60	-17.96	33.49	-37.57	33.46
21849398	damage	bot-1546	bravo	bot-1547	alpha	five_seven	bullet	20.00	4.91	45.38	-14.05	33.17	-37.97	26.86
21849398	kill	bot-1566	bravo	bot-1547	alpha	cz_805_bren	bullet	24.00	0.00	60.60	-17.96	33.00	-38.18	34.21
21850444	damage	bot-1546	bravo	bot-1568	alpha	five_seven	bullet	20.00	75.26	45.32	-14.86	17.01	-45.54	41.74
21850597	damage	bot-1546	bravo	bot-1568	alpha	five_seven	bullet	20.00	55.26	45.32	-14.86	17.01	-45.54	41.74
21851637	damage	bot-1560	bravo	bot-1559	alpha	cz_805_bren	bullet	24.00	54.59	56.12	-21.35	14.23	-42.06	46.73
21851779	damage	bot-1560	bravo	bot-1559	alpha	cz_805_bren	bullet	24.00	30.59	56.12	-21.35	14.03	-42.18	46.96
21851889	damage	bot-1560	bravo	bot-1559	alpha	cz_805_bren	bullet	24.00	6.59	56.12	-21.36	13.86	-42.27	47.14
21852012	kill	bot-1560	bravo	bot-1559	alpha	cz_805_bren	bullet	24.00	0.00	56.12	-21.36	13.32	-42.59	47.77
21856696	kill	bot-1562	bravo	bot-1548	alpha	m24	bullet	95.00	0.00	68.26	-14.02	15.06	-45.18	61.65
21874515	damage	bot-1560	bravo	bot-1568	alpha	cz_805_bren	bullet	24.00	71.06	19.86	-43.12	15.12	-46.54	5.85
21874515	damage	bot-1568	alpha	bot-1560	bravo	m1911	bullet	33.00	67.00	15.12	-46.54	19.86	-43.12	5.85
21874660	damage	bot-1560	bravo	bot-1568	alpha	cz_805_bren	bullet	24.00	47.06	19.86	-43.12	15.12	-46.55	5.85
21874778	damage	bot-1560	bravo	bot-1568	alpha	cz_805_bren	bullet	24.00	23.06	19.86	-43.12	14.47	-46.81	6.53
21874859	damage	bot-1568	alpha	bot-1560	bravo	m1911	bullet	33.00	34.00	14.06	-47.03	19.86	-43.12	7.00
21882047	damage	bot-1546	bravo	bot-1568	alpha	five_seven	bullet	20.00	52.64	19.41	-43.54	6.66	-44.02	12.76
21882225	damage	bot-1546	bravo	bot-1568	alpha	five_seven	bullet	20.00	32.64	19.46	-43.52	6.16	-44.04	13.31
21882411	damage	bot-1546	bravo	bot-1568	alpha	five_seven	bullet	20.00	12.64	19.46	-43.52	5.65	-44.06	13.83
21882604	kill	bot-1546	bravo	bot-1568	alpha	five_seven	bullet	20.00	0.00	19.46	-43.52	5.13	-44.09	14.34
21906330	damage	bot-1562	bravo	bot-1575	alpha	m24	bullet	95.00	5.00	4.02	-28.64	-61.34	6.03	73.98
21907639	damage	bot-1546	bravo	bot-1567	alpha	five_seven	bullet	20.00	80.00	2.52	-43.75	-36.58	-42.79	39.11
21908267	damage	bot-1546	bravo	bot-1567	alpha	five_seven	bullet	20.00	60.00	2.30	-43.88	-36.16	-42.85	38.48
21908882	damage	bot-1546	bravo	bot-1567	alpha	five_seven	bullet	20.00	40.00	2.19	-43.98	-38.16	-41.67	40.42
21911787	damage	bot-1546	bravo	bot-1573	alpha	five_seven	bullet	20.00	80.00	0.48	-44.44	-35.47	-40.84	36.13
21917606	damage	bot-1573	alpha	bot-1566	bravo	five_seven	bullet	20.00	80.00	-29.52	-42.54	1.62	-44.57	31.20
21917926	damage	bot-1546	bravo	bot-1572	alpha	five_seven	bullet	20.00	80.00	-6.85	-45.70	-30.03	-47.83	23.28
21919337	damage	bot-1573	alpha	bot-1560	bravo	five_seven	bullet	20.00	52.55	-30.13	-41.92	-9.57	-43.70	20.64
21919478	damage	bot-1573	alpha	bot-1560	bravo	five_seven	bullet	20.00	32.55	-30.13	-41.92	-9.96	-43.30	20.22
21919622	damage	bot-1573	alpha	bot-1560	bravo	five_seven	bullet	20.00	12.55	-30.13	-41.92	-10.37	-42.87	19.79
21919784	kill	bot-1573	alpha	bot-1560	bravo	five_seven	bullet	20.00	0.00	-30.13	-41.92	-10.85	-42.39	19.29
21920311	kill	bot-1573	alpha	bot-1546	bravo	five_seven	bullet	20.00	0.00	-30.11	-41.92	-2.72	-41.18	27.41
21922324	damage	bot-1572	alpha	bot-1566	bravo	cz_805_bren	bullet	24.00	52.71	-29.50	-48.15	3.56	-44.56	33.25
21922456	damage	bot-1572	alpha	bot-1566	bravo	cz_805_bren	bullet	24.00	28.71	-29.50	-48.15	3.23	-44.93	32.89
21927437	damage	bot-1573	alpha	bot-1566	bravo	five_seven	bullet	20.00	52.17	-17.60	-45.43	7.27	-48.12	25.01
21928085	damage	bot-1573	alpha	bot-1566	bravo	five_seven	bullet	20.00	32.17	-17.34	-45.46	9.11	-46.45	26.46
21931343	damage	bot-1567	alpha	bot-1564	bravo	five_seven	bullet	20.00	80.00	-17.72	-43.18	-12.29	-17.88	25.88
21931513	damage	bot-1567	alpha	bot-1564	bravo	five_seven	bullet	20.00	7.12	-17.75	-43.19	-12.19	-17.41	26.37
21932452	damage	bot-1566	bravo	bot-1573	alpha	cz_805_bren	bullet	24.00	56.00	8.43	-44.71	-7.78	-45.34	16.21
21932595	damage	bot-1566	bravo	bot-1573	alpha	cz_805_bren	bullet	24.00	32.00	8.43	-44.71	-8.03	-45.35	16.47
21932754	damage	bot-1566	bravo	bot-1573	alpha	cz_805_bren	bullet	24.00	8.00	8.43	-44.71	-8.38	-45.31	16.81
21932891	kill	bot-1566	bravo	bot-1573	alpha	cz_805_bren	bullet	24.00	0.00	8.43	-44.71	-9.18	-45.37	17.62
21933748	damage	bot-1566	bravo	bot-1572	alpha	cz_805_bren	bullet	24.00	56.00	8.41	-44.34	-9.18	-46.00	17.68
21933862	damage	bot-1566	bravo	bot-1572	alpha	cz_805_bren	bullet	24.00	32.00	8.41	-44.34	-9.37	-46.02	17.86
21933991	damage	bot-1566	bravo	bot-1572	alpha	cz_805_bren	bullet	24.00	8.00	8.41	-44.34	-9.55	-46.04	18.04
21934113	kill	bot-1566	bravo	bot-1572	alpha	cz_805_bren	bullet	24.00	0.00	8.41	-44.34	-10.11	-46.09	18.61
21934325	damage	bot-1567	alpha	bot-1564	bravo	five_seven	bullet	20.00	10.21	-16.91	-42.85	-15.83	-13.83	29.04
21934488	kill	bot-1567	alpha	bot-1564	bravo	five_seven	bullet	20.00	0.00	-16.91	-42.85	-15.83	-13.83	29.04
21937206	damage	bot-1566	bravo	bot-1570	alpha	cz_805_bren	bullet	24.00	22.74	8.95	-43.52	-19.58	-48.42	28.94
21937348	kill	bot-1566	bravo	bot-1570	alpha	cz_805_bren	bullet	24.00	0.00	8.95	-43.53	-19.58	-48.42	28.94
21956130	damage	bot-1567	alpha	bot-1566	bravo	five_seven	bullet	20.00	52.07	-17.68	-43.49	-14.65	-13.52	30.12
21961653	damage	bot-1567	alpha	bot-1566	bravo	five_seven	bullet	20.00	52.76	-16.13	-38.60	-15.33	-9.99	28.62
21962799	damage	bot-1562	bravo	bot-1580	alpha	m24	bullet	95.00	5.00	-48.23	11.92	-37.30	-26.25	39.71
21965881	damage	bot-1571	bravo	bot-1582	alpha	m24	bullet	95.00	5.00	-14.34	45.14	-13.65	-27.49	72.63
21976032	damage	bot-1581	bravo	bot-1582	alpha	five_seven	bullet	20.00	75.36	-12.02	22.79	-15.29	-27.05	49.95
21976184	damage	bot-1581	bravo	bot-1582	alpha	five_seven	bullet	20.00	55.36	-12.02	22.79	-15.29	-27.05	49.95
21976342	damage	bot-1581	bravo	bot-1582	alpha	five_seven	bullet	20.00	35.36	-12.02	22.79	-15.44	-26.96	49.87
21976407	damage	bot-1579	bravo	bot-1582	alpha	cz_805_bren	bullet	24.00	11.36	-13.07	22.94	-15.51	-26.92	49.91
21976670	kill	bot-1581	bravo	bot-1582	alpha	five_seven	bullet	20.00	0.00	-12.02	22.79	-16.69	-26.23	49.25
21976798	damage	bot-1567	alpha	bot-1578	bravo	five_seven	bullet	20.00	80.00	-14.57	-26.97	-14.25	22.86	49.84
21976940	damage	bot-1567	alpha	bot-1578	bravo	five_seven	bullet	20.00	60.00	-14.54	-26.95	-14.25	22.86	49.81
21977099	damage	bot-1567	alpha	bot-1578	bravo	five_seven	bullet	20.00	40.00	-14.54	-26.95	-14.50	22.96	49.91
21977347	damage	bot-1579	bravo	bot-1567	alpha	cz_805_bren	bullet	24.00	48.41	-13.05	22.98	-14.54	-26.95	49.95
21977469	damage	bot-1579	bravo	bot-1567	alpha	cz_805_bren	bullet	24.00	24.41	-13.05	22.98	-14.67	-26.84	49.85
21977606	damage	bot-1579	bravo	bot-1567	alpha	cz_805_bren	bullet	24.00	0.41	-13.05	22.98	-14.90	-26.67	49.69
21977855	kill	bot-1579	bravo	bot-1567	alpha	cz_805_bren	bullet	24.00	0.00	-13.05	22.98	-15.54	-26.32	49.36
21979290	damage	bot-1569	bravo	bot-1580	alpha	five_seven	bullet	20.00	52.34	-31.50	18.42	-29.54	-15.25	33.73
21984637	damage	bot-1580	alpha	bot-1562	bravo	m1911	bullet	33.00	67.00	-33.48	-16.15	-28.58	-12.85	5.91
21984668	damage	bot-1562	bravo	bot-1580	alpha	m1911	bullet	33.00	39.39	-28.58	-12.85	-33.48	-16.15	5.91
21985164	damage	bot-1580	alpha	bot-1562	bravo	m1911	bullet	33.00	34.00	-35.01	-14.67	-27.86	-13.66	7.22
21985493	damage	bot-1562	bravo	bot-1580	alpha	m1911	bullet	33.00	6.39	-26.89	-12.55	-36.05	-13.66	9.23
21985867	kill	bot-1571	bravo	bot-1580	alpha	m24	bullet	95.00	0.00	-21.31	12.81	-37.19	-12.48	29.86
21993944	damage	bot-1569	bravo	bot-1577	alpha	five_seven	bullet	20.00	80.00	-33.57	-8.95	-71.64	-41.31	49.96
21994045	damage	bot-1577	alpha	bot-1569	bravo	five_seven	bullet	20.00	80.00	-71.64	-41.31	-33.57	-8.95	49.96
21994107	damage	bot-1569	bravo	bot-1577	alpha	five_seven	bullet	20.00	60.00	-33.57	-8.95	-71.64	-41.31	49.96
21996442	damage	bot-1562	bravo	bot-1576	alpha	m24	bullet	95.00	5.00	-23.99	-8.88	-64.89	-38.01	50.22
21996442	kill	bot-1566	bravo	bot-1576	alpha	cz_805_bren	bullet	24.00	0.00	-26.40	-12.04	-64.89	-38.01	46.43
22001620	damage	bot-1569	bravo	bot-1577	alpha	five_seven	bullet	20.00	52.01	-37.63	-13.06	-73.92	-43.01	47.05
22002634	damage	bot-1562	bravo	bot-1585	alpha	m24	bullet	95.00	5.00	-26.91	-11.44	-73.25	-44.32	56.82
22013506	damage	bot-1581	bravo	bot-1574	alpha	five_seven	bullet	20.00	80.00	-42.81	-6.45	-73.61	-42.11	47.12
22013971	damage	bot-1581	bravo	bot-1574	alpha	five_seven	bullet	20.00	60.00	-42.81	-6.45	-73.62	-42.11	47.13
22014453	kill	bot-1562	bravo	bot-1577	alpha	m24	bullet	95.00	0.00	-38.31	-22.00	-73.91	-42.84	41.25
22016098	damage	bot-1581	bravo	bot-1587	alpha	five_seven	bullet	20.00	80.00	-42.77	-6.54	-70.55	-45.04	47.48
22016278	damage	bot-1581	bravo	bot-1587	alpha	five_seven	bullet	20.00	60.00	-42.77	-6.54	-70.76	-45.11	47.65
22016461	damage	bot-1581	bravo	bot-1587	alpha	five_seven	bullet	20.00	40.00	-42.77	-6.54	-70.45	-45.52	47.81
22019432	damage	bot-1587	alpha	bot-1562	bravo	cz_805_bren	bullet	24.00	48.52	-69.96	-45.73	-41.34	-20.04	38.46
22019546	damage	bot-1587	alpha	bot-1562	bravo	cz_805_bren	bullet	24.00	24.41	-69.96	-45.73	-40.83	-20.47	38.56
22019680	damage	bot-1587	alpha	bot-1562	bravo	cz_805_bren	bullet	24.00	0.41	-69.96	-45.73	-40.23	-20.98	38.69
22020517	damage	bot-1587	alpha	bot-1566	bravo	cz_805_bren	bullet	24.00	17.20	-69.94	-45.42	-38.45	-34.45	33.35
22020631	kill	bot-1587	alpha	bot-1566	bravo	cz_805_bren	bullet	24.00	0.00	-69.94	-45.42	-38.79	-34.79	32.92
22022619	damage	bot-1583	alpha	bot-1578	bravo	cz_805_bren	bullet	24.00	46.54	-62.84	-38.56	-31.93	-9.84	42.19
22024255	damage	bot-1579	bravo	bot-1583	alpha	cz_805_bren	bullet	24.00	76.00	-26.88	-10.55	-62.46	-38.72	45.39
22024943	damage	bot-1579	bravo	bot-1583	alpha	cz_805_bren	bullet	24.00	52.00	-26.81	-10.62	-62.31	-38.75	45.29
22026516	damage	bot-1579	bravo	bot-1575	alpha	cz_805_bren	bullet	24.00	48.29	-26.82	-11.10	-68.19	-35.24	47.90
22028936	damage	bot-1579	bravo	bot-1587	alpha	cz_805_bren	bullet	24.00	48.61	-27.61	-11.95	-61.34	-39.13	43.32
22036738	kill	bot-1571	bravo	bot-1575	alpha	m24	bullet	95.00	0.00	-49.68	-22.08	-73.72	-40.08	30.03
22038297	damage	bot-1587	alpha	bot-1581	bravo	cz_805_bren	bullet	24.00	76.00	-67.97	-46.67	-55.24	-35.27	17.08
22038418	damage	bot-1587	alpha	bot-1581	bravo	cz_805_bren	bullet	24.00	52.00	-67.97	-46.67	-55.21	-35.19	17.16
22039037	damage	bot-1562	bravo	bot-1574	alpha	m1911	bullet	33.00	39.42	-51.72	-32.98	-72.50	-45.63	24.33
22044333	damage	bot-1562	bravo	bot-1583	alpha	m1911	bullet	33.00	35.27	-56.55	-36.12	-65.99	-48.26	15.38
22044685	damage	bot-1562	bravo	bot-1583	alpha	m1911	bullet	33.00	8.58	-56.55	-36.12	-65.99	-48.26	15.37
22045038	kill	bot-1562	bravo	bot-1583	alpha	m1911	bullet	33.00	0.00	-56.55	-36.12	-65.89	-48.13	15.21
22045389	damage	bot-1562	bravo	bot-1584	alpha	m1911	bullet	33.00	45.10	-56.55	-36.12	-65.76	-47.72	14.81
22045462	damage	bot-1584	alpha	bot-1562	bravo	five_seven	bullet	20.00	75.45	-65.65	-47.65	-56.55	-36.12	14.69
22045634	damage	bot-1584	alpha	bot-1562	bravo	five_seven	bullet	20.00	55.45	-65.61	-47.60	-56.60	-36.16	14.56
22050735	damage	bot-1571	bravo	bot-1584	alpha	five_seven	bullet	20.00	52.03	-57.15	-36.78	-64.66	-47.03	12.71
22050875	damage	bot-1571	bravo	bot-1584	alpha	five_seven	bullet	20.00	32.03	-57.16	-36.77	-64.02	-46.77	12.13
22051227	damage	bot-1579	bravo	bot-1574	alpha	cz_805_bren	bullet	24.00	48.06	-42.51	-34.48	-72.94	-45.96	32.53
22053032	kill	bot-1594	bravo	bot-1574	alpha	cz_805_bren	bullet	24.00	0.00	-77.38	-46.88	-80.18	-47.55	2.88
22053056	damage	bot-1587	alpha	bot-1571	bravo	cz_805_bren	bullet	24.00	75.86	-64.61	-48.36	-58.29	-37.30	12.73
22053172	damage	bot-1587	alpha	bot-1571	bravo	cz_805_bren	bullet	24.00	51.86	-64.61	-48.36	-58.36	-37.41	12.60
22053172	damage	bot-1594	bravo	bot-1585	alpha	cz_805_bren	bullet	24.00	19.27	-78.21	-47.17	-81.78	-48.66	3.87
22053199	damage	bot-1593	alpha	bot-1590	bravo	cz_805_bren	bullet	24.00	76.00	-47.85	-4.58	-32.27	-13.29	17.85
22053306	damage	bot-1587	alpha	bot-1571	bravo	cz_805_bren	bullet	24.00	27.86	-64.61	-48.36	-57.96	-36.74	13.38
22053306	kill	bot-1594	bravo	bot-1585	alpha	cz_805_bren	bullet	24.00	0.00	-78.86	-47.39	-82.51	-48.53	3.83
22053329	damage	bot-1593	alpha	bot-1590	bravo	cz_805_bren	bullet	24.00	52.00	-47.85	-4.58	-31.96	-13.37	18.16
22053432	damage	bot-1587	alpha	bot-1571	bravo	cz_805_bren	bullet	24.00	3.86	-64.61	-48.36	-57.42	-36.24	14.08
22053458	damage	bot-1593	alpha	bot-1590	bravo	cz_805_bren	bullet	24.00	28.00	-47.85	-4.58	-31.75	-13.37	18.34
22053534	damage	bot-1571	bravo	bot-1587	alpha	five_seven	bullet	20.00	5.08	-57.16	-36.00	-64.61	-48.36	14.43
22053592	damage	bot-1593	alpha	bot-1590	bravo	cz_805_bren	bullet	24.00	4.00	-47.85	-4.58	-31.45	-13.37	18.61
22053681	kill	bot-1571	bravo	bot-1587	alpha	five_seven	bullet	20.00	0.00	-56.50	-35.49	-64.61	-48.36	15.21
22053724	kill	bot-1593	alpha	bot-1590	bravo	cz_805_bren	bullet	24.00	0.00	-47.85	-4.58	-30.80	-13.41	19.20
22054090	damage	bot-1593	alpha	bot-1579	bravo	cz_805_bren	bullet	24.00	36.32	-47.85	-4.58	-46.90	-36.51	31.94
22054358	damage	bot-1593	alpha	bot-1579	bravo	cz_805_bren	bullet	24.00	12.32	-47.85	-4.58	-47.24	-36.66	32.09
22054481	kill	bot-1593	alpha	bot-1579	bravo	cz_805_bren	bullet	24.00	0.00	-47.85	-4.58	-47.66	-36.87	32.29
22056460	damage	bot-1593	alpha	bot-1581	bravo	cz_805_bren	bullet	24.00	48.00	-48.03	-6.72	-56.96	-34.43	29.11
22056588	damage	bot-1593	alpha	bot-1581	bravo	cz_805_bren	bullet	24.00	24.00	-48.03	-6.72	-57.53	-34.68	29.52
22056824	damage	bot-1593	alpha	bot-1581	bravo	cz_805_bren	bullet	24.00	0.00	-48.03	-6.72	-57.91	-35.55	30.47
22056983	kill	bot-1593	alpha	bot-1581	bravo	cz_805_bren	bullet	24.00	0.00	-48.03	-6.72	-58.04	-36.06	31.00
22057883	damage	bot-1593	alpha	bot-1562	bravo	cz_805_bren	bullet	24.00	57.98	-48.06	-7.88	-58.96	-35.30	29.51
22057912	damage	bot-1562	bravo	bot-1593	alpha	m1911	bullet	33.00	67.00	-58.96	-35.30	-48.06	-7.88	29.51
22058003	damage	bot-1593	alpha	bot-1562	bravo	cz_805_bren	bullet	24.00	33.98	-48.06	-7.88	-59.09	-35.41	29.65
22058246	damage	bot-1593	alpha	bot-1562	bravo	cz_805_bren	bullet	24.00	9.98	-48.06	-7.88	-59.61	-35.90	30.31
22058356	kill	bot-1593	alpha	bot-1562	bravo	cz_805_bren	bullet	24.00	0.00	-48.06	-7.88	-59.98	-36.25	30.78
22064531	damage	bot-1595	bravo	bot-1584	alpha	five_seven	bullet	20.00	52.12	-70.01	-47.54	-60.64	-46.88	9.39
22064653	damage	bot-1584	alpha	bot-1595	bravo	five_seven	bullet	20.00	80.00	-60.26	-47.14	-70.01	-47.54	9.76
22064708	damage	bot-1596	alpha	bot-1571	bravo	five_seven	bullet	20.00	52.04	-50.20	-11.49	-56.66	-36.54	25.87
22064867	damage	bot-1596	alpha	bot-1571	bravo	five_seven	bullet	20.00	32.04	-50.21	-11.49	-57.38	-36.59	26.10
22067010	damage	bot-1584	alpha	bot-1571	bravo	five_seven	bullet	20.00	14.41	-58.04	-48.55	-61.89	-41.02	8.45
22067169	kill	bot-1584	alpha	bot-1571	bravo	five_seven	bullet	20.00	0.00	-58.03	-48.54	-61.89	-41.02	8.46
22067393	damage	bot-1584	alpha	bot-1595	bravo	five_seven	bullet	20.00	60.00	-58.03	-48.54	-64.74	-43.23	8.56
22067547	damage	bot-1584	alpha	bot-1595	bravo	five_seven	bullet	20.00	40.00	-58.03	-48.54	-64.84	-43.34	8.57
22067547	damage	bot-1595	bravo	bot-1584	alpha	five_seven	bullet	20.00	48.91	-64.84	-43.34	-58.09	-48.54	8.52
22067776	damage	bot-1584	alpha	bot-1595	bravo	five_seven	bullet	20.00	20.00	-57.88	-48.55	-65.23	-43.72	8.80
22067776	damage	bot-1595	bravo	bot-1584	alpha	five_seven	bullet	20.00	28.91	-65.23	-43.72	-57.67	-48.55	8.97
22068017	kill	bot-1584	alpha	bot-1595	bravo	five_seven	bullet	20.00	0.00	-57.07	-48.57	-65.70	-44.16	9.70
22073449	damage	bot-1596	alpha	bot-1597	bravo	five_seven	bullet	20.00	80.00	-59.10	-22.73	-70.98	-44.26	24.58
22073536	damage	bot-1584	alpha	bot-1597	bravo	five_seven	bullet	20.00	60.00	-63.35	-46.54	-71.15	-44.35	8.10
22081895	damage	bot-1594	bravo	bot-1584	alpha	cz_805_bren	bullet	24.00	4.91	-73.44	-48.58	-72.74	-39.96	8.65
22082021	kill	bot-1594	bravo	bot-1584	alpha	cz_805_bren	bullet	24.00	0.00	-73.44	-48.58	-72.32	-39.59	9.06
22096818	damage	bot-1596	alpha	bot-1594	bravo	five_seven	bullet	20.00	52.26	-63.09	-38.09	-72.23	-46.87	12.67
22096972	damage	bot-1596	alpha	bot-1594	bravo	five_seven	bullet	20.00	32.26	-63.09	-38.10	-72.99	-47.23	13.46
22100744	damage	bot-1594	bravo	bot-1592	alpha	cz_805_bren	bullet	24.00	76.00	-80.46	-48.63	-69.13	-47.34	11.40
22101002	damage	bot-1594	bravo	bot-1592	alpha	cz_805_bren	bullet	24.00	52.00	-80.72	-48.62	-68.27	-48.21	12.45
22105643	damage	bot-1604	alpha	bot-1599	bravo	five_seven	bullet	20.00	80.00	-45.76	-25.73	-21.64	-8.11	29.87
22106872	damage	bot-1604	alpha	bot-1599	bravo	five_seven	bullet	20.00	60.00	-45.33	-25.31	-22.14	-8.53	28.62
22107024	damage	bot-1604	alpha	bot-1599	bravo	five_seven	bullet	20.00	40.00	-45.32	-25.31	-21.90	-8.58	28.78
22107199	damage	bot-1604	alpha	bot-1599	bravo	five_seven	bullet	20.00	20.00	-45.32	-25.31	-21.44	-8.70	29.09
22107349	kill	bot-1604	alpha	bot-1599	bravo	five_seven	bullet	20.00	0.00	-45.32	-25.31	-20.72	-8.89	29.58
22107919	damage	bot-1604	alpha	bot-1603	bravo	five_seven	bullet	20.00	62.01	-45.32	-25.31	-24.60	-8.63	26.60
22108019	damage	bot-1601	bravo	bot-1604	alpha	cz_805_bren	bullet	24.00	76.00	-22.50	-12.40	-45.32	-25.31	26.22
22108077	damage	bot-1604	alpha	bot-1603	bravo	five_seven	bullet	20.00	42.01	-45.32	-25.31	-24.59	-8.60	26.63
22108230	damage	bot-1604	alpha	bot-1603	bravo	five_seven	bullet	20.00	22.01	-45.32	-25.31	-24.44	-8.39	26.88
22108262	damage	bot-1601	bravo	bot-1604	alpha	cz_805_bren	bullet	24.00	52.00	-22.50	-12.40	-45.32	-25.31	26.23
22108443	damage	bot-1601	bravo	bot-1604	alpha	cz_805_bren	bullet	24.00	28.00	-22.50	-12.39	-45.50	-25.19	26.32
22108572	damage	bot-1601	bravo	bot-1604	alpha	cz_805_bren	bullet	24.00	4.00	-22.50	-12.39	-45.87	-24.92	26.53
22108663	damage	bot-1598	alpha	bot-1594	bravo	m1911	bullet	33.00	39.13	-70.82	-42.61	-75.38	-42.68	4.55
22108706	kill	bot-1601	bravo	bot-1604	alpha	cz_805_bren	bullet	24.00	0.00	-22.50	-12.38	-46.34	-24.61	26.80
22110094	damage	bot-1594	bravo	bot-1592	alpha	cz_805_bren	bullet	24.00	71.68	-80.23	-47.41	-69.43	-47.29	10.80
22110220	damage	bot-1594	bravo	bot-1592	alpha	cz_805_bren	bullet	24.00	47.68	-80.23	-47.41	-69.33	-47.33	10.90
22110285	damage	bot-1592	alpha	bot-1594	bravo	cz_805_bren	bullet	24.00	15.13	-69.29	-47.29	-80.23	-47.41	10.94
22115914	damage	bot-1593	alpha	bot-1594	bravo	cz_805_bren	bullet	24.00	48.01	-75.88	-35.41	-75.74	-47.51	12.11
22116047	damage	bot-1593	alpha	bot-1594	bravo	cz_805_bren	bullet	24.00	24.01	-75.88	-35.41	-76.37	-47.66	12.26
22117200	damage	bot-1603	bravo	bot-1593	alpha	five_seven	bullet	20.00	47.00	-33.63	-7.24	-75.56	-32.33	48.86
22117488	damage	bot-1603	bravo	bot-1593	alpha	five_seven	bullet	20.00	27.00	-33.63	-7.24	-75.44	-32.69	48.95
22117782	damage	bot-1603	bravo	bot-1593	alpha	five_seven	bullet	20.00	7.00	-33.63	-7.24	-75.31	-33.93	49.49
22119537	damage	bot-1601	bravo	bot-1596	alpha	cz_805_bren	bullet	24.00	76.00	-27.75	-18.23	-71.36	-42.37	49.85
22119664	damage	bot-1601	bravo	bot-1596	alpha	cz_805_bren	bullet	24.00	52.00	-27.75	-18.23	-71.62	-41.89	49.85
22119664	damage	bot-1603	bravo	bot-1596	alpha	five_seven	bullet	20.00	32.00	-35.47	-8.19	-71.62	-41.89	49.42
22120811	damage	bot-1594	bravo	bot-1596	alpha	cz_805_bren	bullet	24.00	8.00	-80.20	-47.95	-75.29	-45.77	5.37
22120931	kill	bot-1594	bravo	bot-1596	alpha	cz_805_bren	bullet	24.00	0.00	-80.57	-48.05	-75.94	-46.15	5.01
22123052	damage	bot-1603	bravo	bot-1598	alpha	five_seven	bullet	20.00	80.00	-37.17	-11.18	-68.96	-46.46	47.49
22123239	damage	bot-1603	bravo	bot-1598	alpha	five_seven	bullet	20.00	60.00	-37.17	-11.18	-68.96	-46.46	47.49
22123412	damage	bot-1603	bravo	bot-1598	alpha	five_seven	bullet	20.00	40.00	-37.17	-11.18	-69.05	-46.48	47.56
22123587	damage	bot-1603	bravo	bot-1598	alpha	five_seven	bullet	20.00	20.00	-37.17	-11.17	-69.26	-46.51	47.73
22123756	kill	bot-1603	bravo	bot-1598	alpha	five_seven	bullet	20.00	0.00	-37.17	-11.17	-69.69	-46.57	48.07
22138320	damage	bot-1592	alpha	bot-1610	bravo	cz_805_bren	bullet	24.00	76.00	-62.80	-40.00	-56.87	-35.11	7.69
22147364	damage	bot-1592	alpha	bot-1610	bravo	cz_805_bren	bullet	24.00	52.00	-56.12	-39.25	-54.91	-37.03	2.53
22147535	damage	bot-1592	alpha	bot-1610	bravo	cz_805_bren	bullet	24.00	28.00	-56.39	-39.79	-54.91	-37.03	3.13
22147705	damage	bot-1592	alpha	bot-1610	bravo	cz_805_bren	bullet	24.00	4.00	-56.46	-40.24	-54.91	-37.03	3.57
22147857	kill	bot-1592	alpha	bot-1610	bravo	cz_805_bren	bullet	24.00	0.00	-56.68	-40.66	-54.91	-37.03	4.04
22149023	damage	bot-1607	bravo	bot-1592	alpha	cz_805_bren	bullet	24.00	42.73	-48.83	-40.21	-58.19	-38.76	9.47
22149146	damage	bot-1607	bravo	bot-1592	alpha	cz_805_bren	bullet	24.00	18.73	-48.83	-40.21	-58.38	-38.60	9.69
22149782	kill	bot-1603	bravo	bot-1592	alpha	five_seven	bullet	20.00	0.00	-56.28	-35.56	-60.21	-37.11	4.22
36413651	kill	bot-1606	alpha	bot-1594	bravo	m24	bullet	95.00	0.00	46.69	5.02	-24.82	-9.58	72.98