t_ms	bot_id	team	code	changed_slots	x	z	yaw_deg	speed	moved	goal_dist	path_len	path_mode
0	bot-115	alpha	P00r-4320	initial	-11.25	-16.82	233	0.35			0	
0	bot-116	alpha	P00m-2200	initial	-15.90	-16.26	355	0.00			0	
0	bot-137	alpha	P00r-4310	initial	-11.09	-18.05	14	0.19			0	
0	bot-140	alpha	P00r-4310	initial	-13.62	-16.02	302	0.00			0	
0	bot-146	alpha	P00r-4310	initial	-11.10	-17.45	150	0.22			0	
0	bot-149	alpha	P00r-4310	initial	-11.26	-19.61	167	0.00			0	
0	bot-160	bravo	D00r--000	initial	9.62	-16.09	311	0.00		5.60	0	
0	bot-170	bravo	D00m--0A0	initial	-5.86	-10.78	144	0.00			0	
0	bot-171	bravo	D00r--000	initial	-12.21	9.52	237	0.00		12.81	0	
0	bot-175	bravo	D00r--000	initial	-11.33	-7.07	126	0.00		5.12	0	
0	bot-181	bravo	S00r-4320	initial	6.48	-6.54	78	2.47		14.41	3	seek
0	bot-183	bravo	D00m--0A0	initial	7.86	-15.17	316	0.00		4.43	0	
0	bot-185	alpha	D00r--000	initial	-9.69	-24.25	333	0.00			0	
0	bot-186	bravo	S00r-4420	initial	9.67	-7.85	71	2.45		8.87	2	seek
0	bot-189	alpha	D00m--000	initial	22.19	-3.27	256	0.00		3.38	0	
0	bot-190	alpha	D00r--000	initial	9.73	21.88	214	0.00		4.27	0	
0	bot-191	bravo	D00r--000	initial	11.84	-17.46	69	0.00		5.50	0	
0	bot-192	alpha	D00r--000	initial	14.15	-14.64	287	0.00		5.38	0	
0	bot-193	bravo	S00r-4320	initial	9.52	-6.48	59	1.13		33.60	4	seek
0	bot-194	alpha	D00r--000	initial	3.36	-10.27	125	0.00		3.98	0	
0	bot-195	alpha	D00m--000	initial	20.88	-4.71	347	0.00		5.31	0	
0	bot-196	bravo	P00m-34B0	initial	2.40	-5.91	357	1.97		6.30	1	squad
0	bot-197	alpha	D00r--000	initial	-1.93	4.14	3	0.00		6.32	0	
0	bot-198	bravo	D00r--000	initial	16.15	-7.91	9	0.00		6.41	0	
0	bot-199	alpha	D00r--000	initial	13.90	-16.56	284	0.00		1.93	0	
0	bot-200	alpha	D00r--000	initial	-16.04	21.74	293	0.00		3.71	0	
0	bot-201	bravo	A00r-4420	initial	10.00	-4.05	80	0.01			0	
0	bot-202	alpha	D00m--000	initial	22.62	-13.06	259	0.00		5.31	0	
0	bot-203	alpha	D00r--000	initial	-24.45	-1.71	55	0.00		2.74	0	
0	bot-204	bravo	D00r--000	initial	-14.18	9.56	228	0.00			0	
0	bot-205	alpha	D00r--000	initial	21.88	23.85	160	0.00			0	
0	bot-206	bravo	P00m-4420	initial	6.00	-12.53	126	2.42		2.57	1	squad
0	bot-207	alpha	D00r--000	initial	21.05	19.74	187	0.00		3.40	0	
0	bot-208	bravo	D00r--000	initial	23.93	8.76	327	0.00		3.21	0	
0	bot-209	alpha	M33m-34E0	initial	23.75	23.91	66	0.00		0.33	0	grenade
0	bot-210	bravo	D00r--000	initial	22.52	23.52	187	0.00		0.75	0	
0	bot-211	alpha	E33r-3120	initial	21.93	21.62	41	3.90		3.23	1	grenade
0	bot-212	bravo	D00r--000	initial	20.60	22.53	337	0.00		1.79	0	
0	bot-213	bravo	S00m-4420	initial	-2.89	-6.98	78	2.21		20.94	3	seek
0	bot-214	bravo	A00r-3410	initial	14.63	-7.36	14	0.00			0	
238	bot-209	alpha	T33m-34E0	state	23.75	23.91	66	0.00	0.00	0.33	0	grenade
291	bot-214	bravo	A00r-341G	latches	14.63	-7.36	15	0.00	0.00		0	
344	bot-193	bravo	A00r-4320	state	9.83	-6.05	25	2.23	0.53	33.08	4	seek
361	bot-193	bravo	A00r-432G	latches	9.84	-6.05	25	0.11	0.00		0	
377	bot-186	bravo	A00r-4420	state	10.48	-7.50	71	2.34	0.88	7.99	2	seek
394	bot-186	bravo	A00r-442G	latches	10.48	-7.50	68	0.02	0.00		0	
523	bot-214	bravo	S00r-3410	state+latches	14.63	-7.36	15	0.00	0.00		0	
558	bot-214	bravo	A00r-3410	state	14.64	-7.31	10	1.02	0.04	32.60	4	seek
608	bot-193	bravo	S00r-4320	state+latches	9.84	-6.05	25	0.16	0.00		0	
627	bot-186	bravo	S00r-4420	state+latches	10.48	-7.50	68	0.00	0.00		0	
627	bot-214	bravo	A00r-341G	latches	14.64	-7.32	17	0.10	0.01		0	
673	bot-214	bravo	A00r-3410	latches	14.64	-7.32	16	0.00	0.00		0	
927	bot-193	bravo	A00r-4320	state	10.16	-5.69	41	2.27	0.48	32.62	4	seek
944	bot-193	bravo	A00r-432G	latches	10.16	-5.69	37	0.00	0.00		0	
994	bot-181	bravo	A00r-4320	state	8.75	-5.85	67	2.26	2.38	12.04	3	seek
994	bot-186	bravo	A00r-4420	state	10.80	-7.05	35	2.15	0.56	30.20	4	seek
1012	bot-115	alpha	P00r-4320	tick	-11.28	-16.85	116	0.29	0.04		0	
1012	bot-116	alpha	P00m-2200	tick	-15.90	-16.26	355	0.00	0.00		0	
1012	bot-137	alpha	P00r-4310	tick	-11.09	-18.05	14	0.00	0.01		0	
1012	bot-140	alpha	P00r-4310	tick	-13.62	-16.02	302	0.00	0.00		0	
1012	bot-146	alpha	P00r-4310	tick	-11.10	-17.45	150	0.00	0.01		0	
1012	bot-149	alpha	P00r-4310	tick	-11.26	-19.61	167	0.00	0.01		0	
1012	bot-181	bravo	A00r-432G	latches	8.75	-5.86	64	0.09	0.00		0	
1012	bot-186	bravo	A00r-442G	latches	10.80	-7.05	31	0.00	0.00		0	
1012	bot-196	bravo	P00m-34B0	tick	3.31	-3.95	25	2.25	2.16	5.39	1	squad
1012	bot-201	bravo	A00r-4420	tick	10.00	-4.05	27	0.00	0.00		0	
1012	bot-206	bravo	P00m-4420	tick	8.42	-12.89	100	2.42	2.45	2.11	1	squad
1012	bot-211	alpha	E33r-3120	tick	23.79	23.33	74	0.00	2.52	0.77	0	grenade
1012	bot-213	bravo	S00m-4420	tick	-0.47	-6.98	76	2.41	2.42	18.58	3	seek
1097	bot-196	bravo	S00m-34B0	state	3.39	-3.81	27	2.22	0.16	5.23	1	squad
1097	bot-206	bravo	S00m-4420	state	8.59	-12.89	98	2.42	0.17	1.94	1	squad
1177	bot-193	bravo	S00r-4320	state+latches	10.16	-5.69	37	0.00	0.00		0	
1244	bot-209	alpha	T33m-34E0	tick	23.76	23.92	66	0.00	0.01	0.32	0	grenade
1261	bot-181	bravo	S00r-4320	state+latches	8.75	-5.86	64	0.00	0.00		0	
1261	bot-186	bravo	S00r-4420	state+latches	10.80	-7.05	31	0.14	0.00		0	
1461	bot-193	bravo	A00r-4320	state	10.45	-5.42	29	2.32	0.40	31.49	4	seek
1480	bot-193	bravo	F00r-4320	state	10.45	-5.42	25	0.06	0.00		0	
1509	bot-193	bravo	A00r-432G	state+latches	10.45	-5.42	24	0.00	0.00		0	
1578	bot-186	bravo	A00r-4420	state	11.10	-6.71	25	2.25	0.45	30.64	4	seek
1597	bot-186	bravo	A00r-442G	latches	11.10	-6.71	23	0.00	0.00		0	
1644	bot-181	bravo	A00r-4320	state	9.14	-5.40	27	2.17	0.60	33.01	5	seek
1660	bot-181	bravo	A00r-432G	latches	9.14	-5.40	27	0.00	0.00		0	
1677	bot-214	bravo	A00r-3410	tick	14.63	-7.33	16	0.00	0.00		0	
1744	bot-193	bravo	S00r-4320	state+latches	10.46	-5.42	24	0.00	0.00		0	
1844	bot-186	bravo	S00r-4420	state+latches	11.10	-6.72	23	0.00	0.00		0	
1867	bot-211	alpha	D00r--000	state+tier+score+ammo+health+packs	23.80	23.32	74	0.00	0.01	0.77	0	grenade
1878	bot-189	alpha	D00m--000	tick	22.19	-3.27	256	0.00	0.00	3.38	0	
1878	bot-181	bravo	S00r-4320	state+latches	9.14	-5.40	27	0.00	0.00		0	
1878	bot-201	bravo	S00r-4420	state	10.00	-4.05	27	0.00	0.00		0	
1878	bot-209	alpha	E36m-32E0	state+score+health	23.76	23.92	66	0.00	0.00		0	
1896	bot-186	bravo	P00r-4420	state	11.15	-6.68	25	1.22	0.06	30.58	4	seek
1896	bot-209	alpha	E36m-32E9	latches	23.56	23.93	66	5.64	0.20	2.51	1	flee
1911	bot-181	bravo	P00r-4320	state	9.16	-5.37	27	1.20	0.04	32.97	4	seek
1911	bot-201	bravo	A00r-4420	state	10.02	-4.01	25	1.02	0.03	30.94	4	seek
1944	bot-201	bravo	A00r-442G	latches	10.02	-4.02	26	0.23	0.00		0	
1944	bot-215	alpha	P00r-0410	initial	18.05	20.55	0	0.00			0	
1963	bot-215	alpha	P36r-4410	tier+score+ammo	18.05	20.55	0	0.00	0.00		0	
2028	bot-115	alpha	P00r-4320	tick	-11.16	-16.82	177	0.32	0.12		0	
2028	bot-116	alpha	P00m-2200	tick	-15.90	-16.26	355	0.00	0.00		0	
2028	bot-137	alpha	P00r-4310	tick	-11.09	-18.05	14	0.00	0.00		0	
2028	bot-140	alpha	P00r-4310	tick	-13.62	-16.02	302	0.00	0.00		0	
2028	bot-146	alpha	P00r-4310	tick	-11.10	-17.45	150	0.00	0.00		0	
2028	bot-149	alpha	P00r-4310	tick	-11.25	-19.61	167	0.00	0.00		0	
2028	bot-193	bravo	A00r-4320	state	10.75	-5.15	20	2.20	0.39	31.14	4	seek
2028	bot-213	bravo	S00m-4420	tick	1.93	-6.98	74	2.36	2.40	16.27	3	seek
2044	bot-193	bravo	F00r-4320	state	10.75	-5.15	23	0.04	0.00		0	
2044	bot-193	bravo	F00r-3320	ammo	10.75	-5.15	23	0.00	0.00		1	muzzleRecovery
2061	bot-193	bravo	P00r-3320	state	10.75	-5.15	23	1.26	0.00		1	muzzleRecovery
2081	bot-193	bravo	A00r-3320	state	10.77	-5.14	26	0.00	0.02		0	muzzleRecovery
2100	bot-196	bravo	S00m-34B0	tick	5.22	-2.20	31	2.35	2.44	28.43	5	seek
2100	bot-206	bravo	S00m-4420	tick	9.81	-10.74	22	2.44	2.47	37.41	5	seek
2119	bot-193	bravo	A00r-332G	latches	10.77	-5.15	22	0.01	0.00		0	
2185	bot-201	bravo	S00r-4420	state+latches	10.02	-4.02	26	0.00	0.00		0	
2207	bot-186	bravo	A00r-4420	state	10.77	-6.48	315	1.93	0.42	4.33	1	squad
2219	bot-186	bravo	A00r-442G	latches	10.77	-6.48	320	0.00	0.00		0	
2327	bot-209	alpha	E36m-32E0	latches	21.30	24.04	66	0.11	2.26		0	
2360	bot-193	bravo	S00r-3320	state+latches	10.77	-5.15	22	0.00	0.00		0	
2360	bot-209	alpha	E35m-32E0	score	21.30	24.04	66	0.00	0.00		0	
2360	bot-215	alpha	P35r-4410	score	19.04	20.75	77	2.38	1.00	4.22	1	squad
2460	bot-186	bravo	S00r-4420	state+latches	10.77	-6.48	320	0.00	0.00		0	
2477	bot-209	alpha	E34m-32E0	score	21.30	24.04	66	0.05	0.00		0	
2477	bot-215	alpha	P34r-4410	score	19.30	20.82	70	2.32	0.27	2.07	1	squad
2611	bot-193	bravo	A00r-3320	state	10.91	-4.88	18	2.01	0.30	30.50	4	seek
2611	bot-209	alpha	E33m-32E0	score	21.30	24.04	66	0.00	0.00		0	
2611	bot-215	alpha	P33r-4410	score	19.58	20.94	74	2.32	0.31	1.76	1	squad
2627	bot-193	bravo	F00r-3320	state	10.91	-4.88	20	0.00	0.00		0	
2644	bot-193	bravo	U00r-3320	state	10.91	-4.88	20	0.00	0.00		0	
2661	bot-193	bravo	U00r-332G	latches	10.92	-4.85	20	1.13	0.04	19.90	3	pursue
2677	bot-214	bravo	F00r-3410	state	14.63	-7.33	12	0.00	0.00		0	
2677	bot-215	alpha	P34r-4410	score	19.73	21.00	76	2.33	0.15	1.60	1	squad
2694	bot-209	alpha	E34m-31E0	score+health	21.30	24.04	66	0.00	0.00		0	
2694	bot-214	bravo	A00r-3410	state	14.63	-7.33	12	0.00	0.00		0	
2788	bot-186	bravo	A00r-4420	state	11.17	-6.21	31	2.18	0.49	30.28	4	seek
2788	bot-193	bravo	U00r-3320	latches	10.98	-4.72	20	1.14	0.15	19.76	3	pursue
2788	bot-214	bravo	F00r-3410	state	14.63	-7.33	12	0.00	0.00		0	
2788	bot-215	alpha	P35r-4410	score	19.96	21.09	79	2.34	0.26	1.35	1	squad
2805	bot-186	bravo	A00r-442G	latches	11.17	-6.21	26	0.00	0.00		0	
2805	bot-209	alpha	E35m-30E0	score+health	21.30	24.04	66	0.00	0.00		0	
2805	bot-214	bravo	A00r-3410	state	14.63	-7.33	12	0.00	0.00		0	
2839	bot-209	alpha	H35m-30E0	state	21.30	24.04	66	0.00	0.00		0	
2890	bot-193	bravo	A00r-3320	state	11.07	-4.61	20	3.52	0.14	19.62	3	pursue
2901	bot-214	bravo	F00r-3410	state	14.63	-7.33	12	0.00	0.00		0	
2901	bot-214	bravo	P00r-3410	state	14.63	-7.33	12	0.00	0.00		0	
2901	bot-209	alpha	D00m--0A0	state+tier+score+ammo+packs	21.30	24.04	87	0.00	0.00		0	
2901	bot-215	alpha	P37r-4410	score	20.21	21.20	83	2.31	0.26	1.08	1	squad
2914	bot-190	alpha	D00r--000	tick	9.73	21.88	214	0.00	0.00	4.27	0	
2914	bot-181	bravo	P00r-4320	tick	10.22	-7.40	114	2.50	2.29	18.83	3	patrolReentry
2914	bot-186	bravo	P00r-4420	state+latches	11.17	-6.21	26	0.00	0.00		0	
2914	bot-214	bravo	S00r-3410	state	14.63	-7.33	12	0.00	0.00		0	
2931	bot-214	bravo	P00r-3410	state	14.64	-7.32	9	0.85	0.01	31.75	4	seek
2948	bot-201	bravo	P00r-4420	state	10.65	-2.90	19	2.11	1.29	26.32	4	seek
3034	bot-115	alpha	P00r-4320	tick	-11.21	-16.82	26	0.32	0.05		0	
3034	bot-116	alpha	P00m-2200	tick	-15.90	-16.26	355	0.00	0.00		0	
3034	bot-137	alpha	P00r-4310	tick	-11.09	-18.05	14	0.00	0.00		0	
3034	bot-140	alpha	P00r-4310	tick	-13.62	-16.03	302	0.00	0.00		0	
3034	bot-146	alpha	P00r-4310	tick	-11.09	-17.45	150	0.00	0.00		0	
3034	bot-149	alpha	P00r-4310	tick	-11.25	-19.61	167	0.00	0.00		0	
3034	bot-213	bravo	S00m-4420	tick	4.32	-6.71	72	2.41	2.41	13.90	2	seek
3115	bot-196	bravo	S00m-34B0	tick	6.94	-0.68	34	2.33	2.30	26.24	5	seek
3115	bot-206	bravo	S00m-4420	tick	11.06	-8.75	25	2.38	2.36	35.10	5	seek
3199	bot-214	bravo	A00r-3410	state	14.95	-7.53	67	2.40	0.38	0.73	1	packseek
3266	bot-186	bravo	A00r-4420	state	11.18	-6.21	26	0.00	0.00		0	
3299	bot-186	bravo	A00r-442G	latches	11.18	-6.21	19	0.00	0.00		0	
3535	bot-186	bravo	S00r-4420	state+latches	11.18	-6.21	19	0.00	0.00		0	
3554	bot-214	bravo	A00r-341G	latches	14.95	-7.54	11	0.00	0.01		0	
3802	bot-214	bravo	S00r-3410	state+latches	14.95	-7.54	11	0.00	0.00		0	
3828	bot-186	bravo	A00r-4420	state	11.43	-5.95	19	2.11	0.37	27.55	4	seek
3844	bot-206	bravo	A00m-4420	state	12.29	-7.82	20	1.99	1.54	33.80	5	seek
3844	bot-214	bravo	A00r-3410	state	14.95	-7.49	12	1.08	0.05	32.22	4	seek
3861	bot-186	bravo	A00r-442G	latches	11.43	-5.95	18	0.00	0.00		0	
3861	bot-206	bravo	A00m-442G	latches	12.29	-7.82	17	0.00	0.00		0	
3897	bot-193	bravo	A00r-3320	tick	11.07	-4.61	19	0.00	0.01		0	
3897	bot-214	bravo	A00r-341G	latches	14.95	-7.50	11	0.03	0.01		0	
3897	bot-215	alpha	P37r-4420	packs	20.84	23.39	24	1.33	2.29	0.69	8	patrol
3918	bot-181	bravo	P00r-4320	tick	11.62	-9.19	143	2.44	2.27	16.56	3	patrolReentry
3934	bot-193	bravo	A00r-332G	latches	11.07	-4.61	19	0.00	0.00		0	
3953	bot-201	bravo	P00r-4420	tick	12.85	-4.00	111	2.46	2.47	4.08	1	squad
3992	bot-213	bravo	P00m-4420	state	6.53	-6.19	71	2.42	2.27	11.64	2	seek
4035	bot-115	alpha	P00r-4320	tick	-11.27	-16.82	265	0.27	0.06		0	
4035	bot-116	alpha	P00m-2200	tick	-15.90	-16.26	355	0.00	0.00		0	
4035	bot-137	alpha	P00r-4310	tick	-11.09	-18.06	14	0.00	0.01		0	
4035	bot-140	alpha	P00r-4310	tick	-13.62	-16.03	302	0.00	0.00		0	
4035	bot-146	alpha	P00r-4310	tick	-11.09	-17.46	150	0.00	0.01		0	
4035	bot-149	alpha	P00r-4310	tick	-11.25	-19.61	167	0.00	0.00		0	
4102	bot-186	bravo	S00r-4420	state+latches	11.43	-5.95	18	0.00	0.00		0	
4102	bot-206	bravo	S00m-4420	state+latches	12.29	-7.82	17	0.00	0.00		0	
4118	bot-196	bravo	S00m-34B0	tick	8.76	0.93	28	2.45	2.43	23.95	5	seek
4135	bot-214	bravo	S00r-3410	state+latches	14.95	-7.50	11	0.00	0.00		0	
4169	bot-193	bravo	S00r-3320	state+latches	11.07	-4.62	19	0.00	0.00		0	
4319	bot-214	bravo	A00r-3410	state	14.95	-7.31	4	1.06	0.19	32.05	4	seek
4403	bot-186	bravo	A00r-4420	state	11.72	-5.67	19	2.07	0.40	28.31	4	seek
4436	bot-214	bravo	A00r-341G	latches	14.95	-7.31	10	0.00	0.00		0	
4453	bot-186	bravo	A00r-442G	latches	11.72	-5.67	16	0.01	0.00		0	
4453	bot-215	alpha	A37r-4420	state	20.20	23.08	272	1.33	0.72	1.29	8	patrol
4570	bot-206	bravo	A00m-4420	state	12.52	-7.19	17	1.82	0.67	32.67	4	seek
4587	bot-206	bravo	A00m-442G	latches	12.52	-7.19	14	0.00	0.00		0	
4670	bot-214	bravo	S00r-3410	state+latches	14.95	-7.31	10	0.00	0.00		0	
4687	bot-186	bravo	S00r-4420	state+latches	11.72	-5.68	16	0.01	0.00		0	
4687	bot-214	bravo	A00r-3410	state	14.95	-7.30	6	0.93	0.02	31.45	4	seek
4838	bot-206	bravo	S00m-4420	state+latches	12.52	-7.20	14	0.00	0.00		0	
4871	bot-215	alpha	A36r-4420	score	20.19	23.09	191	0.00	0.00		0	
4921	bot-181	bravo	P00r-4320	tick	13.32	-10.66	158	2.14	2.24	14.35	3	patrolReentry
4955	bot-186	bravo	A00r-4420	state	11.86	-5.38	25	2.04	0.33	27.82	4	seek
4955	bot-201	bravo	P00r-4420	tick	14.72	-5.53	130	2.44	2.41	1.51	1	squad
5005	bot-213	bravo	P00m-4420	tick	8.87	-5.47	62	2.35	2.45	10.92	2	squad
5022	bot-193	bravo	A00r-3320	state	11.69	-3.23	15	2.14	1.52	28.25	4	seek
5038	bot-115	alpha	P00r-4320	tick	-11.14	-16.87	49	0.20	0.14		0	
5038	bot-116	alpha	P00m-2200	tick	-15.90	-16.26	355	0.00	0.00		0	
5038	bot-137	alpha	P00r-4310	tick	-11.09	-18.07	14	0.00	0.01		0	
5038	bot-140	alpha	P00r-4310	tick	-13.62	-16.03	302	0.00	0.00		0	
5038	bot-146	alpha	P00r-4310	tick	-11.09	-17.47	150	0.00	0.01		0	
5038	bot-149	alpha	P00r-4310	tick	-11.25	-19.61	167	0.00	0.00		0	
5038	bot-186	bravo	A00r-442G	latches	11.86	-5.38	16	0.00	0.00		0	
5122	bot-196	bravo	S00m-34B0	tick	10.69	2.48	30	2.48	2.47	21.70	4	seek
5155	bot-206	bravo	A00m-4420	state	12.63	-6.85	16	1.74	0.36	32.16	4	seek
5172	bot-206	bravo	A00m-442G	latches	12.63	-6.85	14	0.00	0.00		0	
5206	bot-214	bravo	F00r-3410	state	14.95	-7.30	10	0.00	0.01		0	
5206	bot-214	bravo	F00r-2410	ammo	14.95	-7.30	10	0.00	0.00		0	
5206	bot-215	alpha	A37r-4320	score+health	20.19	23.09	198	0.00	0.00		0	
5222	bot-214	bravo	A00r-2410	state	14.95	-7.30	10	0.00	0.00		0	
5273	bot-186	bravo	S00r-4420	state+latches	11.86	-5.38	16	0.00	0.00		0	
5323	bot-214	bravo	F00r-2410	state	14.95	-7.30	10	0.00	0.00		0	
5323	bot-215	alpha	E38r-4220	state+score+health	20.19	23.09	198	0.07	0.00		0	
5342	bot-214	bravo	A00r-2410	state	14.95	-7.30	10	0.00	0.00		0	
5342	bot-215	alpha	E38r-4229	latches	20.21	23.14	198	1.68	0.06	0.97	1	flee
5419	bot-206	bravo	S00m-4420	state+latches	12.63	-6.86	14	0.00	0.00		0	
5440	bot-214	bravo	F00r-2410	state	14.95	-7.30	10	0.00	0.00		0	
5440	bot-215	alpha	E39r-4129	score+health	20.27	23.30	198	1.65	0.16	0.80	1	flee
5462	bot-214	bravo	A00r-2410	state	14.95	-7.30	10	0.00	0.00		0	
5478	bot-186	bravo	A00r-4420	state	11.95	-5.18	25	1.14	0.23	27.60	4	seek
5527	bot-186	bravo	F00r-4420	state	11.95	-5.18	16	0.09	0.00		0	
5544	bot-186	bravo	A00r-442G	state+latches	11.95	-5.18	16	0.00	0.00		0	
5560	bot-186	bravo	A00r-4420	latches	11.95	-5.18	16	0.00	0.00		0	
5560	bot-214	bravo	F00r-2410	state	14.95	-7.30	10	0.00	0.00		0	
5560	bot-215	alpha	E39r-4029	health	20.38	23.59	198	5.10	0.32	0.49	1	flee
5577	bot-214	bravo	A00r-2410	state	14.95	-7.30	10	0.00	0.00		0	
5627	bot-215	alpha	E39r-4020	latches	20.44	23.75	198	0.00	0.17		0	
5644	bot-186	bravo	F00r-4420	state	11.95	-5.18	16	0.00	0.00		0	
5644	bot-186	bravo	P00r-4420	state	11.95	-5.18	16	0.00	0.00		0	
5644	bot-215	alpha	D00r--000	state+tier+score+ammo+packs	20.44	23.75	198	0.00	0.00		0	
5644	bot-193	bravo	S00r-3320	state	11.69	-3.23	18	0.00	0.00		0	
5644	bot-214	bravo	P00r-2410	state	14.95	-7.30	10	0.00	0.00		0	
5678	bot-170	bravo	D00m--0A0	tick	-5.86	-10.78	144	0.00	0.00		0	
5678	bot-193	bravo	P00r-3320	state	11.70	-3.21	16	1.18	0.02	28.37	4	seek
5927	bot-181	bravo	P00r-4320	tick	15.07	-12.16	129	2.39	2.31	12.10	3	patrolReentry
5960	bot-201	bravo	P00r-4420	tick	16.67	-6.96	157	2.44	2.42	2.17	1	squad
6010	bot-213	bravo	P00m-4420	tick	11.26	-5.13	73	2.44	2.41	9.90	2	squad
6044	bot-115	alpha	P00r-4320	tick	-11.23	-16.79	356	0.16	0.12		0	
6044	bot-116	alpha	P00m-2200	tick	-15.90	-16.26	355	0.00	0.00		0	
6044	bot-137	alpha	P00r-4310	tick	-11.09	-18.06	5	0.00	0.00		0	
6044	bot-140	alpha	P00r-4310	tick	-13.62	-16.03	302	0.00	0.00		0	
6044	bot-146	alpha	P00r-4310	tick	-11.09	-17.46	150	0.00	0.00		0	
6044	bot-149	alpha	P00r-4310	tick	-11.24	-19.61	167	0.00	0.00		0	
6127	bot-196	bravo	S00m-34B0	tick	13.06	3.34	21	2.49	2.53	19.97	4	seek
6259	bot-214	bravo	P00r-2420	packs	14.89	-8.09	220	1.09	0.79	0.67	1	packseek
6434	bot-206	bravo	S00m-4420	tick	13.65	-5.49	15	2.19	1.70	30.58	4	seek
6644	bot-186	bravo	P00r-4420	tick	13.23	-6.92	147	2.51	2.16	6.16	1	squad
6711	bot-193	bravo	P00r-3320	tick	12.40	-5.32	197	2.11	2.22	9.86	2	squad
6911	bot-181	bravo	S00r-4320	state	16.72	-13.72	115	2.22	2.27	9.89	2	patrolReentry
6911	bot-186	bravo	S00r-4420	state	13.63	-7.42	147	2.49	0.64	6.67	1	squad
6962	bot-201	bravo	P00r-4420	tick	18.47	-8.58	119	2.40	2.42	2.21	1	squad
6962	bot-216	alpha	P00r-0410	initial	1.05	-14.95	0	0.00			0	
6988	bot-214	bravo	A00r-2420	state	15.02	-8.62	209	2.47	0.55	8.36	2	squad
6988	bot-216	alpha	P00r-4410	ammo	1.05	-14.95	0	0.00	0.00		0	
7000	bot-193	bravo	A00r-3320	state	12.26	-5.97	173	2.49	0.66	10.62	1	squad
7012	bot-213	bravo	P00m-4420	tick	13.44	-5.91	103	2.22	2.32	10.27	2	squad
7012	bot-216	alpha	C00r-4410	state	1.14	-14.95	10	2.42	0.09		5	patrol
7029	bot-115	alpha	S00r-4320	state	-11.15	-16.80	357	0.33	0.08		0	
7029	bot-115	alpha	P00r-4320	state	-11.15	-16.80	357	0.33	0.00		0	
7029	bot-137	alpha	S00r-4310	state	-11.09	-18.07	5	0.00	0.00		0	
7029	bot-137	alpha	P00r-4310	state	-11.09	-18.07	5	0.00	0.00		0	
7029	bot-140	alpha	S00r-4310	state	-13.62	-16.03	302	0.00	0.00		0	
7029	bot-140	alpha	P00r-4310	state	-13.62	-16.03	302	0.00	0.00		0	
7029	bot-146	alpha	S00r-4310	state	-11.08	-17.47	150	0.00	0.00		0	
7029	bot-146	alpha	P00r-4310	state	-11.08	-17.47	150	0.00	0.00		0	
7029	bot-149	alpha	S00r-4310	state	-11.24	-19.61	167	0.00	0.01		0	
7029	bot-149	alpha	P00r-4310	state	-11.24	-19.61	167	0.00	0.00		0	
7029	bot-216	alpha	C00r-4412	latches	1.28	-14.95	17	4.64	0.13		5	patrol
7053	bot-116	alpha	P00m-2200	tick	-15.90	-16.26	355	0.00	0.00		0	
7146	bot-196	bravo	S00m-34B0	tick	14.92	4.65	11	2.47	2.27	18.14	2	seek
7298	bot-201	bravo	A00r-4420	state	17.94	-8.99	190	2.46	0.67	6.96	1	squad
7363	bot-213	bravo	A00m-4420	state	13.17	-6.16	165	2.61	0.37	7.95	1	squad
7447	bot-206	bravo	S00m-4420	tick	14.28	-3.22	9	2.41	2.36	28.22	4	seek
7752	bot-201	bravo	A00r-442G	latches	17.94	-9.00	242	0.00	0.00		0	
7798	bot-214	bravo	A00r-242G	latches	15.01	-8.63	234	0.00	0.02		0	
7832	bot-216	alpha	G00r-4412	state	4.27	-16.68	37	4.68	3.46	0.38	1	cover
7866	bot-213	bravo	A00m-442G	latches	13.16	-6.17	220	0.00	0.01		0	
7882	bot-193	bravo	A00r-332G	latches	12.25	-5.97	215	0.00	0.00		0	
7882	bot-216	alpha	G00r-441I	latches	4.55	-16.95	32	0.06	0.38		0	
7917	bot-181	bravo	S00r-4320	tick	17.13	-11.28	10	2.41	2.48	33.36	5	seek
7917	bot-186	bravo	S00r-4420	tick	14.61	-5.86	12	1.96	1.84	27.56	4	seek
7985	bot-201	bravo	S00r-4420	state+latches	17.94	-9.00	242	0.00	0.00		0	
8032	bot-115	alpha	P00r-4320	tick	-11.17	-16.83	152	0.37	0.04		0	
8032	bot-137	alpha	P00r-4310	tick	-11.09	-18.06	2	0.00	0.01		0	
8032	bot-140	alpha	P00r-4310	tick	-13.62	-16.02	302	0.00	0.00		0	
8032	bot-146	alpha	P00r-4310	tick	-11.08	-17.46	150	0.00	0.01		0	
8032	bot-149	alpha	P00r-4310	tick	-11.24	-19.61	167	0.00	0.00		0	
8032	bot-214	bravo	S00r-2420	state+latches	15.00	-8.63	234	0.00	0.00		0	
8066	bot-116	alpha	P00m-2200	tick	-15.90	-16.26	355	0.00	0.00		0	
8117	bot-193	bravo	S00r-3320	state+latches	12.25	-5.97	215	0.00	0.00		0	
8117	bot-213	bravo	S00m-4420	state+latches	13.16	-6.17	220	0.00	0.00		0	
8117	bot-216	alpha	G00r-4412	latches	4.55	-16.95	14	0.07	0.00		0	
8152	bot-196	bravo	S00m-34B0	tick	15.42	7.09	17	2.42	2.49	15.66	2	seek
8465	bot-206	bravo	S00m-4420	tick	14.67	-0.85	15	2.37	2.40	25.83	4	seek
8919	bot-181	bravo	S00r-4320	tick	17.82	-9.26	10	2.12	2.13	31.25	5	seek
8919	bot-186	bravo	S00r-4420	tick	14.96	-3.57	13	2.43	2.32	25.25	4	seek
8986	bot-201	bravo	S00r-4420	tick	15.93	-9.90	247	2.44	2.20	14.03	3	seek
8986	bot-216	alpha	A00r-4410	state+latches	4.55	-16.95	14	0.06	0.00		0	
9036	bot-115	alpha	P00r-4320	tick	-11.29	-16.73	260	0.31	0.16		0	
9036	bot-137	alpha	P00r-4310	tick	-11.09	-18.06	8	0.00	0.00		0	
9036	bot-140	alpha	P00r-4310	tick	-13.62	-16.02	302	0.00	0.00		0	
9036	bot-146	alpha	P00r-4310	tick	-11.08	-17.46	150	0.00	0.00		0	
9036	bot-149	alpha	P00r-4310	tick	-11.24	-19.61	167	0.00	0.00		0	
9036	bot-214	bravo	S00r-2420	tick	12.90	-9.37	246	2.41	2.23	10.20	2	seek
9073	bot-116	alpha	P00m-2200	tick	-15.90	-16.26	355	0.00	0.00		0	
9132	bot-193	bravo	S00r-3320	tick	10.63	-7.57	220	2.47	2.28	10.97	2	seek
9132	bot-213	bravo	S00m-4420	tick	12.15	-8.20	201	2.51	2.27	12.62	3	seek
9163	bot-196	bravo	S00m-34B0	tick	15.90	9.45	14	2.47	2.41	13.27	2	seek
9471	bot-206	bravo	S00m-4420	tick	15.01	1.58	5	2.45	2.45	23.40	3	seek
9571	bot-193	bravo	C00r-3320	state	10.33	-7.98	199	3.86	0.50	5.13	1	grenade
9588	bot-193	bravo	C00r-3322	latches	10.43	-7.89	190	3.87	0.13	5.00	1	grenade
9738	bot-193	bravo	C00r-332I	latches	10.84	-7.50	151	3.76	0.57	4.43	1	grenade
9788	bot-216	alpha	A00r-441G	latches	3.89	-17.86	309	3.04	1.13	3.87	1	grenade
9927	bot-181	bravo	S00r-4320	tick	19.17	-6.99	55	3.90	2.65	5.55	1	grenade
9927	bot-186	bravo	S00r-4420	tick	16.24	-0.93	43	4.13	2.93	4.10	1	grenade
9986	bot-193	bravo	C00r-3322	latches	10.86	-7.49	146	4.26	0.03	5.15	1	grenade
9986	bot-201	bravo	S00r-4420	tick	16.46	-9.86	21	4.19	0.53	5.08	1	grenade
10022	bot-216	alpha	S00r-4410	state+latches	3.77	-18.03	291	0.01	0.20		0	
10042	bot-115	alpha	P00r-4320	tick	-11.12	-16.65	80	0.25	0.19		0	
10042	bot-137	alpha	P00r-4310	tick	-11.09	-18.06	8	0.00	0.00		0	
10042	bot-140	alpha	P00r-4310	tick	-13.62	-16.02	302	0.00	0.00		0	
10042	bot-146	alpha	P00r-4310	tick	-11.08	-17.46	150	0.00	0.00		0	
10042	bot-149	alpha	P00r-4310	tick	-11.24	-19.61	167	0.00	0.00		0	
10042	bot-214	bravo	S00r-2420	tick	13.68	-9.53	142	3.74	0.80	4.80	1	grenade
10077	bot-116	alpha	P00m-2200	tick	-15.90	-16.26	355	0.00	0.00		0	
10128	bot-216	alpha	C00r-4410	state	3.97	-17.51	321	4.86	0.55	23.16	3	seek
10143	bot-213	bravo	S00m-4420	tick	13.50	-8.42	128	4.10	1.36	4.67	1	grenade
10143	bot-216	alpha	C00r-4412	latches	4.08	-17.40	328	5.46	0.16	0.65	1	cover
10177	bot-196	bravo	S00m-34B0	tick	16.99	12.10	42	4.19	2.86	4.62	1	grenade
10212	bot-216	alpha	G00r-4412	state	4.30	-17.20	342	5.44	0.30	0.36	1	cover
10260	bot-216	alpha	A00r-4410	state+latches	4.55	-16.95	354	0.21	0.35		0	
10477	bot-206	bravo	S00m-4420	tick	17.45	4.48	45	4.19	3.79	3.66	1	grenade
10510	bot-216	alpha	A00r-441G	latches	4.55	-16.95	32	0.00	0.00		0	
10528	bot-193	bravo	C00r-332I	latches	9.50	-9.30	208	5.68	2.27	7.71	1	cover
10577	bot-193	bravo	A00r-332G	state+latches	9.48	-9.47	199	5.44	0.17	7.54	1	cover
10744	bot-216	alpha	S00r-4410	state+latches	4.55	-16.95	32	0.00	0.00		0	
10760	bot-193	bravo	S00r-3320	state+latches	9.48	-9.48	199	0.00	0.01		0	
10793	bot-193	bravo	A00r-3320	state	9.37	-9.60	208	4.72	0.16	8.99	1	seek
10793	bot-216	alpha	A00r-4410	state	4.55	-16.88	32	1.32	0.07	9.38	2	seek
10927	bot-181	bravo	S00r-4320	tick	21.76	-9.55	144	4.10	3.64	4.52	1	grenade
10927	bot-186	bravo	S00r-4420	tick	19.17	-1.18	134	3.81	2.94	5.41	1	grenade
10927	bot-193	bravo	F00r-3320	state	9.38	-9.60	214	0.00	0.00		0	
10944	bot-193	bravo	P00r-3320	state	9.38	-9.60	214	4.08	0.00		1	muzzleRecovery
10944	bot-216	alpha	C00r-4410	state	4.55	-16.88	34	0.00	0.00		0	
10960	bot-193	bravo	A00r-3320	state	9.32	-9.58	218	0.00	0.06		0	muzzleRecovery
10960	bot-216	alpha	G00r-4412	state+latches	4.55	-16.88	33	0.00	0.00		0	
10977	bot-193	bravo	A00r-332G	latches	9.32	-9.58	213	0.00	0.00		0	
10977	bot-216	alpha	G00r-441I	latches	4.55	-16.95	33	0.00	0.07		0	
10993	bot-201	bravo	S00r-4420	tick	14.84	-12.21	243	2.33	2.86	11.89	3	seek
11047	bot-115	alpha	P00r-4320	tick	-11.12	-16.63	280	0.18	0.02		0	
11047	bot-137	alpha	P00r-4310	tick	-11.09	-18.06	8	0.00	0.00		0	
11047	bot-140	alpha	P00r-4310	tick	-13.62	-16.02	302	0.00	0.00		0	
11047	bot-146	alpha	P00r-4310	tick	-11.08	-17.46	150	0.00	0.00		0	
11047	bot-149	alpha	P00r-4310	tick	-11.24	-19.61	167	0.00	0.00		0	
11047	bot-214	bravo	S00r-2420	tick	11.38	-12.03	256	2.40	3.40	8.06	2	seek
11085	bot-116	alpha	P00m-2200	tick	-15.90	-16.26	355	0.00	0.00		0	
11154	bot-213	bravo	S00m-4420	tick	12.63	-11.98	175	4.50	3.66	9.73	3	seek
11193	bot-196	bravo	S00m-34B0	tick	19.64	15.26	45	3.75	4.13	5.44	1	grenade
11210	bot-193	bravo	S00r-3320	state+latches	9.32	-9.58	213	0.00	0.00		0	
11210	bot-216	alpha	G00r-4412	latches	4.55	-16.95	14	0.06	0.00		0	
11478	bot-193	bravo	A00r-3320	state	9.05	-9.86	225	2.37	0.39	7.84	1	seek
11478	bot-206	bravo	S00m-4420	tick	20.41	7.44	45	4.17	4.19	5.13	1	grenade
11544	bot-193	bravo	F00r-3320	state	9.05	-9.87	212	0.00	0.00		0	
11561	bot-193	bravo	A00r-3320	state	9.05	-9.87	212	0.00	0.00		0	
11661	bot-193	bravo	F00r-3320	state	9.05	-9.87	212	0.00	0.00		0	
11678	bot-193	bravo	P00r-3320	state	9.05	-9.87	212	1.23	0.00		1	muzzleRecovery
11812	bot-193	bravo	A00r-3320	state	8.89	-9.89	240	0.00	0.16		0	muzzleRecovery
11929	bot-181	bravo	S00r-4320	tick	22.76	-9.09	143	4.69	1.10	31.16	5	seek
11929	bot-186	bravo	S00r-4420	tick	21.96	-4.19	143	4.25	4.11	3.46	1	grenade
11946	bot-193	bravo	F00r-3320	state	8.89	-9.89	212	0.00	0.00		0	
11963	bot-193	bravo	A00r-3320	state	8.89	-9.89	212	0.00	0.00		0	
11979	bot-217	alpha	P00m-0420	initial	-22.95	-14.95	0	0.00			0	
11996	bot-201	bravo	S00r-4420	tick	12.74	-13.40	254	2.46	2.41	9.54	3	seek
11996	bot-217	alpha	P00m-4420	ammo	-22.95	-14.95	0	0.00	0.00		0	
12030	bot-115	alpha	S00r-4320	state	-11.30	-16.61	291	0.07	0.18		0	
12030	bot-115	alpha	P00r-4320	state	-11.30	-16.61	291	0.07	0.00		0	
12030	bot-137	alpha	S00r-4310	state	-11.09	-18.06	8	0.00	0.00		0	
12030	bot-137	alpha	P00r-4310	state	-11.09	-18.06	8	0.00	0.00		0	
12030	bot-146	alpha	S00r-4310	state	-11.08	-17.46	150	0.00	0.00		0	
12030	bot-146	alpha	P00r-4310	state	-11.08	-17.46	150	0.00	0.00		0	
12030	bot-149	alpha	S00r-4310	state	-11.24	-19.61	167	0.00	0.00		0	
12030	bot-149	alpha	P00r-4310	state	-11.24	-19.61	167	0.00	0.00		0	
12063	bot-140	alpha	P00r-4310	tick	-13.62	-16.02	302	0.00	0.00		0	
12063	bot-193	bravo	F00r-3320	state	8.89	-9.90	212	0.11	0.00		0	
12063	bot-214	bravo	S00r-2420	tick	9.08	-12.43	260	2.29	2.34	5.74	2	seek
12080	bot-193	bravo	P00r-3320	state	8.89	-9.90	212	1.15	0.00		1	muzzleRecovery
12096	bot-116	alpha	P00m-2200	tick	-15.90	-16.26	355	0.00	0.00		0	
12163	bot-213	bravo	S00m-4420	tick	11.62	-14.35	219	2.23	2.58	7.22	3	seek
12197	bot-196	bravo	S00m-34B0	tick	22.14	18.16	29	4.01	3.83	3.89	1	grenade
12213	bot-214	bravo	A00r-2420	state	8.78	-12.48	260	2.28	0.31	5.43	2	seek
12213	bot-216	alpha	G00r-4412	tick	4.77	-16.04	34	0.02	0.94		0	
12230	bot-214	bravo	E00r-2420	state	8.78	-12.48	256	0.03	0.00		0	
12247	bot-214	bravo	E00r-2421	latches	8.91	-12.57	247	4.61	0.16	2.55	1	flee
12264	bot-201	bravo	A00r-4420	state	12.13	-13.55	254	2.46	0.62	8.91	3	seek
12280	bot-193	bravo	A00r-3320	state	8.76	-9.72	253	0.00	0.22		0	muzzleRecovery
12280	bot-213	bravo	A00m-4420	state	11.56	-14.56	220	2.18	0.22	7.02	3	seek
12364	bot-217	alpha	A00m-4420	state	-22.88	-14.93	9	2.41	0.08	21.24	4	squad
12381	bot-140	alpha	S00r-4310	state	-13.62	-16.02	302	0.00	0.00		0	
12381	bot-140	alpha	P00r-4310	state	-13.62	-16.02	302	0.00	0.00		0	
12414	bot-217	alpha	A00m-442G	latches	-22.88	-14.93	19	0.00	0.00		0	
12464	bot-193	bravo	F00r-3320	state	8.76	-9.72	215	0.00	0.00		0	
12464	bot-193	bravo	F00r-2320	ammo	8.76	-9.72	215	0.00	0.00		0	
12464	bot-216	alpha	G10r-4412	tier	5.00	-15.11	67	0.00	0.96		0	
12481	bot-193	bravo	A00r-2320	state	8.76	-9.72	215	0.00	0.00		0	
12481	bot-206	bravo	S00m-4420	tick	22.75	10.86	26	4.12	4.14	2.99	1	grenade
12514	bot-201	bravo	C00r-4420	state	12.13	-13.54	258	0.00	0.00		0	
12531	bot-201	bravo	C00r-4422	latches	11.99	-13.62	258	4.64	0.16	4.79	1	cover
12531	bot-213	bravo	C00m-4420	state	11.55	-14.56	265	0.00	0.00		0	
12548	bot-213	bravo	C00m-4422	latches	11.50	-14.69	266	4.13	0.14	7.04	3	cover
12582	bot-193	bravo	F00r-2320	state	8.76	-9.72	215	0.00	0.00		0	
12582	bot-216	alpha	G10r-4312	health	5.00	-15.11	72	0.00	0.00		0	
12598	bot-193	bravo	A00r-2320	state	8.76	-9.72	215	0.00	0.00		0	
12649	bot-217	alpha	S00m-4420	state+latches	-22.88	-14.93	19	0.00	0.00		0	
12682	bot-216	alpha	C10r-4310	state+latches	5.00	-15.11	75	0.00	0.00		0	
12699	bot-193	bravo	F00r-2320	state	8.76	-9.72	215	0.00	0.00		0	
12699	bot-216	alpha	E10r-4210	state+health	4.93	-15.09	76	4.47	0.08		0	
12715	bot-193	bravo	A00r-2320	state	8.76	-9.72	215	0.00	0.00		0	
12715	bot-216	alpha	E10r-4219	latches	4.85	-15.14	77	4.96	0.10	5.52	3	flee
12765	bot-214	bravo	A00r-2420	state+latches	10.77	-13.78	256	0.00	2.22		0	
12816	bot-193	bravo	F00r-2320	state	8.76	-9.72	214	0.00	0.00		0	
12816	bot-216	alpha	E10r-4119	health	4.80	-15.64	73	5.04	0.50	5.11	3	flee
12832	bot-193	bravo	A00r-2320	state	8.76	-9.72	214	0.00	0.00		0	
12832	bot-213	bravo	C00m-442I	latches	11.07	-15.77	266	4.23	1.16	6.14	3	cover
12849	bot-201	bravo	C00r-442I	latches	11.25	-14.71	257	4.12	1.32	3.51	1	cover
12882	bot-214	bravo	A00r-242G	latches	10.77	-13.78	251	0.00	0.00		0	
12933	bot-181	bravo	S00r-4320	tick	23.12	-8.89	151	4.69	0.42	28.44	5	seek
12933	bot-186	bravo	S00r-4420	tick	23.39	-7.71	157	4.01	3.79	3.80	1	grenade
12933	bot-193	bravo	F00r-2320	state	8.76	-9.72	212	0.00	0.00		0	
12933	bot-216	alpha	E10r-4019	health	4.75	-16.23	54	5.06	0.59	4.66	3	flee
12949	bot-193	bravo	A00r-2320	state	8.76	-9.72	212	0.00	0.00		0	
13033	bot-115	alpha	P00r-4320	tick	-11.06	-16.59	100	0.25	0.23		0	
13033	bot-137	alpha	P00r-4310	tick	-11.09	-18.06	8	0.00	0.00		0	
13033	bot-146	alpha	P00r-4310	tick	-11.08	-17.46	150	0.00	0.00		0	
13033	bot-149	alpha	P00r-4310	tick	-11.24	-19.61	167	0.00	0.00		0	
13033	bot-217	alpha	A00m-4420	state	-22.23	-14.77	81	2.33	0.66	44.80	6	seek
13050	bot-193	bravo	F00r-2320	state	8.76	-9.72	210	0.00	0.00		0	
13050	bot-193	bravo	P00r-2320	state	8.76	-9.72	210	0.00	0.00		0	
13050	bot-216	alpha	D00r--000	state+tier+ammo+packs+latches	4.70	-16.74	30	0.00	0.51	4.29	3	flee
13050	bot-201	bravo	C00r-4422	latches	10.64	-15.28	234	4.25	0.83	2.68	1	cover
13050	bot-213	bravo	C00m-4422	latches	10.75	-16.68	210	4.58	0.97	5.50	3	cover
13050	bot-214	bravo	S00r-2420	state+latches	10.77	-13.78	251	0.00	0.00		0	
13050	bot-217	alpha	A00m-442G	latches	-22.23	-14.77	83	0.00	0.00		0	
13066	bot-192	alpha	D00r--000	tick	14.15	-14.64	287	0.00	0.00	5.38	0	
13066	bot-193	bravo	S00r-2320	state	8.76	-9.72	210	0.00	0.00		0	
13066	bot-193	bravo	S00r-R320	ammo	8.74	-9.74	213	1.33	0.02	7.36	1	seek
13066	bot-206	bravo	S00m-4320	health	23.38	13.15	7	3.90	2.38	11.14	2	seek
13100	bot-116	alpha	P00m-2200	tick	-15.90	-16.26	355	0.00	0.00		0	
13100	bot-196	bravo	P00m-34B0	state	20.94	21.06	329	1.25	3.14	1.74	1	seek
13100	bot-201	bravo	S00r-4420	state+latches	10.50	-15.32	242	4.42	0.15	2.54	1	cover
13100	bot-213	bravo	S00m-4420	state+latches	10.71	-16.83	202	4.58	0.15	5.40	3	cover
13284	bot-217	alpha	S00m-4420	state+latches	-22.23	-14.77	83	0.00	0.00		0	
13384	bot-140	alpha	P00r-4310	tick	-13.62	-16.02	302	0.00	0.00		0	
13669	bot-201	bravo	A00r-4420	state	9.22	-14.88	287	2.29	1.35	5.19	2	seek
13685	bot-201	bravo	A00r-442G	latches	9.22	-14.88	283	0.05	0.00		0	
13920	bot-201	bravo	S00r-4420	state+latches	9.22	-14.88	283	0.00	0.00		0	
13920	bot-214	bravo	A00r-2420	state	8.87	-13.29	280	2.27	1.97	4.89	1	seek
13938	bot-181	bravo	S00r-4320	tick	22.42	-5.52	0	2.44	3.45	29.57	5	seek
13938	bot-186	bravo	S00r-4420	tick	23.27	-4.63	354	2.28	3.08	26.32	4	seek
13938	bot-214	bravo	A00r-242G	latches	8.87	-13.29	276	0.04	0.00		0	
13990	bot-196	bravo	P00m-34C0	packs	21.01	22.89	357	1.33	1.83	0.66	1	packseek
14008	bot-193	bravo	A00r-R320	state	7.35	-11.15	225	2.35	1.98	5.37	1	seek
14022	bot-193	bravo	A00r-R32G	latches	7.35	-11.15	229	0.02	0.00		0	
14038	bot-115	alpha	P00r-4320	tick	-11.23	-16.57	256	0.27	0.17		0	
14038	bot-137	alpha	P00r-4310	tick	-11.09	-18.06	8	0.00	0.00		0	
14038	bot-146	alpha	P00r-4310	tick	-11.08	-17.46	150	0.00	0.00		0	
14038	bot-149	alpha	P00r-4310	tick	-11.24	-19.61	167	0.00	0.00		0	
14070	bot-206	bravo	S00m-4320	tick	23.41	16.57	342	2.19	3.41	7.85	1	seek
14103	bot-116	alpha	P00m-2200	tick	-15.90	-16.26	355	0.00	0.00		0	
14103	bot-213	bravo	S00m-4420	tick	8.74	-16.34	273	1.32	2.03	0.64	1	seek
14170	bot-196	bravo	P00m-34D0	packs	21.00	23.12	349	1.39	0.23	1.05	1	packseek
14170	bot-214	bravo	S00r-2420	state+latches	8.87	-13.29	276	0.00	0.00		0	
14271	bot-193	bravo	S00r-R320	state+latches	7.35	-11.15	229	0.03	0.00		0	
14287	bot-217	alpha	S00m-4420	tick	-20.12	-14.24	76	2.37	2.18	42.63	7	seek
14304	bot-201	bravo	A00r-4420	state	8.61	-14.78	272	2.26	0.62	31.59	4	seek
14321	bot-201	bravo	A00r-442G	latches	8.61	-14.78	271	0.04	0.00		0	
14388	bot-140	alpha	P00r-4310	tick	-13.62	-16.02	302	0.00	0.00		0	
14455	bot-196	bravo	P00m-34E0	packs	20.66	23.28	290	1.34	0.38	0.66	1	packseek
14555	bot-201	bravo	S00r-4420	state+latches	8.61	-14.78	271	0.00	0.00		0	
14639	bot-214	bravo	A00r-2420	state	8.04	-13.29	269	2.33	0.82	30.05	4	seek
14656	bot-214	bravo	A00r-242G	latches	8.04	-13.29	268	0.04	0.00		0	
14739	bot-193	bravo	A00r-R320	state	6.55	-11.39	254	2.28	0.84	28.57	4	seek
14739	bot-217	alpha	A00m-4420	state	-19.11	-14.03	82	2.38	1.03	41.61	6	seek
14756	bot-193	bravo	A00r-R32G	latches	6.55	-11.39	257	0.02	0.00		0	
14756	bot-217	alpha	A00m-442G	latches	-19.11	-14.03	78	0.01	0.00		0	
14890	bot-214	bravo	S00r-2420	state+latches	8.04	-13.29	268	0.00	0.00		0	
14940	bot-181	bravo	S00r-4320	tick	22.63	-3.34	360	2.23	2.18	27.39	5	seek
14940	bot-186	bravo	S00r-4420	tick	22.80	-2.53	355	2.09	2.15	24.19	4	seek
14973	bot-193	bravo	A00r-432G	ammo	6.55	-11.39	257	0.00	0.00		0	
14990	bot-193	bravo	S00r-4320	state+latches	6.55	-11.39	257	0.00	0.00		0	
14990	bot-217	alpha	S00m-4420	state+latches	-19.11	-14.03	78	0.00	0.00		0	
15040	bot-115	alpha	P00r-4320	tick	-11.15	-16.66	114	0.28	0.13		0	
15040	bot-137	alpha	P00r-4310	tick	-11.09	-18.06	8	0.00	0.00		0	
15040	bot-146	alpha	P00r-4310	tick	-11.08	-17.46	150	0.00	0.00		0	
15040	bot-149	alpha	P00r-4310	tick	-11.24	-19.61	167	0.00	0.00		0	
15074	bot-206	bravo	S00m-4320	tick	22.71	18.73	343	2.44	2.28	5.57	1	seek
15107	bot-116	alpha	P00m-2200	tick	-15.90	-16.26	355	0.00	0.00		0	
15107	bot-213	bravo	S00m-4420	tick	8.74	-15.72	6	1.38	0.62	0.41	1	seek
15141	bot-201	bravo	A00r-4420	state	7.51	-14.69	276	2.38	1.10	28.98	4	seek
15157	bot-201	bravo	A00r-442G	latches	7.51	-14.69	273	0.01	0.00		0	
15325	bot-186	bravo	A00r-4420	state	22.37	-1.91	316	2.02	0.75	23.53	4	seek
15341	bot-186	bravo	A00r-442G	latches	22.37	-1.91	313	0.00	0.00		0	
15391	bot-140	alpha	P00r-4310	tick	-13.62	-16.02	302	0.00	0.00		0	
15391	bot-201	bravo	S00r-4420	state+latches	7.51	-14.69	273	0.00	0.00		0	
15391	bot-214	bravo	A00r-2420	state	7.12	-13.19	275	2.36	0.93	27.16	4	seek
15408	bot-214	bravo	A00r-242G	latches	7.12	-13.19	271	0.03	0.00		0	
15408	bot-217	alpha	A00m-4420	state	-18.36	-14.02	73	2.40	0.75	42.17	6	seek
15458	bot-196	bravo	P00m-34E0	tick	20.53	21.82	175	2.44	1.46	25.11	4	squad
15492	bot-217	alpha	A00m-442G	latches	-18.36	-14.02	84	0.00	0.00		0	
15575	bot-186	bravo	S00r-4420	state+latches	22.37	-1.91	313	0.00	0.00		0	
15643	bot-214	bravo	S00r-2420	state+latches	7.12	-13.19	271	0.00	0.00		0	
15727	bot-217	alpha	S00m-4420	state+latches	-18.36	-14.02	84	0.11	0.00		0	
15843	bot-201	bravo	A00r-4420	state	6.68	-14.66	276	2.40	0.83	26.68	4	seek
15860	bot-201	bravo	A00r-442G	latches	6.68	-14.66	272	0.00	0.00		0	
15943	bot-181	bravo	S00r-4320	tick	23.61	-1.45	358	2.11	2.13	25.53	5	seek
15994	bot-193	bravo	S00r-4320	tick	5.85	-11.36	282	4.12	0.70	5.38	1	grenade
16027	bot-193	bravo	A00r-4320	state	5.90	-11.31	286	4.11	0.07	5.31	1	grenade
16044	bot-115	alpha	P00r-4320	tick	-10.93	-16.81	230	4.08	0.26	4.17	1	grenade
16044	bot-137	alpha	P00r-4310	tick	-11.07	-18.39	30	4.08	0.34	3.12	1	grenade
16044	bot-146	alpha	P00r-4310	tick	-11.02	-17.79	171	4.08	0.34	3.70	1	grenade
16044	bot-149	alpha	P00r-4310	tick	-11.14	-19.94	163	4.07	0.34	1.66	1	grenade
16044	bot-201	bravo	A00r-4420	latches	7.10	-14.86	243	4.06	0.47	3.50	1	grenade
16077	bot-186	bravo	A00r-4420	state	21.45	-2.09	250	2.41	0.95	43.04	8	seek
16077	bot-206	bravo	S00m-4320	tick	22.26	20.48	341	1.15	1.80	3.77	1	seek
16077	bot-217	alpha	A00m-4420	state	-18.65	-13.73	58	4.11	0.41	5.36	1	grenade
16111	bot-116	alpha	P00m-2200	tick	-15.48	-16.71	34	4.10	0.62	5.15	1	grenade
16111	bot-186	bravo	A00r-442G	latches	21.45	-2.09	254	0.00	0.00		0	
16111	bot-213	bravo	S00m-4420	tick	9.51	-17.39	135	4.08	1.84	5.02	1	grenade
16111	bot-214	bravo	A00r-2420	state	7.23	-13.51	232	4.01	0.34	4.78	1	grenade
16211	bot-193	bravo	A00r-432G	latches	6.46	-10.71	338	4.02	0.82	4.49	1	grenade
16245	bot-201	bravo	A00r-442G	latches	7.88	-15.08	191	4.09	0.81	2.70	1	grenade
16245	bot-217	alpha	A00m-442G	latches	-19.18	-13.20	11	4.07	0.75	4.61	1	grenade
16261	bot-214	bravo	A00r-242G	latches	7.81	-13.85	189	3.99	0.67	4.14	1	grenade
16278	bot-217	alpha	A00m-4420	latches	-19.28	-13.11	2	4.04	0.13	4.47	1	grenade
16311	bot-217	alpha	A00m-442G	latches	-19.38	-13.01	354	3.97	0.13	4.34	1	grenade
16345	bot-186	bravo	S00r-4420	state+latches	21.45	-2.09	254	0.00	0.00		0	
16395	bot-140	alpha	P00r-4310	tick	-12.68	-17.40	207	4.08	1.66	5.53	1	grenade
16445	bot-193	bravo	S00r-4320	state+latches	7.04	-10.11	34	3.73	0.83	5.08	1	grenade
16462	bot-196	bravo	P00m-34E0	tick	21.05	19.52	210	2.43	2.35	20.65	3	squad
16478	bot-201	bravo	S00r-4420	state+latches	8.60	-15.46	140	4.12	0.82	3.48	1	grenade
16495	bot-214	bravo	S00r-2420	state+latches	8.59	-14.25	133	4.10	0.88	5.06	1	grenade
16546	bot-217	alpha	S00m-4420	state+latches	-19.96	-12.44	315	3.70	0.82	4.94	1	grenade
16729	bot-186	bravo	A00r-4420	state	20.80	-2.29	250	2.41	0.67	42.84	8	seek
16746	bot-186	bravo	A00r-442G	latches	20.80	-2.29	253	0.00	0.00		0	
16947	bot-181	bravo	S00r-4320	tick	23.59	0.80	357	2.35	2.26	23.27	4	seek
16980	bot-186	bravo	S00r-4420	state+latches	21.09	-1.95	283	3.81	0.45	4.58	1	grenade
16980	bot-218	alpha	P00r-0410	initial	16.05	23.55	0	0.00			0	
16997	bot-186	bravo	A00r-4420	state	21.13	-1.90	287	3.76	0.06	4.52	1	grenade
16997	bot-206	bravo	A00m-4320	state	22.01	21.47	340	1.20	1.03	2.75	1	seek
16997	bot-218	alpha	P00r-4410	ammo	16.05	23.55	0	0.00	0.00		0	
17014	bot-181	bravo	A00r-4320	state	23.59	0.92	357	2.37	0.12	23.15	4	seek
17030	bot-115	alpha	S00r-4320	state	-11.15	-19.43	175	4.08	2.63	2.14	1	grenade
17030	bot-137	alpha	S00r-4310	state	-11.59	-21.39	150	4.08	3.04	1.15	1	grenade
17030	bot-146	alpha	S00r-4310	state	-11.71	-20.49	178	4.09	2.78	1.58	1	grenade
17030	bot-149	alpha	S00r-4310	state	-10.72	-21.26	161	0.00	1.38	0.33	0	grenade
17114	bot-116	alpha	P00m-2200	tick	-14.72	-19.49	125	4.08	2.88	3.39	1	grenade
17114	bot-213	bravo	S00m-4420	tick	11.43	-19.99	134	3.99	3.23	4.30	1	grenade
17382	bot-140	alpha	S00r-4310	state	-11.79	-20.00	112	4.08	2.76	1.97	1	grenade
17415	bot-193	bravo	A00r-4320	state	8.36	-7.62	338	3.45	2.83	4.58	1	grenade
17465	bot-196	bravo	P00m-34E0	tick	19.94	17.40	204	2.42	2.40	17.32	3	squad
17482	bot-201	bravo	S00r-4420	tick	9.60	-18.47	212	3.65	3.17	2.92	1	grenade
17499	bot-214	bravo	S00r-2420	tick	10.13	-17.14	201	4.10	3.27	3.01	1	grenade
17549	bot-217	alpha	S00m-4420	tick	-22.59	-9.34	327	4.01	4.06	3.44	1	grenade
17800	bot-206	bravo	F00m-4320	state	22.01	21.47	285	0.07	0.01		0	
17800	bot-218	alpha	S00r-4310	state+health	14.14	23.54	264	2.31	1.91		7	patrol
17817	bot-206	bravo	A00m-4320	state	22.01	21.47	285	0.00	0.00		0	
17934	bot-201	bravo	A00r-4420	state	8.69	-19.95	218	4.07	1.74	5.76	1	grenade
17934	bot-218	alpha	A00r-4310	state	14.46	23.46	230	2.43	0.33	7.83	1	seek
17950	bot-201	bravo	A00r-442G	latches	8.59	-20.04	226	4.07	0.14	5.62	1	grenade
17950	bot-206	bravo	F00m-4320	state	22.01	21.47	285	0.07	0.00		0	
17950	bot-218	alpha	E00r-4210	state+health	14.46	23.46	226	0.07	0.00		0	
17967	bot-206	bravo	A00m-4320	state	22.01	21.47	285	0.00	0.00		0	
17967	bot-218	alpha	E00r-4219	latches	14.41	23.46	219	1.58	0.05	4.89	1	flee
18001	bot-186	bravo	A00r-4420	tick	22.49	0.58	340	0.00	2.82		0	
18017	bot-181	bravo	A00r-4320	tick	23.59	0.92	338	0.00	0.00		0	
18034	bot-115	alpha	S00r-4320	tick	-10.50	-20.68	176	0.10	1.41	0.77	0	grenade
18034	bot-137	alpha	S00r-4310	tick	-10.78	-21.72	124	0.01	0.88	0.42	0	grenade
18034	bot-146	alpha	S00r-4310	tick	-11.22	-21.31	140	0.00	0.95	0.78	0	grenade
18034	bot-149	alpha	S00r-4310	tick	-10.38	-21.27	157	0.00	0.35	0.33	0	grenade
18101	bot-196	bravo	S00m-34E0	state	19.27	16.05	185	2.43	1.51	15.87	3	squad
18101	bot-206	bravo	F00m-4320	state	22.01	21.47	285	0.07	0.00		0	
18101	bot-218	alpha	E00r-4119	health	14.20	23.48	192	1.56	0.21	4.68	1	flee
18121	bot-116	alpha	P00m-2200	tick	-12.00	-20.87	161	1.63	3.05	1.66	1	grenade
18121	bot-206	bravo	A00m-4320	state	22.01	21.47	284	0.00	0.00		0	
18121	bot-213	bravo	S00m-4420	tick	8.66	-22.54	242	3.73	3.77	4.09	1	grenade
18185	bot-201	bravo	S00r-4420	state+latches	7.97	-20.65	226	3.89	0.87	4.75	1	grenade
18251	bot-206	bravo	F00m-4320	state	22.01	21.47	284	0.07	0.00		0	
18251	bot-218	alpha	E00r-4019	health	13.71	23.54	157	4.55	0.50	4.19	1	flee
18268	bot-206	bravo	A00m-4320	state	22.01	21.47	284	0.00	0.00		0	
18368	bot-196	bravo	A00m-34E0	state	18.83	16.44	254	2.19	0.59	9.83	1	seek
18385	bot-140	alpha	S00r-4310	tick	-10.83	-19.88	28	1.63	0.96	1.62	1	grenade
18402	bot-186	bravo	A00r-442G	latches	22.49	0.58	338	0.00	0.00		0	
18402	bot-206	bravo	F00m-4320	state	22.01	21.46	284	0.07	0.00		0	
18402	bot-206	bravo	P00m-3320	state+ammo	22.01	21.46	284	0.00	0.00		0	
18402	bot-218	alpha	D00r--000	state+ammo+packs+latches	13.10	23.61	122	0.00	0.61	3.58	1	flee
18402	bot-214	bravo	A00r-2420	state	8.53	-20.29	219	4.06	3.53	5.41	1	grenade
18419	bot-175	bravo	D00r--000	tick	-11.33	-7.07	126	0.00	0.00	5.12	0	
18419	bot-181	bravo	S00r-4320	state	23.59	0.92	335	0.00	0.00		0	
18419	bot-186	bravo	S00r-4420	state+latches	22.49	0.58	338	0.00	0.00		0	
18419	bot-193	bravo	A00r-4320	tick	5.71	-5.05	315	3.64	3.69	5.13	1	grenade
18419	bot-196	bravo	S00m-34E0	state	18.83	16.44	264	0.00	0.00		0	
18419	bot-206	bravo	S00m-3320	state	22.01	21.46	284	0.00	0.00		0	
18435	bot-196	bravo	P00m-34E0	state	18.81	16.46	268	1.16	0.02	9.81	1	seek
18452	bot-214	bravo	A00r-242G	latches	8.34	-20.47	227	3.98	0.27	5.14	1	grenade
18469	bot-186	bravo	P00r-4420	state	22.44	0.66	335	4.14	0.09	4.21	1	grenade
18469	bot-206	bravo	P00m-3320	state	21.95	21.48	282	1.25	0.06	12.17	2	seek
18553	bot-217	alpha	S00m-4420	tick	-23.90	-5.43	351	4.16	4.12	3.53	1	grenade
18686	bot-214	bravo	S00r-2420	state+latches	7.72	-21.04	227	3.75	0.84	4.30	1	grenade
18820	bot-213	bravo	A00m-4420	state	6.33	-23.70	240	4.08	2.61	3.85	1	grenade
18920	bot-213	bravo	A00m-442G	latches	5.91	-23.93	242	4.10	0.48	3.40	1	grenade
19037	bot-115	alpha	S00r-4320	tick	-10.50	-20.68	176	0.10	0.01	0.77	0	grenade
19037	bot-137	alpha	S00r-4310	tick	-10.78	-21.71	124	0.01	0.00	0.42	0	grenade
19037	bot-146	alpha	S00r-4310	tick	-11.22	-21.31	140	0.00	0.00	0.78	0	grenade
19037	bot-149	alpha	S00r-4310	tick	-10.38	-21.27	157	0.00	0.00	0.33	0	grenade
19121	bot-116	alpha	P00m-2200	tick	-11.95	-20.85	230	4.08	0.06	1.61	1	grenade
19154	bot-213	bravo	A00m-4420	latches	5.61	-24.08	248	0.00	0.34		0	
19188	bot-201	bravo	A00r-4420	state	4.74	-22.81	246	4.10	3.89	4.04	1	grenade
19355	bot-206	bravo	P00m-3330	packs	21.65	23.39	349	1.34	1.93	0.67	1	packseek
19389	bot-140	alpha	S00r-4310	tick	-10.82	-19.88	29	1.63	0.01	1.61	1	grenade
19422	bot-181	bravo	S00r-4320	tick	23.52	3.11	337	2.42	2.19	20.55	4	seek
19422	bot-193	bravo	A00r-4320	tick	3.22	-2.59	315	3.55	3.50	4.46	1	grenade
19439	bot-196	bravo	P00m-34E0	tick	18.20	14.33	203	2.40	2.22	14.54	3	squad
19472	bot-186	bravo	P00r-4420	tick	22.37	1.73	345	0.00	1.07		0	
19539	bot-115	alpha	S00r-4220	health	-10.50	-20.68	176	0.10	0.00		0	
19539	bot-115	alpha	E48rm4220	state+tier+score+element	-10.50	-20.68	176	0.10	0.00		0	
19539	bot-116	alpha	E48mm2100	state+tier+score+element+health	-11.99	-20.82	262	1.63	0.05		0	
19539	bot-137	alpha	E48rm4210	state+tier+score+element+health	-10.78	-21.71	124	0.00	0.00		0	
19539	bot-140	alpha	E48rm4210	state+tier+score+element+health	-10.81	-19.87	30	1.63	0.01		0	
19539	bot-146	alpha	E48rm4210	state+tier+score+element+health	-11.22	-21.31	140	0.00	0.00		0	
19539	bot-149	alpha	E48rm4210	state+tier+score+element+health	-10.37	-21.27	157	0.00	0.00		0	
19556	bot-115	alpha	E48rm4229	latches	-10.53	-20.55	176	5.78	0.14	5.00	1	flee
19556	bot-116	alpha	E48mm2109	latches	-12.18	-20.80	262	5.82	0.19	4.32	1	flee
19556	bot-137	alpha	E48rm4219	latches	-10.97	-21.69	124	5.82	0.20	5.53	1	flee
19556	bot-140	alpha	E48rm4219	latches	-10.98	-19.78	30	5.82	0.19	5.11	1	flee
19556	bot-146	alpha	E48rm4219	latches	-11.42	-21.30	140	5.82	0.20	3.54	1	flee
19556	bot-149	alpha	E48rm4219	latches	-10.44	-21.30	157	2.33	0.08	4.01	1	flee
19556	bot-217	alpha	S00m-4420	tick	-24.14	-1.42	5	4.57	4.02	47.70	6	seek
19573	bot-201	bravo	A21r-4420	tier+score	4.05	-23.12	302	0.00	0.75		0	
19573	bot-206	bravo	P00m-33B0	packs	21.61	23.66	343	0.01	0.27		0	
19573	bot-213	bravo	A21m-4420	tier+score	5.61	-24.08	307	0.00	0.00		0	
19573	bot-214	bravo	S21r-2420	tier+score	4.76	-22.74	260	4.69	3.41	35.28	5	seek
19623	bot-217	alpha	A00m-4420	state	-23.92	-1.47	18	4.65	0.23	47.47	6	seek
19690	bot-116	alpha	E46mm2109	score	-12.95	-20.72	262	5.82	0.78	3.57	1	flee
19740	bot-193	bravo	F00r-4320	state	2.88	-2.26	272	0.00	0.47		0	
19740	bot-217	alpha	A10m-4420	tier	-23.92	-1.47	52	0.00	0.00		0	
19757	bot-193	bravo	A00r-4320	state	2.88	-2.26	272	0.00	0.00		0	
19807	bot-146	alpha	E46rm4219	score	-12.89	-21.17	140	5.82	1.48	2.08	1	flee
19824	bot-213	bravo	A21m-442G	latches	5.61	-24.08	307	0.00	0.00		0	
19857	bot-193	bravo	F00r-4320	state	2.88	-2.26	272	0.00	0.00		0	
19857	bot-217	alpha	A10m-4320	health	-23.92	-1.47	83	0.00	0.00		0	
19874	bot-137	alpha	E46rm4219	score	-12.78	-21.46	124	5.82	1.82	3.71	1	flee
19874	bot-193	bravo	A00r-4320	state	2.88	-2.26	272	0.12	0.00		0	
19941	bot-140	alpha	E46rm4219	score	-13.21	-19.65	30	5.82	2.23	3.04	1	flee
19974	bot-193	bravo	F00r-4320	state	2.88	-2.26	272	0.00	0.00		0	
19974	bot-217	alpha	E10m-4220	state+health	-23.92	-1.47	92	0.00	0.00		0	
19991	bot-149	alpha	E46rm4219	score	-12.85	-21.40	157	5.82	2.41	1.60	1	flee
19991	bot-193	bravo	A00r-4320	state	2.88	-2.26	272	0.00	0.00		0	
19991	bot-217	alpha	E10m-4229	latches	-24.06	-1.33	92	5.91	0.20	0.54	1	flee
20061	bot-115	alpha	E46rm4229	score	-13.07	-20.26	176	5.82	2.56	2.66	1	flee
20061	bot-213	bravo	S21m-4420	state+latches	5.61	-24.08	307	0.00	0.00		0	
20061	bot-217	alpha	E10m-4220	latches	-24.22	-1.16	92	0.04	0.23		0	
20093	bot-193	bravo	F00r-4320	state	2.88	-2.27	272	0.01	0.00		0	
20110	bot-193	bravo	A00r-4320	state	2.88	-2.27	272	0.00	0.00		0	
20160	bot-146	alpha	E46rm4210	latches	-14.77	-21.24	140	0.00	1.88		0	
20176	bot-149	alpha	E46rm4210	latches	-13.67	-21.42	157	0.00	0.82		0	
20210	bot-193	bravo	F00r-4320	state	2.88	-2.27	272	0.00	0.00		0	
20210	bot-217	alpha	E10m-4020	health	-24.22	-1.16	92	0.00	0.00		0	
20226	bot-193	bravo	A00r-4320	state	2.88	-2.27	272	0.00	0.00		0	
20276	bot-201	bravo	A21r-442G	latches	4.05	-23.12	308	0.00	0.00		0	
20276	bot-206	bravo	P00m-33C0	packs	21.95	23.80	38	1.36	0.37	0.65	1	packseek
20310	bot-213	bravo	A21m-4420	state	5.31	-23.91	300	2.38	0.34	33.99	5	seek
20310	bot-214	bravo	A21r-2420	state	2.26	-21.27	284	2.33	2.90	32.38	5	seek
20327	bot-193	bravo	F00r-4320	state	2.88	-2.27	272	0.00	0.00		0	
20327	bot-213	bravo	A21m-442G	latches	5.31	-23.91	304	0.01	0.00		0	
20343	bot-193	bravo	A00r-4320	state	2.88	-2.27	272	0.00	0.00		0	
20360	bot-116	alpha	E46mm2100	latches	-16.34	-21.20	262	0.00	3.42		0	
20426	bot-181	bravo	S00r-4320	tick	22.36	5.28	334	2.56	2.47	18.10	3	seek
20443	bot-193	bravo	F00r-4320	state	2.88	-2.27	272	0.00	0.00		0	
20443	bot-193	bravo	P00r-4320	state	2.88	-2.27	272	0.00	0.00		0	
20443	bot-217	alpha	D00m--000	state+tier+ammo+packs	-24.22	-1.16	92	0.00	0.00		0	
20443	bot-196	bravo	P00m-34E0	tick	18.11	12.08	202	2.15	2.25	11.53	2	squad
20443	bot-201	bravo	S21r-4420	state+latches	4.05	-23.12	308	0.00	0.00		0	
20443	bot-213	bravo	S21m-4420	state+latches	5.31	-23.91	304	0.00	0.00		0	
20443	bot-214	bravo	S21r-2420	state	2.26	-21.27	307	0.00	0.00		0	
20466	bot-185	alpha	D00r--000	tick	-9.69	-24.25	333	0.00	0.00		0	
20466	bot-193	bravo	S00r-4320	state	2.88	-2.27	272	0.00	0.00		0	
20476	bot-186	bravo	P00r-4420	tick	20.73	2.24	317	2.40	1.72	1.38	1	squad
20476	bot-214	bravo	P21r-2420	state	2.21	-21.25	307	1.26	0.05	35.41	5	seek
20493	bot-193	bravo	P00r-4320	state	2.84	-2.27	269	1.25	0.04	26.80	4	seek
20493	bot-214	bravo	S21r-2420	state	2.20	-21.25	307	1.24	0.01	24.26	0	
20510	bot-193	bravo	S00r-4320	state	2.82	-2.27	268	1.25	0.02	31.77	0	
20577	bot-137	alpha	E46rm4210	latches	-15.84	-21.43	124	0.00	3.06		0	
20660	bot-146	alpha	H46rm4210	state	-15.02	-20.92	140	0.01	0.41		0	
20677	bot-149	alpha	H46rm4210	state	-13.67	-21.43	157	0.02	0.00		0	
20677	bot-206	bravo	P00m-33D0	packs	22.44	23.80	90	1.36	0.49	0.66	1	packseek
20861	bot-116	alpha	P46mm2100	state	-16.38	-21.18	262	0.00	0.05		0	
20944	bot-140	alpha	E46rm4219	tick	-16.22	-20.05	30	2.02	3.04	0.94	1	flee
21045	bot-206	bravo	P00m-33E0	packs	22.89	23.66	98	1.34	0.47	0.67	1	packseek
21078	bot-115	alpha	E46rm4229	tick	-14.82	-20.38	176	5.06	1.75	1.24	1	flee
21078	bot-137	alpha	H46rm4210	state	-15.84	-21.43	124	0.00	0.00		0	
21078	bot-149	alpha	H46rm4310	health	-13.67	-21.43	71	0.00	0.01		0	
21078	bot-201	bravo	S00r-4420	tier+score	2.89	-22.45	311	2.43	1.34	36.05	5	seek
21078	bot-213	bravo	S00m-4420	tier+score	4.18	-23.24	308	2.42	1.32	32.69	5	seek
21078	bot-214	bravo	S00r-2420	tier+score	1.14	-20.89	308	2.15	1.12	34.36	5	seek
21295	bot-146	alpha	H46rm4310	health	-15.04	-20.97	81	0.00	0.05		0	
21429	bot-181	bravo	S00r-4320	tick	20.80	7.24	340	2.47	2.50	15.71	3	seek
21446	bot-196	bravo	P00m-34E0	tick	17.77	9.94	183	2.23	2.17	8.02	2	squad
21479	bot-186	bravo	P00r-4420	tick	19.87	4.54	349	2.78	2.45	0.87	1	squad
21496	bot-137	alpha	H46rm4310	health	-15.84	-21.43	35	0.00	0.00		0	
21513	bot-193	bravo	S00r-4320	tick	0.62	-2.33	272	2.39	2.20	24.59	4	seek
21764	bot-149	alpha	S46rm4310	state	-13.68	-21.44	75	0.00	0.01		0	
21764	bot-149	alpha	P46rm4310	state	-13.68	-21.44	75	0.00	0.00		0	
21780	bot-149	alpha	C46rm4310	state	-13.68	-21.44	74	0.11	0.00		0	
21797	bot-149	alpha	S46rm4310	state	-13.68	-21.44	73	0.00	0.00		0	
21797	bot-149	alpha	P46rm4310	state	-13.68	-21.44	73	0.00	0.00		0	
21814	bot-149	alpha	S46rm4310	state	-13.68	-21.44	71	0.11	0.00		0	
21814	bot-149	alpha	P46rm4310	state	-13.68	-21.44	71	0.11	0.00		0	
21831	bot-149	alpha	S46rm4310	state	-13.68	-21.44	68	0.11	0.00		0	
21831	bot-149	alpha	P46rm4310	state	-13.68	-21.44	68	0.11	0.00		0	
21847	bot-149	alpha	S46rm4310	state	-13.68	-21.44	64	0.08	0.00		0	
21847	bot-149	alpha	P46rm4310	state	-13.68	-21.44	64	0.08	0.00		0	
21864	bot-116	alpha	P46mm2100	tick	-16.38	-21.18	22	0.00	0.00		0	
21864	bot-149	alpha	S46rm4310	state	-13.68	-21.44	61	0.08	0.00		0	
21864	bot-149	alpha	P46rm4310	state	-13.68	-21.44	61	0.08	0.00		0	
21881	bot-149	alpha	S46rm4310	state	-13.68	-21.44	57	0.08	0.00		0	
21881	bot-149	alpha	P46rm4310	state	-13.68	-21.44	57	0.08	0.00		0	
21897	bot-149	alpha	S46rm4310	state	-13.68	-21.44	54	0.08	0.00		0	
21897	bot-149	alpha	P46rm4310	state	-13.68	-21.44	54	0.08	0.00		0	
21914	bot-149	alpha	S46rm4310	state	-13.68	-21.44	51	0.12	0.00		0	
21914	bot-149	alpha	P46rm4310	state	-13.68	-21.44	51	0.12	0.00		0	
21931	bot-149	alpha	S46rm4310	state	-13.68	-21.45	47	0.12	0.00		0	
21931	bot-149	alpha	P46rm4310	state	-13.68	-21.45	47	0.12	0.00		0	
21948	bot-140	alpha	E46rm4219	tick	-16.19	-20.13	30	5.06	0.08	0.85	1	flee
21948	bot-149	alpha	S46rm4310	state	-13.68	-21.45	44	0.17	0.00		0	
21948	bot-149	alpha	P46rm4310	state	-13.68	-21.45	44	0.17	0.00		0	
21964	bot-149	alpha	S46rm4310	state	-13.68	-21.45	41	0.17	0.00		0	
21964	bot-149	alpha	P46rm4310	state	-13.68	-21.45	41	0.17	0.00		0	
21981	bot-146	alpha	S46rm4310	state	-15.05	-20.98	29	0.00	0.01		0	
21981	bot-146	alpha	P46rm4310	state	-15.05	-20.98	29	0.00	0.00		0	
21981	bot-149	alpha	S46rm4310	state	-13.68	-21.46	41	0.23	0.00		0	
21981	bot-149	alpha	P46rm4310	state	-13.68	-21.46	41	0.23	0.00		0	
21981	bot-219	alpha	P00r-0410	initial	-3.45	-7.45	0	0.00			0	
21998	bot-146	alpha	C46rm4310	state	-15.05	-20.98	28	0.00	0.00		0	
21998	bot-149	alpha	S46rm4310	state	-13.68	-21.46	41	0.23	0.00		0	
21998	bot-149	alpha	P46rm4310	state	-13.68	-21.46	41	0.23	0.00		0	
21998	bot-219	alpha	A00r-4410	state+ammo	-3.45	-7.45	0	0.00	0.00		0	
22015	bot-146	alpha	C46rb4312	element+latches	-15.05	-20.98	25	0.00	0.00		0	
22015	bot-149	alpha	S46rm4310	state	-13.68	-21.46	41	0.21	0.00		0	
22015	bot-149	alpha	P46rm4310	state	-13.68	-21.46	41	0.21	0.00		0	
22015	bot-214	bravo	C00r-2420	state	-0.85	-20.18	291	2.43	2.11	32.42	5	seek
22031	bot-149	alpha	S46rm4310	state	-13.68	-21.47	41	0.21	0.00		0	
22031	bot-149	alpha	P46rm4310	state	-13.68	-21.47	41	0.21	0.00		0	
22031	bot-193	bravo	A00r-4320	state	-0.58	-2.37	272	2.42	1.21	23.39	4	seek
22031	bot-214	bravo	C00r-2422	latches	-0.71	-20.17	299	4.26	0.14	9.81	4	cover
22048	bot-149	alpha	S46rm4310	state	-13.68	-21.47	41	0.25	0.00		0	
22048	bot-149	alpha	P46rm4310	state	-13.68	-21.47	41	0.25	0.00		0	
22048	bot-206	bravo	P00m-33E0	tick	23.25	23.08	162	2.41	0.68	10.85	2	squad
22065	bot-149	alpha	S46rm4310	state	-13.68	-21.47	41	0.25	0.00		0	
22065	bot-149	alpha	P46rm4310	state	-13.68	-21.47	41	0.25	0.00		0	
22081	bot-115	alpha	E46rm4229	tick	-14.74	-20.40	176	2.02	0.08	1.27	1	flee
22081	bot-149	alpha	S46rm4310	state	-13.68	-21.48	41	0.28	0.00		0	
22081	bot-149	alpha	P46rm4310	state	-13.68	-21.48	41	0.28	0.00		0	
22081	bot-201	bravo	S00r-4420	tick	0.89	-21.31	300	2.10	2.31	33.79	5	seek
22081	bot-213	bravo	S00m-4420	tick	2.07	-22.01	305	2.39	2.44	30.28	5	seek
22098	bot-149	alpha	S46rm4310	state	-13.68	-21.48	41	0.28	0.00		0	
22098	bot-149	alpha	P46rm4310	state	-13.68	-21.48	41	0.28	0.00		0	
22115	bot-149	alpha	S46rm4310	state	-13.68	-21.49	41	0.34	0.00		0	
22115	bot-149	alpha	P46rm4310	state	-13.68	-21.49	41	0.34	0.00		0	
22132	bot-149	alpha	S46rm4310	state	-13.68	-21.49	41	0.34	0.01		0	
22132	bot-149	alpha	P46rm4310	state	-13.68	-21.49	41	0.34	0.00		0	
22148	bot-149	alpha	S46rm4310	state	-13.68	-21.50	41	0.34	0.01		0	
22148	bot-149	alpha	P46rm4310	state	-13.68	-21.50	41	0.34	0.00		0	
22167	bot-149	alpha	S46rm4310	state	-13.68	-21.50	41	0.34	0.01		0	
22167	bot-149	alpha	P46rm4310	state	-13.68	-21.50	41	0.34	0.00		0	
22182	bot-137	alpha	S46rm4310	state	-15.84	-21.43	61	0.00	0.00		0	
22182	bot-137	alpha	P46rm4310	state	-15.84	-21.43	61	0.00	0.00		0	
22182	bot-149	alpha	S46rm4310	state	-13.68	-21.51	41	0.37	0.01		0	
22182	bot-149	alpha	P46rm4310	state	-13.68	-21.51	41	0.37	0.00		0	
22199	bot-137	alpha	S46rm4310	state	-15.84	-21.43	63	0.00	0.00		0	
22199	bot-137	alpha	P46rm4310	state	-15.84	-21.43	63	0.00	0.00		0	
22199	bot-149	alpha	S46rm4310	state	-13.67	-21.52	41	0.37	0.01		0	
22199	bot-149	alpha	P46rm4310	state	-13.67	-21.52	41	0.37	0.00		0	
22215	bot-137	alpha	C46rm4310	state	-15.84	-21.43	64	0.00	0.00		0	
22215	bot-149	alpha	S46rm4310	state	-13.67	-21.52	41	0.37	0.01		0	
22215	bot-149	alpha	P46rm4310	state	-13.67	-21.52	41	0.37	0.00		0	
22232	bot-137	alpha	S46rb4314	state+element+latches	-15.84	-21.43	65	0.00	0.00		0	
22232	bot-149	alpha	S46rm4310	state	-13.67	-21.53	41	0.37	0.01		0	
22232	bot-149	alpha	P46rm4310	state	-13.67	-21.53	41	0.37	0.00		0	
22249	bot-137	alpha	S46rm4314	element	-15.84	-21.43	68	0.00	0.00		0	
22249	bot-149	alpha	S46rm4310	state	-13.67	-21.53	41	0.37	0.01		0	
22249	bot-149	alpha	P46rm4310	state	-13.67	-21.53	41	0.37	0.00		0	
22265	bot-149	alpha	S46rm4310	state	-13.67	-21.54	41	0.37	0.01		0	
22265	bot-149	alpha	P46rm4310	state	-13.67	-21.54	41	0.37	0.00		0	
22282	bot-149	alpha	S46rm4310	state	-13.66	-21.54	41	0.37	0.01		0	
22282	bot-149	alpha	P46rm4310	state	-13.66	-21.54	41	0.37	0.00		0	
22299	bot-149	alpha	S46rm4310	state	-13.66	-21.55	41	0.37	0.01		0	
22299	bot-149	alpha	P46rm4310	state	-13.66	-21.55	41	0.37	0.00		0	
22316	bot-149	alpha	S46rm4310	state	-13.66	-21.56	41	0.37	0.01		0	
22316	bot-149	alpha	P46rm4310	state	-13.66	-21.56	41	0.37	0.00		0	
22332	bot-149	alpha	S46rm4310	state	-13.66	-21.56	41	0.37	0.01		0	
22332	bot-149	alpha	P46rm4310	state	-13.66	-21.56	41	0.37	0.00		0	
22349	bot-149	alpha	S46rm4310	state	-13.65	-21.57	41	0.37	0.01		0	
22349	bot-149	alpha	P46rm4310	state	-13.65	-21.57	41	0.37	0.00		0	
22366	bot-149	alpha	S46rm4310	state	-13.65	-21.57	41	0.37	0.01		0	
22366	bot-149	alpha	P46rm4310	state	-13.65	-21.57	41	0.37	0.00		0	
22366	bot-201	bravo	A00r-4420	state	0.34	-21.13	280	2.32	0.58	33.26	5	seek
22382	bot-149	alpha	S46rm4310	state	-13.65	-21.58	41	0.37	0.01		0	
22382	bot-149	alpha	P46rm4310	state	-13.65	-21.58	41	0.37	0.00		0	
22382	bot-214	bravo	C32r-2422	tier+score	0.85	-20.13	342	4.57	1.56	8.33	4	cover
22399	bot-149	alpha	S46rm4310	state	-13.65	-21.58	41	0.37	0.01		0	
22399	bot-149	alpha	P46rm4310	state	-13.65	-21.58	41	0.37	0.00		0	
22416	bot-149	alpha	S46rm4310	state	-13.65	-21.59	41	0.37	0.01		0	
22416	bot-149	alpha	P46rm4310	state	-13.65	-21.59	41	0.37	0.00		0	
22433	bot-149	alpha	S46rm4310	state	-13.64	-21.60	41	0.37	0.01		0	
22433	bot-149	alpha	P46rm4310	state	-13.64	-21.60	41	0.37	0.00		0	
22433	bot-181	bravo	S00r-4320	tick	19.27	9.17	339	2.30	2.46	13.41	3	seek
22450	bot-149	alpha	S46rm4310	state	-13.64	-21.60	41	0.37	0.01		0	
22450	bot-149	alpha	P46rm4310	state	-13.64	-21.60	41	0.37	0.00		0	
22450	bot-196	bravo	P00m-34E0	tick	16.93	7.92	195	2.32	2.18	4.62	2	squad
22466	bot-149	alpha	S46rm4310	state	-13.64	-21.61	41	0.37	0.01		0	
22466	bot-149	alpha	P46rm4310	state	-13.64	-21.61	41	0.37	0.00		0	
22483	bot-149	alpha	S46rm4310	state	-13.64	-21.61	41	0.37	0.01		0	
22483	bot-149	alpha	P46rm4310	state	-13.64	-21.61	41	0.37	0.00		0	
22483	bot-186	bravo	P00r-4420	tick	18.35	6.55	326	2.45	2.52	1.43	1	squad
22499	bot-149	alpha	S46rm4310	state	-13.64	-21.62	41	0.37	0.01		0	
22499	bot-149	alpha	P46rm4310	state	-13.64	-21.62	41	0.37	0.00		0	
22516	bot-149	alpha	S46rm4310	state	-13.63	-21.62	41	0.37	0.01		0	
22516	bot-149	alpha	P46rm4310	state	-13.63	-21.62	41	0.37	0.00		0	
22533	bot-115	alpha	E00r-4229	tier+score+element	-14.76	-20.47	176	5.06	0.07	1.19	1	flee
22533	bot-116	alpha	P00m-2100	tier+score+element	-16.38	-21.18	73	0.00	0.00		0	
22533	bot-137	alpha	S00r-4314	tier+score+element	-15.84	-21.43	90	0.00	0.00		0	
22533	bot-140	alpha	E00r-4219	tier+score+element	-16.22	-20.07	30	2.02	0.07	0.92	1	flee
22533	bot-146	alpha	C00r-4312	tier+score+element	-15.06	-21.00	353	0.00	0.03		0	
22533	bot-149	alpha	P00r-4310	tier+score+element	-13.63	-21.64	45	0.37	0.01		0	
22566	bot-214	bravo	C00r-2422	tier+score	1.69	-20.11	338	4.60	0.84	7.55	4	cover
22734	bot-137	alpha	P00r-4310	state+latches	-15.84	-21.43	94	0.00	0.00		0	
22817	bot-219	alpha	F00r-4410	state	-3.46	-7.46	29	0.00	0.01		0	
22834	bot-193	bravo	E00r-4120	state+health	-0.58	-2.37	209	0.00	0.00		0	
22834	bot-219	alpha	A00r-4410	state	-3.46	-7.46	29	0.00	0.00		0	
22852	bot-193	bravo	E00r-4129	latches	-0.47	-2.28	210	4.35	0.14	6.97	1	flee
22935	bot-219	alpha	F00r-4410	state	-3.46	-7.46	31	0.00	0.00		0	
22954	bot-193	bravo	E00r-4029	health	-0.15	-1.97	211	4.35	0.45	6.52	1	flee
22954	bot-219	alpha	A00r-4410	state	-3.46	-7.46	31	0.00	0.00		0	
22971	bot-213	bravo	A00m-4420	state	0.86	-20.90	330	1.89	1.65	28.63	5	seek
22985	bot-213	bravo	A00m-442G	latches	0.86	-20.90	334	0.00	0.00		0	
23018	bot-193	bravo	E00r-3029	ammo	0.06	-1.77	212	4.30	0.29	6.23	1	flee
23018	bot-219	alpha	A00r-4310	health	-3.46	-7.46	32	0.00	0.00		0	
23052	bot-206	bravo	P00m-33E0	tick	23.40	20.67	169	2.39	2.41	6.54	1	squad
23052	bot-219	alpha	F00r-4310	state	-3.46	-7.46	32	0.00	0.00		0	
23052	bot-219	alpha	P00r-4310	state	-3.46	-7.46	32	0.00	0.00		0	
23052	bot-193	bravo	D00r--000	state+ammo+packs+latches	0.17	-1.66	212	0.00	0.15	6.08	1	flee
23070	bot-160	bravo	D00r--000	tick	9.62	-16.09	311	0.00	0.00	5.60	0	
23070	bot-219	alpha	S00r-4310	state	-3.46	-7.46	32	0.00	0.00		0	
23169	bot-140	alpha	E00r-4210	latches	-16.10	-20.64	30	0.00	0.59		0	
23235	bot-213	bravo	S00m-4420	state+latches	0.86	-20.90	334	0.00	0.00		0	
23369	bot-201	bravo	A00r-4420	tick	0.29	-21.13	346	0.00	0.05		0	
23419	bot-201	bravo	A00r-442G	latches	0.29	-21.13	347	0.00	0.00		0	
23437	bot-181	bravo	S00r-4320	tick	17.87	10.93	348	2.40	2.25	11.36	3	seek
23453	bot-196	bravo	P00m-34E0	tick	15.85	8.01	1	2.34	1.09	8.24	1	squad
23486	bot-186	bravo	P00r-4420	tick	16.96	8.36	306	2.27	2.28	1.18	1	squad
23520	bot-214	bravo	P00r-2420	state+latches	6.04	-19.98	326	4.12	4.35	3.93	1	muzzleRecovery
23536	bot-115	alpha	E00r-4229	tick	-14.76	-20.16	176	2.02	0.31	1.46	1	flee
23536	bot-116	alpha	P00m-2100	tick	-17.25	-20.71	325	0.00	0.99		0	
23536	bot-146	alpha	C00r-4312	tick	-15.02	-20.92	353	0.00	0.09		0	
23536	bot-149	alpha	P00r-4310	tick	-13.27	-21.64	84	2.40	0.36	2.90	1	squad
23570	bot-214	bravo	C00r-2420	state	6.24	-19.97	339	0.00	0.21	3.80	0	muzzleRecovery
23587	bot-214	bravo	C00r-2422	latches	6.40	-19.96	330	4.60	0.15	3.70	3	cover
23620	bot-213	bravo	A00m-4420	state	0.52	-20.50	353	2.39	0.52	11.64	3	seek
23637	bot-213	bravo	A00m-442G	latches	0.52	-20.50	349	0.01	0.00		0	
23654	bot-201	bravo	S00r-4420	state+latches	0.29	-21.14	347	0.00	0.00		0	
23670	bot-140	alpha	H00r-4210	state	-16.09	-20.64	30	0.09	0.01		0	
23704	bot-201	bravo	A00r-4420	state	0.22	-21.15	343	1.34	0.07	15.90	3	seek
23737	bot-137	alpha	P00r-4310	tick	-13.85	-21.60	96	0.00	1.99		0	
23737	bot-201	bravo	F00r-4420	state	0.22	-21.15	349	0.00	0.00		0	
23737	bot-214	bravo	C00r-R42I	ammo+latches	7.09	-19.96	329	4.59	0.69	3.35	3	cover
23737	bot-219	alpha	E00r-4210	state+health	-2.75	-6.35	31	2.03	1.31		0	
23754	bot-201	bravo	A00r-4420	state	0.22	-21.15	349	0.00	0.00		0	
23754	bot-219	alpha	E00r-4219	latches	-2.86	-6.24	31	4.76	0.16	6.99	1	flee
23771	bot-214	bravo	A00r-R42G	state+latches	7.16	-19.96	333	4.58	0.08	3.31	3	cover
23854	bot-201	bravo	F00r-4420	state	0.22	-21.15	348	0.00	0.00		0	
23854	bot-219	alpha	E00r-4119	health	-3.22	-5.91	31	4.93	0.49	6.50	1	flee
23871	bot-201	bravo	A00r-4420	state	0.22	-21.15	347	0.00	0.00		0	
23871	bot-213	bravo	S00m-4420	state+latches	0.52	-20.50	349	0.00	0.00		0	
23955	bot-201	bravo	C00r-4420	state	0.22	-21.15	347	0.00	0.00		0	
23971	bot-201	bravo	C00r-4422	latches	0.26	-21.18	346	1.51	0.05	9.30	4	cover
23971	bot-214	bravo	S00r-R420	state+latches	7.16	-19.96	333	0.00	0.00		0	
23971	bot-219	alpha	E00r-4019	health	-3.65	-5.50	31	5.08	0.59	5.91	1	flee
24055	bot-206	bravo	P00m-33E0	tick	22.11	18.73	198	2.36	2.33	15.68	4	squad
24072	bot-201	bravo	C00r-442I	latches	0.40	-21.25	349	1.51	0.15	9.22	4	cover
24156	bot-213	bravo	A00m-4420	state	0.14	-20.37	340	2.32	0.40	12.44	3	seek
24273	bot-201	bravo	A00r-442G	state+latches	0.92	-21.37	31	4.62	0.54	8.82	4	cover
24289	bot-214	bravo	A00r-R420	state	6.66	-19.96	328	2.36	0.50	19.36	4	seek
24306	bot-201	bravo	S00r-4420	state+latches	0.92	-21.37	31	0.02	0.00		0	
24306	bot-214	bravo	A00r-R42G	latches	6.66	-19.95	325	0.03	0.00		0	
24407	bot-214	bravo	A00r-R420	latches	6.66	-19.95	323	0.00	0.00		0	
24440	bot-181	bravo	S00r-4320	tick	16.67	12.98	352	2.53	2.37	9.14	2	seek
24457	bot-196	bravo	P00m-34E0	tick	15.82	10.34	352	2.50	2.33	6.83	1	squad
24473	bot-140	alpha	H00r-4310	health	-16.08	-20.64	10	0.00	0.01		0	
24490	bot-186	bravo	P00r-4420	tick	16.32	10.64	322	2.42	2.36	1.36	1	squad
24540	bot-115	alpha	E00r-4229	tick	-14.59	-20.37	176	5.06	0.27	1.39	1	flee
24540	bot-116	alpha	P00m-2100	tick	-17.25	-20.71	325	0.00	0.00		0	
24540	bot-146	alpha	C00r-4312	tick	-15.02	-20.92	353	0.00	0.00		0	
24540	bot-149	alpha	P00r-4310	tick	-12.54	-21.60	94	0.03	0.73		0	
24574	bot-201	bravo	A00r-4420	state	0.55	-21.33	342	2.33	0.37	17.75	3	seek
24590	bot-201	bravo	F00r-4420	state	0.55	-21.33	340	0.00	0.00		0	
24590	bot-219	alpha	E10r-4019	tier	-5.95	-3.34	31	5.02	3.15	2.76	1	flee
24607	bot-201	bravo	A00r-4420	state	0.55	-21.33	340	0.15	0.00		0	
24707	bot-201	bravo	F00r-4420	state	0.55	-21.33	340	0.00	0.00		0	
24707	bot-201	bravo	P00r-4420	state	0.55	-21.33	339	0.00	0.00		0	
24707	bot-219	alpha	D00r--000	state+tier+ammo+packs+latches	-6.31	-3.01	31	0.00	0.49	2.27	1	flee
24707	bot-213	bravo	S00m-4420	state	0.14	-20.37	340	0.00	0.00		0	
24707	bot-214	bravo	C00r-R420	state	6.66	-19.95	323	0.00	0.00		0	
24724	bot-194	alpha	D00r--000	tick	3.36	-10.27	125	0.00	0.00	3.98	0	
24724	bot-201	bravo	S00r-4420	state	0.55	-21.33	339	0.00	0.00		0	
24724	bot-214	bravo	C00r-R422	latches	6.71	-19.95	330	1.50	0.05	3.52	3	cover
24741	bot-137	alpha	P00r-4310	tick	-13.82	-21.59	91	0.00	0.04		0	
24774	bot-201	bravo	P00r-4420	state	0.49	-21.33	338	1.28	0.06	20.29	4	seek
25026	bot-146	alpha	S00r-4310	state+latches	-15.02	-20.92	353	0.00	0.00		0	
25026	bot-146	alpha	P00r-4310	state	-15.02	-20.92	353	0.00	0.00		0	
25060	bot-206	bravo	P00m-33E0	tick	20.56	16.86	231	2.46	2.42	11.78	4	squad
25160	bot-140	alpha	S00r-4310	state	-16.07	-20.64	62	0.00	0.00		0	
25160	bot-140	alpha	P00r-4310	state	-16.07	-20.64	62	0.00	0.00		0	
25443	bot-181	bravo	S00r-4320	tick	16.35	15.24	353	2.03	2.29	6.86	2	seek
25460	bot-196	bravo	P00m-34E0	tick	16.96	12.16	19	2.47	2.15	5.58	1	squad
25477	bot-214	bravo	S00r-R420	state+latches	8.79	-19.21	47	4.51	2.20	2.27	2	cover
25493	bot-186	bravo	P00r-4420	tick	14.89	10.41	325	2.42	1.45	4.42	1	squad
25544	bot-115	alpha	E00r-4229	tick	-14.68	-20.46	176	4.91	0.13	1.26	1	flee
25544	bot-116	alpha	P00m-2100	tick	-17.25	-20.71	325	0.00	0.00		0	
25544	bot-149	alpha	P00r-4310	tick	-12.52	-21.60	94	0.06	0.02		0	
25644	bot-214	bravo	S00r-4420	ammo	8.37	-19.30	359	2.33	0.43	23.98	4	seek
25711	bot-213	bravo	S00m-4420	tick	-0.78	-19.08	349	2.39	1.59	14.38	2	seek
25744	bot-137	alpha	P00r-4310	tick	-13.82	-21.59	91	0.00	0.00		0	
25778	bot-201	bravo	P00r-4420	tick	2.04	-20.13	6	2.17	1.96	38.62	5	squad
26029	bot-146	alpha	P00r-4310	tick	-15.12	-21.10	353	0.05	0.21		0	
26062	bot-206	bravo	P00m-33E0	tick	18.98	15.31	266	2.28	2.22	9.90	4	squad
26162	bot-140	alpha	P00r-4310	tick	-16.22	-20.15	352	0.00	0.51		0	
26263	bot-115	alpha	E00r-4220	latches	-15.08	-20.74	176	0.00	0.49		0	
26447	bot-181	bravo	S00r-4320	tick	16.03	17.43	351	2.26	2.22	4.64	2	seek
26464	bot-196	bravo	P00m-34E0	tick	18.58	14.01	33	2.42	2.46	4.49	1	squad
26497	bot-186	bravo	P00r-4420	tick	14.99	12.88	352	2.45	2.47	4.07	3	squad
26547	bot-116	alpha	P00m-2100	tick	-17.91	-19.97	348	2.39	0.99	2.03	1	squad
26547	bot-149	alpha	P00r-4310	tick	-12.50	-21.60	94	0.10	0.02		0	
26648	bot-214	bravo	S00r-4420	tick	6.11	-19.85	327	2.31	2.33	23.11	4	seek
26714	bot-213	bravo	S00m-4420	tick	-1.02	-16.68	354	2.39	2.41	11.98	2	seek
26748	bot-137	alpha	P00r-4310	tick	-13.82	-21.59	91	0.00	0.00		0	
26765	bot-115	alpha	H00r-4220	state	-15.07	-20.73	176	0.00	0.01		0	
26782	bot-201	bravo	P00r-4420	tick	3.06	-17.99	41	2.45	2.37	38.03	5	squad
26982	bot-220	alpha	P00r-0410	initial	-24.45	-12.95	0	0.00			0	
26982	bot-221	bravo	P00r-0410	initial	17.55	5.55	0	0.00			0	
26999	bot-220	alpha	C32r-4410	state+tier+score+ammo	-24.45	-12.95	0	0.00	0.00		0	
26999	bot-221	bravo	P00r-4410	ammo	17.55	5.55	0	0.00	0.00		0	
27015	bot-220	alpha	P32r-4410	state	-24.39	-12.99	4	4.60	0.08	5.33	1	cover
27032	bot-146	alpha	P00r-4310	tick	-15.20	-21.33	353	0.00	0.24		0	
27066	bot-206	bravo	P00m-33E0	tick	17.17	16.42	283	2.17	2.12	8.45	4	squad
27166	bot-140	alpha	P00r-4310	tick	-16.22	-20.17	352	0.00	0.02		0	
27183	bot-213	bravo	A00m-4420	state	-1.13	-15.60	348	2.43	1.08	10.90	2	seek
27316	bot-115	alpha	H00r-4320	health	-15.06	-20.73	113	0.00	0.01		0	
27450	bot-181	bravo	S00r-4320	tick	15.68	19.71	357	2.38	2.31	2.34	2	seek
27467	bot-196	bravo	P00m-34E0	tick	19.45	16.10	39	2.24	2.26	3.97	1	squad
27467	bot-220	alpha	A32r-4410	state	-24.23	-13.01	22	2.38	0.16		9	patrol
27500	bot-186	bravo	P00r-4420	tick	15.03	15.23	343	2.22	2.35	3.91	2	squad
27517	bot-149	alpha	S00r-4310	state	-12.49	-21.60	94	0.00	0.01		0	
27559	bot-116	alpha	P00m-2100	tick	-18.30	-19.23	337	0.00	0.84		0	
27651	bot-214	bravo	S00r-4420	tick	4.43	-18.30	317	2.38	2.29	20.90	3	seek
27735	bot-137	alpha	S00r-4310	state	-13.82	-21.59	91	0.00	0.00		0	
27785	bot-201	bravo	P00r-4420	tick	4.30	-15.83	43	2.42	2.49	37.39	5	squad
28002	bot-115	alpha	S00r-4320	state	-15.06	-20.72	60	0.00	0.01		0	
28002	bot-115	alpha	P00r-4320	state	-15.06	-20.72	60	0.00	0.00		0	
28002	bot-221	bravo	P00r-4410	tick	17.56	8.04	344	2.42	2.49	13.19	2	squad
28036	bot-146	alpha	P00r-4310	tick	-15.32	-21.39	344	4.02	0.13	3.13	1	grenade
28069	bot-206	bravo	P00m-33E0	tick	16.52	17.55	3	2.40	1.31	6.97	1	squad
28169	bot-140	alpha	P00r-4310	tick	-16.81	-20.37	313	4.08	0.62	1.96	1	grenade
28186	bot-213	bravo	A00m-4420	tick	-0.63	-15.10	323	4.00	0.72	5.18	1	grenade
28320	bot-213	bravo	A00m-442G	latches	-0.25	-14.72	357	4.07	0.54	4.64	1	grenade
28454	bot-181	bravo	S00r-4320	tick	15.57	21.34	359	1.34	1.63	0.71	1	seek
28454	bot-220	alpha	A00r-4410	tier+score	-24.33	-12.64	70	3.87	0.38	3.69	1	grenade
28471	bot-196	bravo	P00m-34E0	tick	17.87	17.01	265	2.09	1.82	10.18	2	squad
28504	bot-186	bravo	P00r-4420	tick	15.05	17.51	15	2.39	2.28	3.77	2	squad
28521	bot-149	alpha	S00r-4310	tick	-13.64	-21.50	188	3.98	1.16	3.19	1	grenade
28554	bot-213	bravo	S00m-4420	state+latches	-0.00	-14.48	19	0.00	0.34		0	
28571	bot-116	alpha	P00m-2100	tick	-18.49	-21.16	211	0.00	1.94	0.30	0	grenade
28638	bot-214	bravo	A00r-4420	state	3.53	-17.18	329	4.25	1.43	20.17	3	seek
28672	bot-213	bravo	A00m-4420	state	-0.55	-14.47	349	4.75	0.55	21.40	5	seek
28688	bot-220	alpha	A00r-441G	latches	-24.36	-11.76	9	3.68	0.88	2.81	1	grenade
28738	bot-137	alpha	S00r-4310	tick	-14.16	-21.49	121	4.08	0.36	2.71	1	grenade
28788	bot-201	bravo	P00r-4420	tick	6.75	-12.56	16	4.71	4.09	34.75	5	squad
28922	bot-220	alpha	A00r-4410	latches	-24.10	-11.00	24	3.95	0.81	5.09	1	grenade
29007	bot-115	alpha	P00r-4320	tick	-17.45	-20.29	196	4.08	2.43	3.68	1	grenade
29007	bot-221	bravo	P00r-4410	tick	17.60	10.47	24	2.44	2.44	11.79	2	squad
29039	bot-146	alpha	P00r-4310	tick	-14.96	-21.65	158	4.08	0.44	3.52	1	grenade
29073	bot-206	bravo	P00m-33E0	tick	18.47	18.99	83	2.44	2.43	5.03	1	squad
29156	bot-213	bravo	F00m-4420	state	-0.56	-14.47	280	0.13	0.00		0	
29156	bot-220	alpha	A00r-4310	health	-23.41	-10.34	46	4.11	0.95	4.13	1	grenade
29173	bot-115	alpha	P21r-4320	tier+score	-16.76	-20.27	152	4.10	0.68	3.05	1	grenade
29173	bot-116	alpha	P21m-2100	tier+score	-16.28	-21.43	90	4.08	2.23	3.33	1	grenade
29173	bot-137	alpha	S21r-4310	tier+score	-12.61	-21.18	54	4.08	1.58	2.18	1	grenade
29173	bot-140	alpha	P21r-4310	tier+score	-15.47	-21.06	83	4.08	1.50	3.05	1	grenade
29173	bot-146	alpha	P21r-4310	tier+score	-14.48	-21.64	128	4.08	0.48	3.04	1	grenade
29173	bot-149	alpha	S21r-4310	tier+score	-12.13	-21.51	20	0.05	1.51		0	
29173	bot-213	bravo	A00m-4420	state	-0.56	-14.47	280	0.00	0.00		0	
29206	bot-115	alpha	P00r-4320	tier+score	-16.63	-20.27	144	4.08	0.14	2.92	1	grenade
29206	bot-116	alpha	P00m-2100	tier+score	-16.14	-21.43	90	4.08	0.14	3.19	1	grenade
29206	bot-137	alpha	S00r-4310	tier+score	-12.53	-21.07	46	4.10	0.14	2.11	1	grenade
29206	bot-140	alpha	P00r-4310	tier+score	-15.34	-21.05	83	4.08	0.14	2.92	1	grenade
29206	bot-146	alpha	P00r-4310	tier+score	-14.35	-21.65	119	4.08	0.14	2.91	1	grenade
29206	bot-149	alpha	S00r-4310	tier+score	-12.12	-21.51	20	0.06	0.01		0	
29307	bot-213	bravo	F00m-4420	state	-0.56	-14.47	281	0.00	0.00		0	
29307	bot-220	alpha	E00r-4210	state+health	-23.03	-9.94	42	4.11	0.55		0	
29324	bot-213	bravo	A00m-4420	state	-0.56	-14.47	281	0.00	0.00		0	
29457	bot-181	bravo	S00r-4320	tick	15.45	22.39	332	1.24	1.06	0.62	1	seek
29457	bot-213	bravo	F00m-4420	state	-0.56	-14.47	283	0.00	0.00		0	
29457	bot-220	alpha	E00r-4110	health	-22.54	-9.46	46	4.10	0.69	5.02	1	grenade
29474	bot-196	bravo	P00m-34E0	tick	15.76	17.60	265	2.31	2.19	4.46	4	squad
29474	bot-213	bravo	A00m-4420	state	-0.56	-14.47	283	0.00	0.00		0	
29507	bot-186	bravo	P00r-4420	tick	14.47	19.23	350	0.01	1.82		0	
29608	bot-213	bravo	F00m-4420	state	-0.56	-14.47	284	0.00	0.00		0	
29608	bot-220	alpha	E00r-4010	health	-22.10	-9.03	46	4.09	0.62	4.40	1	grenade
29625	bot-213	bravo	A00m-4420	state	-0.56	-14.47	284	0.13	0.00		0	
29641	bot-214	bravo	A00r-4420	tick	3.53	-17.18	288	0.00	0.00		0	
29759	bot-213	bravo	F00m-4420	state	-0.56	-14.47	285	0.00	0.00		0	
29759	bot-213	bravo	P00m-3420	state+ammo	-0.56	-14.47	285	0.00	0.00		0	
29759	bot-220	alpha	D00r--000	state+ammo+packs	-21.71	-8.64	45	0.00	0.55	5.27	1	grenade
29759	bot-214	bravo	S00r-4420	state	3.53	-17.18	289	0.00	0.00		0	
29777	bot-195	alpha	D00m--000	tick	20.88	-4.71	347	0.00	0.00	5.31	0	
29777	bot-201	bravo	S00r-4420	state	8.23	-10.65	31	2.39	2.42	33.52	5	squad
29777	bot-214	bravo	P00r-4420	state	3.52	-17.17	291	0.93	0.02	28.56	3	seek
29826	bot-201	bravo	S32r-4420	tier+score	8.09	-10.62	14	2.24	0.15	31.61	4	seek
30010	bot-221	bravo	P00r-4410	tick	17.71	11.25	34	0.00	0.79		0	
30043	bot-146	alpha	S00r-4310	state	-12.19	-21.57	82	0.00	2.16		0	
30076	bot-206	bravo	P00m-33E0	tick	18.34	18.08	198	0.00	0.93		0	
30160	bot-140	alpha	S00r-4310	state	-11.79	-19.89	63	3.98	3.73	2.06	1	grenade
30210	bot-115	alpha	P00r-4320	tick	-13.00	-20.55	125	4.07	3.64	2.70	1	grenade
30210	bot-116	alpha	P00m-2100	tick	-12.33	-21.38	98	4.08	3.81	1.88	1	grenade
30210	bot-137	alpha	S00r-4310	tick	-11.74	-20.65	54	0.04	0.90		0	
30210	bot-149	alpha	S00r-4310	tick	-10.55	-20.62	2	2.42	1.81	4.67	1	seek
30377	bot-213	bravo	C32m-3420	state+tier+score	0.32	-13.65	26	2.41	1.20	39.22	5	squad
30377	bot-214	bravo	P32r-4420	tier+score	4.17	-16.10	18	2.42	1.26	40.19	5	squad
30394	bot-213	bravo	P00m-3420	state+tier+score	0.39	-13.66	30	4.59	0.07	8.80	2	cover
30394	bot-214	bravo	P00r-4420	tier+score	4.19	-16.06	18	2.42	0.04	40.15	5	squad
30428	bot-181	bravo	P00r-4320	state	15.22	21.87	239	1.23	0.57	0.84	1	seek
30478	bot-196	bravo	P00m-34E0	tick	16.66	17.32	148	2.41	0.94	5.42	1	squad
30511	bot-186	bravo	P00r-4420	tick	15.90	20.48	50	2.38	1.90	1.67	1	squad
30511	bot-214	bravo	P32r-4420	tier+score	4.34	-15.82	22	2.42	0.29	39.88	5	squad
30628	bot-214	bravo	C32r-4420	state	4.47	-15.61	25	2.42	0.24	39.64	5	squad
30645	bot-214	bravo	P32r-4420	state	4.48	-15.54	21	4.57	0.08	4.31	3	cover
30829	bot-201	bravo	S32r-4420	tick	5.86	-10.17	273	2.00	2.27	29.36	4	seek
30829	bot-213	bravo	P32m-3420	tier+score	0.45	-13.61	26	2.40	0.08	38.83	5	squad
31013	bot-221	bravo	P00r-4410	tick	17.25	13.18	334	2.52	1.98	4.27	1	squad
31046	bot-146	alpha	S00r-4310	tick	-11.79	-21.82	16	0.00	0.47		0	
31063	bot-201	bravo	S00r-4420	tier+score	5.34	-10.07	273	2.21	0.52	28.84	4	seek
31063	bot-213	bravo	P00m-3420	tier+score	0.86	-13.22	33	2.40	0.56	38.31	5	squad
31063	bot-214	bravo	P00r-4420	tier+score	4.48	-15.54	21	0.00	0.00		0	
31080	bot-206	bravo	P00m-33E0	tick	18.27	16.84	135	2.46	1.24	1.47	1	squad
31163	bot-140	alpha	S00r-4310	tick	-11.25	-19.79	95	0.10	0.56		0	
31214	bot-115	alpha	P00r-4320	tick	-12.49	-20.54	176	4.09	0.51	2.23	1	grenade
31214	bot-116	alpha	P00m-2100	tick	-12.13	-21.32	98	0.05	0.21		0	
31214	bot-137	alpha	S00r-4310	tick	-11.07	-20.84	134	2.40	0.69	0.87	1	seek
31214	bot-149	alpha	S00r-4310	tick	-10.28	-18.28	356	2.40	2.36	2.34	1	seek
31431	bot-181	bravo	P00r-4320	tick	17.26	22.37	82	2.42	2.10	4.80	1	patrolReentry
31481	bot-196	bravo	P00m-34E0	tick	17.34	17.58	75	0.00	0.73		0	
31515	bot-186	bravo	P00r-4420	tick	15.67	22.65	11	2.31	2.18	2.19	1	squad
31983	bot-222	alpha	P00m-0420	initial	-18.95	-7.95	0	0.00			0	
32000	bot-201	bravo	A00r-4420	state	3.45	-9.68	282	2.13	1.93	26.93	4	seek
32000	bot-213	bravo	S00m-3420	state	2.51	-11.76	64	2.50	2.20	37.37	5	squad
32000	bot-222	alpha	C38m-4420	state+tier+score+ammo	-18.95	-7.95	0	0.00	0.00		0	
32017	bot-221	bravo	P00r-4410	tick	17.00	15.39	341	2.21	2.23	2.48	1	squad
32017	bot-222	alpha	S38m-4420	state	-18.96	-8.02	356	3.79	0.07	7.68	1	cover
32050	bot-146	alpha	S00r-4310	tick	-11.81	-21.83	94	0.00	0.02		0	
32066	bot-214	bravo	P00r-4420	tick	5.89	-13.55	54	2.42	2.44	38.01	5	squad
32083	bot-206	bravo	P00m-33E0	tick	18.22	15.88	196	0.00	0.95		0	
32117	bot-222	alpha	A38m-4420	state	-18.74	-8.12	22	2.40	0.24	19.35	3	seek
32167	bot-140	alpha	S00r-4310	tick	-11.24	-19.79	63	0.10	0.01		0	
32167	bot-222	alpha	A37m-4420	score	-18.74	-8.12	35	0.00	0.00		0	
32217	bot-115	alpha	P00r-4320	tick	-9.99	-21.85	143	0.04	2.82	0.61	1	grenade
32217	bot-116	alpha	P00m-2100	tick	-12.11	-21.30	89	0.08	0.03		0	
32217	bot-137	alpha	S00r-4310	tick	-10.32	-19.67	358	2.27	1.39	3.22	1	seek
32217	bot-149	alpha	S00r-4310	tick	-10.44	-19.16	250	2.40	0.89	0.79	1	seek
32267	bot-213	bravo	A00m-3420	state	1.92	-11.77	355	2.23	0.58	18.52	3	seek
32317	bot-222	alpha	A36m-4420	score	-18.74	-8.12	66	0.00	0.00		0	
32384	bot-201	bravo	A00r-442G	latches	3.46	-9.68	274	0.00	0.00		0	
32436	bot-181	bravo	P00r-4320	tick	19.68	22.21	81	2.36	2.42	2.38	1	patrolReentry
32468	bot-222	alpha	A35m-4420	score	-18.74	-8.12	97	0.00	0.00		0	
32485	bot-196	bravo	P00m-34E0	tick	17.34	17.58	75	0.00	0.00		0	
32519	bot-186	bravo	P00r-4420	tick	17.70	23.81	108	2.45	2.34	2.10	1	squad
32619	bot-201	bravo	S00r-4420	state+latches	3.46	-9.68	274	0.00	0.00		0	
32619	bot-222	alpha	A34m-4420	score	-18.74	-8.11	100	0.00	0.00		0	
32719	bot-222	alpha	A32m-4420	score	-18.74	-8.11	100	0.00	0.00		0	
32786	bot-222	alpha	F32m-4420	state	-18.74	-8.11	100	0.10	0.00		0	
32803	bot-201	bravo	S21r-4420	tier+score	3.46	-9.68	274	0.00	0.00		0	
32803	bot-213	bravo	A21m-3320	tier+score+health	1.93	-11.77	280	0.00	0.01		0	
32803	bot-214	bravo	P21r-4420	tier+score	7.00	-12.16	34	2.41	1.78	36.62	5	squad
32803	bot-222	alpha	A32m-4420	state	-18.74	-8.11	100	0.00	0.00		0	
32869	bot-201	bravo	A21r-4420	state	3.46	-9.68	274	0.01	0.00		0	
32936	bot-222	alpha	F32m-4420	state	-18.74	-8.11	101	0.10	0.00		0	
32953	bot-201	bravo	A32r-4420	tier+score	3.75	-9.38	299	4.13	0.41	5.47	1	grenade
32953	bot-213	bravo	E32m-3220	state+tier+score+health	1.70	-12.02	259	4.04	0.33		0	
32953	bot-214	bravo	C32r-4420	state+tier+score	7.32	-12.30	54	4.11	0.35	5.22	1	grenade
32953	bot-222	alpha	A32m-4420	state	-18.74	-8.11	101	0.00	0.00		0	
32970	bot-214	bravo	C32r-4422	latches	7.42	-12.40	63	4.10	0.14	5.08	1	grenade
33003	bot-115	alpha	S00r-4320	state	-9.99	-21.49	351	0.69	0.36	0.46	1	grenade
33020	bot-221	bravo	P00r-4410	tick	18.53	16.96	98	2.44	2.20	1.86	1	squad
33053	bot-146	alpha	S00r-4310	tick	-11.47	-21.29	358	4.08	0.64	3.98	1	grenade
33087	bot-206	bravo	P00m-33E0	tick	18.76	15.48	139	2.44	0.67	1.48	1	squad
33170	bot-140	alpha	S00r-4310	tick	-12.61	-19.15	328	4.08	1.51	4.06	1	grenade
33187	bot-201	bravo	A32r-442G	latches	4.39	-8.72	359	3.71	0.92	4.54	1	grenade
33187	bot-213	bravo	E32m-322G	latches	2.31	-12.86	195	4.14	1.04	3.82	1	grenade
33221	bot-116	alpha	P00m-2100	tick	-12.84	-21.29	33	4.08	0.73	3.11	1	grenade
33221	bot-137	alpha	S00r-4310	tick	-11.58	-18.69	269	4.08	1.59	3.98	1	grenade
33221	bot-149	alpha	S00r-4310	tick	-11.50	-20.15	236	4.08	1.45	3.69	1	grenade
33321	bot-213	bravo	E32m-322P	latches	2.74	-13.26	169	5.94	0.59	5.10	1	flee
33371	bot-222	alpha	A32m-442G	latches	-19.66	-7.19	21	4.09	1.30	4.62	1	grenade
33388	bot-222	alpha	A32m-4420	latches	-19.71	-7.15	16	4.09	0.07	4.55	1	grenade
33421	bot-201	bravo	S32r-4420	state+latches	4.56	-8.55	17	0.00	0.24		0	
33421	bot-213	bravo	E32m-3229	latches	3.31	-13.46	169	6.15	0.60	4.49	1	flee
33421	bot-222	alpha	A32m-442G	latches	-19.81	-7.05	8	4.09	0.14	4.41	1	grenade
33438	bot-181	bravo	P00r-4320	tick	21.54	22.03	131	2.44	1.87		8	patrol
33488	bot-196	bravo	P00m-34E0	tick	17.34	17.58	75	0.00	0.00		0	
33522	bot-186	bravo	P00r-4420	tick	20.08	24.03	86	2.28	2.39	1.65	1	squad
33522	bot-201	bravo	A32r-4420	state	4.09	-8.51	351	4.72	0.47	24.09	4	seek
33656	bot-222	alpha	S32m-4420	state+latches	-20.44	-6.42	315	4.12	0.89	4.93	1	grenade
33806	bot-201	bravo	F32r-4420	state	4.09	-8.52	277	0.00	0.00		0	
33823	bot-201	bravo	A32r-4420	state	4.09	-8.52	276	0.00	0.00		0	
33914	bot-214	bravo	G32r-4422	state	8.52	-16.54	176	4.50	4.29	0.41	1	cover
33928	bot-201	bravo	F32r-4420	state	4.09	-8.52	276	0.00	0.00		0	
33928	bot-222	alpha	S33m-4320	score+health	-21.28	-5.55	319	4.15	1.20	4.80	1	grenade
33946	bot-201	bravo	A32r-4420	state	4.09	-8.52	277	0.00	0.00		0	
34009	bot-115	alpha	S00r-4320	tick	-10.11	-21.48	18	0.00	0.12		0	
34026	bot-221	bravo	P00r-4410	tick	20.23	17.11	97	0.00	1.71		0	
34043	bot-201	bravo	F32r-4420	state	4.09	-8.52	277	0.00	0.00		0	
34043	bot-201	bravo	F32r-3420	ammo	4.09	-8.52	277	0.00	0.00		0	
34059	bot-146	alpha	S00r-4310	tick	-11.05	-20.77	21	4.08	0.66	0.91	1	grenade
34059	bot-201	bravo	A32r-3420	state	4.09	-8.52	277	0.00	0.00		0	
34093	bot-206	bravo	P00m-33E0	tick	20.16	14.77	117	0.00	1.58		0	
34159	bot-201	bravo	F32r-3420	state	4.09	-8.52	278	0.00	0.00		0	
34159	bot-222	alpha	E34m-4220	state+score+health	-21.87	-4.88	319	4.14	0.89		0	
34176	bot-140	alpha	S00r-4310	tick	-11.92	-20.52	155	4.08	1.53	1.74	1	grenade
34176	bot-201	bravo	A32r-3420	state	4.09	-8.52	278	0.00	0.00		0	
34193	bot-201	bravo	A32r-342G	latches	4.09	-8.52	278	0.00	0.00		0	
34209	bot-213	bravo	E32m-3220	latches	7.27	-14.85	169	0.01	4.20		0	
34226	bot-116	alpha	P00m-2100	tick	-10.85	-21.45	96	0.00	2.00		0	
34226	bot-137	alpha	S00r-4310	tick	-10.60	-19.52	59	1.63	1.28	1.94	1	grenade
34226	bot-149	alpha	S00r-4310	tick	-10.36	-20.29	88	4.08	1.15	1.16	1	grenade
34426	bot-201	bravo	S32r-3420	state+latches	4.09	-8.52	278	0.00	0.00		0	
34443	bot-181	bravo	P00r-4320	tick	19.19	21.46	268	2.39	2.42		8	patrol
34493	bot-196	bravo	P00m-34E0	tick	19.09	16.50	160	2.43	2.05	2.53	1	squad
34526	bot-186	bravo	P00r-4420	tick	20.64	21.97	159	2.41	2.13	2.67	1	squad
34710	bot-213	bravo	H32m-3220	state	7.27	-14.85	169	0.00	0.00		0	
34710	bot-213	bravo	H32m-3320	health	7.27	-14.85	173	0.02	0.00		0	
34759	bot-201	bravo	A32r-3420	state	3.56	-8.45	278	2.33	0.54	26.88	4	seek
34776	bot-201	bravo	A32r-342G	latches	3.56	-8.45	281	0.00	0.00		0	
34793	bot-214	bravo	S32r-4420	state+latches	8.55	-16.95	273	0.00	0.41		0	
35010	bot-115	alpha	S00r-4320	tick	-10.10	-21.48	54	0.00	0.02		0	
35010	bot-201	bravo	S32r-3420	state+latches	3.56	-8.45	281	0.00	0.00		0	
35029	bot-221	bravo	P00r-4410	tick	19.31	18.84	301	2.26	1.97	7.47	1	squad
35061	bot-146	alpha	S00r-4310	tick	-11.88	-21.24	226	4.08	0.96	1.45	1	grenade
35077	bot-222	alpha	E34m-4230	packs	-23.54	-1.43	345	4.14	3.84	3.60	1	grenade
35094	bot-206	bravo	P00m-33E0	tick	20.16	14.77	117	0.00	0.00		0	
35178	bot-140	alpha	S00r-4310	tick	-10.93	-21.27	31	0.96	1.24	0.95	1	seek
35228	bot-116	alpha	P00m-2100	tick	-10.41	-20.76	354	2.23	0.82	4.12	1	squad
35228	bot-137	alpha	S00r-4310	tick	-10.28	-20.14	155	4.69	0.69	3.75	1	seek
35228	bot-149	alpha	S00r-4310	tick	-11.49	-19.93	303	1.63	1.18	1.84	1	grenade
35378	bot-213	bravo	S32m-3320	state	7.26	-14.85	257	0.00	0.01		0	
35445	bot-181	bravo	P00r-4320	tick	16.90	21.08	236	2.26	2.32		8	patrol
35495	bot-196	bravo	P00m-34E0	tick	19.08	14.92	232	0.00	1.58		0	
35529	bot-186	bravo	P00r-4420	tick	19.34	19.96	233	2.48	2.40	2.37	1	squad
35796	bot-201	bravo	S00r-3420	tier+score	2.05	-8.17	283	2.22	1.53	26.73	4	seek
35796	bot-213	bravo	S00m-3320	tier+score	6.22	-14.74	285	2.40	1.04	23.28	3	seek
35796	bot-214	bravo	S00r-4420	tier+score	8.08	-15.08	295	2.35	1.93	35.42	4	seek
36014	bot-115	alpha	S00r-4320	tick	-10.09	-21.48	80	0.00	0.00		0	
36030	bot-221	bravo	P00r-4410	tick	17.60	20.13	326	2.15	2.14	6.07	1	squad
36064	bot-146	alpha	S00r-4310	tick	-12.00	-21.21	138	4.69	0.12	2.26	1	seek
36081	bot-222	alpha	E34m-4230	tick	-24.21	2.49	355	3.64	3.97	2.57	1	grenade
36097	bot-206	bravo	P00m-33E0	tick	20.16	14.77	117	0.00	0.00		0	
36181	bot-140	alpha	S00r-4310	tick	-11.00	-21.18	359	2.40	0.11	0.92	1	seek
36231	bot-116	alpha	P00m-2100	tick	-10.37	-20.76	14	2.35	0.04	4.12	1	squad
36231	bot-137	alpha	S00r-4310	tick	-10.30	-20.27	187	4.08	0.13	1.19	1	grenade
36231	bot-149	alpha	S00r-4310	tick	-11.58	-19.85	327	1.63	0.12	1.96	1	grenade
36231	bot-201	bravo	A00r-3420	state	1.11	-8.00	284	2.33	0.95	25.78	4	seek
36248	bot-201	bravo	A00r-342G	latches	1.11	-8.00	287	0.03	0.00		0	
36265	bot-222	alpha	E00m-4230	tier+score	-24.25	3.14	357	3.50	0.66	3.41	1	grenade
36449	bot-181	bravo	P00r-4320	tick	14.53	20.71	260	2.41	2.39		8	patrol
36465	bot-115	alpha	S33r-4320	tier+score	-10.09	-21.48	40	0.00	0.00		0	
36465	bot-116	alpha	P33m-2100	tier+score	-10.35	-20.80	19	2.40	0.05	4.16	1	squad
36465	bot-137	alpha	S33r-4310	tier+score	-10.33	-20.13	190	4.69	0.15	2.45	1	seek
36465	bot-140	alpha	S33r-4310	tier+score	-11.04	-21.23	329	2.40	0.06	0.98	1	seek
36465	bot-146	alpha	C33r-4310	state+tier+score	-11.99	-21.35	137	4.08	0.15	1.54	1	grenade
36465	bot-149	alpha	S44rm4310	tier+score+element	-11.61	-19.87	329	4.69	0.03	3.92	1	seek
36465	bot-222	alpha	E00m-4130	health	-24.29	3.82	357	4.30	0.68	4.73	1	flee
36482	bot-146	alpha	C33r-4312	latches	-11.99	-21.35	137	0.00	0.00		0	
36482	bot-201	bravo	S00r-3420	state+latches	1.11	-8.00	287	0.00	0.00		0	
36482	bot-222	alpha	E00m-4139	latches	-24.30	3.90	357	4.54	0.08	4.65	1	flee
36499	bot-196	bravo	P00m-34E0	tick	17.31	13.97	219	2.27	2.00	0.73	1	squad
36532	bot-137	alpha	S44rm4310	tier+score+element	-10.32	-19.81	207	4.69	0.31	2.18	1	seek
36532	bot-149	alpha	S45rm4310	score	-11.70	-19.57	344	4.69	0.31	3.63	1	seek
36532	bot-186	bravo	P00r-4420	tick	17.57	18.83	278	2.09	2.10	2.29	1	squad
36549	bot-213	bravo	A00m-3320	state	4.50	-14.54	284	2.15	1.73	21.56	3	seek
36566	bot-213	bravo	A00m-332G	latches	4.50	-14.54	287	0.11	0.00		0	
36750	bot-201	bravo	A00r-3420	state	0.78	-7.83	297	2.31	0.37	28.33	4	seek
36766	bot-137	alpha	S45rm4310	score	-10.62	-18.77	267	4.69	1.08	1.17	1	seek
36800	bot-213	bravo	S00m-3320	state+latches	4.51	-14.54	287	0.01	0.00		0	
36800	bot-214	bravo	S00r-4420	tick	5.85	-14.16	296	2.42	2.41	33.02	4	seek
36819	bot-140	alpha	S44rm4310	tier+score+element	-11.17	-20.45	11	2.40	0.78	3.58	1	seek
36867	bot-201	bravo	A00r-342G	latches	0.78	-7.83	298	0.00	0.00		0	
36934	bot-137	alpha	S44rm4310	score	-11.10	-18.15	310	4.69	0.78	0.40	1	seek
36934	bot-140	alpha	S33r-4310	tier+score+element	-11.18	-20.18	13	2.40	0.27	3.31	1	seek
36934	bot-149	alpha	S44rm4310	score	-12.07	-17.72	352	4.69	1.88	1.88	1	seek
36984	bot-223	alpha	P00r-0410	initial	-22.45	21.55	0	0.00			0	
37001	bot-223	alpha	P00r-4410	ammo	-22.45	21.55	0	0.00	0.00		0	
37017	bot-181	bravo	A00r-4320	state	13.27	20.61	287	2.11	1.27		7	patrol
37017	bot-186	bravo	S00r-4420	state	16.58	18.61	256	2.31	1.01	2.30	1	squad
37017	bot-196	bravo	S00m-34E0	state	16.38	13.55	221	2.26	1.02	2.84	3	squad
37017	bot-206	bravo	S00m-33E0	state	20.16	14.77	117	0.00	0.00		0	
37017	bot-221	bravo	A00r-4410	state	15.89	21.58	326	2.43	2.24	3.06	1	packseek
37059	bot-223	alpha	A00r-4410	state	-22.45	21.40	16	2.42	0.15		7	patrol
37109	bot-201	bravo	S00r-3420	state+latches	0.78	-7.83	298	0.00	0.00		0	
37160	bot-137	alpha	S33r-4310	tier+score+element	-11.22	-18.73	260	2.43	0.59	1.25	1	seek
37160	bot-149	alpha	S33r-4310	tier+score+element	-11.93	-16.96	26	2.40	0.78	1.12	1	seek
37226	bot-213	bravo	A00m-3320	state	3.91	-14.36	285	1.93	0.63	30.89	4	seek
37243	bot-213	bravo	A00m-332G	latches	3.91	-14.36	289	0.10	0.00		0	
37359	bot-222	alpha	E00m-4130	latches	-24.44	8.26	357	0.00	4.36		0	
37409	bot-201	bravo	A00r-3420	state	0.38	-7.62	298	2.31	0.45	29.10	4	seek
37426	bot-201	bravo	A00r-342G	latches	0.38	-7.62	301	0.06	0.00		0	
37476	bot-115	alpha	S33r-4320	tick	-9.99	-20.90	355	2.42	0.59	4.98	1	seek
37476	bot-116	alpha	P33m-2100	tick	-10.52	-20.64	49	0.06	0.24		0	
37476	bot-213	bravo	S00m-3320	state+latches	3.91	-14.36	289	0.00	0.00		0	
37497	bot-146	alpha	C33r-4312	tick	-11.99	-21.35	137	0.00	0.00		0	
37676	bot-201	bravo	S00r-3420	state+latches	0.38	-7.62	301	0.00	0.00		0	
37759	bot-115	alpha	S21r-4320	tier+score	-10.03	-20.21	354	2.42	0.70	4.28	1	seek
37759	bot-116	alpha	P21m-2100	tier+score	-10.60	-20.62	28	0.00	0.07		0	
37759	bot-137	alpha	S21r-4310	tier+score	-11.67	-19.50	112	2.40	0.90	1.08	1	seek
37759	bot-140	alpha	S21r-4310	tier+score	-10.57	-18.38	5	2.40	1.90	1.44	1	seek
37759	bot-146	alpha	C21r-4312	tier+score	-11.99	-21.35	137	0.00	0.00		0	
37759	bot-149	alpha	S21r-4310	tier+score	-11.50	-16.74	55	2.40	0.48	0.71	1	seek
37809	bot-214	bravo	S00r-4420	tick	4.14	-12.74	294	1.99	2.23	30.86	4	seek
37826	bot-213	bravo	A00m-3320	state	3.52	-14.11	325	1.77	0.46	41.03	5	seek
37843	bot-213	bravo	A00m-332G	latches	3.52	-14.11	324	0.00	0.00		0	
37876	bot-222	alpha	H00m-4130	state	-24.44	8.26	357	0.00	0.00		0	
37926	bot-222	alpha	H00m-4230	health	-24.44	8.26	14	0.00	0.00		0	
37974	bot-115	alpha	S00r-4320	tier+score	-10.08	-19.69	354	2.40	0.52	3.76	1	seek
37974	bot-116	alpha	P00m-2100	tier+score	-10.60	-20.62	15	0.00	0.00		0	
37974	bot-137	alpha	S00r-4310	tier+score	-11.56	-19.00	57	2.40	0.52	0.56	1	seek
37974	bot-140	alpha	S00r-4310	tier+score	-10.43	-17.89	30	2.40	0.51	0.94	1	seek
37974	bot-146	alpha	C00r-4312	tier+score	-11.97	-21.34	137	0.76	0.02		0	
37974	bot-149	alpha	S00r-4310	tier+score	-11.51	-17.14	67	0.00	0.40		0	
38021	bot-181	bravo	A00r-4320	tick	13.27	20.61	271	0.00	0.00		0	
38021	bot-186	bravo	S00r-4420	tick	14.20	19.06	271	2.29	2.42	36.65	8	seek
38021	bot-196	bravo	S00m-34E0	tick	15.76	15.72	279	2.00	2.25	40.71	8	seek
38021	bot-201	bravo	A00r-3420	state	-0.05	-7.40	306	2.31	0.48	30.00	4	seek
38021	bot-206	bravo	S00m-33E0	tick	18.20	15.97	281	2.11	2.30	42.92	9	seek
38021	bot-221	bravo	A00r-4410	tick	15.88	21.58	270	0.00	0.01		0	
38088	bot-201	bravo	F00r-3420	state	-0.05	-7.40	303	0.00	0.00		0	
38088	bot-213	bravo	S00m-3320	state+latches	3.52	-14.11	324	0.00	0.00		0	
38088	bot-223	alpha	A00r-4410	tick	-22.45	21.40	91	0.00	0.00		0	
38143	bot-201	bravo	A00r-342G	state+latches	-0.04	-7.40	303	0.63	0.01		0	
38306	bot-214	bravo	A00r-4420	state	3.37	-12.38	304	2.01	0.85	30.01	4	seek
38357	bot-201	bravo	S00r-3420	state+latches	-0.04	-7.40	303	0.00	0.00		0	
38357	bot-214	bravo	A00r-442G	latches	3.38	-12.37	308	0.40	0.01		0	
38429	bot-213	bravo	A00m-3320	state	3.16	-13.77	325	1.96	0.49	40.55	5	seek
38505	bot-213	bravo	A00m-332G	latches	3.18	-13.77	324	0.04	0.01		0	
38577	bot-214	bravo	S00r-4420	state+latches	3.38	-12.37	308	0.00	0.00		0	
38658	bot-201	bravo	A00r-3420	state	-0.44	-7.20	306	2.30	0.45	29.56	4	seek
38725	bot-201	bravo	F00r-3420	state	-0.44	-7.20	303	0.00	0.00		0	
38725	bot-222	alpha	H00m-423G	latches	-24.44	8.26	121	0.00	0.00		0	
38776	bot-201	bravo	A00r-342G	state+latches	-0.43	-7.21	303	0.63	0.01		0	
38776	bot-213	bravo	S00m-3320	state+latches	3.18	-13.77	324	0.00	0.00		0	
38912	bot-222	alpha	H00m-4230	latches	-24.44	8.26	106	0.00	0.00		0	
38960	bot-214	bravo	A00r-4420	state	3.05	-11.99	324	2.09	0.51	44.73	5	seek
39013	bot-115	alpha	S00r-4320	tick	-10.21	-17.73	352	2.40	1.97	1.79	1	seek
39013	bot-116	alpha	P00m-2100	tick	-10.60	-20.62	15	0.00	0.00		0	
39013	bot-137	alpha	S00r-4310	tick	-12.31	-17.23	14	2.59	1.92	1.33	1	seek
39013	bot-140	alpha	S00r-4310	tick	-10.89	-17.75	171	2.40	0.48	2.25	1	seek
39013	bot-146	alpha	C00r-4312	tick	-11.92	-21.21	137	0.00	0.14		0	
39013	bot-149	alpha	S00r-4310	tick	-11.54	-19.04	49	2.60	1.90	0.42	1	seek
39013	bot-201	bravo	S00r-3420	state+latches	-0.43	-7.21	303	0.00	0.00		0	
39013	bot-214	bravo	A00r-442G	latches	3.06	-11.99	323	0.03	0.02		0	
39062	bot-181	bravo	F00r-4320	state	13.27	20.61	271	0.00	0.00		0	
39062	bot-186	bravo	S00r-4420	tick	12.07	19.33	270	2.21	2.15	34.52	8	seek
39062	bot-196	bravo	S00m-34E0	tick	15.06	17.76	329	2.06	2.16	39.74	7	seek
39062	bot-206	bravo	S00m-33E0	tick	16.45	17.06	293	2.20	2.07	41.00	9	seek
39062	bot-213	bravo	A00m-3320	state	2.94	-13.49	314	2.11	0.37	40.19	5	seek
39062	bot-221	bravo	F00r-4410	state	15.93	21.64	270	0.00	0.07		0	
39121	bot-181	bravo	A00r-4320	state	13.27	20.61	271	0.00	0.00		0	
39121	bot-213	bravo	A00m-332G	latches	2.96	-13.49	324	0.51	0.01		0	
39121	bot-221	bravo	A00r-4410	state	15.93	21.64	270	0.00	0.00		0	
39121	bot-222	alpha	H00m-4330	health	-24.44	8.26	90	0.00	0.00		0	
39121	bot-223	alpha	A00r-4410	tick	-22.45	21.40	91	0.00	0.00		0	
39167	bot-223	alpha	F00r-4410	state	-22.45	21.40	91	0.00	0.00		0	
39232	bot-181	bravo	E00r-4220	state+health	13.27	20.61	271	0.00	0.00		0	
39232	bot-186	bravo	S21r-4420	tier+score	11.78	19.40	270	1.92	0.31	34.23	8	seek
39232	bot-196	bravo	M21m-34E0	state+tier+score	14.86	17.83	304	2.23	0.21	39.53	7	seek
39232	bot-206	bravo	S21m-33E0	tier+score	16.20	17.22	302	2.20	0.30	40.72	9	seek
39232	bot-214	bravo	S00r-4420	state+latches	3.06	-11.99	323	0.00	0.00		0	
39232	bot-221	bravo	F21r-4410	state+tier+score	15.93	21.64	270	0.00	0.00		0	
39232	bot-223	alpha	A00r-4410	state	-22.45	21.40	91	0.00	0.00		0	
39291	bot-181	bravo	E21r-4220	tier+score	13.38	20.49	271	1.66	0.16	6.46	1	flee
39291	bot-221	bravo	A21r-4410	state	15.93	21.64	270	0.00	0.00		0	
39291	bot-223	alpha	F00r-4410	state	-22.45	21.40	91	0.00	0.00		0	
39346	bot-181	bravo	E32r-4129	tier+score+health+latches	13.43	20.42	271	1.64	0.08	6.38	1	flee
39346	bot-186	bravo	S32r-4420	tier+score	11.56	19.45	273	2.20	0.22	34.01	8	seek
39346	bot-196	bravo	M32m-34E0	tier+score	14.49	18.63	334	5.92	0.88	2.25	1	medic
39346	bot-201	bravo	A00r-3420	state	-0.80	-7.05	295	0.78	0.40	29.18	3	seek
39346	bot-206	bravo	S32m-33E0	tier+score	16.01	17.32	302	2.22	0.21	40.52	9	seek
39346	bot-213	bravo	S00m-3320	state+latches	2.96	-13.49	324	0.00	0.00		0	
39346	bot-221	bravo	F32r-4410	state+tier+score	15.93	21.64	270	0.00	0.00		0	
39346	bot-223	alpha	A00r-4410	state	-22.45	21.40	91	0.00	0.00		0	
39402	bot-201	bravo	F00r-3420	state	-0.80	-7.05	303	0.00	0.00		0	
39402	bot-221	bravo	A32r-4410	state	15.94	21.66	270	0.82	0.02		0	
39449	bot-196	bravo	T32m-34E0	state	14.36	18.90	334	6.00	0.30	1.95	1	medic
39449	bot-201	bravo	A00r-3420	state	-0.80	-7.05	303	0.15	0.00		0	
39449	bot-223	alpha	A00r-441G	latches	-22.45	21.40	112	0.00	0.00		0	
39510	bot-146	alpha	S00r-4310	state+latches	-11.92	-21.15	137	0.00	0.07		0	
39510	bot-186	bravo	A32r-4420	state	11.35	19.49	273	2.22	0.21	33.80	8	seek
39510	bot-221	bravo	F32r-4410	state	15.95	21.67	270	0.50	0.02		0	
39564	bot-149	alpha	P00r-4310	state	-11.62	-19.83	72	2.40	0.80	0.65	1	seek
39564	bot-201	bravo	F00r-3420	state	-0.80	-7.05	303	0.00	0.00		0	
39564	bot-221	bravo	A32r-4410	state	15.95	21.67	270	0.00	0.00		0	
39564	bot-222	alpha	H00m-423G	health+latches	-24.44	8.26	81	0.00	0.00		0	
39564	bot-223	alpha	A00r-4410	latches	-22.45	21.40	102	0.00	0.00		0	
39624	bot-201	bravo	A00r-342G	state+latches	-0.80	-7.05	303	0.00	0.00		0	
39624	bot-214	bravo	A00r-4420	state	2.71	-11.63	324	2.15	0.50	44.25	5	seek
39624	bot-221	bravo	F32r-4410	state	15.95	21.67	270	0.00	0.00		0	
39677	bot-213	bravo	A00m-3320	state	2.68	-13.20	315	2.17	0.40	39.80	5	seek
39677	bot-214	bravo	A00r-442G	latches	2.73	-11.63	323	0.63	0.02		0	
39677	bot-221	bravo	U32r-4410	state	15.95	21.67	270	0.00	0.00		0	
39751	bot-137	alpha	P00r-4310	state	-11.96	-16.28	50	2.47	1.01	0.67	1	seek
39751	bot-213	bravo	F00m-3320	state	2.68	-13.20	324	0.00	0.00		0	
39814	bot-201	bravo	S00r-3420	state+latches	-0.80	-7.05	303	0.00	0.00		0	
39814	bot-213	bravo	A00m-332G	state+latches	2.68	-13.20	324	0.24	0.01		0	
39814	bot-222	alpha	H00m-4230	latches	-24.44	8.26	100	0.00	0.00		0	
39902	bot-181	bravo	E32r-4120	latches	15.18	19.45	273	4.80	2.00	6.57	1	flee
39902	bot-214	bravo	S00r-4420	state+latches	2.73	-11.63	323	0.00	0.00		0	
39957	bot-181	bravo	E32r-4129	latches	15.41	19.38	273	4.94	0.25	6.34	1	flee
39957	bot-201	bravo	A00r-3420	state	-0.95	-6.98	306	1.24	0.16	29.03	3	seek
39957	bot-222	alpha	H00m-423G	latches	-24.44	8.26	111	0.00	0.00		0	
40017	bot-115	alpha	S00r-4320	tick	-10.40	-16.51	51	2.40	1.23	0.44	1	seek
40017	bot-116	alpha	P00m-2100	tick	-10.60	-20.62	15	0.00	0.00		0	
40017	bot-140	alpha	S00r-4310	tick	-10.42	-19.68	178	2.40	1.98	0.27	1	seek
40017	bot-181	bravo	E32r-3129	ammo	15.63	19.27	273	4.35	0.24	6.11	1	flee
40017	bot-201	bravo	A00r-342G	latches	-0.93	-6.99	303	0.00	0.01		0	
40017	bot-213	bravo	S00m-3320	state+latches	2.68	-13.20	324	0.00	0.00		0	
40105	bot-181	bravo	E32r-312P	latches	15.98	19.07	273	5.07	0.40	5.72	1	flee
40154	bot-222	alpha	H00m-4230	latches	-24.44	8.26	127	0.00	0.00		0	
40209	bot-201	bravo	S00r-3420	state+latches	-0.93	-6.99	303	0.00	0.00		0	
40281	bot-201	bravo	A00r-3420	state	-0.99	-6.96	306	1.19	0.06	28.98	3	seek
40281	bot-214	bravo	A00r-4420	state	2.42	-11.29	315	2.22	0.46	43.79	6	seek
40338	bot-181	bravo	E32r-3229	health+latches	16.70	18.35	273	5.11	1.02	4.70	1	flee
40338	bot-201	bravo	F00r-3420	state	-0.99	-6.96	303	0.00	0.00		0	
40338	bot-213	bravo	F00m-3320	state	2.41	-12.93	325	2.20	0.39	39.43	5	seek
40338	bot-214	bravo	A00r-442G	latches	2.43	-11.28	323	0.38	0.01		0	
40398	bot-196	bravo	M32m-34E0	state	14.39	18.93	284	0.00	0.05	1.94	1	medic
40398	bot-201	bravo	A00r-3420	state	-0.98	-6.96	303	0.08	0.00		0	
40398	bot-206	bravo	S32m-33E0	tick	14.21	18.17	279	2.19	1.99	38.61	9	seek
40398	bot-213	bravo	P00m-3320	state	2.41	-12.93	324	1.33	0.00		1	muzzleRecovery
40456	bot-201	bravo	F00r-3420	state	-0.98	-6.96	303	0.00	0.00		0	
40456	bot-201	bravo	F00r-2420	ammo	-0.98	-6.96	303	0.10	0.00		0	
40456	bot-222	alpha	H00m-4130	health	-24.44	8.26	150	0.00	0.00		0	
40507	bot-201	bravo	A00r-2420	state	-0.98	-6.96	303	0.10	0.00		0	
40562	bot-146	alpha	S00r-4310	tick	-12.91	-19.08	25	2.40	2.30	0.78	1	seek
40562	bot-186	bravo	F32r-4420	state	11.36	19.50	273	0.00	0.02		0	
40562	bot-213	bravo	A00m-332G	state+latches	2.47	-13.12	293	0.00	0.20		0	muzzleRecovery
40562	bot-214	bravo	S00r-4420	state+latches	2.43	-11.28	323	0.00	0.00		0	
40562	bot-223	alpha	A00r-4310	health	-22.45	21.40	93	0.00	0.00		0	
40617	bot-149	alpha	P00r-4310	tick	-12.23	-19.06	334	0.00	0.98		0	
40617	bot-186	bravo	A32r-4420	state	11.36	19.50	273	0.00	0.00		0	
40617	bot-201	bravo	F00r-2420	state	-0.97	-6.96	303	0.13	0.01		0	
40617	bot-222	alpha	H00m-4030	health	-24.44	8.26	163	0.00	0.00		0	
40670	bot-201	bravo	A00r-2420	state	-0.97	-6.96	303	0.00	0.00		0	
40720	bot-186	bravo	F32r-4420	state	11.37	19.50	273	0.00	0.01		0	
40720	bot-221	bravo	U32r-4410	tick	12.77	21.27	270	1.61	3.20	24.42	4	pursue
40801	bot-137	alpha	P00r-4310	tick	-11.91	-16.39	63	0.00	0.12		0	
40801	bot-186	bravo	A32r-4420	state	11.37	19.50	273	0.00	0.00		0	
40801	bot-201	bravo	F00r-2420	state	-0.97	-6.96	303	0.00	0.01		0	
40801	bot-201	bravo	P00r-2420	state	-0.97	-6.96	303	0.00	0.00		0	
40801	bot-222	alpha	D00m--000	state+ammo+packs	-24.44	8.26	171	0.00	0.00		0	
40801	bot-213	bravo	S00m-3320	state+latches	2.47	-13.12	293	0.00	0.00		0	
40863	bot-197	alpha	D00r--000	tick	-1.93	4.14	3	0.00	0.00	6.32	0	
40863	bot-186	bravo	F32r-4420	state	11.37	19.50	273	0.00	0.00		0	
40863	bot-201	bravo	S00r-2420	state	-0.96	-6.96	303	0.22	0.01		0	
40863	bot-214	bravo	A00r-4420	state	2.18	-11.03	315	2.08	0.36	43.44	6	seek
40919	bot-186	bravo	P32r-4420	state	11.37	19.50	273	1.33	0.00		1	muzzleRecovery
40919	bot-214	bravo	A00r-442G	latches	2.18	-11.03	323	0.25	0.00		0	
41006	bot-201	bravo	A00r-2420	state	-1.08	-6.83	323	1.19	0.18	36.93	4	seek
41066	bot-115	alpha	S00r-4320	tick	-10.84	-18.00	162	2.40	1.56	1.02	1	seek
41066	bot-116	alpha	P00m-2100	tick	-12.38	-20.14	251	2.40	1.85	3.55	1	squad
41066	bot-140	alpha	S00r-4310	tick	-10.35	-18.17	356	2.54	1.51	2.30	1	seek
41091	bot-186	bravo	A32r-4420	state	11.46	19.73	310	0.00	0.25		0	muzzleRecovery
41091	bot-213	bravo	F00m-3320	state	2.19	-12.84	326	2.24	0.39	39.23	5	seek
41155	bot-213	bravo	A00m-3320	state	2.19	-12.84	324	0.00	0.00		0	
41155	bot-214	bravo	S00r-4420	state+latches	2.18	-11.03	323	0.00	0.00		0	
41155	bot-223	alpha	F00r-4310	state	-22.45	21.40	93	0.00	0.00		0	
41215	bot-181	bravo	E33r-3229	score	19.51	15.59	273	5.13	3.93	0.77	1	flee
41215	bot-186	bravo	A33r-4320	score+health	11.46	19.73	284	0.00	0.00		0	
41215	bot-196	bravo	M33m-34E0	score	18.21	16.89	118	6.43	4.32	1.84	1	medic
41215	bot-206	bravo	S33m-33E0	score	12.75	18.68	286	2.23	1.54	37.10	8	seek
41215	bot-221	bravo	U33r-4410	score	11.42	21.21	270	3.64	1.36	23.07	4	pursue
41215	bot-223	alpha	A00r-4310	state	-22.45	21.40	93	0.00	0.00		0	
41267	bot-213	bravo	F00m-3320	state	2.20	-12.82	324	0.00	0.02		0	
41267	bot-223	alpha	F00r-4310	state	-22.45	21.40	93	0.00	0.00		0	
41339	bot-181	bravo	E44rm3229	tier+score+element	19.89	15.23	273	5.01	0.52	0.25	1	flee
41339	bot-186	bravo	E44rm4220	state+tier+score+element+health	11.46	19.73	274	0.00	0.00		0	
41339	bot-186	bravo	E44rm3220	ammo	11.53	19.69	273	1.66	0.08	6.51	2	flee
41339	bot-196	bravo	M44mm34E0	tier+score+element	18.64	16.46	135	6.10	0.61	1.24	1	medic
41339	bot-206	bravo	M44mm33E0	state+tier+score+element	12.65	18.71	286	2.23	0.11	36.99	8	seek
41339	bot-213	bravo	A00m-3320	state	2.22	-12.81	324	0.65	0.02		0	
41339	bot-221	bravo	U44rb4414	tier+score+element+latches	11.23	21.24	270	0.00	0.18		1	muzzleRecovery
41339	bot-223	alpha	A00r-4310	state	-22.45	21.40	93	0.00	0.00		0	
41399	bot-186	bravo	E44rm3229	latches	11.63	19.68	273	2.00	0.10	6.43	2	flee
41399	bot-221	bravo	P44rb4414	state	11.23	21.24	270	1.31	0.00		1	muzzleRecovery
41454	bot-181	bravo	E44rm3220	latches	19.89	15.24	273	0.17	0.00		0	
41454	bot-213	bravo	F00m-3320	state	2.23	-12.79	324	0.70	0.02		0	
41454	bot-213	bravo	F00m-2320	ammo	2.23	-12.79	324	0.00	0.00		0	
41454	bot-214	bravo	F00r-4420	state	1.93	-10.80	324	2.11	0.33	43.12	5	seek
41512	bot-186	bravo	E44rm3220	latches	11.78	19.71	273	1.67	0.16	6.33	2	flee
41512	bot-213	bravo	U00m-2320	state	2.23	-12.79	324	0.00	0.00		0	
41512	bot-214	bravo	P00r-4420	state	1.93	-10.80	323	1.33	0.00		1	muzzleRecovery
41589	bot-146	alpha	S00r-4310	tick	-12.81	-20.32	148	2.40	1.25	0.73	1	seek
41589	bot-186	bravo	E44rm3229	latches	12.05	19.71	273	5.30	0.27	6.13	2	flee
41589	bot-206	bravo	T44mm33E0	state	11.92	19.11	289	0.00	0.83		0	
41589	bot-214	bravo	P00r-442G	latches	1.96	-10.93	302	1.33	0.13		1	muzzleRecovery
41665	bot-149	alpha	P00r-4310	tick	-12.23	-19.06	334	0.00	0.00		0	
41756	bot-221	bravo	U44rb4414	state	11.14	20.86	206	0.00	0.39		0	muzzleRecovery
41809	bot-137	alpha	P00r-4310	tick	-11.91	-16.39	63	0.00	0.00		0	
41809	bot-214	bravo	S00r-4420	state+latches	2.00	-11.12	273	0.00	0.19		0	muzzleRecovery
41933	bot-186	bravo	E44rm3220	latches	13.48	19.44	273	5.13	1.45	6.34	1	flee
41994	bot-181	bravo	H44rm3220	state	20.03	15.17	273	0.00	0.16		0	
41994	bot-186	bravo	E44rm3229	latches	13.66	19.27	273	5.08	0.25	6.09	1	flee
41994	bot-224	alpha	P00r-0410	initial	-18.95	19.05	0	0.00			0	
42048	bot-146	alpha	P00r-4310	state	-12.39	-20.87	175	2.40	0.69	0.59	1	seek
42048	bot-186	bravo	E44rm322P	latches	13.85	19.09	273	5.07	0.25	5.83	1	flee
42048	bot-201	bravo	A00r-2420	tick	-1.07	-6.84	323	0.00	0.01		0	
42048	bot-224	alpha	S36r-4410	state+tier+score+ammo	-18.95	19.05	0	0.00	0.00		0	
42113	bot-115	alpha	S00r-4320	tick	-10.55	-19.15	95	0.00	1.19		0	
42113	bot-116	alpha	P00m-2100	tick	-13.81	-21.09	253	0.55	1.72		0	
42113	bot-140	alpha	S00r-4310	tick	-10.69	-16.14	334	2.40	2.06	0.32	1	seek
42113	bot-213	bravo	A00m-2320	state	1.11	-12.13	325	3.88	1.30	35.14	4	pursue
42113	bot-214	bravo	F00r-4420	state	1.89	-10.81	324	2.27	0.33	43.10	5	seek
42113	bot-223	alpha	A36r-4310	tier+score	-22.45	21.40	91	0.00	0.00		0	
42171	bot-181	bravo	H33r-3220	tier+score+element	20.03	15.17	262	0.00	0.00		0	
42171	bot-186	bravo	E33r-322P	tier+score+element	14.21	18.74	273	5.03	0.50	5.33	1	flee
42171	bot-196	bravo	M33m-34E0	tier+score+element	19.47	15.45	149	0.00	1.32		0	
42171	bot-206	bravo	T33m-33E0	tier+score+element	11.92	19.11	263	0.00	0.00		0	
42171	bot-214	bravo	A00r-4420	state	1.89	-10.81	323	0.00	0.00		0	
42171	bot-221	bravo	U33r-4414	tier+score+element	11.15	20.86	271	0.00	0.00		0	
42171	bot-224	alpha	P36r-4410	state	-18.71	19.10	26	2.30	0.25	29.82	6	seek
42233	bot-186	bravo	E33r-332P	health	14.40	18.59	273	5.01	0.25	5.08	1	flee
42233	bot-206	bravo	M33m-33E0	state	11.92	19.11	263	0.00	0.00		0	
42233	bot-214	bravo	A00r-442G	latches	1.90	-10.81	323	0.00	0.01		0	
42296	bot-140	alpha	P00r-4310	state	-10.73	-16.25	334	2.40	0.12	0.30	1	seek
42296	bot-181	bravo	H32r-3220	score	20.04	15.18	272	0.00	0.01		0	
42296	bot-186	bravo	E32r-3329	score+latches	14.58	18.41	273	5.03	0.25	4.83	1	flee
42296	bot-196	bravo	M32m-34E0	score	19.47	15.45	149	0.00	0.01		0	
42296	bot-201	bravo	A00r-242G	latches	-1.07	-6.84	326	0.00	0.00		0	
42296	bot-206	bravo	M32m-33E0	score	12.51	18.98	237	6.02	0.60	1.93	1	medic
42296	bot-221	bravo	U32r-3414	score+ammo	11.15	20.86	271	0.00	0.00		1	muzzleRecovery
42353	bot-201	bravo	A00r-2420	latches	-1.05	-6.84	323	0.61	0.02		0	
42353	bot-221	bravo	P32r-3414	state	11.15	20.86	271	1.28	0.00		1	muzzleRecovery
42431	bot-201	bravo	A00r-242G	latches	-1.05	-6.84	323	0.00	0.00		0	
42431	bot-213	bravo	A00m-232G	latches	1.15	-12.10	328	0.00	0.05		0	
42431	bot-214	bravo	S00r-4420	state+latches	1.91	-10.81	323	0.00	0.01		0	
42493	bot-201	bravo	A00r-2420	latches	-1.04	-6.84	323	0.40	0.02		0	
42551	bot-201	bravo	A00r-242G	latches	-1.04	-6.84	323	0.01	0.00		0	
42612	bot-213	bravo	A00m-2320	latches	1.17	-12.07	325	0.77	0.04		0	
42612	bot-223	alpha	A35r-4310	score	-22.45	21.40	90	0.00	0.00		0	
42612	bot-224	alpha	P35r-4410	score	-18.60	19.12	73	0.00	0.10		0	
42675	bot-149	alpha	P00r-4310	tick	-12.23	-19.06	334	0.00	0.00		0	
42675	bot-221	bravo	P32r-3410	latches	11.14	21.24	333	1.30	0.38		1	muzzleRecovery
42746	bot-201	bravo	S00r-2420	state+latches	-1.04	-6.84	323	0.00	0.00		0	
42746	bot-214	bravo	A00r-4420	state	1.66	-10.57	315	2.23	0.34	42.77	5	seek
42746	bot-221	bravo	U32r-3410	state	11.14	21.24	333	0.00	0.00		0	muzzleRecovery
42815	bot-137	alpha	P00r-4310	tick	-11.91	-16.39	63	0.00	0.00		0	
42815	bot-201	bravo	A00r-2420	state	-1.08	-6.80	315	1.14	0.06	36.90	4	seek
42815	bot-214	bravo	F00r-4420	state	1.66	-10.57	323	0.00	0.00		0	
42875	bot-214	bravo	P00r-4420	state	1.67	-10.57	323	1.26	0.01		1	muzzleRecovery
42875	bot-183	bravo	D00m--0A0	tick	7.86	-15.17	316	0.00	0.00	4.43	0	
42875	bot-199	alpha	D00r--000	tick	13.90	-16.56	284	0.00	0.00	1.93	0	
42875	bot-200	alpha	D00r--000	tick	-16.04	21.74	293	0.00	0.00	3.71	0	
42875	bot-191	bravo	D00r--000	tick	11.84	-17.46	69	0.00	0.00	5.50	0	
42875	bot-202	alpha	D00m--000	tick	22.62	-13.06	259	0.00	0.00	5.31	0	
42875	bot-171	bravo	D00r--000	tick	-12.21	9.52	237	0.00	0.00	12.81	0	
42875	bot-204	bravo	D00r--000	tick	-14.18	9.56	228	0.00	0.00		0	
42875	bot-203	alpha	D00r--000	tick	-24.45	-1.71	55	0.00	0.00	2.74	0	
42875	bot-208	bravo	D00r--000	tick	23.93	8.76	327	0.00	0.00	3.21	0	
42875	bot-207	alpha	D00r--000	tick	21.05	19.74	187	0.00	0.00	3.40	0	
42875	bot-205	alpha	D00r--000	tick	21.88	23.85	160	0.00	0.00		0	
42875	bot-198	bravo	D00r--000	tick	16.15	-7.91	9	0.00	0.00	6.41	0	
42875	bot-212	bravo	D00r--000	tick	20.60	22.53	337	0.00	0.00	1.79	0	
42875	bot-210	bravo	D00r--000	tick	22.52	23.52	187	0.00	0.00	0.75	0	
42875	bot-211	alpha	D00r--000	tick	23.80	23.32	74	0.00	0.00	0.77	0	
42875	bot-209	alpha	D00m--0A0	tick	21.30	24.04	87	0.00	0.00		0	
42875	bot-215	alpha	D00r--000	tick	20.44	23.75	198	0.00	0.00		0	
42875	bot-216	alpha	D00r--000	tick	4.70	-16.74	30	0.00	0.00	4.29	0	
42875	bot-218	alpha	D00r--000	tick	13.10	23.61	122	0.00	0.00	3.58	0	
42875	bot-217	alpha	D00m--000	tick	-24.22	-1.16	92	0.00	0.00		0	
42875	bot-193	bravo	D00r--000	tick	0.17	-1.66	212	0.00	0.00	6.08	0	
42875	bot-219	alpha	D00r--000	tick	-6.31	-3.01	31	0.00	0.00	2.27	0	
42875	bot-220	alpha	D00r--000	tick	-21.71	-8.64	45	0.00	0.00	5.27	0	
42875	bot-222	alpha	D00m--000	tick	-24.44	8.26	171	0.00	0.00		0	
43088	bot-115	alpha	P00r-4320	initial	-10.48	-19.14	70	0.00	0.07		0	
43088	bot-116	alpha	P00m-2100	initial	-13.85	-20.99	252	0.70	0.11		0	
43088	bot-137	alpha	P00r-4310	initial	-11.91	-16.39	63	0.00	0.00		0	
43088	bot-140	alpha	P00r-4310	initial	-10.92	-17.41	206	0.21	1.18		0	
43088	bot-146	alpha	P00r-4310	initial	-12.19	-20.97	130	0.00	0.22		0	
43088	bot-149	alpha	P00r-4310	initial	-12.23	-19.06	334	0.00	0.00		0	
43088	bot-181	bravo	H00r-3220	initial	20.05	15.21	317	0.55	0.03		0	
43088	bot-186	bravo	E00r-3320	initial	16.43	16.63	273	4.71	2.56	6.51	1	flee
43088	bot-196	bravo	T00m-34E0	initial	19.46	15.47	149	0.00	0.02		0	
43088	bot-201	bravo	P00r-2420	initial	-1.07	-6.80	323	0.00	0.01		0	
43088	bot-206	bravo	T00m-33E0	initial	14.96	18.03	132	0.00	2.62		0	
43088	bot-213	bravo	P00m-2320	initial	0.55	-11.95	325	0.00	0.63		0	
43088	bot-214	bravo	P00r-4420	initial	1.65	-10.63	313	0.00	0.06		0	
43088	bot-221	bravo	P00r-3410	initial	10.97	21.23	302	0.00	0.17		0	
43088	bot-223	alpha	P20r-4310	initial	-22.45	21.40	90	0.00	0.00		0	
43088	bot-224	alpha	P00r-4410	initial	-18.60	19.12	53	0.00	0.00		0	
43208	bot-186	bravo	E00r-3329	latches	16.61	16.45	273	5.15	0.26	6.25	1	flee
43208	bot-223	alpha	P00r-4310	tier	-22.42	21.44	80	0.67	0.04		0	
43267	bot-181	bravo	H00r-3320	health	20.04	15.21	317	0.52	0.00		0	
43267	bot-206	bravo	M00m-33E0	state	14.96	18.01	158	0.00	0.02		0	
43267	bot-214	bravo	A00r-4420	state	1.49	-10.62	296	2.18	0.17	31.80	14	squad
43323	bot-201	bravo	A00r-2420	state	-1.20	-7.04	284	2.08	0.28	30.76	14	squad
43323	bot-213	bravo	A00m-2320	state	0.30	-11.90	286	1.92	0.26	33.53	15	squad
43323	bot-221	bravo	A00r-3410	state	10.79	21.08	276	1.75	0.23	10.96	4	squad
43387	bot-196	bravo	M00m-34E0	state	19.46	15.47	162	0.00	0.01		0	
43387	bot-201	bravo	A00r-242G	latches	-1.21	-7.04	294	0.29	0.01		0	
43439	bot-213	bravo	A00m-232G	latches	0.31	-11.90	307	0.00	0.01		0	
43439	bot-223	alpha	A00r-4310	state	-22.37	21.52	70	0.03	0.10		0	
43526	bot-214	bravo	A00r-442G	latches	1.50	-10.62	326	0.00	0.02		0	
43599	bot-201	bravo	S00r-2420	state+latches	-1.21	-7.03	294	0.00	0.00		0	
43663	bot-213	bravo	S00m-2320	state+latches	0.31	-11.90	307	0.00	0.00		0	
43754	bot-214	bravo	S00r-4420	state+latches	1.50	-10.62	326	0.00	0.00		0	
43932	bot-181	bravo	S00r-3320	state	20.04	15.22	313	0.00	0.01		0	
43994	bot-206	bravo	T00m-33E0	state	17.65	15.34	126	6.35	3.79	0.72	1	medic
44046	bot-206	bravo	M00m-33E0	state	17.66	15.34	113	0.29	0.01	0.71	1	medic
44097	bot-115	alpha	P00r-4320	tick	-9.99	-19.22	159	0.50	0.49		0	
44097	bot-116	alpha	P00m-2100	tick	-13.83	-20.97	252	0.00	0.03		0	
44097	bot-137	alpha	P00r-4310	tick	-11.91	-16.39	63	0.00	0.00		0	
44097	bot-140	alpha	P00r-4310	tick	-10.77	-17.38	196	0.00	0.15		0	
44097	bot-146	alpha	P00r-4310	tick	-12.19	-20.97	130	0.00	0.00		0	
44097	bot-149	alpha	P00r-4310	tick	-12.23	-19.06	334	0.00	0.00		0	
44097	bot-201	bravo	A00r-2420	state	-1.38	-7.62	327	1.32	0.61	33.74	13	seek
44097	bot-214	bravo	A00r-4420	state	1.03	-10.61	328	2.29	0.47	39.24	13	seek
44097	bot-224	alpha	P00r-4410	tick	-19.41	20.49	316	0.00	1.59		0	
44173	bot-201	bravo	A00r-242G	latches	-1.38	-7.62	327	0.24	0.00		0	
44173	bot-214	bravo	A00r-442G	latches	1.04	-10.61	327	0.20	0.01		0	
44231	bot-186	bravo	E00r-3329	tick	19.74	13.21	273	5.07	4.50	1.75	1	flee
44257	bot-196	bravo	T00m-34E0	state	19.48	15.28	149	4.54	0.19	0.62	1	medic
44317	bot-181	bravo	S00r-3324	latches	19.94	15.67	266	0.76	0.47		0	
44368	bot-201	bravo	S00r-2420	state+latches	-1.38	-7.62	327	0.00	0.00		0	
44368	bot-214	bravo	S00r-4420	state+latches	1.04	-10.61	327	0.00	0.00		0	
44368	bot-221	bravo	A00r-3410	tick	10.79	21.08	269	0.00	0.01		0	
44440	bot-223	alpha	A00r-4310	tick	-22.37	21.52	91	0.00	0.00		0	
44561	bot-213	bravo	A00m-2320	state	-0.92	-11.19	331	1.96	1.42	34.46	14	seek
44619	bot-213	bravo	A00m-232G	latches	-0.91	-11.19	330	0.02	0.00		0	
44694	bot-181	bravo	S00r-3424	health	19.95	15.68	278	0.00	0.01		0	
44694	bot-186	bravo	E00r-3320	latches	20.86	12.23	273	0.11	1.50		0	
44752	bot-214	bravo	A00r-4420	state	0.52	-10.59	327	2.39	0.52	39.49	13	seek
44821	bot-213	bravo	S00m-2320	state+latches	-0.91	-11.19	330	0.00	0.00		0	
44821	bot-214	bravo	A00r-442G	latches	0.52	-10.59	327	0.00	0.00		0	
44920	bot-206	bravo	T00m-33E0	state	20.12	12.89	132	5.93	3.48	0.99	1	medic
45009	bot-214	bravo	S00r-4420	state+latches	0.52	-10.59	327	0.00	0.00		0	
45102	bot-115	alpha	P00r-4320	tick	-9.99	-19.12	106	0.17	0.11		0	
45102	bot-116	alpha	P00m-2100	tick	-14.25	-20.01	315	0.29	1.05		0	
45102	bot-137	alpha	P00r-4310	tick	-11.91	-16.39	63	0.00	0.00		0	
45102	bot-140	alpha	P00r-4310	tick	-11.59	-17.84	214	0.14	0.94		0	
45102	bot-146	alpha	P00r-4310	tick	-12.19	-20.97	130	0.00	0.00		0	
45102	bot-149	alpha	P00r-4310	tick	-12.23	-19.06	334	0.00	0.00		0	
45102	bot-224	alpha	P00r-4410	tick	-19.39	20.52	316	0.00	0.03		0	
45215	bot-186	bravo	H00r-3320	state	20.86	12.23	273	0.00	0.00		0	
45285	bot-196	bravo	T00m-34E0	tick	19.51	15.26	278	0.00	0.04	0.58	1	medic
45316	bot-186	bravo	S00r-3324	state+latches	20.86	12.23	278	0.00	0.00		0	
45374	bot-201	bravo	S00r-2420	tick	-2.20	-9.38	203	2.45	1.94	35.91	14	seek
45374	bot-221	bravo	A00r-3410	tick	10.79	21.09	269	0.00	0.01		0	
45465	bot-196	bravo	S00m-34E0	state	19.51	15.26	267	0.00	0.00	0.58	1	medic
45465	bot-223	alpha	F00r-4310	state	-22.37	21.52	91	0.00	0.00		0	
45524	bot-181	bravo	S21r-3424	tier+score	19.94	15.69	322	0.00	0.01		0	
45524	bot-186	bravo	S21r-3324	tier+score	20.86	12.23	296	0.00	0.00		0	
45524	bot-196	bravo	S21m-34E0	tier+score	19.31	15.25	276	2.41	0.20	44.02	9	seek
45524	bot-206	bravo	T21m-33E0	tier+score	20.10	12.87	343	0.00	0.03	1.00	1	medic
45524	bot-221	bravo	A00r-3310	health	10.79	21.09	269	0.00	0.00		0	
45524	bot-223	alpha	A00r-4310	state	-22.37	21.52	91	0.00	0.00		0	
45588	bot-221	bravo	F00r-3310	state	10.79	21.09	269	0.00	0.00		0	
45588	bot-223	alpha	F00r-4310	state	-22.37	21.52	91	0.00	0.00		0	
45647	bot-181	bravo	S32r-3424	tier+score	19.94	15.69	313	0.00	0.00		0	
45647	bot-186	bravo	S32r-3324	tier+score	20.86	12.23	306	0.00	0.00		0	
45647	bot-196	bravo	S32m-34E0	tier+score	19.07	15.28	276	2.38	0.24	43.78	9	seek
45647	bot-206	bravo	T32m-33E0	tier+score	20.08	12.86	317	0.00	0.02	1.01	1	medic
45647	bot-221	bravo	E00r-3210	state+health	10.79	21.09	269	0.00	0.00		0	
45647	bot-223	alpha	A00r-4310	state	-22.37	21.52	91	0.00	0.00		0	
45711	bot-186	bravo	S32r-3424	health	20.86	12.23	311	0.00	0.00		0	
45711	bot-221	bravo	E00r-3219	latches	10.69	20.97	269	1.64	0.16	5.29	4	flee
45711	bot-223	alpha	F21r-4310	state+tier+score	-22.37	21.52	91	0.00	0.00		0	
45711	bot-224	alpha	S21r-4310	state+tier+score+health	-19.39	20.52	316	0.00	0.00		0	
45789	bot-181	bravo	S33r-3424	score	19.94	15.69	302	0.00	0.00		0	
45789	bot-186	bravo	S33r-3424	score	20.86	12.23	317	0.00	0.00		0	
45789	bot-196	bravo	S33m-34E0	score	18.84	15.34	276	2.32	0.23	43.55	9	seek
45789	bot-206	bravo	T33m-33E0	score	20.06	12.85	291	0.00	0.02	1.01	1	medic
45789	bot-221	bravo	E00r-3119	health	10.63	20.91	269	1.65	0.08	5.37	4	flee
45789	bot-223	alpha	A21r-4310	state	-22.37	21.52	91	0.00	0.00		0	
45850	bot-213	bravo	S00m-2320	tick	-2.64	-10.73	319	2.88	1.79	33.71	13	seek
45850	bot-223	alpha	F21r-4310	state	-22.37	21.52	91	0.00	0.00		0	
45850	bot-223	alpha	F21r-3310	ammo	-22.37	21.52	91	0.00	0.00		0	
45913	bot-181	bravo	S44rm3424	tier+score+element	19.94	15.69	292	0.00	0.00		0	
45913	bot-186	bravo	S44rm3424	tier+score+element	20.86	12.23	326	0.00	0.00		0	
45913	bot-196	bravo	S44mm34E0	tier+score+element	18.64	15.42	276	2.27	0.22	43.33	9	seek
45913	bot-206	bravo	T44mm33E0	tier+score+element	20.05	12.84	265	0.00	0.02	1.02	1	medic
45913	bot-221	bravo	E00r-3019	health	10.42	20.64	269	5.12	0.34	5.67	4	flee
45913	bot-223	alpha	A21r-3310	state	-22.37	21.52	91	0.00	0.00		0	
45974	bot-181	bravo	S44rm3420	latches	19.89	15.73	282	1.31	0.07	40.57	10	seek
45974	bot-223	alpha	F21r-3310	state	-22.37	21.52	92	0.00	0.00		0	
46037	bot-214	bravo	S00r-4420	tick	-1.19	-10.50	323	1.91	1.71	38.51	13	seek
46037	bot-221	bravo	E10r-3010	tier+latches	10.07	20.23	269	5.19	0.54	5.73	4	flee
46037	bot-223	alpha	A21r-3310	state	-22.37	21.52	92	0.00	0.00		0	
46037	bot-224	alpha	A21r-4310	state	-19.22	20.07	20	2.03	0.48	29.79	8	seek
46094	bot-221	bravo	E10r-3019	latches	9.89	20.02	270	5.37	0.27	5.98	4	flee
46094	bot-223	alpha	F21r-3310	state	-22.37	21.52	92	0.00	0.00		0	
46154	bot-115	alpha	P00r-4320	tick	-9.99	-19.08	69	0.02	0.03		0	
46154	bot-116	alpha	P00m-2100	tick	-14.45	-19.69	353	2.40	0.37	3.69	2	squad
46154	bot-137	alpha	P00r-4310	tick	-11.91	-16.39	63	0.00	0.00		0	
46154	bot-140	alpha	P00r-4310	tick	-11.86	-17.83	253	2.40	0.27	1.25	1	squad
46154	bot-146	alpha	P00r-4310	tick	-12.19	-20.97	130	0.00	0.00		0	
46154	bot-149	alpha	P00r-4310	tick	-12.23	-19.06	334	0.00	0.00		0	
46154	bot-223	alpha	P21r-3310	state	-22.37	21.52	93	1.30	0.00		1	muzzleRecovery
46231	bot-224	alpha	A21r-431G	latches	-19.21	20.08	51	0.01	0.01		0	
46293	bot-221	bravo	E10r-301P	latches	9.36	19.40	271	5.50	0.82	6.76	4	flee
46293	bot-223	alpha	P21r-331G	latches	-22.57	21.53	62	1.32	0.20		1	muzzleRecovery
46385	bot-196	bravo	M44mm34E0	state	17.95	15.67	276	2.10	0.73	42.62	9	seek
46385	bot-201	bravo	S00r-2420	tick	-3.94	-10.33	332	2.58	1.98	35.90	14	seek
46385	bot-223	alpha	A21r-331G	state	-22.63	21.56	51	0.00	0.08		0	muzzleRecovery
46446	bot-224	alpha	S21r-4310	state+latches	-19.21	20.08	51	0.00	0.00		0	
46513	bot-221	bravo	E10r-3019	latches	9.44	18.53	271	6.18	0.88	7.20	2	flee
46513	bot-223	alpha	S21r-3310	state+latches	-22.64	21.57	51	0.04	0.01		0	
46575	bot-206	bravo	S44mm33E0	state	19.98	12.84	256	0.00	0.07	1.07	1	medic
46802	bot-221	bravo	E44rm3019	tier+score+element	10.85	18.52	271	5.60	1.40	6.18	2	flee
46864	bot-213	bravo	S00m-2320	tick	-4.40	-11.92	337	2.49	2.12	34.07	12	seek
46924	bot-186	bravo	S44rm3424	tick	20.86	12.23	268	0.00	0.00		0	
46983	bot-181	bravo	S44rm3420	tick	18.28	16.45	275	2.11	1.76	38.90	10	seek
47037	bot-186	bravo	S44rm3420	latches	20.84	12.25	266	1.33	0.03	43.41	10	seek
47037	bot-214	bravo	S00r-4420	tick	-3.20	-10.46	332	2.71	2.01	37.48	12	seek
47158	bot-115	alpha	P00r-4320	tick	-9.99	-19.14	43	0.49	0.05		0	
47158	bot-116	alpha	P00m-2100	tick	-14.90	-18.39	341	2.40	1.38	2.31	2	squad
47158	bot-137	alpha	P00r-4310	tick	-11.91	-16.39	63	0.00	0.00		0	
47158	bot-140	alpha	P00r-4310	tick	-12.41	-17.86	294	0.00	0.55		0	
47158	bot-146	alpha	P00r-4310	tick	-12.19	-20.97	130	0.00	0.00		0	
47158	bot-149	alpha	P00r-4310	tick	-12.23	-19.06	334	0.00	0.00		0	
47232	bot-223	alpha	S00r-3310	tier+score	-21.70	20.60	99	2.32	1.35	29.60	10	seek
47232	bot-224	alpha	S10r-4310	tier+score	-18.90	18.81	169	2.05	1.30	28.48	6	seek
47332	bot-196	bravo	M44mb34E0	element	14.11	18.37	301	5.90	4.69	2.11	1	medic
47384	bot-224	alpha	S00r-4310	tier	-18.85	18.55	169	2.10	0.27	28.44	6	seek
47439	bot-201	bravo	S00r-2420	tick	-5.91	-11.54	228	2.34	2.32	36.14	14	seek
47587	bot-206	bravo	S44mm33E0	tick	18.35	14.45	281	2.24	2.29	41.60	10	seek
47742	bot-196	bravo	M44mm34EG	element+latches	13.25	20.12	273	6.00	1.95	0.91	1	medic
47824	bot-221	bravo	E44rm3019	tick	14.67	21.71	271	5.06	4.98	1.40	2	flee
47860	bot-196	bravo	T44mm34EG	state	13.39	20.58	295	6.02	0.48	0.47	1	medic
47912	bot-213	bravo	S00m-2320	tick	-6.03	-13.58	274	2.55	2.33	35.04	12	seek
47969	bot-196	bravo	T44mm34E0	latches	13.39	20.58	303	0.02	0.00	0.47	1	medic
48021	bot-181	bravo	S44rm3420	tick	16.36	17.27	280	2.20	2.09	36.91	10	seek
48021	bot-196	bravo	M44mm34E0	state	13.39	20.58	303	0.02	0.00	0.47	1	medic
48072	bot-186	bravo	S44rm3420	tick	19.25	13.75	278	2.38	2.18	41.61	10	seek
48072	bot-196	bravo	T44mm34E0	state	13.58	20.81	316	6.05	0.30	2.02	1	medic
48072	bot-214	bravo	S00r-4420	tick	-5.17	-11.99	282	2.26	2.50	37.98	12	seek
48128	bot-196	bravo	M44mm34E0	state	13.59	20.81	303	0.27	0.00	2.01	1	medic
48208	bot-115	alpha	P00r-4320	tick	-9.99	-19.13	71	0.56	0.01		0	
48208	bot-116	alpha	P00m-2100	tick	-15.32	-17.19	312	0.63	1.27		0	
48208	bot-137	alpha	P00r-4310	tick	-11.91	-16.39	63	0.00	0.00		0	
48208	bot-140	alpha	P00r-4310	tick	-12.41	-17.86	294	0.00	0.00		0	
48208	bot-146	alpha	P00r-4310	tick	-12.19	-20.97	130	0.00	0.00		0	
48208	bot-149	alpha	P00r-4310	tick	-12.23	-19.06	334	0.00	0.00		0	
48208	bot-221	bravo	E44rm3010	latches	15.01	22.82	271	0.00	1.16		0	
48284	bot-181	bravo	A44rb3420	state+element	16.06	17.40	274	2.25	0.33	36.60	10	seek
48284	bot-196	bravo	T44mm34E0	state	13.98	21.28	329	6.03	0.60	1.41	1	medic
48284	bot-223	alpha	S00r-3310	tick	-20.17	18.99	138	2.33	2.22	27.87	10	seek
48435	bot-181	bravo	A44rm3420	element	16.06	17.40	272	0.00	0.00		0	
48435	bot-223	alpha	A00r-3310	state	-20.09	18.90	138	2.33	0.12	27.79	10	seek
48435	bot-224	alpha	S00r-4310	tick	-18.40	16.46	81	2.44	2.14	28.18	6	seek
48512	bot-181	bravo	A33r-3420	tier+score+element	16.06	17.40	272	0.00	0.00		0	
48512	bot-186	bravo	S33r-3420	tier+score+element	18.73	14.19	313	2.22	0.69	41.03	10	seek
48512	bot-196	bravo	T33m-34E0	tier+score+element	14.03	21.33	317	0.00	0.08	1.33	1	medic
48512	bot-201	bravo	S00r-2420	tick	-7.24	-13.14	339	2.35	2.08	37.12	14	seek
48512	bot-206	bravo	S33m-33E0	tier+score+element	17.21	15.55	313	1.98	1.59	40.28	10	seek
48512	bot-221	bravo	E33r-3010	tier+score+element	15.03	22.80	271	0.00	0.03		0	
48594	bot-181	bravo	A32r-3420	score	16.06	17.40	272	0.00	0.00		0	
48594	bot-186	bravo	S32r-3420	score	18.64	14.27	313	2.29	0.11	40.94	10	seek
48594	bot-196	bravo	T32m-34E0	score	14.03	21.33	324	0.00	0.00	1.33	1	medic
48594	bot-206	bravo	S32m-33E0	score	17.14	15.62	300	2.02	0.10	40.19	10	seek
48594	bot-221	bravo	E32r-3010	score	15.04	22.79	271	0.45	0.01		0	
48767	bot-115	alpha	P00r-4320	initial	-10.45	-19.45	46	0.00	0.56		0	
48767	bot-116	alpha	P00m-2100	initial	-14.97	-17.46	299	0.49	0.44		0	
48767	bot-137	alpha	P00r-4310	initial	-11.93	-16.40	63	0.73	0.02		0	
48767	bot-140	alpha	P00r-4310	initial	-12.39	-17.86	294	0.72	0.02		0	
48767	bot-146	alpha	P00r-4310	initial	-12.19	-20.97	130	0.00	0.00		0	
48767	bot-149	alpha	P00r-4310	initial	-12.24	-19.08	334	0.73	0.02		0	
48767	bot-181	bravo	P00r-3420	initial	16.06	17.40	272	0.00	0.00		0	
48767	bot-186	bravo	P00r-3420	initial	18.64	14.27	313	0.00	0.00		0	
48767	bot-196	bravo	T00m-34E0	initial	14.06	21.36	337	0.90	0.04		0	
48767	bot-201	bravo	P00r-2420	initial	-6.95	-13.45	339	0.00	0.42		0	
48767	bot-206	bravo	P00m-33E0	initial	17.14	15.62	300	0.00	0.00		0	
48767	bot-213	bravo	P00m-2320	initial	-7.95	-15.45	343	0.00	2.68		0	
48767	bot-214	bravo	P00r-4420	initial	-5.78	-12.47	336	0.00	0.77		0	
48767	bot-221	bravo	H00r-3010	initial	15.04	22.79	271	0.00	0.00		0	
48767	bot-223	alpha	P00r-3310	initial	-20.08	18.91	107	0.00	0.01		0	
48767	bot-224	alpha	P00r-4310	initial	-17.45	15.05	81	0.00	1.70		0	
48855	bot-223	alpha	A00r-3310	state	-20.05	18.88	107	0.36	0.04		0	
48855	bot-224	alpha	S00r-4310	state	-17.44	15.06	81	0.55	0.02		0	
49001	bot-181	bravo	A00r-3420	state	16.37	17.62	311	2.33	0.38		1	patrol
49001	bot-186	bravo	S00r-3420	state	18.60	14.60	346	2.30	0.34	1.87	1	squad
49001	bot-206	bravo	S00m-33E0	state	17.18	15.60	300	0.00	0.04		0	
49001	bot-221	bravo	H00r-3110	health	15.06	22.77	265	0.00	0.03		0	
49492	bot-221	bravo	H00r-3210	health	15.06	22.76	230	0.00	0.01		0	
49786	bot-115	alpha	P00r-4320	tick	-10.47	-20.06	207	0.86	0.61		0	
49786	bot-116	alpha	P00m-2100	tick	-15.16	-17.81	256	0.00	0.39		0	
49786	bot-137	alpha	P00r-4310	tick	-11.97	-16.48	57	2.40	0.10	1.48	1	squad
49786	bot-140	alpha	P00r-4310	tick	-12.41	-17.78	295	2.40	0.08	2.19	1	squad
49786	bot-146	alpha	P00r-4310	tick	-12.19	-20.97	130	0.00	0.00		0	
49786	bot-149	alpha	P00r-4310	tick	-12.24	-19.11	334	0.00	0.03		0	
49786	bot-196	bravo	T00m-34E0	tick	14.07	21.36	266	0.00	0.01		0	
49786	bot-201	bravo	P00r-2420	tick	-6.98	-13.35	339	0.00	0.10		0	
49786	bot-213	bravo	P00m-2320	tick	-7.79	-15.33	343	0.00	0.20		0	
49786	bot-214	bravo	P00r-4420	tick	-5.82	-12.38	336	0.00	0.10		0	
49883	bot-223	alpha	A00r-3310	tick	-20.05	18.87	92	0.00	0.00		0	
49883	bot-224	alpha	S00r-4310	tick	-15.18	14.35	84	2.31	2.37	31.40	6	seek
50024	bot-181	bravo	A00r-3420	tick	16.37	17.60	272	0.16	0.02		0	
50024	bot-186	bravo	S00r-3420	tick	17.77	15.34	269	1.87	1.11	35.72	8	seek
50024	bot-206	bravo	S00m-33E0	tick	15.49	16.94	272	2.19	2.15	39.96	10	seek
50024	bot-221	bravo	H00r-3310	health	15.06	22.76	271	0.00	0.00		0	
50321	bot-206	bravo	A00m-33E0	state	15.14	17.40	299	2.29	0.58	39.59	10	seek
50373	bot-221	bravo	S00r-3314	state+latches	15.06	22.76	294	0.00	0.00		0	
50710	bot-221	bravo	S00r-3414	health	15.06	22.76	312	0.00	0.00		0	
50790	bot-115	alpha	P00r-4320	tick	-10.00	-19.97	348	1.11	0.47		0	
50790	bot-116	alpha	P00m-2100	tick	-15.23	-17.92	254	2.45	0.13	1.19	1	squad
50790	bot-137	alpha	P00r-4310	tick	-11.42	-17.01	118	0.69	0.76		0	
50790	bot-140	alpha	P00r-4310	tick	-13.12	-17.62	232	0.08	0.73		0	
50790	bot-146	alpha	P00r-4310	tick	-12.19	-20.97	130	0.00	0.00		0	
50790	bot-149	alpha	P00r-4310	tick	-12.24	-19.13	334	0.00	0.02		0	
50790	bot-196	bravo	T00m-34E0	tick	14.09	21.38	235	0.00	0.02		0	
50790	bot-201	bravo	P00r-2420	tick	-7.00	-13.34	339	0.00	0.03		0	
50790	bot-213	bravo	P00m-2320	tick	-7.79	-15.33	343	0.00	0.00		0	
50790	bot-214	bravo	P00r-4420	tick	-5.82	-12.38	336	0.00	0.00		0	
50892	bot-223	alpha	A00r-3310	tick	-20.05	18.87	92	0.00	0.00		0	
50892	bot-224	alpha	S00r-4310	tick	-13.07	13.73	100	2.43	2.20	29.37	6	seek
50923	bot-181	bravo	F00r-3420	state	16.36	17.59	272	0.00	0.02		0	
50993	bot-181	bravo	A00r-3420	state	16.36	17.59	272	0.00	0.00		0	
50993	bot-196	bravo	T00m-34D0	packs	14.09	21.38	251	0.00	0.00		0	
51042	bot-181	bravo	F00r-3420	state	16.36	17.59	272	0.00	0.00		0	
51042	bot-186	bravo	S00r-3420	tick	16.11	16.44	277	2.05	1.99	34.12	8	seek
51098	bot-181	bravo	A00r-3420	state	16.36	17.59	272	0.00	0.00		0	
51155	bot-181	bravo	F00r-3420	state	16.36	17.59	272	0.00	0.00		0	
51206	bot-181	bravo	A00r-3420	state	16.36	17.59	272	0.00	0.00		0	
51275	bot-181	bravo	F00r-3420	state	16.36	17.59	272	0.00	0.00		0	
51275	bot-223	alpha	A10r-3310	tier	-20.05	18.87	92	0.00	0.00		0	
51331	bot-181	bravo	U00r-3420	state	16.36	17.57	272	0.74	0.01		0	
51331	bot-206	bravo	A00m-33E0	tick	15.15	17.42	272	0.00	0.02		0	
51478	bot-196	bravo	S00m-34D0	state	14.10	21.40	285	0.00	0.02		0	
51729	bot-221	bravo	S00r-3414	tick	15.06	22.76	232	0.00	0.00		0	
51797	bot-115	alpha	P00r-4320	tick	-10.34	-18.87	299	1.53	1.16		0	
51797	bot-116	alpha	P00m-2100	tick	-15.22	-17.81	337	2.43	0.11	1.87	3	squad
51797	bot-137	alpha	P00r-4310	tick	-11.39	-16.98	106	0.00	0.05		0	
51797	bot-140	alpha	P00r-4310	tick	-13.12	-17.55	232	0.00	0.07		0	
51797	bot-146	alpha	P00r-4310	tick	-12.19	-20.97	130	0.00	0.00		0	
51797	bot-149	alpha	P00r-4310	tick	-12.24	-19.13	334	0.00	0.00		0	
51797	bot-201	bravo	P00r-2420	tick	-7.00	-13.34	339	0.00	0.00		0	
51797	bot-213	bravo	P00m-2320	tick	-7.76	-15.30	343	0.03	0.04		0	
51797	bot-214	bravo	P00r-4420	tick	-5.82	-12.38	336	0.00	0.00		0	
51924	bot-224	alpha	S00r-4310	tick	-10.84	12.97	80	2.47	2.36	27.28	6	seek
51954	bot-221	bravo	S00r-3410	latches	15.06	22.76	215	0.00	0.00		0	
52041	bot-206	bravo	A00m-33EG	latches	15.18	17.88	272	0.00	0.46		0	
52096	bot-186	bravo	S00r-3420	tick	15.11	17.45	265	2.54	1.42	33.19	8	seek
52239	bot-186	bravo	A00r-3420	state	15.06	17.51	265	2.42	0.08	33.15	8	seek
52296	bot-206	bravo	S00m-33E0	state+latches	15.25	18.08	272	0.18	0.22		0	
52296	bot-223	alpha	A10r-3310	tick	-20.05	18.87	92	0.00	0.00		0	
52351	bot-181	bravo	U00r-3420	tick	16.37	17.53	272	0.00	0.05		0	
52483	bot-196	bravo	S00m-34D0	tick	13.09	19.67	267	1.59	2.01	37.10	10	seek
52778	bot-223	alpha	A00r-3310	tier	-20.05	18.87	92	0.00	0.00		0	
52839	bot-115	alpha	P00r-4320	tick	-10.39	-17.23	21	2.01	1.64		0	
52839	bot-116	alpha	P00m-2100	tick	-15.14	-17.35	3	0.00	0.46		0	
52839	bot-137	alpha	P00r-4310	tick	-11.41	-16.89	90	0.00	0.09		0	
52839	bot-140	alpha	P00r-4310	tick	-13.12	-17.54	232	0.00	0.00		0	
52839	bot-146	alpha	P00r-4310	tick	-12.19	-20.97	130	0.00	0.00		0	
52839	bot-149	alpha	P00r-4310	tick	-12.24	-19.13	326	0.00	0.00		0	
52839	bot-201	bravo	P00r-2420	tick	-7.00	-13.34	339	0.00	0.00		0	
52839	bot-213	bravo	P00m-2320	tick	-7.74	-15.27	343	0.00	0.04		0	
52839	bot-214	bravo	P00r-4420	tick	-5.82	-12.38	336	0.00	0.00		0	
52947	bot-224	alpha	S00r-4310	tick	-8.54	12.48	78	2.41	2.35	25.11	5	seek
52972	bot-221	bravo	S00r-3410	tick	13.88	21.10	260	2.08	2.03	30.75	7	seek
53249	bot-186	bravo	A00r-3420	tick	15.06	17.51	272	0.00	0.00		0	
53303	bot-206	bravo	S00m-33E0	tick	13.24	18.52	269	2.16	2.06	37.69	9	seek
53357	bot-181	bravo	U00r-3420	tick	16.37	17.50	272	0.00	0.02		0	
53503	bot-196	bravo	S00m-34D0	tick	11.51	18.50	245	2.10	1.97	35.47	10	seek
53805	bot-223	alpha	A00r-3310	tick	-20.05	18.87	92	0.00	0.00		0	
53847	bot-115	alpha	P00r-4320	tick	-10.43	-15.51	329	0.13	1.72		0	
53847	bot-116	alpha	P00m-2100	tick	-15.14	-17.35	3	0.00	0.00		0	
53847	bot-137	alpha	P00r-4310	tick	-11.41	-16.83	84	0.00	0.06		0	
53847	bot-140	alpha	P00r-4310	tick	-13.68	-16.40	316	0.61	1.27		0	
53847	bot-146	alpha	P00r-4310	tick	-12.19	-20.97	130	0.00	0.00		0	
53847	bot-149	alpha	P00r-4310	tick	-12.24	-19.13	326	0.00	0.00		0	
53847	bot-201	bravo	P00r-2420	tick	-7.00	-13.34	339	0.00	0.00		0	
53847	bot-213	bravo	P00m-2320	tick	-7.74	-15.27	343	0.00	0.00		0	
53847	bot-214	bravo	P00r-4420	tick	-5.82	-12.38	336	0.00	0.00		0	
53948	bot-224	alpha	S00r-4310	tick	-6.44	13.06	79	2.20	2.18	22.94	4	seek
53979	bot-221	bravo	S00r-3410	tick	12.70	19.41	219	1.98	2.07	29.35	7	seek
54045	bot-206	bravo	A00m-33E0	state	11.88	18.22	248	2.03	1.39	36.34	9	seek
54102	bot-206	bravo	A00m-33EG	latches	11.89	18.22	255	0.01	0.00		0	
54252	bot-186	bravo	F00r-3420	state	15.06	17.51	272	0.00	0.00		0	
54252	bot-223	alpha	F00r-3310	state	-20.05	18.87	92	0.00	0.00		0	
54308	bot-186	bravo	A00r-3420	state	15.06	17.51	272	0.00	0.00		0	
54308	bot-206	bravo	S00m-33E0	state+latches	11.89	18.22	255	0.00	0.00		0	
54308	bot-223	alpha	A00r-3310	state	-20.05	18.87	92	0.00	0.00		0	
54363	bot-181	bravo	U00r-3420	tick	16.37	17.49	272	0.00	0.01		0	
54363	bot-186	bravo	F00r-3420	state	15.06	17.51	272	0.00	0.00		0	
54363	bot-186	bravo	F00r-2420	ammo	15.06	17.51	272	0.00	0.00		0	
54363	bot-223	alpha	F00r-3310	state	-20.05	18.87	92	0.00	0.00		0	
54436	bot-186	bravo	A00r-2420	state	15.06	17.51	272	0.00	0.00		0	
54436	bot-223	alpha	A00r-3310	state	-20.05	18.87	92	0.00	0.00		0	
54486	bot-186	bravo	F00r-2420	state	15.06	17.51	272	0.00	0.00		0	
54486	bot-223	alpha	F00r-3310	state	-20.05	18.87	92	0.00	0.00		0	
54548	bot-186	bravo	A00r-2420	state	15.06	17.51	272	0.00	0.00		0	
54548	bot-196	bravo	S00m-34D0	tick	9.64	18.17	269	2.14	1.90	33.60	9	seek
54548	bot-223	alpha	A00r-3310	state	-20.05	18.87	92	0.00	0.00		0	
54600	bot-186	bravo	F00r-2420	state	15.06	17.51	272	0.00	0.00		0	
54600	bot-223	alpha	F00r-3310	state	-20.05	18.87	92	0.00	0.00		0	
54660	bot-186	bravo	U00r-2420	state	15.06	17.51	272	0.00	0.00		0	
54660	bot-206	bravo	A00m-33E0	state	11.52	18.06	270	2.04	0.40	35.97	9	seek
54660	bot-223	alpha	U00r-3310	state	-20.05	18.87	92	0.00	0.00		0	
54736	bot-206	bravo	A00m-33EG	latches	11.52	18.06	271	0.28	0.01		0	
54736	bot-223	alpha	A00r-3310	state	-20.05	18.87	92	0.00	0.00		0	
54854	bot-115	alpha	P00r-4320	tick	-10.00	-15.59	75	1.00	0.43		0	
54854	bot-116	alpha	P00m-2100	tick	-15.14	-17.35	3	0.00	0.00		0	
54854	bot-137	alpha	P00r-4310	tick	-11.41	-16.77	84	0.00	0.05		0	
54854	bot-140	alpha	P00r-4310	tick	-13.56	-16.36	329	0.00	0.13		0	
54854	bot-146	alpha	P00r-4310	tick	-12.19	-20.97	130	0.00	0.00		0	
54854	bot-149	alpha	P00r-4310	tick	-12.24	-19.13	326	0.00	0.00		0	
54854	bot-196	bravo	A00m-34D0	state	9.10	18.16	269	2.42	0.54	33.06	9	seek
54854	bot-201	bravo	P00r-2420	tick	-7.00	-13.34	339	0.00	0.00		0	
54854	bot-213	bravo	P00m-2320	tick	-7.68	-15.21	343	0.10	0.08		0	
54854	bot-214	bravo	P00r-4420	tick	-5.82	-12.38	336	0.00	0.00		0	
54940	bot-196	bravo	A00m-34DG	latches	9.10	18.15	271	0.09	0.01		0	
54940	bot-206	bravo	S00m-33E0	state+latches	11.53	18.06	271	0.00	0.00		0	
54997	bot-221	bravo	S00r-3410	tick	11.38	18.79	264	1.79	1.45	27.97	6	seek
54997	bot-224	alpha	S00r-4310	tick	-4.67	14.20	69	2.40	2.11	20.99	4	seek
55165	bot-196	bravo	S00m-34D0	state+latches	9.10	18.15	271	0.00	0.00		0	
55284	bot-186	bravo	U00r-242G	latches	14.93	17.19	272	4.13	0.35	27.13	6	pursue
55284	bot-206	bravo	A00m-33E0	state	11.15	18.04	270	1.92	0.37	35.60	9	seek
55338	bot-206	bravo	A00m-33EG	latches	11.16	18.03	272	0.27	0.00		0	
55391	bot-181	bravo	U00r-3420	tick	16.38	17.47	272	0.00	0.02		0	
55391	bot-186	bravo	U00r-2420	latches	14.93	17.60	272	4.10	0.41	27.21	5	pursue
55562	bot-206	bravo	S00m-33E0	state+latches	11.16	18.03	272	0.00	0.00		0	
55743	bot-223	alpha	A00r-3310	tick	-20.05	18.87	92	0.00	0.00		0	
55849	bot-206	bravo	A00m-33E0	state	10.79	18.00	270	1.98	0.37	35.24	9	seek
55917	bot-115	alpha	P00r-4320	tick	-10.00	-15.54	344	0.10	0.05		0	
55917	bot-116	alpha	P00m-2100	tick	-15.17	-17.35	350	0.00	0.02		0	
55917	bot-137	alpha	P00r-4310	tick	-11.41	-16.74	84	0.00	0.03		0	
55917	bot-140	alpha	P00r-4310	tick	-13.55	-16.36	329	0.00	0.00		0	
55917	bot-146	alpha	P00r-4310	tick	-12.19	-20.97	130	0.00	0.00		0	
55917	bot-149	alpha	P00r-4310	tick	-12.25	-19.11	339	0.00	0.02		0	
55917	bot-201	bravo	P00r-2420	tick	-7.00	-13.34	339	0.00	0.00		0	
55917	bot-213	bravo	P00m-2320	tick	-7.68	-15.21	343	0.00	0.01		0	
55917	bot-214	bravo	P00r-4420	tick	-5.82	-12.38	336	0.00	0.00		0	
55951	bot-206	bravo	A00m-33EG	latches	10.82	17.99	272	0.13	0.03		0	
56013	bot-221	bravo	S00r-3410	tick	9.78	18.82	276	2.10	1.60	26.38	6	seek
56013	bot-224	alpha	S00r-4310	tick	-2.63	15.52	84	2.53	2.43	18.79	4	seek
56168	bot-196	bravo	S00m-34D0	tick	7.07	18.11	269	1.99	2.03	31.03	8	seek
56168	bot-206	bravo	S00m-33E0	state+latches	10.82	17.99	272	0.00	0.00		0	
56422	bot-181	bravo	U00r-3420	tick	16.38	17.46	272	0.00	0.01		0	
56422	bot-186	bravo	U00r-2420	tick	11.62	17.96	272	2.96	3.33	24.04	5	pursue
56453	bot-206	bravo	A00m-33E0	state	10.52	17.98	270	1.93	0.31	34.97	9	seek
56529	bot-206	bravo	A00m-33EG	latches	10.52	17.98	272	0.47	0.01		0	
56707	bot-206	bravo	S00m-33E0	state+latches	10.41	17.98	272	0.00	0.11		0	
56782	bot-223	alpha	A00r-3310	tick	-20.05	18.87	92	0.00	0.00		0	
56917	bot-115	alpha	P00r-4320	tick	-10.05	-15.55	99	0.48	0.05		0	
56917	bot-116	alpha	P00m-2100	tick	-15.16	-17.35	350	0.00	0.01		0	
56917	bot-137	alpha	P00r-4310	tick	-11.41	-16.74	84	0.00	0.00		0	
56917	bot-140	alpha	P00r-4310	tick	-13.55	-16.36	329	0.00	0.00		0	
56917	bot-146	alpha	P00r-4310	tick	-12.19	-20.97	130	0.00	0.00		0	
56917	bot-149	alpha	P00r-4310	tick	-12.25	-19.12	339	0.00	0.01		0	
56917	bot-201	bravo	P00r-2420	tick	-7.00	-13.34	339	0.00	0.00		0	
56917	bot-213	bravo	P00m-2320	tick	-7.63	-15.14	343	0.10	0.08		0	
56917	bot-214	bravo	P00r-4420	tick	-5.82	-12.38	336	0.00	0.00		0	
57011	bot-206	bravo	A00m-33E0	state	9.78	18.07	270	2.05	0.64	34.23	9	seek
57079	bot-206	bravo	A00m-33EG	latches	9.75	18.07	272	0.36	0.03		0	
57079	bot-221	bravo	C00r-3410	state	7.50	18.51	264	2.27	2.31	24.07	6	seek
57079	bot-224	alpha	S00r-4310	tick	-0.56	16.94	68	2.66	2.51	16.62	4	seek
57128	bot-196	bravo	C00m-34D0	state	5.18	18.09	270	2.10	1.89	29.14	8	seek
57128	bot-221	bravo	C00r-3412	latches	7.90	18.37	259	3.83	0.42	3.58	3	cover
57128	bot-224	alpha	A00r-4310	state	-0.56	16.94	68	2.66	0.00	16.62	4	seek
57203	bot-196	bravo	C00m-34D2	latches	5.18	18.10	259	0.45	0.01		0	
57264	bot-206	bravo	S00m-33E0	state+latches	9.59	18.20	272	0.00	0.20		0	
57264	bot-221	bravo	C00r-341I	latches	8.31	18.31	248	4.08	0.42	3.71	3	cover
57397	bot-221	bravo	C00r-3412	latches	8.60	18.54	250	3.65	0.37	4.05	3	cover
57466	bot-181	bravo	U00r-3420	tick	16.38	17.47	272	0.00	0.01		0	
57466	bot-186	bravo	U00r-2420	tick	9.18	17.72	272	3.94	2.46	18.46	6	pursue
57576	bot-196	bravo	A00m-34D0	state+latches	5.18	18.11	259	0.00	0.01		0	
57665	bot-224	alpha	C00r-4310	state	-0.55	16.97	79	0.00	0.02		0	
57717	bot-223	alpha	A00r-331G	latches	-20.05	18.87	92	0.00	0.00		0	
57717	bot-224	alpha	C00r-4312	latches	-0.55	16.97	79	0.00	0.00		0	
57770	bot-186	bravo	U00r-242G	latches	7.96	17.77	272	4.18	1.22	17.23	6	pursue
57770	bot-206	bravo	A00m-33E0	state	9.04	18.21	237	2.61	0.55	33.49	8	seek
57770	bot-223	alpha	A00r-3310	latches	-20.05	18.87	92	0.00	0.00		0	
57842	bot-206	bravo	A00m-33EG	latches	9.04	18.21	247	0.01	0.01		0	
57933	bot-115	alpha	P00r-4320	tick	-9.99	-15.52	69	0.02	0.06		0	
57933	bot-116	alpha	P00m-2100	tick	-15.14	-17.36	3	0.00	0.02		0	
57933	bot-137	alpha	P00r-4310	tick	-11.41	-16.77	84	0.00	0.03		0	
57933	bot-140	alpha	P00r-4310	tick	-13.51	-16.35	342	0.06	0.04		0	
57933	bot-146	alpha	P00r-4310	tick	-12.19	-20.97	130	0.00	0.00		0	
57933	bot-149	alpha	P00r-4310	tick	-12.25	-19.13	339	0.00	0.01		0	
57933	bot-201	bravo	P00r-2420	tick	-7.00	-13.34	339	0.00	0.00		0	
57933	bot-213	bravo	P00m-2320	tick	-7.57	-15.06	343	0.01	0.11		0	
57933	bot-214	bravo	P00r-4420	tick	-5.82	-12.38	336	0.00	0.00		0	
57976	bot-186	bravo	S00r-2420	state+latches	7.45	17.79	272	3.18	0.51	16.72	6	pursue
58038	bot-206	bravo	S00m-33E0	state+latches	9.04	18.21	247	0.00	0.00		0	
58128	bot-221	bravo	C00r-341I	latches	10.75	18.63	252	5.83	2.15	5.51	3	cover
58128	bot-224	alpha	A00r-4310	state+latches	-0.55	16.97	78	0.00	0.00		0	
58206	bot-196	bravo	C00m-34D0	state	5.18	18.14	258	0.00	0.02		0	
58206	bot-224	alpha	E00r-4210	state+health	-0.55	16.97	78	0.00	0.00		0	
58270	bot-181	bravo	U21r-3420	tier+score	16.38	17.47	272	0.00	0.00		0	
58270	bot-186	bravo	S21r-2420	tier+score	7.47	17.79	277	0.00	0.02		0	
58270	bot-196	bravo	C21m-33D2	tier+score+health+latches	5.18	18.15	258	0.00	0.01		0	
58270	bot-206	bravo	S21m-33E0	tier+score	8.66	18.22	278	2.47	0.39	33.11	8	seek
58270	bot-221	bravo	C21r-341I	tier+score	11.22	18.41	227	5.41	0.52	5.75	3	cover
58270	bot-224	alpha	E00r-4219	latches	-0.73	16.73	78	3.56	0.30	5.68	1	flee
58378	bot-196	bravo	C21m-33DI	latches	5.18	18.16	269	0.00	0.01		0	
58378	bot-221	bravo	C21r-3412	latches	11.66	18.21	201	4.79	0.49	6.01	3	cover
58378	bot-224	alpha	E00r-421P	latches	-0.94	16.42	76	3.83	0.37	5.30	1	flee
58591	bot-196	bravo	C21m-33D2	latches	5.17	18.18	302	0.00	0.03		0	
58591	bot-224	alpha	E00r-4219	latches	-1.38	15.80	76	4.62	0.76	4.55	1	flee
58674	bot-196	bravo	S21m-33D0	state+latches	5.17	18.18	302	0.00	0.00		0	
58902	bot-115	alpha	P00r-4320	initial	-10.45	-15.95	155	0.00	0.63		0	
58902	bot-116	alpha	P00m-2100	initial	-15.17	-17.36	350	0.72	0.02		0	
58902	bot-137	alpha	P00r-4310	initial	-11.41	-16.74	84	0.74	0.03		0	
58902	bot-140	alpha	P00r-4310	initial	-13.46	-16.30	8	0.00	0.07		0	
58902	bot-146	alpha	P00r-4310	initial	-12.19	-20.97	130	0.00	0.00		0	
58902	bot-149	alpha	P00r-4310	initial	-12.25	-19.13	339	0.00	0.00		0	
58902	bot-181	bravo	P20r-3420	initial	16.37	17.48	272	0.00	0.01		0	
58902	bot-186	bravo	P20r-2420	initial	6.55	18.05	262	0.00	0.95		0	
58902	bot-196	bravo	P20m-33D0	initial	5.05	18.19	289	0.00	0.12		0	
58902	bot-201	bravo	P00r-2420	initial	-7.39	-12.84	339	0.85	0.63		0	
58902	bot-206	bravo	P20m-33E0	initial	7.85	18.41	259	0.00	0.83		0	
58902	bot-213	bravo	P00m-2320	initial	-8.43	-15.95	356	0.76	1.24		0	
58902	bot-214	bravo	P00r-4420	initial	-5.84	-12.33	336	0.86	0.06		0	
58902	bot-221	bravo	P00r-3410	initial	12.01	17.26	177	0.00	1.01		0	
58902	bot-223	alpha	P00r-3310	initial	-20.05	18.87	92	0.00	0.00		0	
58902	bot-224	alpha	E00r-4210	initial	-1.54	15.35	76	5.07	0.47	3.83	1	flee
59039	bot-181	bravo	P00r-3420	tier	16.30	17.42	259	0.89	0.09		0	
59039	bot-186	bravo	P00r-2420	tier	6.81	18.02	237	2.39	0.26	7.93	3	squad
59039	bot-196	bravo	P00m-33D0	tier	5.07	18.20	289	0.00	0.03		0	
59039	bot-206	bravo	P00m-33E0	tier	7.84	18.40	259	0.00	0.01		0	
59039	bot-224	alpha	E00r-4219	latches	-1.56	15.10	76	5.16	0.26	3.57	1	flee
59850	bot-224	alpha	E00r-4210	latches	-1.92	11.83	76	0.00	3.29		0	
59907	bot-115	alpha	P00r-4320	tick	-9.99	-16.00	203	0.39	0.46		0	
59907	bot-116	alpha	P00m-2100	tick	-15.15	-17.36	350	0.74	0.01		0	
59907	bot-137	alpha	P00r-4310	tick	-11.41	-16.73	71	0.73	0.02		0	
59907	bot-140	alpha	P00r-4310	tick	-13.46	-16.30	8	0.00	0.00		0	
59907	bot-146	alpha	P00r-4310	tick	-12.19	-20.97	130	0.00	0.00		0	
59907	bot-149	alpha	P00r-4310	tick	-12.25	-19.13	339	0.00	0.00		0	
59907	bot-201	bravo	P00r-2420	tick	-7.38	-12.79	339	0.00	0.05		0	
59907	bot-213	bravo	P00m-2320	tick	-8.42	-15.96	356	0.72	0.02		0	
59907	bot-214	bravo	P00r-4420	tick	-5.87	-12.30	337	0.00	0.04		0	
59907	bot-221	bravo	P00r-3410	tick	12.21	17.33	144	2.05	0.22	12.81	4	squad
59907	bot-223	alpha	P00r-3310	tick	-21.07	20.63	340	3.02	2.03		1	patrol
60047	bot-181	bravo	P00r-3420	tick	15.02	17.75	304	1.94	1.33		11	patrol
60047	bot-186	bravo	P00r-2420	tick	8.96	17.87	117	2.57	2.16	8.61	2	squad
60047	bot-196	bravo	P00m-33D0	tick	5.13	18.21	289	0.50	0.06		0	
60047	bot-206	bravo	P00m-33E0	tick	7.88	18.49	259	0.00	0.09		0	
60376	bot-224	alpha	H00r-4210	state	-1.93	11.84	76	0.00	0.01		0	
60592	bot-224	alpha	H00r-4310	health	-1.93	11.84	76	0.00	0.00		0	
60937	bot-115	alpha	P00r-4320	tick	-9.99	-15.90	296	0.38	0.10		0	
60937	bot-116	alpha	P00m-2100	tick	-15.15	-17.36	350	0.00	0.00		0	
60937	bot-137	alpha	P00r-4310	tick	-11.41	-16.73	71	0.00	0.01		0	
60937	bot-140	alpha	P00r-4310	tick	-13.46	-16.30	8	0.00	0.00		0	
60937	bot-146	alpha	P00r-4310	tick	-12.19	-20.97	130	0.00	0.00		0	
60937	bot-149	alpha	P00r-4310	tick	-12.25	-19.13	339	0.00	0.00		0	
60937	bot-201	bravo	P00r-2420	tick	-7.37	-12.77	339	0.00	0.02		0	
60937	bot-213	bravo	P00m-2320	tick	-8.40	-15.98	6	0.46	0.03		0	
60937	bot-214	bravo	P00r-4420	tick	-5.87	-12.30	337	0.00	0.00		0	
60937	bot-221	bravo	P00r-3410	tick	13.39	17.36	118	2.77	1.18	9.25	5	squad
60937	bot-223	alpha	P00r-3310	tick	-20.86	21.41	99	2.37	0.81		9	patrol
61072	bot-181	bravo	P00r-3420	tick	13.32	18.66	294	2.22	1.93		10	patrol
61072	bot-186	bravo	P00r-2420	tick	11.35	17.88	81	2.41	2.38	4.47	2	squad
61072	bot-196	bravo	P00m-33D0	tick	6.34	18.20	57	2.40	1.21	19.62	4	squad
61072	bot-206	bravo	P00m-33E0	tick	8.64	18.43	178	2.38	0.76	18.39	3	squad
61317	bot-224	alpha	P00r-4310	state	-1.93	11.84	76	0.00	0.00		0	
61954	bot-115	alpha	P00r-4320	tick	-9.99	-15.87	95	0.09	0.03		0	
61954	bot-116	alpha	P00m-2100	tick	-15.13	-17.36	2	0.00	0.01		0	
61954	bot-137	alpha	P00r-4310	tick	-11.41	-16.74	71	0.00	0.00		0	
61954	bot-140	alpha	P00r-4310	tick	-13.46	-16.30	8	0.00	0.00		0	
61954	bot-146	alpha	P00r-4310	tick	-12.19	-20.97	130	0.00	0.00		0	
61954	bot-149	alpha	P00r-4310	tick	-12.25	-19.13	339	0.00	0.00		0	
61954	bot-201	bravo	P00r-2420	tick	-7.37	-12.68	339	0.00	0.09		0	
61954	bot-213	bravo	P00m-2320	tick	-8.42	-15.97	354	0.00	0.02		0	
61954	bot-214	bravo	P00r-4420	tick	-5.87	-12.30	337	0.00	0.00		0	
61954	bot-221	bravo	P00r-3410	tick	14.64	17.93	104	2.49	1.37	7.16	2	squad
61954	bot-223	alpha	P00r-3310	tick	-18.66	20.54	93	2.78	2.37		9	patrol
62122	bot-181	bravo	P00r-3420	tick	11.31	18.61	216	2.19	2.00		11	patrol
62122	bot-186	bravo	P00r-2420	tick	13.18	18.28	17	2.33	1.88	1.67	1	squad
62122	bot-196	bravo	P00m-33D0	tick	8.77	18.22	72	2.40	2.43	14.93	3	squad
62122	bot-206	bravo	P00m-33E0	tick	10.03	18.50	61	2.24	1.39	16.62	2	squad
62355	bot-224	alpha	P00r-4310	tick	-3.13	10.29	201	2.14	1.96	20.79	8	squad
62638	bot-115	alpha	P00r-4320	initial	-10.45	-16.45	97	0.00	0.74		0	
62638	bot-116	alpha	P00m-2100	initial	-15.14	-17.36	2	0.75	0.01		0	
62638	bot-137	alpha	P00r-4310	initial	-11.41	-16.74	71	0.74	0.00		0	
62638	bot-140	alpha	P00r-4310	initial	-13.44	-16.29	8	0.53	0.02		0	
62638	bot-146	alpha	P00r-4310	initial	-12.19	-20.97	130	0.00	0.00		0	
62638	bot-149	alpha	P00r-4310	initial	-12.25	-19.13	339	0.74	0.00		0	
62638	bot-181	bravo	P00r-3420	initial	10.88	18.23	214	0.80	0.58		9	patrol
62638	bot-186	bravo	P00r-2420	initial	13.24	18.57	359	0.30	0.30		0	
62638	bot-196	bravo	P00m-33D0	initial	9.57	18.13	106	0.86	0.80		0	
62638	bot-201	bravo	P00r-2420	initial	-7.37	-12.65	339	0.46	0.03		0	
62638	bot-206	bravo	P00m-33E0	initial	10.55	18.59	59	0.60	0.54		0	
62638	bot-213	bravo	P00m-2320	initial	-8.40	-15.95	6	0.69	0.03		0	
62638	bot-214	bravo	P00r-4420	initial	-5.92	-12.35	337	0.72	0.07		0	
62638	bot-221	bravo	P00r-3410	initial	15.60	18.55	67	0.64	1.14		0	
62638	bot-223	alpha	P00r-3310	initial	-17.67	19.89	132	0.71	1.19		12	patrol
62638	bot-224	alpha	P00r-4310	initial	-3.27	10.27	199	1.03	0.14		0	
63658	bot-115	alpha	P00r-4320	tick	-9.99	-15.55	35	1.05	1.01		0	
63658	bot-116	alpha	P00m-2100	tick	-15.16	-17.36	350	0.00	0.02		0	
63658	bot-137	alpha	P00r-4310	tick	-11.41	-16.74	71	0.00	0.00		0	
63658	bot-140	alpha	P00r-4310	tick	-14.14	-16.04	287	0.00	0.74		0	
63658	bot-146	alpha	P00r-4310	tick	-12.19	-20.97	130	0.00	0.00		0	
63658	bot-149	alpha	P00r-4310	tick	-12.25	-19.15	326	0.00	0.02		0	
63658	bot-181	bravo	P00r-3420	tick	10.21	17.93	288	2.03	0.74		9	patrol
63658	bot-186	bravo	P00r-2420	tick	13.25	18.58	359	0.00	0.01		0	
63658	bot-196	bravo	P00m-33D0	tick	10.01	18.50	56	2.10	0.57	12.83	2	squad
63658	bot-201	bravo	P00r-2420	tick	-5.63	-13.18	107	1.63	1.81	35.46	9	squad
63658	bot-206	bravo	P00m-33E0	tick	11.99	18.64	110	2.59	1.44	12.94	3	squad
63658	bot-213	bravo	P00m-2320	tick	-8.40	-15.93	353	0.00	0.02		0	
63658	bot-214	bravo	P00r-4420	tick	-4.55	-12.31	91	1.88	1.37	33.96	9	squad
63658	bot-221	bravo	P00r-3410	tick	17.00	18.38	68	2.46	1.41	3.13	1	squad
63658	bot-223	alpha	P00r-3310	tick	-17.52	17.50	170	2.82	2.39		10	patrol
63658	bot-224	alpha	P00r-4310	tick	-4.71	10.39	265	2.51	1.45	17.14	3	squad
64665	bot-115	alpha	P00r-4320	tick	-9.99	-15.50	19	0.00	0.04		0	
64665	bot-116	alpha	P00m-2100	tick	-15.13	-17.36	358	0.00	0.03		0	
64665	bot-137	alpha	P00r-4310	tick	-11.41	-16.74	71	0.00	0.00		0	
64665	bot-140	alpha	P00r-4310	tick	-14.14	-16.04	287	0.00	0.00		0	
64665	bot-146	alpha	P00r-4310	tick	-12.19	-20.97	130	0.00	0.00		0	
64665	bot-149	alpha	P00r-4310	tick	-12.25	-19.14	326	0.00	0.01		0	
64665	bot-181	bravo	P00r-3420	tick	7.89	17.89	280	2.44	2.32		9	patrol
64665	bot-186	bravo	P00r-2420	tick	12.97	17.75	246	2.01	0.88	2.60	2	squad
64665	bot-196	bravo	P00m-33D0	tick	12.53	18.60	50	2.54	2.52	8.54	2	squad
64665	bot-201	bravo	P00r-2420	tick	-3.84	-13.25	68	1.97	1.79	33.62	8	squad
64665	bot-206	bravo	P00m-33E0	tick	13.86	19.34	65	2.32	1.99	9.34	2	squad
64665	bot-213	bravo	P00m-2320	tick	-8.46	-15.99	343	0.30	0.08		0	
64665	bot-214	bravo	P00r-4420	tick	-2.57	-12.52	80	2.03	2.00	32.36	9	squad
64665	bot-221	bravo	P00r-3410	tick	18.44	18.48	98	0.07	1.44		0	
64665	bot-223	alpha	P00r-3310	tick	-16.13	15.36	150	2.53	2.55		8	patrol
64665	bot-224	alpha	P00r-4310	tick	-6.81	10.79	275	1.96	2.14	12.59	3	squad
65243	bot-115	alpha	P00r-4320	initial	-10.45	-15.95	19	0.00	0.64		0	
65243	bot-116	alpha	P00m-2100	initial	-15.15	-17.37	350	0.74	0.02		0	
65243	bot-137	alpha	P00r-4310	initial	-11.41	-16.76	82	0.72	0.02		0	
65243	bot-140	alpha	P00r-4310	initial	-14.14	-16.04	287	0.00	0.00		0	
65243	bot-146	alpha	P00r-4310	initial	-12.19	-20.97	130	0.00	0.00		0	
65243	bot-149	alpha	P00r-4310	initial	-12.25	-19.13	326	0.74	0.01		0	
65243	bot-181	bravo	P00r-3420	initial	6.97	17.86	256	2.01	0.93		6	patrol
65243	bot-186	bravo	P00r-2420	initial	12.12	17.85	331	2.58	0.86	2.65	2	squad
65243	bot-196	bravo	P00m-33D0	initial	13.57	18.61	100	1.97	1.04	5.62	1	squad
65243	bot-201	bravo	P00r-2420	initial	-2.42	-14.38	78	0.88	1.82		0	
65243	bot-206	bravo	P00m-33E0	initial	14.63	19.31	75	0.38	0.77		0	
65243	bot-213	bravo	P00m-2320	initial	-8.46	-15.98	343	0.73	0.01		0	
65243	bot-214	bravo	P00r-4420	initial	-1.47	-13.88	74	1.06	1.75		0	
65243	bot-221	bravo	P00r-3410	initial	18.06	18.24	167	0.56	0.45		0	
65243	bot-223	alpha	P00r-3310	initial	-15.29	14.54	123	2.72	1.18		6	patrol
65243	bot-224	alpha	P00r-4310	initial	-7.34	10.98	285	0.08	0.56		0	
66257	bot-115	alpha	P00r-4320	tick	-10.15	-15.54	317	0.82	0.51		0	
66257	bot-116	alpha	P00m-2100	tick	-15.13	-17.37	359	0.00	0.03		0	
66257	bot-137	alpha	P00r-4310	tick	-11.42	-16.76	79	0.00	0.01		0	
66257	bot-140	alpha	P00r-4310	tick	-14.14	-16.04	287	0.00	0.00		0	
66257	bot-146	alpha	P00r-4310	tick	-12.19	-20.97	130	0.00	0.00		0	
66257	bot-149	alpha	P00r-4310	tick	-12.25	-19.13	326	0.00	0.00		0	
66257	bot-181	bravo	P00r-3420	tick	4.82	17.94	288	2.51	2.15		6	patrol
66257	bot-186	bravo	P00r-2420	tick	10.24	17.94	299	2.02	1.88	2.81	1	squad
66257	bot-196	bravo	P00m-33D0	tick	15.75	18.06	91	2.16	2.25	1.37	1	squad
66257	bot-201	bravo	P00r-2420	tick	-2.42	-14.37	78	0.00	0.01		0	
66257	bot-206	bravo	P00m-33E0	tick	16.84	19.11	89	2.45	2.22	3.87	1	squad
66257	bot-213	bravo	P00m-2320	tick	-8.45	-15.96	353	0.00	0.01		0	
66257	bot-214	bravo	P00r-4420	tick	-1.48	-13.87	74	0.00	0.01		0	
66257	bot-221	bravo	P00r-3410	tick	16.17	17.43	218	2.43	2.05	0.66	1	squad
66257	bot-223	alpha	P00r-3310	tick	-13.15	13.60	125	2.40	2.34		6	patrol
66257	bot-224	alpha	P00r-4310	tick	-9.43	12.03	282	2.47	2.35	7.41	3	squad
66470	bot-223	alpha	A00r-3310	state	-12.76	13.44	131	2.55	0.42		6	patrol
66470	bot-224	alpha	S00r-4310	state	-9.78	12.24	267	2.26	0.40	5.83	1	squad
66531	bot-223	alpha	A00r-331G	latches	-12.76	13.44	139	0.00	0.00		0	
66632	bot-224	alpha	A00r-4310	state	-9.75	12.27	230	0.24	0.04		0	
66747	bot-223	alpha	S00r-3310	state+latches	-12.76	13.44	139	0.00	0.00		0	
67023	bot-181	bravo	C00r-3420	state	3.32	17.99	289	2.37	1.49		6	patrol
67023	bot-186	bravo	S00r-2420	state	8.98	17.95	279	2.35	1.26	2.61	1	squad
67023	bot-196	bravo	S00m-33D0	state	15.74	18.05	91	0.00	0.02		0	
67023	bot-206	bravo	S00m-33E0	state	17.67	18.58	104	0.00	0.98		0	
67023	bot-221	bravo	S00r-3410	state	15.19	17.24	302	2.24	1.00	1.90	3	squad
67107	bot-181	bravo	C00r-342I	latches	3.74	18.01	292	4.60	0.42	4.08	4	cover
67292	bot-115	alpha	P00r-4320	tick	-10.36	-15.50	338	0.21	0.22		0	
67292	bot-116	alpha	P00m-2100	tick	-15.14	-17.37	359	0.00	0.02		0	
67292	bot-137	alpha	P00r-4310	tick	-11.42	-16.74	79	0.00	0.02		0	
67292	bot-140	alpha	P00r-4310	tick	-14.14	-16.04	287	0.00	0.00		0	
67292	bot-146	alpha	P00r-4310	tick	-12.19	-20.97	130	0.00	0.00		0	
67292	bot-149	alpha	P00r-4310	tick	-12.25	-19.10	339	0.62	0.03		0	
67292	bot-181	bravo	C00r-3422	latches	4.46	18.02	335	3.23	0.72	3.63	4	cover
67292	bot-201	bravo	P00r-2420	tick	-2.42	-14.37	78	0.00	0.00		0	
67292	bot-213	bravo	P00m-2320	tick	-8.44	-15.97	353	0.00	0.01		0	
67292	bot-214	bravo	P00r-4420	tick	-1.48	-13.87	74	0.00	0.00		0	
67292	bot-223	alpha	A00r-3310	state	-12.74	13.44	158	0.00	0.02		0	
67363	bot-223	alpha	A00r-331G	latches	-12.74	13.44	158	0.00	0.00		0	
67570	bot-223	alpha	S00r-3310	state+latches	-12.74	13.44	158	0.00	0.00		0	
67645	bot-224	alpha	A00r-4310	tick	-9.75	12.28	162	0.00	0.00		0	
67812	bot-181	bravo	S00r-3420	state+latches	6.20	18.03	78	4.46	1.74	3.00	4	cover
68055	bot-186	bravo	S00r-2420	tick	6.94	17.94	244	1.75	2.04	18.20	3	seek
68055	bot-196	bravo	S00m-33D0	tick	13.93	19.05	255	2.70	2.07	27.90	4	seek
68055	bot-206	bravo	S00m-33E0	tick	15.71	18.44	261	2.68	1.96	28.01	6	seek
68055	bot-221	bravo	S00r-3410	tick	13.55	17.79	251	2.23	1.73	22.21	4	seek
68156	bot-223	alpha	A00r-3310	state	-12.74	13.44	199	0.00	0.00		0	
68254	bot-223	alpha	A00r-331G	latches	-12.74	13.44	191	0.00	0.00		0	
68332	bot-115	alpha	P00r-4320	tick	-10.35	-15.50	342	0.57	0.01		0	
68332	bot-116	alpha	P00m-2100	tick	-15.14	-17.37	359	0.74	0.00		0	
68332	bot-137	alpha	P00r-4310	tick	-11.42	-16.74	79	0.00	0.00		0	
68332	bot-140	alpha	P00r-4310	tick	-14.14	-16.04	287	0.00	0.00		0	
68332	bot-146	alpha	P00r-4310	tick	-12.19	-20.97	130	0.00	0.00		0	
68332	bot-149	alpha	P00r-4310	tick	-12.25	-19.13	339	0.00	0.03		0	
68332	bot-201	bravo	P00r-2420	tick	-2.42	-14.37	78	0.00	0.00		0	
68332	bot-213	bravo	P00m-2320	tick	-8.44	-15.97	353	0.00	0.00		0	
68332	bot-214	bravo	P00r-4420	tick	-1.48	-13.87	74	0.00	0.00		0	
68412	bot-223	alpha	S00r-3310	state+latches	-12.74	13.44	191	0.00	0.00		0	
68576	bot-224	alpha	F00r-4310	state	-9.73	12.31	162	0.01	0.03		0	
68662	bot-201	bravo	P21r-2420	tier+score	-2.42	-14.37	78	0.00	0.00		0	
68662	bot-213	bravo	P21m-2320	tier+score	-8.44	-15.97	353	0.00	0.00		0	
68662	bot-214	bravo	S21r-4320	state+tier+score+health	-1.48	-13.87	74	0.00	0.00		0	
68662	bot-224	alpha	A00r-4310	state	-9.73	12.31	162	0.00	0.00		0	
68758	bot-224	alpha	F00r-4310	state	-9.73	12.31	162	0.00	0.00		0	
68831	bot-181	bravo	S00r-3420	tick	4.26	18.07	239	2.43	1.94	14.34	3	seek
68831	bot-201	bravo	P32r-2420	tier+score	-2.42	-14.37	78	0.00	0.00		0	
68831	bot-213	bravo	P32m-2320	tier+score	-8.44	-15.97	322	0.00	0.00		0	
68831	bot-214	bravo	E32r-4220	state+tier+score+health	-1.48	-13.87	48	0.00	0.00		0	
68831	bot-224	alpha	A00r-4310	state	-9.73	12.31	162	0.00	0.00		0	
68948	bot-201	bravo	S32r-2420	state	-2.42	-14.37	78	0.00	0.00		0	
68948	bot-213	bravo	S32m-2320	state	-8.44	-15.97	322	0.00	0.00		0	
68948	bot-213	bravo	P32m-2320	state	-8.44	-15.97	322	0.00	0.00		0	
68948	bot-214	bravo	E32r-4229	latches	-1.46	-14.20	22	3.75	0.32	5.90	2	flee
69057	bot-186	bravo	S00r-2420	tick	5.54	17.97	258	0.61	1.41	16.95	3	seek
69057	bot-196	bravo	S00m-33D0	tick	12.65	19.08	257	1.64	1.28	26.69	4	seek
69057	bot-206	bravo	S00m-33E0	tick	14.25	18.36	261	1.75	1.47	26.55	6	seek
69057	bot-221	bravo	S00r-3410	tick	12.20	17.64	267	2.18	1.36	20.89	5	seek
69194	bot-201	bravo	A32r-2420	state	-2.42	-14.37	39	0.00	0.00		0	
69194	bot-224	alpha	A00r-431G	latches	-9.73	12.31	165	0.00	0.00		0	
69284	bot-201	bravo	A32r-242G	latches	-2.42	-14.37	31	0.00	0.00		0	
69284	bot-224	alpha	A00r-4310	latches	-9.73	12.31	163	0.00	0.00		0	
69369	bot-115	alpha	P00r-4320	tick	-10.31	-15.50	27	0.01	0.04		0	
69369	bot-116	alpha	P00m-2100	tick	-15.17	-17.37	346	0.71	0.02		0	
69369	bot-137	alpha	P00r-4310	tick	-11.44	-16.75	76	0.00	0.02		0	
69369	bot-140	alpha	P00r-4310	tick	-14.14	-16.04	287	0.00	0.00		0	
69369	bot-146	alpha	P00r-4310	tick	-12.19	-20.97	130	0.00	0.00		0	
69369	bot-149	alpha	P00r-4310	tick	-12.25	-19.15	326	0.00	0.02		0	
69433	bot-181	bravo	C00r-3420	state	3.57	18.08	269	2.41	0.68	13.77	3	seek
69433	bot-223	alpha	S00r-3310	tick	-12.74	13.44	110	0.00	0.00		0	
69526	bot-181	bravo	C00r-342I	latches	4.03	18.12	244	4.30	0.46	3.97	4	cover
69526	bot-201	bravo	S32r-2420	state+latches	-2.42	-14.37	31	0.00	0.00		0	
69738	bot-181	bravo	C00r-3422	latches	4.43	18.56	247	4.57	0.59	4.10	4	cover
69836	bot-224	alpha	A00r-431G	latches	-9.73	12.31	165	0.00	0.00		0	
69918	bot-214	bravo	E32r-422P	latches	-2.13	-16.73	345	5.12	2.62	3.59	2	flee
70060	bot-186	bravo	S00r-2420	tick	4.18	17.92	240	2.41	1.36	15.74	3	seek
70060	bot-196	bravo	S00m-33D0	tick	11.82	18.63	254	1.82	0.94	25.77	5	seek
70060	bot-206	bravo	S00m-33E0	tick	13.01	18.26	260	2.13	1.24	25.32	6	seek
70060	bot-213	bravo	P32m-2320	tick	-8.44	-15.97	27	0.00	0.00		0	
70060	bot-221	bravo	S00r-3410	tick	11.03	17.75	249	2.01	1.17	19.84	4	seek
70060	bot-224	alpha	S00r-4310	state+latches	-9.73	12.31	165	0.00	0.00		0	
70146	bot-214	bravo	E32r-4229	latches	-2.38	-17.16	345	5.03	0.50	3.13	2	flee
70277	bot-201	bravo	A32r-2420	state	-2.42	-14.37	304	0.00	0.00		0	
70393	bot-115	alpha	P00r-4320	tick	-10.36	-15.50	47	0.32	0.05		0	
70393	bot-116	alpha	P00m-2100	tick	-15.14	-17.37	359	0.75	0.03		0	
70393	bot-137	alpha	P00r-4310	tick	-11.44	-16.73	63	0.00	0.01		0	
70393	bot-140	alpha	P00r-4310	tick	-14.14	-16.04	287	0.00	0.00		0	
70393	bot-146	alpha	P00r-4310	tick	-12.19	-20.97	130	0.00	0.00		0	
70393	bot-149	alpha	P00r-4310	tick	-12.25	-19.15	320	0.00	0.00		0	
70393	bot-181	bravo	C00r-342I	latches	5.71	18.82	234	3.92	1.31	3.86	4	cover
70393	bot-201	bravo	A32r-242G	latches	-2.42	-14.37	313	0.00	0.00		0	
70486	bot-223	alpha	S00r-3310	tick	-12.74	13.44	192	0.00	0.00		0	
70529	bot-181	bravo	S00r-3420	state+latches	5.92	18.79	221	4.25	0.21	3.79	4	cover
70529	bot-201	bravo	S32r-2420	state+latches	-2.42	-14.37	313	0.00	0.00		0	
70626	bot-224	alpha	A00r-4310	state	-9.70	12.35	141	0.01	0.06		0	
70757	bot-186	bravo	C00r-2420	state	3.27	17.96	272	2.31	0.91	14.98	3	seek
70757	bot-224	alpha	A00r-431G	latches	-9.70	12.35	120	0.00	0.00		0	
70855	bot-186	bravo	C00r-242I	latches	3.72	17.98	248	4.66	0.45	4.07	4	cover
70982	bot-224	alpha	S00r-4310	state+latches	-9.70	12.35	120	0.00	0.00		0	
71069	bot-186	bravo	C00r-2422	latches	4.32	17.95	212	4.41	0.60	3.66	4	cover
71069	bot-196	bravo	S00m-33D0	tick	10.84	18.41	285	1.75	1.01	24.76	4	seek
71069	bot-201	bravo	A32r-2420	state	-2.42	-14.37	334	0.00	0.00		0	
71069	bot-206	bravo	S00m-33E0	tick	11.86	18.11	256	2.05	1.16	24.16	6	seek
71069	bot-213	bravo	P32m-2320	tick	-8.44	-15.97	357	0.00	0.00		0	
71069	bot-221	bravo	S00r-3410	tick	9.84	17.79	273	2.08	1.19	18.74	4	seek
71182	bot-181	bravo	A00r-3420	state	4.99	18.68	236	2.45	0.94	14.44	2	seek
71182	bot-201	bravo	A32r-242G	latches	-2.42	-14.37	344	0.00	0.00		0	
71182	bot-214	bravo	E32r-4229	tick	-4.38	-18.93	345	4.62	2.66	0.57	1	flee
71277	bot-181	bravo	A00r-342G	latches	4.99	18.68	246	0.00	0.00		0	
71372	bot-181	bravo	A00r-3420	latches	4.99	18.68	246	0.00	0.00		0	
71372	bot-201	bravo	A32r-2420	latches	-2.42	-14.37	345	0.00	0.00		0	
71458	bot-115	alpha	P00r-4320	tick	-10.35	-15.50	84	0.48	0.01		0	
71458	bot-116	alpha	P00m-2100	tick	-15.14	-17.38	359	0.00	0.01		0	
71458	bot-137	alpha	P00r-4310	tick	-11.44	-16.72	60	0.79	0.01		0	
71458	bot-140	alpha	P00r-4310	tick	-14.14	-16.04	287	0.00	0.00		0	
71458	bot-146	alpha	P00r-4310	tick	-12.19	-20.97	130	0.00	0.00		0	
71458	bot-149	alpha	P00r-4310	tick	-12.25	-19.11	333	0.80	0.04		0	
71458	bot-214	bravo	E32r-4220	latches	-4.61	-18.95	345	0.15	0.23		0	
71556	bot-201	bravo	F32r-2420	state	-2.42	-14.37	346	0.00	0.00		0	
71556	bot-223	alpha	S00r-3310	tick	-12.69	13.33	161	2.43	0.12	17.26	3	seek
71651	bot-181	bravo	A00r-342G	latches	4.99	18.68	246	0.00	0.00		0	
71651	bot-201	bravo	A00r-2420	state+tier+score	-2.42	-14.37	346	0.00	0.00		0	
71651	bot-213	bravo	P00m-2320	tier+score	-8.44	-15.97	319	0.00	0.00		0	
71651	bot-214	bravo	E00r-4220	tier+score	-4.61	-18.95	345	0.00	0.00		0	
71768	bot-201	bravo	F00r-2420	state	-2.42	-14.37	346	0.00	0.00		0	
71903	bot-181	bravo	S00r-3420	state+latches	4.99	18.68	246	0.00	0.00		0	
71903	bot-201	bravo	P00r-2420	state	-2.42	-14.37	346	1.08	0.00		1	muzzleRecovery
72023	bot-214	bravo	H00r-4220	state	-4.61	-18.95	345	0.00	0.00		0	
72023	bot-224	alpha	S00r-4310	tick	-8.48	12.52	64	2.80	1.23	12.79	4	seek
72137	bot-181	bravo	A00r-3420	state	4.85	18.69	267	1.41	0.14	13.64	2	seek
72137	bot-186	bravo	S00r-2420	state+latches	6.26	17.84	97	4.54	1.95	2.81	4	cover
72137	bot-196	bravo	S00m-33D0	tick	10.02	18.64	253	1.87	0.86	24.04	4	seek
72137	bot-206	bravo	S00m-33E0	tick	10.91	17.87	261	2.06	0.98	23.18	6	seek
72137	bot-221	bravo	S00r-3410	tick	8.70	17.85	246	2.47	1.14	17.72	4	seek
72137	bot-224	alpha	A00r-4310	state	-8.48	12.52	64	2.80	0.00	12.79	4	seek
72347	bot-115	alpha	P00r-4320	initial	-10.95	-15.95	52	0.00	0.75		0	
72347	bot-116	alpha	P00m-2100	initial	-15.16	-17.38	346	0.73	0.02		0	
72347	bot-137	alpha	P00r-4310	initial	-11.44	-16.75	73	0.73	0.03		0	
72347	bot-140	alpha	P00r-4310	initial	-14.14	-16.04	287	0.00	0.00		0	
72347	bot-146	alpha	P00r-4310	initial	-12.19	-20.97	130	0.00	0.00		0	
72347	bot-149	alpha	P00r-4310	initial	-12.25	-19.13	333	0.00	0.02		0	
72347	bot-181	bravo	P00r-3420	initial	4.85	18.69	256	0.00	0.00		0	
72347	bot-186	bravo	P00r-2420	initial	6.15	17.86	110	0.00	0.12		0	
72347	bot-196	bravo	P00m-33D0	initial	9.55	18.05	253	0.00	0.75		0	
72347	bot-201	bravo	P00r-2420	initial	-2.26	-14.39	17	0.00	0.16		0	
72347	bot-206	bravo	P00m-33E0	initial	10.91	17.87	261	0.00	0.00		0	
72347	bot-213	bravo	M00m-2320	initial	-8.44	-15.97	319	0.00	0.00		0	
72347	bot-214	bravo	H00r-4220	initial	-4.62	-18.95	351	0.19	0.01		0	
72347	bot-221	bravo	P00r-3410	initial	8.70	17.85	246	0.00	0.00		0	
72347	bot-223	alpha	P00r-3310	initial	-12.43	12.78	161	0.00	0.61		0	
72347	bot-224	alpha	P00r-4310	initial	-8.48	12.54	65	0.00	0.02		0	
73057	bot-214	bravo	H00r-4320	health	-4.67	-18.97	351	0.00	0.06		0	
73366	bot-115	alpha	P00r-4320	tick	-10.82	-15.50	97	0.25	0.47		0	
73366	bot-116	alpha	P00m-2100	tick	-15.14	-17.39	359	0.73	0.02		0	
73366	bot-137	alpha	P00r-4310	tick	-11.44	-16.71	60	0.00	0.04		0	
73366	bot-140	alpha	P00r-4310	tick	-14.14	-16.04	287	0.00	0.00		0	
73366	bot-146	alpha	P00r-4310	tick	-12.19	-20.97	130	0.00	0.00		0	
73366	bot-149	alpha	P00r-4310	tick	-12.25	-19.13	333	0.00	0.00		0	
73366	bot-181	bravo	P00r-3420	tick	2.96	18.43	276	1.69	1.91		7	patrol
73366	bot-186	bravo	P00r-2420	tick	7.85	18.17	74	0.72	1.73	4.58	3	squad
73366	bot-196	bravo	P00m-33D0	tick	9.08	17.89	274	2.11	0.49	7.95	5	squad
73366	bot-201	bravo	P00r-2420	tick	-2.31	-14.42	17	0.00	0.06		0	
73366	bot-206	bravo	P00m-33E0	tick	10.36	18.05	271	1.89	0.58	11.38	2	squad
73366	bot-213	bravo	M00m-2320	tick	-6.35	-15.20	104	1.05	2.23	4.14	3	medic
73366	bot-221	bravo	P00r-3410	tick	8.32	17.85	277	1.87	0.38	8.09	3	squad
73366	bot-223	alpha	P00r-3310	tick	-10.23	12.93	84	2.17	2.21		6	patrol
73366	bot-224	alpha	P00r-4310	tick	-9.42	12.71	239	1.66	0.95	3.43	1	squad
73416	bot-213	bravo	P00m-2320	state	-6.35	-15.20	104	1.05	0.00	4.14	3	medic
73856	bot-214	bravo	P00r-4320	state	-4.74	-18.98	351	0.00	0.07		0	
74381	bot-115	alpha	P00r-4320	tick	-10.29	-15.51	111	0.36	0.53		0	
74381	bot-116	alpha	P00m-2100	tick	-15.14	-17.39	359	0.00	0.00		0	
74381	bot-137	alpha	P00r-4310	tick	-11.44	-16.71	60	0.00	0.00		0	
74381	bot-140	alpha	P00r-4310	tick	-14.14	-16.04	287	0.00	0.00		0	
74381	bot-146	alpha	P00r-4310	tick	-12.19	-20.97	130	0.00	0.00		0	
74381	bot-149	alpha	P00r-4310	tick	-12.25	-19.13	333	0.00	0.00		0	
74381	bot-181	bravo	P00r-3420	tick	1.14	17.90	231	2.24	1.89		6	patrol
74381	bot-186	bravo	P00r-2420	tick	6.79	18.86	286	2.12	1.27	3.00	1	squad
74381	bot-196	bravo	P00m-33D0	tick	9.22	17.76	10	0.66	0.19		0	
74381	bot-201	bravo	P00r-2420	tick	-2.33	-14.42	17	0.00	0.02		0	
74381	bot-206	bravo	P00m-33E0	tick	10.84	18.08	9	2.41	0.48	6.16	2	squad
74381	bot-221	bravo	P00r-3410	tick	8.37	17.94	176	1.34	0.10	7.05	1	squad
74381	bot-223	alpha	P00r-3310	tick	-7.93	12.82	105	2.82	2.30		6	patrol
74381	bot-224	alpha	P00r-4310	tick	-10.21	12.84	324	2.01	0.80	2.38	1	squad
74440	bot-213	bravo	P00m-2320	tick	-6.64	-14.73	104	0.00	0.55		0	
74873	bot-214	bravo	P00r-4320	tick	-4.74	-18.98	351	0.00	0.01		0	
75414	bot-115	alpha	P00r-4320	tick	-10.30	-15.50	93	0.10	0.01		0	
75414	bot-116	alpha	P00m-2100	tick	-15.15	-17.39	348	0.74	0.01		0	
75414	bot-137	alpha	P00r-4310	tick	-11.44	-16.71	60	0.00	0.00		0	
75414	bot-140	alpha	P00r-4310	tick	-14.14	-16.04	287	0.00	0.00		0	
75414	bot-146	alpha	P00r-4310	tick	-12.19	-20.97	130	0.00	0.00		0	
75414	bot-149	alpha	P00r-4310	tick	-12.25	-19.13	333	0.00	0.00		0	
75414	bot-181	bravo	P00r-3420	tick	-0.27	16.65	196	1.91	1.88		6	patrol
75414	bot-186	bravo	P00r-2420	tick	4.46	18.75	255	2.52	2.33	2.37	1	squad
75414	bot-196	bravo	P00m-33D0	tick	8.77	18.14	338	0.36	0.58	7.59	1	squad
75414	bot-201	bravo	P00r-2420	tick	-2.33	-14.42	17	0.00	0.00		0	
75414	bot-206	bravo	P00m-33E0	tick	10.84	18.05	9	0.00	0.03		0	
75414	bot-221	bravo	P00r-3410	tick	7.64	19.25	0	1.38	1.51	5.01	1	squad
75414	bot-223	alpha	P00r-3310	tick	-5.80	12.91	70	2.02	2.13		6	patrol
75414	bot-224	alpha	P00r-4310	tick	-10.22	13.16	58	0.69	0.33	2.28	1	squad
75466	bot-213	bravo	P00m-2320	tick	-6.64	-14.73	104	0.00	0.00		0	
75881	bot-214	bravo	P00r-4320	tick	-4.74	-18.98	351	0.00	0.00		0	
76348	bot-223	alpha	E00r-3310	state	-4.43	13.08	50	1.43	1.38		5	patrol
76348	bot-224	alpha	S00r-4310	state	-9.58	12.97	54	2.66	0.66	2.91	1	squad
76438	bot-115	alpha	P00r-4320	tick	-10.36	-15.50	56	0.23	0.06		0	
76438	bot-116	alpha	P00m-2100	tick	-15.13	-17.39	357	0.76	0.01		0	
76438	bot-137	alpha	P00r-4310	tick	-11.44	-16.71	60	0.00	0.00		0	
76438	bot-140	alpha	P00r-4310	tick	-14.14	-16.04	287	0.00	0.00		0	
76438	bot-146	alpha	P00r-4310	tick	-12.19	-20.97	130	0.00	0.00		0	
76438	bot-149	alpha	P00r-4310	tick	-12.25	-19.13	333	0.00	0.00		0	
76438	bot-181	bravo	P00r-3420	tick	-1.63	15.51	215	0.89	1.78		6	patrol
76438	bot-186	bravo	P00r-2420	tick	2.63	18.49	256	2.09	1.85	2.30	1	squad
76438	bot-196	bravo	P00m-33D0	tick	7.91	18.75	346	2.07	1.06	6.91	2	squad
76438	bot-201	bravo	P00r-2420	tick	-2.33	-14.42	17	0.00	0.00		0	
76438	bot-206	bravo	P00m-33E0	tick	10.84	18.05	9	0.00	0.00		0	
76438	bot-221	bravo	P00r-3410	tick	6.87	20.22	290	0.88	1.23	3.66	2	squad
76438	bot-223	alpha	E00r-331H	latches	-4.88	12.98	49	4.82	0.46	2.12	1	flee
76512	bot-201	bravo	A00r-2420	state	-2.33	-14.42	17	0.00	0.00		0	
76512	bot-213	bravo	S00m-2320	state	-6.64	-14.73	104	0.00	0.00		0	
76512	bot-214	bravo	S00r-4320	state	-4.74	-18.98	351	0.00	0.00		0	
76590	bot-201	bravo	A00r-242G	latches	-2.33	-14.42	7	0.00	0.00		0	
76664	bot-223	alpha	E00r-3311	latches	-5.58	12.84	49	4.79	0.72	1.40	1	flee
76767	bot-201	bravo	S00r-2420	state+latches	-2.33	-14.42	7	0.00	0.00		0	
77082	bot-223	alpha	S00r-3310	state+latches	-6.79	12.59	49	0.00	1.23		0	
77365	bot-224	alpha	S00r-4310	tick	-7.42	12.83	66	2.17	2.17	6.56	2	seek
77450	bot-115	alpha	P00r-4320	tick	-10.32	-15.51	64	0.06	0.04		0	
77450	bot-116	alpha	P00m-2100	tick	-15.14	-17.39	357	0.00	0.01		0	
77450	bot-137	alpha	P00r-4310	tick	-11.44	-16.71	60	0.00	0.00		0	
77450	bot-140	alpha	P00r-4310	tick	-14.14	-16.04	287	0.00	0.00		0	
77450	bot-146	alpha	P00r-4310	tick	-12.19	-20.97	130	0.00	0.00		0	
77450	bot-149	alpha	P00r-4310	tick	-12.25	-19.13	333	0.00	0.00		0	
77450	bot-181	bravo	P00r-3420	tick	-2.01	14.81	215	1.61	0.79		6	patrol
77450	bot-186	bravo	P00r-2420	tick	1.01	17.78	259	2.20	1.77	3.67	5	squad
77450	bot-196	bravo	P00m-33D0	tick	6.47	18.49	229	2.58	1.47	3.53	4	squad
77450	bot-206	bravo	P00m-33E0	tick	9.79	17.89	244	1.70	1.06	19.12	6	squad
77450	bot-221	bravo	P00r-3410	tick	5.62	19.85	247	2.71	1.31	13.38	4	squad
77495	bot-223	alpha	E00r-3310	state	-5.99	12.62	82	1.16	0.80	3.07	1	seek
77584	bot-213	bravo	S00m-2320	tick	-6.64	-14.73	9	0.00	0.00		0	
77584	bot-214	bravo	S00r-4320	tick	-4.74	-18.98	28	0.00	0.00		0	
77584	bot-223	alpha	E00r-3311	latches	-6.15	12.21	60	4.54	0.44	3.15	1	flee
77737	bot-181	bravo	E00r-3420	state	-2.15	14.67	233	0.58	0.20		6	patrol
77737	bot-186	bravo	S00r-2420	state	0.75	17.63	241	2.17	0.30	4.46	5	squad
77737	bot-196	bravo	S00m-33D0	state	6.84	18.44	192	2.49	0.38	3.64	4	squad
77737	bot-206	bravo	S00m-33E0	state	9.53	17.89	248	1.88	0.27	18.86	6	squad
77737	bot-221	bravo	S00r-3410	state	5.26	19.68	254	2.76	0.40	12.98	4	squad
77863	bot-181	bravo	E00r-3421	latches	-2.02	15.10	235	4.97	0.45	2.03	1	flee
77863	bot-201	bravo	S00r-2420	tick	-2.33	-14.42	329	0.00	0.00		0	
77863	bot-223	alpha	E00r-331H	latches	-6.37	11.73	56	4.17	0.53	2.68	1	flee
77976	bot-181	bravo	E00r-342H	latches	-1.95	15.34	235	4.93	0.25	1.78	1	flee
78071	bot-223	alpha	E00r-3311	latches	-6.60	11.46	56	2.44	0.36	2.32	1	flee
78180	bot-181	bravo	E00r-3421	latches	-1.82	15.81	235	4.90	0.49	1.29	1	flee
78367	bot-224	alpha	S00r-4310	tick	-6.23	13.09	82	2.00	1.21	5.38	2	seek
78426	bot-201	bravo	A00r-2420	state	-2.33	-14.42	310	0.00	0.00		0	
78585	bot-115	alpha	P00r-4320	tick	-10.42	-15.52	157	0.48	0.10		0	
78585	bot-116	alpha	P00m-2100	tick	-15.14	-17.39	357	0.74	0.00		0	
78585	bot-137	alpha	P00r-4310	tick	-11.44	-16.71	60	0.00	0.00		0	
78585	bot-140	alpha	P00r-4310	tick	-14.14	-16.04	287	0.00	0.00		0	
78585	bot-146	alpha	P00r-4310	tick	-12.19	-20.97	130	0.00	0.00		0	
78585	bot-149	alpha	P00r-4310	tick	-12.25	-19.13	333	0.00	0.00		0	
78585	bot-201	bravo	A00r-242G	latches	-2.33	-14.42	321	0.00	0.00		0	
78585	bot-213	bravo	S00m-2320	tick	-6.64	-14.73	29	0.00	0.00		0	
78585	bot-214	bravo	S00r-4320	tick	-4.74	-18.98	3	0.00	0.00		0	
78682	bot-181	bravo	S00r-3420	state+latches	-1.50	16.81	235	0.01	1.05		0	
78682	bot-201	bravo	S00r-2420	state+latches	-2.33	-14.42	321	0.00	0.00		0	
78787	bot-186	bravo	S00r-2420	tick	-0.08	16.79	221	1.65	1.18	8.94	2	seek
78787	bot-196	bravo	S00m-33D0	tick	5.46	18.29	245	2.79	1.39	15.91	3	seek
78787	bot-206	bravo	S00m-33E0	tick	8.37	17.81	260	2.20	1.16	15.56	5	seek
78787	bot-221	bravo	S00r-3410	tick	3.68	19.03	220	2.25	1.70	11.08	3	seek
79060	bot-221	bravo	C00r-3410	state	3.34	18.87	245	1.95	0.38	10.74	3	seek
79175	bot-221	bravo	C00r-3412	latches	3.79	18.98	234	4.69	0.47	1.76	1	cover
79175	bot-223	alpha	E00r-3311	tick	-8.27	10.16	54	2.88	2.11	0.21	1	flee
79322	bot-223	alpha	A00r-3310	state+latches	-8.27	10.16	54	0.00	0.00		0	
79417	bot-224	alpha	S00r-4310	tick	-5.08	13.19	57	1.79	1.16	4.33	2	seek
79554	bot-223	alpha	C00r-3310	state	-8.24	10.16	54	1.63	0.03		0	
79648	bot-115	alpha	P00r-4320	tick	-10.33	-15.54	108	0.15	0.09		0	
79648	bot-116	alpha	P00m-2100	tick	-15.15	-17.39	344	0.74	0.00		0	
79648	bot-137	alpha	P00r-4310	tick	-11.44	-16.71	60	0.00	0.00		0	
79648	bot-140	alpha	P00r-4310	tick	-14.14	-16.04	287	0.00	0.00		0	
79648	bot-146	alpha	P00r-4310	tick	-12.19	-20.97	130	0.00	0.00		0	
79648	bot-149	alpha	P00r-4310	tick	-12.25	-19.13	333	0.00	0.00		0	
79648	bot-186	bravo	C00r-2420	state	-0.63	16.23	208	1.07	0.79	8.15	2	seek
79648	bot-213	bravo	S00m-2320	tick	-6.64	-14.73	312	0.00	0.00		0	
79648	bot-214	bravo	S00r-4320	tick	-4.74	-18.98	331	0.00	0.00		0	
79648	bot-223	alpha	C00r-331I	latches	-8.23	10.01	62	1.55	0.16	9.12	2	cover
79749	bot-181	bravo	S00r-3420	tick	-1.85	15.60	201	1.56	1.27	5.93	3	seek
79749	bot-186	bravo	C00r-242I	latches	-1.11	16.19	233	4.84	0.48	0.37	1	cover
79749	bot-201	bravo	S00r-2420	tick	-2.33	-14.42	35	0.00	0.00		0	
79749	bot-221	bravo	C00r-341I	latches	4.97	19.26	222	3.23	1.21	0.61	1	cover
79841	bot-186	bravo	G00r-242I	state	-1.11	16.19	233	4.84	0.00	0.37	1	cover
79841	bot-196	bravo	S00m-33D0	tick	3.85	17.99	254	1.97	1.65	14.33	3	seek
79841	bot-206	bravo	S00m-33E0	tick	6.82	17.84	259	2.02	1.55	14.05	5	seek
79841	bot-221	bravo	A00r-341G	state+latches	4.97	19.26	222	3.23	0.00	0.61	1	cover
79841	bot-223	alpha	C00r-3312	latches	-8.30	9.70	85	4.77	0.32	8.81	2	cover
79948	bot-186	bravo	G00r-2422	latches	-1.45	16.05	227	0.00	0.37		0	
79948	bot-221	bravo	S00r-3410	state+latches	4.97	19.26	222	0.00	0.00		0	
80239	bot-181	bravo	C00r-3420	state	-1.97	15.27	191	1.60	0.35	5.58	3	seek
80362	bot-181	bravo	C00r-3422	latches	-2.04	15.06	216	0.81	0.22	6.17	4	cover
80455	bot-186	bravo	S00r-2420	state+latches	-1.47	16.06	259	0.10	0.03		0	
80455	bot-224	alpha	S00r-4310	tick	-4.35	13.26	68	0.94	0.73	3.70	2	seek
80568	bot-224	alpha	E00r-4310	state	-4.35	13.26	68	0.94	0.00	3.70	2	seek
80660	bot-115	alpha	P00r-4320	tick	-10.42	-15.52	170	0.09	0.09		0	
80660	bot-116	alpha	P00m-2100	tick	-15.15	-17.39	344	0.74	0.00		0	
80660	bot-137	alpha	P00r-4310	tick	-11.44	-16.71	60	0.00	0.00		0	
80660	bot-140	alpha	P00r-4310	tick	-14.14	-16.04	287	0.00	0.00		0	
80660	bot-146	alpha	P00r-4310	tick	-12.19	-20.97	130	0.00	0.00		0	
80660	bot-149	alpha	P00r-4310	tick	-12.25	-19.13	333	0.00	0.00		0	
80660	bot-213	bravo	S00m-2320	tick	-6.18	-13.93	32	2.20	0.93	21.19	4	seek
80660	bot-214	bravo	S00r-4320	tick	-4.50	-18.97	26	2.44	0.24	25.54	5	seek
80660	bot-224	alpha	E00r-4311	latches	-4.50	13.21	57	1.58	0.16	2.54	1	flee
80785	bot-201	bravo	S00r-2420	tick	-2.33	-14.42	315	0.00	0.00		0	
80825	bot-181	bravo	E00r-3420	state+latches	-2.26	14.51	239	2.25	0.60	6.32	4	cover
80915	bot-181	bravo	E00r-3421	latches	-2.11	14.93	239	4.98	0.45	1.75	1	flee
80915	bot-196	bravo	S00m-33D0	tick	2.37	18.05	240	2.18	1.48	13.05	3	seek
80915	bot-206	bravo	S00m-33E0	tick	5.26	17.90	257	2.45	1.56	12.54	5	seek
80915	bot-223	alpha	C00r-3312	tick	-8.88	6.47	194	4.35	3.29	5.52	2	cover
81015	bot-221	bravo	S00r-3410	tick	3.50	18.86	221	1.88	1.53	13.65	3	seek
81015	bot-224	alpha	E00r-431H	latches	-5.31	12.97	56	5.38	0.84	1.70	1	flee
81147	bot-181	bravo	E00r-342H	latches	-1.96	15.39	237	4.95	0.48	1.27	1	flee
81239	bot-224	alpha	E00r-4311	latches	-5.78	12.84	56	4.81	0.49	1.21	1	flee
81310	bot-181	bravo	E00r-3421	latches	-1.90	15.73	237	4.99	0.35	0.94	1	flee
81310	bot-186	bravo	C00r-2420	state	-1.48	15.75	220	0.36	0.31	10.06	2	seek
81365	bot-186	bravo	G00r-2422	state+latches	-1.43	15.80	217	0.40	0.07		0	
81427	bot-186	bravo	G00r-242I	latches	-1.45	16.05	211	0.00	0.25		0	
81482	bot-181	bravo	S00r-3420	state+latches	-1.81	16.06	237	1.86	0.35		0	
81589	bot-224	alpha	S00r-4310	state+latches	-6.69	12.61	56	0.00	0.94		0	
81649	bot-186	bravo	G00r-2422	latches	-1.47	16.06	228	0.89	0.03		0	
81704	bot-115	alpha	P00r-4320	tick	-10.42	-15.51	208	0.51	0.02		0	
81704	bot-116	alpha	P00m-2100	tick	-15.14	-17.40	357	0.00	0.01		0	
81704	bot-137	alpha	P00r-4310	tick	-11.44	-16.71	60	0.00	0.00		0	
81704	bot-140	alpha	P00r-4310	tick	-14.14	-16.04	287	0.00	0.00		0	
81704	bot-146	alpha	P00r-4310	tick	-12.19	-20.97	130	0.00	0.00		0	
81704	bot-149	alpha	P00r-4310	tick	-12.25	-19.13	333	0.00	0.00		0	
81704	bot-213	bravo	S00m-2320	tick	-5.16	-12.55	40	2.46	1.71	19.49	4	seek
81704	bot-214	bravo	S00r-4320	tick	-3.56	-18.15	24	2.27	1.25	24.39	4	seek
81736	bot-186	bravo	S00r-2420	state+latches	-1.47	16.07	233	0.46	0.01		0	
81793	bot-201	bravo	S00r-2420	tick	-2.33	-14.42	354	0.00	0.00		0	
81940	bot-196	bravo	S00m-33D0	tick	0.87	17.60	223	2.16	1.56	11.54	2	seek
81940	bot-206	bravo	S00m-33E0	tick	3.47	17.92	262	2.24	1.80	10.80	5	seek
81940	bot-223	alpha	C00r-3312	tick	-9.68	3.19	193	4.50	3.37	2.16	2	cover
82021	bot-221	bravo	S00r-3410	tick	1.97	18.57	255	2.40	1.55	12.47	3	seek
82150	bot-186	bravo	C00r-2420	state	-1.51	15.74	211	1.22	0.33	14.28	3	seek
82213	bot-186	bravo	C00r-2422	latches	-1.26	16.12	212	4.72	0.46	5.90	1	cover
82271	bot-223	alpha	S00r-3310	state+latches	-9.91	2.04	182	4.57	1.18	0.99	1	cover
82362	bot-186	bravo	A00r-242G	state+latches	-1.05	16.53	212	4.61	0.45	5.45	1	cover
82509	bot-181	bravo	S00r-3420	tick	-2.02	15.06	193	0.71	1.02	4.12	3	seek
82594	bot-186	bravo	S00r-2420	state+latches	-1.06	16.53	212	0.00	0.01		0	
82594	bot-224	alpha	S00r-4310	tick	-5.23	13.07	59	0.93	1.53	3.83	2	seek
82733	bot-115	alpha	P00r-4320	tick	-10.50	-15.51	230	0.32	0.07		0	
82733	bot-116	alpha	P00m-2100	tick	-15.52	-17.96	239	0.50	0.68	1.40	3	squad
82733	bot-137	alpha	P00r-4310	tick	-11.44	-16.71	60	0.00	0.00		0	
82733	bot-140	alpha	P00r-4310	tick	-13.60	-16.14	339	0.32	0.55		0	
82733	bot-146	alpha	P00r-4310	tick	-12.19	-20.97	130	0.00	0.00		0	
82733	bot-149	alpha	P00r-4310	tick	-12.25	-19.13	333	0.00	0.00		0	
82733	bot-213	bravo	S00m-2320	tick	-4.15	-10.82	32	1.75	2.00	17.48	4	seek
82733	bot-214	bravo	S00r-4320	tick	-3.06	-15.94	26	2.13	2.27	22.18	4	seek
82733	bot-223	alpha	A00r-3310	state	-9.35	2.92	73	2.42	1.05	15.86	4	seek
82794	bot-201	bravo	S00r-2420	tick	-2.21	-13.16	12	2.36	1.27	16.04	3	seek
82826	bot-181	bravo	C00r-3420	state	-2.01	14.89	171	0.52	0.17	3.95	3	seek
82885	bot-181	bravo	C00r-3422	latches	-1.93	14.98	188	1.56	0.13	7.98	5	cover
82955	bot-181	bravo	C00r-342I	latches	-1.90	15.07	177	1.92	0.09	7.95	5	cover
82955	bot-196	bravo	S00m-33D0	tick	-0.12	16.41	241	1.34	1.55	10.08	2	seek
82955	bot-206	bravo	S00m-33E0	tick	1.55	17.85	251	2.31	1.92	8.95	4	seek
82955	bot-223	alpha	A00r-331G	latches	-9.34	2.92	39	0.00	0.01		0	
83063	bot-221	bravo	S00r-3410	tick	0.11	17.62	212	2.30	2.09	10.64	2	seek
83063	bot-223	alpha	A00r-3310	latches	-9.33	2.92	32	0.00	0.01		0	
83127	bot-181	bravo	C00r-3422	latches	-1.59	15.29	168	3.04	0.38	7.64	5	cover
83314	bot-223	alpha	C00r-3310	state	-9.31	2.92	32	0.19	0.02		0	
83376	bot-223	alpha	C00r-3312	latches	-9.19	2.88	32	1.70	0.13	2.39	1	cover
83599	bot-186	bravo	C00r-2420	state	-1.95	15.64	201	1.50	1.26	16.85	4	seek
83599	bot-224	alpha	S00r-4310	tick	-4.54	13.22	55	0.79	0.71	3.17	2	seek
83663	bot-186	bravo	C00r-2422	latches	-1.97	15.43	207	0.72	0.22	3.04	6	cover
83729	bot-181	bravo	C00r-342I	latches	-0.72	15.98	197	1.49	1.12	6.83	5	cover
83729	bot-223	alpha	A00r-3310	state+latches	-8.36	2.58	30	4.58	0.88	1.50	1	cover
83787	bot-115	alpha	P00r-4320	tick	-10.33	-15.52	52	1.07	0.16		0	
83787	bot-116	alpha	P00m-2100	tick	-15.92	-18.51	233	0.00	0.68		0	
83787	bot-137	alpha	P00r-4310	tick	-11.44	-16.71	60	0.00	0.00		0	
83787	bot-140	alpha	P00r-4310	tick	-13.54	-16.05	339	0.00	0.12		0	
83787	bot-146	alpha	P00r-4310	tick	-12.19	-20.97	130	0.00	0.00		0	
83787	bot-149	alpha	P00r-4310	tick	-12.25	-19.13	333	0.00	0.00		0	
83787	bot-213	bravo	S00m-2320	tick	-3.24	-10.09	63	0.97	1.16	16.40	4	seek
83787	bot-214	bravo	S00r-4320	tick	-2.70	-14.18	27	2.20	1.80	20.44	4	seek
83820	bot-201	bravo	S00r-2420	tick	-1.92	-10.77	6	2.76	2.40	13.65	3	seek
83942	bot-181	bravo	C00r-3422	latches	-0.46	16.19	145	4.69	0.32	6.61	5	cover
84018	bot-186	bravo	E00r-2420	state+latches	-2.05	14.76	222	2.78	0.68	3.12	5	cover
84018	bot-196	bravo	S00m-33D0	tick	-0.05	16.43	196	0.98	0.08	10.15	2	seek
84018	bot-206	bravo	S00m-33E0	tick	0.45	17.01	256	1.24	1.38	7.65	4	seek
84018	bot-224	alpha	E00r-4310	state	-4.30	13.31	68	0.84	0.26	2.92	2	seek
84084	bot-186	bravo	E00r-2421	latches	-1.93	15.24	235	4.97	0.50	1.87	1	flee
84084	bot-221	bravo	S00r-3410	tick	-1.62	16.79	208	2.08	1.92	9.09	3	seek
84084	bot-224	alpha	E00r-4311	latches	-4.45	13.30	52	1.55	0.16	2.51	1	flee
84151	bot-223	alpha	C00r-3310	state	-8.34	2.61	27	0.00	0.03		0	
84151	bot-224	alpha	E00r-431H	latches	-4.53	13.27	52	1.88	0.08	2.43	1	flee
84215	bot-186	bravo	E00r-242H	latches	-1.79	15.71	232	4.93	0.49	1.38	1	flee
84215	bot-223	alpha	C00r-3312	latches	-8.24	2.74	26	1.48	0.16	9.62	2	cover
84358	bot-186	bravo	E00r-2421	latches	-1.52	16.09	225	4.77	0.47	0.96	1	flee
84358	bot-224	alpha	E00r-4311	latches	-5.14	13.20	52	4.78	0.61	1.82	1	flee
84449	bot-181	bravo	S00r-3420	state+latches	-0.28	17.33	90	4.80	1.16	6.73	5	cover
84449	bot-223	alpha	C00r-331I	latches	-7.98	3.04	40	4.57	0.39	9.23	2	cover
84517	bot-186	bravo	E00r-242H	latches	-1.30	17.82	212	0.04	1.75	0.79	1	flee
84611	bot-223	alpha	C00r-3312	latches	-7.59	3.49	40	4.56	0.60	8.63	2	cover
84673	bot-186	bravo	E00r-2421	latches	-1.88	17.04	202	5.26	0.98	0.43	1	flee
84803	bot-115	alpha	P00r-4320	tick	-10.35	-15.51	62	0.04	0.02		0	
84803	bot-116	alpha	P00m-2100	tick	-16.38	-18.85	249	0.00	0.57		0	
84803	bot-137	alpha	P00r-4310	tick	-11.44	-16.71	60	0.00	0.00		0	
84803	bot-140	alpha	P00r-4310	tick	-13.54	-15.95	339	0.00	0.09		0	
84803	bot-146	alpha	P00r-4310	tick	-12.19	-20.97	130	0.00	0.00		0	
84803	bot-149	alpha	P00r-4310	tick	-12.25	-19.13	333	0.00	0.00		0	
84803	bot-213	bravo	S00m-2320	tick	-2.50	-9.56	29	1.69	0.92	15.56	2	seek
84803	bot-214	bravo	S00r-4320	tick	-2.30	-12.30	28	2.54	1.92	18.59	4	seek
84831	bot-186	bravo	A00r-242G	state+latches	-1.64	17.26	203	0.00	0.33		0	
84831	bot-201	bravo	S00r-2420	tick	-1.15	-8.85	11	2.18	2.08	11.61	3	seek
84831	bot-224	alpha	S00r-4310	state+latches	-6.64	13.04	52	0.25	1.51		0	
84916	bot-186	bravo	C00r-2420	state+latches	-1.64	17.26	203	0.00	0.00		0	
84984	bot-186	bravo	C00r-2422	latches	-1.65	17.12	202	1.37	0.14	3.41	6	cover
85049	bot-196	bravo	S00m-33D0	tick	-0.53	16.26	241	0.43	0.51	9.65	3	seek
85049	bot-206	bravo	S00m-33E0	tick	0.33	16.78	257	0.66	0.26	7.49	4	seek
85086	bot-221	bravo	C00r-3410	state	-1.77	15.88	207	1.70	0.92	8.20	3	seek
85147	bot-221	bravo	C00r-3412	latches	-1.84	15.65	203	2.87	0.24	6.11	5	cover
85244	bot-181	bravo	C00r-3420	state	-1.24	16.49	197	2.07	1.27	16.14	3	seek
85314	bot-181	bravo	C00r-342I	latches	-1.42	16.19	212	4.37	0.35	7.19	5	cover
85421	bot-181	bravo	C00r-3422	latches	-1.43	15.93	204	1.86	0.26	7.09	5	cover
85481	bot-181	bravo	C00r-342I	latches	-1.49	15.78	199	3.42	0.16	7.09	5	cover
85538	bot-181	bravo	C00r-3422	latches	-1.48	15.68	203	2.37	0.10	7.04	5	cover
85625	bot-223	alpha	C00r-3312	tick	-5.46	6.10	21	4.44	3.36	5.29	2	cover
85748	bot-224	alpha	E00r-4310	state	-5.28	13.14	61	1.71	1.37	3.84	2	seek
85816	bot-115	alpha	P00r-4320	tick	-10.27	-15.53	75	0.57	0.08		0	
85816	bot-116	alpha	P00m-2100	tick	-16.38	-18.85	249	0.00	0.00		0	
85816	bot-137	alpha	P00r-4310	tick	-11.44	-16.71	60	0.00	0.00		0	
85816	bot-140	alpha	P00r-4310	tick	-13.53	-15.94	339	0.09	0.02		0	
85816	bot-146	alpha	P00r-4310	tick	-12.19	-20.97	130	0.00	0.00		0	
85816	bot-149	alpha	P00r-4310	tick	-12.25	-19.13	333	0.00	0.00		0	
85816	bot-213	bravo	S00m-2320	tick	-1.58	-8.33	46	1.95	1.53	14.04	2	seek
85816	bot-214	bravo	S00r-4320	tick	-1.43	-10.14	29	3.05	2.33	16.28	3	seek
85816	bot-224	alpha	E00r-4311	latches	-5.62	12.81	68	4.94	0.48	3.25	1	flee
85905	bot-201	bravo	S00r-2420	tick	-1.08	-6.98	343	2.67	1.87	9.77	3	seek
86070	bot-115	alpha	P00r-4320	initial	-10.95	-15.95	64	0.00	0.80		0	
86070	bot-116	alpha	P00m-2100	initial	-16.28	-18.95	249	0.33	0.14		0	
86070	bot-137	alpha	P00r-4310	initial	-11.44	-16.71	60	0.00	0.00		0	
86070	bot-140	alpha	P00r-4310	initial	-13.52	-15.93	339	0.14	0.01		0	
86070	bot-146	alpha	P00r-4310	initial	-12.19	-20.97	130	0.00	0.00		0	
86070	bot-149	alpha	P00r-4310	initial	-12.25	-19.13	333	0.00	0.00		0	
86070	bot-181	bravo	P00r-3420	initial	-1.90	15.04	200	0.00	0.77		0	
86070	bot-186	bravo	P00r-2420	initial	-2.46	14.76	223	0.00	2.49		0	
86070	bot-186	bravo	P00r-R420	ammo	-2.25	14.75	210	0.75	0.21	2.82	2	squad
86070	bot-196	bravo	P00m-33D0	initial	-1.44	15.65	225	0.00	1.10		0	
86070	bot-201	bravo	P00r-2420	initial	-1.13	-6.84	339	0.00	0.15		0	
86070	bot-206	bravo	P00m-33E0	initial	-0.86	16.18	219	0.00	1.34		0	
86070	bot-213	bravo	P00m-2320	initial	-1.40	-8.19	50	0.00	0.22		0	
86070	bot-214	bravo	P00r-4320	initial	-1.30	-9.92	29	0.00	0.25		0	
86070	bot-221	bravo	P00r-3410	initial	-2.35	14.02	247	0.00	1.70		0	
86070	bot-223	alpha	P00r-3310	initial	-4.70	7.02	19	0.00	1.20		0	
86070	bot-224	alpha	E00r-4310	initial	-6.09	12.35	65	1.99	0.65	3.30	1	flee
86168	bot-223	alpha	C00r-3310	state	-4.71	7.03	19	0.37	0.02		0	
86168	bot-224	alpha	E00r-4311	latches	-6.24	12.20	64	4.34	0.22	3.08	1	flee
86240	bot-186	bravo	E00r-R420	state	-2.26	14.66	197	2.04	0.09	2.91	2	squad
86240	bot-196	bravo	S00m-33D0	state	-1.46	16.01	199	3.01	0.36	10.94	2	squad
86240	bot-206	bravo	S00m-33E0	state	-0.86	16.34	219	0.06	0.16		0	
86240	bot-221	bravo	S00r-3410	state	-2.30	14.11	234	0.28	0.10	10.65	4	squad
86240	bot-223	alpha	C00r-3312	latches	-4.31	7.00	17	4.07	0.40	5.27	3	cover
86307	bot-181	bravo	C00r-3420	state	-1.91	15.19	201	0.33	0.15		6	patrol
86307	bot-186	bravo	E00r-R421	latches	-2.05	14.89	223	5.00	0.32	3.01	1	flee
86307	bot-221	bravo	E00r-3410	state	-2.32	14.07	221	0.94	0.05	3.88	1	seek
86365	bot-181	bravo	C00r-3422	latches	-1.99	15.14	195	2.83	0.09		6	patrol
86365	bot-221	bravo	E00r-3411	latches	-2.22	14.06	243	1.50	0.10	3.06	1	flee
86681	bot-181	bravo	C00r-342I	latches	-2.02	15.21	196	1.54	0.07	7.74	5	cover
86794	bot-181	bravo	C00r-3422	latches	-2.08	14.98	217	1.38	0.23	7.71	5	cover
86978	bot-181	bravo	C21r-3422	tier+score	-2.12	14.90	233	1.37	0.09	7.71	5	cover
86978	bot-186	bravo	E21r-R421	tier+score	-0.99	15.75	233	2.92	1.36	1.66	1	flee
86978	bot-196	bravo	S21m-33D0	tier+score	-1.91	15.45	241	1.53	0.71	8.05	2	seek
86978	bot-206	bravo	S21m-33E0	tier+score	-0.74	16.21	260	1.62	0.18	6.32	3	seek
86978	bot-221	bravo	E21r-3311	tier+score+health	-2.23	14.41	236	0.72	0.35	2.79	1	flee
87098	bot-115	alpha	P00r-4320	tick	-10.85	-15.50	97	0.19	0.46		0	
87098	bot-116	alpha	P00m-2100	tick	-16.87	-19.07	259	0.51	0.60		0	
87098	bot-137	alpha	P00r-4310	tick	-11.44	-16.71	60	0.00	0.00		0	
87098	bot-140	alpha	P00r-4310	tick	-13.47	-15.87	339	0.00	0.08		0	
87098	bot-146	alpha	P00r-4310	tick	-12.19	-20.97	130	0.00	0.00		0	
87098	bot-149	alpha	P00r-4310	tick	-12.25	-19.13	333	0.00	0.00		0	
87098	bot-181	bravo	C32r-3422	tier+score	-2.12	14.79	233	1.93	0.11	7.67	5	cover
87098	bot-186	bravo	E32r-R421	tier+score	-0.84	15.88	233	1.80	0.19	1.47	1	flee
87098	bot-196	bravo	M32m-33D0	state+tier+score	-1.92	15.45	241	0.50	0.01	8.04	2	seek
87098	bot-201	bravo	P00r-2420	tick	-1.17	-6.67	339	0.00	0.18		0	
87098	bot-206	bravo	C32m-33E0	state+tier+score	-0.69	16.34	259	1.34	0.14	6.39	3	seek
87098	bot-213	bravo	P00m-2320	tick	-1.41	-8.19	50	0.00	0.00		0	
87098	bot-214	bravo	P00r-4320	tick	-1.24	-9.91	29	0.00	0.06		0	
87098	bot-221	bravo	E32r-3210	tier+score+health+latches	-2.28	14.29	236	0.63	0.13	7.14	1	flee
87156	bot-206	bravo	G32m-33E2	state+latches	-0.69	16.41	259	1.06	0.06		0	
87156	bot-214	bravo	A00r-4320	state	-1.24	-9.91	29	0.00	0.00		0	
87156	bot-221	bravo	E32r-3219	latches	-2.29	14.23	236	0.59	0.06	7.19	1	flee
87156	bot-224	alpha	E00r-3311	ammo	-8.09	10.36	56	3.10	2.61	0.47	1	flee
87221	bot-181	bravo	C33r-3422	score	-2.23	14.58	234	1.15	0.24	7.70	5	cover
87221	bot-186	bravo	E33r-R421	score	-0.61	15.93	233	2.73	0.24	1.30	1	flee
87221	bot-196	bravo	M33m-33D0	score	-1.99	15.06	228	3.69	0.40	0.79	2	medic
87221	bot-201	bravo	S00r-2420	state	-1.17	-6.67	339	0.00	0.00		0	
87221	bot-206	bravo	G33m-33E2	score	-1.01	16.09	265	0.12	0.45		0	
87221	bot-213	bravo	A00m-2320	state	-1.41	-8.19	50	0.00	0.00		0	
87221	bot-221	bravo	E33r-3119	score+health	-2.14	14.41	236	5.27	0.24	6.96	1	flee
87221	bot-223	alpha	C00r-331I	latches	-2.15	6.70	14	2.94	2.18	3.58	3	cover
87280	bot-224	alpha	P00r-3310	state+latches	-8.21	10.24	56	0.00	0.16		0	
87280	bot-221	bravo	D00r--000	state+tier+score+ammo+health+packs+latches	-2.17	14.29	236	0.00	0.13	7.07	1	flee
87364	bot-181	bravo	C45rb3422	tier+score+element	-2.37	14.52	233	2.56	0.16	7.83	5	cover
87364	bot-186	bravo	E45rmR421	tier+score+element	-0.21	16.21	233	4.70	0.49	0.88	1	flee
87364	bot-196	bravo	M45mb33D0	tier+score+element	-1.80	15.04	233	2.24	0.20	0.86	2	medic
87364	bot-206	bravo	G45mb33E2	tier+score+element	-0.98	16.07	254	0.05	0.04		0	
87364	bot-223	alpha	C00r-3312	latches	-1.83	6.68	40	3.32	0.32	3.36	2	cover
87364	bot-224	alpha	S00r-3310	state	-8.21	10.24	56	0.00	0.00		0	
87364	bot-225	bravo	P00r-0410	initial	18.55	17.05	0	0.00			0	
87447	bot-225	bravo	P00r-4410	ammo	18.55	17.05	0	0.00	0.00		0	
87541	bot-201	bravo	A00r-2420	state	-1.17	-6.67	31	0.00	0.00		0	
87619	bot-224	alpha	C00r-3310	state	-7.89	10.46	57	2.58	0.39	6.52	1	seek
87760	bot-115	alpha	P00r-4320	initial	-11.45	-15.95	93	0.00	0.75		0	
87760	bot-116	alpha	P00m-2100	initial	-16.85	-19.10	259	0.42	0.04		0	
87760	bot-137	alpha	P00r-4310	initial	-11.44	-16.71	60	0.00	0.00		0	
87760	bot-140	alpha	P00r-4310	initial	-13.42	-15.82	339	0.72	0.07		0	
87760	bot-146	alpha	P00r-4310	initial	-12.19	-20.97	130	0.00	0.00		0	
87760	bot-149	alpha	P00r-4310	initial	-12.25	-19.13	333	0.00	0.00		0	
87760	bot-181	bravo	C20r-3420	initial	-2.09	14.96	231	0.86	0.52		0	
87760	bot-186	bravo	C20r-R420	initial	0.13	16.87	232	0.00	0.74		0	
87760	bot-196	bravo	S20m-33D0	initial	-1.75	15.04	233	0.00	0.05		0	
87760	bot-201	bravo	P00r-2420	initial	-1.17	-6.67	10	0.00	0.00		0	
87760	bot-206	bravo	S00m-33E0	initial	-0.96	16.06	234	0.00	0.02		0	
87760	bot-213	bravo	P00m-2320	initial	-1.41	-8.19	360	0.00	0.00		0	
87760	bot-214	bravo	P00r-4320	initial	-1.24	-9.91	359	0.00	0.00		0	
87760	bot-223	alpha	P00r-3310	initial	-1.26	6.64	78	0.00	0.57		0	
87760	bot-224	alpha	P00r-3310	initial	-7.63	10.42	53	0.00	0.25		0	
87760	bot-225	bravo	P00r-4410	initial	18.82	17.37	39	1.04	0.42		0	
87868	bot-181	bravo	C00r-3422	tier+latches	-2.10	14.93	230	0.31	0.04		0	
87868	bot-186	bravo	C00r-R422	tier+latches	-0.18	16.79	213	2.92	0.32	5.04	4	cover
87868	bot-196	bravo	S00m-33D0	tier	-1.80	15.12	239	1.74	0.10	10.03	2	seek
87868	bot-206	bravo	P00m-33E0	state	-1.07	16.15	247	1.63	0.14	8.47	2	seek
87868	bot-214	bravo	A00r-4320	state	-1.18	-9.92	359	0.58	0.07		0	
87931	bot-201	bravo	A00r-2420	state	-1.15	-6.54	10	0.00	0.13		0	
87931	bot-213	bravo	A00m-2320	state	-1.41	-8.20	360	0.00	0.01		0	
88007	bot-186	bravo	C00r-4422	ammo	-0.35	16.52	205	2.98	0.31	5.04	4	cover
88007	bot-196	bravo	C00m-33D0	state	-1.59	15.30	239	0.33	0.28	10.30	2	seek
88007	bot-224	alpha	C00r-3310	state	-7.52	10.38	53	0.20	0.12		0	
88065	bot-181	bravo	C00r-342I	latches	-1.92	15.43	242	5.02	0.54	0.77	1	cover
88065	bot-196	bravo	C00m-33D2	latches	-1.51	15.35	230	0.31	0.09	6.50	4	cover
88065	bot-201	bravo	A00r-242G	latches	-1.16	-6.48	359	0.19	0.06		0	
88065	bot-223	alpha	S00r-3310	state	-1.28	6.59	78	0.00	0.04		0	
88065	bot-224	alpha	C00r-331I	latches	-7.51	10.38	49	0.05	0.01		0	
88197	bot-224	alpha	C00r-3312	latches	-7.51	10.38	51	0.01	0.00		0	
88294	bot-181	bravo	G00r-3422	state+latches	-1.77	15.77	255	0.94	0.37		0	
88294	bot-201	bravo	S00r-2420	state+latches	-1.16	-6.47	359	0.01	0.01		0	
88686	bot-223	alpha	C00r-3310	state	-2.30	6.87	348	1.57	1.05	5.79	1	seek
88748	bot-223	alpha	C00r-3312	latches	-2.21	6.74	360	2.86	0.16	3.60	2	cover
88821	bot-115	alpha	P00r-4320	tick	-10.85	-15.52	114	0.80	0.74		0	
88821	bot-116	alpha	P00m-2100	tick	-17.28	-19.11	248	0.00	0.43		0	
88821	bot-137	alpha	P00r-4310	tick	-11.44	-16.71	60	0.00	0.00		0	
88821	bot-140	alpha	P00r-4310	tick	-13.41	-15.81	339	0.74	0.02		0	
88821	bot-146	alpha	P00r-4310	tick	-12.19	-20.97	130	0.00	0.00		0	
88821	bot-149	alpha	P00r-4310	tick	-12.25	-19.13	333	0.00	0.00		0	
88821	bot-225	bravo	P00r-4410	tick	20.04	19.14	55	2.36	2.15		1	patrol
88879	bot-206	bravo	P00m-33E0	tick	-1.63	16.64	280	0.31	0.75	6.68	3	squad
88879	bot-214	bravo	A00r-4320	tick	-1.17	-9.92	357	0.00	0.01		0	
88947	bot-213	bravo	A00m-2320	tick	-1.41	-8.21	358	0.00	0.01		0	
89015	bot-186	bravo	C00r-4422	tick	-0.85	15.89	213	1.87	0.81	5.97	1	cover
89044	bot-223	alpha	C00r-331I	latches	-1.35	6.57	0	4.01	0.88	3.13	2	cover
89118	bot-196	bravo	C00m-33D2	tick	-2.61	14.50	208	0.11	1.38	7.10	3	cover
89190	bot-201	bravo	A00r-2420	state	-0.72	-5.34	14	1.84	1.22	9.66	2	seek
89251	bot-224	alpha	C00r-3312	tick	-5.67	10.55	35	4.64	1.85	8.31	2	cover
89278	bot-223	alpha	C00r-3312	latches	-0.46	6.55	52	4.63	0.90	2.69	2	cover
89373	bot-181	bravo	G00r-3422	tick	-1.04	16.25	273	0.00	0.88		0	
89373	bot-196	bravo	C00m-23D2	ammo	-2.55	14.49	220	0.50	0.06	7.12	1	muzzleRecovery
89434	bot-196	bravo	P00m-23D0	state+latches	-2.55	14.49	220	4.68	0.00	7.12	1	muzzleRecovery
89512	bot-214	bravo	F00r-4320	state	-1.17	-9.92	3	0.00	0.00		0	
89512	bot-223	alpha	C10r-3312	tier	0.25	6.53	89	4.84	0.71	2.54	2	cover
89575	bot-186	bravo	C00r-442I	latches	0.36	17.34	240	6.44	1.89	4.26	1	cover
89575	bot-196	bravo	C00m-23D0	state	-2.10	14.54	194	0.00	0.45	7.14	0	muzzleRecovery
89575	bot-213	bravo	F00m-2320	state	-1.41	-8.21	5	0.00	0.00		0	
89575	bot-214	bravo	A00r-4320	state	-1.17	-9.92	4	0.00	0.00		0	
89649	bot-196	bravo	C00m-23D2	latches	-2.24	14.38	220	2.34	0.21	6.25	4	cover
89649	bot-213	bravo	P00m-2320	state	-1.41	-8.21	6	1.07	0.00		1	muzzleRecovery
89649	bot-214	bravo	F00r-4320	state	-1.17	-9.92	5	0.00	0.00		0	
89649	bot-223	alpha	E10r-3210	state+health+latches	0.26	6.60	77	0.89	0.07		0	
89649	bot-224	alpha	C21r-3312	tier+score	-6.68	11.09	52	3.47	1.15	7.16	2	cover
89716	bot-214	bravo	A00r-4320	state	-1.17	-9.92	5	0.00	0.00		0	
89716	bot-223	alpha	E10r-3219	latches	-0.19	6.58	77	4.30	0.45	6.53	2	flee
89780	bot-186	bravo	C00r-4422	latches	0.67	17.88	278	4.64	0.62	5.01	1	cover
89780	bot-214	bravo	F00r-4320	state	-1.17	-9.92	4	0.00	0.00		0	
89851	bot-115	alpha	P00r-4320	tick	-10.00	-15.63	129	0.03	0.86		0	
89851	bot-116	alpha	P00m-2100	tick	-17.28	-19.11	248	0.00	0.00		0	
89851	bot-137	alpha	P00r-4310	tick	-11.44	-16.71	60	0.00	0.00		0	
89851	bot-140	alpha	P00r-4310	tick	-13.18	-15.94	5	0.00	0.27		0	
89851	bot-146	alpha	P00r-4310	tick	-12.19	-20.97	130	0.00	0.00		0	
89851	bot-149	alpha	P00r-4310	tick	-12.25	-19.13	333	0.00	0.00		0	
89851	bot-214	bravo	A00r-4320	state	-1.17	-9.92	3	0.00	0.00		0	
89851	bot-225	bravo	P00r-4410	tick	21.02	20.50	21	2.17	1.68		1	patrol
89967	bot-201	bravo	A00r-242G	latches	-0.65	-5.34	1	0.30	0.07		0	
89967	bot-206	bravo	P00m-33E0	tick	-1.70	15.86	178	1.17	0.78	6.67	3	squad
89967	bot-213	bravo	A00m-2320	state	-1.63	-8.32	325	0.00	0.25		0	muzzleRecovery
89967	bot-214	bravo	F00r-4320	state	-1.17	-9.92	3	0.00	0.00		0	
89967	bot-214	bravo	F00r-3320	ammo	-1.17	-9.92	2	0.00	0.00		0	
89967	bot-223	alpha	E10r-3119	health	-0.88	6.56	77	3.55	0.69	6.06	2	flee
89967	bot-224	alpha	C32r-3312	tier+score	-7.18	11.39	61	3.01	0.58	6.58	2	cover
90051	bot-214	bravo	A00r-3320	state	-1.17	-9.92	2	0.00	0.00		0	
90122	bot-201	bravo	S00r-2420	state+latches	-0.65	-5.34	1	0.00	0.00		0	
90122	bot-214	bravo	F00r-3320	state	-1.17	-9.92	1	0.00	0.00		0	
90194	bot-196	bravo	A00m-23D0	state+latches	-2.75	13.52	244	4.26	1.00	6.30	4	cover
90194	bot-214	bravo	A00r-3320	state	-1.17	-9.92	0	0.00	0.00		0	
90258	bot-213	bravo	F00m-2320	state	-1.62	-8.32	1	0.00	0.00		0	
90258	bot-214	bravo	F00r-3320	state	-1.17	-9.92	359	0.00	0.00		0	
90258	bot-223	alpha	E10r-3019	health	-1.91	6.55	77	5.57	1.03	5.43	2	flee
90258	bot-224	alpha	C33r-3312	score	-7.78	11.72	69	3.84	0.69	5.89	2	cover
90327	bot-213	bravo	A00m-2320	state	-1.62	-8.32	360	0.00	0.00		0	
90327	bot-214	bravo	A00r-3320	state	-1.17	-9.92	358	0.00	0.00		0	
90437	bot-181	bravo	G00r-342I	latches	0.06	16.30	227	1.08	1.10		0	
90437	bot-196	bravo	C00m-23D0	state	-2.75	13.52	250	0.00	0.00		0	
90437	bot-213	bravo	F00m-2320	state	-1.62	-8.32	359	0.00	0.00		0	
90437	bot-213	bravo	P00m-2320	state	-1.62	-8.32	358	0.00	0.00		0	
90437	bot-223	alpha	D00r--000	state+tier+ammo+packs+latches	-2.18	6.55	77	0.00	0.27	5.29	2	flee
90437	bot-214	bravo	S00r-3320	state	-1.17	-9.92	357	0.00	0.00		0	
90437	bot-224	alpha	C35r-3310	score+latches	-8.15	11.89	70	4.15	0.40	1.92	1	muzzleRecovery
90501	bot-196	bravo	C00m-23D2	latches	-2.54	13.89	252	4.61	0.43	2.68	1	cover
90501	bot-213	bravo	S00m-2320	state	-1.62	-8.32	358	0.00	0.00		0	
90501	bot-224	alpha	P35r-3310	state	-8.15	11.89	70	4.36	0.00	1.92	1	muzzleRecovery
90633	bot-181	bravo	G00r-3422	latches	0.09	16.28	214	0.77	0.03		0	
90633	bot-224	alpha	A35r-3310	state	-7.72	11.99	77	0.00	0.44	2.30	0	muzzleRecovery
90705	bot-181	bravo	G00r-342I	latches	0.07	16.30	201	0.92	0.02		0	
90705	bot-224	alpha	F35r-3310	state	-7.72	11.99	67	0.00	0.00		0	
90779	bot-196	bravo	P00m-23D0	state+latches	-2.13	14.50	247	2.63	0.73	1.95	1	muzzleRecovery
90779	bot-224	alpha	A35r-3310	state	-7.72	11.99	66	0.00	0.00		0	
90868	bot-115	alpha	P00r-4320	tick	-10.34	-15.54	181	1.45	0.35		0	
90868	bot-116	alpha	P00m-2100	tick	-17.29	-19.12	248	0.00	0.02		0	
90868	bot-137	alpha	P00r-4310	tick	-11.44	-16.71	60	0.00	0.00		0	
90868	bot-140	alpha	P00r-4310	tick	-13.15	-15.94	5	0.74	0.02		0	
90868	bot-146	alpha	P00r-4310	tick	-12.30	-20.93	117	2.40	0.12	5.47	2	squad
90868	bot-149	alpha	P00r-4310	tick	-12.25	-19.13	333	0.00	0.00		0	
90868	bot-186	bravo	C00r-4422	tick	3.87	18.69	77	4.60	3.30	1.71	1	cover
90868	bot-225	bravo	P00r-4410	tick	21.79	21.61	20	2.21	1.34		1	patrol
90919	bot-181	bravo	G00r-3422	latches	0.08	16.27	209	0.74	0.02		0	
90919	bot-224	alpha	F35r-3310	state	-7.70	12.11	68	0.00	0.12		0	
90985	bot-181	bravo	G21r-3422	tier+score	0.08	16.30	215	0.87	0.02		0	
90985	bot-186	bravo	C21r-4422	tier+score	4.32	18.79	78	4.49	0.45	1.26	1	cover
90985	bot-196	bravo	E21m-21D0	state+tier+score+health	-2.35	14.24	216	1.47	0.34		0	
90985	bot-206	bravo	P21m-33E0	tier+score	-1.86	15.04	187	1.09	0.84	7.26	3	squad
90985	bot-224	alpha	A35r-3310	state	-7.69	12.13	68	0.67	0.03		0	
91056	bot-196	bravo	E21m-21D9	latches	-1.96	14.55	242	3.26	0.50	6.37	2	flee
91056	bot-224	alpha	F35r-3310	state	-7.68	12.14	68	0.24	0.01		0	
91125	bot-181	bravo	G32r-3422	tier+score	0.08	16.30	225	0.69	0.00		0	
91125	bot-186	bravo	C32r-4422	tier+score	4.71	18.88	79	3.76	0.40	0.86	1	cover
91125	bot-196	bravo	E32m-20D9	tier+score+health	-1.80	14.71	247	5.27	0.23	6.14	2	flee
91125	bot-201	bravo	S00r-2420	tick	-0.58	-5.21	5	0.00	0.15		0	
91125	bot-206	bravo	C32m-33E0	state+tier+score	-1.86	15.09	207	0.44	0.06		0	
91125	bot-224	alpha	A35r-3310	state	-7.68	12.15	67	0.09	0.00		0	
91192	bot-206	bravo	C32m-33E2	latches	-1.92	15.14	228	0.92	0.08	6.59	4	cover
91192	bot-224	alpha	E36r-3210	state+score+health	-7.68	12.15	66	0.03	0.00		0	
91192	bot-224	alpha	P36r-2210	state+ammo	-7.68	12.15	66	5.33	0.00		0	
91192	bot-196	bravo	D00m--0A0	state+tier+score+ammo+packs+latches	-1.64	14.83	247	0.00	0.20	5.95	2	flee
91262	bot-181	bravo	G44rb3422	tier+score+element	-0.29	16.15	235	0.93	0.40		0	
91262	bot-186	bravo	C44rm4422	tier+score+element	5.05	18.95	79	3.42	0.35	0.51	1	cover
91262	bot-206	bravo	M44mb33E0	state+tier+score+element+latches	-1.92	15.14	228	0.92	0.00	6.59	4	cover
91262	bot-224	alpha	E36r-2210	state	-7.83	12.37	66	5.33	0.27		0	
91358	bot-206	bravo	M44mm33E0	element	-1.94	15.19	251	0.47	0.05		0	
91358	bot-224	alpha	E36r-2219	latches	-8.18	12.52	66	4.01	0.38	4.80	1	flee
91430	bot-186	bravo	G44rm4422	state	5.18	18.96	78	2.47	0.13	0.38	1	cover
91496	bot-214	bravo	S00r-3320	tick	-0.44	-8.27	9	2.36	1.80	12.48	2	seek
91538	bot-213	bravo	S00m-2320	tick	-0.95	-6.57	14	2.62	1.88	10.43	2	seek
91897	bot-115	alpha	P00r-4320	tick	-10.30	-15.52	189	0.41	0.04		0	
91897	bot-116	alpha	P00m-2100	tick	-17.29	-19.12	248	0.00	0.00		0	
91897	bot-137	alpha	P00r-4310	tick	-11.44	-16.71	60	0.00	0.00		0	
91897	bot-140	alpha	P00r-4310	tick	-13.15	-15.94	5	0.00	0.00		0	
91897	bot-146	alpha	P00r-4310	tick	-13.62	-20.43	326	2.47	1.41	4.04	2	squad
91897	bot-149	alpha	P00r-4310	tick	-12.25	-19.13	333	0.00	0.00		0	
91897	bot-225	bravo	P00r-4410	tick	20.36	21.07	265	2.43	1.53		9	patrol
92144	bot-201	bravo	S00r-2420	tick	-0.12	-3.75	14	1.96	1.54	7.00	2	seek
92278	bot-181	bravo	G44rb3422	tick	-1.45	16.05	273	0.00	1.16		0	
92373	bot-206	bravo	M44mm33E0	tick	-1.84	15.13	263	0.15	0.12		0	
92373	bot-224	alpha	E36r-2219	tick	-11.31	12.90	66	3.38	3.15	1.65	1	flee
92444	bot-186	bravo	G44rm4422	tick	5.55	19.05	275	0.00	0.38		0	
92444	bot-226	alpha	P00r-0410	initial	19.55	12.55	0	0.00			0	
92444	bot-227	bravo	P00m-0420	initial	4.05	12.55	0	0.00			0	
92475	bot-226	alpha	P00r-4410	ammo	19.55	12.55	0	0.00	0.00		0	
92475	bot-227	bravo	C44mm4420	state+tier+score+element+ammo	4.05	12.55	0	0.00	0.00		0	
92540	bot-213	bravo	S00m-2320	tick	-0.06	-4.56	12	1.93	2.20	8.27	2	seek
92540	bot-214	bravo	S00r-3320	tick	0.33	-5.98	7	2.51	2.42	10.10	2	seek
92540	bot-227	bravo	C44mb4422	element+latches	4.05	12.18	21	4.59	0.37	2.60	2	cover
92607	bot-227	bravo	S44mb4424	state+latches	4.05	12.18	21	4.59	0.00	2.60	2	cover
92668	bot-224	alpha	E35r-2219	score	-12.22	12.99	66	3.18	0.92	0.73	1	flee
92668	bot-226	alpha	C00r-4410	state	19.38	12.75	326	2.12	0.26		9	patrol
92668	bot-227	bravo	S44mm4424	element	4.07	12.20	0	0.00	0.02		0	
92736	bot-226	alpha	C00r-4412	latches	19.11	13.04	352	4.05	0.39		9	patrol
92809	bot-224	alpha	E00r-2219	tier+score	-12.50	13.03	66	2.63	0.28	0.45	1	flee
92915	bot-115	alpha	P00r-4320	tick	-10.37	-15.51	340	0.87	0.07		0	
92915	bot-116	alpha	P00m-2100	tick	-17.29	-19.12	248	0.00	0.00		0	
92915	bot-137	alpha	P00r-4310	tick	-11.44	-16.71	60	0.00	0.00		0	
92915	bot-140	alpha	P00r-4310	tick	-13.15	-15.94	5	0.00	0.00		0	
92915	bot-146	alpha	P00r-4310	tick	-15.63	-19.64	268	2.47	2.15	2.00	2	squad
92915	bot-149	alpha	P00r-4310	tick	-12.25	-19.13	333	0.00	0.00		0	
92915	bot-225	bravo	P00r-4410	tick	18.40	20.09	249	2.14	2.19		9	patrol
92978	bot-224	alpha	E00r-2210	latches	-12.63	13.04	66	0.00	0.12		0	
92978	bot-225	bravo	A00r-4410	state	18.40	20.09	249	2.14	0.00		9	patrol
93108	bot-226	alpha	A00r-4410	state+latches	18.97	13.23	355	0.00	0.24		0	
93108	bot-227	bravo	S44mm4420	latches	4.06	12.18	290	1.32	0.01	10.18	3	seek
93173	bot-201	bravo	S00r-2420	tick	0.31	-2.15	17	1.75	1.65	5.35	2	seek
93286	bot-181	bravo	G44rb3422	tick	0.09	16.29	200	0.00	1.56		0	
93382	bot-206	bravo	M44mm33E0	tick	-1.84	15.19	236	0.28	0.06		0	
93446	bot-186	bravo	G44rm4422	tick	5.55	19.05	197	0.00	0.00		0	
93446	bot-226	alpha	F00r-4410	state	18.97	13.23	355	0.00	0.00		0	
93446	bot-227	bravo	S45mm4420	score	3.84	11.70	283	2.22	0.53	10.07	3	seek
93510	bot-186	bravo	G45rm4422	score	5.55	19.05	192	0.00	0.00		0	
93510	bot-224	alpha	H00r-2210	state	-12.54	13.09	66	0.05	0.10		0	
93510	bot-225	bravo	A00r-4310	health	18.41	20.09	175	0.00	0.01		0	
93510	bot-226	alpha	C00r-4410	state	18.97	13.23	355	0.00	0.00		0	
93577	bot-213	bravo	S00m-2320	tick	0.25	-2.94	11	2.20	1.66	6.62	2	seek
93577	bot-214	bravo	S00r-3320	tick	1.12	-4.18	3	1.65	1.96	8.25	2	seek
93577	bot-226	alpha	C00r-4412	latches	18.97	13.23	355	0.00	0.00		0	
93577	bot-227	bravo	S46mm4420	score	3.74	11.52	284	1.58	0.21	10.02	3	seek
93640	bot-186	bravo	G46rm4422	score	5.55	19.05	182	0.00	0.00		0	
93640	bot-225	bravo	E00r-4210	state+health	18.41	20.09	175	0.00	0.00		0	
93750	bot-225	bravo	E00r-4219	latches	18.08	20.37	174	4.42	0.43	5.84	1	flee
93837	bot-181	bravo	G44rm3422	element	0.08	16.27	219	0.26	0.02		0	
93837	bot-186	bravo	G46rb4422	element	5.55	19.05	195	0.00	0.00		0	
93918	bot-115	alpha	P00r-4320	tick	-10.37	-15.54	1	0.31	0.03		0	
93918	bot-116	alpha	P00m-2100	tick	-17.29	-19.12	248	0.00	0.00		0	
93918	bot-137	alpha	P00r-4310	tick	-11.44	-16.71	60	0.00	0.00		0	
93918	bot-140	alpha	P00r-4310	tick	-13.15	-15.94	5	0.00	0.00		0	
93918	bot-146	alpha	P00r-4310	tick	-16.58	-19.16	293	0.70	1.06		0	
93918	bot-149	alpha	P00r-4310	tick	-12.25	-19.13	333	0.00	0.00		0	
93968	bot-181	bravo	G33r-3422	tier+score+element	0.06	16.30	229	1.07	0.03		0	
93968	bot-186	bravo	G45rb4422	score	5.55	19.05	205	0.00	0.00		0	
93968	bot-206	bravo	M33m-33E0	tier+score+element	-1.76	15.23	210	0.77	0.09		0	
93968	bot-226	alpha	P00r-4410	state+latches	18.97	13.23	351	4.09	0.00		1	muzzleRecovery
93968	bot-227	bravo	S45mm4420	score	3.49	10.98	287	2.39	0.59	9.92	3	seek
93968	bot-223	alpha	D00r--000	tick	-2.18	6.55	77	0.00	0.00	5.29	0	
93968	bot-196	bravo	D00m--0A0	tick	-1.64	14.83	247	0.00	0.00	5.95	0	
94123	bot-115	alpha	P00r-4320	initial	-10.95	-15.95	1	0.00	0.71		0	
94123	bot-116	alpha	P00m-2100	initial	-17.31	-19.15	248	0.60	0.03		0	
94123	bot-137	alpha	P00r-4310	initial	-11.44	-16.71	60	0.00	0.00		0	
94123	bot-140	alpha	P00r-4310	initial	-13.15	-15.94	5	0.74	0.00		0	
94123	bot-146	alpha	P00r-4310	initial	-16.58	-19.15	293	0.52	0.01		0	
94123	bot-149	alpha	P00r-4310	initial	-12.25	-19.13	333	0.00	0.00		0	
94123	bot-181	bravo	P00r-3420	initial	0.06	16.30	229	0.00	0.00		0	
94123	bot-186	bravo	P00r-4420	initial	5.55	19.05	205	0.00	0.00		0	
94123	bot-201	bravo	P00r-2420	initial	0.65	-1.18	12	0.00	1.03		0	
94123	bot-206	bravo	P00m-33E0	initial	-1.76	15.23	210	0.00	0.00		0	
94123	bot-213	bravo	P00m-2320	initial	0.47	-2.46	24	0.00	0.52		0	
94123	bot-214	bravo	P00r-3320	initial	1.22	-3.79	10	0.00	0.41		0	
94123	bot-224	alpha	H00r-2210	initial	-12.48	13.20	71	0.85	0.13		0	
94123	bot-225	bravo	E00r-4210	initial	17.46	20.95	168	3.90	0.85	4.99	1	flee
94123	bot-226	alpha	P00r-4410	initial	19.17	13.17	4	0.00	0.20		0	
94123	bot-227	bravo	S00m-4420	initial	3.45	10.87	300	2.36	0.12	17.60	7	seek
94244	bot-186	bravo	S00r-4420	state	5.39	18.98	218	2.76	0.18	8.26	3	squad
94244	bot-224	alpha	H00r-2310	health	-12.47	13.20	82	0.23	0.01		0	
94244	bot-225	bravo	E00r-4219	latches	17.28	21.09	167	4.59	0.23	4.76	1	flee
94337	bot-227	bravo	A00m-4420	state	3.40	10.76	313	2.41	0.12	17.68	7	seek
94400	bot-181	bravo	S00r-3420	state	-0.38	16.29	239	2.49	0.44		7	patrol
94400	bot-186	bravo	P00r-4420	state	5.51	18.90	192	1.52	0.15	16.09	3	seek
94400	bot-201	bravo	S00r-2420	state	0.67	-1.24	12	0.13	0.07		0	
94400	bot-201	bravo	P00r-2420	state	0.67	-1.24	12	0.13	0.00		0	
94400	bot-206	bravo	S00m-33E0	state	-1.83	15.47	210	0.90	0.25		0	
94400	bot-213	bravo	S00m-2320	state	0.41	-2.36	24	0.09	0.12		0	
94400	bot-213	bravo	P00m-2320	state	0.41	-2.36	24	0.09	0.00		0	
94400	bot-214	bravo	S00r-3320	state	1.25	-3.80	10	0.02	0.04		0	
94400	bot-214	bravo	P00r-3320	state	1.25	-3.80	10	0.02	0.00		0	
94400	bot-226	alpha	A00r-4410	state	19.10	13.37	351	2.49	0.21		9	patrol
94683	bot-224	alpha	H00r-231G	latches	-12.46	13.21	68	0.00	0.01		0	
94683	bot-227	bravo	A00m-442G	latches	3.43	10.76	279	0.12	0.03		0	
94922	bot-224	alpha	H00r-2310	latches	-12.46	13.21	50	0.00	0.00		0	
94922	bot-227	bravo	S00m-4420	state+latches	3.44	10.76	279	0.00	0.01		0	
95018	bot-227	bravo	A00m-4420	state	3.36	10.69	287	1.33	0.10	14.96	4	seek
95088	bot-224	alpha	H00r-231G	latches	-12.46	13.21	52	0.00	0.00		0	
95088	bot-227	bravo	A00m-442G	latches	3.36	10.69	281	0.00	0.00		0	
95172	bot-115	alpha	P00r-4320	tick	-10.85	-15.50	94	0.20	0.46		0	
95172	bot-116	alpha	P00m-2100	tick	-17.39	-19.18	248	0.00	0.09		0	
95172	bot-137	alpha	P00r-4310	tick	-11.44	-16.71	60	0.00	0.00		0	
95172	bot-140	alpha	P00r-4310	tick	-13.15	-15.94	5	0.74	0.00		0	
95172	bot-146	alpha	P00r-4310	tick	-16.80	-19.06	298	0.01	0.24		0	
95172	bot-149	alpha	P00r-4310	tick	-12.25	-19.13	333	0.00	0.00		0	
95172	bot-224	alpha	A00r-231G	state	-12.46	13.21	52	0.00	0.00		0	
95172	bot-226	alpha	A00r-441G	latches	19.11	13.40	336	0.00	0.03		0	
95257	bot-225	bravo	E00r-421P	latches	14.36	23.44	156	4.34	3.75	1.01	1	flee
95257	bot-226	alpha	A00r-4410	latches	19.11	13.40	335	0.00	0.00		0	
95324	bot-224	alpha	S00r-2310	state+latches	-12.46	13.21	52	0.00	0.00		0	
95324	bot-225	bravo	E00r-4219	latches	14.18	23.58	155	4.02	0.23	0.79	1	flee
95324	bot-226	alpha	A00r-4310	health	19.11	13.40	334	0.00	0.00		0	
95324	bot-227	bravo	S00m-4420	state+latches	3.36	10.71	281	0.00	0.02		0	
95392	bot-224	alpha	C00r-2310	state	-12.39	13.19	62	1.43	0.07	16.16	4	seek
95463	bot-181	bravo	S00r-3420	tick	-1.80	15.51	244	0.46	1.62	9.06	3	seek
95463	bot-186	bravo	P00r-4420	tick	3.48	18.50	280	2.10	2.06	4.79	5	squad
95463	bot-201	bravo	P00r-2420	tick	0.71	-1.30	25	0.00	0.07		0	
95463	bot-206	bravo	S00m-33E0	tick	-2.22	14.53	278	0.92	1.02	11.33	4	seek
95463	bot-213	bravo	P00m-2320	tick	0.37	-2.32	37	0.00	0.06		0	
95463	bot-214	bravo	P00r-3320	tick	1.25	-3.80	23	0.00	0.00		0	
95463	bot-224	alpha	C00r-2312	latches	-12.21	13.18	83	2.37	0.18	6.30	1	cover
95463	bot-226	alpha	E00r-4210	state+health	19.11	13.40	334	0.00	0.00		0	
95532	bot-226	alpha	E00r-4219	latches	19.21	13.32	333	1.38	0.14	6.79	1	flee
95603	bot-226	alpha	E00r-4119	health	19.26	13.27	333	1.36	0.07	6.72	1	flee
95603	bot-227	bravo	A00m-4420	state	3.16	10.57	240	1.32	0.25	14.81	4	seek
95669	bot-206	bravo	A00m-33E0	state	-2.31	14.42	265	1.53	0.15	11.25	4	seek
95669	bot-225	bravo	E00r-4210	latches	13.74	23.91	153	0.00	0.55		0	
95771	bot-186	bravo	P21r-4420	tier+score	3.11	18.44	269	1.98	0.38	4.56	5	squad
95771	bot-224	alpha	C00r-231I	latches	-11.37	13.10	95	4.94	0.84	5.45	1	cover
95771	bot-225	bravo	E00r-4110	health	13.74	23.91	152	0.00	0.00		0	
95771	bot-226	alpha	E00r-4019	health	19.48	13.08	332	4.36	0.29	6.43	1	flee
95771	bot-227	bravo	A00m-442G	latches	3.18	10.58	261	0.00	0.02		0	
95845	bot-181	bravo	S21r-3420	tier+score	-1.89	15.25	192	1.42	0.27	8.87	3	seek
95845	bot-206	bravo	A00m-33EG	latches	-2.27	14.42	262	0.24	0.04		0	
95845	bot-224	alpha	A00r-231G	state+latches	-11.37	13.10	95	4.94	0.00	5.45	1	cover
95913	bot-186	bravo	P00r-4420	tier+score	2.93	18.41	265	1.97	0.18	4.45	5	squad
95913	bot-226	alpha	E10r-4019	tier	19.85	12.72	332	5.19	0.51	5.92	1	flee
95974	bot-181	bravo	S00r-3420	tier+score	-1.89	15.15	167	1.11	0.10	8.83	3	seek
95974	bot-224	alpha	S00r-2310	state+latches	-11.33	13.14	95	0.19	0.06		0	
95974	bot-225	bravo	E10r-4110	tier	13.77	23.88	151	0.09	0.05		0	
95974	bot-227	bravo	S00m-4420	state+latches	3.18	10.58	261	0.00	0.00		0	
96047	bot-206	bravo	S00m-33E0	state+latches	-2.27	14.43	262	0.03	0.01		0	
96113	bot-226	alpha	E10r-4010	latches	20.46	12.29	331	4.66	0.75	5.94	1	flee
96202	bot-115	alpha	P00r-4320	tick	-10.51	-15.50	79	1.20	0.34		0	
96202	bot-116	alpha	P00m-2100	tick	-17.41	-19.19	248	0.00	0.02		0	
96202	bot-137	alpha	P00r-4310	tick	-11.44	-16.71	60	0.00	0.00		0	
96202	bot-140	alpha	P00r-4310	tick	-13.15	-15.94	5	0.74	0.00		0	
96202	bot-146	alpha	P00r-4310	tick	-16.80	-19.06	298	0.00	0.00		0	
96202	bot-149	alpha	P00r-4310	tick	-12.25	-19.13	333	0.00	0.00		0	
96202	bot-225	bravo	H10r-4110	state	13.77	23.88	151	0.01	0.00		1	muzzleRecovery
96202	bot-226	alpha	E10r-3019	ammo+latches	20.67	12.23	330	3.95	0.22	5.77	1	flee
96269	bot-224	alpha	C00r-2310	state	-10.99	13.14	81	2.51	0.35	8.65	3	seek
96269	bot-225	bravo	H10r-4010	health	13.77	23.88	168	0.00	0.00		1	muzzleRecovery
96269	bot-227	bravo	A00m-4420	state	3.14	10.29	243	1.35	0.30	13.29	5	seek
96336	bot-206	bravo	C00m-33E0	state	-2.38	14.27	227	1.24	0.19	9.66	3	seek
96336	bot-224	alpha	C00r-2312	latches	-11.18	13.23	82	1.06	0.21	2.21	1	cover
96408	bot-206	bravo	C00m-33E2	latches	-2.09	14.47	252	2.39	0.35	8.16	5	cover
96477	bot-201	bravo	P00r-2420	tick	0.71	-1.30	25	0.00	0.00		0	
96477	bot-213	bravo	P00m-2320	tick	0.33	-2.32	37	0.00	0.03		0	
96477	bot-214	bravo	P00r-3320	tick	1.25	-3.80	23	0.00	0.00		0	
96508	bot-206	bravo	A00m-33E0	state+latches	-2.10	14.44	263	2.08	0.03	8.17	5	cover
96508	bot-226	alpha	E10r-3010	latches	21.17	11.69	329	2.61	0.73	5.89	1	flee
96508	bot-227	bravo	F00m-4420	state	3.14	10.29	282	0.00	0.00		0	
96577	bot-224	alpha	E00r-221G	state+health+latches	-11.49	13.42	83	3.00	0.37		0	
96577	bot-226	alpha	E10r-3019	latches	21.24	11.58	329	1.79	0.13	5.76	1	flee
96577	bot-227	bravo	A00m-4420	state	3.14	10.29	282	0.00	0.00		0	
96656	bot-206	bravo	A00m-33EG	latches	-2.21	14.50	264	1.77	0.12		0	
96656	bot-224	alpha	E00r-2219	latches	-11.70	13.64	96	3.18	0.31	4.36	2	flee
96656	bot-227	bravo	F00m-4420	state	3.14	10.29	282	0.00	0.00		0	
96741	bot-224	alpha	E10r-2219	tier	-11.80	13.74	103	2.78	0.14	4.22	2	flee
96741	bot-227	bravo	A00m-4420	state	3.14	10.29	283	0.00	0.00		0	
96809	bot-227	bravo	F00m-4420	state	3.14	10.29	283	0.00	0.00		0	
96878	bot-206	bravo	S00m-33E0	state+latches	-2.21	14.46	264	0.27	0.04		0	
96878	bot-224	alpha	E10r-2119	health	-11.99	13.96	103	3.07	0.29	3.94	2	flee
96878	bot-226	alpha	E10r-3010	latches	21.63	10.90	329	4.66	0.78	5.42	1	flee
96878	bot-227	bravo	A00m-4420	state	3.16	10.30	283	0.91	0.02		0	
96951	bot-186	bravo	P00r-4420	tick	1.31	18.11	230	2.42	1.65	5.16	5	squad
96951	bot-226	alpha	E10r-3019	latches	21.74	10.67	329	5.01	0.25	5.17	1	flee
96951	bot-227	bravo	F00m-4420	state	3.16	10.30	284	0.00	0.00		0	
97015	bot-181	bravo	S00r-3420	tick	-2.10	14.92	247	0.34	0.32	8.54	2	seek
97015	bot-224	alpha	E10r-2019	health	-12.22	14.24	104	3.78	0.36	3.58	2	flee
97015	bot-227	bravo	A00m-4420	state	3.16	10.30	284	0.00	0.00		0	
97117	bot-226	alpha	E10r-3010	latches	22.04	10.12	329	4.07	0.63	5.45	2	flee
97117	bot-227	bravo	F00m-4420	state	3.16	10.30	285	0.00	0.00		0	
97117	bot-227	bravo	P00m-3420	state+ammo	3.16	10.30	285	0.00	0.00		0	
97117	bot-224	alpha	D00r--000	state+tier+ammo+packs+latches	-12.48	14.52	105	0.00	0.38	3.20	1	flee
97196	bot-226	alpha	E10r-3019	latches	22.14	9.91	329	4.30	0.23	5.22	2	flee
97196	bot-227	bravo	S00m-3420	state	3.16	10.30	285	0.00	0.00		0	
97276	bot-115	alpha	P00r-4320	tick	-10.51	-15.50	183	0.33	0.00		0	
97276	bot-116	alpha	P00m-2100	tick	-17.41	-19.19	248	0.00	0.00		0	
97276	bot-137	alpha	P00r-4310	tick	-11.44	-16.71	60	0.00	0.00		0	
97276	bot-140	alpha	P00r-4310	tick	-13.15	-15.94	5	0.74	0.00		0	
97276	bot-146	alpha	P00r-4310	tick	-16.80	-19.09	298	0.64	0.03		0	
97276	bot-149	alpha	P00r-4310	tick	-12.25	-19.13	333	0.00	0.00		0	
97276	bot-225	bravo	H10r-4010	tick	13.77	23.88	162	0.00	0.00		1	muzzleRecovery
97276	bot-226	alpha	E10r-2019	ammo	22.23	9.69	329	4.77	0.24	4.98	2	flee
97276	bot-227	bravo	P00m-3420	state	3.10	10.30	295	1.30	0.07	20.22	7	seek
97365	bot-206	bravo	P00m-33E0	state	-2.42	14.17	282	1.79	0.35	10.80	5	seek
97437	bot-225	bravo	H10r-4110	health	13.77	23.88	149	0.00	0.00		1	muzzleRecovery
97437	bot-228	alpha	P00m-0420	initial	-15.45	-17.95	0	0.00			0	
97507	bot-201	bravo	P00r-2420	tick	0.75	-1.35	25	0.20	0.07		0	
97507	bot-213	bravo	P00m-2320	tick	0.33	-2.32	37	0.00	0.00		0	
97507	bot-214	bravo	P00r-3320	tick	1.25	-3.80	23	0.00	0.00		0	
97507	bot-226	alpha	E10r-2010	latches	22.54	9.06	329	4.02	0.70	4.28	2	flee
97507	bot-228	alpha	P00m-4420	ammo	-15.45	-17.95	0	0.00	0.00		0	
97612	bot-226	alpha	E00r-2019	tier+latches	22.64	8.88	329	4.09	0.21	4.08	2	flee
97754	bot-226	alpha	E00r-2010	latches	22.81	8.48	330	3.83	0.43	3.65	2	flee
97838	bot-226	alpha	E00r-2019	latches	22.84	8.38	330	1.26	0.11	3.55	2	flee
97976	bot-186	bravo	P00r-4420	tick	0.29	17.09	226	1.54	1.44	3.92	4	squad
98013	bot-226	alpha	E00r-2010	latches	23.03	7.86	330	3.86	0.56	2.99	2	flee
98086	bot-181	bravo	S00r-3420	tick	-2.40	14.31	222	1.28	0.68	8.04	2	seek
98086	bot-226	alpha	E00r-2019	latches	23.11	7.68	330	4.01	0.20	2.79	2	flee
98257	bot-226	alpha	E00r-2010	latches	23.33	7.26	330	3.27	0.47	2.32	2	flee
98327	bot-115	alpha	P00r-4320	tick	-10.39	-15.52	196	0.73	0.13		0	
98327	bot-116	alpha	P00m-2100	tick	-17.41	-19.19	248	0.00	0.00		0	
98327	bot-137	alpha	P00r-4310	tick	-11.44	-16.71	60	0.00	0.00		0	
98327	bot-140	alpha	P00r-4310	tick	-13.15	-15.94	5	0.00	0.00		0	
98327	bot-146	alpha	P00r-4310	tick	-16.79	-19.10	298	0.00	0.01		0	
98327	bot-149	alpha	P00r-4310	tick	-12.25	-19.13	333	0.00	0.00		0	
98327	bot-226	alpha	E00r-2019	latches	23.51	7.10	330	3.98	0.24	2.12	2	flee
98327	bot-227	bravo	P00m-3420	tick	4.55	9.74	129	2.64	1.56	1.28	1	squad
98400	bot-206	bravo	P00m-33E0	tick	-3.05	12.61	174	2.50	1.68	6.98	2	squad
98400	bot-226	alpha	E00r-1019	ammo	23.59	6.87	330	4.86	0.24	1.88	2	flee
98467	bot-225	bravo	H10r-4110	tick	13.79	23.87	121	0.00	0.02		1	muzzleRecovery
98533	bot-201	bravo	P00r-2420	tick	0.76	-1.36	25	0.00	0.01		0	
98533	bot-213	bravo	P00m-2320	tick	0.30	-2.32	37	0.00	0.03		0	
98533	bot-214	bravo	P00r-3320	tick	1.25	-3.80	23	0.00	0.00		0	
98533	bot-228	alpha	P00m-4420	tick	-15.35	-17.92	0	0.00	0.11		0	
98568	bot-226	alpha	E00r-1010	latches	23.85	6.19	330	4.59	0.73	1.16	1	flee
98650	bot-226	alpha	E00r-1019	latches	23.90	5.98	330	4.15	0.21	0.94	1	flee
98822	bot-226	alpha	E00r-1010	latches	24.04	5.37	331	3.55	0.63	0.32	1	flee
98907	bot-226	alpha	E00r-1019	latches	24.04	5.37	331	0.00	0.00		0	
98973	bot-225	bravo	H10r-4210	health	13.79	23.87	161	0.00	0.00		1	muzzleRecovery
98973	bot-226	alpha	E00r-1010	latches	24.04	5.37	331	0.00	0.00		0	
99051	bot-186	bravo	P00r-4420	tick	-0.83	16.12	235	1.86	1.48	5.10	2	squad
99129	bot-181	bravo	S00r-3420	tick	-3.62	13.41	254	2.73	1.52	6.59	1	seek
99323	bot-226	alpha	E00r-4010	ammo	24.23	5.50	330	0.19	0.23		1	muzzleRecovery
99397	bot-115	alpha	P00r-4320	tick	-10.45	-15.51	185	0.30	0.06		0	
99397	bot-116	alpha	P00m-2100	tick	-17.41	-19.19	248	0.00	0.00		0	
99397	bot-137	alpha	P00r-4310	tick	-11.44	-16.71	60	0.00	0.00		0	
99397	bot-140	alpha	P00r-4310	tick	-13.03	-15.86	18	0.64	0.15		0	
99397	bot-146	alpha	P00r-4310	tick	-16.77	-19.10	298	0.00	0.02		0	
99397	bot-149	alpha	P00r-4310	tick	-12.25	-19.13	333	0.00	0.00		0	
99397	bot-227	bravo	P00m-3420	tick	3.43	8.86	258	2.23	1.43	6.75	3	squad
99435	bot-186	bravo	S00r-4420	state	-1.32	15.70	222	2.06	0.64	5.21	2	squad
99435	bot-201	bravo	S00r-2420	state	0.76	-1.36	25	0.00	0.00		0	
99435	bot-201	bravo	P00r-2420	state	0.76	-1.36	25	0.00	0.00		0	
99435	bot-206	bravo	P00m-33E0	tick	-3.26	10.93	155	2.10	1.69	4.73	2	squad
99435	bot-213	bravo	S00m-2320	state	0.30	-2.31	37	0.17	0.01		0	
99435	bot-213	bravo	P00m-2320	state	0.30	-2.31	37	0.17	0.00		0	
99435	bot-214	bravo	S00r-3320	state	1.25	-3.80	23	0.00	0.00		0	
99435	bot-214	bravo	P00r-3320	state	1.25	-3.80	23	0.00	0.00		0	
99537	bot-226	alpha	H00r-4010	state	24.23	5.50	330	0.02	0.01		1	muzzleRecovery
99537	bot-228	alpha	P00m-4420	tick	-15.30	-17.91	0	0.00	0.04		0	
99974	bot-225	bravo	H10r-4210	tick	13.81	23.86	171	0.00	0.02		1	muzzleRecovery
100103	bot-224	alpha	D00r--000	tick	-12.48	14.52	105	0.00	0.00	3.20	0	
100252	bot-115	alpha	P00r-4320	initial	-10.95	-15.95	114	0.00	0.67		0	
100252	bot-116	alpha	P00m-2100	initial	-17.43	-19.19	248	0.43	0.02		0	
100252	bot-137	alpha	P00r-4310	initial	-11.44	-16.71	60	0.00	0.00		0	
100252	bot-140	alpha	P00r-4310	initial	-12.99	-15.82	31	0.74	0.05		0	
100252	bot-146	alpha	P00r-4310	initial	-16.75	-19.10	298	0.75	0.02		0	
100252	bot-149	alpha	P00r-4310	initial	-12.25	-19.13	333	0.00	0.00		0	
100252	bot-181	bravo	P00r-3420	initial	-5.55	12.73	255	0.00	2.04		0	
100252	bot-186	bravo	P00r-4420	initial	-0.57	16.66	87	0.00	1.21		0	
100252	bot-201	bravo	P00r-2420	initial	0.90	-1.52	35	0.45	0.22		0	
100252	bot-206	bravo	P00m-33E0	initial	-3.42	9.86	167	0.34	1.09	7.06	2	squad
100252	bot-213	bravo	P00m-2320	initial	0.35	-2.28	27	0.24	0.06		0	
100252	bot-214	bravo	P00r-3320	initial	1.28	-3.82	33	0.90	0.03		0	
100252	bot-225	bravo	H00r-4210	initial	13.85	23.82	161	0.93	0.06		0	
100252	bot-226	alpha	H00r-4010	initial	24.29	5.50	304	0.78	0.05		0	
100252	bot-227	bravo	P00m-3420	initial	2.00	8.88	282	0.77	1.43		0	
100252	bot-228	alpha	P00m-4420	initial	-15.21	-17.91	0	0.59	0.09		0	
100506	bot-225	bravo	H00r-4310	health	13.86	23.81	171	0.01	0.01		0	
100601	bot-186	bravo	S00r-4420	state	-0.88	16.35	139	2.30	0.44	5.58	2	squad
100821	bot-226	alpha	H00r-4110	health	24.29	5.50	304	0.00	0.00		0	
101257	bot-115	alpha	P00r-4320	tick	-10.81	-15.50	105	0.28	0.47		0	
101257	bot-116	alpha	P00m-2100	tick	-17.51	-19.21	255	0.00	0.09		0	
101257	bot-137	alpha	P00r-4310	tick	-11.44	-16.71	60	0.00	0.00		0	
101257	bot-140	alpha	P00r-4310	tick	-12.97	-15.79	42	0.00	0.04		0	
101257	bot-146	alpha	P00r-4310	tick	-16.74	-19.10	298	0.00	0.01		0	
101257	bot-149	alpha	P00r-4310	tick	-12.25	-19.13	333	0.00	0.00		0	
101257	bot-181	bravo	P00r-3420	tick	-7.60	12.86	293	2.45	2.06		5	patrol
101257	bot-201	bravo	P00r-2420	tick	0.94	-1.58	35	0.00	0.06		0	
101257	bot-206	bravo	P00m-33E0	tick	-4.31	8.81	221	3.62	1.37	5.01	1	squad
101257	bot-213	bravo	P00m-2320	tick	0.30	-2.32	27	0.00	0.06		0	
101257	bot-214	bravo	P00r-3320	tick	1.28	-3.82	33	0.00	0.01		0	
101257	bot-227	bravo	P00m-3420	tick	0.93	7.92	210	3.48	1.44	10.32	3	squad
101257	bot-228	alpha	P00m-4420	tick	-15.15	-17.92	13	0.80	0.06		0	
101307	bot-225	bravo	A00r-4310	state	13.86	23.81	168	0.00	0.00		0	
101552	bot-115	alpha	P00r-4320	initial	-11.45	-15.95	104	0.00	0.78		0	
101552	bot-116	alpha	P00m-2100	initial	-17.54	-19.18	255	0.78	0.03		0	
101552	bot-137	alpha	P00r-4310	initial	-11.44	-16.71	60	0.00	0.00		0	
101552	bot-140	alpha	P00r-4310	initial	-12.97	-15.79	42	0.00	0.00		0	
101552	bot-146	alpha	P00r-4310	initial	-16.73	-19.10	298	0.77	0.01		0	
101552	bot-149	alpha	P00r-4310	initial	-12.25	-19.13	333	0.00	0.00		0	
101552	bot-181	bravo	P00r-3420	initial	-8.47	12.71	287	0.16	0.89		5	patrol
101552	bot-186	bravo	P00r-4420	initial	0.73	17.53	118	0.00	1.99		0	
101552	bot-201	bravo	P00r-2420	initial	0.87	-1.73	35	0.37	0.17		0	
101552	bot-206	bravo	P00m-33E0	initial	-4.64	8.47	215	0.73	0.47		0	
101552	bot-213	bravo	P00m-2320	initial	0.35	-2.28	27	0.24	0.06		0	
101552	bot-214	bravo	P00r-3320	initial	1.30	-3.84	33	0.43	0.03		0	
101552	bot-225	bravo	P00r-4310	initial	13.86	23.81	150	0.00	0.00		0	
101552	bot-226	alpha	H00r-4110	initial	24.18	5.22	352	0.53	0.30		0	
101552	bot-227	bravo	P00m-3420	initial	0.76	7.55	204	0.74	0.41		0	
101552	bot-228	alpha	P00m-4420	initial	-15.15	-17.93	13	0.81	0.01		0	
101739	bot-225	bravo	A00r-4310	state	13.86	23.46	185	2.45	0.35	24.26	6	squad
101835	bot-186	bravo	S00r-4420	state	0.52	17.32	160	2.13	0.30	9.61	2	squad
102171	bot-226	alpha	H00r-4210	health	24.31	5.32	308	0.00	0.16		0	
102585	bot-115	alpha	P00r-4320	tick	-11.36	-15.50	111	0.10	0.46		0	
102585	bot-116	alpha	P00m-2100	tick	-17.54	-19.19	255	0.06	0.01		0	
102585	bot-137	alpha	P00r-4310	tick	-11.44	-16.71	60	0.00	0.00		0	
102585	bot-140	alpha	P00r-4310	tick	-12.97	-15.79	42	0.00	0.00		0	
102585	bot-146	alpha	P00r-4310	tick	-16.73	-19.10	298	0.00	0.01		0	
102585	bot-149	alpha	P00r-4310	tick	-12.25	-19.13	333	0.00	0.00		0	
102585	bot-181	bravo	P00r-3420	tick	-10.94	13.23	277	2.30	2.53		5	patrol
102585	bot-201	bravo	P00r-2420	tick	0.88	-1.75	35	0.00	0.02		0	
102585	bot-206	bravo	P00m-33E0	tick	-5.13	7.67	244	2.32	0.94	3.70	1	squad
102585	bot-213	bravo	P00m-2320	tick	0.30	-2.32	27	0.00	0.06		0	
102585	bot-214	bravo	P00r-3320	tick	1.31	-3.86	33	0.04	0.01		0	
102585	bot-227	bravo	P00m-3420	tick	-0.25	6.52	258	2.41	1.44	8.83	2	squad
102585	bot-228	alpha	P00m-4420	tick	-15.15	-17.93	13	0.00	0.00		0	
102747	bot-225	bravo	A00r-4310	tick	13.88	23.45	150	0.00	0.02		0	
102849	bot-186	bravo	S00r-4420	tick	2.81	17.94	121	2.44	2.38	24.84	5	seek
102911	bot-225	bravo	F00r-4310	state	13.88	23.45	150	0.00	0.00		0	
102996	bot-225	bravo	A00r-4310	state	13.88	23.45	150	0.00	0.00		0	
103096	bot-225	bravo	F00r-4310	state	13.88	23.45	150	0.00	0.00		0	
103096	bot-225	bravo	F00r-3310	ammo	13.88	23.45	150	0.00	0.00		0	
103182	bot-225	bravo	A00r-3310	state	13.88	23.45	150	0.00	0.00		0	
103182	bot-226	alpha	H00r-4210	tick	24.31	5.32	23	0.00	0.00		0	
103350	bot-115	alpha	P00r-4320	initial	-11.45	-15.95	98	0.00	0.46		0	
103350	bot-116	alpha	P00m-2100	initial	-17.54	-19.17	255	0.13	0.02		0	
103350	bot-137	alpha	P00r-4310	initial	-11.44	-16.71	60	0.00	0.00		0	
103350	bot-140	alpha	P00r-4310	initial	-12.97	-15.79	42	0.00	0.00		0	
103350	bot-146	alpha	P00r-4310	initial	-16.73	-19.10	298	0.71	0.00		0	
103350	bot-149	alpha	P00r-4310	initial	-12.25	-19.13	333	0.00	0.00		0	
103350	bot-181	bravo	P00r-3420	initial	-11.85	13.17	297	0.31	0.90		4	patrol
103350	bot-186	bravo	P00r-4420	initial	3.34	17.96	96	0.00	0.52		0	
103350	bot-201	bravo	P00r-2420	initial	0.87	-1.73	35	0.38	0.02		0	
103350	bot-206	bravo	P00m-33E0	initial	-6.20	7.41	238	0.19	1.10		0	
103350	bot-213	bravo	P00m-2320	initial	0.35	-2.28	27	0.24	0.06		0	
103350	bot-214	bravo	P00r-3320	initial	1.34	-3.90	33	0.90	0.05		0	
103350	bot-225	bravo	P00r-3310	initial	13.88	23.45	150	0.00	0.00		0	
103350	bot-226	alpha	H00r-4210	initial	24.18	5.22	13	0.53	0.16		0	
103350	bot-227	bravo	P00m-3420	initial	-1.45	6.04	246	2.63	1.29	6.75	1	squad
103350	bot-228	alpha	P00m-4420	initial	-15.15	-17.93	13	0.81	0.00		0	
103457	bot-225	bravo	A00r-3310	state	13.93	23.34	163	2.31	0.13	27.71	7	squad
103555	bot-186	bravo	S00r-4420	state	3.13	17.99	121	2.15	0.21	15.62	3	squad
103666	bot-226	alpha	H00r-4310	health	24.31	5.32	334	0.54	0.16		0	
104372	bot-115	alpha	P00r-4320	tick	-11.02	-15.52	145	0.14	0.61		0	
104372	bot-116	alpha	P00m-2100	tick	-17.53	-19.18	242	0.00	0.01		0	
104372	bot-137	alpha	P00r-4310	tick	-11.44	-16.71	60	0.00	0.00		0	
104372	bot-140	alpha	P00r-4310	tick	-12.97	-15.79	42	0.00	0.00		0	
104372	bot-146	alpha	P00r-4310	tick	-16.73	-19.10	298	0.00	0.00		0	
104372	bot-149	alpha	P00r-4310	tick	-12.25	-19.13	333	0.00	0.00		0	
104372	bot-181	bravo	P00r-3420	tick	-13.16	13.61	306	1.66	1.39		4	patrol
104372	bot-201	bravo	P00r-2420	tick	0.89	-1.77	35	0.00	0.05		0	
104372	bot-206	bravo	P00m-33E0	tick	-7.54	8.59	309	2.01	1.79	7.99	4	squad
104372	bot-213	bravo	P00m-2320	tick	0.30	-2.32	27	0.00	0.06		0	
104372	bot-214	bravo	P00r-3320	tick	1.34	-3.90	33	0.00	0.01		0	
104372	bot-227	bravo	P00m-3420	tick	-3.21	6.53	297	2.56	1.83	13.14	5	squad
104372	bot-228	alpha	P00m-4420	tick	-15.15	-17.93	13	0.00	0.00		0	
104402	bot-226	alpha	A00r-4310	state	24.32	5.34	339	0.00	0.02		0	
104478	bot-225	bravo	A00r-3310	tick	13.94	23.33	150	0.00	0.01		0	
104604	bot-186	bravo	S00r-4420	tick	5.48	18.02	125	2.12	2.35	22.65	5	seek
104604	bot-226	alpha	F00r-4310	state	24.32	5.34	330	0.00	0.00		0	
104928	bot-225	bravo	F00r-3310	state	13.94	23.33	150	0.00	0.00		0	
105022	bot-225	bravo	P00r-3310	state	13.94	23.33	150	1.41	0.00		1	muzzleRecovery
105202	bot-115	alpha	P00r-4320	initial	-11.45	-15.95	150	0.00	0.61		0	
105202	bot-116	alpha	P00m-2100	initial	-17.54	-19.17	242	0.12	0.01		0	
105202	bot-137	alpha	P00r-4310	initial	-11.44	-16.71	60	0.00	0.00		0	
105202	bot-140	alpha	P00r-4310	initial	-12.97	-15.79	42	0.00	0.00		0	
105202	bot-146	alpha	P00r-4310	initial	-16.73	-19.10	298	0.71	0.00		0	
105202	bot-149	alpha	P00r-4310	initial	-12.25	-19.13	333	0.00	0.00		0	
105202	bot-181	bravo	P00r-3420	initial	-13.60	14.15	283	1.15	0.69		3	patrol
105202	bot-186	bravo	P00r-4420	initial	6.05	18.01	90	0.00	0.57		0	
105202	bot-201	bravo	P00r-2420	initial	0.91	-1.69	35	0.16	0.08		0	
105202	bot-206	bravo	P00m-33E0	initial	-7.85	9.02	301	2.59	0.53	7.12	2	squad
105202	bot-213	bravo	P00m-2320	initial	0.35	-2.29	27	0.24	0.06		0	
105202	bot-214	bravo	P00r-3320	initial	1.38	-3.97	33	0.89	0.08		0	
105202	bot-225	bravo	P00r-3310	initial	14.01	23.31	140	0.00	0.07		0	
105202	bot-226	alpha	A00r-4310	initial	24.05	5.05	330	0.00	0.40		0	
105202	bot-227	bravo	P00m-3420	initial	-4.22	7.26	277	0.81	1.25		0	
105202	bot-228	alpha	P00m-4420	initial	-15.15	-17.93	13	0.81	0.00		0	
105335	bot-225	bravo	A00r-3310	state	14.10	23.35	140	0.47	0.10		0	
105429	bot-186	bravo	S00r-4420	state	5.80	18.01	115	2.46	0.25	17.61	4	squad
105718	bot-225	bravo	A00r-331G	latches	13.87	23.94	73	0.00	0.63	0.21	0	grenade
105886	bot-225	bravo	A00r-3310	latches	14.10	23.73	90	4.31	0.31	5.39	1	grenade
106213	bot-115	alpha	P00r-4320	tick	-11.19	-15.51	26	0.15	0.51		0	
106213	bot-116	alpha	P00m-2100	tick	-17.54	-19.18	223	0.00	0.01		0	
106213	bot-137	alpha	P00r-4310	tick	-11.44	-16.71	60	0.00	0.00		0	
106213	bot-140	alpha	P00r-4310	tick	-12.97	-15.79	42	0.00	0.00		0	
106213	bot-146	alpha	P00r-4310	tick	-16.72	-19.10	298	0.00	0.00		0	
106213	bot-149	alpha	P00r-4310	tick	-12.25	-19.13	333	0.00	0.00		0	
106213	bot-181	bravo	P00r-3420	tick	-14.42	14.39	283	1.45	0.86		3	patrol
106213	bot-201	bravo	P00r-2420	tick	0.94	-1.72	35	0.00	0.04		0	
106213	bot-206	bravo	P00m-33E0	tick	-7.69	9.51	295	0.51	0.51	6.43	4	squad
106213	bot-213	bravo	P00m-2320	tick	0.30	-2.32	27	0.00	0.06		0	
106213	bot-214	bravo	P00r-3320	tick	1.38	-3.98	33	0.00	0.02		0	
106213	bot-226	alpha	A00r-4310	tick	24.26	5.32	332	0.00	0.35		0	
106213	bot-227	bravo	P00m-3420	tick	-4.83	7.35	238	2.41	0.62	9.17	2	squad
106213	bot-228	alpha	P00m-4420	tick	-15.11	-17.94	26	0.00	0.04		0	
106435	bot-186	bravo	S00r-4420	tick	3.03	18.61	261	3.22	2.84	4.27	1	grenade
106648	bot-226	alpha	F00r-4310	state	24.26	5.32	334	0.00	0.00		0	
106716	bot-225	bravo	E00r-3110	state+health	16.16	21.84	134	2.06	2.79		0	
106716	bot-226	alpha	A00r-4310	state	24.26	5.32	334	0.00	0.00		0	
107018	bot-226	alpha	F00r-4310	state	24.26	5.32	335	0.00	0.00		0	
107018	bot-226	alpha	F00r-3310	ammo	24.26	5.32	335	0.00	0.00		0	
107092	bot-225	bravo	E00r-3010	health	16.90	21.12	134	4.05	1.03	4.39	1	grenade
107092	bot-226	alpha	A00r-3310	state	24.26	5.32	335	0.00	0.00		0	
107239	bot-115	alpha	P00r-4320	tick	-11.18	-15.51	346	0.65	0.01		0	
107239	bot-116	alpha	P00m-2100	tick	-17.56	-19.17	232	0.00	0.02		0	
107239	bot-137	alpha	P00r-4310	tick	-11.44	-16.71	60	0.00	0.00		0	
107239	bot-140	alpha	P00r-4310	tick	-12.97	-15.79	42	0.00	0.00		0	
107239	bot-146	alpha	P00r-4310	tick	-16.72	-19.10	298	0.00	0.00		0	
107239	bot-149	alpha	P00r-4310	tick	-12.25	-19.13	333	0.00	0.00		0	
107239	bot-181	bravo	P00r-3420	tick	-15.69	14.37	273	1.52	1.27		3	patrol
107239	bot-201	bravo	P00r-2420	tick	0.94	-1.72	35	0.00	0.00		0	
107239	bot-206	bravo	P00m-33E0	tick	-8.33	9.98	292	1.00	0.79	6.91	4	squad
107239	bot-213	bravo	P00m-2320	tick	0.30	-2.32	27	0.11	0.00		0	
107239	bot-214	bravo	P00r-3320	tick	1.39	-4.01	33	0.00	0.03		0	
107239	bot-227	bravo	P00m-3420	tick	-6.75	6.94	266	2.39	1.96	8.13	5	squad
107239	bot-228	alpha	P00m-4420	tick	-15.11	-17.94	26	0.00	0.00		0	
107372	bot-226	alpha	F00r-3310	state	24.26	5.32	336	0.00	0.00		0	
107372	bot-226	alpha	P00r-3310	state	24.26	5.32	336	0.00	0.00		0	
107372	bot-225	bravo	D00r--000	state+ammo+packs	17.67	20.40	135	0.00	1.05	4.76	1	grenade
107462	bot-186	bravo	S00r-4420	tick	0.23	17.08	226	3.24	3.19	5.10	1	grenade
107504	bot-229	bravo	P00r-0410	initial	15.55	11.55	0	0.00			0	
107552	bot-229	bravo	C34r-4410	state+tier+score+ammo	15.55	11.55	0	0.00	0.00		0	
107634	bot-229	bravo	C34r-4412	latches	15.77	11.29	335	3.22	0.35	1.43	1	grenade
108259	bot-115	alpha	P00r-4320	tick	-11.12	-15.57	99	0.39	0.09		0	
108259	bot-116	alpha	P00m-2100	tick	-17.56	-19.17	232	0.00	0.00		0	
108259	bot-137	alpha	P00r-4310	tick	-11.44	-16.71	60	0.00	0.00		0	
108259	bot-140	alpha	P00r-4310	tick	-12.97	-15.79	42	0.00	0.00		0	
108259	bot-146	alpha	P00r-4310	tick	-16.72	-19.10	298	0.00	0.00		0	
108259	bot-149	alpha	P00r-4310	tick	-12.25	-19.13	333	0.00	0.00		0	
108259	bot-181	bravo	P00r-3420	tick	-17.00	14.25	241	1.25	1.32		3	patrol
108259	bot-201	bravo	P00r-2420	tick	0.94	-1.72	35	0.00	0.00		0	
108259	bot-206	bravo	P00m-33E0	tick	-8.79	10.36	324	1.66	0.59	11.93	5	squad
108259	bot-213	bravo	P00m-2320	tick	0.30	-2.32	27	0.11	0.00		0	
108259	bot-214	bravo	P00r-3320	tick	1.39	-4.01	33	0.00	0.00		0	
108259	bot-227	bravo	P00m-3420	tick	-7.67	7.90	329	2.46	1.33	16.52	4	squad
108259	bot-228	alpha	P00m-4420	tick	-15.11	-17.94	26	0.00	0.00		0	
108392	bot-226	alpha	P00r-3310	tick	23.45	7.05	322	2.36	1.91		11	patrol
108487	bot-186	bravo	S00r-4420	tick	0.38	17.15	215	4.81	0.17	25.08	5	seek
108661	bot-229	bravo	C34r-4412	tick	13.74	9.78	234	0.71	2.52	2.09	1	grenade
108930	bot-229	bravo	C00r-4412	tier+score	13.05	9.16	223	4.37	0.93	1.50	1	grenade
109278	bot-115	alpha	P00r-4320	tick	-11.10	-15.50	74	0.51	0.08		0	
109278	bot-116	alpha	P00m-2100	tick	-17.56	-19.17	232	0.00	0.00		0	
109278	bot-137	alpha	P00r-4310	tick	-11.44	-16.71	60	0.00	0.00		0	
109278	bot-140	alpha	P00r-4310	tick	-12.97	-15.79	42	0.00	0.00		0	
109278	bot-146	alpha	P00r-4310	tick	-16.72	-19.10	298	0.00	0.00		0	
109278	bot-149	alpha	P00r-4310	tick	-12.25	-19.13	333	0.00	0.00		0	
109278	bot-181	bravo	P00r-3420	tick	-18.03	14.15	266	0.90	1.03		3	patrol
109278	bot-201	bravo	P00r-2420	tick	0.94	-1.72	35	0.00	0.00		0	
109278	bot-206	bravo	P00m-33E0	tick	-10.68	11.72	312	1.83	2.33	10.25	4	squad
109278	bot-213	bravo	P00m-2320	tick	0.30	-2.31	27	0.00	0.00		0	
109278	bot-214	bravo	P00r-3320	tick	1.39	-4.01	33	0.00	0.00		0	
109278	bot-227	bravo	P00m-3420	tick	-8.55	8.82	330	0.96	1.27	15.77	5	squad
109278	bot-228	alpha	P00m-4420	tick	-15.11	-17.94	26	0.00	0.00		0	
109431	bot-226	alpha	P00r-3310	tick	22.12	9.20	346	2.52	2.54		10	patrol
109431	bot-229	bravo	C34r-4412	tier+score	13.44	9.52	143	5.08	0.53	6.54	4	cover
109529	bot-186	bravo	S00r-4420	tick	1.54	17.93	132	4.23	1.40	23.92	4	seek
109651	bot-229	bravo	C33r-4412	score	14.23	9.88	101	2.82	0.86	6.28	4	cover
109891	bot-226	alpha	P00r-0310	ammo	21.53	9.92	338	2.45	0.93		10	patrol
109964	bot-226	alpha	C00r-0310	state	21.53	9.92	338	2.45	0.00		10	patrol
110028	bot-226	alpha	C00r-0312	latches	21.54	9.96	312	0.10	0.04		0	
110028	bot-229	bravo	C32r-4412	score	14.86	10.68	94	4.61	1.03	5.66	3	cover
110226	bot-229	bravo	A32r-4410	state+latches	14.88	11.17	99	2.28	0.49	5.21	3	cover
110290	bot-115	alpha	P00r-4320	tick	-11.07	-15.50	98	0.42	0.03		0	
110290	bot-116	alpha	P00m-2100	tick	-17.56	-19.17	232	0.00	0.00		0	
110290	bot-137	alpha	P00r-4310	tick	-11.44	-16.71	60	0.00	0.00		0	
110290	bot-140	alpha	P00r-4310	tick	-12.97	-15.79	42	0.00	0.00		0	
110290	bot-146	alpha	P00r-4310	tick	-16.72	-19.10	298	0.00	0.00		0	
110290	bot-149	alpha	P00r-4310	tick	-12.25	-19.13	333	0.00	0.00		0	
110290	bot-181	bravo	P00r-3420	tick	-18.35	14.04	296	0.14	0.34		3	patrol
110290	bot-201	bravo	P00r-2420	tick	0.94	-1.72	35	0.00	0.00		0	
110290	bot-206	bravo	P00m-33E0	tick	-11.91	12.59	279	1.77	1.50	8.77	4	squad
110290	bot-213	bravo	P00m-2320	tick	0.30	-2.31	27	0.17	0.00		0	
110290	bot-214	bravo	P00r-3320	tick	1.39	-4.01	33	0.00	0.00		0	
110290	bot-227	bravo	P00m-3420	tick	-9.03	9.37	297	1.08	0.73	15.04	5	squad
110290	bot-228	alpha	P00m-4420	tick	-15.11	-17.94	26	0.74	0.00		0	
110398	bot-226	alpha	A00r-0310	state+latches	21.54	9.96	280	0.00	0.00		0	
110492	bot-226	alpha	A00r-3310	ammo	21.54	9.96	280	0.00	0.00		0	
110492	bot-229	bravo	F32r-4410	state	14.90	11.16	100	0.01	0.02		0	
110606	bot-186	bravo	S00r-4420	tick	3.98	18.04	115	2.37	2.43	21.75	4	seek
110606	bot-226	alpha	E00r-3210	state+health	21.54	9.96	280	0.00	0.00		0	
110606	bot-229	bravo	A32r-4410	state	14.90	11.16	100	0.00	0.00		0	
110701	bot-226	alpha	E00r-3219	latches	21.79	9.58	282	4.52	0.46	5.06	2	flee
110701	bot-229	bravo	F32r-4410	state	14.90	11.16	102	0.00	0.00		0	
110786	bot-226	alpha	E10r-3219	tier	21.93	9.39	283	4.45	0.23	4.83	2	flee
110786	bot-229	bravo	C32r-4410	state	14.90	11.16	103	0.00	0.00		0	
110902	bot-229	bravo	C32r-4412	latches	14.96	10.68	104	4.89	0.48	2.02	1	muzzleRecovery
110987	bot-229	bravo	P32r-4410	state+latches	14.96	10.68	104	4.30	0.00	2.02	1	muzzleRecovery
111103	bot-229	bravo	A32r-4410	state	15.36	10.92	78	0.00	0.46	2.47	0	muzzleRecovery
111173	bot-226	alpha	E10r-2219	ammo	22.53	8.51	288	4.04	1.06	3.78	2	flee
111250	bot-229	bravo	A32r-441G	latches	15.40	10.93	101	0.42	0.05		0	
111334	bot-115	alpha	P00r-4320	tick	-11.14	-15.50	135	0.20	0.07		0	
111334	bot-116	alpha	P00m-2100	tick	-17.56	-19.17	232	0.00	0.00		0	
111334	bot-137	alpha	P00r-4310	tick	-11.44	-16.71	60	0.00	0.00		0	
111334	bot-140	alpha	P00r-4310	tick	-12.97	-15.79	42	0.00	0.00		0	
111334	bot-146	alpha	P00r-4310	tick	-16.72	-19.10	298	0.00	0.00		0	
111334	bot-149	alpha	P00r-4310	tick	-12.25	-19.13	333	0.00	0.00		0	
111334	bot-181	bravo	P00r-3420	tick	-18.35	14.04	263	0.15	0.01		3	patrol
111334	bot-201	bravo	P00r-2420	tick	0.94	-1.72	35	0.00	0.00		0	
111334	bot-206	bravo	P00m-33E0	tick	-12.71	13.27	304	1.52	1.05	7.73	4	squad
111334	bot-213	bravo	P00m-2320	tick	0.29	-2.31	27	0.00	0.00		0	
111334	bot-214	bravo	P00r-3320	tick	1.39	-4.01	33	0.00	0.00		0	
111334	bot-226	alpha	E10r-221P	latches	22.74	8.18	289	3.99	0.40	3.39	2	flee
111334	bot-227	bravo	P00m-3420	tick	-9.76	10.18	312	2.44	1.09	13.96	5	squad
111334	bot-228	alpha	P00m-4420	tick	-15.11	-17.91	18	0.74	0.03		0	
111451	bot-229	bravo	S32r-4410	state+latches	15.40	10.93	101	0.06	0.00		0	
111525	bot-226	alpha	E10r-2219	latches	22.95	7.88	289	3.29	0.36	3.04	2	flee
111642	bot-186	bravo	S00r-4420	tick	5.42	18.02	117	2.02	1.44	20.45	4	seek
111937	bot-186	bravo	S32r-4420	tier+score	6.01	18.02	89	2.16	0.59	19.93	4	seek
112224	bot-226	alpha	E00r-2219	tier	24.07	5.36	289	3.20	2.76	0.32	1	flee
112365	bot-115	alpha	P00r-4320	tick	-11.20	-15.51	149	0.69	0.06		0	
112365	bot-116	alpha	P00m-2100	tick	-17.56	-19.17	232	0.00	0.00		0	
112365	bot-137	alpha	P00r-4310	tick	-11.44	-16.71	60	0.00	0.00		0	
112365	bot-140	alpha	P00r-4310	tick	-12.97	-15.79	42	0.00	0.00		0	
112365	bot-146	alpha	P00r-4310	tick	-16.72	-19.10	298	0.00	0.00		0	
112365	bot-149	alpha	P00r-4310	tick	-12.25	-19.13	333	0.00	0.00		0	
112365	bot-181	bravo	P00r-3420	tick	-18.35	14.05	253	0.44	0.01		3	patrol
112365	bot-201	bravo	P00r-2420	tick	0.94	-1.72	35	0.00	0.00		0	
112365	bot-206	bravo	P00m-33E0	tick	-13.70	14.04	293	1.04	1.26	6.49	3	squad
112365	bot-213	bravo	P00m-2320	tick	0.30	-2.31	27	0.00	0.00		0	
112365	bot-214	bravo	P00r-3320	tick	1.39	-4.01	33	0.00	0.00		0	
112365	bot-226	alpha	E00r-2210	latches	24.07	5.36	289	0.00	0.00		0	
112365	bot-227	bravo	P00m-3420	tick	-11.13	11.57	346	1.82	1.95	12.03	5	squad
112365	bot-228	alpha	P00m-4420	tick	-15.11	-17.93	18	0.00	0.02		0	
112457	bot-229	bravo	S32r-4410	tick	17.27	10.76	111	2.41	1.88	5.72	2	seek
112891	bot-226	alpha	H00r-2210	state	24.20	5.45	289	0.02	0.15		0	
112968	bot-186	bravo	S32r-4420	tick	8.12	18.00	121	2.29	2.11	18.09	4	seek
113307	bot-226	alpha	H00r-2310	health	24.20	5.45	263	0.00	0.00		0	
113382	bot-115	alpha	P00r-4320	tick	-11.23	-15.65	223	0.55	0.14		0	
113382	bot-116	alpha	P00m-2100	tick	-17.56	-19.17	232	0.00	0.00		0	
113382	bot-137	alpha	P00r-4310	tick	-11.44	-16.71	60	0.00	0.00		0	
113382	bot-140	alpha	P00r-4310	tick	-12.97	-15.79	42	0.00	0.00		0	
113382	bot-146	alpha	P00r-4310	tick	-16.72	-19.10	298	0.00	0.00		0	
113382	bot-149	alpha	P00r-4310	tick	-12.25	-19.13	333	0.00	0.00		0	
113382	bot-181	bravo	P00r-3420	tick	-16.33	14.15	95	2.76	2.03		10	patrol
113382	bot-201	bravo	P00r-2420	tick	0.94	-1.72	35	0.00	0.00		0	
113382	bot-206	bravo	P00m-33E0	tick	-14.44	14.32	240	0.71	0.79	5.63	2	squad
113382	bot-213	bravo	P00m-2320	tick	0.30	-2.32	27	0.00	0.00		0	
113382	bot-214	bravo	P00r-3320	tick	1.39	-4.01	33	0.00	0.00		0	
113382	bot-227	bravo	P00m-3420	tick	-12.22	12.66	305	1.72	1.54	7.60	4	squad
113382	bot-228	alpha	P00m-4420	tick	-15.11	-17.95	26	0.00	0.02		0	
113481	bot-229	bravo	S32r-4410	tick	19.37	10.42	102	1.37	2.12	3.69	2	seek
113976	bot-186	bravo	S32r-4420	tick	10.51	17.85	87	2.48	2.40	16.01	3	seek
114099	bot-226	alpha	S00r-2310	state	24.20	5.45	321	0.00	0.00		0	
114291	bot-226	alpha	A00r-2310	state	24.14	5.61	303	1.21	0.18	10.16	4	seek
114291	bot-229	bravo	A32r-4410	state	20.32	10.25	126	1.82	0.97	2.80	2	seek
114372	bot-229	bravo	C32r-4410	state	20.32	10.25	135	0.00	0.00		0	
114455	bot-115	alpha	P00r-4320	tick	-11.19	-15.52	296	0.35	0.14		0	
114455	bot-116	alpha	P00m-2100	tick	-17.56	-19.17	232	0.00	0.00		0	
114455	bot-137	alpha	P00r-4310	tick	-11.44	-16.71	60	0.00	0.00		0	
114455	bot-140	alpha	P00r-4310	tick	-12.97	-15.79	42	0.00	0.00		0	
114455	bot-146	alpha	P00r-4310	tick	-16.72	-19.10	298	0.00	0.00		0	
114455	bot-149	alpha	P00r-4310	tick	-12.25	-19.13	333	0.00	0.00		0	
114455	bot-181	bravo	P00r-3420	tick	-14.64	14.11	100	2.70	1.69		10	patrol
114455	bot-201	bravo	P00r-2420	tick	0.94	-1.72	35	0.00	0.00		0	
114455	bot-206	bravo	P00m-33E0	tick	-14.48	14.58	250	2.52	0.26	5.29	3	squad
114455	bot-213	bravo	P00m-2320	tick	0.29	-2.31	27	0.17	0.00		0	
114455	bot-214	bravo	P00r-3320	tick	1.39	-4.01	33	0.00	0.00		0	
114455	bot-227	bravo	P00m-3420	tick	-13.29	13.83	268	0.82	1.59	8.12	2	squad
114455	bot-228	alpha	P00m-4420	tick	-15.11	-17.92	13	0.72	0.03		0	
114455	bot-229	bravo	C32r-4412	latches	20.24	10.36	140	1.40	0.14	9.17	3	cover
114863	bot-226	alpha	C00r-2310	state	24.15	5.61	321	0.00	0.02		0	
114967	bot-226	alpha	C00r-2312	latches	24.15	5.61	322	0.00	0.00		0	
115035	bot-186	bravo	S32r-4420	tick	12.37	17.94	130	2.12	1.86	14.60	3	seek
115035	bot-229	bravo	C32r-3412	ammo	19.10	12.10	142	4.95	2.09	7.22	1	muzzleRecovery
115105	bot-229	bravo	P32r-3410	state+latches	19.10	12.10	142	4.35	0.00	7.22	1	muzzleRecovery
115179	bot-229	bravo	C32r-3410	state	19.08	12.32	129	0.00	0.22	7.09	0	muzzleRecovery
115291	bot-229	bravo	C32r-3412	latches	18.85	12.65	143	3.54	0.40	6.72	3	cover
115367	bot-226	alpha	P00r-2310	state+latches	24.17	5.60	323	4.03	0.02		1	muzzleRecovery
115464	bot-115	alpha	P00r-4320	tick	-11.17	-15.56	339	0.39	0.05		0	
115464	bot-116	alpha	P00m-2100	tick	-17.56	-19.17	232	0.00	0.00		0	
115464	bot-137	alpha	P00r-4310	tick	-11.44	-16.71	60	0.00	0.00		0	
115464	bot-140	alpha	P00r-4310	tick	-12.97	-15.79	42	0.00	0.00		0	
115464	bot-146	alpha	P00r-4310	tick	-16.72	-19.10	298	0.00	0.00		0	
115464	bot-149	alpha	P00r-4310	tick	-12.25	-19.13	333	0.00	0.00		0	
115464	bot-181	bravo	P00r-3420	tick	-13.06	14.23	63	2.49	1.59		9	patrol
115464	bot-186	bravo	S00r-4420	tier+score	12.97	17.99	131	2.42	0.60	14.18	3	seek
115464	bot-201	bravo	P00r-2420	tick	0.94	-1.72	35	0.00	0.00		0	
115464	bot-206	bravo	P00m-33E0	tick	-15.15	14.58	250	0.96	0.68	5.64	3	squad
115464	bot-213	bravo	P00m-2320	tick	0.29	-2.31	27	0.00	0.00		0	
115464	bot-214	bravo	P00r-3320	tick	1.39	-4.01	33	0.00	0.00		0	
115464	bot-226	alpha	A00r-2310	state	24.13	5.79	336	0.00	0.20		0	muzzleRecovery
115464	bot-227	bravo	P00m-3420	tick	-13.19	13.63	259	0.32	0.22	7.31	3	squad
115464	bot-228	alpha	P00m-4420	tick	-15.11	-17.93	13	0.00	0.02		0	
115464	bot-229	bravo	C00r-3412	tier+score	18.63	12.96	142	3.68	0.38	6.38	3	cover
115651	bot-226	alpha	F00r-2310	state	24.15	5.80	322	0.04	0.02		0	
115651	bot-226	alpha	F00r-1310	ammo	24.15	5.80	323	0.00	0.00		0	
115651	bot-229	bravo	P00r-3410	state+latches	18.37	13.33	142	3.89	0.45	5.98	1	muzzleRecovery
115752	bot-226	alpha	A00r-1310	state	24.15	5.80	323	0.00	0.00		0	
115868	bot-229	bravo	A00r-3410	state	18.85	13.17	118	0.00	0.50	6.48	0	muzzleRecovery
116019	bot-226	alpha	F00r-1310	state	24.15	5.80	324	0.00	0.00		0	
116019	bot-226	alpha	F00r-R310	ammo	24.15	5.80	324	0.00	0.00		0	
116019	bot-229	bravo	A00r-3310	health	18.85	13.18	144	0.05	0.01		0	
116114	bot-186	bravo	S21r-4420	tier+score	14.05	18.04	89	2.10	1.08	13.43	3	seek
116114	bot-226	alpha	A00r-R310	state	24.15	5.80	324	0.00	0.00		0	
116114	bot-229	bravo	F00r-3310	state	18.85	13.18	144	0.05	0.00		0	
116187	bot-226	alpha	E00r-R210	state+health	24.15	5.80	324	0.00	0.00		0	
116187	bot-229	bravo	A00r-3310	state	18.85	13.18	144	0.02	0.00		0	
116286	bot-229	bravo	F00r-3310	state	18.85	13.18	144	0.01	0.00		0	
116365	bot-186	bravo	C21r-4420	state	14.29	18.04	89	2.42	0.24	13.26	3	seek
116365	bot-226	alpha	E00r-R110	health	24.15	5.80	324	0.00	0.00		0	
116365	bot-229	bravo	A00r-3310	state	18.85	13.18	144	0.00	0.00		0	
116457	bot-186	bravo	C21r-4422	latches	13.84	18.03	115	4.39	0.45	2.13	2	cover
116457	bot-229	bravo	F00r-3310	state	18.85	13.18	144	0.00	0.00		0	
116457	bot-229	bravo	F00r-2310	ammo	18.85	13.18	144	0.00	0.00		0	
116539	bot-115	alpha	P00r-4320	tick	-11.08	-15.54	37	0.26	0.10		0	
116539	bot-116	alpha	P00m-2100	tick	-17.56	-19.17	232	0.00	0.00		0	
116539	bot-137	alpha	P00r-4310	tick	-11.44	-16.71	60	0.00	0.00		0	
116539	bot-140	alpha	P00r-4310	tick	-12.97	-15.79	42	0.00	0.00		0	
116539	bot-146	alpha	P00r-4310	tick	-16.72	-19.10	298	0.00	0.00		0	
116539	bot-149	alpha	P00r-4310	tick	-12.25	-19.13	333	0.00	0.00		0	
116539	bot-181	bravo	P00r-3420	tick	-11.85	13.29	155	3.72	1.53		9	patrol
116539	bot-201	bravo	P00r-2420	tick	0.94	-1.72	35	0.00	0.00		0	
116539	bot-206	bravo	P00m-33E0	tick	-15.59	14.20	237	1.11	0.58	3.72	3	squad
116539	bot-213	bravo	P00m-2320	tick	0.29	-2.31	27	0.17	0.00		0	
116539	bot-214	bravo	P00r-3320	tick	1.39	-4.01	33	0.00	0.00		0	
116539	bot-226	alpha	E00r-R010	health	24.15	5.80	324	0.00	0.00		0	
116539	bot-227	bravo	P00m-3420	tick	-13.62	13.99	282	1.15	0.56	6.40	3	squad
116539	bot-228	alpha	P00m-4420	tick	-15.11	-17.93	13	0.74	0.00		0	
116539	bot-229	bravo	A00r-2310	state	18.85	13.18	144	0.00	0.00		0	
116625	bot-186	bravo	C21r-442I	latches	13.42	18.05	141	4.32	0.43	2.03	2	cover
116625	bot-229	bravo	F00r-2310	state	18.85	13.18	144	0.00	0.00		0	
116625	bot-229	bravo	P00r-2310	state	18.85	13.18	144	0.00	0.00		0	
116625	bot-226	alpha	D00r--000	state+ammo+packs	24.15	5.80	324	0.00	0.00		0	
116737	bot-186	bravo	C21r-4422	latches	13.22	18.05	154	3.89	0.20	2.01	2	cover
116737	bot-229	bravo	S00r-4310	state+ammo	18.85	13.18	144	0.00	0.00		0	
116893	bot-229	bravo	P00r-4310	state	18.96	13.07	143	1.26	0.15	9.50	2	seek
116969	bot-229	bravo	S00r-4310	state	18.99	13.04	143	1.20	0.04	9.52	0	
117238	bot-186	bravo	G21r-4422	state	13.12	16.44	185	4.79	1.62	0.39	1	cover
117535	bot-230	alpha	P00r-0410	initial	-14.45	-12.95	0	0.00			0	
117577	bot-115	alpha	P00r-4320	tick	-11.20	-15.59	5	0.80	0.13		0	
117577	bot-116	alpha	P00m-2100	tick	-17.56	-19.17	232	0.00	0.00		0	
117577	bot-137	alpha	P00r-4310	tick	-11.44	-16.71	60	0.00	0.00		0	
117577	bot-140	alpha	P00r-4310	tick	-12.97	-15.79	42	0.00	0.00		0	
117577	bot-146	alpha	P00r-4310	tick	-16.72	-19.10	298	0.00	0.00		0	
117577	bot-149	alpha	P00r-4310	tick	-12.25	-19.13	333	0.00	0.00		0	
117577	bot-181	bravo	P00r-3420	tick	-10.89	11.43	176	2.58	2.09		9	patrol
117577	bot-201	bravo	P00r-2420	tick	0.94	-1.72	35	0.00	0.00		0	
117577	bot-206	bravo	P00m-33E0	tick	-16.13	13.98	172	0.49	0.58	4.59	2	squad
117577	bot-213	bravo	P00m-2320	tick	0.30	-2.32	27	0.00	0.01		0	
117577	bot-214	bravo	P00r-3320	tick	1.39	-4.01	33	0.00	0.00		0	
117577	bot-227	bravo	P00m-3420	tick	-14.22	14.30	229	1.05	0.67	6.43	2	squad
117577	bot-228	alpha	P00m-4420	tick	-15.11	-17.96	26	0.00	0.02		0	
117577	bot-230	alpha	P00r-4410	ammo	-14.45	-12.95	0	0.00	0.00		0	
117646	bot-186	bravo	G00r-4422	tier+score	13.05	16.05	155	0.00	0.39		0	
117997	bot-229	bravo	S00r-4310	tick	20.17	11.65	146	1.42	1.82	7.66	2	seek
118608	bot-115	alpha	P00r-4320	tick	-11.15	-15.50	341	0.04	0.10		0	
118608	bot-116	alpha	P00m-2100	tick	-17.56	-19.17	232	0.00	0.00		0	
118608	bot-137	alpha	P00r-4310	tick	-11.44	-16.71	60	0.00	0.00		0	
118608	bot-140	alpha	P00r-4310	tick	-12.97	-15.79	42	0.00	0.00		0	
118608	bot-146	alpha	P00r-4310	tick	-16.72	-19.10	298	0.00	0.00		0	
118608	bot-149	alpha	P00r-4310	tick	-12.25	-19.13	333	0.00	0.00		0	
118608	bot-181	bravo	P00r-3420	tick	-10.73	9.46	176	2.11	1.98		8	patrol
118608	bot-201	bravo	P00r-2420	tick	0.94	-1.72	35	0.00	0.00		0	
118608	bot-206	bravo	P00m-33E0	tick	-16.29	13.99	200	0.19	0.17	3.86	2	squad
118608	bot-213	bravo	P00m-2320	tick	0.30	-2.32	27	0.13	0.00		0	
118608	bot-214	bravo	P00r-3320	tick	1.39	-4.01	33	0.00	0.00		0	
118608	bot-227	bravo	P00m-3420	tick	-15.02	14.10	237	0.92	0.82	4.07	2	squad
118608	bot-228	alpha	P00m-4420	tick	-15.11	-17.95	26	0.00	0.01		0	
118608	bot-230	alpha	P00r-4410	tick	-15.40	-12.94	297	0.00	0.95		0	